Condition,PCE,ETR
Clean,0.680169,0.057455
Dusty,0.686012,0.054923
