Temperature_K,ETR_Proxy
2.730000e+02,3.151856e-01
2.847500e+02,3.152236e-01
2.965000e+02,3.153189e-01
3.082500e+02,3.154652e-01
3.200000e+02,3.156563e-01
