pce,etr
0.1882733522886984,0.8051448488963987
METADATA,"{'timestamp': '2026-02-25T17:06:38.971796', 'temperature': 295.0, 'max_hierarchy': 10, 'n_sites': 7}"
