time_fs,population_site_1,population_site_2,population_site_3,population_site_4,population_site_5,population_site_6,population_site_7,coherences
0.0000000000e+00,2.6653030282e-01,3.5687571535e-02,4.5799527455e-02,4.0010930148e-02,1.3283670100e-01,8.0375459269e-03,4.7109742112e-01,4.1062362492e+00
5.0000000000e-01,2.6532065459e-01,3.5535263042e-02,4.6065601921e-02,4.0008098787e-02,1.3239441887e-01,8.0811712356e-03,4.7259479155e-01,4.1048498930e+00
1.0000000000e+00,2.6481930552e-01,3.5579871344e-02,4.5963618208e-02,4.0092097540e-02,1.3219518421e-01,8.1334175811e-03,4.7321650559e-01,4.1049336823e+00
1.5000000000e+00,2.6352646156e-01,3.5934687242e-02,4.5892129211e-02,4.0618518107e-02,1.3172306213e-01,8.3376193335e-03,4.7396752241e-01,4.1130490201e+00
2.0000000000e+00,2.6276354794e-01,3.6192252497e-02,4.6055659681e-02,4.0646391672e-02,1.3087960199e-01,8.6174387124e-03,4.7484510751e-01,4.1189924375e+00
2.5000000000e+00,2.6145284104e-01,3.6404396237e-02,4.5628642083e-02,4.0959306918e-02,1.3043861892e-01,8.9426423898e-03,4.7617355241e-01,4.1238652848e+00
3.0000000000e+00,2.5909608576e-01,3.6586442942e-02,4.5509782296e-02,4.1760831440e-02,1.2994649391e-01,9.3128987541e-03,4.7778746490e-01,4.1339569792e+00
3.5000000000e+00,2.5828253210e-01,3.6931723261e-02,4.5000264740e-02,4.2478328895e-02,1.2882081760e-01,9.7967029308e-03,4.7868963048e-01,4.1435448178e+00
4.0000000000e+00,2.5751744773e-01,3.7277697758e-02,4.4936685779e-02,4.3114540815e-02,1.2942743986e-01,1.0271090861e-02,4.7745509720e-01,4.1611130382e+00
4.5000000000e+00,2.5641651732e-01,3.7805001545e-02,4.4745950195e-02,4.4354986154e-02,1.2771602162e-01,1.0955190306e-02,4.7800633286e-01,4.1795814445e+00
5.0000000000e+00,2.5623638065e-01,3.8493758485e-02,4.4202071507e-02,4.5497933876e-02,1.2728116033e-01,1.1589308175e-02,4.7669938698e-01,4.1996923640e+00
5.5000000000e+00,2.5613443029e-01,3.9342903431e-02,4.3858873580e-02,4.6738806272e-02,1.2570607639e-01,1.2308771444e-02,4.7591013859e-01,4.2204917529e+00
6.0000000000e+00,2.5587679094e-01,4.0197527845e-02,4.3759680973e-02,4.8410777585e-02,1.2490753913e-01,1.3268931498e-02,4.7357875203e-01,4.2516664071e+00
6.5000000000e+00,2.5377758493e-01,4.1134967391e-02,4.3638628498e-02,5.0205816550e-02,1.2380570517e-01,1.4238445884e-02,4.7319885158e-01,4.2801355907e+00
7.0000000000e+00,2.5244663807e-01,4.1985118857e-02,4.3361143937e-02,5.1898384247e-02,1.2307601768e-01,1.5286226284e-02,4.7194647093e-01,4.3083919842e+00
7.5000000000e+00,2.5253006317e-01,4.3055664392e-02,4.2999372667e-02,5.3412326443e-02,1.2081958837e-01,1.6301584374e-02,4.7088140058e-01,4.3316615888e+00
8.0000000000e+00,2.5229427424e-01,4.4086225644e-02,4.3095148731e-02,5.5328694626e-02,1.1999988182e-01,1.7455289835e-02,4.6774048509e-01,4.3663281685e+00
8.5000000000e+00,2.5100179807e-01,4.5370125045e-02,4.2562448134e-02,5.7263992391e-02,1.1767149318e-01,1.8705916905e-02,4.6742422627e-01,4.3915939200e+00
9.0000000000e+00,2.5081833494e-01,4.6634818238e-02,4.2267975579e-02,5.9562264762e-02,1.1599044052e-01,2.0040344816e-02,4.6468582115e-01,4.4237035502e+00
9.5000000000e+00,2.4922925517e-01,4.8034107421e-02,4.1880066143e-02,6.1802573788e-02,1.1536490636e-01,2.1341045860e-02,4.6234804525e-01,4.4568704208e+00
1.0000000000e+01,2.4822238274e-01,4.9290984751e-02,4.1408328505e-02,6.4372965822e-02,1.1342576934e-01,2.2784714370e-02,4.6049485448e-01,4.4862243644e+00
1.0500000000e+01,2.4643033231e-01,5.0785309137e-02,4.0688452709e-02,6.6799332500e-02,1.1213398024e-01,2.4255407278e-02,4.5890718583e-01,4.5148413062e+00
1.1000000000e+01,2.4432806778e-01,5.1939334130e-02,3.9814523496e-02,6.8997581823e-02,1.1012030902e-01,2.5505890878e-02,4.5929429287e-01,4.5313495716e+00
1.1500000000e+01,2.4193109910e-01,5.3190915494e-02,3.9386109249e-02,7.2070886138e-02,1.0827391239e-01,2.7043180404e-02,4.5810389723e-01,4.5596682206e+00
1.2000000000e+01,2.4024623367e-01,5.4409237858e-02,3.8811666684e-02,7.4748208309e-02,1.0692918504e-01,2.8668542626e-02,4.5618692581e-01,4.5873756342e+00
1.2500000000e+01,2.3778772662e-01,5.5996824356e-02,3.8191644954e-02,7.7109039583e-02,1.0480491756e-01,3.0281044172e-02,4.5582880276e-01,4.6094234001e+00
1.3000000000e+01,2.3573201795e-01,5.7482096516e-02,3.7599241367e-02,8.0147260286e-02,1.0251961540e-01,3.1981793351e-02,4.5453797513e-01,4.6332128176e+00
1.3500000000e+01,2.3428090207e-01,5.8999713000e-02,3.7194149014e-02,8.2934461127e-02,1.0054854744e-01,3.3792744835e-02,4.5224948251e-01,4.6593741943e+00
1.4000000000e+01,2.3267187004e-01,6.0614827493e-02,3.6463815584e-02,8.6162550031e-02,9.8133065416e-02,3.5701131958e-02,4.5025273948e-01,4.6830372407e+00
1.4500000000e+01,2.2969820210e-01,6.2337381279e-02,3.6078039540e-02,8.9860465689e-02,9.5821907656e-02,3.7924172988e-02,4.4827983075e-01,4.7129614115e+00
1.5000000000e+01,2.2840253923e-01,6.3836877823e-02,3.5318063057e-02,9.3257354088e-02,9.3278632961e-02,3.9829044255e-02,4.4607748859e-01,4.7328633230e+00
1.5500000000e+01,2.2700777002e-01,6.5550677871e-02,3.4650167679e-02,9.6287526023e-02,9.0667257606e-02,4.1732720722e-02,4.4410388008e-01,4.7516106679e+00
1.6000000000e+01,2.2366038241e-01,6.7737900743e-02,3.4170981364e-02,1.0022482838e-01,8.8793369511e-02,4.4093367046e-02,4.4131917055e-01,4.7810601406e+00
1.6500000000e+01,2.2198914996e-01,6.9757202689e-02,3.3529773024e-02,1.0395394368e-01,8.6528431840e-02,4.6240282892e-02,4.3800121592e-01,4.8041733735e+00
1.7000000000e+01,2.2058466894e-01,7.2170862724e-02,3.2936039184e-02,1.0721062771e-01,8.4156050776e-02,4.8288843280e-02,4.3465290739e-01,4.8250449143e+00
1.7500000000e+01,2.1849477856e-01,7.4226617687e-02,3.2612942646e-02,1.1132479892e-01,8.1472244329e-02,5.0556502843e-02,4.3131211501e-01,4.8475901205e+00
1.8000000000e+01,2.1643536210e-01,7.6764366846e-02,3.2193873768e-02,1.1539792059e-01,7.9230895148e-02,5.3077580310e-02,4.2690000124e-01,4.8732029310e+00
1.8500000000e+01,2.1304938296e-01,7.8936918205e-02,3.1543609582e-02,1.1899306946e-01,7.7365498576e-02,5.5619954948e-02,4.2449156626e-01,4.8920327420e+00
1.9000000000e+01,2.0988761040e-01,8.1071663908e-02,3.1108822688e-02,1.2373344507e-01,7.4765071431e-02,5.8016895570e-02,4.2141649094e-01,4.9108060928e+00
1.9500000000e+01,2.0802299220e-01,8.3262081518e-02,3.0551353698e-02,1.2755538455e-01,7.2113168380e-02,6.0011240623e-02,4.1848377903e-01,4.9223681173e+00
2.0000000000e+01,2.0527122678e-01,8.5162084919e-02,2.9773274183e-02,1.3204092758e-01,6.9179968674e-02,6.2897361314e-02,4.1567515654e-01,4.9325740112e+00
2.0500000000e+01,2.0298124498e-01,8.7253663296e-02,2.9042344481e-02,1.3600453557e-01,6.6627602954e-02,6.5156512449e-02,4.1293409626e-01,4.9406799161e+00
2.1000000000e+01,2.0037164420e-01,8.9308728397e-02,2.8505124880e-02,1.3954453719e-01,6.3869865398e-02,6.7733304466e-02,4.1066679547e-01,4.9478538472e+00
2.1500000000e+01,1.9867926735e-01,9.1333795916e-02,2.8116015987e-02,1.4335917588e-01,6.1165854086e-02,7.0692891351e-02,4.0665299943e-01,4.9594599104e+00
2.2000000000e+01,1.9582373909e-01,9.4030954113e-02,2.7559091543e-02,1.4723939366e-01,5.8415575257e-02,7.3250708653e-02,4.0368053769e-01,4.9649427158e+00
2.2500000000e+01,1.9384247366e-01,9.6707462687e-02,2.6952976019e-02,1.5071905601e-01,5.5579491511e-02,7.5797406384e-02,4.0040113373e-01,4.9690897081e+00
2.3000000000e+01,1.9218376748e-01,9.9021570420e-02,2.6599606998e-02,1.5417661459e-01,5.2601596797e-02,7.8817497702e-02,3.9659934601e-01,4.9744431746e+00
2.3500000000e+01,1.8911565695e-01,1.0169431435e-01,2.6001963987e-02,1.5803552419e-01,5.0184689807e-02,8.1325680241e-02,3.9364217047e-01,4.9767460331e+00
2.4000000000e+01,1.8663516355e-01,1.0373625004e-01,2.5545356946e-02,1.6279023533e-01,4.7949885607e-02,8.4404171178e-02,3.8893893735e-01,4.9831221894e+00
2.4500000000e+01,1.8557554241e-01,1.0567180054e-01,2.4869693959e-02,1.6662571903e-01,4.5630212037e-02,8.7096671759e-02,3.8453036027e-01,4.9820393087e+00
2.5000000000e+01,1.8248856176e-01,1.0793541413e-01,2.4423520761e-02,1.6983965712e-01,4.3070666638e-02,8.9894008714e-02,3.8234817087e-01,4.9780984913e+00
2.5500000000e+01,1.7971873953e-01,1.1106830139e-01,2.3888472452e-02,1.7369439170e-01,4.0564651254e-02,9.2834672199e-02,3.7823077148e-01,4.9767417135e+00
2.6000000000e+01,1.7733500781e-01,1.1365450806e-01,2.3529078298e-02,1.7778854949e-01,3.8155050886e-02,9.5636511336e-02,3.7390129412e-01,4.9746702727e+00
2.6500000000e+01,1.7495568793e-01,1.1601434609e-01,2.3260797938e-02,1.8117191483e-01,3.6099726991e-02,9.7924008315e-02,3.7057351790e-01,4.9718686713e+00
2.7000000000e+01,1.7209845110e-01,1.1767226197e-01,2.3062349222e-02,1.8580295689e-01,3.3982207807e-02,1.0081393332e-01,3.6656783969e-01,4.9692380498e+00
2.7500000000e+01,1.6928093438e-01,1.1948001640e-01,2.2864746538e-02,1.9036355027e-01,3.2018562519e-02,1.0344057530e-01,3.6255161459e-01,4.9650221974e+00
2.8000000000e+01,1.6571693204e-01,1.2220177798e-01,2.2514301055e-02,1.9428435691e-01,2.9894661407e-02,1.0594742387e-01,3.5944054674e-01,4.9560054415e+00
2.8500000000e+01,1.6226761000e-01,1.2435089526e-01,2.2146141706e-02,1.9860236083e-01,2.8057705513e-02,1.0883147220e-01,3.5574381449e-01,4.9475724866e+00
2.9000000000e+01,1.5982626499e-01,1.2695338865e-01,2.1868089850e-02,2.0301670007e-01,2.6096615124e-02,1.1147608460e-01,3.5076285672e-01,4.9394669774e+00
2.9500000000e+01,1.5690423714e-01,1.3003172911e-01,2.1737402615e-02,2.0670855368e-01,2.4220448864e-02,1.1402885077e-01,3.4636877782e-01,4.9309678683e+00
3.0000000000e+01,1.5408327439e-01,1.3261193918e-01,2.1482984679e-02,2.1129303772e-01,2.2378153282e-02,1.1703525533e-01,3.4111535542e-01,4.9200942242e+00
3.0500000000e+01,1.5036988197e-01,1.3445774375e-01,2.1461954754e-02,2.1486519046e-01,2.0483983178e-02,1.1953406931e-01,3.3882717658e-01,4.9041526208e+00
3.1000000000e+01,1.4699850364e-01,1.3719932259e-01,2.1297280383e-02,2.1847175187e-01,1.8667202975e-02,1.2221470616e-01,3.3515123238e-01,4.8876820510e+00
3.1500000000e+01,1.4378954791e-01,1.3915072257e-01,2.1277159307e-02,2.2201359014e-01,1.6992612517e-02,1.2585786285e-01,3.3091850471e-01,4.8723505586e+00
3.2000000000e+01,1.4057750609e-01,1.4135443940e-01,2.1234380619e-02,2.2518528248e-01,1.5295625681e-02,1.2886650894e-01,3.2748625680e-01,4.8538058401e+00
3.2500000000e+01,1.3733147791e-01,1.4310428997e-01,2.1308187793e-02,2.2827344496e-01,1.3794988484e-02,1.3204334863e-01,3.2414426225e-01,4.8375520336e+00
3.3000000000e+01,1.3397499532e-01,1.4487828469e-01,2.1451721917e-02,2.3183928633e-01,1.2379088744e-02,1.3471990449e-01,3.2075671851e-01,4.8200310037e+00
3.3500000000e+01,1.3124280837e-01,1.4687216948e-01,2.1657047241e-02,2.3483293917e-01,1.1090871836e-02,1.3777485253e-01,3.1652931137e-01,4.8048430128e+00
3.4000000000e+01,1.2829026731e-01,1.4885291545e-01,2.1937564673e-02,2.3801852634e-01,9.8183896566e-03,1.4097219592e-01,3.1211014066e-01,4.7885091917e+00
3.4500000000e+01,1.2512328305e-01,1.5084621253e-01,2.2107479315e-02,2.4208115397e-01,8.6609007927e-03,1.4359698522e-01,3.0758398511e-01,4.7705874540e+00
3.5000000000e+01,1.2227460237e-01,1.5180460588e-01,2.2384969381e-02,2.4688722047e-01,7.5509128103e-03,1.4645936850e-01,3.0263832058e-01,4.7498269968e+00
3.5500000000e+01,1.1917634361e-01,1.5351635474e-01,2.2749229665e-02,2.5003597126e-01,6.6088328942e-03,1.4821699170e-01,2.9969627614e-01,4.7301908283e+00
3.6000000000e+01,1.1667046494e-01,1.5404151047e-01,2.3114060088e-02,2.5275171132e-01,5.7322028538e-03,1.5085047049e-01,2.9683957984e-01,4.7109274200e+00
3.6500000000e+01,1.1378160948e-01,1.5565175771e-01,2.3571116419e-02,2.5580733707e-01,4.9003803419e-03,1.5316773082e-01,2.9312006815e-01,4.6908467642e+00
3.7000000000e+01,1.1059854624e-01,1.5779180950e-01,2.4151297014e-02,2.5990527378e-01,4.2004500182e-03,1.5586239810e-01,2.8749022535e-01,4.6731422742e+00
3.7500000000e+01,1.0765001996e-01,1.6007877230e-01,2.4729825030e-02,2.6369922194e-01,3.6174865680e-03,1.5827856593e-01,2.8194610828e-01,4.6584574398e+00
3.8000000000e+01,1.0483090912e-01,1.6131241561e-01,2.5298821924e-02,2.6635137166e-01,3.1197311339e-03,1.6179922504e-01,2.7728752551e-01,4.6455847657e+00
3.8500000000e+01,1.0239373020e-01,1.6345250809e-01,2.5985734287e-02,2.6767895859e-01,2.7409891181e-03,1.6474126745e-01,2.7300681226e-01,4.6371869140e+00
3.9000000000e+01,9.9372618223e-02,1.6466845719e-01,2.6734824708e-02,2.7068026732e-01,2.4660729793e-03,1.6756769966e-01,2.6851005992e-01,4.6286901019e+00
3.9500000000e+01,9.6893660816e-02,1.6594392931e-01,2.7650443655e-02,2.7404391993e-01,2.3127298956e-03,1.7017476638e-01,2.6298055001e-01,4.6266587965e+00
4.0000000000e+01,9.3568419951e-02,1.6760914236e-01,2.8597132896e-02,2.7697803585e-01,2.2533478563e-03,1.7390103990e-01,2.5709288118e-01,4.6270777460e+00
4.0500000000e+01,9.0351963530e-02,1.6911196705e-01,2.9465729288e-02,2.8023792156e-01,2.2960209351e-03,1.7561082997e-01,2.5292556767e-01,4.6290468109e+00
4.1000000000e+01,8.7548554603e-02,1.7082380474e-01,3.0535284083e-02,2.8404245320e-01,2.4505496461e-03,1.7729484218e-01,2.4730451155e-01,4.6384828070e+00
4.1500000000e+01,8.5406463408e-02,1.7177964971e-01,3.1490827223e-02,2.8660704247e-01,2.7185925402e-03,1.8017375095e-01,2.4182367370e-01,4.6537774196e+00
4.2000000000e+01,8.2940950077e-02,1.7255520127e-01,3.2736386901e-02,2.8866871574e-01,3.0888559153e-03,1.8280703949e-01,2.3720285060e-01,4.6734906890e+00
4.2500000000e+01,8.0093053052e-02,1.7413996717e-01,3.3859135966e-02,2.9344982689e-01,3.5682404280e-03,1.8432857914e-01,2.3056119736e-01,4.6914190141e+00
4.3000000000e+01,7.7387286935e-02,1.7647248219e-01,3.4817862999e-02,2.9663721771e-01,4.1540028194e-03,1.8617440091e-01,2.2435674643e-01,4.7099342201e+00
4.3500000000e+01,7.4524759288e-02,1.7823372223e-01,3.6071945166e-02,2.9913971489e-01,4.8353369848e-03,1.8810923082e-01,2.1908529062e-01,4.7296967311e+00
4.4000000000e+01,7.1859054167e-02,1.7905147615e-01,3.7480339542e-02,3.0070054823e-01,5.6643784922e-03,1.9068338919e-01,2.1456081423e-01,4.7544189073e+00
4.4500000000e+01,6.9451189652e-02,1.7962496061e-01,3.8882194033e-02,3.0332357882e-01,6.6261773398e-03,1.9259165301e-01,2.0950024654e-01,4.7785745767e+00
4.5000000000e+01,6.6710851964e-02,1.8131771270e-01,4.0153103600e-02,3.0467167203e-01,7.6090770543e-03,1.9508005297e-01,2.0445752967e-01,4.7991967214e+00
4.5500000000e+01,6.4038180109e-02,1.8246842859e-01,4.1578113017e-02,3.0688473124e-01,8.7221305526e-03,1.9624159166e-01,2.0006682483e-01,4.8192978909e+00
4.6000000000e+01,6.1031143297e-02,1.8390289008e-01,4.3076183671e-02,3.1017852453e-01,9.8772502759e-03,1.9774129928e-01,1.9419270886e-01,4.8358203098e+00
4.6500000000e+01,5.8521588988e-02,1.8505742688e-01,4.4811849059e-02,3.1311313985e-01,1.1122467124e-02,1.9888335569e-01,1.8849017241e-01,4.8535376963e+00
4.7000000000e+01,5.6114658768e-02,1.8669151566e-01,4.6660086890e-02,3.1445720065e-01,1.2487522597e-02,2.0002300818e-01,1.8356600726e-01,4.8739243366e+00
4.7500000000e+01,5.3575163040e-02,1.8730135371e-01,4.8409159541e-02,3.1599882644e-01,1.3937711189e-02,2.0179199023e-01,1.7898579585e-01,4.8917305952e+00
4.8000000000e+01,5.1665917012e-02,1.8786955254e-01,5.0249738175e-02,3.1805628550e-01,1.5480505936e-02,2.0335069687e-01,1.7332730397e-01,4.9107347959e+00
4.8500000000e+01,4.9467325971e-02,1.8815972624e-01,5.1861978362e-02,3.2039239833e-01,1.7220201255e-02,2.0479344360e-01,1.6810492625e-01,4.9257760144e+00
4.9000000000e+01,4.7041012604e-02,1.8954014380e-01,5.3673829583e-02,3.2173475106e-01,1.8966861576e-02,2.0527434283e-01,1.6376905855e-01,4.9394295112e+00
4.9500000000e+01,4.4470621299e-02,1.9110802513e-01,5.5534672802e-02,3.2046781495e-01,2.0767406514e-02,2.0850306660e-01,1.5914839271e-01,4.9520631395e+00
5.0000000000e+01,4.2078949081e-02,1.9099451710e-01,5.7738487994e-02,3.2100519944e-01,2.2666054146e-02,2.0902275908e-01,1.5649403315e-01,4.9659230776e+00
5.0500000000e+01,3.9624764776e-02,1.9097187634e-01,5.9255313592e-02,3.2250131504e-01,2.4586864746e-02,2.1174452362e-01,1.5131534188e-01,4.9696876015e+00
5.1000000000e+01,3.7572868829e-02,1.9181397573e-01,6.1439549435e-02,3.2224901751e-01,2.6455212071e-02,2.1384164082e-01,1.4662773560e-01,4.9784732624e+00
5.1500000000e+01,3.5367496585e-02,1.9352371065e-01,6.3095240047e-02,3.2219941995e-01,2.8474990651e-02,2.1464637685e-01,1.4269276527e-01,4.9849165081e+00
5.2000000000e+01,3.3242794555e-02,1.9353852402e-01,6.4862418712e-02,3.2372579412e-01,3.0501269266e-02,2.1635758678e-01,1.3777161254e-01,4.9862858747e+00
5.2500000000e+01,3.1394808295e-02,1.9368966885e-01,6.6863450390e-02,3.2362210523e-01,3.3101215621e-02,2.1806928495e-01,1.3325946667e-01,4.9939426554e+00
5.3000000000e+01,2.9380764272e-02,1.9452913203e-01,6.8976335179e-02,3.2345930364e-01,3.5159800314e-02,2.1947638685e-01,1.2901827772e-01,4.9933556908e+00
5.3500000000e+01,2.7621130508e-02,1.9477104730e-01,7.0416256928e-02,3.2430554199e-01,3.7523444075e-02,2.2036110365e-01,1.2500147555e-01,4.9932998989e+00
5.4000000000e+01,2.5780091095e-02,1.9465216411e-01,7.2623103183e-02,3.2581043059e-01,3.9958757529e-02,2.2109808412e-01,1.2007736937e-01,4.9916946593e+00
5.4500000000e+01,2.3882191837e-02,1.9492523011e-01,7.4764838528e-02,3.2659744848e-01,4.2337978896e-02,2.2173411396e-01,1.1575819818e-01,4.9868237879e+00
5.5000000000e+01,2.2173827174e-02,1.9459641775e-01,7.7335712579e-02,3.2696689263e-01,4.4815564058e-02,2.2255997755e-01,1.1155160826e-01,4.9833977666e+00
5.5500000000e+01,2.0544208454e-02,1.9417939732e-01,7.9494058831e-02,3.2827279697e-01,4.7318218909e-02,2.2316282378e-01,1.0702849573e-01,4.9762473051e+00
5.6000000000e+01,1.8884823548e-02,1.9315416780e-01,8.1718497082e-02,3.2933482684e-01,4.9806183741e-02,2.2478277040e-01,1.0231873058e-01,4.9654418759e+00
5.6500000000e+01,1.7400161111e-02,1.9312039232e-01,8.3901032092e-02,3.2817080504e-01,5.2131998277e-02,2.2626068987e-01,9.9014921287e-02,4.9579351556e+00
5.7000000000e+01,1.6023061220e-02,1.9303165223e-01,8.6187351193e-02,3.2817786649e-01,5.4618875265e-02,2.2638209987e-01,9.5579093720e-02,4.9509621251e+00
5.7500000000e+01,1.4652541220e-02,1.9276385010e-01,8.8774775256e-02,3.2993146744e-01,5.6980579236e-02,2.2557780943e-01,9.1318977319e-02,4.9360877071e+00
5.8000000000e+01,1.3311578914e-02,1.9180491358e-01,9.1308402921e-02,3.3020719397e-01,5.9541490501e-02,2.2654051225e-01,8.7285907870e-02,4.9218196808e+00
5.8500000000e+01,1.2175505276e-02,1.9071084482e-01,9.3649804357e-02,3.2961509856e-01,6.1982957524e-02,2.2765382496e-01,8.4211964509e-02,4.9099142426e+00
5.9000000000e+01,1.1156470856e-02,1.8992058791e-01,9.6065897448e-02,3.2919512033e-01,6.4957232843e-02,2.2735856227e-01,8.1346128338e-02,4.9007927698e+00
5.9500000000e+01,1.0032140309e-02,1.8941223563e-01,9.8187934813e-02,3.2912637778e-01,6.7623712115e-02,2.2754208899e-01,7.8075510356e-02,4.8848732280e+00
6.0000000000e+01,9.0202550538e-03,1.8781940386e-01,1.0075315471e-01,3.2976241581e-01,7.0193197227e-02,2.2765348967e-01,7.4798083669e-02,4.8682399110e+00
6.0500000000e+01,8.0885188815e-03,1.8750819229e-01,1.0346503033e-01,3.2903586938e-01,7.2960348809e-02,2.2721540199e-01,7.1726638318e-02,4.8514530116e+00
6.1000000000e+01,7.2346492397e-03,1.8671529120e-01,1.0564643925e-01,3.2858719726e-01,7.5812327097e-02,2.2748190190e-01,6.8522194039e-02,4.8329097924e+00
6.1500000000e+01,6.3702032122e-03,1.8640808387e-01,1.0857463167e-01,3.2825693532e-01,7.8099710214e-02,2.2717765395e-01,6.5112781764e-02,4.8112100312e+00
6.2000000000e+01,5.6542127725e-03,1.8527255220e-01,1.1147065016e-01,3.2708773124e-01,8.0886608979e-02,2.2733296078e-01,6.2295283870e-02,4.7948612404e+00
6.2500000000e+01,4.9609817227e-03,1.8503653578e-01,1.1379659707e-01,3.2697187675e-01,8.3343266584e-02,2.2634918927e-01,5.9541552823e-02,4.7742457271e+00
6.3000000000e+01,4.3110503611e-03,1.8417820937e-01,1.1750830548e-01,3.2596127018e-01,8.6132434000e-02,2.2531909942e-01,5.6589631185e-02,4.7549107211e+00
6.3500000000e+01,3.7386771380e-03,1.8270699522e-01,1.1965510365e-01,3.2554642188e-01,8.8490604174e-02,2.2591017317e-01,5.3952024775e-02,4.7319899680e+00
6.4000000000e+01,3.2045807803e-03,1.8214719178e-01,1.2215077190e-01,3.2462544977e-01,9.0570554100e-02,2.2608084300e-01,5.1220608678e-02,4.7061432894e+00
6.4500000000e+01,2.7643643355e-03,1.8116104276e-01,1.2576015868e-01,3.2251150130e-01,9.3347442715e-02,2.2586635036e-01,4.8589139846e-02,4.6858478820e+00
6.5000000000e+01,2.3782367185e-03,1.8123625691e-01,1.2883000826e-01,3.2078087768e-01,9.5515919663e-02,2.2511400952e-01,4.6144691253e-02,4.6633783084e+00
6.5500000000e+01,2.0514982300e-03,1.7958220336e-01,1.3167247644e-01,3.2040809014e-01,9.7430042985e-02,2.2481032186e-01,4.4045366982e-02,4.6392711702e+00
6.6000000000e+01,1.7706547793e-03,1.7863714763e-01,1.3433355816e-01,3.1892937274e-01,1.0008759525e-01,2.2416018391e-01,4.2081487529e-02,4.6189115989e+00
6.6500000000e+01,1.5287384730e-03,1.7688724808e-01,1.3737681590e-01,3.1881035299e-01,1.0233084756e-01,2.2312552427e-01,3.9940472730e-02,4.5963417771e+00
6.7000000000e+01,1.3505562841e-03,1.7549888885e-01,1.4084342011e-01,3.1879642148e-01,1.0388935600e-01,2.2187476126e-01,3.7746596005e-02,4.5746940578e+00
6.7500000000e+01,1.2252348382e-03,1.7412549464e-01,1.4361666678e-01,3.1751760237e-01,1.0644788953e-01,2.2115345062e-01,3.5913661228e-02,4.5589868743e+00
6.8000000000e+01,1.1644236960e-03,1.7250922418e-01,1.4602462667e-01,3.1670591722e-01,1.0829138645e-01,2.2113666279e-01,3.4167759001e-02,4.5461354108e+00
6.8500000000e+01,1.1590593375e-03,1.7035195214e-01,1.4895723901e-01,3.1593941373e-01,1.0998535362e-01,2.2126630149e-01,3.2340680679e-02,4.5361027028e+00
6.9000000000e+01,1.2051712771e-03,1.6847947043e-01,1.5194243836e-01,3.1414115170e-01,1.1172132881e-01,2.2191724922e-01,3.0593190199e-02,4.5326444963e+00
6.9500000000e+01,1.2888833494e-03,1.6688774164e-01,1.5562194823e-01,3.1265074670e-01,1.1279470624e-01,2.2163945197e-01,2.9116521880e-02,4.5332434207e+00
7.0000000000e+01,1.4198115359e-03,1.6556345362e-01,1.5837607918e-01,3.1118259491e-01,1.1414587312e-01,2.2179102462e-01,2.7521163014e-02,4.5345666760e+00
7.0500000000e+01,1.5774345279e-03,1.6231393773e-01,1.6162215577e-01,3.1215328765e-01,1.1508415421e-01,2.2110656474e-01,2.6142465375e-02,4.5349911791e+00
7.1000000000e+01,1.7789231991e-03,1.6150091300e-01,1.6534357356e-01,3.1057533130e-01,1.1523613117e-01,2.2082515330e-01,2.4739974473e-02,4.5370956319e+00
7.1500000000e+01,2.0381940361e-03,1.5996310734e-01,1.6892363508e-01,3.0843209188e-01,1.1609563030e-01,2.2097193288e-01,2.3575408486e-02,4.5450196463e+00
7.2000000000e+01,2.3442964284e-03,1.5842773248e-01,1.7208709503e-01,3.0649578278e-01,1.1725910267e-01,2.2099953879e-01,2.2386451831e-02,4.5535978011e+00
7.2500000000e+01,2.6823452848e-03,1.5582933999e-01,1.7521310474e-01,3.0530482658e-01,1.1802049221e-01,2.2185298021e-01,2.1096911001e-02,4.5563572628e+00
7.3000000000e+01,3.0512786049e-03,1.5425102834e-01,1.7910582911e-01,3.0359625559e-01,1.1837500328e-01,2.2165385456e-01,1.9966750518e-02,4.5616644473e+00
7.3500000000e+01,3.4597211051e-03,1.5305268996e-01,1.8144992424e-01,3.0256505344e-01,1.1922064988e-01,2.2137716430e-01,1.8874797073e-02,4.5658720664e+00
7.4000000000e+01,3.8855672216e-03,1.5188196962e-01,1.8523656532e-01,3.0017884586e-01,1.1973125476e-01,2.2112330316e-01,1.7962494049e-02,4.5732502836e+00
7.4500000000e+01,4.3649839918e-03,1.5032975201e-01,1.8794944986e-01,2.9925633705e-01,1.1949297700e-01,2.2165845112e-01,1.6948048969e-02,4.5753165965e+00
7.5000000000e+01,4.8878403107e-03,1.4882137782e-01,1.9105408014e-01,2.9778256516e-01,1.1924911331e-01,2.2192738280e-01,1.6277640452e-02,4.5822362751e+00
7.5500000000e+01,5.4110538907e-03,1.4686404727e-01,1.9462095223e-01,2.9760076960e-01,1.1868933735e-01,2.2144374000e-01,1.5370099650e-02,4.5815229182e+00
7.6000000000e+01,5.9713831244e-03,1.4526819893e-01,1.9647734476e-01,2.9746249039e-01,1.1924612278e-01,2.2091927768e-01,1.4655182326e-02,4.5855950008e+00
7.6500000000e+01,6.5418871239e-03,1.4397284904e-01,1.9965292014e-01,2.9642816934e-01,1.1987860175e-01,2.1943046626e-01,1.4095106344e-02,4.5920759763e+00
7.7000000000e+01,7.1266850534e-03,1.4224713653e-01,2.0211988472e-01,2.9691179322e-01,1.1987901906e-01,2.1818781631e-01,1.3527665107e-02,4.5950645288e+00
7.7500000000e+01,7.7499763484e-03,1.4066912575e-01,2.0536778885e-01,2.9590807157e-01,1.1912259812e-01,2.1810586321e-01,1.3076576157e-02,4.5996495433e+00
7.8000000000e+01,8.4561575546e-03,1.3914468868e-01,2.0762436787e-01,2.9598230778e-01,1.1870405069e-01,2.1744377921e-01,1.2644648221e-02,4.6055674906e+00
7.8500000000e+01,9.1220599125e-03,1.3781794232e-01,2.1204216680e-01,2.9531820012e-01,1.1791565463e-01,2.1564642589e-01,1.2137550326e-02,4.6088242490e+00
7.9000000000e+01,9.8407510968e-03,1.3645850571e-01,2.1496154433e-01,2.9407092151e-01,1.1730873865e-01,2.1552950763e-01,1.1830031057e-02,4.6147721179e+00
7.9500000000e+01,1.0647152856e-02,1.3512058584e-01,2.1803905755e-01,2.9326056242e-01,1.1609956119e-01,2.1527777975e-01,1.1555300402e-02,4.6204170153e+00
8.0000000000e+01,1.1430026683e-02,1.3423717786e-01,2.2085170960e-01,2.9108195435e-01,1.1576341968e-01,2.1527698724e-01,1.1358724591e-02,4.6308201121e+00
8.0500000000e+01,1.2209524034e-02,1.3360436669e-01,2.2473165678e-01,2.8960610336e-01,1.1414477720e-01,2.1458795259e-01,1.1115619343e-02,4.6362083930e+00
8.1000000000e+01,1.3015374994e-02,1.3266329918e-01,2.2730203567e-01,2.8860992643e-01,1.1320209277e-01,2.1431457322e-01,1.0892697738e-02,4.6419369090e+00
8.1500000000e+01,1.3844943686e-02,1.3059903374e-01,2.3031049810e-01,2.8773435299e-01,1.1227058625e-01,2.1449848974e-01,1.0742095493e-02,4.6480326477e+00
8.2000000000e+01,1.4725808302e-02,1.2924783704e-01,2.3339536161e-01,2.8640086707e-01,1.1145766286e-01,2.1407182442e-01,1.0700638706e-02,4.6575148705e+00
8.2500000000e+01,1.5505816879e-02,1.2734038523e-01,2.3665898844e-01,2.8630555863e-01,1.0994133283e-01,2.1356263446e-01,1.0685283535e-02,4.6627657761e+00
8.3000000000e+01,1.6543728557e-02,1.2630311381e-01,2.3926251283e-01,2.8465189048e-01,1.0863619952e-01,2.1400630420e-01,1.0596250608e-02,4.6707583779e+00
8.3500000000e+01,1.7578629858e-02,1.2516379112e-01,2.4150376789e-01,2.8370835540e-01,1.0695497125e-01,2.1443925828e-01,1.0651226190e-02,4.6795893242e+00
8.4000000000e+01,1.8401908230e-02,1.2412527998e-01,2.4414363659e-01,2.8251522727e-01,1.0546524196e-01,2.1466421599e-01,1.0684489987e-02,4.6871374732e+00
8.4500000000e+01,1.9057555171e-02,1.2335916711e-01,2.4703283951e-01,2.8202835431e-01,1.0381119231e-01,2.1398739629e-01,1.0723495301e-02,4.6923624156e+00
8.5000000000e+01,2.0037419877e-02,1.2225804290e-01,2.4911931921e-01,2.8069342041e-01,1.0279521144e-01,2.1418894519e-01,1.0907640980e-02,4.7035552967e+00
8.5500000000e+01,2.0927513462e-02,1.2045631141e-01,2.5114231706e-01,2.8116403225e-01,1.0126254365e-01,2.1401424820e-01,1.1033033966e-02,4.7093298631e+00
8.6000000000e+01,2.1818230016e-02,1.1915590079e-01,2.5384913049e-01,2.8064027958e-01,9.8922883131e-02,2.1439230273e-01,1.1221273263e-02,4.7138970142e+00
8.6500000000e+01,2.2712556500e-02,1.1689222160e-01,2.5728067401e-01,2.8013829665e-01,9.6635545313e-02,2.1494955721e-01,1.1391148703e-02,4.7156357339e+00
8.7000000000e+01,2.3762255878e-02,1.1533744017e-01,2.6048281979e-01,2.7982394329e-01,9.3724555996e-02,2.1521628287e-01,1.1652702005e-02,4.7182356599e+00
8.7500000000e+01,2.4816915241e-02,1.1459571068e-01,2.6368807826e-01,2.7727043185e-01,9.1947507226e-02,2.1575672324e-01,1.1924633495e-02,4.7266860682e+00
8.8000000000e+01,2.5726929745e-02,1.1333180037e-01,2.6749359941e-01,2.7628918032e-01,8.9500680013e-02,2.1546592199e-01,1.2191888151e-02,4.7289011863e+00
8.8500000000e+01,2.6466758208e-02,1.1167826294e-01,2.7136949996e-01,2.7565714224e-01,8.6749723451e-02,2.1551610342e-01,1.2562509786e-02,4.7284402499e+00
8.9000000000e+01,2.7369228161e-02,1.1092712455e-01,2.7359786880e-01,2.7424834953e-01,8.4761994831e-02,2.1614948540e-01,1.2945948729e-02,4.7352201491e+00
8.9500000000e+01,2.8427173484e-02,1.1012240939e-01,2.7648806791e-01,2.7165607244e-01,8.2999081083e-02,2.1691550642e-01,1.3391689274e-02,4.7450573676e+00
9.0000000000e+01,2.9439397427e-02,1.0842319386e-01,2.7847600199e-01,2.7115398540e-01,8.0333090931e-02,2.1822700488e-01,1.3947325525e-02,4.7496356836e+00
9.0500000000e+01,3.0335318295e-02,1.0736881721e-01,2.8007180364e-01,2.7145642489e-01,7.7801602026e-02,2.1847715485e-01,1.4488879082e-02,4.7526551871e+00
9.1000000000e+01,3.1257062694e-02,1.0588684570e-01,2.8319869788e-01,2.6897428800e-01,7.5465547867e-02,2.2022980457e-01,1.4987753283e-02,4.7542661597e+00
9.1500000000e+01,3.2014489361e-02,1.0447276843e-01,2.8676608218e-01,2.6703948401e-01,7.3055063070e-02,2.2107072327e-01,1.5581389670e-02,4.7554001071e+00
9.2000000000e+01,3.2741103743e-02,1.0332210614e-01,2.8979946297e-01,2.6546264120e-01,7.0911541611e-02,2.2164169941e-01,1.6121444930e-02,4.7544628690e+00
9.2500000000e+01,3.3539756567e-02,1.0286085466e-01,2.9224151454e-01,2.6384983855e-01,6.8432337717e-02,2.2234531371e-01,1.6730384255e-02,4.7555071631e+00
9.3000000000e+01,3.4553951542e-02,1.0135435698e-01,2.9560283382e-01,2.6266423656e-01,6.5629955465e-02,2.2275164621e-01,1.7443019423e-02,4.7549802899e+00
9.3500000000e+01,3.5390067114e-02,9.9937053525e-02,2.9815369554e-01,2.6195932164e-01,6.2754958735e-02,2.2372753074e-01,1.8077372714e-02,4.7521233329e+00
9.4000000000e+01,3.6355937453e-02,9.8487670969e-02,3.0180813822e-01,2.5985779847e-01,6.0174190483e-02,2.2452365051e-01,1.8792613898e-02,4.7492568613e+00
9.4500000000e+01,3.7414976208e-02,9.7954057281e-02,3.0501962808e-01,2.5780038567e-01,5.7659920323e-02,2.2469938755e-01,1.9451644887e-02,4.7499228449e+00
9.5000000000e+01,3.8368823003e-02,9.6536209151e-02,3.0891198532e-01,2.5584720255e-01,5.5074203206e-02,2.2503444432e-01,2.0227132447e-02,4.7473902558e+00
9.5500000000e+01,3.9375481686e-02,9.6311439244e-02,3.1200444295e-01,2.5403777301e-01,5.2238552805e-02,2.2493853455e-01,2.1093775765e-02,4.7453968471e+00
9.6000000000e+01,4.0263141825e-02,9.5504282036e-02,3.1507620804e-01,2.5273394268e-01,5.0133391446e-02,2.2439939889e-01,2.1889635077e-02,4.7422409474e+00
9.6500000000e+01,4.1075466874e-02,9.4375237270e-02,3.1728261064e-01,2.5273202963e-01,4.7808269502e-02,2.2399863403e-01,2.2727752060e-02,4.7370771290e+00
9.7000000000e+01,4.1826505043e-02,9.3546106371e-02,3.2144366010e-01,2.5083470170e-01,4.5340064461e-02,2.2336044388e-01,2.3648518442e-02,4.7286811656e+00
9.7500000000e+01,4.2708081025e-02,9.2066162154e-02,3.2430799451e-01,2.4833311891e-01,4.2964997181e-02,2.2502279970e-01,2.4596846523e-02,4.7189864690e+00
9.8000000000e+01,4.3451275187e-02,9.0821460780e-02,3.2713910689e-01,2.4701026102e-01,4.0599287629e-02,2.2542567555e-01,2.5552932944e-02,4.7090371588e+00
9.8500000000e+01,4.4493666440e-02,8.9312234208e-02,3.3072773577e-01,2.4377361111e-01,3.8133377301e-02,2.2711489643e-01,2.6444478745e-02,4.6968162609e+00
9.9000000000e+01,4.5286756578e-02,8.8610912252e-02,3.3379021716e-01,2.4214240204e-01,3.5688499852e-02,2.2700615246e-01,2.7475059665e-02,4.6873305778e+00
9.9500000000e+01,4.6149211290e-02,8.7209791544e-02,3.3636573319e-01,2.3965385231e-01,3.3446216119e-02,2.2855869448e-01,2.8616501067e-02,4.6775690982e+00
1.0000000000e+02,4.6724650380e-02,8.6704416407e-02,3.4046565307e-01,2.3608258475e-01,3.1172135101e-02,2.2923815725e-01,2.9612403043e-02,4.6645381480e+00
1.0050000000e+02,4.7251657947e-02,8.6073872637e-02,3.4199832848e-01,2.3493825668e-01,2.8808701223e-02,2.3031721285e-01,3.0611970187e-02,4.6497974994e+00
1.0100000000e+02,4.7922767715e-02,8.4844166317e-02,3.4561496514e-01,2.3172090965e-01,2.6738036654e-02,2.3132969143e-01,3.1829463089e-02,4.6339368192e+00
1.0150000000e+02,4.8678734352e-02,8.3413807913e-02,3.4910479942e-01,2.2874508078e-01,2.4888838263e-02,2.3216083691e-01,3.3007902363e-02,4.6156818719e+00
1.0200000000e+02,4.9390998625e-02,8.2193122141e-02,3.5324357415e-01,2.2497580973e-01,2.2983677714e-02,2.3279667684e-01,3.4416140808e-02,4.5982208690e+00
1.0250000000e+02,5.0254298196e-02,8.0863852419e-02,3.5545014685e-01,2.2244163117e-01,2.1122739581e-02,2.3388005818e-01,3.5987273607e-02,4.5821531201e+00
1.0300000000e+02,5.0969073367e-02,7.9978426139e-02,3.5915082505e-01,2.1912372061e-01,1.9391155374e-02,2.3390893248e-01,3.7477866981e-02,4.5637621683e+00
1.0350000000e+02,5.1975130611e-02,7.8439785501e-02,3.6216484641e-01,2.1614586404e-01,1.7650742979e-02,2.3477665751e-01,3.8846972951e-02,4.5438711401e+00
1.0400000000e+02,5.2536419641e-02,7.7638558493e-02,3.6443754029e-01,2.1358533376e-01,1.6156788126e-02,2.3542701493e-01,4.0218344755e-02,4.5247467226e+00
1.0450000000e+02,5.3474315204e-02,7.6342879724e-02,3.6703732154e-01,2.1062448736e-01,1.4794235201e-02,2.3606502514e-01,4.1661735829e-02,4.5054781591e+00
1.0500000000e+02,5.3973471158e-02,7.5762468413e-02,3.6783733314e-01,2.0841066771e-01,1.3519424167e-02,2.3741898598e-01,4.3077649442e-02,4.4864998291e+00
1.0550000000e+02,5.4804788987e-02,7.4558054363e-02,3.7120996095e-01,2.0346586786e-01,1.2359069767e-02,2.3902949034e-01,4.4572767728e-02,4.4619050694e+00
1.0600000000e+02,5.5171855493e-02,7.3935234298e-02,3.7381706648e-01,2.0088051233e-01,1.1290941771e-02,2.3902721704e-01,4.5877172584e-02,4.4397850080e+00
1.0650000000e+02,5.6168400337e-02,7.3104350952e-02,3.7548159967e-01,1.9783982068e-01,1.0407890738e-02,2.3945384109e-01,4.7544096544e-02,4.4226540040e+00
1.0700000000e+02,5.6697255919e-02,7.1841993325e-02,3.7807680014e-01,1.9419307166e-01,9.6636034615e-03,2.3993287664e-01,4.9594398850e-02,4.4035435063e+00
1.0750000000e+02,5.7240856978e-02,7.0472282401e-02,3.8008075939e-01,1.9154430796e-01,8.9459340233e-03,2.4021304198e-01,5.1502817269e-02,4.3828091106e+00
1.0800000000e+02,5.7692753025e-02,6.9031379299e-02,3.8193213091e-01,1.8862612602e-01,8.3284211077e-03,2.4101669217e-01,5.3372497466e-02,4.3638731206e+00
1.0850000000e+02,5.7780439124e-02,6.7663847314e-02,3.8403991039e-01,1.8621092912e-01,7.8711916555e-03,2.4141433747e-01,5.5019344925e-02,4.3443294353e+00
1.0900000000e+02,5.8400477331e-02,6.6845000106e-02,3.8454404359e-01,1.8455022357e-01,7.5108004160e-03,2.4134159652e-01,5.6807858476e-02,4.3338501851e+00
1.0950000000e+02,5.9058046698e-02,6.5689988896e-02,3.8667901447e-01,1.8125341768e-01,7.4007637948e-03,2.4145614232e-01,5.8462626134e-02,4.3267561443e+00
1.1000000000e+02,5.9552635504e-02,6.4028343363e-02,3.9034061406e-01,1.7786130725e-01,7.3304478172e-03,2.4072404919e-01,6.0162602823e-02,4.3200902510e+00
1.1050000000e+02,6.0362099535e-02,6.2417823291e-02,3.9159265990e-01,1.7471603429e-01,7.4001351489e-03,2.4162091601e-01,6.1890331823e-02,4.3224813609e+00
1.1100000000e+02,6.0758248359e-02,6.1495902783e-02,3.9261099452e-01,1.7170827544e-01,7.6356523959e-03,2.4208434949e-01,6.3706577015e-02,4.3312273814e+00
1.1150000000e+02,6.1038570248e-02,6.0600308478e-02,3.9609178137e-01,1.6794907541e-01,8.0013207067e-03,2.4072925917e-01,6.5589684623e-02,4.3437597168e+00
1.1200000000e+02,6.1351373618e-02,5.9853043172e-02,3.9874652977e-01,1.6388898846e-01,8.4118927231e-03,2.4016543963e-01,6.7582732623e-02,4.3613739713e+00
1.1250000000e+02,6.1728121153e-02,5.8930153681e-02,4.0177319119e-01,1.5975424925e-01,9.0413257645e-03,2.3905235924e-01,6.9720599723e-02,4.3823901617e+00
1.1300000000e+02,6.2130968594e-02,5.7901376742e-02,4.0289750919e-01,1.5695579938e-01,9.7498626294e-03,2.3849720571e-01,7.1867277754e-02,4.4057100070e+00
1.1350000000e+02,6.2439906369e-02,5.6918434834e-02,4.0410784473e-01,1.5434992085e-01,1.0480018149e-02,2.3781389741e-01,7.3889977658e-02,4.4286443530e+00
1.1400000000e+02,6.3286883340e-02,5.5957381881e-02,4.0575950983e-01,1.5158958346e-01,1.1351921441e-02,2.3590656431e-01,7.6148155738e-02,4.4549954081e+00
1.1450000000e+02,6.3864107195e-02,5.4909157934e-02,4.0795486842e-01,1.4802197799e-01,1.2288407595e-02,2.3457182553e-01,7.8389655344e-02,4.4771146923e+00
1.1500000000e+02,6.4674114279e-02,5.3665091228e-02,4.0836538843e-01,1.4504714572e-01,1.3401802429e-02,2.3383873855e-01,8.1007719374e-02,4.5047868845e+00
1.1550000000e+02,6.5041998043e-02,5.2909491138e-02,4.1031895676e-01,1.4099841757e-01,1.4609785584e-02,2.3275701964e-01,8.3364331257e-02,4.5278429050e+00
1.1600000000e+02,6.5263947102e-02,5.1215973152e-02,4.1176607708e-01,1.3808751228e-01,1.5940700281e-02,2.3195544218e-01,8.5770347934e-02,4.5467541278e+00
1.1650000000e+02,6.6088798377e-02,4.9825170011e-02,4.1235358648e-01,1.3493497749e-01,1.7385002242e-02,2.3140817701e-01,8.8004288386e-02,4.5681658240e+00
1.1700000000e+02,6.6735252183e-02,4.8693049635e-02,4.1330438471e-01,1.3208208754e-01,1.8736204892e-02,2.2990219087e-01,9.0546830166e-02,4.5874976137e+00
1.1750000000e+02,6.7274818305e-02,4.7391338238e-02,4.1473081177e-01,1.2887499797e-01,2.0567847916e-02,2.2843072433e-01,9.2729461469e-02,4.6070624002e+00
1.1800000000e+02,6.7469800130e-02,4.6319060921e-02,4.1596784993e-01,1.2617762837e-01,2.2242747799e-02,2.2650523535e-01,9.5317677502e-02,4.6242989504e+00
1.1850000000e+02,6.8264144559e-02,4.5502728464e-02,4.1632569038e-01,1.2370535931e-01,2.3956218579e-02,2.2441146287e-01,9.7834395834e-02,4.6454453432e+00
1.1900000000e+02,6.8520889947e-02,4.4703225551e-02,4.1623134012e-01,1.2028342906e-01,2.5775365917e-02,2.2398615472e-01,1.0049959468e-01,4.6659581833e+00
1.1950000000e+02,6.8767719068e-02,4.3660317062e-02,4.1765977919e-01,1.1738427226e-01,2.7565352750e-02,2.2221416276e-01,1.0274839691e-01,4.6773094894e+00
1.2000000000e+02,6.8801746250e-02,4.2481222169e-02,4.1825529132e-01,1.1443539150e-01,2.9564661176e-02,2.2148967757e-01,1.0497201002e-01,4.6871177941e+00
1.2050000000e+02,6.9197962116e-02,4.1468883715e-02,4.1791605023e-01,1.1220930146e-01,3.1551639545e-02,2.2046519008e-01,1.0719097286e-01,4.7012406712e+00
1.2100000000e+02,6.9215219302e-02,4.0370520739e-02,4.2047016325e-01,1.0923957258e-01,3.3384446952e-02,2.1769624486e-01,1.0962383231e-01,4.7068035711e+00
1.2150000000e+02,6.9147718350e-02,3.9189827171e-02,4.2255912832e-01,1.0652493470e-01,3.5421707112e-02,2.1533875538e-01,1.1181792896e-01,4.7107764037e+00
1.2200000000e+02,6.9478756340e-02,3.8139167734e-02,4.2265673134e-01,1.0456710839e-01,3.7750053216e-02,2.1362519663e-01,1.1378298635e-01,4.7213443676e+00
1.2250000000e+02,6.9513271667e-02,3.7130095786e-02,4.2269992965e-01,1.0217363542e-01,4.0164001014e-02,2.1282748693e-01,1.1549157953e-01,4.7298661230e+00
1.2300000000e+02,7.0044940473e-02,3.6204979272e-02,4.2311539573e-01,1.0001132720e-01,4.2643016861e-02,2.1011973777e-01,1.1786060270e-01,4.7417857921e+00
1.2350000000e+02,6.9816904404e-02,3.5424971160e-02,4.2224377102e-01,9.8553976324e-02,4.4668100028e-02,2.0840656196e-01,1.2088571510e-01,4.7515239202e+00
1.2400000000e+02,6.9915499182e-02,3.4390746672e-02,4.2253055454e-01,9.7011529158e-02,4.6689306372e-02,2.0630437354e-01,1.2315799054e-01,4.7564811929e+00
1.2450000000e+02,7.0362381124e-02,3.3228218438e-02,4.2362479841e-01,9.4435661254e-02,4.9060403615e-02,2.0403068814e-01,1.2525784902e-01,4.7588069862e+00
1.2500000000e+02,7.0512413406e-02,3.2184396979e-02,4.2399211294e-01,9.2824997633e-02,5.1687525764e-02,2.0151907586e-01,1.2727947742e-01,4.7670781245e+00
1.2550000000e+02,7.0792169795e-02,3.1122141889e-02,4.2337757132e-01,9.1584795914e-02,5.4336814932e-02,1.9877823008e-01,1.3000827606e-01,4.7746578601e+00
1.2600000000e+02,7.1072245638e-02,3.0108160508e-02,4.2376233584e-01,9.0314948913e-02,5.7006447832e-02,1.9568647209e-01,1.3204938918e-01,4.7800483038e+00
1.2650000000e+02,7.0908779259e-02,2.9233117663e-02,4.2346189442e-01,8.8650051564e-02,5.9453507524e-02,1.9342244921e-01,1.3487020036e-01,4.7830944193e+00
1.2700000000e+02,7.0946321212e-02,2.8231839110e-02,4.2341477927e-01,8.7125941574e-02,6.1847824013e-02,1.9094628928e-01,1.3748700554e-01,4.7830640621e+00
1.2750000000e+02,7.0857776280e-02,2.7249779893e-02,4.2342671786e-01,8.5684182892e-02,6.4218765471e-02,1.8892827769e-01,1.3963449991e-01,4.7851112406e+00
1.2800000000e+02,7.0837866362e-02,2.6481795906e-02,4.2407109191e-01,8.4390217817e-02,6.6945434031e-02,1.8611785556e-01,1.4115573841e-01,4.7849010361e+00
1.2850000000e+02,7.1359880917e-02,2.5397683314e-02,4.2512602823e-01,8.3339392008e-02,6.9392033697e-02,1.8164959139e-01,1.4373539044e-01,4.7830932154e+00
1.2900000000e+02,7.1666484904e-02,2.4608676598e-02,4.2568461397e-01,8.2486467381e-02,7.1810401405e-02,1.7839197601e-01,1.4535137973e-01,4.7807450122e+00
1.2950000000e+02,7.2035073572e-02,2.3862065751e-02,4.2360067272e-01,8.2040591947e-02,7.4880285332e-02,1.7565613174e-01,1.4792517894e-01,4.7879156585e+00
1.3000000000e+02,7.2421550000e-02,2.3032034009e-02,4.2279366456e-01,8.1389401609e-02,7.7573044734e-02,1.7304691002e-01,1.4974339507e-01,4.7896792292e+00
1.3050000000e+02,7.1902169970e-02,2.2217459302e-02,4.2408623668e-01,8.1073082395e-02,7.9803478211e-02,1.6909370771e-01,1.5182386573e-01,4.7829590829e+00
1.3100000000e+02,7.1734951585e-02,2.1348523138e-02,4.2500807172e-01,8.1048998531e-02,8.2143814980e-02,1.6564385293e-01,1.5307178712e-01,4.7768065925e+00
1.3150000000e+02,7.1292585203e-02,2.0643218995e-02,4.2485517891e-01,8.0983722006e-02,8.4929614648e-02,1.6226588883e-01,1.5502979140e-01,4.7757082148e+00
1.3200000000e+02,7.0796069876e-02,1.9988715821e-02,4.2365660852e-01,8.0816972381e-02,8.8054955149e-02,1.5845308206e-01,1.5823359619e-01,4.7751382431e+00
1.3250000000e+02,7.0643898604e-02,1.9268272657e-02,4.2325649404e-01,8.1095297894e-02,8.9970543648e-02,1.5475643281e-01,1.6100906035e-01,4.7703945690e+00
1.3300000000e+02,7.0773890395e-02,1.8590873054e-02,4.2296314936e-01,8.1261475595e-02,9.2337180237e-02,1.5114266809e-01,1.6293076327e-01,4.7692304775e+00
1.3350000000e+02,7.0522920068e-02,1.7975636934e-02,4.2218802077e-01,8.1910916099e-02,9.4603244197e-02,1.4817898097e-01,1.6462028096e-01,4.7679104272e+00
1.3400000000e+02,7.1010802471e-02,1.7497538198e-02,4.2089419685e-01,8.2481666598e-02,9.7245257238e-02,1.4409191637e-01,1.6677862228e-01,4.7704805663e+00
1.3450000000e+02,7.0909962403e-02,1.6933807067e-02,4.1926741134e-01,8.3031615608e-02,1.0059049611e-01,1.4059180399e-01,1.6867490348e-01,4.7693094621e+00
1.3500000000e+02,7.1139833506e-02,1.6458680986e-02,4.1650944268e-01,8.3849254050e-02,1.0352454469e-01,1.3765605661e-01,1.7086218748e-01,4.7751929640e+00
1.3550000000e+02,7.1305227928e-02,1.5981756075e-02,4.1443927719e-01,8.4687955895e-02,1.0574993441e-01,1.3443854559e-01,1.7339730291e-01,4.7751894636e+00
1.3600000000e+02,7.1232322062e-02,1.5605753825e-02,4.1478838988e-01,8.4558165646e-02,1.0811792211e-01,1.3081858461e-01,1.7487886186e-01,4.7696712201e+00
1.3650000000e+02,7.1105196115e-02,1.5170373815e-02,4.1416958403e-01,8.5751067469e-02,1.0990305847e-01,1.2684548069e-01,1.7705523940e-01,4.7639937184e+00
1.3700000000e+02,7.0570180444e-02,1.4711251780e-02,4.1347584681e-01,8.7083649704e-02,1.1233511358e-01,1.2294633713e-01,1.7887762054e-01,4.7591235265e+00
1.3750000000e+02,7.0505067732e-02,1.4295826325e-02,4.1268800287e-01,8.8552314392e-02,1.1439769033e-01,1.1924491909e-01,1.8031617926e-01,4.7567829824e+00
1.3800000000e+02,7.0631107770e-02,1.4071599822e-02,4.1110656480e-01,8.9898154600e-02,1.1699605420e-01,1.1618243258e-01,1.8111408624e-01,4.7580013842e+00
1.3850000000e+02,7.0368677121e-02,1.3845818957e-02,4.0981487462e-01,9.1562005785e-02,1.1887974849e-01,1.1291022134e-01,1.8261865369e-01,4.7557801097e+00
1.3900000000e+02,7.0224746470e-02,1.3586210180e-02,4.0893749910e-01,9.2074476289e-02,1.2160022346e-01,1.0890848958e-01,1.8466835492e-01,4.7522127780e+00
1.3950000000e+02,7.0010019585e-02,1.3314877939e-02,4.0703213422e-01,9.3579077471e-02,1.2341655102e-01,1.0596613161e-01,1.8668120815e-01,4.7506750200e+00
1.4000000000e+02,6.9824014590e-02,1.3062956118e-02,4.0498212518e-01,9.4664787706e-02,1.2608381136e-01,1.0277920063e-01,1.8860310442e-01,4.7489098512e+00
1.4050000000e+02,6.9664706244e-02,1.2931579867e-02,4.0245744376e-01,9.6393958013e-02,1.2812360115e-01,9.9499672174e-02,1.9092903879e-01,4.7524944159e+00
1.4100000000e+02,6.9808414150e-02,1.2731037237e-02,4.0125680654e-01,9.8144038564e-02,1.3049825036e-01,9.5838552358e-02,1.9172290079e-01,4.7518504091e+00
1.4150000000e+02,6.9744303872e-02,1.2659372520e-02,3.9837982002e-01,1.0034802320e-01,1.3325017272e-01,9.2311970127e-02,1.9330633754e-01,4.7534286536e+00
1.4200000000e+02,6.9167872816e-02,1.2532755919e-02,3.9667022091e-01,1.0266600800e-01,1.3504494053e-01,8.8181601913e-02,1.9573659992e-01,4.7483016630e+00
1.4250000000e+02,6.8633113025e-02,1.2409337690e-02,3.9525936949e-01,1.0510521724e-01,1.3668379822e-01,8.4967239652e-02,1.9694192468e-01,4.7436034617e+00
1.4300000000e+02,6.8751191453e-02,1.2359157383e-02,3.9300288659e-01,1.0718787429e-01,1.3904213652e-01,8.1495621160e-02,1.9816113261e-01,4.7439721112e+00
1.4350000000e+02,6.8754450483e-02,1.2317851782e-02,3.9154005296e-01,1.0975279281e-01,1.4074309878e-01,7.8918786329e-02,1.9797296685e-01,4.7448906043e+00
1.4400000000e+02,6.8593926954e-02,1.2267072300e-02,3.8881459190e-01,1.1128261725e-01,1.4294567023e-01,7.5881531462e-02,2.0021458990e-01,4.7444958218e+00
1.4450000000e+02,6.8045997899e-02,1.2262361879e-02,3.8718989620e-01,1.1399096907e-01,1.4456217194e-01,7.2875849580e-02,2.0107275343e-01,4.7387185999e+00
1.4500000000e+02,6.7586261087e-02,1.2327106777e-02,3.8579672261e-01,1.1540864243e-01,1.4716887587e-01,6.9224893540e-02,2.0248749768e-01,4.7309331912e+00
1.4550000000e+02,6.7016108456e-02,1.2340570064e-02,3.8449345681e-01,1.1830307738e-01,1.4850747835e-01,6.6318806477e-02,2.0302050246e-01,4.7241861872e+00
1.4600000000e+02,6.6673638378e-02,1.2332458013e-02,3.8247776621e-01,1.2017854441e-01,1.5041480628e-01,6.3244485838e-02,2.0467830087e-01,4.7150052887e+00
1.4650000000e+02,6.6509185443e-02,1.2370704565e-02,3.8114909407e-01,1.2185565883e-01,1.5219144235e-01,5.9892448717e-02,2.0603146603e-01,4.7064207815e+00
1.4700000000e+02,6.6032333301e-02,1.2541676256e-02,3.7907507441e-01,1.2397812848e-01,1.5474512373e-01,5.7088943416e-02,2.0653872041e-01,4.7016879801e+00
1.4750000000e+02,6.5430133244e-02,1.2537344272e-02,3.7769277272e-01,1.2558100424e-01,1.5693904793e-01,5.4192919066e-02,2.0762677852e-01,4.6910955394e+00
1.4800000000e+02,6.5252545898e-02,1.2710034906e-02,3.7701684794e-01,1.2755410705e-01,1.5925563494e-01,5.1345056975e-02,2.0686577229e-01,4.6827344052e+00
1.4850000000e+02,6.5198846032e-02,1.2825764089e-02,3.7447939425e-01,1.2991556559e-01,1.6139777871e-01,4.8534392297e-02,2.0764825903e-01,4.6777719752e+00
1.4900000000e+02,6.4806564934e-02,1.3025022593e-02,3.7174143965e-01,1.3164581397e-01,1.6318718276e-01,4.5970319037e-02,2.0962365705e-01,4.6694526672e+00
1.4950000000e+02,6.4404716214e-02,1.3131361306e-02,3.6909105146e-01,1.3366696862e-01,1.6480418287e-01,4.3408701864e-02,2.1149301768e-01,4.6573776877e+00
1.5000000000e+02,6.4068853550e-02,1.3211074427e-02,3.6659474138e-01,1.3502967675e-01,1.6681504450e-01,4.0873774954e-02,2.1340683444e-01,4.6436687313e+00
1.5050000000e+02,6.3499461778e-02,1.3417085542e-02,3.6333298719e-01,1.3677543115e-01,1.6946086860e-01,3.8414495491e-02,2.1509967025e-01,4.6360080714e+00
1.5100000000e+02,6.2754460147e-02,1.3560394288e-02,3.6239443900e-01,1.3833203555e-01,1.7081612995e-01,3.5778384547e-02,2.1636415651e-01,4.6160019786e+00
1.5150000000e+02,6.2302405848e-02,1.3654877445e-02,3.6030542592e-01,1.3979987979e-01,1.7277508906e-01,3.3446571148e-02,2.1771575079e-01,4.5991301368e+00
1.5200000000e+02,6.2372893105e-02,1.3896751821e-02,3.5706492290e-01,1.3996216233e-01,1.7617502161e-01,3.1389357428e-02,2.1913889080e-01,4.5879429821e+00
1.5250000000e+02,6.2458296854e-02,1.4186262757e-02,3.5254398399e-01,1.4190237373e-01,1.7858340503e-01,2.9155087973e-02,2.2117058966e-01,4.5798228835e+00
1.5300000000e+02,6.2263503765e-02,1.4364359414e-02,3.5033774459e-01,1.4377663555e-01,1.8007093672e-01,2.6945462826e-02,2.2224135713e-01,4.5629829592e+00
1.5350000000e+02,6.2101609804e-02,1.4615038516e-02,3.4792084071e-01,1.4440496871e-01,1.8204919657e-01,2.5032523191e-02,2.2387582251e-01,4.5487167297e+00
1.5400000000e+02,6.2076550375e-02,1.4757817306e-02,3.4686248000e-01,1.4570653724e-01,1.8321759110e-01,2.3121522886e-02,2.2425750110e-01,4.5318684719e+00
1.5450000000e+02,6.1667144911e-02,1.4951231355e-02,3.4447179562e-01,1.4689167418e-01,1.8531720409e-01,2.1239672136e-02,2.2546127771e-01,4.5117325222e+00
1.5500000000e+02,6.1508951513e-02,1.5199698678e-02,3.4279545103e-01,1.4755420656e-01,1.8770362917e-01,1.9192112396e-02,2.2604595066e-01,4.4899153310e+00
1.5550000000e+02,6.0904089516e-02,1.5337080528e-02,3.4118373001e-01,1.4876069156e-01,1.8911298884e-01,1.7553418937e-02,2.2714800061e-01,4.4691445312e+00
1.5600000000e+02,6.0828547245e-02,1.5612520194e-02,3.3942187320e-01,1.4892055959e-01,1.9067397086e-01,1.5922358401e-02,2.2862017052e-01,4.4512007122e+00
1.5650000000e+02,6.0897901648e-02,1.5895752754e-02,3.3556215107e-01,1.4996014782e-01,1.9340115960e-01,1.4483126567e-02,2.2979976054e-01,4.4358147447e+00
1.5700000000e+02,6.0356657840e-02,1.5953009286e-02,3.3265472183e-01,1.5040895911e-01,1.9498498844e-01,1.3036959503e-02,2.3260470399e-01,4.4099183612e+00
1.5750000000e+02,5.9580513901e-02,1.6143536897e-02,3.3068441356e-01,1.5075832269e-01,1.9717769597e-01,1.1748969993e-02,2.3390654699e-01,4.3837033200e+00
1.5800000000e+02,5.9866975297e-02,1.6358844376e-02,3.2830681943e-01,1.5218306880e-01,1.9910451169e-01,1.0576345470e-02,2.3360343494e-01,4.3659154393e+00
1.5850000000e+02,5.9858555921e-02,1.6686596998e-02,3.2559674037e-01,1.5313783303e-01,2.0068575756e-01,9.5283326347e-03,2.3450618348e-01,4.3452630331e+00
1.5900000000e+02,5.9721910160e-02,1.6903838546e-02,3.2370219392e-01,1.5350332668e-01,2.0333034639e-01,8.5737107723e-03,2.3426467353e-01,4.3234151235e+00
1.5950000000e+02,5.9954949787e-02,1.7293438289e-02,3.2039266121e-01,1.5393034508e-01,2.0616066505e-01,7.6441145215e-03,2.3462382606e-01,4.3055073944e+00
1.6000000000e+02,5.9846316508e-02,1.7626320028e-02,3.1599980792e-01,1.5394955597e-01,2.0874046638e-01,6.8659163707e-03,2.3697161682e-01,4.2858395003e+00
1.6050000000e+02,5.9808035958e-02,1.7949631652e-02,3.1315827489e-01,1.5429056736e-01,2.1072136895e-01,6.2246184506e-03,2.3784750274e-01,4.2645131866e+00
1.6100000000e+02,5.9477256052e-02,1.8270789218e-02,3.1010469736e-01,1.5411840078e-01,2.1334709293e-01,5.6043768728e-03,2.3907738679e-01,4.2404506877e+00
1.6150000000e+02,5.9452458038e-02,1.8615917848e-02,3.0680559452e-01,1.5338748878e-01,2.1688992728e-01,5.1064843813e-03,2.3974212916e-01,4.2188124643e+00
1.6200000000e+02,5.9154579517e-02,1.8883558039e-02,3.0570177621e-01,1.5252991892e-01,2.1902206525e-01,4.7279051534e-03,2.3998019691e-01,4.1928072383e+00
1.6250000000e+02,5.8969678905e-02,1.9036389328e-02,3.0242259705e-01,1.5142723166e-01,2.2149014760e-01,4.4592346680e-03,2.4219472079e-01,4.1685399033e+00
1.6300000000e+02,5.8472513846e-02,1.9253529556e-02,3.0056162865e-01,1.5029173912e-01,2.2386568718e-01,4.2712428135e-03,2.4328365884e-01,4.1481969471e+00
1.6350000000e+02,5.8504795384e-02,1.9500309301e-02,2.9916426644e-01,1.4890881910e-01,2.2525087332e-01,4.1740275773e-03,2.4449690889e-01,4.1388688783e+00
1.6400000000e+02,5.8446684889e-02,1.9696659982e-02,2.9697032118e-01,1.4853104375e-01,2.2667112168e-01,4.1960167553e-03,2.4548815176e-01,4.1493264224e+00
1.6450000000e+02,5.8081164535e-02,1.9728436968e-02,2.9468817929e-01,1.4745342561e-01,2.2951656011e-01,4.2917423007e-03,2.4624049119e-01,4.1659613806e+00
1.6500000000e+02,5.8000013700e-02,1.9962641803e-02,2.9222898386e-01,1.4712844376e-01,2.3066766723e-01,4.5068566731e-03,2.4750539297e-01,4.1930340056e+00
1.6550000000e+02,5.7690079678e-02,2.0124605590e-02,2.8880304457e-01,1.4534514111e-01,2.3436011683e-01,4.8454052917e-03,2.4883160693e-01,4.2193836749e+00
1.6600000000e+02,5.6949478147e-02,2.0405033832e-02,2.8778943629e-01,1.4395041413e-01,2.3693320953e-01,5.2882874549e-03,2.4868414062e-01,4.2405415650e+00
1.6650000000e+02,5.6959258686e-02,2.0583097328e-02,2.8502305529e-01,1.4276068452e-01,2.3955328425e-01,5.8202859220e-03,2.4930033401e-01,4.2676706713e+00
1.6700000000e+02,5.6878534123e-02,2.0859034945e-02,2.8246033477e-01,1.4105376809e-01,2.4235391950e-01,6.4651382758e-03,2.4992927030e-01,4.2952943372e+00
1.6750000000e+02,5.7434733247e-02,2.1203550937e-02,2.7973695709e-01,1.3969090677e-01,2.4468126931e-01,7.1911642748e-03,2.5006141838e-01,4.3247274195e+00
1.6800000000e+02,5.6959291369e-02,2.1250574689e-02,2.7853420142e-01,1.3776572115e-01,2.4698437764e-01,8.0585237087e-03,2.5044731001e-01,4.3483403329e+00
1.6850000000e+02,5.6825045342e-02,2.1293196838e-02,2.7811396278e-01,1.3573662162e-01,2.4844519602e-01,9.0444354537e-03,2.5054154195e-01,4.3716363266e+00
1.6900000000e+02,5.6584106532e-02,2.1300663872e-02,2.7573133703e-01,1.3388895316e-01,2.5059553544e-01,1.0071547206e-02,2.5182785676e-01,4.3940900210e+00
1.6950000000e+02,5.6193008804e-02,2.1584014970e-02,2.7435058211e-01,1.3225107784e-01,2.5093917866e-01,1.1171873886e-02,2.5351026373e-01,4.4153664914e+00
1.7000000000e+02,5.6045470897e-02,2.1752810794e-02,2.7223410820e-01,1.3115096429e-01,2.5225437623e-01,1.2376333596e-02,2.5418593598e-01,4.4399615042e+00
1.7050000000e+02,5.5960326185e-02,2.2036263761e-02,2.7116898584e-01,1.2911750447e-01,2.5163640840e-01,1.3672351672e-02,2.5640815967e-01,4.4603248358e+00
1.7100000000e+02,5.6053366603e-02,2.2157116082e-02,2.7015677291e-01,1.2721317261e-01,2.5251556928e-01,1.5046867606e-02,2.5685713491e-01,4.4785268978e+00
1.7150000000e+02,5.6066999173e-02,2.2316767546e-02,2.6916977880e-01,1.2455691573e-01,2.5338985459e-01,1.6516566931e-02,2.5798311724e-01,4.4967872409e+00
1.7200000000e+02,5.6063229570e-02,2.2617245769e-02,2.6749641876e-01,1.2267356941e-01,2.5393246138e-01,1.8315914121e-02,2.5890116099e-01,4.5222334287e+00
1.7250000000e+02,5.5685028505e-02,2.2648924113e-02,2.6501881457e-01,1.1992825529e-01,2.5751879604e-01,2.0118847375e-02,2.5908133410e-01,4.5356721856e+00
1.7300000000e+02,5.5487793638e-02,2.2715606445e-02,2.6369311357e-01,1.1729166310e-01,2.5822323778e-01,2.1979148095e-02,2.6060943738e-01,4.5505112308e+00
1.7350000000e+02,5.5375767900e-02,2.2864326386e-02,2.6315091619e-01,1.1489131081e-01,2.5913651033e-01,2.3970694284e-02,2.6061047410e-01,4.5699494618e+00
1.7400000000e+02,5.5110911439e-02,2.2973624133e-02,2.6107758874e-01,1.1256694202e-01,2.6060564808e-01,2.5682459085e-02,2.6198282649e-01,4.5815377410e+00
1.7450000000e+02,5.4772760096e-02,2.3130684848e-02,2.6042687851e-01,1.0951420809e-01,2.6186722524e-01,2.7542239232e-02,2.6274600398e-01,4.5929355707e+00
1.7500000000e+02,5.4594280003e-02,2.3177189268e-02,2.5975755606e-01,1.0685409318e-01,2.6240061188e-01,2.9535201057e-02,2.6368106856e-01,4.6037755736e+00
1.7550000000e+02,5.4357075869e-02,2.3315599287e-02,2.5771299694e-01,1.0472387324e-01,2.6460741223e-01,3.1650955459e-02,2.6363208697e-01,4.6133429331e+00
1.7600000000e+02,5.3933390277e-02,2.3305425563e-02,2.5620069934e-01,1.0242518612e-01,2.6598247862e-01,3.3759472200e-02,2.6439334788e-01,4.6178935163e+00
1.7650000000e+02,5.3532374859e-02,2.3434638734e-02,2.5399095122e-01,9.9427032596e-02,2.6788266729e-01,3.5926280103e-02,2.6580605520e-01,4.6230139325e+00
1.7700000000e+02,5.3442288374e-02,2.3512269765e-02,2.5328326290e-01,9.6850103893e-02,2.6968103950e-01,3.8322871014e-02,2.6490816456e-01,4.6293280183e+00
1.7750000000e+02,5.3395080082e-02,2.3629552820e-02,2.5036497510e-01,9.3982057982e-02,2.7195359169e-01,4.0535423465e-02,2.6613931886e-01,4.6354380165e+00
1.7800000000e+02,5.3361038203e-02,2.3752974007e-02,2.4867619494e-01,9.0495425508e-02,2.7292764693e-01,4.2861117839e-02,2.6792560258e-01,4.6366718431e+00
1.7850000000e+02,5.3562728185e-02,2.3783350379e-02,2.4858759400e-01,8.7388311493e-02,2.7295889410e-01,4.5484374356e-02,2.6823474749e-01,4.6415528015e+00
1.7900000000e+02,5.3525993813e-02,2.3896526482e-02,2.4703159607e-01,8.5039333033e-02,2.7369410864e-01,4.8273575024e-02,2.6853886693e-01,4.6466776498e+00
1.7950000000e+02,5.3065013807e-02,2.4074085689e-02,2.4705399076e-01,8.2078917212e-02,2.7590794238e-01,5.0939641297e-02,2.6688040885e-01,4.6477127566e+00
1.8000000000e+02,5.3371116844e-02,2.4109539493e-02,2.4678923908e-01,7.9367823258e-02,2.7707629019e-01,5.3817392246e-02,2.6546859889e-01,4.6545194242e+00
1.8050000000e+02,5.3058556189e-02,2.3963341919e-02,2.4530178370e-01,7.6646250913e-02,2.7790056981e-01,5.6392258756e-02,2.6673723871e-01,4.6462750505e+00
1.8100000000e+02,5.2584755204e-02,2.3887043736e-02,2.4300034840e-01,7.4009531189e-02,2.7950074263e-01,5.9126375496e-02,2.6789120335e-01,4.6447367098e+00
1.8150000000e+02,5.1989788152e-02,2.3820299775e-02,2.4224444921e-01,7.0963955596e-02,2.7968163685e-01,6.1931740608e-02,2.6936812981e-01,4.6377442520e+00
1.8200000000e+02,5.1327006412e-02,2.3881117786e-02,2.4028273645e-01,6.8130873833e-02,2.8186731139e-01,6.4497585187e-02,2.7001336894e-01,4.6271400531e+00
1.8250000000e+02,5.0705324665e-02,2.3867294531e-02,2.3947190747e-01,6.5236458515e-02,2.8316006799e-01,6.7263260035e-02,2.7029568679e-01,4.6177750895e+00
1.8300000000e+02,5.0417214080e-02,2.3835983080e-02,2.3866379122e-01,6.2284577921e-02,2.8301927690e-01,7.0610049583e-02,2.7116910721e-01,4.6082669903e+00
1.8350000000e+02,4.9999720210e-02,2.3681669031e-02,2.3802199398e-01,5.9862527961e-02,2.8303353023e-01,7.4262002177e-02,2.7113855641e-01,4.6034493231e+00
1.8400000000e+02,4.9706938476e-02,2.3635195072e-02,2.3832354116e-01,5.7149910229e-02,2.8351139174e-01,7.7527048815e-02,2.7014597451e-01,4.5944770543e+00
1.8450000000e+02,4.9233586838e-02,2.3716837487e-02,2.3691228936e-01,5.4711194060e-02,2.8341611738e-01,8.0797727661e-02,2.7121224721e-01,4.5857372778e+00
1.8500000000e+02,4.8889420661e-02,2.3639376750e-02,2.3642713410e-01,5.1913330990e-02,2.8508729871e-01,8.3544530289e-02,2.7049890850e-01,4.5672483931e+00
1.8550000000e+02,4.8730109922e-02,2.3407937070e-02,2.3561777389e-01,4.9056626327e-02,2.8578383911e-01,8.6164059951e-02,2.7123965373e-01,4.5475766235e+00
1.8600000000e+02,4.8408001763e-02,2.3521596319e-02,2.3517550550e-01,4.6558932709e-02,2.8564728935e-01,8.9510437791e-02,2.7117823657e-01,4.5321038498e+00
1.8650000000e+02,4.8138963201e-02,2.3521631006e-02,2.3365111816e-01,4.4361635684e-02,2.8495839971e-01,9.3557470631e-02,2.7181078161e-01,4.5193223190e+00
1.8700000000e+02,4.8389801131e-02,2.3548728160e-02,2.3212139308e-01,4.2380906562e-02,2.8468921768e-01,9.7911042391e-02,2.7095891100e-01,4.5099111279e+00
1.8750000000e+02,4.8120073318e-02,2.3565248885e-02,2.3028374869e-01,4.0119088138e-02,2.8550778932e-01,1.0145434909e-01,2.7094970257e-01,4.4922984168e+00
1.8800000000e+02,4.8168222738e-02,2.3557297606e-02,2.2947835571e-01,3.8398084103e-02,2.8457589840e-01,1.0595942228e-01,2.6986271915e-01,4.4799617482e+00
1.8850000000e+02,4.7734420445e-02,2.3726979807e-02,2.2945556735e-01,3.6568686495e-02,2.8269804522e-01,1.1038749973e-01,2.6942880096e-01,4.4590086321e+00
1.8900000000e+02,4.7630449651e-02,2.3877382782e-02,2.2882155598e-01,3.5201395508e-02,2.8197838160e-01,1.1482172631e-01,2.6766910818e-01,4.4477161771e+00
1.8950000000e+02,4.7424504338e-02,2.3891327414e-02,2.2761019969e-01,3.3962783176e-02,2.8250193603e-01,1.1913820161e-01,2.6547104774e-01,4.4333622651e+00
1.9000000000e+02,4.7255155528e-02,2.4094542620e-02,2.2636754860e-01,3.2721285560e-02,2.8033063478e-01,1.2270145560e-01,2.6652937731e-01,4.4164442918e+00
1.9050000000e+02,4.7097248402e-02,2.4100774615e-02,2.2524396276e-01,3.1543417760e-02,2.7956262971e-01,1.2709349171e-01,2.6535847503e-01,4.3981020313e+00
1.9100000000e+02,4.6653449182e-02,2.4091384888e-02,2.2427498854e-01,3.0272854950e-02,2.7934086583e-01,1.3017127306e-01,2.6519518354e-01,4.3748867474e+00
1.9150000000e+02,4.6295830041e-02,2.4238548440e-02,2.2354051440e-01,2.9356300261e-02,2.7929629853e-01,1.3407752585e-01,2.6319498247e-01,4.3584288116e+00
1.9200000000e+02,4.5934578244e-02,2.4281735178e-02,2.2295390044e-01,2.8659680525e-02,2.7781579927e-01,1.3848362925e-01,2.6187067710e-01,4.3442475100e+00
1.9250000000e+02,4.5381763350e-02,2.4415478033e-02,2.2271905413e-01,2.8081037477e-02,2.7630935237e-01,1.4248983049e-01,2.6060348415e-01,4.3297775722e+00
1.9300000000e+02,4.5192241773e-02,2.4641175075e-02,2.2200354513e-01,2.7666859499e-02,2.7378169165e-01,1.4607265689e-01,2.6064182998e-01,4.3196433371e+00
1.9350000000e+02,4.4582636550e-02,2.4880473922e-02,2.2130869982e-01,2.7213125695e-02,2.7294208524e-01,1.4994346640e-01,2.5912951238e-01,4.3100727629e+00
1.9400000000e+02,4.3752170610e-02,2.5080302840e-02,2.2037191563e-01,2.7133314073e-02,2.7170028060e-01,1.5355104383e-01,2.5841097242e-01,4.2979983508e+00
1.9450000000e+02,4.3374280311e-02,2.5261417240e-02,2.1876004659e-01,2.7537373919e-02,2.7061650322e-01,1.5708779028e-01,2.5736258844e-01,4.2978661368e+00
1.9500000000e+02,4.2946502315e-02,2.5137881557e-02,2.1832121803e-01,2.8085579660e-02,2.6720272420e-01,1.6159371824e-01,2.5671237599e-01,4.2977317990e+00
1.9550000000e+02,4.2506463808e-02,2.5058901790e-02,2.1834074686e-01,2.8428179222e-02,2.6555124480e-01,1.6565348259e-01,2.5446098094e-01,4.3001656229e+00
1.9600000000e+02,4.2104085842e-02,2.5195158923e-02,2.1896231150e-01,2.8717702773e-02,2.6288371935e-01,1.6991073237e-01,2.5222628924e-01,4.3064925474e+00
1.9650000000e+02,4.1815002038e-02,2.5220920376e-02,2.1847476280e-01,2.9704129857e-02,2.6061656538e-01,1.7393260159e-01,2.5023601796e-01,4.3143652721e+00
1.9700000000e+02,4.1452884655e-02,2.5224152631e-02,2.1787361343e-01,3.0552842166e-02,2.5936047919e-01,1.7805683714e-01,2.4747919079e-01,4.3274860915e+00
1.9750000000e+02,4.0847994440e-02,2.5236167067e-02,2.1706037128e-01,3.1303168938e-02,2.5529380716e-01,1.8231340513e-01,2.4794508599e-01,4.3389275070e+00
1.9800000000e+02,4.0130927428e-02,2.5423657442e-02,2.1620333332e-01,3.2355680071e-02,2.5286868809e-01,1.8704914894e-01,2.4596856471e-01,4.3559331509e+00
1.9850000000e+02,3.9661160409e-02,2.5724766377e-02,2.1556500449e-01,3.3742381184e-02,2.5060376393e-01,1.9061157729e-01,2.4409134633e-01,4.3734505418e+00
1.9900000000e+02,3.9260032468e-02,2.5844792138e-02,2.1431193259e-01,3.5190538184e-02,2.4865354438e-01,1.9335405200e-01,2.4338510823e-01,4.3921342327e+00
1.9950000000e+02,3.8572467081e-02,2.6052655489e-02,2.1322463989e-01,3.7156562139e-02,2.4582561850e-01,1.9764654333e-01,2.4152151357e-01,4.4116385716e+00
2.0000000000e+02,3.8134795820e-02,2.5933968007e-02,2.1221419111e-01,3.8815460068e-02,2.4150833508e-01,2.0307153421e-01,2.4032171571e-01,4.4284488861e+00
2.0050000000e+02,3.7636617307e-02,2.6038740736e-02,2.1361599601e-01,4.0889310847e-02,2.3859255173e-01,2.0738365913e-01,2.3584312424e-01,4.4458733722e+00
2.0100000000e+02,3.7272443954e-02,2.6371125093e-02,2.1211588588e-01,4.3342711886e-02,2.3552053197e-01,2.1252008334e-01,2.3285721789e-01,4.4694883181e+00
2.0150000000e+02,3.6799017109e-02,2.6648575690e-02,2.1104304017e-01,4.6025976550e-02,2.3276706011e-01,2.1619735383e-01,2.3051897654e-01,4.4868183813e+00
2.0200000000e+02,3.6139131772e-02,2.6817477194e-02,2.1123505150e-01,4.9153857059e-02,2.2909971375e-01,2.1934804948e-01,2.2820671925e-01,4.5032701499e+00
2.0250000000e+02,3.5419388874e-02,2.6729329798e-02,2.1066168800e-01,5.1627044607e-02,2.2646885593e-01,2.2334188972e-01,2.2575180307e-01,4.5191971399e+00
2.0300000000e+02,3.4856863822e-02,2.7008070432e-02,2.1024869643e-01,5.4369189442e-02,2.2329985482e-01,2.2750812974e-01,2.2270919531e-01,4.5378501493e+00
2.0350000000e+02,3.4330243433e-02,2.7076758963e-02,2.1013313859e-01,5.7155306398e-02,2.1989331933e-01,2.3046810930e-01,2.2094312398e-01,4.5538577441e+00
2.0400000000e+02,3.3461254552e-02,2.7113162335e-02,2.1121231169e-01,6.0124468137e-02,2.1639715288e-01,2.3368081069e-01,2.1801083972e-01,4.5624810727e+00
2.0450000000e+02,3.2773122438e-02,2.7182050543e-02,2.1199340272e-01,6.3580754119e-02,2.1306026414e-01,2.3631072735e-01,2.1509967868e-01,4.5726000136e+00
2.0500000000e+02,3.2367305861e-02,2.7302457077e-02,2.1095447383e-01,6.6929206187e-02,2.0869160271e-01,2.4051588326e-01,2.1323907107e-01,4.5901357262e+00
2.0550000000e+02,3.2053648309e-02,2.7311623443e-02,2.1089709821e-01,7.0275433091e-02,2.0502988112e-01,2.4435593453e-01,2.1007638129e-01,4.6012190967e+00
2.0600000000e+02,3.1839758538e-02,2.7595575829e-02,2.0987438562e-01,7.4016504132e-02,2.0097887912e-01,2.4787728690e-01,2.0781760986e-01,4.6132123386e+00
2.0650000000e+02,3.1251823386e-02,2.7926739429e-02,2.0894290372e-01,7.7725197027e-02,1.9601986345e-01,2.5249777164e-01,2.0563570135e-01,4.6236918854e+00
2.0700000000e+02,3.0808178839e-02,2.8058756609e-02,2.0803173862e-01,8.1438915458e-02,1.9207203721e-01,2.5674010443e-01,2.0285026884e-01,4.6304815355e+00
2.0750000000e+02,3.0286982478e-02,2.8078240150e-02,2.0692125967e-01,8.5441428143e-02,1.8863716433e-01,2.6092756496e-01,1.9970736026e-01,4.6308623243e+00
2.0800000000e+02,2.9963401539e-02,2.7985665622e-02,2.0589119423e-01,8.9972519913e-02,1.8452466896e-01,2.6473461418e-01,1.9692793555e-01,4.6328979154e+00
2.0850000000e+02,2.9465576648e-02,2.8306458894e-02,2.0455562458e-01,9.4455090606e-02,1.8074329048e-01,2.6724868099e-01,1.9522527780e-01,4.6374465037e+00
2.0900000000e+02,2.9063744057e-02,2.8584824167e-02,2.0454012028e-01,9.9098410078e-02,1.7610665150e-01,2.7084871081e-01,1.9175753911e-01,4.6415172188e+00
2.0950000000e+02,2.8775108141e-02,2.8762277443e-02,2.0445409065e-01,1.0405341065e-01,1.7092486094e-01,2.7485541795e-01,1.8817483422e-01,4.6450810008e+00
2.1000000000e+02,2.8541766078e-02,2.8901223936e-02,2.0280508933e-01,1.0820350357e-01,1.6690773923e-01,2.7979435311e-01,1.8484632474e-01,4.6447834254e+00
2.1050000000e+02,2.8144376925e-02,2.8982711826e-02,2.0320726968e-01,1.1273221510e-01,1.6229844846e-01,2.8318022647e-01,1.8145475153e-01,4.6441409780e+00
2.1100000000e+02,2.7777503342e-02,2.9097375345e-02,2.0252255383e-01,1.1701862572e-01,1.5895037839e-01,2.8630765173e-01,1.7832591165e-01,4.6416913130e+00
2.1150000000e+02,2.7307296134e-02,2.9144814150e-02,2.0053160228e-01,1.2276474320e-01,1.5489378962e-01,2.9008125933e-01,1.7527649529e-01,4.6396492011e+00
2.1200000000e+02,2.6708756951e-02,2.9078671973e-02,1.9951275626e-01,1.2682523218e-01,1.5155042469e-01,2.9402919221e-01,1.7229496573e-01,4.6303055680e+00
2.1250000000e+02,2.6034034391e-02,2.9168936622e-02,1.9758207361e-01,1.3158907324e-01,1.4849366799e-01,2.9703364583e-01,1.7009856832e-01,4.6265535341e+00
2.1300000000e+02,2.5580164616e-02,2.9115064213e-02,1.9690151953e-01,1.3693823570e-01,1.4402648297e-01,3.0103275296e-01,1.6640578001e-01,4.6184902055e+00
2.1350000000e+02,2.5218033182e-02,2.9334352709e-02,1.9692950570e-01,1.4199941934e-01,1.4062902937e-01,3.0332259558e-01,1.6256706412e-01,4.6141117800e+00
2.1400000000e+02,2.4733572839e-02,2.9417780891e-02,1.9600164778e-01,1.4757796977e-01,1.3726242771e-01,3.0508305679e-01,1.5992354423e-01,4.6055921782e+00
2.1450000000e+02,2.4254518836e-02,2.9550049214e-02,1.9437837554e-01,1.5311943903e-01,1.3379743008e-01,3.0794546724e-01,1.5695472006e-01,4.5966836856e+00
2.1500000000e+02,2.3945143533e-02,2.9508213006e-02,1.9343965965e-01,1.5873312705e-01,1.2929164533e-01,3.1082934157e-01,1.5425286986e-01,4.5809115866e+00
2.1550000000e+02,2.3586576996e-02,2.9542478484e-02,1.9211666689e-01,1.6398026404e-01,1.2541680582e-01,3.1418393744e-01,1.5117327033e-01,4.5668283226e+00
2.1600000000e+02,2.3181378098e-02,2.9536599027e-02,1.8977732482e-01,1.7012349100e-01,1.2172572214e-01,3.1580153796e-01,1.4985394696e-01,4.5577269618e+00
2.1650000000e+02,2.2766178438e-02,2.9482588644e-02,1.8837292142e-01,1.7562294471e-01,1.1822583119e-01,3.1870218265e-01,1.4682735295e-01,4.5392843630e+00
2.1700000000e+02,2.2278010299e-02,2.9719481581e-02,1.8759704190e-01,1.8015578523e-01,1.1442473177e-01,3.2115661550e-01,1.4466833373e-01,4.5221411297e+00
2.1750000000e+02,2.1947449005e-02,2.9688427481e-02,1.8587859876e-01,1.8509621181e-01,1.1144630992e-01,3.2423503775e-01,1.4170796528e-01,4.5066674690e+00
2.1800000000e+02,2.1508923983e-02,2.9811318472e-02,1.8537909229e-01,1.8929220508e-01,1.0810349275e-01,3.2600658482e-01,1.3989838261e-01,4.4925306811e+00
2.1850000000e+02,2.1021447254e-02,2.9850680542e-02,1.8336191987e-01,1.9447128193e-01,1.0484756482e-01,3.2781804511e-01,1.3862906046e-01,4.4752912226e+00
2.1900000000e+02,2.0710663905e-02,2.9635979920e-02,1.8264626736e-01,1.9981278565e-01,1.0174793222e-01,3.2972900146e-01,1.3571736949e-01,4.4568452044e+00
2.1950000000e+02,2.0315634513e-02,2.9496323396e-02,1.8073263501e-01,2.0498617022e-01,9.9718570198e-02,3.3090907398e-01,1.3384159268e-01,4.4386253831e+00
2.2000000000e+02,1.9902534615e-02,2.9229212948e-02,1.7881563759e-01,2.1095988609e-01,9.6658373129e-02,3.3334530630e-01,1.3108904933e-01,4.4160059661e+00
2.2050000000e+02,1.9557903378e-02,2.9078159344e-02,1.7757513495e-01,2.1715221386e-01,9.3551870593e-02,3.3364116321e-01,1.2944355466e-01,4.3912223619e+00
2.2100000000e+02,1.9346967860e-02,2.8835232000e-02,1.7594865765e-01,2.2209923012e-01,9.1523788343e-02,3.3467225828e-01,1.2757386575e-01,4.3763761919e+00
2.2150000000e+02,1.8970884651e-02,2.8680312988e-02,1.7457820260e-01,2.2814859287e-01,8.8618094457e-02,3.3590465079e-01,1.2509926165e-01,4.3505671805e+00
2.2200000000e+02,1.8758311381e-02,2.8585418352e-02,1.7332972285e-01,2.3281992413e-01,8.5790560435e-02,3.3766022215e-01,1.2305584071e-01,4.3302882604e+00
2.2250000000e+02,1.8492231634e-02,2.8461947711e-02,1.7135437366e-01,2.3824898457e-01,8.3815796912e-02,3.3814419304e-01,1.2148247248e-01,4.3126640812e+00
2.2300000000e+02,1.8114880359e-02,2.8325571179e-02,1.6910172686e-01,2.4379338618e-01,8.1541234946e-02,3.3873339432e-01,1.2038980616e-01,4.2946926628e+00
2.2350000000e+02,1.7764105111e-02,2.8166294164e-02,1.6594811625e-01,2.4992332696e-01,7.9393184615e-02,3.3980779593e-01,1.1899717697e-01,4.2712034643e+00
2.2400000000e+02,1.7601514616e-02,2.7992816483e-02,1.6430313396e-01,2.5544410709e-01,7.7412875093e-02,3.3958649210e-01,1.1765906066e-01,4.2499520775e+00
2.2450000000e+02,1.7424527071e-02,2.7669895358e-02,1.6204363992e-01,2.6085668012e-01,7.5082288272e-02,3.4087665465e-01,1.1604631461e-01,4.2251611736e+00
2.2500000000e+02,1.7224153704e-02,2.7324908182e-02,1.5998993010e-01,2.6592255263e-01,7.3326348039e-02,3.4199456524e-01,1.1421754212e-01,4.2013066526e+00
2.2550000000e+02,1.7125354495e-02,2.6983654833e-02,1.5747881599e-01,2.7194429565e-01,7.0997566488e-02,3.4347319713e-01,1.1199711542e-01,4.1784521944e+00
2.2600000000e+02,1.6955063316e-02,2.6610592338e-02,1.5485304761e-01,2.7652190877e-01,6.9713465783e-02,3.4423971465e-01,1.1110620753e-01,4.1571163921e+00
2.2650000000e+02,1.6890547724e-02,2.6281131676e-02,1.5285032103e-01,2.8144251826e-01,6.8156825236e-02,3.4533359673e-01,1.0904505934e-01,4.1360544624e+00
2.2700000000e+02,1.6617893379e-02,2.5886460941e-02,1.5125364206e-01,2.8583839118e-01,6.6594061076e-02,3.4615989017e-01,1.0764966119e-01,4.1128696679e+00
2.2750000000e+02,1.6571703865e-02,2.5641220566e-02,1.5007025419e-01,2.8832728048e-01,6.5354651612e-02,3.4734454653e-01,1.0669034276e-01,4.0921634449e+00
2.2800000000e+02,1.6567129115e-02,2.5477197428e-02,1.4839324440e-01,2.9309384293e-01,6.4703623394e-02,3.4619314912e-01,1.0557181361e-01,4.0772618977e+00
2.2850000000e+02,1.6546254082e-02,2.5224400645e-02,1.4558036061e-01,2.9746138107e-01,6.3811899551e-02,3.4653376164e-01,1.0484194240e-01,4.0603199817e+00
2.2900000000e+02,1.6522441619e-02,2.4943462664e-02,1.4361149168e-01,3.0193655159e-01,6.2714689394e-02,3.4645970618e-01,1.0381165687e-01,4.0396021506e+00
2.2950000000e+02,1.6441521230e-02,2.4726654649e-02,1.4292403351e-01,3.0412066927e-01,6.2055195748e-02,3.4708829801e-01,1.0264362758e-01,4.0300774922e+00
2.3000000000e+02,1.6379215352e-02,2.4411462563e-02,1.4093408712e-01,3.0908816242e-01,6.1173900375e-02,3.4738871339e-01,1.0062445878e-01,4.0097999523e+00
2.3050000000e+02,1.6352319435e-02,2.3971163700e-02,1.3881250432e-01,3.1310234533e-01,6.0098268201e-02,3.4782621396e-01,9.9837185050e-02,3.9901497080e+00
2.3100000000e+02,1.6308485972e-02,2.3653142295e-02,1.3701701489e-01,3.1618139308e-01,5.9733255235e-02,3.4799778803e-01,9.9108920507e-02,3.9723744254e+00
2.3150000000e+02,1.6340691519e-02,2.3396231490e-02,1.3525079641e-01,3.1902591181e-01,5.9106858759e-02,3.4849682808e-01,9.8382681937e-02,3.9547719734e+00
2.3200000000e+02,1.6464883214e-02,2.2835776262e-02,1.3290384265e-01,3.2320535891e-01,5.8712371048e-02,3.4882631867e-01,9.7051449241e-02,3.9354128440e+00
2.3250000000e+02,1.6468165830e-02,2.2616143244e-02,1.3058785432e-01,3.2730027264e-01,5.8678317931e-02,3.4836227658e-01,9.5986969464e-02,3.9207197331e+00
2.3300000000e+02,1.6440994505e-02,2.2168264202e-02,1.2708063993e-01,3.3210947784e-01,5.8793988466e-02,3.4827661492e-01,9.5130020140e-02,3.8975544505e+00
2.3350000000e+02,1.6503545841e-02,2.1712506329e-02,1.2456242642e-01,3.3701336838e-01,5.8915868610e-02,3.4712360549e-01,9.4168678928e-02,3.8827509088e+00
2.3400000000e+02,1.6541745019e-02,2.1151019335e-02,1.2191039391e-01,3.4144958036e-01,5.9286370192e-02,3.4556219553e-01,9.4098695650e-02,3.8689100597e+00
2.3450000000e+02,1.6494777533e-02,2.0547883158e-02,1.1920748803e-01,3.4713199880e-01,5.9791444413e-02,3.4327301202e-01,9.3553396044e-02,3.8510763741e+00
2.3500000000e+02,1.6817751039e-02,2.0154139471e-02,1.1766143358e-01,3.4879353938e-01,6.0298770682e-02,3.4290021217e-01,9.3374153671e-02,3.8469375582e+00
2.3550000000e+02,1.6979426941e-02,1.9821776791e-02,1.1643836523e-01,3.5104947290e-01,6.1098607003e-02,3.4178558330e-01,9.2826767846e-02,3.8387179286e+00
2.3600000000e+02,1.7174692304e-02,1.9398137207e-02,1.1364346551e-01,3.5608762667e-01,6.1641447581e-02,3.4024098451e-01,9.1813646215e-02,3.8268028189e+00
2.3650000000e+02,1.7317682219e-02,1.8883855259e-02,1.1164560862e-01,3.5940392782e-01,6.2253966736e-02,3.3868072533e-01,9.1814234016e-02,3.8124211500e+00
2.3700000000e+02,1.7515607741e-02,1.8296636038e-02,1.0932147420e-01,3.6213875299e-01,6.3253480322e-02,3.3798251599e-01,9.1491532727e-02,3.8007785550e+00
2.3750000000e+02,1.7673071681e-02,1.7745628224e-02,1.0619324718e-01,3.6591066336e-01,6.3903911675e-02,3.3715309440e-01,9.1420383482e-02,3.7823624219e+00
2.3800000000e+02,1.7819583613e-02,1.7233578654e-02,1.0434177248e-01,3.6901822466e-01,6.4515239958e-02,3.3585253019e-01,9.1219070442e-02,3.7648662226e+00
2.3850000000e+02,1.7961648750e-02,1.6729978241e-02,1.0265951171e-01,3.7142491742e-01,6.5580775039e-02,3.3449031301e-01,9.1152855829e-02,3.7547578666e+00
2.3900000000e+02,1.8240287467e-02,1.6238775940e-02,1.0123963986e-01,3.7409983966e-01,6.6393938839e-02,3.3215579284e-01,9.1631725392e-02,3.7493467157e+00
2.3950000000e+02,1.8422403854e-02,1.5762040200e-02,9.8473984214e-02,3.7838660677e-01,6.7702977535e-02,3.2921564102e-01,9.2036346407e-02,3.7381079818e+00
2.4000000000e+02,1.8569903587e-02,1.5183836017e-02,9.6481981461e-02,3.8264947847e-01,6.8439220926e-02,3.2653171246e-01,9.2143867078e-02,3.7220427474e+00
2.4050000000e+02,1.8774358189e-02,1.4776632457e-02,9.4904405228e-02,3.8528892843e-01,6.9024853058e-02,3.2502597351e-01,9.2204849128e-02,3.7104292717e+00
2.4100000000e+02,1.8992875986e-02,1.4314558517e-02,9.2585262282e-02,3.8881118662e-01,7.0144413941e-02,3.2324879587e-01,9.1902906792e-02,3.6988281574e+00
2.4150000000e+02,1.9187717034e-02,1.3883199843e-02,9.0591360811e-02,3.9236566742e-01,7.1115752791e-02,3.2067505625e-01,9.2181245859e-02,3.6877317177e+00
2.4200000000e+02,1.9387367838e-02,1.3360334555e-02,8.8416989190e-02,3.9703044510e-01,7.1813322538e-02,3.1794544731e-01,9.2046093475e-02,3.6707798389e+00
2.4250000000e+02,1.9629754030e-02,1.2916329181e-02,8.6121041735e-02,4.0026511425e-01,7.3056737341e-02,3.1546771758e-01,9.2543305887e-02,3.6596160018e+00
2.4300000000e+02,1.9889285158e-02,1.2498738624e-02,8.4470146371e-02,4.0419976793e-01,7.3611760312e-02,3.1285668091e-01,9.2473620692e-02,3.6448308642e+00
2.4350000000e+02,2.0229782772e-02,1.2030402306e-02,8.2147585204e-02,4.0703233915e-01,7.4712338275e-02,3.1121640661e-01,9.2631145681e-02,3.6295368893e+00
2.4400000000e+02,2.0497189703e-02,1.1664431792e-02,7.9779543863e-02,4.1056514784e-01,7.5780796703e-02,3.0939414405e-01,9.2318746054e-02,3.6093777693e+00
2.4450000000e+02,2.0770809662e-02,1.1229467360e-02,7.7905668024e-02,4.1450227635e-01,7.6490116590e-02,3.0669658529e-01,9.2405076726e-02,3.5924088179e+00
2.4500000000e+02,2.0972175716e-02,1.0831952937e-02,7.6781185798e-02,4.1673703626e-01,7.7879444601e-02,3.0457306352e-01,9.2225141171e-02,3.5774674880e+00
2.4550000000e+02,2.1135791311e-02,1.0447654142e-02,7.4522095734e-02,4.1988495119e-01,7.8783039484e-02,3.0293245928e-01,9.2294008862e-02,3.5598103180e+00
2.4600000000e+02,2.1489416206e-02,1.0039337036e-02,7.2410236467e-02,4.2245832504e-01,7.9839795579e-02,3.0100086175e-01,9.2762027920e-02,3.5440378472e+00
2.4650000000e+02,2.1755857021e-02,9.7068910346e-03,7.0565448621e-02,4.2427034168e-01,8.0950767361e-02,2.9910526616e-01,9.3645428126e-02,3.5279491551e+00
2.4700000000e+02,2.2189101067e-02,9.3943220776e-03,6.9214358264e-02,4.2600736217e-01,8.2221608327e-02,2.9688025642e-01,9.4092991669e-02,3.5155853297e+00
2.4750000000e+02,2.2602187609e-02,9.0281691912e-03,6.7090503781e-02,4.2838138013e-01,8.3262142896e-02,2.9529242249e-01,9.4343193900e-02,3.4981177095e+00
2.4800000000e+02,2.3031727375e-02,8.7045201995e-03,6.5010813216e-02,4.3225933027e-01,8.4370265054e-02,2.9250156653e-01,9.4121777354e-02,3.4809241950e+00
2.4850000000e+02,2.3246925935e-02,8.3200002060e-03,6.3378682269e-02,4.3695448063e-01,8.5302302856e-02,2.8929168731e-01,9.3505920798e-02,3.4531932410e+00
2.4900000000e+02,2.3389678848e-02,8.0632755079e-03,6.1484949105e-02,4.4134383162e-01,8.6241459100e-02,2.8671555698e-01,9.2761248841e-02,3.4289235490e+00
2.4950000000e+02,2.3673219894e-02,7.8340961061e-03,5.9761868117e-02,4.4590927725e-01,8.7361945656e-02,2.8266060953e-01,9.2798983453e-02,3.4090150301e+00
2.5000000000e+02,2.3975799213e-02,7.5757580267e-03,5.8488035417e-02,4.4918653751e-01,8.8941647684e-02,2.7880795218e-01,9.3024269973e-02,3.3959740160e+00
2.5050000000e+02,2.4146262917e-02,7.2365023055e-03,5.6555338688e-02,4.5406332710e-01,8.8961431614e-02,2.7649692550e-01,9.2540211872e-02,3.3654165359e+00
2.5100000000e+02,2.4292303780e-02,6.9374144281e-03,5.5186330548e-02,4.5867141613e-01,8.9632252029e-02,2.7294718174e-01,9.2333101341e-02,3.3357649545e+00
2.5150000000e+02,2.4355970870e-02,6.6937532284e-03,5.3227544178e-02,4.6266789242e-01,9.0610231805e-02,2.7031029051e-01,9.2134316997e-02,3.3080396389e+00
2.5200000000e+02,2.4605568989e-02,6.4441489196e-03,5.0935332898e-02,4.6652572989e-01,9.1080116360e-02,2.6793665308e-01,9.2472449864e-02,3.2793934864e+00
2.5250000000e+02,2.4904432802e-02,6.2099720239e-03,4.9609954014e-02,4.7131852774e-01,9.1341784788e-02,2.6455813850e-01,9.2057190129e-02,3.2526284870e+00
2.5300000000e+02,2.5252050739e-02,5.9817433024e-03,4.7972318288e-02,4.7547021256e-01,9.1374199845e-02,2.6200839734e-01,9.1941077929e-02,3.2234733383e+00
2.5350000000e+02,2.5532410233e-02,5.8173034901e-03,4.6345827550e-02,4.7983742618e-01,9.2478037754e-02,2.5832035710e-01,9.1668637689e-02,3.2036733351e+00
2.5400000000e+02,2.5895421077e-02,5.6461830986e-03,4.4573126725e-02,4.8463203816e-01,9.2706847560e-02,2.5528476806e-01,9.1261615326e-02,3.1792808698e+00
2.5450000000e+02,2.6406987770e-02,5.4862109630e-03,4.3148465938e-02,4.8849366153e-01,9.3948094703e-02,2.5175048662e-01,9.0766092471e-02,3.1549058066e+00
2.5500000000e+02,2.6520333728e-02,5.3265549627e-03,4.2197806688e-02,4.9275541094e-01,9.4494139138e-02,2.4771565251e-01,9.0990102032e-02,3.1310747040e+00
2.5550000000e+02,2.6719116350e-02,5.1441534079e-03,4.0862866059e-02,4.9719703995e-01,9.4011555760e-02,2.4538402494e-01,9.0681243530e-02,3.1018192685e+00
2.5600000000e+02,2.6924392240e-02,4.9808730598e-03,3.9841817221e-02,4.9960112096e-01,9.4724343267e-02,2.4351613791e-01,9.0411315348e-02,3.0746134926e+00
2.5650000000e+02,2.7076983835e-02,4.8776651206e-03,3.8948082809e-02,5.0410502432e-01,9.4906813101e-02,2.3991490632e-01,9.0170524491e-02,3.0502951675e+00
2.5700000000e+02,2.7305591415e-02,4.7716677359e-03,3.7812704378e-02,5.0955194248e-01,9.4842783130e-02,2.3678652139e-01,8.8928789467e-02,3.0235427966e+00
2.5750000000e+02,2.7630839613e-02,4.6740342220e-03,3.6475089250e-02,5.1422696052e-01,9.4983117213e-02,2.3400400615e-01,8.8005953039e-02,2.9956852968e+00
2.5800000000e+02,2.8100523325e-02,4.5912904258e-03,3.5712031006e-02,5.1749142154e-01,9.4915828501e-02,2.3143630748e-01,8.7752597725e-02,2.9727327200e+00
2.5850000000e+02,2.8077735250e-02,4.5421437676e-03,3.4609674927e-02,5.2241953004e-01,9.5089681736e-02,2.2852850959e-01,8.6732724698e-02,2.9430455708e+00
2.5900000000e+02,2.8177621374e-02,4.5073369381e-03,3.3572900127e-02,5.2821594149e-01,9.5360202211e-02,2.2404428939e-01,8.6121708469e-02,2.9194314763e+00
2.5950000000e+02,2.8204622382e-02,4.4818684743e-03,3.2669006986e-02,5.3446661654e-01,9.4687112890e-02,2.2030499373e-01,8.5185779000e-02,2.8934359486e+00
2.6000000000e+02,2.8232192552e-02,4.4799391901e-03,3.1585788019e-02,5.3954331351e-01,9.4318388264e-02,2.1789760496e-01,8.3942773506e-02,2.8651375760e+00
2.6050000000e+02,2.8363041524e-02,4.4891289132e-03,3.0721884308e-02,5.4541554473e-01,9.3923281614e-02,2.1375304291e-01,8.3334075998e-02,2.8429364369e+00
2.6100000000e+02,2.8649907962e-02,4.4745917967e-03,3.0172713348e-02,5.4874475483e-01,9.3652137504e-02,2.1162241484e-01,8.2683479720e-02,2.8234663673e+00
2.6150000000e+02,2.8715337150e-02,4.4567535279e-03,2.9551668474e-02,5.5169460441e-01,9.3415622757e-02,2.0996534618e-01,8.2200667503e-02,2.8009118582e+00
2.6200000000e+02,2.8789368293e-02,4.4436790762e-03,2.8885278337e-02,5.5425698734e-01,9.3111845654e-02,2.0859131606e-01,8.1921525237e-02,2.7812791822e+00
2.6250000000e+02,2.8799043397e-02,4.4776109381e-03,2.8549697155e-02,5.5947015477e-01,9.2606252668e-02,2.0472859158e-01,8.1368649493e-02,2.7589247624e+00
2.6300000000e+02,2.8986369594e-02,4.5032978626e-03,2.8166084602e-02,5.6388980390e-01,9.2097443288e-02,2.0176449198e-01,8.0592508777e-02,2.7400703777e+00
2.6350000000e+02,2.9215528128e-02,4.5775422372e-03,2.7605838600e-02,5.6812115084e-01,9.1802084567e-02,1.9881397155e-01,7.9863884087e-02,2.7243074769e+00
2.6400000000e+02,2.9241457792e-02,4.6556365121e-03,2.7083120742e-02,5.7261120821e-01,9.1979090854e-02,1.9512093271e-01,7.9308553178e-02,2.7071732346e+00
2.6450000000e+02,2.9184981416e-02,4.6911856643e-03,2.6780654279e-02,5.7582480574e-01,9.1836817053e-02,1.9326002510e-01,7.8421530750e-02,2.6887352496e+00
2.6500000000e+02,2.9178010814e-02,4.7698081507e-03,2.6433804955e-02,5.8065620681e-01,9.1428973992e-02,1.9047251082e-01,7.7060684450e-02,2.6677665860e+00
2.6550000000e+02,2.9352426168e-02,4.8275824538e-03,2.6318298519e-02,5.8445510019e-01,9.0860073231e-02,1.8777763416e-01,7.6408885275e-02,2.6521193620e+00
2.6600000000e+02,2.9213735796e-02,4.9121221076e-03,2.6293159433e-02,5.8729966694e-01,9.0389638778e-02,1.8633603093e-01,7.5555646019e-02,2.6373605672e+00
2.6650000000e+02,2.9129018139e-02,4.9868345931e-03,2.6322412349e-02,5.9207671502e-01,8.9797012877e-02,1.8267137720e-01,7.5016629819e-02,2.6244714675e+00
2.6700000000e+02,2.9003911625e-02,5.0645897768e-03,2.6432943165e-02,5.9775056182e-01,8.8497224782e-02,1.7987206134e-01,7.3378707484e-02,2.6027328162e+00
2.6750000000e+02,2.8918065979e-02,5.1504080620e-03,2.6688640040e-02,6.0087650266e-01,8.7738353377e-02,1.7832169884e-01,7.2306331040e-02,2.5900849154e+00
2.6800000000e+02,2.8975781993e-02,5.3038842333e-03,2.6832424141e-02,6.0491583049e-01,8.7491209602e-02,1.7521547998e-01,7.1265389553e-02,2.5818014683e+00
2.6850000000e+02,2.8718816322e-02,5.4287278266e-03,2.7387091933e-02,6.0738704534e-01,8.6636995392e-02,1.7389734074e-01,7.0543982445e-02,2.5707179437e+00
2.6900000000e+02,2.8727555354e-02,5.5733573078e-03,2.7489341466e-02,6.1238669174e-01,8.5103347203e-02,1.7117946011e-01,6.9540246817e-02,2.5564616699e+00
2.6950000000e+02,2.8618257558e-02,5.6941817180e-03,2.7858856806e-02,6.1601106021e-01,8.5115612299e-02,1.6750906609e-01,6.9192965321e-02,2.5440023190e+00
2.7000000000e+02,2.8416885624e-02,5.8090917550e-03,2.8303504073e-02,6.1871841249e-01,8.3849876446e-02,1.6640297017e-01,6.8499259436e-02,2.5304979174e+00
2.7050000000e+02,2.8457831760e-02,5.9761462277e-03,2.8873806965e-02,6.2225841305e-01,8.2971701124e-02,1.6347889685e-01,6.7983204017e-02,2.5200661881e+00
2.7100000000e+02,2.8292640868e-02,6.1444054469e-03,2.9464513170e-02,6.2572293751e-01,8.1606396221e-02,1.6130730343e-01,6.7461803354e-02,2.5056540082e+00
2.7150000000e+02,2.8044770560e-02,6.3258941867e-03,3.0128146598e-02,6.2929349037e-01,8.1145667451e-02,1.5901565693e-01,6.6046373901e-02,2.4934707221e+00
2.7200000000e+02,2.7771372938e-02,6.4328421275e-03,3.0893116874e-02,6.3280238665e-01,8.0184160037e-02,1.5732482740e-01,6.4591293972e-02,2.4752785981e+00
2.7250000000e+02,2.7439156118e-02,6.5824644455e-03,3.1657357760e-02,6.3757127506e-01,7.9345344357e-02,1.5442968583e-01,6.2974716433e-02,2.4537506220e+00
2.7300000000e+02,2.7390471488e-02,6.7975933257e-03,3.2519864454e-02,6.4099830777e-01,7.8839340171e-02,1.5127607500e-01,6.2178347793e-02,2.4401170941e+00
2.7350000000e+02,2.7160871251e-02,6.9827655645e-03,3.3367042316e-02,6.4335267505e-01,7.8303675973e-02,1.4945664288e-01,6.1376326965e-02,2.4232854177e+00
2.7400000000e+02,2.6910327828e-02,7.1728591932e-03,3.4167879773e-02,6.4512860782e-01,7.8181271977e-02,1.4682433316e-01,6.1614720248e-02,2.4123214343e+00
2.7450000000e+02,2.6730979643e-02,7.3822500417e-03,3.4982469378e-02,6.4857891386e-01,7.7701595480e-02,1.4430587771e-01,6.0317913886e-02,2.3969852100e+00
2.7500000000e+02,2.6402109849e-02,7.5562041185e-03,3.5862497120e-02,6.5241848170e-01,7.6893208907e-02,1.4112787367e-01,5.9739624640e-02,2.3790635901e+00
2.7550000000e+02,2.6172252543e-02,7.7679674439e-03,3.6721898218e-02,6.5459821587e-01,7.6538102443e-02,1.3910167307e-01,5.9099890415e-02,2.3627646357e+00
2.7600000000e+02,2.5736791733e-02,7.9449795798e-03,3.7635602193e-02,6.5655253672e-01,7.6231478288e-02,1.3749797621e-01,5.8400635275e-02,2.3457764787e+00
2.7650000000e+02,2.5486608757e-02,8.1989183713e-03,3.8567553404e-02,6.5981513751e-01,7.6021496903e-02,1.3414836493e-01,5.7761920126e-02,2.3311270003e+00
2.7700000000e+02,2.5127844739e-02,8.3321149219e-03,3.9701669363e-02,6.6183695593e-01,7.5984488335e-02,1.3160573808e-01,5.7411188638e-02,2.3161274830e+00
2.7750000000e+02,2.4857788226e-02,8.5306526877e-03,4.0801065902e-02,6.6406632586e-01,7.5370661182e-02,1.2917421989e-01,5.7199286255e-02,2.2976974632e+00
2.7800000000e+02,2.4483850055e-02,8.6859344800e-03,4.1830476778e-02,6.6641856556e-01,7.4652873455e-02,1.2700263650e-01,5.6925663173e-02,2.2817510891e+00
2.7850000000e+02,2.4187962095e-02,8.8822078867e-03,4.3148968426e-02,6.6693855541e-01,7.4808804587e-02,1.2517339440e-01,5.6860107198e-02,2.2725482149e+00
2.7900000000e+02,2.3972798025e-02,9.0748191810e-03,4.4805506027e-02,6.6654494595e-01,7.4855602078e-02,1.2371549373e-01,5.7030835015e-02,2.2659507608e+00
2.7950000000e+02,2.3747615966e-02,9.2484496923e-03,4.6004547643e-02,6.6744021825e-01,7.5122753166e-02,1.2144191948e-01,5.6994495805e-02,2.2550970657e+00
2.8000000000e+02,2.3335674068e-02,9.4757026107e-03,4.7193832759e-02,6.6991631008e-01,7.5020925495e-02,1.1847967263e-01,5.6577882359e-02,2.2410832186e+00
2.8050000000e+02,2.3090101286e-02,9.6410338332e-03,4.8690775465e-02,6.6977204201e-01,7.5659533088e-02,1.1643793394e-01,5.6708580377e-02,2.2352992413e+00
2.8100000000e+02,2.2678946180e-02,9.8272583234e-03,5.0115543685e-02,6.7099678281e-01,7.6190967980e-02,1.1384660301e-01,5.6343898015e-02,2.2252511389e+00
2.8150000000e+02,2.2295524918e-02,9.9141501843e-03,5.1496896466e-02,6.7183761895e-01,7.6848750465e-02,1.1163452417e-01,5.5972534847e-02,2.2196593033e+00
2.8200000000e+02,2.1792061325e-02,1.0064458310e-02,5.2642451905e-02,6.7361342980e-01,7.7102765260e-02,1.0915394684e-01,5.5630886560e-02,2.2191402012e+00
2.8250000000e+02,2.1399051775e-02,1.0192793889e-02,5.4431877060e-02,6.7411997431e-01,7.7698823072e-02,1.0668597137e-01,5.5471508524e-02,2.2245974661e+00
2.8300000000e+02,2.1065449625e-02,1.0317442238e-02,5.5853896070e-02,6.7335928919e-01,7.8832001847e-02,1.0472420772e-01,5.5847713312e-02,2.2378796722e+00
2.8350000000e+02,2.0559487996e-02,1.0328988520e-02,5.7223880421e-02,6.7428535694e-01,7.9400902569e-02,1.0286183189e-01,5.5339551666e-02,2.2461473091e+00
2.8400000000e+02,2.0249627659e-02,1.0519657254e-02,5.9239567062e-02,6.7287089733e-01,8.0087149512e-02,1.0111424287e-01,5.5918858310e-02,2.2628231974e+00
2.8450000000e+02,1.9832126950e-02,1.0539568591e-02,6.0954722583e-02,6.7156645618e-01,8.0760808931e-02,1.0012380298e-01,5.6222513780e-02,2.2789271776e+00
2.8500000000e+02,1.9516847119e-02,1.0709536837e-02,6.2607946521e-02,6.7025116052e-01,8.1219992421e-02,9.8920150963e-02,5.6774365621e-02,2.2981029760e+00
2.8550000000e+02,1.9205939559e-02,1.0812249957e-02,6.3364568689e-02,6.7057080944e-01,8.2123184703e-02,9.6758332859e-02,5.7164914790e-02,2.3131472065e+00
2.8600000000e+02,1.8919353996e-02,1.0939870572e-02,6.4729452254e-02,6.7056466883e-01,8.3666310029e-02,9.4278117952e-02,5.6902226367e-02,2.3316949633e+00
2.8650000000e+02,1.8654012701e-02,1.1010258598e-02,6.6839763094e-02,6.6808909764e-01,8.5202314152e-02,9.2607179945e-02,5.7597373871e-02,2.3554240797e+00
2.8700000000e+02,1.8309971377e-02,1.1081693786e-02,6.8657772370e-02,6.6629148111e-01,8.6859615188e-02,9.0902536821e-02,5.7896929349e-02,2.3788388273e+00
2.8750000000e+02,1.7722146599e-02,1.1092284461e-02,7.0379305113e-02,6.6446050700e-01,8.9018450782e-02,8.9030536940e-02,5.8296769106e-02,2.3963566840e+00
2.8800000000e+02,1.7486727118e-02,1.1215797572e-02,7.2046203722e-02,6.6200175425e-01,9.1112174536e-02,8.6502918126e-02,5.9634424674e-02,2.4252708293e+00
2.8850000000e+02,1.7217962262e-02,1.1321453183e-02,7.3569502760e-02,6.5974178630e-01,9.2799465044e-02,8.4872269341e-02,6.0477561113e-02,2.4516658284e+00
2.8900000000e+02,1.6968273861e-02,1.1361712496e-02,7.5187812251e-02,6.5788510058e-01,9.4620233080e-02,8.2329428805e-02,6.1647438929e-02,2.4759175064e+00
2.8950000000e+02,1.6637325911e-02,1.1445956190e-02,7.6471366803e-02,6.5618908640e-01,9.6286810682e-02,8.0137742148e-02,6.2831711862e-02,2.5011459783e+00
2.9000000000e+02,1.6354741148e-02,1.1459069886e-02,7.7607788849e-02,6.5468626087e-01,9.7929701951e-02,7.7971774058e-02,6.3990663244e-02,2.5220739751e+00
2.9050000000e+02,1.5921504502e-02,1.1567480031e-02,7.9812858063e-02,6.5210189725e-01,1.0006711724e-01,7.5515658072e-02,6.5013484847e-02,2.5447829000e+00
2.9100000000e+02,1.5651960345e-02,1.1630139197e-02,8.1201523871e-02,6.4912538848e-01,1.0225112641e-01,7.4035113098e-02,6.6104748597e-02,2.5686778024e+00
2.9150000000e+02,1.5326623696e-02,1.1779761847e-02,8.2693387350e-02,6.4658310273e-01,1.0460013076e-01,7.2331936331e-02,6.6685057292e-02,2.5939775339e+00
2.9200000000e+02,1.5063182767e-02,1.1749242726e-02,8.4529907442e-02,6.4261928499e-01,1.0745684587e-01,7.0798080702e-02,6.7783455498e-02,2.6177330931e+00
2.9250000000e+02,1.4849728643e-02,1.1746890417e-02,8.5560497405e-02,6.3954666202e-01,1.1058397126e-01,6.8595395870e-02,6.9116854391e-02,2.6405025471e+00
2.9300000000e+02,1.4481744113e-02,1.1761082262e-02,8.7025931002e-02,6.3549149454e-01,1.1355969552e-01,6.7142285460e-02,7.0537767097e-02,2.6708116955e+00
2.9350000000e+02,1.4045514776e-02,1.1831667741e-02,8.8342427611e-02,6.3196911249e-01,1.1640681068e-01,6.5328756889e-02,7.2075709806e-02,2.6903203496e+00
2.9400000000e+02,1.3647517960e-02,1.1984130772e-02,8.9461518858e-02,6.2907963539e-01,1.1860569529e-01,6.3852129172e-02,7.3369372564e-02,2.7140536067e+00
2.9450000000e+02,1.3301494440e-02,1.1949582896e-02,9.1236474765e-02,6.2575858692e-01,1.2063365594e-01,6.1817783357e-02,7.5302421681e-02,2.7374459739e+00
2.9500000000e+02,1.2970582088e-02,1.2008076875e-02,9.3365806817e-02,6.2066589034e-01,1.2404347639e-01,6.0228238279e-02,7.6717929206e-02,2.7680256278e+00
2.9550000000e+02,1.2624196076e-02,1.2127108444e-02,9.5143490194e-02,6.1608203568e-01,1.2730476218e-01,5.8555938601e-02,7.8162468828e-02,2.7864649752e+00
2.9600000000e+02,1.2274398063e-02,1.2157279443e-02,9.5447604129e-02,6.1413507181e-01,1.3061895781e-01,5.6430637482e-02,7.8936051263e-02,2.7950338311e+00
2.9650000000e+02,1.1997688597e-02,1.2250789936e-02,9.7004132512e-02,6.0927479159e-01,1.3356153008e-01,5.5108836853e-02,8.0802230429e-02,2.8183494247e+00
2.9700000000e+02,1.1746587527e-02,1.2355352627e-02,9.8746205262e-02,6.0451938733e-01,1.3699702460e-01,5.3388743469e-02,8.2246699184e-02,2.8372656637e+00
2.9750000000e+02,1.1507867320e-02,1.2460007515e-02,1.0037480644e-01,5.9950174861e-01,1.3999021281e-01,5.2129239829e-02,8.4036117478e-02,2.8564084336e+00
2.9800000000e+02,1.1225222686e-02,1.2537130865e-02,1.0153182655e-01,5.9505158501e-01,1.4299678090e-01,5.0415806197e-02,8.6241647788e-02,2.8753028645e+00
2.9850000000e+02,1.0862222049e-02,1.2524322323e-02,1.0302347505e-01,5.9151863285e-01,1.4627523923e-01,4.8397070300e-02,8.7399038200e-02,2.8858099660e+00
2.9900000000e+02,1.0615781234e-02,1.2588271145e-02,1.0437754827e-01,5.8626692019e-01,1.4987509289e-01,4.6518895676e-02,8.9757490600e-02,2.9054863026e+00
2.9950000000e+02,1.0341198730e-02,1.2581236373e-02,1.0584664910e-01,5.8239370844e-01,1.5221725712e-01,4.5051755131e-02,9.1568195096e-02,2.9163048646e+00
3.0000000000e+02,1.0033551031e-02,1.2628555260e-02,1.0690233059e-01,5.7745177301e-01,1.5614832727e-01,4.3652760775e-02,9.3182702066e-02,2.9289840772e+00
3.0050000000e+02,9.8319650578e-03,1.2753955887e-02,1.0830711482e-01,5.7320013976e-01,1.5921668434e-01,4.1617470882e-02,9.5072669252e-02,2.9458127369e+00
3.0100000000e+02,9.5929336552e-03,1.2937061351e-02,1.1049579856e-01,5.6731154086e-01,1.6186472599e-01,4.0653826135e-02,9.7144113450e-02,2.9660967771e+00
3.0150000000e+02,9.3582427409e-03,1.2916372484e-02,1.1147688451e-01,5.6281376084e-01,1.6461814252e-01,3.9473324775e-02,9.9343272125e-02,2.9750240713e+00
3.0200000000e+02,9.1342909275e-03,1.2903330382e-02,1.1293486648e-01,5.5865023372e-01,1.6692942200e-01,3.8103987231e-02,1.0134386927e-01,2.9903760590e+00
3.0250000000e+02,8.8585438751e-03,1.2885472421e-02,1.1416887186e-01,5.5449255282e-01,1.6997214417e-01,3.6594604847e-02,1.0302781001e-01,2.9970696105e+00
3.0300000000e+02,8.6823431111e-03,1.2931034368e-02,1.1513145906e-01,5.4990748996e-01,1.7285046802e-01,3.5426303469e-02,1.0507090201e-01,3.0062470246e+00
3.0350000000e+02,8.5071345012e-03,1.2897275237e-02,1.1744865771e-01,5.4307823607e-01,1.7603656494e-01,3.4659985525e-02,1.0737214602e-01,3.0268236790e+00
3.0400000000e+02,8.3246685725e-03,1.2854500606e-02,1.1938815082e-01,5.3823513096e-01,1.7893494778e-01,3.3426631173e-02,1.0883597008e-01,3.0382525433e+00
3.0450000000e+02,8.1140413497e-03,1.2784346096e-02,1.1933840110e-01,5.3514288678e-01,1.8198083719e-01,3.1977060666e-02,1.1066242681e-01,3.0336898950e+00
3.0500000000e+02,7.8323799284e-03,1.2856844405e-02,1.1985297875e-01,5.3187883417e-01,1.8424689024e-01,3.0738533901e-02,1.1259353861e-01,3.0317573997e+00
3.0550000000e+02,7.5857043618e-03,1.2874683433e-02,1.2097930589e-01,5.2756254748e-01,1.8694774224e-01,2.9595732180e-02,1.1445428441e-01,3.0329977787e+00
3.0600000000e+02,7.3967504877e-03,1.2910852767e-02,1.2268265009e-01,5.2108795026e-01,1.9002737557e-01,2.8672924374e-02,1.1722149645e-01,3.0471981516e+00
3.0650000000e+02,7.1794444670e-03,1.2920395500e-02,1.2449460055e-01,5.1561758035e-01,1.9258522186e-01,2.7833962686e-02,1.1936879460e-01,3.0595836028e+00
3.0700000000e+02,7.0414336038e-03,1.2886175736e-02,1.2632573653e-01,5.0921645224e-01,1.9645395588e-01,2.6821515587e-02,1.2125473043e-01,3.0678331593e+00
3.0750000000e+02,6.8873144919e-03,1.2889297354e-02,1.2835238483e-01,5.0142688172e-01,2.0117975333e-01,2.5794245094e-02,1.2347012318e-01,3.0744164220e+00
3.0800000000e+02,6.7530908401e-03,1.2822653324e-02,1.2965431453e-01,4.9520497767e-01,2.0550262175e-01,2.4959136346e-02,1.2510320554e-01,3.0775933607e+00
3.0850000000e+02,6.5756647554e-03,1.2963705288e-02,1.3063951321e-01,4.8979023299e-01,2.0842789082e-01,2.4129065998e-02,1.2747392694e-01,3.0825450181e+00
3.0900000000e+02,6.4495478030e-03,1.2880721697e-02,1.3129079918e-01,4.8323855202e-01,2.1236815761e-01,2.3538955838e-02,1.3023326586e-01,3.0856411930e+00
3.0950000000e+02,6.2366706689e-03,1.2972734091e-02,1.3228929937e-01,4.7931665292e-01,2.1464760034e-01,2.2705337482e-02,1.3183170513e-01,3.0837763104e+00
3.1000000000e+02,6.1104895684e-03,1.2948528117e-02,1.3365668879e-01,4.7536309080e-01,2.1613504103e-01,2.2180708583e-02,1.3360545312e-01,3.0825522640e+00
3.1050000000e+02,5.9878910818e-03,1.2907462555e-02,1.3446178795e-01,4.6877179800e-01,2.1965445823e-01,2.1642231179e-02,1.3657437100e-01,3.0867806035e+00
3.1100000000e+02,5.8547156980e-03,1.2941177380e-02,1.3522455698e-01,4.6328153557e-01,2.2290020764e-01,2.1192588845e-02,1.3860521788e-01,3.0915682826e+00
3.1150000000e+02,5.7405439737e-03,1.2959950076e-02,1.3692692698e-01,4.5667498883e-01,2.2633899574e-01,2.0885497096e-02,1.4047309730e-01,3.1032272399e+00
3.1200000000e+02,5.5950146450e-03,1.2864131881e-02,1.3816245168e-01,4.5036149481e-01,2.3062225876e-01,2.0350638722e-02,1.4204400950e-01,3.1094515188e+00
3.1250000000e+02,5.4712384973e-03,1.2924235213e-02,1.3896349957e-01,4.4648739297e-01,2.3243725633e-01,2.0026677415e-02,1.4368970001e-01,3.1087570777e+00
3.1300000000e+02,5.3448725551e-03,1.2936074399e-02,1.3951473715e-01,4.4156264796e-01,2.3520566395e-01,1.9687396559e-02,1.4574860743e-01,3.1118940420e+00
3.1350000000e+02,5.2719138158e-03,1.2892406385e-02,1.4072183552e-01,4.3458417181e-01,2.3854581017e-01,1.9320620664e-02,1.4866324163e-01,3.1209261467e+00
3.1400000000e+02,5.1966788997e-03,1.2840146657e-02,1.4074091027e-01,4.2810044066e-01,2.4200693099e-01,1.9058373990e-02,1.5205651853e-01,3.1269734833e+00
3.1450000000e+02,5.1060806745e-03,1.2798116829e-02,1.4201952060e-01,4.2156989990e-01,2.4555548660e-01,1.8898557552e-02,1.5405233784e-01,3.1363069928e+00
3.1500000000e+02,5.0382397560e-03,1.2821693416e-02,1.4272860336e-01,4.1552406106e-01,2.4972278395e-01,1.8510390431e-02,1.5565422803e-01,3.1443822740e+00
3.1550000000e+02,4.9766535056e-03,1.2857857554e-02,1.4314743003e-01,4.1080057694e-01,2.5247545226e-01,1.8340601505e-02,1.5740142820e-01,3.1514906715e+00
3.1600000000e+02,4.9281644487e-03,1.2782498812e-02,1.4441798642e-01,4.0332694694e-01,2.5686212344e-01,1.8424952898e-02,1.5925732704e-01,3.1619897312e+00
3.1650000000e+02,4.8574225485e-03,1.2807126082e-02,1.4490110170e-01,3.9572589545e-01,2.6069148577e-01,1.8594707274e-02,1.6242226118e-01,3.1753321570e+00
3.1700000000e+02,4.7957084365e-03,1.2792433435e-02,1.4682050639e-01,3.8769953771e-01,2.6366309124e-01,1.8703333752e-02,1.6552538903e-01,3.1914496060e+00
3.1750000000e+02,4.7407943425e-03,1.2834768200e-02,1.4886472507e-01,3.8143942523e-01,2.6533542026e-01,1.9009701543e-02,1.6777516535e-01,3.2053453925e+00
3.1800000000e+02,4.6509002840e-03,1.2775840668e-02,1.4980573600e-01,3.7510966358e-01,2.6865122343e-01,1.9035398578e-02,1.6997123746e-01,3.2145376695e+00
3.1850000000e+02,4.6271339650e-03,1.2697692909e-02,1.5035246992e-01,3.6874219488e-01,2.7124749679e-01,1.9323470827e-02,1.7300954070e-01,3.2300913221e+00
3.1900000000e+02,4.6179574764e-03,1.2635378179e-02,1.5137755248e-01,3.6292822094e-01,2.7309774113e-01,1.9593266361e-02,1.7574988343e-01,3.2412139854e+00
3.1950000000e+02,4.5868328831e-03,1.2568716257e-02,1.5190947644e-01,3.5854078994e-01,2.7517125349e-01,1.9949195407e-02,1.7727373558e-01,3.2526658256e+00
3.2000000000e+02,4.5741181830e-03,1.2614308494e-02,1.5204293568e-01,3.5395905453e-01,2.7678774511e-01,2.0492954192e-02,1.7952888381e-01,3.2652870638e+00
3.2050000000e+02,4.5884879862e-03,1.2644388211e-02,1.5236311113e-01,3.4856370550e-01,2.7961511133e-01,2.1288729479e-02,1.8093646637e-01,3.2785669932e+00
3.2100000000e+02,4.5678531195e-03,1.2566803860e-02,1.5328721715e-01,3.4348671505e-01,2.8077937025e-01,2.1681427142e-02,1.8363061342e-01,3.2879449639e+00
3.2150000000e+02,4.5616962673e-03,1.2513133215e-02,1.5416832906e-01,3.3865224888e-01,2.8245997927e-01,2.2221160805e-02,1.8542345250e-01,3.2944255475e+00
3.2200000000e+02,4.5277645122e-03,1.2568508028e-02,1.5567983778e-01,3.3102987863e-01,2.8510225699e-01,2.2818231965e-02,1.8827352210e-01,3.3060055376e+00
3.2250000000e+02,4.5081971154e-03,1.2730959206e-02,1.5726031981e-01,3.2576698965e-01,2.8573438755e-01,2.3409376528e-02,1.9058977014e-01,3.3210621928e+00
3.2300000000e+02,4.4938613596e-03,1.2728240576e-02,1.5762560957e-01,3.2189845408e-01,2.8787997014e-01,2.4364692548e-02,1.9100917173e-01,3.3279865108e+00
3.2350000000e+02,4.5004978268e-03,1.2583689842e-02,1.5861863413e-01,3.1685258660e-01,2.8907968214e-01,2.5238722345e-02,1.9312618711e-01,3.3394111519e+00
3.2400000000e+02,4.5170608410e-03,1.2534876692e-02,1.5861408876e-01,3.1238920840e-01,2.9180048788e-01,2.6114598656e-02,1.9402967877e-01,3.3482795249e+00
3.2450000000e+02,4.5218463823e-03,1.2519802008e-02,1.5960045917e-01,3.0834171197e-01,2.9393516432e-01,2.7124325563e-02,1.9395669059e-01,3.3576249908e+00
3.2500000000e+02,4.5447737407e-03,1.2354655830e-02,1.6115766457e-01,3.0304200696e-01,2.9577949992e-01,2.8146514793e-02,1.9497488419e-01,3.3669006732e+00
3.2550000000e+02,4.5858493779e-03,1.2295927660e-02,1.6303358587e-01,2.9644777155e-01,2.9879486449e-01,2.9189837205e-02,1.9565216385e-01,3.3759614556e+00
3.2600000000e+02,4.5881381903e-03,1.2226193117e-02,1.6317002086e-01,2.9139467605e-01,3.0120115583e-01,3.0634525951e-02,1.9678529001e-01,3.3848562697e+00
3.2650000000e+02,4.6119889271e-03,1.2196456521e-02,1.6379652723e-01,2.8715229824e-01,3.0239355929e-01,3.2116847472e-02,1.9773232231e-01,3.3944385690e+00
3.2700000000e+02,4.6310009387e-03,1.2176555582e-02,1.6409901745e-01,2.8332820016e-01,3.0307841958e-01,3.3337311811e-02,1.9934949448e-01,3.4022968690e+00
3.2750000000e+02,4.6383527153e-03,1.2114719056e-02,1.6472576294e-01,2.7808886152e-01,3.0566151272e-01,3.4281730285e-02,2.0048906076e-01,3.4040808746e+00
3.2800000000e+02,4.6662699321e-03,1.2180877279e-02,1.6539390451e-01,2.7365937490e-01,3.0674678737e-01,3.5738408960e-02,2.0161437705e-01,3.4124672098e+00
3.2850000000e+02,4.7520172214e-03,1.2101052049e-02,1.6637030781e-01,2.6857672823e-01,3.0933886347e-01,3.6814824883e-02,2.0204620633e-01,3.4214914472e+00
3.2900000000e+02,4.7826293389e-03,1.2158406417e-02,1.6680392972e-01,2.6462740578e-01,3.1052290079e-01,3.8046260962e-02,2.0305846700e-01,3.4289745347e+00
3.2950000000e+02,4.8537882265e-03,1.2179713361e-02,1.6660598398e-01,2.6064396970e-01,3.1227124314e-01,3.9607803666e-02,2.0383749792e-01,3.4384613112e+00
3.3000000000e+02,4.9098835099e-03,1.2123922270e-02,1.6646585268e-01,2.5631101231e-01,3.1380177454e-01,4.1242071410e-02,2.0514548328e-01,3.4467723947e+00
3.3050000000e+02,5.0014512169e-03,1.2008085263e-02,1.6679487060e-01,2.5228640345e-01,3.1387691769e-01,4.2693730608e-02,2.0733854118e-01,3.4552462502e+00
3.3100000000e+02,5.0571258595e-03,1.1994104072e-02,1.6827270807e-01,2.4655947450e-01,3.1528731152e-01,4.4418303398e-02,2.0841097258e-01,3.4667947183e+00
3.3150000000e+02,5.1021375323e-03,1.1950327496e-02,1.6918510850e-01,2.4200766594e-01,3.1626728527e-01,4.5855051712e-02,2.0963242354e-01,3.4765583106e+00
3.3200000000e+02,5.1399703755e-03,1.1814410011e-02,1.7024303663e-01,2.3585819249e-01,3.1842858436e-01,4.7543467483e-02,2.1097233865e-01,3.4844931967e+00
3.3250000000e+02,5.1857177934e-03,1.1784178338e-02,1.7135649642e-01,2.3194676445e-01,3.1938627223e-01,4.9125536096e-02,2.1121503467e-01,3.4872420730e+00
3.3300000000e+02,5.2383739578e-03,1.1697582573e-02,1.7171459015e-01,2.2634306221e-01,3.2166379419e-01,5.0312591155e-02,2.1303000576e-01,3.4933489697e+00
3.3350000000e+02,5.3116452409e-03,1.1629720236e-02,1.7161179196e-01,2.2216496235e-01,3.2452375249e-01,5.1811128031e-02,2.1294699970e-01,3.4965352337e+00
3.3400000000e+02,5.3830348121e-03,1.1420949847e-02,1.7294521508e-01,2.1810903687e-01,3.2614474568e-01,5.3373052159e-02,2.1262396554e-01,3.4999025627e+00
3.3450000000e+02,5.4344751412e-03,1.1415699633e-02,1.7305672552e-01,2.1328125497e-01,3.2801329430e-01,5.5467256133e-02,2.1333129431e-01,3.5042924983e+00
3.3500000000e+02,5.5232774272e-03,1.1429524540e-02,1.7402091722e-01,2.0972614645e-01,3.2814713756e-01,5.8210294300e-02,2.1294270250e-01,3.5067485807e+00
3.3550000000e+02,5.6019335830e-03,1.1304265454e-02,1.7549440408e-01,2.0513970545e-01,3.2835929048e-01,5.9989791598e-02,2.1411060936e-01,3.5137303068e+00
3.3600000000e+02,5.7104065563e-03,1.1246194353e-02,1.7500632767e-01,2.0130614136e-01,3.2965979960e-01,6.2064265189e-02,2.1500686528e-01,3.5149843718e+00
3.3650000000e+02,5.7768152629e-03,1.1196989439e-02,1.7611594892e-01,1.9732927964e-01,3.2971237940e-01,6.3770740938e-02,2.1609784640e-01,3.5182641036e+00
3.3700000000e+02,5.8909868353e-03,1.1177984423e-02,1.7796089889e-01,1.9340539475e-01,3.3129711882e-01,6.5275643810e-02,2.1499197247e-01,3.5206180407e+00
3.3750000000e+02,5.9488898801e-03,1.1165532992e-02,1.7707804423e-01,1.9106572323e-01,3.3343758484e-01,6.7506889552e-02,2.1379733527e-01,3.5233866922e+00
3.3800000000e+02,6.0390207558e-03,1.1083067385e-02,1.7750494092e-01,1.8851665540e-01,3.3310876050e-01,7.0055549445e-02,2.1369200560e-01,3.5251147676e+00
3.3850000000e+02,6.1182382503e-03,1.1019140461e-02,1.7798570613e-01,1.8466026615e-01,3.3378763206e-01,7.2850166810e-02,2.1357885014e-01,3.5273237741e+00
3.3900000000e+02,6.2045873997e-03,1.0897360582e-02,1.7971080403e-01,1.8017871049e-01,3.3464888332e-01,7.4804995082e-02,2.1355465909e-01,3.5281283682e+00
3.3950000000e+02,6.3202860394e-03,1.0849957017e-02,1.8033270988e-01,1.7613493779e-01,3.3460203425e-01,7.7097583688e-02,2.1466249134e-01,3.5318560583e+00
3.4000000000e+02,6.4538292696e-03,1.0757353517e-02,1.8086189122e-01,1.7191120736e-01,3.3477942423e-01,7.9318605439e-02,2.1591768896e-01,3.5395173731e+00
3.4050000000e+02,6.5563422221e-03,1.0737377248e-02,1.8179985384e-01,1.6912247449e-01,3.3380714319e-01,8.2068532159e-02,2.1590827685e-01,3.5399959388e+00
3.4100000000e+02,6.6806107310e-03,1.0694218814e-02,1.8256435826e-01,1.6672898224e-01,3.3323617250e-01,8.4497549713e-02,2.1559810775e-01,3.5449161008e+00
3.4150000000e+02,6.7943417029e-03,1.0636232836e-02,1.8399518839e-01,1.6214837400e-01,3.3277134741e-01,8.7168200018e-02,2.1648631565e-01,3.5491170143e+00
3.4200000000e+02,6.9337008537e-03,1.0594574865e-02,1.8371415525e-01,1.5907522339e-01,3.3263701577e-01,8.9539334611e-02,2.1750599526e-01,3.5507739723e+00
3.4250000000e+02,7.0405539373e-03,1.0496580521e-02,1.8482904966e-01,1.5617839993e-01,3.3170892497e-01,9.3067679126e-02,2.1667881185e-01,3.5565248332e+00
3.4300000000e+02,7.1797836347e-03,1.0464690830e-02,1.8568223120e-01,1.5395000319e-01,3.3129780982e-01,9.5573689126e-02,2.1585179219e-01,3.5591779334e+00
3.4350000000e+02,7.2803819218e-03,1.0375419690e-02,1.8644672130e-01,1.5070369772e-01,3.3048515294e-01,9.7928993393e-02,2.1677963304e-01,3.5613647577e+00
3.4400000000e+02,7.3884305892e-03,1.0304299281e-02,1.8591664987e-01,1.4914359572e-01,3.2919041726e-01,9.9770833483e-02,2.1828577379e-01,3.5627474012e+00
3.4450000000e+02,7.5240671171e-03,1.0204576725e-02,1.8618947133e-01,1.4616369938e-01,3.2881593743e-01,1.0226236912e-01,2.1883987889e-01,3.5636520205e+00
3.4500000000e+02,7.6784272386e-03,1.0188027894e-02,1.8589717446e-01,1.4335473609e-01,3.2795817555e-01,1.0413767196e-01,2.2078578682e-01,3.5694108086e+00
3.4550000000e+02,7.8227362352e-03,1.0074870766e-02,1.8694920930e-01,1.4142879353e-01,3.2709251802e-01,1.0695967096e-01,2.1967220119e-01,3.5702317451e+00
3.4600000000e+02,7.9541018686e-03,9.9823458768e-03,1.8772825315e-01,1.3806395899e-01,3.2651227738e-01,1.1040870636e-01,2.1935035637e-01,3.5709476234e+00
3.4650000000e+02,8.0650344974e-03,9.9725139444e-03,1.8772793188e-01,1.3608837792e-01,3.2566141616e-01,1.1308547498e-01,2.1939925063e-01,3.5724660642e+00
3.4700000000e+02,8.1873377779e-03,9.9122741820e-03,1.8826724068e-01,1.3471138566e-01,3.2487035012e-01,1.1508603593e-01,2.1896537565e-01,3.5719291479e+00
3.4750000000e+02,8.2461358584e-03,9.8332040990e-03,1.8854063096e-01,1.3208682442e-01,3.2503386073e-01,1.1672935645e-01,2.1952998747e-01,3.5720223916e+00
3.4800000000e+02,8.2986428847e-03,9.7442257482e-03,1.8968883843e-01,1.3007195013e-01,3.2445717777e-01,1.1938821831e-01,2.1835094673e-01,3.5722016157e+00
3.4850000000e+02,8.4305291780e-03,9.7323898231e-03,1.8954712044e-01,1.2796025094e-01,3.2333195723e-01,1.2294666261e-01,2.1805108979e-01,3.5762584608e+00
3.4900000000e+02,8.5284735599e-03,9.7210913278e-03,1.8994590472e-01,1.2613493114e-01,3.2367695739e-01,1.2618751442e-01,2.1580512745e-01,3.5797990496e+00
3.4950000000e+02,8.5760188817e-03,9.6869948867e-03,1.9026708680e-01,1.2378797838e-01,3.2382303727e-01,1.2865285947e-01,2.1520602432e-01,3.5806579549e+00
3.5000000000e+02,8.6977336301e-03,9.6855343319e-03,1.8970547512e-01,1.2313367837e-01,3.2375244589e-01,1.3127358154e-01,2.1375155112e-01,3.5824431980e+00
3.5050000000e+02,8.7893892786e-03,9.6475678496e-03,1.8957405163e-01,1.2325230024e-01,3.2233188028e-01,1.3447470708e-01,2.1193010364e-01,3.5844595178e+00
3.5100000000e+02,8.9009267741e-03,9.5811874181e-03,1.9043647971e-01,1.2189047748e-01,3.2264371821e-01,1.3664865109e-01,2.0989855933e-01,3.5845174204e+00
3.5150000000e+02,9.0693829722e-03,9.5323913998e-03,1.9037941592e-01,1.2183909577e-01,3.1992365105e-01,1.4095391899e-01,2.0830214390e-01,3.5914419410e+00
3.5200000000e+02,9.1423258501e-03,9.4911643000e-03,1.9013092652e-01,1.2175754476e-01,3.1870422205e-01,1.4364467234e-01,2.0712914419e-01,3.5956479358e+00
3.5250000000e+02,9.2374761648e-03,9.3880465284e-03,1.8970228907e-01,1.2102108614e-01,3.1833671359e-01,1.4661542415e-01,2.0569896436e-01,3.5965371918e+00
3.5300000000e+02,9.2581421787e-03,9.3100974632e-03,1.9091218051e-01,1.1942897998e-01,3.1609563578e-01,1.4912430018e-01,2.0587066390e-01,3.5960028413e+00
3.5350000000e+02,9.4015942765e-03,9.3670986947e-03,1.9242191605e-01,1.1923365763e-01,3.1613085397e-01,1.5067556874e-01,2.0276931064e-01,3.6012155144e+00
3.5400000000e+02,9.4379457195e-03,9.3005178809e-03,1.9289898890e-01,1.1909962684e-01,3.1402055879e-01,1.5339558616e-01,2.0184677570e-01,3.6016449632e+00
3.5450000000e+02,9.5656840214e-03,9.2686853609e-03,1.9383327856e-01,1.1848841530e-01,3.1440249797e-01,1.5492433119e-01,1.9951710759e-01,3.6009282977e+00
3.5500000000e+02,9.7605813932e-03,9.2788052112e-03,1.9477599758e-01,1.1778215411e-01,3.1136788807e-01,1.5784601258e-01,1.9918856105e-01,3.6082352035e+00
3.5550000000e+02,9.8304020889e-03,9.2332846511e-03,1.9430846474e-01,1.1796797247e-01,3.0996745477e-01,1.6131745871e-01,1.9737496256e-01,3.6116583116e+00
3.5600000000e+02,9.8811074359e-03,9.1777881918e-03,1.9595037974e-01,1.1753830572e-01,3.0811184735e-01,1.6396558044e-01,1.9537499111e-01,3.6119992074e+00
3.5650000000e+02,9.9986093183e-03,9.1753570038e-03,1.9656635649e-01,1.1730757774e-01,3.0591824230e-01,1.6670962466e-01,1.9432423250e-01,3.6145857597e+00
3.5700000000e+02,1.0027166568e-02,9.2359840201e-03,1.9671589864e-01,1.1728464198e-01,3.0472662949e-01,1.6887541219e-01,1.9313426711e-01,3.6194609546e+00
3.5750000000e+02,1.0099888524e-02,9.2427814165e-03,1.9632260548e-01,1.1782834708e-01,3.0342076574e-01,1.7121561740e-01,1.9186999437e-01,3.6207223205e+00
3.5800000000e+02,1.0140676791e-02,9.1683031399e-03,1.9739881548e-01,1.1810495038e-01,3.0020484846e-01,1.7378732122e-01,1.9119508452e-01,3.6213440956e+00
3.5850000000e+02,1.0263315025e-02,9.1621890550e-03,1.9786515625e-01,1.1849229051e-01,2.9664194817e-01,1.7691778597e-01,1.9065731501e-01,3.6268699312e+00
3.5900000000e+02,1.0332612680e-02,9.1398659588e-03,1.9810099572e-01,1.1930315116e-01,2.9596757962e-01,1.7872641051e-01,1.8842938435e-01,3.6302540345e+00
3.5950000000e+02,1.0418146660e-02,9.1364839027e-03,1.9889507195e-01,1.1843891790e-01,2.9484780480e-01,1.8150525684e-01,1.8675831795e-01,3.6351251539e+00
3.6000000000e+02,1.0495029238e-02,9.1352822919e-03,1.9911047314e-01,1.1818742577e-01,2.9345936273e-01,1.8377859853e-01,1.8583382831e-01,3.6396079167e+00
3.6050000000e+02,1.0622521931e-02,9.1942011692e-03,1.9883917892e-01,1.1873562699e-01,2.9119188457e-01,1.8667460756e-01,1.8474197887e-01,3.6414576794e+00
3.6100000000e+02,1.0698675977e-02,9.1381541708e-03,2.0022974243e-01,1.1817434510e-01,2.8876088146e-01,1.8990150941e-01,1.8309669146e-01,3.6396736012e+00
3.6150000000e+02,1.0799065019e-02,9.1496986092e-03,2.0063856425e-01,1.1799187517e-01,2.8728769360e-01,1.9159364871e-01,1.8253945464e-01,3.6392311461e+00
3.6200000000e+02,1.0828639574e-02,9.1200101823e-03,2.0216457916e-01,1.1759789117e-01,2.8340941515e-01,1.9486506697e-01,1.8201439780e-01,3.6373361548e+00
3.6250000000e+02,1.0898976286e-02,9.1560355440e-03,2.0318030865e-01,1.1741123217e-01,2.8202861772e-01,1.9625994024e-01,1.8106488938e-01,3.6403533814e+00
3.6300000000e+02,1.0963670235e-02,9.2123668851e-03,2.0374651894e-01,1.1771925103e-01,2.7988357647e-01,1.9911769324e-01,1.7935692320e-01,3.6464594772e+00
3.6350000000e+02,1.1050984876e-02,9.2892119018e-03,2.0424833307e-01,1.1876849258e-01,2.7791265856e-01,2.0255002053e-01,1.7618029849e-01,3.6516007484e+00
3.6400000000e+02,1.1133411063e-02,9.3247182977e-03,2.0477007320e-01,1.1871965989e-01,2.7519305087e-01,2.0590587394e-01,1.7495321274e-01,3.6526386459e+00
3.6450000000e+02,1.1161420696e-02,9.3611301069e-03,2.0516252847e-01,1.1898355717e-01,2.7231365504e-01,2.0942445475e-01,1.7359325377e-01,3.6526363326e+00
3.6500000000e+02,1.1195168351e-02,9.3694984465e-03,2.0661495048e-01,1.1841737662e-01,2.7055922083e-01,2.1173924734e-01,1.7210453793e-01,3.6516614509e+00
3.6550000000e+02,1.1191868965e-02,9.4372988507e-03,2.0775776513e-01,1.1819567676e-01,2.6691279798e-01,2.1571072207e-01,1.7079387025e-01,3.6538188761e+00
3.6600000000e+02,1.1232196560e-02,9.4664125671e-03,2.0883537235e-01,1.1902922623e-01,2.6367989940e-01,2.1806230313e-01,1.6969458976e-01,3.6533971132e+00
3.6650000000e+02,1.1281375206e-02,9.4750405793e-03,2.1030351829e-01,1.1951425206e-01,2.6042790554e-01,2.2138056781e-01,1.6761734051e-01,3.6529689440e+00
3.6700000000e+02,1.1274393596e-02,9.5843367597e-03,2.1256469372e-01,1.2002805874e-01,2.5546355086e-01,2.2430449174e-01,1.6678047457e-01,3.6524536952e+00
3.6750000000e+02,1.1256595282e-02,9.6926570377e-03,2.1532113761e-01,1.1963192415e-01,2.5132171222e-01,2.2751501786e-01,1.6526095584e-01,3.6496487859e+00
3.6800000000e+02,1.1261456318e-02,9.7994154536e-03,2.1723617334e-01,1.1916210294e-01,2.4902064367e-01,2.3035598428e-01,1.6316422400e-01,3.6490100972e+00
3.6850000000e+02,1.1248731219e-02,9.8430306181e-03,2.1949915207e-01,1.1912035774e-01,2.4628663800e-01,2.3396966757e-01,1.6003242278e-01,3.6415346599e+00
3.6900000000e+02,1.1239067516e-02,9.9046927681e-03,2.2168301965e-01,1.1932072488e-01,2.4333743607e-01,2.3613427356e-01,1.5838078555e-01,3.6335344041e+00
3.6950000000e+02,1.1290406745e-02,9.9780113465e-03,2.2376996735e-01,1.2014135908e-01,2.4090702942e-01,2.3778389451e-01,1.5612933155e-01,3.6296149203e+00
3.7000000000e+02,1.1308969140e-02,1.0034391827e-02,2.2430758221e-01,1.2081770923e-01,2.3817829894e-01,2.4066026841e-01,1.5469278025e-01,3.6248311249e+00
3.7050000000e+02,1.1340482384e-02,1.0117813542e-02,2.2460858352e-01,1.2168931583e-01,2.3643196728e-01,2.4207822984e-01,1.5373360761e-01,3.6261541699e+00
3.7100000000e+02,1.1327040002e-02,1.0096006342e-02,2.2565666719e-01,1.2233565414e-01,2.3458711242e-01,2.4376931212e-01,1.5222820778e-01,3.6223945615e+00
3.7150000000e+02,1.1310233313e-02,1.0106292322e-02,2.2769621644e-01,1.2288702287e-01,2.3024681712e-01,2.4705293115e-01,1.5070048679e-01,3.6143141799e+00
3.7200000000e+02,1.1279302891e-02,1.0133063689e-02,2.2875683175e-01,1.2228551784e-01,2.2846600027e-01,2.4965572297e-01,1.4942356059e-01,3.6087026287e+00
3.7250000000e+02,1.1297824806e-02,1.0224494949e-02,2.3087419741e-01,1.2206914319e-01,2.2496374543e-01,2.5187291828e-01,1.4869767594e-01,3.6092233721e+00
3.7300000000e+02,1.1315841480e-02,1.0337546988e-02,2.3323590122e-01,1.2216281926e-01,2.2160856157e-01,2.5444812671e-01,1.4689120277e-01,3.6019060064e+00
3.7350000000e+02,1.1318345175e-02,1.0460369733e-02,2.3543793649e-01,1.2238721492e-01,2.1981004939e-01,2.5683164701e-01,1.4375443728e-01,3.5991874990e+00
3.7400000000e+02,1.1366346355e-02,1.0606549363e-02,2.3561453736e-01,1.2300892986e-01,2.1695076871e-01,2.5974525754e-01,1.4270761082e-01,3.5947924473e+00
3.7450000000e+02,1.1390354526e-02,1.0744082909e-02,2.3703176843e-01,1.2336529043e-01,2.1322136028e-01,2.6222045383e-01,1.4202668959e-01,3.5907816124e+00
3.7500000000e+02,1.1378770772e-02,1.0903500332e-02,2.3789272896e-01,1.2328825745e-01,2.1033751358e-01,2.6446682499e-01,1.4173240393e-01,3.5865156335e+00
3.7550000000e+02,1.1493948130e-02,1.1064115733e-02,2.3995412507e-01,1.2280063742e-01,2.0813733934e-01,2.6630849715e-01,1.4024133716e-01,3.5795648554e+00
3.7600000000e+02,1.1392549786e-02,1.1122804950e-02,2.4188976867e-01,1.2329123754e-01,2.0614430974e-01,2.6781487961e-01,1.3834444970e-01,3.5673345198e+00
3.7650000000e+02,1.1429327760e-02,1.1236025445e-02,2.4443451840e-01,1.2374889942e-01,2.0442765633e-01,2.6843334753e-01,1.3629022512e-01,3.5592428625e+00
3.7700000000e+02,1.1428287080e-02,1.1363587151e-02,2.4678186947e-01,1.2376640859e-01,2.0133106304e-01,2.7014389347e-01,1.3518489119e-01,3.5541330276e+00
3.7750000000e+02,1.1386225423e-02,1.1592076954e-02,2.4724889168e-01,1.2501909926e-01,1.9831830052e-01,2.7287864172e-01,1.3355676443e-01,3.5504930805e+00
3.7800000000e+02,1.1329122903e-02,1.1765852820e-02,2.4774349786e-01,1.2526954422e-01,1.9632881549e-01,2.7555218421e-01,1.3201098250e-01,3.5417275201e+00
3.7850000000e+02,1.1400989915e-02,1.1895858412e-02,2.4978345433e-01,1.2541732230e-01,1.9305524446e-01,2.7839780618e-01,1.3004932440e-01,3.5334195867e+00
3.7900000000e+02,1.1333012403e-02,1.2120398953e-02,2.5127076713e-01,1.2583757534e-01,1.9141383570e-01,2.7946387900e-01,1.2856053147e-01,3.5295876756e+00
3.7950000000e+02,1.1321368891e-02,1.2337321959e-02,2.5370729834e-01,1.2667341039e-01,1.8873498902e-01,2.8094852897e-01,1.2627708243e-01,3.5217319089e+00
3.8000000000e+02,1.1292370023e-02,1.2386911785e-02,2.5582990247e-01,1.2686779860e-01,1.8726836630e-01,2.8254866658e-01,1.2380598424e-01,3.5073598800e+00
3.8050000000e+02,1.1299688232e-02,1.2532082081e-02,2.5709043748e-01,1.2744025929e-01,1.8656076196e-01,2.8313341552e-01,1.2194335543e-01,3.4995162835e+00
3.8100000000e+02,1.1295382966e-02,1.2742117606e-02,2.5788951414e-01,1.2878336435e-01,1.8415065660e-01,2.8494757843e-01,1.2019138591e-01,3.4900811554e+00
3.8150000000e+02,1.1273372000e-02,1.2891724941e-02,2.5982794951e-01,1.2921352932e-01,1.8106403888e-01,2.8688679017e-01,1.1884259518e-01,3.4807437070e+00
3.8200000000e+02,1.1270523445e-02,1.2993795369e-02,2.6167719676e-01,1.3010004847e-01,1.7843200412e-01,2.8773570535e-01,1.1779072648e-01,3.4738704963e+00
3.8250000000e+02,1.1309086994e-02,1.3134058872e-02,2.6445549122e-01,1.3037377412e-01,1.7548826853e-01,2.8961679010e-01,1.1562253017e-01,3.4608421568e+00
3.8300000000e+02,1.1257505629e-02,1.3267853565e-02,2.6745793709e-01,1.3038326002e-01,1.7327462748e-01,2.9077174138e-01,1.1358707484e-01,3.4486989499e+00
3.8350000000e+02,1.1292760062e-02,1.3548722930e-02,2.6836768751e-01,1.3033057757e-01,1.7210695166e-01,2.9162114796e-01,1.1273215231e-01,3.4453830958e+00
3.8400000000e+02,1.1299257878e-02,1.3759536895e-02,2.7093994312e-01,1.3120287834e-01,1.6959270964e-01,2.9194997489e-01,1.1125569924e-01,3.4362832852e+00
3.8450000000e+02,1.1137623665e-02,1.3900404082e-02,2.7349737778e-01,1.3007468900e-01,1.6844567033e-01,2.9301006573e-01,1.0993416941e-01,3.4227377700e+00
3.8500000000e+02,1.1142887919e-02,1.4065572764e-02,2.7514775715e-01,1.2985960816e-01,1.6693050024e-01,2.9492302647e-01,1.0793064729e-01,3.4132918528e+00
3.8550000000e+02,1.1112485902e-02,1.4217686171e-02,2.7710407051e-01,1.2979283400e-01,1.6579804154e-01,2.9570710849e-01,1.0626777339e-01,3.4034401641e+00
3.8600000000e+02,1.1056113202e-02,1.4388258329e-02,2.7948738682e-01,1.2943841775e-01,1.6346600354e-01,2.9761329913e-01,1.0455052122e-01,3.3920732930e+00
3.8650000000e+02,1.1054972267e-02,1.4537586642e-02,2.8315736953e-01,1.2854193043e-01,1.6115495613e-01,2.9877591085e-01,1.0277727414e-01,3.3776284049e+00
3.8700000000e+02,1.1011740801e-02,1.4731102740e-02,2.8653523280e-01,1.2798272683e-01,1.5902302295e-01,2.9962941988e-01,1.0108675400e-01,3.3617339667e+00
3.8750000000e+02,1.0946699905e-02,1.4889439312e-02,2.8920686688e-01,1.2807829466e-01,1.5697505687e-01,3.0001667534e-01,9.9886967045e-02,3.3495990111e+00
3.8800000000e+02,1.0987405165e-02,1.5025675926e-02,2.9150460264e-01,1.2778459551e-01,1.5468016315e-01,3.0139066458e-01,9.8626893024e-02,3.3398367773e+00
3.8850000000e+02,1.0969014708e-02,1.5278510433e-02,2.9374366654e-01,1.2860152850e-01,1.5300304036e-01,3.0188962599e-01,9.6514613477e-02,3.3290018575e+00
3.8900000000e+02,1.0933753587e-02,1.5415590020e-02,2.9647231569e-01,1.2829628886e-01,1.5182560434e-01,3.0206985038e-01,9.4986597126e-02,3.3202779423e+00
3.8950000000e+02,1.0850968580e-02,1.5572458005e-02,2.9940070945e-01,1.2858032969e-01,1.5047637741e-01,3.0203548740e-01,9.3083669460e-02,3.3021972535e+00
3.9000000000e+02,1.0830391143e-02,1.5813570845e-02,3.0278685761e-01,1.2819794270e-01,1.4875208598e-01,3.0234939258e-01,9.1269759141e-02,3.2894200167e+00
3.9050000000e+02,1.0753189395e-02,1.6059608157e-02,3.0477102060e-01,1.2843832651e-01,1.4738615971e-01,3.0255493989e-01,9.0036755741e-02,3.2781531974e+00
3.9100000000e+02,1.0717835530e-02,1.6353575744e-02,3.0692550978e-01,1.2906631133e-01,1.4648136467e-01,3.0217516033e-01,8.8280242613e-02,3.2676727248e+00
3.9150000000e+02,1.0665563174e-02,1.6736162751e-02,3.0840444583e-01,1.3008051008e-01,1.4569862355e-01,3.0188700301e-01,8.6527691606e-02,3.2597071231e+00
3.9200000000e+02,1.0622877811e-02,1.6818959512e-02,3.1028386555e-01,1.3073719578e-01,1.4458541182e-01,3.0188409884e-01,8.5067590688e-02,3.2459461712e+00
3.9250000000e+02,1.0566678098e-02,1.7064096305e-02,3.1227000670e-01,1.3101517037e-01,1.4380543943e-01,3.0166285884e-01,8.3615750262e-02,3.2374833531e+00
3.9300000000e+02,1.0549385313e-02,1.7166223918e-02,3.1457630305e-01,1.3101642070e-01,1.4283427247e-01,3.0161111452e-01,8.2246280015e-02,3.2246917405e+00
3.9350000000e+02,1.0460082442e-02,1.7394686226e-02,3.1687251321e-01,1.3070155364e-01,1.4278679936e-01,3.0153498653e-01,8.0249378587e-02,3.2139572485e+00
3.9400000000e+02,1.0522019341e-02,1.7527842626e-02,3.1807583489e-01,1.3064378419e-01,1.4235590580e-01,3.0118455241e-01,7.9690060741e-02,3.2083418785e+00
3.9450000000e+02,1.0509204877e-02,1.7743503101e-02,3.1982044694e-01,1.3143098616e-01,1.4174673970e-01,3.0037038354e-01,7.8378735677e-02,3.1981591805e+00
3.9500000000e+02,1.0512164130e-02,1.7976707985e-02,3.2265602833e-01,1.3089416956e-01,1.4112368344e-01,2.9957525380e-01,7.7261992756e-02,3.1874654698e+00
3.9550000000e+02,1.0467102503e-02,1.8210823754e-02,3.2449681888e-01,1.2985980615e-01,1.4121503550e-01,2.9936648377e-01,7.6383929451e-02,3.1769143549e+00
3.9600000000e+02,1.0483230557e-02,1.8323908589e-02,3.2844897624e-01,1.2858048673e-01,1.3951232276e-01,2.9920286780e-01,7.5448207325e-02,3.1603592253e+00
3.9650000000e+02,1.0427525191e-02,1.8450860947e-02,3.3211654055e-01,1.2847678948e-01,1.3847178946e-01,2.9772538071e-01,7.4331113667e-02,3.1407702236e+00
3.9700000000e+02,1.0457961395e-02,1.8740343180e-02,3.3441990205e-01,1.2863693323e-01,1.3795019905e-01,2.9637949099e-01,7.3415170105e-02,3.1292708781e+00
3.9750000000e+02,1.0465334649e-02,1.9055692643e-02,3.3749031926e-01,1.2844232675e-01,1.3752416299e-01,2.9463019840e-01,7.2391965301e-02,3.1157810017e+00
3.9800000000e+02,1.0420767745e-02,1.9208003020e-02,3.3958794342e-01,1.2838593570e-01,1.3748556756e-01,2.9329105927e-01,7.1620723289e-02,3.1041539551e+00
3.9850000000e+02,1.0434000589e-02,1.9257270722e-02,3.4267475270e-01,1.2821638482e-01,1.3718934269e-01,2.9203770224e-01,7.0190546234e-02,3.0893838482e+00
3.9900000000e+02,1.0479705916e-02,1.9479755943e-02,3.4543169433e-01,1.2824207106e-01,1.3785105567e-01,2.8923475005e-01,6.9280967034e-02,3.0766970568e+00
3.9950000000e+02,1.0495997726e-02,1.9641768403e-02,3.4643935049e-01,1.2844431855e-01,1.3815757734e-01,2.8794182725e-01,6.8879160251e-02,3.0660921398e+00
4.0000000000e+02,1.0448019496e-02,1.9671723586e-02,3.5068472820e-01,1.2724115805e-01,1.3800629362e-01,2.8594810019e-01,6.7999976854e-02,3.0476108088e+00
4.0050000000e+02,1.0357209091e-02,1.9836096695e-02,3.5312634989e-01,1.2614567555e-01,1.3865915645e-01,2.8448032976e-01,6.7395182556e-02,3.0394028535e+00
4.0100000000e+02,1.0397052514e-02,1.9946058217e-02,3.5489015442e-01,1.2621427444e-01,1.3867568694e-01,2.8325539947e-01,6.6621373995e-02,3.0293989716e+00
4.0150000000e+02,1.0426984602e-02,1.9984536574e-02,3.5677047863e-01,1.2594880221e-01,1.3852504276e-01,2.8199947701e-01,6.6344678207e-02,3.0205693284e+00
4.0200000000e+02,1.0404423159e-02,2.0163803637e-02,3.5907585567e-01,1.2577588524e-01,1.3869911057e-01,2.8031693908e-01,6.5563982634e-02,3.0089893835e+00
4.0250000000e+02,1.0379689688e-02,2.0243123690e-02,3.6183553401e-01,1.2514312625e-01,1.3834301647e-01,2.7867903401e-01,6.5376475887e-02,2.9939545158e+00
4.0300000000e+02,1.0341304595e-02,2.0402823309e-02,3.6300377113e-01,1.2622604579e-01,1.3881909410e-01,2.7631193535e-01,6.4895025723e-02,2.9829198347e+00
4.0350000000e+02,1.0338007506e-02,2.0424939974e-02,3.6616366311e-01,1.2563416885e-01,1.3889627030e-01,2.7475501364e-01,6.3787936619e-02,2.9667241265e+00
4.0400000000e+02,1.0371280947e-02,2.0609316959e-02,3.6769051344e-01,1.2665754328e-01,1.3897227681e-01,2.7286235915e-01,6.2836709420e-02,2.9540687076e+00
4.0450000000e+02,1.0310585823e-02,2.0725127101e-02,3.7025000766e-01,1.2721915629e-01,1.3903983681e-01,2.7035815424e-01,6.2097132085e-02,2.9394723133e+00
4.0500000000e+02,1.0371071688e-02,2.0796953114e-02,3.7309355769e-01,1.2800580838e-01,1.3966636481e-01,2.6716605020e-01,6.0900194121e-02,2.9286505441e+00
4.0550000000e+02,1.0478073259e-02,2.0910369096e-02,3.7575398469e-01,1.2772670399e-01,1.3949396960e-01,2.6526201658e-01,6.0374882795e-02,2.9202177963e+00
4.0600000000e+02,1.0462853809e-02,2.0961083692e-02,3.7747306301e-01,1.2861285635e-01,1.3971151758e-01,2.6318440085e-01,5.9594224711e-02,2.9058618964e+00
4.0650000000e+02,1.0492274649e-02,2.0964532508e-02,3.7926209119e-01,1.2960579040e-01,1.3935796213e-01,2.6141456640e-01,5.8902782727e-02,2.8886319938e+00
4.0700000000e+02,1.0403788616e-02,2.0955518752e-02,3.8184172903e-01,1.2970960994e-01,1.3979747488e-01,2.5883318025e-01,5.8458698538e-02,2.8740601793e+00
4.0750000000e+02,1.0437998192e-02,2.0888633198e-02,3.8529896632e-01,1.2953574469e-01,1.3889100280e-01,2.5740250186e-01,5.7545152944e-02,2.8563719242e+00
4.0800000000e+02,1.0429175487e-02,2.0872945389e-02,3.8861691687e-01,1.2859828728e-01,1.3982045069e-01,2.5483398020e-01,5.6828244080e-02,2.8408520184e+00
4.0850000000e+02,1.0455016477e-02,2.0901508341e-02,3.9137831662e-01,1.2791197097e-01,1.4146002055e-01,2.5188376464e-01,5.6009402407e-02,2.8258784881e+00
4.0900000000e+02,1.0553157427e-02,2.1012440181e-02,3.9210886667e-01,1.2792486887e-01,1.4238586924e-01,2.4999163847e-01,5.6023159152e-02,2.8205351024e+00
4.0950000000e+02,1.0626504099e-02,2.0884772348e-02,3.9432812702e-01,1.2767000034e-01,1.4376192555e-01,2.4735824487e-01,5.5370425785e-02,2.8114789121e+00
4.1000000000e+02,1.0625600576e-02,2.0817667843e-02,3.9642318061e-01,1.2828489757e-01,1.4416497516e-01,2.4452405486e-01,5.5159623384e-02,2.8059219625e+00
4.1050000000e+02,1.0632510159e-02,2.0773341916e-02,3.9838581365e-01,1.2944594937e-01,1.4449735537e-01,2.4164892602e-01,5.4616103509e-02,2.7945211055e+00
4.1100000000e+02,1.0729361017e-02,2.0940511146e-02,3.9958742056e-01,1.3033929143e-01,1.4517745192e-01,2.3906680681e-01,5.4159157115e-02,2.7867005283e+00
4.1150000000e+02,1.0861511419e-02,2.0964096767e-02,4.0122282731e-01,1.3082034530e-01,1.4503056825e-01,2.3751763632e-01,5.3583014641e-02,2.7738499542e+00
4.1200000000e+02,1.0869051648e-02,2.0973339262e-02,4.0422663426e-01,1.3135447350e-01,1.4608809206e-01,2.3373118574e-01,5.2757223533e-02,2.7606043382e+00
4.1250000000e+02,1.0966980075e-02,2.0874894906e-02,4.0651374573e-01,1.3228536647e-01,1.4649052195e-01,2.3124251034e-01,5.1625980523e-02,2.7476356961e+00
4.1300000000e+02,1.1078107802e-02,2.0810722837e-02,4.0759569578e-01,1.3285901236e-01,1.4754356868e-01,2.2836817547e-01,5.1744717073e-02,2.7394004380e+00
4.1350000000e+02,1.1218860704e-02,2.0722859365e-02,4.1044806252e-01,1.3325768931e-01,1.4721743218e-01,2.2636135048e-01,5.0773745437e-02,2.7303863917e+00
4.1400000000e+02,1.1231884233e-02,2.0618280426e-02,4.1350102426e-01,1.3366661395e-01,1.4802145107e-01,2.2300760173e-01,4.9953144331e-02,2.7141536244e+00
4.1450000000e+02,1.1267096280e-02,2.0439803642e-02,4.1502880443e-01,1.3505592659e-01,1.4851528582e-01,2.2023362538e-01,4.9459457857e-02,2.7024112579e+00
4.1500000000e+02,1.1268858882e-02,2.0533468489e-02,4.1615716861e-01,1.3576704654e-01,1.4886946391e-01,2.1789772092e-01,4.9506272647e-02,2.6960765038e+00
4.1550000000e+02,1.1372481707e-02,2.0630868658e-02,4.1590452497e-01,1.3689001650e-01,1.5021941145e-01,2.1551881402e-01,4.9463882690e-02,2.6896219155e+00
4.1600000000e+02,1.1561697528e-02,2.0752177856e-02,4.1752016655e-01,1.3755373753e-01,1.5050294603e-01,2.1296412605e-01,4.9145148451e-02,2.6855313274e+00
4.1650000000e+02,1.1599082514e-02,2.0698269879e-02,4.1872554915e-01,1.3787548143e-01,1.5108881930e-01,2.1084318227e-01,4.9169615449e-02,2.6768401924e+00
4.1700000000e+02,1.1666228461e-02,2.0622449134e-02,4.2083853775e-01,1.3735307558e-01,1.5243732877e-01,2.0815824559e-01,4.8924134710e-02,2.6704025624e+00
4.1750000000e+02,1.1824316999e-02,2.0556196968e-02,4.2351307767e-01,1.3700025861e-01,1.5283926848e-01,2.0585820949e-01,4.8408671785e-02,2.6609237204e+00
4.1800000000e+02,1.1805211641e-02,2.0385550736e-02,4.2610938476e-01,1.3790304555e-01,1.5388846537e-01,2.0224338327e-01,4.7664958663e-02,2.6495709319e+00
4.1850000000e+02,1.1873127816e-02,2.0427304900e-02,4.2820202746e-01,1.3821106276e-01,1.5407268062e-01,1.9989090283e-01,4.7322893601e-02,2.6398947841e+00
4.1900000000e+02,1.1901961161e-02,2.0277855278e-02,4.3061786508e-01,1.3893969432e-01,1.5317480051e-01,1.9808089355e-01,4.7006930091e-02,2.6233434973e+00
4.1950000000e+02,1.1966005768e-02,2.0038023281e-02,4.3308815986e-01,1.3907794175e-01,1.5332707742e-01,1.9578105929e-01,4.6721732636e-02,2.6108866007e+00
4.2000000000e+02,1.2118057755e-02,1.9976258020e-02,4.3479220819e-01,1.3999512331e-01,1.5380481278e-01,1.9302761164e-01,4.6285928309e-02,2.5971147362e+00
4.2050000000e+02,1.2366073415e-02,1.9970278927e-02,4.3517275487e-01,1.4165306357e-01,1.5487537916e-01,1.9024036064e-01,4.5722089420e-02,2.5907475065e+00
4.2100000000e+02,1.2407872570e-02,1.9795779688e-02,4.3738730106e-01,1.4162401126e-01,1.5609855095e-01,1.8732220955e-01,4.5364274922e-02,2.5807833224e+00
4.2150000000e+02,1.2625855961e-02,1.9675837800e-02,4.3913108236e-01,1.4192841060e-01,1.5725425070e-01,1.8434148411e-01,4.5043078475e-02,2.5734617109e+00
4.2200000000e+02,1.2746407828e-02,1.9350415056e-02,4.4109248542e-01,1.4227421940e-01,1.5739067079e-01,1.8208674792e-01,4.5059053581e-02,2.5623089938e+00
4.2250000000e+02,1.2863191504e-02,1.9272873546e-02,4.4223708367e-01,1.4352408227e-01,1.5851819774e-01,1.7878864212e-01,4.4795929149e-02,2.5535996563e+00
4.2300000000e+02,1.2950558202e-02,1.9279253437e-02,4.4287868565e-01,1.4367677862e-01,1.5987432271e-01,1.7683741125e-01,4.4502990137e-02,2.5452626284e+00
4.2350000000e+02,1.3066748511e-02,1.9168987199e-02,4.4419072269e-01,1.4438330348e-01,1.5997258410e-01,1.7472527663e-01,4.4492377387e-02,2.5393435687e+00
4.2400000000e+02,1.3062660962e-02,1.9046831929e-02,4.4642991685e-01,1.4471807674e-01,1.5976309724e-01,1.7271408746e-01,4.4265328826e-02,2.5297053979e+00
4.2450000000e+02,1.3114817318e-02,1.8928147936e-02,4.4853290695e-01,1.4566441411e-01,1.5985221964e-01,1.6996836985e-01,4.3939124189e-02,2.5181702048e+00
4.2500000000e+02,1.3300258881e-02,1.8692364352e-02,4.4934204381e-01,1.4696609225e-01,1.6012890078e-01,1.6804433175e-01,4.3526008181e-02,2.5100931656e+00
4.2550000000e+02,1.3384604640e-02,1.8646602705e-02,4.5095483045e-01,1.4805544610e-01,1.5961794477e-01,1.6613191036e-01,4.3208660966e-02,2.5032539859e+00
4.2600000000e+02,1.3532396543e-02,1.8650266170e-02,4.5154683307e-01,1.4962533475e-01,1.6053208839e-01,1.6293167590e-01,4.3181405173e-02,2.4977825753e+00
4.2650000000e+02,1.3595938886e-02,1.8558657191e-02,4.5439755252e-01,1.4911742932e-01,1.6160513779e-01,1.6021016145e-01,4.2515122840e-02,2.4839460146e+00
4.2700000000e+02,1.3711614341e-02,1.8422808504e-02,4.5671597340e-01,1.4873212740e-01,1.6271877631e-01,1.5740565256e-01,4.2293047491e-02,2.4731566759e+00
4.2750000000e+02,1.3907254316e-02,1.8118331137e-02,4.5804632883e-01,1.4995314939e-01,1.6248752299e-01,1.5541997206e-01,4.2067441281e-02,2.4594183659e+00
4.2800000000e+02,1.4027347140e-02,1.7940933011e-02,4.5927961192e-01,1.5127518010e-01,1.6353062578e-01,1.5250561208e-01,4.1440689965e-02,2.4448285013e+00
4.2850000000e+02,1.4044777838e-02,1.7806143546e-02,4.6117096352e-01,1.5180465649e-01,1.6502888668e-01,1.4937061338e-01,4.0773958544e-02,2.4328604560e+00
4.2900000000e+02,1.4137903472e-02,1.7738748499e-02,4.6289491970e-01,1.5236062878e-01,1.6615151270e-01,1.4656914110e-01,4.0147145749e-02,2.4190148452e+00
4.2950000000e+02,1.4311442736e-02,1.7676268022e-02,4.6333250274e-01,1.5326124872e-01,1.6727368734e-01,1.4407392087e-01,4.0070929579e-02,2.4137387536e+00
4.3000000000e+02,1.4340066813e-02,1.7507245539e-02,4.6460165127e-01,1.5446056535e-01,1.6757647908e-01,1.4147474986e-01,4.0039242088e-02,2.4067243864e+00
4.3050000000e+02,1.4473070966e-02,1.7277121081e-02,4.6526942599e-01,1.5548211811e-01,1.6824830144e-01,1.3912892091e-01,4.0121041496e-02,2.3983685264e+00
4.3100000000e+02,1.4677867977e-02,1.7315858222e-02,4.6565384892e-01,1.5711101138e-01,1.6952995553e-01,1.3570632033e-01,4.0005137639e-02,2.3938566740e+00
4.3150000000e+02,1.4681280522e-02,1.7236653053e-02,4.6753333638e-01,1.5783311884e-01,1.7087603085e-01,1.3213204390e-01,3.9707536456e-02,2.3813629027e+00
4.3200000000e+02,1.4711085210e-02,1.7175377693e-02,4.6840998098e-01,1.5872432185e-01,1.7196688881e-01,1.2938396118e-01,3.9628384270e-02,2.3702481945e+00
4.3250000000e+02,1.4807559809e-02,1.7262360914e-02,4.6740472932e-01,1.6093814279e-01,1.7261578341e-01,1.2743450339e-01,3.9536920374e-02,2.3689468232e+00
4.3300000000e+02,1.4795785644e-02,1.7034656985e-02,4.6895262663e-01,1.6181702677e-01,1.7360512995e-01,1.2470826325e-01,3.9086510771e-02,2.3554251033e+00
4.3350000000e+02,1.4804696831e-02,1.6803078021e-02,4.6996834660e-01,1.6345263391e-01,1.7321681914e-01,1.2303981678e-01,3.8714608718e-02,2.3457036348e+00
4.3400000000e+02,1.4949802657e-02,1.6834057671e-02,4.7146622971e-01,1.6376402797e-01,1.7396347850e-01,1.2039777282e-01,3.8624630676e-02,2.3377956688e+00
4.3450000000e+02,1.4891606122e-02,1.6769863020e-02,4.7418325912e-01,1.6423408929e-01,1.7437171463e-01,1.1711010804e-01,3.8439359789e-02,2.3263095338e+00
4.3500000000e+02,1.4911449590e-02,1.6652030227e-02,4.7517463164e-01,1.6621856205e-01,1.7544871197e-01,1.1372143097e-01,3.7873183549e-02,2.3133710900e+00
4.3550000000e+02,1.4868723632e-02,1.6564310981e-02,4.7595273894e-01,1.6764676294e-01,1.7639135242e-01,1.1101737704e-01,3.7558734041e-02,2.3031646025e+00
4.3600000000e+02,1.4928430099e-02,1.6460316665e-02,4.7676608324e-01,1.6797424892e-01,1.7811580971e-01,1.0817032119e-01,3.7584790169e-02,2.2929579391e+00
4.3650000000e+02,1.5023002146e-02,1.6441671086e-02,4.7718984372e-01,1.6919475777e-01,1.7965371091e-01,1.0501484766e-01,3.7482166696e-02,2.2852239179e+00
4.3700000000e+02,1.5089370823e-02,1.6406814523e-02,4.7759918532e-01,1.7102513578e-01,1.8095059284e-01,1.0188320840e-01,3.7045692308e-02,2.2744395458e+00
4.3750000000e+02,1.5127689600e-02,1.6321415282e-02,4.7740631081e-01,1.7223584904e-01,1.8150518243e-01,1.0042520111e-01,3.6978351716e-02,2.2652655905e+00
4.3800000000e+02,1.5260365325e-02,1.6235474921e-02,4.7740764972e-01,1.7369789639e-01,1.8182696183e-01,9.8722414051e-02,3.6849237756e-02,2.2595099772e+00
4.3850000000e+02,1.5239811644e-02,1.5999437788e-02,4.7790868885e-01,1.7464053802e-01,1.8333173750e-01,9.6124609159e-02,3.6755177044e-02,2.2463766526e+00
4.3900000000e+02,1.5208525661e-02,1.5884026469e-02,4.7872431474e-01,1.7588594192e-01,1.8448330469e-01,9.3311364892e-02,3.6502521627e-02,2.2319745894e+00
4.3950000000e+02,1.5250161054e-02,1.5881679340e-02,4.7866778708e-01,1.7678510707e-01,1.8620596341e-01,9.0536780082e-02,3.6672521956e-02,2.2265572875e+00
4.4000000000e+02,1.5207009084e-02,1.5730420630e-02,4.8000724462e-01,1.7728982095e-01,1.8694128392e-01,8.8339017173e-02,3.6485203623e-02,2.2120956409e+00
4.4050000000e+02,1.5250797920e-02,1.5698317665e-02,4.7977163252e-01,1.7910169067e-01,1.8863768918e-01,8.5117057360e-02,3.6422814694e-02,2.2030264519e+00
4.4100000000e+02,1.5289786944e-02,1.5667552545e-02,4.8089016683e-01,1.7906327492e-01,1.8966906429e-01,8.2945743930e-02,3.6474410539e-02,2.1950278167e+00
4.4150000000e+02,1.5331608009e-02,1.5559975556e-02,4.7992439350e-01,1.8028265552e-01,1.9223386805e-01,8.0296138390e-02,3.6371360972e-02,2.1851457863e+00
4.4200000000e+02,1.5296306026e-02,1.5495903490e-02,4.8016468527e-01,1.8189598085e-01,1.9296953601e-01,7.8353096195e-02,3.5824492152e-02,2.1702571977e+00
4.4250000000e+02,1.5321097772e-02,1.5408226708e-02,4.8060781123e-01,1.8276540075e-01,1.9397853404e-01,7.6335557744e-02,3.5583371754e-02,2.1620926850e+00
4.4300000000e+02,1.5186821619e-02,1.5338547084e-02,4.8120642771e-01,1.8345741864e-01,1.9441738162e-01,7.4503211767e-02,3.5890191558e-02,2.1542783932e+00
4.4350000000e+02,1.5076587062e-02,1.5228591523e-02,4.8172320525e-01,1.8471077973e-01,1.9544273807e-01,7.1998583310e-02,3.5819515049e-02,2.1440196519e+00
4.4400000000e+02,1.5049852772e-02,1.5226773579e-02,4.8010673333e-01,1.8692529399e-01,1.9666684773e-01,6.9779161605e-02,3.6245336985e-02,2.1387955824e+00
4.4450000000e+02,1.4937615343e-02,1.5181395283e-02,4.8065324578e-01,1.8746760103e-01,1.9867450564e-01,6.7063651020e-02,3.6021985902e-02,2.1279714834e+00
4.4500000000e+02,1.4734956431e-02,1.5171050247e-02,4.8183313962e-01,1.8795894019e-01,1.9876209218e-01,6.5515842303e-02,3.6023979025e-02,2.1175179166e+00
4.4550000000e+02,1.4753679184e-02,1.5161806364e-02,4.8184717937e-01,1.8910834348e-01,1.9891499584e-01,6.4134276275e-02,3.6079719487e-02,2.1108711316e+00
4.4600000000e+02,1.4669415239e-02,1.5204794424e-02,4.8104659230e-01,1.9071642312e-01,1.9952239888e-01,6.2765328538e-02,3.6075047508e-02,2.1052499374e+00
4.4650000000e+02,1.4665603437e-02,1.5153293166e-02,4.8185921281e-01,1.9133940573e-01,2.0026358107e-01,6.0980069772e-02,3.5738834016e-02,2.0983415252e+00
4.4700000000e+02,1.4633587805e-02,1.5195965336e-02,4.8129279179e-01,1.9288435799e-01,2.0022087976e-01,5.9969242383e-02,3.5803174934e-02,2.0919487910e+00
4.4750000000e+02,1.4613145957e-02,1.5153767067e-02,4.8115924608e-01,1.9429045020e-01,2.0213475326e-01,5.7091540577e-02,3.5557096856e-02,2.0819682749e+00
4.4800000000e+02,1.4567923283e-02,1.5134121268e-02,4.7991023073e-01,1.9612576379e-01,2.0350484335e-01,5.4891297615e-02,3.5865819972e-02,2.0740468074e+00
4.4850000000e+02,1.4598375946e-02,1.5209447027e-02,4.7761998784e-01,1.9895172638e-01,2.0418651063e-01,5.3409981969e-02,3.6023970210e-02,2.0700391380e+00
4.4900000000e+02,1.4601429838e-02,1.5205183582e-02,4.7578719720e-01,2.0199814590e-01,2.0465100916e-01,5.1864390009e-02,3.5892644314e-02,2.0631708391e+00
4.4950000000e+02,1.4451869556e-02,1.5124802068e-02,4.7584177000e-01,2.0353155383e-01,2.0464763523e-01,5.0340349962e-02,3.6062019348e-02,2.0546257237e+00
4.5000000000e+02,1.4269407562e-02,1.5057784237e-02,4.7434522028e-01,2.0604178474e-01,2.0600312651e-01,4.8355684682e-02,3.5926991983e-02,2.0464892461e+00
4.5050000000e+02,1.4354334651e-02,1.4914036018e-02,4.7315492382e-01,2.0788502713e-01,2.0736592935e-01,4.6523687630e-02,3.5802061397e-02,2.0390881237e+00
4.5100000000e+02,1.4332165673e-02,1.4898694084e-02,4.7392672558e-01,2.0758420609e-01,2.0854162955e-01,4.4907002500e-02,3.5809576519e-02,2.0339330240e+00
4.5150000000e+02,1.4336630935e-02,1.4850043780e-02,4.7264477477e-01,2.0948372844e-01,2.0876890471e-01,4.3890697436e-02,3.6025219939e-02,2.0313192733e+00
4.5200000000e+02,1.4312197360e-02,1.5012570744e-02,4.7096066397e-01,2.1238470840e-01,2.0824781682e-01,4.3051102732e-02,3.6030939969e-02,2.0260114594e+00
4.5250000000e+02,1.4318926865e-02,1.4895786717e-02,4.7053624860e-01,2.1303051502e-01,2.0986331331e-01,4.1409257653e-02,3.5945951839e-02,2.0185114565e+00
4.5300000000e+02,1.4312747328e-02,1.4859458588e-02,4.6884172187e-01,2.1553697062e-01,2.1062529383e-01,4.0116970546e-02,3.5706837212e-02,2.0130564840e+00
4.5350000000e+02,1.4247946330e-02,1.4972781810e-02,4.6722395406e-01,2.1830458475e-01,2.1082973054e-01,3.8821109465e-02,3.5599893056e-02,2.0103806040e+00
4.5400000000e+02,1.4236879025e-02,1.5113694302e-02,4.6652253527e-01,2.2053827030e-01,2.1007140925e-01,3.7762413469e-02,3.5754798375e-02,2.0076661394e+00
4.5450000000e+02,1.4147570969e-02,1.5152404344e-02,4.6428134971e-01,2.2431773389e-01,2.1024993557e-01,3.6025135704e-02,3.5825869805e-02,2.0031255863e+00
4.5500000000e+02,1.4163438215e-02,1.5107111701e-02,4.6381137781e-01,2.2548038244e-01,2.1057099202e-01,3.4489507047e-02,3.6377190767e-02,2.0019673946e+00
4.5550000000e+02,1.4132094518e-02,1.5060031308e-02,4.6207680239e-01,2.2749427155e-01,2.1060161239e-01,3.3937596125e-02,3.6697591715e-02,2.0020450023e+00
4.5600000000e+02,1.3989416986e-02,1.5064612499e-02,4.6015288369e-01,2.2965836265e-01,2.1103070265e-01,3.3275443657e-02,3.6828577857e-02,1.9981746830e+00
4.5650000000e+02,1.3982186554e-02,1.5048657293e-02,4.5844400052e-01,2.3110548036e-01,2.1230859854e-01,3.1839931067e-02,3.7271145665e-02,1.9967481451e+00
4.5700000000e+02,1.3894626691e-02,1.5012590072e-02,4.5704797370e-01,2.3364732372e-01,2.1235726907e-01,3.0883890005e-02,3.7156326742e-02,1.9853518321e+00
4.5750000000e+02,1.3773707846e-02,1.4977944523e-02,4.5605346390e-01,2.3508450044e-01,2.1262466542e-01,2.9795651388e-02,3.7690066487e-02,1.9804829543e+00
4.5800000000e+02,1.3787148780e-02,1.4974094482e-02,4.5547600255e-01,2.3657290860e-01,2.1250382465e-01,2.8674348670e-02,3.8011672260e-02,1.9795435661e+00
4.5850000000e+02,1.3802730234e-02,1.5169383265e-02,4.5314740383e-01,2.3899582414e-01,2.1242933540e-01,2.7948068144e-02,3.8507254989e-02,1.9829542935e+00
4.5900000000e+02,1.3696858143e-02,1.5273714366e-02,4.5129154602e-01,2.4185281102e-01,2.1230964676e-01,2.7029551960e-02,3.8545871732e-02,1.9812459546e+00
4.5950000000e+02,1.3628206079e-02,1.5271725650e-02,4.4923064805e-01,2.4368300948e-01,2.1298662150e-01,2.6336692311e-02,3.8863096937e-02,1.9809243991e+00
4.6000000000e+02,1.3625814382e-02,1.5328696372e-02,4.4744260386e-01,2.4522440723e-01,2.1357740980e-01,2.5613271125e-02,3.9187797226e-02,1.9797601414e+00
4.6050000000e+02,1.3371392557e-02,1.5343919456e-02,4.4562896652e-01,2.4744580754e-01,2.1436715000e-01,2.4685215219e-02,3.9157548709e-02,1.9734094670e+00
4.6100000000e+02,1.3140322865e-02,1.5392868954e-02,4.4501915610e-01,2.4812938969e-01,2.1486135282e-01,2.4101921065e-02,3.9354988506e-02,1.9695205286e+00
4.6150000000e+02,1.2970213666e-02,1.5452529081e-02,4.4328937072e-01,2.4974606411e-01,2.1549689251e-01,2.3649675699e-02,3.9395254216e-02,1.9651828447e+00
4.6200000000e+02,1.2783717480e-02,1.5477986544e-02,4.4127650087e-01,2.5131893401e-01,2.1649333131e-01,2.3166985080e-02,3.9482544702e-02,1.9607830379e+00
4.6250000000e+02,1.2638923274e-02,1.5545667424e-02,4.3934621025e-01,2.5412753538e-01,2.1611411767e-01,2.2604938493e-02,3.9622607503e-02,1.9596066178e+00
4.6300000000e+02,1.2560270083e-02,1.5650129291e-02,4.3723158875e-01,2.5517149679e-01,2.1774620189e-01,2.1771998937e-02,3.9868314257e-02,1.9555302362e+00
4.6350000000e+02,1.2399297181e-02,1.5718664320e-02,4.3695667324e-01,2.5587734649e-01,2.1763228496e-01,2.1363293495e-02,4.0052440319e-02,1.9494745106e+00
4.6400000000e+02,1.2327484273e-02,1.5840850848e-02,4.3455401761e-01,2.5787638309e-01,2.1794794898e-01,2.0943788941e-02,4.0509526254e-02,1.9488237724e+00
4.6450000000e+02,1.2198681322e-02,1.5895492996e-02,4.3329909700e-01,2.6019547769e-01,2.1686245786e-01,2.0823582415e-02,4.0725210718e-02,1.9510529026e+00
4.6500000000e+02,1.2101289713e-02,1.5932976144e-02,4.3223998657e-01,2.6144148885e-01,2.1668654061e-01,2.0565564885e-02,4.1032153226e-02,1.9556428261e+00
4.6550000000e+02,1.2143778782e-02,1.5938061211e-02,4.2977347109e-01,2.6375410407e-01,2.1619515609e-01,2.0546793170e-02,4.1648635587e-02,1.9631579452e+00
4.6600000000e+02,1.2089266517e-02,1.5917800216e-02,4.2833249054e-01,2.6511439863e-01,2.1618619341e-01,2.0438217053e-02,4.1921633631e-02,1.9678780915e+00
4.6650000000e+02,1.2079512356e-02,1.6074659901e-02,4.2597285318e-01,2.6715811222e-01,2.1610987635e-01,2.0389352482e-02,4.2215633513e-02,1.9760308142e+00
4.6700000000e+02,1.1987611772e-02,1.6127546496e-02,4.2553030970e-01,2.6850185282e-01,2.1499574038e-01,2.0554302722e-02,4.2302636110e-02,1.9796576281e+00
4.6750000000e+02,1.1872627350e-02,1.6214257088e-02,4.2334854229e-01,2.7080088796e-01,2.1429785382e-01,2.0618254329e-02,4.2847577162e-02,1.9840553216e+00
4.6800000000e+02,1.1815952029e-02,1.6401638699e-02,4.1950488667e-01,2.7381561401e-01,2.1395178424e-01,2.0908780664e-02,4.3601343680e-02,1.9942682623e+00
4.6850000000e+02,1.1775632688e-02,1.6506029182e-02,4.1645534201e-01,2.7646595925e-01,2.1345620120e-01,2.1311794898e-02,4.4029040770e-02,2.0029072974e+00
4.6900000000e+02,1.1707128610e-02,1.6569711050e-02,4.1529216989e-01,2.7707214580e-01,2.1351175144e-01,2.1496392566e-02,4.4350700642e-02,2.0074200725e+00
4.6950000000e+02,1.1644096683e-02,1.6617153111e-02,4.1137008702e-01,2.7881642727e-01,2.1492281945e-01,2.1661206670e-02,4.4968209795e-02,2.0130697745e+00
4.7000000000e+02,1.1572980157e-02,1.6696719453e-02,4.0877904907e-01,2.8110656473e-01,2.1427675712e-01,2.1870733826e-02,4.5697195641e-02,2.0218106531e+00
4.7050000000e+02,1.1526695212e-02,1.6851169950e-02,4.0408292693e-01,2.8452186793e-01,2.1463583222e-01,2.2207819974e-02,4.6173687788e-02,2.0302914613e+00
4.7100000000e+02,1.1375582321e-02,1.7048885589e-02,4.0077820639e-01,2.8639054966e-01,2.1496672676e-01,2.2690985462e-02,4.6749063824e-02,2.0375659462e+00
4.7150000000e+02,1.1263167622e-02,1.7149106528e-02,3.9832177698e-01,2.8817276727e-01,2.1437365856e-01,2.2978521838e-02,4.7741001203e-02,2.0464394983e+00
4.7200000000e+02,1.1278192340e-02,1.7187855149e-02,3.9642911783e-01,2.8918643716e-01,2.1385395342e-01,2.3631146224e-02,4.8433297872e-02,2.0526395944e+00
4.7250000000e+02,1.1087872854e-02,1.7039036013e-02,3.9295880693e-01,2.9318477272e-01,2.1254805745e-01,2.4356930019e-02,4.8824524024e-02,2.0543461730e+00
4.7300000000e+02,1.0945749864e-02,1.7029715473e-02,3.8981962134e-01,2.9571638830e-01,2.1199180324e-01,2.5046331571e-02,4.9450390203e-02,2.0625067458e+00
4.7350000000e+02,1.0903638203e-02,1.7049687091e-02,3.8728563255e-01,2.9726864050e-01,2.1170276791e-01,2.5655745026e-02,5.0133888719e-02,2.0697149686e+00
4.7400000000e+02,1.0728435008e-02,1.7002437600e-02,3.8678789138e-01,2.9726101516e-01,2.1160833707e-01,2.6263146570e-02,5.0348737212e-02,2.0736012048e+00
4.7450000000e+02,1.0681523575e-02,1.7059987386e-02,3.8471973169e-01,2.9814995545e-01,2.1133854827e-01,2.7123028488e-02,5.0927225139e-02,2.0805244420e+00
4.7500000000e+02,1.0640823491e-02,1.7020164569e-02,3.8469063137e-01,2.9685594316e-01,2.1129262683e-01,2.7946475689e-02,5.1553334896e-02,2.0842594163e+00
4.7550000000e+02,1.0640238788e-02,1.7027649110e-02,3.8289104612e-01,2.9866921665e-01,2.1045486143e-01,2.8407334926e-02,5.1909652971e-02,2.0874985122e+00
4.7600000000e+02,1.0558991818e-02,1.6940190639e-02,3.8116448756e-01,3.0116276153e-01,2.0868575352e-01,2.9386166879e-02,5.2101648056e-02,2.0907808180e+00
4.7650000000e+02,1.0568283528e-02,1.7026813499e-02,3.7843531566e-01,3.0247900826e-01,2.0846522098e-01,3.0305599996e-02,5.2719758078e-02,2.0977304226e+00
4.7700000000e+02,1.0525266286e-02,1.6940041859e-02,3.7761485071e-01,3.0231469725e-01,2.0808925719e-01,3.1304162664e-02,5.3211724037e-02,2.1049381851e+00
4.7750000000e+02,1.0492306978e-02,1.7013565180e-02,3.7463383704e-01,3.0361918255e-01,2.0860075752e-01,3.2167937051e-02,5.3472413685e-02,2.1121834788e+00
4.7800000000e+02,1.0494118113e-02,1.7085010249e-02,3.7179607913e-01,3.0633192867e-01,2.0736455343e-01,3.2968370716e-02,5.3959939695e-02,2.1237561057e+00
4.7850000000e+02,1.0531639156e-02,1.7172442335e-02,3.6887089396e-01,3.0784545073e-01,2.0652402200e-01,3.4062669087e-02,5.4992882734e-02,2.1346886287e+00
4.7900000000e+02,1.0541024099e-02,1.7256140698e-02,3.6542263397e-01,3.0979825624e-01,2.0633561517e-01,3.4915436151e-02,5.5730893664e-02,2.1460260080e+00
4.7950000000e+02,1.0596552320e-02,1.7236637660e-02,3.6208864562e-01,3.1251936156e-01,2.0550859492e-01,3.5540980711e-02,5.6509227216e-02,2.1557598503e+00
4.8000000000e+02,1.0514038536e-02,1.7226549923e-02,3.5787118947e-01,3.1585722945e-01,2.0415935425e-01,3.6852976209e-02,5.7518662157e-02,2.1662618785e+00
4.8050000000e+02,1.0481386891e-02,1.7113181736e-02,3.5649765375e-01,3.1644540179e-01,2.0353514326e-01,3.7918242684e-02,5.8008989897e-02,2.1732303060e+00
4.8100000000e+02,1.0414805967e-02,1.7089081380e-02,3.5423510257e-01,3.1803671164e-01,2.0338895028e-01,3.8737335294e-02,5.8098012867e-02,2.1800826620e+00
4.8150000000e+02,1.0370629512e-02,1.7098604683e-02,3.5289480592e-01,3.1804217187e-01,2.0330590897e-01,3.9771081381e-02,5.8516797659e-02,2.1864937195e+00
4.8200000000e+02,1.0379543456e-02,1.7305780158e-02,3.5068126481e-01,3.1797549488e-01,2.0356160562e-01,4.0859928514e-02,5.9236382556e-02,2.1956540722e+00
4.8250000000e+02,1.0405647333e-02,1.7140600803e-02,3.4856697290e-01,3.1894761774e-01,2.0289470835e-01,4.2083594335e-02,5.9960858540e-02,2.1999817935e+00
4.8300000000e+02,1.0406332501e-02,1.7042818575e-02,3.4626237453e-01,3.2075456586e-01,2.0235929612e-01,4.2967320267e-02,6.0207292153e-02,2.2066057484e+00
4.8350000000e+02,1.0368817827e-02,1.7155494965e-02,3.4320603238e-01,3.2232400672e-01,2.0154814145e-01,4.3914406954e-02,6.1483099702e-02,2.2194335020e+00
4.8400000000e+02,1.0403411983e-02,1.7127555205e-02,3.4029613366e-01,3.2399914883e-01,2.0068069625e-01,4.5096577590e-02,6.2396476486e-02,2.2327511889e+00
4.8450000000e+02,1.0364790071e-02,1.6970703254e-02,3.3797468748e-01,3.2544284676e-01,1.9992848651e-01,4.6253737114e-02,6.3064748802e-02,2.2371991568e+00
4.8500000000e+02,1.0316883845e-02,1.6858928735e-02,3.3597402935e-01,3.2711270434e-01,1.9846985935e-01,4.7564861752e-02,6.3702732635e-02,2.2465423181e+00
4.8550000000e+02,1.0425332619e-02,1.7043919141e-02,3.3214463506e-01,3.2839151021e-01,1.9813324250e-01,4.8952469958e-02,6.4908890518e-02,2.2628969125e+00
4.8600000000e+02,1.0440926804e-02,1.6978707228e-02,3.2921134961e-01,3.3026738194e-01,1.9709193938e-01,5.0583279603e-02,6.5426415432e-02,2.2732819911e+00
4.8650000000e+02,1.0401027816e-02,1.6932039659e-02,3.2397133927e-01,3.3231011764e-01,1.9849139422e-01,5.1291044657e-02,6.6603036740e-02,2.2781134562e+00
4.8700000000e+02,1.0446692751e-02,1.7055502619e-02,3.1861672895e-01,3.3516347058e-01,1.9797191447e-01,5.2670654119e-02,6.8075036518e-02,2.2915001763e+00
4.8750000000e+02,1.0472451608e-02,1.6993684998e-02,3.1771337873e-01,3.3401894018e-01,1.9753244900e-01,5.4135529555e-02,6.9133565924e-02,2.2984138706e+00
4.8800000000e+02,1.0514357751e-02,1.6865153811e-02,3.1491674761e-01,3.3408499957e-01,1.9751137007e-01,5.5922961933e-02,7.0184409244e-02,2.3056884271e+00
4.8850000000e+02,1.0640971444e-02,1.6836562988e-02,3.1144788252e-01,3.3498914653e-01,1.9750730929e-01,5.7233109254e-02,7.1345017975e-02,2.3159411655e+00
4.8900000000e+02,1.0644645949e-02,1.6809318878e-02,3.0881217326e-01,3.3628905869e-01,1.9679193553e-01,5.8421855163e-02,7.2231012529e-02,2.3230107135e+00
4.8950000000e+02,1.0719536617e-02,1.6895007218e-02,3.0667659239e-01,3.3567811140e-01,1.9740907962e-01,5.9424239226e-02,7.3197433530e-02,2.3329536273e+00
4.9000000000e+02,1.0783885988e-02,1.6920149324e-02,3.0328997106e-01,3.3635693778e-01,1.9789223165e-01,6.0479131400e-02,7.4277692802e-02,2.3453620658e+00
4.9050000000e+02,1.0731178322e-02,1.6723538384e-02,2.9983139411e-01,3.3791985426e-01,1.9778589193e-01,6.1529420515e-02,7.5478722474e-02,2.3514338708e+00
4.9100000000e+02,1.0749018770e-02,1.6830071231e-02,2.9797556032e-01,3.3844809395e-01,1.9738871978e-01,6.2465418416e-02,7.6143117535e-02,2.3617596597e+00
4.9150000000e+02,1.0875826453e-02,1.6801654677e-02,2.9490140186e-01,3.3940689374e-01,1.9685606782e-01,6.3990700044e-02,7.7167455408e-02,2.3773496918e+00
4.9200000000e+02,1.0902253335e-02,1.6788797879e-02,2.9213222459e-01,3.3966470712e-01,1.9644639129e-01,6.5408448306e-02,7.8657177483e-02,2.3884796535e+00
4.9250000000e+02,1.0974607287e-02,1.6582212114e-02,2.9099245929e-01,3.4086793424e-01,1.9432329101e-01,6.7366775371e-02,7.8892720692e-02,2.3941448776e+00
4.9300000000e+02,1.1017334132e-02,1.6512337613e-02,2.8858036812e-01,3.4224615709e-01,1.9331805417e-01,6.8547183883e-02,7.9778564992e-02,2.3996050120e+00
4.9350000000e+02,1.1103533364e-02,1.6405262752e-02,2.8670571109e-01,3.4193656930e-01,1.9271886616e-01,7.0169220251e-02,8.0960837090e-02,2.4105966568e+00
4.9400000000e+02,1.1178339462e-02,1.6373403928e-02,2.8443565678e-01,3.4156733886e-01,1.9212016265e-01,7.2223598614e-02,8.2101499710e-02,2.4204243364e+00
4.9450000000e+02,1.1253887915e-02,1.6460935777e-02,2.8106835688e-01,3.4262975711e-01,1.9125701360e-01,7.4221453828e-02,8.3108594898e-02,2.4332744286e+00
4.9500000000e+02,1.1217795588e-02,1.6287927158e-02,2.7888017785e-01,3.4253983352e-01,1.9109217042e-01,7.5545096151e-02,8.4436999314e-02,2.4428728979e+00
4.9550000000e+02,1.1266524359e-02,1.6307830803e-02,2.7432299031e-01,3.4427194839e-01,1.9060029951e-01,7.7816390518e-02,8.5414016106e-02,2.4541846628e+00
4.9600000000e+02,1.1428127229e-02,1.6227458607e-02,2.7090664525e-01,3.4451543951e-01,1.9020950751e-01,7.9979527303e-02,8.6733294591e-02,2.4668961613e+00
4.9650000000e+02,1.1560461910e-02,1.6235101532e-02,2.6822503807e-01,3.4475214598e-01,1.9007103125e-01,8.1211330982e-02,8.7944890275e-02,2.4783416044e+00
4.9700000000e+02,1.1576070152e-02,1.6107891767e-02,2.6384701877e-01,3.4770767879e-01,1.8992353394e-01,8.2423816965e-02,8.8413989612e-02,2.4769405055e+00
4.9750000000e+02,1.1634475139e-02,1.5998229171e-02,2.5999000279e-01,3.4922461887e-01,1.8954237503e-01,8.4450433390e-02,8.9159865616e-02,2.4797955222e+00
4.9800000000e+02,1.1717395927e-02,1.5830302068e-02,2.5721923316e-01,3.5056961943e-01,1.8960204166e-01,8.5871364326e-02,8.9190043436e-02,2.4816006863e+00
4.9850000000e+02,1.1748632408e-02,1.5756285287e-02,2.5361032945e-01,3.5189200120e-01,1.8938955690e-01,8.7346227538e-02,9.0256967217e-02,2.4879452174e+00
4.9900000000e+02,1.1791487295e-02,1.5776980795e-02,2.5035363644e-01,3.5267845124e-01,1.8886185362e-01,8.9119114478e-02,9.1418476127e-02,2.4952374381e+00
4.9950000000e+02,1.1842748869e-02,1.5608891477e-02,2.4683257001e-01,3.5496534638e-01,1.8817452254e-01,9.0394821102e-02,9.2181099619e-02,2.4994678306e+00
5.0000000000e+02,1.2006383612e-02,1.5653363061e-02,2.4404947307e-01,3.5595267502e-01,1.8654777711e-01,9.2417102889e-02,9.3373225247e-02,2.5093492802e+00
5.0050000000e+02,1.2029708175e-02,1.5579633236e-02,2.4000607504e-01,3.5741344096e-01,1.8672222484e-01,9.4076714630e-02,9.4172203123e-02,2.5142897929e+00
5.0100000000e+02,1.2040667606e-02,1.5501792927e-02,2.3631843850e-01,3.5905331295e-01,1.8639867932e-01,9.5138615860e-02,9.5548492845e-02,2.5189569097e+00
5.0150000000e+02,1.2050896474e-02,1.5485478442e-02,2.3227222359e-01,3.6039680080e-01,1.8558316268e-01,9.7586749721e-02,9.6624688292e-02,2.5237866948e+00
5.0200000000e+02,1.2125244852e-02,1.5383736492e-02,2.3001810686e-01,3.6053658689e-01,1.8580315027e-01,9.8997074998e-02,9.7136099644e-02,2.5275306521e+00
5.0250000000e+02,1.2263437812e-02,1.5244900010e-02,2.2746657084e-01,3.6125263037e-01,1.8576733277e-01,1.0072668192e-01,9.7278446288e-02,2.5342610028e+00
5.0300000000e+02,1.2366895722e-02,1.5231488247e-02,2.2408602996e-01,3.6234045956e-01,1.8400685667e-01,1.0415444179e-01,9.7813828059e-02,2.5442093009e+00
5.0350000000e+02,1.2440681356e-02,1.5120961564e-02,2.2039668364e-01,3.6485336116e-01,1.8266851962e-01,1.0599137736e-01,9.8528415315e-02,2.5482492482e+00
5.0400000000e+02,1.2504662816e-02,1.4918609489e-02,2.1654537404e-01,3.6667850083e-01,1.8229703233e-01,1.0771110938e-01,9.9344711112e-02,2.5486166586e+00
5.0450000000e+02,1.2599867361e-02,1.4793091752e-02,2.1409367064e-01,3.6681937620e-01,1.8245131153e-01,1.0900302595e-01,1.0023965655e-01,2.5517656002e+00
5.0500000000e+02,1.2711447334e-02,1.4674563389e-02,2.1015107452e-01,3.6870697877e-01,1.8126805638e-01,1.1141722159e-01,1.0107065802e-01,2.5537151389e+00
5.0550000000e+02,1.2661221397e-02,1.4521712291e-02,2.0804514276e-01,3.6933619551e-01,1.8082816627e-01,1.1300452508e-01,1.0160303668e-01,2.5529222705e+00
5.0600000000e+02,1.2683542988e-02,1.4574860783e-02,2.0553449453e-01,3.6858419486e-01,1.8182797557e-01,1.1449195255e-01,1.0230297871e-01,2.5584500950e+00
5.0650000000e+02,1.2831048417e-02,1.4442790132e-02,2.0332297689e-01,3.6823101379e-01,1.8143454562e-01,1.1608966493e-01,1.0364796023e-01,2.5638160996e+00
5.0700000000e+02,1.2894984548e-02,1.4304728951e-02,2.0034078351e-01,3.6950001261e-01,1.8033946706e-01,1.1799768425e-01,1.0462233906e-01,2.5630702053e+00
5.0750000000e+02,1.2915287291e-02,1.4221030250e-02,1.9608716963e-01,3.7152133139e-01,1.8066441533e-01,1.1918312425e-01,1.0540764186e-01,2.5654825352e+00
5.0800000000e+02,1.3094714411e-02,1.4278694838e-02,1.9239011512e-01,3.7285916677e-01,1.8019909324e-01,1.2077822502e-01,1.0639999060e-01,2.5637026275e+00
5.0850000000e+02,1.3113786377e-02,1.4194688549e-02,1.8974287438e-01,3.7327555385e-01,1.7979814428e-01,1.2244384564e-01,1.0743110694e-01,2.5650341622e+00
5.0900000000e+02,1.3213557794e-02,1.4111918951e-02,1.8800446998e-01,3.7299743608e-01,1.7944886526e-01,1.2382395769e-01,1.0839979425e-01,2.5713898810e+00
5.0950000000e+02,1.3213910294e-02,1.3994469921e-02,1.8485320301e-01,3.7445461485e-01,1.7785918020e-01,1.2630044074e-01,1.0932418099e-01,2.5742292265e+00
5.1000000000e+02,1.3199968996e-02,1.3897374658e-02,1.8289659331e-01,3.7492621145e-01,1.7772508336e-01,1.2709682700e-01,1.1025794122e-01,2.5709793444e+00
5.1050000000e+02,1.3200036948e-02,1.3816139391e-02,1.7869965831e-01,3.7600624592e-01,1.7753449611e-01,1.2903607997e-01,1.1170734336e-01,2.5689398362e+00
5.1100000000e+02,1.3244296257e-02,1.3664406801e-02,1.7568003093e-01,3.7729072378e-01,1.7650921377e-01,1.3135978182e-01,1.1225154664e-01,2.5716207240e+00
5.1150000000e+02,1.3230849969e-02,1.3575205332e-02,1.7309319251e-01,3.7904295367e-01,1.7632239083e-01,1.3226113060e-01,1.1247427709e-01,2.5660067201e+00
5.1200000000e+02,1.3184983077e-02,1.3409704003e-02,1.6962329209e-01,3.7981779203e-01,1.7637406740e-01,1.3388564315e-01,1.1370451825e-01,2.5590762366e+00
5.1250000000e+02,1.3153819892e-02,1.3323493809e-02,1.6545795980e-01,3.8043337095e-01,1.7690689066e-01,1.3583006769e-01,1.1489439719e-01,2.5590442699e+00
5.1300000000e+02,1.3187304943e-02,1.3196385081e-02,1.6233065908e-01,3.8104785665e-01,1.7685069413e-01,1.3767320542e-01,1.1571389470e-01,2.5565619316e+00
5.1350000000e+02,1.3176654895e-02,1.3031204710e-02,1.5964468023e-01,3.8207871630e-01,1.7526039960e-01,1.4002489602e-01,1.1678344825e-01,2.5543173847e+00
5.1400000000e+02,1.3219812979e-02,1.3012027690e-02,1.5621599199e-01,3.8332432931e-01,1.7508709619e-01,1.4233272209e-01,1.1680801974e-01,2.5536576072e+00
5.1450000000e+02,1.3225759474e-02,1.2861507349e-02,1.5244330931e-01,3.8480514850e-01,1.7324712180e-01,1.4500969789e-01,1.1840745568e-01,2.5542520168e+00
5.1500000000e+02,1.3140136216e-02,1.2768308223e-02,1.4949218053e-01,3.8574416056e-01,1.7262072515e-01,1.4693941101e-01,1.1929507832e-01,2.5509688703e+00
5.1550000000e+02,1.3158233212e-02,1.2734767911e-02,1.4716761374e-01,3.8492752255e-01,1.7222225314e-01,1.4965745796e-01,1.2013215149e-01,2.5487993362e+00
5.1600000000e+02,1.3145434348e-02,1.2627762648e-02,1.4358775205e-01,3.8581316935e-01,1.7216559200e-01,1.5202131888e-01,1.2063897073e-01,2.5436003955e+00
5.1650000000e+02,1.3195986033e-02,1.2589339942e-02,1.4047939445e-01,3.8606989861e-01,1.7223977063e-01,1.5387392322e-01,1.2155168710e-01,2.5403045222e+00
5.1700000000e+02,1.3172356600e-02,1.2400424974e-02,1.3837101343e-01,3.8681260164e-01,1.7107347982e-01,1.5614745460e-01,1.2202266894e-01,2.5312239769e+00
5.1750000000e+02,1.3224748858e-02,1.2366838969e-02,1.3551725781e-01,3.8760019626e-01,1.7116212757e-01,1.5711924070e-01,1.2300958983e-01,2.5260105073e+00
5.1800000000e+02,1.3187192539e-02,1.2282295005e-02,1.3340217840e-01,3.8817258187e-01,1.7087128138e-01,1.5835265939e-01,1.2373181142e-01,2.5199220951e+00
5.1850000000e+02,1.3252061454e-02,1.2160310654e-02,1.3176545529e-01,3.8700679117e-01,1.7102086955e-01,1.6006142432e-01,1.2473308756e-01,2.5209448007e+00
5.1900000000e+02,1.3287660776e-02,1.2087248714e-02,1.2828912427e-01,3.8664462637e-01,1.7210341883e-01,1.6161144959e-01,1.2597647145e-01,2.5187998991e+00
5.1950000000e+02,1.3213150703e-02,1.1950344517e-02,1.2645877135e-01,3.8550989748e-01,1.7208670943e-01,1.6375791300e-01,1.2702321352e-01,2.5120073462e+00
5.2000000000e+02,1.3139493197e-02,1.1774438545e-02,1.2309266916e-01,3.8600848000e-01,1.7187539900e-01,1.6568065127e-01,1.2842886883e-01,2.5004570233e+00
5.2050000000e+02,1.3112116436e-02,1.1632164413e-02,1.2098304300e-01,3.8545669002e-01,1.7136597723e-01,1.6768916686e-01,1.2976084204e-01,2.4985434734e+00
5.2100000000e+02,1.3058916318e-02,1.1570046377e-02,1.1922179309e-01,3.8522180403e-01,1.7081194924e-01,1.6894043082e-01,1.3117506013e-01,2.4913657291e+00
5.2150000000e+02,1.3106503319e-02,1.1573591279e-02,1.1713726604e-01,3.8493355710e-01,1.7020775088e-01,1.7165696157e-01,1.3138436982e-01,2.4894899175e+00
5.2200000000e+02,1.3163271171e-02,1.1511991066e-02,1.1381800820e-01,3.8469661868e-01,1.7001101715e-01,1.7453229258e-01,1.3226680116e-01,2.4881478217e+00
5.2250000000e+02,1.3172188617e-02,1.1361509796e-02,1.1124163986e-01,3.8488222047e-01,1.6907841942e-01,1.7664124865e-01,1.3362277318e-01,2.4804577364e+00
5.2300000000e+02,1.3071862226e-02,1.1250269549e-02,1.0858414264e-01,3.8540932506e-01,1.6928470164e-01,1.7798318262e-01,1.3441651626e-01,2.4691597024e+00
5.2350000000e+02,1.3117630536e-02,1.1123233340e-02,1.0713513873e-01,3.8315793115e-01,1.6941286954e-01,1.7978031442e-01,1.3627288229e-01,2.4631068935e+00
5.2400000000e+02,1.3064235245e-02,1.1195931811e-02,1.0502815058e-01,3.8198861980e-01,1.6862850224e-01,1.8193734505e-01,1.3815721527e-01,2.4574192953e+00
5.2450000000e+02,1.3102794773e-02,1.1174769988e-02,1.0302191052e-01,3.8181912626e-01,1.6818897160e-01,1.8399855452e-01,1.3869387234e-01,2.4510163254e+00
5.2500000000e+02,1.3138465575e-02,1.1104356502e-02,1.0052886360e-01,3.8095155192e-01,1.6861911343e-01,1.8544548198e-01,1.4021216700e-01,2.4506092854e+00
5.2550000000e+02,1.3238531030e-02,1.1040546793e-02,9.8756971779e-02,3.8006091346e-01,1.6798963788e-01,1.8813049430e-01,1.4078290476e-01,2.4420363010e+00
5.2600000000e+02,1.3253024900e-02,1.1026216573e-02,9.6328628398e-02,3.7864568068e-01,1.6826751666e-01,1.8973445268e-01,1.4274448010e-01,2.4339489528e+00
5.2650000000e+02,1.3223332934e-02,1.0934576772e-02,9.4481466024e-02,3.7775510514e-01,1.6810985121e-01,1.9144539018e-01,1.4405027774e-01,2.4228807874e+00
5.2700000000e+02,1.3194354653e-02,1.0813899766e-02,9.2927388985e-02,3.7742292125e-01,1.6725717801e-01,1.9352631302e-01,1.4485794432e-01,2.4137959697e+00
5.2750000000e+02,1.3244935392e-02,1.0784799482e-02,9.1727745947e-02,3.7672506975e-01,1.6707594199e-01,1.9511148637e-01,1.4533002107e-01,2.4073892771e+00
5.2800000000e+02,1.3216220079e-02,1.0679124390e-02,8.9928483685e-02,3.7621721634e-01,1.6792463698e-01,1.9653897882e-01,1.4549533970e-01,2.3997472424e+00
5.2850000000e+02,1.3103615305e-02,1.0663365263e-02,8.8331504943e-02,3.7628073313e-01,1.6711692171e-01,1.9885870386e-01,1.4564515579e-01,2.3883571177e+00
5.2900000000e+02,1.3122788442e-02,1.0532372676e-02,8.6157218429e-02,3.7586307256e-01,1.6709289993e-01,2.0059061257e-01,1.4664103539e-01,2.3791576337e+00
5.2950000000e+02,1.3167321790e-02,1.0389630186e-02,8.4509704270e-02,3.7498966573e-01,1.6622783919e-01,2.0318657546e-01,1.4752926337e-01,2.3703718611e+00
5.3000000000e+02,1.3259385180e-02,1.0361195537e-02,8.3075750157e-02,3.7278422413e-01,1.6702116880e-01,2.0448313498e-01,1.4901514122e-01,2.3675667553e+00
5.3050000000e+02,1.3351665705e-02,1.0328960216e-02,8.1845719770e-02,3.7188843726e-01,1.6756647782e-01,2.0579764671e-01,1.4922109252e-01,2.3590541354e+00
5.3100000000e+02,1.3327153986e-02,1.0306459683e-02,8.0218429038e-02,3.7111626052e-01,1.6708607531e-01,2.0702363508e-01,1.5092198639e-01,2.3479404719e+00
5.3150000000e+02,1.3424156574e-02,1.0263038498e-02,7.9214939622e-02,3.7018832379e-01,1.6667946944e-01,2.0889746727e-01,1.5133260481e-01,2.3412093446e+00
5.3200000000e+02,1.3368549692e-02,1.0238185960e-02,7.7443641028e-02,3.7112016923e-01,1.6667216391e-01,2.0971742377e-01,1.5143986641e-01,2.3267202113e+00
5.3250000000e+02,1.3362745698e-02,1.0138802549e-02,7.6002394391e-02,3.6974834439e-01,1.6655658789e-01,2.1144642228e-01,1.5274470280e-01,2.3174220119e+00
5.3300000000e+02,1.3386945102e-02,1.0111008061e-02,7.4955662056e-02,3.6924827755e-01,1.6586118739e-01,2.1309822359e-01,1.5333869625e-01,2.3035171684e+00
5.3350000000e+02,1.3343191681e-02,1.0108825769e-02,7.2862310101e-02,3.6932638768e-01,1.6594475298e-01,2.1466386010e-01,1.5375067168e-01,2.2929304301e+00
5.3400000000e+02,1.3390132195e-02,1.0068503811e-02,7.1533942786e-02,3.6886544721e-01,1.6652622420e-01,2.1572968768e-01,1.5388606212e-01,2.2842504672e+00
5.3450000000e+02,1.3462917105e-02,1.0090966209e-02,7.0278209931e-02,3.6848532476e-01,1.6682560704e-01,2.1737734243e-01,1.5347963253e-01,2.2749915045e+00
5.3500000000e+02,1.3418622047e-02,9.9609284607e-03,6.8292913434e-02,3.6939091516e-01,1.6630112461e-01,2.1921478993e-01,1.5342070636e-01,2.2599030804e+00
5.3550000000e+02,1.3302723830e-02,9.9737798044e-03,6.7255416801e-02,3.6930890351e-01,1.6531056625e-01,2.2169115517e-01,1.5315745462e-01,2.2471666236e+00
5.3600000000e+02,1.3260620962e-02,9.9083759214e-03,6.6129199459e-02,3.6811626896e-01,1.6485398484e-01,2.2373406702e-01,1.5399748283e-01,2.2371695286e+00
5.3650000000e+02,1.3300828737e-02,9.9000566445e-03,6.4966213053e-02,3.6723867383e-01,1.6481100492e-01,2.2523231574e-01,1.5455090708e-01,2.2255915916e+00
5.3700000000e+02,1.3366380628e-02,9.9575040351e-03,6.4258034705e-02,3.6592923667e-01,1.6376410097e-01,2.2723823096e-01,1.5548651203e-01,2.2160664920e+00
5.3750000000e+02,1.3408139488e-02,9.9352949204e-03,6.3138055860e-02,3.6531571532e-01,1.6324269616e-01,2.2884116995e-01,1.5611892830e-01,2.2054698255e+00
5.3800000000e+02,1.3426652361e-02,9.8789175118e-03,6.2689798366e-02,3.6397464734e-01,1.6241966376e-01,2.3100772756e-01,1.5660259310e-01,2.1939859955e+00
5.3850000000e+02,1.3473799207e-02,9.8775782213e-03,6.2151552923e-02,3.6302935886e-01,1.6239849665e-01,2.3220330132e-01,1.5686591282e-01,2.1869182506e+00
5.3900000000e+02,1.3326791301e-02,9.7581908860e-03,6.1495061482e-02,3.6327367457e-01,1.6225517160e-01,2.3366377124e-01,1.5622733892e-01,2.1734199556e+00
5.3950000000e+02,1.3277392041e-02,9.6778489193e-03,6.0329971429e-02,3.6414056400e-01,1.6190709867e-01,2.3452177034e-01,1.5614535460e-01,2.1597007869e+00
5.4000000000e+02,1.3276956885e-02,9.6450729824e-03,5.9498341623e-02,3.6542409449e-01,1.6132183785e-01,2.3566372313e-01,1.5516997305e-01,2.1460447046e+00
5.4050000000e+02,1.3303553937e-02,9.6372920670e-03,5.8992085861e-02,3.6423934030e-01,1.6087416101e-01,2.3637681716e-01,1.5657674967e-01,2.1350055422e+00
5.4100000000e+02,1.3347359816e-02,9.6129019577e-03,5.8776500190e-02,3.6353872810e-01,1.6071543903e-01,2.3689981063e-01,1.5710926028e-01,2.1243818950e+00
5.4150000000e+02,1.3313247011e-02,9.5187599742e-03,5.8091198579e-02,3.6204729874e-01,1.6040809091e-01,2.3786374877e-01,1.5875765601e-01,2.1148569314e+00
5.4200000000e+02,1.3239145714e-02,9.4936658825e-03,5.7579096541e-02,3.6089128661e-01,1.6121380309e-01,2.3790959341e-01,1.5967340875e-01,2.1069375319e+00
5.4250000000e+02,1.3002129527e-02,9.3760442286e-03,5.7260437910e-02,3.5878071520e-01,1.6219076905e-01,2.3786088369e-01,1.6152902039e-01,2.0999334477e+00
5.4300000000e+02,1.2855265690e-02,9.2677327117e-03,5.7216330601e-02,3.5834902208e-01,1.6240693896e-01,2.3829499256e-01,1.6160971740e-01,2.0967804242e+00
5.4350000000e+02,1.2703720060e-02,9.2017264530e-03,5.7118278096e-02,3.5664247110e-01,1.6191930476e-01,2.3972555260e-01,1.6268894693e-01,2.0965744990e+00
5.4400000000e+02,1.2636883821e-02,9.2027688155e-03,5.6727946586e-02,3.5647609727e-01,1.6197936659e-01,2.4053772003e-01,1.6243921689e-01,2.1019687262e+00
5.4450000000e+02,1.2586081004e-02,9.1598699946e-03,5.6358088698e-02,3.5678931689e-01,1.6215786603e-01,2.4134617540e-01,1.6160260198e-01,2.1069325376e+00
5.4500000000e+02,1.2566141415e-02,9.1933209202e-03,5.5976489504e-02,3.5592744602e-01,1.6253183191e-01,2.4139346248e-01,1.6241130774e-01,2.1154268867e+00
5.4550000000e+02,1.2469748949e-02,9.0936070941e-03,5.5790082139e-02,3.5700909543e-01,1.6257829608e-01,2.4092022611e-01,1.6213894421e-01,2.1177893157e+00
5.4600000000e+02,1.2402189652e-02,8.9916686621e-03,5.5577837680e-02,3.5756982227e-01,1.6233756248e-01,2.4143560369e-01,1.6168531556e-01,2.1210947333e+00
5.4650000000e+02,1.2303713371e-02,8.8998097862e-03,5.5260800008e-02,3.5832624277e-01,1.6163446120e-01,2.4228716148e-01,1.6128781138e-01,2.1244689071e+00
5.4700000000e+02,1.2225316265e-02,8.9077861362e-03,5.4975920398e-02,3.5918063449e-01,1.6203979860e-01,2.4223016845e-01,1.6044037566e-01,2.1275920024e+00
5.4750000000e+02,1.2115713201e-02,8.9391129628e-03,5.4954001536e-02,3.5978354838e-01,1.6244427554e-01,2.4237937070e-01,1.5938397768e-01,2.1315921458e+00
5.4800000000e+02,1.1946603326e-02,8.9190577832e-03,5.4709933334e-02,3.5849979341e-01,1.6230496060e-01,2.4295369955e-01,1.6066595200e-01,2.1387076922e+00
5.4850000000e+02,1.1879677981e-02,8.9879695275e-03,5.4522815919e-02,3.5783575862e-01,1.6168139736e-01,2.4306936048e-01,1.6202302011e-01,2.1447622980e+00
5.4900000000e+02,1.1909980619e-02,8.9494956436e-03,5.4640545071e-02,3.5706940124e-01,1.6201525143e-01,2.4318315866e-01,1.6223216734e-01,2.1519340903e+00
5.4950000000e+02,1.1895402632e-02,8.9790218626e-03,5.4944126997e-02,3.5623037898e-01,1.6282380433e-01,2.4218286929e-01,1.6294439592e-01,2.1566182568e+00
5.5000000000e+02,1.1878327183e-02,9.0198821853e-03,5.5231125446e-02,3.5539791828e-01,1.6394516513e-01,2.4149176995e-01,1.6303581182e-01,2.1660864210e+00
5.5050000000e+02,1.1845440858e-02,9.0528211234e-03,5.5492783698e-02,3.5666924142e-01,1.6410810857e-01,2.4089742337e-01,1.6193418096e-01,2.1745096193e+00
5.5100000000e+02,1.1818222921e-02,9.0286529521e-03,5.5219635595e-02,3.5840056763e-01,1.6392749059e-01,2.4001823428e-01,1.6158719604e-01,2.1797994062e+00
5.5150000000e+02,1.1770575321e-02,8.9932611441e-03,5.5328143257e-02,3.6033697642e-01,1.6290377344e-01,2.3970698502e-01,1.6096028540e-01,2.1862066221e+00
5.5200000000e+02,1.1779746160e-02,9.0581207827e-03,5.5984503376e-02,3.5932405496e-01,1.6429609549e-01,2.3846340494e-01,1.6109407430e-01,2.1954577033e+00
5.5250000000e+02,1.1695887575e-02,9.0032631124e-03,5.6380338134e-02,3.5945278978e-01,1.6484061033e-01,2.3839142206e-01,1.6023568901e-01,2.2030345883e+00
5.5300000000e+02,1.1526138597e-02,8.8894076159e-03,5.7106276414e-02,3.5924159666e-01,1.6417233933e-01,2.3857944506e-01,1.6048479633e-01,2.2091877293e+00
5.5350000000e+02,1.1520280832e-02,8.8653924473e-03,5.7190628591e-02,3.5981360699e-01,1.6414018704e-01,2.3867073935e-01,1.5979916475e-01,2.2185267997e+00
5.5400000000e+02,1.1445756309e-02,8.7898036595e-03,5.7241047805e-02,3.6020513751e-01,1.6464739136e-01,2.3931970780e-01,1.5835115556e-01,2.2274135860e+00
5.5450000000e+02,1.1396973585e-02,8.7714145184e-03,5.7739589157e-02,3.6165221663e-01,1.6491531842e-01,2.3834292390e-01,1.5718156379e-01,2.2327872044e+00
5.5500000000e+02,1.1226958501e-02,8.7684994396e-03,5.8317902800e-02,3.6183312331e-01,1.6441223700e-01,2.3756540169e-01,1.5787587726e-01,2.2364689039e+00
5.5550000000e+02,1.1135184038e-02,8.6929232188e-03,5.8248643873e-02,3.6226025362e-01,1.6502779460e-01,2.3743723983e-01,1.5719796081e-01,2.2410713353e+00
5.5600000000e+02,1.1025806219e-02,8.7233215955e-03,5.8409855733e-02,3.6220635358e-01,1.6407633421e-01,2.3676279519e-01,1.5879553347e-01,2.2461414059e+00
5.5650000000e+02,1.0982700425e-02,8.8531714877e-03,5.8924799978e-02,3.6055499627e-01,1.6509749051e-01,2.3616784637e-01,1.5941899496e-01,2.2568604297e+00
5.5700000000e+02,1.0809095777e-02,8.7598043194e-03,5.9463816948e-02,3.6068288704e-01,1.6513862365e-01,2.3575293890e-01,1.5939283337e-01,2.2650928979e+00
5.5750000000e+02,1.0748901747e-02,8.7593095025e-03,5.9947492964e-02,3.6105346700e-01,1.6558420689e-01,2.3460717197e-01,1.5929944993e-01,2.2690469803e+00
5.5800000000e+02,1.0773326318e-02,8.8164343074e-03,6.0754830080e-02,3.6048195354e-01,1.6677884390e-01,2.3372443529e-01,1.5867017657e-01,2.2811983274e+00
5.5850000000e+02,1.0779811767e-02,8.9822120704e-03,6.1472595733e-02,3.6061097918e-01,1.6967208396e-01,2.3088621450e-01,1.5759610280e-01,2.2891914502e+00
5.5900000000e+02,1.0614565384e-02,8.8995667748e-03,6.2129283742e-02,3.6139616087e-01,1.6982267359e-01,2.2998783427e-01,1.5714991537e-01,2.2945371871e+00
5.5950000000e+02,1.0504477811e-02,8.9056117713e-03,6.3201747631e-02,3.6164819959e-01,1.7016271415e-01,2.2900962802e-01,1.5656762103e-01,2.2991824139e+00
5.6000000000e+02,1.0441108887e-02,8.9373576890e-03,6.3617775466e-02,3.6167453850e-01,1.7062253861e-01,2.2807249499e-01,1.5663418585e-01,2.3041791945e+00
5.6050000000e+02,1.0356799616e-02,8.9804010895e-03,6.4159652777e-02,3.6153748496e-01,1.7195921713e-01,2.2664125948e-01,1.5636518495e-01,2.3117964351e+00
5.6100000000e+02,1.0254199204e-02,8.9601387051e-03,6.5346642896e-02,3.6146385710e-01,1.7301737098e-01,2.2507471873e-01,1.5588307239e-01,2.3166181994e+00
5.6150000000e+02,1.0203893946e-02,8.9044420619e-03,6.6134572382e-02,3.6260325330e-01,1.7468832510e-01,2.2312662766e-01,1.5433888555e-01,2.3226511266e+00
5.6200000000e+02,1.0113374859e-02,8.8394559762e-03,6.6475515838e-02,3.6369066938e-01,1.7506211250e-01,2.2206272269e-01,1.5375614876e-01,2.3252711183e+00
5.6250000000e+02,9.9903697625e-03,8.8698022256e-03,6.7340057619e-02,3.6374359983e-01,1.7660110195e-01,2.1986992653e-01,1.5358514208e-01,2.3283012291e+00
5.6300000000e+02,9.8319884239e-03,8.8775720653e-03,6.8377732495e-02,3.6384969467e-01,1.7783888443e-01,2.1825039605e-01,1.5297373187e-01,2.3341161038e+00
5.6350000000e+02,9.7708165822e-03,8.8530267528e-03,6.9336333890e-02,3.6299147325e-01,1.8066694658e-01,2.1585292358e-01,1.5252847937e-01,2.3408966887e+00
5.6400000000e+02,9.7102599821e-03,8.8926775230e-03,7.0299264532e-02,3.6219525309e-01,1.8230780001e-01,2.1385106857e-01,1.5274367629e-01,2.3467077638e+00
5.6450000000e+02,9.6250966893e-03,8.9547885852e-03,7.1366992008e-02,3.6232321893e-01,1.8367652769e-01,2.1186721170e-01,1.5218616440e-01,2.3482271462e+00
5.6500000000e+02,9.5421009718e-03,8.9191137449e-03,7.2499900572e-02,3.6273652680e-01,1.8485113403e-01,2.0979224990e-01,1.5165897398e-01,2.3505736831e+00
5.6550000000e+02,9.5452530331e-03,8.8803769556e-03,7.3147877015e-02,3.6288179297e-01,1.8547718543e-01,2.0801372586e-01,1.5205378874e-01,2.3536685713e+00
5.6600000000e+02,9.4432523506e-03,8.9906890653e-03,7.3893995244e-02,3.6381594083e-01,1.8640980017e-01,2.0645367202e-01,1.5099265033e-01,2.3590494861e+00
5.6650000000e+02,9.3960530743e-03,8.9552302413e-03,7.4505296213e-02,3.6241229634e-01,1.8948183186e-01,2.0422693969e-01,1.5102235259e-01,2.3649041371e+00
5.6700000000e+02,9.3410163488e-03,8.9374257640e-03,7.5172345084e-02,3.6129980297e-01,1.9190000381e-01,2.0261979963e-01,1.5072960640e-01,2.3721801086e+00
5.6750000000e+02,9.2787532801e-03,8.9460826552e-03,7.6895284285e-02,3.6099719181e-01,1.9241346971e-01,2.0115034715e-01,1.5031887112e-01,2.3743627646e+00
5.6800000000e+02,9.2568273888e-03,9.0591949695e-03,7.8320313494e-02,3.5978177496e-01,1.9465561410e-01,1.9895557179e-01,1.4997070330e-01,2.3810149288e+00
5.6850000000e+02,9.1531484133e-03,9.0810573558e-03,7.9516603410e-02,3.5879963753e-01,1.9549201082e-01,1.9761132916e-01,1.5034621331e-01,2.3875318207e+00
5.6900000000e+02,9.0784534642e-03,9.2013767367e-03,8.1162997073e-02,3.5943598807e-01,1.9644946473e-01,1.9622268293e-01,1.4844903701e-01,2.3934742727e+00
5.6950000000e+02,9.0665558387e-03,9.2752930767e-03,8.1934730389e-02,3.5959471773e-01,1.9893028533e-01,1.9413795212e-01,1.4706046551e-01,2.4006285111e+00
5.7000000000e+02,9.0026661667e-03,9.2589616563e-03,8.3201118707e-02,3.6097417981e-01,1.9930896540e-01,1.9280620437e-01,1.4544790388e-01,2.3938726576e+00
5.7050000000e+02,8.9298107244e-03,9.3443297886e-03,8.4130033736e-02,3.6052054419e-01,2.0138066746e-01,1.9041122983e-01,1.4528338426e-01,2.3989521273e+00
5.7100000000e+02,8.8840225657e-03,9.2710341982e-03,8.5235928337e-02,3.6021551482e-01,2.0171947402e-01,1.8921469981e-01,1.4545932625e-01,2.4037863040e+00
5.7150000000e+02,8.8167525443e-03,9.4453041158e-03,8.5602704407e-02,3.6038118075e-01,2.0234750237e-01,1.8858197556e-01,1.4482458024e-01,2.4094345222e+00
5.7200000000e+02,8.7739730376e-03,9.5314192641e-03,8.7094463194e-02,3.6106032565e-01,2.0267001196e-01,1.8741962020e-01,1.4345018669e-01,2.4095909824e+00
5.7250000000e+02,8.7192655784e-03,9.5730495399e-03,8.8117666404e-02,3.6028997090e-01,2.0313842301e-01,1.8639363495e-01,1.4376798962e-01,2.4146599503e+00
5.7300000000e+02,8.6450634648e-03,9.5133301737e-03,8.8760871012e-02,3.6124228493e-01,2.0413111809e-01,1.8512163651e-01,1.4258569581e-01,2.4161896077e+00
5.7350000000e+02,8.5793739068e-03,9.5883331014e-03,8.9873611671e-02,3.6128202384e-01,2.0484701182e-01,1.8330469729e-01,1.4252494836e-01,2.4189143846e+00
5.7400000000e+02,8.4977039061e-03,9.5077681787e-03,9.1046507262e-02,3.6085084600e-01,2.0557520944e-01,1.8199497389e-01,1.4252699131e-01,2.4219945968e+00
5.7450000000e+02,8.4336295608e-03,9.5185024989e-03,9.2295093708e-02,3.6035908020e-01,2.0731467147e-01,1.7932069229e-01,1.4275833027e-01,2.4242412051e+00
5.7500000000e+02,8.3523024593e-03,9.4333041235e-03,9.3558068168e-02,3.6134740206e-01,2.0845220558e-01,1.7736193841e-01,1.4149477920e-01,2.4271855894e+00
5.7550000000e+02,8.2953101006e-03,9.4414876097e-03,9.4652691697e-02,3.6066984760e-01,2.0989516046e-01,1.7638037903e-01,1.4066512350e-01,2.4347196331e+00
5.7600000000e+02,8.2564440740e-03,9.4262852571e-03,9.5940048809e-02,3.5951699040e-01,2.1163759991e-01,1.7477294494e-01,1.4044968660e-01,2.4411460413e+00
5.7650000000e+02,8.1845536396e-03,9.3499958069e-03,9.7439203388e-02,3.5982752500e-01,2.1314223300e-01,1.7215032494e-01,1.3990616423e-01,2.4390545104e+00
5.7700000000e+02,8.1194857847e-03,9.3559457373e-03,9.8225178799e-02,3.5951689450e-01,2.1432824501e-01,1.6973748827e-01,1.4071676189e-01,2.4425356885e+00
5.7750000000e+02,8.0707920974e-03,9.3550412859e-03,9.9473364779e-02,3.6046696538e-01,2.1511264764e-01,1.6673230204e-01,1.4078888678e-01,2.4403966443e+00
5.7800000000e+02,8.1088527951e-03,9.3226311291e-03,1.0060745274e-01,3.6130055033e-01,2.1640544360e-01,1.6433277509e-01,1.3992229432e-01,2.4426948898e+00
5.7850000000e+02,8.0417993493e-03,9.4282002790e-03,1.0192096646e-01,3.6264353943e-01,2.1713834261e-01,1.6240607075e-01,1.3842108112e-01,2.4463590995e+00
5.7900000000e+02,8.0240320259e-03,9.4083386713e-03,1.0409290662e-01,3.6169537311e-01,2.1923379834e-01,1.5898556782e-01,1.3855998342e-01,2.4493899195e+00
5.7950000000e+02,7.9422356869e-03,9.4603041490e-03,1.0478492381e-01,3.6123663224e-01,2.2040509512e-01,1.5710021450e-01,1.3907059450e-01,2.4503205472e+00
5.8000000000e+02,7.8860727075e-03,9.3820335855e-03,1.0613115658e-01,3.6104610704e-01,2.2216163766e-01,1.5520289630e-01,1.3819009614e-01,2.4517158918e+00
5.8050000000e+02,7.8459310706e-03,9.4504568733e-03,1.0746773233e-01,3.6148124784e-01,2.2418520555e-01,1.5243622891e-01,1.3713319743e-01,2.4540432564e+00
5.8100000000e+02,7.7788560801e-03,9.4413067938e-03,1.0915835560e-01,3.6040016314e-01,2.2567786494e-01,1.5067518250e-01,1.3686827095e-01,2.4558227959e+00
5.8150000000e+02,7.7686056616e-03,9.5734422290e-03,1.1080375020e-01,3.5972880221e-01,2.2751492815e-01,1.4882447228e-01,1.3578599927e-01,2.4589534348e+00
5.8200000000e+02,7.7148690545e-03,9.6996554744e-03,1.1172892432e-01,3.6047534670e-01,2.2846115047e-01,1.4678315076e-01,1.3513690321e-01,2.4572410438e+00
5.8250000000e+02,7.6482315208e-03,9.7171819506e-03,1.1373766213e-01,3.6038957996e-01,2.3021816198e-01,1.4375809082e-01,1.3453109164e-01,2.4595565541e+00
5.8300000000e+02,7.5977883258e-03,9.8363891867e-03,1.1532918179e-01,3.6011805009e-01,2.3141970933e-01,1.4196798861e-01,1.3373089266e-01,2.4618901227e+00
5.8350000000e+02,7.5274436121e-03,9.8332351323e-03,1.1675734173e-01,3.6044467008e-01,2.3193709022e-01,1.4059890262e-01,1.3290131661e-01,2.4651893292e+00
5.8400000000e+02,7.5063214539e-03,9.8897013615e-03,1.1719984425e-01,3.6116681986e-01,2.3348068856e-01,1.3807670022e-01,1.3267992430e-01,2.4647616955e+00
5.8450000000e+02,7.4400713391e-03,9.9816809467e-03,1.1745177129e-01,3.6291885462e-01,2.3369194378e-01,1.3616706659e-01,1.3234861143e-01,2.4620252691e+00
5.8500000000e+02,7.3986819909e-03,9.8992604227e-03,1.1958095352e-01,3.6193670505e-01,2.3539160245e-01,1.3397692761e-01,1.3181586895e-01,2.4624063414e+00
5.8550000000e+02,7.2987976406e-03,9.7136904803e-03,1.2126114492e-01,3.6223986212e-01,2.3584044995e-01,1.3197030200e-01,1.3167575289e-01,2.4575231324e+00
5.8600000000e+02,7.2781537029e-03,9.8137677570e-03,1.2292884073e-01,3.6187417930e-01,2.3609329606e-01,1.2982843598e-01,1.3218332647e-01,2.4599176785e+00
5.8650000000e+02,7.2035560039e-03,9.8264060105e-03,1.2462735052e-01,3.6298182435e-01,2.3547683198e-01,1.2855255343e-01,1.3133147770e-01,2.4559159908e+00
5.8700000000e+02,7.1729240202e-03,9.7960799650e-03,1.2639831212e-01,3.6318154257e-01,2.3669493642e-01,1.2628462370e-01,1.3047158120e-01,2.4566448963e+00
5.8750000000e+02,7.1368665371e-03,9.7155855585e-03,1.2806289092e-01,3.6293611467e-01,2.3780047840e-01,1.2413394769e-01,1.3021411623e-01,2.4562645455e+00
5.8800000000e+02,7.1935347775e-03,9.6898947971e-03,1.2900615140e-01,3.6200348197e-01,2.4022510453e-01,1.2160331324e-01,1.3027851929e-01,2.4601259031e+00
5.8850000000e+02,7.1874141458e-03,9.6983989713e-03,1.2962110099e-01,3.6343120403e-01,2.4045950105e-01,1.1992520057e-01,1.2967718025e-01,2.4579371287e+00
5.8900000000e+02,7.1624410034e-03,9.7363678739e-03,1.3078530006e-01,3.6400388825e-01,2.4079891337e-01,1.1828398281e-01,1.2922910663e-01,2.4580449658e+00
5.8950000000e+02,7.1776549124e-03,9.8919974887e-03,1.3210606793e-01,3.6425007268e-01,2.4118360557e-01,1.1642366312e-01,1.2896693830e-01,2.4569542644e+00
5.9000000000e+02,7.1611354246e-03,9.8620827975e-03,1.3393450584e-01,3.6391404334e-01,2.4282493101e-01,1.1416869688e-01,1.2813460470e-01,2.4555230604e+00
5.9050000000e+02,7.1066114405e-03,9.7627945883e-03,1.3466615876e-01,3.6483191106e-01,2.4277322350e-01,1.1318333487e-01,1.2767596579e-01,2.4542279541e+00
5.9100000000e+02,7.0712779181e-03,9.7098562658e-03,1.3519830213e-01,3.6528322248e-01,2.4390403369e-01,1.1121925142e-01,1.2761405610e-01,2.4522012480e+00
5.9150000000e+02,7.1014352489e-03,9.7960410118e-03,1.3615024425e-01,3.6650170059e-01,2.4505386266e-01,1.0884893208e-01,1.2654778417e-01,2.4478908845e+00
5.9200000000e+02,7.0111731499e-03,9.6888496758e-03,1.3664087286e-01,3.6793080719e-01,2.4692568507e-01,1.0660375149e-01,1.2519886057e-01,2.4403640831e+00
5.9250000000e+02,6.9580836155e-03,9.7444104023e-03,1.3808427436e-01,3.6806613201e-01,2.4801905657e-01,1.0484644573e-01,1.2428159731e-01,2.4412944626e+00
5.9300000000e+02,6.9595833175e-03,9.8014048056e-03,1.3954470912e-01,3.6832065019e-01,2.4837469719e-01,1.0309012187e-01,1.2390883351e-01,2.4403428097e+00
5.9350000000e+02,6.9081198366e-03,9.8761078019e-03,1.4116241209e-01,3.6721775312e-01,2.5025225120e-01,1.0079821417e-01,1.2378514178e-01,2.4413759820e+00
5.9400000000e+02,6.8226767577e-03,9.7882379192e-03,1.4191262004e-01,3.6828048820e-01,2.5202529084e-01,9.7823666234e-02,1.2334702001e-01,2.4344625658e+00
5.9450000000e+02,6.8232935919e-03,9.8275872406e-03,1.4358522399e-01,3.6838043648e-01,2.5281007192e-01,9.5993851431e-02,1.2257953534e-01,2.4341446060e+00
5.9500000000e+02,6.7738782973e-03,9.7760743276e-03,1.4468798729e-01,3.6869241231e-01,2.5350012733e-01,9.4724666542e-02,1.2184485391e-01,2.4321822985e+00
5.9550000000e+02,6.7339979804e-03,9.7748402389e-03,1.4638707450e-01,3.6968001560e-01,2.5397801307e-01,9.3062067157e-02,1.2038399146e-01,2.4292607509e+00
5.9600000000e+02,6.7445531989e-03,9.7433860701e-03,1.4896135850e-01,3.6896496336e-01,2.5446412792e-01,9.1406038777e-02,1.1971557217e-01,2.4235647794e+00
5.9650000000e+02,6.7133999504e-03,9.8038380362e-03,1.5003286223e-01,3.6809292059e-01,2.5528148540e-01,9.0726698398e-02,1.1934879540e-01,2.4304285470e+00
5.9700000000e+02,6.6970065871e-03,9.8043940685e-03,1.5182515461e-01,3.6835719130e-01,2.5573836814e-01,8.8921709708e-02,1.1865617558e-01,2.4290221389e+00
5.9750000000e+02,6.6715449792e-03,9.6887768412e-03,1.5278269049e-01,3.6857981672e-01,2.5743975662e-01,8.6379749432e-02,1.1845766491e-01,2.4242392193e+00
5.9800000000e+02,6.6546154355e-03,9.6912666192e-03,1.5389677299e-01,3.6912771512e-01,2.5738107755e-01,8.4799127912e-02,1.1844942437e-01,2.4218814184e+00
5.9850000000e+02,6.6562935597e-03,9.6754802089e-03,1.5627848546e-01,3.6877985261e-01,2.5827426833e-01,8.2701602555e-02,1.1763401728e-01,2.4207962137e+00
5.9900000000e+02,6.5832543079e-03,9.6772916500e-03,1.5800075882e-01,3.6873329103e-01,2.5894796245e-01,8.1035246329e-02,1.1702219542e-01,2.4168997511e+00
5.9950000000e+02,6.5243038145e-03,9.7413846127e-03,1.6035616864e-01,3.6798756816e-01,2.6013486847e-01,7.8981619419e-02,1.1627408689e-01,2.4126314315e+00
6.0000000000e+02,6.5081712170e-03,9.7527135922e-03,1.6315358317e-01,3.6677959682e-01,2.6059140972e-01,7.7320164475e-02,1.1589436100e-01,2.4094471293e+00
6.0050000000e+02,6.4739413029e-03,9.7769678353e-03,1.6454943655e-01,3.6680179156e-01,2.6164923961e-01,7.5437759327e-02,1.1531086381e-01,2.4040365215e+00
6.0100000000e+02,6.5139887706e-03,9.7790111973e-03,1.6678184445e-01,3.6530958769e-01,2.6312265203e-01,7.4080665683e-02,1.1441225018e-01,2.4054215175e+00
6.0150000000e+02,6.5162235340e-03,9.7076677238e-03,1.6872067322e-01,3.6505189054e-01,2.6350394787e-01,7.3274066203e-02,1.1322553091e-01,2.3972712004e+00
6.0200000000e+02,6.4749250296e-03,9.6375776619e-03,1.7022466805e-01,3.6512056271e-01,2.6401887031e-01,7.2368879343e-02,1.1215451691e-01,2.3935290663e+00
6.0250000000e+02,6.4660172657e-03,9.6297559571e-03,1.7243713448e-01,3.6535205578e-01,2.6469135772e-01,7.0853945959e-02,1.1056973283e-01,2.3885755127e+00
6.0300000000e+02,6.4754074375e-03,9.6140877031e-03,1.7439083989e-01,3.6565936895e-01,2.6572576777e-01,6.9329928584e-02,1.0880459967e-01,2.3844302162e+00
6.0350000000e+02,6.4759370666e-03,9.5026659626e-03,1.7522187560e-01,3.6470231431e-01,2.6640679367e-01,6.8407778742e-02,1.0928263465e-01,2.3839774536e+00
6.0400000000e+02,6.5144843093e-03,9.5282781703e-03,1.7689833421e-01,3.6460375680e-01,2.6727390180e-01,6.6525961264e-02,1.0865528344e-01,2.3790895686e+00
6.0450000000e+02,6.5258277304e-03,9.4774558235e-03,1.7925837691e-01,3.6199277288e-01,2.6931613879e-01,6.4966307699e-02,1.0846312017e-01,2.3809272603e+00
6.0500000000e+02,6.4977084574e-03,9.4696925441e-03,1.8033868969e-01,3.6329167762e-01,2.6972814291e-01,6.3447056169e-02,1.0722703260e-01,2.3762322109e+00
6.0550000000e+02,6.4206167375e-03,9.3928935889e-03,1.8114803461e-01,3.6372639483e-01,2.7073183139e-01,6.1689278245e-02,1.0689095060e-01,2.3690977461e+00
6.0600000000e+02,6.3727677017e-03,9.4312096257e-03,1.8240511013e-01,3.6356472438e-01,2.7150976125e-01,6.0428075385e-02,1.0628835153e-01,2.3622226500e+00
6.0650000000e+02,6.3500528728e-03,9.3072784217e-03,1.8495563928e-01,3.6191973302e-01,2.7254633347e-01,5.9083599837e-02,1.0583736311e-01,2.3566897547e+00
6.0700000000e+02,6.3628977369e-03,9.2877127516e-03,1.8643997477e-01,3.6269698639e-01,2.7232380311e-01,5.8018325601e-02,1.0487029965e-01,2.3494125534e+00
6.0750000000e+02,6.3831098674e-03,9.2672701633e-03,1.8812133398e-01,3.6287215128e-01,2.7213051094e-01,5.7306128188e-02,1.0391949558e-01,2.3470133662e+00
6.0800000000e+02,6.3991180670e-03,9.2214986887e-03,1.8875220169e-01,3.6236475657e-01,2.7344849179e-01,5.6283521714e-02,1.0353041147e-01,2.3460922801e+00
6.0850000000e+02,6.4221040075e-03,9.0947034091e-03,1.9064449084e-01,3.6139126006e-01,2.7456034416e-01,5.5171455634e-02,1.0271564189e-01,2.3432844263e+00
6.0900000000e+02,6.3886210927e-03,8.9769471704e-03,1.9332774861e-01,3.6046688113e-01,2.7501336087e-01,5.4400137869e-02,1.0142630326e-01,2.3359439093e+00
6.0950000000e+02,6.4213390633e-03,9.0214772896e-03,1.9569064810e-01,3.5904621313e-01,2.7555743174e-01,5.3563560174e-02,1.0069933050e-01,2.3335070240e+00
6.1000000000e+02,6.4483175207e-03,9.1615421465e-03,1.9836040140e-01,3.5803882437e-01,2.7492671566e-01,5.2512415755e-02,1.0055178314e-01,2.3268938541e+00
6.1050000000e+02,6.4632041176e-03,9.1109352050e-03,2.0031027501e-01,3.5749466614e-01,2.7471408108e-01,5.1785029157e-02,1.0012180929e-01,2.3246975364e+00
6.1100000000e+02,6.3819372402e-03,9.0098612949e-03,2.0249551375e-01,3.5629930572e-01,2.7602463182e-01,5.0470152463e-02,9.9318597706e-02,2.3179559122e+00
6.1150000000e+02,6.3565628518e-03,8.9227908399e-03,2.0490899189e-01,3.5558945362e-01,2.7627100542e-01,4.9790484985e-02,9.8160710389e-02,2.3109545086e+00
6.1200000000e+02,6.3966492117e-03,8.9454220696e-03,2.0654947684e-01,3.5435088813e-01,2.7644160519e-01,4.9152522086e-02,9.8163436468e-02,2.3119168891e+00
6.1250000000e+02,6.3903068774e-03,8.9150113436e-03,2.0835152894e-01,3.5455693552e-01,2.7597868131e-01,4.8176236261e-02,9.7631299748e-02,2.3051545862e+00
6.1300000000e+02,6.3543693425e-03,8.8393631423e-03,2.0884348192e-01,3.5642503960e-01,2.7456724812e-01,4.8125500253e-02,9.6844997623e-02,2.2938124312e+00
6.1350000000e+02,6.3180807986e-03,8.8191215985e-03,2.1030034325e-01,3.5664848083e-01,2.7397787706e-01,4.7814245367e-02,9.6121851104e-02,2.2905255510e+00
6.1400000000e+02,6.3315802388e-03,8.8640459035e-03,2.1210029416e-01,3.5615098063e-01,2.7411031900e-01,4.6853672619e-02,9.5589107444e-02,2.2873889913e+00
6.1450000000e+02,6.3686863074e-03,8.7604239126e-03,2.1447043866e-01,3.5452923767e-01,2.7456198349e-01,4.6103566400e-02,9.5205663550e-02,2.2869532351e+00
6.1500000000e+02,6.3707031960e-03,8.7057881926e-03,2.1636298137e-01,3.5295922529e-01,2.7561266346e-01,4.5461784074e-02,9.4526854415e-02,2.2855873903e+00
6.1550000000e+02,6.3463335740e-03,8.6529821055e-03,2.1969122045e-01,3.5127012410e-01,2.7529476014e-01,4.4809740521e-02,9.3934839108e-02,2.2812864188e+00
6.1600000000e+02,6.3521904845e-03,8.5815648166e-03,2.2146383891e-01,3.5081670956e-01,2.7507650009e-01,4.4284707141e-02,9.3424489003e-02,2.2793421862e+00
6.1650000000e+02,6.3429211953e-03,8.5282345232e-03,2.2331275230e-01,3.4992100378e-01,2.7482536676e-01,4.3847368311e-02,9.3222353132e-02,2.2753645023e+00
6.1700000000e+02,6.3605046368e-03,8.4315929064e-03,2.2570550874e-01,3.4870963855e-01,2.7512295512e-01,4.3182101553e-02,9.2487698497e-02,2.2721105207e+00
6.1750000000e+02,6.3278680334e-03,8.4997209530e-03,2.2816241712e-01,3.4747251864e-01,2.7437285465e-01,4.2860684138e-02,9.2303936472e-02,2.2703718986e+00
6.1800000000e+02,6.3152334486e-03,8.4415451841e-03,2.2940818659e-01,3.4683432757e-01,2.7441795942e-01,4.2636736914e-02,9.1946010875e-02,2.2676509241e+00
6.1850000000e+02,6.3356066813e-03,8.3968282874e-03,2.3162436500e-01,3.4585935659e-01,2.7418817865e-01,4.2348780010e-02,9.1246884783e-02,2.2645386159e+00
6.1900000000e+02,6.3238684063e-03,8.4309890574e-03,2.3361054102e-01,3.4466801417e-01,2.7357918896e-01,4.2393441862e-02,9.0993956521e-02,2.2589930473e+00
6.1950000000e+02,6.2800652033e-03,8.4138402132e-03,2.3613790248e-01,3.4381571534e-01,2.7271940521e-01,4.2460389590e-02,9.0172681962e-02,2.2580066408e+00
6.2000000000e+02,6.3009064833e-03,8.3808991970e-03,2.3934309039e-01,3.4224420095e-01,2.7185887882e-01,4.2624047892e-02,8.9247976275e-02,2.2563374473e+00
6.2050000000e+02,6.3068325019e-03,8.3256935888e-03,2.4065776656e-01,3.4219482615e-01,2.7129256704e-01,4.2588071399e-02,8.8634242756e-02,2.2529601421e+00
6.2100000000e+02,6.3168758273e-03,8.2454402025e-03,2.4436872723e-01,3.3914840105e-01,2.7094521127e-01,4.2775737663e-02,8.8199606755e-02,2.2510402034e+00
6.2150000000e+02,6.3846489254e-03,8.2790802554e-03,2.4709916657e-01,3.3694299960e-01,2.7097818878e-01,4.2827310406e-02,8.7488605464e-02,2.2555571855e+00
6.2200000000e+02,6.3564367312e-03,8.2554161211e-03,2.4965238352e-01,3.3498046824e-01,2.7103469006e-01,4.3093878359e-02,8.6626726972e-02,2.2555925213e+00
6.2250000000e+02,6.3601193643e-03,8.2407518659e-03,2.5242627347e-01,3.3369479328e-01,2.6984333017e-01,4.3224469377e-02,8.6210262478e-02,2.2537004934e+00
6.2300000000e+02,6.3877141036e-03,8.1851451525e-03,2.5501706567e-01,3.3228562559e-01,2.6966101925e-01,4.2896928888e-02,8.5566501350e-02,2.2528513507e+00
6.2350000000e+02,6.3877183410e-03,8.0706649330e-03,2.5711637386e-01,3.3110039979e-01,2.6899634912e-01,4.3299892601e-02,8.5028601349e-02,2.2490744493e+00
6.2400000000e+02,6.3947620352e-03,8.0401956126e-03,2.5944049878e-01,3.2940496099e-01,2.6843232623e-01,4.3720630869e-02,8.4566625489e-02,2.2463379941e+00
6.2450000000e+02,6.3617982649e-03,8.0444929126e-03,2.6210557196e-01,3.2863539924e-01,2.6709289038e-01,4.4142326726e-02,8.3617520522e-02,2.2432974169e+00
6.2500000000e+02,6.3845854315e-03,8.0128986848e-03,2.6374732494e-01,3.2790171728e-01,2.6669052145e-01,4.4229863004e-02,8.3033089210e-02,2.2426625475e+00
6.2550000000e+02,6.3714608622e-03,8.0499349984e-03,2.6593342244e-01,3.2541030159e-01,2.6688743826e-01,4.4635872219e-02,8.2711569636e-02,2.2467429764e+00
6.2600000000e+02,6.4094630695e-03,8.0713638253e-03,2.6756285529e-01,3.2415165000e-01,2.6682101695e-01,4.4725462120e-02,8.2258188749e-02,2.2502951580e+00
6.2650000000e+02,6.3889870284e-03,8.0355947573e-03,2.6978673463e-01,3.2313354008e-01,2.6571472826e-01,4.5232550693e-02,8.1707864552e-02,2.2460510969e+00
6.2700000000e+02,6.4367869678e-03,8.0694793136e-03,2.7209986566e-01,3.2056499087e-01,2.6479433918e-01,4.6058237518e-02,8.1976300496e-02,2.2493201357e+00
6.2750000000e+02,6.4213355908e-03,8.0671237352e-03,2.7448060979e-01,3.1964817358e-01,2.6292199132e-01,4.6832227305e-02,8.1628538681e-02,2.2505515618e+00
6.2800000000e+02,6.4245861604e-03,8.0150820206e-03,2.7702370104e-01,3.1720817624e-01,2.6214037985e-01,4.7473346431e-02,8.1714728257e-02,2.2524792976e+00
6.2850000000e+02,6.4283462756e-03,7.9424232946e-03,2.8052283311e-01,3.1496351903e-01,2.6082190655e-01,4.7975080489e-02,8.1345891248e-02,2.2513065052e+00
6.2900000000e+02,6.4200166927e-03,7.9060400689e-03,2.8394464570e-01,3.1178991767e-01,2.6040344201e-01,4.8362104825e-02,8.1173833030e-02,2.2508917385e+00
6.2950000000e+02,6.4363481920e-03,7.9018364081e-03,2.8648597847e-01,3.0978197370e-01,2.5981091268e-01,4.8753213344e-02,8.0829737196e-02,2.2510848211e+00
6.3000000000e+02,6.4722058922e-03,7.8526704605e-03,2.9043444816e-01,3.0742113196e-01,2.5856688051e-01,4.9288983010e-02,7.9963680012e-02,2.2481269313e+00
6.3050000000e+02,6.4543678189e-03,7.8244448495e-03,2.9298469094e-01,3.0604968903e-01,2.5738596109e-01,5.0199007451e-02,7.9101838813e-02,2.2451178246e+00
6.3100000000e+02,6.4659571821e-03,7.7945995226e-03,2.9605994793e-01,3.0281087912e-01,2.5690756994e-01,5.0756253552e-02,7.9204792756e-02,2.2485724338e+00
6.3150000000e+02,6.5483478822e-03,7.8536010803e-03,2.9804739724e-01,2.9991488149e-01,2.5604867347e-01,5.1949053978e-02,7.9638044858e-02,2.2563678522e+00
6.3200000000e+02,6.5861435129e-03,7.9488284400e-03,3.0014525336e-01,2.9803463463e-01,2.5496084505e-01,5.2439849253e-02,7.9884445757e-02,2.2584675883e+00
6.3250000000e+02,6.6087416785e-03,7.9177470643e-03,3.0325757316e-01,2.9602712908e-01,2.5390078186e-01,5.2930489648e-02,7.9357537512e-02,2.2537161171e+00
6.3300000000e+02,6.6404822040e-03,7.9674427324e-03,3.0503239246e-01,2.9510278876e-01,2.5282788857e-01,5.3728259346e-02,7.8700745931e-02,2.2518382356e+00
6.3350000000e+02,6.6933730834e-03,8.0115677309e-03,3.0810507746e-01,2.9225652053e-01,2.5182033774e-01,5.4810451378e-02,7.8302672078e-02,2.2564613322e+00
6.3400000000e+02,6.7362046484e-03,8.0058371607e-03,3.1029681965e-01,2.9081149637e-01,2.5034859656e-01,5.5767237063e-02,7.8033808549e-02,2.2579425916e+00
6.3450000000e+02,6.8726762470e-03,8.0374543332e-03,3.1332301701e-01,2.8815900713e-01,2.4915941733e-01,5.7175064608e-02,7.7273363348e-02,2.2600598373e+00
6.3500000000e+02,6.9594456081e-03,8.0156166899e-03,3.1534077185e-01,2.8697611660e-01,2.4726016024e-01,5.8264631297e-02,7.7183257716e-02,2.2608200790e+00
6.3550000000e+02,7.0110819000e-03,7.9779022684e-03,3.1895457867e-01,2.8482527833e-01,2.4482879652e-01,5.9868435178e-02,7.6533927134e-02,2.2552628409e+00
6.3600000000e+02,7.0825409557e-03,8.0657999009e-03,3.2159770929e-01,2.8192086615e-01,2.4284794716e-01,6.1644739151e-02,7.6840397396e-02,2.2586892794e+00
6.3650000000e+02,7.1325652286e-03,7.9963513737e-03,3.2407441582e-01,2.8005039394e-01,2.4138472097e-01,6.2515134566e-02,7.6846418100e-02,2.2564039446e+00
6.3700000000e+02,7.1302273043e-03,7.9799147034e-03,3.2621936405e-01,2.7745305181e-01,2.4172150286e-01,6.2737091776e-02,7.6758847497e-02,2.2569203327e+00
6.3750000000e+02,7.1383888473e-03,7.9560106188e-03,3.2950374854e-01,2.7411310755e-01,2.4142608947e-01,6.3161462376e-02,7.6701192586e-02,2.2559178312e+00
6.3800000000e+02,7.1694161024e-03,7.8929041504e-03,3.3244911519e-01,2.7160858810e-01,2.4000383163e-01,6.4215850463e-02,7.6660294370e-02,2.2558705085e+00
6.3850000000e+02,7.1945368136e-03,7.9763377494e-03,3.3586423522e-01,2.6909501194e-01,2.3763710143e-01,6.5690853943e-02,7.6541922907e-02,2.2540265673e+00
6.3900000000e+02,7.2758639936e-03,7.9725811677e-03,3.3769456267e-01,2.6688913241e-01,2.3625080960e-01,6.7357170913e-02,7.6559879245e-02,2.2586405265e+00
6.3950000000e+02,7.3376424695e-03,8.0376052118e-03,3.4096700383e-01,2.6432743828e-01,2.3527131239e-01,6.8044105525e-02,7.6014892292e-02,2.2564652220e+00
6.4000000000e+02,7.4053573954e-03,8.0051569459e-03,3.4318661711e-01,2.6240624277e-01,2.3354837964e-01,6.9215092082e-02,7.6233154060e-02,2.2551549550e+00
6.4050000000e+02,7.4979738683e-03,8.0444594087e-03,3.4643770006e-01,2.5963041172e-01,2.3237930289e-01,7.0031817099e-02,7.5978334947e-02,2.2538235216e+00
6.4100000000e+02,7.5519782905e-03,8.1143638292e-03,3.4909916404e-01,2.5755429334e-01,2.3104497445e-01,7.0936547851e-02,7.5698678200e-02,2.2525627562e+00
6.4150000000e+02,7.5661782516e-03,8.1522221114e-03,3.5234646823e-01,2.5492200586e-01,2.3015906363e-01,7.1323187523e-02,7.5530874394e-02,2.2497366664e+00
6.4200000000e+02,7.5877894081e-03,8.1016522124e-03,3.5496799906e-01,2.5263690287e-01,2.2842719280e-01,7.2659877413e-02,7.5618586240e-02,2.2478551862e+00
6.4250000000e+02,7.6410366281e-03,8.1306906633e-03,3.5658870739e-01,2.5038266743e-01,2.2771726965e-01,7.3935297586e-02,7.5604330655e-02,2.2512901133e+00
6.4300000000e+02,7.6687455837e-03,8.1200179187e-03,3.5937472720e-01,2.4717320458e-01,2.2746846475e-01,7.4220944501e-02,7.5973895465e-02,2.2496614929e+00
6.4350000000e+02,7.6927093812e-03,8.1432696065e-03,3.6310080970e-01,2.4474035723e-01,2.2679394271e-01,7.4442897365e-02,7.5086014006e-02,2.2416338555e+00
6.4400000000e+02,7.7091989195e-03,8.2369963034e-03,3.6455181301e-01,2.4439749550e-01,2.2560048507e-01,7.5256391977e-02,7.4247619225e-02,2.2354008128e+00
6.4450000000e+02,7.7886367648e-03,8.2838278745e-03,3.6715010609e-01,2.4236063077e-01,2.2458381672e-01,7.6055545808e-02,7.3777435970e-02,2.2325173175e+00
6.4500000000e+02,7.8017962404e-03,8.2607202477e-03,3.7109439055e-01,2.3842144383e-01,2.2348505675e-01,7.7328439954e-02,7.3608152433e-02,2.2317650652e+00
6.4550000000e+02,7.8339532056e-03,8.2708806762e-03,3.7368405826e-01,2.3603879610e-01,2.2240323066e-01,7.8525955314e-02,7.3243125789e-02,2.2285068971e+00
6.4600000000e+02,7.7756914298e-03,8.3018497213e-03,3.7573297213e-01,2.3354326467e-01,2.2206380599e-01,7.9449345062e-02,7.3133071006e-02,2.2210525432e+00
6.4650000000e+02,7.8384560728e-03,8.2996383943e-03,3.7817293419e-01,2.3084468980e-01,2.2030637191e-01,8.1031256828e-02,7.3506652792e-02,2.2200329272e+00
6.4700000000e+02,7.9224675602e-03,8.3647466374e-03,3.8038866818e-01,2.2806073574e-01,2.1874331850e-01,8.2714579187e-02,7.3805484192e-02,2.2186007907e+00
6.4750000000e+02,7.9656232746e-03,8.4522238615e-03,3.8301017047e-01,2.2546215000e-01,2.1673032848e-01,8.4446038394e-02,7.3933465522e-02,2.2184989410e+00
6.4800000000e+02,8.0013434726e-03,8.5124168529e-03,3.8703259970e-01,2.2194991847e-01,2.1454922982e-01,8.6445106141e-02,7.3509385543e-02,2.2109546907e+00
6.4850000000e+02,8.0525544019e-03,8.4949539461e-03,3.8974449204e-01,2.1975610521e-01,2.1341042270e-01,8.7279347816e-02,7.3262123885e-02,2.2083080062e+00
6.4900000000e+02,8.1860723519e-03,8.5279929487e-03,3.9239566810e-01,2.1835194116e-01,2.1139694153e-01,8.8818122986e-02,7.2323260918e-02,2.2044445167e+00
6.4950000000e+02,8.2513582429e-03,8.5525064361e-03,3.9642042305e-01,2.1458364656e-01,2.0925432077e-01,9.0960942036e-02,7.1976802907e-02,2.1993255263e+00
6.5000000000e+02,8.3106574725e-03,8.6113591597e-03,3.9898814022e-01,2.1206337962e-01,2.0821019570e-01,9.2118538367e-02,7.1697729461e-02,2.1985035622e+00
6.5050000000e+02,8.4058629845e-03,8.6440302052e-03,4.0224607237e-01,2.0975982843e-01,2.0588268787e-01,9.3981941694e-02,7.1079576446e-02,2.1931930303e+00
6.5100000000e+02,8.4456150782e-03,8.6810760314e-03,4.0521580191e-01,2.0780851741e-01,2.0277663375e-01,9.6050465896e-02,7.1021889924e-02,2.1912209854e+00
6.5150000000e+02,8.5183554775e-03,8.6514908557e-03,4.0752328589e-01,2.0593413792e-01,2.0191169304e-01,9.6200946359e-02,7.1260090455e-02,2.1838527875e+00
6.5200000000e+02,8.5922697192e-03,8.7344325618e-03,4.0909040950e-01,2.0374615292e-01,2.0156394311e-01,9.7012774658e-02,7.1260017539e-02,2.1819697907e+00
6.5250000000e+02,8.6925835058e-03,8.7852900652e-03,4.1146287969e-01,2.0121383513e-01,2.0086609269e-01,9.8352612417e-02,7.0626706500e-02,2.1754624808e+00
6.5300000000e+02,8.7216035481e-03,8.7817425730e-03,4.1459931468e-01,1.9863829589e-01,1.9947502277e-01,9.9288593815e-02,7.0495426726e-02,2.1677531763e+00
6.5350000000e+02,8.9008403792e-03,8.9024397206e-03,4.1692290806e-01,1.9641597702e-01,1.9887131549e-01,9.9726981731e-02,7.0259537596e-02,2.1637916089e+00
6.5400000000e+02,8.9421108044e-03,8.9697033209e-03,4.1858579076e-01,1.9507403851e-01,1.9684462910e-01,1.0178727810e-01,6.9796449400e-02,2.1599951647e+00
6.5450000000e+02,9.0176104179e-03,9.0607890821e-03,4.2035813682e-01,1.9306751504e-01,1.9582369774e-01,1.0287053719e-01,6.9801713700e-02,2.1569376636e+00
6.5500000000e+02,9.0840164571e-03,9.0667754124e-03,4.2188004372e-01,1.9101514835e-01,1.9465723162e-01,1.0422982349e-01,7.0066960944e-02,2.1535127927e+00
6.5550000000e+02,9.1202321037e-03,9.0629678854e-03,4.2433503936e-01,1.8910625023e-01,1.9277687815e-01,1.0569724174e-01,6.9901390536e-02,2.1453597678e+00
6.5600000000e+02,9.2318888123e-03,9.1215803500e-03,4.2719147221e-01,1.8681829503e-01,1.9130593935e-01,1.0675105117e-01,6.9579773080e-02,2.1413020346e+00
6.5650000000e+02,9.3792300749e-03,9.1969620353e-03,4.2842549382e-01,1.8521364014e-01,1.8997104534e-01,1.0851094758e-01,6.9302681003e-02,2.1393408211e+00
6.5700000000e+02,9.4077399283e-03,9.1758791455e-03,4.3070245741e-01,1.8236201490e-01,1.8944496779e-01,1.0970839454e-01,6.9198546290e-02,2.1310494869e+00
6.5750000000e+02,9.5089530726e-03,9.2474199949e-03,4.3234057735e-01,1.8015210813e-01,1.8729989307e-01,1.1189529206e-01,6.9555756330e-02,2.1307767765e+00
6.5800000000e+02,9.5105387074e-03,9.2399194690e-03,4.3494740062e-01,1.7784571236e-01,1.8708028192e-01,1.1225855211e-01,6.9117594809e-02,2.1224596406e+00
6.5850000000e+02,9.5678894786e-03,9.2353921208e-03,4.3774448888e-01,1.7529009484e-01,1.8577434080e-01,1.1341778812e-01,6.8970005767e-02,2.1163880174e+00
6.5900000000e+02,9.6251834660e-03,9.3323305529e-03,4.3966339919e-01,1.7257343059e-01,1.8513131088e-01,1.1440724479e-01,6.9267100540e-02,2.1118185992e+00
6.5950000000e+02,9.6477652510e-03,9.4123974276e-03,4.4012358211e-01,1.7163891186e-01,1.8359268476e-01,1.1624636440e-01,6.9338294194e-02,2.1128068485e+00
6.6000000000e+02,9.7046266828e-03,9.4048253172e-03,4.4332619161e-01,1.6899319093e-01,1.8232662233e-01,1.1720999342e-01,6.9034549713e-02,2.1016670519e+00
6.6050000000e+02,9.8767010419e-03,9.5586259474e-03,4.4461848480e-01,1.6742502581e-01,1.8040472434e-01,1.1905802444e-01,6.9058413622e-02,2.0982818951e+00
6.6100000000e+02,1.0047490890e-02,9.7312444124e-03,4.4538607753e-01,1.6584486804e-01,1.7887357865e-01,1.2054748453e-01,6.9569255948e-02,2.0965529472e+00
6.6150000000e+02,1.0039313951e-02,9.8295384320e-03,4.4720839653e-01,1.6349979141e-01,1.7750524091e-01,1.2188563940e-01,7.0032079363e-02,2.0941560773e+00
6.6200000000e+02,1.0071171862e-02,9.9504475722e-03,4.5013133704e-01,1.6044953186e-01,1.7658265171e-01,1.2280314449e-01,7.0011715467e-02,2.0842407504e+00
6.6250000000e+02,1.0150950927e-02,1.0003407286e-02,4.5279667086e-01,1.5823078985e-01,1.7554357311e-01,1.2396494557e-01,6.9309662411e-02,2.0769254304e+00
6.6300000000e+02,1.0253178195e-02,1.0082139396e-02,4.5446089937e-01,1.5584885109e-01,1.7523979493e-01,1.2498146879e-01,6.9133668231e-02,2.0707536760e+00
6.6350000000e+02,1.0340156198e-02,1.0139067190e-02,4.5639207526e-01,1.5356586437e-01,1.7358530500e-01,1.2655785725e-01,6.9419674744e-02,2.0629679511e+00
6.6400000000e+02,1.0455078074e-02,1.0232358919e-02,4.5871619194e-01,1.5096049155e-01,1.7162947143e-01,1.2812844570e-01,6.9877962399e-02,2.0599798827e+00
6.6450000000e+02,1.0490803614e-02,1.0315114954e-02,4.6134349009e-01,1.4837401203e-01,1.6949066700e-01,1.3025269275e-01,6.9733219558e-02,2.0549164639e+00
6.6500000000e+02,1.0501609955e-02,1.0277639245e-02,4.6341278284e-01,1.4646376706e-01,1.6671870160e-01,1.3268245233e-01,6.9943046962e-02,2.0469540310e+00
6.6550000000e+02,1.0617701751e-02,1.0334184387e-02,4.6446408244e-01,1.4519736526e-01,1.6404766084e-01,1.3544700826e-01,6.9891997053e-02,2.0390387134e+00
6.6600000000e+02,1.0651237085e-02,1.0345985895e-02,4.6688348775e-01,1.4349119855e-01,1.6126431783e-01,1.3775502032e-01,6.9608752573e-02,2.0267048971e+00
6.6650000000e+02,1.0627084117e-02,1.0225131603e-02,4.6946435369e-01,1.4141261746e-01,1.5837689799e-01,1.4028766857e-01,6.9606246566e-02,2.0137017517e+00
6.6700000000e+02,1.0656854676e-02,1.0418866742e-02,4.7072657595e-01,1.4066217495e-01,1.5625819139e-01,1.4218230288e-01,6.9095033407e-02,2.0095653448e+00
6.6750000000e+02,1.0694715937e-02,1.0418488746e-02,4.7243513384e-01,1.3931758684e-01,1.5484864752e-01,1.4327405792e-01,6.9011369192e-02,2.0015238478e+00
6.6800000000e+02,1.0713437414e-02,1.0487293292e-02,4.7447507262e-01,1.3738913674e-01,1.5332113761e-01,1.4548532033e-01,6.8128601992e-02,1.9884295469e+00
6.6850000000e+02,1.0741757454e-02,1.0519027814e-02,4.7658035364e-01,1.3608660199e-01,1.5119037741e-01,1.4750271752e-01,6.7379164171e-02,1.9783509538e+00
6.6900000000e+02,1.0744698858e-02,1.0541446004e-02,4.7939855970e-01,1.3363204626e-01,1.4901793341e-01,1.4934150578e-01,6.7323809991e-02,1.9692547131e+00
6.6950000000e+02,1.0796711178e-02,1.0584036066e-02,4.8060850701e-01,1.3234671707e-01,1.4774959184e-01,1.5064596367e-01,6.7268473170e-02,1.9655421642e+00
6.7000000000e+02,1.0840812401e-02,1.0729369066e-02,4.8116199020e-01,1.3082937655e-01,1.4659859240e-01,1.5259168940e-01,6.7248169978e-02,1.9589245461e+00
6.7050000000e+02,1.0826247185e-02,1.0792950833e-02,4.8225911126e-01,1.2968279035e-01,1.4519214438e-01,1.5382571831e-01,6.7421037684e-02,1.9516682501e+00
6.7100000000e+02,1.0874062077e-02,1.0734204591e-02,4.8458259104e-01,1.2816208263e-01,1.4423430740e-01,1.5453141510e-01,6.6881337169e-02,1.9394044726e+00
6.7150000000e+02,1.0953456651e-02,1.0901233722e-02,4.8602804248e-01,1.2598823747e-01,1.4343784515e-01,1.5585584148e-01,6.6835343052e-02,1.9336756794e+00
6.7200000000e+02,1.1067149308e-02,1.0977799803e-02,4.8651513785e-01,1.2485945263e-01,1.4207696754e-01,1.5721402198e-01,6.7289470904e-02,1.9323958484e+00
6.7250000000e+02,1.1186713688e-02,1.1016655872e-02,4.8693816115e-01,1.2476903711e-01,1.3971720948e-01,1.5948431432e-01,6.6887908381e-02,1.9273716279e+00
6.7300000000e+02,1.1161121330e-02,1.1066234481e-02,4.8867069797e-01,1.2294263928e-01,1.3827689645e-01,1.6065820570e-01,6.7224204802e-02,1.9166255200e+00
6.7350000000e+02,1.1174657416e-02,1.1097352213e-02,4.9032878535e-01,1.2151664202e-01,1.3670633835e-01,1.6198266822e-01,6.7193556436e-02,1.9061647210e+00
6.7400000000e+02,1.1291741433e-02,1.1198556224e-02,4.9149374812e-01,1.1996731216e-01,1.3527862675e-01,1.6315925189e-01,6.7610763428e-02,1.9013451278e+00
6.7450000000e+02,1.1413352329e-02,1.1302978520e-02,4.9173261730e-01,1.1942520707e-01,1.3399221844e-01,1.6471427555e-01,6.7419350785e-02,1.8987536674e+00
6.7500000000e+02,1.1362725733e-02,1.1430471764e-02,4.9340894940e-01,1.1823524907e-01,1.3208991169e-01,1.6670432423e-01,6.6768368108e-02,1.8854356806e+00
6.7550000000e+02,1.1378196824e-02,1.1520111170e-02,4.9427398590e-01,1.1666472307e-01,1.3100681675e-01,1.6813362345e-01,6.7022542830e-02,1.8775905858e+00
6.7600000000e+02,1.1273547845e-02,1.1478454603e-02,4.9509106410e-01,1.1564978679e-01,1.2985445984e-01,1.6933926089e-01,6.7313425942e-02,1.8681831304e+00
6.7650000000e+02,1.1417427018e-02,1.1647627395e-02,4.9533422900e-01,1.1479034259e-01,1.2735511662e-01,1.7152053908e-01,6.7934718305e-02,1.8654153403e+00
6.7700000000e+02,1.1412280975e-02,1.1663531416e-02,4.9573787626e-01,1.1424983555e-01,1.2563596549e-01,1.7317455173e-01,6.8125958580e-02,1.8549316457e+00
6.7750000000e+02,1.1389602680e-02,1.1713212672e-02,4.9629524329e-01,1.1358443803e-01,1.2590050390e-01,1.7310438855e-01,6.8012610876e-02,1.8459688003e+00
6.7800000000e+02,1.1472526061e-02,1.1885457200e-02,4.9623368481e-01,1.1388174396e-01,1.2476165873e-01,1.7414842559e-01,6.7616503649e-02,1.8458611820e+00
6.7850000000e+02,1.1470007812e-02,1.2060757020e-02,4.9661723898e-01,1.1376305332e-01,1.2286543707e-01,1.7582523473e-01,6.7398271059e-02,1.8396737239e+00
6.7900000000e+02,1.1590846103e-02,1.2182740218e-02,4.9649406926e-01,1.1343687231e-01,1.2185093084e-01,1.7702135567e-01,6.7423185589e-02,1.8369539747e+00
6.7950000000e+02,1.1619039577e-02,1.2255727425e-02,4.9732821587e-01,1.1238856605e-01,1.2035559336e-01,1.7874114511e-01,6.7311712609e-02,1.8329516213e+00
6.8000000000e+02,1.1651811022e-02,1.2333216816e-02,4.9849081973e-01,1.1110900085e-01,1.1905164430e-01,1.7946956454e-01,6.7893942744e-02,1.8283102146e+00
6.8050000000e+02,1.1747754814e-02,1.2497899526e-02,4.9879358477e-01,1.1039320065e-01,1.1803800320e-01,1.7983350047e-01,6.8696056564e-02,1.8265000313e+00
6.8100000000e+02,1.1636766010e-02,1.2620476175e-02,4.9934484196e-01,1.0968050044e-01,1.1743007505e-01,1.8061953129e-01,6.8667809073e-02,1.8180409503e+00
6.8150000000e+02,1.1726047502e-02,1.2691185486e-02,5.0028781900e-01,1.0876300243e-01,1.1515634911e-01,1.8245939376e-01,6.8916202705e-02,1.8107532221e+00
6.8200000000e+02,1.1817579384e-02,1.2710890584e-02,5.0200593795e-01,1.0779281390e-01,1.1378816626e-01,1.8356640962e-01,6.8318202297e-02,1.8027009224e+00
6.8250000000e+02,1.1849059937e-02,1.2764070936e-02,5.0320939068e-01,1.0723529186e-01,1.1193945364e-01,1.8515776091e-01,6.7844972037e-02,1.7996103070e+00
6.8300000000e+02,1.1783134439e-02,1.2911601875e-02,5.0441386445e-01,1.0574056345e-01,1.1234304833e-01,1.8512744656e-01,6.7680340889e-02,1.7906113042e+00
6.8350000000e+02,1.1752998303e-02,1.3021032177e-02,5.0467399214e-01,1.0517713514e-01,1.1209803219e-01,1.8553023546e-01,6.7746574589e-02,1.7803848265e+00
6.8400000000e+02,1.1825494515e-02,1.3113908787e-02,5.0478401020e-01,1.0416193845e-01,1.1145519794e-01,1.8661821114e-01,6.8041238972e-02,1.7822874134e+00
6.8450000000e+02,1.1693009299e-02,1.3159139900e-02,5.0614534690e-01,1.0395519427e-01,1.1063314606e-01,1.8711982437e-01,6.7294339199e-02,1.7763961800e+00
6.8500000000e+02,1.1633343283e-02,1.3193481371e-02,5.0778975741e-01,1.0339032053e-01,1.0908343133e-01,1.8812731487e-01,6.6782351208e-02,1.7665409676e+00
6.8550000000e+02,1.1613119332e-02,1.3252531311e-02,5.0869902598e-01,1.0263009241e-01,1.0843325395e-01,1.8900528681e-01,6.6366690204e-02,1.7626209257e+00
6.8600000000e+02,1.1602902718e-02,1.3329804577e-02,5.0968758852e-01,1.0118403451e-01,1.0786311209e-01,1.9017267337e-01,6.6159884215e-02,1.7578676411e+00
6.8650000000e+02,1.1705531314e-02,1.3431479276e-02,5.1029567688e-01,1.0123175182e-01,1.0585292384e-01,1.9161368819e-01,6.5868948681e-02,1.7581872778e+00
6.8700000000e+02,1.1683702078e-02,1.3464291727e-02,5.1056813826e-01,1.0091096256e-01,1.0592418051e-01,1.9193808214e-01,6.5510642723e-02,1.7554945241e+00
6.8750000000e+02,1.1671540180e-02,1.3508615485e-02,5.1136601253e-01,9.9491425824e-02,1.0499430256e-01,1.9316774853e-01,6.5800354891e-02,1.7545934308e+00
6.8800000000e+02,1.1606432582e-02,1.3512923811e-02,5.1282703744e-01,9.8571817485e-02,1.0430401832e-01,1.9335426905e-01,6.5823501316e-02,1.7516752125e+00
6.8850000000e+02,1.1668433228e-02,1.3539169603e-02,5.1290770006e-01,9.8955295718e-02,1.0313470969e-01,1.9392000204e-01,6.5874689659e-02,1.7510652020e+00
6.8900000000e+02,1.1691775294e-02,1.3523157820e-02,5.1420970613e-01,9.8186597281e-02,1.0245851537e-01,1.9437205504e-01,6.5558193061e-02,1.7468724219e+00
6.8950000000e+02,1.1644365258e-02,1.3624313994e-02,5.1531178660e-01,9.7633565568e-02,1.0162762693e-01,1.9493298411e-01,6.5225357545e-02,1.7455079215e+00
6.9000000000e+02,1.1711906015e-02,1.3778510757e-02,5.1471250219e-01,9.6925693197e-02,1.0156469791e-01,1.9565171279e-01,6.5654977139e-02,1.7494269413e+00
6.9050000000e+02,1.1766128857e-02,1.3831670391e-02,5.1587224280e-01,9.6046352971e-02,1.0170887312e-01,1.9525519271e-01,6.5519539160e-02,1.7436031493e+00
6.9100000000e+02,1.1705642378e-02,1.3845026625e-02,5.1660764534e-01,9.5140361501e-02,1.0182044397e-01,1.9542962690e-01,6.5451253281e-02,1.7411260435e+00
6.9150000000e+02,1.1740645193e-02,1.3976416745e-02,5.1550513178e-01,9.4984565584e-02,1.0132879174e-01,1.9639506093e-01,6.6069388039e-02,1.7451671203e+00
6.9200000000e+02,1.1817820650e-02,1.4248611253e-02,5.1494231017e-01,9.5247595442e-02,1.0129795257e-01,1.9625785839e-01,6.6187851529e-02,1.7497720263e+00
6.9250000000e+02,1.1929158202e-02,1.4407917869e-02,5.1495355908e-01,9.5426487340e-02,1.0183643278e-01,1.9594871053e-01,6.5497734202e-02,1.7554154007e+00
6.9300000000e+02,1.1988063675e-02,1.4532391806e-02,5.1501788446e-01,9.5597557551e-02,1.0069460558e-01,1.9660316636e-01,6.5566330572e-02,1.7588565242e+00
6.9350000000e+02,1.2055006242e-02,1.4586684071e-02,5.1477209733e-01,9.6350144738e-02,9.9964388768e-02,1.9733764804e-01,6.4934030816e-02,1.7591761896e+00
6.9400000000e+02,1.2104744280e-02,1.4622443931e-02,5.1436859101e-01,9.6335132112e-02,1.0044514396e-01,1.9713263552e-01,6.4991309192e-02,1.7580562126e+00
6.9450000000e+02,1.2135092559e-02,1.4713593201e-02,5.1397674145e-01,9.6737095756e-02,1.0026915728e-01,1.9693185026e-01,6.5236469488e-02,1.7619237421e+00
6.9500000000e+02,1.2111210763e-02,1.4781920654e-02,5.1385639363e-01,9.7203576040e-02,1.0004238703e-01,1.9699017562e-01,6.5014336262e-02,1.7663071313e+00
6.9550000000e+02,1.2098916816e-02,1.4867759035e-02,5.1460598786e-01,9.7410295267e-02,1.0010410931e-01,1.9648559656e-01,6.4427335143e-02,1.7624165157e+00
6.9600000000e+02,1.2130512612e-02,1.5021075124e-02,5.1431259510e-01,9.6993273294e-02,1.0072496016e-01,1.9693574875e-01,6.3881834961e-02,1.7712630006e+00
6.9650000000e+02,1.2129966284e-02,1.5194959724e-02,5.1373711527e-01,9.7153233463e-02,1.0152427120e-01,1.9602347462e-01,6.4236979447e-02,1.7762701122e+00
6.9700000000e+02,1.2162757077e-02,1.5263175758e-02,5.1429624527e-01,9.7224496771e-02,1.0176088372e-01,1.9525031194e-01,6.4042129463e-02,1.7750904516e+00
6.9750000000e+02,1.2174445496e-02,1.5337794897e-02,5.1382846880e-01,9.7922187661e-02,1.0149869650e-01,1.9511188186e-01,6.4126524785e-02,1.7783667542e+00
6.9800000000e+02,1.2232087925e-02,1.5460441125e-02,5.1328431192e-01,9.8282629329e-02,1.0122927167e-01,1.9548559338e-01,6.4025664653e-02,1.7833135620e+00
6.9850000000e+02,1.2227533697e-02,1.5605264615e-02,5.1216904292e-01,9.8477862722e-02,1.0207372749e-01,1.9547796482e-01,6.3968603732e-02,1.7911670142e+00
6.9900000000e+02,1.2222654165e-02,1.5631849250e-02,5.1197977075e-01,9.8357136706e-02,1.0280148928e-01,1.9539753100e-01,6.3609568843e-02,1.7929897853e+00
6.9950000000e+02,1.2118949402e-02,1.5581235804e-02,5.1277273373e-01,9.8693201933e-02,1.0235915695e-01,1.9574831766e-01,6.2726404517e-02,1.7896791905e+00
7.0000000000e+02,1.2107475915e-02,1.5552272084e-02,5.1272450198e-01,9.8513449289e-02,1.0288926192e-01,1.9590645590e-01,6.2306582916e-02,1.7908709043e+00
7.0050000000e+02,1.2163073071e-02,1.5644392223e-02,5.1199625755e-01,9.9035848133e-02,1.0266634872e-01,1.9599181996e-01,6.2502260341e-02,1.7957912589e+00
7.0100000000e+02,1.2111258784e-02,1.5650407454e-02,5.1125102214e-01,9.9792294778e-02,1.0279471561e-01,1.9627039207e-01,6.2129909162e-02,1.7987340191e+00
7.0150000000e+02,1.2048001278e-02,1.5684921200e-02,5.1107154002e-01,1.0027159038e-01,1.0351760999e-01,1.9538013203e-01,6.2026205105e-02,1.8003747115e+00
7.0200000000e+02,1.2002576477e-02,1.5713390077e-02,5.1053932197e-01,1.0162741407e-01,1.0537016263e-01,1.9309485149e-01,6.1652283284e-02,1.8046730854e+00
7.0250000000e+02,1.2070440914e-02,1.5889017759e-02,5.0978984440e-01,1.0303665282e-01,1.0517513795e-01,1.9260141983e-01,6.1437486326e-02,1.8112864958e+00
7.0300000000e+02,1.2027671448e-02,1.6021761092e-02,5.0947330982e-01,1.0324790344e-01,1.0587899629e-01,1.9227853049e-01,6.1071827418e-02,1.8128014850e+00
7.0350000000e+02,1.2062522510e-02,1.6035483493e-02,5.0918244618e-01,1.0383777021e-01,1.0541730866e-01,1.9274069644e-01,6.0723772511e-02,1.8172930269e+00
7.0400000000e+02,1.2177259721e-02,1.6117199283e-02,5.0824328359e-01,1.0503319217e-01,1.0661608002e-01,1.9113012238e-01,6.0682862833e-02,1.8265275447e+00
7.0450000000e+02,1.2112117807e-02,1.6139761385e-02,5.0741345264e-01,1.0618499280e-01,1.0677774942e-01,1.9110244296e-01,6.0269482992e-02,1.8295563614e+00
7.0500000000e+02,1.2154349636e-02,1.6115209181e-02,5.0664468527e-01,1.0787711276e-01,1.0705709965e-01,1.9032796887e-01,5.9823574629e-02,1.8319722783e+00
7.0550000000e+02,1.2216392820e-02,1.6144923036e-02,5.0634065442e-01,1.0818930549e-01,1.0846079829e-01,1.8884690143e-01,5.9801024516e-02,1.8376332719e+00
7.0600000000e+02,1.2303852058e-02,1.6170383211e-02,5.0596480124e-01,1.0843468531e-01,1.0958801853e-01,1.8800875613e-01,5.9529503530e-02,1.8464184397e+00
7.0650000000e+02,1.2340135681e-02,1.6192156592e-02,5.0613510995e-01,1.0866768595e-01,1.0966198439e-01,1.8774933673e-01,5.9253590712e-02,1.8479413969e+00
7.0700000000e+02,1.2349763768e-02,1.6216019338e-02,5.0543959831e-01,1.0886652346e-01,1.0944402079e-01,1.8835370081e-01,5.9330373530e-02,1.8541255545e+00
7.0750000000e+02,1.2328904937e-02,1.6066577510e-02,5.0479294283e-01,1.0966406479e-01,1.1068121193e-01,1.8738505637e-01,5.9081241642e-02,1.8531399271e+00
7.0800000000e+02,1.2257159385e-02,1.6013470501e-02,5.0402658560e-01,1.1052612660e-01,1.1191609228e-01,1.8665785751e-01,5.8602708122e-02,1.8534593606e+00
7.0850000000e+02,1.2281468252e-02,1.6098431976e-02,5.0255312467e-01,1.1243330311e-01,1.1219267504e-01,1.8560085325e-01,5.8840143707e-02,1.8573427181e+00
7.0900000000e+02,1.2219617656e-02,1.6124592106e-02,5.0207360893e-01,1.1358065706e-01,1.1267379193e-01,1.8500844522e-01,5.8319287101e-02,1.8627172336e+00
7.0950000000e+02,1.2190228779e-02,1.6263700297e-02,5.0106521484e-01,1.1464997969e-01,1.1346534450e-01,1.8410587615e-01,5.8259655751e-02,1.8705429881e+00
7.1000000000e+02,1.2179563346e-02,1.6388664125e-02,4.9969984709e-01,1.1599590070e-01,1.1393908150e-01,1.8353695376e-01,5.8259989488e-02,1.8768521224e+00
7.1050000000e+02,1.2108147520e-02,1.6444047704e-02,4.9918863983e-01,1.1769143810e-01,1.1431459161e-01,1.8257902662e-01,5.7674108617e-02,1.8799156530e+00
7.1100000000e+02,1.2021978447e-02,1.6417564356e-02,4.9815784238e-01,1.1908544653e-01,1.1484769644e-01,1.8145538556e-01,5.8014086292e-02,1.8827201596e+00
7.1150000000e+02,1.1967235483e-02,1.6421566284e-02,4.9774020168e-01,1.1956673409e-01,1.1522160772e-01,1.8096399077e-01,5.8118663970e-02,1.8884878450e+00
7.1200000000e+02,1.1927417073e-02,1.6499643666e-02,4.9697270131e-01,1.2080649858e-01,1.1467808583e-01,1.8114950605e-01,5.7966147479e-02,1.8905929549e+00
7.1250000000e+02,1.1961629274e-02,1.6616455921e-02,4.9540279497e-01,1.2248477008e-01,1.1583707387e-01,1.7985182103e-01,5.7845454853e-02,1.9008443576e+00
7.1300000000e+02,1.1920217714e-02,1.6516985929e-02,4.9514409381e-01,1.2372504422e-01,1.1673923956e-01,1.7821700526e-01,5.7737413506e-02,1.9011975941e+00
7.1350000000e+02,1.1919403178e-02,1.6647751763e-02,4.9476486273e-01,1.2456146222e-01,1.1750028935e-01,1.7744794945e-01,5.7158281310e-02,1.9056465081e+00
7.1400000000e+02,1.1922111983e-02,1.6743443524e-02,4.9404565602e-01,1.2594735574e-01,1.1824492193e-01,1.7628375568e-01,5.6812755130e-02,1.9076056853e+00
7.1450000000e+02,1.1923070009e-02,1.6786159523e-02,4.9245244679e-01,1.2731159731e-01,1.1851148195e-01,1.7573551367e-01,5.7279730739e-02,1.9128272135e+00
7.1500000000e+02,1.1833314366e-02,1.6809784796e-02,4.9171703509e-01,1.2826360429e-01,1.1934226343e-01,1.7499680398e-01,5.7037194043e-02,1.9193100731e+00
7.1550000000e+02,1.1786629272e-02,1.7017680572e-02,4.9047516652e-01,1.2959822729e-01,1.2056486464e-01,1.7361446363e-01,5.6942968062e-02,1.9277772359e+00
7.1600000000e+02,1.1749041328e-02,1.7126935479e-02,4.8914837749e-01,1.3101586305e-01,1.2200320339e-01,1.7186486407e-01,5.7091715188e-02,1.9350239576e+00
7.1650000000e+02,1.1750381883e-02,1.7242359351e-02,4.8779610236e-01,1.3200432702e-01,1.2312031368e-01,1.7045073305e-01,5.7635782666e-02,1.9415231767e+00
7.1700000000e+02,1.1803644413e-02,1.7450037062e-02,4.8627055640e-01,1.3394970897e-01,1.2380328958e-01,1.6912794335e-01,5.7594820220e-02,1.9481804648e+00
7.1750000000e+02,1.1872253183e-02,1.7521974131e-02,4.8461015257e-01,1.3490498095e-01,1.2463521300e-01,1.6871313803e-01,5.7742288131e-02,1.9547479062e+00
7.1800000000e+02,1.1885795906e-02,1.7587626763e-02,4.8340591410e-01,1.3566617981e-01,1.2568035298e-01,1.6750107265e-01,5.8273057794e-02,1.9574076307e+00
7.1850000000e+02,1.1913400575e-02,1.7650866418e-02,4.8121302424e-01,1.3817266300e-01,1.2687683958e-01,1.6585767594e-01,5.8315530241e-02,1.9657477873e+00
7.1900000000e+02,1.1886148884e-02,1.7780690225e-02,4.8011236424e-01,1.3919720957e-01,1.2706925821e-01,1.6510080708e-01,5.8853521790e-02,1.9665413829e+00
7.1950000000e+02,1.1896156298e-02,1.7756658476e-02,4.7959304821e-01,1.4062101165e-01,1.2857405544e-01,1.6340664348e-01,5.8152426445e-02,1.9659048958e+00
7.2000000000e+02,1.1837844944e-02,1.7770249831e-02,4.7918401748e-01,1.4156611968e-01,1.2899726178e-01,1.6257345740e-01,5.8071048878e-02,1.9638007538e+00
7.2050000000e+02,1.1802493918e-02,1.7914199377e-02,4.7842944048e-01,1.4302069439e-01,1.3030462766e-01,1.6072541049e-01,5.7803133678e-02,1.9674052677e+00
7.2100000000e+02,1.1883192488e-02,1.8118641840e-02,4.7741973143e-01,1.4421812179e-01,1.3099390262e-01,1.5922291043e-01,5.8143499397e-02,1.9752491039e+00
7.2150000000e+02,1.1807418747e-02,1.8208783632e-02,4.7698397009e-01,1.4480253969e-01,1.3243432423e-01,1.5782304376e-01,5.7939919862e-02,1.9793598154e+00
7.2200000000e+02,1.1824980692e-02,1.8102466655e-02,4.7620239437e-01,1.4545157647e-01,1.3397526448e-01,1.5655809467e-01,5.7885222665e-02,1.9835588025e+00
7.2250000000e+02,1.1766528839e-02,1.8113298251e-02,4.7533250806e-01,1.4683625901e-01,1.3504321298e-01,1.5495791831e-01,5.7950274561e-02,1.9873781912e+00
7.2300000000e+02,1.1808262344e-02,1.8252952888e-02,4.7361433674e-01,1.4894518204e-01,1.3502191772e-01,1.5460761520e-01,5.7749733063e-02,1.9934863416e+00
7.2350000000e+02,1.1770630712e-02,1.8313070360e-02,4.7269483782e-01,1.4961089100e-01,1.3599032314e-01,1.5398931475e-01,5.7630932212e-02,1.9976925158e+00
7.2400000000e+02,1.1646445351e-02,1.8320949102e-02,4.7227335620e-01,1.5022026681e-01,1.3731777367e-01,1.5290232929e-01,5.7318879575e-02,1.9986780419e+00
7.2450000000e+02,1.1654094843e-02,1.8530164893e-02,4.7086688806e-01,1.5136288665e-01,1.3883510566e-01,1.5109727553e-01,5.7653584359e-02,2.0056919374e+00
7.2500000000e+02,1.1657728046e-02,1.8443351954e-02,4.6949773372e-01,1.5263980759e-01,1.4024028438e-01,1.4951721899e-01,5.8003875312e-02,2.0060207294e+00
7.2550000000e+02,1.1661259811e-02,1.8488644557e-02,4.6704735687e-01,1.5407464142e-01,1.4229751740e-01,1.4781239830e-01,5.8618181634e-02,2.0120642083e+00
7.2600000000e+02,1.1589665403e-02,1.8544633365e-02,4.6673528453e-01,1.5447261397e-01,1.4328350059e-01,1.4692607254e-01,5.8448229587e-02,2.0162893302e+00
7.2650000000e+02,1.1464131800e-02,1.8472877813e-02,4.6614637327e-01,1.5614821522e-01,1.4443397532e-01,1.4534566215e-01,5.7988764427e-02,2.0173916284e+00
7.2700000000e+02,1.1418124868e-02,1.8499923982e-02,4.6501723194e-01,1.5721741789e-01,1.4495626765e-01,1.4483959165e-01,5.8051442018e-02,2.0184708302e+00
7.2750000000e+02,1.1411034025e-02,1.8535877820e-02,4.6363492645e-01,1.5846158075e-01,1.4610845195e-01,1.4355919904e-01,5.8288929961e-02,2.0176663862e+00
7.2800000000e+02,1.1436299461e-02,1.8737678464e-02,4.6175673441e-01,1.5985366058e-01,1.4741727569e-01,1.4197863113e-01,5.8819720254e-02,2.0291703433e+00
7.2850000000e+02,1.1461374365e-02,1.8755339639e-02,4.5908076080e-01,1.6178973755e-01,1.4879712352e-01,1.4078475817e-01,5.9330905952e-02,2.0356960450e+00
7.2900000000e+02,1.1545329450e-02,1.8844961747e-02,4.5910246197e-01,1.6215913098e-01,1.5007741923e-01,1.3943614058e-01,5.8834556054e-02,2.0375667356e+00
7.2950000000e+02,1.1571995644e-02,1.8856519024e-02,4.5840270395e-01,1.6291636297e-01,1.5162270526e-01,1.3820887973e-01,5.8420833422e-02,2.0413766253e+00
7.3000000000e+02,1.1593945078e-02,1.8996197055e-02,4.5589416234e-01,1.6517221403e-01,1.5236306441e-01,1.3733033614e-01,5.8650080946e-02,2.0523920404e+00
7.3050000000e+02,1.1631536193e-02,1.9006723704e-02,4.5432855615e-01,1.6610170495e-01,1.5396744155e-01,1.3634425834e-01,5.8619779105e-02,2.0569707070e+00
7.3100000000e+02,1.1655944220e-02,1.9151912385e-02,4.5337523414e-01,1.6691380343e-01,1.5512679233e-01,1.3486604080e-01,5.8910272694e-02,2.0654199800e+00
7.3150000000e+02,1.1550437565e-02,1.9100942653e-02,4.5088529289e-01,1.6947399549e-01,1.5647878082e-01,1.3361003291e-01,5.8900517675e-02,2.0631002488e+00
7.3200000000e+02,1.1566226603e-02,1.9278501076e-02,4.4818099333e-01,1.7152879785e-01,1.5808174840e-01,1.3202968191e-01,5.9334050815e-02,2.0693322895e+00
7.3250000000e+02,1.1536953628e-02,1.9273151086e-02,4.4647237396e-01,1.7338900644e-01,1.6033392126e-01,1.2950235068e-01,5.9492242945e-02,2.0736119545e+00
7.3300000000e+02,1.1496762107e-02,1.9347657827e-02,4.4473558873e-01,1.7565503935e-01,1.6195259577e-01,1.2772119373e-01,5.9091162480e-02,2.0746713860e+00
7.3350000000e+02,1.1495233251e-02,1.9450954202e-02,4.4183289252e-01,1.7856110130e-01,1.6315345657e-01,1.2638609931e-01,5.9120262847e-02,2.0809981098e+00
7.3400000000e+02,1.1515335639e-02,1.9602744454e-02,4.4042594986e-01,1.7994245373e-01,1.6388355188e-01,1.2546527425e-01,5.9164690186e-02,2.0862832090e+00
7.3450000000e+02,1.1508093300e-02,1.9751565374e-02,4.3870722756e-01,1.8145241565e-01,1.6512250741e-01,1.2402720530e-01,5.9430985399e-02,2.0925834141e+00
7.3500000000e+02,1.1504674359e-02,1.9723826908e-02,4.3892614146e-01,1.8194561414e-01,1.6537993559e-01,1.2287820119e-01,5.9641606363e-02,2.0897754877e+00
7.3550000000e+02,1.1442878653e-02,1.9881220298e-02,4.3838922020e-01,1.8293186138e-01,1.6671529192e-01,1.2125033357e-01,5.9389193983e-02,2.0887154017e+00
7.3600000000e+02,1.1385748405e-02,1.9744303418e-02,4.3801633691e-01,1.8333901653e-01,1.6818444324e-01,1.1999371583e-01,5.9336435662e-02,2.0878683823e+00
7.3650000000e+02,1.1391433498e-02,1.9842825896e-02,4.3795294420e-01,1.8374967727e-01,1.6910607876e-01,1.1902991442e-01,5.8927125957e-02,2.0872592386e+00
7.3700000000e+02,1.1295807957e-02,1.9931129847e-02,4.3715087143e-01,1.8468705386e-01,1.7031906489e-01,1.1819947374e-01,5.8416598269e-02,2.0893745530e+00
7.3750000000e+02,1.1317852302e-02,1.9934589604e-02,4.3533663299e-01,1.8666583813e-01,1.7092960122e-01,1.1697885926e-01,5.8836626492e-02,2.0915681145e+00
7.3800000000e+02,1.1281388631e-02,2.0004688721e-02,4.3429497241e-01,1.8876337789e-01,1.7115914842e-01,1.1581499220e-01,5.8681431734e-02,2.0933951177e+00
7.3850000000e+02,1.1241470505e-02,2.0192931038e-02,4.3292337954e-01,1.8951868448e-01,1.7193542474e-01,1.1565161697e-01,5.8536492740e-02,2.0947457246e+00
7.3900000000e+02,1.1128571906e-02,2.0244652115e-02,4.3268639635e-01,1.9074234287e-01,1.7182923048e-01,1.1503314311e-01,5.8335663178e-02,2.0944818145e+00
7.3950000000e+02,1.1132184322e-02,2.0120952158e-02,4.3096907987e-01,1.9197699194e-01,1.7345285534e-01,1.1372343862e-01,5.8624497759e-02,2.0973463164e+00
7.4000000000e+02,1.1113351577e-02,2.0250729492e-02,4.2924710094e-01,1.9333960338e-01,1.7464655718e-01,1.1232907843e-01,5.9073579006e-02,2.0970374187e+00
7.4050000000e+02,1.1100275038e-02,2.0316041437e-02,4.2842566070e-01,1.9424390104e-01,1.7541144808e-01,1.1156455854e-01,5.8938115161e-02,2.0978824909e+00
7.4100000000e+02,1.1065158257e-02,2.0336635794e-02,4.2721849747e-01,1.9532706332e-01,1.7572254528e-01,1.1123049386e-01,5.9099606013e-02,2.0982851620e+00
7.4150000000e+02,1.1061000057e-02,2.0496531666e-02,4.2685045647e-01,1.9541024494e-01,1.7621709972e-01,1.1067796364e-01,5.9286703505e-02,2.1016958418e+00
7.4200000000e+02,1.0998637919e-02,2.0447588020e-02,4.2521039671e-01,1.9688656748e-01,1.7733985578e-01,1.0974554247e-01,5.9371411615e-02,2.0986281895e+00
7.4250000000e+02,1.0994433323e-02,2.0412768212e-02,4.2333815168e-01,1.9881235419e-01,1.7874861690e-01,1.0868466354e-01,5.9009012156e-02,2.1000529807e+00
7.4300000000e+02,1.1026664369e-02,2.0530047299e-02,4.2239601383e-01,2.0031616663e-01,1.8062752199e-01,1.0607722787e-01,5.9026358015e-02,2.1008356079e+00
7.4350000000e+02,1.1031753322e-02,2.0583816068e-02,4.2123207992e-01,2.0140354402e-01,1.8222527977e-01,1.0461950356e-01,5.8904023334e-02,2.1015916809e+00
7.4400000000e+02,1.0976205016e-02,2.0558512726e-02,4.2035856382e-01,2.0309398642e-01,1.8238362700e-01,1.0355599346e-01,5.9073111571e-02,2.0985462743e+00
7.4450000000e+02,1.0964672371e-02,2.0628587961e-02,4.1822617302e-01,2.0530610457e-01,1.8363561792e-01,1.0195715532e-01,5.9281688832e-02,2.0995549166e+00
7.4500000000e+02,1.0962102463e-02,2.0439214316e-02,4.1669884277e-01,2.0680407305e-01,1.8472769451e-01,1.0121674606e-01,5.9151326838e-02,2.0995866372e+00
7.4550000000e+02,1.0954189127e-02,2.0487386625e-02,4.1560988931e-01,2.0857102716e-01,1.8591290998e-01,9.9745910659e-02,5.8718687141e-02,2.0913427984e+00
7.4600000000e+02,1.0803898324e-02,2.0457373825e-02,4.1407102440e-01,2.1002669249e-01,1.8683991065e-01,9.9319468271e-02,5.8481632053e-02,2.0916314522e+00
7.4650000000e+02,1.0847951054e-02,2.0400796744e-02,4.1061392169e-01,2.1232305967e-01,1.8976571216e-01,9.7544299308e-02,5.8504259369e-02,2.0932063686e+00
7.4700000000e+02,1.0771010488e-02,2.0381587895e-02,4.0865656824e-01,2.1348921686e-01,1.9096465049e-01,9.6698173103e-02,5.9038792927e-02,2.0911624402e+00
7.4750000000e+02,1.0757366304e-02,2.0342918986e-02,4.0660606011e-01,2.1525581285e-01,1.9165351412e-01,9.6491306386e-02,5.8893021235e-02,2.0882088596e+00
7.4800000000e+02,1.0861349777e-02,2.0469703744e-02,4.0386632525e-01,2.1765209295e-01,1.9222145886e-01,9.5821751204e-02,5.9107318225e-02,2.0932920656e+00
7.4850000000e+02,1.0862644110e-02,2.0425779718e-02,4.0256449853e-01,2.1924032500e-01,1.9413239793e-01,9.4240929668e-02,5.8533425051e-02,2.0962980963e+00
7.4900000000e+02,1.0895769660e-02,2.0349903682e-02,4.0095016902e-01,2.2100150528e-01,1.9405529911e-01,9.4000131667e-02,5.8747221577e-02,2.0971939120e+00
7.4950000000e+02,1.0921077226e-02,2.0335389481e-02,4.0011015858e-01,2.2165798688e-01,1.9559049866e-01,9.2871205318e-02,5.8513683856e-02,2.0925087424e+00
7.5000000000e+02,1.0952633476e-02,2.0141291083e-02,3.9884320753e-01,2.2306593447e-01,1.9741722993e-01,9.1529813610e-02,5.8049889902e-02,2.0906411419e+00
7.5050000000e+02,1.1054383348e-02,2.0276329260e-02,3.9710746891e-01,2.2384702364e-01,1.9877146576e-01,9.0519390540e-02,5.8423938539e-02,2.0962227141e+00
7.5100000000e+02,1.1026825329e-02,2.0386396444e-02,3.9660240839e-01,2.2380590485e-01,1.9898132463e-01,9.0626580312e-02,5.8570560051e-02,2.0935209538e+00
7.5150000000e+02,1.0827322065e-02,2.0354961320e-02,3.9628612128e-01,2.2452070150e-01,1.9955473984e-01,9.0221300170e-02,5.8234853835e-02,2.0889379179e+00
7.5200000000e+02,1.0814353498e-02,2.0354425844e-02,3.9494074450e-01,2.2600318857e-01,2.0074563411e-01,8.8904969907e-02,5.8236683567e-02,2.0902486142e+00
7.5250000000e+02,1.0851861573e-02,2.0368902498e-02,3.9179460972e-01,2.2891622697e-01,2.0190731697e-01,8.7974505590e-02,5.8186576678e-02,2.0918705510e+00
7.5300000000e+02,1.0872471691e-02,2.0420321688e-02,3.8963739998e-01,2.3060267709e-01,2.0331470949e-01,8.6911206920e-02,5.8241213146e-02,2.0954643272e+00
7.5350000000e+02,1.0889396777e-02,2.0495005100e-02,3.8664221118e-01,2.3313749524e-01,2.0321614570e-01,8.6719620810e-02,5.8900125193e-02,2.0962680501e+00
7.5400000000e+02,1.0916078714e-02,2.0578910058e-02,3.8382966175e-01,2.3585873877e-01,2.0319208427e-01,8.6489331970e-02,5.9135194459e-02,2.1020327956e+00
7.5450000000e+02,1.0956965342e-02,2.0398554897e-02,3.8302652905e-01,2.3688096872e-01,2.0416855407e-01,8.5949269652e-02,5.8619158267e-02,2.1009507447e+00
7.5500000000e+02,1.0930169849e-02,2.0337050407e-02,3.8094751306e-01,2.3929086599e-01,2.0440802267e-01,8.5251031668e-02,5.8835346355e-02,2.1004606350e+00
7.5550000000e+02,1.0970828014e-02,2.0394384006e-02,3.7802290107e-01,2.4202482501e-01,2.0425521702e-01,8.5208861539e-02,5.9122983344e-02,2.1030358008e+00
7.5600000000e+02,1.1011946951e-02,2.0302866752e-02,3.7455483691e-01,2.4498286984e-01,2.0479306591e-01,8.5198310699e-02,5.9156102936e-02,2.1021683404e+00
7.5650000000e+02,1.1064213157e-02,2.0076663154e-02,3.7131622579e-01,2.4810501571e-01,2.0553485688e-01,8.4627366687e-02,5.9275658621e-02,2.1034005737e+00
7.5700000000e+02,1.1095228686e-02,2.0001365442e-02,3.7015939985e-01,2.4931424223e-01,2.0560877549e-01,8.4562548170e-02,5.9258440128e-02,2.1060866344e+00
7.5750000000e+02,1.1177525512e-02,1.9942911997e-02,3.6671091003e-01,2.5237354235e-01,2.0618965274e-01,8.4042376723e-02,5.9563080649e-02,2.1062676349e+00
7.5800000000e+02,1.1210236679e-02,1.9912189195e-02,3.6458794916e-01,2.5376218351e-01,2.0605972639e-01,8.4545300817e-02,5.9922414247e-02,2.1097541265e+00
7.5850000000e+02,1.1202931145e-02,1.9887452876e-02,3.6332905803e-01,2.5455812130e-01,2.0702201333e-01,8.4035372353e-02,5.9965050964e-02,2.1114436253e+00
7.5900000000e+02,1.1320405358e-02,1.9853581079e-02,3.6225800566e-01,2.5501551806e-01,2.0688403684e-01,8.3976367963e-02,6.0692085044e-02,2.1150849794e+00
7.5950000000e+02,1.1306035667e-02,1.9664541069e-02,3.5991321188e-01,2.5643447870e-01,2.0745676664e-01,8.4114739215e-02,6.1110226824e-02,2.1153129137e+00
7.6000000000e+02,1.1237328430e-02,1.9685378572e-02,3.5801772051e-01,2.5796153740e-01,2.0685905509e-01,8.4589927228e-02,6.1649052768e-02,2.1144539665e+00
7.6050000000e+02,1.1180999574e-02,1.9573768843e-02,3.5381526393e-01,2.6181064865e-01,2.0658497922e-01,8.4885729872e-02,6.2148609916e-02,2.1194405204e+00
7.6100000000e+02,1.1257711735e-02,1.9448857479e-02,3.5061370763e-01,2.6354230716e-01,2.0723001740e-01,8.4958640976e-02,6.2948757621e-02,2.1229099775e+00
7.6150000000e+02,1.1280380031e-02,1.9415952982e-02,3.4709119049e-01,2.6655612327e-01,2.0672664169e-01,8.5767896596e-02,6.3161814931e-02,2.1229786432e+00
7.6200000000e+02,1.1251845453e-02,1.9295145328e-02,3.4358281234e-01,2.6996006909e-01,2.0747951967e-01,8.5197807836e-02,6.3232800280e-02,2.1220185507e+00
7.6250000000e+02,1.1224204502e-02,1.9145468120e-02,3.4168917540e-01,2.7182968158e-01,2.0843920969e-01,8.4628005535e-02,6.3044255165e-02,2.1191673460e+00
7.6300000000e+02,1.1233943847e-02,1.8975093436e-02,3.3918195919e-01,2.7431805220e-01,2.0837346743e-01,8.4474112296e-02,6.3443371603e-02,2.1171448788e+00
7.6350000000e+02,1.1377921363e-02,1.8924880005e-02,3.3701874897e-01,2.7524389946e-01,2.0870458048e-01,8.4675770384e-02,6.4054199330e-02,2.1232776907e+00
7.6400000000e+02,1.1453740295e-02,1.8772238665e-02,3.3418549448e-01,2.7699802726e-01,2.0809710437e-01,8.5758353202e-02,6.4735041726e-02,2.1268856001e+00
7.6450000000e+02,1.1435818021e-02,1.8674160757e-02,3.3058203972e-01,2.8044868773e-01,2.0945649021e-01,8.4560482873e-02,6.4842320682e-02,2.1250322784e+00
7.6500000000e+02,1.1420864271e-02,1.8566883824e-02,3.2842302066e-01,2.8271109912e-01,2.0930956780e-01,8.4738746942e-02,6.4829817390e-02,2.1245453484e+00
7.6550000000e+02,1.1384833792e-02,1.8462530125e-02,3.2521903735e-01,2.8541284020e-01,2.1063816533e-01,8.3900891409e-02,6.4981701789e-02,2.1257642360e+00
7.6600000000e+02,1.1482538509e-02,1.8461739987e-02,3.2277181576e-01,2.8728323231e-01,2.1204032521e-01,8.2826467582e-02,6.5133880644e-02,2.1262040920e+00
7.6650000000e+02,1.1674552789e-02,1.8471432651e-02,3.2112458697e-01,2.8870558283e-01,2.1200025608e-01,8.2930047672e-02,6.5093541010e-02,2.1285710189e+00
7.6700000000e+02,1.1717029448e-02,1.8330011835e-02,3.1973836521e-01,2.8994220104e-01,2.1264445206e-01,8.2773188027e-02,6.4854752385e-02,2.1293340171e+00
7.6750000000e+02,1.1754185307e-02,1.8230559851e-02,3.1768466716e-01,2.9196952491e-01,2.1317369736e-01,8.2361872265e-02,6.4825493146e-02,2.1230747902e+00
7.6800000000e+02,1.1773333470e-02,1.8046738485e-02,3.1512851270e-01,2.9299223826e-01,2.1395889496e-01,8.2741099900e-02,6.5359182229e-02,2.1271349934e+00
7.6850000000e+02,1.1746064031e-02,1.7827780760e-02,3.1305204760e-01,2.9485208967e-01,2.1362480750e-01,8.2866866085e-02,6.6030344354e-02,2.1292440416e+00
7.6900000000e+02,1.1777173214e-02,1.7793153499e-02,3.0982778196e-01,2.9696452876e-01,2.1389853896e-01,8.2964856651e-02,6.6773966962e-02,2.1327685239e+00
7.6950000000e+02,1.1776570689e-02,1.7705823428e-02,3.0518604072e-01,3.0066066343e-01,2.1456220790e-01,8.2930362337e-02,6.7178331498e-02,2.1341078994e+00
7.7000000000e+02,1.1688050885e-02,1.7624827645e-02,3.0205866221e-01,3.0416188381e-01,2.1432438872e-01,8.3013012315e-02,6.7129174418e-02,2.1306347212e+00
7.7050000000e+02,1.1648898956e-02,1.7590468632e-02,3.0065969544e-01,3.0508939471e-01,2.1441254137e-01,8.3201341764e-02,6.7397659130e-02,2.1308075865e+00
7.7100000000e+02,1.1631916450e-02,1.7412730872e-02,2.9830335809e-01,3.0559003040e-01,2.1530106473e-01,8.3041465261e-02,6.8719434195e-02,2.1331734820e+00
7.7150000000e+02,1.1661698755e-02,1.7287458429e-02,2.9435563597e-01,3.0708269044e-01,2.1658297028e-01,8.3268989472e-02,6.9760556648e-02,2.1431283838e+00
7.7200000000e+02,1.1677653187e-02,1.7050506059e-02,2.9367505939e-01,3.0691086488e-01,2.1760449917e-01,8.3500343288e-02,6.9581074024e-02,2.1434982743e+00
7.7250000000e+02,1.1690910164e-02,1.6797721606e-02,2.9083779166e-01,3.0941992140e-01,2.1793098317e-01,8.3887202286e-02,6.9435469715e-02,2.1425027841e+00
7.7300000000e+02,1.1680995117e-02,1.6553207378e-02,2.8887146331e-01,3.0987618924e-01,2.1856104793e-01,8.4668247323e-02,6.9788849701e-02,2.1473967865e+00
7.7350000000e+02,1.1693848853e-02,1.6399223591e-02,2.8686073661e-01,3.1037775427e-01,2.1914628365e-01,8.5061447551e-02,7.0460705478e-02,2.1472600246e+00
7.7400000000e+02,1.1719821722e-02,1.6304510243e-02,2.8491113548e-01,3.1136858158e-01,2.2027975056e-01,8.4812653267e-02,7.0603547148e-02,2.1477295061e+00
7.7450000000e+02,1.1676842160e-02,1.6281704568e-02,2.8344070653e-01,3.1194743199e-01,2.2071517411e-01,8.4944197060e-02,7.0993943588e-02,2.1494627981e+00
7.7500000000e+02,1.1718974757e-02,1.6102687912e-02,2.8005065536e-01,3.1515872294e-01,2.2137573187e-01,8.4336481420e-02,7.1256745740e-02,2.1511616901e+00
7.7550000000e+02,1.1709781667e-02,1.5983729663e-02,2.7747171623e-01,3.1630726582e-01,2.2143881548e-01,8.4912923788e-02,7.2175767348e-02,2.1555417686e+00
7.7600000000e+02,1.1661237767e-02,1.5770740217e-02,2.7464020792e-01,3.1814736961e-01,2.2231457282e-01,8.4607650304e-02,7.2858221364e-02,2.1566005160e+00
7.7650000000e+02,1.1512361610e-02,1.5602901158e-02,2.7204477316e-01,3.2046116551e-01,2.2229882640e-01,8.4658827358e-02,7.3421144811e-02,2.1577510877e+00
7.7700000000e+02,1.1401383231e-02,1.5412383005e-02,2.7044259992e-01,3.2162116508e-01,2.2246583551e-01,8.5164071295e-02,7.3492561960e-02,2.1565982126e+00
7.7750000000e+02,1.1334529963e-02,1.5298010145e-02,2.6841329827e-01,3.2402825530e-01,2.2140505578e-01,8.5682686291e-02,7.3838164259e-02,2.1512860267e+00
7.7800000000e+02,1.1337549138e-02,1.5150745086e-02,2.6589720453e-01,3.2662280338e-01,2.2088748043e-01,8.5713661569e-02,7.4390555867e-02,2.1509308686e+00
7.7850000000e+02,1.1357558540e-02,1.5082728375e-02,2.6371321336e-01,3.2747190968e-01,2.2152594175e-01,8.5840104951e-02,7.5008543345e-02,2.1518382447e+00
7.7900000000e+02,1.1385643822e-02,1.4916376536e-02,2.5995252277e-01,3.2987510358e-01,2.2209892091e-01,8.6019609707e-02,7.5751822674e-02,2.1517604909e+00
7.7950000000e+02,1.1351146905e-02,1.4686986870e-02,2.5837655557e-01,3.3118936488e-01,2.2186147917e-01,8.6468440735e-02,7.6066025873e-02,2.1460823194e+00
7.8000000000e+02,1.1337119985e-02,1.4516971457e-02,2.5600045597e-01,3.3252606146e-01,2.2214221725e-01,8.6952552084e-02,7.6524621802e-02,2.1464145406e+00
7.8050000000e+02,1.1244020826e-02,1.4441062002e-02,2.5357938780e-01,3.3515495414e-01,2.2168237900e-01,8.7101399505e-02,7.6796796732e-02,2.1411480861e+00
7.8100000000e+02,1.1318936976e-02,1.4410514637e-02,2.5059428610e-01,3.3705513838e-01,2.2166610500e-01,8.7530765580e-02,7.7424253327e-02,2.1436005779e+00
7.8150000000e+02,1.1297908761e-02,1.4328384943e-02,2.4650613996e-01,3.4064777822e-01,2.2209762154e-01,8.7557685723e-02,7.7564480853e-02,2.1431194489e+00
7.8200000000e+02,1.1159544447e-02,1.4206269888e-02,2.4411527633e-01,3.4268389779e-01,2.2236470543e-01,8.7637614104e-02,7.7832692006e-02,2.1369604372e+00
7.8250000000e+02,1.1096857617e-02,1.4044737218e-02,2.4067671628e-01,3.4593146009e-01,2.2243889234e-01,8.7939939936e-02,7.7871396517e-02,2.1332297245e+00
7.8300000000e+02,1.1005409283e-02,1.3986733236e-02,2.3858393711e-01,3.4821993419e-01,2.2274636063e-01,8.7618307980e-02,7.7839317570e-02,2.1293178611e+00
7.8350000000e+02,1.0934291414e-02,1.3773453227e-02,2.3515974245e-01,3.5126472629e-01,2.2237846976e-01,8.8428539599e-02,7.8060777263e-02,2.1249749036e+00
7.8400000000e+02,1.0869589432e-02,1.3652619191e-02,2.3195904928e-01,3.5454330416e-01,2.2183631069e-01,8.9254945594e-02,7.7884181659e-02,2.1201542316e+00
7.8450000000e+02,1.0847288302e-02,1.3488039069e-02,2.2926683121e-01,3.5603631299e-01,2.2169340677e-01,9.0295561914e-02,7.8372559751e-02,2.1161243030e+00
7.8500000000e+02,1.0762617227e-02,1.3286840218e-02,2.2690725018e-01,3.5766612016e-01,2.2118492507e-01,9.0743697872e-02,7.9448549273e-02,2.1107557300e+00
7.8550000000e+02,1.0688222832e-02,1.3112410122e-02,2.2381929457e-01,3.6094043553e-01,2.2099310249e-01,9.1248339798e-02,7.9198194651e-02,2.1036935932e+00
7.8600000000e+02,1.0670293028e-02,1.3008550721e-02,2.2048237333e-01,3.6291476360e-01,2.2139284361e-01,9.1501315775e-02,8.0029859935e-02,2.1019922710e+00
7.8650000000e+02,1.0617449549e-02,1.2782030486e-02,2.1749638615e-01,3.6569394701e-01,2.2091432267e-01,9.1999137591e-02,8.0496726547e-02,2.0955873213e+00
7.8700000000e+02,1.0593091243e-02,1.2597761837e-02,2.1520966014e-01,3.6680088954e-01,2.2072689258e-01,9.3463886798e-02,8.0607817863e-02,2.0948844088e+00
7.8750000000e+02,1.0517289988e-02,1.2382822941e-02,2.1131187619e-01,3.7078887640e-01,2.1893824525e-01,9.4579950603e-02,8.1480938628e-02,2.0879324935e+00
7.8800000000e+02,1.0422816922e-02,1.2209197662e-02,2.0863020997e-01,3.7309448299e-01,2.1833391963e-01,9.5359980198e-02,8.1949392631e-02,2.0855924722e+00
7.8850000000e+02,1.0440147653e-02,1.1978990376e-02,2.0786769179e-01,3.7330170404e-01,2.1928882858e-01,9.5338463320e-02,8.1784174237e-02,2.0803860906e+00
7.8900000000e+02,1.0492602106e-02,1.1930318954e-02,2.0526118166e-01,3.7559482110e-01,2.1841938292e-01,9.5971083895e-02,8.2330609366e-02,2.0748929675e+00
7.8950000000e+02,1.0493880496e-02,1.1758576473e-02,2.0146802714e-01,3.8032283738e-01,2.1711554772e-01,9.6816154232e-02,8.2024976558e-02,2.0657707623e+00
7.9000000000e+02,1.0494497365e-02,1.1720409579e-02,1.9970617737e-01,3.8104017144e-01,2.1660478083e-01,9.7378368149e-02,8.3055595272e-02,2.0600897118e+00
7.9050000000e+02,1.0439426701e-02,1.1569245268e-02,1.9764403829e-01,3.8277694649e-01,2.1582897307e-01,9.8309651049e-02,8.3431719136e-02,2.0519311174e+00
7.9100000000e+02,1.0379339070e-02,1.1463262986e-02,1.9539311635e-01,3.8482337017e-01,2.1616766014e-01,9.7799296665e-02,8.3973954614e-02,2.0427420734e+00
7.9150000000e+02,1.0202036297e-02,1.1288295491e-02,1.9315860202e-01,3.8698620027e-01,2.1487743804e-01,9.8661235498e-02,8.4826192381e-02,2.0312831666e+00
7.9200000000e+02,1.0162101258e-02,1.1112483639e-02,1.9063420304e-01,3.8703584844e-01,2.1671659507e-01,9.8480521129e-02,8.5858247427e-02,2.0283471896e+00
7.9250000000e+02,1.0139488260e-02,1.1001393347e-02,1.8841817871e-01,3.8870801994e-01,2.1695303727e-01,9.8819773721e-02,8.5960108753e-02,2.0226569477e+00
7.9300000000e+02,1.0138958593e-02,1.0923803104e-02,1.8689566702e-01,3.9050288108e-01,2.1592683945e-01,9.9293195452e-02,8.6318655298e-02,2.0142124207e+00
7.9350000000e+02,1.0083227164e-02,1.0800348499e-02,1.8439167746e-01,3.9233259464e-01,2.1522219048e-01,9.9660111724e-02,8.7509850036e-02,2.0060435436e+00
7.9400000000e+02,1.0003692179e-02,1.0678412116e-02,1.8094309777e-01,3.9672871628e-01,2.1366909734e-01,1.0046669791e-01,8.7510286412e-02,1.9903914103e+00
7.9450000000e+02,1.0030124418e-02,1.0466803493e-02,1.7878468723e-01,3.9823852263e-01,2.1376661799e-01,1.0060038901e-01,8.8112855234e-02,1.9829263148e+00
7.9500000000e+02,9.9966900692e-03,1.0333770518e-02,1.7554251383e-01,4.0108677353e-01,2.1361833879e-01,1.0073112294e-01,8.8690790313e-02,1.9738054124e+00
7.9550000000e+02,1.0005667205e-02,1.0307638906e-02,1.7216138712e-01,4.0446537571e-01,2.1320109680e-01,1.0137996196e-01,8.8478872295e-02,1.9652914987e+00
7.9600000000e+02,1.0048082039e-02,1.0193198795e-02,1.6990553961e-01,4.0530136772e-01,2.1409799424e-01,1.0106713816e-01,8.9386679439e-02,1.9561521967e+00
7.9650000000e+02,9.9550346189e-03,9.9830106733e-03,1.6745787698e-01,4.0621919811e-01,2.1468162314e-01,1.0158190630e-01,9.0121350175e-02,1.9490010203e+00
7.9700000000e+02,9.8909462784e-03,9.7834481874e-03,1.6499384751e-01,4.0836779649e-01,2.1458127850e-01,1.0151039093e-01,9.0872292102e-02,1.9377257909e+00
7.9750000000e+02,9.8698477816e-03,9.5907603464e-03,1.6229542795e-01,4.0911843738e-01,2.1479771281e-01,1.0287093133e-01,9.1456882399e-02,1.9303261121e+00
7.9800000000e+02,9.8380408405e-03,9.5793484585e-03,1.6165347299e-01,4.0926240449e-01,2.1399108291e-01,1.0413476615e-01,9.1540884164e-02,1.9236557660e+00
7.9850000000e+02,9.8392994405e-03,9.4773203065e-03,1.5999520825e-01,4.0948921733e-01,2.1426369496e-01,1.0471158207e-01,9.2223677654e-02,1.9190635177e+00
7.9900000000e+02,9.7959491059e-03,9.4260985559e-03,1.5811294116e-01,4.1143232062e-01,2.1313034874e-01,1.0550903881e-01,9.2593303010e-02,1.9107382527e+00
7.9950000000e+02,9.7589694379e-03,9.3193719513e-03,1.5464646059e-01,4.1432142367e-01,2.1289668593e-01,1.0600347036e-01,9.3053618058e-02,1.9058812688e+00
8.0000000000e+02,9.6770904080e-03,9.2184943456e-03,1.5262944038e-01,4.1512716079e-01,2.1407468064e-01,1.0602399286e-01,9.3249140573e-02,1.8974166492e+00
8.0050000000e+02,9.5769448878e-03,9.0857621679e-03,1.5033461077e-01,4.1640388251e-01,2.1477814571e-01,1.0686874739e-01,9.2951906566e-02,1.8879522160e+00
8.0100000000e+02,9.4725529429e-03,8.9898344247e-03,1.4802165155e-01,4.1779731069e-01,2.1447744618e-01,1.0820268046e-01,9.3038523756e-02,1.8760055222e+00
8.0150000000e+02,9.4006085116e-03,8.8347420575e-03,1.4747931560e-01,4.1767445846e-01,2.1341024442e-01,1.0956542844e-01,9.3635202519e-02,1.8688861645e+00
8.0200000000e+02,9.3287006395e-03,8.6382930434e-03,1.4648213742e-01,4.1745095672e-01,2.1380235536e-01,1.1036869003e-01,9.3928866788e-02,1.8582588551e+00
8.0250000000e+02,9.2772073058e-03,8.5320925836e-03,1.4623931137e-01,4.1600483072e-01,2.1382759615e-01,1.1236019160e-01,9.3758770278e-02,1.8506645597e+00
8.0300000000e+02,9.2343162355e-03,8.5098095958e-03,1.4525882296e-01,4.1626625878e-01,2.1377025810e-01,1.1338142388e-01,9.3579110459e-02,1.8407497727e+00
8.0350000000e+02,9.1030763597e-03,8.4343231684e-03,1.4395942284e-01,4.1740380663e-01,2.1322551920e-01,1.1393437386e-01,9.3939477942e-02,1.8257910732e+00
8.0400000000e+02,9.0844450091e-03,8.3785810354e-03,1.4158607256e-01,4.1897605421e-01,2.1255235771e-01,1.1472503466e-01,9.4697454806e-02,1.8163359529e+00
8.0450000000e+02,8.9893021873e-03,8.2702812746e-03,1.4039927311e-01,4.1957146711e-01,2.1159985030e-01,1.1542563606e-01,9.5744189967e-02,1.8076465934e+00
8.0500000000e+02,8.9282873183e-03,8.1130889466e-03,1.3982347805e-01,4.2022534499e-01,2.1095369329e-01,1.1609816387e-01,9.5857943532e-02,1.7939462386e+00
8.0550000000e+02,8.9755533133e-03,8.0997221411e-03,1.3908490693e-01,4.2020047756e-01,2.1101878821e-01,1.1643300451e-01,9.6187547329e-02,1.7846341303e+00
8.0600000000e+02,8.9064134961e-03,8.0958345426e-03,1.3693409761e-01,4.2197549051e-01,2.1040478447e-01,1.1744214483e-01,9.6241234533e-02,1.7772758456e+00
8.0650000000e+02,8.8282312309e-03,8.0648684693e-03,1.3585124147e-01,4.2243631006e-01,2.0974616905e-01,1.1839045342e-01,9.6682726300e-02,1.7696063283e+00
8.0700000000e+02,8.7336673332e-03,7.9609581373e-03,1.3403272593e-01,4.2454312130e-01,2.0862063388e-01,1.1945285334e-01,9.6656040082e-02,1.7589190308e+00
8.0750000000e+02,8.6980971027e-03,7.9694751693e-03,1.3297945331e-01,4.2502923147e-01,2.0853233884e-01,1.2038031530e-01,9.6411088807e-02,1.7484831388e+00
8.0800000000e+02,8.5893928975e-03,7.9149924267e-03,1.3170354759e-01,4.2504965685e-01,2.0807606766e-01,1.2174713637e-01,9.6919206214e-02,1.7413950503e+00
8.0850000000e+02,8.5907157711e-03,7.8794786867e-03,1.3130222444e-01,4.2334720191e-01,2.0866606761e-01,1.2294273616e-01,9.7271575424e-02,1.7360447481e+00
8.0900000000e+02,8.4980951008e-03,7.7779278610e-03,1.2979709711e-01,4.2329946436e-01,2.0896527728e-01,1.2429899843e-01,9.7363139856e-02,1.7281097426e+00
8.0950000000e+02,8.4686062057e-03,7.6809634976e-03,1.2966971925e-01,4.2268949414e-01,2.0905618523e-01,1.2500951887e-01,9.7425512804e-02,1.7233861491e+00
8.1000000000e+02,8.5089962425e-03,7.6315199544e-03,1.2942395097e-01,4.2146297078e-01,2.0933195726e-01,1.2614389478e-01,9.7496710021e-02,1.7174781295e+00
8.1050000000e+02,8.4348724793e-03,7.6005376794e-03,1.2850870717e-01,4.2222541810e-01,2.0837813327e-01,1.2680898883e-01,9.8043342479e-02,1.7025520544e+00
8.1100000000e+02,8.4090709821e-03,7.5718397675e-03,1.2825529559e-01,4.2297395949e-01,2.0652527725e-01,1.2836147800e-01,9.7903078930e-02,1.6941651034e+00
8.1150000000e+02,8.4188005744e-03,7.5698883787e-03,1.2748485335e-01,4.2313734956e-01,2.0633986801e-01,1.2872216701e-01,9.8327073107e-02,1.6850095810e+00
8.1200000000e+02,8.4265288341e-03,7.4598124669e-03,1.2708316355e-01,4.2374672594e-01,2.0560577955e-01,1.2905718814e-01,9.8620801527e-02,1.6747245252e+00
8.1250000000e+02,8.3800187324e-03,7.3779385525e-03,1.2599348574e-01,4.2442288371e-01,2.0426436192e-01,1.3069581161e-01,9.8865499733e-02,1.6654449984e+00
8.1300000000e+02,8.1919768640e-03,7.3462616237e-03,1.2535492962e-01,4.2563401594e-01,2.0295837332e-01,1.3179069858e-01,9.8723744058e-02,1.6610192292e+00
8.1350000000e+02,8.1406191574e-03,7.2576218627e-03,1.2483870315e-01,4.2596754439e-01,2.0332557115e-01,1.3159975650e-01,9.8870183800e-02,1.6522455935e+00
8.1400000000e+02,8.0032149884e-03,7.1116830240e-03,1.2417033501e-01,4.2699777799e-01,2.0358507491e-01,1.3214406271e-01,9.7987851359e-02,1.6410860818e+00
8.1450000000e+02,7.8958408650e-03,7.0660019477e-03,1.2282100016e-01,4.2827849620e-01,2.0288444662e-01,1.3324485735e-01,9.7809356846e-02,1.6359738308e+00
8.1500000000e+02,7.8782566488e-03,6.9857563547e-03,1.2239046283e-01,4.2914770279e-01,2.0258745166e-01,1.3418306825e-01,9.6827301454e-02,1.6294021953e+00
8.1550000000e+02,7.7901423704e-03,6.9265729958e-03,1.2266819957e-01,4.2867637059e-01,2.0192616173e-01,1.3519607360e-01,9.6816479137e-02,1.6223289413e+00
8.1600000000e+02,7.7651073242e-03,6.8540225233e-03,1.2241788919e-01,4.2704297004e-01,2.0205615392e-01,1.3551907212e-01,9.8344784881e-02,1.6200037746e+00
8.1650000000e+02,7.7336167078e-03,6.8198397555e-03,1.2203629170e-01,4.2701699448e-01,2.0126423826e-01,1.3693079652e-01,9.8198222568e-02,1.6158159717e+00
8.1700000000e+02,7.7364000259e-03,6.8570928197e-03,1.2176327700e-01,4.2661790691e-01,2.0007976771e-01,1.3809446816e-01,9.8851087371e-02,1.6162660430e+00
8.1750000000e+02,7.6206439049e-03,6.8366140070e-03,1.2216824000e-01,4.2632200783e-01,1.9870473125e-01,1.3963030934e-01,9.8717453676e-02,1.6117723681e+00
8.1800000000e+02,7.5736505309e-03,6.7604110766e-03,1.2320906940e-01,4.2519615601e-01,1.9805543484e-01,1.4044223957e-01,9.8763038579e-02,1.6101424431e+00
8.1850000000e+02,7.5039201190e-03,6.6909118994e-03,1.2297322660e-01,4.2567927141e-01,1.9737501106e-01,1.4096406116e-01,9.8813597754e-02,1.6107667561e+00
8.1900000000e+02,7.4690598933e-03,6.6445509356e-03,1.2327011554e-01,4.2408943014e-01,1.9782106044e-01,1.4099005906e-01,9.9715723994e-02,1.6118333699e+00
8.1950000000e+02,7.4681673973e-03,6.6332243060e-03,1.2346287024e-01,4.2232579423e-01,1.9756429816e-01,1.4218020742e-01,1.0036543826e-01,1.6154843283e+00
8.2000000000e+02,7.4060920246e-03,6.5769674695e-03,1.2444956468e-01,4.2173877591e-01,1.9750691690e-01,1.4213344127e-01,1.0018824175e-01,1.6108416046e+00
8.2050000000e+02,7.3472841940e-03,6.5088696297e-03,1.2424619630e-01,4.2199531790e-01,1.9774881520e-01,1.4235710100e-01,9.9796415785e-02,1.6051554506e+00
8.2100000000e+02,7.3100281726e-03,6.4162477773e-03,1.2479151569e-01,4.2276501381e-01,1.9620379790e-01,1.4330649071e-01,9.9206905947e-02,1.6040562203e+00
8.2150000000e+02,7.1935741891e-03,6.3180615151e-03,1.2497435043e-01,4.2220913024e-01,1.9594207586e-01,1.4366030602e-01,9.9702501739e-02,1.6041998756e+00
8.2200000000e+02,7.1606456565e-03,6.2469802458e-03,1.2522807871e-01,4.2208044384e-01,1.9612558467e-01,1.4338761783e-01,9.9770649047e-02,1.6064271784e+00
8.2250000000e+02,7.1009009457e-03,6.2001679569e-03,1.2603781728e-01,4.2174307389e-01,1.9570550327e-01,1.4367915460e-01,9.9533382057e-02,1.6057886861e+00
8.2300000000e+02,7.1398510532e-03,6.1817392585e-03,1.2555012959e-01,4.2115691051e-01,1.9520091808e-01,1.4459051214e-01,1.0017993936e-01,1.6117602128e+00
8.2350000000e+02,7.0877260598e-03,6.1364911135e-03,1.2563422221e-01,4.2022640139e-01,1.9522670537e-01,1.4490486321e-01,1.0078359065e-01,1.6153005303e+00
8.2400000000e+02,7.1056836689e-03,6.1486556770e-03,1.2615328937e-01,4.1933785199e-01,1.9454900001e-01,1.4567505121e-01,1.0103046807e-01,1.6200098712e+00
8.2450000000e+02,7.0545938125e-03,6.1117606784e-03,1.2655864657e-01,4.1845980586e-01,1.9361613693e-01,1.4663065475e-01,1.0156840139e-01,1.6248943822e+00
8.2500000000e+02,7.0299174369e-03,6.1445361069e-03,1.2756910653e-01,4.1750042057e-01,1.9211248390e-01,1.4795373613e-01,1.0168979931e-01,1.6317292280e+00
8.2550000000e+02,7.0465467499e-03,6.1726105838e-03,1.2860688740e-01,4.1447834302e-01,1.9237759657e-01,1.4901727645e-01,1.0230073922e-01,1.6396764368e+00
8.2600000000e+02,7.0143782165e-03,6.1424663148e-03,1.2942740383e-01,4.1250385850e-01,1.9197017152e-01,1.5036894883e-01,1.0257277279e-01,1.6428044104e+00
8.2650000000e+02,6.9495492733e-03,6.1132429332e-03,1.3010516625e-01,4.1085985725e-01,1.9147645454e-01,1.5168886928e-01,1.0280686046e-01,1.6495373374e+00
8.2700000000e+02,6.8800928524e-03,6.0970213091e-03,1.3097837488e-01,4.0968179094e-01,1.9051215541e-01,1.5257424747e-01,1.0327631715e-01,1.6539217475e+00
8.2750000000e+02,6.8765235641e-03,6.0444861420e-03,1.3122923383e-01,4.1040821371e-01,1.8877887539e-01,1.5351471455e-01,1.0314795282e-01,1.6534854734e+00
8.2800000000e+02,6.8731453032e-03,6.0424346577e-03,1.3158689981e-01,4.1079482085e-01,1.8740310153e-01,1.5419093706e-01,1.0310866079e-01,1.6564284702e+00
8.2850000000e+02,6.7894672376e-03,6.0287324036e-03,1.3239051863e-01,4.1071254710e-01,1.8566323665e-01,1.5519237490e-01,1.0322312309e-01,1.6583315588e+00
8.2900000000e+02,6.7641611630e-03,6.0782594680e-03,1.3321530056e-01,4.0973828644e-01,1.8541885791e-01,1.5589462722e-01,1.0289050724e-01,1.6615529588e+00
8.2950000000e+02,6.7044005534e-03,6.1390870186e-03,1.3365728005e-01,4.0804074165e-01,1.8546055839e-01,1.5634475848e-01,1.0365317385e-01,1.6696113264e+00
8.3000000000e+02,6.7126544201e-03,6.1431550280e-03,1.3371383769e-01,4.0801409674e-01,1.8421394097e-01,1.5707572626e-01,1.0412658889e-01,1.6766450266e+00
8.3050000000e+02,6.6498745863e-03,6.0977804026e-03,1.3424468792e-01,4.0713862415e-01,1.8373823067e-01,1.5834702357e-01,1.0378377870e-01,1.6818882557e+00
8.3100000000e+02,6.5666495744e-03,6.0744359866e-03,1.3468899161e-01,4.0646603578e-01,1.8344202112e-01,1.5910056040e-01,1.0366130552e-01,1.6884730680e+00
8.3150000000e+02,6.5479117605e-03,6.1074903355e-03,1.3523469234e-01,4.0588268733e-01,1.8233088094e-01,1.5980021228e-01,1.0409612501e-01,1.6932445478e+00
8.3200000000e+02,6.5085664312e-03,6.1408375441e-03,1.3629561955e-01,4.0450683165e-01,1.8315540971e-01,1.5951094680e-01,1.0388178832e-01,1.6998512136e+00
8.3250000000e+02,6.4598396716e-03,6.0857797222e-03,1.3745527330e-01,4.0455109339e-01,1.8291760021e-01,1.5947710317e-01,1.0305331054e-01,1.7000818417e+00
8.3300000000e+02,6.4672042608e-03,6.1084092502e-03,1.3803833352e-01,4.0521969919e-01,1.8139640069e-01,1.6026411527e-01,1.0250583782e-01,1.7048442986e+00
8.3350000000e+02,6.4271651542e-03,6.0640294605e-03,1.3919391308e-01,4.0379691888e-01,1.7995015364e-01,1.6152739039e-01,1.0304042940e-01,1.7112510480e+00
8.3400000000e+02,6.4534320465e-03,6.0519575820e-03,1.3926568472e-01,4.0412745201e-01,1.7834736388e-01,1.6308559752e-01,1.0266851223e-01,1.7171028637e+00
8.3450000000e+02,6.4133611629e-03,6.0236188666e-03,1.4060519198e-01,4.0326773439e-01,1.7773129061e-01,1.6369189109e-01,1.0226691190e-01,1.7198184812e+00
8.3500000000e+02,6.3971411233e-03,6.0638604754e-03,1.4227723273e-01,4.0206615031e-01,1.7659017797e-01,1.6438553656e-01,1.0221990083e-01,1.7224510435e+00
8.3550000000e+02,6.4387726824e-03,6.1782870211e-03,1.4255194383e-01,4.0053163084e-01,1.7608008222e-01,1.6467198117e-01,1.0354730223e-01,1.7290800392e+00
8.3600000000e+02,6.4194869155e-03,6.1639559394e-03,1.4347980857e-01,3.9936343678e-01,1.7581027866e-01,1.6497572142e-01,1.0378731171e-01,1.7303039884e+00
8.3650000000e+02,6.4243202176e-03,6.1469790241e-03,1.4480264603e-01,3.9670699075e-01,1.7431395485e-01,1.6698881529e-01,1.0461629384e-01,1.7398819277e+00
8.3700000000e+02,6.4461495277e-03,6.1683148792e-03,1.4487387008e-01,3.9683376094e-01,1.7299271878e-01,1.6770595372e-01,1.0497923207e-01,1.7450734022e+00
8.3750000000e+02,6.3766465316e-03,6.1123479648e-03,1.4507089290e-01,3.9612992263e-01,1.7236723308e-01,1.6832134424e-01,1.0562161264e-01,1.7501697058e+00
8.3800000000e+02,6.3526625173e-03,6.0511171943e-03,1.4545475107e-01,3.9546935029e-01,1.7237577742e-01,1.6826254590e-01,1.0603379561e-01,1.7572557176e+00
8.3850000000e+02,6.4079795929e-03,6.0948140852e-03,1.4579793994e-01,3.9476656123e-01,1.7157954981e-01,1.6881238458e-01,1.0654077075e-01,1.7626639057e+00
8.3900000000e+02,6.3832983787e-03,6.1141134281e-03,1.4704159391e-01,3.9297032826e-01,1.7188612861e-01,1.6884207460e-01,1.0676246282e-01,1.7728427597e+00
8.3950000000e+02,6.4230199611e-03,6.1033922720e-03,1.4816316147e-01,3.9083247550e-01,1.7176326765e-01,1.6933767551e-01,1.0737700764e-01,1.7828824702e+00
8.4000000000e+02,6.4661809001e-03,6.1186081940e-03,1.4933107062e-01,3.8926869661e-01,1.7068886822e-01,1.7054191349e-01,1.0758466197e-01,1.7900707237e+00
8.4050000000e+02,6.4425643379e-03,6.1394185644e-03,1.5047771728e-01,3.8853448564e-01,1.6944623738e-01,1.7154325706e-01,1.0741631974e-01,1.7959576966e+00
8.4100000000e+02,6.4501396960e-03,6.1479326413e-03,1.5063674340e-01,3.8818331506e-01,1.6863801253e-01,1.7280978402e-01,1.0713407265e-01,1.8053656388e+00
8.4150000000e+02,6.4748557834e-03,6.1930679376e-03,1.5267420012e-01,3.8693854811e-01,1.6778742854e-01,1.7335201646e-01,1.0657988305e-01,1.8076722228e+00
8.4200000000e+02,6.3853455949e-03,6.2165986931e-03,1.5387019730e-01,3.8577381385e-01,1.6714496002e-01,1.7398155598e-01,1.0662752856e-01,1.8113181036e+00
8.4250000000e+02,6.3537687135e-03,6.2700602853e-03,1.5369895103e-01,3.8610334317e-01,1.6621703674e-01,1.7491474554e-01,1.0644209452e-01,1.8159963536e+00
8.4300000000e+02,6.4300919829e-03,6.3838602123e-03,1.5525424138e-01,3.8493982128e-01,1.6591675571e-01,1.7502102853e-01,1.0605420091e-01,1.8266444619e+00
8.4350000000e+02,6.4476807923e-03,6.4425253352e-03,1.5564639629e-01,3.8472276921e-01,1.6614846930e-01,1.7501681928e-01,1.0557533980e-01,1.8330512818e+00
8.4400000000e+02,6.4016098493e-03,6.4144525425e-03,1.5688744793e-01,3.8355433369e-01,1.6501629503e-01,1.7612608076e-01,1.0559978020e-01,1.8384021059e+00
8.4450000000e+02,6.4549604720e-03,6.4760121125e-03,1.5782246476e-01,3.8251423082e-01,1.6445236422e-01,1.7585858219e-01,1.0642138543e-01,1.8453134697e+00
8.4500000000e+02,6.4336337419e-03,6.5040226959e-03,1.5914629543e-01,3.8054041728e-01,1.6422163329e-01,1.7612412225e-01,1.0702987532e-01,1.8522184523e+00
8.4550000000e+02,6.4778946090e-03,6.5277327445e-03,1.6134788161e-01,3.7846408222e-01,1.6408777842e-01,1.7637455291e-01,1.0672007748e-01,1.8591022282e+00
8.4600000000e+02,6.4672115886e-03,6.5718306472e-03,1.6241848964e-01,3.7826638897e-01,1.6319080907e-01,1.7718252017e-01,1.0590274992e-01,1.8602308838e+00
8.4650000000e+02,6.4594386213e-03,6.6294269904e-03,1.6275029350e-01,3.7911277776e-01,1.6212837953e-01,1.7731519013e-01,1.0560449347e-01,1.8601939301e+00
8.4700000000e+02,6.4624284562e-03,6.6574851014e-03,1.6459265656e-01,3.7743752217e-01,1.6153421988e-01,1.7743830181e-01,1.0587738602e-01,1.8630711709e+00
8.4750000000e+02,6.3888393197e-03,6.7097182616e-03,1.6536924219e-01,3.7725405630e-01,1.6114496645e-01,1.7760426496e-01,1.0552891252e-01,1.8674502499e+00
8.4800000000e+02,6.3983300655e-03,6.8018222749e-03,1.6634855610e-01,3.7617030838e-01,1.6087328377e-01,1.7784113033e-01,1.0556656909e-01,1.8756741406e+00
8.4850000000e+02,6.4155177488e-03,6.8492350645e-03,1.6661810268e-01,3.7570622740e-01,1.6039797267e-01,1.7765667971e-01,1.0635626473e-01,1.8835435946e+00
8.4900000000e+02,6.4438349091e-03,6.8423146885e-03,1.6783567505e-01,3.7394451276e-01,1.5976110832e-01,1.7858332088e-01,1.0658923338e-01,1.8894545512e+00
8.4950000000e+02,6.4665512487e-03,6.9058635272e-03,1.6923753150e-01,3.7288887254e-01,1.5892982962e-01,1.7860891256e-01,1.0696243900e-01,1.8958123216e+00
8.5000000000e+02,6.4908061841e-03,6.9480692648e-03,1.7155000906e-01,3.7100995030e-01,1.5836418762e-01,1.7895491030e-01,1.0668206727e-01,1.8979135711e+00
8.5050000000e+02,6.5396132981e-03,6.9845951675e-03,1.7319206552e-01,3.7015046798e-01,1.5781616444e-01,1.7864522569e-01,1.0667186790e-01,1.9035090351e+00
8.5100000000e+02,6.5822354924e-03,7.0007811337e-03,1.7364534232e-01,3.7019823761e-01,1.5799804063e-01,1.7832667399e-01,1.0624868883e-01,1.9061318049e+00
8.5150000000e+02,6.5817117432e-03,7.0079802344e-03,1.7469847673e-01,3.6973446713e-01,1.5764619092e-01,1.7879391556e-01,1.0553725768e-01,1.9127300427e+00
8.5200000000e+02,6.6249278522e-03,7.0355013395e-03,1.7636041082e-01,3.6814638597e-01,1.5760618373e-01,1.7896140024e-01,1.0526519004e-01,1.9185479033e+00
8.5250000000e+02,6.5757479324e-03,7.1114103542e-03,1.7840301447e-01,3.6604049982e-01,1.5721620369e-01,1.7960767180e-01,1.0504545194e-01,1.9261529419e+00
8.5300000000e+02,6.5769717841e-03,7.1644395597e-03,1.7957309231e-01,3.6528062105e-01,1.5713780627e-01,1.7923336600e-01,1.0503370302e-01,1.9283136231e+00
8.5350000000e+02,6.5065174004e-03,7.0935687932e-03,1.8089694872e-01,3.6498758440e-01,1.5650857609e-01,1.7975079993e-01,1.0425600467e-01,1.9311293865e+00
8.5400000000e+02,6.4991586699e-03,7.1422755435e-03,1.8193127622e-01,3.6479142719e-01,1.5572916658e-01,1.7967033620e-01,1.0423635959e-01,1.9325504066e+00
8.5450000000e+02,6.5059364222e-03,7.1957380000e-03,1.8289327249e-01,3.6357419655e-01,1.5575621220e-01,1.7959216857e-01,1.0448247578e-01,1.9408853713e+00
8.5500000000e+02,6.5272043191e-03,7.1678373581e-03,1.8434846749e-01,3.6334415602e-01,1.5545785567e-01,1.7934635615e-01,1.0380812300e-01,1.9456240731e+00
8.5550000000e+02,6.5390600420e-03,7.2330660557e-03,1.8619743288e-01,3.6155609463e-01,1.5522696450e-01,1.7945192512e-01,1.0379545678e-01,1.9511429479e+00
8.5600000000e+02,6.5670856132e-03,7.3097589748e-03,1.8770048798e-01,3.5972666450e-01,1.5561224546e-01,1.7937649277e-01,1.0370726470e-01,1.9614209908e+00
8.5650000000e+02,6.5976959526e-03,7.2985038309e-03,1.8958721828e-01,3.5817672741e-01,1.5539733046e-01,1.7915596332e-01,1.0378656075e-01,1.9632459825e+00
8.5700000000e+02,6.6766542869e-03,7.3078508078e-03,1.9256195903e-01,3.5528930180e-01,1.5589826290e-01,1.7902206233e-01,1.0324390885e-01,1.9722789587e+00
8.5750000000e+02,6.7104305020e-03,7.2557927160e-03,1.9411043036e-01,3.5358466137e-01,1.5651205927e-01,1.7846859785e-01,1.0335802794e-01,1.9772900612e+00
8.5800000000e+02,6.7118384183e-03,7.3375613101e-03,1.9580720837e-01,3.5178647178e-01,1.5660623823e-01,1.7744632435e-01,1.0430435756e-01,1.9820556122e+00
8.5850000000e+02,6.7233969900e-03,7.3844978196e-03,1.9838473425e-01,3.5026807478e-01,1.5737708400e-01,1.7646362837e-01,1.0339858380e-01,1.9873423594e+00
8.5900000000e+02,6.7608497810e-03,7.3234390036e-03,2.0015245875e-01,3.4902460472e-01,1.5796890914e-01,1.7614942223e-01,1.0262031639e-01,1.9898108807e+00
8.5950000000e+02,6.7590274023e-03,7.3862007998e-03,2.0115654643e-01,3.4792340179e-01,1.5809857909e-01,1.7585517717e-01,1.0282106732e-01,1.9962028310e+00
8.6000000000e+02,6.7496844058e-03,7.4049193722e-03,2.0381702313e-01,3.4562803213e-01,1.5972206376e-01,1.7471778899e-01,1.0196048821e-01,1.9995954241e+00
8.6050000000e+02,6.7485827876e-03,7.4807654531e-03,2.0385672731e-01,3.4547563597e-01,1.6003329122e-01,1.7451290667e-01,1.0189209059e-01,2.0067733623e+00
8.6100000000e+02,6.8123237698e-03,7.5164463521e-03,2.0449303442e-01,3.4556862351e-01,1.5968014715e-01,1.7416814819e-01,1.0176127661e-01,2.0089313701e+00
8.6150000000e+02,6.7885456440e-03,7.5827469659e-03,2.0461362903e-01,3.4627365450e-01,1.5873414201e-01,1.7482580460e-01,1.0118147725e-01,2.0140651923e+00
8.6200000000e+02,6.7833820001e-03,7.5934642184e-03,2.0656121957e-01,3.4448966794e-01,1.5927825402e-01,1.7425018919e-01,1.0104382306e-01,2.0181463252e+00
8.6250000000e+02,6.7444174922e-03,7.6977372925e-03,2.0745967451e-01,3.4340063090e-01,1.6174692835e-01,1.7230494569e-01,1.0064566577e-01,2.0213315714e+00
8.6300000000e+02,6.7655755212e-03,7.6701843138e-03,2.0972028592e-01,3.4089651153e-01,1.6255753910e-01,1.7197197322e-01,1.0041793040e-01,2.0294813561e+00
8.6350000000e+02,6.7546405218e-03,7.7100311322e-03,2.1079118503e-01,3.3942596221e-01,1.6326571725e-01,1.7155253016e-01,1.0049993369e-01,2.0352838980e+00
8.6400000000e+02,6.7465111002e-03,7.6830176318e-03,2.1283732467e-01,3.3854779120e-01,1.6271019415e-01,1.7172018380e-01,9.9754977454e-02,2.0372500103e+00
8.6450000000e+02,6.7747777305e-03,7.6639014623e-03,2.1405323300e-01,3.3758196872e-01,1.6349618312e-01,1.7106790080e-01,9.9362035163e-02,2.0360021173e+00
8.6500000000e+02,6.8137256247e-03,7.7467437117e-03,2.1586626101e-01,3.3612735903e-01,1.6340560522e-01,1.7026587365e-01,9.9774431757e-02,2.0417847075e+00
8.6550000000e+02,6.7982089334e-03,7.7804445652e-03,2.1803823545e-01,3.3402246942e-01,1.6313212572e-01,1.7078956442e-01,9.9438951488e-02,2.0454843977e+00
8.6600000000e+02,6.7849793413e-03,7.8677337729e-03,2.1874585167e-01,3.3285204976e-01,1.6260197243e-01,1.7120468412e-01,9.9942728910e-02,2.0522256158e+00
8.6650000000e+02,6.7824315600e-03,7.9368732665e-03,2.2227510658e-01,3.2919846856e-01,1.6283403037e-01,1.7075864927e-01,1.0021444039e-01,2.0584691490e+00
8.6700000000e+02,6.7262800729e-03,7.9097502325e-03,2.2392561947e-01,3.2773015271e-01,1.6314828353e-01,1.7016144268e-01,1.0039847131e-01,2.0596904311e+00
8.6750000000e+02,6.7361287434e-03,8.0326624208e-03,2.2588208217e-01,3.2702860344e-01,1.6223394794e-01,1.7002863973e-01,1.0005793555e-01,2.0593094908e+00
8.6800000000e+02,6.7269679678e-03,8.0419194014e-03,2.2848609263e-01,3.2489413031e-01,1.6337358597e-01,1.6892518351e-01,9.9552120213e-02,2.0598061584e+00
8.6850000000e+02,6.7113190382e-03,7.9898148257e-03,2.3043698632e-01,3.2377257177e-01,1.6301414683e-01,1.6875971547e-01,9.9315445739e-02,2.0623380378e+00
8.6900000000e+02,6.6953179209e-03,8.0700353869e-03,2.3274090596e-01,3.2136149694e-01,1.6268536868e-01,1.6897474885e-01,9.9472126272e-02,2.0648768690e+00
8.6950000000e+02,6.7246156534e-03,8.0797859645e-03,2.3399294606e-01,3.2016877573e-01,1.6272566521e-01,1.6866267319e-01,9.9645538193e-02,2.0699693593e+00
8.7000000000e+02,6.6906510876e-03,8.0029508357e-03,2.3515787044e-01,3.1993400832e-01,1.6233867965e-01,1.6867382834e-01,9.9202011328e-02,2.0722275362e+00
8.7050000000e+02,6.7172292347e-03,8.0278653167e-03,2.3777246132e-01,3.1765527131e-01,1.6301007195e-01,1.6729976590e-01,9.9517334980e-02,2.0764785536e+00
8.7100000000e+02,6.7067253399e-03,8.1003719483e-03,2.3918303917e-01,3.1679747637e-01,1.6289025458e-01,1.6710176051e-01,9.9220372090e-02,2.0808701736e+00
8.7150000000e+02,6.7466826074e-03,8.2239879118e-03,2.4099858409e-01,3.1430796465e-01,1.6376299584e-01,1.6597055497e-01,9.9989229927e-02,2.0878095298e+00
8.7200000000e+02,6.7769662702e-03,8.2910981552e-03,2.4283090104e-01,3.1342885110e-01,1.6283872265e-01,1.6653023686e-01,9.9303223921e-02,2.0908567483e+00
8.7250000000e+02,6.7826194211e-03,8.3825766548e-03,2.4544351906e-01,3.1177735508e-01,1.6355382523e-01,1.6545833967e-01,9.8601764891e-02,2.0910446874e+00
8.7300000000e+02,6.7841293416e-03,8.5038733503e-03,2.4766909880e-01,3.0961605525e-01,1.6316686427e-01,1.6531439014e-01,9.8945588842e-02,2.0967563923e+00
8.7350000000e+02,6.8667434233e-03,8.5845351529e-03,2.4867803617e-01,3.0891086210e-01,1.6341298537e-01,1.6487594532e-01,9.8670892470e-02,2.1020399979e+00
8.7400000000e+02,6.9036096003e-03,8.6597392802e-03,2.4925882022e-01,3.0749861624e-01,1.6352203712e-01,1.6453673704e-01,9.9620440505e-02,2.1085017873e+00
8.7450000000e+02,6.9257743150e-03,8.7749777543e-03,2.5130829229e-01,3.0547392070e-01,1.6505035874e-01,1.6304049250e-01,9.9426183695e-02,2.1105421125e+00
8.7500000000e+02,6.9953727034e-03,8.8568576866e-03,2.5391122207e-01,3.0388151922e-01,1.6467665027e-01,1.6261917466e-01,9.9059203397e-02,2.1106664453e+00
8.7550000000e+02,6.9998370144e-03,8.9626835753e-03,2.5486543016e-01,3.0268372537e-01,1.6477311619e-01,1.6265480045e-01,9.9060407237e-02,2.1137431350e+00
8.7600000000e+02,6.9885711790e-03,9.0552331567e-03,2.5706908468e-01,3.0082319037e-01,1.6515038530e-01,1.6186451318e-01,9.9049022126e-02,2.1146189233e+00
8.7650000000e+02,7.0078623782e-03,9.1920830641e-03,2.5926554723e-01,2.9887950547e-01,1.6587829692e-01,1.6076084850e-01,9.9015856426e-02,2.1163306618e+00
8.7700000000e+02,7.0195832004e-03,9.2584615210e-03,2.6308431729e-01,2.9679061076e-01,1.6616447557e-01,1.5935659292e-01,9.8325958730e-02,2.1139370305e+00
8.7750000000e+02,7.0053922004e-03,9.3388506299e-03,2.6641519923e-01,2.9499850135e-01,1.6533211204e-01,1.5916052287e-01,9.7749421689e-02,2.1093454302e+00
8.7800000000e+02,6.9675512454e-03,9.4259031038e-03,2.6940156796e-01,2.9188122747e-01,1.6540590339e-01,1.5870161380e-01,9.8216233026e-02,2.1069351687e+00
8.7850000000e+02,6.9835910535e-03,9.4785988588e-03,2.7106195286e-01,2.9007936296e-01,1.6650864020e-01,1.5794234429e-01,9.7945509773e-02,2.1127468613e+00
8.7900000000e+02,6.9447335869e-03,9.4606288069e-03,2.7263570570e-01,2.8809714044e-01,1.6763137002e-01,1.5755884691e-01,9.7671574533e-02,2.1161266350e+00
8.7950000000e+02,6.9367193320e-03,9.6184647523e-03,2.7417581351e-01,2.8764844764e-01,1.6688267339e-01,1.5786094981e-01,9.6876931566e-02,2.1170190390e+00
8.8000000000e+02,6.9501027378e-03,9.7938540444e-03,2.7673938453e-01,2.8650981149e-01,1.6642500240e-01,1.5729485827e-01,9.6286986529e-02,2.1169337668e+00
8.8050000000e+02,6.9737085952e-03,9.8688337084e-03,2.7870928921e-01,2.8436559167e-01,1.6787536958e-01,1.5589779458e-01,9.6309412658e-02,2.1202748261e+00
8.8100000000e+02,7.0245485101e-03,9.9736204207e-03,2.8182049538e-01,2.8156021483e-01,1.6786320798e-01,1.5481577655e-01,9.6942136325e-02,2.1193897097e+00
8.8150000000e+02,7.0651922413e-03,1.0176446683e-02,2.8491573274e-01,2.7946692742e-01,1.6832198656e-01,1.5373795671e-01,9.6315757649e-02,2.1179818074e+00
8.8200000000e+02,7.0567878933e-03,1.0279862006e-02,2.8683512216e-01,2.7927505119e-01,1.6884193521e-01,1.5210632338e-01,9.5604918166e-02,2.1127984543e+00
8.8250000000e+02,7.0357561716e-03,1.0425112475e-02,2.8923620406e-01,2.7839387592e-01,1.6888807553e-01,1.5127232699e-01,9.4748648852e-02,2.1101781539e+00
8.8300000000e+02,7.0445954999e-03,1.0474410325e-02,2.9234189447e-01,2.7603634360e-01,1.6903420993e-01,1.5075110315e-01,9.4317443024e-02,2.1107325368e+00
8.8350000000e+02,7.0836459147e-03,1.0590595606e-02,2.9415331060e-01,2.7366994165e-01,1.7007163322e-01,1.5046234463e-01,9.3968528375e-02,2.1122689486e+00
8.8400000000e+02,7.1140799580e-03,1.0682626430e-02,2.9772901375e-01,2.7069598247e-01,1.7059799537e-01,1.4927629415e-01,9.3904007877e-02,2.1085843665e+00
8.8450000000e+02,7.1050319608e-03,1.0710410540e-02,3.0144727032e-01,2.6824579290e-01,1.7062973452e-01,1.4879590489e-01,9.3065854863e-02,2.1050265512e+00
8.8500000000e+02,7.1666702804e-03,1.0845980734e-02,3.0340778587e-01,2.6631039482e-01,1.7090762697e-01,1.4837890243e-01,9.2982638894e-02,2.1038505101e+00
8.8550000000e+02,7.0566377692e-03,1.0849363128e-02,3.0457397458e-01,2.6618206922e-01,1.7122107070e-01,1.4748573144e-01,9.2631153153e-02,2.0973479736e+00
8.8600000000e+02,7.0670212232e-03,1.0887724252e-02,3.0720344793e-01,2.6535316459e-01,1.7139883814e-01,1.4697149276e-01,9.1118311103e-02,2.0888107470e+00
8.8650000000e+02,7.0571656555e-03,1.0861032477e-02,3.1095546566e-01,2.6298983995e-01,1.7219944668e-01,1.4573189507e-01,9.0205154506e-02,2.0830761565e+00
8.8700000000e+02,7.0899399726e-03,1.0891260534e-02,3.1238624521e-01,2.6198280367e-01,1.7258246889e-01,1.4546586013e-01,8.9601421593e-02,2.0835531796e+00
8.8750000000e+02,7.1083470293e-03,1.0960358132e-02,3.1462769444e-01,2.5989663284e-01,1.7322049396e-01,1.4493210724e-01,8.9254366349e-02,2.0815220391e+00
8.8800000000e+02,7.0625589211e-03,1.0984364192e-02,3.1576355523e-01,2.5927337473e-01,1.7391797518e-01,1.4344360631e-01,8.9554565437e-02,2.0780624234e+00
8.8850000000e+02,7.0898926027e-03,1.1148379261e-02,3.1681958834e-01,2.5827496536e-01,1.7489284228e-01,1.4230868653e-01,8.9465645631e-02,2.0808555465e+00
8.8900000000e+02,7.1055374244e-03,1.1163256206e-02,3.1969784006e-01,2.5608442011e-01,1.7617510103e-01,1.4059713499e-01,8.9176710180e-02,2.0777720182e+00
8.8950000000e+02,7.0798983876e-03,1.1047159836e-02,3.2138313228e-01,2.5563262242e-01,1.7545162433e-01,1.4048460001e-01,8.8920962735e-02,2.0714096434e+00
8.9000000000e+02,7.1257915526e-03,1.1106733626e-02,3.2395472770e-01,2.5361085825e-01,1.7765310199e-01,1.3850561753e-01,8.8043169338e-02,2.0712205139e+00
8.9050000000e+02,7.1064844783e-03,1.1173751970e-02,3.2540960156e-01,2.5332838451e-01,1.7714636033e-01,1.3831248725e-01,8.7522929901e-02,2.0642457759e+00
8.9100000000e+02,7.0954664967e-03,1.1205996080e-02,3.2724305699e-01,2.5280756718e-01,1.7757540711e-01,1.3764124440e-01,8.6431261740e-02,2.0595737074e+00
8.9150000000e+02,7.1222422774e-03,1.1218721612e-02,3.2781494768e-01,2.5145512511e-01,1.7859735966e-01,1.3705610313e-01,8.6735500531e-02,2.0617799761e+00
8.9200000000e+02,7.1754578973e-03,1.1285006649e-02,3.3082064515e-01,2.4884733817e-01,1.7913050400e-01,1.3651925085e-01,8.6221797286e-02,2.0606571736e+00
8.9250000000e+02,7.1439952040e-03,1.1377031697e-02,3.3472614371e-01,2.4712025960e-01,1.7792459821e-01,1.3654391211e-01,8.5164059461e-02,2.0517740810e+00
8.9300000000e+02,7.1404144395e-03,1.1490917782e-02,3.3734252497e-01,2.4438885280e-01,1.7853456849e-01,1.3590051222e-01,8.5202209300e-02,2.0462220101e+00
8.9350000000e+02,7.1796738253e-03,1.1509521156e-02,3.4068728450e-01,2.4144411623e-01,1.7872797633e-01,1.3516747237e-01,8.5283955583e-02,2.0429620117e+00
8.9400000000e+02,7.2050606289e-03,1.1623526674e-02,3.4343168608e-01,2.3910198858e-01,1.7927977086e-01,1.3451515022e-01,8.4842816959e-02,2.0424837008e+00
8.9450000000e+02,7.2691944605e-03,1.1716969965e-02,3.4486864662e-01,2.3870663283e-01,1.7975938400e-01,1.3344270689e-01,8.4236465227e-02,2.0360886209e+00
8.9500000000e+02,7.2774291130e-03,1.1650961150e-02,3.4835473510e-01,2.3632275990e-01,1.7960696735e-01,1.3310037243e-01,8.3686774952e-02,2.0254631135e+00
8.9550000000e+02,7.3585393101e-03,1.1677846035e-02,3.5060973663e-01,2.3495691923e-01,1.7990677472e-01,1.3225003854e-01,8.3240145548e-02,2.0210691998e+00
8.9600000000e+02,7.3710504632e-03,1.1676288724e-02,3.5291188134e-01,2.3408915426e-01,1.8060612382e-01,1.3096505883e-01,8.2380442561e-02,2.0137405764e+00
8.9650000000e+02,7.3960929047e-03,1.1661746293e-02,3.5614937953e-01,2.3161663491e-01,1.8174347115e-01,1.3012177452e-01,8.1310900690e-02,2.0073353845e+00
8.9700000000e+02,7.3919647705e-03,1.1812560998e-02,3.5853291636e-01,2.2954900122e-01,1.8171914887e-01,1.2955673335e-01,8.1437674432e-02,2.0071156927e+00
8.9750000000e+02,7.4169255885e-03,1.1762643297e-02,3.6094235846e-01,2.2728703988e-01,1.8209442868e-01,1.2910510835e-01,8.1391495737e-02,2.0033082529e+00
8.9800000000e+02,7.4360908265e-03,1.1851313254e-02,3.6225171977e-01,2.2637830765e-01,1.8321979237e-01,1.2764449016e-01,8.1218285979e-02,1.9957166880e+00
8.9850000000e+02,7.5183549197e-03,1.1998477892e-02,3.6287523474e-01,2.2672587478e-01,1.8431774999e-01,1.2637868987e-01,8.0185617805e-02,1.9949218486e+00
8.9900000000e+02,7.5198175305e-03,1.2027346569e-02,3.6467656327e-01,2.2453653719e-01,1.8453408497e-01,1.2624855398e-01,8.0457096499e-02,1.9900889776e+00
8.9950000000e+02,7.5338798628e-03,1.2143380694e-02,3.6727131724e-01,2.2177139162e-01,1.8523101331e-01,1.2578214321e-01,8.0266874071e-02,1.9895206189e+00
9.0000000000e+02,7.5331615498e-03,1.2142333073e-02,3.6918824927e-01,2.2068579422e-01,1.8546915392e-01,1.2523228742e-01,7.9749020545e-02,1.9848188108e+00
9.0050000000e+02,7.4657934829e-03,1.2138128446e-02,3.7188105546e-01,2.1876546282e-01,1.8599359676e-01,1.2447419428e-01,7.9281768744e-02,1.9748556663e+00
9.0100000000e+02,7.4678288211e-03,1.2088132624e-02,3.7547150634e-01,2.1668294900e-01,1.8629650277e-01,1.2349508153e-01,7.8497998922e-02,1.9648126092e+00
9.0150000000e+02,7.4551275106e-03,1.2110888379e-02,3.7770973869e-01,2.1589366712e-01,1.8585542032e-01,1.2323043827e-01,7.7744719713e-02,1.9527573353e+00
9.0200000000e+02,7.4828500174e-03,1.2090925960e-02,3.7947380184e-01,2.1508523692e-01,1.8657443719e-01,1.2227478644e-01,7.7017961628e-02,1.9443164429e+00
9.0250000000e+02,7.5420409310e-03,1.2146754963e-02,3.8170774697e-01,2.1288708678e-01,1.8773952184e-01,1.2050520916e-01,7.7471639357e-02,1.9385368894e+00
9.0300000000e+02,7.5904432694e-03,1.2230553345e-02,3.8335150834e-01,2.1174234152e-01,1.8924082561e-01,1.1915083463e-01,7.6693493280e-02,1.9336888250e+00
9.0350000000e+02,7.5999723786e-03,1.2235540404e-02,3.8623353194e-01,2.0962878581e-01,1.9008962069e-01,1.1850206715e-01,7.5710481621e-02,1.9268748610e+00
9.0400000000e+02,7.6168495175e-03,1.2318521720e-02,3.8835362968e-01,2.0901092696e-01,1.8977224523e-01,1.1803069288e-01,7.4897134014e-02,1.9190315054e+00
9.0450000000e+02,7.7193514733e-03,1.2404562541e-02,3.9024505778e-01,2.0690462612e-01,1.8928075079e-01,1.1798870390e-01,7.5456947392e-02,1.9145862988e+00
9.0500000000e+02,7.6786330075e-03,1.2460220932e-02,3.9151260243e-01,2.0547784872e-01,1.9013826886e-01,1.1695119439e-01,7.5781231672e-02,1.9109750560e+00
9.0550000000e+02,7.7719043943e-03,1.2505870624e-02,3.9316349359e-01,2.0395848607e-01,1.9079270617e-01,1.1610696570e-01,7.5700573462e-02,1.9106563676e+00
9.0600000000e+02,7.8407005347e-03,1.2572680834e-02,3.9442905694e-01,2.0336908409e-01,1.9058130997e-01,1.1582759565e-01,7.5379571991e-02,1.9074101411e+00
9.0650000000e+02,7.9297815580e-03,1.2598447489e-02,3.9780446897e-01,2.0178285592e-01,1.9093967481e-01,1.1452118018e-01,7.4423591077e-02,1.8976447952e+00
9.0700000000e+02,7.9588584970e-03,1.2625944085e-02,3.9958157012e-01,2.0113987818e-01,1.9179200785e-01,1.1299541956e-01,7.3906321710e-02,1.8909119120e+00
9.0750000000e+02,7.9586165459e-03,1.2698725313e-02,4.0291227808e-01,1.9901937568e-01,1.9153549652e-01,1.1263182664e-01,7.3243681231e-02,1.8765342425e+00
9.0800000000e+02,7.9518412184e-03,1.2684775001e-02,4.0424102068e-01,1.9725595279e-01,1.9268285329e-01,1.1153765644e-01,7.3645900579e-02,1.8739583140e+00
9.0850000000e+02,7.9628236769e-03,1.2792156232e-02,4.0699581737e-01,1.9548904324e-01,1.9233917177e-01,1.1125925543e-01,7.3161732284e-02,1.8663800332e+00
9.0900000000e+02,7.9552061682e-03,1.2865809812e-02,4.0884959205e-01,1.9494527925e-01,1.9188918664e-01,1.1139285010e-01,7.2102075984e-02,1.8599168232e+00
9.0950000000e+02,7.9720210065e-03,1.2932612601e-02,4.1006456897e-01,1.9449097944e-01,1.9230271949e-01,1.1028698767e-01,7.1950110815e-02,1.8540757580e+00
9.1000000000e+02,8.0064971785e-03,1.3025908638e-02,4.1221148067e-01,1.9471425301e-01,1.9175681674e-01,1.0950845902e-01,7.0776584737e-02,1.8414450832e+00
9.1050000000e+02,8.0790254987e-03,1.3118473125e-02,4.1393955742e-01,1.9386839149e-01,1.9245748614e-01,1.0804676940e-01,7.0490296918e-02,1.8361870462e+00
9.1100000000e+02,8.1032794517e-03,1.3110290194e-02,4.1671339087e-01,1.9191834966e-01,1.9274454505e-01,1.0703801314e-01,7.0372131635e-02,1.8262807658e+00
9.1150000000e+02,8.1369612679e-03,1.3206203291e-02,4.1917810779e-01,1.9013402034e-01,1.9283845124e-01,1.0671834830e-01,6.9787907774e-02,1.8190733689e+00
9.1200000000e+02,8.1743916679e-03,1.3304926454e-02,4.2052625876e-01,1.8906300788e-01,1.9319434842e-01,1.0606828953e-01,6.9668777287e-02,1.8138705366e+00
9.1250000000e+02,8.1805470168e-03,1.3301627395e-02,4.2434610317e-01,1.8689289064e-01,1.9190713196e-01,1.0624333467e-01,6.9128365145e-02,1.8030650578e+00
9.1300000000e+02,8.2742282317e-03,1.3411312840e-02,4.2567365519e-01,1.8688908471e-01,1.9092992852e-01,1.0614984388e-01,6.8671946631e-02,1.8007639057e+00
9.1350000000e+02,8.3179593317e-03,1.3435285598e-02,4.2797021311e-01,1.8523920536e-01,1.9141362760e-01,1.0571433168e-01,6.7909377321e-02,1.7940185082e+00
9.1400000000e+02,8.3840327223e-03,1.3549076714e-02,4.3002429766e-01,1.8282880280e-01,1.9201954276e-01,1.0482371712e-01,6.8370530218e-02,1.7874461172e+00
9.1450000000e+02,8.3996304939e-03,1.3540057791e-02,4.3113028278e-01,1.8173239768e-01,1.9281800787e-01,1.0406321333e-01,6.8316410053e-02,1.7797516905e+00
9.1500000000e+02,8.4517288724e-03,1.3541707689e-02,4.3367382226e-01,1.7960029719e-01,1.9186987396e-01,1.0430506048e-01,6.8557509538e-02,1.7700135462e+00
9.1550000000e+02,8.5599561349e-03,1.3417633338e-02,4.3626874466e-01,1.7692798855e-01,1.9327350868e-01,1.0345424673e-01,6.8097921904e-02,1.7635901584e+00
9.1600000000e+02,8.6174073330e-03,1.3419868380e-02,4.3886046201e-01,1.7575339849e-01,1.9346910766e-01,1.0245318554e-01,6.7426570590e-02,1.7578180541e+00
9.1650000000e+02,8.6278673094e-03,1.3463960140e-02,4.4042256536e-01,1.7459051070e-01,1.9408576929e-01,1.0214561386e-01,6.6663713333e-02,1.7518475494e+00
9.1700000000e+02,8.6577974787e-03,1.3542987661e-02,4.4220383971e-01,1.7339751054e-01,1.9329474720e-01,1.0270516439e-01,6.6197953006e-02,1.7441909820e+00
9.1750000000e+02,8.6861773537e-03,1.3701559838e-02,4.4468639891e-01,1.7245943285e-01,1.9257652051e-01,1.0246614775e-01,6.5423762796e-02,1.7368062335e+00
9.1800000000e+02,8.7251088700e-03,1.3775167763e-02,4.4577001913e-01,1.7234315750e-01,1.9170212196e-01,1.0229792418e-01,6.5386500595e-02,1.7326044986e+00
9.1850000000e+02,8.6894781174e-03,1.3770108065e-02,4.4851013905e-01,1.7067038248e-01,1.9179713487e-01,1.0170472617e-01,6.4858031252e-02,1.7209980205e+00
9.1900000000e+02,8.7835550342e-03,1.3828464272e-02,4.5095001149e-01,1.6916041280e-01,1.9279064879e-01,1.0038971167e-01,6.4097195951e-02,1.7103152413e+00
9.1950000000e+02,8.7543354933e-03,1.3868125455e-02,4.5380398978e-01,1.6717080980e-01,1.9331554408e-01,9.9286818588e-02,6.3800376806e-02,1.6947755737e+00
9.2000000000e+02,8.7291491628e-03,1.3884237906e-02,4.5611058656e-01,1.6521390918e-01,1.9382898172e-01,9.8576760351e-02,6.3656375124e-02,1.6833862874e+00
9.2050000000e+02,8.8039505919e-03,1.3902730593e-02,4.5800423839e-01,1.6418904344e-01,1.9417744415e-01,9.8160753723e-02,6.2761839116e-02,1.6770881879e+00
9.2100000000e+02,8.7628513952e-03,1.3968485178e-02,4.6169941045e-01,1.6151921768e-01,1.9354560375e-01,9.8416814340e-02,6.2087617207e-02,1.6643385703e+00
9.2150000000e+02,8.7855197465e-03,1.3951860123e-02,4.6467567523e-01,1.5981571236e-01,1.9343293887e-01,9.8407795230e-02,6.0930498437e-02,1.6545103113e+00
9.2200000000e+02,8.8020974497e-03,1.3967864857e-02,4.6607197879e-01,1.5815528110e-01,1.9397869846e-01,9.7936862790e-02,6.1087216552e-02,1.6502833098e+00
9.2250000000e+02,8.9273055131e-03,1.4046661058e-02,4.6714485982e-01,1.5756396987e-01,1.9425507721e-01,9.7391343568e-02,6.0670782965e-02,1.6433078692e+00
9.2300000000e+02,9.0417038930e-03,1.3950559442e-02,4.6881674875e-01,1.5683009130e-01,1.9398948526e-01,9.7070208596e-02,6.0301202754e-02,1.6337604380e+00
9.2350000000e+02,9.1354602936e-03,1.3957499657e-02,4.7186229220e-01,1.5419533298e-01,1.9456574182e-01,9.6453751521e-02,5.9829921529e-02,1.6258411299e+00
9.2400000000e+02,9.1046293204e-03,1.3933093385e-02,4.7469817876e-01,1.5244725405e-01,1.9473998179e-01,9.6086939713e-02,5.8989922983e-02,1.6118162782e+00
9.2450000000e+02,9.0604717518e-03,1.3799128901e-02,4.7632327584e-01,1.5205364497e-01,1.9481099857e-01,9.5426086781e-02,5.8526393187e-02,1.5985574632e+00
9.2500000000e+02,9.1114140044e-03,1.3850231822e-02,4.7797132781e-01,1.5082639534e-01,1.9502823946e-01,9.5134827516e-02,5.8077564039e-02,1.5896761471e+00
9.2550000000e+02,9.1407562328e-03,1.3830699717e-02,4.7969783848e-01,1.4908103584e-01,1.9476816347e-01,9.5293266406e-02,5.8188239853e-02,1.5783355103e+00
9.2600000000e+02,9.1900557251e-03,1.3690618915e-02,4.8154831986e-01,1.4748289074e-01,1.9511328572e-01,9.5322830301e-02,5.7651998736e-02,1.5675505889e+00
9.2650000000e+02,9.2341467005e-03,1.3841002117e-02,4.8268100241e-01,1.4645098644e-01,1.9405010384e-01,9.5862287238e-02,5.7880471245e-02,1.5623814661e+00
9.2700000000e+02,9.1993852289e-03,1.3790975899e-02,4.8484089294e-01,1.4457583686e-01,1.9407552908e-01,9.6094196276e-02,5.7423183717e-02,1.5514160984e+00
9.2750000000e+02,9.1807995692e-03,1.3846461279e-02,4.8617732058e-01,1.4391949583e-01,1.9442019362e-01,9.5555666973e-02,5.6900062143e-02,1.5415971152e+00
9.2800000000e+02,9.1779244837e-03,1.3820864766e-02,4.8941310308e-01,1.4209327741e-01,1.9444929067e-01,9.4934596751e-02,5.6110942842e-02,1.5258615272e+00
9.2850000000e+02,9.1940746863e-03,1.3897022470e-02,4.9095783692e-01,1.4111928924e-01,1.9474615161e-01,9.4611662304e-02,5.5473962765e-02,1.5136692901e+00
9.2900000000e+02,9.2999566668e-03,1.3998377841e-02,4.9221288819e-01,1.3999504018e-01,1.9535831747e-01,9.4262870221e-02,5.4872549431e-02,1.5055653355e+00
9.2950000000e+02,9.2974077431e-03,1.3922411593e-02,4.9491305901e-01,1.3772938742e-01,1.9628974929e-01,9.3568964272e-02,5.4279020667e-02,1.4892792456e+00
9.3000000000e+02,9.2570730339e-03,1.3985674407e-02,4.9706652171e-01,1.3656165401e-01,1.9625359303e-01,9.3375392855e-02,5.3500090957e-02,1.4724665338e+00
9.3050000000e+02,9.2238838286e-03,1.4051789872e-02,4.9949480367e-01,1.3497384790e-01,1.9635448738e-01,9.3147552428e-02,5.2753634924e-02,1.4561820465e+00
9.3100000000e+02,9.1916904395e-03,1.4060815403e-02,5.0205691160e-01,1.3273843699e-01,1.9692560269e-01,9.2555754814e-02,5.2470788055e-02,1.4436298907e+00
9.3150000000e+02,9.1911513424e-03,1.4080220719e-02,5.0436649297e-01,1.3161353206e-01,1.9627337756e-01,9.2537474878e-02,5.1937750473e-02,1.4308142474e+00
9.3200000000e+02,9.2408287894e-03,1.3985653429e-02,5.0576161517e-01,1.3062462080e-01,1.9595373039e-01,9.2474022600e-02,5.1959528829e-02,1.4193252265e+00
9.3250000000e+02,9.2479019456e-03,1.4064707768e-02,5.0781075645e-01,1.2899493737e-01,1.9527416445e-01,9.2648222814e-02,5.1959309194e-02,1.4083405749e+00
9.3300000000e+02,9.2277655676e-03,1.4042537830e-02,5.0992540887e-01,1.2864161717e-01,1.9437189300e-01,9.2323605211e-02,5.1467172347e-02,1.3946741094e+00
9.3350000000e+02,9.1600108295e-03,1.4059884103e-02,5.1138180368e-01,1.2786641992e-01,1.9462405836e-01,9.1685459660e-02,5.1222363452e-02,1.3816492134e+00
9.3400000000e+02,9.1446763742e-03,1.4038696437e-02,5.1255528934e-01,1.2726045955e-01,1.9515662692e-01,9.0823995431e-02,5.1020255947e-02,1.3694605291e+00
9.3450000000e+02,9.0744535214e-03,1.4100615890e-02,5.1416857356e-01,1.2656548970e-01,1.9516100684e-01,9.0608906042e-02,5.0320954441e-02,1.3538447426e+00
9.3500000000e+02,9.0625980841e-03,1.3951142993e-02,5.1610937347e-01,1.2519405206e-01,1.9498696726e-01,9.0843674161e-02,4.9852191964e-02,1.3441006387e+00
9.3550000000e+02,9.0514615488e-03,1.3910133676e-02,5.1828876405e-01,1.2399125359e-01,1.9494025345e-01,9.0698117724e-02,4.9120015960e-02,1.3298863770e+00
9.3600000000e+02,9.0167472537e-03,1.3954956648e-02,5.2017220195e-01,1.2293136295e-01,1.9488401219e-01,9.0408824727e-02,4.8631894280e-02,1.3189732934e+00
9.3650000000e+02,9.0690384671e-03,1.3987543074e-02,5.2196457581e-01,1.2212814788e-01,1.9508197312e-01,8.9531179883e-02,4.8237541765e-02,1.3063094952e+00
9.3700000000e+02,9.0348755362e-03,1.3964989709e-02,5.2419291776e-01,1.2040438256e-01,1.9530758412e-01,8.9539557309e-02,4.7555693008e-02,1.2903230366e+00
9.3750000000e+02,9.0280220885e-03,1.4068840703e-02,5.2548514232e-01,1.2005826392e-01,1.9394568328e-01,9.0266879594e-02,4.7147168090e-02,1.2784077075e+00
9.3800000000e+02,8.9985023176e-03,1.4031343811e-02,5.2793031003e-01,1.1891873273e-01,1.9373122916e-01,8.9687910080e-02,4.6701971875e-02,1.2625313132e+00
9.3850000000e+02,9.0054460807e-03,1.4137015843e-02,5.2874802700e-01,1.1833249834e-01,1.9352605607e-01,8.9753452368e-02,4.6497504295e-02,1.2537196418e+00
9.3900000000e+02,8.9584736195e-03,1.4311109135e-02,5.2976423930e-01,1.1804013078e-01,1.9350191968e-01,8.9168033780e-02,4.6256093716e-02,1.2478149861e+00
9.3950000000e+02,8.9132029034e-03,1.4337000058e-02,5.3057030591e-01,1.1678705656e-01,1.9400731220e-01,8.8988630387e-02,4.6396491990e-02,1.2407295633e+00
9.4000000000e+02,8.9817412423e-03,1.4474361869e-02,5.3153921823e-01,1.1646912244e-01,1.9279275479e-01,8.9278086670e-02,4.6464714759e-02,1.2354271713e+00
9.4050000000e+02,8.9384039406e-03,1.4447399600e-02,5.3275185751e-01,1.1573229934e-01,1.9249328554e-01,8.9250436344e-02,4.6386317728e-02,1.2258568016e+00
9.4100000000e+02,8.9220646806e-03,1.4542041465e-02,5.3362626530e-01,1.1553652413e-01,1.9154932756e-01,8.9641439666e-02,4.6182337208e-02,1.2182012428e+00
9.4150000000e+02,8.9076422415e-03,1.4523265368e-02,5.3440477977e-01,1.1540430892e-01,1.9051973429e-01,9.0109923550e-02,4.6130345860e-02,1.2097623444e+00
9.4200000000e+02,8.8537637161e-03,1.4570684407e-02,5.3654770777e-01,1.1348600125e-01,1.9068064438e-01,8.9899351656e-02,4.5961846820e-02,1.2006619751e+00
9.4250000000e+02,8.8682676608e-03,1.4619581718e-02,5.3799031951e-01,1.1268945091e-01,1.9074151207e-01,8.9366390631e-02,4.5724477494e-02,1.1967654857e+00
9.4300000000e+02,8.8302357546e-03,1.4723326620e-02,5.3826184852e-01,1.1313611419e-01,1.9008349492e-01,8.9233275554e-02,4.5731704441e-02,1.1964075790e+00
9.4350000000e+02,8.7988840390e-03,1.4806480013e-02,5.3868901952e-01,1.1301853826e-01,1.8925819039e-01,8.9676978648e-02,4.5751909131e-02,1.1964447974e+00
9.4400000000e+02,8.7054489359e-03,1.4913188237e-02,5.3924700049e-01,1.1309014220e-01,1.8885192965e-01,8.9949785241e-02,4.5242505240e-02,1.1968764494e+00
9.4450000000e+02,8.6094708568e-03,1.4807814697e-02,5.4056300640e-01,1.1206250771e-01,1.8865276553e-01,9.0303576630e-02,4.5000858174e-02,1.1983253949e+00
9.4500000000e+02,8.5188134099e-03,1.4805568064e-02,5.4095386322e-01,1.1304424890e-01,1.8746260077e-01,9.0569470761e-02,4.4645434880e-02,1.1992242353e+00
9.4550000000e+02,8.5529294567e-03,1.4757516406e-02,5.4129814669e-01,1.1295085523e-01,1.8670014764e-01,9.1115276937e-02,4.4625127648e-02,1.2043593098e+00
9.4600000000e+02,8.5765073490e-03,1.4727024263e-02,5.4241993371e-01,1.1298820978e-01,1.8530913083e-01,9.1741393331e-02,4.4237800739e-02,1.2085590294e+00
9.4650000000e+02,8.5713555586e-03,1.4699436382e-02,5.4329200708e-01,1.1274618284e-01,1.8486281310e-01,9.2170096313e-02,4.3658108726e-02,1.2125042139e+00
9.4700000000e+02,8.4833162035e-03,1.4709534038e-02,5.4337947071e-01,1.1325591088e-01,1.8487112926e-01,9.1944109320e-02,4.3356529595e-02,1.2149823238e+00
9.4750000000e+02,8.4820510403e-03,1.4729253010e-02,5.4320382301e-01,1.1395342280e-01,1.8368501061e-01,9.2799905833e-02,4.3146533706e-02,1.2197770445e+00
9.4800000000e+02,8.4676790396e-03,1.4705057369e-02,5.4354035903e-01,1.1372658890e-01,1.8435853046e-01,9.2873240433e-02,4.2328544768e-02,1.2204928743e+00
9.4850000000e+02,8.4331506932e-03,1.4766580814e-02,5.4395445507e-01,1.1357050168e-01,1.8408186084e-01,9.3323574411e-02,4.1869876500e-02,1.2262073383e+00
9.4900000000e+02,8.4490683320e-03,1.4736678305e-02,5.4345963426e-01,1.1467826574e-01,1.8384198714e-01,9.3614535445e-02,4.1219830778e-02,1.2300448284e+00
9.4950000000e+02,8.3881399276e-03,1.4780780926e-02,5.4375169703e-01,1.1444804365e-01,1.8392007850e-01,9.3876395550e-02,4.0834864416e-02,1.2319832106e+00
9.5000000000e+02,8.4411487655e-03,1.4917535843e-02,5.4302275193e-01,1.1543965069e-01,1.8309740223e-01,9.4245877265e-02,4.0835633278e-02,1.2399200416e+00
9.5050000000e+02,8.5071869253e-03,1.5091958624e-02,5.4216924048e-01,1.1588259228e-01,1.8240638909e-01,9.4912773736e-02,4.1029858865e-02,1.2515737264e+00
9.5100000000e+02,8.4887222448e-03,1.5067191529e-02,5.4265696673e-01,1.1551219760e-01,1.8211551280e-01,9.5295550755e-02,4.0863858344e-02,1.2551423552e+00
9.5150000000e+02,8.4701501741e-03,1.5060850043e-02,5.4255984964e-01,1.1595563038e-01,1.8093688270e-01,9.6406270355e-02,4.0610366705e-02,1.2597448433e+00
9.5200000000e+02,8.4354498661e-03,1.5031975655e-02,5.4228518458e-01,1.1689920389e-01,1.8115982356e-01,9.6295259636e-02,3.9893102817e-02,1.2627486800e+00
9.5250000000e+02,8.4246448901e-03,1.4978301728e-02,5.4188295830e-01,1.1759394889e-01,1.8051650784e-01,9.7055428514e-02,3.9548209837e-02,1.2683807624e+00
9.5300000000e+02,8.4960579676e-03,1.5084885113e-02,5.4156691366e-01,1.1808205664e-01,1.7982572387e-01,9.7160485927e-02,3.9783876829e-02,1.2741941505e+00
9.5350000000e+02,8.4555440149e-03,1.5059755763e-02,5.4174753530e-01,1.1870863220e-01,1.8041063478e-01,9.6109228913e-02,3.9508669037e-02,1.2765618735e+00
9.5400000000e+02,8.4328868621e-03,1.4995280300e-02,5.4195165267e-01,1.1908720680e-01,1.7997184269e-01,9.6555676030e-02,3.9005454648e-02,1.2804835077e+00
9.5450000000e+02,8.5121325034e-03,1.5135824815e-02,5.4128275182e-01,1.1926864554e-01,1.8056104798e-01,9.6378564914e-02,3.8861032432e-02,1.2873146935e+00
9.5500000000e+02,8.5023437344e-03,1.5066754095e-02,5.4019234209e-01,1.1974920255e-01,1.8110491296e-01,9.6372081101e-02,3.9012363464e-02,1.2947036303e+00
9.5550000000e+02,8.4791419892e-03,1.5014264584e-02,5.3995928737e-01,1.1975836007e-01,1.8125973760e-01,9.6750484506e-02,3.8778723885e-02,1.3002803302e+00
9.5600000000e+02,8.4891928947e-03,1.5046697831e-02,5.3995649642e-01,1.1933027275e-01,1.8035387396e-01,9.7564773567e-02,3.9258692577e-02,1.3086838557e+00
9.5650000000e+02,8.5070556075e-03,1.4958891819e-02,5.3978202136e-01,1.2008140613e-01,1.7876978694e-01,9.8953090859e-02,3.8947747284e-02,1.3159606625e+00
9.5700000000e+02,8.5532201073e-03,1.4780083504e-02,5.3934543969e-01,1.2056185924e-01,1.7820130879e-01,9.9628935500e-02,3.8929153166e-02,1.3207896458e+00
9.5750000000e+02,8.5721275953e-03,1.4763411774e-02,5.3890056700e-01,1.2050757768e-01,1.7823952343e-01,1.0006207594e-01,3.8954716581e-02,1.3246184627e+00
9.5800000000e+02,8.5943251880e-03,1.4719162025e-02,5.3829161693e-01,1.2115319697e-01,1.7700432651e-01,1.0108346093e-01,3.9153911441e-02,1.3305774924e+00
9.5850000000e+02,8.5853831090e-03,1.4833913674e-02,5.3833201581e-01,1.2102547684e-01,1.7679349080e-01,1.0130268014e-01,3.9127039636e-02,1.3342828017e+00
9.5900000000e+02,8.4724434191e-03,1.4727217245e-02,5.3834683925e-01,1.2174230030e-01,1.7537648575e-01,1.0246492824e-01,3.8869785792e-02,1.3377050509e+00
9.5950000000e+02,8.4984208989e-03,1.4521528685e-02,5.3809369206e-01,1.2162939918e-01,1.7471353227e-01,1.0351816509e-01,3.9025261816e-02,1.3387000342e+00
9.6000000000e+02,8.5306178305e-03,1.4537175721e-02,5.3722278153e-01,1.2239295992e-01,1.7339971713e-01,1.0462910743e-01,3.9287640442e-02,1.3470779669e+00
9.6050000000e+02,8.4958921543e-03,1.4454424734e-02,5.3613943792e-01,1.2369822658e-01,1.7260768487e-01,1.0554145126e-01,3.9062882477e-02,1.3498488642e+00
9.6100000000e+02,8.5488813902e-03,1.4452677384e-02,5.3504642822e-01,1.2461624580e-01,1.7207667432e-01,1.0586643356e-01,3.9392659322e-02,1.3582297395e+00
9.6150000000e+02,8.5826517065e-03,1.4445441631e-02,5.3453155854e-01,1.2506080391e-01,1.7151266438e-01,1.0637915312e-01,3.9487726716e-02,1.3636910498e+00
9.6200000000e+02,8.5641256063e-03,1.4440143251e-02,5.3410561761e-01,1.2553075438e-01,1.7147805747e-01,1.0669886634e-01,3.9182435332e-02,1.3683397179e+00
9.6250000000e+02,8.5094391617e-03,1.4414375929e-02,5.3428548809e-01,1.2556269172e-01,1.7029695246e-01,1.0778998507e-01,3.9141067571e-02,1.3729845097e+00
9.6300000000e+02,8.4895917625e-03,1.4473555263e-02,5.3396768644e-01,1.2610917920e-01,1.6886993704e-01,1.0896651117e-01,3.9123539132e-02,1.3777853465e+00
9.6350000000e+02,8.5301526163e-03,1.4402651209e-02,5.3361556154e-01,1.2746253788e-01,1.6784498603e-01,1.0956357021e-01,3.8580540521e-02,1.3821720171e+00
9.6400000000e+02,8.4994371649e-03,1.4316070897e-02,5.3324412702e-01,1.2798924763e-01,1.6761752388e-01,1.0979740416e-01,3.8536189243e-02,1.3839625269e+00
9.6450000000e+02,8.5508592005e-03,1.4313300549e-02,5.3280061104e-01,1.2876925827e-01,1.6644663250e-01,1.1065279050e-01,3.8466547937e-02,1.3887380766e+00
9.6500000000e+02,8.5870074310e-03,1.4358860139e-02,5.3128096211e-01,1.2952998489e-01,1.6656251833e-01,1.1111844896e-01,3.8562218143e-02,1.3951163613e+00
9.6550000000e+02,8.5453997645e-03,1.4284706149e-02,5.3046612699e-01,1.3026235392e-01,1.6535763750e-01,1.1258086808e-01,3.8502907600e-02,1.3988121155e+00
9.6600000000e+02,8.5638018645e-03,1.4266967833e-02,5.2932351046e-01,1.3127611188e-01,1.6392248656e-01,1.1394875236e-01,3.8698369046e-02,1.4030509218e+00
9.6650000000e+02,8.5458423873e-03,1.4123026702e-02,5.2949093961e-01,1.3140976848e-01,1.6340058888e-01,1.1446927358e-01,3.8560560351e-02,1.4030380724e+00
9.6700000000e+02,8.6526212196e-03,1.4193189557e-02,5.2752434003e-01,1.3285360300e-01,1.6286105871e-01,1.1490702259e-01,3.9008164887e-02,1.4170147246e+00
9.6750000000e+02,8.6520030611e-03,1.4150169737e-02,5.2579026012e-01,1.3418760119e-01,1.6197473432e-01,1.1615183461e-01,3.9093396960e-02,1.4206627764e+00
9.6800000000e+02,8.7034021018e-03,1.4328324140e-02,5.2317850208e-01,1.3596106455e-01,1.6114935820e-01,1.1735072311e-01,3.9328625807e-02,1.4284073820e+00
9.6850000000e+02,8.7138576542e-03,1.4392709941e-02,5.2173724798e-01,1.3783737453e-01,1.6097489863e-01,1.1726302793e-01,3.9080883339e-02,1.4349763535e+00
9.6900000000e+02,8.7172042134e-03,1.4370727650e-02,5.2061984235e-01,1.3913677067e-01,1.6066549068e-01,1.1763856673e-01,3.8851397716e-02,1.4358454648e+00
9.6950000000e+02,8.7361253881e-03,1.4336577958e-02,5.1982519536e-01,1.3968914846e-01,1.6034920774e-01,1.1800884802e-01,3.9054897067e-02,1.4442722451e+00
9.7000000000e+02,8.7911405909e-03,1.4359412858e-02,5.1865757491e-01,1.4030144956e-01,1.5990329500e-01,1.1869746468e-01,3.9289662400e-02,1.4506938268e+00
9.7050000000e+02,8.8389959266e-03,1.4327499229e-02,5.1782081765e-01,1.4104949365e-01,1.5940284061e-01,1.1952618378e-01,3.9034169147e-02,1.4562594548e+00
9.7100000000e+02,8.7623814428e-03,1.4304541562e-02,5.1709258057e-01,1.4183055066e-01,1.5839620103e-01,1.2077647473e-01,3.8837270007e-02,1.4583449923e+00
9.7150000000e+02,8.7747243869e-03,1.4297094048e-02,5.1699683729e-01,1.4208844633e-01,1.5850861753e-01,1.2047609677e-01,3.8858183642e-02,1.4641788850e+00
9.7200000000e+02,8.7031987023e-03,1.4262889820e-02,5.1716936984e-01,1.4168291141e-01,1.5757565057e-01,1.2156468589e-01,3.9041293764e-02,1.4667385389e+00
9.7250000000e+02,8.6488308680e-03,1.4223462444e-02,5.1624624621e-01,1.4226278421e-01,1.5714178764e-01,1.2228027647e-01,3.9196612154e-02,1.4682762094e+00
9.7300000000e+02,8.6436260229e-03,1.4239672717e-02,5.1583666773e-01,1.4280745946e-01,1.5669821505e-01,1.2302372364e-01,3.8750635367e-02,1.4673502175e+00
9.7350000000e+02,8.6906342322e-03,1.4246476059e-02,5.1542358721e-01,1.4391598701e-01,1.5558472644e-01,1.2365250601e-01,3.8486083049e-02,1.4716315422e+00
9.7400000000e+02,8.6747932995e-03,1.4185063501e-02,5.1432899498e-01,1.4471557889e-01,1.5498409727e-01,1.2457824962e-01,3.8533222431e-02,1.4756950043e+00
9.7450000000e+02,8.6487666322e-03,1.4125800368e-02,5.1275273630e-01,1.4589962421e-01,1.5330985113e-01,1.2650571224e-01,3.8757509121e-02,1.4804872019e+00
9.7500000000e+02,8.6687116481e-03,1.4111416613e-02,5.1222287990e-01,1.4601746562e-01,1.5351547217e-01,1.2660398777e-01,3.8860066274e-02,1.4861700862e+00
9.7550000000e+02,8.6850543439e-03,1.4100837411e-02,5.1187621911e-01,1.4602753924e-01,1.5397515618e-01,1.2647964031e-01,3.8855553418e-02,1.4878779451e+00
9.7600000000e+02,8.6893282698e-03,1.4143197855e-02,5.1162754765e-01,1.4675036935e-01,1.5374931677e-01,1.2665215234e-01,3.8388087755e-02,1.4875579021e+00
9.7650000000e+02,8.7327063661e-03,1.4080597380e-02,5.1080093790e-01,1.4669372476e-01,1.5313988086e-01,1.2797681122e-01,3.8575341503e-02,1.4907028876e+00
9.7700000000e+02,8.7541278665e-03,1.4089249410e-02,5.0999148941e-01,1.4769366300e-01,1.5245781400e-01,1.2850838272e-01,3.8505273599e-02,1.4966773371e+00
9.7750000000e+02,8.7777014709e-03,1.4077883810e-02,5.0890113028e-01,1.4897688341e-01,1.5107616675e-01,1.2941416581e-01,3.8776068474e-02,1.5022037712e+00
9.7800000000e+02,8.7991544835e-03,1.4005427394e-02,5.0720834265e-01,1.5021880090e-01,1.5073151710e-01,1.3023821195e-01,3.8798545523e-02,1.5068363396e+00
9.7850000000e+02,8.7707064293e-03,1.3943608180e-02,5.0783879914e-01,1.4974531870e-01,1.4993731571e-01,1.3065484580e-01,3.9109406046e-02,1.5089461191e+00
9.7900000000e+02,8.8075875000e-03,1.3963061501e-02,5.0708196104e-01,1.5053950402e-01,1.4841346313e-01,1.3158819263e-01,3.9606230179e-02,1.5143470647e+00
9.7950000000e+02,8.8049804939e-03,1.3969697509e-02,5.0608302398e-01,1.5150990866e-01,1.4755778049e-01,1.3254335409e-01,3.9531254766e-02,1.5146988258e+00
9.8000000000e+02,8.7201706481e-03,1.3886656058e-02,5.0414402673e-01,1.5295652892e-01,1.4731618785e-01,1.3310998997e-01,3.9866439824e-02,1.5220145824e+00
9.8050000000e+02,8.8037187088e-03,1.3909853501e-02,5.0208505007e-01,1.5461601022e-01,1.4775861173e-01,1.3296417724e-01,3.9862578525e-02,1.5251340115e+00
9.8100000000e+02,8.8124632923e-03,1.3874587915e-02,5.0127217106e-01,1.5538321172e-01,1.4753016225e-01,1.3323642731e-01,3.9890976443e-02,1.5274711124e+00
9.8150000000e+02,8.8271793288e-03,1.3856890406e-02,5.0049400808e-01,1.5559559712e-01,1.4679688849e-01,1.3412197899e-01,4.0307457579e-02,1.5308602191e+00
9.8200000000e+02,8.8252284867e-03,1.3902032168e-02,4.9766736457e-01,1.5749208698e-01,1.4662128678e-01,1.3478182295e-01,4.0710178064e-02,1.5390281324e+00
9.8250000000e+02,8.8004725454e-03,1.3967070254e-02,4.9695373962e-01,1.5783921774e-01,1.4563114488e-01,1.3582390527e-01,4.0984449691e-02,1.5388231418e+00
9.8300000000e+02,8.8330590484e-03,1.3924254814e-02,4.9613157288e-01,1.5901172900e-01,1.4509945805e-01,1.3608818087e-01,4.0911745346e-02,1.5404511195e+00
9.8350000000e+02,8.8276082613e-03,1.3844108597e-02,4.9564447736e-01,1.5947324974e-01,1.4496035491e-01,1.3595498405e-01,4.1295217093e-02,1.5414477262e+00
9.8400000000e+02,8.8524511109e-03,1.3783464513e-02,4.9376497093e-01,1.6094956120e-01,1.4544129702e-01,1.3593642919e-01,4.1271826033e-02,1.5412356345e+00
9.8450000000e+02,8.8722082715e-03,1.3724735351e-02,4.9444704653e-01,1.6088594220e-01,1.4286010922e-01,1.3834271540e-01,4.0867243030e-02,1.5427206393e+00
9.8500000000e+02,8.9335247368e-03,1.3855995355e-02,4.9334672187e-01,1.6176704802e-01,1.4182549313e-01,1.3921918983e-01,4.1052027067e-02,1.5477488805e+00
9.8550000000e+02,8.9165727242e-03,1.3869100833e-02,4.9359259601e-01,1.6154475504e-01,1.4113230238e-01,1.3967360477e-01,4.1271068235e-02,1.5494413664e+00
9.8600000000e+02,8.9844252391e-03,1.3778487815e-02,4.9375456620e-01,1.6126854591e-01,1.4050047752e-01,1.4020825437e-01,4.1505242941e-02,1.5515551730e+00
9.8650000000e+02,9.0010315029e-03,1.3771083684e-02,4.9370998489e-01,1.6160252325e-01,1.4033407548e-01,1.4014779964e-01,4.1433501565e-02,1.5511928550e+00
9.8700000000e+02,9.0312549438e-03,1.3787847188e-02,4.9249600259e-01,1.6246137410e-01,1.3947434103e-01,1.4095022136e-01,4.1798958794e-02,1.5540271773e+00
9.8750000000e+02,9.0261650626e-03,1.3867365718e-02,4.9204842789e-01,1.6260550865e-01,1.3896717346e-01,1.4152739557e-01,4.1957963651e-02,1.5552910386e+00
9.8800000000e+02,9.0713669552e-03,1.3845281111e-02,4.9095233841e-01,1.6355134550e-01,1.3885650744e-01,1.4145044933e-01,4.2272711258e-02,1.5583877654e+00
9.8850000000e+02,9.1684840136e-03,1.3981862201e-02,4.8916255788e-01,1.6460425618e-01,1.3720033688e-01,1.4298813047e-01,4.2894372372e-02,1.5679487433e+00
9.8900000000e+02,9.2505570880e-03,1.4079014537e-02,4.8831648553e-01,1.6525894408e-01,1.3581497416e-01,1.4416909228e-01,4.3110932316e-02,1.5756062992e+00
9.8950000000e+02,9.3294453241e-03,1.4192476455e-02,4.8657211073e-01,1.6649867821e-01,1.3585197248e-01,1.4460024851e-01,4.2955068291e-02,1.5787715075e+00
9.9000000000e+02,9.3261387993e-03,1.4276349165e-02,4.8568933904e-01,1.6772713203e-01,1.3530287233e-01,1.4490356709e-01,4.2774601561e-02,1.5807757267e+00
9.9050000000e+02,9.3738025484e-03,1.4337693175e-02,4.8491250899e-01,1.6786590567e-01,1.3475613402e-01,1.4584213028e-01,4.2911825309e-02,1.5832573102e+00
9.9100000000e+02,9.3933143668e-03,1.4351270859e-02,4.8287306103e-01,1.6904366951e-01,1.3426223320e-01,1.4694622345e-01,4.3130227581e-02,1.5893421046e+00
9.9150000000e+02,9.3627146630e-03,1.4324277615e-02,4.8288071146e-01,1.6926096459e-01,1.3357135921e-01,1.4751923250e-01,4.3080739962e-02,1.5934093020e+00
9.9200000000e+02,9.4019466498e-03,1.4307592824e-02,4.8136098504e-01,1.7036935561e-01,1.3295512884e-01,1.4818191098e-01,4.3423080052e-02,1.5965040909e+00
9.9250000000e+02,9.3558406491e-03,1.4330235624e-02,4.8116140960e-01,1.7040958290e-01,1.3172857767e-01,1.4964226070e-01,4.3372092853e-02,1.5978228886e+00
9.9300000000e+02,9.3773757347e-03,1.4451512472e-02,4.8109163359e-01,1.7095769553e-01,1.3163931698e-01,1.4903548365e-01,4.3446982046e-02,1.6004001078e+00
9.9350000000e+02,9.3738293888e-03,1.4517006126e-02,4.8069944946e-01,1.7174773454e-01,1.3073225838e-01,1.4929367222e-01,4.3636049872e-02,1.6026842533e+00
9.9400000000e+02,9.4477154373e-03,1.4700067546e-02,4.7986317193e-01,1.7163887615e-01,1.3051941007e-01,1.4975165415e-01,4.4079104720e-02,1.6109658685e+00
9.9450000000e+02,9.4809014317e-03,1.4782196518e-02,4.7879524756e-01,1.7217624447e-01,1.2942036785e-01,1.5102445592e-01,4.4320586257e-02,1.6176195249e+00
9.9500000000e+02,9.5557622874e-03,1.4947209811e-02,4.7681101509e-01,1.7323909466e-01,1.2976482233e-01,1.5112058379e-01,4.4561512035e-02,1.6228005277e+00
9.9550000000e+02,9.6525426753e-03,1.5025609269e-02,4.7583028930e-01,1.7338575168e-01,1.2942204887e-01,1.5188990779e-01,4.4793850408e-02,1.6307196689e+00
9.9600000000e+02,9.6718071608e-03,1.4968421240e-02,4.7523041485e-01,1.7432221052e-01,1.2836810660e-01,1.5272302296e-01,4.4716016653e-02,1.6337979952e+00
9.9650000000e+02,9.6457282240e-03,1.4882936639e-02,4.7522576826e-01,1.7397177729e-01,1.2788909115e-01,1.5320271893e-01,4.5181979500e-02,1.6389181123e+00
9.9700000000e+02,9.6585388880e-03,1.4979208129e-02,4.7524167716e-01,1.7350707868e-01,1.2717246466e-01,1.5388280324e-01,4.5558229240e-02,1.6409883976e+00
9.9750000000e+02,9.6828054910e-03,1.4907215651e-02,4.7485708167e-01,1.7360270471e-01,1.2745115765e-01,1.5378820065e-01,4.5710834167e-02,1.6393170625e+00
9.9800000000e+02,9.7483119048e-03,1.4968075914e-02,4.7431315291e-01,1.7399248498e-01,1.2716071156e-01,1.5419263434e-01,4.5624628395e-02,1.6430270658e+00
9.9850000000e+02,9.7369304749e-03,1.4999913662e-02,4.7392495336e-01,1.7468268257e-01,1.2754994456e-01,1.5340099281e-01,4.5704582574e-02,1.6414220003e+00
9.9900000000e+02,9.7303721781e-03,1.4906442869e-02,4.7211599776e-01,1.7534940240e-01,1.2834143330e-01,1.5354755339e-01,4.6008798105e-02,1.6466858586e+00
9.9950000000e+02,9.7726518738e-03,1.4896588423e-02,4.7021813696e-01,1.7631006990e-01,1.2791878452e-01,1.5455814656e-01,4.6325621761e-02,1.6519833346e+00

# METADATA: {"config_sha256": "e250d75ca90b", "provenance": "Hardened_JPCL_Resubmission_v1.3", "git_commit_sha": "4883ee974158"}
