time_fs,population_site_1,population_site_2,population_site_3,population_site_4,population_site_5,population_site_6,population_site_7,coherences
0.0000000000e+00,2.6653030282e-01,3.5687571535e-02,4.5799527455e-02,4.0010930148e-02,1.3283670100e-01,8.0375459269e-03,4.7109742112e-01,4.1062362492e+00
5.0000000000e-01,2.6711144435e-01,3.5215451534e-02,4.5849323039e-02,3.9855516831e-02,1.3176263231e-01,8.0641628112e-03,4.7214146912e-01,4.0990150211e+00
1.0000000000e+00,2.6635059203e-01,3.5409462327e-02,4.5524970845e-02,4.0160364029e-02,1.3095113385e-01,8.0920454159e-03,4.7351143150e-01,4.0979014958e+00
1.5000000000e+00,2.6555034152e-01,3.5690832256e-02,4.5426672722e-02,4.0571694262e-02,1.2997321391e-01,8.2714714074e-03,4.7451577392e-01,4.1029032972e+00
2.0000000000e+00,2.6665753784e-01,3.6156530756e-02,4.5705908866e-02,4.0536062122e-02,1.2913685548e-01,8.5157839909e-03,4.7329132094e-01,4.1122059949e+00
2.5000000000e+00,2.6591734814e-01,3.6469810166e-02,4.5319173889e-02,4.0647225010e-02,1.2872438776e-01,8.8256427950e-03,4.7409641224e-01,4.1172784230e+00
3.0000000000e+00,2.6460000827e-01,3.6574631239e-02,4.5606617069e-02,4.1319032873e-02,1.2825584173e-01,9.2231910480e-03,4.7442067777e-01,4.1308414586e+00
3.5000000000e+00,2.6251691752e-01,3.6851601359e-02,4.5186084327e-02,4.1676074293e-02,1.2766784617e-01,9.6522912791e-03,4.7644918504e-01,4.1370786112e+00
4.0000000000e+00,2.6018457675e-01,3.7334047866e-02,4.5237149833e-02,4.2028078844e-02,1.2857020938e-01,1.0165447043e-02,4.7648049029e-01,4.1545642759e+00
4.5000000000e+00,2.5901818458e-01,3.7815566978e-02,4.5037150545e-02,4.3342435872e-02,1.2768583656e-01,1.0781011133e-02,4.7631981433e-01,4.1746914848e+00
5.0000000000e+00,2.5888494663e-01,3.8323748579e-02,4.4387551958e-02,4.4604496830e-02,1.2667899114e-01,1.1314142272e-02,4.7580612259e-01,4.1899052282e+00
5.5000000000e+00,2.5790299232e-01,3.9356577546e-02,4.4231315476e-02,4.5873020090e-02,1.2550011294e-01,1.2076417362e-02,4.7505956427e-01,4.2151226560e+00
6.0000000000e+00,2.5751233774e-01,4.0413651101e-02,4.4164875707e-02,4.7036005294e-02,1.2426427121e-01,1.3003778137e-02,4.7360508080e-01,4.2427378471e+00
6.5000000000e+00,2.5600615495e-01,4.0976199870e-02,4.3939296271e-02,4.8897883652e-02,1.2322029059e-01,1.3935873939e-02,4.7302430073e-01,4.2690182008e+00
7.0000000000e+00,2.5382999308e-01,4.1773214083e-02,4.3525696854e-02,5.0078516392e-02,1.2267997664e-01,1.4891891911e-02,4.7322071103e-01,4.2908476930e+00
7.5000000000e+00,2.5430036271e-01,4.2943889837e-02,4.3158748273e-02,5.1506298178e-02,1.2099966555e-01,1.6087603960e-02,4.7100343149e-01,4.3197295182e+00
8.0000000000e+00,2.5373027320e-01,4.4186058786e-02,4.3562583650e-02,5.3420017308e-02,1.2044862800e-01,1.7160141044e-02,4.6749229801e-01,4.3580640898e+00
8.5000000000e+00,2.5278003618e-01,4.5394341934e-02,4.2972453159e-02,5.5568060746e-02,1.1896350658e-01,1.8378266209e-02,4.6594333519e-01,4.3872180957e+00
9.0000000000e+00,2.5145309889e-01,4.6662099569e-02,4.2442772295e-02,5.7841657965e-02,1.1714624698e-01,1.9685370315e-02,4.6476875399e-01,4.4155589679e+00
9.5000000000e+00,2.4904157795e-01,4.8189854106e-02,4.2301009870e-02,6.0290428837e-02,1.1611051265e-01,2.1143975266e-02,4.6292264132e-01,4.4530963993e+00
1.0000000000e+01,2.4714712268e-01,4.9732516719e-02,4.1937707808e-02,6.2600525151e-02,1.1360843915e-01,2.2471268085e-02,4.6250242041e-01,4.4800790140e+00
1.0500000000e+01,2.4473320090e-01,5.1288755318e-02,4.1325072172e-02,6.5042157747e-02,1.1246943977e-01,2.3822518228e-02,4.6131885586e-01,4.5087815685e+00
1.1000000000e+01,2.4205447176e-01,5.2506621338e-02,4.0601475899e-02,6.7040736320e-02,1.1064460869e-01,2.5148813219e-02,4.6200327277e-01,4.5273970431e+00
1.1500000000e+01,2.3886680734e-01,5.3650394344e-02,4.0054265978e-02,7.0078009686e-02,1.0827367119e-01,2.6827833785e-02,4.6224901767e-01,4.5525789208e+00
1.2000000000e+01,2.3638026408e-01,5.4673968485e-02,3.9220369191e-02,7.2893562457e-02,1.0673587597e-01,2.8379363898e-02,4.6171659592e-01,4.5753091448e+00
1.2500000000e+01,2.3328914516e-01,5.6070343565e-02,3.8637626280e-02,7.5511853526e-02,1.0474491169e-01,2.9809578522e-02,4.6193654126e-01,4.5959566739e+00
1.3000000000e+01,2.3054804321e-01,5.7438224848e-02,3.8254373409e-02,7.7842319714e-02,1.0203249448e-01,3.1434107320e-02,4.6245043702e-01,4.6145429631e+00
1.3500000000e+01,2.2824348013e-01,5.8544846815e-02,3.7944213761e-02,8.0214818812e-02,1.0045198887e-01,3.3074816754e-02,4.6152583486e-01,4.6366219236e+00
1.4000000000e+01,2.2636988555e-01,6.0217166506e-02,3.7160301567e-02,8.3087397428e-02,9.8116254083e-02,3.4883717504e-02,4.6016527736e-01,4.6586379884e+00
1.4500000000e+01,2.2466815587e-01,6.1763057623e-02,3.6759020798e-02,8.7561908627e-02,9.5946125246e-02,3.7009645141e-02,4.5629208669e-01,4.6927977159e+00
1.5000000000e+01,2.2207863859e-01,6.3216790435e-02,3.6112367989e-02,9.1364585317e-02,9.3000974443e-02,3.8724121981e-02,4.5550252124e-01,4.7110060177e+00
1.5500000000e+01,2.2064254611e-01,6.5071287428e-02,3.5295288477e-02,9.4210833284e-02,9.0474454014e-02,4.0796645492e-02,4.5350894520e-01,4.7299986092e+00
1.6000000000e+01,2.1955666103e-01,6.7606149816e-02,3.4699650205e-02,9.8017647216e-02,8.8791014541e-02,4.2886112888e-02,4.4844276430e-01,4.7627489661e+00
1.6500000000e+01,2.1841542902e-01,6.9714361258e-02,3.4155548584e-02,1.0146878296e-01,8.6548057468e-02,4.5201726474e-02,4.4449609424e-01,4.7891570457e+00
1.7000000000e+01,2.1730758275e-01,7.2013370162e-02,3.3595979848e-02,1.0500176167e-01,8.3819487106e-02,4.7245983700e-02,4.4101583476e-01,4.8096479663e+00
1.7500000000e+01,2.1512876302e-01,7.3830600842e-02,3.3341703277e-02,1.0878395100e-01,8.0756376104e-02,4.9512747408e-02,4.3864585835e-01,4.8297215762e+00
1.8000000000e+01,2.1321537701e-01,7.6477563800e-02,3.2943568039e-02,1.1322729560e-01,7.8206560388e-02,5.1865062964e-02,4.3406457220e-01,4.8551006349e+00
1.8500000000e+01,2.1005643236e-01,7.8672775168e-02,3.2161725427e-02,1.1710041269e-01,7.6584430688e-02,5.4281660308e-02,4.3114256335e-01,4.8744659750e+00
1.9000000000e+01,2.0647408872e-01,8.0641679746e-02,3.1884017519e-02,1.2110666549e-01,7.4236833523e-02,5.6855981342e-02,4.2880073367e-01,4.8931540870e+00
1.9500000000e+01,2.0443023036e-01,8.2298550913e-02,3.1367109825e-02,1.2481242842e-01,7.1712858173e-02,5.8780556756e-02,4.2659826555e-01,4.9026690677e+00
2.0000000000e+01,2.0253951067e-01,8.4263357290e-02,3.0410611540e-02,1.2972705737e-01,6.8791327039e-02,6.1343809818e-02,4.2292432628e-01,4.9134300204e+00
2.0500000000e+01,1.9820686894e-01,8.6692259860e-02,2.9782529221e-02,1.3388157083e-01,6.6544786304e-02,6.3550020754e-02,4.2134196409e-01,4.9227698846e+00
2.1000000000e+01,1.9642142500e-01,8.8050092492e-02,2.9045501182e-02,1.3629402474e-01,6.3558399459e-02,6.6253651510e-02,4.2037690562e-01,4.9221000759e+00
2.1500000000e+01,1.9490608998e-01,8.9855185343e-02,2.8653798590e-02,1.4029081530e-01,6.0469025780e-02,6.8954784939e-02,4.1687030006e-01,4.9305343173e+00
2.2000000000e+01,1.9251387748e-01,9.2078116054e-02,2.8066076537e-02,1.4453873751e-01,5.7540391936e-02,7.0805079216e-02,4.1445772127e-01,4.9309269700e+00
2.2500000000e+01,1.9230687750e-01,9.4727160631e-02,2.7345748170e-02,1.4782494915e-01,5.4908253559e-02,7.3073593858e-02,4.0981341714e-01,4.9380423381e+00
2.3000000000e+01,1.9050158944e-01,9.7904911427e-02,2.6927167339e-02,1.5121875435e-01,5.2013639163e-02,7.5911469891e-02,4.0552246839e-01,4.9459401757e+00
2.3500000000e+01,1.8813617450e-01,1.0026938841e-01,2.6446166624e-02,1.5460382191e-01,4.9538946675e-02,7.7918309498e-02,4.0308719239e-01,4.9470468494e+00
2.4000000000e+01,1.8528814622e-01,1.0201541123e-01,2.6089544291e-02,1.5943972551e-01,4.7462530955e-02,8.0782507938e-02,3.9892213385e-01,4.9542492842e+00
2.4500000000e+01,1.8333025418e-01,1.0399566538e-01,2.5400796232e-02,1.6429504050e-01,4.5295339402e-02,8.3359626007e-02,3.9432327830e-01,4.9562092337e+00
2.5000000000e+01,1.7978178017e-01,1.0665799704e-01,2.4860991761e-02,1.6824424544e-01,4.2456582390e-02,8.5950678954e-02,3.9204772425e-01,4.9514206342e+00
2.5500000000e+01,1.7786212159e-01,1.0919464104e-01,2.4352642229e-02,1.7083673573e-01,4.0062076166e-02,8.9096043399e-02,3.8859573985e-01,4.9493991765e+00
2.6000000000e+01,1.7422910254e-01,1.1222105328e-01,2.3966457730e-02,1.7554785137e-01,3.7628567783e-02,9.2131926350e-02,3.8427504094e-01,4.9486668563e+00
2.6500000000e+01,1.7184797631e-01,1.1386209296e-01,2.3807317959e-02,1.7854483840e-01,3.5247335400e-02,9.5024388479e-02,3.8166605049e-01,4.9440717191e+00
2.7000000000e+01,1.6988484996e-01,1.1535707290e-01,2.3752672332e-02,1.8097135640e-01,3.3205527428e-02,9.7778260970e-02,3.7905026001e-01,4.9403250588e+00
2.7500000000e+01,1.6695918840e-01,1.1710653869e-01,2.3379397245e-02,1.8447240006e-01,3.1283835006e-02,1.0061337386e-01,3.7618526673e-01,4.9335470118e+00
2.8000000000e+01,1.6292222408e-01,1.1955551179e-01,2.2985845703e-02,1.8938357943e-01,2.9254650317e-02,1.0338428595e-01,3.7251390273e-01,4.9263340345e+00
2.8500000000e+01,1.6007010173e-01,1.2221062260e-01,2.2555896941e-02,1.9361707646e-01,2.7401396319e-02,1.0741770337e-01,3.6672720258e-01,4.9231964674e+00
2.9000000000e+01,1.5719626767e-01,1.2460360294e-01,2.2108553222e-02,1.9887374139e-01,2.5561276683e-02,1.0983987520e-01,3.6181668289e-01,4.9139351558e+00
2.9500000000e+01,1.5465777051e-01,1.2815581277e-01,2.1949902917e-02,2.0217743737e-01,2.3593027306e-02,1.1191026352e-01,3.5755578562e-01,4.9057170252e+00
3.0000000000e+01,1.5197642520e-01,1.3054451262e-01,2.1614977835e-02,2.0713631581e-01,2.1774395786e-02,1.1480474861e-01,3.5214862414e-01,4.8938217085e+00
3.0500000000e+01,1.4806335130e-01,1.3207682275e-01,2.1519608300e-02,2.1147418466e-01,1.9990443999e-02,1.1716850653e-01,3.4970708246e-01,4.8770620637e+00
3.1000000000e+01,1.4486332929e-01,1.3493524163e-01,2.1376850362e-02,2.1462698918e-01,1.8270898614e-02,1.2030694923e-01,3.4561974169e-01,4.8649065874e+00
3.1500000000e+01,1.4079619886e-01,1.3664068702e-01,2.1366388927e-02,2.1669874955e-01,1.6840793894e-02,1.2385124759e-01,3.4380593416e-01,4.8490072704e+00
3.2000000000e+01,1.3791498933e-01,1.3829875473e-01,2.1283774843e-02,2.1987968765e-01,1.5168249593e-02,1.2688733040e-01,3.4056721345e-01,4.8298526854e+00
3.2500000000e+01,1.3433648627e-01,1.4051604783e-01,2.1311932444e-02,2.2204606199e-01,1.3708514061e-02,1.3015081160e-01,3.3793014581e-01,4.8140214509e+00
3.3000000000e+01,1.3089396180e-01,1.4256863933e-01,2.1448655887e-02,2.2400659946e-01,1.2374611206e-02,1.3299852390e-01,3.3570900842e-01,4.7981055315e+00
3.3500000000e+01,1.2788089711e-01,1.4401006391e-01,2.1593905903e-02,2.2691724928e-01,1.1113133484e-02,1.3618496197e-01,3.3229978836e-01,4.7825854321e+00
3.4000000000e+01,1.2518771709e-01,1.4641442754e-01,2.1985032804e-02,2.2972316149e-01,9.8667001626e-03,1.3926054317e-01,3.2756241774e-01,4.7701455272e+00
3.4500000000e+01,1.2176729919e-01,1.4857841861e-01,2.1992452166e-02,2.3442427376e-01,8.7848266488e-03,1.4207402758e-01,3.2237870204e-01,4.7534184091e+00
3.5000000000e+01,1.1795798471e-01,1.4936471143e-01,2.2192641415e-02,2.3940254079e-01,7.7128661659e-03,1.4475051310e-01,3.1861874240e-01,4.7312274431e+00
3.5500000000e+01,1.1451375304e-01,1.5058923089e-01,2.2606144863e-02,2.4421774445e-01,6.8007743848e-03,1.4588161918e-01,3.1539073320e-01,4.7116233160e+00
3.6000000000e+01,1.1202293964e-01,1.5092455622e-01,2.2957861118e-02,2.4762955780e-01,6.0025722720e-03,1.4824329440e-01,3.1221921854e-01,4.6939415944e+00
3.6500000000e+01,1.0905886242e-01,1.5274011212e-01,2.3337572401e-02,2.5149453539e-01,5.2382209649e-03,1.5062335856e-01,3.0750733815e-01,4.6769689056e+00
3.7000000000e+01,1.0539615800e-01,1.5571634898e-01,2.3894620128e-02,2.5408290156e-01,4.5606879936e-03,1.5351311588e-01,3.0283616746e-01,4.6615607735e+00
3.7500000000e+01,1.0193429095e-01,1.5717908787e-01,2.4441536195e-02,2.5884853875e-01,4.0147134358e-03,1.5601736157e-01,2.9756447124e-01,4.6473818264e+00
3.8000000000e+01,9.9738451564e-02,1.5840330764e-01,2.5125272924e-02,2.6238856933e-01,3.5385168428e-03,1.5940620259e-01,2.9139967911e-01,4.6400444480e+00
3.8500000000e+01,9.7729060382e-02,1.6153508776e-01,2.5644102870e-02,2.6327059507e-01,3.1986804318e-03,1.6237390098e-01,2.8624857250e-01,4.6369269053e+00
3.9000000000e+01,9.4782634059e-02,1.6412064083e-01,2.6455150431e-02,2.6540906305e-01,2.9587814256e-03,1.6507977372e-01,2.8119395648e-01,4.6332264645e+00
3.9500000000e+01,9.1786314399e-02,1.6533642130e-01,2.7278928328e-02,2.7054225756e-01,2.8450438477e-03,1.6762446974e-01,2.7458656484e-01,4.6307899984e+00
4.0000000000e+01,8.8884530857e-02,1.6732045010e-01,2.8127023861e-02,2.7331164273e-01,2.8335032044e-03,1.7176134355e-01,2.6776150569e-01,4.6346025704e+00
4.0500000000e+01,8.5530688818e-02,1.6803462076e-01,2.8862660092e-02,2.7744175291e-01,2.9320928606e-03,1.7452350885e-01,2.6267467571e-01,4.6388040651e+00
4.1000000000e+01,8.2433183335e-02,1.6979924893e-01,3.0011774111e-02,2.8011597500e-01,3.1170794346e-03,1.7811144479e-01,2.5641129440e-01,4.6517566808e+00
4.1500000000e+01,8.0371865915e-02,1.7063086296e-01,3.0816332534e-02,2.8204043890e-01,3.4406245093e-03,1.8173134499e-01,2.5096853020e-01,4.6678545698e+00
4.2000000000e+01,7.8677483463e-02,1.7127969003e-01,3.2041435683e-02,2.8479720258e-01,3.8480873455e-03,1.8366370794e-01,2.4569239296e-01,4.6898455424e+00
4.2500000000e+01,7.5980365743e-02,1.7368875106e-01,3.3237574847e-02,2.9027344412e-01,4.3940720439e-03,1.8391987652e-01,2.3850591567e-01,4.7084871514e+00
4.3000000000e+01,7.3298740272e-02,1.7602830149e-01,3.3990510027e-02,2.9234611215e-01,5.0916841484e-03,1.8590625504e-01,2.3333839687e-01,4.7274282837e+00
4.3500000000e+01,7.0365229672e-02,1.7806781263e-01,3.4989142100e-02,2.9613238969e-01,5.8645314380e-03,1.8693877271e-01,2.2764212177e-01,4.7453207321e+00
4.4000000000e+01,6.7555965033e-02,1.7772730013e-01,3.6518921729e-02,2.9799180057e-01,6.7656030821e-03,1.8986009455e-01,2.2358031491e-01,4.7679946507e+00
4.4500000000e+01,6.4494465919e-02,1.7860834532e-01,3.7939200653e-02,2.9869992405e-01,7.7628275604e-03,1.9281997646e-01,2.1967526004e-01,4.7904525777e+00
4.5000000000e+01,6.1868286541e-02,1.8038239671e-01,3.9287143367e-02,2.9929152379e-01,8.8074034429e-03,1.9565138186e-01,2.1471186428e-01,4.8119489923e+00
4.5500000000e+01,5.9278380655e-02,1.8051184606e-01,4.0682115620e-02,3.0351230440e-01,9.9837715456e-03,1.9677451764e-01,2.0925706409e-01,4.8285606676e+00
4.6000000000e+01,5.6284406884e-02,1.8178919403e-01,4.1960619963e-02,3.0851664882e-01,1.1097337393e-02,1.9789866369e-01,2.0245312922e-01,4.8399222346e+00
4.6500000000e+01,5.3845103282e-02,1.8267612876e-01,4.3726078334e-02,3.1230529016e-01,1.2405281418e-02,1.9852780777e-01,1.9651431027e-01,4.8570231293e+00
4.7000000000e+01,5.1327850561e-02,1.8356999928e-01,4.5755888690e-02,3.1537048457e-01,1.3749199014e-02,1.9950617173e-01,1.9072040614e-01,4.8753094718e+00
4.7500000000e+01,4.8882753078e-02,1.8415819740e-01,4.7367254261e-02,3.1851303940e-01,1.5229036922e-02,2.0039960786e-01,1.8545011108e-01,4.8898029864e+00
4.8000000000e+01,4.6760985331e-02,1.8594648660e-01,4.9099881564e-02,3.2114192289e-01,1.6737471640e-02,2.0080179797e-01,1.7951145401e-01,4.9040863319e+00
4.8500000000e+01,4.4380225782e-02,1.8548959764e-01,5.0793669142e-02,3.2468276919e-01,1.8510256336e-02,2.0147213339e-01,1.7467134851e-01,4.9158915508e+00
4.9000000000e+01,4.2048402632e-02,1.8817084091e-01,5.2690581547e-02,3.2519859580e-01,2.0352256960e-02,2.0137904201e-01,1.7016028014e-01,4.9310041375e+00
4.9500000000e+01,3.9345762409e-02,1.8921879846e-01,5.4504115846e-02,3.2455214654e-01,2.2151993749e-02,2.0421958215e-01,1.6600760085e-01,4.9412877898e+00
5.0000000000e+01,3.7241067987e-02,1.8965290063e-01,5.6823672950e-02,3.2482322099e-01,2.4074384046e-02,2.0477534690e-01,1.6260940650e-01,4.9564235376e+00
5.0500000000e+01,3.4703870129e-02,1.9138516464e-01,5.7883982507e-02,3.2474209178e-01,2.5976260992e-02,2.0784700346e-01,1.5746162650e-01,4.9581248615e+00
5.1000000000e+01,3.2586618257e-02,1.9276033456e-01,6.0431535968e-02,3.2401240864e-01,2.7962645343e-02,2.0972378879e-01,1.5252266845e-01,4.9691999141e+00
5.1500000000e+01,3.0445272977e-02,1.9408582697e-01,6.1989709526e-02,3.2317522626e-01,3.0049519240e-02,2.1157562422e-01,1.4867882081e-01,4.9753104548e+00
5.2000000000e+01,2.8245362365e-02,1.9386209494e-01,6.3800644997e-02,3.2518574066e-01,3.2036514700e-02,2.1320103679e-01,1.4366860555e-01,4.9728706122e+00
5.2500000000e+01,2.6626382888e-02,1.9370665152e-01,6.6149738092e-02,3.2406613931e-01,3.5112091640e-02,2.1482277363e-01,1.3951622293e-01,4.9875118056e+00
5.3000000000e+01,2.4941870917e-02,1.9375412860e-01,6.8483501405e-02,3.2400377985e-01,3.7285071939e-02,2.1629095211e-01,1.3524069518e-01,4.9906102631e+00
5.3500000000e+01,2.3306770403e-02,1.9432427044e-01,7.0018887304e-02,3.2436518681e-01,3.9966553312e-02,2.1664168499e-01,1.3137664674e-01,4.9929003500e+00
5.4000000000e+01,2.1725349328e-02,1.9409703754e-01,7.2320142389e-02,3.2447901453e-01,4.2618962455e-02,2.1803742240e-01,1.2672207136e-01,4.9958413676e+00
5.4500000000e+01,2.0009947759e-02,1.9370693374e-01,7.5105666264e-02,3.2486998265e-01,4.5395794864e-02,2.1857453785e-01,1.2233713687e-01,4.9953245232e+00
5.5000000000e+01,1.8425872935e-02,1.9255543287e-01,7.8000231624e-02,3.2488583810e-01,4.8089029533e-02,2.2018142271e-01,1.1786217223e-01,4.9925505704e+00
5.5500000000e+01,1.6946087861e-02,1.9134609535e-01,7.9730630885e-02,3.2728404748e-01,5.0382967509e-02,2.2100856696e-01,1.1330160396e-01,4.9808161922e+00
5.6000000000e+01,1.5370240338e-02,1.9111849744e-01,8.2657447118e-02,3.2625701001e-01,5.3142336302e-02,2.2357565318e-01,1.0787881560e-01,4.9731370305e+00
5.6500000000e+01,1.4014147931e-02,1.9114996917e-01,8.4823203494e-02,3.2500201651e-01,5.5687010401e-02,2.2534868607e-01,1.0397496642e-01,4.9655196998e+00
5.7000000000e+01,1.2749559365e-02,1.9025321594e-01,8.6465708900e-02,3.2588218864e-01,5.8195951204e-02,2.2597800249e-01,1.0047537347e-01,4.9528747286e+00
5.7500000000e+01,1.1524238568e-02,1.8942763341e-01,8.9441982362e-02,3.2785672735e-01,6.1178891715e-02,2.2462777928e-01,9.5942747328e-02,4.9386092066e+00
5.8000000000e+01,1.0345583463e-02,1.8821022499e-01,9.1968745657e-02,3.2851973687e-01,6.4131393473e-02,2.2505733791e-01,9.1766977626e-02,4.9241178853e+00
5.8500000000e+01,9.3298988242e-03,1.8690573408e-01,9.3736426678e-02,3.2884286061e-01,6.7326951890e-02,2.2601157840e-01,8.7846549521e-02,4.9101706437e+00
5.9000000000e+01,8.3583919962e-03,1.8603715285e-01,9.6451930746e-02,3.2726891563e-01,7.0507652724e-02,2.2661719384e-01,8.4758762211e-02,4.9017020939e+00
5.9500000000e+01,7.3791654105e-03,1.8614443053e-01,9.8642675497e-02,3.2632734006e-01,7.3312800104e-02,2.2695579116e-01,8.1237797240e-02,4.8852679691e+00
6.0000000000e+01,6.4886869610e-03,1.8374049529e-01,1.0224242426e-01,3.2802297875e-01,7.6203591942e-02,2.2606919900e-01,7.7232623786e-02,4.8669747817e+00
6.0500000000e+01,5.7190644410e-03,1.8348932901e-01,1.0465844148e-01,3.2768168846e-01,7.9128616089e-02,2.2571415294e-01,7.3608707578e-02,4.8477983765e+00
6.1000000000e+01,5.0124205616e-03,1.8202374950e-01,1.0717964669e-01,3.2725200585e-01,8.2294293820e-02,2.2663399536e-01,6.9603888210e-02,4.8260425853e+00
6.1500000000e+01,4.2812575553e-03,1.8231572904e-01,1.0981740301e-01,3.2743994825e-01,8.4438204017e-02,2.2607605952e-01,6.5631398608e-02,4.7999416739e+00
6.2000000000e+01,3.6517919759e-03,1.8069164036e-01,1.1225256457e-01,3.2740717784e-01,8.7384130781e-02,2.2611298912e-01,6.2499705352e-02,4.7776522607e+00
6.2500000000e+01,3.0561301074e-03,1.7974447522e-01,1.1459765402e-01,3.2736064857e-01,9.0804879503e-02,2.2522008962e-01,5.9216122968e-02,4.7549370044e+00
6.3000000000e+01,2.5188568406e-03,1.7898506794e-01,1.1907088103e-01,3.2689466842e-01,9.4198737237e-02,2.2269241019e-01,5.5639378341e-02,4.7314118897e+00
6.3500000000e+01,2.0621941933e-03,1.7650489492e-01,1.2144474934e-01,3.2695059848e-01,9.6811002958e-02,2.2351179614e-01,5.2714763978e-02,4.7036997390e+00
6.4000000000e+01,1.6679677551e-03,1.7627084517e-01,1.2320246594e-01,3.2521903526e-01,9.8921432605e-02,2.2473033762e-01,4.9987915643e-02,4.6758654510e+00
6.4500000000e+01,1.3265434336e-03,1.7500739344e-01,1.2724139631e-01,3.2314603543e-01,1.0231213753e-01,2.2354080190e-01,4.7425691945e-02,4.6535166767e+00
6.5000000000e+01,1.0462398735e-03,1.7459058229e-01,1.3095377874e-01,3.2005387638e-01,1.0526716172e-01,2.2321064134e-01,4.4877719649e-02,4.6288155260e+00
6.5500000000e+01,8.3288323420e-04,1.7265392466e-01,1.3353587445e-01,3.2009377862e-01,1.0747076321e-01,2.2288859937e-01,4.2524176460e-02,4.5997725955e+00
6.6000000000e+01,6.7014604796e-04,1.7066329842e-01,1.3587400111e-01,3.1942057045e-01,1.1093486300e-01,2.2202691218e-01,4.0410208797e-02,4.5745212293e+00
6.6500000000e+01,5.5681949350e-04,1.6880322365e-01,1.3883880111e-01,3.2033399087e-01,1.1350278910e-01,2.1981173507e-01,3.8152640711e-02,4.5488974347e+00
6.7000000000e+01,4.9352636972e-04,1.6787312101e-01,1.4273515961e-01,3.2008223486e-01,1.1513768569e-01,2.1774058608e-01,3.5937686384e-02,4.5310081037e+00
6.7500000000e+01,4.8221832549e-04,1.6668502972e-01,1.4503006802e-01,3.1760367746e-01,1.1872025056e-01,2.1754622190e-01,3.3932534005e-02,4.5251347235e+00
6.8000000000e+01,5.2733280012e-04,1.6554090603e-01,1.4812298814e-01,3.1666819753e-01,1.2034137784e-01,2.1690395947e-01,3.1895238194e-02,4.5258047552e+00
6.8500000000e+01,6.2556622098e-04,1.6357369145e-01,1.5031875391e-01,3.1532960528e-01,1.2287421182e-01,2.1740463318e-01,2.9873538140e-02,4.5304978537e+00
6.9000000000e+01,7.6365245249e-04,1.6149957409e-01,1.5302273120e-01,3.1128782483e-01,1.2558308340e-01,2.1989469595e-01,2.7948438077e-02,4.5414242036e+00
6.9500000000e+01,9.5156473570e-04,1.5923976650e-01,1.5668532179e-01,3.0870390705e-01,1.2677558440e-01,2.2101114786e-01,2.6632707660e-02,4.5541848856e+00
7.0000000000e+01,1.1838448499e-03,1.5848927841e-01,1.5868848871e-01,3.0828700446e-01,1.2831739054e-01,2.2016871454e-01,2.4865278482e-02,4.5600841962e+00
7.0500000000e+01,1.4306098796e-03,1.5500070911e-01,1.6142461010e-01,3.0935974479e-01,1.2919228854e-01,2.2037731336e-01,2.3214724216e-02,4.5617917489e+00
7.1000000000e+01,1.7271926527e-03,1.5291881892e-01,1.6436703752e-01,3.0841845416e-01,1.2973434390e-01,2.2104846200e-01,2.1785690848e-02,4.5671757134e+00
7.1500000000e+01,2.0816176284e-03,1.5104644576e-01,1.6816809960e-01,3.0664241311e-01,1.3022559139e-01,2.2129263703e-01,2.0543195491e-02,4.5754474468e+00
7.2000000000e+01,2.4679312105e-03,1.4945192719e-01,1.7165074206e-01,3.0431891954e-01,1.3085351413e-01,2.2208327751e-01,1.9173688355e-02,4.5821018149e+00
7.2500000000e+01,2.8959919775e-03,1.4700064227e-01,1.7515936600e-01,3.0311619486e-01,1.3110397065e-01,2.2272754880e-01,1.7996285437e-02,4.5857300822e+00
7.3000000000e+01,3.3343901834e-03,1.4422697114e-01,1.7881729120e-01,3.0211500660e-01,1.3145957632e-01,2.2322613730e-01,1.6820627260e-02,4.5878598236e+00
7.3500000000e+01,3.8360116476e-03,1.4320617493e-01,1.8027988170e-01,3.0058217594e-01,1.3355885745e-01,2.2285864023e-01,1.5678258113e-02,4.5921381450e+00
7.4000000000e+01,4.3339476888e-03,1.4252815561e-01,1.8391272864e-01,2.9782625693e-01,1.3437979027e-01,2.2220382505e-01,1.4815295801e-02,4.6017083808e+00
7.4500000000e+01,4.8740930372e-03,1.3995507623e-01,1.8651439391e-01,2.9754756476e-01,1.3405472800e-01,2.2333031675e-01,1.3723827300e-02,4.5982165647e+00
7.5000000000e+01,5.4400515127e-03,1.3853237202e-01,1.9011114638e-01,2.9552485850e-01,1.3413272356e-01,2.2324312724e-01,1.3015720790e-02,4.6046923514e+00
7.5500000000e+01,6.0257751999e-03,1.3566592928e-01,1.9346872621e-01,2.9791209321e-01,1.3316871085e-01,2.2168798371e-01,1.2070781535e-02,4.5971755705e+00
7.6000000000e+01,6.6681371171e-03,1.3469838784e-01,1.9519930414e-01,2.9639659621e-01,1.3383925514e-01,2.2186362308e-01,1.1334696477e-02,4.5999093741e+00
7.6500000000e+01,7.3270234735e-03,1.3315423925e-01,1.9896926234e-01,2.9452753061e-01,1.3482377375e-01,2.2032312714e-01,1.0875043444e-02,4.6071535404e+00
7.7000000000e+01,7.9109400936e-03,1.3282027877e-01,2.0084963271e-01,2.9410656245e-01,1.3444035279e-01,2.1951914661e-01,1.0353086577e-02,4.6087319641e+00
7.7500000000e+01,8.5705077221e-03,1.3152967951e-01,2.0430571321e-01,2.9089594943e-01,1.3369308274e-01,2.2101282766e-01,9.9922397133e-03,4.6144238665e+00
7.8000000000e+01,9.2753569033e-03,1.2971067618e-01,2.0586638383e-01,2.9136835209e-01,1.3326091651e-01,2.2084441440e-01,9.6739000931e-03,4.6181704161e+00
7.8500000000e+01,9.9713175829e-03,1.2792728767e-01,2.1066760255e-01,2.9207354486e-01,1.3242957573e-01,2.1778027131e-01,9.1504003038e-03,4.6170684212e+00
7.9000000000e+01,1.0722839003e-02,1.2619652553e-01,2.1368283369e-01,2.9129270695e-01,1.3197595805e-01,2.1714931690e-01,8.9798198853e-03,4.6230357256e+00
7.9500000000e+01,1.1507071076e-02,1.2439812084e-01,2.1563148537e-01,2.9064675632e-01,1.3112017725e-01,2.1789846232e-01,8.7979268088e-03,4.6284092980e+00
8.0000000000e+01,1.2290461613e-02,1.2349384331e-01,2.1791517332e-01,2.8887730374e-01,1.3098949538e-01,2.1779203468e-01,8.6416879443e-03,4.6363323087e+00
8.0500000000e+01,1.2998443274e-02,1.2236308958e-01,2.2190373198e-01,2.8765403916e-01,1.2901502118e-01,2.1755069764e-01,8.5149771915e-03,4.6395160481e+00
8.1000000000e+01,1.3846049978e-02,1.2180583023e-01,2.2362197122e-01,2.8690501959e-01,1.2773969463e-01,2.1765926191e-01,8.4221724522e-03,4.6473464309e+00
8.1500000000e+01,1.4685729608e-02,1.1938370894e-01,2.2597658108e-01,2.8746084072e-01,1.2633761046e-01,2.1776816089e-01,8.3873683054e-03,4.6526846263e+00
8.2000000000e+01,1.5569544732e-02,1.1827665755e-01,2.2906214577e-01,2.8602914106e-01,1.2494406703e-01,2.1766750859e-01,8.4509352783e-03,4.6611603515e+00
8.2500000000e+01,1.6336421896e-02,1.1568437795e-01,2.3342805654e-01,2.8533011970e-01,1.2338089010e-01,2.1735348032e-01,8.4866534951e-03,4.6653446576e+00
8.3000000000e+01,1.7362534725e-02,1.1510414833e-01,2.3638792609e-01,2.8339385531e-01,1.2196061141e-01,2.1722621435e-01,8.5647097880e-03,4.6773021011e+00
8.3500000000e+01,1.8189667282e-02,1.1440919980e-01,2.3906059264e-01,2.8335022325e-01,1.1952174452e-01,2.1674258434e-01,8.7259881550e-03,4.6827372949e+00
8.4000000000e+01,1.9126522417e-02,1.1321446056e-01,2.4272808080e-01,2.8226897689e-01,1.1852251116e-01,2.1514826737e-01,8.9911808209e-03,4.6945860962e+00
8.4500000000e+01,1.9760947311e-02,1.1231734573e-01,2.4513253449e-01,2.8227200516e-01,1.1661957638e-01,2.1475776440e-01,9.1398265279e-03,4.7008067845e+00
8.5000000000e+01,2.0535521254e-02,1.1079487537e-01,2.4902353637e-01,2.7965039689e-01,1.1561953070e-01,2.1498871729e-01,9.3874221352e-03,4.7083968212e+00
8.5500000000e+01,2.1538639823e-02,1.0950889629e-01,2.5168429709e-01,2.7875678424e-01,1.1393526847e-01,2.1496051504e-01,9.6155990500e-03,4.7174212615e+00
8.6000000000e+01,2.2527022527e-02,1.0832690812e-01,2.5586212194e-01,2.7659211828e-01,1.1125021247e-01,2.1552185076e-01,9.9197658895e-03,4.7257052753e+00
8.6500000000e+01,2.3264047299e-02,1.0638175520e-01,2.5874463957e-01,2.7578833770e-01,1.0910547060e-01,2.1655542967e-01,1.0160319953e-02,4.7259469838e+00
8.7000000000e+01,2.4150292652e-02,1.0533336881e-01,2.6264219197e-01,2.7358834302e-01,1.0617254865e-01,2.1762765588e-01,1.0485599015e-02,4.7294942775e+00
8.7500000000e+01,2.4991548588e-02,1.0495191143e-01,2.6515285178e-01,2.7056977569e-01,1.0474898989e-01,2.1867334263e-01,1.0911579987e-02,4.7389383544e+00
8.8000000000e+01,2.5954097911e-02,1.0355196116e-01,2.6899761257e-01,2.6953964931e-01,1.0234385388e-01,2.1837154301e-01,1.1241282165e-02,4.7417382394e+00
8.8500000000e+01,2.6562830729e-02,1.0162818837e-01,2.7268948610e-01,2.6962741877e-01,9.9010289410e-02,2.1887111765e-01,1.1610668973e-02,4.7387305041e+00
8.9000000000e+01,2.7394987663e-02,1.0069671118e-01,2.7451838828e-01,2.6916283060e-01,9.6896971910e-02,2.1930329104e-01,1.2026819326e-02,4.7434762509e+00
8.9500000000e+01,2.8491462187e-02,9.9490318255e-02,2.7679882377e-01,2.6634841739e-01,9.5104168065e-02,2.2118142978e-01,1.2585380552e-02,4.7541235434e+00
9.0000000000e+01,2.9314043852e-02,9.7732608954e-02,2.8016146375e-01,2.6451826980e-01,9.1716931249e-02,2.2329808641e-01,1.3258595984e-02,4.7560183288e+00
9.0500000000e+01,3.0007165103e-02,9.6197606439e-02,2.8351754223e-01,2.6418557667e-01,8.8523742455e-02,2.2376905775e-01,1.3799309356e-02,4.7553570894e+00
9.1000000000e+01,3.1077933359e-02,9.5162488529e-02,2.8647138544e-01,2.6188935304e-01,8.6406115175e-02,2.2454797650e-01,1.4444747965e-02,4.7611695818e+00
9.1500000000e+01,3.1935389216e-02,9.3657302676e-02,2.8957166119e-01,2.6110383740e-01,8.3853800508e-02,2.2487298957e-01,1.5005019440e-02,4.7614068601e+00
9.2000000000e+01,3.2591869530e-02,9.2802103315e-02,2.9182053976e-01,2.6006440320e-01,8.1551870236e-02,2.2560520317e-01,1.5564010785e-02,4.7606804350e+00
9.2500000000e+01,3.3160048100e-02,9.2365836265e-02,2.9364075861e-01,2.5915468227e-01,7.9051403145e-02,2.2641093022e-01,1.6216341388e-02,4.7611806644e+00
9.3000000000e+01,3.3963668830e-02,9.0660604591e-02,2.9727575358e-01,2.5845153216e-01,7.5704612566e-02,2.2693064516e-01,1.7013183111e-02,4.7571979130e+00
9.3500000000e+01,3.4634292323e-02,8.8951921582e-02,2.9818991863e-01,2.5853397562e-01,7.2852936771e-02,2.2914266753e-01,1.7694287548e-02,4.7542335126e+00
9.4000000000e+01,3.5247709945e-02,8.7696649194e-02,3.0103543746e-01,2.5721049997e-01,7.0533711913e-02,2.2985132685e-01,1.8424664673e-02,4.7524748005e+00
9.4500000000e+01,3.6218759370e-02,8.7145441648e-02,3.0378640971e-01,2.5663986877e-01,6.7900473588e-02,2.2925500626e-01,1.9054040659e-02,4.7526413180e+00
9.5000000000e+01,3.6901144379e-02,8.5026330752e-02,3.0913437233e-01,2.5548897196e-01,6.4747389705e-02,2.2889883643e-01,1.9802954445e-02,4.7423568847e+00
9.5500000000e+01,3.7445443252e-02,8.4005664386e-02,3.1469045720e-01,2.5279172447e-01,6.1558764792e-02,2.2895095130e-01,2.0556994595e-02,4.7330717579e+00
9.6000000000e+01,3.8232095108e-02,8.3507382987e-02,3.1578625016e-01,2.5298189879e-01,5.9043440378e-02,2.2906905287e-01,2.1379879715e-02,4.7300939891e+00
9.6500000000e+01,3.8886713059e-02,8.2018502611e-02,3.1645683272e-01,2.5495297702e-01,5.6781406567e-02,2.2856372669e-01,2.2339841330e-02,4.7254112623e+00
9.7000000000e+01,3.9301069727e-02,8.1255910185e-02,3.1987692704e-01,2.5307882834e-01,5.4166425877e-02,2.2892617997e-01,2.3394658860e-02,4.7169605761e+00
9.7500000000e+01,3.9951597164e-02,7.9594403768e-02,3.2141644613e-01,2.5093670731e-01,5.1207536622e-02,2.3243627182e-01,2.4457037186e-02,4.7055340280e+00
9.8000000000e+01,4.0478888334e-02,7.8510358024e-02,3.2327861645e-01,2.5002789243e-01,4.8264016846e-02,2.3410053326e-01,2.5339694666e-02,4.6938497751e+00
9.8500000000e+01,4.1296239470e-02,7.7935570790e-02,3.2571981212e-01,2.4737915680e-01,4.5481907091e-02,2.3584167393e-01,2.6345639796e-02,4.6847729012e+00
9.9000000000e+01,4.1702596883e-02,7.7458318086e-02,3.2891399110e-01,2.4633204074e-01,4.2587779450e-02,2.3583812068e-01,2.7167153061e-02,4.6719960525e+00
9.9500000000e+01,4.2266832388e-02,7.6481873727e-02,3.3206455428e-01,2.4398650535e-01,3.9747688813e-02,2.3725046691e-01,2.8202078539e-02,4.6587585065e+00
1.0000000000e+02,4.2570892699e-02,7.6102000082e-02,3.3529653951e-01,2.4153963746e-01,3.7143216313e-02,2.3803401318e-01,2.9313700751e-02,4.6466352965e+00
1.0050000000e+02,4.2829873937e-02,7.5775660101e-02,3.3776969874e-01,2.3928746909e-01,3.4289857060e-02,2.3952480301e-01,3.0522638072e-02,4.6316139122e+00
1.0100000000e+02,4.3221190561e-02,7.4315785027e-02,3.4070983715e-01,2.3637264877e-01,3.1722643906e-02,2.4194871852e-01,3.1709176067e-02,4.6116552143e+00
1.0150000000e+02,4.3960082897e-02,7.3278789699e-02,3.4309972390e-01,2.3282570436e-01,2.9725445845e-02,2.4411874894e-01,3.2991504350e-02,4.5967120107e+00
1.0200000000e+02,4.4469655262e-02,7.1889858511e-02,3.4739371956e-01,2.3018293289e-01,2.7431722554e-02,2.4428770088e-01,3.4344410347e-02,4.5750943102e+00
1.0250000000e+02,4.5079449889e-02,7.1027629560e-02,3.4994450448e-01,2.2705648837e-01,2.5375321783e-02,2.4542766114e-01,3.6088944772e-02,4.5576974377e+00
1.0300000000e+02,4.5351764077e-02,6.9936720740e-02,3.5399518872e-01,2.2464109665e-01,2.3551162603e-02,2.4500363999e-01,3.7520427220e-02,4.5372314835e+00
1.0350000000e+02,4.5849102529e-02,6.8628878509e-02,3.5709008978e-01,2.2162200729e-01,2.1312975647e-02,2.4678267240e-01,3.8714273843e-02,4.5103099352e+00
1.0400000000e+02,4.6258934267e-02,6.7674357937e-02,3.5915348421e-01,2.1887906462e-01,1.9489055889e-02,2.4852999184e-01,4.0015111242e-02,4.4867464793e+00
1.0450000000e+02,4.6895290756e-02,6.6607216327e-02,3.6198443038e-01,2.1536382632e-01,1.7817010660e-02,2.4981650449e-01,4.1515721070e-02,4.4638754818e+00
1.0500000000e+02,4.7191080273e-02,6.6450613968e-02,3.6052248508e-01,2.1531891328e-01,1.6330798729e-02,2.5088431715e-01,4.3301791518e-02,4.4482940494e+00
1.0550000000e+02,4.8071415642e-02,6.5814959321e-02,3.6345680166e-01,2.0971066776e-01,1.4971006749e-02,2.5307574492e-01,4.4899403953e-02,4.4237917070e+00
1.0600000000e+02,4.8634262321e-02,6.5321519346e-02,3.6644952549e-01,2.0771573317e-01,1.3630739079e-02,2.5202933727e-01,4.6218883334e-02,4.3988816023e+00
1.0650000000e+02,4.9344428176e-02,6.4588319994e-02,3.6694385600e-01,2.0518635539e-01,1.2488960385e-02,2.5345690452e-01,4.7991175546e-02,4.3778031935e+00
1.0700000000e+02,4.9935581746e-02,6.3471318052e-02,3.6963770237e-01,2.0068173130e-01,1.1564132921e-02,2.5422801438e-01,5.0481519241e-02,4.3582816036e+00
1.0750000000e+02,5.0464176464e-02,6.2096975332e-02,3.7040367045e-01,1.9837254504e-01,1.0659121773e-02,2.5534460315e-01,5.2658907796e-02,4.3354919883e+00
1.0800000000e+02,5.0815421400e-02,6.0590646098e-02,3.7172370353e-01,1.9678101989e-01,9.8029487397e-03,2.5545735489e-01,5.4828905446e-02,4.3121767223e+00
1.0850000000e+02,5.0637248997e-02,5.8951748904e-02,3.7503407615e-01,1.9428151613e-01,9.1756386068e-03,2.5553469656e-01,5.6385074656e-02,4.2812327632e+00
1.0900000000e+02,5.1346097880e-02,5.8285163184e-02,3.7585090502e-01,1.9351679210e-01,8.6176996329e-03,2.5470386972e-01,5.7679472465e-02,4.2607114957e+00
1.0950000000e+02,5.1544217393e-02,5.7374478772e-02,3.7659543210e-01,1.9172502555e-01,8.3437874745e-03,2.5513326395e-01,5.9283794763e-02,4.2457261918e+00
1.1000000000e+02,5.1964036430e-02,5.5863673815e-02,3.8071659944e-01,1.8810746669e-01,8.1462918960e-03,2.5394606074e-01,6.1255870984e-02,4.2341333145e+00
1.1050000000e+02,5.2085281836e-02,5.4334301680e-02,3.8363454867e-01,1.8380649125e-01,8.0722202183e-03,2.5499151294e-01,6.3075643405e-02,4.2241918676e+00
1.1100000000e+02,5.2080550888e-02,5.3793836417e-02,3.8447389357e-01,1.8084167714e-01,8.3050957529e-03,2.5608839656e-01,6.4416549666e-02,4.2263726521e+00
1.1150000000e+02,5.2018428435e-02,5.2882491264e-02,3.8878632967e-01,1.7649612249e-01,8.6237634395e-03,2.5502038479e-01,6.6172479912e-02,4.2337967676e+00
1.1200000000e+02,5.1702493744e-02,5.1839902315e-02,3.9242276001e-01,1.7290731954e-01,8.9966003039e-03,2.5391927727e-01,6.8211646805e-02,4.2460634453e+00
1.1250000000e+02,5.1373635909e-02,5.1408376380e-02,3.9595737435e-01,1.6825560635e-01,9.6819706658e-03,2.5279607444e-01,7.0526961905e-02,4.2678545436e+00
1.1300000000e+02,5.2110353401e-02,5.0208292691e-02,3.9601176650e-01,1.6548489460e-01,1.0376287993e-02,2.5305359997e-01,7.2754804854e-02,4.2930567076e+00
1.1350000000e+02,5.2180892180e-02,4.9198641903e-02,3.9937110200e-01,1.6270945655e-01,1.1034073989e-02,2.5107539383e-01,7.4430439543e-02,4.3123544232e+00
1.1400000000e+02,5.3005577018e-02,4.8536278384e-02,3.9757479573e-01,1.6111011895e-01,1.1865627971e-02,2.5070956107e-01,7.7198040883e-02,4.3508320353e+00
1.1450000000e+02,5.3112463420e-02,4.7437672868e-02,3.9993036074e-01,1.5740998522e-01,1.2838586052e-02,2.4929747360e-01,7.9973458107e-02,4.3746145056e+00
1.1500000000e+02,5.3520459762e-02,4.6725817015e-02,3.9964826112e-01,1.5323613606e-01,1.4037180123e-02,2.5003222928e-01,8.2799916638e-02,4.4078646704e+00
1.1550000000e+02,5.3586566061e-02,4.6045900412e-02,4.0119428977e-01,1.4859768945e-01,1.5456396061e-02,2.4984292845e-01,8.5276229797e-02,4.4346079975e+00
1.1600000000e+02,5.3844615559e-02,4.4791117453e-02,4.0217054687e-01,1.4625117463e-01,1.6787276815e-02,2.4761704709e-01,8.8538221581e-02,4.4611871977e+00
1.1650000000e+02,5.4530536086e-02,4.3750479862e-02,4.0221794113e-01,1.4289596243e-01,1.8370339699e-02,2.4738478395e-01,9.0849956854e-02,4.4851658233e+00
1.1700000000e+02,5.5012314404e-02,4.2628157698e-02,4.0121900831e-01,1.4076084915e-01,1.9874932236e-02,2.4659153458e-01,9.3913203620e-02,4.5109773665e+00
1.1750000000e+02,5.4935940918e-02,4.1409964805e-02,4.0321809219e-01,1.3752534954e-01,2.1703866547e-02,2.4496362551e-01,9.6243160500e-02,4.5295544627e+00
1.1800000000e+02,5.4843753839e-02,4.0694025100e-02,4.0611416662e-01,1.3453236174e-01,2.3608132919e-02,2.4127008449e-01,9.8937475289e-02,4.5472629399e+00
1.1850000000e+02,5.5312895979e-02,4.0098246719e-02,4.0516795651e-01,1.3221766366e-01,2.5437573860e-02,2.3945827348e-01,1.0230738979e-01,4.5720435804e+00
1.1900000000e+02,5.5627598616e-02,3.9558223017e-02,4.0518181234e-01,1.2855755972e-01,2.7435173277e-02,2.3866703001e-01,1.0497260302e-01,4.5965117064e+00
1.1950000000e+02,5.6165365768e-02,3.8786281260e-02,4.0447643928e-01,1.2573335139e-01,2.9435919848e-02,2.3790869471e-01,1.0749394774e-01,4.6172477467e+00
1.2000000000e+02,5.5972711132e-02,3.7752047528e-02,4.0564807140e-01,1.2287485008e-01,3.1484561255e-02,2.3614314930e-01,1.1012460931e-01,4.6267743377e+00
1.2050000000e+02,5.6249628979e-02,3.6770065272e-02,4.0615191600e-01,1.2082279419e-01,3.3627585255e-02,2.3428694010e-01,1.1209107020e-01,4.6400621211e+00
1.2100000000e+02,5.5796390148e-02,3.5852691734e-02,4.0841104503e-01,1.1763561642e-01,3.5793312194e-02,2.3208862034e-01,1.1442232413e-01,4.6468006079e+00
1.2150000000e+02,5.5523139269e-02,3.4803288754e-02,4.1195465801e-01,1.1434934760e-01,3.7926264021e-02,2.2929077831e-01,1.1615252404e-01,4.6455197041e+00
1.2200000000e+02,5.5803106811e-02,3.3960278708e-02,4.1158734333e-01,1.1183006048e-01,4.0257935661e-02,2.2826771079e-01,1.1829356422e-01,4.6591286652e+00
1.2250000000e+02,5.5975968236e-02,3.3145394131e-02,4.1180434187e-01,1.0936507142e-01,4.2807229040e-02,2.2737046461e-01,1.1953153070e-01,4.6678380973e+00
1.2300000000e+02,5.6116642219e-02,3.2280580336e-02,4.1350602677e-01,1.0711144514e-01,4.5411295119e-02,2.2477142770e-01,1.2080258272e-01,4.6757222037e+00
1.2350000000e+02,5.5600387915e-02,3.1801108513e-02,4.1258099455e-01,1.0536671536e-01,4.7620530385e-02,2.2221168574e-01,1.2481857754e-01,4.6872643627e+00
1.2400000000e+02,5.5331569788e-02,3.0965804758e-02,4.1218893369e-01,1.0382777713e-01,5.0018070424e-02,2.1950849246e-01,1.2815935175e-01,4.6984956978e+00
1.2450000000e+02,5.5185766980e-02,2.9904914149e-02,4.1361519034e-01,1.0103335772e-01,5.2468420440e-02,2.1705187769e-01,1.3074047269e-01,4.7005799566e+00
1.2500000000e+02,5.5562066757e-02,2.8973690634e-02,4.1285366700e-01,9.9342344143e-02,5.5362069213e-02,2.1489510251e-01,1.3301105974e-01,4.7154560332e+00
1.2550000000e+02,5.5659042496e-02,2.8153367070e-02,4.1171829913e-01,9.8294329889e-02,5.8209722949e-02,2.1217938841e-01,1.3578585006e-01,4.7267449222e+00
1.2600000000e+02,5.6162561127e-02,2.7341790643e-02,4.1109511133e-01,9.6340310357e-02,6.1044797655e-02,2.1088640711e-01,1.3712902178e-01,4.7336388689e+00
1.2650000000e+02,5.6100465015e-02,2.6564198343e-02,4.0970125552e-01,9.5324121117e-02,6.3865151256e-02,2.0743345345e-01,1.4101135530e-01,4.7445221180e+00
1.2700000000e+02,5.5989521552e-02,2.5810885054e-02,4.1110636963e-01,9.3071581823e-02,6.6068037893e-02,2.0486025823e-01,1.4309334582e-01,4.7380340338e+00
1.2750000000e+02,5.5435521577e-02,2.4736096388e-02,4.1298608325e-01,9.1029001224e-02,6.9043879947e-02,2.0188082975e-01,1.4488858786e-01,4.7330827695e+00
1.2800000000e+02,5.5352257573e-02,2.4159471919e-02,4.1276450693e-01,8.9602458600e-02,7.1634025102e-02,2.0016948548e-01,1.4631779440e-01,4.7346013682e+00
1.2850000000e+02,5.5305834354e-02,2.3309228009e-02,4.1503425095e-01,8.8196633704e-02,7.4213834662e-02,1.9525982684e-01,1.4868039148e-01,4.7307843532e+00
1.2900000000e+02,5.5052512646e-02,2.2731778295e-02,4.1609045490e-01,8.7413581879e-02,7.6997632884e-02,1.9068629028e-01,1.5102774911e-01,4.7297409806e+00
1.2950000000e+02,5.5002077437e-02,2.1999376096e-02,4.1330023593e-01,8.6882253803e-02,8.0736075172e-02,1.8751011676e-01,1.5456986480e-01,4.7390530845e+00
1.3000000000e+02,5.5222001110e-02,2.1368611078e-02,4.1117611381e-01,8.5933515891e-02,8.4151731065e-02,1.8640673781e-01,1.5574128923e-01,4.7466552253e+00
1.3050000000e+02,5.4449665946e-02,2.0870537841e-02,4.1212587020e-01,8.5686936931e-02,8.6488741073e-02,1.8144513276e-01,1.5893311525e-01,4.7424886171e+00
1.3100000000e+02,5.4279985887e-02,2.0302944613e-02,4.1418735558e-01,8.5740137088e-02,8.8762367634e-02,1.7714608587e-01,1.5958112334e-01,4.7375665647e+00
1.3150000000e+02,5.4401509928e-02,1.9856677980e-02,4.1290526858e-01,8.5341727806e-02,9.1702854969e-02,1.7425556731e-01,1.6153639342e-01,4.7411508195e+00
1.3200000000e+02,5.3932673515e-02,1.9355162815e-02,4.1110944901e-01,8.5791969017e-02,9.4810290018e-02,1.7007329064e-01,1.6492716499e-01,4.7455513436e+00
1.3250000000e+02,5.3455747485e-02,1.8806355546e-02,4.1119315680e-01,8.5826020815e-02,9.6508829432e-02,1.6607514598e-01,1.6813474394e-01,4.7388838176e+00
1.3300000000e+02,5.3410787747e-02,1.8129607498e-02,4.0964809181e-01,8.6022273152e-02,9.8829951563e-02,1.6299884010e-01,1.7096044814e-01,4.7406828164e+00
1.3350000000e+02,5.2986000098e-02,1.7674070147e-02,4.0813338047e-01,8.6875642313e-02,1.0129388356e-01,1.5971849919e-01,1.7331852423e-01,4.7422554645e+00
1.3400000000e+02,5.3614387951e-02,1.7343286718e-02,4.0758558567e-01,8.7534127442e-02,1.0421887275e-01,1.5437908263e-01,1.7532465684e-01,4.7486456961e+00
1.3450000000e+02,5.3866505559e-02,1.6852596388e-02,4.0434170991e-01,8.8159845145e-02,1.0811880758e-01,1.5103083570e-01,1.7762969971e-01,4.7529480862e+00
1.3500000000e+02,5.4321177245e-02,1.6441709732e-02,4.0172356604e-01,8.8972347234e-02,1.1054019146e-01,1.4787470010e-01,1.8012630819e-01,4.7598494114e+00
1.3550000000e+02,5.4290263465e-02,1.6126810347e-02,3.9836104349e-01,8.9792229714e-02,1.1337042120e-01,1.4484809932e-01,1.8321113247e-01,4.7635832642e+00
1.3600000000e+02,5.4204658505e-02,1.5897314961e-02,4.0017108239e-01,8.9381132554e-02,1.1557758506e-01,1.4015217503e-01,1.8461605151e-01,4.7562897922e+00
1.3650000000e+02,5.4470960063e-02,1.5747338697e-02,3.9919503630e-01,9.0514194274e-02,1.1732437236e-01,1.3556766345e-01,1.8718043486e-01,4.7567387116e+00
1.3700000000e+02,5.4126881496e-02,1.5387864655e-02,3.9752905411e-01,9.1686190739e-02,1.2025704596e-01,1.3222433083e-01,1.8878863221e-01,4.7556388929e+00
1.3750000000e+02,5.4074428153e-02,1.5052915157e-02,3.9739181165e-01,9.3323865697e-02,1.2220628990e-01,1.2898732143e-01,1.8896336801e-01,4.7526392949e+00
1.3800000000e+02,5.4220937195e-02,1.4980520150e-02,3.9496433181e-01,9.4986703183e-02,1.2404511854e-01,1.2572684083e-01,1.9107554830e-01,4.7599637172e+00
1.3850000000e+02,5.3650996043e-02,1.4893125273e-02,3.9412351378e-01,9.7236504757e-02,1.2557370365e-01,1.2180114026e-01,1.9272101624e-01,4.7578382745e+00
1.3900000000e+02,5.3324466759e-02,1.4819728608e-02,3.9340508622e-01,9.7476219633e-02,1.2808836168e-01,1.1806826472e-01,1.9481787238e-01,4.7579248755e+00
1.3950000000e+02,5.3457095579e-02,1.4750921864e-02,3.8959557720e-01,9.8938993064e-02,1.3004663041e-01,1.1558689823e-01,1.9762388366e-01,4.7660488751e+00
1.4000000000e+02,5.3259341549e-02,1.4628738063e-02,3.8767195486e-01,1.0001779695e-01,1.3237936225e-01,1.1221254088e-01,1.9983026545e-01,4.7671883270e+00
1.4050000000e+02,5.2854366917e-02,1.4649662662e-02,3.8422282916e-01,1.0160948237e-01,1.3535175714e-01,1.0862666800e-01,2.0268523375e-01,4.7714182874e+00
1.4100000000e+02,5.3028364253e-02,1.4609533339e-02,3.8298970929e-01,1.0279861186e-01,1.3856890807e-01,1.0482407966e-01,2.0318079353e-01,4.7727137508e+00
1.4150000000e+02,5.2663776464e-02,1.4485947722e-02,3.8072825388e-01,1.0492183036e-01,1.4196459182e-01,1.0097951780e-01,2.0425608195e-01,4.7724393627e+00
1.4200000000e+02,5.2424864159e-02,1.4385079694e-02,3.7886485517e-01,1.0737946946e-01,1.4402607554e-01,9.6719414054e-02,2.0620024192e-01,4.7698439275e+00
1.4250000000e+02,5.1945092470e-02,1.4377757725e-02,3.7785920286e-01,1.0960803874e-01,1.4590301273e-01,9.2940609065e-02,2.0736628641e-01,4.7652676686e+00
1.4300000000e+02,5.2043930053e-02,1.4427291442e-02,3.7455319461e-01,1.1245979762e-01,1.4868637676e-01,8.9012974996e-02,2.0881643452e-01,4.7690991055e+00
1.4350000000e+02,5.2063808675e-02,1.4540614721e-02,3.7237744932e-01,1.1509982466e-01,1.5126280226e-01,8.6076216916e-02,2.0857928345e-01,4.7761225924e+00
1.4400000000e+02,5.2052229001e-02,1.4582986311e-02,3.7009473861e-01,1.1606511859e-01,1.5353031288e-01,8.3293711228e-02,2.1038090338e-01,4.7794257008e+00
1.4450000000e+02,5.1411812450e-02,1.4539674074e-02,3.6963673759e-01,1.1869790899e-01,1.5497326232e-01,8.0217257817e-02,2.1052334676e-01,4.7730755026e+00
1.4500000000e+02,5.1261020660e-02,1.4647992852e-02,3.6797999143e-01,1.2016424194e-01,1.5814328335e-01,7.6305792095e-02,2.1149767767e-01,4.7688401101e+00
1.4550000000e+02,5.0976669029e-02,1.4773887702e-02,3.6791846318e-01,1.2278650780e-01,1.5898977601e-01,7.2835054061e-02,2.1171964223e-01,4.7624761865e+00
1.4600000000e+02,5.0488003911e-02,1.4859930096e-02,3.6552727055e-01,1.2447728165e-01,1.6145260674e-01,6.9381632776e-02,2.1381327427e-01,4.7565103401e+00
1.4650000000e+02,5.0335567912e-02,1.5143357793e-02,3.6503440083e-01,1.2605415677e-01,1.6355480475e-01,6.6016639161e-02,2.1386107278e-01,4.7529772689e+00
1.4700000000e+02,4.9943595257e-02,1.5351692317e-02,3.6395650050e-01,1.2783163191e-01,1.6680293810e-01,6.3089214668e-02,2.1302442724e-01,4.7471224748e+00
1.4750000000e+02,4.9793787940e-02,1.5400230803e-02,3.6131732150e-01,1.2988635283e-01,1.6981341684e-01,6.0294284336e-02,2.1349460576e-01,4.7438411446e+00
1.4800000000e+02,4.9653079747e-02,1.5533804898e-02,3.6164053101e-01,1.3148372519e-01,1.7204193384e-01,5.7328476858e-02,2.1231844846e-01,4.7330494146e+00
1.4850000000e+02,4.9532555364e-02,1.5643129322e-02,3.5947645465e-01,1.3333570406e-01,1.7443922022e-01,5.4006673300e-02,2.1356626308e-01,4.7276655605e+00
1.4900000000e+02,4.9164613540e-02,1.5948535900e-02,3.5775479244e-01,1.3493005366e-01,1.7596373946e-01,5.1067913587e-02,2.1517035142e-01,4.7143061340e+00
1.4950000000e+02,4.8435450517e-02,1.6087776400e-02,3.5543842758e-01,1.3667708107e-01,1.7748919656e-01,4.8479973474e-02,2.1739209440e-01,4.7006862234e+00
1.5000000000e+02,4.8466295684e-02,1.6144674306e-02,3.5358580361e-01,1.3830202415e-01,1.7960492351e-01,4.5682558818e-02,2.1821371992e-01,4.6864892548e+00
1.5050000000e+02,4.8502326863e-02,1.6393413574e-02,3.4946080843e-01,1.3975787380e-01,1.8260805684e-01,4.3266446879e-02,2.2001107361e-01,4.6837706271e+00
1.5100000000e+02,4.7932732016e-02,1.6401245646e-02,3.4983815434e-01,1.4051524883e-01,1.8334094033e-01,4.0414162973e-02,2.2155751586e-01,4.6589708454e+00
1.5150000000e+02,4.7220308603e-02,1.6412615232e-02,3.4831473873e-01,1.4215092660e-01,1.8607185773e-01,3.7671853331e-02,2.2215769978e-01,4.6393338500e+00
1.5200000000e+02,4.7385403893e-02,1.6674366964e-02,3.4470280061e-01,1.4191174126e-01,1.8908958700e-01,3.5442244878e-02,2.2479385539e-01,4.6303222444e+00
1.5250000000e+02,4.7267599505e-02,1.6987265739e-02,3.4040802988e-01,1.4406093217e-01,1.9071145453e-01,3.3085151555e-02,2.2747956662e-01,4.6205265348e+00
1.5300000000e+02,4.6997976461e-02,1.7199633612e-02,3.3703192235e-01,1.4704902303e-01,1.9158564835e-01,3.0702758697e-02,2.2943303750e-01,4.6067146284e+00
1.5350000000e+02,4.6891565749e-02,1.7482465247e-02,3.3291006096e-01,1.4817691520e-01,1.9451574395e-01,2.8803948665e-02,2.3121930023e-01,4.5956885635e+00
1.5400000000e+02,4.6925245081e-02,1.7464482137e-02,3.3328677926e-01,1.4909331121e-01,1.9485350330e-01,2.6632560418e-02,2.3174411859e-01,4.5743630486e+00
1.5450000000e+02,4.6784729042e-02,1.7579710896e-02,3.2830926165e-01,1.5132931559e-01,1.9742477874e-01,2.4911263687e-02,2.3366094039e-01,4.5583493597e+00
1.5500000000e+02,4.6897210731e-02,1.7741834862e-02,3.2695597403e-01,1.5168672854e-01,1.9852698869e-01,2.2773453666e-02,2.3541780948e-01,4.5365244798e+00
1.5550000000e+02,4.6649055046e-02,1.7968556612e-02,3.2535195368e-01,1.5316528831e-01,1.9955389661e-01,2.0958214648e-02,2.3635303509e-01,4.5199568474e+00
1.5600000000e+02,4.6757211876e-02,1.8224463326e-02,3.2253167747e-01,1.5369076248e-01,2.0134015854e-01,1.9036449764e-02,2.3841927653e-01,4.5046950103e+00
1.5650000000e+02,4.6900192827e-02,1.8494301205e-02,3.1872394668e-01,1.5390853201e-01,2.0430777534e-01,1.7482075400e-02,2.4018317653e-01,4.4890219560e+00
1.5700000000e+02,4.6434053758e-02,1.8408134770e-02,3.1672671542e-01,1.5339684636e-01,2.0496612821e-01,1.5671073905e-02,2.4439704758e-01,4.4596926948e+00
1.5750000000e+02,4.5882457061e-02,1.8516026865e-02,3.1546443523e-01,1.5343359999e-01,2.0735844650e-01,1.4130237688e-02,2.4521479667e-01,4.4287394030e+00
1.5800000000e+02,4.5902669222e-02,1.8748751500e-02,3.1288325542e-01,1.5469960695e-01,2.1034742366e-01,1.2836835178e-02,2.4458145808e-01,4.4124947432e+00
1.5850000000e+02,4.6539623856e-02,1.9107736201e-02,3.0984433724e-01,1.5576002542e-01,2.1166794629e-01,1.1581177639e-02,2.4549915335e-01,4.3954066697e+00
1.5900000000e+02,4.6823137779e-02,1.9213335790e-02,3.0757465118e-01,1.5612817608e-01,2.1481012422e-01,1.0410666135e-02,2.4503990883e-01,4.3754976367e+00
1.5950000000e+02,4.7514375477e-02,1.9489062956e-02,3.0504834440e-01,1.5632327476e-01,2.1744334116e-01,9.3052262465e-03,2.4487637500e-01,4.3587356482e+00
1.6000000000e+02,4.7844633810e-02,1.9624872524e-02,3.0098423433e-01,1.5699391990e-01,2.1989566288e-01,8.3632746866e-03,2.4629340187e-01,4.3378581804e+00
1.6050000000e+02,4.7479596892e-02,1.9906907281e-02,2.9834820070e-01,1.5680845910e-01,2.2287251069e-01,7.5315391084e-03,2.4705278622e-01,4.3103606138e+00
1.6100000000e+02,4.7177179250e-02,2.0067792212e-02,2.9667193672e-01,1.5703011934e-01,2.2469350429e-01,6.6951229005e-03,2.4766434529e-01,4.2819252791e+00
1.6150000000e+02,4.7127223308e-02,2.0194503165e-02,2.9446465945e-01,1.5641284778e-01,2.2825685141e-01,5.9416835367e-03,2.4760223135e-01,4.2550008023e+00
1.6200000000e+02,4.7130247582e-02,2.0386349290e-02,2.9338543827e-01,1.5514626282e-01,2.3124406499e-01,5.3049946862e-03,2.4740264237e-01,4.2262963480e+00
1.6250000000e+02,4.7018111221e-02,2.0338733469e-02,2.8978160326e-01,1.5369519150e-01,2.3486938585e-01,4.8404558342e-03,2.4945651887e-01,4.1929916295e+00
1.6300000000e+02,4.6906757114e-02,2.0453009282e-02,2.8691215490e-01,1.5278713490e-01,2.3754287993e-01,4.4591976768e-03,2.5093886620e-01,4.1616401630e+00
1.6350000000e+02,4.6926188165e-02,2.0535937847e-02,2.8421798049e-01,1.5146492500e-01,2.3916619146e-01,4.1709740937e-03,2.5351780295e-01,4.1281007701e+00
1.6400000000e+02,4.7077595913e-02,2.0622315460e-02,2.7993820539e-01,1.5133750631e-01,2.4161785588e-01,3.9986875824e-03,2.5540783346e-01,4.1011879280e+00
1.6450000000e+02,4.6796879326e-02,2.0430542420e-02,2.7824686805e-01,1.5013596233e-01,2.4369645841e-01,3.9198031131e-03,2.5677348635e-01,4.0729314728e+00
1.6500000000e+02,4.6811464325e-02,2.0517053187e-02,2.7683021543e-01,1.5011528103e-01,2.4439261101e-01,3.8735744602e-03,2.5745980055e-01,4.0822380077e+00
1.6550000000e+02,4.6187163973e-02,2.0673741649e-02,2.7420701836e-01,1.4854961868e-01,2.4877459897e-01,3.9998004503e-03,2.5760805791e-01,4.1035308286e+00
1.6600000000e+02,4.5901262895e-02,2.0809913599e-02,2.7382837728e-01,1.4750696966e-01,2.5024175198e-01,4.2458616559e-03,2.5746586292e-01,4.1259957335e+00
1.6650000000e+02,4.6082723378e-02,2.0808537820e-02,2.7131385827e-01,1.4666839164e-01,2.5168928117e-01,4.5891403688e-03,2.5884806735e-01,4.1534059990e+00
1.6700000000e+02,4.6191265647e-02,2.0944301726e-02,2.6972893175e-01,1.4440305921e-01,2.5380181723e-01,5.0178632132e-03,2.5991276123e-01,4.1798513916e+00
1.6750000000e+02,4.6781071322e-02,2.0948457564e-02,2.6737158123e-01,1.4303059835e-01,2.5646167165e-01,5.4998033432e-03,2.5990681654e-01,4.2091038808e+00
1.6800000000e+02,4.6543077474e-02,2.1056091628e-02,2.6679576940e-01,1.4101276230e-01,2.5972418954e-01,6.1996441528e-03,2.5866846551e-01,4.2334410034e+00
1.6850000000e+02,4.6511387175e-02,2.1076242153e-02,2.6575218793e-01,1.4005916732e-01,2.5966912756e-01,6.9298549932e-03,2.6000203287e-01,4.2583406929e+00
1.6900000000e+02,4.6843136802e-02,2.0968104469e-02,2.6318006943e-01,1.3823157400e-01,2.6207933088e-01,7.7716507979e-03,2.6092613362e-01,4.2828377395e+00
1.6950000000e+02,4.6724869124e-02,2.1167902865e-02,2.6083075602e-01,1.3663598989e-01,2.6344448357e-01,8.6577756560e-03,2.6253822287e-01,4.3041046751e+00
1.7000000000e+02,4.6577433309e-02,2.1172096321e-02,2.5951335243e-01,1.3495164005e-01,2.6410421125e-01,9.6277697325e-03,2.6405349690e-01,4.3250797538e+00
1.7050000000e+02,4.6472786195e-02,2.0946153639e-02,2.5761765643e-01,1.3255142005e-01,2.6398996618e-01,1.0659584172e-02,2.6776243333e-01,4.3384274603e+00
1.7100000000e+02,4.6484117424e-02,2.0754118774e-02,2.5692303232e-01,1.3037309058e-01,2.6540085474e-01,1.1794932647e-02,2.6826985352e-01,4.3526619957e+00
1.7150000000e+02,4.6596145793e-02,2.0608447723e-02,2.5667848072e-01,1.2789844474e-01,2.6679037711e-01,1.3044286566e-02,2.6838381734e-01,4.3684425060e+00
1.7200000000e+02,4.6914734079e-02,2.0781831516e-02,2.5637212304e-01,1.2563780084e-01,2.6720930267e-01,1.4682192840e-02,2.6840201502e-01,4.3924277924e+00
1.7250000000e+02,4.6532266496e-02,2.0541294231e-02,2.5386972650e-01,1.2264831393e-01,2.7086146837e-01,1.6263047924e-02,2.6928388255e-01,4.4007269004e+00
1.7300000000e+02,4.6589190385e-02,2.0344010234e-02,2.5230448648e-01,1.2012323662e-01,2.7223708725e-01,1.7863615623e-02,2.7053837341e-01,4.4145137441e+00
1.7350000000e+02,4.6356694751e-02,2.0362817086e-02,2.5238172366e-01,1.1716232786e-01,2.7396676281e-01,1.9534060603e-02,2.7023561323e-01,4.4279468785e+00
1.7400000000e+02,4.6358989854e-02,2.0279426157e-02,2.4836289536e-01,1.1533001296e-01,2.7682820330e-01,2.0972580256e-02,2.7186789211e-01,4.4370805446e+00
1.7450000000e+02,4.6234102669e-02,2.0261581320e-02,2.4684353902e-01,1.1257883912e-01,2.7948052881e-01,2.2738046442e-02,2.7186336262e-01,4.4476461705e+00
1.7500000000e+02,4.6195444397e-02,2.0352814892e-02,2.4626057059e-01,1.0960731553e-01,2.8075555408e-01,2.4332358233e-02,2.7249594228e-01,4.4559257421e+00
1.7550000000e+02,4.6580885293e-02,2.0313053278e-02,2.4366783376e-01,1.0753820856e-01,2.8268448204e-01,2.6167627432e-02,2.7304790964e-01,4.4679118851e+00
1.7600000000e+02,4.6555776529e-02,2.0081360789e-02,2.4232505775e-01,1.0539178229e-01,2.8319427555e-01,2.8218762728e-02,2.7423298436e-01,4.4733387358e+00
1.7650000000e+02,4.6395048444e-02,1.9934636460e-02,2.4007465720e-01,1.0290457022e-01,2.8464159514e-01,3.0072591630e-02,2.7597690090e-01,4.4736274756e+00
1.7700000000e+02,4.6606596399e-02,1.9734145121e-02,2.3850336595e-01,1.0037343822e-01,2.8658464296e-01,3.2399991749e-02,2.7579781960e-01,4.4826312253e+00
1.7750000000e+02,4.6128745925e-02,1.9519365157e-02,2.3443617749e-01,9.7625066464e-02,2.8941877196e-01,3.4099630909e-02,2.7877224209e-01,4.4811145524e+00
1.7800000000e+02,4.5966414553e-02,1.9469517820e-02,2.3399140325e-01,9.3972267276e-02,2.9107292134e-01,3.6098490900e-02,2.7942898486e-01,4.4793579849e+00
1.7850000000e+02,4.6001477708e-02,1.9296394403e-02,2.3297860519e-01,9.0549306742e-02,2.9191997801e-01,3.8388493275e-02,2.8086574468e-01,4.4762200819e+00
1.7900000000e+02,4.6156529561e-02,1.9124288996e-02,2.3140058906e-01,8.9467738731e-02,2.9176859774e-01,4.0804348397e-02,2.8127790752e-01,4.4813147516e+00
1.7950000000e+02,4.5840068294e-02,1.9090144783e-02,2.3177131231e-01,8.6782712504e-02,2.9325582257e-01,4.3260727492e-02,2.7999921205e-01,4.4786279421e+00
1.8000000000e+02,4.5943079085e-02,1.8962488859e-02,2.3042332791e-01,8.4255906454e-02,2.9475332848e-01,4.5956007958e-02,2.7970586125e-01,4.4853312337e+00
1.8050000000e+02,4.5835454628e-02,1.8858673148e-02,2.2840202957e-01,8.1946805641e-02,2.9572730607e-01,4.8192071537e-02,2.8103765941e-01,4.4773605948e+00
1.8100000000e+02,4.5501269040e-02,1.8668291442e-02,2.2641141824e-01,7.9052417293e-02,2.9844949634e-01,5.0667589058e-02,2.8124951859e-01,4.4734639961e+00
1.8150000000e+02,4.4969174439e-02,1.8481532478e-02,2.2675303112e-01,7.5143256495e-02,2.9947148318e-01,5.2875561751e-02,2.8230596054e-01,4.4600022351e+00
1.8200000000e+02,4.4190054891e-02,1.8211323263e-02,2.2443609247e-01,7.2439602066e-02,3.0228390427e-01,5.5557002777e-02,2.8288202027e-01,4.4421451916e+00
1.8250000000e+02,4.3662358711e-02,1.8189894967e-02,2.2479018034e-01,6.8775084680e-02,3.0308975568e-01,5.8071311925e-02,2.8342141370e-01,4.4278471117e+00
1.8300000000e+02,4.3356159078e-02,1.8033145960e-02,2.2268278198e-01,6.5713604891e-02,3.0327505021e-01,6.1517497414e-02,2.8542176047e-01,4.4176121806e+00
1.8350000000e+02,4.3039819447e-02,1.7846374642e-02,2.2184382364e-01,6.2883813663e-02,3.0454681550e-01,6.4991305668e-02,2.8484804744e-01,4.4101483408e+00
1.8400000000e+02,4.3017219483e-02,1.7845079976e-02,2.2183623185e-01,6.0708933551e-02,3.0480221299e-01,6.7970743883e-02,2.8381957827e-01,4.4032204268e+00
1.8450000000e+02,4.2892560427e-02,1.7854358169e-02,2.1999170013e-01,5.8656667898e-02,3.0508335226e-01,7.0667860757e-02,2.8485350035e-01,4.3958306850e+00
1.8500000000e+02,4.2702381584e-02,1.7630147661e-02,2.1939072211e-01,5.5417407220e-02,3.0595523005e-01,7.3406450476e-02,2.8549766090e-01,4.3741517790e+00
1.8550000000e+02,4.2651025026e-02,1.7487714495e-02,2.1784005507e-01,5.2475872105e-02,3.0665381384e-01,7.6491230962e-02,2.8640028850e-01,4.3571787097e+00
1.8600000000e+02,4.2592660349e-02,1.7389197776e-02,2.1810860008e-01,4.9812653231e-02,3.0587481459e-01,8.0430634613e-02,2.8579143936e-01,4.3460516466e+00
1.8650000000e+02,4.2371423137e-02,1.7298941065e-02,2.1643941320e-01,4.7672447966e-02,3.0578471005e-01,8.4098710817e-02,2.8633435377e-01,4.3284961187e+00
1.8700000000e+02,4.2953014904e-02,1.7207173005e-02,2.1487671091e-01,4.5667148653e-02,3.0528079956e-01,8.8565352898e-02,2.8544980007e-01,4.3208570420e+00
1.8750000000e+02,4.2913765337e-02,1.7213622674e-02,2.1354141526e-01,4.3309700216e-02,3.0649717795e-01,9.2187353263e-02,2.8433696530e-01,4.3078471282e+00
1.8800000000e+02,4.3145659868e-02,1.7221012555e-02,2.1208861235e-01,4.1806539054e-02,3.0591077632e-01,9.6424930713e-02,2.8340246914e-01,4.2959896857e+00
1.8850000000e+02,4.2758522955e-02,1.7170025546e-02,2.1274635837e-01,3.9666292797e-02,3.0391431537e-01,1.0034760515e-01,2.8339687982e-01,4.2707681373e+00
1.8900000000e+02,4.2606735514e-02,1.7227436111e-02,2.1239069728e-01,3.8233647081e-02,3.0219675715e-01,1.0542224003e-01,2.8192248683e-01,4.2616140261e+00
1.8950000000e+02,4.2350188205e-02,1.7211716370e-02,2.1204553471e-01,3.6813858635e-02,3.0373303217e-01,1.0965242014e-01,2.7819324977e-01,4.2449305573e+00
1.9000000000e+02,4.2258805091e-02,1.7217162221e-02,2.1040559560e-01,3.5647211341e-02,3.0231642158e-01,1.1364697463e-01,2.7850782954e-01,4.2223182354e+00
1.9050000000e+02,4.1959490323e-02,1.7050210308e-02,2.1105403425e-01,3.4275369603e-02,3.0235466612e-01,1.1765888638e-01,2.7564734301e-01,4.1972301908e+00
1.9100000000e+02,4.1742917149e-02,1.6949171762e-02,2.1036086455e-01,3.3077829011e-02,3.0134987855e-01,1.2041243308e-01,2.7610690590e-01,4.1708227779e+00
1.9150000000e+02,4.1415373420e-02,1.6919167464e-02,2.0986664198e-01,3.2386035289e-02,3.0156709746e-01,1.2371379578e-01,2.7413188862e-01,4.1487381782e+00
1.9200000000e+02,4.1330315345e-02,1.6957625985e-02,2.0897661037e-01,3.1627758891e-02,3.0083895599e-01,1.2857305383e-01,2.7169567960e-01,4.1358028969e+00
1.9250000000e+02,4.0795534914e-02,1.6965101789e-02,2.0787692250e-01,3.1233546248e-02,2.9907214223e-01,1.3271787882e-01,2.7133887350e-01,4.1222598115e+00
1.9300000000e+02,4.0528438680e-02,1.7181077530e-02,2.0749619827e-01,3.0657306276e-02,2.9630546739e-01,1.3665405751e-01,2.7117745434e-01,4.1140844233e+00
1.9350000000e+02,4.0211410801e-02,1.7382414656e-02,2.0677875792e-01,3.0188230597e-02,2.9516036922e-01,1.4078900516e-01,2.6948981165e-01,4.1046652300e+00
1.9400000000e+02,3.9499061743e-02,1.7525153879e-02,2.0728018499e-01,2.9844318259e-02,2.9191322018e-01,1.4449523524e-01,2.6944282571e-01,4.0941930119e+00
1.9450000000e+02,3.8879297913e-02,1.7614885078e-02,2.0742478617e-01,3.0020363301e-02,2.9098069160e-01,1.4682520249e-01,2.6825477345e-01,4.0883374269e+00
1.9500000000e+02,3.8610302210e-02,1.7639380770e-02,2.0674393902e-01,3.0691267950e-02,2.8798565567e-01,1.5117213969e-01,2.6715731469e-01,4.0908763231e+00
1.9550000000e+02,3.8316884153e-02,1.7344469708e-02,2.0571345209e-01,3.1073302481e-02,2.8632853209e-01,1.5608675105e-01,2.6513660843e-01,4.0932753355e+00
1.9600000000e+02,3.7986747234e-02,1.7473005864e-02,2.0626215997e-01,3.1207848679e-02,2.8284274957e-01,1.5993715414e-01,2.6429033455e-01,4.1011699857e+00
1.9650000000e+02,3.7902132301e-02,1.7453340323e-02,2.0805344591e-01,3.2224913655e-02,2.8039317753e-01,1.6334024769e-01,2.6063274260e-01,4.1058338138e+00
1.9700000000e+02,3.7748742078e-02,1.7620590346e-02,2.0800498650e-01,3.3351373003e-02,2.7894003983e-01,1.6687788499e-01,2.5745638326e-01,4.1276651078e+00
1.9750000000e+02,3.7541261394e-02,1.7774365161e-02,2.0584209685e-01,3.4187932485e-02,2.7612428247e-01,1.7033515362e-01,2.5819490801e-01,4.1478128190e+00
1.9800000000e+02,3.7246214609e-02,1.7867299070e-02,2.0542414893e-01,3.5091013659e-02,2.7322864163e-01,1.7504872203e-01,2.5609396007e-01,4.1671490537e+00
1.9850000000e+02,3.6551512542e-02,1.8151649683e-02,2.0410643629e-01,3.6541956560e-02,2.7169613550e-01,1.7950302098e-01,2.5344928845e-01,4.1871496500e+00
1.9900000000e+02,3.6305709459e-02,1.8356340384e-02,2.0322124216e-01,3.7932172784e-02,2.6901469431e-01,1.8297909261e-01,2.5219074829e-01,4.2082748585e+00
1.9950000000e+02,3.5906474801e-02,1.8415343835e-02,2.0220100535e-01,3.9785000240e-02,2.6546533842e-01,1.8671235550e-01,2.5151448185e-01,4.2314894318e+00
2.0000000000e+02,3.5647241595e-02,1.8318142233e-02,2.0184726855e-01,4.1049161358e-02,2.6239769975e-01,1.9163848435e-01,2.4910200217e-01,4.2491492513e+00
2.0050000000e+02,3.5075181333e-02,1.8183928090e-02,2.0437183223e-01,4.2742064715e-02,2.6016788721e-01,1.9579403362e-01,2.4366507280e-01,4.2667523102e+00
2.0100000000e+02,3.4846695127e-02,1.8503012278e-02,2.0256986155e-01,4.4826745687e-02,2.5660246790e-01,2.0178235477e-01,2.4086886270e-01,4.2973238947e+00
2.0150000000e+02,3.4445252701e-02,1.8676117044e-02,2.0130813060e-01,4.7614849747e-02,2.5460306153e-01,2.0561039177e-01,2.3774219661e-01,4.3182978839e+00
2.0200000000e+02,3.4071692172e-02,1.8724482910e-02,2.0250036509e-01,5.0560601755e-02,2.5108392906e-01,2.0880746870e-01,2.3425146031e-01,4.3343676076e+00
2.0250000000e+02,3.3424463303e-02,1.8743345301e-02,2.0202388692e-01,5.3189511747e-02,2.4974085112e-01,2.1233124516e-01,2.3054669645e-01,4.3547542594e+00
2.0300000000e+02,3.3031257137e-02,1.8890895110e-02,2.0181539296e-01,5.5722603404e-02,2.4750450934e-01,2.1655641110e-01,2.2647893095e-01,4.3737829997e+00
2.0350000000e+02,3.2693867647e-02,1.9116880114e-02,2.0146947177e-01,5.8794978251e-02,2.4397221476e-01,2.1963718169e-01,2.2431540577e-01,4.3979611213e+00
2.0400000000e+02,3.1816598934e-02,1.9198300281e-02,2.0384893467e-01,6.1836903619e-02,2.3955513428e-01,2.2291843318e-01,2.2082569504e-01,4.4123838871e+00
2.0450000000e+02,3.0991202504e-02,1.9365028960e-02,2.0490544766e-01,6.4904401740e-02,2.3625573359e-01,2.2618435624e-01,2.1739382931e-01,4.4233898948e+00
2.0500000000e+02,3.0656185343e-02,1.9541236657e-02,2.0431817386e-01,6.8751670283e-02,2.3159163249e-01,2.2929991524e-01,2.1584118612e-01,4.4483974405e+00
2.0550000000e+02,3.0465606816e-02,1.9733411004e-02,2.0550148919e-01,7.1718889148e-02,2.2714793646e-01,2.3330184792e-01,2.1213081947e-01,4.4665912285e+00
2.0600000000e+02,3.0147971200e-02,2.0187402284e-02,2.0372985729e-01,7.5778709659e-02,2.2300713550e-01,2.3777237258e-01,2.0937655149e-01,4.4860386339e+00
2.0650000000e+02,2.9674020703e-02,2.0448484131e-02,2.0404807940e-01,7.9978305677e-02,2.1694483207e-01,2.4148304456e-01,2.0742323346e-01,4.5037914133e+00
2.0700000000e+02,2.9419842549e-02,2.0634464582e-02,2.0306394010e-01,8.3906910852e-02,2.1347975183e-01,2.4502358909e-01,2.0447150100e-01,4.5187534234e+00
2.0750000000e+02,2.9010189473e-02,2.0860558158e-02,2.0074427084e-01,8.7930283087e-02,2.0985500600e-01,2.5110493337e-01,2.0049475908e-01,4.5287382677e+00
2.0800000000e+02,2.8651933502e-02,2.0770474473e-02,1.9952893174e-01,9.2202601409e-02,2.0598456241e-01,2.5591940772e-01,1.9694208874e-01,4.5307727220e+00
2.0850000000e+02,2.8124569332e-02,2.1159809987e-02,1.9880966611e-01,9.6552361594e-02,2.0186200781e-01,2.5814366644e-01,1.9534791873e-01,4.5397661440e+00
2.0900000000e+02,2.7487304042e-02,2.1392656735e-02,1.9852353804e-01,1.0124741159e-01,1.9744277704e-01,2.6215192077e-01,1.9175439178e-01,4.5439647272e+00
2.0950000000e+02,2.7180256803e-02,2.1443915729e-02,1.9995162092e-01,1.0608954710e-01,1.9053967369e-01,2.6693947679e-01,1.8785550897e-01,4.5473776868e+00
2.1000000000e+02,2.6882136728e-02,2.1477085359e-02,1.9811313854e-01,1.0999613755e-01,1.8706215014e-01,2.7126229911e-01,1.8520705258e-01,4.5514105086e+00
2.1050000000e+02,2.6485783419e-02,2.1522499286e-02,1.9943362111e-01,1.1495006649e-01,1.8330832405e-01,2.7393435263e-01,1.8036535301e-01,4.5499238250e+00
2.1100000000e+02,2.5962985641e-02,2.1574032328e-02,2.0013507290e-01,1.1913537585e-01,1.7956191005e-01,2.7826330444e-01,1.7536731879e-01,4.5396967739e+00
2.1150000000e+02,2.5777649363e-02,2.1832731905e-02,1.9744362558e-01,1.2521430760e-01,1.7444639892e-01,2.8294782396e-01,1.7233746267e-01,4.5474385347e+00
2.1200000000e+02,2.4978393272e-02,2.1916586963e-02,1.9719299388e-01,1.2956786521e-01,1.7113866807e-01,2.8761692489e-01,1.6758856771e-01,4.5340799720e+00
2.1250000000e+02,2.4551423591e-02,2.2289333886e-02,1.9573772071e-01,1.3507901497e-01,1.6775447516e-01,2.8978112478e-01,1.6480690690e-01,4.5384248065e+00
2.1300000000e+02,2.4052045610e-02,2.2313295005e-02,1.9555270279e-01,1.4149489070e-01,1.6274681526e-01,2.9441382227e-01,1.5942642837e-01,4.5309027508e+00
2.1350000000e+02,2.3668853884e-02,2.2522203828e-02,1.9539436967e-01,1.4675254095e-01,1.5907120807e-01,2.9800861643e-01,1.5458220716e-01,4.5270646291e+00
2.1400000000e+02,2.3032141224e-02,2.2551269046e-02,1.9553509650e-01,1.5212529920e-01,1.5519194297e-01,2.9989593456e-01,1.5166831651e-01,4.5188023410e+00
2.1450000000e+02,2.2353108126e-02,2.2561201512e-02,1.9480080704e-01,1.5718001778e-01,1.5145708805e-01,3.0407449669e-01,1.4757328079e-01,4.4980416976e+00
2.1500000000e+02,2.1901116609e-02,2.2704607926e-02,1.9471687628e-01,1.6187134673e-01,1.4715588940e-01,3.0691821718e-01,1.4473194587e-01,4.4808269936e+00
2.1550000000e+02,2.1389611089e-02,2.2906839323e-02,1.9323529519e-01,1.6639932851e-01,1.4295059399e-01,3.1186443857e-01,1.4125389332e-01,4.4672465781e+00
2.1600000000e+02,2.1156467662e-02,2.2995843722e-02,1.9186595484e-01,1.7238134652e-01,1.3842512593e-01,3.1355055432e-01,1.3962470700e-01,4.4627052197e+00
2.1650000000e+02,2.0750679994e-02,2.3048993262e-02,1.9222073445e-01,1.7814680272e-01,1.3478709474e-01,3.1458680686e-01,1.3645888798e-01,4.4496098775e+00
2.1700000000e+02,2.0316576810e-02,2.3448969811e-02,1.9321806423e-01,1.8219331796e-01,1.3041623111e-01,3.1659202569e-01,1.3381481440e-01,4.4375568178e+00
2.1750000000e+02,1.9946424970e-02,2.3706472692e-02,1.9162345114e-01,1.8739460209e-01,1.2762566126e-01,3.1938676785e-01,1.3031661999e-01,4.4280115793e+00
2.1800000000e+02,1.9671151044e-02,2.3702032840e-02,1.9150502526e-01,1.9128226227e-01,1.2374713394e-01,3.2232071186e-01,1.2777168279e-01,4.4125093741e+00
2.1850000000e+02,1.9262819830e-02,2.3748805325e-02,1.8958556597e-01,1.9603520187e-01,1.1993799054e-01,3.2529020992e-01,1.2613940655e-01,4.3956844824e+00
2.1900000000e+02,1.8933589153e-02,2.3661554290e-02,1.8924146590e-01,2.0204385650e-01,1.1669969094e-01,3.2737608274e-01,1.2204376047e-01,4.3757517604e+00
2.1950000000e+02,1.8521780053e-02,2.3410619094e-02,1.8771642936e-01,2.0694637208e-01,1.1426257798e-01,3.2938491016e-01,1.1975731126e-01,4.3547765558e+00
2.2000000000e+02,1.8068748772e-02,2.3397069282e-02,1.8552449700e-01,2.1256123779e-01,1.1057189217e-01,3.3253702129e-01,1.1733953370e-01,4.3363217153e+00
2.2050000000e+02,1.7564924724e-02,2.3358614238e-02,1.8472540199e-01,2.1948026168e-01,1.0646178015e-01,3.3282121694e-01,1.1558780027e-01,4.3145938076e+00
2.2100000000e+02,1.7267523530e-02,2.3364718328e-02,1.8352467582e-01,2.2465210258e-01,1.0436265617e-01,3.3297235303e-01,1.1385597054e-01,4.3027663902e+00
2.2150000000e+02,1.6906235152e-02,2.3188030118e-02,1.8341816269e-01,2.3053086318e-01,1.0001431590e-01,3.3387094322e-01,1.1207144975e-01,4.2757018904e+00
2.2200000000e+02,1.6705973878e-02,2.3338292058e-02,1.8115923444e-01,2.3473635372e-01,9.7348191613e-02,3.3670487099e-01,1.1000708329e-01,4.2582309970e+00
2.2250000000e+02,1.6558052814e-02,2.3499843970e-02,1.7877107190e-01,2.4063966947e-01,9.4970401807e-02,3.3761211529e-01,1.0794884475e-01,4.2468486086e+00
2.2300000000e+02,1.6232453291e-02,2.3715823814e-02,1.7736626119e-01,2.4640578087e-01,9.3149733301e-02,3.3643671785e-01,1.0669322968e-01,4.2356177155e+00
2.2350000000e+02,1.5882082950e-02,2.3630980400e-02,1.7419757486e-01,2.5173270051e-01,9.1185680731e-02,3.3735017645e-01,1.0602080410e-01,4.2186464346e+00
2.2400000000e+02,1.5737603383e-02,2.3544221800e-02,1.7304707020e-01,2.5727978301e-01,8.9099235893e-02,3.3676736752e-01,1.0452471820e-01,4.1976557287e+00
2.2450000000e+02,1.5527149116e-02,2.3327219407e-02,1.7191470866e-01,2.6172110973e-01,8.6208406635e-02,3.3806048613e-01,1.0324092032e-01,4.1783710267e+00
2.2500000000e+02,1.5382802304e-02,2.3182048292e-02,1.7066579394e-01,2.6628564302e-01,8.4494252648e-02,3.3894184391e-01,1.0104761588e-01,4.1576543750e+00
2.2550000000e+02,1.5243833735e-02,2.2899142207e-02,1.6888716743e-01,2.7198779799e-01,8.2324400397e-02,3.4001474231e-01,9.8642915932e-02,4.1387505840e+00
2.2600000000e+02,1.5094693347e-02,2.2634028536e-02,1.6623931326e-01,2.7732655353e-01,8.0866104811e-02,3.4075920119e-01,9.7080105330e-02,4.1122579380e+00
2.2650000000e+02,1.4996779636e-02,2.2280173592e-02,1.6407917872e-01,2.8265954838e-01,7.9158939243e-02,3.4234244271e-01,9.4482937718e-02,4.0911718817e+00
2.2700000000e+02,1.4710878432e-02,2.2133874699e-02,1.6321346853e-01,2.8666005763e-01,7.6868269865e-02,3.4322580250e-01,9.3187648348e-02,4.0684596701e+00
2.2750000000e+02,1.4591817771e-02,2.2045615151e-02,1.6266684607e-01,2.8981580121e-01,7.5672105491e-02,3.4295394004e-01,9.2253874267e-02,4.0509839152e+00
2.2800000000e+02,1.4505241993e-02,2.1970144864e-02,1.6055779341e-01,2.9540760689e-01,7.4229412847e-02,3.4221118422e-01,9.1118615766e-02,4.0298539423e+00
2.2850000000e+02,1.4435293972e-02,2.1843689362e-02,1.5781860375e-01,3.0079870250e-01,7.2976790131e-02,3.4249921228e-01,8.9627708006e-02,4.0070677096e+00
2.2900000000e+02,1.4235689635e-02,2.1814043927e-02,1.5633632517e-01,3.0729897365e-01,7.0512525169e-02,3.4150979788e-01,8.8292644575e-02,3.9794670126e+00
2.2950000000e+02,1.4189130493e-02,2.1793168684e-02,1.5632007160e-01,3.1056156839e-01,6.9258628399e-02,3.4093613619e-01,8.6941296249e-02,3.9684120008e+00
2.3000000000e+02,1.4125111843e-02,2.1578924311e-02,1.5390103159e-01,3.1562355555e-01,6.7492071555e-02,3.4208083946e-01,8.5198465691e-02,3.9479963255e+00
2.3050000000e+02,1.4032175209e-02,2.1399036656e-02,1.5218648978e-01,3.1978965512e-01,6.5835669952e-02,3.4264988500e-01,8.4107088276e-02,3.9268822059e+00
2.3100000000e+02,1.3990701783e-02,2.1246150792e-02,1.5165288017e-01,3.2347633773e-01,6.4616498571e-02,3.4166077959e-01,8.3356651365e-02,3.9064049357e+00
2.3150000000e+02,1.3976136219e-02,2.1118252400e-02,1.5003291844e-01,3.2625081971e-01,6.4229550851e-02,3.4226479903e-01,8.2127523349e-02,3.8875081291e+00
2.3200000000e+02,1.3993367007e-02,2.0629430534e-02,1.4801473246e-01,3.3040771368e-01,6.3301232194e-02,3.4244131008e-01,8.1212214046e-02,3.8700823479e+00
2.3250000000e+02,1.3974293737e-02,2.0507064227e-02,1.4622324615e-01,3.3396360425e-01,6.3000425637e-02,3.4212122055e-01,8.0210145444e-02,3.8558957529e+00
2.3300000000e+02,1.4005047963e-02,2.0235997645e-02,1.4243784479e-01,3.4010077937e-01,6.2876277281e-02,3.4094798965e-01,7.9396063297e-02,3.8357772478e+00
2.3350000000e+02,1.3990704358e-02,1.9819419417e-02,1.3942376562e-01,3.4739199413e-01,6.2496277922e-02,3.3884642908e-01,7.8031409463e-02,3.8150906112e+00
2.3400000000e+02,1.4122032002e-02,1.9249653460e-02,1.3630987873e-01,3.5264383692e-01,6.2568545802e-02,3.3741911969e-01,7.7686933389e-02,3.7967280103e+00
2.3450000000e+02,1.4201074153e-02,1.8701245902e-02,1.3375336442e-01,3.5960341839e-01,6.2470835863e-02,3.3462970330e-01,7.6640357965e-02,3.7753166886e+00
2.3500000000e+02,1.4537077388e-02,1.8385831183e-02,1.3259757809e-01,3.6275568949e-01,6.1911989727e-02,3.3326020669e-01,7.6551627432e-02,3.7732994839e+00
2.3550000000e+02,1.4797457094e-02,1.8158712941e-02,1.3229712510e-01,3.6315937662e-01,6.1831750251e-02,3.3350800494e-01,7.6247573055e-02,3.7680762528e+00
2.3600000000e+02,1.5012280750e-02,1.7832801292e-02,1.2974052340e-01,3.6900941932e-01,6.2125919203e-02,3.3049949727e-01,7.5779558766e-02,3.7585939848e+00
2.3650000000e+02,1.5189503072e-02,1.7397353085e-02,1.2773333649e-01,3.7239513148e-01,6.2234674019e-02,3.2867164573e-01,7.6378356121e-02,3.7430244274e+00
2.3700000000e+02,1.5376212345e-02,1.6953307494e-02,1.2565440448e-01,3.7301373173e-01,6.3270403269e-02,3.2858885428e-01,7.7143086404e-02,3.7382777010e+00
2.3750000000e+02,1.5491754353e-02,1.6511433589e-02,1.2272827284e-01,3.7711143662e-01,6.3891883829e-02,3.2662079702e-01,7.7644421749e-02,3.7254384602e+00
2.3800000000e+02,1.5655434383e-02,1.6084031158e-02,1.2199363710e-01,3.7820812760e-01,6.4322914529e-02,3.2650172174e-01,7.7234133493e-02,3.7105142531e+00
2.3850000000e+02,1.5866843406e-02,1.5705187502e-02,1.2066484503e-01,3.8136666299e-01,6.4466881612e-02,3.2432358037e-01,7.7605999088e-02,3.7038053853e+00
2.3900000000e+02,1.6221517358e-02,1.5341361148e-02,1.1971359149e-01,3.8403694518e-01,6.5043597217e-02,3.2202520020e-01,7.7617787414e-02,3.7007938962e+00
2.3950000000e+02,1.6491862740e-02,1.4923313890e-02,1.1723967506e-01,3.8991563382e-01,6.5817072861e-02,3.1817295321e-01,7.7439488414e-02,3.6911912474e+00
2.4000000000e+02,1.6628575321e-02,1.4369490987e-02,1.1517206794e-01,3.9442517619e-01,6.5685246215e-02,3.1610796891e-01,7.7611474446e-02,3.6750263117e+00
2.4050000000e+02,1.7090764671e-02,1.4023644830e-02,1.1422585436e-01,3.9713971192e-01,6.5927397428e-02,3.1324087060e-01,7.8351756184e-02,3.6708704994e+00
2.4100000000e+02,1.7513861147e-02,1.3716188614e-02,1.1155636767e-01,3.9936650442e-01,6.6946085050e-02,3.1177105500e-01,7.9129938094e-02,3.6683957535e+00
2.4150000000e+02,1.7742204348e-02,1.3297761146e-02,1.0903137194e-01,4.0428184466e-01,6.7859879857e-02,3.0787633473e-01,7.9910603315e-02,3.6592443434e+00
2.4200000000e+02,1.8145736829e-02,1.2757656986e-02,1.0716057643e-01,4.0868814175e-01,6.7936169002e-02,3.0513994532e-01,8.0171773687e-02,3.6451698187e+00
2.4250000000e+02,1.8431954343e-02,1.2321922191e-02,1.0469317864e-01,4.1249067774e-01,6.8821404331e-02,3.0238393061e-01,8.0856932154e-02,3.6353887712e+00
2.4300000000e+02,1.8795123730e-02,1.1950522767e-02,1.0396390436e-01,4.1525940189e-01,6.9556435422e-02,2.9892998585e-01,8.1544625985e-02,3.6287768016e+00
2.4350000000e+02,1.9103595349e-02,1.1498235360e-02,1.0157484896e-01,4.1832179935e-01,7.0259187844e-02,2.9681531042e-01,8.2427022716e-02,3.6141551243e+00
2.4400000000e+02,1.9235866591e-02,1.1141625517e-02,9.9121167423e-02,4.2134872951e-01,7.1163939072e-02,2.9476855254e-01,8.3220119344e-02,3.5950410875e+00
2.4450000000e+02,1.9581528214e-02,1.0630973137e-02,9.7808464887e-02,4.2428474059e-01,7.1559748050e-02,2.9230595520e-01,8.3828589925e-02,3.5844202459e+00
2.4500000000e+02,1.9744589894e-02,1.0261985821e-02,9.7308285497e-02,4.2587932643e-01,7.3082447134e-02,2.9002393814e-01,8.3699427087e-02,3.5704073954e+00
2.4550000000e+02,1.9892207393e-02,9.9340716074e-03,9.4934173150e-02,4.2816510142e-01,7.4102939589e-02,2.8882236989e-01,8.4149136953e-02,3.5572254184e+00
2.4600000000e+02,2.0373944657e-02,9.5403324423e-03,9.2815066009e-02,4.2944475476e-01,7.4901500365e-02,2.8762285817e-01,8.5301543590e-02,3.5502413087e+00
2.4650000000e+02,2.0808070048e-02,9.2740598183e-03,9.1065629675e-02,4.3050194393e-01,7.5704181908e-02,2.8574562759e-01,8.6900487027e-02,3.5401898246e+00
2.4700000000e+02,2.1369859733e-02,8.9981884497e-03,9.0533981579e-02,4.3012811970e-01,7.6856692778e-02,2.8383976610e-01,8.8273391666e-02,3.5339298995e+00
2.4750000000e+02,2.1889884066e-02,8.6724434735e-03,8.8468344341e-02,4.3181977796e-01,7.7603243828e-02,2.8216290615e-01,8.9383400184e-02,3.5186819827e+00
2.4800000000e+02,2.2348896656e-02,8.3585836692e-03,8.6447880891e-02,4.3609149582e-01,7.9158534428e-02,2.7759444689e-01,9.0000161648e-02,3.5076642467e+00
2.4850000000e+02,2.2640607608e-02,8.0084761370e-03,8.4813440440e-02,4.3844267804e-01,7.9795413696e-02,2.7534429814e-01,9.0955085940e-02,3.4856996634e+00
2.4900000000e+02,2.3084625600e-02,7.8248097023e-03,8.3220858760e-02,4.4281866498e-01,8.0623070462e-02,2.7127969136e-01,9.1148279137e-02,3.4710918451e+00
2.4950000000e+02,2.3457076289e-02,7.5734325683e-03,8.1525806993e-02,4.4799082313e-01,8.1690884635e-02,2.6612875235e-01,9.1633224033e-02,3.4541377380e+00
2.5000000000e+02,2.3859711159e-02,7.2986107629e-03,8.0523761397e-02,4.5038921097e-01,8.3647325367e-02,2.6206493350e-01,9.2216446849e-02,3.4476867893e+00
2.5050000000e+02,2.4211823761e-02,6.9638275812e-03,7.8979621008e-02,4.5395203366e-01,8.3714573035e-02,2.5981757452e-01,9.2360546431e-02,3.4250149251e+00
2.5100000000e+02,2.4377113036e-02,6.6837086872e-03,7.7647222179e-02,4.5939908737e-01,8.3871145115e-02,2.5551151869e-01,9.2510204921e-02,3.3939039377e+00
2.5150000000e+02,2.4386963703e-02,6.4383241463e-03,7.5389931156e-02,4.6358041917e-01,8.4604513339e-02,2.5284697906e-01,9.2752869422e-02,3.3679021260e+00
2.5200000000e+02,2.4522848868e-02,6.1762223667e-03,7.2577378987e-02,4.6859707992e-01,8.4059829356e-02,2.5066221795e-01,9.3404422554e-02,3.3336729727e+00
2.5250000000e+02,2.4752510938e-02,5.9204380996e-03,7.1165488933e-02,4.7262385103e-01,8.4212364609e-02,2.4750100635e-01,9.3824340039e-02,3.3052881058e+00
2.5300000000e+02,2.5006059034e-02,5.7409183571e-03,6.9577773393e-02,4.7557005734e-01,8.4582366349e-02,2.4476117107e-01,9.4761654451e-02,3.2838875427e+00
2.5350000000e+02,2.5379878574e-02,5.5926921546e-03,6.7748654439e-02,4.7893168949e-01,8.5157204858e-02,2.4232160431e-01,9.4868276175e-02,3.2677120770e+00
2.5400000000e+02,2.5917026314e-02,5.4719453001e-03,6.5633129949e-02,4.8266780758e-01,8.5085289269e-02,2.3936326702e-01,9.5861534569e-02,3.2509872297e+00
2.5450000000e+02,2.6509471696e-02,5.3974976453e-03,6.4329209154e-02,4.8614924201e-01,8.7150014562e-02,2.3365972601e-01,9.6804838925e-02,3.2378639732e+00
2.5500000000e+02,2.6860304171e-02,5.3012968172e-03,6.3743480561e-02,4.8794451551e-01,8.7596669103e-02,2.3020672284e-01,9.8347011004e-02,3.2224261015e+00
2.5550000000e+02,2.7064665673e-02,5.1621901436e-03,6.2150649894e-02,4.9090221519e-01,8.6847012730e-02,2.2931760688e-01,9.8555659493e-02,3.1933315821e+00
2.5600000000e+02,2.7255475813e-02,4.9873192604e-03,6.1257995565e-02,4.9262663036e-01,8.6691436827e-02,2.2734913661e-01,9.9832005561e-02,3.1718930032e+00
2.5650000000e+02,2.7569404586e-02,4.9259504171e-03,6.0443652500e-02,4.9659209304e-01,8.7093515147e-02,2.2247603916e-01,1.0089934515e-01,3.1569482213e+00
2.5700000000e+02,2.7810359222e-02,4.7928187585e-03,5.9197709288e-02,5.0344989247e-01,8.6297028551e-02,2.1787550497e-01,1.0057668674e-01,3.1306619768e+00
2.5750000000e+02,2.8296759540e-02,4.6758669475e-03,5.7656493679e-02,5.0514650978e-01,8.6479384743e-02,2.1745699749e-01,1.0028798782e-01,3.1118411232e+00
2.5800000000e+02,2.8954851372e-02,4.6387599681e-03,5.6936493491e-02,5.0652810489e-01,8.7144317161e-02,2.1444839517e-01,1.0134907795e-01,3.1051395619e+00
2.5850000000e+02,2.8785246872e-02,4.6068521365e-03,5.5506161932e-02,5.1152239397e-01,8.6629721238e-02,2.1197840447e-01,1.0097121938e-01,3.0787994037e+00
2.5900000000e+02,2.8954577646e-02,4.5621470430e-03,5.4306784702e-02,5.1712854978e-01,8.7169758848e-02,2.0648568571e-01,1.0139249628e-01,3.0643017686e+00
2.5950000000e+02,2.8996686867e-02,4.5793911628e-03,5.3251029757e-02,5.2335446981e-01,8.6482698694e-02,2.0283992448e-01,1.0049579923e-01,3.0462241918e+00
2.6000000000e+02,2.9041284460e-02,4.6055426699e-03,5.1801849375e-02,5.2947636561e-01,8.5947510366e-02,2.0030657321e-01,9.8820874315e-02,3.0189239111e+00
2.6050000000e+02,2.9325292640e-02,4.6750608506e-03,5.0625145922e-02,5.3311945041e-01,8.6240727143e-02,1.9592748450e-01,1.0008683854e-01,3.0128828647e+00
2.6100000000e+02,2.9607025904e-02,4.6513194617e-03,5.0083214299e-02,5.3506313698e-01,8.5224947772e-02,1.9457356197e-01,1.0079679361e-01,3.0018961379e+00
2.6150000000e+02,2.9703550828e-02,4.6923791984e-03,4.9444514073e-02,5.3771708047e-01,8.4498302195e-02,1.9276212145e-01,1.0118205178e-01,2.9882703427e+00
2.6200000000e+02,2.9893240509e-02,4.6965527975e-03,4.8624712628e-02,5.3960216986e-01,8.4583455667e-02,1.9059650700e-01,1.0200336154e-01,2.9796359275e+00
2.6250000000e+02,2.9911774441e-02,4.7388035284e-03,4.8229969111e-02,5.4457731993e-01,8.3855626246e-02,1.8654160218e-01,1.0214490457e-01,2.9636303685e+00
2.6300000000e+02,3.0093776193e-02,4.7515674748e-03,4.7608214330e-02,5.4913084952e-01,8.3741097761e-02,1.8265068339e-01,1.0202381134e-01,2.9514270077e+00
2.6350000000e+02,3.0401604605e-02,4.8813451923e-03,4.6725976242e-02,5.5266950525e-01,8.3806135127e-02,1.7910600862e-01,1.0240942496e-01,2.9468697499e+00
2.6400000000e+02,3.0320156092e-02,5.0165336332e-03,4.5987993152e-02,5.5807618719e-01,8.3247997116e-02,1.7504059130e-01,1.0231054151e-01,2.9300341373e+00
2.6450000000e+02,3.0420125344e-02,5.0564029800e-03,4.5522619773e-02,5.6115283108e-01,8.3095888307e-02,1.7317638021e-01,1.0157575231e-01,2.9152292097e+00
2.6500000000e+02,3.0331204626e-02,5.1582829705e-03,4.4983000882e-02,5.6590955265e-01,8.2919418659e-02,1.6985941833e-01,1.0083912188e-01,2.9006586081e+00
2.6550000000e+02,3.0852790957e-02,5.2949375242e-03,4.4764897487e-02,5.6821573325e-01,8.2625511378e-02,1.6749124751e-01,1.0075488189e-01,2.8925224219e+00
2.6600000000e+02,3.0886787003e-02,5.4523587867e-03,4.4838873057e-02,5.7032543546e-01,8.2510285001e-02,1.6613313148e-01,9.9853129217e-02,2.8837132977e+00
2.6650000000e+02,3.0822006613e-02,5.5593450655e-03,4.4959265979e-02,5.7449329592e-01,8.2380308261e-02,1.6215947930e-01,9.9626298866e-02,2.8769598561e+00
2.6700000000e+02,3.0788379457e-02,5.6470560047e-03,4.4994771622e-02,5.7949606601e-01,8.0846877869e-02,1.5929550220e-01,9.8931346841e-02,2.8596609327e+00
2.6750000000e+02,3.0838591864e-02,5.7994252998e-03,4.5093075601e-02,5.8283837670e-01,8.0327401426e-02,1.5652479003e-01,9.8578339075e-02,2.8513287527e+00
2.6800000000e+02,3.0721384343e-02,5.9596627929e-03,4.4885710168e-02,5.8715900153e-01,8.0396969760e-02,1.5296562470e-01,9.7911646710e-02,2.8443099393e+00
2.6850000000e+02,3.0534463320e-02,6.1125470593e-03,4.5674977916e-02,5.8756082387e-01,7.9388550990e-02,1.5189951687e-01,9.8829119980e-02,2.8368340871e+00
2.6900000000e+02,3.0404132591e-02,6.2510889504e-03,4.5490961647e-02,5.9292316937e-01,7.6863689329e-02,1.5012662331e-01,9.7940334801e-02,2.8152464592e+00
2.6950000000e+02,3.0238930542e-02,6.3725064561e-03,4.5530476916e-02,5.9663994334e-01,7.6541494606e-02,1.4677203063e-01,9.7904617512e-02,2.8013654169e+00
2.7000000000e+02,2.9947746877e-02,6.4940878716e-03,4.5897583211e-02,5.9842171941e-01,7.5251263104e-02,1.4557519226e-01,9.8412407260e-02,2.7914575100e+00
2.7050000000e+02,2.9868928160e-02,6.6746211071e-03,4.6514304829e-02,6.0123686195e-01,7.5012279961e-02,1.4238872971e-01,9.8304274275e-02,2.7797624426e+00
2.7100000000e+02,2.9522116091e-02,6.8801039399e-03,4.6891422433e-02,6.0494519514e-01,7.3860408532e-02,1.4040324458e-01,9.7497509282e-02,2.7617232846e+00
2.7150000000e+02,2.9464743485e-02,7.0852359863e-03,4.7736000201e-02,6.0730661384e-01,7.3668870119e-02,1.3818899127e-01,9.6549545090e-02,2.7560783713e+00
2.7200000000e+02,2.9135648508e-02,7.2252313913e-03,4.8445790925e-02,6.1069034084e-01,7.2328399773e-02,1.3694929454e-01,9.5225294024e-02,2.7364482413e+00
2.7250000000e+02,2.8860763632e-02,7.3984508470e-03,4.9282040532e-02,6.1489046768e-01,7.1487418155e-02,1.3456539259e-01,9.3515466563e-02,2.7173707440e+00
2.7300000000e+02,2.9113762018e-02,7.7296717125e-03,5.0162260533e-02,6.1569959545e-01,7.1160160300e-02,1.3229280636e-01,9.3841743625e-02,2.7123320156e+00
2.7350000000e+02,2.9053258089e-02,7.9559424335e-03,5.1257969369e-02,6.1656674928e-01,7.1024796316e-02,1.3030725132e-01,9.3834033202e-02,2.7053675332e+00
2.7400000000e+02,2.8586070127e-02,8.1193036458e-03,5.1588044152e-02,6.1924760557e-01,7.0675004784e-02,1.2727195547e-01,9.4512016252e-02,2.6864935767e+00
2.7450000000e+02,2.8320698993e-02,8.3160694061e-03,5.2004956789e-02,6.2308683471e-01,6.9666348638e-02,1.2502876833e-01,9.3576323134e-02,2.6714599218e+00
2.7500000000e+02,2.8041830762e-02,8.5484524330e-03,5.2812499821e-02,6.2602658530e-01,6.9060954046e-02,1.2243585436e-01,9.3073823274e-02,2.6503977796e+00
2.7550000000e+02,2.7840358527e-02,8.7145481173e-03,5.3486257386e-02,6.2777276502e-01,6.9263393087e-02,1.2009699121e-01,9.2825686653e-02,2.6340822873e+00
2.7600000000e+02,2.7431594678e-02,8.9016959806e-03,5.4399471388e-02,6.2903846075e-01,6.9153533306e-02,1.1881029708e-01,9.2264946821e-02,2.6181710963e+00
2.7650000000e+02,2.7244335297e-02,9.2554284198e-03,5.5556310384e-02,6.3207157566e-01,6.8817632339e-02,1.1590916909e-01,9.1145548811e-02,2.6040102034e+00
2.7700000000e+02,2.6857416502e-02,9.2768599017e-03,5.6476410255e-02,6.3484581201e-01,6.8224162630e-02,1.1340630300e-01,9.0913035695e-02,2.5835803389e+00
2.7750000000e+02,2.6634241144e-02,9.4418393449e-03,5.7460042588e-02,6.3606610510e-01,6.7930214940e-02,1.1082782664e-01,9.1639730237e-02,2.5667918796e+00
2.7800000000e+02,2.6315729979e-02,9.7194198815e-03,5.8578653424e-02,6.3741779956e-01,6.7529766315e-02,1.0879943015e-01,9.1639200690e-02,2.5530785931e+00
2.7850000000e+02,2.6028912252e-02,1.0019552706e-02,6.0331273686e-02,6.3596104992e-01,6.7462052290e-02,1.0709391232e-01,9.3103246832e-02,2.5503325730e+00
2.7900000000e+02,2.5664363330e-02,1.0305868296e-02,6.2109189949e-02,6.3426759673e-01,6.7780674025e-02,1.0564321069e-01,9.4229096980e-02,2.5460108124e+00
2.7950000000e+02,2.5446934334e-02,1.0539709706e-02,6.2957778734e-02,6.3555882345e-01,6.7994959378e-02,1.0376220976e-01,9.3739584631e-02,2.5310015526e+00
2.8000000000e+02,2.5059633302e-02,1.0713523412e-02,6.3908203343e-02,6.3914169748e-01,6.7147932146e-02,1.0124922706e-01,9.2779783255e-02,2.5085885521e+00
2.8050000000e+02,2.4696429431e-02,1.1005686300e-02,6.5069983132e-02,6.4023057827e-01,6.7854141467e-02,9.8264727471e-02,9.2878453928e-02,2.4948931032e+00
2.8100000000e+02,2.4186757372e-02,1.1141756876e-02,6.6148988632e-02,6.4170036068e-01,6.8680860116e-02,9.5633769831e-02,9.2507506495e-02,2.4751217306e+00
2.8150000000e+02,2.3976857445e-02,1.1155776083e-02,6.8118426861e-02,6.4234911081e-01,6.8414037430e-02,9.4264074613e-02,9.1721716761e-02,2.4644995065e+00
2.8200000000e+02,2.3459792304e-02,1.1306450013e-02,6.9208830307e-02,6.4387541976e-01,6.9125939822e-02,9.1655607361e-02,9.1367960428e-02,2.4517731521e+00
2.8250000000e+02,2.3059512363e-02,1.1461285561e-02,7.1165675224e-02,6.4421924086e-01,6.9971696368e-02,8.9333265709e-02,9.0789323920e-02,2.4502900354e+00
2.8300000000e+02,2.2808996417e-02,1.1677267138e-02,7.2283151261e-02,6.4348582740e-01,7.1084984635e-02,8.7291896489e-02,9.1367876663e-02,2.4629345294e+00
2.8350000000e+02,2.2076568567e-02,1.1631034969e-02,7.3031067221e-02,6.4630507798e-01,7.1380296453e-02,8.5931596539e-02,8.9644358269e-02,2.4629403762e+00
2.8400000000e+02,2.1653596478e-02,1.1690834537e-02,7.5126819504e-02,6.4547402712e-01,7.1657861418e-02,8.4301139583e-02,9.0095721361e-02,2.4754797736e+00
2.8450000000e+02,2.1149786589e-02,1.1726508551e-02,7.6789620052e-02,6.4424401778e-01,7.2442380630e-02,8.3764403367e-02,8.9883283030e-02,2.4880901744e+00
2.8500000000e+02,2.0911319078e-02,1.1929411030e-02,7.8117621214e-02,6.4250924838e-01,7.2350770573e-02,8.3401209255e-02,9.0780420473e-02,2.5062077456e+00
2.8550000000e+02,2.0603129976e-02,1.2133771496e-02,7.8518561663e-02,6.4338465340e-01,7.3384474273e-02,8.1322765666e-02,9.0652643522e-02,2.5186270037e+00
2.8600000000e+02,2.0268024597e-02,1.2230070876e-02,7.9905009702e-02,6.4402200600e-01,7.4964819330e-02,7.8331363753e-02,9.0278705740e-02,2.5294154744e+00
2.8650000000e+02,2.0116586114e-02,1.2321787481e-02,8.2450481180e-02,6.4017229052e-01,7.6579063326e-02,7.7542106489e-02,9.0817684885e-02,2.5526804757e+00
2.8700000000e+02,1.9851825344e-02,1.2526773568e-02,8.4133710042e-02,6.3837778165e-01,7.8529004205e-02,7.6211010264e-02,9.0369894923e-02,2.5740573334e+00
2.8750000000e+02,1.9275226246e-02,1.2666129102e-02,8.5910454802e-02,6.3605491248e-01,8.0339879142e-02,7.5294159405e-02,9.0459238817e-02,2.5889015080e+00
2.8800000000e+02,1.9074165305e-02,1.2961134670e-02,8.6992863358e-02,6.3401932170e-01,8.1861651444e-02,7.3461888414e-02,9.1628975107e-02,2.6127791281e+00
2.8850000000e+02,1.8880646946e-02,1.3133127472e-02,8.8058280464e-02,6.3196565371e-01,8.3486060252e-02,7.2168320418e-02,9.2307910734e-02,2.6383470877e+00
2.8900000000e+02,1.8679600378e-02,1.3194746141e-02,8.9384324727e-02,6.2897540760e-01,8.5399258588e-02,7.0565551854e-02,9.3801110709e-02,2.6652155637e+00
2.8950000000e+02,1.8298717666e-02,1.3409241298e-02,9.0040843777e-02,6.2775063616e-01,8.7121952796e-02,6.8494271306e-02,9.4884336992e-02,2.6829398613e+00
2.9000000000e+02,1.7960712158e-02,1.3626503941e-02,9.0805874568e-02,6.2525259241e-01,8.9648671227e-02,6.6274775838e-02,9.6430869860e-02,2.7022301716e+00
2.9050000000e+02,1.7576980916e-02,1.3795035662e-02,9.3533437617e-02,6.2265398313e-01,9.2114411448e-02,6.4032796988e-02,9.6293354240e-02,2.7262786185e+00
2.9100000000e+02,1.7292525077e-02,1.3815474462e-02,9.4778816518e-02,6.2028960710e-01,9.3575022999e-02,6.3014733809e-02,9.7233820039e-02,2.7474827293e+00
2.9150000000e+02,1.6948652419e-02,1.3950658657e-02,9.5915084699e-02,6.1928074738e-01,9.5451060701e-02,6.1494814765e-02,9.6958981375e-02,2.7685075061e+00
2.9200000000e+02,1.6559412438e-02,1.3771606327e-02,9.6859341800e-02,6.1802793858e-01,9.8171911831e-02,5.9762321843e-02,9.6847467186e-02,2.7796001842e+00
2.9250000000e+02,1.6365247395e-02,1.3782976203e-02,9.7074106844e-02,6.1626623746e-01,1.0120832159e-01,5.7408260886e-02,9.7894849617e-02,2.7976719444e+00
2.9300000000e+02,1.5869234720e-02,1.3798625089e-02,9.8088049690e-02,6.1345843023e-01,1.0321259295e-01,5.6608681083e-02,9.8964386233e-02,2.8218031081e+00
2.9350000000e+02,1.5356199164e-02,1.3783794608e-02,9.9664457823e-02,6.1001633055e-01,1.0576667997e-01,5.5610277193e-02,9.9802260700e-02,2.8426732080e+00
2.9400000000e+02,1.4891852560e-02,1.3976187078e-02,1.0072272209e-01,6.0956128726e-01,1.0704153416e-01,5.4062209768e-02,9.9744207088e-02,2.8659377309e+00
2.9450000000e+02,1.4450144049e-02,1.3918408211e-02,1.0300119684e-01,6.0611315423e-01,1.0863579572e-01,5.2797626600e-02,1.0108367435e-01,2.8933224276e+00
2.9500000000e+02,1.4138605634e-02,1.3950025757e-02,1.0486884940e-01,6.0097559203e-01,1.1156132206e-01,5.2004767998e-02,1.0250083711e-01,2.9235550789e+00
2.9550000000e+02,1.3845748205e-02,1.4077376235e-02,1.0720654345e-01,5.9593070243e-01,1.1456379507e-01,5.0873693498e-02,1.0350214112e-01,2.9479125158e+00
2.9600000000e+02,1.3546996238e-02,1.4165138245e-02,1.0890622363e-01,5.9293652044e-01,1.1758244075e-01,4.9117022815e-02,1.0374565788e-01,2.9611862114e+00
2.9650000000e+02,1.3220026337e-02,1.4185790042e-02,1.1091128782e-01,5.8682681551e-01,1.2068050795e-01,4.8486148669e-02,1.0568942366e-01,2.9830499013e+00
2.9700000000e+02,1.2954509253e-02,1.4189263865e-02,1.1292203221e-01,5.8183128325e-01,1.2426752973e-01,4.7198982797e-02,1.0663639889e-01,2.9979304095e+00
2.9750000000e+02,1.2669863237e-02,1.4234176498e-02,1.1410174397e-01,5.7799047617e-01,1.2716252143e-01,4.5960487211e-02,1.0788073148e-01,3.0160929572e+00
2.9800000000e+02,1.2340083379e-02,1.4387338044e-02,1.1571510541e-01,5.7220325798e-01,1.2967924477e-01,4.5082558412e-02,1.1059241201e-01,3.0381448515e+00
2.9850000000e+02,1.1930739653e-02,1.4470963247e-02,1.1809634696e-01,5.6954409361e-01,1.3268272250e-01,4.3227606047e-02,1.1004752797e-01,3.0446468997e+00
2.9900000000e+02,1.1695124316e-02,1.4671154056e-02,1.2004946063e-01,5.6533603591e-01,1.3507373191e-01,4.1754388405e-02,1.1142010477e-01,3.0632844046e+00
2.9950000000e+02,1.1333919091e-02,1.4688871948e-02,1.2150256888e-01,5.6317375259e-01,1.3549805465e-01,4.0835636614e-02,1.1296719623e-01,3.0780419399e+00
3.0000000000e+02,1.1011238904e-02,1.4712815427e-02,1.2235647788e-01,5.5919144274e-01,1.3914234524e-01,3.9723749635e-02,1.1386193018e-01,3.0936010399e+00
3.0050000000e+02,1.0753699590e-02,1.4855061004e-02,1.2292201704e-01,5.5612349166e-01,1.4119022400e-01,3.8740846966e-02,1.1541465974e-01,3.1112089418e+00
3.0100000000e+02,1.0555663679e-02,1.4932321372e-02,1.2455746363e-01,5.5080174582e-01,1.4437880718e-01,3.7813722648e-02,1.1696027567e-01,3.1355166145e+00
3.0150000000e+02,1.0301645894e-02,1.4899464485e-02,1.2541585976e-01,5.4734090570e-01,1.4664709593e-01,3.7062184929e-02,1.1833284330e-01,3.1462987925e+00
3.0200000000e+02,1.0019423272e-02,1.4836443431e-02,1.2640662975e-01,5.4375349385e-01,1.4866445028e-01,3.6494236086e-02,1.1982532334e-01,3.1615392249e+00
3.0250000000e+02,9.7265931519e-03,1.4754337574e-02,1.2779447143e-01,5.4071774685e-01,1.5082036628e-01,3.5233940548e-02,1.2095254416e-01,3.1705211686e+00
3.0300000000e+02,9.5981601232e-03,1.4940169411e-02,1.2844537733e-01,5.3601426599e-01,1.5426224403e-01,3.4314827734e-02,1.2242495538e-01,3.1819164905e+00
3.0350000000e+02,9.4090452761e-03,1.4974968037e-02,1.3047884737e-01,5.2849059707e-01,1.5834944069e-01,3.3813785269e-02,1.2448331628e-01,3.2062333791e+00
3.0400000000e+02,9.2068627686e-03,1.5054508431e-02,1.3348059976e-01,5.2366117424e-01,1.6045936271e-01,3.2720529947e-02,1.2541696214e-01,3.2254907290e+00
3.0450000000e+02,9.0142078404e-03,1.4886073500e-02,1.3366918819e-01,5.2024627477e-01,1.6410059085e-01,3.1673731638e-02,1.2640993321e-01,3.2301918091e+00
3.0500000000e+02,8.6999500686e-03,1.5120501219e-02,1.3408646604e-01,5.1781033595e-01,1.6591353830e-01,3.0635116117e-02,1.2773409230e-01,3.2291827166e+00
3.0550000000e+02,8.4312153730e-03,1.5147659205e-02,1.3585940123e-01,5.1282159328e-01,1.6835593905e-01,2.9849601500e-02,1.2953459037e-01,3.2389251972e+00
3.0600000000e+02,8.1665595676e-03,1.5195165841e-02,1.3727241692e-01,5.0638356455e-01,1.7201758886e-01,2.9411772773e-02,1.3155293148e-01,3.2527811180e+00
3.0650000000e+02,7.8746737615e-03,1.5085574867e-02,1.3821455522e-01,5.0242367990e-01,1.7416565352e-01,2.8683147183e-02,1.3355271555e-01,3.2668756142e+00
3.0700000000e+02,7.7314307127e-03,1.5118324692e-02,1.4003858735e-01,4.9731812969e-01,1.7700800291e-01,2.8122256510e-02,1.3466326814e-01,3.2769014653e+00
3.0750000000e+02,7.6190250877e-03,1.5051981090e-02,1.4280143256e-01,4.8999115263e-01,1.8056255872e-01,2.7501290234e-02,1.3647255968e-01,3.2929365948e+00
3.0800000000e+02,7.4835027299e-03,1.4920387802e-02,1.4399349264e-01,4.8450992149e-01,1.8465453417e-01,2.7037680377e-02,1.3740048079e-01,3.3009713866e+00
3.0850000000e+02,7.2723706165e-03,1.5001821665e-02,1.4435075771e-01,4.8057460915e-01,1.8679085869e-01,2.6643107135e-02,1.3936647504e-01,3.3081406898e+00
3.0900000000e+02,7.1500712759e-03,1.4879784072e-02,1.4444934946e-01,4.7515861828e-01,1.8947320543e-01,2.6415513125e-02,1.4247345835e-01,3.3151654996e+00
3.0950000000e+02,6.9099241409e-03,1.4907825002e-02,1.4642160881e-01,4.6998927351e-01,1.9239855447e-01,2.5679687521e-02,1.4369312655e-01,3.3197662921e+00
3.1000000000e+02,6.7630938406e-03,1.4789805169e-02,1.4802892255e-01,4.6567428370e-01,1.9440497128e-01,2.5216105479e-02,1.4512281798e-01,3.3220946584e+00
3.1050000000e+02,6.6810684344e-03,1.4670959225e-02,1.4979395203e-01,4.5901949950e-01,1.9724196088e-01,2.4987263352e-02,1.4760529658e-01,3.3307219993e+00
3.1100000000e+02,6.5629249723e-03,1.4706208977e-02,1.4986300554e-01,4.5418442893e-01,2.0030430587e-01,2.4675575685e-02,1.4970355003e-01,3.3440712930e+00
3.1150000000e+02,6.4424356879e-03,1.4724187178e-02,1.5068020279e-01,4.4895820420e-01,2.0278887528e-01,2.4537989120e-02,1.5186810574e-01,3.3647914750e+00
3.1200000000e+02,6.3499134940e-03,1.4604632789e-02,1.5189732094e-01,4.4191141545e-01,2.0819152217e-01,2.4238429256e-02,1.5280676590e-01,3.3764193876e+00
3.1250000000e+02,6.2209731724e-03,1.4688594688e-02,1.5358315276e-01,4.3734759302e-01,2.0993716940e-01,2.4114226141e-02,1.5410829082e-01,3.3814290605e+00
3.1300000000e+02,6.0753451890e-03,1.4459177022e-02,1.5396798142e-01,4.3283730964e-01,2.1296433892e-01,2.3823817151e-02,1.5587203067e-01,3.3845635814e+00
3.1350000000e+02,5.9707697402e-03,1.4429449026e-02,1.5417793184e-01,4.2601671643e-01,2.1629932825e-01,2.3695788034e-02,1.5941001668e-01,3.3973091989e+00
3.1400000000e+02,5.8851204664e-03,1.4396592584e-02,1.5390571815e-01,4.2150789660e-01,2.1828869074e-01,2.3592208687e-02,1.6242377277e-01,3.4042427133e+00
3.1450000000e+02,5.7955857485e-03,1.4370163185e-02,1.5482355309e-01,4.1435495029e-01,2.2171505441e-01,2.3579933121e-02,1.6536076016e-01,3.4139934813e+00
3.1500000000e+02,5.7728472140e-03,1.4503701945e-02,1.5537876538e-01,4.0731540213e-01,2.2585895553e-01,2.3252951568e-02,1.6791737624e-01,3.4237184041e+00
3.1550000000e+02,5.7404561814e-03,1.4492707459e-02,1.5534282183e-01,4.0245057524e-01,2.2928975090e-01,2.3186286491e-02,1.6949740190e-01,3.4352001768e+00
3.1600000000e+02,5.7038465884e-03,1.4458703303e-02,1.5604896312e-01,3.9705530782e-01,2.3246996055e-01,2.3343111585e-02,1.7092010704e-01,3.4422698274e+00
3.1650000000e+02,5.6307909363e-03,1.4520003153e-02,1.5629212980e-01,3.8928595040e-01,2.3750622792e-01,2.3555875695e-02,1.7320902209e-01,3.4555072983e+00
3.1700000000e+02,5.5890646692e-03,1.4504149862e-02,1.5931704621e-01,3.8015823767e-01,2.4038048601e-01,2.3669297225e-02,1.7638171836e-01,3.4732455467e+00
3.1750000000e+02,5.5142419113e-03,1.4442149467e-02,1.6076439675e-01,3.7475121536e-01,2.4248943311e-01,2.3900586578e-02,1.7813797683e-01,3.4822914844e+00
3.1800000000e+02,5.4048816152e-03,1.4418325645e-02,1.6145165918e-01,3.6975354737e-01,2.4416825355e-01,2.3812022631e-02,1.8099131001e-01,3.4858720661e+00
3.1850000000e+02,5.3708353656e-03,1.4291529118e-02,1.6125300712e-01,3.6579245274e-01,2.4579583957e-01,2.3978368252e-02,1.8351796784e-01,3.4955349843e+00
3.1900000000e+02,5.3404275036e-03,1.4345645032e-02,1.6217172440e-01,3.6086904457e-01,2.4675715620e-01,2.4251751288e-02,1.8626425101e-01,3.5011846552e+00
3.1950000000e+02,5.3018518998e-03,1.4291109222e-02,1.6226944678e-01,3.5798873311e-01,2.4794153175e-01,2.4437236858e-02,1.8777009039e-01,3.5060225827e+00
3.2000000000e+02,5.3019711988e-03,1.4233846311e-02,1.6204687094e-01,3.5348912359e-01,2.4932709669e-01,2.4774645531e-02,1.9082644574e-01,3.5177034540e+00
3.2050000000e+02,5.3664932604e-03,1.4210470832e-02,1.6294714622e-01,3.4765755938e-01,2.5271788774e-01,2.5453108817e-02,1.9164733375e-01,3.5283841071e+00
3.2100000000e+02,5.3402480517e-03,1.4237508392e-02,1.6383847856e-01,3.4427811684e-01,2.5382848812e-01,2.5707491687e-02,1.9276966835e-01,3.5299900311e+00
3.2150000000e+02,5.3636725449e-03,1.4031479582e-02,1.6555122328e-01,3.3803528976e-01,2.5647820881e-01,2.6112719941e-02,1.9442740608e-01,3.5358951541e+00
3.2200000000e+02,5.3107051048e-03,1.4007958400e-02,1.6698357339e-01,3.3151093140e-01,2.5785715629e-01,2.6521210622e-02,1.9780846480e-01,3.5440081622e+00
3.2250000000e+02,5.2420181087e-03,1.4173735890e-02,1.6717603978e-01,3.2650620598e-01,2.5846162422e-01,2.6920476670e-02,2.0151989935e-01,3.5510229229e+00
3.2300000000e+02,5.2304142343e-03,1.4077873374e-02,1.6750703414e-01,3.2322854274e-01,2.5975038786e-01,2.7761217003e-02,2.0244453066e-01,3.5560330608e+00
3.2350000000e+02,5.2776688149e-03,1.3935355702e-02,1.6825622562e-01,3.1908326571e-01,2.5988292869e-01,2.8478375919e-02,2.0508617954e-01,3.5696079177e+00
3.2400000000e+02,5.2801823688e-03,1.3973200967e-02,1.6813301731e-01,3.1577875601e-01,2.6187157589e-01,2.9283464755e-02,2.0567980270e-01,3.5739882930e+00
3.2450000000e+02,5.2673167853e-03,1.3959306574e-02,1.6850850948e-01,3.1226749824e-01,2.6408972324e-01,3.0092752859e-02,2.0581489282e-01,3.5798281221e+00
3.2500000000e+02,5.2781311855e-03,1.3779381620e-02,1.6955377217e-01,3.0698802483e-01,2.6654796747e-01,3.0935673892e-02,2.0691704883e-01,3.5819817644e+00
3.2550000000e+02,5.3146246028e-03,1.3660114637e-02,1.7019108655e-01,3.0077701849e-01,2.7026680540e-01,3.1764072095e-02,2.0802627822e-01,3.5875688643e+00
3.2600000000e+02,5.3008109400e-03,1.3514392990e-02,1.7014405765e-01,2.9568221547e-01,2.7271298898e-01,3.2689117140e-02,2.0995641683e-01,3.5908662192e+00
3.2650000000e+02,5.3204423638e-03,1.3570183386e-02,1.6978715931e-01,2.9237649620e-01,2.7376237261e-01,3.3730539624e-02,2.1145280650e-01,3.5981510186e+00
3.2700000000e+02,5.3329541736e-03,1.3583361681e-02,1.6998748587e-01,2.8940111038e-01,2.7402456529e-01,3.4544679962e-02,2.1312584264e-01,3.5986490330e+00
3.2750000000e+02,5.3665431319e-03,1.3474666062e-02,1.7096203726e-01,2.8486595868e-01,2.7642605334e-01,3.5161552455e-02,2.1374318908e-01,3.5960058371e+00
3.2800000000e+02,5.3555432711e-03,1.3574128197e-02,1.7223447449e-01,2.7976785093e-01,2.7939276814e-01,3.6175217962e-02,2.1350001701e-01,3.5996013692e+00
3.2850000000e+02,5.4393310387e-03,1.3448388586e-02,1.7396074226e-01,2.7393238271e-01,2.8358947771e-01,3.6571116612e-02,2.1305856109e-01,3.6012788439e+00
3.2900000000e+02,5.4564183567e-03,1.3549817851e-02,1.7356834292e-01,2.6923549015e-01,2.8446534729e-01,3.7429733004e-02,2.1629485042e-01,3.6063481129e+00
3.2950000000e+02,5.5142953301e-03,1.3702694676e-02,1.7339420669e-01,2.6602082197e-01,2.8570924152e-01,3.8396723595e-02,2.1726201622e-01,3.6126010857e+00
3.3000000000e+02,5.5533824545e-03,1.3654113851e-02,1.7324071455e-01,2.6137459295e-01,2.8791160953e-01,3.9422475792e-02,2.1884311088e-01,3.6208340818e+00
3.3050000000e+02,5.6449883181e-03,1.3543394882e-02,1.7350359624e-01,2.5661457896e-01,2.8880890147e-01,4.0081563405e-02,2.2180297673e-01,3.6254459542e+00
3.3100000000e+02,5.6813581925e-03,1.3625057393e-02,1.7369583206e-01,2.5050194264e-01,2.9178412625e-01,4.1179587117e-02,2.2353209634e-01,3.6362042626e+00
3.3150000000e+02,5.7168346653e-03,1.3613432461e-02,1.7357357653e-01,2.4619274522e-01,2.9264776196e-01,4.2398841110e-02,2.2585680806e-01,3.6482676496e+00
3.3200000000e+02,5.7159388922e-03,1.3491842176e-02,1.7454908777e-01,2.4099135994e-01,2.9335283081e-01,4.3663677708e-02,2.2823526271e-01,3.6536271094e+00
3.3250000000e+02,5.7425879105e-03,1.3388886645e-02,1.7473358581e-01,2.3751733244e-01,2.9562947782e-01,4.3999137044e-02,2.2898899232e-01,3.6528938801e+00
3.3300000000e+02,5.7543006683e-03,1.3155403095e-02,1.7392628078e-01,2.3289630325e-01,2.9810205621e-01,4.4493324997e-02,2.3167233100e-01,3.6521536812e+00
3.3350000000e+02,5.8046688775e-03,1.3092324655e-02,1.7336555843e-01,2.2830245502e-01,3.0155291803e-01,4.5228074213e-02,2.3265400078e-01,3.6535591088e+00
3.3400000000e+02,5.9048859947e-03,1.2868258337e-02,1.7425923425e-01,2.2492822184e-01,3.0330327790e-01,4.5993381402e-02,2.3274274028e-01,3.6569657595e+00
3.3450000000e+02,5.9775368713e-03,1.2840283195e-02,1.7380485115e-01,2.2079005483e-01,3.0538704135e-01,4.7658978958e-02,2.3354125364e-01,3.6555411663e+00
3.3500000000e+02,6.0029110997e-03,1.2800688131e-02,1.7328268758e-01,2.1873721063e-01,3.0480419500e-01,4.9916116140e-02,2.3445619141e-01,3.6539459972e+00
3.3550000000e+02,6.0727839359e-03,1.2769297444e-02,1.7378246033e-01,2.1430895112e-01,3.0562608070e-01,5.1114523023e-02,2.3632590345e-01,3.6622119765e+00
3.3600000000e+02,6.1478336796e-03,1.2696852951e-02,1.7321921320e-01,2.1033587106e-01,3.0760600098e-01,5.1874270167e-02,2.3811995797e-01,3.6560763665e+00
3.3650000000e+02,6.2002241255e-03,1.2697321508e-02,1.7388143688e-01,2.0735914495e-01,3.0736957128e-01,5.3068108246e-02,2.3942419301e-01,3.6593668666e+00
3.3700000000e+02,6.3196430054e-03,1.2793101393e-02,1.7550745869e-01,2.0251371670e-01,3.0922989448e-01,5.4243355753e-02,2.3939282997e-01,3.6627347400e+00
3.3750000000e+02,6.3352092851e-03,1.2833586590e-02,1.7349900933e-01,2.0012185491e-01,3.1333651032e-01,5.5554566156e-02,2.3831926341e-01,3.6622048099e+00
3.3800000000e+02,6.4369134110e-03,1.2883024333e-02,1.7334183000e-01,1.9725295242e-01,3.1432239141e-01,5.6929125770e-02,2.3883376266e-01,3.6615933359e+00
3.3850000000e+02,6.5347756762e-03,1.2860060024e-02,1.7356973367e-01,1.9361125159e-01,3.1621663093e-01,5.8769374822e-02,2.3843817328e-01,3.6608417706e+00
3.3900000000e+02,6.6350348895e-03,1.2700172523e-02,1.7404423687e-01,1.8903855351e-01,3.1827455094e-01,6.0141045385e-02,2.3916640588e-01,3.6593485623e+00
3.3950000000e+02,6.7435200903e-03,1.2646783888e-02,1.7587126647e-01,1.8467031290e-01,3.1822785882e-01,6.1309536126e-02,2.4053072171e-01,3.6628679785e+00
3.4000000000e+02,6.8507060536e-03,1.2603262624e-02,1.7624969648e-01,1.8004534860e-01,3.1959063923e-01,6.3079114361e-02,2.4158123265e-01,3.6678131548e+00
3.4050000000e+02,6.9482902067e-03,1.2710165649e-02,1.7801412972e-01,1.7601818869e-01,3.2001229231e-01,6.4987852542e-02,2.4130908087e-01,3.6711631523e+00
3.4100000000e+02,7.0800426246e-03,1.2602771143e-02,1.7830021074e-01,1.7405966542e-01,3.1900357353e-01,6.6753276176e-02,2.4220046037e-01,3.6744289865e+00
3.4150000000e+02,7.2071969658e-03,1.2546247725e-02,1.7936971213e-01,1.6889220490e-01,3.1926916830e-01,6.8550863374e-02,2.4416460660e-01,3.6739904701e+00
3.4200000000e+02,7.3067017463e-03,1.2395063658e-02,1.7841691434e-01,1.6493347065e-01,3.2092186400e-01,6.9910975325e-02,2.4611501029e-01,3.6727512524e+00
3.4250000000e+02,7.4338146814e-03,1.2222524167e-02,1.7971498404e-01,1.6177790089e-01,3.2034463200e-01,7.2896273774e-02,2.4560987045e-01,3.6798522595e+00
3.4300000000e+02,7.5064333713e-03,1.2140753678e-02,1.8020670643e-01,1.5904068651e-01,3.2225498399e-01,7.4513520793e-02,2.4433691523e-01,3.6797478961e+00
3.4350000000e+02,7.5688885686e-03,1.2034208647e-02,1.8125846374e-01,1.5581213813e-01,3.2192529682e-01,7.6187963420e-02,2.4521304068e-01,3.6762628337e+00
3.4400000000e+02,7.6622083360e-03,1.1960223367e-02,1.7991228733e-01,1.5495435529e-01,3.2096078539e-01,7.7191618532e-02,2.4735852175e-01,3.6724836641e+00
3.4450000000e+02,7.8076094931e-03,1.1849699720e-02,1.8001840157e-01,1.5241096209e-01,3.2067390543e-01,7.9276531676e-02,2.4796289003e-01,3.6738711881e+00
3.4500000000e+02,7.9026614597e-03,1.1881972326e-02,1.8015994903e-01,1.4860170813e-01,3.2135162965e-01,7.9709961385e-02,2.5039211802e-01,3.6779816646e+00
3.4550000000e+02,8.0081624418e-03,1.1700902785e-02,1.8054231004e-01,1.4654582494e-01,3.2330015270e-01,8.0665340452e-02,2.4923730663e-01,3.6742497331e+00
3.4600000000e+02,8.1399486790e-03,1.1621828060e-02,1.8125078449e-01,1.4266038887e-01,3.2473228812e-01,8.2580254341e-02,2.4901450745e-01,3.6711666206e+00
3.4650000000e+02,8.1558297643e-03,1.1532402675e-02,1.8031537413e-01,1.3974669138e-01,3.2631355691e-01,8.4422024721e-02,2.4951412042e-01,3.6694783021e+00
3.4700000000e+02,8.2813670714e-03,1.1495558465e-02,1.8137431435e-01,1.3784845366e-01,3.2545204699e-01,8.5817656105e-02,2.4973060336e-01,3.6675459664e+00
3.4750000000e+02,8.2933646147e-03,1.1329374999e-02,1.8068513314e-01,1.3544855862e-01,3.2837401149e-01,8.6386470027e-02,2.4948308711e-01,3.6637907108e+00
3.4800000000e+02,8.3578859323e-03,1.1247587460e-02,1.8114233397e-01,1.3281032271e-01,3.2926137473e-01,8.8133901800e-02,2.4904659339e-01,3.6631356843e+00
3.4850000000e+02,8.4433560939e-03,1.1322983435e-02,1.8018740390e-01,1.3116619332e-01,3.2915252283e-01,9.0412655033e-02,2.4931488539e-01,3.6664457088e+00
3.4900000000e+02,8.5602020974e-03,1.1378279371e-02,1.7890927089e-01,1.2979123169e-01,3.3103268475e-01,9.2427128851e-02,2.4790120235e-01,3.6746703180e+00
3.4950000000e+02,8.6315444205e-03,1.1318836581e-02,1.7896376687e-01,1.2716979023e-01,3.3104419305e-01,9.4320609577e-02,2.4855125927e-01,3.6713982030e+00
3.5000000000e+02,8.6973653745e-03,1.1324152656e-02,1.7969835689e-01,1.2522804187e-01,3.3249583911e-01,9.5703291356e-02,2.4685295273e-01,3.6691499618e+00
3.5050000000e+02,8.6730104933e-03,1.1277799497e-02,1.7996501466e-01,1.2487479466e-01,3.3134849565e-01,9.8038577915e-02,2.4582230713e-01,3.6668630420e+00
3.5100000000e+02,8.7430766137e-03,1.1203516712e-02,1.8130553354e-01,1.2264938147e-01,3.3309899597e-01,9.9259444594e-02,2.4374005111e-01,3.6645114958e+00
3.5150000000e+02,8.8711944874e-03,1.1153853855e-02,1.8115501702e-01,1.2272069815e-01,3.3139627598e-01,1.0191570128e-01,2.4278725922e-01,3.6701756481e+00
3.5200000000e+02,8.9300232324e-03,1.1136628175e-02,1.8144098965e-01,1.2126994221e-01,3.2973392613e-01,1.0383624239e-01,2.4365224821e-01,3.6743479299e+00
3.5250000000e+02,9.1649122143e-03,1.0999754395e-02,1.7994805745e-01,1.2031036125e-01,3.3020605614e-01,1.0561661225e-01,2.4375424629e-01,3.6779315558e+00
3.5300000000e+02,9.2163022556e-03,1.1007479840e-02,1.8149199936e-01,1.1827690786e-01,3.2673274529e-01,1.0744540305e-01,2.4582916234e-01,3.6820548218e+00
3.5350000000e+02,9.3847147690e-03,1.1153172523e-02,1.8305279565e-01,1.1761476584e-01,3.2733295291e-01,1.0832542841e-01,2.4313616990e-01,3.6925910232e+00
3.5400000000e+02,9.4964959109e-03,1.1102269802e-02,1.8343859376e-01,1.1722734886e-01,3.2469258964e-01,1.1036079339e-01,2.4368190864e-01,3.6946973562e+00
3.5450000000e+02,9.6878222223e-03,1.1078836713e-02,1.8350442392e-01,1.1679456182e-01,3.2623586327e-01,1.1123617974e-01,2.4146231231e-01,3.6951587126e+00
3.5500000000e+02,9.8305779427e-03,1.1059246964e-02,1.8443239827e-01,1.1665935949e-01,3.2359267756e-01,1.1382753616e-01,2.4059820362e-01,3.7019583037e+00
3.5550000000e+02,9.9272157286e-03,1.1046706154e-02,1.8344536953e-01,1.1647722490e-01,3.2404683292e-01,1.1646400149e-01,2.3859264928e-01,3.7084179289e+00
3.5600000000e+02,9.9628647116e-03,1.0889054266e-02,1.8481670484e-01,1.1567103435e-01,3.2489884922e-01,1.1753734322e-01,2.3622414939e-01,3.7077995729e+00
3.5650000000e+02,1.0050553117e-02,1.0840687555e-02,1.8357440888e-01,1.1543682474e-01,3.2418375820e-01,1.1933869849e-01,2.3657506901e-01,3.7117929197e+00
3.5700000000e+02,9.9815002059e-03,1.0959959068e-02,1.8373397545e-01,1.1527614567e-01,3.2399016562e-01,1.2130062069e-01,2.3475763329e-01,3.7190008775e+00
3.5750000000e+02,9.9138774607e-03,1.0848368305e-02,1.8414316616e-01,1.1548774134e-01,3.2268209518e-01,1.2280574080e-01,2.3411901076e-01,3.7144800846e+00
3.5800000000e+02,9.9666871611e-03,1.0731788455e-02,1.8499258106e-01,1.1623833400e-01,3.1891997062e-01,1.2479614351e-01,2.3435449520e-01,3.7147889435e+00
3.5850000000e+02,1.0094455456e-02,1.0724835441e-02,1.8519793751e-01,1.1631812422e-01,3.1604663975e-01,1.2741700979e-01,2.3420099784e-01,3.7220519890e+00
3.5900000000e+02,1.0180426402e-02,1.0665274082e-02,1.8583308896e-01,1.1672097308e-01,3.1628655033e-01,1.2929112111e-01,2.3102256603e-01,3.7269828916e+00
3.5950000000e+02,1.0224087807e-02,1.0614917497e-02,1.8732596273e-01,1.1614626787e-01,3.1699967470e-01,1.3036551781e-01,2.2832357159e-01,3.7287038360e+00
3.6000000000e+02,1.0335886513e-02,1.0585240189e-02,1.8826361845e-01,1.1624784487e-01,3.1722372832e-01,1.3101384573e-01,2.2632983592e-01,3.7331776017e+00
3.6050000000e+02,1.0434699386e-02,1.0617790047e-02,1.8763860438e-01,1.1721938724e-01,3.1596757663e-01,1.3353244148e-01,2.2458950085e-01,3.7363319398e+00
3.6100000000e+02,1.0505888641e-02,1.0503781493e-02,1.8806181621e-01,1.1690872249e-01,3.1473372854e-01,1.3632227361e-01,2.2296378901e-01,3.7365894198e+00
3.6150000000e+02,1.0519163517e-02,1.0474481745e-02,1.8858893380e-01,1.1598466332e-01,3.1427534359e-01,1.3710156050e-01,2.2305585352e-01,3.7356807969e+00
3.6200000000e+02,1.0560238190e-02,1.0440308523e-02,1.9042536356e-01,1.1505701098e-01,3.1132372253e-01,1.3905111996e-01,2.2314223625e-01,3.7355092572e+00
3.6250000000e+02,1.0563403849e-02,1.0431536439e-02,1.9242114061e-01,1.1533582770e-01,3.0923865025e-01,1.4018649376e-01,2.2182294739e-01,3.7355758366e+00
3.6300000000e+02,1.0629213841e-02,1.0499804801e-02,1.9369120140e-01,1.1610491063e-01,3.0560919361e-01,1.4275124362e-01,2.2071443210e-01,3.7432600240e+00
3.6350000000e+02,1.0789810888e-02,1.0611240212e-02,1.9339628891e-01,1.1815423367e-01,3.0431645290e-01,1.4570891103e-01,2.1702306240e-01,3.7569374913e+00
3.6400000000e+02,1.0820111172e-02,1.0571238688e-02,1.9454027266e-01,1.1813165698e-01,3.0183922140e-01,1.4832978292e-01,2.1576771618e-01,3.7613652938e+00
3.6450000000e+02,1.0859026909e-02,1.0468101608e-02,1.9570041249e-01,1.1801886725e-01,2.9985530244e-01,1.5095154892e-01,2.1414674039e-01,3.7574069744e+00
3.6500000000e+02,1.0950125267e-02,1.0467527709e-02,1.9736950618e-01,1.1679749284e-01,2.9976303028e-01,1.5205856956e-01,2.1259374817e-01,3.7580037534e+00
3.6550000000e+02,1.1053579721e-02,1.0560816279e-02,1.9927187865e-01,1.1663913583e-01,2.9724728617e-01,1.5572026827e-01,2.0950703509e-01,3.7677447086e+00
3.6600000000e+02,1.1133311772e-02,1.0578541293e-02,2.0153186218e-01,1.1757611237e-01,2.9410238878e-01,1.5670427865e-01,2.0837350496e-01,3.7702983491e+00
3.6650000000e+02,1.1235512110e-02,1.0521612233e-02,2.0469193840e-01,1.1775759400e-01,2.9207352265e-01,1.5895049369e-01,2.0476932693e-01,3.7697717435e+00
3.6700000000e+02,1.1258996623e-02,1.0504234483e-02,2.0663462887e-01,1.1880554209e-01,2.8725013761e-01,1.6093388532e-01,2.0461257500e-01,3.7734119324e+00
3.6750000000e+02,1.1296337363e-02,1.0593341342e-02,2.0946512564e-01,1.1878230193e-01,2.8298636368e-01,1.6389720966e-01,2.0297932039e-01,3.7730538030e+00
3.6800000000e+02,1.1311652006e-02,1.0707119711e-02,2.0988780995e-01,1.1836848969e-01,2.8187527858e-01,1.6609433648e-01,2.0175531358e-01,3.7768627819e+00
3.6850000000e+02,1.1366016215e-02,1.0779500835e-02,2.1034817195e-01,1.1927475838e-01,2.8103400428e-01,1.6909894983e-01,1.9809859852e-01,3.7801828176e+00
3.6900000000e+02,1.1393932504e-02,1.0836135899e-02,2.1204336182e-01,1.1963207934e-01,2.7819730466e-01,1.7115278620e-01,1.9674439957e-01,3.7780594827e+00
3.6950000000e+02,1.1498211987e-02,1.0816566286e-02,2.1256411204e-01,1.2124848368e-01,2.7573704773e-01,1.7399481260e-01,1.9414076568e-01,3.7847374554e+00
3.7000000000e+02,1.1582918805e-02,1.0765761157e-02,2.1218001763e-01,1.2219979270e-01,2.7383428774e-01,1.7695369681e-01,1.9248352516e-01,3.7878501097e+00
3.7050000000e+02,1.1713164402e-02,1.0872927620e-02,2.1273936878e-01,1.2417474218e-01,2.7161827416e-01,1.7825226819e-01,1.9062925466e-01,3.7972186199e+00
3.7100000000e+02,1.1801443346e-02,1.0824277284e-02,2.1337415507e-01,1.2568581812e-01,2.6967459856e-01,1.7986640560e-01,1.8877330200e-01,3.7995434304e+00
3.7150000000e+02,1.1760800472e-02,1.0805206583e-02,2.1462019153e-01,1.2626768248e-01,2.6619238267e-01,1.8246874192e-01,1.8788499434e-01,3.7973907358e+00
3.7200000000e+02,1.1735279426e-02,1.0780447119e-02,2.1531011311e-01,1.2686608581e-01,2.6460186378e-01,1.8430117010e-01,1.8640504065e-01,3.7965056293e+00
3.7250000000e+02,1.1717507576e-02,1.0764608516e-02,2.1750866336e-01,1.2649203336e-01,2.6225459938e-01,1.8501302078e-01,1.8624956703e-01,3.7928988473e+00
3.7300000000e+02,1.1794368861e-02,1.0844951071e-02,2.1999657201e-01,1.2662520219e-01,2.5945043008e-01,1.8703927452e-01,1.8424920127e-01,3.7910772668e+00
3.7350000000e+02,1.1949391792e-02,1.1039809368e-02,2.2146251194e-01,1.2830320818e-01,2.6023994463e-01,1.8769292366e-01,1.7931221042e-01,3.7985642613e+00
3.7400000000e+02,1.1993297698e-02,1.1054197145e-02,2.2188199988e-01,1.3005415624e-01,2.5737437333e-01,1.9073461276e-01,1.7690736294e-01,3.7938175461e+00
3.7450000000e+02,1.2069544350e-02,1.1110241186e-02,2.2306992319e-01,1.3081568861e-01,2.5509025812e-01,1.9170481863e-01,1.7613952591e-01,3.7909741733e+00
3.7500000000e+02,1.1999919411e-02,1.1145766225e-02,2.2411598227e-01,1.3084719614e-01,2.5296086100e-01,1.9423260240e-01,1.7469767256e-01,3.7880836567e+00
3.7550000000e+02,1.2062825990e-02,1.1208939397e-02,2.2653070427e-01,1.3083680129e-01,2.5151898601e-01,1.9619210756e-01,1.7164963547e-01,3.7839848858e+00
3.7600000000e+02,1.1914732937e-02,1.1187474211e-02,2.2872821177e-01,1.3249518572e-01,2.5040699638e-01,1.9691397413e-01,1.6835342485e-01,3.7712253940e+00
3.7650000000e+02,1.1958728151e-02,1.1184943970e-02,2.3045916245e-01,1.3332045091e-01,2.4866247732e-01,1.9815918955e-01,1.6625504765e-01,3.7659578129e+00
3.7700000000e+02,1.1863677596e-02,1.1211411436e-02,2.3252010356e-01,1.3388663597e-01,2.4663020066e-01,1.9929535595e-01,1.6459261483e-01,3.7642932578e+00
3.7750000000e+02,1.1834729404e-02,1.1372538700e-02,2.3237546102e-01,1.3527554693e-01,2.4473679813e-01,2.0088055398e-01,1.6352437183e-01,3.7666055797e+00
3.7800000000e+02,1.1817913257e-02,1.1496779397e-02,2.3204724793e-01,1.3603192914e-01,2.4351609926e-01,2.0424362356e-01,1.6084640746e-01,3.7582802747e+00
3.7850000000e+02,1.1896821483e-02,1.1578461942e-02,2.3441452432e-01,1.3695963003e-01,2.3904764396e-01,2.0760833096e-01,1.5849458730e-01,3.7516863801e+00
3.7900000000e+02,1.1815345665e-02,1.1737569900e-02,2.3612849193e-01,1.3829731345e-01,2.3725711615e-01,2.0751640582e-01,1.5724775709e-01,3.7507245506e+00
3.7950000000e+02,1.1791921154e-02,1.1903620518e-02,2.3805677848e-01,1.4068987783e-01,2.3477640340e-01,2.0741662284e-01,1.5536477578e-01,3.7462711435e+00
3.8000000000e+02,1.1766522278e-02,1.1905506921e-02,2.4002426314e-01,1.4192009567e-01,2.3429917737e-01,2.0795790517e-01,1.5212652944e-01,3.7356840941e+00
3.8050000000e+02,1.1720051605e-02,1.2074153532e-02,2.3966440288e-01,1.4337360171e-01,2.3418503326e-01,2.0829921378e-01,1.5068354323e-01,3.7332347596e+00
3.8100000000e+02,1.1746528155e-02,1.2187272008e-02,2.4006836105e-01,1.4605549472e-01,2.3187746236e-01,2.1017419076e-01,1.4789069095e-01,3.7282131192e+00
3.8150000000e+02,1.1773418190e-02,1.2195410356e-02,2.4253104446e-01,1.4638611866e-01,2.2863267164e-01,2.1210444506e-01,1.4637689163e-01,3.7202036223e+00
3.8200000000e+02,1.1802407807e-02,1.2255959624e-02,2.4391797261e-01,1.4791672156e-01,2.2628130287e-01,2.1289657885e-01,1.4492905668e-01,3.7160089520e+00
3.8250000000e+02,1.1798185104e-02,1.2296128111e-02,2.4685514005e-01,1.4901261239e-01,2.2281949092e-01,2.1542479624e-01,1.4179364719e-01,3.7072391901e+00
3.8300000000e+02,1.1783079756e-02,1.2433251889e-02,2.5036878317e-01,1.5061164009e-01,2.1947297264e-01,2.1714746730e-01,1.3818280515e-01,3.6975438141e+00
3.8350000000e+02,1.1858165996e-02,1.2736910332e-02,2.5097928341e-01,1.5116495492e-01,2.1899996465e-01,2.1806244265e-01,1.3619827804e-01,3.7009335480e+00
3.8400000000e+02,1.1964695843e-02,1.2832108744e-02,2.5216885164e-01,1.5461242556e-01,2.1540214219e-01,2.1873356597e-01,1.3428621005e-01,3.6974081899e+00
3.8450000000e+02,1.1723060265e-02,1.3090271857e-02,2.5369883439e-01,1.5470971838e-01,2.1328026159e-01,2.2025307046e-01,1.3324478306e-01,3.6893218590e+00
3.8500000000e+02,1.1673182042e-02,1.3247030887e-02,2.5476886433e-01,1.5589423618e-01,2.1081855729e-01,2.2279677777e-01,1.3080135150e-01,3.6878541867e+00
3.8550000000e+02,1.1656890158e-02,1.3345613232e-02,2.5586733505e-01,1.5660917516e-01,2.0987879220e-01,2.2374870424e-01,1.2889348996e-01,3.6805710799e+00
3.8600000000e+02,1.1651698126e-02,1.3521846147e-02,2.5808565549e-01,1.5704336109e-01,2.0758072633e-01,2.2560619953e-01,1.2651051329e-01,3.6708501699e+00
3.8650000000e+02,1.1668589413e-02,1.3731999120e-02,2.6062001256e-01,1.5659050013e-01,2.0611767076e-01,2.2655499369e-01,1.2471623432e-01,3.6639037411e+00
3.8700000000e+02,1.1598174341e-02,1.3926719290e-02,2.6398556104e-01,1.5694458536e-01,2.0330934736e-01,2.2815613914e-01,1.2207947346e-01,3.6483919027e+00
3.8750000000e+02,1.1538597649e-02,1.4084830579e-02,2.6577977984e-01,1.5903932953e-01,2.0145161806e-01,2.2736197770e-01,1.2074386664e-01,3.6381474027e+00
3.8800000000e+02,1.1563959870e-02,1.4082166263e-02,2.6740721325e-01,1.5933010304e-01,1.9896966412e-01,2.2956390985e-01,1.1908298360e-01,3.6314797273e+00
3.8850000000e+02,1.1515110873e-02,1.4169002865e-02,2.6908272530e-01,1.6204072310e-01,1.9670066427e-01,2.3059578190e-01,1.1589599169e-01,3.6161865368e+00
3.8900000000e+02,1.1430931462e-02,1.4299332758e-02,2.7193355562e-01,1.6215138707e-01,1.9571600735e-01,2.3081694058e-01,1.1365184516e-01,3.6099377642e+00
3.8950000000e+02,1.1349971448e-02,1.4313831916e-02,2.7467219368e-01,1.6368973241e-01,1.9282898783e-01,2.3233501875e-01,1.1081026396e-01,3.5873097462e+00
3.9000000000e+02,1.1428615077e-02,1.4574011615e-02,2.7802848864e-01,1.6376858252e-01,1.9190368462e-01,2.3253484455e-01,1.0776177298e-01,3.5814027776e+00
3.9050000000e+02,1.1352893123e-02,1.4711094821e-02,2.7918714001e-01,1.6506720396e-01,1.9093396250e-01,2.3326929048e-01,1.0547841511e-01,3.5694201343e+00
3.9100000000e+02,1.1310433560e-02,1.4776622706e-02,2.8139412686e-01,1.6592094240e-01,1.9008876737e-01,2.3367181192e-01,1.0283729518e-01,3.5538728185e+00
3.9150000000e+02,1.1291582273e-02,1.5084543268e-02,2.8225300164e-01,1.6832955029e-01,1.8954909826e-01,2.3333511531e-01,1.0015710896e-01,3.5467979839e+00
3.9200000000e+02,1.1296445751e-02,1.5073188051e-02,2.8390494651e-01,1.7038320090e-01,1.8837034272e-01,2.3332618104e-01,9.7645695023e-02,3.5327054206e+00
3.9250000000e+02,1.1295401540e-02,1.5227672119e-02,2.8577606963e-01,1.7167904538e-01,1.8616490921e-01,2.3421615259e-01,9.5640749538e-02,3.5214764433e+00
3.9300000000e+02,1.1268105746e-02,1.5251636033e-02,2.8776550438e-01,1.7325011191e-01,1.8390203582e-01,2.3508132991e-01,9.3481276210e-02,3.5048078029e+00
3.9350000000e+02,1.1167402425e-02,1.5470429167e-02,2.8913301387e-01,1.7293068729e-01,1.8421542557e-01,2.3550618625e-01,9.1576855438e-02,3.4976644439e+00
3.9400000000e+02,1.1201198056e-02,1.5601761167e-02,2.9039291604e-01,1.7463892008e-01,1.8280078814e-01,2.3516436107e-01,9.0200055456e-02,3.4902878205e+00
3.9450000000e+02,1.0993717044e-02,1.5821705651e-02,2.9216850944e-01,1.7618137740e-01,1.8126302163e-01,2.3546841682e-01,8.8103252022e-02,3.4747137283e+00
3.9500000000e+02,1.0905468559e-02,1.6017209452e-02,2.9526725157e-01,1.7639615834e-01,1.7994692407e-01,2.3513554889e-01,8.6331439122e-02,3.4600790640e+00
3.9550000000e+02,1.0836145695e-02,1.6232533300e-02,2.9702947923e-01,1.7538081071e-01,1.7980395439e-01,2.3552760341e-01,8.5189473267e-02,3.4501658709e+00
3.9600000000e+02,1.0901260538e-02,1.6442857840e-02,3.0048834483e-01,1.7522667203e-01,1.7758771216e-01,2.3611720969e-01,8.3235942918e-02,3.4330503694e+00
3.9650000000e+02,1.0838558459e-02,1.6613640967e-02,3.0429622075e-01,1.7550019342e-01,1.7526759519e-01,2.3545295722e-01,8.2030834000e-02,3.4141397636e+00
3.9700000000e+02,1.0791448813e-02,1.6930444681e-02,3.0723690772e-01,1.7652727111e-01,1.7312105706e-01,2.3532408576e-01,8.0068784863e-02,3.3978606840e+00
3.9750000000e+02,1.0868338925e-02,1.7126779421e-02,3.1011719962e-01,1.7673264664e-01,1.7162662655e-01,2.3435532151e-01,7.9173087335e-02,3.3826707146e+00
3.9800000000e+02,1.0811719834e-02,1.7164339921e-02,3.1265099192e-01,1.7769811517e-01,1.7101214684e-01,2.3280899587e-01,7.7853690443e-02,3.3633011241e+00
3.9850000000e+02,1.0814186146e-02,1.7216340221e-02,3.1505770410e-01,1.7862480679e-01,1.7027745454e-01,2.3194667296e-01,7.6062835242e-02,3.3486561050e+00
3.9900000000e+02,1.0847555550e-02,1.7464752235e-02,3.1784409937e-01,1.7924813532e-01,1.7055947730e-01,2.2948468035e-01,7.4551299873e-02,3.3351683608e+00
3.9950000000e+02,1.0882670149e-02,1.7594829499e-02,3.1950603656e-01,1.7921558490e-01,1.6955378601e-01,2.2906106999e-01,7.4186022896e-02,3.3203786465e+00
4.0000000000e+02,1.0870611580e-02,1.7620018829e-02,3.2252036591e-01,1.7890237551e-01,1.7008356154e-01,2.2694741831e-01,7.3055648319e-02,3.3110431566e+00
4.0050000000e+02,1.0850666601e-02,1.7744057650e-02,3.2462366787e-01,1.7814245188e-01,1.7023187495e-01,2.2610515575e-01,7.2302125293e-02,3.3058785302e+00
4.0100000000e+02,1.0967309541e-02,1.7846626052e-02,3.2589480063e-01,1.7865424460e-01,1.6949456785e-01,2.2625358004e-01,7.0888871284e-02,3.2918149447e+00
4.0150000000e+02,1.1002539474e-02,1.7841443263e-02,3.2718271678e-01,1.7835874929e-01,1.6863093905e-01,2.2611859696e-01,7.0865015180e-02,3.2835886748e+00
4.0200000000e+02,1.0996407922e-02,1.7953011039e-02,3.2866634417e-01,1.7869386756e-01,1.6813777599e-01,2.2542030162e-01,7.0132291709e-02,3.2700809670e+00
4.0250000000e+02,1.0959561094e-02,1.7996882678e-02,3.3027545206e-01,1.8012412041e-01,1.6686735142e-01,2.2414673942e-01,6.9629892919e-02,3.2567805764e+00
4.0300000000e+02,1.0896162038e-02,1.8191806399e-02,3.3120006166e-01,1.8216859387e-01,1.6660480963e-01,2.2222521806e-01,6.8713348338e-02,3.2441706696e+00
4.0350000000e+02,1.0964771217e-02,1.8359813467e-02,3.3421114888e-01,1.8220957603e-01,1.6632009604e-01,2.2054188333e-01,6.7392711033e-02,3.2325958376e+00
4.0400000000e+02,1.0904671514e-02,1.8564004974e-02,3.3558117326e-01,1.8425385484e-01,1.6482137546e-01,2.1996207172e-01,6.5912848233e-02,3.2145088154e+00
4.0450000000e+02,1.0740200460e-02,1.8772506818e-02,3.3697208515e-01,1.8650718308e-01,1.6452572899e-01,2.1787141225e-01,6.4610883248e-02,3.1984332694e+00
4.0500000000e+02,1.0786998755e-02,1.8870895099e-02,3.3928653114e-01,1.8825443325e-01,1.6506163659e-01,2.1457055258e-01,6.3168952599e-02,3.1830182037e+00
4.0550000000e+02,1.0753577951e-02,1.8993891702e-02,3.4213043739e-01,1.8766302734e-01,1.6474346150e-01,2.1328538673e-01,6.2430217384e-02,3.1702950134e+00
4.0600000000e+02,1.0636877312e-02,1.9099177532e-02,3.4356781200e-01,1.8943376604e-01,1.6460210587e-01,2.1143039615e-01,6.1229865097e-02,3.1548503174e+00
4.0650000000e+02,1.0563777796e-02,1.9082806019e-02,3.4516187446e-01,1.9229958844e-01,1.6300957950e-01,2.0981686566e-01,6.0065508131e-02,3.1294621638e+00
4.0700000000e+02,1.0456084561e-02,1.9048714569e-02,3.4704656140e-01,1.9337444573e-01,1.6311161608e-01,2.0776895935e-01,5.9193618305e-02,3.1126343936e+00
4.0750000000e+02,1.0446223387e-02,1.9076724398e-02,3.4893598432e-01,1.9573965591e-01,1.6110366576e-01,2.0646128573e-01,5.8236460491e-02,3.0973884490e+00
4.0800000000e+02,1.0483499816e-02,1.9248095437e-02,3.5217096932e-01,1.9411871330e-01,1.6052671569e-01,2.0604949009e-01,5.7402516353e-02,3.0841527789e+00
4.0850000000e+02,1.0517486720e-02,1.9387630467e-02,3.5523854913e-01,1.9315429704e-01,1.6070057493e-01,2.0466185306e-01,5.6339608658e-02,3.0702178485e+00
4.0900000000e+02,1.0657806338e-02,1.9447492204e-02,3.5486109269e-01,1.9345337602e-01,1.6202987442e-01,2.0305866520e-01,5.6491693131e-02,3.0634675055e+00
4.0950000000e+02,1.0757767370e-02,1.9412238463e-02,3.5679340284e-01,1.9327448807e-01,1.6166822200e-01,2.0210058179e-01,5.5993299474e-02,3.0541830021e+00
4.1000000000e+02,1.0761947391e-02,1.9606149750e-02,3.5738490566e-01,1.9544026720e-01,1.6170450547e-01,1.9929414394e-01,5.5808080587e-02,3.0496812792e+00
4.1050000000e+02,1.0820116133e-02,1.9672164005e-02,3.5905760787e-01,1.9807213743e-01,1.6086539672e-01,1.9652777077e-01,5.4984807082e-02,3.0390904719e+00
4.1100000000e+02,1.0779435873e-02,1.9868390029e-02,3.5983959659e-01,1.9916037315e-01,1.6163421935e-01,1.9451206161e-01,5.4205923403e-02,3.0319127895e+00
4.1150000000e+02,1.0844286052e-02,1.9918124129e-02,3.6211221429e-01,1.9921693146e-01,1.5970055457e-01,1.9433485825e-01,5.3873031243e-02,3.0150038278e+00
4.1200000000e+02,1.0875039828e-02,1.9958273615e-02,3.6469955817e-01,2.0001709515e-01,1.6028565361e-01,1.9105295942e-01,5.3111420209e-02,3.0025131536e+00
4.1250000000e+02,1.0956895928e-02,1.9987849745e-02,3.6708313155e-01,2.0212882972e-01,1.5999370168e-01,1.8798378780e-01,5.1865803578e-02,2.9856040889e+00
4.1300000000e+02,1.1054313434e-02,2.0147445035e-02,3.6771929795e-01,2.0392772160e-01,1.6023093134e-01,1.8559019040e-01,5.1330100244e-02,2.9756601177e+00
4.1350000000e+02,1.1209945648e-02,2.0137080663e-02,3.6929287976e-01,2.0552648105e-01,1.5868787111e-01,1.8442319921e-01,5.0722542548e-02,2.9640093903e+00
4.1400000000e+02,1.1318645814e-02,2.0075423423e-02,3.7156018297e-01,2.0682405565e-01,1.5915777315e-01,1.8123938545e-01,4.9824533536e-02,2.9471326402e+00
4.1450000000e+02,1.1293444160e-02,1.9748246628e-02,3.7249376880e-01,2.1033100609e-01,1.5825053066e-01,1.7865281841e-01,4.9230185255e-02,2.9251402771e+00
4.1500000000e+02,1.1318684327e-02,1.9887100243e-02,3.7223395411e-01,2.1287346441e-01,1.5719153949e-01,1.7724770789e-01,4.9247549527e-02,2.9185876597e+00
4.1550000000e+02,1.1315179015e-02,1.9925733639e-02,3.7128508372e-01,2.1402757644e-01,1.5898536852e-01,1.7500075714e-01,4.9460301525e-02,2.9095182245e+00
4.1600000000e+02,1.1517805761e-02,2.0134717238e-02,3.7292167871e-01,2.1531928355e-01,1.5922523972e-01,1.7189440789e-01,4.8986867134e-02,2.9024742511e+00
4.1650000000e+02,1.1559630118e-02,2.0195057230e-02,3.7416819367e-01,2.1504121629e-01,1.6017364139e-01,1.6946028706e-01,4.9401974239e-02,2.8935859200e+00
4.1700000000e+02,1.1563043756e-02,2.0261071638e-02,3.7645765294e-01,2.1351765516e-01,1.6227272151e-01,1.6652286954e-01,4.9404985461e-02,2.8904300046e+00
4.1750000000e+02,1.1622980486e-02,2.0099445075e-02,3.7926184768e-01,2.1372004692e-01,1.6231740311e-01,1.6423482409e-01,4.8743452638e-02,2.8804634363e+00
4.1800000000e+02,1.1619609789e-02,1.9926898673e-02,3.8181555257e-01,2.1514254044e-01,1.6295281543e-01,1.6057609970e-01,4.7966483394e-02,2.8676899229e+00
4.1850000000e+02,1.1585713984e-02,1.9893005892e-02,3.8443424580e-01,2.1515115166e-01,1.6402089899e-01,1.5752939833e-01,4.7385585330e-02,2.8601751432e+00
4.1900000000e+02,1.1618637647e-02,1.9864912883e-02,3.8782210165e-01,2.1633981684e-01,1.6276397547e-01,1.5480726472e-01,4.6783290788e-02,2.8439943695e+00
4.1950000000e+02,1.1736801374e-02,1.9738354373e-02,3.8966660962e-01,2.1708834867e-01,1.6233696412e-01,1.5274173281e-01,4.6691189038e-02,2.8334715403e+00
4.2000000000e+02,1.1832396501e-02,1.9772154411e-02,3.9208770846e-01,2.1795323063e-01,1.6165805187e-01,1.5039217319e-01,4.6304284924e-02,2.8194316760e+00
4.2050000000e+02,1.1994489775e-02,1.9837698780e-02,3.9201531223e-01,2.2063036073e-01,1.6202531097e-01,1.4764729356e-01,4.5849533959e-02,2.8126682813e+00
4.2100000000e+02,1.1956383355e-02,1.9632750820e-02,3.9531323652e-01,2.1933535482e-01,1.6267641906e-01,1.4569774312e-01,4.5388112305e-02,2.7972009324e+00
4.2150000000e+02,1.2063934245e-02,1.9516536705e-02,3.9845036411e-01,2.1936531682e-01,1.6286353241e-01,1.4282711252e-01,4.4913203200e-02,2.7847710349e+00
4.2200000000e+02,1.2190688332e-02,1.9300005958e-02,4.0123282055e-01,2.1978828688e-01,1.6105942329e-01,1.4141606436e-01,4.5012710619e-02,2.7707921464e+00
4.2250000000e+02,1.2426699714e-02,1.9458504190e-02,4.0188647327e-01,2.2184466704e-01,1.6118358072e-01,1.3830684236e-01,4.4893232705e-02,2.7639749914e+00
4.2300000000e+02,1.2516580704e-02,1.9387836125e-02,4.0228054680e-01,2.2261454264e-01,1.6224197962e-01,1.3644125112e-01,4.4517262997e-02,2.7524596284e+00
4.2350000000e+02,1.2611421681e-02,1.9284605994e-02,4.0516965359e-01,2.2180174013e-01,1.6103131830e-01,1.3558209154e-01,4.4519168771e-02,2.7466716746e+00
4.2400000000e+02,1.2610089802e-02,1.9332723432e-02,4.0843067171e-01,2.2115947151e-01,1.6068098090e-01,1.3357990064e-01,4.4206162006e-02,2.7382735929e+00
4.2450000000e+02,1.2709068100e-02,1.9164344908e-02,4.0977673827e-01,2.2374839607e-01,1.5986373474e-01,1.3066052999e-01,4.4077187918e-02,2.7168706800e+00
4.2500000000e+02,1.2929504899e-02,1.9015405254e-02,4.0942772565e-01,2.2524153751e-01,1.6085537854e-01,1.2838958729e-01,4.4140860847e-02,2.7137688876e+00
4.2550000000e+02,1.3011523078e-02,1.9119374961e-02,4.1042022662e-01,2.2656657578e-01,1.5957113710e-01,1.2698623531e-01,4.4324927153e-02,2.7121998002e+00
4.2600000000e+02,1.3234062502e-02,1.9308669170e-02,4.1046730301e-01,2.2819652413e-01,1.6019541406e-01,1.2412555673e-01,4.4472470405e-02,2.7084977914e+00
4.2650000000e+02,1.3196801924e-02,1.9347691641e-02,4.1318737065e-01,2.2866987039e-01,1.5967928028e-01,1.2196248050e-01,4.3956504619e-02,2.6964121555e+00
4.2700000000e+02,1.3353336945e-02,1.9312465807e-02,4.1590315605e-01,2.2821330404e-01,1.5976541788e-01,1.1949004670e-01,4.3962272587e-02,2.6838339963e+00
4.2750000000e+02,1.3510213701e-02,1.8955829363e-02,4.1763418599e-01,2.2963471385e-01,1.5930538208e-01,1.1701041208e-01,4.3949262937e-02,2.6692929643e+00
4.2800000000e+02,1.3689114201e-02,1.8773953413e-02,4.1865552791e-01,2.3191150590e-01,1.5975592778e-01,1.1382888348e-01,4.3385087319e-02,2.6518370075e+00
4.2850000000e+02,1.3698895185e-02,1.8737116784e-02,4.2064809701e-01,2.3222568467e-01,1.6135572854e-01,1.1084353651e-01,4.2490941297e-02,2.6417966728e+00
4.2900000000e+02,1.3810654138e-02,1.8602442366e-02,4.2201074789e-01,2.3334405022e-01,1.6112489904e-01,1.0891035566e-01,4.2196850678e-02,2.6274365036e+00
4.2950000000e+02,1.3921781560e-02,1.8543168878e-02,4.2295319785e-01,2.3365852373e-01,1.6203609883e-01,1.0667940454e-01,4.2207824624e-02,2.6209528624e+00
4.3000000000e+02,1.3917022807e-02,1.8401845894e-02,4.2353811265e-01,2.3579491321e-01,1.6187790876e-01,1.0424329158e-01,4.2226905105e-02,2.6077642131e+00
4.3050000000e+02,1.4140192109e-02,1.8132521226e-02,4.2537098402e-01,2.3538864409e-01,1.6203108531e-01,1.0241320336e-01,4.2523369891e-02,2.5993017903e+00
4.3100000000e+02,1.4274263206e-02,1.8138843728e-02,4.2680078222e-01,2.3629590129e-01,1.6224214889e-01,9.9878266446e-02,4.2369794219e-02,2.5878846554e+00
4.3150000000e+02,1.4274465676e-02,1.8084637891e-02,4.3015131754e-01,2.3549725102e-01,1.6404178219e-01,9.5964985986e-02,4.1985559703e-02,2.5720228806e+00
4.3200000000e+02,1.4410466228e-02,1.8060345812e-02,4.3102001333e-01,2.3658507617e-01,1.6481345159e-01,9.3047075881e-02,4.2063570984e-02,2.5612735290e+00
4.3250000000e+02,1.4513991436e-02,1.7995361012e-02,4.3016975709e-01,2.3857750142e-01,1.6538205071e-01,9.1000651452e-02,4.2360686873e-02,2.5581445681e+00
4.3300000000e+02,1.4447892061e-02,1.7803285304e-02,4.3105075151e-01,2.4000593814e-01,1.6705076880e-01,8.7393905240e-02,4.2247458942e-02,2.5396743666e+00
4.3350000000e+02,1.4415178191e-02,1.7636696091e-02,4.3262732467e-01,2.4209956238e-01,1.6671048798e-01,8.4854969107e-02,4.1655781584e-02,2.5185739071e+00
4.3400000000e+02,1.4461837000e-02,1.7497705680e-02,4.3572135978e-01,2.4112177484e-01,1.6594292042e-01,8.3522512831e-02,4.1731889448e-02,2.5081952939e+00
4.3450000000e+02,1.4527555503e-02,1.7381079710e-02,4.3900983398e-01,2.4049661578e-01,1.6611907613e-01,8.0457111991e-02,4.2008726910e-02,2.4938279208e+00
4.3500000000e+02,1.4645955723e-02,1.7221848796e-02,4.3958332472e-01,2.4280581502e-01,1.6651442242e-01,7.7765549949e-02,4.1463083370e-02,2.4762491695e+00
4.3550000000e+02,1.4689150993e-02,1.7173585029e-02,4.4109770756e-01,2.4279595251e-01,1.6703612868e-01,7.5312652236e-02,4.1894822995e-02,2.4670443574e+00
4.3600000000e+02,1.4795468811e-02,1.7116583698e-02,4.4378039623e-01,2.4183456758e-01,1.6782335133e-01,7.2354717951e-02,4.2294914396e-02,2.4492770925e+00
4.3650000000e+02,1.5072417235e-02,1.7218224447e-02,4.4505081317e-01,2.4154375606e-01,1.6946244460e-01,6.9044150147e-02,4.2608194345e-02,2.4426244022e+00
4.3700000000e+02,1.5266281251e-02,1.7135454140e-02,4.4421477211e-01,2.4371940256e-01,1.7046318219e-01,6.6594389371e-02,4.2606518381e-02,2.4302356412e+00
4.3750000000e+02,1.5327594731e-02,1.7223979000e-02,4.4393213278e-01,2.4457043433e-01,1.7059633422e-01,6.5149180143e-02,4.3200344793e-02,2.4202418354e+00
4.3800000000e+02,1.5460753231e-02,1.6990293234e-02,4.4484358381e-01,2.4528521725e-01,1.7109124481e-01,6.2986279842e-02,4.3342627816e-02,2.4104118869e+00
4.3850000000e+02,1.5421708511e-02,1.6693488260e-02,4.4470639493e-01,2.4688747060e-01,1.7253396690e-01,6.0273955613e-02,4.3483015181e-02,2.3938843564e+00
4.3900000000e+02,1.5332543637e-02,1.6438986271e-02,4.4738933612e-01,2.4598854522e-01,1.7382394735e-01,5.7650138537e-02,4.3376502872e-02,2.3700237767e+00
4.3950000000e+02,1.5452545132e-02,1.6359364376e-02,4.4785550918e-01,2.4614329760e-01,1.7468039129e-01,5.5624886123e-02,4.3884006301e-02,2.3612663569e+00
4.4000000000e+02,1.5431920995e-02,1.6311659093e-02,4.5018455555e-01,2.4659077220e-01,1.7426944828e-01,5.3315868317e-02,4.3895775567e-02,2.3443550714e+00
4.4050000000e+02,1.5365483116e-02,1.6209408485e-02,4.5239245257e-01,2.4641820177e-01,1.7508999784e-01,5.0626297744e-02,4.3898158479e-02,2.3265780032e+00
4.4100000000e+02,1.5546533127e-02,1.6168507849e-02,4.5425594362e-01,2.4501080418e-01,1.7569595463e-01,4.8659793656e-02,4.4662462942e-02,2.3182305218e+00
4.4150000000e+02,1.5798739876e-02,1.5991119893e-02,4.5329110017e-01,2.4581931188e-01,1.7706960567e-01,4.7223322301e-02,4.4806800216e-02,2.3089753827e+00
4.4200000000e+02,1.5834400495e-02,1.5828053789e-02,4.5281238277e-01,2.4779604688e-01,1.7766730840e-01,4.5518889144e-02,4.4542918520e-02,2.2934990558e+00
4.4250000000e+02,1.5808104168e-02,1.5632373913e-02,4.5419751303e-01,2.4823119882e-01,1.7812570192e-01,4.3730929208e-02,4.4274178942e-02,2.2782569936e+00
4.4300000000e+02,1.5744828148e-02,1.5557526554e-02,4.5419662658e-01,2.4990925192e-01,1.7698461102e-01,4.2491349884e-02,4.5115805891e-02,2.2695622487e+00
4.4350000000e+02,1.5705296234e-02,1.5547334395e-02,4.5543417819e-01,2.5047088572e-01,1.7656334409e-01,4.0860977077e-02,4.5417984289e-02,2.2543415870e+00
4.4400000000e+02,1.5805910283e-02,1.5431160812e-02,4.5328110842e-01,2.5201624754e-01,1.7782979329e-01,3.9104855779e-02,4.6530923879e-02,2.2475136979e+00
4.4450000000e+02,1.5658400697e-02,1.5156781763e-02,4.5433727279e-01,2.5246058991e-01,1.7910181173e-01,3.6851376448e-02,4.6433766669e-02,2.2288775198e+00
4.4500000000e+02,1.5514773617e-02,1.5030461931e-02,4.5682824664e-01,2.5143324967e-01,1.7914131430e-01,3.5376597883e-02,4.6675355962e-02,2.2173979585e+00
4.4550000000e+02,1.5645035120e-02,1.5102622964e-02,4.5755370129e-01,2.5183609289e-01,1.7917931074e-01,3.3775248872e-02,4.6907988129e-02,2.2076614344e+00
4.4600000000e+02,1.5607204118e-02,1.5155664068e-02,4.5739411226e-01,2.5213014801e-01,1.7987530763e-01,3.2613248502e-02,4.7224315413e-02,2.2026384234e+00
4.4650000000e+02,1.5609962524e-02,1.5113866636e-02,4.5869181623e-01,2.5263317018e-01,1.7964976940e-01,3.1441025442e-02,4.6860389586e-02,2.1950652392e+00
4.4700000000e+02,1.5623329133e-02,1.5242882728e-02,4.5810141495e-01,2.5323489032e-01,1.8023121749e-01,2.9794265628e-02,4.7771999748e-02,2.1867287175e+00
4.4750000000e+02,1.5725297386e-02,1.5240147143e-02,4.5801186894e-01,2.5421559788e-01,1.8055990642e-01,2.8354912420e-02,4.7892269819e-02,2.1800210756e+00
4.4800000000e+02,1.5897744603e-02,1.5188239201e-02,4.5832670838e-01,2.5393908516e-01,1.8116968418e-01,2.6915652860e-02,4.8562885619e-02,2.1731924771e+00
4.4850000000e+02,1.5930056534e-02,1.5090034452e-02,4.5638428143e-01,2.5710859887e-01,1.8147295158e-01,2.5537071067e-02,4.8477006071e-02,2.1628586264e+00
4.4900000000e+02,1.5987455991e-02,1.5068008410e-02,4.5500467768e-01,2.5952146409e-01,1.8157019798e-01,2.4257353077e-02,4.8590842767e-02,2.1573004016e+00
4.4950000000e+02,1.5820726397e-02,1.4887889936e-02,4.5607268468e-01,2.5974354644e-01,1.8157213034e-01,2.3055403102e-02,4.8847619114e-02,2.1464624033e+00
4.5000000000e+02,1.5702166090e-02,1.4696324066e-02,4.5564862141e-01,2.6066713548e-01,1.8264322748e-01,2.1663485199e-02,4.8979040273e-02,2.1414575141e+00
4.5050000000e+02,1.5926398696e-02,1.4428800492e-02,4.5376324838e-01,2.6238495919e-01,1.8392533828e-01,2.0528591102e-02,4.9042663859e-02,2.1338445452e+00
4.5100000000e+02,1.5944257352e-02,1.4336528598e-02,4.5581798004e-01,2.6060975825e-01,1.8481422348e-01,1.9577991136e-02,4.8899261138e-02,2.1293180257e+00
4.5150000000e+02,1.6018737200e-02,1.4302953661e-02,4.5589694101e-01,2.5977163986e-01,1.8582724979e-01,1.8661454672e-02,4.9521023809e-02,2.1256541804e+00
4.5200000000e+02,1.6096945230e-02,1.4403543698e-02,4.5546758736e-01,2.6120211344e-01,1.8535279845e-01,1.7746553667e-02,4.9730458156e-02,2.1209834670e+00
4.5250000000e+02,1.6154004382e-02,1.4216042641e-02,4.5436106626e-01,2.6241259763e-01,1.8653083242e-01,1.6720351920e-02,4.9605104742e-02,2.1179799319e+00
4.5300000000e+02,1.6134669935e-02,1.4038618451e-02,4.5258366647e-01,2.6501226678e-01,1.8691767425e-01,1.5901296449e-02,4.9411807667e-02,2.1159283949e+00
4.5350000000e+02,1.6266440579e-02,1.4241455276e-02,4.5149405455e-01,2.6718276044e-01,1.8596343880e-01,1.5424237957e-02,4.9427612390e-02,2.1173579305e+00
4.5400000000e+02,1.6348764994e-02,1.4332174113e-02,4.5308663451e-01,2.6640159142e-01,1.8553109541e-01,1.4776612926e-02,4.9523126626e-02,2.1129488644e+00
4.5450000000e+02,1.6288745094e-02,1.4256480990e-02,4.5119287233e-01,2.6915722866e-01,1.8533143822e-01,1.4035374298e-02,4.9737860409e-02,2.1099614671e+00
4.5500000000e+02,1.6468243147e-02,1.4313942164e-02,4.5175756162e-01,2.6822717865e-01,1.8498744293e-01,1.3348134536e-02,5.0897496952e-02,2.1130137354e+00
4.5550000000e+02,1.6548922861e-02,1.4087450367e-02,4.5078170292e-01,2.6916143532e-01,1.8564271534e-01,1.2634695756e-02,5.1143077428e-02,2.1138229578e+00
4.5600000000e+02,1.6465466453e-02,1.3887055469e-02,4.5094413329e-01,2.7008816691e-01,1.8553506349e-01,1.2123564338e-02,5.0956550047e-02,2.1122834334e+00
4.5650000000e+02,1.6541814951e-02,1.3860304110e-02,4.5117459042e-01,2.6971884553e-01,1.8555463730e-01,1.1585302998e-02,5.1564504692e-02,2.1149442441e+00
4.5700000000e+02,1.6515000266e-02,1.3622868256e-02,4.4970215900e-01,2.7148176226e-01,1.8596403491e-01,1.0853688681e-02,5.1860486626e-02,2.1048411859e+00
4.5750000000e+02,1.6280294870e-02,1.3538379391e-02,4.5042199229e-01,2.7069481421e-01,1.8566096907e-01,1.0465120723e-02,5.2938429433e-02,2.1041419160e+00
4.5800000000e+02,1.6431197678e-02,1.3315562690e-02,4.5118496854e-01,2.7019861083e-01,1.8551372157e-01,1.0023520388e-02,5.3332418304e-02,2.1042227870e+00
4.5850000000e+02,1.6509005698e-02,1.3480500637e-02,4.4909262300e-01,2.7170063313e-01,1.8513916517e-01,9.8116920044e-03,5.4266380357e-02,2.1128284661e+00
4.5900000000e+02,1.6506152279e-02,1.3566738433e-02,4.4657594341e-01,2.7455394256e-01,1.8524116836e-01,9.3666437417e-03,5.4189411218e-02,2.1131523074e+00
4.5950000000e+02,1.6490713241e-02,1.3478971051e-02,4.4642228684e-01,2.7463482193e-01,1.8525862356e-01,9.0741197181e-03,5.4640463661e-02,2.1177307809e+00
4.6000000000e+02,1.6633581517e-02,1.3595705130e-02,4.4485540424e-01,2.7634387701e-01,1.8456053467e-01,8.7978159072e-03,5.5213081530e-02,2.1240923772e+00
4.6050000000e+02,1.6401458843e-02,1.3550868053e-02,4.4428489618e-01,2.7738898075e-01,1.8506675755e-01,8.6629254032e-03,5.4644113217e-02,2.1222303068e+00
4.6100000000e+02,1.6193545810e-02,1.3590029222e-02,4.4380708884e-01,2.7830098274e-01,1.8445971193e-01,8.5310145544e-03,5.5117626899e-02,2.1260362736e+00
4.6150000000e+02,1.6092474117e-02,1.3586109119e-02,4.4226863281e-01,2.8053148964e-01,1.8399558983e-01,8.5926769800e-03,5.4933027502e-02,2.1286138016e+00
4.6200000000e+02,1.5865079857e-02,1.3626921668e-02,4.3940483223e-01,2.8292863788e-01,1.8462324029e-01,8.4310891062e-03,5.5120198964e-02,2.1265182254e+00
4.6250000000e+02,1.5859211358e-02,1.3746109119e-02,4.3673122270e-01,2.8617132587e-01,1.8358456577e-01,8.4095624154e-03,5.5498002764e-02,2.1312289780e+00
4.6300000000e+02,1.5824753494e-02,1.3805556833e-02,4.3455764221e-01,2.8801265165e-01,1.8375469698e-01,8.3727159969e-03,5.5671982834e-02,2.1361860476e+00
4.6350000000e+02,1.5605244696e-02,1.3893427449e-02,4.3581570830e-01,2.8725697530e-01,1.8311601126e-01,8.3792712191e-03,5.5933361770e-02,2.1327292163e+00
4.6400000000e+02,1.5531961955e-02,1.3990101418e-02,4.3477345244e-01,2.8820526013e-01,1.8267530526e-01,8.4937001712e-03,5.6330218629e-02,2.1341536049e+00
4.6450000000e+02,1.5527791015e-02,1.4047197094e-02,4.3480400767e-01,2.8838067612e-01,1.8198262689e-01,8.6830010479e-03,5.6574700161e-02,2.1417986259e+00
4.6500000000e+02,1.5570805072e-02,1.4013043793e-02,4.3285269880e-01,2.8956227639e-01,1.8193203668e-01,8.8048173718e-03,5.7264321893e-02,2.1457745773e+00
4.6550000000e+02,1.5595336000e-02,1.3903468877e-02,4.3116089244e-01,2.9058270135e-01,1.8180289379e-01,8.8839031319e-03,5.8070804411e-02,2.1478481047e+00
4.6600000000e+02,1.5552774380e-02,1.3890788442e-02,4.3191943691e-01,2.8961140224e-01,1.8159361504e-01,8.9889492961e-03,5.8443033690e-02,2.1535049075e+00
4.6650000000e+02,1.5556388253e-02,1.3944495538e-02,4.3004492539e-01,2.9073517846e-01,1.8131417115e-01,9.1337443280e-03,5.9271096889e-02,2.1605882974e+00
4.6700000000e+02,1.5430284434e-02,1.3963083313e-02,4.3091386380e-01,2.9157771488e-01,1.7946141580e-01,9.3090921502e-03,5.9344545626e-02,2.1596182747e+00
4.6750000000e+02,1.5243869599e-02,1.3989758568e-02,4.2846825876e-01,2.9274560468e-01,1.8009324503e-01,9.5070732383e-03,5.9952190134e-02,2.1611803262e+00
4.6800000000e+02,1.5192216410e-02,1.4137914941e-02,4.2489754752e-01,2.9610200935e-01,1.7878917572e-01,9.9063877665e-03,6.0974748290e-02,2.1655182281e+00
4.6850000000e+02,1.5234331544e-02,1.4220756559e-02,4.2153793963e-01,2.9946761034e-01,1.7804940734e-01,1.0340541881e-02,6.1149412711e-02,2.1724795602e+00
4.6900000000e+02,1.5241817738e-02,1.4271442999e-02,4.1932670150e-01,3.0058980524e-01,1.7795787858e-01,1.0729128770e-02,6.1883225169e-02,2.1795140028e+00
4.6950000000e+02,1.5108001247e-02,1.4306757224e-02,4.1597775576e-01,3.0277337329e-01,1.7802802291e-01,1.1134455496e-02,6.2671634070e-02,2.1850348059e+00
4.7000000000e+02,1.5070957424e-02,1.4308504665e-02,4.1538384867e-01,3.0289916463e-01,1.7770108368e-01,1.1417656979e-02,6.3218783957e-02,2.1893147959e+00
4.7050000000e+02,1.5042006737e-02,1.4434638312e-02,4.0995742423e-01,3.0689065695e-01,1.7810609122e-01,1.1897854800e-02,6.3671327749e-02,2.2047489329e+00
4.7100000000e+02,1.4842842702e-02,1.4572967106e-02,4.0636507732e-01,3.0901688780e-01,1.7860609856e-01,1.2462791721e-02,6.4133334797e-02,2.2156102728e+00
4.7150000000e+02,1.4722887825e-02,1.4642458260e-02,4.0375003971e-01,3.0954967757e-01,1.7842511658e-01,1.3002909297e-02,6.5906910765e-02,2.2267588652e+00
4.7200000000e+02,1.4829916380e-02,1.4785559364e-02,4.0152842827e-01,3.0971644518e-01,1.7850639232e-01,1.3535864595e-02,6.7097393893e-02,2.2383451691e+00
4.7250000000e+02,1.4659215919e-02,1.4615759866e-02,3.9749646092e-01,3.1336079047e-01,1.7796896347e-01,1.4063362317e-02,6.7835447040e-02,2.2401286282e+00
4.7300000000e+02,1.4527351032e-02,1.4669472795e-02,3.9478115463e-01,3.1595511816e-01,1.7686830714e-01,1.4737566973e-02,6.8461029277e-02,2.2456143795e+00
4.7350000000e+02,1.4523988383e-02,1.4675862043e-02,3.9255833536e-01,3.1623307927e-01,1.7720159758e-01,1.5158287265e-02,6.9648850101e-02,2.2556819474e+00
4.7400000000e+02,1.4301710698e-02,1.4720492249e-02,3.9168824138e-01,3.1592780923e-01,1.7728917524e-01,1.5867541740e-02,7.0205029465e-02,2.2647579482e+00
4.7450000000e+02,1.4309203515e-02,1.4696995021e-02,3.9172478235e-01,3.1561242122e-01,1.7631602105e-01,1.6724196657e-02,7.0616380187e-02,2.2714512297e+00
4.7500000000e+02,1.4264233879e-02,1.4594069897e-02,3.9473020367e-01,3.1246485498e-01,1.7577590430e-01,1.7288202533e-02,7.0882530742e-02,2.2673999303e+00
4.7550000000e+02,1.4247537960e-02,1.4598528035e-02,3.9397198040e-01,3.1270545149e-01,1.7580090948e-01,1.7533032022e-02,7.1142560607e-02,2.2703884323e+00
4.7600000000e+02,1.4095114196e-02,1.4559538036e-02,3.9440324291e-01,3.1309134359e-01,1.7379702554e-01,1.8226373088e-02,7.1827362644e-02,2.2710144554e+00
4.7650000000e+02,1.4106983223e-02,1.4677413226e-02,3.9136293655e-01,3.1435047845e-01,1.7408489481e-01,1.8747881069e-02,7.2669412677e-02,2.2822973983e+00
4.7700000000e+02,1.4069241267e-02,1.4628945945e-02,3.9147685367e-01,3.1244727963e-01,1.7421738218e-01,1.9530255246e-02,7.3630042060e-02,2.2910164632e+00
4.7750000000e+02,1.4101534305e-02,1.4829831224e-02,3.8851312194e-01,3.1370694003e-01,1.7484628670e-01,2.0201951521e-02,7.3800334285e-02,2.3059273036e+00
4.7800000000e+02,1.4053115615e-02,1.4918383541e-02,3.8616749773e-01,3.1610866697e-01,1.7358915942e-01,2.0838660437e-02,7.4324516293e-02,2.3167673053e+00
4.7850000000e+02,1.4122453979e-02,1.5033244719e-02,3.8316178694e-01,3.1725080598e-01,1.7313506957e-01,2.1649330847e-02,7.5647307967e-02,2.3258856028e+00
4.7900000000e+02,1.4199295339e-02,1.5105248458e-02,3.8151751348e-01,3.1752832898e-01,1.7247591453e-01,2.2278555136e-02,7.6895144080e-02,2.3399543835e+00
4.7950000000e+02,1.4271578991e-02,1.4989566497e-02,3.7994991715e-01,3.1922389201e-01,1.7142435739e-01,2.2642406980e-02,7.7498280982e-02,2.3468579319e+00
4.8000000000e+02,1.4076386887e-02,1.5010653895e-02,3.7519947754e-01,3.2137896601e-01,1.7168831110e-01,2.3219917084e-02,7.9426287484e-02,2.3575521100e+00
4.8050000000e+02,1.4090110611e-02,1.5045205984e-02,3.7311451131e-01,3.2150229756e-01,1.7194644043e-01,2.3901920839e-02,8.0399513267e-02,2.3707523023e+00
4.8100000000e+02,1.3853671525e-02,1.4953989233e-02,3.7113205711e-01,3.2261320385e-01,1.7289550337e-01,2.4008349097e-02,8.0543225817e-02,2.3760634896e+00
4.8150000000e+02,1.3884994526e-02,1.5080881218e-02,3.6995771369e-01,3.2248528321e-01,1.7356179440e-01,2.4434246388e-02,8.0595086572e-02,2.3859470996e+00
4.8200000000e+02,1.3790655697e-02,1.5268366143e-02,3.6910864510e-01,3.2126061143e-01,1.7401606174e-01,2.5408328877e-02,8.1147331012e-02,2.3957948757e+00
4.8250000000e+02,1.3808766672e-02,1.5245200334e-02,3.6692549898e-01,3.2287015432e-01,1.7259704853e-01,2.6438304941e-02,8.2115026228e-02,2.4011126965e+00
4.8300000000e+02,1.3823194025e-02,1.5185755159e-02,3.6498960968e-01,3.2455991520e-01,1.7237009356e-01,2.6591227628e-02,8.2480204745e-02,2.4069858619e+00
4.8350000000e+02,1.3833792790e-02,1.5323154698e-02,3.6294353390e-01,3.2407012681e-01,1.7213290991e-01,2.7003667027e-02,8.4692814865e-02,2.4230564380e+00
4.8400000000e+02,1.3867765537e-02,1.5281582686e-02,3.6037242561e-01,3.2442224814e-01,1.7245707082e-01,2.7666599757e-02,8.5932307445e-02,2.4362234097e+00
4.8450000000e+02,1.3887572741e-02,1.5292857930e-02,3.5798272880e-01,3.2533761011e-01,1.7234667383e-01,2.8446904485e-02,8.6705652102e-02,2.4433190081e+00
4.8500000000e+02,1.3779191375e-02,1.5293439479e-02,3.5647939166e-01,3.2591953112e-01,1.7180849025e-01,2.9286766453e-02,8.7433189659e-02,2.4524652097e+00
4.8550000000e+02,1.3891268138e-02,1.5569836783e-02,3.5254465745e-01,3.2760704069e-01,1.7155332678e-01,3.0074249187e-02,8.8759620978e-02,2.4711711871e+00
4.8600000000e+02,1.3921022502e-02,1.5517547889e-02,3.5074982499e-01,3.2866756061e-01,1.7117204208e-01,3.0811829379e-02,8.9160172544e-02,2.4820233877e+00
4.8650000000e+02,1.3806057517e-02,1.5567307527e-02,3.4627815091e-01,3.2959345538e-01,1.7305791473e-01,3.0897577979e-02,9.0799535954e-02,2.4950268783e+00
4.8700000000e+02,1.3961009715e-02,1.5713415714e-02,3.3942604019e-01,3.3234761639e-01,1.7389220592e-01,3.1641613005e-02,9.3018099057e-02,2.5127517916e+00
4.8750000000e+02,1.4072493463e-02,1.5655902690e-02,3.3779962771e-01,3.2990553705e-01,1.7582241086e-01,3.2043360938e-02,9.4700667292e-02,2.5259975630e+00
4.8800000000e+02,1.4184930366e-02,1.5715437464e-02,3.3457258203e-01,3.3035433802e-01,1.7596569372e-01,3.2859671005e-02,9.6347347399e-02,2.5365886744e+00
4.8850000000e+02,1.4256884232e-02,1.5776218882e-02,3.2995035576e-01,3.3162651318e-01,1.7617676846e-01,3.3841116855e-02,9.8372142632e-02,2.5483723959e+00
4.8900000000e+02,1.4105622893e-02,1.5786743903e-02,3.2831909589e-01,3.3194150597e-01,1.7587989370e-01,3.4405243123e-02,9.9561894521e-02,2.5519053676e+00
4.8950000000e+02,1.4106975730e-02,1.5898778678e-02,3.2552837981e-01,3.3188911670e-01,1.7617442024e-01,3.4855208850e-02,1.0154711999e-01,2.5637172163e+00
4.9000000000e+02,1.4215121122e-02,1.5917155612e-02,3.2286338286e-01,3.3168103049e-01,1.7712098731e-01,3.5624098837e-02,1.0257822377e-01,2.5768887522e+00
4.9050000000e+02,1.4172544457e-02,1.5757384434e-02,3.1904383068e-01,3.3226960493e-01,1.7745156892e-01,3.6562673849e-02,1.0474239273e-01,2.5885599279e+00
4.9100000000e+02,1.4075787465e-02,1.5998924872e-02,3.1813870419e-01,3.3166100081e-01,1.7831141945e-01,3.6473382558e-02,1.0534078065e-01,2.5991902376e+00
4.9150000000e+02,1.4244965070e-02,1.6156325546e-02,3.1596701797e-01,3.3093819674e-01,1.7858495072e-01,3.7029593832e-02,1.0707895012e-01,2.6163124950e+00
4.9200000000e+02,1.4253300281e-02,1.6281760122e-02,3.1373518001e-01,3.3021045599e-01,1.7881242664e-01,3.7563941676e-02,1.0914293529e-01,2.6275987289e+00
4.9250000000e+02,1.4363045059e-02,1.6212615877e-02,3.1283754126e-01,3.3102482920e-01,1.7758079531e-01,3.8417959767e-02,1.0956321353e-01,2.6322315367e+00
4.9300000000e+02,1.4286548073e-02,1.6162896479e-02,3.1047571099e-01,3.3311732289e-01,1.7712633089e-01,3.8693026028e-02,1.1013816465e-01,2.6339469245e+00
4.9350000000e+02,1.4412908637e-02,1.6084701041e-02,3.0852405216e-01,3.3158504696e-01,1.7789067677e-01,3.9600756286e-02,1.1190185815e-01,2.6444812969e+00
4.9400000000e+02,1.4449334257e-02,1.6083594949e-02,3.0634116646e-01,3.3124173745e-01,1.7704539984e-01,4.1343558874e-02,1.1349520818e-01,2.6581998793e+00
4.9450000000e+02,1.4523449858e-02,1.6218965723e-02,3.0349975481e-01,3.3269676972e-01,1.7674679275e-01,4.2032160372e-02,1.1428210677e-01,2.6695926204e+00
4.9500000000e+02,1.4378715008e-02,1.6157194916e-02,3.0153832702e-01,3.3174802109e-01,1.7778123123e-01,4.2510876425e-02,1.1588563431e-01,2.6772143248e+00
4.9550000000e+02,1.4381977646e-02,1.6386373275e-02,2.9570879500e-01,3.3535646005e-01,1.7719917562e-01,4.3561164820e-02,1.1740605360e-01,2.6901292900e+00
4.9600000000e+02,1.4544873350e-02,1.6449512980e-02,2.9146134830e-01,3.3682647725e-01,1.7633927380e-01,4.5064209668e-02,1.1931430466e-01,2.7066821933e+00
4.9650000000e+02,1.4649368790e-02,1.6414162482e-02,2.8805340213e-01,3.3779624235e-01,1.7645029067e-01,4.5972295227e-02,1.2066423836e-01,2.7235281380e+00
4.9700000000e+02,1.4657344055e-02,1.6351546401e-02,2.8214607562e-01,3.4232733541e-01,1.7659372631e-01,4.6737512188e-02,1.2118646001e-01,2.7263840535e+00
4.9750000000e+02,1.4726008895e-02,1.6338564882e-02,2.7843134898e-01,3.4336676739e-01,1.7673969298e-01,4.8189295465e-02,1.2220832141e-01,2.7305190853e+00
4.9800000000e+02,1.4743990237e-02,1.6262876398e-02,2.7646859428e-01,3.4487358494e-01,1.7731049697e-01,4.8735518083e-02,1.2160493910e-01,2.7310281390e+00
4.9850000000e+02,1.4748139779e-02,1.6216255889e-02,2.7465412636e-01,3.4564453314e-01,1.7660864300e-01,4.9697953146e-02,1.2243034869e-01,2.7358364948e+00
4.9900000000e+02,1.4790934538e-02,1.6370930143e-02,2.7158235958e-01,3.4637089376e-01,1.7557649872e-01,5.0811647193e-02,1.2449673606e-01,2.7451890374e+00
4.9950000000e+02,1.4810008809e-02,1.6242434390e-02,2.6926333777e-01,3.4743362209e-01,1.7504814947e-01,5.1596995216e-02,1.2560545225e-01,2.7487756596e+00
5.0000000000e+02,1.5046663593e-02,1.6369298135e-02,2.6747337402e-01,3.4735918770e-01,1.7434594795e-01,5.2565272653e-02,1.2684025595e-01,2.7600323492e+00
5.0050000000e+02,1.5096377209e-02,1.6387982870e-02,2.6312504347e-01,3.4879635521e-01,1.7587991172e-01,5.2710495114e-02,1.2800383441e-01,2.7684922657e+00
5.0100000000e+02,1.4967755092e-02,1.6375556277e-02,2.5955206129e-01,3.5069948649e-01,1.7496087422e-01,5.3228830706e-02,1.3021543592e-01,2.7703979831e+00
5.0150000000e+02,1.4882571331e-02,1.6460947658e-02,2.5420866898e-01,3.5277716629e-01,1.7566740192e-01,5.5216721817e-02,1.3078652201e-01,2.7782830119e+00
5.0200000000e+02,1.4856441629e-02,1.6398446144e-02,2.5259783181e-01,3.5429925228e-01,1.7514151705e-01,5.6039791402e-02,1.3066671969e-01,2.7840797250e+00
5.0250000000e+02,1.5079711667e-02,1.6326949411e-02,2.5022341415e-01,3.5500753879e-01,1.7593801216e-01,5.7000144692e-02,1.3042422913e-01,2.7955754522e+00
5.0300000000e+02,1.5147904331e-02,1.6369495637e-02,2.4670708382e-01,3.5704530320e-01,1.7470655904e-01,5.8928936351e-02,1.3109471762e-01,2.8038217923e+00
5.0350000000e+02,1.5227096614e-02,1.6335133328e-02,2.4195196066e-01,3.6007953457e-01,1.7445175083e-01,5.9320419559e-02,1.3263410444e-01,2.8100203100e+00
5.0400000000e+02,1.5348122453e-02,1.6356293484e-02,2.3792627837e-01,3.6047047207e-01,1.7571094446e-01,6.0228160065e-02,1.3395972910e-01,2.8218820447e+00
5.0450000000e+02,1.5430311834e-02,1.6204006189e-02,2.3620324241e-01,3.6009834188e-01,1.7700951024e-01,6.0589250776e-02,1.3446533667e-01,2.8309349733e+00
5.0500000000e+02,1.5545437148e-02,1.6112321989e-02,2.3233750220e-01,3.6158457160e-01,1.7705959025e-01,6.1839095148e-02,1.3552148166e-01,2.8380456260e+00
5.0550000000e+02,1.5525822143e-02,1.6088658107e-02,2.3004061967e-01,3.6117220654e-01,1.7774323616e-01,6.3009316884e-02,1.3642014050e-01,2.8433530364e+00
5.0600000000e+02,1.5430601915e-02,1.6153931878e-02,2.2771466827e-01,3.6157958111e-01,1.7959071983e-01,6.3377595172e-02,1.3615290182e-01,2.8492404443e+00
5.0650000000e+02,1.5586808596e-02,1.6076696413e-02,2.2588870441e-01,3.6125320305e-01,1.7962893090e-01,6.4340371511e-02,1.3722528511e-01,2.8526447666e+00
5.0700000000e+02,1.5600679322e-02,1.6044735470e-02,2.2214735099e-01,3.6312332676e-01,1.7956434105e-01,6.5110764675e-02,1.3840880173e-01,2.8530362000e+00
5.0750000000e+02,1.5579891637e-02,1.5864744680e-02,2.1838067007e-01,3.6479393833e-01,1.7991560259e-01,6.5717737836e-02,1.3974741486e-01,2.8559027760e+00
5.0800000000e+02,1.5795686298e-02,1.6044755958e-02,2.1309622494e-01,3.6736640332e-01,1.8144167194e-01,6.5702030294e-02,1.4055322725e-01,2.8618212137e+00
5.0850000000e+02,1.5937531395e-02,1.6012587660e-02,2.1084561373e-01,3.6823944795e-01,1.8116821292e-01,6.6541120674e-02,1.4125548568e-01,2.8668266213e+00
5.0900000000e+02,1.6057533190e-02,1.6096646190e-02,2.0850904599e-01,3.6906653077e-01,1.8069243413e-01,6.7378527057e-02,1.4219928267e-01,2.8747915766e+00
5.0950000000e+02,1.6044196204e-02,1.6057200444e-02,2.0495727775e-01,3.7078408867e-01,1.7983895281e-01,6.8751196448e-02,1.4356708767e-01,2.8822760974e+00
5.1000000000e+02,1.6031356717e-02,1.5994996038e-02,2.0260388156e-01,3.7151750458e-01,1.7933324260e-01,6.9959536698e-02,1.4455948180e-01,2.8870207683e+00
5.1050000000e+02,1.5962952034e-02,1.5893316937e-02,1.9792557152e-01,3.7336020118e-01,1.7899145742e-01,7.0792967351e-02,1.4707353356e-01,2.8850845646e+00
5.1100000000e+02,1.5978594851e-02,1.5761372280e-02,1.9631210766e-01,3.7440565993e-01,1.7904175075e-01,7.1423420867e-02,1.4707709366e-01,2.8931026285e+00
5.1150000000e+02,1.5953321886e-02,1.5686516913e-02,1.9291057365e-01,3.7733179640e-01,1.7920738144e-01,7.1913879048e-02,1.4699653066e-01,2.8893015243e+00
5.1200000000e+02,1.5864613428e-02,1.5527637530e-02,1.8896100779e-01,3.7955219312e-01,1.7869765243e-01,7.2974853539e-02,1.4842204217e-01,2.8838064183e+00
5.1250000000e+02,1.5771513692e-02,1.5413189749e-02,1.8378660486e-01,3.8249255507e-01,1.7879076839e-01,7.3585128364e-02,1.5016023987e-01,2.8819880378e+00
5.1300000000e+02,1.5647117349e-02,1.5356696797e-02,1.8132147301e-01,3.8371261859e-01,1.7903166740e-01,7.4650388619e-02,1.5028003823e-01,2.8790694705e+00
5.1350000000e+02,1.5636297946e-02,1.5146146742e-02,1.7810609248e-01,3.8654712920e-01,1.7763854484e-01,7.5844285705e-02,1.5108150309e-01,2.8735905597e+00
5.1400000000e+02,1.5582543805e-02,1.5139318180e-02,1.7577230346e-01,3.8727432225e-01,1.7722958505e-01,7.6859180265e-02,1.5214274700e-01,2.8723575276e+00
5.1450000000e+02,1.5606285816e-02,1.4943672778e-02,1.7225169365e-01,3.8847837696e-01,1.7598476718e-01,7.8993824015e-02,1.5374137961e-01,2.8738876340e+00
5.1500000000e+02,1.5508257951e-02,1.4958625536e-02,1.6863304536e-01,3.9096276214e-01,1.7510910103e-01,7.9719872999e-02,1.5510833498e-01,2.8746072153e+00
5.1550000000e+02,1.5606841900e-02,1.4998470165e-02,1.6738210469e-01,3.9009253274e-01,1.7355071923e-01,8.2326075480e-02,1.5604325579e-01,2.8770043370e+00
5.1600000000e+02,1.5556864590e-02,1.5012442077e-02,1.6320140355e-01,3.9220135382e-01,1.7345783984e-01,8.3902574814e-02,1.5666752131e-01,2.8790541105e+00
5.1650000000e+02,1.5724605064e-02,1.4992307633e-02,1.5991645940e-01,3.9100844714e-01,1.7527054532e-01,8.4362869930e-02,1.5872476552e-01,2.8905000826e+00
5.1700000000e+02,1.5646320440e-02,1.4750216567e-02,1.5740946724e-01,3.9239881005e-01,1.7528434819e-01,8.5369425464e-02,1.5914141205e-01,2.8819783238e+00
5.1750000000e+02,1.5665297868e-02,1.4739560587e-02,1.5384337264e-01,3.9298175117e-01,1.7726078971e-01,8.4796922792e-02,1.6071230524e-01,2.8793227136e+00
5.1800000000e+02,1.5629079806e-02,1.4745665375e-02,1.5109322083e-01,3.9435741373e-01,1.7787575461e-01,8.4765211522e-02,1.6153365412e-01,2.8782065007e+00
5.1850000000e+02,1.5761900469e-02,1.4591309933e-02,1.4933300977e-01,3.9383988944e-01,1.7891156249e-01,8.5290557506e-02,1.6227177039e-01,2.8821423775e+00
5.1900000000e+02,1.5798009003e-02,1.4461386866e-02,1.4684684276e-01,3.9265692388e-01,1.8119836890e-01,8.5550059764e-02,1.6348840883e-01,2.8859683756e+00
5.1950000000e+02,1.5797480832e-02,1.4360310894e-02,1.4580899895e-01,3.9100811450e-01,1.8138685767e-01,8.6795517180e-02,1.6484271998e-01,2.8885227365e+00
5.2000000000e+02,1.5645565185e-02,1.4113840834e-02,1.4313128614e-01,3.9109651898e-01,1.8204425783e-01,8.7441366167e-02,1.6652716486e-01,2.8806817964e+00
5.2050000000e+02,1.5573965698e-02,1.3927532457e-02,1.4155519136e-01,3.9070588532e-01,1.8105968328e-01,8.8581190334e-02,1.6859655155e-01,2.8756792287e+00
5.2100000000e+02,1.5449903820e-02,1.3856285935e-02,1.3889757436e-01,3.8906844209e-01,1.8153486074e-01,8.9944892348e-02,1.7124804071e-01,2.8760833012e+00
5.2150000000e+02,1.5541236331e-02,1.3749225751e-02,1.3739657950e-01,3.8857053755e-01,1.8139165306e-01,9.1576867507e-02,1.7177390030e-01,2.8794755277e+00
5.2200000000e+02,1.5836530283e-02,1.3837525529e-02,1.3433683509e-01,3.8741905898e-01,1.8190401217e-01,9.3514294830e-02,1.7315174311e-01,2.8872437184e+00
5.2250000000e+02,1.5902203695e-02,1.3693322653e-02,1.3128455817e-01,3.8867757473e-01,1.8051512516e-01,9.4555452666e-02,1.7537176293e-01,2.8818601057e+00
5.2300000000e+02,1.5866743806e-02,1.3647843170e-02,1.2893251937e-01,3.8826680607e-01,1.8121607441e-01,9.5690961989e-02,1.7637905119e-01,2.8788238558e+00
5.2350000000e+02,1.5862128394e-02,1.3500565909e-02,1.2675901158e-01,3.8686402777e-01,1.8256071784e-01,9.5937255151e-02,1.7851629335e-01,2.8753008567e+00
5.2400000000e+02,1.5788998221e-02,1.3684726995e-02,1.2417045468e-01,3.8461641886e-01,1.8285015054e-01,9.7679041293e-02,1.8121020941e-01,2.8753985789e+00
5.2450000000e+02,1.5919085426e-02,1.3698099290e-02,1.2216465871e-01,3.8344794478e-01,1.8356665601e-01,9.8580729396e-02,1.8262282639e-01,2.8754226202e+00
5.2500000000e+02,1.5990928043e-02,1.3562929296e-02,1.1979763483e-01,3.8199971923e-01,1.8525452387e-01,9.8460437075e-02,1.8493382766e-01,2.8748950389e+00
5.2550000000e+02,1.6097570244e-02,1.3540458582e-02,1.1880235398e-01,3.8022870241e-01,1.8591213242e-01,1.0011058373e-01,1.8530819864e-01,2.8713433354e+00
5.2600000000e+02,1.6087883262e-02,1.3521699959e-02,1.1571000272e-01,3.7944230291e-01,1.8770632816e-01,1.0013128017e-01,1.8740050281e-01,2.8698650169e+00
5.2650000000e+02,1.6125012952e-02,1.3413045971e-02,1.1472185197e-01,3.7769533796e-01,1.8842193458e-01,1.0014454792e-01,1.8947826866e-01,2.8663567423e+00
5.2700000000e+02,1.6091998718e-02,1.3216822086e-02,1.1256523346e-01,3.7809231435e-01,1.8792930109e-01,1.0107502455e-01,1.9102930574e-01,2.8598897893e+00
5.2750000000e+02,1.6165578188e-02,1.3217950269e-02,1.1022866019e-01,3.7754263879e-01,1.8887339133e-01,1.0125314000e-01,1.9271864123e-01,2.8575387508e+00
5.2800000000e+02,1.6287208462e-02,1.3042590036e-02,1.0840779468e-01,3.7786093831e-01,1.8874542504e-01,1.0260514623e-01,1.9305089724e-01,2.8584574443e+00
5.2850000000e+02,1.6150885490e-02,1.3010283199e-02,1.0558850806e-01,3.7871201587e-01,1.8763336013e-01,1.0471519430e-01,1.9418975295e-01,2.8510824230e+00
5.2900000000e+02,1.6117216394e-02,1.2809714730e-02,1.0479348849e-01,3.7877301098e-01,1.8735708259e-01,1.0593862487e-01,1.9421086194e-01,2.8500222070e+00
5.2950000000e+02,1.6279342321e-02,1.2578434033e-02,1.0391400775e-01,3.7789257932e-01,1.8637646366e-01,1.0779820867e-01,1.9516096425e-01,2.8511413843e+00
5.3000000000e+02,1.6414708659e-02,1.2563363059e-02,1.0407247956e-01,3.7350129570e-01,1.8857112149e-01,1.0789159215e-01,1.9698543939e-01,2.8593578753e+00
5.3050000000e+02,1.6535012630e-02,1.2511001313e-02,1.0289579923e-01,3.7260231090e-01,1.8918836205e-01,1.0840457836e-01,1.9786293552e-01,2.8603668791e+00
5.3100000000e+02,1.6450007064e-02,1.2450058797e-02,1.0127973451e-01,3.7163686781e-01,1.8949673917e-01,1.0812433450e-01,2.0056225815e-01,2.8529492274e+00
5.3150000000e+02,1.6598712555e-02,1.2307340308e-02,1.0120089724e-01,3.7205761902e-01,1.8901853702e-01,1.0905920530e-01,1.9975768856e-01,2.8534061006e+00
5.3200000000e+02,1.6460241262e-02,1.2215248077e-02,9.9040089281e-02,3.7375561122e-01,1.8891904979e-01,1.0970878478e-01,1.9990097559e-01,2.8404448821e+00
5.3250000000e+02,1.6524426521e-02,1.2049033693e-02,9.8130783771e-02,3.7306616429e-01,1.8913932853e-01,1.0978572140e-01,2.0130454179e-01,2.8317227233e+00
5.3300000000e+02,1.6649464911e-02,1.1984126731e-02,9.8141741052e-02,3.7131675364e-01,1.8926907684e-01,1.1043185281e-01,2.0220698401e-01,2.8322986491e+00
5.3350000000e+02,1.6669680204e-02,1.1989693259e-02,9.7184788139e-02,3.7015481089e-01,1.9046794244e-01,1.1089619725e-01,2.0263688783e-01,2.8329363579e+00
5.3400000000e+02,1.6835106584e-02,1.1942271671e-02,9.7301800062e-02,3.6785045701e-01,1.9213833798e-01,1.1161684388e-01,2.0231518282e-01,2.8394961605e+00
5.3450000000e+02,1.7076978781e-02,1.2084143938e-02,9.6049332974e-02,3.6825504968e-01,1.9402481869e-01,1.1100238667e-01,2.0150728927e-01,2.8439297192e+00
5.3500000000e+02,1.7053416198e-02,1.1992664427e-02,9.4937094045e-02,3.6825271636e-01,1.9421762766e-01,1.1206400933e-01,2.0148247198e-01,2.8424156989e+00
5.3550000000e+02,1.6998237102e-02,1.1981182449e-02,9.3776370048e-02,3.6955833956e-01,1.9273316905e-01,1.1430445223e-01,2.0064824956e-01,2.8418322697e+00
5.3600000000e+02,1.6843390880e-02,1.1814727139e-02,9.2778023585e-02,3.6846570396e-01,1.9247507619e-01,1.1573547869e-01,2.0188759955e-01,2.8397469787e+00
5.3650000000e+02,1.6923899379e-02,1.1792221151e-02,9.2058071883e-02,3.6850042718e-01,1.9067082864e-01,1.1756786580e-01,2.0248668597e-01,2.8368765483e+00
5.3700000000e+02,1.7082262791e-02,1.1822687637e-02,9.1383932257e-02,3.6828067814e-01,1.8921432598e-01,1.1894177913e-01,2.0327433407e-01,2.8362820753e+00
5.3750000000e+02,1.7273876148e-02,1.1773569583e-02,9.0921627662e-02,3.6610573664e-01,1.8835859216e-01,1.2096898815e-01,2.0459760966e-01,2.8404839523e+00
5.3800000000e+02,1.7393736936e-02,1.1739701601e-02,9.0765701864e-02,3.6504304828e-01,1.8714667378e-01,1.2276109354e-01,2.0515004400e-01,2.8437530283e+00
5.3850000000e+02,1.7533416765e-02,1.1825131999e-02,9.1839587012e-02,3.6324540503e-01,1.8698985072e-01,1.2311978203e-01,2.0544682644e-01,2.8528673527e+00
5.3900000000e+02,1.7311549543e-02,1.1700768308e-02,9.1271072533e-02,3.6359998197e-01,1.8702225362e-01,1.2470510768e-01,2.0438926635e-01,2.8471028612e+00
5.3950000000e+02,1.7305272301e-02,1.1589664444e-02,8.9502407348e-02,3.6572039504e-01,1.8686491259e-01,1.2491175824e-01,2.0410559004e-01,2.8390240332e+00
5.4000000000e+02,1.7436140151e-02,1.1495598316e-02,8.8878410460e-02,3.6579410102e-01,1.8706657870e-01,1.2578952698e-01,2.0353964437e-01,2.8400474443e+00
5.4050000000e+02,1.7575801286e-02,1.1478794334e-02,8.9411664862e-02,3.6480365246e-01,1.8631792955e-01,1.2514459143e-01,2.0526756607e-01,2.8351034743e+00
5.4100000000e+02,1.7685740457e-02,1.1379813533e-02,8.9524687952e-02,3.6623917584e-01,1.8600462481e-01,1.2457567817e-01,2.0459027924e-01,2.8310647757e+00
5.4150000000e+02,1.7730401101e-02,1.1333780465e-02,8.8535758287e-02,3.6516947369e-01,1.8489727820e-01,1.2603860623e-01,2.0629470203e-01,2.8327170206e+00
5.4200000000e+02,1.7720046368e-02,1.1230693881e-02,8.8506021621e-02,3.6297740206e-01,1.8628762703e-01,1.2597747376e-01,2.0730073529e-01,2.8400624603e+00
5.4250000000e+02,1.7465154547e-02,1.1066202742e-02,8.8490249376e-02,3.5922858198e-01,1.8600133760e-01,1.2670967845e-01,2.1103879531e-01,2.8421848088e+00
5.4300000000e+02,1.7218021680e-02,1.0801758675e-02,8.7884069154e-02,3.5887309634e-01,1.8693833464e-01,1.2656911694e-01,2.1171560257e-01,2.8336920034e+00
5.4350000000e+02,1.7038407816e-02,1.0791174334e-02,8.8134053381e-02,3.5665270057e-01,1.8571147060e-01,1.2800200672e-01,2.1367018658e-01,2.8313771428e+00
5.4400000000e+02,1.7065225179e-02,1.0729278105e-02,8.8167721094e-02,3.5759486028e-01,1.8478218162e-01,1.2879887099e-01,2.1286186273e-01,2.8305688766e+00
5.4450000000e+02,1.7109337305e-02,1.0746523367e-02,8.7730825704e-02,3.5895077370e-01,1.8404712139e-01,1.2983856145e-01,2.1157685708e-01,2.8300136817e+00
5.4500000000e+02,1.7185707695e-02,1.0772518804e-02,8.7519132693e-02,3.5832217864e-01,1.8364482662e-01,1.2981454862e-01,2.1274108693e-01,2.8319273233e+00
5.4550000000e+02,1.7058760558e-02,1.0671696512e-02,8.7553800631e-02,3.6042552621e-01,1.8182968839e-01,1.3068030557e-01,2.1178022213e-01,2.8231234079e+00
5.4600000000e+02,1.7099967958e-02,1.0537438838e-02,8.7412189811e-02,3.6188122861e-01,1.8144461036e-01,1.3103894110e-01,2.1058562332e-01,2.8185137418e+00
5.4650000000e+02,1.7016410480e-02,1.0466169707e-02,8.7517654230e-02,3.6222605789e-01,1.8095269355e-01,1.3180002009e-01,2.1002099405e-01,2.8174102239e+00
5.4700000000e+02,1.6901474494e-02,1.0536052040e-02,8.7712959823e-02,3.6375606467e-01,1.8068136747e-01,1.3212836831e-01,2.0828371318e-01,2.8141045552e+00
5.4750000000e+02,1.6842054353e-02,1.0545368979e-02,8.8382026102e-02,3.6468062274e-01,1.8039259033e-01,1.3275677908e-01,2.0640055842e-01,2.8131736661e+00
5.4800000000e+02,1.6640047240e-02,1.0431737031e-02,8.8489950788e-02,3.6338946163e-01,1.7856472803e-01,1.3429135265e-01,2.0819272264e-01,2.8119322060e+00
5.4850000000e+02,1.6596346200e-02,1.0442104471e-02,8.7833798697e-02,3.6268590850e-01,1.7749782106e-01,1.3473681901e-01,2.1020720207e-01,2.8107763136e+00
5.4900000000e+02,1.6737729039e-02,1.0432167165e-02,8.8148907409e-02,3.6238096451e-01,1.7774257489e-01,1.3534633468e-01,2.0921132231e-01,2.8122638204e+00
5.4950000000e+02,1.6816509881e-02,1.0466419106e-02,8.8668727893e-02,3.6201009365e-01,1.7764704659e-01,1.3418456584e-01,2.1020663704e-01,2.8127668155e+00
5.5000000000e+02,1.6887956965e-02,1.0520285947e-02,8.8782717348e-02,3.6258885698e-01,1.7724281714e-01,1.3441304745e-01,2.0956431816e-01,2.8152745970e+00
5.5050000000e+02,1.6891965466e-02,1.0501964267e-02,8.9567540571e-02,3.6497081557e-01,1.7735058602e-01,1.3386664932e-01,2.0685047878e-01,2.8131173837e+00
5.5100000000e+02,1.6916535928e-02,1.0545838055e-02,8.9378356197e-02,3.6685516570e-01,1.7651433791e-01,1.3367581522e-01,2.0611395099e-01,2.8097737640e+00
5.5150000000e+02,1.6875972554e-02,1.0483350869e-02,8.9828009156e-02,3.6851784571e-01,1.7481778034e-01,1.3417914182e-01,2.0529789955e-01,2.8098345272e+00
5.5200000000e+02,1.6947075018e-02,1.0544522213e-02,9.0874038020e-02,3.6900889848e-01,1.7549430776e-01,1.3231920681e-01,2.0481195170e-01,2.8072611831e+00
5.5250000000e+02,1.6951432125e-02,1.0465192929e-02,9.1379872218e-02,3.7014843749e-01,1.7415089648e-01,1.3331431816e-01,2.0358985060e-01,2.8090143508e+00
5.5300000000e+02,1.6688983006e-02,1.0328652690e-02,9.2623231216e-02,3.6999020949e-01,1.7281439501e-01,1.3399375517e-01,2.0356077341e-01,2.8125466332e+00
5.5350000000e+02,1.6698189356e-02,1.0263202160e-02,9.3032917951e-02,3.7065130707e-01,1.7225343099e-01,1.3507197531e-01,2.0202897716e-01,2.8154996023e+00
5.5400000000e+02,1.6662529129e-02,1.0205683824e-02,9.3292548842e-02,3.7255451009e-01,1.7091366692e-01,1.3731116521e-01,1.9905989598e-01,2.8182287931e+00
5.5450000000e+02,1.6689206430e-02,1.0210746122e-02,9.4122003358e-02,3.7515974772e-01,1.6987784140e-01,1.3693701870e-01,1.9700343626e-01,2.8147161989e+00
5.5500000000e+02,1.6352684581e-02,1.0285766047e-02,9.5101533699e-02,3.7551872705e-01,1.6760491222e-01,1.3736718716e-01,1.9776918924e-01,2.8130868535e+00
5.5550000000e+02,1.6223397523e-02,1.0214587989e-02,9.4736364617e-02,3.7610789057e-01,1.6694435569e-01,1.3854634224e-01,1.9722706137e-01,2.8082224593e+00
5.5600000000e+02,1.6084047127e-02,1.0263611564e-02,9.5291379055e-02,3.7545052153e-01,1.6578448568e-01,1.3759692667e-01,1.9952902838e-01,2.8051905399e+00
5.5650000000e+02,1.6073872947e-02,1.0343575621e-02,9.6014773724e-02,3.7343332443e-01,1.6539711922e-01,1.3850491751e-01,2.0023241655e-01,2.8115471499e+00
5.5700000000e+02,1.5901452680e-02,1.0209213507e-02,9.6785435636e-02,3.7373288189e-01,1.6529153225e-01,1.3755653574e-01,2.0052294829e-01,2.8085155777e+00
5.5750000000e+02,1.5913497149e-02,1.0132121997e-02,9.8261326100e-02,3.7376585286e-01,1.6469575445e-01,1.3715819927e-01,2.0007324817e-01,2.8071719783e+00
5.5800000000e+02,1.6067200179e-02,1.0170204773e-02,9.8057756542e-02,3.7355939191e-01,1.6434980333e-01,1.3803591625e-01,1.9975972702e-01,2.8182724190e+00
5.5850000000e+02,1.6113685057e-02,1.0350299932e-02,9.9015967162e-02,3.7392367940e-01,1.6537444647e-01,1.3712795369e-01,1.9809396829e-01,2.8230474736e+00
5.5900000000e+02,1.5990991496e-02,1.0311750204e-02,1.0008338810e-01,3.7382496507e-01,1.6521044779e-01,1.3698080811e-01,1.9759764923e-01,2.8285454235e+00
5.5950000000e+02,1.5910335686e-02,1.0302230817e-02,1.0126297544e-01,3.7344204912e-01,1.6441986131e-01,1.3753789172e-01,1.9712465590e-01,2.8275409864e+00
5.6000000000e+02,1.5848243397e-02,1.0269617010e-02,1.0169392990e-01,3.7371503461e-01,1.6380089639e-01,1.3826007564e-01,1.9641220306e-01,2.8222536457e+00
5.6050000000e+02,1.5806522743e-02,1.0252357403e-02,1.0215932738e-01,3.7263196696e-01,1.6590855298e-01,1.3683562878e-01,1.9640564375e-01,2.8271242755e+00
5.6100000000e+02,1.5682859116e-02,1.0176851733e-02,1.0384685853e-01,3.7210068767e-01,1.6543736609e-01,1.3728285689e-01,1.9547251997e-01,2.8262047007e+00
5.6150000000e+02,1.5720609543e-02,9.9969664471e-03,1.0398424437e-01,3.7284804648e-01,1.6731153594e-01,1.3626468743e-01,1.9387390979e-01,2.8275704067e+00
5.6200000000e+02,1.5603663669e-02,9.9129443929e-03,1.0432256312e-01,3.7480081343e-01,1.6719217205e-01,1.3524577824e-01,1.9292206510e-01,2.8199067928e+00
5.6250000000e+02,1.5529627416e-02,9.8871641523e-03,1.0644851683e-01,3.7361292772e-01,1.6827881841e-01,1.3299856134e-01,1.9324438413e-01,2.8157482624e+00
5.6300000000e+02,1.5383521697e-02,9.9424129588e-03,1.0719390126e-01,3.7391546116e-01,1.6891347530e-01,1.3168316534e-01,1.9296806229e-01,2.8154047293e+00
5.6350000000e+02,1.5408772280e-02,9.9138769547e-03,1.0811052767e-01,3.7169217745e-01,1.6989781484e-01,1.3144422009e-01,1.9353261071e-01,2.8193924622e+00
5.6400000000e+02,1.5440820230e-02,9.9001193621e-03,1.0878512287e-01,3.7193449893e-01,1.6996497834e-01,1.3101099244e-01,1.9296346783e-01,2.8166199222e+00
5.6450000000e+02,1.5312437485e-02,9.9830190077e-03,1.0981328930e-01,3.7221024077e-01,1.7071977248e-01,1.3038697529e-01,1.9157426567e-01,2.8145782235e+00
5.6500000000e+02,1.5279405370e-02,9.9162541866e-03,1.1057680161e-01,3.7295840149e-01,1.7186224472e-01,1.2917365354e-01,1.9023323909e-01,2.8154667018e+00
5.6550000000e+02,1.5387710426e-02,9.9413506878e-03,1.1091392195e-01,3.7357892365e-01,1.7233366013e-01,1.2723366137e-01,1.9061077179e-01,2.8153106861e+00
5.6600000000e+02,1.5325051279e-02,1.0074359888e-02,1.1209333745e-01,3.7517918063e-01,1.7058081125e-01,1.2828433364e-01,1.8846292586e-01,2.8198631104e+00
5.6650000000e+02,1.5356545237e-02,1.0013813237e-02,1.1356298117e-01,3.7335520927e-01,1.7209280941e-01,1.2756129188e-01,1.8805734979e-01,2.8247317395e+00
5.6700000000e+02,1.5446777814e-02,1.0090608398e-02,1.1395662005e-01,3.7360198245e-01,1.7373852979e-01,1.2701013621e-01,1.8615534528e-01,2.8318656538e+00
5.6750000000e+02,1.5330205503e-02,1.0125394328e-02,1.1545690565e-01,3.7357904629e-01,1.7352734295e-01,1.2623626688e-01,1.8574483840e-01,2.8324001553e+00
5.6800000000e+02,1.5319185226e-02,1.0120263802e-02,1.1751417110e-01,3.7256304924e-01,1.7559268144e-01,1.2446933489e-01,1.8442131429e-01,2.8351237920e+00
5.6850000000e+02,1.5205442743e-02,1.0211736630e-02,1.1900786769e-01,3.7157822622e-01,1.7633897349e-01,1.2342116144e-01,1.8423659178e-01,2.8391315590e+00
5.6900000000e+02,1.5249792996e-02,1.0399696192e-02,1.2089595346e-01,3.7224960690e-01,1.7664945624e-01,1.2272009060e-01,1.8183540360e-01,2.8429375664e+00
5.6950000000e+02,1.5253425279e-02,1.0501390245e-02,1.2131620989e-01,3.7315256379e-01,1.7779338802e-01,1.2267907604e-01,1.7930394673e-01,2.8433305689e+00
5.7000000000e+02,1.5188568361e-02,1.0505864251e-02,1.2271541840e-01,3.7320768495e-01,1.7909474701e-01,1.2201791538e-01,1.7726980165e-01,2.8403124916e+00
5.7050000000e+02,1.5124174355e-02,1.0628167021e-02,1.2268657554e-01,3.7480291754e-01,1.8070649173e-01,1.1979853337e-01,1.7625314045e-01,2.8369195793e+00
5.7100000000e+02,1.5041237651e-02,1.0520422438e-02,1.2339728679e-01,3.7488629679e-01,1.8090792924e-01,1.1956873015e-01,1.7567809693e-01,2.8353456016e+00
5.7150000000e+02,1.4896005863e-02,1.0694806197e-02,1.2355694134e-01,3.7555646356e-01,1.8036191161e-01,1.1993707805e-01,1.7499679338e-01,2.8378639740e+00
5.7200000000e+02,1.4874026166e-02,1.0693616228e-02,1.2466346439e-01,3.7569175788e-01,1.8021850141e-01,1.2023057197e-01,1.7362806196e-01,2.8387182568e+00
5.7250000000e+02,1.4833838963e-02,1.0722534259e-02,1.2607486797e-01,3.7323053960e-01,1.8121752711e-01,1.1979769662e-01,1.7412299547e-01,2.8444307606e+00
5.7300000000e+02,1.4757900124e-02,1.0596703066e-02,1.2565772133e-01,3.7519893824e-01,1.8181355646e-01,1.1994819239e-01,1.7202698840e-01,2.8461350852e+00
5.7350000000e+02,1.4726557184e-02,1.0679968988e-02,1.2577543681e-01,3.7654209395e-01,1.8252051276e-01,1.1911532064e-01,1.7064010967e-01,2.8432086268e+00
5.7400000000e+02,1.4584788222e-02,1.0481382733e-02,1.2661324868e-01,3.7587790348e-01,1.8192268334e-01,1.1956083049e-01,1.7095916306e-01,2.8429635225e+00
5.7450000000e+02,1.4465466258e-02,1.0488829517e-02,1.2782107039e-01,3.7477694581e-01,1.8231636373e-01,1.1772580126e-01,1.7240552304e-01,2.8400053395e+00
5.7500000000e+02,1.4350635560e-02,1.0348524288e-02,1.2969400138e-01,3.7431083676e-01,1.8304013536e-01,1.1661851758e-01,1.7163734908e-01,2.8455601150e+00
5.7550000000e+02,1.4271615441e-02,1.0387887358e-02,1.3029896153e-01,3.7459317454e-01,1.8370649709e-01,1.1594411914e-01,1.7079774490e-01,2.8540841847e+00
5.7600000000e+02,1.4180301552e-02,1.0223282414e-02,1.3131285666e-01,3.7301143371e-01,1.8594208206e-01,1.1459783826e-01,1.7073220534e-01,2.8586338019e+00
5.7650000000e+02,1.3940580971e-02,9.9648497849e-03,1.3220215812e-01,3.7377067557e-01,1.8786636283e-01,1.1287617466e-01,1.6937919808e-01,2.8494096290e+00
5.7700000000e+02,1.3823756029e-02,9.9519683539e-03,1.3233735823e-01,3.7335206169e-01,1.8868749757e-01,1.1164333515e-01,1.7020402299e-01,2.8512254648e+00
5.7750000000e+02,1.3792542792e-02,9.9322155537e-03,1.3279088341e-01,3.7478850304e-01,1.8822385807e-01,1.0989131111e-01,1.7058068603e-01,2.8445745783e+00
5.7800000000e+02,1.3889411600e-02,9.7913410629e-03,1.3342396466e-01,3.7655215495e-01,1.8846336593e-01,1.0895435714e-01,1.6892540466e-01,2.8399649707e+00
5.7850000000e+02,1.3768197476e-02,9.9298014803e-03,1.3425222989e-01,3.7839435746e-01,1.8860396326e-01,1.0828048496e-01,1.6677096547e-01,2.8426391620e+00
5.7900000000e+02,1.3696465859e-02,9.9306139694e-03,1.3601690122e-01,3.7912593027e-01,1.8933792527e-01,1.0604404411e-01,1.6584811930e-01,2.8393682001e+00
5.7950000000e+02,1.3563480097e-02,9.9992655014e-03,1.3559588590e-01,3.7828526586e-01,1.9075907408e-01,1.0533933888e-01,1.6645768969e-01,2.8412943214e+00
5.8000000000e+02,1.3491503461e-02,9.8762493678e-03,1.3682994649e-01,3.7901485565e-01,1.9147829489e-01,1.0430647722e-01,1.6500267291e-01,2.8414827032e+00
5.8050000000e+02,1.3454748004e-02,9.9426504832e-03,1.3798941780e-01,3.7846817882e-01,1.9320284853e-01,1.0282296769e-01,1.6411918867e-01,2.8442609130e+00
5.8100000000e+02,1.3333002709e-02,9.9673569229e-03,1.3923001509e-01,3.7746048423e-01,1.9503268676e-01,1.0112922038e-01,1.6384723392e-01,2.8482904143e+00
5.8150000000e+02,1.3308795001e-02,1.0070280964e-02,1.4030274688e-01,3.7601264003e-01,1.9677104418e-01,1.0047299629e-01,1.6306149664e-01,2.8533328454e+00
5.8200000000e+02,1.3235625204e-02,1.0300917328e-02,1.4113274815e-01,3.7758740757e-01,1.9689991228e-01,9.9606109552e-02,1.6123727992e-01,2.8509644870e+00
5.8250000000e+02,1.3109157690e-02,1.0344552612e-02,1.4422000737e-01,3.7682163547e-01,1.9797796368e-01,9.8374415046e-02,1.5915226813e-01,2.8549350927e+00
5.8300000000e+02,1.2987576257e-02,1.0419049097e-02,1.4595936933e-01,3.7665160988e-01,1.9877977225e-01,9.7612506428e-02,1.5759011676e-01,2.8543617347e+00
5.8350000000e+02,1.2831685753e-02,1.0390402542e-02,1.4686976631e-01,3.7774581011e-01,1.9914555241e-01,9.6617331877e-02,1.5639945099e-01,2.8546198943e+00
5.8400000000e+02,1.2809402877e-02,1.0455283499e-02,1.4680911044e-01,3.7858992034e-01,2.0004680765e-01,9.4707448861e-02,1.5658202634e-01,2.8549318460e+00
5.8450000000e+02,1.2619192649e-02,1.0567241337e-02,1.4661402576e-01,3.7934177581e-01,1.9957276272e-01,9.3999564548e-02,1.5728543717e-01,2.8549844103e+00
5.8500000000e+02,1.2487144122e-02,1.0413541124e-02,1.4817824670e-01,3.7844475023e-01,1.9969298426e-01,9.4302464456e-02,1.5648086910e-01,2.8547598056e+00
5.8550000000e+02,1.2254277863e-02,1.0168714537e-02,1.5029070613e-01,3.7811332372e-01,1.9995916290e-01,9.2287419366e-02,1.5692639548e-01,2.8502929362e+00
5.8600000000e+02,1.2336519715e-02,1.0247351759e-02,1.5189658011e-01,3.7716060261e-01,1.9927925520e-01,9.1723382965e-02,1.5735630763e-01,2.8562428383e+00
5.8650000000e+02,1.2198113511e-02,1.0178535969e-02,1.5344281778e-01,3.7743177451e-01,1.9808405912e-01,9.1168944830e-02,1.5749575428e-01,2.8518523785e+00
5.8700000000e+02,1.2175135790e-02,1.0185458259e-02,1.5462086183e-01,3.7738069822e-01,1.9678205365e-01,9.0884865366e-02,1.5797092689e-01,2.8540705459e+00
5.8750000000e+02,1.2162444777e-02,1.0095185571e-02,1.5603035037e-01,3.7768147927e-01,1.9750372977e-01,8.9320829610e-02,1.5720598064e-01,2.8513506962e+00
5.8800000000e+02,1.2239176121e-02,1.0083889617e-02,1.5673093780e-01,3.7604447793e-01,2.0034077082e-01,8.7091645714e-02,1.5746910200e-01,2.8586835684e+00
5.8850000000e+02,1.2227040994e-02,1.0169990237e-02,1.5800462214e-01,3.7653224731e-01,2.0038010646e-01,8.6119870405e-02,1.5656612245e-01,2.8607081359e+00
5.8900000000e+02,1.2184801658e-02,1.0293388755e-02,1.5840376433e-01,3.7778094069e-01,2.0003885107e-01,8.5244377514e-02,1.5605387598e-01,2.8639971116e+00
5.8950000000e+02,1.2186796211e-02,1.0396642286e-02,1.5885701654e-01,3.7851309344e-01,2.0051124913e-01,8.3524281535e-02,1.5601092086e-01,2.8594030350e+00
5.9000000000e+02,1.2167265411e-02,1.0322970295e-02,1.6104560172e-01,3.7740219664e-01,2.0114535233e-01,8.2299978289e-02,1.5561663532e-01,2.8617504551e+00
5.9050000000e+02,1.2065780001e-02,1.0144456437e-02,1.6148903569e-01,3.7799882186e-01,2.0086695646e-01,8.2437727794e-02,1.5499722176e-01,2.8619944905e+00
5.9100000000e+02,1.1944426727e-02,1.0012051620e-02,1.6184436754e-01,3.7867974417e-01,2.0165868487e-01,8.1177880082e-02,1.5468284500e-01,2.8585685045e+00
5.9150000000e+02,1.1995926522e-02,1.0170146881e-02,1.6256117116e-01,3.7905085226e-01,2.0136274315e-01,7.9985799830e-02,1.5487336020e-01,2.8554083557e+00
5.9200000000e+02,1.1821247997e-02,1.0029610261e-02,1.6163279082e-01,3.8145931513e-01,2.0374867270e-01,7.7999988506e-02,1.5330837458e-01,2.8472609389e+00
5.9250000000e+02,1.1767171081e-02,1.0166153941e-02,1.6286070218e-01,3.8072260224e-01,2.0446119090e-01,7.7601553628e-02,1.5242062603e-01,2.8527929314e+00
5.9300000000e+02,1.1711364498e-02,1.0181331040e-02,1.6436875174e-01,3.8082123509e-01,2.0382487015e-01,7.7134930479e-02,1.5195751700e-01,2.8529937034e+00
5.9350000000e+02,1.1707645169e-02,1.0238012749e-02,1.6608065951e-01,3.7881501759e-01,2.0542617676e-01,7.5751013400e-02,1.5198147482e-01,2.8587068512e+00
5.9400000000e+02,1.1484813044e-02,1.0140393488e-02,1.6659708438e-01,3.8096923329e-01,2.0699532507e-01,7.3160000223e-02,1.5065315050e-01,2.8521052341e+00
5.9450000000e+02,1.1431783224e-02,1.0043625594e-02,1.6647203498e-01,3.8339101811e-01,2.0817872680e-01,7.1754421415e-02,1.4872838988e-01,2.8489284952e+00
5.9500000000e+02,1.1315766453e-02,9.9195091846e-03,1.6762746921e-01,3.8340910243e-01,2.0863693982e-01,7.1349442969e-02,1.4774176994e-01,2.8527550329e+00
5.9550000000e+02,1.1324913672e-02,9.9566681635e-03,1.6921876943e-01,3.8398593510e-01,2.1001574389e-01,7.0157913516e-02,1.4534005623e-01,2.8578022830e+00
5.9600000000e+02,1.1364517285e-02,9.9563395587e-03,1.7084208732e-01,3.8400011441e-01,2.0859227880e-01,6.9799353117e-02,1.4544530950e-01,2.8568036517e+00
5.9650000000e+02,1.1272094282e-02,1.0042738854e-02,1.7101094649e-01,3.8431844220e-01,2.0923928177e-01,6.9160941995e-02,1.4495555441e-01,2.8635325556e+00
5.9700000000e+02,1.1139870373e-02,1.0064113449e-02,1.7212865716e-01,3.8566602317e-01,2.0884563765e-01,6.8311933258e-02,1.4384376494e-01,2.8628655890e+00
5.9750000000e+02,1.1075580080e-02,9.9327852154e-03,1.7364595167e-01,3.8517065836e-01,2.1067980096e-01,6.5738722203e-02,1.4375650151e-01,2.8615262179e+00
5.9800000000e+02,1.0972826378e-02,9.8843371677e-03,1.7569235756e-01,3.8480687742e-01,2.1146028123e-01,6.3477129683e-02,1.4370619057e-01,2.8628282369e+00
5.9850000000e+02,1.1000556646e-02,9.8039010530e-03,1.7750289965e-01,3.8425566579e-01,2.1146528789e-01,6.2661973608e-02,1.4330971536e-01,2.8635716687e+00
5.9900000000e+02,1.0840314592e-02,9.8084855971e-03,1.7950320255e-01,3.8504939402e-01,2.1142013684e-01,6.1320910946e-02,1.4205755545e-01,2.8554579397e+00
5.9950000000e+02,1.0662539764e-02,9.8261306559e-03,1.8118096019e-01,3.8558745264e-01,2.1204590428e-01,6.0429620737e-02,1.4026739173e-01,2.8500880545e+00
6.0000000000e+02,1.0590222601e-02,9.8163406353e-03,1.8465792229e-01,3.8322667778e-01,2.1304083168e-01,5.9331856605e-02,1.3933614841e-01,2.8499919107e+00
6.0050000000e+02,1.0460379710e-02,9.8886721875e-03,1.8653612952e-01,3.8359825157e-01,2.1296311624e-01,5.8318569699e-02,1.3823488106e-01,2.8423452214e+00
6.0100000000e+02,1.0514721561e-02,9.9111733706e-03,1.8927967751e-01,3.8137615432e-01,2.1395881701e-01,5.8011403234e-02,1.3694805300e-01,2.8511278210e+00
6.0150000000e+02,1.0556200539e-02,9.7955921053e-03,1.9085158123e-01,3.8253188927e-01,2.1442081489e-01,5.6911282104e-02,1.3493263986e-01,2.8448661912e+00
6.0200000000e+02,1.0449927803e-02,9.7084017810e-03,1.9231441726e-01,3.8319790057e-01,2.1532735631e-01,5.5968764268e-02,1.3303323201e-01,2.8448793621e+00
6.0250000000e+02,1.0390495594e-02,9.6926836982e-03,1.9374038629e-01,3.8464682514e-01,2.1552233461e-01,5.4619398103e-02,1.3138787657e-01,2.8385603059e+00
6.0300000000e+02,1.0369584882e-02,9.7454526540e-03,1.9545401803e-01,3.8392632091e-01,2.1657291750e-01,5.3857431336e-02,1.3007427468e-01,2.8428496822e+00
6.0350000000e+02,1.0375548130e-02,9.5886627592e-03,1.9660407964e-01,3.8120598603e-01,2.1753337676e-01,5.2864655270e-02,1.3182769141e-01,2.8517504596e+00
6.0400000000e+02,1.0428580805e-02,9.6261020058e-03,1.9846152330e-01,3.8084849490e-01,2.1868169609e-01,5.1195009408e-02,1.3075859348e-01,2.8497967356e+00
6.0450000000e+02,1.0418095903e-02,9.6041401149e-03,2.0084511348e-01,3.7779899621e-01,2.1959210737e-01,5.0506283207e-02,1.3123526372e-01,2.8559665936e+00
6.0500000000e+02,1.0348590597e-02,9.6539973737e-03,2.0158681651e-01,3.7917695179e-01,2.1887905302e-01,4.9993443120e-02,1.3036114758e-01,2.8574483920e+00
6.0550000000e+02,1.0181887043e-02,9.5133227977e-03,2.0255478119e-01,3.7940778973e-01,2.1909771262e-01,4.8930842794e-02,1.3031366383e-01,2.8490720649e+00
6.0600000000e+02,1.0101404050e-02,9.5562054080e-03,2.0327513206e-01,3.7928019904e-01,2.1985012448e-01,4.7994355024e-02,1.2994257993e-01,2.8487589055e+00
6.0650000000e+02,1.0005390863e-02,9.3425986211e-03,2.0644094611e-01,3.7696166470e-01,2.2163598329e-01,4.6534029140e-02,1.2907938727e-01,2.8435526139e+00
6.0700000000e+02,1.0070209567e-02,9.4310146089e-03,2.0814755662e-01,3.7611541505e-01,2.2089276240e-01,4.6084699086e-02,1.2925834267e-01,2.8465071597e+00
6.0750000000e+02,1.0062306299e-02,9.4121234638e-03,2.0976506433e-01,3.7467806522e-01,2.2120964304e-01,4.5838373554e-02,1.2903442409e-01,2.8510652709e+00
6.0800000000e+02,1.0045244714e-02,9.2791855714e-03,2.1035314442e-01,3.7389087206e-01,2.2261657012e-01,4.5150329519e-02,1.2866465359e-01,2.8528309735e+00
6.0850000000e+02,1.0083175509e-02,9.1302378665e-03,2.1116084791e-01,3.7312614135e-01,2.2435026209e-01,4.3894896587e-02,1.2825443869e-01,2.8535536210e+00
6.0900000000e+02,1.0029031663e-02,8.9089781128e-03,2.1286698746e-01,3.7313193289e-01,2.2617844657e-01,4.2717005743e-02,1.2616761756e-01,2.8498202058e+00
6.0950000000e+02,1.0016599674e-02,8.9834058141e-03,2.1460005557e-01,3.7274987898e-01,2.2556840679e-01,4.2743759652e-02,1.2533789352e-01,2.8487555690e+00
6.1000000000e+02,1.0018962173e-02,9.2532723301e-03,2.1587175754e-01,3.7364940339e-01,2.2359346447e-01,4.2425620122e-02,1.2518751997e-01,2.8437199355e+00
6.1050000000e+02,1.0053750679e-02,9.3435439819e-03,2.1745988539e-01,3.7384177721e-01,2.2269331291e-01,4.1763829766e-02,1.2484390005e-01,2.8413318689e+00
6.1100000000e+02,9.9214732090e-03,9.2024939991e-03,2.1875298455e-01,3.7398100119e-01,2.2375997332e-01,4.1018159368e-02,1.2336391437e-01,2.8310435130e+00
6.1150000000e+02,9.8913655752e-03,9.0890732648e-03,2.2132370945e-01,3.7154354598e-01,2.2469814576e-01,4.0330217204e-02,1.2312394277e-01,2.8319630027e+00
6.1200000000e+02,9.8666651310e-03,9.1225643587e-03,2.2339364734e-01,3.6937808768e-01,2.2574714030e-01,3.9236398675e-02,1.2325549652e-01,2.8331483426e+00
6.1250000000e+02,9.8019123699e-03,9.1009006777e-03,2.2512428303e-01,3.6925014411e-01,2.2494028915e-01,3.8976019124e-02,1.2280645153e-01,2.8277487439e+00
6.1300000000e+02,9.6915709471e-03,9.0211155639e-03,2.2597774210e-01,3.7224425084e-01,2.2343357862e-01,3.8077212929e-02,1.2155452901e-01,2.8099527510e+00
6.1350000000e+02,9.5460065123e-03,8.9136800682e-03,2.2596286351e-01,3.7490636550e-01,2.2287946347e-01,3.7717850311e-02,1.2007377063e-01,2.8039648618e+00
6.1400000000e+02,9.5731599352e-03,8.8682077816e-03,2.2718897101e-01,3.7589988169e-01,2.2237931180e-01,3.7468263961e-02,1.1862220382e-01,2.8029174291e+00
6.1450000000e+02,9.5989049230e-03,8.7546338723e-03,2.2905185662e-01,3.7474047952e-01,2.2326881769e-01,3.6514043339e-02,1.1807126403e-01,2.8062251760e+00
6.1500000000e+02,9.6067971396e-03,8.7077794980e-03,2.3141893000e-01,3.7088157321e-01,2.2538647465e-01,3.6068130663e-02,1.1793031484e-01,2.8114323938e+00
6.1550000000e+02,9.5230389571e-03,8.6854416761e-03,2.3495881600e-01,3.6863536003e-01,2.2464213070e-01,3.5672199970e-02,1.1788301266e-01,2.8106783104e+00
6.1600000000e+02,9.5522594582e-03,8.7455025416e-03,2.3649033841e-01,3.6864508125e-01,2.2357186979e-01,3.5388558898e-02,1.1760638966e-01,2.8123919937e+00
6.1650000000e+02,9.4695363288e-03,8.6516040878e-03,2.3741559990e-01,3.6972029258e-01,2.2342444686e-01,3.5132095432e-02,1.1618642482e-01,2.8084316633e+00
6.1700000000e+02,9.3691042972e-03,8.4931174043e-03,2.3832668354e-01,3.6987559039e-01,2.2414955298e-01,3.4625063851e-02,1.1516088754e-01,2.8061342400e+00
6.1750000000e+02,9.2718128541e-03,8.4837220313e-03,2.4017665806e-01,3.6961077707e-01,2.2316282229e-01,3.4288243317e-02,1.1500596438e-01,2.8035249146e+00
6.1800000000e+02,9.2377778766e-03,8.4011304144e-03,2.4113216185e-01,3.7035360696e-01,2.2338117090e-01,3.3857283986e-02,1.1363686802e-01,2.8011815890e+00
6.1850000000e+02,9.2348804349e-03,8.4170761487e-03,2.4232151210e-01,3.6968137429e-01,2.2366047948e-01,3.3629502074e-02,1.1305517548e-01,2.8035201550e+00
6.1900000000e+02,9.1349881614e-03,8.3747451593e-03,2.4499742305e-01,3.6822504538e-01,2.2461719401e-01,3.2826598131e-02,1.1182400612e-01,2.7931354080e+00
6.1950000000e+02,9.0543764489e-03,8.3590800436e-03,2.4573221978e-01,3.6821485873e-01,2.2535186492e-01,3.2596562941e-02,1.1069103714e-01,2.7942705479e+00
6.2000000000e+02,9.0036760022e-03,8.3692567728e-03,2.4895230202e-01,3.6726287129e-01,2.2440953055e-01,3.2211375634e-02,1.0979098773e-01,2.7855839278e+00
6.2050000000e+02,8.9641850324e-03,8.2368533749e-03,2.5007240106e-01,3.6734744532e-01,2.2462173130e-01,3.1662596539e-02,1.0909478737e-01,2.7771141556e+00
6.2100000000e+02,8.9297758858e-03,8.1605293922e-03,2.5283038708e-01,3.6416225052e-01,2.2593672679e-01,3.1190008889e-02,1.0879032144e-01,2.7777609317e+00
6.2150000000e+02,9.0104603504e-03,8.2269169786e-03,2.5530379124e-01,3.6150023328e-01,2.2661808715e-01,3.1064392228e-02,1.0827611878e-01,2.7848965583e+00
6.2200000000e+02,8.9155655332e-03,8.1525197062e-03,2.5861958558e-01,3.6021651719e-01,2.2723283429e-01,3.0818927874e-02,1.0604404983e-01,2.7787804228e+00
6.2250000000e+02,8.8998436174e-03,8.2087272272e-03,2.6056356639e-01,3.6111981768e-01,2.2553158923e-01,3.0658176197e-02,1.0501827965e-01,2.7701325121e+00
6.2300000000e+02,8.8946484743e-03,8.1300726080e-03,2.6182318703e-01,3.6145043685e-01,2.2467816416e-01,3.0334982297e-02,1.0468850858e-01,2.7631592617e+00
6.2350000000e+02,8.8676740400e-03,7.9612072982e-03,2.6280821082e-01,3.6148299164e-01,2.2503115852e-01,2.9572423848e-02,1.0427633383e-01,2.7572408596e+00
6.2400000000e+02,8.8057929894e-03,7.9479689024e-03,2.6489578631e-01,3.6053088382e-01,2.2519178190e-01,2.9051323061e-02,1.0357646301e-01,2.7466695890e+00
6.2450000000e+02,8.7557438188e-03,7.9032057857e-03,2.6629519593e-01,3.6189007706e-01,2.2423730924e-01,2.8856812716e-02,1.0206165545e-01,2.7386305632e+00
6.2500000000e+02,8.7456539516e-03,7.8975772900e-03,2.6722743314e-01,3.6155679132e-01,2.2486633999e-01,2.8293724579e-02,1.0141247973e-01,2.7335894613e+00
6.2550000000e+02,8.7613919360e-03,7.9221559920e-03,2.6768048758e-01,3.6038255075e-01,2.2642539557e-01,2.8206031320e-02,1.0062198685e-01,2.7403399868e+00
6.2600000000e+02,8.7685570373e-03,7.9575192287e-03,2.7029400778e-01,3.5768001520e-01,2.2773652096e-01,2.7956897192e-02,9.9606482604e-02,2.7416665610e+00
6.2650000000e+02,8.6521162037e-03,7.9730222206e-03,2.7202154794e-01,3.5744500804e-01,2.2761637349e-01,2.7813151828e-02,9.8478780274e-02,2.7327239895e+00
6.2700000000e+02,8.6240411571e-03,7.9012611003e-03,2.7482349885e-01,3.5521160655e-01,2.2679200866e-01,2.7845665789e-02,9.8801917892e-02,2.7288349023e+00
6.2750000000e+02,8.5852089774e-03,7.8103189020e-03,2.7653680845e-01,3.5463189763e-01,2.2635455246e-01,2.7798512905e-02,9.8282700676e-02,2.7265882098e+00
6.2800000000e+02,8.5228692939e-03,7.7057981573e-03,2.7778444577e-01,3.5230449565e-01,2.2748350418e-01,2.7491755604e-02,9.8707131352e-02,2.7273154270e+00
6.2850000000e+02,8.5028345789e-03,7.6253410927e-03,2.7972003073e-01,3.5083000397e-01,2.2763081924e-01,2.7350753328e-02,9.8340217059e-02,2.7245273575e+00
6.2900000000e+02,8.4771676952e-03,7.5605081361e-03,2.8237507445e-01,3.4820405352e-01,2.2867685639e-01,2.6774571821e-02,9.7931767983e-02,2.7197455345e+00
6.2950000000e+02,8.4726539467e-03,7.6056292338e-03,2.8502166776e-01,3.4666817898e-01,2.2804414303e-01,2.6883744349e-02,9.7303982699e-02,2.7163929013e+00
6.3000000000e+02,8.4974447295e-03,7.6362825088e-03,2.8799627558e-01,3.4530646720e-01,2.2778379905e-01,2.6829836898e-02,9.5949894023e-02,2.7124669820e+00
6.3050000000e+02,8.4656152037e-03,7.6338298129e-03,2.8929971770e-01,3.4637336638e-01,2.2718924936e-01,2.6592422607e-02,9.4445798933e-02,2.7051658459e+00
6.3100000000e+02,8.4585557269e-03,7.6770265781e-03,2.9114725534e-01,3.4451580003e-01,2.2683772422e-01,2.6577052038e-02,9.4786586068e-02,2.7068170856e+00
6.3150000000e+02,8.5332164042e-03,7.7602572671e-03,2.9311965503e-01,3.4024690274e-01,2.2771058840e-01,2.6798533530e-02,9.5830846621e-02,2.7165926973e+00
6.3200000000e+02,8.5705426414e-03,7.9200164026e-03,2.9393120242e-01,3.3854964882e-01,2.2717449358e-01,2.6998776751e-02,9.6855319387e-02,2.7223498204e+00
6.3250000000e+02,8.5391881918e-03,7.8835382694e-03,2.9727947161e-01,3.3652097221e-01,2.2632326196e-01,2.6804768333e-02,9.6648799428e-02,2.7166831184e+00
6.3300000000e+02,8.5064689139e-03,8.0118679176e-03,2.9871801477e-01,3.3764613925e-01,2.2454927518e-01,2.6886629779e-02,9.5681604189e-02,2.7094501575e+00
6.3350000000e+02,8.4793823089e-03,8.0738156237e-03,3.0315160187e-01,3.3385813250e-01,2.2452459455e-01,2.7244840655e-02,9.4667632490e-02,2.7103366736e+00
6.3400000000e+02,8.4875309940e-03,8.0627624784e-03,3.0593723815e-01,3.3152584146e-01,2.2456415295e-01,2.7401240168e-02,9.4021233803e-02,2.7081868415e+00
6.3450000000e+02,8.5781301153e-03,8.0723839594e-03,3.0849146135e-01,3.2849820763e-01,2.2587891884e-01,2.7454025147e-02,9.3026872961e-02,2.7120953236e+00
6.3500000000e+02,8.6000608021e-03,8.0531916995e-03,3.1061894638e-01,3.2702954383e-01,2.2519943740e-01,2.7852079466e-02,9.2646740427e-02,2.7041548441e+00
6.3550000000e+02,8.5761786555e-03,8.0460572973e-03,3.1304639091e-01,3.2584218154e-01,2.2517906275e-01,2.7852602542e-02,9.1457526293e-02,2.6946082534e+00
6.3600000000e+02,8.5935491861e-03,8.0675524280e-03,3.1600851087e-01,3.2162499876e-01,2.2562826385e-01,2.7977738090e-02,9.2099386813e-02,2.6967219576e+00
6.3650000000e+02,8.5850100172e-03,7.9884146851e-03,3.1798229947e-01,3.1939553520e-01,2.2641407288e-01,2.7497800628e-02,9.2136867124e-02,2.6956578249e+00
6.3700000000e+02,8.4898242811e-03,8.0653623310e-03,3.1897195868e-01,3.1781351167e-01,2.2729957710e-01,2.7421357746e-02,9.1938408190e-02,2.6933427158e+00
6.3750000000e+02,8.5199283120e-03,8.0095831808e-03,3.2059801336e-01,3.1525894661e-01,2.2840876016e-01,2.7149970004e-02,9.2054798367e-02,2.6877528176e+00
6.3800000000e+02,8.5467709802e-03,8.0072006025e-03,3.2237440314e-01,3.1333685564e-01,2.2809107263e-01,2.7154876152e-02,9.2488820859e-02,2.6872503351e+00
6.3850000000e+02,8.5418381944e-03,8.1310141876e-03,3.2457604338e-01,3.1205241679e-01,2.2781333837e-01,2.7177673062e-02,9.1707676018e-02,2.6847306654e+00
6.3900000000e+02,8.5495460732e-03,8.1101148058e-03,3.2645034846e-01,3.0949040838e-01,2.2827144344e-01,2.7369068237e-02,9.1759070613e-02,2.6831161101e+00
6.3950000000e+02,8.5967990683e-03,8.2265488563e-03,3.2728850672e-01,3.0709971418e-01,2.2927843154e-01,2.7599192853e-02,9.1910806783e-02,2.6884960619e+00
6.4000000000e+02,8.5429927988e-03,8.2033368700e-03,3.2871175302e-01,3.0544462481e-01,2.2849630592e-01,2.7652110219e-02,9.2948876353e-02,2.6842760700e+00
6.4050000000e+02,8.6439500131e-03,8.2050616614e-03,3.3090393740e-01,3.0314530659e-01,2.2817201497e-01,2.8026448911e-02,9.2903280448e-02,2.6827799393e+00
6.4100000000e+02,8.7161064199e-03,8.1782882004e-03,3.3324854343e-01,3.0195463923e-01,2.2732485393e-01,2.8109683063e-02,9.2467885721e-02,2.6773035284e+00
6.4150000000e+02,8.7043961825e-03,8.2368045788e-03,3.3522334274e-01,2.9998177350e-01,2.2716263600e-01,2.7842662763e-02,9.2848384232e-02,2.6718951684e+00
6.4200000000e+02,8.6892048189e-03,8.1954274273e-03,3.3621390904e-01,2.9798198259e-01,2.2692735305e-01,2.8315893953e-02,9.3676229123e-02,2.6710369140e+00
6.4250000000e+02,8.7085969851e-03,8.3093799570e-03,3.3628259325e-01,2.9548327125e-01,2.2834204207e-01,2.8791005679e-02,9.4083110809e-02,2.6808271402e+00
6.4300000000e+02,8.7131145876e-03,8.3062672043e-03,3.3730370643e-01,2.9298038609e-01,2.2909334663e-01,2.8622786140e-02,9.4980392913e-02,2.6799661443e+00
6.4350000000e+02,8.6830468161e-03,8.2789946987e-03,3.3992861830e-01,2.9178739253e-01,2.2877737625e-01,2.8660191187e-02,9.3884380214e-02,2.6691375652e+00
6.4400000000e+02,8.7367677668e-03,8.4402471113e-03,3.4068941665e-01,2.9213313179e-01,2.2836435075e-01,2.8764040184e-02,9.2872045748e-02,2.6627805477e+00
6.4450000000e+02,8.7780322522e-03,8.4902564314e-03,3.4265979275e-01,2.9001701962e-01,2.2907221284e-01,2.8951481345e-02,9.2031204759e-02,2.6593488814e+00
6.4500000000e+02,8.7453735590e-03,8.4790767963e-03,3.4473437637e-01,2.8756037331e-01,2.2863588725e-01,3.0007549210e-02,9.1837363498e-02,2.6584024150e+00
6.4550000000e+02,8.6707572464e-03,8.5659135558e-03,3.4679073951e-01,2.8600370541e-01,2.2781327568e-01,3.0684476718e-02,9.1471131879e-02,2.6534561655e+00
6.4600000000e+02,8.5934456582e-03,8.6111103205e-03,3.4690798895e-01,2.8473390024e-01,2.2976848619e-01,3.0547495883e-02,9.0837572758e-02,2.6489743129e+00
6.4650000000e+02,8.5861586105e-03,8.5753974838e-03,3.4815017427e-01,2.8234133305e-01,2.3017368280e-01,3.0642375319e-02,9.1530878459e-02,2.6496413129e+00
6.4700000000e+02,8.6785025584e-03,8.6420270523e-03,3.4883982642e-01,2.7967009278e-01,2.3084440221e-01,3.1165023885e-02,9.2160125101e-02,2.6536945376e+00
6.4750000000e+02,8.6311045396e-03,8.7743872664e-03,3.5038010715e-01,2.7717796902e-01,2.3052044816e-01,3.1742026277e-02,9.2773957596e-02,2.6526728605e+00
6.4800000000e+02,8.5851307936e-03,8.7770921054e-03,3.5239540552e-01,2.7442419968e-01,2.3044414830e-01,3.2270369338e-02,9.3103654264e-02,2.6479712803e+00
6.4850000000e+02,8.5650058153e-03,8.7165387397e-03,3.5461617403e-01,2.7234373456e-01,2.3075889079e-01,3.2529447157e-02,9.2470208911e-02,2.6407357561e+00
6.4900000000e+02,8.6624447955e-03,8.6994687099e-03,3.5486362160e-01,2.7207608980e-01,2.3006358353e-01,3.3084149199e-02,9.2550642366e-02,2.6368147012e+00
6.4950000000e+02,8.7585213427e-03,8.8243394055e-03,3.5861225703e-01,2.6870821031e-01,2.2811811610e-01,3.3873185972e-02,9.3105369835e-02,2.6395626465e+00
6.5000000000e+02,8.8246621754e-03,8.7956942950e-03,3.5934249700e-01,2.6798328430e-01,2.2819596210e-01,3.4080704537e-02,9.2777195599e-02,2.6351641699e+00
6.5050000000e+02,8.8382286036e-03,8.7548118614e-03,3.6094836411e-01,2.6770641458e-01,2.2723720273e-01,3.4670749816e-02,9.1844228297e-02,2.6248581402e+00
6.5100000000e+02,8.8591708319e-03,8.7379775540e-03,3.6184377440e-01,2.6730942613e-01,2.2569806349e-01,3.5603467551e-02,9.1948120039e-02,2.6218187390e+00
6.5150000000e+02,8.9084704756e-03,8.6986217455e-03,3.6186759495e-01,2.6741543674e-01,2.2497726132e-01,3.5474939450e-02,9.2657675318e-02,2.6147784995e+00
6.5200000000e+02,8.8402697690e-03,8.7096556183e-03,3.6276979772e-01,2.6671887287e-01,2.2519178275e-01,3.5749609369e-02,9.2020011905e-02,2.6096642896e+00
6.5250000000e+02,8.8931060560e-03,8.7037183124e-03,3.6389288252e-01,2.6506307833e-01,2.2528803347e-01,3.6922734447e-02,9.1236446863e-02,2.6096672095e+00
6.5300000000e+02,8.8869524305e-03,8.6821776421e-03,3.6687827541e-01,2.6346899892e-01,2.2342588099e-01,3.7630063243e-02,9.1027651368e-02,2.6016521023e+00
6.5350000000e+02,9.0388817087e-03,8.8019297230e-03,3.6779732077e-01,2.6164987355e-01,2.2335200297e-01,3.8006706684e-02,9.1353284593e-02,2.6019787717e+00
6.5400000000e+02,9.0562477564e-03,8.8533393944e-03,3.6875258588e-01,2.6072542642e-01,2.2287392955e-01,3.9268515687e-02,9.0469955311e-02,2.5982498428e+00
6.5450000000e+02,9.1303303736e-03,8.9550941003e-03,3.6935772111e-01,2.5882123937e-01,2.2390478415e-01,3.9640458542e-02,9.0190372351e-02,2.6012735886e+00
6.5500000000e+02,9.0910242777e-03,8.8948023372e-03,3.7075267031e-01,2.5714863831e-01,2.2362337165e-01,4.0551639887e-02,8.9937853224e-02,2.5972409460e+00
6.5550000000e+02,9.0600184519e-03,8.8920685183e-03,3.7171853200e-01,2.5633680013e-01,2.2226793190e-01,4.1585397074e-02,9.0139251924e-02,2.5914954041e+00
6.5600000000e+02,9.1311537934e-03,8.8980440244e-03,3.7383669714e-01,2.5460278302e-01,2.2187334517e-01,4.1812275503e-02,8.9845701355e-02,2.5857548256e+00
6.5650000000e+02,9.1366744189e-03,8.9483440848e-03,3.7593298020e-01,2.5301913461e-01,2.2206351892e-01,4.2372076517e-02,8.8527271250e-02,2.5834201704e+00
6.5700000000e+02,9.0524291782e-03,8.8868254757e-03,3.7592923207e-01,2.5231916597e-01,2.2189318227e-01,4.3311350899e-02,8.8607814147e-02,2.5786710314e+00
6.5750000000e+02,9.0335121008e-03,8.9273192265e-03,3.7526468532e-01,2.5169613221e-01,2.2183225604e-01,4.3673091957e-02,8.9573003140e-02,2.5781574519e+00
6.5800000000e+02,9.0354176218e-03,8.9361794320e-03,3.7596508800e-01,2.4970445209e-01,2.2343882375e-01,4.3460917306e-02,8.9459121802e-02,2.5739356685e+00
6.5850000000e+02,9.1266461378e-03,8.9272032636e-03,3.7784344056e-01,2.4676683456e-01,2.2384769395e-01,4.3563495148e-02,8.9924686395e-02,2.5722357490e+00
6.5900000000e+02,9.0736661524e-03,8.9244778734e-03,3.7866038778e-01,2.4469782887e-01,2.2380993675e-01,4.3756014320e-02,9.1077688255e-02,2.5680626525e+00
6.5950000000e+02,9.0905635464e-03,8.9646747821e-03,3.7835061135e-01,2.4498124066e-01,2.2254172707e-01,4.4726841391e-02,9.1344341203e-02,2.5675950186e+00
6.6000000000e+02,9.1387278984e-03,8.9273070237e-03,3.8058398142e-01,2.4391570843e-01,2.2061260983e-01,4.5343449301e-02,9.1478216096e-02,2.5615279978e+00
6.6050000000e+02,9.2730017838e-03,8.9712235362e-03,3.8125408769e-01,2.4292669989e-01,2.1937289072e-01,4.6481259273e-02,9.1720837112e-02,2.5613389210e+00
6.6100000000e+02,9.4026470767e-03,8.9597276386e-03,3.7993963082e-01,2.4198982657e-01,2.1924033409e-01,4.7445688202e-02,9.3022145595e-02,2.5664892276e+00
6.6150000000e+02,9.4175320236e-03,9.0585387640e-03,3.7920986850e-01,2.4160887556e-01,2.1920399056e-01,4.7586679670e-02,9.3914514928e-02,2.5679661464e+00
6.6200000000e+02,9.3770546134e-03,9.0623079689e-03,3.8282237278e-01,2.3770403859e-01,2.1887710403e-01,4.8190727603e-02,9.3966394408e-02,2.5665483272e+00
6.6250000000e+02,9.4649131048e-03,8.9468460169e-03,3.8451041776e-01,2.3673208453e-01,2.1908132304e-01,4.8244469986e-02,9.3019945558e-02,2.5625884568e+00
6.6300000000e+02,9.4706660368e-03,8.9674012644e-03,3.8536346878e-01,2.3465916440e-01,2.2039619735e-01,4.8486346370e-02,9.2656755794e-02,2.5628870737e+00
6.6350000000e+02,9.5376411692e-03,8.9574207328e-03,3.8674760316e-01,2.3222342284e-01,2.2035980862e-01,4.9219049949e-02,9.2955053536e-02,2.5627723412e+00
6.6400000000e+02,9.6464810943e-03,9.0680765107e-03,3.8747536150e-01,2.3006090314e-01,2.2021718764e-01,4.9260727478e-02,9.4271262639e-02,2.5680990785e+00
6.6450000000e+02,9.7048409042e-03,9.1907477654e-03,3.8920522073e-01,2.2850082120e-01,2.1966944180e-01,4.9910944218e-02,9.3817983379e-02,2.5669178847e+00
6.6500000000e+02,9.7115678816e-03,9.1070884355e-03,3.9067510310e-01,2.2694886401e-01,2.1902337635e-01,5.0302587514e-02,9.4231412711e-02,2.5620099751e+00
6.6550000000e+02,9.7443435632e-03,9.0852846889e-03,3.9024479949e-01,2.2705589383e-01,2.1808186029e-01,5.1536208637e-02,9.4251609505e-02,2.5596560962e+00
6.6600000000e+02,9.7876640739e-03,9.1874534622e-03,3.9164048933e-01,2.2589348049e-01,2.1635686520e-01,5.2578996239e-02,9.4555051212e-02,2.5577005776e+00
6.6650000000e+02,9.8565182133e-03,9.1534466928e-03,3.9315652373e-01,2.2365190573e-01,2.1588055863e-01,5.3648914995e-02,9.4652131999e-02,2.5561398095e+00
6.6700000000e+02,9.8569557727e-03,9.2202848910e-03,3.9261535227e-01,2.2416895039e-01,2.1503233037e-01,5.4476051529e-02,9.4630074774e-02,2.5534595470e+00
6.6750000000e+02,9.8312745302e-03,9.2367788822e-03,3.9331631785e-01,2.2320014089e-01,2.1482912429e-01,5.4388351767e-02,9.5198011784e-02,2.5512377968e+00
6.6800000000e+02,9.7854310357e-03,9.3113855500e-03,3.9461576438e-01,2.2223012052e-01,2.1487660585e-01,5.5174510220e-02,9.4006182444e-02,2.5489221461e+00
6.6850000000e+02,9.7367039170e-03,9.3079783187e-03,3.9539565937e-01,2.2282444018e-01,2.1345798155e-01,5.5980364221e-02,9.3296872449e-02,2.5431150741e+00
6.6900000000e+02,9.7322786519e-03,9.3024848750e-03,3.9879933722e-01,2.1908724712e-01,2.1237477387e-01,5.6651161820e-02,9.4052716436e-02,2.5417123742e+00
6.6950000000e+02,9.6866317325e-03,9.3355578027e-03,3.9927871463e-01,2.1906737785e-01,2.1155166393e-01,5.7176670741e-02,9.3903383311e-02,2.5393852817e+00
6.7000000000e+02,9.7655463965e-03,9.4235619041e-03,3.9931599303e-01,2.1797644232e-01,2.1226060296e-01,5.7444063795e-02,9.3813789589e-02,2.5372502345e+00
6.7050000000e+02,9.7181673365e-03,9.3763741251e-03,3.9981936256e-01,2.1744330386e-01,2.1091361385e-01,5.8092352058e-02,9.4636826220e-02,2.5349179161e+00
6.7100000000e+02,9.7993396261e-03,9.2607721557e-03,4.0137836387e-01,2.1552193883e-01,2.1090203280e-01,5.8615004226e-02,9.4522548497e-02,2.5336915063e+00
6.7150000000e+02,9.8886321776e-03,9.4072179796e-03,4.0261059178e-01,2.1306963835e-01,2.1134774182e-01,5.8970826720e-02,9.4705351172e-02,2.5366706072e+00
6.7200000000e+02,9.9668357439e-03,9.4591855972e-03,4.0135964439e-01,2.1294337949e-01,2.1185635427e-01,5.9494813395e-02,9.4919787116e-02,2.5422458112e+00
6.7250000000e+02,1.0019352194e-02,9.4799295173e-03,4.0053642791e-01,2.1458197962e-01,2.1025531630e-01,6.0252639356e-02,9.4874355102e-02,2.5423973183e+00
6.7300000000e+02,9.9105758876e-03,9.5359277717e-03,4.0215387099e-01,2.1309732088e-01,2.0957764467e-01,6.0726040149e-02,9.4998619651e-02,2.5395340726e+00
6.7350000000e+02,9.9404403292e-03,9.5518671313e-03,4.0368206129e-01,2.1194458835e-01,2.0825482958e-01,6.1966998000e-02,9.4659215322e-02,2.5368077411e+00
6.7400000000e+02,1.0116517115e-02,9.6570200767e-03,4.0452684805e-01,2.0994129511e-01,2.0718612233e-01,6.3456259748e-02,9.5115937561e-02,2.5393705470e+00
6.7450000000e+02,1.0178289620e-02,9.7741334587e-03,4.0274122185e-01,2.1045014538e-01,2.0740215383e-01,6.4300736088e-02,9.5153319773e-02,2.5455743225e+00
6.7500000000e+02,1.0176682223e-02,9.9736303649e-03,4.0334986225e-01,2.1035544920e-01,2.0621914867e-01,6.4970581119e-02,9.4954646181e-02,2.5401872082e+00
6.7550000000e+02,1.0193144408e-02,1.0093575752e-02,4.0284297791e-01,2.0821887132e-01,2.0695105436e-01,6.5310395887e-02,9.6389980365e-02,2.5438512039e+00
6.7600000000e+02,1.0116182096e-02,9.9908193793e-03,4.0316836228e-01,2.0764925532e-01,2.0584557349e-01,6.5984575500e-02,9.7245231931e-02,2.5399597668e+00
6.7650000000e+02,1.0150389183e-02,1.0046686380e-02,4.0318729519e-01,2.0650849182e-01,2.0378374008e-01,6.7733139128e-02,9.8590258215e-02,2.5394294450e+00
6.7700000000e+02,1.0146356578e-02,9.9363596939e-03,4.0324618035e-01,2.0654160063e-01,2.0238852505e-01,6.8251977644e-02,9.9489000048e-02,2.5380404875e+00
6.7750000000e+02,1.0023425585e-02,9.8838820752e-03,4.0208021688e-01,2.0725459690e-01,2.0374263482e-01,6.7720043609e-02,9.9295200129e-02,2.5348863847e+00
6.7800000000e+02,1.0058628754e-02,9.9527305565e-03,4.0105340622e-01,2.0872960027e-01,2.0367094722e-01,6.7545296333e-02,9.8989390651e-02,2.5332640668e+00
6.7850000000e+02,1.0071594596e-02,1.0051491539e-02,4.0043406976e-01,2.1018409261e-01,2.0112646277e-01,6.9071297610e-02,9.9060991114e-02,2.5299925113e+00
6.7900000000e+02,1.0164403090e-02,1.0237236853e-02,3.9910866709e-01,2.1021982464e-01,2.0073973173e-01,6.9847045409e-02,9.9683091186e-02,2.5344505557e+00
6.7950000000e+02,1.0120429832e-02,1.0325522269e-02,4.0004151987e-01,2.0915671532e-01,1.9925797508e-01,7.1358613831e-02,9.9739223799e-02,2.5343097749e+00
6.8000000000e+02,1.0085806883e-02,1.0438759101e-02,4.0136830102e-01,2.0785472528e-01,1.9784060708e-01,7.1389712791e-02,1.0102208785e-01,2.5329510757e+00
6.8050000000e+02,1.0068373271e-02,1.0551709410e-02,4.0134599431e-01,2.0741468166e-01,1.9679314113e-01,7.0844498879e-02,1.0298160134e-01,2.5350668976e+00
6.8100000000e+02,9.9708338045e-03,1.0633829502e-02,4.0092542150e-01,2.0683645736e-01,1.9566496717e-01,7.2331767310e-02,1.0363672335e-01,2.5370459666e+00
6.8150000000e+02,1.0066282212e-02,1.0725936611e-02,4.0222759080e-01,2.0490406439e-01,1.9382008865e-01,7.3342408036e-02,1.0491362930e-01,2.5360371468e+00
6.8200000000e+02,1.0175648042e-02,1.0766463488e-02,4.0415728603e-01,2.0375137510e-01,1.9175654039e-01,7.4533701660e-02,1.0485898529e-01,2.5344193448e+00
6.8250000000e+02,1.0237371914e-02,1.0832405123e-02,4.0560166664e-01,2.0301586250e-01,1.8965995049e-01,7.6350640186e-02,1.0430210315e-01,2.5365908155e+00
6.8300000000e+02,1.0173641158e-02,1.0919112293e-02,4.0720766794e-01,2.0099857317e-01,1.8983585657e-01,7.6009580729e-02,1.0485556814e-01,2.5311211775e+00
6.8350000000e+02,1.0119253776e-02,1.1036352003e-02,4.0777570238e-01,1.9980349202e-01,1.8915629396e-01,7.6637503771e-02,1.0547140210e-01,2.5249781767e+00
6.8400000000e+02,1.0184663986e-02,1.1069219564e-02,4.0825280192e-01,1.9806387655e-01,1.8843395719e-01,7.7421508746e-02,1.0657397205e-01,2.5300870159e+00
6.8450000000e+02,1.0119503307e-02,1.1107769807e-02,4.0950330297e-01,1.9787341349e-01,1.8826627207e-01,7.7749512177e-02,1.0538022618e-01,2.5297703760e+00
6.8500000000e+02,1.0087795084e-02,1.1047184925e-02,4.1221468115e-01,1.9696943187e-01,1.8671402488e-01,7.8539866115e-02,1.0442701598e-01,2.5185757493e+00
6.8550000000e+02,1.0153639579e-02,1.1034738555e-02,4.1221200902e-01,1.9726900363e-01,1.8614439088e-01,7.9040911008e-02,1.0414530734e-01,2.5194352207e+00
6.8600000000e+02,1.0191853708e-02,1.1059002905e-02,4.1387263858e-01,1.9512174389e-01,1.8506646372e-01,8.0195659090e-02,1.0449263811e-01,2.5214453206e+00
6.8650000000e+02,1.0260037860e-02,1.1112392266e-02,4.1547608842e-01,1.9491552075e-01,1.8342841746e-01,8.0778025656e-02,1.0402951759e-01,2.5214646741e+00
6.8700000000e+02,1.0223127299e-02,1.1116527008e-02,4.1563679606e-01,1.9428500831e-01,1.8494905843e-01,8.0335328319e-02,1.0345415458e-01,2.5190254202e+00
6.8750000000e+02,1.0303849406e-02,1.1184858515e-02,4.1497437755e-01,1.9349747161e-01,1.8465473652e-01,8.0718661734e-02,1.0466604467e-01,2.5218689631e+00
6.8800000000e+02,1.0261022256e-02,1.1232691101e-02,4.1614103244e-01,1.9233707446e-01,1.8440778351e-01,8.0454866428e-02,1.0516552980e-01,2.5198856632e+00
6.8850000000e+02,1.0384174924e-02,1.1236834562e-02,4.1604080231e-01,1.9365023709e-01,1.8240642168e-01,8.1052933718e-02,1.0522859572e-01,2.5178866456e+00
6.8900000000e+02,1.0519832675e-02,1.1298841697e-02,4.1742797626e-01,1.9372772923e-01,1.8105518000e-01,8.1274479992e-02,1.0469596014e-01,2.5158123339e+00
6.8950000000e+02,1.0548239424e-02,1.1321308499e-02,4.1917940581e-01,1.9262011390e-01,1.8013879185e-01,8.1516073345e-02,1.0467606717e-01,2.5164821129e+00
6.9000000000e+02,1.0701577846e-02,1.1455569096e-02,4.1898517156e-01,1.9162667378e-01,1.7888541183e-01,8.2827993729e-02,1.0551760216e-01,2.5239763274e+00
6.9050000000e+02,1.0742979879e-02,1.1498709748e-02,4.2129404791e-01,1.9023893573e-01,1.7821712717e-01,8.2482567381e-02,1.0552563218e-01,2.5165096764e+00
6.9100000000e+02,1.0733109915e-02,1.1466828487e-02,4.2317453528e-01,1.8762800241e-01,1.7784694593e-01,8.3314605001e-02,1.0583597298e-01,2.5186034934e+00
6.9150000000e+02,1.0745894769e-02,1.1460239349e-02,4.2281670888e-01,1.8619398664e-01,1.7701048488e-01,8.4541590157e-02,1.0723109532e-01,2.5215856201e+00
6.9200000000e+02,1.0782471997e-02,1.1617278926e-02,4.2397426215e-01,1.8452773239e-01,1.7703454076e-01,8.4453663917e-02,1.0761004986e-01,2.5199831738e+00
6.9250000000e+02,1.0784051237e-02,1.1734133566e-02,4.2482293662e-01,1.8416675296e-01,1.7800561719e-01,8.3827817981e-02,1.0665869044e-01,2.5242289699e+00
6.9300000000e+02,1.0761552821e-02,1.1779367525e-02,4.2556043305e-01,1.8472832464e-01,1.7621743929e-01,8.4123358905e-02,1.0682952377e-01,2.5217420843e+00
6.9350000000e+02,1.0812750871e-02,1.1680658555e-02,4.2568919740e-01,1.8530240723e-01,1.7422620979e-01,8.5365979298e-02,1.0692279685e-01,2.5210153525e+00
6.9400000000e+02,1.0872719964e-02,1.1719111257e-02,4.2587093865e-01,1.8491386580e-01,1.7329925696e-01,8.5840217508e-02,1.0748388985e-01,2.5189533165e+00
6.9450000000e+02,1.0874274208e-02,1.1734152198e-02,4.2620595585e-01,1.8475477072e-01,1.7293865552e-01,8.5553988805e-02,1.0793820269e-01,2.5172192778e+00
6.9500000000e+02,1.0878993962e-02,1.1822505939e-02,4.2552544825e-01,1.8562986662e-01,1.7225057487e-01,8.5864957341e-02,1.0802765302e-01,2.5176838206e+00
6.9550000000e+02,1.0966997228e-02,1.1863586668e-02,4.2709219318e-01,1.8593123591e-01,1.7095327333e-01,8.5744272348e-02,1.0744844134e-01,2.5126779398e+00
6.9600000000e+02,1.1081700843e-02,1.1974689843e-02,4.2748651132e-01,1.8388481287e-01,1.7174975655e-01,8.6631196847e-02,1.0719133173e-01,2.5211590341e+00
6.9650000000e+02,1.1059622410e-02,1.2140310520e-02,4.2674789003e-01,1.8330852140e-01,1.7327635254e-01,8.5677701646e-02,1.0778960146e-01,2.5264483066e+00
6.9700000000e+02,1.1184271784e-02,1.2218626922e-02,4.2810007241e-01,1.8199606683e-01,1.7386161417e-01,8.5504881753e-02,1.0713446614e-01,2.5230548793e+00
6.9750000000e+02,1.1254665142e-02,1.2331039671e-02,4.2760841077e-01,1.8220405695e-01,1.7328550244e-01,8.5593722954e-02,1.0772260208e-01,2.5217928778e+00
6.9800000000e+02,1.1331729964e-02,1.2564548195e-02,4.2773564033e-01,1.8096308688e-01,1.7162057705e-01,8.7329821727e-02,1.0845459585e-01,2.5284585841e+00
6.9850000000e+02,1.1417111710e-02,1.2753937317e-02,4.2595902864e-01,1.8119681257e-01,1.7246509444e-01,8.7497740773e-02,1.0871027456e-01,2.5333117015e+00
6.9900000000e+02,1.1449434570e-02,1.2811144773e-02,4.2571549077e-01,1.8055343359e-01,1.7232155021e-01,8.7977958668e-02,1.0917098742e-01,2.5359798299e+00
6.9950000000e+02,1.1421795198e-02,1.2709875384e-02,4.2673709732e-01,1.8160813226e-01,1.6943108141e-01,8.9909746750e-02,1.0818227167e-01,2.5308487839e+00
7.0000000000e+02,1.1409947097e-02,1.2659191562e-02,4.2776775486e-01,1.8115076037e-01,1.6938138402e-01,8.9792772237e-02,1.0783818986e-01,2.5231550910e+00
7.0050000000e+02,1.1524944344e-02,1.2692583488e-02,4.2836713445e-01,1.8070950967e-01,1.6803329821e-01,9.0157618133e-02,1.0851491171e-01,2.5204357094e+00
7.0100000000e+02,1.1635210450e-02,1.2651896089e-02,4.2806852689e-01,1.8037587428e-01,1.6810146337e-01,9.0782368738e-02,1.0838466018e-01,2.5185682873e+00
7.0150000000e+02,1.1575976813e-02,1.2562275810e-02,4.2955501099e-01,1.7983306978e-01,1.6814908115e-01,8.9559860554e-02,1.0876472490e-01,2.5063719703e+00
7.0200000000e+02,1.1539415936e-02,1.2483996367e-02,4.2996996470e-01,1.8091871979e-01,1.6893987344e-01,8.8161067528e-02,1.0798696223e-01,2.5031736401e+00
7.0250000000e+02,1.1643091753e-02,1.2646193188e-02,4.3081600875e-01,1.8104733939e-01,1.6782077827e-01,8.8819230209e-02,1.0720735845e-01,2.5027875332e+00
7.0300000000e+02,1.1597288499e-02,1.2849500207e-02,4.3202756589e-01,1.8019333670e-01,1.6727440967e-01,8.9244672760e-02,1.0681322627e-01,2.5014050505e+00
7.0350000000e+02,1.1738812654e-02,1.2818577200e-02,4.3280213771e-01,1.7996233786e-01,1.6533953781e-01,9.0969314581e-02,1.0636928219e-01,2.5021154299e+00
7.0400000000e+02,1.1953015753e-02,1.2854827918e-02,4.3268135561e-01,1.7998886019e-01,1.6601584094e-01,9.0042071101e-02,1.0646402849e-01,2.5048417465e+00
7.0450000000e+02,1.1913940035e-02,1.2801804386e-02,4.3340027683e-01,1.8003236830e-01,1.6469738427e-01,9.0967422443e-02,1.0618680374e-01,2.5009410465e+00
7.0500000000e+02,1.1942469078e-02,1.2807993892e-02,4.3221799597e-01,1.8182446627e-01,1.6501541793e-01,9.0276783751e-02,1.0591487311e-01,2.5071640508e+00
7.0550000000e+02,1.2000179240e-02,1.2861791391e-02,4.3351054421e-01,1.7957345275e-01,1.6585305369e-01,8.9619998431e-02,1.0658098028e-01,2.5129456581e+00
7.0600000000e+02,1.2203707634e-02,1.2931827132e-02,4.3410325173e-01,1.7841209447e-01,1.6700883802e-01,8.9063768998e-02,1.0627651202e-01,2.5214173694e+00
7.0650000000e+02,1.2351699731e-02,1.2992555545e-02,4.3500195963e-01,1.7761258050e-01,1.6585642857e-01,8.9638480893e-02,1.0654629514e-01,2.5274364530e+00
7.0700000000e+02,1.2466083634e-02,1.3070498358e-02,4.3443482301e-01,1.7678763771e-01,1.6512806850e-01,9.0640331503e-02,1.0747255729e-01,2.5316887481e+00
7.0750000000e+02,1.2513085495e-02,1.3056483908e-02,4.3460148781e-01,1.7623212536e-01,1.6628858963e-01,9.0682950823e-02,1.0662527697e-01,2.5303422597e+00
7.0800000000e+02,1.2541208765e-02,1.2995346580e-02,4.3414547317e-01,1.7643213332e-01,1.6746593690e-01,9.0827534784e-02,1.0559236649e-01,2.5250381537e+00
7.0850000000e+02,1.2650072429e-02,1.3077404792e-02,4.3325239707e-01,1.7776927401e-01,1.6593987797e-01,9.0904378396e-02,1.0640659532e-01,2.5273936794e+00
7.0900000000e+02,1.2587097930e-02,1.2993212968e-02,4.3472198863e-01,1.7722158691e-01,1.6555804501e-01,9.1294474563e-02,1.0562359398e-01,2.5235949066e+00
7.0950000000e+02,1.2573919007e-02,1.3149576542e-02,4.3498080090e-01,1.7664534687e-01,1.6526701582e-01,9.1422832285e-02,1.0596050858e-01,2.5260739001e+00
7.1000000000e+02,1.2640962012e-02,1.3200881408e-02,4.3492327272e-01,1.7656294478e-01,1.6493911323e-01,9.1594927465e-02,1.0613789837e-01,2.5222177596e+00
7.1050000000e+02,1.2694509191e-02,1.3321976783e-02,4.3644618549e-01,1.7728448481e-01,1.6352451893e-01,9.1533550718e-02,1.0519477408e-01,2.5227366456e+00
7.1100000000e+02,1.2622180988e-02,1.3359624544e-02,4.3619664125e-01,1.7746064196e-01,1.6368293506e-01,9.0809285125e-02,1.0586869106e-01,2.5186351256e+00
7.1150000000e+02,1.2586696254e-02,1.3361663926e-02,4.3572298298e-01,1.7742209415e-01,1.6340919314e-01,9.0493965760e-02,1.0700340379e-01,2.5221886368e+00
7.1200000000e+02,1.2541722572e-02,1.3458016674e-02,4.3591091470e-01,1.7800498980e-01,1.6195837916e-01,9.1419585560e-02,1.0670639154e-01,2.5186071505e+00
7.1250000000e+02,1.2688915375e-02,1.3631252581e-02,4.3477463859e-01,1.7924798424e-01,1.6252816250e-01,9.0997532916e-02,1.0613151380e-01,2.5247625371e+00
7.1300000000e+02,1.2751960507e-02,1.3466581296e-02,4.3556692701e-01,1.7878411509e-01,1.6184072780e-01,9.1109467333e-02,1.0648022096e-01,2.5231923372e+00
7.1350000000e+02,1.2896776356e-02,1.3641822712e-02,4.3623748240e-01,1.7976315793e-01,1.6105446561e-01,9.1095047774e-02,1.0531124722e-01,2.5212603546e+00
7.1400000000e+02,1.2931653666e-02,1.3719496066e-02,4.3702793880e-01,1.8044018960e-01,1.6124182197e-01,9.0497303121e-02,1.0414159678e-01,2.5176095551e+00
7.1450000000e+02,1.2914974507e-02,1.3722129054e-02,4.3663015974e-01,1.8072286883e-01,1.6004195382e-01,9.0934960334e-02,1.0503295371e-01,2.5164316462e+00
7.1500000000e+02,1.2964138605e-02,1.3743348956e-02,4.3693961688e-01,1.8093883455e-01,1.5996722751e-01,9.1420965791e-02,1.0402586770e-01,2.5178230745e+00
7.1550000000e+02,1.2938896015e-02,1.3886618975e-02,4.3689844083e-01,1.8065762139e-01,1.5967040901e-01,9.1968925696e-02,1.0397908809e-01,2.5191429039e+00
7.1600000000e+02,1.2930303811e-02,1.4027154841e-02,4.3608924195e-01,1.8194221630e-01,1.5966593916e-01,9.1711833640e-02,1.0363331031e-01,2.5152417744e+00
7.1650000000e+02,1.2932564845e-02,1.4164962128e-02,4.3549393213e-01,1.8245720284e-01,1.5927386397e-01,9.1287708743e-02,1.0438976535e-01,2.5112680013e+00
7.1700000000e+02,1.3107782746e-02,1.4363059933e-02,4.3461605619e-01,1.8399601091e-01,1.5910948636e-01,9.0565112939e-02,1.0424249092e-01,2.5126860560e+00
7.1750000000e+02,1.3158890490e-02,1.4418663293e-02,4.3495569641e-01,1.8257572383e-01,1.5867535246e-01,9.1443504591e-02,1.0477216893e-01,2.5132226098e+00
7.1800000000e+02,1.3203364389e-02,1.4486628066e-02,4.3337114864e-01,1.8323300095e-01,1.5897670712e-01,9.0939226348e-02,1.0578992449e-01,2.5171329856e+00
7.1850000000e+02,1.3175845892e-02,1.4509409380e-02,4.3246317490e-01,1.8532616336e-01,1.5815326599e-01,9.0765126959e-02,1.0560701352e-01,2.5151022769e+00
7.1900000000e+02,1.3198379886e-02,1.4679868302e-02,4.3136175769e-01,1.8609846831e-01,1.5662562065e-01,9.0987302783e-02,1.0704860238e-01,2.5146520492e+00
7.1950000000e+02,1.3326724731e-02,1.4652437843e-02,4.3172264153e-01,1.8762622367e-01,1.5549273513e-01,9.1286744668e-02,1.0589249243e-01,2.5063239587e+00
7.2000000000e+02,1.3336704340e-02,1.4717257023e-02,4.3287161690e-01,1.8783354541e-01,1.5485538142e-01,9.0973660814e-02,1.0541183410e-01,2.4968420537e+00
7.2050000000e+02,1.3366799660e-02,1.4844686460e-02,4.3244225255e-01,1.8969534744e-01,1.5329812049e-01,9.1168873528e-02,1.0518391986e-01,2.4932000558e+00
7.2100000000e+02,1.3476454247e-02,1.5012990438e-02,4.3241053722e-01,1.9118061824e-01,1.5223510186e-01,9.0347770927e-02,1.0533652708e-01,2.4906096126e+00
7.2150000000e+02,1.3471302250e-02,1.5148062828e-02,4.3244001179e-01,1.9093150096e-01,1.5337723537e-01,8.9498712946e-02,1.0513317386e-01,2.4944183791e+00
7.2200000000e+02,1.3553887826e-02,1.4998170328e-02,4.3361026110e-01,1.8898245352e-01,1.5357613688e-01,9.0102297615e-02,1.0517679273e-01,2.4979625164e+00
7.2250000000e+02,1.3515331996e-02,1.4985406143e-02,4.3343106772e-01,1.8919913229e-01,1.5317275053e-01,8.9857010549e-02,1.0583930078e-01,2.4976800454e+00
7.2300000000e+02,1.3683263083e-02,1.5168271728e-02,4.3222726034e-01,1.9091508499e-01,1.5214869342e-01,9.0470698396e-02,1.0538672804e-01,2.4987697365e+00
7.2350000000e+02,1.3654621583e-02,1.5318237205e-02,4.3190104828e-01,1.9022404005e-01,1.5167175370e-01,9.1588608584e-02,1.0564169060e-01,2.5012303188e+00
7.2400000000e+02,1.3527596527e-02,1.5410744942e-02,4.3202440857e-01,1.9011857028e-01,1.5293206084e-01,9.0936658865e-02,1.0504995997e-01,2.4994938623e+00
7.2450000000e+02,1.3577780356e-02,1.5561593909e-02,4.3147049325e-01,1.8983584662e-01,1.5427990695e-01,8.9807662881e-02,1.0546671603e-01,2.5021464149e+00
7.2500000000e+02,1.3605935803e-02,1.5492161109e-02,4.3213521677e-01,1.8913678698e-01,1.5423706772e-01,8.9330441535e-02,1.0606239008e-01,2.4980421935e+00
7.2550000000e+02,1.3668992482e-02,1.5484338073e-02,4.3152668178e-01,1.8885422130e-01,1.5406780857e-01,8.9659398173e-02,1.0673855962e-01,2.4973155020e+00
7.2600000000e+02,1.3709702882e-02,1.5502262372e-02,4.3417686679e-01,1.8708553690e-01,1.5327572536e-01,9.0305717945e-02,1.0594418776e-01,2.4968953245e+00
7.2650000000e+02,1.3585903355e-02,1.5348987035e-02,4.3559434922e-01,1.8782021524e-01,1.5330588278e-01,8.9886565669e-02,1.0445809670e-01,2.4855794500e+00
7.2700000000e+02,1.3552670559e-02,1.5309237210e-02,4.3514995314e-01,1.8885795027e-01,1.5322647499e-01,8.9226963488e-02,1.0467675034e-01,2.4779598019e+00
7.2750000000e+02,1.3660738740e-02,1.5492657793e-02,4.3300272365e-01,1.9047843658e-01,1.5312012438e-01,8.9109927433e-02,1.0513539142e-01,2.4796861011e+00
7.2800000000e+02,1.3691383392e-02,1.5725270186e-02,4.3150274088e-01,1.9068265660e-01,1.5314025715e-01,8.9389355992e-02,1.0586833580e-01,2.4918596471e+00
7.2850000000e+02,1.3736032344e-02,1.5791855315e-02,4.2919644432e-01,1.9212852298e-01,1.5311840263e-01,8.9246355561e-02,1.0678238686e-01,2.4985122584e+00
7.2900000000e+02,1.3895946575e-02,1.5879615264e-02,4.2992628893e-01,1.9187871428e-01,1.5302910522e-01,8.9711011394e-02,1.0567931833e-01,2.4992036034e+00
7.2950000000e+02,1.3909188352e-02,1.5876785224e-02,4.2962523181e-01,1.9230538071e-01,1.5341885491e-01,8.9906943711e-02,1.0495761529e-01,2.5018673991e+00
7.3000000000e+02,1.3955184710e-02,1.6053743032e-02,4.2803006478e-01,1.9351589395e-01,1.5271600849e-01,9.0603137309e-02,1.0512596772e-01,2.5136936748e+00
7.3050000000e+02,1.3994309888e-02,1.6267771487e-02,4.2631267021e-01,1.9456959585e-01,1.5286907952e-01,9.0410269119e-02,1.0557630393e-01,2.5235111397e+00
7.3100000000e+02,1.3958739585e-02,1.6474663598e-02,4.2654918128e-01,1.9435261775e-01,1.5227619441e-01,9.0463951263e-02,1.0592465210e-01,2.5321655913e+00
7.3150000000e+02,1.3879331991e-02,1.6428813263e-02,4.2479418856e-01,1.9702208256e-01,1.5269491928e-01,8.9754386855e-02,1.0542627749e-01,2.5235354566e+00
7.3200000000e+02,1.3911192615e-02,1.6672926812e-02,4.2226704888e-01,1.9932404450e-01,1.5368159198e-01,8.8493359917e-02,1.0564983530e-01,2.5260303530e+00
7.3250000000e+02,1.3958285715e-02,1.6818533849e-02,4.2181518722e-01,1.9989655332e-01,1.5406020615e-01,8.7788706426e-02,1.0566252732e-01,2.5303031029e+00
7.3300000000e+02,1.3986189947e-02,1.6954415965e-02,4.1920891047e-01,2.0181022688e-01,1.5507168902e-01,8.7874161754e-02,1.0509440596e-01,2.5410014229e+00
7.3350000000e+02,1.3978161744e-02,1.6940828056e-02,4.1776539399e-01,2.0320417617e-01,1.5493161398e-01,8.7990212772e-02,1.0518961328e-01,2.5467316863e+00
7.3400000000e+02,1.4119599737e-02,1.7103940456e-02,4.1535681424e-01,2.0471463409e-01,1.5524935708e-01,8.7823930603e-02,1.0563172380e-01,2.5533874779e+00
7.3450000000e+02,1.4174606352e-02,1.7248216249e-02,4.1388797171e-01,2.0593906178e-01,1.5496841401e-01,8.7904644861e-02,1.0587708504e-01,2.5592122331e+00
7.3500000000e+02,1.4134535587e-02,1.7280389680e-02,4.1446119657e-01,2.0652469454e-01,1.5350003689e-01,8.8090893803e-02,1.0600825294e-01,2.5512055853e+00
7.3550000000e+02,1.4109568703e-02,1.7562266410e-02,4.1489786680e-01,2.0735862930e-01,1.5352538543e-01,8.7376115508e-02,1.0517016786e-01,2.5449646940e+00
7.3600000000e+02,1.4080999383e-02,1.7523081618e-02,4.1593284850e-01,2.0695476060e-01,1.5330230588e-01,8.7634016111e-02,1.0457198791e-01,2.5461770909e+00
7.3650000000e+02,1.4115302467e-02,1.7699958618e-02,4.1685740123e-01,2.0667398521e-01,1.5284647257e-01,8.8076484549e-02,1.0373039536e-01,2.5467630122e+00
7.3700000000e+02,1.4043719069e-02,1.7937228903e-02,4.1672688156e-01,2.0618676973e-01,1.5370115911e-01,8.8410005438e-02,1.0299423619e-01,2.5517325813e+00
7.3750000000e+02,1.3991815244e-02,1.8077114956e-02,4.1656205517e-01,2.0721674225e-01,1.5363706270e-01,8.7758284608e-02,1.0275692507e-01,2.5523168721e+00
7.3800000000e+02,1.3959752860e-02,1.8120901265e-02,4.1740487790e-01,2.0812313824e-01,1.5198188366e-01,8.8188485004e-02,1.0222096108e-01,2.5497898231e+00
7.3850000000e+02,1.4008128780e-02,1.8358466348e-02,4.1805737307e-01,2.0723062925e-01,1.5171263618e-01,8.8571354915e-02,1.0206141145e-01,2.5548490404e+00
7.3900000000e+02,1.3886357382e-02,1.8461643507e-02,4.1903865687e-01,2.0794898494e-01,1.5144248589e-01,8.7910355083e-02,1.0131151632e-01,2.5521419861e+00
7.3950000000e+02,1.3883810003e-02,1.8336004067e-02,4.1674790235e-01,2.0945585812e-01,1.5299562871e-01,8.7410997861e-02,1.0116979888e-01,2.5616218171e+00
7.4000000000e+02,1.3870802682e-02,1.8494783802e-02,4.1401647781e-01,2.1178185649e-01,1.5415023485e-01,8.5928123802e-02,1.0175772056e-01,2.5645566580e+00
7.4050000000e+02,1.3889997362e-02,1.8687735727e-02,4.1353785810e-01,2.1236175313e-01,1.5380771715e-01,8.6162805060e-02,1.0155213347e-01,2.5692615470e+00
7.4100000000e+02,1.3946113901e-02,1.8869594972e-02,4.1367751812e-01,2.1238679778e-01,1.5388587295e-01,8.5741509090e-02,1.0149259319e-01,2.5717514029e+00
7.4150000000e+02,1.3999702154e-02,1.9110859524e-02,4.1428593496e-01,2.1225730975e-01,1.5264330374e-01,8.6231574231e-02,1.0147131564e-01,2.5753118879e+00
7.4200000000e+02,1.3884983724e-02,1.9112785433e-02,4.1334746643e-01,2.1295008085e-01,1.5259193390e-01,8.6602160202e-02,1.0151058946e-01,2.5685076930e+00
7.4250000000e+02,1.3907635860e-02,1.9109614787e-02,4.1136712354e-01,2.1435162219e-01,1.5414935649e-01,8.5643180706e-02,1.0147146642e-01,2.5728847251e+00
7.4300000000e+02,1.3930442255e-02,1.9280716349e-02,4.1176722439e-01,2.1584380855e-01,1.5375225495e-01,8.3898235689e-02,1.0152731781e-01,2.5718044484e+00
7.4350000000e+02,1.3911810745e-02,1.9388993107e-02,4.1241539073e-01,2.1637359727e-01,1.5372053423e-01,8.3651772608e-02,1.0053790131e-01,2.5717781586e+00
7.4400000000e+02,1.3744580973e-02,1.9418529871e-02,4.1225779634e-01,2.1776990570e-01,1.5264735511e-01,8.3541866041e-02,1.0061996596e-01,2.5646881761e+00
7.4450000000e+02,1.3648340563e-02,1.9512669228e-02,4.1137359251e-01,2.1963102099e-01,1.5254772552e-01,8.2824904627e-02,1.0046174656e-01,2.5601628894e+00
7.4500000000e+02,1.3661022090e-02,1.9423601401e-02,4.1087264914e-01,2.2048884010e-01,1.5318657121e-01,8.1851651084e-02,1.0051566497e-01,2.5629816952e+00
7.4550000000e+02,1.3704516810e-02,1.9470410701e-02,4.1154877430e-01,2.2203349369e-01,1.5406264810e-01,8.0015088756e-02,9.9165067644e-02,2.5522120157e+00
7.4600000000e+02,1.3650012941e-02,1.9522247156e-02,4.1116402430e-01,2.2234931979e-01,1.5499031551e-01,7.9525015162e-02,9.8799065145e-02,2.5625675503e+00
7.4650000000e+02,1.3720231094e-02,1.9362107786e-02,4.0811094165e-01,2.2391320544e-01,1.5758450558e-01,7.8457694027e-02,9.8851314429e-02,2.5707071170e+00
7.4700000000e+02,1.3668305409e-02,1.9438557120e-02,4.0638899633e-01,2.2467834231e-01,1.5779825979e-01,7.8217117527e-02,9.9810421510e-02,2.5742871576e+00
7.4750000000e+02,1.3560030960e-02,1.9519281678e-02,4.0567968881e-01,2.2487713105e-01,1.5934988935e-01,7.7389171047e-02,9.9624807107e-02,2.5775722900e+00
7.4800000000e+02,1.3731824737e-02,1.9708523320e-02,4.0244896686e-01,2.2763372916e-01,1.5894753611e-01,7.7342978542e-02,1.0018644127e-01,2.5897883313e+00
7.4850000000e+02,1.3804072149e-02,1.9667884836e-02,4.0137309015e-01,2.2914739898e-01,1.6022545544e-01,7.6703565487e-02,9.9078532949e-02,2.6046782446e+00
7.4900000000e+02,1.3921968481e-02,1.9678756129e-02,4.0056338606e-01,2.2999210519e-01,1.5959871621e-01,7.6712513346e-02,9.9532554575e-02,2.6110800658e+00
7.4950000000e+02,1.3989207978e-02,1.9812222204e-02,4.0230746497e-01,2.2875767518e-01,1.5974349162e-01,7.6825190853e-02,9.8564747202e-02,2.6150921560e+00
7.5000000000e+02,1.3998151835e-02,1.9673710220e-02,4.0132166960e-01,2.3069190438e-01,1.6066979424e-01,7.6149590764e-02,9.7495178964e-02,2.6168098937e+00
7.5050000000e+02,1.4146096779e-02,1.9961854779e-02,3.9939457717e-01,2.3152966126e-01,1.6134392531e-01,7.5424133223e-02,9.8199751478e-02,2.6244695737e+00
7.5100000000e+02,1.4260413836e-02,2.0122561284e-02,3.9932399370e-01,2.3129970805e-01,1.6115094742e-01,7.5300666270e-02,9.8541709445e-02,2.6190324622e+00
7.5150000000e+02,1.4087471139e-02,2.0234047108e-02,3.9895217648e-01,2.3268159725e-01,1.6138961082e-01,7.5464708346e-02,9.7190388853e-02,2.6193789823e+00
7.5200000000e+02,1.4107066014e-02,2.0283261952e-02,3.9832235195e-01,2.3463321326e-01,1.6223456404e-01,7.3870423405e-02,9.6549119384e-02,2.6134739501e+00
7.5250000000e+02,1.4102516753e-02,2.0407811747e-02,3.9645357370e-01,2.3650630685e-01,1.6262274661e-01,7.3770474302e-02,9.6136570039e-02,2.6138231022e+00
7.5300000000e+02,1.4156145685e-02,2.0498156952e-02,3.9462671008e-01,2.3861257551e-01,1.6242169992e-01,7.3841204747e-02,9.5843507102e-02,2.6200602355e+00
7.5350000000e+02,1.4160906934e-02,2.0548267646e-02,3.9279681066e-01,2.3944928607e-01,1.6296735035e-01,7.3789035418e-02,9.6288342924e-02,2.6223394762e+00
7.5400000000e+02,1.4110485845e-02,2.0567874289e-02,3.9027035699e-01,2.4199605147e-01,1.6356932436e-01,7.2912962657e-02,9.6572944394e-02,2.6356713696e+00
7.5450000000e+02,1.4294883718e-02,2.0474090562e-02,3.9202411475e-01,2.4141088681e-01,1.6431218661e-01,7.2352608737e-02,9.5131228805e-02,2.6381627321e+00
7.5500000000e+02,1.4340068450e-02,2.0456517577e-02,3.9034211237e-01,2.4438019319e-01,1.6487034679e-01,7.0640692254e-02,9.4970069370e-02,2.6380405597e+00
7.5550000000e+02,1.4392068653e-02,2.0653124790e-02,3.8760844541e-01,2.4669338750e-01,1.6492824809e-01,7.0757325167e-02,9.4967400385e-02,2.6434092327e+00
7.5600000000e+02,1.4486353304e-02,2.0525496027e-02,3.8517436865e-01,2.4896277064e-01,1.6624079503e-01,7.0172764443e-02,9.4437451910e-02,2.6411453411e+00
7.5650000000e+02,1.4581687227e-02,2.0265079887e-02,3.8349611374e-01,2.5156959780e-01,1.6716606620e-01,6.9140665826e-02,9.3780789314e-02,2.6441845067e+00
7.5700000000e+02,1.4634326738e-02,2.0125373823e-02,3.8305898131e-01,2.5301849698e-01,1.6716929244e-01,6.8645095486e-02,9.3348433217e-02,2.6464076151e+00
7.5750000000e+02,1.4698400643e-02,2.0067885846e-02,3.8074039119e-01,2.5608149288e-01,1.6721906039e-01,6.7946711646e-02,9.3246057408e-02,2.6461627842e+00
7.5800000000e+02,1.4790696816e-02,2.0191859416e-02,3.7838321966e-01,2.5675429515e-01,1.6863738385e-01,6.7863822031e-02,9.3378723081e-02,2.6543879479e+00
7.5850000000e+02,1.4867417837e-02,2.0240826798e-02,3.7680659812e-01,2.5816567555e-01,1.6842734143e-01,6.8226522765e-02,9.3265617501e-02,2.6545535050e+00
7.5900000000e+02,1.5176568208e-02,2.0269250697e-02,3.7481184090e-01,2.5982252331e-01,1.6780561798e-01,6.7581235517e-02,9.4532963398e-02,2.6595301807e+00
7.5950000000e+02,1.5239646990e-02,2.0078000037e-02,3.7309252479e-01,2.5965464728e-01,1.6867778814e-01,6.7933826536e-02,9.5323566221e-02,2.6653072074e+00
7.6000000000e+02,1.5182868160e-02,2.0071665931e-02,3.7167332822e-01,2.6124375018e-01,1.6869093653e-01,6.7419882649e-02,9.5717568326e-02,2.6620369592e+00
7.6050000000e+02,1.5054149833e-02,2.0070779418e-02,3.6648425302e-01,2.6630401138e-01,1.6904269320e-01,6.6707800361e-02,9.6336312788e-02,2.6685385966e+00
7.6100000000e+02,1.5206239980e-02,2.0075326689e-02,3.6292518827e-01,2.6742723135e-01,1.7073808063e-01,6.6161621866e-02,9.7466311217e-02,2.6715950337e+00
7.6150000000e+02,1.5265042605e-02,2.0189320398e-02,3.5818712150e-01,2.7118122350e-01,1.7176650399e-01,6.5499783728e-02,9.7911004288e-02,2.6733541114e+00
7.6200000000e+02,1.5310845100e-02,2.0075874168e-02,3.5409815015e-01,2.7537425151e-01,1.7187773491e-01,6.5060839640e-02,9.8202304514e-02,2.6743227941e+00
7.6250000000e+02,1.5344106869e-02,2.0093801967e-02,3.5234603924e-01,2.7845378118e-01,1.7256845310e-01,6.3399170304e-02,9.7794647331e-02,2.6688396768e+00
7.6300000000e+02,1.5417498504e-02,2.0046605696e-02,3.5057446662e-01,2.8008708938e-01,1.7275412532e-01,6.2274250240e-02,9.8845964235e-02,2.6673109375e+00
7.6350000000e+02,1.5559131006e-02,1.9931863693e-02,3.4876192280e-01,2.8051892616e-01,1.7352800537e-01,6.1966338228e-02,9.9733812739e-02,2.6764835318e+00
7.6400000000e+02,1.5700434666e-02,1.9766374348e-02,3.4693989393e-01,2.8151964203e-01,1.7431611858e-01,6.1156481639e-02,1.0060105481e-01,2.6735029949e+00
7.6450000000e+02,1.5721300386e-02,1.9647717252e-02,3.4412179110e-01,2.8481704816e-01,1.7611306127e-01,5.9558038769e-02,1.0002104307e-01,2.6685866298e+00
7.6500000000e+02,1.5704047775e-02,1.9523925411e-02,3.4355854721e-01,2.8635173261e-01,1.7653720181e-01,5.8991263784e-02,9.9333281394e-02,2.6694119529e+00
7.6550000000e+02,1.5667997562e-02,1.9484423267e-02,3.4181274153e-01,2.8828584948e-01,1.7751479919e-01,5.8605392658e-02,9.8628796318e-02,2.6710672617e+00
7.6600000000e+02,1.5864227037e-02,1.9412876250e-02,3.3874565494e-01,2.9140236441e-01,1.7734227074e-01,5.8688956270e-02,9.8543650353e-02,2.6726930844e+00
7.6650000000e+02,1.6220955972e-02,1.9415544493e-02,3.3860068098e-01,2.9172746532e-01,1.7725029264e-01,5.8604836467e-02,9.8180224129e-02,2.6768547426e+00
7.6700000000e+02,1.6282644903e-02,1.9294563944e-02,3.3751464244e-01,2.9387567173e-01,1.7811886298e-01,5.7416681611e-02,9.7496932393e-02,2.6742194653e+00
7.6750000000e+02,1.6379827401e-02,1.9194549590e-02,3.3636372835e-01,2.9533196954e-01,1.7850340180e-01,5.7206455590e-02,9.7020067726e-02,2.6666115679e+00
7.6800000000e+02,1.6490362092e-02,1.8976345446e-02,3.3424920620e-01,2.9703828543e-01,1.7912985457e-01,5.6675843365e-02,9.7440102896e-02,2.6682195661e+00
7.6850000000e+02,1.6501986101e-02,1.8839566753e-02,3.3245492116e-01,2.9943560984e-01,1.7862775420e-01,5.6289259029e-02,9.7850902918e-02,2.6707666098e+00
7.6900000000e+02,1.6498975224e-02,1.8883172010e-02,3.3043728706e-01,3.0104884598e-01,1.7955187222e-01,5.5253437773e-02,9.8326409731e-02,2.6661845246e+00
7.6950000000e+02,1.6557212650e-02,1.8827943199e-02,3.2664634773e-01,3.0462279097e-01,1.8071319100e-01,5.4440338400e-02,9.8192176049e-02,2.6674072835e+00
7.7000000000e+02,1.6516331540e-02,1.8878632055e-02,3.2352607853e-01,3.0913063068e-01,1.7994991813e-01,5.4526214630e-02,9.7472194438e-02,2.6628766812e+00
7.7050000000e+02,1.6447595157e-02,1.8858693079e-02,3.2154749265e-01,3.1053518465e-01,1.8070594632e-01,5.4507638527e-02,9.7397449614e-02,2.6600622629e+00
7.7100000000e+02,1.6437946966e-02,1.8678529525e-02,3.1894584113e-01,3.1108286891e-01,1.8225591762e-01,5.3566089208e-02,9.9032806648e-02,2.6643581115e+00
7.7150000000e+02,1.6450703002e-02,1.8505363878e-02,3.1425862855e-01,3.1248302841e-01,1.8483677153e-01,5.3428243000e-02,1.0003726163e-01,2.6768178370e+00
7.7200000000e+02,1.6406345768e-02,1.8328669214e-02,3.1321608869e-01,3.1377210819e-01,1.8689436447e-01,5.1997032716e-02,9.9385390944e-02,2.6696584563e+00
7.7250000000e+02,1.6436757725e-02,1.7990013761e-02,3.1176835628e-01,3.1591062547e-01,1.8738387849e-01,5.2206587617e-02,9.8303780660e-02,2.6625457303e+00
7.7300000000e+02,1.6338889886e-02,1.7635537572e-02,3.1153054458e-01,3.1604377112e-01,1.8836920810e-01,5.1676818688e-02,9.8405230048e-02,2.6619839932e+00
7.7350000000e+02,1.6433018355e-02,1.7558904179e-02,3.1073174108e-01,3.1578908986e-01,1.8949932805e-01,5.0899026019e-02,9.9088892457e-02,2.6572942464e+00
7.7400000000e+02,1.6323757560e-02,1.7510832291e-02,3.0900704737e-01,3.1713023539e-01,1.9075782854e-01,5.0484358599e-02,9.8785940253e-02,2.6534351359e+00
7.7450000000e+02,1.6201087621e-02,1.7535178379e-02,3.0783544304e-01,3.1684527843e-01,1.9186120663e-01,5.0610136579e-02,9.9111669319e-02,2.6556702343e+00
7.7500000000e+02,1.6336744889e-02,1.7155662057e-02,3.0516289764e-01,3.1861440303e-01,1.9186246858e-01,5.1005220350e-02,9.9862603455e-02,2.6588862759e+00
7.7550000000e+02,1.6285362020e-02,1.6949232087e-02,3.0325119254e-01,3.1942882074e-01,1.9256162908e-01,5.0769454043e-02,1.0075430949e-01,2.6591602875e+00
7.7600000000e+02,1.6183656007e-02,1.6711080856e-02,3.0051610526e-01,3.2093066017e-01,1.9502027948e-01,5.0197285604e-02,1.0044093262e-01,2.6610308034e+00
7.7650000000e+02,1.5968529334e-02,1.6630411915e-02,2.9898843904e-01,3.2299387668e-01,1.9351925970e-01,5.1099464344e-02,1.0080001898e-01,2.6644880092e+00
7.7700000000e+02,1.5781248245e-02,1.6446221160e-02,2.9811056746e-01,3.2432129472e-01,1.9388438188e-01,5.0869405529e-02,1.0058688100e-01,2.6607747731e+00
7.7750000000e+02,1.5748675265e-02,1.6268282939e-02,2.9659718949e-01,3.2746720230e-01,1.9351760406e-01,4.9788795310e-02,1.0061225064e-01,2.6467080691e+00
7.7800000000e+02,1.5901084264e-02,1.6102860436e-02,2.9584796301e-01,3.2929131302e-01,1.9196720571e-01,4.9571546197e-02,1.0131802736e-01,2.6453486430e+00
7.7850000000e+02,1.5990719591e-02,1.5942876742e-02,2.9372679696e-01,3.3000071092e-01,1.9348509860e-01,4.9026999851e-02,1.0182679734e-01,2.6431163247e+00
7.7900000000e+02,1.6049776376e-02,1.5815855071e-02,2.8967520462e-01,3.3296663728e-01,1.9446990286e-01,4.9071972216e-02,1.0195065158e-01,2.6415271805e+00
7.7950000000e+02,1.5979278525e-02,1.5802426575e-02,2.8764184571e-01,3.3604227423e-01,1.9337784878e-01,4.9302256723e-02,1.0185406945e-01,2.6329883465e+00
7.8000000000e+02,1.5861932549e-02,1.5693851354e-02,2.8706702015e-01,3.3626854970e-01,1.9395597145e-01,4.9015929941e-02,1.0213674486e-01,2.6276555516e+00
7.8050000000e+02,1.5673017924e-02,1.5495125537e-02,2.8743988130e-01,3.3727701728e-01,1.9359549915e-01,4.8558049251e-02,1.0196140956e-01,2.6135110113e+00
7.8100000000e+02,1.5655904316e-02,1.5361387621e-02,2.8761759358e-01,3.3752715450e-01,1.9326980773e-01,4.8511177088e-02,1.0205697517e-01,2.6081977164e+00
7.8150000000e+02,1.5572030626e-02,1.5259418444e-02,2.8482109603e-01,3.3912552615e-01,1.9437612750e-01,4.8686381333e-02,1.0215941992e-01,2.6047006385e+00
7.8200000000e+02,1.5439769729e-02,1.5183945195e-02,2.8352397075e-01,3.3949106647e-01,1.9576664414e-01,4.8133844134e-02,1.0246075959e-01,2.6004178365e+00
7.8250000000e+02,1.5367174869e-02,1.4986732190e-02,2.8028223914e-01,3.4299416805e-01,1.9627167343e-01,4.7374421751e-02,1.0272359057e-01,2.5965219057e+00
7.8300000000e+02,1.5275188333e-02,1.4908444870e-02,2.7840461408e-01,3.4611371993e-01,1.9632163072e-01,4.6840243058e-02,1.0213615901e-01,2.5892478996e+00
7.8350000000e+02,1.5200768074e-02,1.4830590703e-02,2.7568766133e-01,3.4787507717e-01,1.9747705446e-01,4.6632697726e-02,1.0229615054e-01,2.5841959699e+00
7.8400000000e+02,1.5089874201e-02,1.4844340103e-02,2.7388046459e-01,3.5048317032e-01,1.9703841883e-01,4.6337147548e-02,1.0232658441e-01,2.5777954174e+00
7.8450000000e+02,1.5133721587e-02,1.4788489470e-02,2.7329228494e-01,3.5090095358e-01,1.9733043292e-01,4.5999361935e-02,1.0255475557e-01,2.5722685938e+00
7.8500000000e+02,1.5074007531e-02,1.4641609750e-02,2.7171423341e-01,3.5225435168e-01,1.9671783199e-01,4.5598744520e-02,1.0399922112e-01,2.5689748549e+00
7.8550000000e+02,1.4986219366e-02,1.4519980935e-02,2.6955817813e-01,3.5563215819e-01,1.9566696448e-01,4.6041253475e-02,1.0359524543e-01,2.5626870194e+00
7.8600000000e+02,1.5004830415e-02,1.4437445692e-02,2.6806058347e-01,3.5505316237e-01,1.9607058691e-01,4.6959494405e-02,1.0441389674e-01,2.5623141988e+00
7.8650000000e+02,1.4917386769e-02,1.4241387109e-02,2.6665991067e-01,3.5708268276e-01,1.9544621302e-01,4.7285396914e-02,1.0436702276e-01,2.5509239028e+00
7.8700000000e+02,1.5001520508e-02,1.4094152656e-02,2.6525581975e-01,3.5646625539e-01,1.9576196973e-01,4.8147411102e-02,1.0527287086e-01,2.5524864245e+00
7.8750000000e+02,1.4960770048e-02,1.3976152913e-02,2.6306367663e-01,3.5728044003e-01,1.9554063099e-01,4.8445309816e-02,1.0673301957e-01,2.5517466784e+00
7.8800000000e+02,1.4773069769e-02,1.3829032876e-02,2.6099293656e-01,3.5866752178e-01,1.9629379197e-01,4.8176708832e-02,1.0726693821e-01,2.5495102469e+00
7.8850000000e+02,1.4771501048e-02,1.3632754519e-02,2.6076111748e-01,3.5945782930e-01,1.9732634984e-01,4.7627459217e-02,1.0642298859e-01,2.5403163723e+00
7.8900000000e+02,1.4887080114e-02,1.3542684322e-02,2.5896634504e-01,3.5917972876e-01,1.9861395123e-01,4.7269078707e-02,1.0754113182e-01,2.5385736191e+00
7.8950000000e+02,1.4937307196e-02,1.3310840650e-02,2.5555198956e-01,3.6430610188e-01,1.9798868474e-01,4.7512564725e-02,1.0639251125e-01,2.5299383155e+00
7.9000000000e+02,1.4970277407e-02,1.3285323099e-02,2.5393128401e-01,3.6462539213e-01,1.9803304440e-01,4.8079068316e-02,1.0707561064e-01,2.5299335860e+00
7.9050000000e+02,1.4968890855e-02,1.3088447447e-02,2.5293671928e-01,3.6625620525e-01,1.9822378939e-01,4.7285029973e-02,1.0724091781e-01,2.5189051161e+00
7.9100000000e+02,1.4733032390e-02,1.2979624310e-02,2.5232417503e-01,3.6793667389e-01,1.9782646227e-01,4.6876929442e-02,1.0732310267e-01,2.5056959417e+00
7.9150000000e+02,1.4532485555e-02,1.2846231580e-02,2.4985312177e-01,3.7125453528e-01,1.9689413455e-01,4.7090949701e-02,1.0752854157e-01,2.4972988490e+00
7.9200000000e+02,1.4503727925e-02,1.2860834880e-02,2.4827332164e-01,3.7001357077e-01,1.9852973394e-01,4.6727593493e-02,1.0909121735e-01,2.4994791979e+00
7.9250000000e+02,1.4487902446e-02,1.2915432333e-02,2.4656726951e-01,3.7116086055e-01,1.9889775167e-01,4.6740338901e-02,1.0923044459e-01,2.4995088517e+00
7.9300000000e+02,1.4451475205e-02,1.2878708282e-02,2.4685568676e-01,3.7218824932e-01,1.9781660568e-01,4.6829726241e-02,1.0897954852e-01,2.4925777680e+00
7.9350000000e+02,1.4368241612e-02,1.2851108294e-02,2.4608511243e-01,3.7326103956e-01,1.9614855625e-01,4.7055623158e-02,1.1023031870e-01,2.4838230537e+00
7.9400000000e+02,1.4239905336e-02,1.2744570288e-02,2.4389185385e-01,3.7699556805e-01,1.9581912874e-01,4.6495011977e-02,1.0981396176e-01,2.4713870064e+00
7.9450000000e+02,1.4307054251e-02,1.2610433745e-02,2.4261287790e-01,3.7851891557e-01,1.9619983583e-01,4.6580096041e-02,1.0917078666e-01,2.4671294546e+00
7.9500000000e+02,1.4279980742e-02,1.2485598672e-02,2.3942058987e-01,3.8233362299e-01,1.9587590994e-01,4.6240636031e-02,1.0936366176e-01,2.4626231510e+00
7.9550000000e+02,1.4418700723e-02,1.2475898965e-02,2.3800103948e-01,3.8397405583e-01,1.9551115157e-01,4.6512897288e-02,1.0910625614e-01,2.4584284996e+00
7.9600000000e+02,1.4499237975e-02,1.2524374978e-02,2.3724629401e-01,3.8454885976e-01,1.9563683565e-01,4.6294089475e-02,1.0925030816e-01,2.4575529851e+00
7.9650000000e+02,1.4366464557e-02,1.2468146741e-02,2.3509050219e-01,3.8510926728e-01,1.9683421906e-01,4.6221520718e-02,1.0990987945e-01,2.4539336306e+00
7.9700000000e+02,1.4274681203e-02,1.2412096012e-02,2.3233044097e-01,3.8667904876e-01,1.9710299484e-01,4.5901863955e-02,1.1129887426e-01,2.4505938679e+00
7.9750000000e+02,1.4266793708e-02,1.2219312436e-02,2.3131915687e-01,3.8662140108e-01,1.9819754022e-01,4.5646442653e-02,1.1172935303e-01,2.4468723350e+00
7.9800000000e+02,1.4274155135e-02,1.2282840483e-02,2.2962174139e-01,3.8802432852e-01,1.9842375371e-01,4.5237411264e-02,1.1213576950e-01,2.4413105615e+00
7.9850000000e+02,1.4368737958e-02,1.2210611437e-02,2.2875236524e-01,3.8664313340e-01,1.9938680758e-01,4.5608695113e-02,1.1302964927e-01,2.4451163413e+00
7.9900000000e+02,1.4396618219e-02,1.2180536032e-02,2.2757405431e-01,3.8758628609e-01,1.9884623482e-01,4.6175819746e-02,1.1324045078e-01,2.4406554515e+00
7.9950000000e+02,1.4371893799e-02,1.1966497598e-02,2.2566159045e-01,3.8966009787e-01,1.9786095509e-01,4.6535780822e-02,1.1394318437e-01,2.4392148493e+00
8.0000000000e+02,1.4211284487e-02,1.1848575143e-02,2.2478554420e-01,3.8972149032e-01,1.9902481695e-01,4.6556534248e-02,1.1385175465e-01,2.4368726679e+00
8.0050000000e+02,1.4153168132e-02,1.1716672366e-02,2.2240244351e-01,3.9167581050e-01,2.0018802925e-01,4.7036928720e-02,1.1282694753e-01,2.4373437690e+00
8.0100000000e+02,1.4098175625e-02,1.1609773919e-02,2.1970249634e-01,3.9327544661e-01,2.0013226864e-01,4.7948337110e-02,1.1323350176e-01,2.4347330745e+00
8.0150000000e+02,1.4033688733e-02,1.1717436392e-02,2.1874088729e-01,3.9393688655e-01,1.9972903461e-01,4.8673575216e-02,1.1316849121e-01,2.4320749288e+00
8.0200000000e+02,1.3859552594e-02,1.1622570903e-02,2.1718630556e-01,3.9438373826e-01,2.0001725034e-01,4.9232912546e-02,1.1369766981e-01,2.4264243486e+00
8.0250000000e+02,1.3948105153e-02,1.1717451532e-02,2.1707244028e-01,3.9221971236e-01,2.0077308745e-01,5.0009207918e-02,1.1425999531e-01,2.4296450977e+00
8.0300000000e+02,1.3984849600e-02,1.1779895349e-02,2.1752025312e-01,3.9213480473e-01,2.0056429214e-01,5.0422003390e-02,1.1359390166e-01,2.4221444384e+00
8.0350000000e+02,1.3848730373e-02,1.1687893686e-02,2.1500001853e-01,3.9462434324e-01,2.0052599913e-01,4.9983391806e-02,1.1432962323e-01,2.4120408084e+00
8.0400000000e+02,1.3900346160e-02,1.1676400252e-02,2.1105227680e-01,3.9772158432e-01,2.0034981208e-01,5.0055121809e-02,1.1524445858e-01,2.4118138055e+00
8.0450000000e+02,1.3826164380e-02,1.1642778904e-02,2.1028140711e-01,3.9939225571e-01,1.9878555843e-01,5.0197671445e-02,1.1587416403e-01,2.4102241781e+00
8.0500000000e+02,1.3842941689e-02,1.1499540196e-02,2.1008187890e-01,3.9909931200e-01,1.9966687494e-01,4.9368882168e-02,1.1644057010e-01,2.4020238225e+00
8.0550000000e+02,1.3939878396e-02,1.1610829446e-02,2.1054248326e-01,3.9823464956e-01,1.9973606849e-01,4.9544643139e-02,1.1639144771e-01,2.4058600930e+00
8.0600000000e+02,1.3862415969e-02,1.1701007795e-02,2.0944746481e-01,3.9970916559e-01,1.9898406336e-01,4.9946264770e-02,1.1634961771e-01,2.4047366516e+00
8.0650000000e+02,1.3768858610e-02,1.1689674839e-02,2.0617692475e-01,4.0301749151e-01,1.9811929212e-01,5.0420598513e-02,1.1680715966e-01,2.4031176199e+00
8.0700000000e+02,1.3654895832e-02,1.1534109137e-02,2.0492244739e-01,4.0428353202e-01,1.9823200963e-01,5.0980164123e-02,1.1639284187e-01,2.3984633947e+00
8.0750000000e+02,1.3650152679e-02,1.1622371465e-02,2.0458436499e-01,4.0577512599e-01,1.9739377404e-01,5.1069473586e-02,1.1590473726e-01,2.3929602392e+00
8.0800000000e+02,1.3520847223e-02,1.1661856443e-02,2.0400022262e-01,4.0443713620e-01,1.9868689245e-01,5.1617103749e-02,1.1607594132e-01,2.3989307525e+00
8.0850000000e+02,1.3563310879e-02,1.1563935118e-02,2.0305489420e-01,4.0242188825e-01,2.0055712051e-01,5.1861199491e-02,1.1697765155e-01,2.4056685299e+00
8.0900000000e+02,1.3579325167e-02,1.1512038764e-02,2.0299464029e-01,4.0120139775e-01,2.0104593070e-01,5.2657111570e-02,1.1700955577e-01,2.4064112978e+00
8.0950000000e+02,1.3632839677e-02,1.1471929229e-02,2.0166465775e-01,4.0208836691e-01,2.0150701244e-01,5.2884407947e-02,1.1675078605e-01,2.4019366108e+00
8.1000000000e+02,1.3742160736e-02,1.1541096423e-02,2.0079555534e-01,4.0148389307e-01,2.0228186893e-01,5.3864597891e-02,1.1629082761e-01,2.4044912811e+00
8.1050000000e+02,1.3624578320e-02,1.1508591454e-02,1.9949305650e-01,4.0273495324e-01,2.0118663704e-01,5.4122130393e-02,1.1733005305e-01,2.3986359704e+00
8.1100000000e+02,1.3605858858e-02,1.1527913577e-02,1.9917684980e-01,4.0290832290e-01,2.0070750018e-01,5.4785341976e-02,1.1728821271e-01,2.3964824207e+00
8.1150000000e+02,1.3748143702e-02,1.1533143457e-02,1.9979438887e-01,4.0139595224e-01,2.0186901141e-01,5.4548335235e-02,1.1711102508e-01,2.3997414634e+00
8.1200000000e+02,1.3886662098e-02,1.1494445468e-02,1.9914651890e-01,4.0316022526e-01,2.0138365639e-01,5.4225440717e-02,1.1670305116e-01,2.3944167018e+00
8.1250000000e+02,1.3893212643e-02,1.1420014573e-02,1.9803396685e-01,4.0270113445e-01,2.0167212553e-01,5.4872459158e-02,1.1740708680e-01,2.3930367848e+00
8.1300000000e+02,1.3628107176e-02,1.1376296368e-02,1.9514344263e-01,4.0639205574e-01,2.0119685662e-01,5.5659865853e-02,1.1660337561e-01,2.3867985509e+00
8.1350000000e+02,1.3525538262e-02,1.1303968968e-02,1.9482887905e-01,4.0602208288e-01,2.0208814623e-01,5.5181997066e-02,1.1704938755e-01,2.3835672510e+00
8.1400000000e+02,1.3353625194e-02,1.1141170943e-02,1.9484196268e-01,4.0700546652e-01,2.0255085610e-01,5.5522939644e-02,1.1558397891e-01,2.3768905866e+00
8.1450000000e+02,1.3179804121e-02,1.1060192239e-02,1.9070041623e-01,4.1092198667e-01,2.0317006761e-01,5.5368590731e-02,1.1559894240e-01,2.3709797845e+00
8.1500000000e+02,1.3232731742e-02,1.1016397299e-02,1.8945031993e-01,4.1158389325e-01,2.0427367022e-01,5.5725199116e-02,1.1471778844e-01,2.3778059660e+00
8.1550000000e+02,1.3149815285e-02,1.0951419025e-02,1.8954930725e-01,4.1097903198e-01,2.0488513165e-01,5.5866638580e-02,1.1461865623e-01,2.3768247056e+00
8.1600000000e+02,1.3201306421e-02,1.0913346762e-02,1.8906958447e-01,4.0834042872e-01,2.0536123677e-01,5.6046377290e-02,1.1706771957e-01,2.3872179386e+00
8.1650000000e+02,1.3174340455e-02,1.0889625767e-02,1.8799872724e-01,4.0902179785e-01,2.0601836899e-01,5.6425867132e-02,1.1647127256e-01,2.3813177310e+00
8.1700000000e+02,1.3272142719e-02,1.0900699588e-02,1.8762914084e-01,4.1009733150e-01,2.0461490661e-01,5.6915334091e-02,1.1657044465e-01,2.3812217191e+00
8.1750000000e+02,1.3044780006e-02,1.0762392031e-02,1.8853003073e-01,4.0982183166e-01,2.0377327573e-01,5.7742509227e-02,1.1632518062e-01,2.3742669913e+00
8.1800000000e+02,1.3056221675e-02,1.0726803658e-02,1.8879850089e-01,4.1012308424e-01,2.0414417656e-01,5.7505401737e-02,1.1564581124e-01,2.3677413332e+00
8.1850000000e+02,1.2957011658e-02,1.0620746533e-02,1.8893436700e-01,4.1163415058e-01,2.0322590890e-01,5.7132772674e-02,1.1549504266e-01,2.3632576314e+00
8.1900000000e+02,1.2842296158e-02,1.0536383388e-02,1.8826978227e-01,4.1079656666e-01,2.0443489505e-01,5.6715746065e-02,1.1640433040e-01,2.3599950656e+00
8.1950000000e+02,1.2782750405e-02,1.0574710613e-02,1.8880566789e-01,4.0967924450e-01,2.0401380650e-01,5.7195102960e-02,1.1694871713e-01,2.3595523031e+00
8.2000000000e+02,1.2786917608e-02,1.0530580279e-02,1.8893296008e-01,4.1101477471e-01,2.0416400525e-01,5.6292022395e-02,1.1627873967e-01,2.3556168635e+00
8.2050000000e+02,1.2693778496e-02,1.0410078435e-02,1.8750149539e-01,4.1326721015e-01,2.0408248927e-01,5.6219504369e-02,1.1582544389e-01,2.3501250952e+00
8.2100000000e+02,1.2630623892e-02,1.0348638197e-02,1.8713021162e-01,4.1624164930e-01,2.0271898685e-01,5.6130753390e-02,1.1479913675e-01,2.3363024373e+00
8.2150000000e+02,1.2411509726e-02,1.0234937757e-02,1.8667389327e-01,4.1626141266e-01,2.0280659698e-01,5.5883570953e-02,1.1572807866e-01,2.3338029663e+00
8.2200000000e+02,1.2406124381e-02,1.0114401820e-02,1.8553230143e-01,4.1757192881e-01,2.0357872076e-01,5.4853647023e-02,1.1594287577e-01,2.3311265991e+00
8.2250000000e+02,1.2220646157e-02,1.0033675578e-02,1.8673076583e-01,4.1771768722e-01,2.0362123023e-01,5.4610840235e-02,1.1506515476e-01,2.3253370656e+00
8.2300000000e+02,1.2323671802e-02,1.0044598154e-02,1.8616242602e-01,4.1711389461e-01,2.0379825272e-01,5.4825015553e-02,1.1573214114e-01,2.3250559271e+00
8.2350000000e+02,1.2197805103e-02,9.9214959464e-03,1.8552938004e-01,4.1623424502e-01,2.0548423822e-01,5.4343679365e-02,1.1628915630e-01,2.3215849962e+00
8.2400000000e+02,1.2303177249e-02,9.9866491621e-03,1.8617916639e-01,4.1571808722e-01,2.0463517016e-01,5.4938290111e-02,1.1623945971e-01,2.3246054444e+00
8.2450000000e+02,1.2262671780e-02,1.0046838547e-02,1.8709453653e-01,4.1400339792e-01,2.0475153040e-01,5.5125860169e-02,1.1671516467e-01,2.3272487840e+00
8.2500000000e+02,1.2268893596e-02,1.0192765456e-02,1.8735180572e-01,4.1390251099e-01,2.0389867572e-01,5.5455140587e-02,1.1693020794e-01,2.3320653229e+00
8.2550000000e+02,1.2310487709e-02,1.0233688207e-02,1.8832054839e-01,4.1075608980e-01,2.0504722055e-01,5.5391930794e-02,1.1794003454e-01,2.3387220061e+00
8.2600000000e+02,1.2204159944e-02,1.0318550519e-02,1.8812543648e-01,4.1094109430e-01,2.0453298860e-01,5.5860136844e-02,1.1801763331e-01,2.3345875041e+00
8.2650000000e+02,1.2116825529e-02,1.0320674544e-02,1.8876880782e-01,4.0941346485e-01,2.0456382272e-01,5.6401732087e-02,1.1841467245e-01,2.3375621402e+00
8.2700000000e+02,1.2068992912e-02,1.0375683553e-02,1.8839587841e-01,4.0871444113e-01,2.0451246287e-01,5.6718696227e-02,1.1921384490e-01,2.3439035129e+00
8.2750000000e+02,1.2067665678e-02,1.0274347376e-02,1.8884810258e-01,4.0867800105e-01,2.0387801759e-01,5.7115794685e-02,1.1913807105e-01,2.3456566855e+00
8.2800000000e+02,1.2099078182e-02,1.0291086058e-02,1.8885861034e-01,4.1013304081e-01,2.0211585082e-01,5.7581125829e-02,1.1892120796e-01,2.3450809848e+00
8.2850000000e+02,1.1873755981e-02,1.0251633102e-02,1.9030643883e-01,4.0894096683e-01,2.0203820338e-01,5.7304312208e-02,1.1928468967e-01,2.3370599716e+00
8.2900000000e+02,1.1864046067e-02,1.0225837755e-02,1.9083198867e-01,4.0863818822e-01,2.0275679062e-01,5.7486732101e-02,1.1819641657e-01,2.3327424227e+00
8.2950000000e+02,1.1757785209e-02,1.0204853343e-02,1.9111640985e-01,4.0599254406e-01,2.0487796116e-01,5.7251336625e-02,1.1879910975e-01,2.3388812849e+00
8.3000000000e+02,1.1816723421e-02,1.0118230544e-02,1.8967249137e-01,4.0732612827e-01,2.0385755655e-01,5.7783197754e-02,1.1942567210e-01,2.3321675801e+00
8.3050000000e+02,1.1753415589e-02,1.0106848005e-02,1.8969045168e-01,4.0737150935e-01,2.0330504480e-01,5.8505294117e-02,1.1926743646e-01,2.3286939282e+00
8.3100000000e+02,1.1652524279e-02,1.0052344481e-02,1.8891801292e-01,4.0819644499e-01,2.0288467109e-01,5.9077092568e-02,1.1921890967e-01,2.3300242154e+00
8.3150000000e+02,1.1569494063e-02,1.0086398602e-02,1.8955902043e-01,4.0738909177e-01,2.0305347446e-01,5.8738187476e-02,1.1960433320e-01,2.3269368387e+00
8.3200000000e+02,1.1558598139e-02,1.0112070471e-02,1.9100073840e-01,4.0544075863e-01,2.0305957816e-01,5.8554001050e-02,1.2027425514e-01,2.3295000023e+00
8.3250000000e+02,1.1427935812e-02,1.0013193131e-02,1.9288401155e-01,4.0564811602e-01,2.0261768597e-01,5.8073410799e-02,1.1933564672e-01,2.3204906998e+00
8.3300000000e+02,1.1442827965e-02,1.0077306908e-02,1.9366801587e-01,4.0630791082e-01,2.0088613934e-01,5.8461090751e-02,1.1915670835e-01,2.3209159626e+00
8.3350000000e+02,1.1439790292e-02,1.0003308957e-02,1.9463828604e-01,4.0457351913e-01,1.9997542225e-01,5.8812323094e-02,1.2055735023e-01,2.3239075939e+00
8.3400000000e+02,1.1544159568e-02,9.9322489646e-03,1.9495562402e-01,4.0385771628e-01,2.0007990328e-01,5.9595750934e-02,1.2003459696e-01,2.3217417650e+00
8.3450000000e+02,1.1401974252e-02,9.8666564348e-03,1.9743825607e-01,4.0285682661e-01,1.9902808950e-01,5.9881917760e-02,1.1952627938e-01,2.3136602279e+00
8.3500000000e+02,1.1301169989e-02,9.8992189433e-03,1.9950923826e-01,4.0183982379e-01,1.9934881348e-01,5.9431350737e-02,1.1867038481e-01,2.3078791903e+00
8.3550000000e+02,1.1264756589e-02,1.0032750701e-02,1.9959692255e-01,4.0116069214e-01,1.9906213136e-01,5.9063009083e-02,1.1981973758e-01,2.3050315893e+00
8.3600000000e+02,1.1123148748e-02,9.9930855790e-03,2.0198025441e-01,3.9796791366e-01,2.0062361577e-01,5.8280975832e-02,1.2003100600e-01,2.3002473942e+00
8.3650000000e+02,1.1111512435e-02,1.0023701766e-02,2.0283534006e-01,3.9628408313e-01,1.9969018429e-01,5.9082568006e-02,1.2097261030e-01,2.3037094474e+00
8.3700000000e+02,1.1157782194e-02,1.0127947662e-02,2.0306500105e-01,3.9635199302e-01,1.9854926361e-01,5.9375258073e-02,1.2137275440e-01,2.3034682331e+00
8.3750000000e+02,1.1083508156e-02,1.0011295074e-02,2.0447285923e-01,3.9389935995e-01,1.9848482115e-01,5.9637381899e-02,1.2241077455e-01,2.3106687195e+00
8.3800000000e+02,1.1009971150e-02,9.8178963434e-03,2.0350293716e-01,3.9458908783e-01,1.9889065993e-01,5.9759027865e-02,1.2243041971e-01,2.3099054607e+00
8.3850000000e+02,1.1059683086e-02,9.9190988865e-03,2.0340575263e-01,3.9455888964e-01,1.9750748496e-01,6.0023316361e-02,1.2352577445e-01,2.3100208848e+00
8.3900000000e+02,1.0968605387e-02,9.8824211729e-03,2.0327343015e-01,3.9443681546e-01,1.9825399679e-01,5.9376243466e-02,1.2380848757e-01,2.3068501912e+00
8.3950000000e+02,1.1091223942e-02,9.8938808718e-03,2.0434036744e-01,3.9158148949e-01,1.9922713933e-01,5.8828689674e-02,1.2503720925e-01,2.3168736518e+00
8.4000000000e+02,1.1088165723e-02,9.9215079839e-03,2.0513659033e-01,3.8987917374e-01,1.9820303345e-01,5.9601638036e-02,1.2616989074e-01,2.3201652878e+00
8.4050000000e+02,1.1042747883e-02,9.9747343619e-03,2.0676646921e-01,3.8766881060e-01,1.9762842422e-01,6.0321952296e-02,1.2659686143e-01,2.3292995043e+00
8.4100000000e+02,1.1081963802e-02,1.0019948762e-02,2.0711575344e-01,3.8806288408e-01,1.9674816554e-01,6.1204071276e-02,1.2576721309e-01,2.3399073137e+00
8.4150000000e+02,1.1064932170e-02,1.0074638231e-02,2.0965981263e-01,3.8561463829e-01,1.9641760292e-01,6.1847996318e-02,1.2532037945e-01,2.3422347460e+00
8.4200000000e+02,1.0933065622e-02,1.0154343185e-02,2.1023719245e-01,3.8450198824e-01,1.9644420842e-01,6.2310020750e-02,1.2541918134e-01,2.3448026049e+00
8.4250000000e+02,1.0783484965e-02,1.0257173291e-02,2.0859926093e-01,3.8631124822e-01,1.9595422915e-01,6.3365990380e-02,1.2472861306e-01,2.3489662728e+00
8.4300000000e+02,1.0873688146e-02,1.0507176429e-02,2.0926390444e-01,3.8429297085e-01,1.9705676815e-01,6.3195227891e-02,1.2481026409e-01,2.3662870440e+00
8.4350000000e+02,1.0912861434e-02,1.0598008807e-02,2.0852010192e-01,3.8427919437e-01,1.9852948248e-01,6.2571158998e-02,1.2458919200e-01,2.3652526313e+00
8.4400000000e+02,1.0791009885e-02,1.0483784208e-02,2.0948701862e-01,3.8221013698e-01,1.9893990752e-01,6.3415563277e-02,1.2467257952e-01,2.3666308201e+00
8.4450000000e+02,1.0826189717e-02,1.0484345731e-02,2.0993847136e-01,3.8218059216e-01,1.9813281946e-01,6.3738801195e-02,1.2469878038e-01,2.3707465304e+00
8.4500000000e+02,1.0697035672e-02,1.0476096087e-02,2.1075270094e-01,3.8091902243e-01,1.9905823826e-01,6.3449568041e-02,1.2464733857e-01,2.3705003444e+00
8.4550000000e+02,1.0735819110e-02,1.0468430952e-02,2.1238102148e-01,3.7968757085e-01,1.9822164975e-01,6.3755238503e-02,1.2475026936e-01,2.3788613661e+00
8.4600000000e+02,1.0703691417e-02,1.0482393522e-02,2.1477162509e-01,3.7859770304e-01,1.9681028960e-01,6.4588249829e-02,1.2404604751e-01,2.3741463883e+00
8.4650000000e+02,1.0613485914e-02,1.0617858729e-02,2.1645309729e-01,3.7830066765e-01,1.9620709323e-01,6.4296429093e-02,1.2351136809e-01,2.3694707429e+00
8.4700000000e+02,1.0571839905e-02,1.0675866252e-02,2.1842548772e-01,3.7648375004e-01,1.9518659141e-01,6.4876023834e-02,1.2378044084e-01,2.3681668203e+00
8.4750000000e+02,1.0461256029e-02,1.0753689852e-02,2.2071498905e-01,3.7458162064e-01,1.9439503119e-01,6.4958780547e-02,1.2413463269e-01,2.3751995526e+00
8.4800000000e+02,1.0496623868e-02,1.0880767835e-02,2.2191811010e-01,3.7295579712e-01,1.9445847362e-01,6.5030284652e-02,1.2425994280e-01,2.3792807759e+00
8.4850000000e+02,1.0565342714e-02,1.0828165770e-02,2.2116079734e-01,3.7350987039e-01,1.9492590471e-01,6.4551421782e-02,1.2445849729e-01,2.3830371739e+00
8.4900000000e+02,1.0567374226e-02,1.0773776733e-02,2.2162824711e-01,3.7294959556e-01,1.9352605963e-01,6.5722010069e-02,1.2483293667e-01,2.3824815986e+00
8.4950000000e+02,1.0610992940e-02,1.0836717729e-02,2.2275768145e-01,3.7376136541e-01,1.9133010349e-01,6.6190816615e-02,1.2451232237e-01,2.3825303757e+00
8.5000000000e+02,1.0694943104e-02,1.0848213687e-02,2.2462630646e-01,3.7205140578e-01,1.9147093858e-01,6.6718117080e-02,1.2359007531e-01,2.3788596562e+00
8.5050000000e+02,1.0712660238e-02,1.0876879044e-02,2.2550917468e-01,3.7221138153e-01,1.9170717096e-01,6.5747914234e-02,1.2323481931e-01,2.3787450139e+00
8.5100000000e+02,1.0689390660e-02,1.0924076498e-02,2.2541543529e-01,3.7240172178e-01,1.9221062865e-01,6.5373924619e-02,1.2298482250e-01,2.3824233094e+00
8.5150000000e+02,1.0681035782e-02,1.0885383231e-02,2.2644609347e-01,3.7172690897e-01,1.9240837446e-01,6.5757255090e-02,1.2209494899e-01,2.3886820124e+00
8.5200000000e+02,1.0667043651e-02,1.0886546346e-02,2.2719201264e-01,3.7199253374e-01,1.9179871622e-01,6.6042645820e-02,1.2142050159e-01,2.3890383583e+00
8.5250000000e+02,1.0591370533e-02,1.1062575088e-02,2.2936883349e-01,3.6662310914e-01,1.9259662050e-01,6.6535998694e-02,1.2322149255e-01,2.4022597259e+00
8.5300000000e+02,1.0588906227e-02,1.1159568858e-02,2.2953331791e-01,3.6648682633e-01,1.9247065260e-01,6.6126033992e-02,1.2363469409e-01,2.3982635464e+00
8.5350000000e+02,1.0449486196e-02,1.1001832806e-02,2.3001970980e-01,3.6688674754e-01,1.9163600364e-01,6.6897011130e-02,1.2310920889e-01,2.3998485784e+00
8.5400000000e+02,1.0333819834e-02,1.1059620210e-02,2.3035136502e-01,3.6740728102e-01,1.9015812405e-01,6.6952088680e-02,1.2373770119e-01,2.3967909850e+00
8.5450000000e+02,1.0322764437e-02,1.1058116489e-02,2.3215491688e-01,3.6609067038e-01,1.8967021859e-01,6.6706964949e-02,1.2399634827e-01,2.4000793978e+00
8.5500000000e+02,1.0377021828e-02,1.0941698992e-02,2.3333269262e-01,3.6632789529e-01,1.8907737329e-01,6.6686660011e-02,1.2325665796e-01,2.4006564930e+00
8.5550000000e+02,1.0355198906e-02,1.1016705724e-02,2.3446769031e-01,3.6550843121e-01,1.8865144420e-01,6.6336110123e-02,1.2366441952e-01,2.4015414401e+00
8.5600000000e+02,1.0317280670e-02,1.1025887307e-02,2.3736474778e-01,3.6406994385e-01,1.8733596513e-01,6.6983792227e-02,1.2290238303e-01,2.4043772559e+00
8.5650000000e+02,1.0287226238e-02,1.0847510419e-02,2.3930817176e-01,3.6228125960e-01,1.8772697260e-01,6.6760665603e-02,1.2278819378e-01,2.3968633431e+00
8.5700000000e+02,1.0391471707e-02,1.0759113935e-02,2.4145050586e-01,3.5994649836e-01,1.8986107832e-01,6.5418623221e-02,1.2217270860e-01,2.4063680288e+00
8.5750000000e+02,1.0398899597e-02,1.0529267879e-02,2.4262001643e-01,3.5847758415e-01,1.9077509276e-01,6.4483200764e-02,1.2271593842e-01,2.4081315298e+00
8.5800000000e+02,1.0317802046e-02,1.0498652898e-02,2.4479935231e-01,3.5715874577e-01,1.8952023751e-01,6.4476642372e-02,1.2322856710e-01,2.4037417786e+00
8.5850000000e+02,1.0266397185e-02,1.0440727813e-02,2.4673070495e-01,3.5597340223e-01,1.8962439821e-01,6.4395835625e-02,1.2256853398e-01,2.4000633092e+00
8.5900000000e+02,1.0311438004e-02,1.0319732281e-02,2.4895769066e-01,3.5443728322e-01,1.9041533639e-01,6.4240780166e-02,1.2131773928e-01,2.3938218609e+00
8.5950000000e+02,1.0255257069e-02,1.0369856289e-02,2.4885157664e-01,3.5470746995e-01,1.8965634950e-01,6.4263949010e-02,1.2189554154e-01,2.3946720840e+00
8.6000000000e+02,1.0215657922e-02,1.0264602237e-02,2.5109703110e-01,3.5261748071e-01,1.9213924084e-01,6.2939386392e-02,1.2072660080e-01,2.3906907733e+00
8.6050000000e+02,1.0086292074e-02,1.0387697405e-02,2.5089207161e-01,3.5347255811e-01,1.9180486828e-01,6.2667284233e-02,1.2068922829e-01,2.3902545920e+00
8.6100000000e+02,1.0138197785e-02,1.0466803634e-02,2.4956677413e-01,3.5589853978e-01,1.9050018926e-01,6.2924985972e-02,1.2050450944e-01,2.3920143947e+00
8.6150000000e+02,1.0124274098e-02,1.0505478550e-02,2.4913908716e-01,3.5774149141e-01,1.8905794955e-01,6.3945958308e-02,1.1948576093e-01,2.3944065448e+00
8.6200000000e+02,1.0120275659e-02,1.0454626128e-02,2.5169734855e-01,3.5503152853e-01,1.9002966802e-01,6.3393363202e-02,1.1927318991e-01,2.3927913134e+00
8.6250000000e+02,9.9745395860e-03,1.0370779885e-02,2.5271550278e-01,3.5340301210e-01,1.9228746153e-01,6.2195860035e-02,1.1905284408e-01,2.3881853220e+00
8.6300000000e+02,9.9695165999e-03,1.0305205208e-02,2.5486403999e-01,3.5226062790e-01,1.9259167672e-01,6.1779674559e-02,1.1822925902e-01,2.3859167529e+00
8.6350000000e+02,9.9698320072e-03,1.0301568507e-02,2.5678646235e-01,3.5001542998e-01,1.9357751160e-01,6.1316844477e-02,1.1803235107e-01,2.3885831097e+00
8.6400000000e+02,9.9508918885e-03,1.0198681333e-02,2.5731520814e-01,3.5000659753e-01,1.9322396088e-01,6.1625981759e-02,1.1767867848e-01,2.3884192186e+00
8.6450000000e+02,9.9782487244e-03,1.0073764677e-02,2.5896982372e-01,3.4828731353e-01,1.9365254372e-01,6.1358838400e-02,1.1767946723e-01,2.3817172194e+00
8.6500000000e+02,9.9328337589e-03,1.0016740186e-02,2.5974635703e-01,3.4750053974e-01,1.9356545166e-01,6.1085359126e-02,1.1815271850e-01,2.3795803305e+00
8.6550000000e+02,9.9283114502e-03,1.0069814912e-02,2.6208744873e-01,3.4541780897e-01,1.9212686776e-01,6.2206883334e-02,1.1816286485e-01,2.3755112026e+00
8.6600000000e+02,9.8894052371e-03,1.0213003722e-02,2.6194223714e-01,3.4537179042e-01,1.9072938720e-01,6.2925136383e-02,1.1892903989e-01,2.3751701757e+00
8.6650000000e+02,9.8069408812e-03,1.0294044547e-02,2.6537879039e-01,3.4273815448e-01,1.8980942282e-01,6.3453643249e-02,1.1851900363e-01,2.3734159141e+00
8.6700000000e+02,9.7400826497e-03,1.0176999633e-02,2.6631098196e-01,3.4158487729e-01,1.8905233689e-01,6.4248256297e-02,1.1888646529e-01,2.3715245760e+00
8.6750000000e+02,9.7299649420e-03,1.0213701957e-02,2.6748563478e-01,3.4191668824e-01,1.8689560503e-01,6.4596113672e-02,1.1916229138e-01,2.3659563834e+00
8.6800000000e+02,9.7519697368e-03,1.0204748095e-02,2.6870276567e-01,3.4000616048e-01,1.8713685740e-01,6.4771301111e-02,1.1942619751e-01,2.3658031487e+00
8.6850000000e+02,9.7633837355e-03,1.0047143780e-02,2.6851076395e-01,3.4109576702e-01,1.8570283151e-01,6.5397611317e-02,1.1948249868e-01,2.3601970919e+00
8.6900000000e+02,9.7215564260e-03,9.9860653050e-03,2.6953822529e-01,3.3938614293e-01,1.8516389458e-01,6.6508488531e-02,1.1969562694e-01,2.3607216303e+00
8.6950000000e+02,9.7889995376e-03,9.9867777520e-03,2.7115573168e-01,3.3712944656e-01,1.8571684621e-01,6.6244879549e-02,1.1997731872e-01,2.3661269922e+00
8.7000000000e+02,9.6606291279e-03,9.7849736461e-03,2.7152759840e-01,3.3694791878e-01,1.8524772001e-01,6.6485481294e-02,1.2034567874e-01,2.3607684938e+00
8.7050000000e+02,9.6730889458e-03,9.6716540698e-03,2.7333607199e-01,3.3665507380e-01,1.8464187602e-01,6.6108983211e-02,1.1991325197e-01,2.3573284145e+00
8.7100000000e+02,9.6692909414e-03,9.6912805678e-03,2.7388745188e-01,3.3607824165e-01,1.8534809363e-01,6.5987713624e-02,1.1933792771e-01,2.3554744343e+00
8.7150000000e+02,9.7161828033e-03,9.7999893356e-03,2.7500971813e-01,3.3327125533e-01,1.8630184750e-01,6.5094817769e-02,1.2080618913e-01,2.3625602094e+00
8.7200000000e+02,9.7476199544e-03,9.8264848527e-03,2.7607202789e-01,3.3425963702e-01,1.8513336200e-01,6.5944871729e-02,1.1901599655e-01,2.3572037709e+00
8.7250000000e+02,9.7417721899e-03,9.8246122086e-03,2.7678393232e-01,3.3414911268e-01,1.8614317588e-01,6.5120586977e-02,1.1823680775e-01,2.3512946254e+00
8.7300000000e+02,9.7761606766e-03,9.8589590466e-03,2.7746750879e-01,3.3267222213e-01,1.8468765875e-01,6.6386615123e-02,1.1915087549e-01,2.3583361256e+00
8.7350000000e+02,9.9290819075e-03,9.8914922810e-03,2.7726448750e-01,3.3246601271e-01,1.8399597937e-01,6.7402311377e-02,1.1905063486e-01,2.3566087124e+00
8.7400000000e+02,9.9868280774e-03,9.8272097866e-03,2.7831934975e-01,3.3146276657e-01,1.8411807297e-01,6.7166741310e-02,1.1911903153e-01,2.3543264996e+00
8.7450000000e+02,1.0053003474e-02,9.9299859031e-03,2.8038168357e-01,3.2984085206e-01,1.8440578949e-01,6.6929766234e-02,1.1845891927e-01,2.3536781044e+00
8.7500000000e+02,1.0133376222e-02,9.9355576686e-03,2.8202698593e-01,3.3025887049e-01,1.8323330976e-01,6.6509041824e-02,1.1790285812e-01,2.3471721692e+00
8.7550000000e+02,1.0151041034e-02,9.9411722133e-03,2.8262801678e-01,3.2857646117e-01,1.8293242107e-01,6.7451064690e-02,1.1831982305e-01,2.3456665811e+00
8.7600000000e+02,1.0019336043e-02,9.9902844731e-03,2.8393102668e-01,3.2737362300e-01,1.8316338276e-01,6.7063052110e-02,1.1845929494e-01,2.3450963478e+00
8.7650000000e+02,1.0036426641e-02,1.0065122736e-02,2.8479632280e-01,3.2644518800e-01,1.8369740383e-01,6.6892450389e-02,1.1806708560e-01,2.3415643557e+00
8.7700000000e+02,1.0007853561e-02,1.0077920714e-02,2.8746444946e-01,3.2598883096e-01,1.8215523115e-01,6.6796229014e-02,1.1750948514e-01,2.3376122364e+00
8.7750000000e+02,9.9565604576e-03,1.0079240125e-02,2.8889084661e-01,3.2518596005e-01,1.8180424768e-01,6.6976994788e-02,1.1710615029e-01,2.3315639365e+00
8.7800000000e+02,9.8698621909e-03,1.0136028494e-02,2.8970478961e-01,3.2386685259e-01,1.8246546192e-01,6.6049882526e-02,1.1790712267e-01,2.3282178608e+00
8.7850000000e+02,9.8934554248e-03,1.0129346275e-02,2.9129536516e-01,3.2223147050e-01,1.8304211756e-01,6.6133549457e-02,1.1727469563e-01,2.3305776876e+00
8.7900000000e+02,9.8764559193e-03,1.0112870411e-02,2.9208349262e-01,3.1970892930e-01,1.8431877456e-01,6.6488299799e-02,1.1741117740e-01,2.3356905257e+00
8.7950000000e+02,9.8807377546e-03,1.0307638340e-02,2.9255490530e-01,3.2017395281e-01,1.8361776251e-01,6.6883883292e-02,1.1658111999e-01,2.3336462648e+00
8.8000000000e+02,9.8778551434e-03,1.0392110578e-02,2.9332370214e-01,3.1946797576e-01,1.8284420786e-01,6.7575114274e-02,1.1651903425e-01,2.3345277161e+00
8.8050000000e+02,9.8358687590e-03,1.0395572409e-02,2.9425270010e-01,3.1724715043e-01,1.8338351798e-01,6.7764934086e-02,1.1712025623e-01,2.3335459895e+00
8.8100000000e+02,9.8854465667e-03,1.0392459263e-02,2.9627469612e-01,3.1402617091e-01,1.8345456675e-01,6.7512547031e-02,1.1845411336e-01,2.3352711030e+00
8.8150000000e+02,9.9417869316e-03,1.0559102160e-02,2.9915641731e-01,3.1086414584e-01,1.8346965915e-01,6.7450656796e-02,1.1855823181e-01,2.3354808330e+00
8.8200000000e+02,9.8775686311e-03,1.0538091451e-02,2.9967936991e-01,3.1252620809e-01,1.8326374785e-01,6.6791670636e-02,1.1732334343e-01,2.3252971570e+00
8.8250000000e+02,9.8469734111e-03,1.0577151483e-02,3.0059358294e-01,3.1292716352e-01,1.8241024711e-01,6.7360939436e-02,1.1628394211e-01,2.3194387900e+00
8.8300000000e+02,9.8313861733e-03,1.0591283150e-02,3.0229887781e-01,3.1176370900e-01,1.8219786906e-01,6.7648317097e-02,1.1566855771e-01,2.3185318275e+00
8.8350000000e+02,9.8824488002e-03,1.0644683211e-02,3.0227253037e-01,3.1039458321e-01,1.8455499071e-01,6.6788889503e-02,1.1546187419e-01,2.3189392424e+00
8.8400000000e+02,9.9993426733e-03,1.0592741246e-02,3.0482800389e-01,3.0817993144e-01,1.8468440159e-01,6.6370967784e-02,1.1534461138e-01,2.3172293378e+00
8.8450000000e+02,9.9405893004e-03,1.0501634789e-02,3.0615896731e-01,3.0881353683e-01,1.8436770053e-01,6.6150747411e-02,1.1406682383e-01,2.3070684675e+00
8.8500000000e+02,9.9141448740e-03,1.0515293568e-02,3.0652981572e-01,3.0888664436e-01,1.8347681828e-01,6.6427893863e-02,1.1424938933e-01,2.3005775149e+00
8.8550000000e+02,9.7243916512e-03,1.0383437650e-02,3.0633917635e-01,3.1033862389e-01,1.8294259309e-01,6.6293166986e-02,1.1397861039e-01,2.2863183099e+00
8.8600000000e+02,9.7548794929e-03,1.0335607589e-02,3.0624207451e-01,3.1228203170e-01,1.8336078951e-01,6.5568284561e-02,1.1245633264e-01,2.2754126434e+00
8.8650000000e+02,9.7337895858e-03,1.0232931306e-02,3.0770780104e-01,3.1177926414e-01,1.8389608060e-01,6.5332161561e-02,1.1131797176e-01,2.2705426771e+00
8.8700000000e+02,9.7391099930e-03,1.0115056031e-02,3.0800613769e-01,3.1253096982e-01,1.8313437005e-01,6.5787810749e-02,1.1068654567e-01,2.2647228210e+00
8.8750000000e+02,9.7021611667e-03,1.0096348025e-02,3.0928319132e-01,3.0992600705e-01,1.8475822253e-01,6.5724630436e-02,1.1050943947e-01,2.2684284847e+00
8.8800000000e+02,9.5804153818e-03,1.0044303613e-02,3.0948709158e-01,3.1061218791e-01,1.8523135083e-01,6.4896626797e-02,1.1014802390e-01,2.2602252891e+00
8.8850000000e+02,9.5811685779e-03,1.0197660843e-02,3.1004248799e-01,3.0964098740e-01,1.8553198880e-01,6.5032361672e-02,1.0997334472e-01,2.2644560095e+00
8.8900000000e+02,9.5836333839e-03,1.0193791281e-02,3.1159352651e-01,3.0843180165e-01,1.8531298580e-01,6.4724412662e-02,1.1015984872e-01,2.2664331315e+00
8.8950000000e+02,9.5115305045e-03,1.0038116680e-02,3.1189755744e-01,3.0866966413e-01,1.8373165698e-01,6.5260379342e-02,1.1089109492e-01,2.2598490060e+00
8.9000000000e+02,9.5543995025e-03,1.0005379818e-02,3.1286817617e-01,3.0790433623e-01,1.8513815824e-01,6.4465679219e-02,1.1006387082e-01,2.2572669749e+00
8.9050000000e+02,9.5195224778e-03,1.0066547666e-02,3.1226073206e-01,3.0818122193e-01,1.8455329788e-01,6.5165139710e-02,1.1025353828e-01,2.2543004746e+00
8.9100000000e+02,9.5383613317e-03,9.9632849347e-03,3.1224708687e-01,3.0868004544e-01,1.8505540510e-01,6.4599201722e-02,1.0991661460e-01,2.2476689659e+00
8.9150000000e+02,9.5183991993e-03,1.0002484976e-02,3.1180586142e-01,3.0778191586e-01,1.8627963345e-01,6.4308667606e-02,1.1030303749e-01,2.2508146846e+00
8.9200000000e+02,9.5915195911e-03,1.0083976413e-02,3.1357156797e-01,3.0577948682e-01,1.8625436244e-01,6.4887524723e-02,1.0983156205e-01,2.2548932587e+00
8.9250000000e+02,9.5503098493e-03,1.0127953834e-02,3.1582509087e-01,3.0504488749e-01,1.8429370236e-01,6.6005308604e-02,1.0915274699e-01,2.2515385427e+00
8.9300000000e+02,9.5061371743e-03,1.0188629454e-02,3.1683594027e-01,3.0327570662e-01,1.8557261649e-01,6.5135958472e-02,1.0948501152e-01,2.2453601072e+00
8.9350000000e+02,9.5451978148e-03,1.0212413364e-02,3.1919155159e-01,3.0124980980e-01,1.8457271539e-01,6.5661158057e-02,1.0956715398e-01,2.2482510946e+00
8.9400000000e+02,9.5334707068e-03,1.0286508710e-02,3.1990600982e-01,3.0008562672e-01,1.8507363888e-01,6.5783574112e-02,1.0933117105e-01,2.2475465239e+00
8.9450000000e+02,9.6077126980e-03,1.0384806923e-02,3.1960062275e-01,3.0112356104e-01,1.8559621726e-01,6.4761323490e-02,1.0892575583e-01,2.2427047072e+00
8.9500000000e+02,9.6190195294e-03,1.0288545811e-02,3.2165375933e-01,2.9927373409e-01,1.8590545828e-01,6.4307037317e-02,1.0895244563e-01,2.2404897102e+00
8.9550000000e+02,9.6866948282e-03,1.0252033840e-02,3.2145398301e-01,2.9948662121e-01,1.8551953287e-01,6.4682339247e-02,1.0891879500e-01,2.2395774952e+00
8.9600000000e+02,9.6812171755e-03,1.0218561211e-02,3.2127202431e-01,3.0137722121e-01,1.8544957952e-01,6.3957516799e-02,1.0804387978e-01,2.2309477383e+00
8.9650000000e+02,9.6821691021e-03,1.0207718442e-02,3.2183712463e-01,3.0008978461e-01,1.8642642173e-01,6.3685164452e-02,1.0807161704e-01,2.2318921041e+00
8.9700000000e+02,9.6890498355e-03,1.0271499636e-02,3.2298729300e-01,2.9792815791e-01,1.8661355563e-01,6.3586595266e-02,1.0892384872e-01,2.2373456394e+00
8.9750000000e+02,9.7312586374e-03,1.0314520562e-02,3.2283815496e-01,2.9702427240e-01,1.8605755784e-01,6.4156400381e-02,1.0987783522e-01,2.2390909159e+00
8.9800000000e+02,9.7928356073e-03,1.0455163296e-02,3.2194059414e-01,2.9719670247e-01,1.8712663863e-01,6.3438430483e-02,1.1004963537e-01,2.2423717094e+00
8.9850000000e+02,9.8555743664e-03,1.0662977647e-02,3.2174431216e-01,2.9876788656e-01,1.8693345013e-01,6.3573806030e-02,1.0846199311e-01,2.2421239237e+00
8.9900000000e+02,9.8128266438e-03,1.0653930950e-02,3.2304972611e-01,2.9537481514e-01,1.8695663977e-01,6.4527803086e-02,1.0962425830e-01,2.2440988177e+00
8.9950000000e+02,9.8191172092e-03,1.0697980856e-02,3.2432127774e-01,2.9224153894e-01,1.8691486993e-01,6.5680906675e-02,1.1032430864e-01,2.2524951259e+00
9.0000000000e+02,9.8487747998e-03,1.0629840605e-02,3.2414337732e-01,2.9284438377e-01,1.8741618177e-01,6.5242824986e-02,1.0987461674e-01,2.2498160887e+00
9.0050000000e+02,9.6910679936e-03,1.0578603588e-02,3.2428762502e-01,2.9305644886e-01,1.8792370949e-01,6.5013261638e-02,1.0944928340e-01,2.2465127281e+00
9.0100000000e+02,9.6153021554e-03,1.0375597098e-02,3.2623363932e-01,2.9324489159e-01,1.8738451550e-01,6.4629971699e-02,1.0851608264e-01,2.2422920484e+00
9.0150000000e+02,9.6290943308e-03,1.0303813980e-02,3.2598939779e-01,2.9445207384e-01,1.8594858487e-01,6.5621037878e-02,1.0805599731e-01,2.2390657336e+00
9.0200000000e+02,9.6749782384e-03,1.0314893880e-02,3.2561948036e-01,2.9545805226e-01,1.8600403206e-01,6.4966763835e-02,1.0796179937e-01,2.2361082794e+00
9.0250000000e+02,9.6708844244e-03,1.0235593075e-02,3.2676307796e-01,2.9343381731e-01,1.8639079766e-01,6.4995055322e-02,1.0851077425e-01,2.2370945519e+00
9.0300000000e+02,9.6688602367e-03,1.0318754376e-02,3.2790904066e-01,2.9305341260e-01,1.8690805308e-01,6.4752883327e-02,1.0738899572e-01,2.2328905123e+00
9.0350000000e+02,9.7229155233e-03,1.0269140239e-02,3.2823098453e-01,2.9334430336e-01,1.8712951988e-01,6.4863891252e-02,1.0643924521e-01,2.2355848247e+00
9.0400000000e+02,9.7420425148e-03,1.0226441156e-02,3.2847358813e-01,2.9378670199e-01,1.8605232590e-01,6.6169964512e-02,1.0554893579e-01,2.2379230955e+00
9.0450000000e+02,9.8509330688e-03,1.0231935794e-02,3.2899034814e-01,2.9233113348e-01,1.8487909743e-01,6.6817963123e-02,1.0689858897e-01,2.2412701233e+00
9.0500000000e+02,9.7232200928e-03,1.0232283402e-02,3.2964004533e-01,2.9076869966e-01,1.8483987106e-01,6.7186401029e-02,1.0760947943e-01,2.2439690903e+00
9.0550000000e+02,9.8458888455e-03,1.0141138555e-02,3.2954959874e-01,2.8991869610e-01,1.8493668307e-01,6.7554298259e-02,1.0805369643e-01,2.2464195718e+00
9.0600000000e+02,9.9129091193e-03,1.0203464790e-02,3.2723599689e-01,2.9135910869e-01,1.8502151794e-01,6.7625949221e-02,1.0864105335e-01,2.2471643876e+00
9.0650000000e+02,9.9707112240e-03,1.0168342704e-02,3.2822269290e-01,2.9069096592e-01,1.8511227240e-01,6.7456984001e-02,1.0837803085e-01,2.2471964691e+00
9.0700000000e+02,1.0019731753e-02,1.0121006206e-02,3.2861716576e-01,2.9119387937e-01,1.8555397270e-01,6.6252567696e-02,1.0824167651e-01,2.2470786220e+00
9.0750000000e+02,1.0005603017e-02,1.0132667953e-02,3.3023945878e-01,2.9071568755e-01,1.8556806419e-01,6.5002796661e-02,1.0833572186e-01,2.2419864140e+00
9.0800000000e+02,9.8991898847e-03,1.0172992232e-02,3.3075106273e-01,2.8854552125e-01,1.8674825781e-01,6.4177355058e-02,1.0970562104e-01,2.2457581720e+00
9.0850000000e+02,9.9209234720e-03,1.0198955114e-02,3.3103543078e-01,2.8757295935e-01,1.8516765395e-01,6.5273978272e-02,1.1083009906e-01,2.2486827200e+00
9.0900000000e+02,9.8443705286e-03,1.0188163983e-02,3.3118591232e-01,2.8939182253e-01,1.8582988581e-01,6.4497029303e-02,1.0906281552e-01,2.2418487427e+00
9.0950000000e+02,9.8151943590e-03,1.0252134278e-02,3.3187808676e-01,2.8825805750e-01,1.8550755384e-01,6.5032156800e-02,1.0925681646e-01,2.2445862835e+00
9.1000000000e+02,9.8059614317e-03,1.0387903422e-02,3.3176752690e-01,2.9125501420e-01,1.8566015589e-01,6.3561240179e-02,1.0756219798e-01,2.2359320673e+00
9.1050000000e+02,9.8829725160e-03,1.0431749313e-02,3.3118156889e-01,2.9120289693e-01,1.8629671840e-01,6.2921111120e-02,1.0808298282e-01,2.2379006809e+00
9.1100000000e+02,9.8334511953e-03,1.0432221606e-02,3.3238455874e-01,2.8976798309e-01,1.8543573270e-01,6.3578770670e-02,1.0856728200e-01,2.2397442040e+00
9.1150000000e+02,9.8415957955e-03,1.0486344117e-02,3.3301216082e-01,2.8874514428e-01,1.8505173705e-01,6.4417323757e-02,1.0844569419e-01,2.2431218108e+00
9.1200000000e+02,9.8936619189e-03,1.0589615107e-02,3.3317358697e-01,2.8823765966e-01,1.8450060745e-01,6.5087518097e-02,1.0851735079e-01,2.2437231865e+00
9.1250000000e+02,9.8976604298e-03,1.0508374867e-02,3.3561885677e-01,2.8672823369e-01,1.8320151317e-01,6.5530747408e-02,1.0851461367e-01,2.2452581437e+00
9.1300000000e+02,9.9464930905e-03,1.0578163071e-02,3.3503597752e-01,2.8874521190e-01,1.8091221207e-01,6.6297545447e-02,1.0848439690e-01,2.2435413063e+00
9.1350000000e+02,9.9914349846e-03,1.0598731716e-02,3.3512985688e-01,2.8818006042e-01,1.8129414808e-01,6.6463346395e-02,1.0834242153e-01,2.2447496873e+00
9.1400000000e+02,1.0014712094e-02,1.0738189479e-02,3.3533702619e-01,2.8512065077e-01,1.8326731704e-01,6.5715490603e-02,1.0980661383e-01,2.2523369210e+00
9.1450000000e+02,1.0012196132e-02,1.0795417045e-02,3.3450422316e-01,2.8493786522e-01,1.8369238889e-01,6.5674096440e-02,1.1038381311e-01,2.2506991621e+00
9.1500000000e+02,1.0118827813e-02,1.0869794480e-02,3.3599522153e-01,2.8315286060e-01,1.8257407221e-01,6.5824324861e-02,1.1146489850e-01,2.2508991340e+00
9.1550000000e+02,1.0282267332e-02,1.0775820352e-02,3.3627492242e-01,2.8131636797e-01,1.8360958712e-01,6.5884525388e-02,1.1185650942e-01,2.2589531069e+00
9.1600000000e+02,1.0331292541e-02,1.0779856487e-02,3.3724055000e-01,2.8040859675e-01,1.8346725471e-01,6.6449781299e-02,1.1132266821e-01,2.2603342307e+00
9.1650000000e+02,1.0298182140e-02,1.0812724801e-02,3.3736247486e-01,2.7932940632e-01,1.8573507595e-01,6.6154197825e-02,1.1030793811e-01,2.2620639775e+00
9.1700000000e+02,1.0442213269e-02,1.0959356420e-02,3.3717635406e-01,2.7931790894e-01,1.8574035092e-01,6.6377822173e-02,1.0998599422e-01,2.2642241756e+00
9.1750000000e+02,1.0405318600e-02,1.1074196346e-02,3.3868097123e-01,2.7936328514e-01,1.8383646468e-01,6.7983361155e-02,1.0865640285e-01,2.2628649192e+00
9.1800000000e+02,1.0430573840e-02,1.1114171468e-02,3.3822926390e-01,2.7982712233e-01,1.8354291617e-01,6.7874739649e-02,1.0898121265e-01,2.2634340767e+00
9.1850000000e+02,1.0433776973e-02,1.1138482180e-02,3.3936380019e-01,2.7947828903e-01,1.8342923424e-01,6.7479778085e-02,1.0867663930e-01,2.2632923852e+00
9.1900000000e+02,1.0485440307e-02,1.1255817797e-02,3.4019587811e-01,2.7965197650e-01,1.8335070029e-01,6.7681080739e-02,1.0737910627e-01,2.2638997558e+00
9.1950000000e+02,1.0442042447e-02,1.1250011745e-02,3.4135052172e-01,2.7865138695e-01,1.8420530302e-01,6.6952953338e-02,1.0714778079e-01,2.2637793760e+00
9.2000000000e+02,1.0422846808e-02,1.1207934794e-02,3.4311649658e-01,2.7753019642e-01,1.8485661806e-01,6.6017590189e-02,1.0684831714e-01,2.2598473297e+00
9.2050000000e+02,1.0527043577e-02,1.1202052629e-02,3.4322036371e-01,2.7831500592e-01,1.8581339930e-01,6.5585882779e-02,1.0533625209e-01,2.2610702959e+00
9.2100000000e+02,1.0491827550e-02,1.1330639600e-02,3.4449278153e-01,2.7686110326e-01,1.8548324788e-01,6.6148391153e-02,1.0519200903e-01,2.2595285661e+00
9.2150000000e+02,1.0497586516e-02,1.1336502185e-02,3.4631478895e-01,2.7550032146e-01,1.8782832031e-01,6.4165624958e-02,1.0435685561e-01,2.2592325773e+00
9.2200000000e+02,1.0584919486e-02,1.1382015695e-02,3.4645777329e-01,2.7421652940e-01,1.8817511369e-01,6.3838469149e-02,1.0534517929e-01,2.2656317240e+00
9.2250000000e+02,1.0726139398e-02,1.1447915078e-02,3.4648136493e-01,2.7346365755e-01,1.8866439885e-01,6.3725611285e-02,1.0549091290e-01,2.2703654138e+00
9.2300000000e+02,1.0854725924e-02,1.1329612844e-02,3.4696941592e-01,2.7356485534e-01,1.8817625033e-01,6.3611945270e-02,1.0549319438e-01,2.2719092366e+00
9.2350000000e+02,1.1020210306e-02,1.1275470728e-02,3.4924723610e-01,2.7011227091e-01,1.8916537130e-01,6.3378568193e-02,1.0580087247e-01,2.2782854363e+00
9.2400000000e+02,1.1020322273e-02,1.1317621581e-02,3.5026287449e-01,2.6946061714e-01,1.8955199675e-01,6.3528096462e-02,1.0485847130e-01,2.2773113344e+00
9.2450000000e+02,1.0901039552e-02,1.1323278567e-02,3.4918580052e-01,2.7096280964e-01,1.8982154237e-01,6.3245498717e-02,1.0456003064e-01,2.2772813052e+00
9.2500000000e+02,1.0986898247e-02,1.1282460383e-02,3.4856754839e-01,2.7173365506e-01,1.9008010308e-01,6.2751553678e-02,1.0459778115e-01,2.2800576701e+00
9.2550000000e+02,1.1017945029e-02,1.1276441043e-02,3.4934888237e-01,2.7024124236e-01,1.9000966718e-01,6.2784153125e-02,1.0532166890e-01,2.2804944505e+00
9.2600000000e+02,1.1075761872e-02,1.1198904703e-02,3.4969609380e-01,2.6900475676e-01,1.9157867723e-01,6.2182680892e-02,1.0526312475e-01,2.2863017079e+00
9.2650000000e+02,1.1170169207e-02,1.1295149606e-02,3.4857544690e-01,2.6953118472e-01,1.9147114753e-01,6.2010482638e-02,1.0594641940e-01,2.2919236676e+00
9.2700000000e+02,1.1134629271e-02,1.1212458923e-02,3.4859836960e-01,2.6886933434e-01,1.9175538108e-01,6.2452268686e-02,1.0597755810e-01,2.2942953859e+00
9.2750000000e+02,1.1096956451e-02,1.1214096032e-02,3.4830812853e-01,2.7046312978e-01,1.9200478250e-01,6.1803904773e-02,1.0510900193e-01,2.2907121972e+00
9.2800000000e+02,1.1049087439e-02,1.1209754273e-02,3.5070990422e-01,2.6855781736e-01,1.9168086824e-01,6.2512628155e-02,1.0427994030e-01,2.2925245085e+00
9.2850000000e+02,1.1069258939e-02,1.1253374342e-02,3.5058147310e-01,2.6846940074e-01,1.9293964651e-01,6.2149189388e-02,1.0353765699e-01,2.2886573310e+00
9.2900000000e+02,1.1126092081e-02,1.1298284966e-02,3.5146123136e-01,2.6850785187e-01,1.9345711371e-01,6.1688159921e-02,1.0246126609e-01,2.2881787101e+00
9.2950000000e+02,1.1108262856e-02,1.1353700623e-02,3.5231408008e-01,2.6739240994e-01,1.9412029716e-01,6.1841371233e-02,1.0186987810e-01,2.2911475931e+00
9.3000000000e+02,1.1031745700e-02,1.1411337586e-02,3.5456452224e-01,2.6550941960e-01,1.9364922779e-01,6.2284146120e-02,1.0154960097e-01,2.2909342732e+00
9.3050000000e+02,1.0954274549e-02,1.1471681913e-02,3.5635457471e-01,2.6447806720e-01,1.9418153314e-01,6.1948716124e-02,1.0061115237e-01,2.2925882971e+00
9.3100000000e+02,1.0967347980e-02,1.1379329959e-02,3.5877834789e-01,2.6246864223e-01,1.9438125597e-01,6.1468481111e-02,1.0055659486e-01,2.2929433627e+00
9.3150000000e+02,1.1032441620e-02,1.1398489305e-02,3.6069118533e-01,2.6116620900e-01,1.9390868722e-01,6.1349318087e-02,1.0045366944e-01,2.2922857309e+00
9.3200000000e+02,1.1035561617e-02,1.1221554021e-02,3.6120094801e-01,2.6132103708e-01,1.9404432511e-01,6.0080115784e-02,1.0109645838e-01,2.2869304565e+00
9.3250000000e+02,1.1038707293e-02,1.1218702496e-02,3.6254756321e-01,2.5959666093e-01,1.9285642268e-01,6.0502792852e-02,1.0223915054e-01,2.2899983980e+00
9.3300000000e+02,1.1035333341e-02,1.1224081028e-02,3.6260546623e-01,2.6103459953e-01,1.9149442223e-01,6.0613438907e-02,1.0199265874e-01,2.2857644444e+00
9.3350000000e+02,1.0948152546e-02,1.1286120390e-02,3.6348845062e-01,2.6007906068e-01,1.9234951171e-01,5.9873337030e-02,1.0197536702e-01,2.2846310337e+00
9.3400000000e+02,1.0918761652e-02,1.1336499177e-02,3.6375749714e-01,2.6039898911e-01,1.9245214637e-01,5.9087780523e-02,1.0204832603e-01,2.2857920570e+00
9.3450000000e+02,1.0803417429e-02,1.1485305398e-02,3.6578532657e-01,2.5933407026e-01,1.9258245045e-01,5.8771957080e-02,1.0123747281e-01,2.2815614405e+00
9.3500000000e+02,1.0813258451e-02,1.1455107051e-02,3.6784236978e-01,2.5757101505e-01,1.9254533701e-01,5.8414846987e-02,1.0135806567e-01,2.2839123695e+00
9.3550000000e+02,1.0800302827e-02,1.1436738394e-02,3.7012590983e-01,2.5575411840e-01,1.9348060214e-01,5.7310871646e-02,1.0109145676e-01,2.2809516642e+00
9.3600000000e+02,1.0843668744e-02,1.1605128764e-02,3.7183237759e-01,2.5353378446e-01,1.9448197906e-01,5.6799982135e-02,1.0090307924e-01,2.2849899530e+00
9.3650000000e+02,1.0850501698e-02,1.1611234762e-02,3.7360312565e-01,2.5264454218e-01,1.9506100650e-01,5.5844168553e-02,1.0038542066e-01,2.2842578755e+00
9.3700000000e+02,1.0788824506e-02,1.1659232954e-02,3.7569493172e-01,2.5056361172e-01,1.9509019410e-01,5.6189572420e-02,1.0001363257e-01,2.2847073090e+00
9.3750000000e+02,1.0735579817e-02,1.1787577248e-02,3.7779567246e-01,2.4860802381e-01,1.9504600494e-01,5.6339947085e-02,9.9687194630e-02,2.2833421711e+00
9.3800000000e+02,1.0754518408e-02,1.1738747617e-02,3.7999937457e-01,2.4695319294e-01,1.9580514844e-01,5.5783787494e-02,9.8965230531e-02,2.2841239208e+00
9.3850000000e+02,1.0800608723e-02,1.1827961634e-02,3.8113953734e-01,2.4533501731e-01,1.9611306904e-01,5.5568314749e-02,9.9215491200e-02,2.2839067595e+00
9.3900000000e+02,1.0801579883e-02,1.2042275844e-02,3.8298783494e-01,2.4435310848e-01,1.9571519001e-01,5.5490774910e-02,9.8609235936e-02,2.2841372279e+00
9.3950000000e+02,1.0726184594e-02,1.2021745738e-02,3.8388830354e-01,2.4259463333e-01,1.9673184509e-01,5.5054175811e-02,9.8983111898e-02,2.2857063299e+00
9.4000000000e+02,1.0813987686e-02,1.2098094927e-02,3.8450428387e-01,2.4255961628e-01,1.9615175047e-01,5.4305394134e-02,9.9566872641e-02,2.2882760132e+00
9.4050000000e+02,1.0645484653e-02,1.2081411475e-02,3.8572296451e-01,2.4195485003e-01,1.9583956210e-01,5.4256725933e-02,9.9499001301e-02,2.2856726526e+00
9.4100000000e+02,1.0557470556e-02,1.2074169407e-02,3.8779467178e-01,2.4106401458e-01,1.9444889919e-01,5.4632766399e-02,9.9428008088e-02,2.2833896482e+00
9.4150000000e+02,1.0629744748e-02,1.2079088808e-02,3.8811442086e-01,2.4015438853e-01,1.9354031406e-01,5.4958184682e-02,1.0052385832e-01,2.2794022256e+00
9.4200000000e+02,1.0607867254e-02,1.2090066769e-02,3.9075148367e-01,2.3673890139e-01,1.9488946825e-01,5.3999803674e-02,1.0092240899e-01,2.2815242784e+00
9.4250000000e+02,1.0656997521e-02,1.2259157420e-02,3.9150648420e-01,2.3621662865e-01,1.9453016229e-01,5.4105537988e-02,1.0072503193e-01,2.2823274933e+00
9.4300000000e+02,1.0630039404e-02,1.2406150110e-02,3.9220484622e-01,2.3514879802e-01,1.9388800213e-01,5.4306970253e-02,1.0141519386e-01,2.2831654934e+00
9.4350000000e+02,1.0590385875e-02,1.2439745268e-02,3.9247534371e-01,2.3524714606e-01,1.9320256295e-01,5.4366173676e-02,1.0167864246e-01,2.2844949521e+00
9.4400000000e+02,1.0453488489e-02,1.2464225577e-02,3.9423475804e-01,2.3406274300e-01,1.9304434598e-01,5.4910184029e-02,1.0083025488e-01,2.2841533703e+00
9.4450000000e+02,1.0408792400e-02,1.2428132902e-02,3.9703405415e-01,2.3150851367e-01,1.9239246487e-01,5.5506189636e-02,1.0072185236e-01,2.2838286328e+00
9.4500000000e+02,1.0253490553e-02,1.2393024955e-02,3.9810136059e-01,2.3253476918e-01,1.9033067169e-01,5.5991076645e-02,1.0039560638e-01,2.2764696672e+00
9.4550000000e+02,1.0288744937e-02,1.2442764156e-02,3.9918848063e-01,2.3048565604e-01,1.9045833464e-01,5.6273981670e-02,1.0086203793e-01,2.2784707087e+00
9.4600000000e+02,1.0357042402e-02,1.2368978209e-02,4.0282551271e-01,2.2796064626e-01,1.8870761295e-01,5.7097048912e-02,1.0068315856e-01,2.2758015524e+00
9.4650000000e+02,1.0358830657e-02,1.2481730903e-02,4.0280217305e-01,2.2692300979e-01,1.9008621921e-01,5.7410754820e-02,9.9937281570e-02,2.2797790494e+00
9.4700000000e+02,1.0342260509e-02,1.2506949585e-02,4.0399484145e-01,2.2620805710e-01,1.9035181282e-01,5.7332000939e-02,9.9264077594e-02,2.2775474761e+00
9.4750000000e+02,1.0328750343e-02,1.2500788118e-02,4.0457332186e-01,2.2653454327e-01,1.8939895787e-01,5.7606987169e-02,9.9056651364e-02,2.2743223907e+00
9.4800000000e+02,1.0319637315e-02,1.2508339269e-02,4.0668926171e-01,2.2524639455e-01,1.9098949696e-01,5.7047262141e-02,9.7199608064e-02,2.2729906875e+00
9.4850000000e+02,1.0206602750e-02,1.2508293115e-02,4.0861789678e-01,2.2333037459e-01,1.9111366904e-01,5.7613280284e-02,9.6609883437e-02,2.2745005373e+00
9.4900000000e+02,1.0274595394e-02,1.2557577010e-02,4.0909469413e-01,2.2290440178e-01,1.9263774978e-01,5.7202207202e-02,9.5328774710e-02,2.2687477200e+00
9.4950000000e+02,1.0248665509e-02,1.2600444042e-02,4.0868809465e-01,2.2323532563e-01,1.9259890702e-01,5.7195140945e-02,9.5433422198e-02,2.2714502976e+00
9.5000000000e+02,1.0303186375e-02,1.2651237623e-02,4.0867080243e-01,2.2328307436e-01,1.9327020643e-01,5.6546388064e-02,9.5275104715e-02,2.2721257908e+00
9.5050000000e+02,1.0331261774e-02,1.2797197257e-02,4.0916332576e-01,2.2164306649e-01,1.9312043660e-01,5.7180183510e-02,9.5764528603e-02,2.2783955038e+00
9.5100000000e+02,1.0362950749e-02,1.2803383327e-02,4.1236313050e-01,2.1960478253e-01,1.9194198794e-01,5.7681284117e-02,9.5242480838e-02,2.2743739543e+00
9.5150000000e+02,1.0295071857e-02,1.2825068816e-02,4.1326055630e-01,2.1868925065e-01,1.9232455216e-01,5.7951125032e-02,9.4654375185e-02,2.2723377151e+00
9.5200000000e+02,1.0211662558e-02,1.2788987901e-02,4.1389928977e-01,2.1852256381e-01,1.9316792205e-01,5.7109869275e-02,9.4299704646e-02,2.2678113150e+00
9.5250000000e+02,1.0225754333e-02,1.2725601508e-02,4.1410435695e-01,2.1888298263e-01,1.9239200214e-01,5.7491908802e-02,9.4177393634e-02,2.2643113454e+00
9.5300000000e+02,1.0355957720e-02,1.2896082592e-02,4.1376885780e-01,2.1970025307e-01,1.9117588101e-01,5.7313371119e-02,9.4789596700e-02,2.2617344920e+00
9.5350000000e+02,1.0265048032e-02,1.2910095595e-02,4.1497186117e-01,2.1960682268e-01,1.9070763844e-01,5.7048696764e-02,9.4489837325e-02,2.2569603719e+00
9.5400000000e+02,1.0256067865e-02,1.2878114893e-02,4.1576022460e-01,2.2064210211e-01,1.9068808384e-01,5.6095810423e-02,9.3679596270e-02,2.2508148871e+00
9.5450000000e+02,1.0443917992e-02,1.2850799789e-02,4.1619319548e-01,2.1952727703e-01,1.9102158103e-01,5.6154330887e-02,9.3808897789e-02,2.2511834358e+00
9.5500000000e+02,1.0363151127e-02,1.2812972180e-02,4.1654544818e-01,2.1886027515e-01,1.9079093438e-01,5.6389658547e-02,9.4237560446e-02,2.2496996925e+00
9.5550000000e+02,1.0301643356e-02,1.2713243795e-02,4.1791710096e-01,2.1698791471e-01,1.9131787750e-01,5.6632460872e-02,9.4129758812e-02,2.2519298545e+00
9.5600000000e+02,1.0372432619e-02,1.2840200939e-02,4.1988270015e-01,2.1336570860e-01,1.9149869677e-01,5.6521100516e-02,9.5519160408e-02,2.2544410391e+00
9.5650000000e+02,1.0483009694e-02,1.2818105005e-02,4.2281794639e-01,2.1209214753e-01,1.8998837754e-01,5.7276414240e-02,9.4523999600e-02,2.2477536050e+00
9.5700000000e+02,1.0526234361e-02,1.2650361012e-02,4.2488950958e-01,2.1015244533e-01,1.8995827846e-01,5.7220852376e-02,9.4602318870e-02,2.2454197566e+00
9.5750000000e+02,1.0645319456e-02,1.2752543870e-02,4.2527523651e-01,2.0818078870e-01,1.9100815794e-01,5.6529689230e-02,9.5608264293e-02,2.2474012314e+00
9.5800000000e+02,1.0760432810e-02,1.2859598904e-02,4.2499367388e-01,2.0888423422e-01,1.8989190725e-01,5.6683235098e-02,9.5926917840e-02,2.2417085745e+00
9.5850000000e+02,1.0818940337e-02,1.2913912657e-02,4.2618214186e-01,2.0795763069e-01,1.9056087919e-01,5.5714867801e-02,9.5851627475e-02,2.2422105452e+00
9.5900000000e+02,1.0652279094e-02,1.2823902661e-02,4.2961957842e-01,2.0698083432e-01,1.8925347874e-01,5.5997215061e-02,9.4672711705e-02,2.2309489795e+00
9.5950000000e+02,1.0723745244e-02,1.2741711820e-02,4.3220407118e-01,2.0412750602e-01,1.8879536267e-01,5.7105041196e-02,9.4302561874e-02,2.2303561360e+00
9.6000000000e+02,1.0905604092e-02,1.2792659133e-02,4.3215379562e-01,2.0370764074e-01,1.8771999823e-01,5.7912430831e-02,9.4807871356e-02,2.2324811690e+00
9.6050000000e+02,1.0860550487e-02,1.2807025858e-02,4.3262810417e-01,2.0364608526e-01,1.8778012381e-01,5.8110131281e-02,9.4167979140e-02,2.2265545422e+00
9.6100000000e+02,1.0908416456e-02,1.2825603519e-02,4.3258711556e-01,2.0340464558e-01,1.8756044290e-01,5.7933735591e-02,9.4780040392e-02,2.2267205649e+00
9.6150000000e+02,1.1044644528e-02,1.2900219607e-02,4.3359275527e-01,2.0227985961e-01,1.8694280696e-01,5.8301838948e-02,9.4937875078e-02,2.2245386510e+00
9.6200000000e+02,1.1100142303e-02,1.3035591864e-02,4.3459987725e-01,2.0173248648e-01,1.8750231537e-01,5.7926840008e-02,9.4102746718e-02,2.2268967565e+00
9.6250000000e+02,1.1053673869e-02,1.3157999910e-02,4.3726642412e-01,1.9948000179e-01,1.8635278217e-01,5.9152540821e-02,9.3536577330e-02,2.2250620701e+00
9.6300000000e+02,1.1044147730e-02,1.3272811799e-02,4.3783362209e-01,1.9933468336e-01,1.8542798317e-01,5.9833807274e-02,9.3252944573e-02,2.2288510160e+00
9.6350000000e+02,1.1152981205e-02,1.3276929925e-02,4.3930019556e-01,1.9982432690e-01,1.8519676320e-01,5.9955093139e-02,9.1293710068e-02,2.2238775220e+00
9.6400000000e+02,1.1147314579e-02,1.3204946840e-02,4.4009179021e-01,1.9868612975e-01,1.8631999086e-01,5.9547232517e-02,9.1002595246e-02,2.2229799215e+00
9.6450000000e+02,1.1123942233e-02,1.3176092785e-02,4.4164014952e-01,1.9815792904e-01,1.8461780956e-01,5.9944798737e-02,9.1339278125e-02,2.2185421252e+00
9.6500000000e+02,1.1115053601e-02,1.3235029891e-02,4.4194946110e-01,1.9740450465e-01,1.8464287851e-01,5.9858722408e-02,9.1794349847e-02,2.2150587802e+00
9.6550000000e+02,1.1115961487e-02,1.3228867279e-02,4.4293246821e-01,1.9677090196e-01,1.8400954794e-01,6.0445973485e-02,9.1496279634e-02,2.2148004066e+00
9.6600000000e+02,1.1138092650e-02,1.3345916973e-02,4.4440424922e-01,1.9569430064e-01,1.8327239458e-01,6.0559727699e-02,9.1585318234e-02,2.2085044482e+00
9.6650000000e+02,1.1141178214e-02,1.3186452416e-02,4.4789433420e-01,1.9439478023e-01,1.8213181116e-01,6.0977888792e-02,9.0273554993e-02,2.1957470416e+00
9.6700000000e+02,1.1288171526e-02,1.3280535585e-02,4.4838762522e-01,1.9331085180e-01,1.8142128590e-01,6.1677561660e-02,9.0633968318e-02,2.2018013551e+00
9.6750000000e+02,1.1318679814e-02,1.3176097815e-02,4.4969192264e-01,1.9311043897e-01,1.8169952217e-01,6.0972690730e-02,9.0030647860e-02,2.1935196678e+00
9.6800000000e+02,1.1318167659e-02,1.3226307516e-02,4.4896101275e-01,1.9285987781e-01,1.8106807745e-01,6.1597083534e-02,9.0969473281e-02,2.1929699371e+00
9.6850000000e+02,1.1304328226e-02,1.3280579712e-02,4.4969657833e-01,1.9402409007e-01,1.8193505133e-01,6.0051233700e-02,8.9708138626e-02,2.1836422111e+00
9.6900000000e+02,1.1301787276e-02,1.3284996098e-02,4.4944650579e-01,1.9505436429e-01,1.8214334555e-01,5.9770967459e-02,8.8998033535e-02,2.1794707989e+00
9.6950000000e+02,1.1380795664e-02,1.3218280811e-02,4.5030962249e-01,1.9396143166e-01,1.8254177473e-01,5.9453099105e-02,8.9134995541e-02,2.1815748754e+00
9.7000000000e+02,1.1483410345e-02,1.3296728212e-02,4.5059882930e-01,1.9312059737e-01,1.8298566843e-01,5.9524945672e-02,8.8989820663e-02,2.1795588014e+00
9.7050000000e+02,1.1560940117e-02,1.3324980984e-02,4.5056467472e-01,1.9313907805e-01,1.8321202208e-01,5.9305590266e-02,8.8892713789e-02,2.1811513247e+00
9.7100000000e+02,1.1537839966e-02,1.3446755523e-02,4.5112487828e-01,1.9293783306e-01,1.8348409405e-01,5.9093316265e-02,8.8375282858e-02,2.1766122323e+00
9.7150000000e+02,1.1550018288e-02,1.3477622353e-02,4.5316560103e-01,1.9175098148e-01,1.8355562508e-01,5.8571394353e-02,8.7928757420e-02,2.1755812950e+00
9.7200000000e+02,1.1541810851e-02,1.3432940528e-02,4.5507350731e-01,1.8930700119e-01,1.8454307614e-01,5.7780847711e-02,8.8320816277e-02,2.1745378389e+00
9.7250000000e+02,1.1404354574e-02,1.3458170733e-02,4.5480485710e-01,1.8895478038e-01,1.8477250755e-01,5.7901957422e-02,8.8703372243e-02,2.1698521002e+00
9.7300000000e+02,1.1433801108e-02,1.3453323121e-02,4.5626186910e-01,1.8887216402e-01,1.8544452370e-01,5.7223711392e-02,8.7310607561e-02,2.1587410358e+00
9.7350000000e+02,1.1409465884e-02,1.3491443957e-02,4.5760410863e-01,1.8898259966e-01,1.8497698574e-01,5.6684801330e-02,8.6850594807e-02,2.1492894429e+00
9.7400000000e+02,1.1361048207e-02,1.3484452710e-02,4.5849894656e-01,1.8933667890e-01,1.8441149807e-01,5.6651188182e-02,8.6256187379e-02,2.1400363946e+00
9.7450000000e+02,1.1379913908e-02,1.3488163584e-02,4.5833419029e-01,1.8791722975e-01,1.8493805096e-01,5.7195660588e-02,8.6746790917e-02,2.1411663921e+00
9.7500000000e+02,1.1410908787e-02,1.3548291806e-02,4.5904239318e-01,1.8653681035e-01,1.8621554530e-01,5.6664948635e-02,8.6581101946e-02,2.1459255236e+00
9.7550000000e+02,1.1486039946e-02,1.3560430392e-02,4.6007918828e-01,1.8575298951e-01,1.8668681509e-01,5.5860639892e-02,8.6573896885e-02,2.1427436833e+00
9.7600000000e+02,1.1550825040e-02,1.3795576235e-02,4.6143750735e-01,1.8612199728e-01,1.8633407542e-01,5.5657979659e-02,8.5102039019e-02,2.1298430238e+00
9.7650000000e+02,1.1629829835e-02,1.3881150977e-02,4.6077318820e-01,1.8563345152e-01,1.8669786383e-01,5.5403407737e-02,8.5981107896e-02,2.1358579788e+00
9.7700000000e+02,1.1621262869e-02,1.3923847118e-02,4.6165316490e-01,1.8596351113e-01,1.8727272387e-01,5.4081249361e-02,8.5484240753e-02,2.1320653724e+00
9.7750000000e+02,1.1616701984e-02,1.3880178501e-02,4.6157339632e-01,1.8646259455e-01,1.8635241349e-01,5.4341175712e-02,8.5773539447e-02,2.1330230967e+00
9.7800000000e+02,1.1683960524e-02,1.3883004334e-02,4.6157211827e-01,1.8687775119e-01,1.8653128635e-01,5.4768906214e-02,8.4682973121e-02,2.1334978524e+00
9.7850000000e+02,1.1721463509e-02,1.3744945597e-02,4.6312421405e-01,1.8579193484e-01,1.8562035068e-01,5.5282209206e-02,8.4714882118e-02,2.1300416525e+00
9.7900000000e+02,1.1756737786e-02,1.3800053834e-02,4.6367456488e-01,1.8579894088e-01,1.8513903467e-01,5.5698412573e-02,8.4132255376e-02,2.1218225888e+00
9.7950000000e+02,1.1730299527e-02,1.3791543926e-02,4.6458665245e-01,1.8588871597e-01,1.8457162533e-01,5.5811324489e-02,8.3619838308e-02,2.1125857136e+00
9.8000000000e+02,1.1584414062e-02,1.3691243952e-02,4.6354720564e-01,1.8708305757e-01,1.8380243753e-01,5.5966749358e-02,8.4324891889e-02,2.1136675503e+00
9.8050000000e+02,1.1706631172e-02,1.3689976355e-02,4.6266439710e-01,1.8777161474e-01,1.8412570063e-01,5.6019947010e-02,8.4021732994e-02,2.1127707400e+00
9.8100000000e+02,1.1667830221e-02,1.3660071379e-02,4.6260536202e-01,1.8829544790e-01,1.8384074797e-01,5.5755294928e-02,8.4175245587e-02,2.1104290213e+00
9.8150000000e+02,1.1716389307e-02,1.3703243020e-02,4.6304638631e-01,1.8658769744e-01,1.8419649888e-01,5.5738192907e-02,8.5011592133e-02,2.1190966597e+00
9.8200000000e+02,1.1708440283e-02,1.3783631148e-02,4.6159852601e-01,1.8660537989e-01,1.8433396523e-01,5.5978826096e-02,8.5991231340e-02,2.1313061058e+00
9.8250000000e+02,1.1671498906e-02,1.3977480732e-02,4.6132384592e-01,1.8707600314e-01,1.8316004695e-01,5.6855476734e-02,8.5935647613e-02,2.1297490478e+00
9.8300000000e+02,1.1621728352e-02,1.4048677135e-02,4.6171993827e-01,1.8734627210e-01,1.8300836895e-01,5.6576170560e-02,8.5678844633e-02,2.1258540029e+00
9.8350000000e+02,1.1649318946e-02,1.4080706955e-02,4.6275459253e-01,1.8676991536e-01,1.8258247193e-01,5.6264001246e-02,8.5898993036e-02,2.1222278117e+00
9.8400000000e+02,1.1688059624e-02,1.3986947431e-02,4.6248359002e-01,1.8748681621e-01,1.8285551458e-01,5.6025790389e-02,8.5473281749e-02,2.1160440790e+00
9.8450000000e+02,1.1704675769e-02,1.3948526107e-02,4.6528312822e-01,1.8692043181e-01,1.8134748547e-01,5.6331586643e-02,8.4464165976e-02,2.1065206841e+00
9.8500000000e+02,1.1774907622e-02,1.4115107488e-02,4.6537240852e-01,1.8618270354e-01,1.8155540196e-01,5.6307769109e-02,8.4691701755e-02,2.1082488802e+00
9.8550000000e+02,1.1773369204e-02,1.4123634210e-02,4.6842722047e-01,1.8416052873e-01,1.8137408229e-01,5.5891829069e-02,8.4249336030e-02,2.1019781373e+00
9.8600000000e+02,1.1942171693e-02,1.4097763203e-02,4.6908675622e-01,1.8318074899e-01,1.8110379525e-01,5.5825291287e-02,8.4763473360e-02,2.1028854538e+00
9.8650000000e+02,1.1922952791e-02,1.4075371663e-02,4.7103010367e-01,1.8284540460e-01,1.8089887616e-01,5.5374727634e-02,8.3852563474e-02,2.0952267701e+00
9.8700000000e+02,1.1890594363e-02,1.4061027029e-02,4.7075738886e-01,1.8279168062e-01,1.8074141237e-01,5.5268596468e-02,8.4489300301e-02,2.0909062762e+00
9.8750000000e+02,1.1882314190e-02,1.4238266644e-02,4.6984714054e-01,1.8365188246e-01,1.8159514461e-01,5.4595078884e-02,8.4190172679e-02,2.0866665957e+00
9.8800000000e+02,1.2056426618e-02,1.4200804751e-02,4.7029957882e-01,1.8401990670e-01,1.8061451300e-01,5.4857583176e-02,8.3951186930e-02,2.0802997006e+00
9.8850000000e+02,1.2104159664e-02,1.4352011566e-02,4.6914916994e-01,1.8405770545e-01,1.7961352336e-01,5.5485050189e-02,8.5238379840e-02,2.0864219694e+00
9.8900000000e+02,1.2170602444e-02,1.4493296450e-02,4.6947433854e-01,1.8444997994e-01,1.7770860719e-01,5.6252507513e-02,8.5450667927e-02,2.0873586137e+00
9.8950000000e+02,1.2290500743e-02,1.4634694655e-02,4.6744116171e-01,1.8643653526e-01,1.7720713376e-01,5.6686327167e-02,8.5303646709e-02,2.0877850280e+00
9.9000000000e+02,1.2325937102e-02,1.4694305336e-02,4.6748781061e-01,1.8651114120e-01,1.7746542501e-01,5.6292242242e-02,8.5223138496e-02,2.0832814708e+00
9.9050000000e+02,1.2430959120e-02,1.4701349245e-02,4.6667833796e-01,1.8636226571e-01,1.7792807866e-01,5.6911327198e-02,8.4987682107e-02,2.0844491554e+00
9.9100000000e+02,1.2477276872e-02,1.4688115045e-02,4.6453288002e-01,1.8740016205e-01,1.7796767025e-01,5.6928817636e-02,8.6005078133e-02,2.0973597447e+00
9.9150000000e+02,1.2405740562e-02,1.4552411638e-02,4.6522714335e-01,1.8651225579e-01,1.7831966905e-01,5.7171736907e-02,8.5811042709e-02,2.1000764703e+00
9.9200000000e+02,1.2464441296e-02,1.4572103435e-02,4.6403714590e-01,1.8672698722e-01,1.7801167240e-01,5.7225252199e-02,8.6962397558e-02,2.1017742152e+00
9.9250000000e+02,1.2328492091e-02,1.4550548189e-02,4.6536886249e-01,1.8725313607e-01,1.7725123640e-01,5.7148115419e-02,8.6099609343e-02,2.0936418592e+00
9.9300000000e+02,1.2286318725e-02,1.4637132757e-02,4.6668749628e-01,1.8711676585e-01,1.7740843472e-01,5.5984865963e-02,8.5878985711e-02,2.0905837922e+00
9.9350000000e+02,1.2243375460e-02,1.4623758608e-02,4.6819279384e-01,1.8711639538e-01,1.7649779275e-01,5.5674748564e-02,8.5651135393e-02,2.0773806407e+00
9.9400000000e+02,1.2294580531e-02,1.4833281408e-02,4.6708784138e-01,1.8660009955e-01,1.7666758556e-01,5.5965744292e-02,8.6550867285e-02,2.0818914337e+00
9.9450000000e+02,1.2270805667e-02,1.4854111952e-02,4.6869265257e-01,1.8570040163e-01,1.7641755640e-01,5.5713441294e-02,8.6351030491e-02,2.0752653849e+00
9.9500000000e+02,1.2381495120e-02,1.5008753639e-02,4.6555843098e-01,1.8772791125e-01,1.7571514606e-01,5.6163471462e-02,8.7444791486e-02,2.0812842154e+00
9.9550000000e+02,1.2533237537e-02,1.5055980917e-02,4.6388102124e-01,1.8790308993e-01,1.7636593073e-01,5.5554974534e-02,8.8705765107e-02,2.0894066401e+00
9.9600000000e+02,1.2611377941e-02,1.5049226430e-02,4.6220945837e-01,1.8934076984e-01,1.7627510338e-01,5.5335748885e-02,8.9178315149e-02,2.0916406614e+00
9.9650000000e+02,1.2558028608e-02,1.4836709382e-02,4.6310539539e-01,1.8834701216e-01,1.7683468253e-01,5.5317712983e-02,8.9000458942e-02,2.0851710172e+00
9.9700000000e+02,1.2503697630e-02,1.4917299260e-02,4.6440491712e-01,1.8745293315e-01,1.7507584472e-01,5.5870055598e-02,8.9775252518e-02,2.0833936523e+00
9.9750000000e+02,1.2411894415e-02,1.4773258616e-02,4.6537189259e-01,1.8705952900e-01,1.7447087420e-01,5.5800989758e-02,9.0111561425e-02,2.0796315889e+00
9.9800000000e+02,1.2571915414e-02,1.4796492958e-02,4.6523145118e-01,1.8742026877e-01,1.7431546533e-01,5.5544420431e-02,9.0119985917e-02,2.0835828038e+00
9.9850000000e+02,1.2431393822e-02,1.4808495036e-02,4.6577311836e-01,1.8830885845e-01,1.7385560306e-01,5.4911835806e-02,8.9910695461e-02,2.0747727767e+00
9.9900000000e+02,1.2389949570e-02,1.4695839721e-02,4.6482644638e-01,1.8814374186e-01,1.7479288670e-01,5.4934157867e-02,9.0216977904e-02,2.0777925937e+00
9.9950000000e+02,1.2384637699e-02,1.4777428545e-02,4.6329517888e-01,1.8886658812e-01,1.7423198506e-01,5.5373387745e-02,9.1070793957e-02,2.0805042810e+00

# METADATA: {"config_sha256": "314680c8aebb", "provenance": "Hardened_JPCL_Resubmission_v1.3", "git_commit_sha": "4883ee974158"}
