time_fs,population_site_1,population_site_2,population_site_3,population_site_4,population_site_5,population_site_6,population_site_7,coherences
0.0000000000e+00,2.6653030282e-01,3.5687571535e-02,4.5799527455e-02,4.0010930148e-02,1.3283670100e-01,8.0375459269e-03,4.7109742112e-01,4.1062362492e+00
5.0000000000e-01,2.6530261393e-01,3.5532313063e-02,4.6069794720e-02,4.0007018056e-02,1.3238827005e-01,8.0812443703e-03,4.7261874580e-01,4.1047999855e+00
1.0000000000e+00,2.6479480979e-01,3.5575695789e-02,4.5966584124e-02,4.0089103979e-02,1.3218776528e-01,8.1325175703e-03,4.7325352347e-01,4.1048093670e+00
1.5000000000e+00,2.6348423587e-01,3.5932774037e-02,4.5894479656e-02,4.0618310191e-02,1.3171130850e-01,8.3369081363e-03,4.7402198361e-01,4.1129265782e+00
2.0000000000e+00,2.6271271667e-01,3.6189966309e-02,4.6061281957e-02,4.0639228031e-02,1.3085883059e-01,8.6168672426e-03,4.7492110919e-01,4.1187923483e+00
2.5000000000e+00,2.6138596515e-01,3.6399627605e-02,4.5628647845e-02,4.0947527893e-02,1.3041588771e-01,8.9417744574e-03,4.7628056934e-01,4.1235264145e+00
3.0000000000e+00,2.5899856236e-01,3.6577235382e-02,4.5509057163e-02,4.1749639916e-02,1.2992207101e-01,9.3111912228e-03,4.7793224295e-01,4.1335128706e+00
3.5000000000e+00,2.5817781309e-01,3.6919700713e-02,4.4993164265e-02,4.2464435073e-02,1.2878619141e-01,9.7947717083e-03,4.7886392374e-01,4.1429511243e+00
4.0000000000e+00,2.5740663554e-01,3.7261694301e-02,4.4930239483e-02,4.3095022287e-02,1.2941037556e-01,1.0267606643e-02,4.7762842619e-01,4.1604684163e+00
4.5000000000e+00,2.5629563694e-01,3.7786246446e-02,4.4738382572e-02,4.4336735588e-02,1.2768228421e-01,1.0952117157e-02,4.7820859709e-01,4.1788535956e+00
5.0000000000e+00,2.5612036008e-01,3.8473609415e-02,4.4188427350e-02,4.5477446066e-02,1.2725116148e-01,1.1584860522e-02,4.7690413508e-01,4.1988868212e+00
5.5000000000e+00,2.5602469058e-01,3.9322468920e-02,4.3842433919e-02,4.6715759595e-02,1.2566389802e-01,1.2303044954e-02,4.7612770401e-01,4.2195865309e+00
6.0000000000e+00,2.5577251714e-01,4.0175842080e-02,4.3744242373e-02,4.8389775891e-02,1.2486548962e-01,1.3264426775e-02,4.7378770612e-01,4.2507954157e+00
6.5000000000e+00,2.5365154679e-01,4.1111971873e-02,4.3623839456e-02,5.0186574836e-02,1.2376038846e-01,1.4234136677e-02,4.7343154191e-01,4.2792290684e+00
7.0000000000e+00,2.5231115872e-01,4.1958503321e-02,4.3344936231e-02,5.1877619959e-02,1.2303397531e-01,1.5282330547e-02,4.7219147592e-01,4.3074359222e+00
7.5000000000e+00,2.5240692911e-01,4.3027553223e-02,4.2980992210e-02,5.3385659525e-02,1.2075856413e-01,1.6296335699e-02,4.7114396611e-01,4.3305617010e+00
8.0000000000e+00,2.5218011679e-01,4.4054916900e-02,4.3081383064e-02,5.5300374053e-02,1.1994252494e-01,1.7449862787e-02,4.6799082147e-01,4.3652521235e+00
8.5000000000e+00,2.5088068131e-01,4.5338081048e-02,4.2543960869e-02,5.7232276919e-02,1.1759638514e-01,1.8700620724e-02,4.6770799400e-01,4.3903722052e+00
9.0000000000e+00,2.5070839079e-01,4.6600843741e-02,4.2248454568e-02,5.9531114209e-02,1.1590801067e-01,2.0035436026e-02,4.6496775000e-01,4.4224315727e+00
9.5000000000e+00,2.4911048929e-01,4.7999175127e-02,4.1858067934e-02,6.1769553856e-02,1.1529137745e-01,2.1334910914e-02,4.6263642544e-01,4.4555719851e+00
1.0000000000e+01,2.4810335710e-01,4.9251859799e-02,4.1382522339e-02,6.4341165015e-02,1.1334279078e-01,2.2778636459e-02,4.6079966851e-01,4.4848228734e+00
1.0500000000e+01,2.4630055987e-01,5.0744325539e-02,4.0655534705e-02,6.6765196761e-02,1.1205168188e-01,2.4248722986e-02,4.5923397826e-01,4.5133272325e+00
1.1000000000e+01,2.4418252136e-01,5.1890270551e-02,3.9772770393e-02,6.8956334454e-02,1.1002844858e-01,2.5494262639e-02,4.5967539202e-01,4.5295278514e+00
1.1500000000e+01,2.4176618279e-01,5.3134855728e-02,3.9341560058e-02,7.2033966242e-02,1.0817589022e-01,2.7029802854e-02,4.5851774211e-01,4.5577260950e+00
1.2000000000e+01,2.4007340543e-01,5.4344637169e-02,3.8762343055e-02,7.4708489904e-02,1.0683335119e-01,2.8653795258e-02,4.5662397800e-01,4.5853198251e+00
1.2500000000e+01,2.3759609645e-01,5.5927483055e-02,3.8137152322e-02,7.7060040816e-02,1.0470026081e-01,3.0263798388e-02,4.5631516816e-01,4.6071503599e+00
1.3000000000e+01,2.3552780663e-01,5.7406090753e-02,3.7539894304e-02,8.0098382298e-02,1.0240472613e-01,3.1962499160e-02,4.5506060073e-01,4.6307523808e+00
1.3500000000e+01,2.3407392826e-01,5.8916628084e-02,3.7133177115e-02,8.2880923975e-02,1.0042865630e-01,3.3771985345e-02,4.5279470093e-01,4.6567763088e+00
1.4000000000e+01,2.3246068600e-01,6.0525480077e-02,3.6395894843e-02,8.6109586060e-02,9.8001837110e-02,3.5679676754e-02,4.5082683916e-01,4.6802685977e+00
1.4500000000e+01,2.2946179697e-01,6.2242422843e-02,3.6008140509e-02,8.9814141983e-02,9.5682135934e-02,3.7906201045e-02,4.4888516071e-01,4.7101409528e+00
1.5000000000e+01,2.2816738952e-01,6.3732155058e-02,3.5241163918e-02,9.3211651100e-02,9.3127237324e-02,3.9808509403e-02,4.4671189367e-01,4.7298314513e+00
1.5500000000e+01,2.2677326695e-01,6.5438746563e-02,3.4567019979e-02,9.6236428438e-02,9.0503109075e-02,4.1708776069e-02,4.4477265292e-01,4.7483593551e+00
1.6000000000e+01,2.2339798742e-01,6.7624012507e-02,3.4084393515e-02,1.0018099578e-01,8.8628785359e-02,4.4072312218e-02,4.4201151319e-01,4.7777676959e+00
1.6500000000e+01,2.2172451301e-01,6.9638649152e-02,3.3437856259e-02,1.0391367702e-01,8.6357649241e-02,4.6217973888e-02,4.3870968143e-01,4.8007593653e+00
1.7000000000e+01,2.2032297373e-01,7.2052442424e-02,3.2839327193e-02,1.0716535616e-01,8.3977637271e-02,4.8263422069e-02,4.3537884115e-01,4.8214771910e+00
1.7500000000e+01,2.1822504642e-01,7.4102886911e-02,3.2514695700e-02,1.1128736618e-01,8.1282758509e-02,5.0530311849e-02,4.3205693443e-01,4.8439100088e+00
1.8000000000e+01,2.1615991817e-01,7.6640903505e-02,3.2092849171e-02,1.1536788073e-01,7.9036615180e-02,5.3053823396e-02,4.2764800984e-01,4.8694695212e+00
1.8500000000e+01,2.1274794790e-01,7.8808511595e-02,3.1436866443e-02,1.1896177432e-01,7.7171330152e-02,5.5598451171e-02,4.2527511842e-01,4.8881587178e+00
1.9000000000e+01,2.0956281429e-01,8.0937192551e-02,3.0999260843e-02,1.2371792135e-01,7.4561094340e-02,5.7994556192e-02,4.2222716044e-01,4.9068071794e+00
1.9500000000e+01,2.0769538636e-01,8.3121119452e-02,3.0437004131e-02,1.2754223222e-01,7.1899754080e-02,5.9981130857e-02,4.1932337290e-01,4.9181416135e+00
2.0000000000e+01,2.0492857821e-01,8.5009992619e-02,2.9651718758e-02,1.3203841524e-01,6.8953430730e-02,6.2872177927e-02,4.1654568652e-01,4.9280983993e+00
2.0500000000e+01,2.0262961352e-01,8.7092851739e-02,2.8914154862e-02,1.3600524662e-01,6.6392853614e-02,6.5126270683e-02,4.1383900896e-01,4.9359569567e+00
2.1000000000e+01,2.0000555351e-01,8.9139270246e-02,2.8371996172e-02,1.3954027287e-01,6.3625198531e-02,6.7702285079e-02,4.1161542360e-01,4.9428734398e+00
2.1500000000e+01,1.9831444906e-01,9.1154686359e-02,2.7979601346e-02,1.4335445061e-01,6.0911799845e-02,7.0666691387e-02,4.0761832139e-01,4.9543154819e+00
2.2000000000e+01,1.9544272854e-01,9.3850390714e-02,2.7417689861e-02,1.4723666551e-01,5.8152143952e-02,7.3222076345e-02,4.0467830508e-01,4.9595380729e+00
2.2500000000e+01,1.9345696905e-01,9.6525844405e-02,2.6805953409e-02,1.5071219359e-01,5.5305822741e-02,7.5766299436e-02,4.0142691737e-01,4.9634489990e+00
2.3000000000e+01,1.9179831656e-01,9.8833290932e-02,2.6449303742e-02,1.5416461897e-01,5.2317423799e-02,7.8790716063e-02,3.9764632993e-01,4.9685987587e+00
2.3500000000e+01,1.8870920480e-01,1.0150380869e-01,2.5845584911e-02,1.5802558221e-01,4.9895623431e-02,8.1295707999e-02,3.9472448795e-01,4.9706607196e+00
2.4000000000e+01,1.8621847908e-01,1.0353402863e-01,2.5384570569e-02,1.6279800979e-01,4.7658535991e-02,8.4378540312e-02,3.9002783562e-01,4.9768858212e+00
2.4500000000e+01,1.8517081657e-01,1.0545592117e-01,2.4702180847e-02,1.6663712917e-01,4.5334983733e-02,8.7068388296e-02,3.8563058022e-01,4.9755365991e+00
2.5000000000e+01,1.8206481710e-01,1.0771047326e-01,2.4251070855e-02,1.6984327433e-01,4.2769359628e-02,8.9864747765e-02,3.8349625707e-01,4.9712917861e+00
2.5500000000e+01,1.7928329787e-01,1.1084697652e-01,2.3709981358e-02,1.7370069420e-01,4.0259182779e-02,9.2805232845e-02,3.7939463443e-01,4.9697025826e+00
2.6000000000e+01,1.7689324157e-01,1.1342839118e-01,2.3346571834e-02,1.7780250647e-01,3.7846187072e-02,9.5605397185e-02,3.7507770470e-01,4.9674068225e+00
2.6500000000e+01,1.7450661052e-01,1.1577958831e-01,2.3075045063e-02,1.8118396079e-01,3.5789809890e-02,9.7883607445e-02,3.7178137799e-01,4.9643799970e+00
2.7000000000e+01,1.7163400371e-01,1.1741933326e-01,2.2873190067e-02,1.8583393629e-01,3.3671830647e-02,1.0077337352e-01,3.6779433251e-01,4.9615437685e+00
2.7500000000e+01,1.6880272799e-01,1.1921070117e-01,2.2672656930e-02,1.9041293453e-01,3.1708658346e-02,1.0339572769e-01,3.6379659335e-01,4.9571057784e+00
2.8000000000e+01,1.6521355192e-01,1.2192922897e-01,2.2317903305e-02,1.9434209779e-01,2.9584174508e-02,1.0589556113e-01,3.6071748237e-01,4.9478124788e+00
2.8500000000e+01,1.6174179324e-01,1.2406617955e-01,2.1945045664e-02,1.9867693385e-01,2.7749034169e-02,1.0877846565e-01,3.5704254788e-01,4.9391161556e+00
2.9000000000e+01,1.5929466644e-01,1.2666318922e-01,2.1662908942e-02,2.0311035237e-01,2.5789766860e-02,1.1141844629e-01,3.5206066987e-01,4.9307925933e+00
2.9500000000e+01,1.5636014341e-01,1.2974196574e-01,2.1529194337e-02,2.0681117592e-01,2.3916229071e-02,1.1396516959e-01,3.4767612192e-01,4.9220690999e+00
3.0000000000e+01,1.5352747957e-01,1.3231778719e-01,2.1271310565e-02,2.1141860163e-01,2.2077348983e-02,1.1697237457e-01,3.4241509750e-01,4.9109673327e+00
3.0500000000e+01,1.4978862536e-01,1.3414661772e-01,2.1247461675e-02,2.1499750426e-01,2.0187349756e-02,1.1946246129e-01,3.4016997993e-01,4.8946961456e+00
3.1000000000e+01,1.4639722567e-01,1.3688287569e-01,2.1079521288e-02,2.1861551512e-01,1.8375414770e-02,1.2213710925e-01,3.3651233822e-01,4.8779158571e+00
3.1500000000e+01,1.4317202885e-01,1.3882076118e-01,2.1057237125e-02,2.2216739784e-01,1.6706802190e-02,1.2578850724e-01,3.3228726557e-01,4.8622937384e+00
3.2000000000e+01,1.3994369979e-01,1.4101236526e-01,2.1011635513e-02,2.2534300862e-01,1.5017346368e-02,1.2879600386e-01,3.2887594058e-01,4.8434459611e+00
3.2500000000e+01,1.3667957479e-01,1.4274400302e-01,2.1083410894e-02,2.2843633861e-01,1.3524801561e-02,1.3197503541e-01,3.2555683571e-01,4.8269391180e+00
3.3000000000e+01,1.3330438315e-01,1.4450184050e-01,2.1224851164e-02,2.3201491461e-01,1.2118518900e-02,1.3464547159e-01,3.2219002009e-01,4.8091569813e+00
3.3500000000e+01,1.3056100696e-01,1.4648326396e-01,2.1429238787e-02,2.3501649940e-01,1.0840208866e-02,1.3770086205e-01,3.1796891998e-01,4.7937654279e+00
3.4000000000e+01,1.2759354148e-01,1.4844968023e-01,2.1708331213e-02,2.3821597975e-01,9.5796867109e-03,1.4090202007e-01,3.1355076054e-01,4.7772485726e+00
3.4500000000e+01,1.2440989730e-01,1.5043123841e-01,2.1876912486e-02,2.4230645122e-01,8.4350519324e-03,1.4352188510e-01,3.0901856356e-01,4.7591800125e+00
3.5000000000e+01,1.2154891528e-01,1.5136565627e-01,2.2153502171e-02,2.4715140065e-01,7.3399593407e-03,1.4638126455e-01,3.0405930173e-01,4.7382380505e+00
3.5500000000e+01,1.1843597143e-01,1.5306152461e-01,2.2517085099e-02,2.5031134113e-01,6.4130160117e-03,1.4812030343e-01,3.0114075828e-01,4.7184449336e+00
3.6000000000e+01,1.1592039314e-01,1.5355422823e-01,2.2880919199e-02,2.5303551670e-01,5.5533671901e-03,1.5074797268e-01,2.9830760286e-01,4.6990995573e+00
3.6500000000e+01,1.1301719547e-01,1.5514839437e-01,2.3337965157e-02,2.5610689387e-01,4.7407097767e-03,1.5305517867e-01,2.9459366270e-01,4.6790232532e+00
3.7000000000e+01,1.0982067961e-01,1.5727767688e-01,2.3918817190e-02,2.6024285577e-01,4.0609260334e-03,1.5574630085e-01,2.8893274367e-01,4.6614487675e+00
3.7500000000e+01,1.0686303041e-01,1.5955459573e-01,2.4498051575e-02,2.6407081965e-01,3.4996386791e-03,1.5815539908e-01,2.8335846488e-01,4.6471042479e+00
3.8000000000e+01,1.0403228690e-01,1.6076687707e-01,2.5067481546e-02,2.6674040729e-01,3.0245922108e-03,1.6168421455e-01,2.7868414043e-01,4.6347466488e+00
3.8500000000e+01,1.0158718971e-01,1.6289714892e-01,2.5756038795e-02,2.6806678294e-01,2.6697913382e-03,1.6462928677e-01,2.7439376152e-01,4.6271252765e+00
3.9000000000e+01,9.8551301333e-02,1.6409209443e-01,2.6506847032e-02,2.7109550376e-01,2.4205847884e-03,1.6745468768e-01,2.6987898098e-01,4.6195872822e+00
3.9500000000e+01,9.6067014429e-02,1.6534775367e-01,2.7425316544e-02,2.7449455556e-01,2.2949026128e-03,1.7006054470e-01,2.6430991249e-01,4.6188048144e+00
4.0000000000e+01,9.2727238869e-02,1.6700029609e-01,2.8375006775e-02,2.7745871524e-01,2.2642194096e-03,1.7380137840e-01,2.5837314523e-01,4.6206029630e+00
4.0500000000e+01,8.9496229467e-02,1.6848563817e-01,2.9246171342e-02,2.8075331569e-01,2.3367628056e-03,1.7549429135e-01,2.5418759118e-01,4.6239083436e+00
4.1000000000e+01,8.6684307725e-02,1.7018594205e-01,3.0319499747e-02,2.8460715284e-01,2.5228711982e-03,1.7716220903e-01,2.4851801740e-01,4.6346813451e+00
4.1500000000e+01,8.4537953894e-02,1.7112193102e-01,3.1277928334e-02,2.8720250289e-01,2.8238578427e-03,1.8004514078e-01,2.4299068525e-01,4.6511792639e+00
4.2000000000e+01,8.2064961863e-02,1.7187510436e-01,3.2528281036e-02,2.8928645375e-01,3.2287522639e-03,1.8267835454e-01,2.3833809218e-01,4.6719080538e+00
4.2500000000e+01,7.9207465849e-02,1.7344315789e-01,3.3654467226e-02,2.9414272196e-01,3.7439511698e-03,1.8418490909e-01,2.3162332682e-01,4.6905986842e+00
4.3000000000e+01,7.6495813796e-02,1.7577105398e-01,3.4615849023e-02,2.9737845248e-01,4.3665678385e-03,1.8601934227e-01,2.2535292060e-01,4.7096964174e+00
4.3500000000e+01,7.3627267447e-02,1.7751776396e-01,3.5874483724e-02,2.9991760137e-01,5.0856645350e-03,1.8794337102e-01,2.2003384793e-01,4.7298459332e+00
4.4000000000e+01,7.0958208669e-02,1.7831099998e-01,3.7288533835e-02,3.0149817330e-01,5.9566650633e-03,1.9051673717e-01,2.1547068199e-01,4.7549587057e+00
4.4500000000e+01,6.8548639265e-02,1.7885742936e-01,3.8695651183e-02,3.0416162153e-01,6.9638982940e-03,1.9241373492e-01,2.1035902545e-01,4.7794069930e+00
4.5000000000e+01,6.5804515364e-02,1.8053882302e-01,3.9969941229e-02,3.0553151770e-01,7.9878866268e-03,1.9490191714e-01,2.0526539892e-01,4.8001588046e+00
4.5500000000e+01,6.3129221131e-02,1.8167048016e-01,4.1400837667e-02,3.0778076984e-01,9.1450428820e-03,1.9604260281e-01,2.0083104551e-01,4.8203137770e+00
4.6000000000e+01,6.0119807098e-02,1.8309056177e-01,4.2904693177e-02,3.1113285400e-01,1.0342518298e-02,1.9752695332e-01,1.9488261234e-01,4.8367949425e+00
4.6500000000e+01,5.7610009551e-02,1.8422573738e-01,4.4648039546e-02,3.1412175372e-01,1.1630231515e-02,1.9864924760e-01,1.8911498069e-01,4.8544118610e+00
4.7000000000e+01,5.5201282857e-02,1.8584824251e-01,4.6506353541e-02,3.1549552338e-01,1.3040979957e-02,1.9977075574e-01,1.8413686202e-01,4.8747500528e+00
4.7500000000e+01,5.2663383318e-02,1.8643245819e-01,4.8262935638e-02,3.1707013150e-01,1.4537625992e-02,2.0153117253e-01,1.7950229283e-01,4.8924466333e+00
4.8000000000e+01,5.0755936365e-02,1.8697862450e-01,5.0112901733e-02,3.1917636591e-01,1.6128342025e-02,2.0308066420e-01,1.7376716527e-01,4.9113576898e+00
4.8500000000e+01,4.8558335665e-02,1.8724085932e-01,5.1729333603e-02,3.2155895568e-01,1.7922736017e-02,2.0450908619e-01,1.6848069352e-01,4.9261822474e+00
4.9000000000e+01,4.6135787230e-02,1.8860685864e-01,5.3548963972e-02,3.2293493010e-01,1.9721569659e-02,2.0496404798e-01,1.6408784241e-01,4.9396101599e+00
4.9500000000e+01,4.3572470128e-02,1.9016369671e-01,5.5418699738e-02,3.2165565922e-01,2.1573935762e-02,2.0820785842e-01,1.5940768002e-01,4.9520327570e+00
5.0000000000e+01,4.1185804679e-02,1.9001902496e-01,5.7632175429e-02,3.2221104712e-01,2.3525630842e-02,2.0870071260e-01,1.5672560437e-01,4.9655989399e+00
5.0500000000e+01,3.8740648445e-02,1.8996456506e-01,5.9150920200e-02,3.2374498560e-01,2.5497323048e-02,2.1142741166e-01,1.5147414598e-01,4.9689312262e+00
5.1000000000e+01,3.6696548380e-02,1.9078877728e-01,6.1346694058e-02,3.2350564348e-01,2.7411592938e-02,2.1352590864e-01,1.4672483523e-01,4.9773776735e+00
5.1500000000e+01,3.4501397964e-02,1.9248545710e-01,6.3006028590e-02,3.2347141871e-01,2.9481904181e-02,2.1431302260e-01,1.4274077085e-01,4.9834647658e+00
5.2000000000e+01,3.2388724065e-02,1.9246709417e-01,6.4776926623e-02,3.2504338685e-01,3.1555790229e-02,2.1601866215e-01,1.3774941591e-01,4.9843580989e+00
5.2500000000e+01,3.0551258214e-02,1.9258564415e-01,6.6784514501e-02,3.2495056746e-01,3.4228782199e-02,2.1772388674e-01,1.3317534675e-01,4.9916487376e+00
5.3000000000e+01,2.8550773042e-02,1.9340535997e-01,6.8906102996e-02,3.2480229513e-01,3.6332243958e-02,2.1912372884e-01,1.2887949606e-01,4.9905266970e+00
5.3500000000e+01,2.6802722489e-02,1.9361877965e-01,7.0344892019e-02,3.2568267216e-01,3.8752993310e-02,2.1999313725e-01,1.2480480313e-01,4.9899476880e+00
5.4000000000e+01,2.4976510286e-02,1.9346602906e-01,7.2560304094e-02,3.2723213391e-01,4.1246718513e-02,2.2071074791e-01,1.1980755623e-01,4.9877825096e+00
5.4500000000e+01,2.3097747716e-02,1.9371484085e-01,7.4708242575e-02,3.2805045856e-01,4.3679467334e-02,2.2132549763e-01,1.1542374533e-01,4.9823034057e+00
5.5000000000e+01,2.1408157950e-02,1.9335224674e-01,7.7291224802e-02,3.2844501942e-01,4.6213519830e-02,2.2213382895e-01,1.1115600230e-01,4.9782804017e+00
5.5500000000e+01,1.9796322104e-02,1.9289356250e-01,7.9456218353e-02,3.2979335262e-01,4.8772466445e-02,2.2271821538e-01,1.0656986259e-01,4.9704565843e+00
5.6000000000e+01,1.8157829421e-02,1.9182493897e-01,8.1686727317e-02,3.3089459529e-01,5.1313714839e-02,2.2433326248e-01,1.0178893168e-01,4.9589134976e+00
5.6500000000e+01,1.6693664959e-02,1.9176431136e-01,8.3875988662e-02,3.2973104736e-01,5.3685260441e-02,2.2580765099e-01,9.8442076225e-02,4.9507657600e+00
5.7000000000e+01,1.5336819075e-02,1.9164461644e-01,8.6170477173e-02,3.2976206033e-01,5.6224919297e-02,2.2590890377e-01,9.4952203913e-02,4.9431507580e+00
5.7500000000e+01,1.3989256687e-02,1.9134398244e-01,8.8767402666e-02,3.3156781865e-01,5.8631004472e-02,2.2506749111e-01,9.0633043965e-02,4.9274414299e+00
5.8000000000e+01,1.2672985420e-02,1.9034502212e-01,9.1309976263e-02,3.3186671631e-01,6.1243759426e-02,2.2601697359e-01,8.6544566870e-02,4.9123939004e+00
5.8500000000e+01,1.1558451862e-02,1.8920754378e-01,9.3658351954e-02,3.3128754971e-01,6.3731949381e-02,2.2712511631e-01,8.3431036992e-02,4.8997272283e+00
5.9000000000e+01,1.0559882055e-02,1.8837787764e-01,9.6081428453e-02,3.3087789661e-01,6.6775065975e-02,2.2680374005e-01,8.0524109212e-02,4.8898511454e+00
5.9500000000e+01,9.4621601054e-03,1.8782964720e-01,9.8204516226e-02,3.3082826183e-01,6.9496704277e-02,2.2696828005e-01,7.7210430316e-02,4.8731402207e+00
6.0000000000e+01,8.4766202419e-03,1.8618866922e-01,1.0077700696e-01,3.3149689291e-01,7.2115887587e-02,2.2705981037e-01,7.3885112705e-02,4.8556545343e+00
6.0500000000e+01,7.5703204475e-03,1.8584187150e-01,1.0349833181e-01,3.3077513427e-01,7.4941557958e-02,2.2659647897e-01,7.0776305042e-02,4.8380134852e+00
6.1000000000e+01,6.7415478525e-03,1.8500991926e-01,1.0568045155e-01,3.3033490925e-01,7.7853607622e-02,2.2684585846e-01,6.7533706000e-02,4.8185592465e+00
6.1500000000e+01,5.9065132429e-03,1.8466270185e-01,1.0862331349e-01,3.3002250707e-01,8.0178421252e-02,2.2651968775e-01,6.4086855344e-02,4.7959816014e+00
6.2000000000e+01,5.2156572689e-03,1.8348382334e-01,1.1153304023e-01,3.2885073856e-01,8.3023916606e-02,2.2665996916e-01,6.1232854833e-02,4.7787454911e+00
6.2500000000e+01,4.5505406158e-03,1.8321033822e-01,1.1386360406e-01,3.2875432363e-01,8.5525247384e-02,2.2564690978e-01,5.8449036307e-02,4.7572481461e+00
6.3000000000e+01,3.9298236269e-03,1.8230968188e-01,1.1759836671e-01,3.2773847331e-01,8.8371243814e-02,2.2458427278e-01,5.5468137878e-02,4.7370133936e+00
6.3500000000e+01,3.3854106092e-03,1.8079102185e-01,1.1974513232e-01,3.2733596175e-01,9.0769688868e-02,2.2516888405e-01,5.2803900549e-02,4.7131423724e+00
6.4000000000e+01,2.8812925896e-03,1.8018652225e-01,1.2224668559e-01,3.2641753789e-01,9.2878282064e-02,2.2533005242e-01,5.0059627198e-02,4.6863979735e+00
6.4500000000e+01,2.4687123344e-03,1.7916230804e-01,1.2587715574e-01,3.2427734071e-01,9.5711592385e-02,2.2509541437e-01,4.7407476424e-02,4.6651807644e+00
6.5000000000e+01,2.1103493706e-03,1.7920520144e-01,1.2896265958e-01,3.2253411395e-01,9.7914098734e-02,2.2432336521e-01,4.4950211710e-02,4.6418230153e+00
6.5500000000e+01,1.8113205733e-03,1.7750546925e-01,1.3181673286e-01,3.2217187087e-01,9.9851492534e-02,2.2400734709e-01,4.2835766812e-02,4.6168024801e+00
6.6000000000e+01,1.5588915573e-03,1.7651991740e-01,1.3448431698e-01,3.2068070894e-01,1.0256195758e-01,2.2333528158e-01,4.0858925972e-02,4.5956988656e+00
6.6500000000e+01,1.3456056257e-03,1.7472092744e-01,1.3753740821e-01,3.2057112217e-01,1.0483946690e-01,2.2227432516e-01,3.8711144491e-02,4.5725776942e+00
6.7000000000e+01,1.1953097362e-03,1.7328857784e-01,1.4102343433e-01,3.2057483034e-01,1.0640834866e-01,2.2099616906e-01,3.6513330040e-02,4.5508874765e+00
6.7500000000e+01,1.0983246506e-03,1.7187102272e-01,1.4380248180e-01,3.1928302259e-01,1.0901677114e-01,2.2025354255e-01,3.4674834543e-02,4.5358490063e+00
6.8000000000e+01,1.0641484815e-03,1.7021068589e-01,1.4621285450e-01,3.1847225747e-01,1.1088388994e-01,2.2022871560e-01,3.2927448133e-02,4.5244998782e+00
6.8500000000e+01,1.0859276088e-03,1.6800800878e-01,1.4915493604e-01,3.1770347439e-01,1.1259484161e-01,2.2034937414e-01,3.1103437422e-02,4.5166498991e+00
6.9000000000e+01,1.1574678944e-03,1.6609395488e-01,1.5215127675e-01,3.1588334503e-01,1.1435249510e-01,2.2100031033e-01,2.9361150020e-02,4.5155921694e+00
6.9500000000e+01,1.2665836810e-03,1.6446527159e-01,1.5585535916e-01,3.1438458541e-01,1.1542309219e-01,2.2071684716e-01,2.7888260811e-02,4.5182979016e+00
7.0000000000e+01,1.4223758642e-03,1.6310117632e-01,1.5861737402e-01,3.1290512925e-01,1.1678228582e-01,2.2086635574e-01,2.6305302979e-02,4.5212054217e+00
7.0500000000e+01,1.6027615768e-03,1.5980831066e-01,1.6187543763e-01,3.1390235109e-01,1.1770873303e-01,2.2016723651e-01,2.4935169505e-02,4.5225175712e+00
7.1000000000e+01,1.8269848931e-03,1.5896446472e-01,1.6562587748e-01,3.1231443863e-01,1.1782852082e-01,2.1988949357e-01,2.3550219879e-02,4.5252959028e+00
7.1500000000e+01,2.1082709823e-03,1.5738763354e-01,1.6923195796e-01,3.1014922153e-01,1.1868262923e-01,2.2004126879e-01,2.2399017971e-02,4.5336453013e+00
7.2000000000e+01,2.4353121753e-03,1.5581856497e-01,1.7240990338e-01,3.0818680487e-01,1.1985184253e-01,2.2006955958e-01,2.1228012490e-02,4.5423771232e+00
7.2500000000e+01,2.7935427951e-03,1.5317836430e-01,1.7554758213e-01,3.0698001467e-01,1.2060266199e-01,2.2093622048e-01,1.9961613638e-02,4.5450201666e+00
7.3000000000e+01,3.1813489736e-03,1.5156787107e-01,1.7947060032e-01,3.0525178813e-01,1.2093402746e-01,2.2074209556e-01,1.8852268488e-02,4.5501504697e+00
7.3500000000e+01,3.6074111575e-03,1.5033441562e-01,1.8181454618e-01,3.0421098794e-01,1.2177602516e-01,2.2046846243e-01,1.7788151520e-02,4.5540949010e+00
7.4000000000e+01,4.0496179748e-03,1.4913031860e-01,1.8563068807e-01,3.0179156239e-01,1.2227558276e-01,2.2022345370e-01,1.6898776511e-02,4.5612110970e+00
7.4500000000e+01,4.5439054249e-03,1.4754328403e-01,1.8835407889e-01,3.0086640496e-01,1.2199658272e-01,2.2077916321e-01,1.5916580757e-02,4.5629262003e+00
7.5000000000e+01,5.0806085693e-03,1.4600525713e-01,1.9148143656e-01,2.9938351331e-01,1.2171709573e-01,2.2106612262e-01,1.5265966078e-02,4.5694849401e+00
7.5500000000e+01,5.6164592729e-03,1.4401446867e-01,1.9506977314e-01,2.9920728910e-01,1.2110566994e-01,2.2059265049e-01,1.4393689390e-02,4.5683666853e+00
7.6000000000e+01,6.1883810616e-03,1.4238375344e-01,1.9691898020e-01,2.9907708574e-01,1.2165071762e-01,2.2007217858e-01,1.3708903360e-02,4.5720575361e+00
7.6500000000e+01,6.7680799717e-03,1.4106126161e-01,2.0010984709e-01,2.9802983628e-01,1.2227780032e-01,2.1857759650e-01,1.3175578229e-02,4.5782168717e+00
7.7000000000e+01,7.3594444272e-03,1.3930367517e-01,2.0258089415e-01,2.9853165595e-01,1.2224942100e-01,2.1733728696e-01,1.2637622336e-02,4.5808289195e+00
7.7500000000e+01,7.9889828000e-03,1.3770125428e-01,2.0585174376e-01,2.9752694690e-01,1.2144247301e-01,2.1727638543e-01,1.2212213810e-02,4.5851583135e+00
7.8000000000e+01,8.7028209907e-03,1.3615117508e-01,2.0810993279e-01,2.9761419268e-01,1.2098400259e-01,2.1662763036e-01,1.1810245517e-02,4.5909065399e+00
7.8500000000e+01,9.3717793605e-03,1.3480121330e-01,2.1257123169e-01,2.9694380125e-01,1.2014574119e-01,2.1482644793e-01,1.1339785284e-02,4.5940725249e+00
7.9000000000e+01,1.0093345591e-02,1.3341969354e-01,2.1550703426e-01,2.9568686872e-01,1.1949864265e-01,2.1473410306e-01,1.1060312183e-02,4.5999049678e+00
7.9500000000e+01,1.0904444813e-02,1.3206020324e-01,2.1860981387e-01,2.9487380877e-01,1.1823163055e-01,2.1450544381e-01,1.0814654944e-02,4.6054893635e+00
8.0000000000e+01,1.1687100330e-02,1.3115477792e-01,2.2144686892e-01,2.9266778036e-01,1.1786738302e-01,2.1452885257e-01,1.0647236871e-02,4.6160143570e+00
8.0500000000e+01,1.2465414476e-02,1.3049613485e-01,2.2537202328e-01,2.9118451409e-01,1.1618122917e-01,2.1386555223e-01,1.0435131894e-02,4.6214983096e+00
8.1000000000e+01,1.3269233587e-02,1.2953580481e-01,2.2795976083e-01,2.9017899121e-01,1.1519321163e-01,2.1361665469e-01,1.0246343242e-02,4.6273823231e+00
8.1500000000e+01,1.4094492084e-02,1.2745536188e-01,2.3098919430e-01,2.8929232467e-01,1.1420930772e-01,2.1382915425e-01,1.0130165099e-02,4.6336362858e+00
8.2000000000e+01,1.4970496734e-02,1.2608375605e-01,2.3410046686e-01,2.8794537819e-01,1.1335048564e-01,2.1343072300e-01,1.0118693532e-02,4.6433226128e+00
8.2500000000e+01,1.5741118008e-02,1.2416200471e-01,2.3739141840e-01,2.8785611112e-01,1.1176880784e-01,2.1294837081e-01,1.0132169113e-02,4.6487155469e+00
8.3000000000e+01,1.6775769905e-02,1.2310220036e-01,2.4001607850e-01,2.8618327032e-01,1.1041218688e-01,2.1343271866e-01,1.0077775363e-02,4.6570255646e+00
8.3500000000e+01,1.7804133772e-02,1.2194535825e-01,2.4227643939e-01,2.8523437300e-01,1.0866585368e-01,2.1391176324e-01,1.0162078666e-02,4.6661306786e+00
8.4000000000e+01,1.8613569534e-02,1.2089195199e-01,2.4494204323e-01,2.8403262243e-01,1.0711693557e-01,2.1417667558e-01,1.0226201666e-02,4.6739625084e+00
8.4500000000e+01,1.9250234129e-02,1.2011102997e-01,2.4786267631e-01,2.8355005675e-01,1.0540264894e-01,2.1352971312e-01,1.0293640787e-02,4.6794101575e+00
8.5000000000e+01,2.0216709519e-02,1.1899510597e-01,2.4996155656e-01,2.8220373621e-01,1.0434511989e-01,2.1377433928e-01,1.0503432580e-02,4.6908142254e+00
8.5500000000e+01,2.1089553032e-02,1.1718500534e-01,2.5199407607e-01,2.8269025171e-01,1.0275491754e-01,2.1363302472e-01,1.0653171592e-02,4.6966721034e+00
8.6000000000e+01,2.1962141833e-02,1.1587629630e-01,2.5472576501e-01,2.8216585407e-01,1.0033745634e-01,2.1406177329e-01,1.0870713161e-02,4.7013590264e+00
8.6500000000e+01,2.2835922724e-02,1.1360831632e-01,2.5819541562e-01,2.8165588451e-01,9.7976015644e-02,2.1466210477e-01,1.1066340413e-02,4.7030822865e+00
8.7000000000e+01,2.3865342908e-02,1.1204169472e-01,2.6143830863e-01,2.8134671197e-01,9.4974003391e-02,2.1497767261e-01,1.1356265767e-02,4.7056399558e+00
8.7500000000e+01,2.4899751713e-02,1.1128810446e-01,2.6468923878e-01,2.7875692417e-01,9.3139688067e-02,2.1557426264e-01,1.1652030171e-02,4.7141922584e+00
8.8000000000e+01,2.5783891563e-02,1.1001927009e-01,2.6854993742e-01,2.7776434398e-01,9.0617429755e-02,2.1532437341e-01,1.1940753786e-02,4.7162955694e+00
8.8500000000e+01,2.6493890076e-02,1.0836764228e-01,2.7248335769e-01,2.7712273897e-01,8.7782750546e-02,2.1541814119e-01,1.2331479238e-02,4.7156115252e+00
8.9000000000e+01,2.7368327264e-02,1.0760848557e-01,2.7474362048e-01,2.7569711526e-01,8.5735844793e-02,2.1610952688e-01,1.2737079754e-02,4.7223306568e+00
8.9500000000e+01,2.8399861142e-02,1.0679382371e-01,2.7768063888e-01,2.7306209118e-01,8.3919861250e-02,2.1693699346e-01,1.3206730381e-02,4.7321531076e+00
9.0000000000e+01,2.9383492969e-02,1.0510322006e-01,2.7969004163e-01,2.7255726557e-01,8.1172590921e-02,2.1830907648e-01,1.3784312365e-02,4.7365263717e+00
9.0500000000e+01,3.0248497004e-02,1.0404694805e-01,2.8130516909e-01,2.7287450790e-01,7.8569324755e-02,2.1861061540e-01,1.4344937790e-02,4.7393136745e+00
9.1000000000e+01,3.1138397158e-02,1.0256988590e-01,2.8447981263e-01,2.7034410128e-01,7.6167677073e-02,2.2043433560e-01,1.4865790364e-02,4.7406264005e+00
9.1500000000e+01,3.1860086596e-02,1.0115867227e-01,2.8810658005e-01,2.6837198200e-01,7.3689298626e-02,2.2133358071e-01,1.5479799751e-02,4.7414186701e+00
9.2000000000e+01,3.2550822829e-02,1.0000822706e-01,2.9118802074e-01,2.6676613475e-01,7.1487252805e-02,2.2196278570e-01,1.6036756112e-02,4.7400460159e+00
9.2500000000e+01,3.3312782727e-02,9.9539197261e-02,2.9367786358e-01,2.6513028752e-01,6.8947673718e-02,2.2272875952e-01,1.6663435676e-02,4.7407286709e+00
9.3000000000e+01,3.4289235535e-02,9.8039131812e-02,2.9709557448e-01,2.6392157592e-01,6.6074264566e-02,2.2318485886e-01,1.7395358821e-02,4.7397318114e+00
9.3500000000e+01,3.5085315826e-02,9.6627475381e-02,2.9969384522e-01,2.6320143507e-01,6.3126221799e-02,2.2421868851e-01,1.8047018189e-02,4.7363667127e+00
9.4000000000e+01,3.6013519995e-02,9.5183735740e-02,3.0341041590e-01,2.6105832461e-01,6.0482675226e-02,2.2507225163e-01,1.8779076901e-02,4.7329169248e+00
9.4500000000e+01,3.7032815654e-02,9.4642752695e-02,3.0669328361e-01,2.5896819170e-01,5.7908940512e-02,2.2530296071e-01,1.9451055118e-02,4.7330657153e+00
9.5000000000e+01,3.7944811360e-02,9.3238592711e-02,3.1065639672e-01,2.5697245933e-01,5.5263719448e-02,2.2568046387e-01,2.0243556559e-02,4.7299517092e+00
9.5500000000e+01,3.8910164702e-02,9.3004966382e-02,3.1381987336e-01,2.5513718415e-01,5.2372761530e-02,2.2562995446e-01,2.1125095413e-02,4.7274140336e+00
9.6000000000e+01,3.9755644797e-02,9.2204539096e-02,3.1695704208e-01,2.5380436110e-01,5.0223182978e-02,2.2512110144e-01,2.1934128511e-02,4.7235820141e+00
9.6500000000e+01,4.0519690316e-02,9.1081281091e-02,3.1921357891e-01,2.5380114792e-01,4.7844980824e-02,2.2475302233e-01,2.2786298605e-02,4.7176659072e+00
9.7000000000e+01,4.1224527880e-02,9.0254444290e-02,3.2346888608e-01,2.5185780653e-01,4.5330434217e-02,2.2414153799e-01,2.3722363018e-02,4.7084711654e+00
9.7500000000e+01,4.2060292743e-02,8.8786997234e-02,3.2639085341e-01,2.4929279017e-01,4.2912828033e-02,2.2587040027e-01,2.4685838136e-02,4.6978745976e+00
9.8000000000e+01,4.2757569375e-02,8.7554179378e-02,3.2928378230e-01,2.4793226920e-01,4.0504528685e-02,2.2631358711e-01,2.5654083952e-02,4.6870383965e+00
9.8500000000e+01,4.3750694818e-02,8.6060615989e-02,3.3294887238e-01,2.4461922383e-01,3.7999819639e-02,2.2806487990e-01,2.6555893436e-02,4.6738652586e+00
9.9000000000e+01,4.4495780198e-02,8.5358525583e-02,3.3608799628e-01,2.4294816321e-01,3.5518394873e-02,2.2799246210e-01,2.7598677756e-02,4.6635372359e+00
9.9500000000e+01,4.5310212447e-02,8.3975008109e-02,3.3872093455e-01,2.4039484935e-01,3.3242912566e-02,2.2960180543e-01,2.8754277551e-02,4.6528954452e+00
1.0000000000e+02,4.5836950437e-02,8.3467241755e-02,3.4292144713e-01,2.3674232584e-01,3.0943066134e-02,2.3032722361e-01,2.9761745093e-02,4.6389426168e+00
1.0050000000e+02,4.6314992173e-02,8.2840628840e-02,3.4450076272e-01,2.3555961513e-01,2.8554278432e-02,2.3145847754e-01,3.0771245167e-02,4.6232229526e+00
1.0100000000e+02,4.6934728176e-02,8.1623951600e-02,3.4820188985e-01,2.3225999887e-01,2.6463560073e-02,2.3251287295e-01,3.2002998484e-02,4.6062867273e+00
1.0150000000e+02,4.7635196677e-02,8.0208428161e-02,3.5176826269e-01,2.2920241511e-01,2.4605369560e-02,2.3338629207e-01,3.3194035727e-02,4.5868236378e+00
1.0200000000e+02,4.8296129790e-02,7.9001980099e-02,3.5600292721e-01,2.2533735728e-01,2.2688420124e-02,2.3405505952e-01,3.4618125983e-02,4.5682136242e+00
1.0250000000e+02,4.9105376345e-02,7.7689203437e-02,3.5826399146e-01,2.2273108111e-01,2.0822615547e-02,2.3518006207e-01,3.6207670036e-02,4.5510415516e+00
1.0300000000e+02,4.9769185574e-02,7.6814890225e-02,3.6205495754e-01,2.1933437684e-01,1.9088588425e-02,2.3522691556e-01,3.7711085842e-02,4.5314962622e+00
1.0350000000e+02,5.0718677277e-02,7.5297151610e-02,3.6513961225e-01,2.1627642830e-01,1.7352015167e-02,2.3612398590e-01,3.9092129502e-02,4.5103951014e+00
1.0400000000e+02,5.1227445193e-02,7.4506174631e-02,3.6747966595e-01,2.1364299984e-01,1.5865587482e-02,2.3680606154e-01,4.0472065366e-02,4.4900911019e+00
1.0450000000e+02,5.2109546528e-02,7.3235038059e-02,3.7014871293e-01,2.1059989608e-01,1.4513903297e-02,2.3746831278e-01,4.1924590328e-02,4.4695886896e+00
1.0500000000e+02,5.2554862792e-02,7.2659010569e-02,3.7099255879e-01,2.0831842561e-01,1.3254625121e-02,2.3886945873e-01,4.3351058393e-02,4.4493736424e+00
1.0550000000e+02,5.3327575820e-02,7.1474737773e-02,3.7444692076e-01,2.0325844645e-01,1.2117648631e-02,2.4051616672e-01,4.4858503840e-02,4.4234462747e+00
1.0600000000e+02,5.3646339301e-02,7.0855981220e-02,3.7712859130e-01,2.0060178845e-01,1.1077318582e-02,2.4052180037e-01,4.6168180772e-02,4.4001360490e+00
1.0650000000e+02,5.4587875882e-02,7.0033783137e-02,3.7885152407e-01,1.9748508595e-01,1.0225597743e-02,2.4096445630e-01,4.7851676920e-02,4.3818808238e+00
1.0700000000e+02,5.5060387095e-02,6.8792078235e-02,3.8151508885e-01,1.9374111394e-01,9.5187496748e-03,2.4145402030e-01,4.9918561905e-02,4.3617125928e+00
1.0750000000e+02,5.5549472496e-02,6.7443580596e-02,3.8357135034e-01,1.9101459494e-01,8.8405553699e-03,2.4173982050e-01,5.1840625755e-02,4.3400341041e+00
1.0800000000e+02,5.5948338165e-02,6.6026601097e-02,3.8547335604e-01,1.8801047127e-01,8.2635421657e-03,2.4255253299e-01,5.3725158274e-02,4.3204752305e+00
1.0850000000e+02,5.5988440183e-02,6.4685123536e-02,3.8763220708e-01,1.8551807799e-01,7.8503952020e-03,2.4294826166e-01,5.5377494343e-02,4.3007885075e+00
1.0900000000e+02,5.6557770094e-02,6.3882028279e-02,3.8817104218e-01,1.8379561472e-01,7.5383501104e-03,2.4287697949e-01,5.7178215125e-02,4.2909825978e+00
1.0950000000e+02,5.7161654549e-02,6.2749067587e-02,3.9037017206e-01,1.8041332368e-01,7.4838246706e-03,2.4298640030e-01,5.8835557156e-02,4.2853714838e+00
1.1000000000e+02,5.7605693100e-02,6.1123325729e-02,3.9411735459e-01,1.7692127456e-01,7.4699001299e-03,2.4222405954e-01,6.0538392350e-02,4.2808508037e+00
1.1050000000e+02,5.8355867134e-02,5.9550371906e-02,3.9540056356e-01,1.7369117179e-01,7.6007167920e-03,2.4312882186e-01,6.2272486965e-02,4.2859899185e+00
1.1100000000e+02,5.8703602227e-02,5.8650865978e-02,3.9645424644e-01,1.7060524869e-01,7.8981460167e-03,2.4359773480e-01,6.4090155850e-02,4.2975004472e+00
1.1150000000e+02,5.8931573461e-02,5.7771621747e-02,4.0003143652e-01,1.6675207339e-01,8.3320499011e-03,2.4220500136e-01,6.5976243621e-02,4.3126018452e+00
1.1200000000e+02,5.9196124253e-02,5.7039109286e-02,4.0275744200e-01,1.6260567477e-01,8.8090735976e-03,2.4161706088e-01,6.7975515218e-02,4.3323795274e+00
1.1250000000e+02,5.9526568978e-02,5.6138036167e-02,4.0586541519e-01,1.5838019845e-01,9.5097215763e-03,2.4045951946e-01,7.0120540183e-02,4.3549678831e+00
1.1300000000e+02,5.9880299225e-02,5.5134469981e-02,4.0703175890e-01,1.5550560387e-01,1.0290260883e-02,2.3988370318e-01,7.2273903958e-02,4.3793582460e+00
1.1350000000e+02,6.0141355723e-02,5.4176156350e-02,4.0828664607e-01,1.5283153571e-01,1.1089256025e-02,2.3917566407e-01,7.4299386049e-02,4.4030639754e+00
1.1400000000e+02,6.0928154140e-02,5.3235838993e-02,4.1000342223e-01,1.5000956675e-01,1.2035509358e-02,2.3722190926e-01,7.6565599278e-02,4.4299708294e+00
1.1450000000e+02,6.1449058990e-02,5.2212318618e-02,4.1226589981e-01,1.4636941372e-01,1.3042380260e-02,2.3584383559e-01,7.8817093014e-02,4.4523445531e+00
1.1500000000e+02,6.2203530994e-02,5.1002575913e-02,4.1270444328e-01,1.4331938357e-01,1.4229357568e-02,2.3508853564e-01,8.1452173034e-02,4.4801484067e+00
1.1550000000e+02,6.2521267893e-02,5.0265222598e-02,4.1471609817e-01,1.3920320156e-01,1.5512720325e-02,2.3397024843e-01,8.3811241018e-02,4.5030282213e+00
1.1600000000e+02,6.2693880877e-02,4.8619573056e-02,4.1619234337e-01,1.3623128686e-01,1.6919514118e-02,2.3312337137e-01,8.6220030350e-02,4.5215792963e+00
1.1650000000e+02,6.3456641777e-02,4.7270933396e-02,4.1680547827e-01,1.3302389766e-01,1.8439754843e-02,2.3255222714e-01,8.8451066916e-02,4.5425564803e+00
1.1700000000e+02,6.4047265901e-02,4.6173771813e-02,4.1779890877e-01,1.3012382748e-01,1.9853627789e-02,2.3099925832e-01,9.1003339932e-02,4.5613638490e+00
1.1750000000e+02,6.4535326976e-02,4.4912388369e-02,4.1926290743e-01,1.2686064048e-01,2.1775171626e-02,2.2947724005e-01,9.3176325070e-02,4.5804276980e+00
1.1800000000e+02,6.4690463234e-02,4.3877089547e-02,4.2053566585e-01,1.2411771352e-01,2.3521531513e-02,2.2749241221e-01,9.5765124125e-02,4.5970737521e+00
1.1850000000e+02,6.5432881667e-02,4.3089358615e-02,4.2092832433e-01,1.2161082769e-01,2.5306738008e-02,2.2534574921e-01,9.8286120478e-02,4.6177169082e+00
1.1900000000e+02,6.5640926950e-02,4.2315504876e-02,4.2084647189e-01,1.1815745010e-01,2.7195195122e-02,2.2489632145e-01,1.0094812961e-01,4.6376082419e+00
1.1950000000e+02,6.5844291664e-02,4.1312202565e-02,4.2232007446e-01,1.1522608274e-01,2.9041024110e-02,2.2307423596e-01,1.0318208849e-01,4.6481340425e+00
1.2000000000e+02,6.5840528492e-02,4.0177630750e-02,4.2292745072e-01,1.1224970159e-01,3.1107059711e-02,2.2230398276e-01,1.0539364598e-01,4.6571254334e+00
1.2050000000e+02,6.6189837178e-02,3.9209421803e-02,4.2259749580e-01,1.1000365553e-01,3.3152687512e-02,2.2124816413e-01,1.0759873805e-01,4.6706368726e+00
1.2100000000e+02,6.6169790020e-02,3.8157224396e-02,4.2521028936e-01,1.0701735943e-01,3.5026843430e-02,2.1840296631e-01,1.1001552706e-01,4.6752833988e+00
1.2150000000e+02,6.6068224587e-02,3.7025084668e-02,4.2734386139e-01,1.0429173559e-01,3.7111933401e-02,2.1597409765e-01,1.1218506272e-01,4.6783707114e+00
1.2200000000e+02,6.6352027396e-02,3.6022173902e-02,4.2745520313e-01,1.0232983025e-01,3.9497996277e-02,2.1421896689e-01,1.1412380216e-01,4.6881667929e+00
1.2250000000e+02,6.6351448446e-02,3.5060140253e-02,4.2749864283e-01,9.9935094641e-02,4.1969966144e-02,2.1338857894e-01,1.1579612874e-01,4.6959393649e+00
1.2300000000e+02,6.6831558649e-02,3.4181393428e-02,4.2793836557e-01,9.7782813556e-02,4.4505756665e-02,2.1062125147e-01,1.1813886066e-01,4.7071832764e+00
1.2350000000e+02,6.6580054850e-02,3.3443048966e-02,4.2706151976e-01,9.6337183344e-02,4.6555604452e-02,2.0886612836e-01,1.2115646026e-01,4.7162881404e+00
1.2400000000e+02,6.6645729033e-02,3.2464472177e-02,4.2736580376e-01,9.4812803254e-02,4.8596393629e-02,2.0671343699e-01,1.2340136116e-01,4.7206164772e+00
1.2450000000e+02,6.7041983769e-02,3.1362264310e-02,4.2848807755e-01,9.2265154639e-02,5.0999900475e-02,2.0437838110e-01,1.2546423815e-01,4.7222894663e+00
1.2500000000e+02,6.7149054305e-02,3.0376224673e-02,4.2886970574e-01,9.0681206786e-02,5.3668020534e-02,2.0180350377e-01,1.2745228419e-01,4.7300937972e+00
1.2550000000e+02,6.7389762947e-02,2.9375131806e-02,4.2825154888e-01,8.9470681528e-02,5.6355676958e-02,1.9900339570e-01,1.3015380218e-01,4.7372478995e+00
1.2600000000e+02,6.7632706094e-02,2.8420493311e-02,4.2864987704e-01,8.8235444970e-02,5.9059020957e-02,1.9584785730e-01,1.3215460033e-01,4.7422607007e+00
1.2650000000e+02,6.7440363989e-02,2.7600623014e-02,4.2834058676e-01,8.6621911159e-02,6.1523047333e-02,1.9352413398e-01,1.3494933376e-01,4.7448871514e+00
1.2700000000e+02,6.7447239991e-02,2.6662280519e-02,4.2829154684e-01,8.5148478569e-02,6.3925589729e-02,1.9099200006e-01,1.3753286429e-01,4.7444718510e+00
1.2750000000e+02,6.7330557303e-02,2.5745581969e-02,4.2830634421e-01,8.3763363099e-02,6.6301790904e-02,1.8891611614e-01,1.3963624637e-01,4.7463107759e+00
1.2800000000e+02,6.7278761974e-02,2.5033861507e-02,4.2896292520e-01,8.2526106816e-02,6.9045814062e-02,1.8604626204e-01,1.4110626840e-01,4.7458022730e+00
1.2850000000e+02,6.7749082186e-02,2.4022197461e-02,4.3005080541e-01,8.1542407340e-02,7.1489446366e-02,1.8150006983e-01,1.4364599140e-01,4.7438566839e+00
1.2900000000e+02,6.8017655738e-02,2.3296496765e-02,4.3062762648e-01,8.0760522199e-02,7.3902446228e-02,1.7818746838e-01,1.4520778421e-01,4.7413561689e+00
1.2950000000e+02,6.8349405186e-02,2.2612436958e-02,4.2850918954e-01,8.0389970050e-02,7.6995203606e-02,1.7540178613e-01,1.4774200853e-01,4.7487135940e+00
1.3000000000e+02,6.8696559009e-02,2.1850349244e-02,4.2769285841e-01,7.9816215674e-02,7.9689831155e-02,1.7275449785e-01,1.4949968866e-01,4.7506283771e+00
1.3050000000e+02,6.8161914572e-02,2.1102919889e-02,4.2900839640e-01,7.9575288768e-02,8.1896342316e-02,1.6872442179e-01,1.5153071627e-01,4.7438553053e+00
1.3100000000e+02,6.7970160137e-02,2.0305143854e-02,4.2995280314e-01,7.9633821008e-02,8.4209599802e-02,1.6522125888e-01,1.5270721318e-01,4.7377606520e+00
1.3150000000e+02,6.7508288246e-02,1.9666249737e-02,4.2979123618e-01,7.9661991222e-02,8.6986652008e-02,1.6179154403e-01,1.5459403857e-01,4.7368453916e+00
1.3200000000e+02,6.6999893190e-02,1.9078241657e-02,4.2855330786e-01,7.9583283419e-02,9.0111583366e-02,1.5792329059e-01,1.5775039991e-01,4.7366156257e+00
1.3250000000e+02,6.6830957150e-02,1.8428718421e-02,4.2815548560e-01,7.9954840806e-02,9.1979257426e-02,1.5417487816e-01,1.6047586243e-01,4.7323191838e+00
1.3300000000e+02,6.6930502045e-02,1.7821879608e-02,4.2786088608e-01,8.0222091663e-02,9.4315155168e-02,1.5051309159e-01,1.6233639385e-01,4.7317009199e+00
1.3350000000e+02,6.6664241510e-02,1.7274206538e-02,4.2707726163e-01,8.0973986995e-02,9.6545035621e-02,1.4750744277e-01,1.6395782493e-01,4.7309101418e+00
1.3400000000e+02,6.7113759471e-02,1.6863326920e-02,4.2577420281e-01,8.1642413633e-02,9.9165550058e-02,1.4337292216e-01,1.6606782496e-01,4.7342277137e+00
1.3450000000e+02,6.6988656780e-02,1.6369237876e-02,4.2410886628e-01,8.2287503196e-02,1.0250846099e-01,1.3983457982e-01,1.6790269506e-01,4.7336748396e+00
1.3500000000e+02,6.7184540777e-02,1.5965324720e-02,4.2131027410e-01,8.3216114781e-02,1.0542322834e-01,1.3686890796e-01,1.7003160932e-01,4.7404658396e+00
1.3550000000e+02,6.7323359399e-02,1.5557981709e-02,4.1922441770e-01,8.4156002509e-02,1.0760715685e-01,1.3362888791e-01,1.7250219392e-01,4.7413278056e+00
1.3600000000e+02,6.7229982845e-02,1.5247626874e-02,4.1959141749e-01,8.4114627003e-02,1.0993101037e-01,1.2996915503e-01,1.7391618039e-01,4.7364779393e+00
1.3650000000e+02,6.7089325724e-02,1.4880106635e-02,4.1897432367e-01,8.5413350673e-02,1.1165247198e-01,1.2595945871e-01,1.7603096261e-01,4.7315846597e+00
1.3700000000e+02,6.6545749523e-02,1.4490831338e-02,4.1827238469e-01,8.6857515304e-02,1.1403774153e-01,1.2202256473e-01,1.7777321288e-01,4.7274434984e+00
1.3750000000e+02,6.6467415926e-02,1.4145053015e-02,4.1748707891e-01,8.8436240561e-02,1.1604235239e-01,1.1829213907e-01,1.7912972013e-01,4.7260451505e+00
1.3800000000e+02,6.6565488776e-02,1.3987837735e-02,4.1589758054e-01,8.9891102267e-02,1.1859574504e-01,1.1521383622e-01,1.7984840943e-01,4.7281843146e+00
1.3850000000e+02,6.6300542757e-02,1.3834888404e-02,4.1459475818e-01,9.1658748281e-02,1.2041017122e-01,1.1191590896e-01,1.8128498220e-01,4.7269372708e+00
1.3900000000e+02,6.6144232412e-02,1.3643644481e-02,4.1371195323e-01,9.2254639374e-02,1.2309248980e-01,1.0789392470e-01,1.8325911600e-01,4.7242782889e+00
1.3950000000e+02,6.5921689721e-02,1.3438655230e-02,4.1179852100e-01,9.3860609149e-02,1.2483913287e-01,1.0493270821e-01,1.8520868383e-01,4.7237149808e+00
1.4000000000e+02,6.5723389763e-02,1.3252010934e-02,4.0972932236e-01,9.5035936958e-02,1.2746446744e-01,1.0173201336e-01,1.8706285918e-01,4.7229706679e+00
1.4050000000e+02,6.5558662777e-02,1.3190125834e-02,4.0717828984e-01,9.6863878529e-02,1.2945216408e-01,9.8431903691e-02,1.8932497524e-01,4.7277038263e+00
1.4100000000e+02,6.5681447181e-02,1.3053833807e-02,4.0598732100e-01,9.8715968085e-02,1.3178029841e-01,9.4757766102e-02,1.9002336541e-01,4.7279782922e+00
1.4150000000e+02,6.5603403673e-02,1.3050944669e-02,4.0307543757e-01,1.0103442562e-01,1.3449081937e-01,9.1217997941e-02,1.9152697116e-01,4.7305630172e+00
1.4200000000e+02,6.5027951015e-02,1.2988077534e-02,4.0134639160e-01,1.0346253860e-01,1.3621282742e-01,8.7084112303e-02,1.9387810153e-01,4.7262461219e+00
1.4250000000e+02,6.4501207005e-02,1.2926804410e-02,3.9992603076e-01,1.0600982863e-01,1.3776843094e-01,8.3865722185e-02,1.9500197607e-01,4.7222782505e+00
1.4300000000e+02,6.4603789346e-02,1.2941558420e-02,3.9766018103e-01,1.0819064372e-01,1.4006326093e-01,8.0392156640e-02,1.9614840992e-01,4.7236020579e+00
1.4350000000e+02,6.4594063068e-02,1.2963119154e-02,3.9620134791e-01,1.1086344343e-01,1.4169213414e-01,7.7822971805e-02,1.9586292050e-01,4.7253876455e+00
1.4400000000e+02,6.4425882655e-02,1.2970343108e-02,3.9346924496e-01,1.1247109426e-01,1.4384107733e-01,7.4790034247e-02,1.9803232343e-01,4.7258490288e+00
1.4450000000e+02,6.3886430410e-02,1.3024376184e-02,3.9183098374e-01,1.1527903561e-01,1.4538569435e-01,7.1783479132e-02,1.9881000057e-01,4.7207061215e+00
1.4500000000e+02,6.3435408133e-02,1.3150149818e-02,3.9044335266e-01,1.1675295077e-01,1.4794415399e-01,6.8136967027e-02,2.0013701761e-01,4.7134419020e+00
1.4550000000e+02,6.2879177893e-02,1.3217730258e-02,3.8913678420e-01,1.1974447479e-01,1.4919849850e-01,6.5239575540e-02,2.0058375882e-01,4.7071625920e+00
1.4600000000e+02,6.2542463329e-02,1.3259085311e-02,3.8711783059e-01,1.2169275804e-01,1.5104513853e-01,6.2175742567e-02,2.0216698164e-01,4.6983238304e+00
1.4650000000e+02,6.2378532004e-02,1.3345307720e-02,3.8580398015e-01,1.2343876142e-01,1.5275823485e-01,5.8835048837e-02,2.0344013502e-01,4.6901673290e+00
1.4700000000e+02,6.1915760206e-02,1.3574563048e-02,3.8372143416e-01,1.2563153657e-01,1.5524991048e-01,5.6048762307e-02,2.0385803324e-01,4.6857976619e+00
1.4750000000e+02,6.1335843980e-02,1.3610557273e-02,3.8234824175e-01,1.2728895117e-01,1.5737904042e-01,5.3166370593e-02,2.0487099481e-01,4.6755648393e+00
1.4800000000e+02,6.1160042043e-02,1.3835761872e-02,3.8169309536e-01,1.2931706317e-01,1.5964135141e-01,5.0329449253e-02,2.0402323689e-01,4.6673361389e+00
1.4850000000e+02,6.1105926612e-02,1.3997579042e-02,3.7915246138e-01,1.3175759453e-01,1.6172749141e-01,4.7529182278e-02,2.0472976475e-01,4.6626793422e+00
1.4900000000e+02,6.0730352162e-02,1.4244974455e-02,3.7640824293e-01,1.3354896189e-01,1.6344812949e-01,4.4982205877e-02,2.0663713319e-01,4.6545862771e+00
1.4950000000e+02,6.0346435410e-02,1.4387602220e-02,3.7375795244e-01,1.3563250875e-01,1.6499235855e-01,4.2444836331e-02,2.0843830630e-01,4.6426084394e+00
1.5000000000e+02,6.0027077971e-02,1.4495407102e-02,3.7126486238e-01,1.3703350728e-01,1.6694756903e-01,3.9942153803e-02,2.1028942244e-01,4.6288511762e+00
1.5050000000e+02,5.9484078938e-02,1.4742688621e-02,3.6798309933e-01,1.3882906365e-01,1.6955234868e-01,3.7505629976e-02,2.1190309081e-01,4.6213353562e+00
1.5100000000e+02,5.8774838308e-02,1.4915221052e-02,3.6707134298e-01,1.4042546645e-01,1.7082790454e-01,3.4895629370e-02,2.1308959730e-01,4.6009950151e+00
1.5150000000e+02,5.8348765398e-02,1.5029763651e-02,3.6499420522e-01,1.4193298215e-01,1.7273005851e-01,3.2595350365e-02,2.1436887470e-01,4.5839609524e+00
1.5200000000e+02,5.8422026210e-02,1.5307448244e-02,3.6176080622e-01,1.4209430581e-01,1.7610631222e-01,3.0569613126e-02,2.1573948817e-01,4.5727964955e+00
1.5250000000e+02,5.8507924863e-02,1.5633547856e-02,3.5720717991e-01,1.4409272483e-01,1.7846764208e-01,2.8369558489e-02,2.1772142196e-01,4.5648121648e+00
1.5300000000e+02,5.8328368609e-02,1.5833972539e-02,3.5500509811e-01,1.4601757418e-01,1.7988732292e-01,2.6197010674e-02,2.1873065296e-01,4.5477888995e+00
1.5350000000e+02,5.8185639244e-02,1.6110289232e-02,3.5259930856e-01,1.4666079338e-01,1.8181409038e-01,2.4320369707e-02,2.2030950950e-01,4.5334381141e+00
1.5400000000e+02,5.8171919766e-02,1.6263766521e-02,3.5157566634e-01,1.4799667524e-01,1.8291885304e-01,2.2445655445e-02,2.2062746365e-01,4.5162462345e+00
1.5450000000e+02,5.7790348799e-02,1.6467470458e-02,3.4919381377e-01,1.4920366816e-01,1.8497201379e-01,2.0598770764e-02,2.2177391426e-01,4.4956345494e+00
1.5500000000e+02,5.7644713958e-02,1.6730713222e-02,3.4753100806e-01,1.4987197824e-01,1.8731189402e-01,1.8589556912e-02,2.2232013559e-01,4.4733863480e+00
1.5550000000e+02,5.7075881144e-02,1.6869035282e-02,3.4593454478e-01,1.5110309632e-01,1.8865841528e-01,1.6989870557e-02,2.2336915663e-01,4.4521664731e+00
1.5600000000e+02,5.7014027321e-02,1.7157260513e-02,3.4420864056e-01,1.5126127305e-01,1.9016166780e-01,1.5398075340e-02,2.2479905541e-01,4.4340208245e+00
1.5650000000e+02,5.7094239703e-02,1.7455557062e-02,3.4033579954e-01,1.5232997837e-01,1.9285933627e-01,1.3996791459e-02,2.2592829759e-01,4.4184492404e+00
1.5700000000e+02,5.6591761356e-02,1.7496171231e-02,3.3743204739e-01,1.5279363629e-01,1.9439658618e-01,1.2588091058e-02,2.2870170650e-01,4.3920588501e+00
1.5750000000e+02,5.5866933279e-02,1.7684315856e-02,3.3548176874e-01,1.5314400521e-01,1.9654260463e-01,1.1338993432e-02,2.2994137885e-01,4.3652958471e+00
1.5800000000e+02,5.6156375146e-02,1.7901001142e-02,3.3311433770e-01,1.5460840260e-01,1.9842092075e-01,1.0210449252e-02,2.2958851342e-01,4.3470635173e+00
1.5850000000e+02,5.6162017459e-02,1.8236607731e-02,3.3041520620e-01,1.5559111122e-01,1.9994930461e-01,9.2010394287e-03,2.3044471335e-01,4.3258292656e+00
1.5900000000e+02,5.6047791727e-02,1.8448262467e-02,3.2853863247e-01,1.5595993001e-01,2.0256207895e-01,8.2886110021e-03,2.3015469337e-01,4.3034441812e+00
1.5950000000e+02,5.6288427293e-02,1.8849474219e-02,3.2521796401e-01,1.5640091347e-01,2.0536842314e-01,7.3995985161e-03,2.3047519935e-01,4.2850711097e+00
1.6000000000e+02,5.6207444471e-02,1.9186106678e-02,3.2081424975e-01,1.5642640764e-01,2.0793769227e-01,6.6582183729e-03,2.3276988081e-01,4.2647840277e+00
1.6050000000e+02,5.6189000483e-02,1.9510498181e-02,3.1797468784e-01,1.5678183512e-01,2.0988649599e-01,6.0557129698e-03,2.3360176941e-01,4.2426126121e+00
1.6100000000e+02,5.5894450884e-02,1.9829025054e-02,3.1491528847e-01,1.5661082428e-01,2.1250069723e-01,5.4738451250e-03,2.3477586896e-01,4.2175183549e+00
1.6150000000e+02,5.5890712109e-02,2.0173107336e-02,3.1162251424e-01,1.5586890885e-01,2.1603434461e-01,5.0134838059e-03,2.3539692904e-01,4.1944835917e+00
1.6200000000e+02,5.5625797567e-02,2.0428504727e-02,3.1055922315e-01,1.5498759466e-01,2.1814540738e-01,4.6690184537e-03,2.3558445407e-01,4.1665681960e+00
1.6250000000e+02,5.5474097446e-02,2.0559119078e-02,3.0728596712e-01,1.5386268579e-01,2.2061569209e-01,4.4383370002e-03,2.3776410148e-01,4.1398397291e+00
1.6300000000e+02,5.5018443775e-02,2.0759805171e-02,3.0545329088e-01,1.5269412460e-01,2.2296950833e-01,4.2840169497e-03,2.3882081029e-01,4.1166206958e+00
1.6350000000e+02,5.5070825558e-02,2.0988106990e-02,3.0410769859e-01,1.5127272626e-01,2.2435113407e-01,4.2230911266e-03,2.3998641740e-01,4.1121917913e+00
1.6400000000e+02,5.5038189588e-02,2.1160273280e-02,3.0193236523e-01,1.5089434614e-01,2.2574217716e-01,4.2817466369e-03,2.4095090197e-01,4.1329543498e+00
1.6450000000e+02,5.4712430808e-02,2.1151165318e-02,2.9967173305e-01,1.4979542449e-01,2.2857189314e-01,4.4185915804e-03,2.4167876162e-01,4.1564956384e+00
1.6500000000e+02,5.4661816522e-02,2.1364951785e-02,2.9723136340e-01,1.4948083420e-01,2.2969363181e-01,4.6670059152e-03,2.4290039636e-01,4.1870248960e+00
1.6550000000e+02,5.4394161931e-02,2.1498432650e-02,2.9380486354e-01,1.4766649706e-01,2.3338554118e-01,5.0409159315e-03,2.4420958771e-01,4.2153983420e+00
1.6600000000e+02,5.3708038880e-02,2.1754378834e-02,2.9282253843e-01,1.4623888260e-01,2.3593805527e-01,5.5211776290e-03,2.4401692836e-01,4.2374507145e+00
1.6650000000e+02,5.3746086400e-02,2.1904953572e-02,2.9005993681e-01,1.4503845113e-01,2.3855539037e-01,6.0872359597e-03,2.4460794575e-01,4.2651383505e+00
1.6700000000e+02,5.3697536647e-02,2.2159169790e-02,2.8751244710e-01,1.4330476233e-01,2.4135362627e-01,6.7675158464e-03,2.4520494201e-01,4.2930716478e+00
1.6750000000e+02,5.4261076894e-02,2.2482184699e-02,2.8479663099e-01,1.4193483317e-01,2.4368360912e-01,7.5233839518e-03,2.4531828117e-01,4.3225158464e+00
1.6800000000e+02,5.3834852145e-02,2.2487392112e-02,2.8364180068e-01,1.3998193602e-01,2.4597357967e-01,8.4188571223e-03,2.4566158226e-01,4.3458387762e+00
1.6850000000e+02,5.3736844691e-02,2.2488788586e-02,2.8327465691e-01,1.3791317329e-01,2.4741093967e-01,9.4363039937e-03,2.4573929285e-01,4.3688348779e+00
1.6900000000e+02,5.3538993474e-02,2.2449980182e-02,2.8090196996e-01,1.3604788839e-01,2.4956083972e-01,1.0491609155e-02,2.4700871911e-01,4.3910396374e+00
1.6950000000e+02,5.3194048655e-02,2.2704476363e-02,2.7955354881e-01,1.3439552023e-01,2.4988257498e-01,1.1618638398e-02,2.4865119256e-01,4.4117981679e+00
1.7000000000e+02,5.3083806414e-02,2.2838183310e-02,2.7744025099e-01,1.3330556023e-01,2.5117960531e-01,1.2848892221e-02,2.4930370152e-01,4.4360561112e+00
1.7050000000e+02,5.3033842525e-02,2.3088824195e-02,2.7642079164e-01,1.3125686328e-01,2.5053208385e-01,1.4164420275e-02,2.5150317423e-01,4.4558737202e+00
1.7100000000e+02,5.3153453603e-02,2.3170342791e-02,2.7544113045e-01,1.2933305876e-01,2.5141444702e-01,1.5562607106e-02,2.5192496028e-01,4.4734905404e+00
1.7150000000e+02,5.3199987047e-02,2.3291018488e-02,2.7450540590e-01,1.2664637690e-01,2.5228062034e-01,1.7055114828e-02,2.5302147650e-01,4.4912563468e+00
1.7200000000e+02,5.3226824261e-02,2.3561672845e-02,2.7285150448e-01,1.2476114735e-01,2.5280780606e-01,1.8886097094e-02,2.5390494791e-01,4.5163113393e+00
1.7250000000e+02,5.2893958422e-02,2.3548781076e-02,2.7037574470e-01,1.2198354716e-01,2.5642249385e-01,2.0716537460e-02,2.5405893733e-01,4.5292114495e+00
1.7300000000e+02,5.2737033471e-02,2.3571144578e-02,2.6908708581e-01,1.1931813981e-01,2.5712874031e-01,2.2602129864e-02,2.5555572615e-01,4.5434582658e+00
1.7350000000e+02,5.2661968383e-02,2.3680259381e-02,2.6858618039e-01,1.1690041059e-01,2.5801996994e-01,2.4616693071e-02,2.5553451826e-01,4.5623848677e+00
1.7400000000e+02,5.2440338265e-02,2.3745958156e-02,2.6653259887e-01,1.1456191511e-01,2.5949665314e-01,2.6333390008e-02,2.5688914645e-01,4.5733241415e+00
1.7450000000e+02,5.2146393419e-02,2.3859689782e-02,2.6594039709e-01,1.1147572038e-01,2.6074431428e-01,2.8201612349e-02,2.5763187271e-01,4.5841781934e+00
1.7500000000e+02,5.2006537657e-02,2.3861888134e-02,2.6530968332e-01,1.0880175592e-01,2.6127745014e-01,3.0206863704e-02,2.5853582112e-01,4.5944932686e+00
1.7550000000e+02,5.1806860588e-02,2.3954166130e-02,2.6326831177e-01,1.0667819943e-01,2.6349950052e-01,3.2333453910e-02,2.5845950766e-01,4.6033462512e+00
1.7600000000e+02,5.1428802411e-02,2.3895415171e-02,2.6177605124e-01,1.0438097636e-01,2.6487744119e-01,3.4446431406e-02,2.5919488222e-01,4.6071737532e+00
1.7650000000e+02,5.1078467074e-02,2.3982643016e-02,2.5958539357e-01,1.0136211696e-01,2.6678588430e-01,3.6620039112e-02,2.6058545597e-01,4.6118147238e+00
1.7700000000e+02,5.1023070721e-02,2.4014227814e-02,2.5892427893e-01,9.8768365458e-02,2.6858523908e-01,3.9026032919e-02,2.5965878508e-01,4.6173556809e+00
1.7750000000e+02,5.1013983783e-02,2.4086618615e-02,2.5598991535e-01,9.5896739611e-02,2.7089829470e-01,4.1232020929e-02,2.6088242701e-01,4.6230158892e+00
1.7800000000e+02,5.1017149750e-02,2.4167600694e-02,2.5432940891e-01,9.2383779927e-02,2.7191911735e-01,4.3556675435e-02,2.6262626793e-01,4.6235814329e+00
1.7850000000e+02,5.1242959127e-02,2.4148113881e-02,2.5430493525e-01,8.9255325709e-02,2.7194585736e-01,4.6176177198e-02,2.6292663147e-01,4.6277845011e+00
1.7900000000e+02,5.1243529639e-02,2.4219667183e-02,2.5277206772e-01,8.6913099182e-02,2.7267852485e-01,4.8967012218e-02,2.6320609921e-01,4.6323110331e+00
1.7950000000e+02,5.0827289244e-02,2.4351829712e-02,2.5286129141e-01,8.3932847786e-02,2.7488320020e-01,5.1622886417e-02,2.6152065524e-01,4.6325485855e+00
1.8000000000e+02,5.1156971828e-02,2.4338666670e-02,2.5263160723e-01,8.1222688470e-02,2.7605880723e-01,5.4496017304e-02,2.6009524127e-01,4.6387410859e+00
1.8050000000e+02,5.0887317104e-02,2.4142762926e-02,2.5115494710e-01,7.8503735323e-02,2.7690195777e-01,5.7065832000e-02,2.6134344777e-01,4.6298662305e+00
1.8100000000e+02,5.0464593019e-02,2.4020035175e-02,2.4884288084e-01,7.5879472246e-02,2.7852633065e-01,5.9792369345e-02,2.6247431873e-01,4.6281481709e+00
1.8150000000e+02,4.9916061840e-02,2.3906457144e-02,2.4813213723e-01,7.2831127937e-02,2.7871325548e-01,6.2578935268e-02,2.6392202510e-01,4.6205694843e+00
1.8200000000e+02,4.9305512333e-02,2.3923197954e-02,2.4617599623e-01,6.9998509754e-02,2.8094046205e-01,6.5122179784e-02,2.6453414189e-01,4.6095082226e+00
1.8250000000e+02,4.8728664084e-02,2.3864346700e-02,2.4538909709e-01,6.7115265817e-02,2.8226235015e-01,6.7861776966e-02,2.6477849919e-01,4.5995844059e+00
1.8300000000e+02,4.8480735140e-02,2.3788887811e-02,2.4462198660e-01,6.4163251078e-02,2.8213756253e-01,7.1195280387e-02,2.6561229645e-01,4.5895456070e+00
1.8350000000e+02,4.8102167400e-02,2.3587265830e-02,2.4400406195e-01,6.1769682878e-02,2.8215627582e-01,7.4843322196e-02,2.6553722393e-01,4.5842826161e+00
1.8400000000e+02,4.7844268684e-02,2.3497640418e-02,2.4436492859e-01,5.9058214873e-02,2.8264207914e-01,7.8089699433e-02,2.6450316887e-01,4.5747632349e+00
1.8450000000e+02,4.7414984695e-02,2.3538778737e-02,2.4297847234e-01,5.6636635428e-02,2.8256497428e-01,8.1335669354e-02,2.6553048516e-01,4.5657479411e+00
1.8500000000e+02,4.7111102449e-02,2.3419561616e-02,2.4251902445e-01,5.3845603867e-02,2.8425586381e-01,8.4049028248e-02,2.6479981555e-01,4.5467601648e+00
1.8550000000e+02,4.6988380009e-02,2.3150352618e-02,2.4173847127e-01,5.0994395284e-02,2.8497166140e-01,8.6627846771e-02,2.6552889264e-01,4.5268093784e+00
1.8600000000e+02,4.6704073477e-02,2.3224205564e-02,2.4132442329e-01,4.8511453915e-02,2.8484963462e-01,8.9960589670e-02,2.6542561946e-01,4.5110069062e+00
1.8650000000e+02,4.6472148553e-02,2.3188474653e-02,2.3977843307e-01,4.6350405162e-02,2.8416540242e-01,9.3994357668e-02,2.6605077847e-01,4.4982404618e+00
1.8700000000e+02,4.6748953626e-02,2.3177831514e-02,2.3823868802e-01,4.4416979696e-02,2.8389411243e-01,9.8342651105e-02,2.6518078362e-01,4.4887699692e+00
1.8750000000e+02,4.6516184549e-02,2.3162600030e-02,2.3638172934e-01,4.2184242085e-02,2.8475911611e-01,1.0185923224e-01,2.6513689564e-01,4.4712128854e+00
1.8800000000e+02,4.6588687522e-02,2.3118493539e-02,2.3558530884e-01,4.0512071108e-02,2.8383788455e-01,1.0634368678e-01,2.6401386766e-01,4.4588585328e+00
1.8850000000e+02,4.6195118988e-02,2.3250677033e-02,2.3557526868e-01,3.8728112453e-02,2.8196465580e-01,1.1075255780e-01,2.6353360925e-01,4.4378582782e+00
1.8900000000e+02,4.6121812273e-02,2.3365915790e-02,2.3494836216e-01,3.7417900366e-02,2.8124427885e-01,1.1517398938e-01,2.6172774119e-01,4.4269051141e+00
1.8950000000e+02,4.5949422123e-02,2.3343245530e-02,2.3372034478e-01,3.6251844330e-02,2.8180010240e-01,1.1945177872e-01,2.5948326212e-01,4.4128274000e+00
1.9000000000e+02,4.5813887459e-02,2.3513479754e-02,2.3248242308e-01,3.5074492115e-02,2.7964765705e-01,1.2296924456e-01,2.6049881598e-01,4.3965221157e+00
1.9050000000e+02,4.5686771282e-02,2.3487639513e-02,2.3133639893e-01,3.3962698962e-02,2.7889800874e-01,1.2733988543e-01,2.5928859715e-01,4.3789365277e+00
1.9100000000e+02,4.5278426106e-02,2.3449347202e-02,2.3035901366e-01,3.2730625451e-02,2.7871565148e-01,1.3036394872e-01,2.5910298738e-01,4.3566321409e+00
1.9150000000e+02,4.4952409104e-02,2.3567418165e-02,2.2962882101e-01,3.1865132727e-02,2.7869717783e-01,1.3421677047e-01,2.5707227069e-01,4.3411293831e+00
1.9200000000e+02,4.4622529787e-02,2.3582158363e-02,2.2903867846e-01,3.1243350488e-02,2.7722548566e-01,1.3857112133e-01,2.5571667591e-01,4.3281749628e+00
1.9250000000e+02,4.4102075090e-02,2.3680028653e-02,2.2880633482e-01,3.0729320949e-02,2.7573523402e-01,1.4253435829e-01,2.5441264818e-01,4.3148682756e+00
1.9300000000e+02,4.3942171524e-02,2.3877151256e-02,2.2807019965e-01,3.0395859068e-02,2.7324296009e-01,1.4605917643e-01,2.5441248198e-01,4.3061479631e+00
1.9350000000e+02,4.3369387773e-02,2.4089178757e-02,2.2735983862e-01,3.0008251832e-02,2.7243859622e-01,1.4988787967e-01,2.5284686713e-01,4.2981227785e+00
1.9400000000e+02,4.2575159503e-02,2.4256555687e-02,2.2638420756e-01,3.0013556429e-02,2.7123045777e-01,1.5344586166e-01,2.5209420138e-01,4.2871478337e+00
1.9450000000e+02,4.2226072712e-02,2.4413087989e-02,2.2471401816e-01,3.0549534708e-02,2.7017422709e-01,1.5692024540e-01,2.5100281395e-01,4.2884299675e+00
1.9500000000e+02,4.1820028893e-02,2.4265383884e-02,2.2427226462e-01,3.1218380688e-02,2.6675578487e-01,1.6137506573e-01,2.5029309132e-01,4.2890968711e+00
1.9550000000e+02,4.1407563050e-02,2.4162745135e-02,2.2429905266e-01,3.1646884734e-02,2.6510462337e-01,1.6539282715e-01,2.4798630390e-01,4.2921106691e+00
1.9600000000e+02,4.1031339192e-02,2.4272328492e-02,2.2494397783e-01,3.1994387595e-02,2.6244952798e-01,1.6960416561e-01,2.4570427330e-01,4.2984492225e+00
1.9650000000e+02,4.0767845175e-02,2.4274267010e-02,2.2441897892e-01,3.3099065342e-02,2.6020298774e-01,1.7357239249e-01,2.4366446332e-01,4.3062194303e+00
1.9700000000e+02,4.0433339094e-02,2.4255005408e-02,2.2378821656e-01,3.4030360898e-02,2.5898061404e-01,1.7764097933e-01,2.4087148467e-01,4.3189707467e+00
1.9750000000e+02,3.9860598744e-02,2.4250260409e-02,2.2296782428e-01,3.4846668199e-02,2.5492787473e-01,1.8184132849e-01,2.4130544515e-01,4.3299499726e+00
1.9800000000e+02,3.9174672809e-02,2.4414674837e-02,2.2209025266e-01,3.5977808653e-02,2.5252772509e-01,1.8652866525e-01,2.3928620070e-01,4.3462702656e+00
1.9850000000e+02,3.8732577849e-02,2.4690341792e-02,2.2142014390e-01,3.7457687182e-02,2.5029321287e-01,1.9003395485e-01,2.3737208156e-01,4.3626890018e+00
1.9900000000e+02,3.8358896822e-02,2.4790061456e-02,2.2012551066e-01,3.8996815348e-02,2.4839238427e-01,1.9271836254e-01,2.3661796891e-01,4.3804139047e+00
1.9950000000e+02,3.7696783826e-02,2.4976691666e-02,2.1899155517e-01,4.1088282990e-02,2.4560812518e-01,1.9693516547e-01,2.3470339569e-01,4.3987440682e+00
2.0000000000e+02,3.7279179130e-02,2.4843768890e-02,2.1794834953e-01,4.2826255159e-02,2.4132574966e-01,2.0232874128e-01,2.3344795635e-01,4.4144788568e+00
2.0050000000e+02,3.6798250229e-02,2.4924129980e-02,2.1935402228e-01,4.4999546754e-02,2.3843926118e-01,2.0656330030e-01,2.2892148929e-01,4.4301246404e+00
2.0100000000e+02,3.6453651304e-02,2.5235686133e-02,2.1778107445e-01,4.7579012163e-02,2.3538955962e-01,2.1164587394e-01,2.2591514239e-01,4.4525135475e+00
2.0150000000e+02,3.6002853756e-02,2.5491106330e-02,2.1664930394e-01,5.0386078805e-02,2.3268955658e-01,2.1524209518e-01,2.2353900541e-01,4.4684212994e+00
2.0200000000e+02,3.5358845507e-02,2.5637976787e-02,2.1678591002e-01,5.3660596832e-02,2.2904311354e-01,2.1832539567e-01,2.2118816164e-01,4.4833886102e+00
2.0250000000e+02,3.4662862512e-02,2.5541723927e-02,2.1618070493e-01,5.6218507548e-02,2.2645989936e-01,2.2223193747e-01,2.1870436426e-01,4.4983110324e+00
2.0300000000e+02,3.4126833519e-02,2.5799815424e-02,2.1574328734e-01,5.9050023000e-02,2.2334835574e-01,2.2631723335e-01,2.1561445162e-01,4.5158986850e+00
2.0350000000e+02,3.3619447280e-02,2.5857284420e-02,2.1559753394e-01,6.1914486456e-02,2.1997697455e-01,2.2921590421e-01,2.1381836914e-01,4.5308683845e+00
2.0400000000e+02,3.2772846829e-02,2.5873126519e-02,2.1667050518e-01,6.4958403713e-02,2.1651658875e-01,2.3233270285e-01,2.1087582616e-01,4.5380257080e+00
2.0450000000e+02,3.2102667818e-02,2.5929848474e-02,2.1742932839e-01,6.8514734559e-02,2.1322632867e-01,2.3488268269e-01,2.0791440940e-01,4.5465335153e+00
2.0500000000e+02,3.1718281131e-02,2.6041115559e-02,2.1635789846e-01,7.1951906067e-02,2.0889564018e-01,2.3899701960e-01,2.0603813900e-01,4.5632236483e+00
2.0550000000e+02,3.1424867233e-02,2.6040694366e-02,2.1626706198e-01,7.5369441799e-02,2.0528642525e-01,2.4274106891e-01,2.0287044046e-01,4.5728644084e+00
2.0600000000e+02,3.1229690190e-02,2.6309982481e-02,2.1518451821e-01,7.9205352754e-02,2.0128569968e-01,2.4619370875e-01,2.0059104793e-01,4.5835964295e+00
2.0650000000e+02,3.0665302681e-02,2.6624762469e-02,2.1420487520e-01,8.3000960163e-02,1.9635860677e-01,2.5073738719e-01,1.9840810554e-01,4.5930404667e+00
2.0700000000e+02,3.0243682259e-02,2.6749077328e-02,2.1323705375e-01,8.6790331753e-02,1.9244111256e-01,2.5491594185e-01,1.9562280050e-01,4.5986541722e+00
2.0750000000e+02,2.9741269404e-02,2.6758014979e-02,2.1206973138e-01,9.0858118523e-02,1.8906691525e-01,2.5903632929e-01,1.9246962118e-01,4.5975235660e+00
2.0800000000e+02,2.9430477788e-02,2.6659324908e-02,2.1094926113e-01,9.5490939402e-02,1.8500649838e-01,2.6278072097e-01,1.8968277742e-01,4.5982012730e+00
2.0850000000e+02,2.8954131650e-02,2.6962151182e-02,2.0953849649e-01,1.0007511270e-01,1.8128777313e-01,2.6520199508e-01,1.8798033977e-01,4.6017629979e+00
2.0900000000e+02,2.8568884283e-02,2.7221762763e-02,2.0945437533e-01,1.0480486834e-01,1.7667905014e-01,2.6873949134e-01,1.8453156781e-01,4.6046928710e+00
2.0950000000e+02,2.8297099063e-02,2.7383350633e-02,2.0932370219e-01,1.0985486958e-01,1.7153491574e-01,2.7265909731e-01,1.8094696548e-01,4.6069946791e+00
2.1000000000e+02,2.8085128989e-02,2.7515904601e-02,2.0761096249e-01,1.1405216743e-01,1.6757093815e-01,2.7750600840e-01,1.7765888994e-01,4.6058053162e+00
2.1050000000e+02,2.7704187620e-02,2.7588510792e-02,2.0797324283e-01,1.1863009751e-01,1.6300437424e-01,2.8079290213e-01,1.7430668488e-01,4.6042321799e+00
2.1100000000e+02,2.7353088080e-02,2.7690425779e-02,2.0720253531e-01,1.2295479663e-01,1.5975695012e-01,2.8383054186e-01,1.7121166221e-01,4.6008482869e+00
2.1150000000e+02,2.6901219484e-02,2.7729724734e-02,2.0511125419e-01,1.2882132692e-01,1.5575883376e-01,2.8748693623e-01,1.6819070469e-01,4.5979580133e+00
2.1200000000e+02,2.6321129022e-02,2.7663825647e-02,2.0404338211e-01,1.3287928010e-01,1.5250109116e-01,2.9135327150e-01,1.6523802046e-01,4.5879643904e+00
2.1250000000e+02,2.5666278321e-02,2.7749447307e-02,2.0204867100e-01,1.3769893431e-01,1.4954518699e-01,2.9422525872e-01,1.6306622335e-01,4.5837210714e+00
2.1300000000e+02,2.5226700559e-02,2.7690681343e-02,2.0128589072e-01,1.4310588716e-01,1.4512839340e-01,2.9813848176e-01,1.5942396506e-01,4.5748573302e+00
2.1350000000e+02,2.4877307703e-02,2.7894341833e-02,2.0126163956e-01,1.4819315628e-01,1.4180571540e-01,3.0032649250e-01,1.5564134674e-01,4.5695669402e+00
2.1400000000e+02,2.4406781188e-02,2.7965495411e-02,2.0024388666e-01,1.5383363628e-01,1.3852536035e-01,3.0199166222e-01,1.5303317789e-01,4.5602370599e+00
2.1450000000e+02,2.3944954329e-02,2.8084459130e-02,1.9851204547e-01,1.5943035538e-01,1.3515279651e-01,3.0477230090e-01,1.5010308828e-01,4.5507715922e+00
2.1500000000e+02,2.3653019278e-02,2.8036253455e-02,1.9749773235e-01,1.6508810167e-01,1.3070535779e-01,3.0756555786e-01,1.4745397760e-01,4.5342347687e+00
2.1550000000e+02,2.3312502261e-02,2.8062247493e-02,1.9608580392e-01,1.7036252248e-01,1.2690304937e-01,3.1083115185e-01,1.4444272263e-01,4.5196032114e+00
2.1600000000e+02,2.2924359227e-02,2.8047104533e-02,1.9363807927e-01,1.7658239504e-01,1.2329643553e-01,3.1237135165e-01,1.4314027476e-01,4.5102090563e+00
2.1650000000e+02,2.2524892741e-02,2.7982716975e-02,1.9215116247e-01,1.8211542858e-01,1.1987601561e-01,3.1517074213e-01,1.4017904150e-01,4.4913625964e+00
2.1700000000e+02,2.2049016399e-02,2.8204650594e-02,1.9131148931e-01,1.8662616722e-01,1.1615297881e-01,3.1757452495e-01,1.3808117272e-01,4.4739176801e+00
2.1750000000e+02,2.1735637164e-02,2.8169856468e-02,1.8950051325e-01,1.9155914057e-01,1.1327257118e-01,3.2054528858e-01,1.3521699280e-01,4.4582058400e+00
2.1800000000e+02,2.1314036369e-02,2.8276911677e-02,1.8893715606e-01,1.9571948605e-01,1.1002166925e-01,3.2226106864e-01,1.3346967195e-01,4.4440139221e+00
2.1850000000e+02,2.0835631815e-02,2.8306923636e-02,1.8682081722e-01,2.0091168957e-01,1.0684985884e-01,3.2402662510e-01,1.3224845382e-01,4.4267756838e+00
2.1900000000e+02,2.0541780246e-02,2.8092482845e-02,1.8603450912e-01,2.0624320304e-01,1.0382538951e-01,3.2584252029e-01,1.2942011495e-01,4.4082511663e+00
2.1950000000e+02,2.0163787057e-02,2.7947213460e-02,1.8403599167e-01,2.1140662950e-01,1.0192064730e-01,3.2688972469e-01,1.2763600632e-01,4.3901071687e+00
2.2000000000e+02,1.9767781278e-02,2.7682456748e-02,1.8201304581e-01,2.1740443830e-01,9.8946244644e-02,3.2919633473e-01,1.2498969848e-01,4.3675354020e+00
2.2050000000e+02,1.9436331910e-02,2.7526096980e-02,1.8069590259e-01,2.2361004623e-01,9.5912731525e-02,3.2940599980e-01,1.2341289096e-01,4.3425346438e+00
2.2100000000e+02,1.9243675951e-02,2.7284475796e-02,1.7899293216e-01,2.2852938045e-01,9.4004004240e-02,3.3033515293e-01,1.2161037847e-01,4.3278853541e+00
2.2150000000e+02,1.8877577795e-02,2.7120180772e-02,1.7753377474e-01,2.3459049150e-01,9.1179053119e-02,3.3146335494e-01,1.1923556714e-01,4.3019518661e+00
2.2200000000e+02,1.8678684460e-02,2.7019622956e-02,1.7621593379e-01,2.3920838985e-01,8.8427553489e-02,3.3315969739e-01,1.1729011806e-01,4.2819293712e+00
2.2250000000e+02,1.8424457038e-02,2.6890213143e-02,1.7414325632e-01,2.4461850562e-01,8.6561299658e-02,3.3357038335e-01,1.1579188487e-01,4.2647813325e+00
2.2300000000e+02,1.8056323841e-02,2.6753160333e-02,1.7179966050e-01,2.5016950507e-01,8.4369098122e-02,3.3406594148e-01,1.1478631065e-01,4.2472592591e+00
2.2350000000e+02,1.7714351315e-02,2.6590108991e-02,1.6854113761e-01,2.5632667934e-01,8.2307258962e-02,3.3505994561e-01,1.1346051817e-01,4.2241267169e+00
2.2400000000e+02,1.7562305031e-02,2.6412843769e-02,1.6681174404e-01,2.6183497550e-01,8.0414685347e-02,3.3475506979e-01,1.1220837652e-01,4.2032180965e+00
2.2450000000e+02,1.7400931784e-02,2.6091499814e-02,1.6446280659e-01,2.6723859626e-01,7.8147185247e-02,3.3598143390e-01,1.1067754641e-01,4.1788731863e+00
2.2500000000e+02,1.7209525031e-02,2.5743578854e-02,1.6230444958e-01,2.7226322392e-01,7.6478994901e-02,3.3703940040e-01,1.0896082733e-01,4.1552368569e+00
2.2550000000e+02,1.7124423074e-02,2.5400142998e-02,1.5968478069e-01,2.7827568156e-01,7.4202612964e-02,3.3842937343e-01,1.0688298529e-01,4.1329072431e+00
2.2600000000e+02,1.6966859538e-02,2.5030650783e-02,1.5696882685e-01,2.8280219278e-01,7.3010553210e-02,3.3912395316e-01,1.0609696368e-01,4.1123032726e+00
2.2650000000e+02,1.6915612168e-02,2.4708023514e-02,1.5486638067e-01,2.8766546782e-01,7.1524981073e-02,3.4015679471e-01,1.0416274004e-01,4.0916735569e+00
2.2700000000e+02,1.6648350031e-02,2.4321161483e-02,1.5319997756e-01,2.9201211133e-01,7.0029812260e-02,3.4089846107e-01,1.0289012627e-01,4.0689916226e+00
2.2750000000e+02,1.6616839892e-02,2.4079795084e-02,1.5198530794e-01,2.9440412372e-01,6.8867225804e-02,3.4198491518e-01,1.0206179238e-01,4.0491053165e+00
2.2800000000e+02,1.6623947877e-02,2.3910303325e-02,1.5023159256e-01,2.9911282125e-01,6.8328110064e-02,3.4072770652e-01,1.0106551840e-01,4.0345688440e+00
2.2850000000e+02,1.6615004023e-02,2.3659209858e-02,1.4734017234e-01,3.0345182629e-01,6.7524446576e-02,3.4093900822e-01,1.0047033270e-01,4.0183256835e+00
2.2900000000e+02,1.6599357388e-02,2.3381835457e-02,1.4529915072e-01,3.0788222618e-01,6.6484306178e-02,3.4078414273e-01,9.9568981344e-02,3.9979757280e+00
2.2950000000e+02,1.6528688538e-02,2.3163080343e-02,1.4458221924e-01,3.0997725852e-01,6.5917423581e-02,3.4129186103e-01,9.8539468744e-02,3.9893668906e+00
2.3000000000e+02,1.6473632805e-02,2.2849968654e-02,1.4251626190e-01,3.1490289576e-01,6.5093614510e-02,3.4150948829e-01,9.6654138081e-02,3.9692957615e+00
2.3050000000e+02,1.6454351680e-02,2.2422823201e-02,1.4032919428e-01,3.1889315825e-01,6.4056747739e-02,3.4184452630e-01,9.5999198557e-02,3.9502522076e+00
2.3100000000e+02,1.6416977697e-02,2.2108622058e-02,1.3847306390e-01,3.2189636122e-01,6.3761498961e-02,3.4193680227e-01,9.5406673886e-02,3.9328789391e+00
2.3150000000e+02,1.6456000370e-02,2.1853718679e-02,1.3664958394e-01,3.2465164387e-01,6.3178853886e-02,3.4239282310e-01,9.4817376156e-02,3.9156345843e+00
2.3200000000e+02,1.6585967402e-02,2.1306583821e-02,1.3422524140e-01,3.2877273123e-01,6.2825496314e-02,3.4265299856e-01,9.3630981271e-02,3.8964194537e+00
2.3250000000e+02,1.6592228549e-02,2.1085224173e-02,1.3183789037e-01,3.3283120850e-01,6.2851339119e-02,3.4210315802e-01,9.2698951270e-02,3.8816370242e+00
2.3300000000e+02,1.6564629439e-02,2.0649477678e-02,1.2822081311e-01,3.3759643953e-01,6.3027667289e-02,3.4197896451e-01,9.1962008433e-02,3.8583255203e+00
2.3350000000e+02,1.6629246295e-02,2.0209723343e-02,1.2562386224e-01,3.4245643390e-01,6.3199212001e-02,3.4074996250e-01,9.1131559716e-02,3.8435417798e+00
2.3400000000e+02,1.6667038614e-02,1.9665064467e-02,1.2288785079e-01,3.4683841766e-01,6.3629049303e-02,3.3911629844e-01,9.1196280718e-02,3.8294853190e+00
2.3450000000e+02,1.6613917586e-02,1.9081498877e-02,1.2009473083e-01,3.5248782855e-01,6.4188468823e-02,3.3675497885e-01,9.0778576479e-02,3.8112402706e+00
2.3500000000e+02,1.6942581700e-02,1.8698134338e-02,1.1850051000e-01,3.5405308639e-01,6.4768069901e-02,3.3629554617e-01,9.0742071505e-02,3.8071682992e+00
2.3550000000e+02,1.7104620521e-02,1.8371724902e-02,1.1723591400e-01,3.5619292240e-01,6.5640660940e-02,3.3513573714e-01,9.0318420099e-02,3.7987362249e+00
2.3600000000e+02,1.7302135211e-02,1.7963326372e-02,1.1437428137e-01,3.6121582408e-01,6.6213492961e-02,3.3351282650e-01,8.9418113511e-02,3.7865577140e+00
2.3650000000e+02,1.7441795071e-02,1.7469288057e-02,1.1231917138e-01,3.6446927551e-01,6.6853463155e-02,3.3190352417e-01,8.9543482662e-02,3.7716661827e+00
2.3700000000e+02,1.7637303495e-02,1.6906333901e-02,1.0993511661e-01,3.6715665708e-01,6.7909971311e-02,3.3110261762e-01,8.9351999985e-02,3.7595104700e+00
2.3750000000e+02,1.7787540800e-02,1.6383721261e-02,1.0672669499e-01,3.7087637664e-01,6.8585356908e-02,3.3023797333e-01,8.9402336075e-02,3.7406955646e+00
2.3800000000e+02,1.7927008054e-02,1.5892068556e-02,1.0484371223e-01,3.7390896813e-01,6.9198539935e-02,3.2891035640e-01,8.9319346699e-02,3.7224403909e+00
2.3850000000e+02,1.8061434991e-02,1.5414309824e-02,1.0312186686e-01,3.7626295684e-01,7.0305324934e-02,3.2747504832e-01,8.9359058224e-02,3.7117637340e+00
2.3900000000e+02,1.8334362091e-02,1.4948000781e-02,1.0168655364e-01,3.7887066242e-01,7.1130755441e-02,3.2507840029e-01,8.9951265336e-02,3.7057251772e+00
2.3950000000e+02,1.8506227650e-02,1.4496791929e-02,9.8861545713e-02,3.8308597672e-01,7.2478641143e-02,3.2210608826e-01,9.0464728588e-02,3.6936156882e+00
2.4000000000e+02,1.8643537773e-02,1.3946866874e-02,9.6830574070e-02,3.8729982012e-01,7.3201051933e-02,3.1937628508e-01,9.0701864152e-02,3.6765812612e+00
2.4050000000e+02,1.8836962601e-02,1.3562434223e-02,9.5233964583e-02,3.8990176590e-01,7.3765584892e-02,3.1782221842e-01,9.0877069380e-02,3.6640995294e+00
2.4100000000e+02,1.9046249950e-02,1.3127624732e-02,9.2865473107e-02,3.9338206962e-01,7.4887862911e-02,3.1600864202e-01,9.0682077658e-02,3.6518245789e+00
2.4150000000e+02,1.9230724716e-02,1.2720615674e-02,9.0832046481e-02,3.9690383618e-01,7.5859716630e-02,3.1340132824e-01,9.1051732077e-02,3.6398645438e+00
2.4200000000e+02,1.9417948193e-02,1.2226849391e-02,8.8618720610e-02,4.0153816562e-01,7.6521818046e-02,3.1064765393e-01,9.1028844215e-02,3.6217746218e+00
2.4250000000e+02,1.9646441931e-02,1.1808221549e-02,8.6283121487e-02,4.0468659419e-01,7.7766895412e-02,3.0814834530e-01,9.1660380130e-02,3.6097814089e+00
2.4300000000e+02,1.9890907428e-02,1.1417173740e-02,8.4611273980e-02,4.0857484437e-01,7.8268762608e-02,3.0554412565e-01,9.1692912218e-02,3.5940765044e+00
2.4350000000e+02,2.0218416785e-02,1.0979359583e-02,8.2252982280e-02,4.1135494103e-01,7.9369550456e-02,3.0386187576e-01,9.1962874114e-02,3.5779894976e+00
2.4400000000e+02,2.0467189802e-02,1.0641824321e-02,7.9855585241e-02,4.1482486937e-01,8.0415974196e-02,3.0205338918e-01,9.1741167895e-02,3.5566357943e+00
2.4450000000e+02,2.0722372094e-02,1.0233719093e-02,7.7961787454e-02,4.1872845576e-01,8.1098315642e-02,2.9932670764e-01,9.1928642319e-02,3.5386452814e+00
2.4500000000e+02,2.0900252988e-02,9.8646856804e-03,7.6834176494e-02,4.2085044870e-01,8.2500182068e-02,2.9718370379e-01,9.1866550287e-02,3.5226682873e+00
2.4550000000e+02,2.1047363577e-02,9.5142276959e-03,7.4553872171e-02,4.2395687767e-01,8.3379746999e-02,2.9551766193e-01,9.2030249958e-02,3.5043670901e+00
2.4600000000e+02,2.1382860373e-02,9.1374129692e-03,7.2427184108e-02,4.2645706009e-01,8.4414536766e-02,2.9358672030e-01,9.2594225394e-02,3.4876987697e+00
2.4650000000e+02,2.1628796524e-02,8.8337423398e-03,7.0575081242e-02,4.2820109010e-01,8.5514586969e-02,2.9166015042e-01,9.3586552407e-02,3.4706274718e+00
2.4700000000e+02,2.2042061576e-02,8.5496560084e-03,6.9229749308e-02,4.2986775181e-01,8.6770975107e-02,2.8941574444e-01,9.4124061754e-02,3.4572921882e+00
2.4750000000e+02,2.2435341094e-02,8.2217469554e-03,6.7094471215e-02,4.3219184443e-01,8.7785602970e-02,2.8778406942e-01,9.4486923916e-02,3.4388878048e+00
2.4800000000e+02,2.2844782229e-02,7.9273958766e-03,6.5004400223e-02,4.3601416797e-01,8.8879100518e-02,2.8496580425e-01,9.4364348931e-02,3.4208216384e+00
2.4850000000e+02,2.3034392540e-02,7.5828104248e-03,6.3369203685e-02,4.4065317461e-01,8.9769076912e-02,2.8177448382e-01,9.3816858007e-02,3.3918233932e+00
2.4900000000e+02,2.3156290659e-02,7.3579807797e-03,6.1484087454e-02,4.4498924322e-01,9.0684855773e-02,2.7918942850e-01,9.3138113614e-02,3.3668222205e+00
2.4950000000e+02,2.3414172845e-02,7.1491826874e-03,5.9759042848e-02,4.4951421813e-01,9.1790016250e-02,2.7511113630e-01,9.3262230941e-02,3.3457163461e+00
2.5000000000e+02,2.3690220764e-02,6.9194375424e-03,5.8506276146e-02,4.5268848837e-01,9.3367198020e-02,2.7126468510e-01,9.3563694062e-02,3.3313903502e+00
2.5050000000e+02,2.3832608746e-02,6.6172992337e-03,5.6582333681e-02,4.5752970994e-01,9.3308198769e-02,2.6898113262e-01,9.3148717007e-02,3.3001604465e+00
2.5100000000e+02,2.3950699975e-02,6.3574455136e-03,5.5227542444e-02,4.6206836175e-01,9.3945596087e-02,2.6542514395e-01,9.3025210274e-02,3.2695687984e+00
2.5150000000e+02,2.3986842081e-02,6.1422214144e-03,5.3277860740e-02,4.6598645550e-01,9.4898539067e-02,2.6279318344e-01,9.2914897756e-02,3.2410704565e+00
2.5200000000e+02,2.4211242835e-02,5.9224560885e-03,5.0971776829e-02,4.6979207999e-01,9.5325365828e-02,2.6042047674e-01,9.3356601693e-02,3.2114388922e+00
2.5250000000e+02,2.4480999817e-02,5.7181980668e-03,4.9665125314e-02,4.7453954469e-01,9.5526361806e-02,2.5705969184e-01,9.3010078458e-02,3.1837918306e+00
2.5300000000e+02,2.4798317526e-02,5.5240977990e-03,4.8042245928e-02,4.7864078076e-01,9.5491010821e-02,2.5453596630e-01,9.2967580866e-02,3.1539469648e+00
2.5350000000e+02,2.5051237784e-02,5.3910692282e-03,4.6425829168e-02,4.8293306437e-01,9.6587736647e-02,2.5085339229e-01,9.2757670520e-02,3.1333125450e+00
2.5400000000e+02,2.5388772914e-02,5.2530725274e-03,4.4661785048e-02,4.8766851089e-01,9.6799199311e-02,2.4780227242e-01,9.2426386892e-02,3.1086336927e+00
2.5450000000e+02,2.5863993114e-02,5.1253997816e-03,4.3269408467e-02,4.9140456060e-01,9.8056615867e-02,2.4428858948e-01,9.1991432688e-02,3.0834398002e+00
2.5500000000e+02,2.5943809476e-02,4.9986691352e-03,4.2359894532e-02,4.9555580363e-01,9.8556925435e-02,2.4028661878e-01,9.2298279015e-02,3.0589186778e+00
2.5550000000e+02,2.6117368367e-02,4.8491321046e-03,4.1050601239e-02,4.9996329430e-01,9.8010330143e-02,2.3794411670e-01,9.2065157148e-02,3.0294026404e+00
2.5600000000e+02,2.6291939043e-02,4.7135699553e-03,4.0054862497e-02,5.0226936189e-01,9.8712573245e-02,2.3609118227e-01,9.1866511107e-02,3.0021214163e+00
2.5650000000e+02,2.6414619078e-02,4.6378101874e-03,3.9193399416e-02,5.0665473899e-01,9.8866786770e-02,2.3252685800e-01,9.1705787561e-02,2.9776543267e+00
2.5700000000e+02,2.6615360951e-02,4.5601405420e-03,3.8098551683e-02,5.1202653142e-01,9.8786470446e-02,2.2941534348e-01,9.0497601476e-02,2.9513422547e+00
2.5750000000e+02,2.6914641144e-02,4.4880261349e-03,3.6781592374e-02,5.1661143257e-01,9.8886571021e-02,2.2668314976e-01,8.9634586999e-02,2.9243445710e+00
2.5800000000e+02,2.7348997127e-02,4.4354005844e-03,3.6059154269e-02,5.1974413381e-01,9.8782005267e-02,2.2418498249e-01,8.9445326448e-02,2.9022585871e+00
2.5850000000e+02,2.7298317472e-02,4.4114784023e-03,3.5001336899e-02,5.2459356808e-01,9.8956931023e-02,2.2126649527e-01,8.8471872858e-02,2.8736438458e+00
2.5900000000e+02,2.7371579243e-02,4.4014865763e-03,3.3996092615e-02,5.3023556889e-01,9.9232092948e-02,2.1683821115e-01,8.7924968570e-02,2.8515023429e+00
2.5950000000e+02,2.7369982983e-02,4.4017579795e-03,3.3131073326e-02,5.3640674334e-01,9.8519431473e-02,2.1313678641e-01,8.7034224497e-02,2.8269874004e+00
2.6000000000e+02,2.7371323712e-02,4.4245911819e-03,3.2077210119e-02,5.4141138273e-01,9.8135399096e-02,2.1073822378e-01,8.5841869381e-02,2.8003140839e+00
2.6050000000e+02,2.7473638357e-02,4.4586938723e-03,3.1237763742e-02,5.4718120953e-01,9.7735713415e-02,2.0663372215e-01,8.5279258927e-02,2.7799830629e+00
2.6100000000e+02,2.7734860397e-02,4.4632717086e-03,3.0730935033e-02,5.5041012400e-01,9.7452172469e-02,2.0452245131e-01,8.4686185075e-02,2.7624690482e+00
2.6150000000e+02,2.7767717179e-02,4.4669985654e-03,3.0163587443e-02,5.5319806759e-01,9.7202267365e-02,2.0291849947e-01,8.4282862384e-02,2.7416918311e+00
2.6200000000e+02,2.7813068836e-02,4.4738088529e-03,2.9544547750e-02,5.5562452402e-01,9.6902033288e-02,2.0155915039e-01,8.4082866864e-02,2.7240288506e+00
2.6250000000e+02,2.7786995320e-02,4.5262728319e-03,2.9269274324e-02,5.6065754935e-01,9.6372388155e-02,1.9778136030e-01,8.3606159722e-02,2.7031236466e+00
2.6300000000e+02,2.7945157119e-02,4.5688959256e-03,2.8932068184e-02,5.6494023203e-01,9.5876286143e-02,1.9484301567e-01,8.2894344926e-02,2.6861248067e+00
2.6350000000e+02,2.8140748384e-02,4.6618671097e-03,2.8427435650e-02,5.6904286712e-01,9.5611723632e-02,1.9188128060e-01,8.2234077504e-02,2.6723865582e+00
2.6400000000e+02,2.8137503030e-02,4.7552884293e-03,2.7954635197e-02,5.7332710969e-01,9.5828924730e-02,1.8824978633e-01,8.1746752591e-02,2.6569256849e+00
2.6450000000e+02,2.8054126369e-02,4.8062236381e-03,2.7709719371e-02,5.7639779928e-01,9.5719943950e-02,1.8639419550e-01,8.0917991885e-02,2.6403196508e+00
2.6500000000e+02,2.8023103550e-02,4.8967230940e-03,2.7408624501e-02,5.8108969586e-01,9.5331554743e-02,1.8364076632e-01,7.9609531932e-02,2.6210530472e+00
2.6550000000e+02,2.8163936919e-02,4.9683356333e-03,2.7345680597e-02,5.8473739639e-01,9.4786988193e-02,1.8096133539e-01,7.9036326875e-02,2.6070561946e+00
2.6600000000e+02,2.7996438183e-02,5.0650125515e-03,2.7378054274e-02,5.8743484654e-01,9.4317116343e-02,1.7954198528e-01,7.8266546820e-02,2.5938791471e+00
2.6650000000e+02,2.7886440666e-02,5.1498115676e-03,2.7446569152e-02,5.9202600812e-01,9.3741679369e-02,1.7594007913e-01,7.7809412001e-02,2.5825511588e+00
2.6700000000e+02,2.7741381601e-02,5.2380589000e-03,2.7617599966e-02,5.9754051472e-01,9.2425541441e-02,1.7324064555e-01,7.6196257822e-02,2.5627072008e+00
2.6750000000e+02,2.7633423447e-02,5.3342693375e-03,2.7946166488e-02,6.0048381169e-01,9.1682172658e-02,1.7173899727e-01,7.5181159103e-02,2.5516516409e+00
2.6800000000e+02,2.7666988998e-02,5.4943697221e-03,2.8129621585e-02,6.0432964451e-01,9.1469764678e-02,1.6869735294e-01,7.4212257568e-02,2.5448445469e+00
2.6850000000e+02,2.7395266119e-02,5.6276852207e-03,2.8774603832e-02,6.0662486340e-01,9.0613539016e-02,1.6738410072e-01,7.3579941684e-02,2.5350828995e+00
2.6900000000e+02,2.7380281103e-02,5.7796783103e-03,2.8940232081e-02,6.1146224534e-01,8.9034936944e-02,1.6475962149e-01,7.2643004730e-02,2.5222476210e+00
2.6950000000e+02,2.7245247229e-02,5.9037514821e-03,2.9388807592e-02,6.1478747928e-01,8.9129590208e-02,1.6114713812e-01,7.2397986088e-02,2.5109451681e+00
2.7000000000e+02,2.7027306813e-02,6.0191384577e-03,2.9895266864e-02,6.1734248833e-01,8.7859768396e-02,1.6006784858e-01,7.1788182553e-02,2.4987804787e+00
2.7050000000e+02,2.7046834045e-02,6.1926790175e-03,3.0536888968e-02,6.2065064102e-01,8.7000796829e-02,1.5721546872e-01,7.1356691408e-02,2.4895466386e+00
2.7100000000e+02,2.6864270400e-02,6.3658185324e-03,3.1198952292e-02,6.2388017485e-01,8.5620809515e-02,1.5513340577e-01,7.0936568638e-02,2.4763052029e+00
2.7150000000e+02,2.6608450821e-02,6.5511863178e-03,3.1921858575e-02,6.2729416011e-01,8.5190353160e-02,1.5286714796e-01,6.9566843057e-02,2.4651841298e+00
2.7200000000e+02,2.6321082154e-02,6.6586886745e-03,3.2756578751e-02,6.3061892715e-01,8.4226095067e-02,1.5127660413e-01,6.8142024076e-02,2.4480864343e+00
2.7250000000e+02,2.5981242674e-02,6.8057849274e-03,3.3598977952e-02,6.3520653777e-01,8.3394946876e-02,1.4849499465e-01,6.6517515149e-02,2.4275482326e+00
2.7300000000e+02,2.5913162501e-02,7.0246325479e-03,3.4515236366e-02,6.3843168333e-01,8.2932092596e-02,1.4540291995e-01,6.5780272708e-02,2.4148442186e+00
2.7350000000e+02,2.5672869311e-02,7.2102430014e-03,3.5430642893e-02,6.4058032558e-01,8.2437445759e-02,1.4363180880e-01,6.5036664656e-02,2.3989068005e+00
2.7400000000e+02,2.5408539002e-02,7.3979860095e-03,3.6284244511e-02,6.4207913379e-01,8.2377181121e-02,1.4102912993e-01,6.5423785632e-02,2.3887566902e+00
2.7450000000e+02,2.5219358704e-02,7.6069796074e-03,3.7160151479e-02,6.4535311391e-01,8.1926416166e-02,1.3856660821e-01,6.4167371925e-02,2.3743070549e+00
2.7500000000e+02,2.4881416351e-02,7.7770227835e-03,3.8100274637e-02,6.4894922894e-01,8.1128113152e-02,1.3551670570e-01,6.3647238432e-02,2.3571530208e+00
2.7550000000e+02,2.4640239192e-02,7.9848395104e-03,3.9017882806e-02,6.5088096713e-01,8.0825833879e-02,1.3356959065e-01,6.3080646831e-02,2.3417698147e+00
2.7600000000e+02,2.4203405770e-02,8.1576962881e-03,3.9983412671e-02,6.5262182761e-01,8.0547020240e-02,1.3205789597e-01,6.2428741442e-02,2.3257036199e+00
2.7650000000e+02,2.3949115048e-02,8.4112761759e-03,4.0935396889e-02,6.5566717010e-01,8.0379783184e-02,1.2879571815e-01,6.1861540460e-02,2.3118452135e+00
2.7700000000e+02,2.3590228198e-02,8.5350827566e-03,4.2124824732e-02,6.5745765130e-01,8.0374380327e-02,1.2633219536e-01,6.1585637318e-02,2.2976949184e+00
2.7750000000e+02,2.3314894569e-02,8.7294068282e-03,4.3269443368e-02,6.5944994847e-01,7.9779263417e-02,1.2400844815e-01,6.1448595199e-02,2.2799364221e+00
2.7800000000e+02,2.2943355195e-02,8.8752472262e-03,4.4353574395e-02,6.6158722778e-01,7.9061666453e-02,1.2194208429e-01,6.1236844669e-02,2.2647005152e+00
2.7850000000e+02,2.2643884687e-02,9.0617574464e-03,4.5733624745e-02,6.6187058575e-01,7.9251344401e-02,1.2018939922e-01,6.1249403752e-02,2.2560730486e+00
2.7900000000e+02,2.2422134512e-02,9.2478561645e-03,4.7477865515e-02,6.6125390570e-01,7.9321298627e-02,1.1877432730e-01,6.1502612179e-02,2.2499165781e+00
2.7950000000e+02,2.2195753972e-02,9.4117501739e-03,4.8720085258e-02,6.6193002862e-01,7.9630989568e-02,1.1660768503e-01,6.1503707372e-02,2.2393251335e+00
2.8000000000e+02,2.1791104073e-02,9.6325166851e-03,4.9953051659e-02,6.6420552343e-01,7.9545557576e-02,1.1375352064e-01,6.1118725937e-02,2.2253857050e+00
2.8050000000e+02,2.1544992541e-02,9.7884674239e-03,5.1526727171e-02,6.6380656349e-01,8.0262725331e-02,1.1176511043e-01,6.1305413613e-02,2.2197014857e+00
2.8100000000e+02,2.1140726315e-02,9.9642901115e-03,5.3026375296e-02,6.6477260078e-01,8.0854970388e-02,1.0930090787e-01,6.0940129240e-02,2.2096982482e+00
2.8150000000e+02,2.0769816862e-02,1.0038080768e-02,5.4465636747e-02,6.6541722966e-01,8.1526011721e-02,1.0720080563e-01,6.0582418615e-02,2.2042742392e+00
2.8200000000e+02,2.0284193044e-02,1.0178546762e-02,5.5639881470e-02,6.6704090062e-01,8.1814624920e-02,1.0476898868e-01,6.0272864502e-02,2.2051260590e+00
2.8250000000e+02,1.9901634628e-02,1.0295942457e-02,5.7482220718e-02,6.6735691907e-01,8.2454807211e-02,1.0236958018e-01,6.0138895734e-02,2.2119606471e+00
2.8300000000e+02,1.9575246066e-02,1.0411294163e-02,5.8939262496e-02,6.6640317814e-01,8.3639760798e-02,1.0044976533e-01,6.0581493010e-02,2.2272282740e+00
2.8350000000e+02,1.9089095437e-02,1.0405699747e-02,6.0350043421e-02,6.6718992109e-01,8.4217334054e-02,9.8683431355e-02,6.0064474896e-02,2.2369992312e+00
2.8400000000e+02,1.8783058968e-02,1.0585506772e-02,6.2426989607e-02,6.6555484627e-01,8.4891900759e-02,9.7051761938e-02,6.0705935684e-02,2.2548000254e+00
2.8450000000e+02,1.8380591336e-02,1.0586914569e-02,6.4203903081e-02,6.6406544088e-01,8.5558512853e-02,9.6139040304e-02,6.1065596976e-02,2.2716032223e+00
2.8500000000e+02,1.8077402472e-02,1.0746641940e-02,6.5898788375e-02,6.6262773872e-01,8.5952526688e-02,9.5023973671e-02,6.1672928136e-02,2.2910372613e+00
2.8550000000e+02,1.7777471329e-02,1.0835704156e-02,6.6646214933e-02,6.6282985164e-01,8.6875460733e-02,9.2950391308e-02,6.2084905896e-02,2.3063533986e+00
2.8600000000e+02,1.7503453964e-02,1.0953358532e-02,6.8041785805e-02,6.6271616633e-01,8.8469225806e-02,9.0529300855e-02,6.1786708711e-02,2.3250185342e+00
2.8650000000e+02,1.7242607019e-02,1.1009042006e-02,7.0203270962e-02,6.6004264996e-01,9.0040205935e-02,8.8954810101e-02,6.2507414020e-02,2.3486309884e+00
2.8700000000e+02,1.6912204941e-02,1.1065530913e-02,7.2061920762e-02,6.5810138539e-01,9.1723755153e-02,8.7328359789e-02,6.2806843057e-02,2.3717279311e+00
2.8750000000e+02,1.6350697851e-02,1.1057409518e-02,7.3824999256e-02,6.5611971507e-01,9.3906236975e-02,8.5535308506e-02,6.3205632821e-02,2.3883591257e+00
2.8800000000e+02,1.6124151530e-02,1.1165848203e-02,7.5531046230e-02,6.5345763725e-01,9.6039539177e-02,8.3075410036e-02,6.4606367575e-02,2.4165006627e+00
2.8850000000e+02,1.5867663776e-02,1.1258557271e-02,7.7077023873e-02,6.5106968750e-01,9.7751075024e-02,8.1519705368e-02,6.5456287191e-02,2.4421627668e+00
2.8900000000e+02,1.5630574181e-02,1.1283130995e-02,7.8720592631e-02,6.4906881811e-01,9.9566524721e-02,7.9082699140e-02,6.6647660223e-02,2.4655566877e+00
2.8950000000e+02,1.5317683043e-02,1.1354349526e-02,8.0017966756e-02,6.4726741447e-01,1.0121569568e-01,7.6968010220e-02,6.7858880299e-02,2.4899475084e+00
2.9000000000e+02,1.5051335172e-02,1.1357185123e-02,8.1146573279e-02,6.4564933345e-01,1.0287879438e-01,7.4886031596e-02,6.9030747007e-02,2.5098074647e+00
2.9050000000e+02,1.4643237483e-02,1.1450343935e-02,8.3404962347e-02,6.4293564871e-01,1.0504787920e-01,7.2479800459e-02,7.0038127869e-02,2.5311274249e+00
2.9100000000e+02,1.4390851264e-02,1.1498609505e-02,8.4807039891e-02,6.3989989731e-01,1.0722517769e-01,7.1073463560e-02,7.1104960776e-02,2.5539389539e+00
2.9150000000e+02,1.4088446400e-02,1.1636514291e-02,8.6319662537e-02,6.3735248152e-01,1.0953534519e-01,6.9422976227e-02,7.1644573836e-02,2.5781809596e+00
2.9200000000e+02,1.3841818136e-02,1.1589848377e-02,8.8199444222e-02,6.3331178558e-01,1.1240821387e-01,6.7948605211e-02,7.2700284610e-02,2.6003726002e+00
2.9250000000e+02,1.3641140213e-02,1.1570134720e-02,8.9217917537e-02,6.3017456216e-01,1.1555582001e-01,6.5808259053e-02,7.4032166303e-02,2.6218110362e+00
2.9300000000e+02,1.3296779664e-02,1.1569666961e-02,9.0697737114e-02,6.2606409976e-01,1.1848738368e-01,6.4434204461e-02,7.5450128350e-02,2.6510077342e+00
2.9350000000e+02,1.2889466251e-02,1.1630486847e-02,9.2015206778e-02,6.2251288919e-01,1.2129696436e-01,6.2702152077e-02,7.6952834494e-02,2.6693128873e+00
2.9400000000e+02,1.2521922318e-02,1.1775111084e-02,9.3132578098e-02,6.1965653565e-01,1.2339864466e-01,6.1288563087e-02,7.8226645098e-02,2.6920505501e+00
2.9450000000e+02,1.2200740386e-02,1.1724761292e-02,9.4931244969e-02,6.1628493440e-01,1.2533883073e-01,5.9352923748e-02,8.0166564472e-02,2.7142562691e+00
2.9500000000e+02,1.1892803032e-02,1.1765562636e-02,9.7117373092e-02,6.1115085236e-01,1.2870589050e-01,5.7820534177e-02,8.1546984207e-02,2.7434413596e+00
2.9550000000e+02,1.1570561247e-02,1.1871410008e-02,9.8905184218e-02,6.0653853417e-01,1.3193155257e-01,5.6234264252e-02,8.2948493533e-02,2.7602911221e+00
2.9600000000e+02,1.1247512665e-02,1.1887863783e-02,9.9150136239e-02,6.0467404413e-01,1.3520536151e-01,5.4198771044e-02,8.3636310636e-02,2.7675751387e+00
2.9650000000e+02,1.0990539468e-02,1.1970112698e-02,1.0070681230e-01,5.9980232981e-01,1.3810850081e-01,5.2952736893e-02,8.5468968013e-02,2.7895189149e+00
2.9700000000e+02,1.0760441848e-02,1.2060335828e-02,1.0247407931e-01,5.9506924847e-01,1.4147867317e-01,5.1321003307e-02,8.6836218076e-02,2.8071170608e+00
2.9750000000e+02,1.0543133921e-02,1.2153191477e-02,1.0412139079e-01,5.9004629467e-01,1.4442127495e-01,5.0130829599e-02,8.8583884587e-02,2.8250271745e+00
2.9800000000e+02,1.0283352847e-02,1.2219091700e-02,1.0525443603e-01,5.8562429205e-01,1.4736310583e-01,4.8495800512e-02,9.0759921040e-02,2.8426037529e+00
2.9850000000e+02,9.9490103746e-03,1.2197895147e-02,1.0675793835e-01,5.8214088249e-01,1.5058172624e-01,4.6570428647e-02,9.1802118748e-02,2.8520511676e+00
2.9900000000e+02,9.7224777036e-03,1.2256206087e-02,1.0810074501e-01,5.7693456721e-01,1.5408502008e-01,4.4779926614e-02,9.4121057296e-02,2.8704463529e+00
2.9950000000e+02,9.4723818012e-03,1.2245523365e-02,1.0957616535e-01,5.7314062989e-01,1.5628115047e-01,4.3423130290e-02,9.5861018835e-02,2.8804336247e+00
3.0000000000e+02,9.1898475000e-03,1.2283939316e-02,1.1060473959e-01,5.6827932194e-01,1.6016204008e-01,4.2097063723e-02,9.7383047851e-02,2.8920244346e+00
3.0050000000e+02,9.0089387484e-03,1.2400123595e-02,1.1200872494e-01,5.6409682707e-01,1.6311241643e-01,4.0168479449e-02,9.9204489768e-02,2.9080558984e+00
3.0100000000e+02,8.7934907313e-03,1.2572295371e-02,1.1423691536e-01,5.5827085258e-01,1.6563714443e-01,3.9274783003e-02,1.0121451852e-01,2.9274899961e+00
3.0150000000e+02,8.5811272924e-03,1.2540397139e-02,1.1517942732e-01,5.5387585675e-01,1.6830360074e-01,3.8177807239e-02,1.0334178352e-01,2.9353661449e+00
3.0200000000e+02,8.3777205074e-03,1.2515652987e-02,1.1664599455e-01,5.4981054100e-01,1.7049320448e-01,3.6898704857e-02,1.0525818161e-01,2.9497628073e+00
3.0250000000e+02,8.1258074143e-03,1.2493281747e-02,1.1787862126e-01,5.4575837490e-01,1.7342220192e-01,3.5469247255e-02,1.0685246550e-01,2.9556620485e+00
3.0300000000e+02,7.9657916119e-03,1.2527073604e-02,1.1881657923e-01,5.4131982550e-01,1.7618596922e-01,3.4379873226e-02,1.0880488761e-01,2.9638443122e+00
3.0350000000e+02,7.8096682045e-03,1.2483369718e-02,1.2119017736e-01,5.3455142999e-01,1.7926633568e-01,3.3676596598e-02,1.1102242244e-01,2.9835132808e+00
3.0400000000e+02,7.6474819026e-03,1.2438124449e-02,1.2316725601e-01,5.2983991005e-01,1.8201855519e-01,3.2520614966e-02,1.1236805744e-01,2.9944527919e+00
3.0450000000e+02,7.4607474389e-03,1.2360938747e-02,1.2306047195e-01,5.2690429626e-01,1.8497268147e-01,3.1148162930e-02,1.1409270120e-01,2.9891452932e+00
3.0500000000e+02,7.2070406161e-03,1.2428754413e-02,1.2353707604e-01,5.2380530799e-01,1.8710370298e-01,2.9983766990e-02,1.1593435098e-01,2.9866707913e+00
3.0550000000e+02,6.9833934755e-03,1.2440820728e-02,1.2467118082e-01,5.1962359397e-01,1.8967010620e-01,2.8922909355e-02,1.1768799545e-01,2.9874802858e+00
3.0600000000e+02,6.8145287282e-03,1.2465929141e-02,1.2638562468e-01,5.1324231861e-01,1.9263530128e-01,2.8079843071e-02,1.2037645448e-01,3.0008041192e+00
3.0650000000e+02,6.6207960520e-03,1.2467424269e-02,1.2823550846e-01,5.0790162229e-01,1.9502976797e-01,2.7312140639e-02,1.2243274032e-01,3.0130163054e+00
3.0700000000e+02,6.5001490872e-03,1.2422237693e-02,1.3009864641e-01,5.0163032765e-01,1.9876732540e-01,2.6377099222e-02,1.2420421454e-01,3.0207332538e+00
3.0750000000e+02,6.3651509491e-03,1.2413446334e-02,1.3215943241e-01,4.9394406531e-01,2.0336219091e-01,2.5433115720e-02,1.2632259837e-01,3.0270289063e+00
3.0800000000e+02,6.2482707499e-03,1.2336174921e-02,1.3347647389e-01,4.8786323773e-01,2.0755492488e-01,2.4671413947e-02,1.2784950389e-01,3.0299282901e+00
3.0850000000e+02,6.0904512380e-03,1.2470081730e-02,1.3445345315e-01,4.8260205824e-01,2.1032871484e-01,2.3929389107e-02,1.3012585168e-01,3.0345537611e+00
3.0900000000e+02,5.9837709477e-03,1.2380576307e-02,1.3508747199e-01,4.7620428612e-01,2.1412729639e-01,2.3412463599e-02,1.3280413465e-01,3.0375045525e+00
3.0950000000e+02,5.7929573311e-03,1.2464806883e-02,1.3609254134e-01,4.7247216464e-01,2.1626040964e-01,2.2642699146e-02,1.3427442102e-01,3.0355002173e+00
3.1000000000e+02,5.6849560009e-03,1.2431913571e-02,1.3746977530e-01,4.6869839191e-01,2.1759940744e-01,2.2180184715e-02,1.3593537107e-01,3.0343103935e+00
3.1050000000e+02,5.5800106196e-03,1.2378344599e-02,1.3826497761e-01,4.6225546144e-01,2.2097848956e-01,2.1709380082e-02,1.3883333609e-01,3.0388548151e+00
3.1100000000e+02,5.4652463179e-03,1.2403133651e-02,1.3903049460e-01,4.5695392948e-01,2.2407484291e-01,2.1323548176e-02,1.4074880486e-01,3.0442206918e+00
3.1150000000e+02,5.3681843567e-03,1.2409549586e-02,1.4077956830e-01,4.5046901882e-01,2.2737540800e-01,2.1084639974e-02,1.4251363096e-01,3.0567985009e+00
3.1200000000e+02,5.2406942324e-03,1.2298398436e-02,1.4204759070e-01,4.4432115256e-01,2.3150583993e-01,2.0634813346e-02,1.4395151080e-01,3.0635636151e+00
3.1250000000e+02,5.1339466729e-03,1.2348281670e-02,1.4284894295e-01,4.4063496786e-01,2.3318003454e-01,2.0374574413e-02,1.4547925190e-01,3.0637847357e+00
3.1300000000e+02,5.0270229714e-03,1.2354902985e-02,1.4339480768e-01,4.3590353625e-01,2.3577917163e-01,2.0102675262e-02,1.4743788323e-01,3.0682628759e+00
3.1350000000e+02,4.9711590263e-03,1.2299709603e-02,1.4461576253e-01,4.2908037442e-01,2.3896318390e-01,1.9804983318e-02,1.5026482720e-01,3.0790269696e+00
3.1400000000e+02,4.9107652254e-03,1.2240495490e-02,1.4459981749e-01,4.2279301299e-01,2.4225980802e-01,1.9617330787e-02,1.5357877001e-01,3.0868496354e+00
3.1450000000e+02,4.8351505790e-03,1.2189544996e-02,1.4591200548e-01,4.1643593790e-01,2.4565029346e-01,1.9525721532e-02,1.5545134605e-01,3.0973154122e+00
3.1500000000e+02,4.7829749272e-03,1.2200316110e-02,1.4662193384e-01,4.1058335751e-01,2.4968027798e-01,1.9201050577e-02,1.5693008906e-01,3.1066232791e+00
3.1550000000e+02,4.7360977527e-03,1.2226609160e-02,1.4702595515e-01,4.0606518575e-01,2.5230764748e-01,1.9097011610e-02,1.5854149310e-01,3.1152633542e+00
3.1600000000e+02,4.7030444274e-03,1.2143186976e-02,1.4831684416e-01,3.9873836936e-01,2.5653114472e-01,1.9258361200e-02,1.6030904916e-01,3.1278305059e+00
3.1650000000e+02,4.6463224921e-03,1.2158237318e-02,1.4879897056e-01,3.9131417576e-01,2.6019922697e-01,1.9491977344e-02,1.6339108955e-01,3.1424831640e+00
3.1700000000e+02,4.5977804772e-03,1.2128905847e-02,1.5077421538e-01,3.8343182436e-01,2.6301231281e-01,1.9656451971e-02,1.6639850915e-01,3.1586993835e+00
3.1750000000e+02,4.5549426550e-03,1.2158382977e-02,1.5287082637e-01,3.7735713652e-01,2.6451444395e-01,2.0027521665e-02,1.6851674586e-01,3.1724375015e+00
3.1800000000e+02,4.4789044895e-03,1.2091672662e-02,1.5384410681e-01,3.7119680936e-01,2.6767798323e-01,2.0094616244e-02,1.7061590721e-01,3.1817413592e+00
3.1850000000e+02,4.4684481615e-03,1.2006744926e-02,1.5441737517e-01,3.6498706555e-01,2.7013098827e-01,2.0419380029e-02,1.7356999790e-01,3.1974783915e+00
3.1900000000e+02,4.4714379215e-03,1.1936062939e-02,1.5546802831e-01,3.5932102082e-01,2.7182193016e-01,2.0763027011e-02,1.7621849283e-01,3.2082619223e+00
3.1950000000e+02,4.4526824757e-03,1.1863128737e-02,1.5600153179e-01,3.5511127504e-01,2.7376445774e-01,2.1169738797e-02,1.7763718542e-01,3.2196225159e+00
3.2000000000e+02,4.4521446697e-03,1.1899454360e-02,1.5611657123e-01,3.5072765959e-01,2.7522893669e-01,2.1774997128e-02,1.7980023633e-01,3.2321093326e+00
3.2050000000e+02,4.4770909387e-03,1.1916716631e-02,1.5645425173e-01,3.4550954956e-01,2.7792448013e-01,2.2624956260e-02,1.8109295475e-01,3.2453189356e+00
3.2100000000e+02,4.4678304407e-03,1.1834704868e-02,1.5741697367e-01,3.4060531720e-01,2.7892963016e-01,2.3070823082e-02,1.8367472058e-01,3.2543506836e+00
3.2150000000e+02,4.4722451806e-03,1.1773370805e-02,1.5831489169e-01,3.3594490493e-01,2.8049053714e-01,2.3646370275e-02,1.8535767997e-01,3.2604124117e+00
3.2200000000e+02,4.4479436475e-03,1.1817492260e-02,1.5987911766e-01,3.2846256967e-01,2.8298206198e-01,2.4285848453e-02,1.8812496632e-01,3.2715482549e+00
3.2250000000e+02,4.4373395414e-03,1.1965092427e-02,1.6151876573e-01,3.2336561804e-01,2.8345511548e-01,2.4927895207e-02,1.9033017358e-01,3.2859923076e+00
3.2300000000e+02,4.4324660480e-03,1.1954528943e-02,1.6187335191e-01,3.1971648099e-01,2.8546101756e-01,2.5943111955e-02,1.9061904260e-01,3.2925286743e+00
3.2350000000e+02,4.4463436329e-03,1.1808292430e-02,1.6290277389e-01,3.1483304503e-01,2.8649929478e-01,2.6889728893e-02,1.9262052134e-01,3.3035742093e+00
3.2400000000e+02,4.4712668504e-03,1.1754324308e-02,1.6291105545e-01,3.1054776468e-01,2.8906039703e-01,2.7823605369e-02,1.9343158632e-01,3.3120682051e+00
3.2450000000e+02,4.4838688835e-03,1.1731342897e-02,1.6393836074e-01,3.0669958417e-01,2.9104111482e-01,2.8879590124e-02,1.9322613837e-01,3.3208952870e+00
3.2500000000e+02,4.5137803145e-03,1.1562278565e-02,1.6557952997e-01,3.0156879418e-01,2.9269916037e-01,2.9962047334e-02,1.9411440927e-01,3.3295149735e+00
3.2550000000e+02,4.5604481720e-03,1.1499059728e-02,1.6754188882e-01,2.9512943118e-01,2.9556599813e-01,3.1043543544e-02,1.9465963043e-01,3.3380628117e+00
3.2600000000e+02,4.5694234315e-03,1.1427223972e-02,1.6769851763e-01,2.9024468894e-01,2.9782046755e-01,3.2544156387e-02,1.9569552209e-01,3.3466182873e+00
3.2650000000e+02,4.6004715468e-03,1.1391043313e-02,1.6835510818e-01,2.8618079458e-01,2.9884342409e-01,3.4086951908e-02,1.9654220638e-01,3.3556539615e+00
3.2700000000e+02,4.6248197368e-03,1.1364036110e-02,1.6867954235e-01,2.8253629579e-01,2.9938614323e-01,3.5335129829e-02,1.9807403295e-01,3.3629060630e+00
3.2750000000e+02,4.6377190382e-03,1.1302059796e-02,1.6934891238e-01,2.7746967202e-01,3.0185302303e-01,3.6286183340e-02,1.9910243040e-01,3.3643446789e+00
3.2800000000e+02,4.6709782272e-03,1.1357773167e-02,1.7005453662e-01,2.7321143396e-01,3.0280630061e-01,3.7776496689e-02,2.0012248073e-01,3.3724571678e+00
3.2850000000e+02,4.7622228340e-03,1.1276171547e-02,1.7109872945e-01,2.6829349112e-01,3.0526865775e-01,3.8847876300e-02,2.0045285100e-01,3.3812648590e+00
3.2900000000e+02,4.7965187122e-03,1.1325411729e-02,1.7156918939e-01,2.6452208365e-01,3.0633203362e-01,4.0086102736e-02,2.0136866016e-01,3.3884437717e+00
3.2950000000e+02,4.8722213389e-03,1.1341190069e-02,1.7139476855e-01,2.6073603895e-01,3.0790750311e-01,4.1698013676e-02,2.0205026431e-01,3.3975373871e+00
3.3000000000e+02,4.9336312293e-03,1.1282818149e-02,1.7127154634e-01,2.5657447440e-01,3.0931123393e-01,4.3364874812e-02,2.0326142114e-01,3.4055970372e+00
3.3050000000e+02,5.0286353818e-03,1.1169194461e-02,1.7164385735e-01,2.5271483428e-01,3.0925448208e-01,4.4813615673e-02,2.0537538077e-01,3.4138064153e+00
3.3100000000e+02,5.0868553258e-03,1.1152085300e-02,1.7322634505e-01,2.4710265430e-01,3.1053289573e-01,4.6553719401e-02,2.0634544489e-01,3.4251052394e+00
3.3150000000e+02,5.1334268854e-03,1.1104318231e-02,1.7422419996e-01,2.4266935700e-01,3.1139748932e-01,4.7979252888e-02,2.0749195571e-01,3.4347164365e+00
3.3200000000e+02,5.1724871044e-03,1.0974910058e-02,1.7535318632e-01,2.3663403486e-01,3.1342914939e-01,4.9675388751e-02,2.0876084352e-01,3.4425341289e+00
3.3250000000e+02,5.2202205548e-03,1.0941406684e-02,1.7654281863e-01,2.3284970740e-01,3.1424937670e-01,5.1262121015e-02,2.0893434901e-01,3.4451810451e+00
3.3300000000e+02,5.2738862753e-03,1.0856368818e-02,1.7695360168e-01,2.2736631740e-01,3.1644560792e-01,5.2395688741e-02,2.1070852916e-01,3.4514372289e+00
3.3350000000e+02,5.3496570822e-03,1.0790043318e-02,1.7688636810e-01,2.2332014768e-01,3.1920941932e-01,5.3883734705e-02,2.1056062979e-01,3.4547161054e+00
3.3400000000e+02,5.4216766852e-03,1.0592424677e-02,1.7831107873e-01,2.1937274781e-01,3.2073991046e-01,5.5415456288e-02,2.1014670535e-01,3.4581197162e+00
3.3450000000e+02,5.4728556619e-03,1.0584725776e-02,1.7846489783e-01,2.1465874684e-01,3.2249878734e-01,5.7523276173e-02,2.1079671039e-01,3.4624436465e+00
3.3500000000e+02,5.5617099820e-03,1.0595369013e-02,1.7951194702e-01,2.1122797133e-01,3.2250607848e-01,6.0318017435e-02,2.1027890674e-01,3.4644284063e+00
3.3550000000e+02,5.6401157684e-03,1.0476505211e-02,1.8110234313e-01,2.0672699499e-01,3.2263154949e-01,6.2073076224e-02,2.1134941518e-01,3.4714650277e+00
3.3600000000e+02,5.7482646603e-03,1.0423057803e-02,1.8066227748e-01,2.0298259159e-01,3.2384076596e-01,6.4141704686e-02,2.1220133783e-01,3.4732728994e+00
3.3650000000e+02,5.8130600692e-03,1.0378681067e-02,1.8186229924e-01,1.9911104814e-01,3.2379828653e-01,6.5825738786e-02,2.1321088617e-01,3.4762963067e+00
3.3700000000e+02,5.9262791572e-03,1.0361359856e-02,1.8383089074e-01,1.9523325259e-01,3.2530831209e-01,6.7296623103e-02,2.1204328246e-01,3.4787250047e+00
3.3750000000e+02,5.9812882941e-03,1.0350468897e-02,1.8295983403e-01,1.9305305847e-01,3.2735448915e-01,6.9496275545e-02,2.1080458562e-01,3.4815758824e+00
3.3800000000e+02,6.0710042885e-03,1.0275836467e-02,1.8343122054e-01,1.9059972463e-01,3.2694424903e-01,7.2053921716e-02,2.1062404332e-01,3.4833484895e+00
3.3850000000e+02,6.1478876491e-03,1.0218616758e-02,1.8398841223e-01,1.8679302815e-01,3.2753646890e-01,7.4851674819e-02,2.1046391149e-01,3.4858931892e+00
3.3900000000e+02,6.2313143381e-03,1.0105667135e-02,1.8585391321e-01,1.8233868818e-01,3.2831701952e-01,7.6751940789e-02,2.1040145683e-01,3.4867623642e+00
3.3950000000e+02,6.3447666776e-03,1.0064496343e-02,1.8656192722e-01,1.7835744721e-01,3.2820561038e-01,7.9001356107e-02,2.1146439607e-01,3.4907883740e+00
3.4000000000e+02,6.4750721255e-03,9.9851286234e-03,1.8718057810e-01,1.7419719008e-01,3.2830152690e-01,8.1196799270e-02,2.1266370491e-01,3.4986647422e+00
3.4050000000e+02,6.5751771733e-03,9.9724142365e-03,1.8821180766e-01,1.7146036339e-01,3.2725183935e-01,8.3934205363e-02,2.1259419284e-01,3.4991944498e+00
3.4100000000e+02,6.6967781726e-03,9.9384649637e-03,1.8903896599e-01,1.6914670040e-01,3.2659771201e-01,8.6322759592e-02,2.1225861887e-01,3.5041684544e+00
3.4150000000e+02,6.8079266915e-03,9.8868321108e-03,1.9057994378e-01,1.6457051026e-01,3.2607262682e-01,8.8968096115e-02,2.1311406422e-01,3.5085344220e+00
3.4200000000e+02,6.9451272782e-03,9.8513730379e-03,1.9035718697e-01,1.6157273524e-01,3.2586772008e-01,9.1286540303e-02,2.1411931709e-01,3.5106635992e+00
3.4250000000e+02,7.0486260576e-03,9.7648860345e-03,1.9156909091e-01,1.5871305979e-01,3.2486551265e-01,9.4797236584e-02,2.1324158798e-01,3.5168585923e+00
3.4300000000e+02,7.1850168900e-03,9.7401235459e-03,1.9252052605e-01,1.5655024228e-01,3.2437996675e-01,9.7248847235e-02,2.1237527724e-01,3.5197899800e+00
3.4350000000e+02,7.2822464344e-03,9.6639273479e-03,1.9337601508e-01,1.5332823746e-01,3.2351389153e-01,9.9582314988e-02,2.1325336716e-01,3.5221276568e+00
3.4400000000e+02,7.3867680478e-03,9.5996811596e-03,1.9288897485e-01,1.5183978952e-01,3.2219133628e-01,1.0135572622e-01,2.1473772393e-01,3.5237399540e+00
3.4450000000e+02,7.5191130649e-03,9.5183956477e-03,1.9323706759e-01,1.4888332997e-01,3.2176634168e-01,1.0381602180e-01,2.1525973025e-01,3.5247381091e+00
3.4500000000e+02,7.6706358269e-03,9.5144128637e-03,1.9299815278e-01,1.4609514653e-01,3.2090434055e-01,1.0562599421e-01,2.1719131724e-01,3.5309409020e+00
3.4550000000e+02,7.8099927595e-03,9.4176295812e-03,1.9415848169e-01,1.4419025561e-01,3.1997237029e-01,1.0838207390e-01,2.1606919617e-01,3.5318908838e+00
3.4600000000e+02,7.9366240885e-03,9.3375037358e-03,1.9504062053e-01,1.4081160638e-01,3.1933199448e-01,1.1181572390e-01,2.1572592689e-01,3.5328392572e+00
3.4650000000e+02,8.0437588972e-03,9.3407893902e-03,1.9511023222e-01,1.3883743444e-01,3.1845232721e-01,1.1442955457e-01,2.1578590326e-01,3.5346941347e+00
3.4700000000e+02,8.1619071602e-03,9.2904488647e-03,1.9572925265e-01,1.3751355347e-01,3.1762395863e-01,1.1635987822e-01,2.1532100100e-01,3.5341122352e+00
3.4750000000e+02,8.2155938270e-03,9.2265851276e-03,1.9611095486e-01,1.3487793795e-01,3.1778838174e-01,1.1789194345e-01,2.1588860305e-01,3.5347865610e+00
3.4800000000e+02,8.2624061020e-03,9.1532786374e-03,1.9738339299e-01,1.3285438110e-01,3.1716361779e-01,1.2050576405e-01,2.1467715932e-01,3.5350337818e+00
3.4850000000e+02,8.3898001165e-03,9.1511592541e-03,1.9729011090e-01,1.3074315172e-01,3.1601911860e-01,1.2403762389e-01,2.1436903552e-01,3.5389524594e+00
3.4900000000e+02,8.4815224851e-03,9.1543040616e-03,1.9778879989e-01,1.2887215148e-01,3.1636110109e-01,1.2721044191e-01,2.1213167909e-01,3.5428460875e+00
3.4950000000e+02,8.5222446865e-03,9.1380720154e-03,1.9821275713e-01,1.2647619473e-01,3.1649004719e-01,1.2961648163e-01,2.1154420262e-01,3.5439640726e+00
3.5000000000e+02,8.6396934987e-03,9.1511791606e-03,1.9769414964e-01,1.2582322601e-01,3.1638654407e-01,1.3218355255e-01,2.1012165507e-01,3.5460282905e+00
3.5050000000e+02,8.7279449100e-03,9.1304124697e-03,1.9762538404e-01,1.2597191694e-01,3.1489503585e-01,1.3533821687e-01,2.0831108892e-01,3.5480537372e+00
3.5100000000e+02,8.8342981817e-03,9.0812084681e-03,1.9861713603e-01,1.2456538231e-01,3.1517723016e-01,1.3741475367e-01,2.0630999119e-01,3.5482548028e+00
3.5150000000e+02,8.9977680941e-03,9.0519140551e-03,1.9863552770e-01,1.2451589918e-01,3.1245043389e-01,1.4164244203e-01,2.0470601505e-01,3.5552118537e+00
3.5200000000e+02,9.0656340195e-03,9.0245977715e-03,1.9846113724e-01,1.2441952068e-01,3.1122199982e-01,1.4426693308e-01,2.0354017738e-01,3.5595638504e+00
3.5250000000e+02,9.1548023008e-03,8.9447107295e-03,1.9810174986e-01,1.2364592267e-01,3.1082225545e-01,1.4717108624e-01,2.0215947275e-01,3.5605067394e+00
3.5300000000e+02,9.1694797132e-03,8.8813289232e-03,1.9944675069e-01,1.2200524845e-01,3.0855852321e-01,1.4965867256e-01,2.0227999645e-01,3.5595913757e+00
3.5350000000e+02,9.3075602916e-03,8.9556524288e-03,2.0108627303e-01,1.2178874007e-01,3.0859336326e-01,1.5110512073e-01,1.9916329019e-01,3.5645940220e+00
3.5400000000e+02,9.3376163583e-03,8.9039016570e-03,2.0164651892e-01,1.2161563477e-01,3.0650411990e-01,1.5375575160e-01,1.9823645679e-01,3.5645153404e+00
3.5450000000e+02,9.4594325977e-03,8.8838909421e-03,2.0270012247e-01,1.2093578425e-01,3.0689732706e-01,1.5518580669e-01,1.9593763600e-01,3.5635473397e+00
3.5500000000e+02,9.6505492052e-03,8.9100895119e-03,2.0375499195e-01,1.2019839366e-01,3.0385161845e-01,1.5803789396e-01,1.9559646327e-01,3.5704450835e+00
3.5550000000e+02,9.7148462289e-03,8.8816330134e-03,2.0336466301e-01,1.2033886635e-01,3.0240855432e-01,1.6148181451e-01,1.9380962257e-01,3.5738244032e+00
3.5600000000e+02,9.7611663819e-03,8.8449669324e-03,2.0514128900e-01,1.1983313689e-01,3.0054190987e-01,1.6405398616e-01,1.9182354478e-01,3.5734884763e+00
3.5650000000e+02,9.8763140307e-03,8.8616387794e-03,2.0585670676e-01,1.1948820046e-01,2.9834011470e-01,1.6673702675e-01,1.9083999852e-01,3.5757451973e+00
3.5700000000e+02,9.9012698761e-03,8.9395714332e-03,2.0610785402e-01,1.1937180106e-01,2.9716904540e-01,1.6884017835e-01,1.8967027987e-01,3.5805371764e+00
3.5750000000e+02,9.9705953286e-03,8.9625641194e-03,2.0579328075e-01,1.1987654153e-01,2.9584677461e-01,1.7114635099e-01,1.8840389267e-01,3.5814126238e+00
3.5800000000e+02,1.0005935314e-02,8.9090259907e-03,2.0698239004e-01,1.2010478960e-01,2.9262318897e-01,1.7365115044e-01,1.8772351965e-01,3.5812169520e+00
3.5850000000e+02,1.0124972494e-02,8.9212990024e-03,2.0755429616e-01,1.2041167799e-01,2.8903704141e-01,1.7672046908e-01,1.8723024387e-01,3.5861704123e+00
3.5900000000e+02,1.0190654799e-02,8.9195232843e-03,2.0791487550e-01,1.2113769656e-01,2.8834354611e-01,1.7848090590e-01,1.8501279785e-01,3.5892438792e+00
3.5950000000e+02,1.0273483456e-02,8.9378908391e-03,2.0885099716e-01,1.2015152854e-01,2.8721623712e-01,1.8117257193e-01,1.8339729095e-01,3.5938030861e+00
3.6000000000e+02,1.0348028636e-02,8.9592295892e-03,2.0916989380e-01,1.1979327642e-01,2.8583975300e-01,1.8336294285e-01,1.8252687571e-01,3.5980956105e+00
3.6050000000e+02,1.0475312223e-02,9.0392193809e-03,2.0897384002e-01,1.2024362399e-01,2.8359812466e-01,1.8621257550e-01,1.8145730422e-01,3.5995458760e+00
3.6100000000e+02,1.0547392231e-02,8.9992061280e-03,2.1050044985e-01,1.1957796742e-01,2.8116262512e-01,1.8937817978e-01,1.7983417948e-01,3.5968418520e+00
3.6150000000e+02,1.0647450556e-02,9.0340468354e-03,2.1101938797e-01,1.1926257115e-01,2.7973698282e-01,1.9100530780e-01,1.7929425287e-01,3.5959047895e+00
3.6200000000e+02,1.0674253429e-02,9.0192766741e-03,2.1268919656e-01,1.1873252773e-01,2.7588403233e-01,1.9422054658e-01,1.7878016670e-01,3.5930718008e+00
3.6250000000e+02,1.0745172194e-02,9.0736690992e-03,2.1384711418e-01,1.1840790903e-01,2.7450014620e-01,1.9553835055e-01,1.7788763875e-01,3.5955960521e+00
3.6300000000e+02,1.0810827749e-02,9.1533721936e-03,2.1455641071e-01,1.1859071299e-01,2.7233461225e-01,1.9830596993e-01,1.7624809417e-01,3.6015263250e+00
3.6350000000e+02,1.0898119392e-02,9.2517066085e-03,2.1516807851e-01,1.1955337018e-01,2.7035514260e-01,2.0165283805e-01,1.7312074464e-01,3.6064914342e+00
3.6400000000e+02,1.0981208822e-02,9.3133245806e-03,2.1582709010e-01,1.1936099328e-01,2.6763872174e-01,2.0494766694e-01,1.7193099454e-01,3.6072447479e+00
3.6450000000e+02,1.1010935246e-02,9.3755386198e-03,2.1631552222e-01,1.1946446844e-01,2.6478750208e-01,2.0841920737e-01,1.7062682602e-01,3.6070554312e+00
3.6500000000e+02,1.1044615306e-02,9.4056431264e-03,2.1791188903e-01,1.1871780667e-01,2.6305875040e-01,2.1069823802e-01,1.6916305745e-01,3.6055503173e+00
3.6550000000e+02,1.1041327456e-02,9.4960687823e-03,2.1921181889e-01,1.1834320362e-01,2.5941488581e-01,2.1462424558e-01,1.6786844987e-01,3.6072795778e+00
3.6600000000e+02,1.1083760086e-02,9.5441493140e-03,2.2040417763e-01,1.1905587344e-01,2.5623894720e-01,2.1688283289e-01,1.6679025943e-01,3.6060613519e+00
3.6650000000e+02,1.1135192014e-02,9.5722607792e-03,2.2204122370e-01,1.1936369486e-01,2.5299709971e-01,2.2014152292e-01,1.6474900602e-01,3.6050140503e+00
3.6700000000e+02,1.1127406260e-02,9.7021977067e-03,2.2445198842e-01,1.1974686051e-01,2.4804436242e-01,2.2301429464e-01,1.6391289004e-01,3.6033274359e+00
3.6750000000e+02,1.1107771887e-02,9.8302167240e-03,2.2739534309e-01,1.1915923591e-01,2.4393322551e-01,2.2616344067e-01,1.6241076622e-01,3.5993967111e+00
3.6800000000e+02,1.1113812331e-02,9.9549444992e-03,2.2945704246e-01,1.1853394398e-01,2.4163127369e-01,2.2892458578e-01,1.6038439726e-01,3.5981337491e+00
3.6850000000e+02,1.1101792692e-02,1.0014092713e-02,2.3189680479e-01,1.1834528053e-01,2.3890009573e-01,2.3247343180e-01,1.5726850174e-01,3.5895337982e+00
3.6900000000e+02,1.1092293575e-02,1.0090904637e-02,2.3420844803e-01,1.1840488753e-01,2.3599548213e-01,2.3459260295e-01,1.5561538115e-01,3.5802657089e+00
3.6950000000e+02,1.1146763169e-02,1.0180984808e-02,2.3646078960e-01,1.1906549371e-01,2.3360545538e-01,2.3614789036e-01,1.5339262297e-01,3.5755851389e+00
3.7000000000e+02,1.1167524250e-02,1.0253214182e-02,2.3708551459e-01,1.1960980143e-01,2.3089909130e-01,2.3896026991e-01,1.5202458434e-01,3.5701989529e+00
3.7050000000e+02,1.1204937681e-02,1.0353483420e-02,2.3750694439e-01,1.2033698384e-01,2.2919453652e-01,2.4032069824e-01,1.5108241591e-01,3.5707494409e+00
3.7100000000e+02,1.1195790552e-02,1.0343578761e-02,2.3867894098e-01,1.2084439374e-01,2.2736362333e-01,2.4195525734e-01,1.4961841529e-01,3.5663170971e+00
3.7150000000e+02,1.1180511342e-02,1.0363539951e-02,2.4084456695e-01,1.2126365559e-01,2.2306066481e-01,2.4519071221e-01,1.4809634914e-01,3.5571146646e+00
3.7200000000e+02,1.1155315700e-02,1.0402468799e-02,2.4204038049e-01,1.2047752319e-01,2.2131274475e-01,2.4773448195e-01,1.4687708512e-01,3.5508079476e+00
3.7250000000e+02,1.1179047861e-02,1.0509191265e-02,2.4432735987e-01,1.2006824137e-01,2.1782220195e-01,2.4989942446e-01,1.4619453323e-01,3.5506467385e+00
3.7300000000e+02,1.1199142961e-02,1.0633923282e-02,2.4684859265e-01,1.1998472728e-01,2.1452185889e-01,2.5239744783e-01,1.4441430711e-01,3.5422005591e+00
3.7350000000e+02,1.1205597593e-02,1.0771096686e-02,2.4922423330e-01,1.2006100689e-01,2.1272491000e-01,2.5474565381e-01,1.4126750172e-01,3.5387537053e+00
3.7400000000e+02,1.1260558291e-02,1.0935327652e-02,2.4950723268e-01,1.2050697647e-01,2.0994835296e-01,2.5758416667e-01,1.4025738527e-01,3.5337516303e+00
3.7450000000e+02,1.1290953983e-02,1.1086603593e-02,2.5103190820e-01,1.2070265972e-01,2.0628173923e-01,2.6001656420e-01,1.3958957108e-01,3.5285391326e+00
3.7500000000e+02,1.1286145326e-02,1.1260576638e-02,2.5197658004e-01,1.2044543795e-01,2.0351226176e-01,2.6221237635e-01,1.3930662194e-01,3.5233976769e+00
3.7550000000e+02,1.1407457288e-02,1.1436489930e-02,2.5416704348e-01,1.1983696079e-01,2.0134449972e-01,2.6398346366e-01,1.3782408513e-01,3.5154494679e+00
3.7600000000e+02,1.1310655531e-02,1.1506192416e-02,2.5621853790e-01,1.2017525843e-01,1.9939406774e-01,2.6546015443e-01,1.3593513354e-01,3.5022387118e+00
3.7650000000e+02,1.1352407204e-02,1.1629011835e-02,2.5887263602e-01,1.2047646213e-01,1.9771070847e-01,2.6605403805e-01,1.3390473628e-01,3.4929580544e+00
3.7700000000e+02,1.1357186771e-02,1.1768410096e-02,2.6140318981e-01,1.2029905210e-01,1.9462051547e-01,2.6772472443e-01,1.3282692133e-01,3.4869143725e+00
3.7750000000e+02,1.1323116015e-02,1.2012842739e-02,2.6196811387e-01,1.2139610628e-01,1.9162363413e-01,2.7042118884e-01,1.3125499813e-01,3.4826537840e+00
3.7800000000e+02,1.1274670379e-02,1.2198733953e-02,2.6254324019e-01,1.2152822166e-01,1.8970443152e-01,2.7300396184e-01,1.2974674045e-01,3.4733634134e+00
3.7850000000e+02,1.1353583262e-02,1.2333858858e-02,2.6468323490e-01,1.2154178897e-01,1.8652786764e-01,2.7572821327e-01,1.2783145311e-01,3.4639268652e+00
3.7900000000e+02,1.1293067589e-02,1.2570521128e-02,2.6626312930e-01,1.2185099348e-01,1.8486966735e-01,2.7676044050e-01,1.2639218066e-01,3.4593707168e+00
3.7950000000e+02,1.1288915914e-02,1.2794024235e-02,2.6879798833e-01,1.2252779796e-01,1.8221515716e-01,2.7821795290e-01,1.2415816350e-01,3.4500967664e+00
3.8000000000e+02,1.1267513710e-02,1.2844452639e-02,2.7097909615e-01,1.2259710681e-01,1.8081356290e-01,2.7976162290e-01,1.2173664488e-01,3.4346662541e+00
3.8050000000e+02,1.1281996504e-02,1.2994678578e-02,2.7230000104e-01,1.2307117920e-01,1.8013559948e-01,2.8031251203e-01,1.1990403317e-01,3.4257642739e+00
3.8100000000e+02,1.1286633061e-02,1.3213678604e-02,2.7311249090e-01,1.2432057388e-01,1.7779835515e-01,2.8206016689e-01,1.1820810152e-01,3.4157688980e+00
3.8150000000e+02,1.1271187678e-02,1.3366656314e-02,2.7513014707e-01,1.2466905659e-01,1.7476639179e-01,2.8391502470e-01,1.1688153585e-01,3.4053554791e+00
3.8200000000e+02,1.1277357837e-02,1.3471531864e-02,2.7708265806e-01,1.2542681662e-01,1.7216442465e-01,2.8473072958e-01,1.1584648138e-01,3.3973648354e+00
3.8250000000e+02,1.1323085906e-02,1.3613789024e-02,2.7993690906e-01,1.2558390778e-01,1.6935078918e-01,2.8648703975e-01,1.1370447931e-01,3.3832500244e+00
3.8300000000e+02,1.1276638169e-02,1.3746151373e-02,2.8306424466e-01,1.2549102315e-01,1.6721777660e-01,2.8754420225e-01,1.1165996379e-01,3.3699658408e+00
3.8350000000e+02,1.1321144117e-02,1.4039234184e-02,2.8409978914e-01,1.2531987525e-01,1.6611105761e-01,2.8830954152e-01,1.1079935819e-01,3.3656673135e+00
3.8400000000e+02,1.1337376508e-02,1.4250924562e-02,2.8673574736e-01,1.2610812764e-01,1.6368721410e-01,2.8856528509e-01,1.0931532475e-01,3.3551176628e+00
3.8450000000e+02,1.1177302418e-02,1.4388215372e-02,2.8935654394e-01,1.2486846551e-01,1.6265363913e-01,2.8951527428e-01,1.0804055935e-01,3.3402559209e+00
3.8500000000e+02,1.1192191353e-02,1.4552745912e-02,2.9109035597e-01,1.2458136155e-01,1.6123038015e-01,2.9130678629e-01,1.0604617878e-01,3.3302551622e+00
3.8550000000e+02,1.1169682040e-02,1.4702709773e-02,2.9312708458e-01,1.2444017586e-01,1.6015824377e-01,2.9201000022e-01,1.0439210375e-01,3.3192013797e+00
3.8600000000e+02,1.1121122023e-02,1.4870227027e-02,2.9558693037e-01,1.2398441561e-01,1.5793588280e-01,2.9379080949e-01,1.0271061269e-01,3.3072702546e+00
3.8650000000e+02,1.1128551865e-02,1.5015094841e-02,2.9933072711e-01,1.2302247512e-01,1.5570708384e-01,2.9487217611e-01,1.0092389111e-01,3.2916350073e+00
3.8700000000e+02,1.1091307260e-02,1.5203603560e-02,3.0277242682e-01,1.2240907602e-01,1.5369649723e-01,2.9559377929e-01,9.9233309821e-02,3.2749320235e+00
3.8750000000e+02,1.1032716464e-02,1.5356252316e-02,3.0551288227e-01,1.2241272986e-01,1.5170732967e-01,2.9592330081e-01,9.8054788620e-02,3.2617331241e+00
3.8800000000e+02,1.1084702936e-02,1.5488928781e-02,3.0791129337e-01,1.2203927017e-01,1.4951721274e-01,2.9715211618e-01,9.6806475822e-02,3.2510187272e+00
3.8850000000e+02,1.1075962317e-02,1.5741786096e-02,3.1019896212e-01,1.2281335895e-01,1.4791731670e-01,2.9755300415e-01,9.4699609669e-02,3.2393412766e+00
3.8900000000e+02,1.1050070306e-02,1.5877524569e-02,3.1304237939e-01,1.2238426359e-01,1.4680769178e-01,2.9765660153e-01,9.3181468819e-02,3.2296653790e+00
3.8950000000e+02,1.0972856242e-02,1.6024165661e-02,3.1596273247e-01,1.2263488660e-01,1.4557567186e-01,2.9751011869e-01,9.1319568475e-02,3.2108026405e+00
3.9000000000e+02,1.0957538978e-02,1.6257933785e-02,3.1942170034e-01,1.2223118041e-01,1.4390978552e-01,2.9773481477e-01,8.9487046194e-02,3.1970669382e+00
3.9050000000e+02,1.0892430511e-02,1.6502368040e-02,3.2141705311e-01,1.2247430492e-01,1.4262705548e-01,2.9783373154e-01,8.8253056397e-02,3.1853044146e+00
3.9100000000e+02,1.0861782969e-02,1.6792069162e-02,3.2358444047e-01,1.2310345101e-01,1.4182818677e-01,2.9734075292e-01,8.6489316706e-02,3.1739992519e+00
3.9150000000e+02,1.0818939521e-02,1.7179017778e-02,3.2509553872e-01,1.2404033306e-01,1.4113643992e-01,2.9698100121e-01,8.4748729786e-02,3.1653058434e+00
3.9200000000e+02,1.0780230074e-02,1.7248674952e-02,3.2696860500e-01,1.2471107465e-01,1.4011733329e-01,2.9689579469e-01,8.3278287350e-02,3.1511393200e+00
3.9250000000e+02,1.0729862889e-02,1.7487718766e-02,3.2899143497e-01,1.2501849464e-01,1.3940237316e-01,2.9656276732e-01,8.1807348256e-02,3.1419133629e+00
3.9300000000e+02,1.0721824979e-02,1.7578339705e-02,3.3132619290e-01,1.2499691083e-01,1.3856538533e-01,2.9637940265e-01,8.0431943602e-02,3.1283248062e+00
3.9350000000e+02,1.0637959192e-02,1.7802894666e-02,3.3362495013e-01,1.2466306488e-01,1.3858159210e-01,2.9622862397e-01,7.8460915057e-02,3.1171383907e+00
3.9400000000e+02,1.0705661718e-02,1.7928561688e-02,3.3482915304e-01,1.2461752242e-01,1.3821658057e-01,2.9578396832e-01,7.7918552245e-02,3.1107200154e+00
3.9450000000e+02,1.0694435767e-02,1.8136503364e-02,3.3659656267e-01,1.2541144579e-01,1.3769473457e-01,2.9486624817e-01,7.6600069675e-02,3.1000301374e+00
3.9500000000e+02,1.0701550621e-02,1.8363812645e-02,3.3946610942e-01,1.2481752931e-01,1.3712706878e-01,2.9400161796e-01,7.5522311261e-02,3.0885652803e+00
3.9550000000e+02,1.0662719906e-02,1.8593682249e-02,3.4128235338e-01,1.2377990019e-01,1.3729494479e-01,2.9370351295e-01,7.4682886526e-02,3.0773346968e+00
3.9600000000e+02,1.0686181366e-02,1.8692800789e-02,3.4526870086e-01,1.2251724836e-01,1.3566761685e-01,2.9345730468e-01,7.3710147099e-02,3.0599149384e+00
3.9650000000e+02,1.0633901708e-02,1.8801780367e-02,3.4883092427e-01,1.2248889362e-01,1.3470209269e-01,2.9192327657e-01,7.2619130771e-02,3.0394354889e+00
3.9700000000e+02,1.0665067867e-02,1.9081460764e-02,3.5108451625e-01,1.2268935109e-01,1.3426436299e-01,2.9049120020e-01,7.1724040839e-02,3.0269019452e+00
3.9750000000e+02,1.0676351069e-02,1.9385949009e-02,3.5406393007e-01,1.2247602149e-01,1.3395074762e-01,2.8872797429e-01,7.0719026441e-02,3.0127146451e+00
3.9800000000e+02,1.0639940660e-02,1.9527929594e-02,3.5603258358e-01,1.2249577258e-01,1.3397009846e-01,2.8735464760e-01,6.9979027534e-02,3.0007134115e+00
3.9850000000e+02,1.0654445216e-02,1.9560244670e-02,3.5905951656e-01,1.2236895604e-01,1.3373723597e-01,2.8605277717e-01,6.8566824375e-02,2.9852251173e+00
3.9900000000e+02,1.0701639524e-02,1.9770656355e-02,3.6180195409e-01,1.2242598399e-01,1.3442684248e-01,2.8322150925e-01,6.7651414312e-02,2.9713958058e+00
3.9950000000e+02,1.0719987484e-02,1.9922161868e-02,3.6278244709e-01,1.2264559116e-01,1.3478011112e-01,2.8188998774e-01,6.7259713539e-02,2.9605547366e+00
4.0000000000e+02,1.0669395213e-02,1.9930873382e-02,3.6698443251e-01,1.2142645729e-01,1.3467834714e-01,2.7992406730e-01,6.6386427166e-02,2.9413578140e+00
4.0050000000e+02,1.0581105848e-02,2.0081547133e-02,3.6934765345e-01,1.2037533206e-01,1.3539454477e-01,2.7843785820e-01,6.5781958548e-02,2.9328064993e+00
4.0100000000e+02,1.0627603701e-02,2.0179112823e-02,3.7099257072e-01,1.2050882647e-01,1.3549951787e-01,2.7716337399e-01,6.5028994437e-02,2.9226649986e+00
4.0150000000e+02,1.0656357014e-02,2.0203414081e-02,3.7278829314e-01,1.2028916009e-01,1.3540193744e-01,2.7586423451e-01,6.4796603723e-02,2.9138768023e+00
4.0200000000e+02,1.0635869755e-02,2.0369250960e-02,3.7497328006e-01,1.2020674362e-01,1.3560455264e-01,2.7413910318e-01,6.4071199770e-02,2.9024395311e+00
4.0250000000e+02,1.0615837280e-02,2.0432515886e-02,3.7766073651e-01,1.1965853720e-01,1.3524642267e-01,2.7249903627e-01,6.3886914180e-02,2.8863206062e+00
4.0300000000e+02,1.0582166152e-02,2.0581681126e-02,3.7872990285e-01,1.2077929814e-01,1.3575765715e-01,2.7014035585e-01,6.3428938735e-02,2.8753495698e+00
4.0350000000e+02,1.0582632084e-02,2.0588427211e-02,3.8178475583e-01,1.2021877898e-01,1.3585429941e-01,2.6862134642e-01,6.2349760058e-02,2.8590985016e+00
4.0400000000e+02,1.0617379350e-02,2.0762435955e-02,3.8318665588e-01,1.2127904013e-01,1.3596379084e-01,2.6674480089e-01,6.1445896964e-02,2.8463679321e+00
4.0450000000e+02,1.0550840360e-02,2.0865765763e-02,3.8560494612e-01,1.2187722618e-01,1.3607339468e-01,2.6428781087e-01,6.0740016025e-02,2.8322152827e+00
4.0500000000e+02,1.0615544169e-02,2.0924779041e-02,3.8834200417e-01,1.2266383217e-01,1.3672804548e-01,2.6114990124e-01,5.9575893740e-02,2.8214724619e+00
4.0550000000e+02,1.0724311046e-02,2.1026275649e-02,3.9095748589e-01,1.2241661321e-01,1.3658848542e-01,2.5923336186e-01,5.9053466925e-02,2.8129809304e+00
4.0600000000e+02,1.0708917508e-02,2.1066565950e-02,3.9257396720e-01,1.2334327662e-01,1.3680825067e-01,2.5722035032e-01,5.8278671737e-02,2.7985702477e+00
4.0650000000e+02,1.0740497476e-02,2.1056448188e-02,3.9420499706e-01,1.2440573355e-01,1.3648031961e-01,2.5549168969e-01,5.7620314424e-02,2.7818082983e+00
4.0700000000e+02,1.0648607580e-02,2.1033263135e-02,3.9664707000e-01,1.2456411001e-01,1.3694555577e-01,2.5296544737e-01,5.7195946124e-02,2.7674673300e+00
4.0750000000e+02,1.0675847483e-02,2.0949738166e-02,4.0001683033e-01,1.2447145193e-01,1.3605570449e-01,2.5155415752e-01,5.6276270089e-02,2.7493331534e+00
4.0800000000e+02,1.0668284326e-02,2.0920377598e-02,4.0324398434e-01,1.2355190693e-01,1.3704124288e-01,2.4896554294e-01,5.5608660979e-02,2.7338026298e+00
4.0850000000e+02,1.0694227597e-02,2.0935570965e-02,4.0591518378e-01,1.2293858257e-01,1.3869330742e-01,2.4601001110e-01,5.4813116571e-02,2.7184427627e+00
4.0900000000e+02,1.0793773773e-02,2.1040571758e-02,4.0655521218e-01,1.2303463894e-01,1.3957156174e-01,2.4414905022e-01,5.4855191394e-02,2.7131801423e+00
4.0950000000e+02,1.0864034018e-02,2.0901876606e-02,4.0873452198e-01,1.2276679045e-01,1.4094482510e-01,2.4155607214e-01,5.4231879704e-02,2.7043216343e+00
4.1000000000e+02,1.0858611694e-02,2.0826016763e-02,4.1075617599e-01,1.2337501868e-01,1.4136228652e-01,2.3878629838e-01,5.4035591973e-02,2.6993153098e+00
4.1050000000e+02,1.0868332254e-02,2.0772736970e-02,4.1261104267e-01,1.2456837407e-01,1.4167973292e-01,2.3599297967e-01,5.3506801454e-02,2.6885316737e+00
4.1100000000e+02,1.0962288159e-02,2.0936085885e-02,4.1370772169e-01,1.2554350865e-01,1.4234208322e-01,2.3345122128e-01,5.3057091111e-02,2.6810395411e+00
4.1150000000e+02,1.1092380355e-02,2.0954773577e-02,4.1523925838e-01,1.2607085479e-01,1.4219148633e-01,2.3194500864e-01,5.2506237920e-02,2.6684481185e+00
4.1200000000e+02,1.1093157876e-02,2.0955403905e-02,4.1815201505e-01,1.2662346003e-01,1.4324983881e-01,2.2824305237e-01,5.1683071951e-02,2.6551633503e+00
4.1250000000e+02,1.1186671116e-02,2.0854175068e-02,4.2036900183e-01,1.2751208462e-01,1.4368355520e-01,2.2581127422e-01,5.0583237952e-02,2.6426997384e+00
4.1300000000e+02,1.1300217677e-02,2.0786291438e-02,4.2133932451e-01,1.2813794738e-01,1.4476571556e-01,2.2297567847e-01,5.0694824976e-02,2.6347880893e+00
4.1350000000e+02,1.1434381898e-02,2.0693305893e-02,4.2412471521e-01,1.2852155924e-01,1.4443186085e-01,2.2102039165e-01,4.9773785261e-02,2.6261836740e+00
4.1400000000e+02,1.1438797993e-02,2.0580368819e-02,4.2705224632e-01,1.2891763249e-01,1.4525093195e-01,2.1777889887e-01,4.8981123551e-02,2.6100531040e+00
4.1450000000e+02,1.1470640814e-02,2.0396261701e-02,4.2844652061e-01,1.3029102800e-01,1.4575570291e-01,2.1511676565e-01,4.8523080312e-02,2.5986019144e+00
4.1500000000e+02,1.1465381500e-02,2.0486077944e-02,4.2947146071e-01,1.3104045517e-01,1.4610082461e-01,2.1283877978e-01,4.8597020297e-02,2.5922305150e+00
4.1550000000e+02,1.1571037875e-02,2.0587606934e-02,4.2910955448e-01,1.3211664484e-01,1.4742667036e-01,2.1057157579e-01,4.8616909711e-02,2.5863437010e+00
4.1600000000e+02,1.1757845841e-02,2.0708591171e-02,4.3067697943e-01,1.3274700349e-01,1.4764601817e-01,2.0815084669e-01,4.8312715193e-02,2.5819923279e+00
4.1650000000e+02,1.1787483977e-02,2.0654884488e-02,4.3178097475e-01,1.3309224032e-01,1.4820644554e-01,2.0611741999e-01,4.8360550932e-02,2.5736910322e+00
4.1700000000e+02,1.1845962658e-02,2.0578313893e-02,4.3378606335e-01,1.3260548494e-01,1.4951906765e-01,2.0351133106e-01,4.8153776456e-02,2.5677271581e+00
4.1750000000e+02,1.1998536353e-02,2.0508957143e-02,4.3636202728e-01,1.3224776061e-01,1.4992212243e-01,2.0130950294e-01,4.7651093243e-02,2.5581015196e+00
4.1800000000e+02,1.1973245565e-02,2.0337376574e-02,4.3884792457e-01,1.3306732055e-01,1.5099955817e-01,1.9781103658e-01,4.6963537999e-02,2.5475139118e+00
4.1850000000e+02,1.2031679167e-02,2.0378934546e-02,4.4084424233e-01,1.3340281274e-01,1.5115212502e-01,1.9554932275e-01,4.6640883449e-02,2.5382744058e+00
4.1900000000e+02,1.2052537263e-02,2.0228989986e-02,4.4317737221e-01,1.3407339772e-01,1.5026126522e-01,1.9385543051e-01,4.6351007090e-02,2.5220058785e+00
4.1950000000e+02,1.2105326862e-02,1.9986276203e-02,4.4558169337e-01,1.3418292069e-01,1.5040378040e-01,1.9164350707e-01,4.6096495409e-02,2.5096139843e+00
4.2000000000e+02,1.2248552308e-02,1.9925143510e-02,4.4718596937e-01,1.3505011766e-01,1.5087750234e-01,1.8901013068e-01,4.5702584130e-02,2.4959861445e+00
4.2050000000e+02,1.2497193166e-02,1.9927955126e-02,4.4751478810e-01,1.3663298215e-01,1.5192839660e-01,1.8632198160e-01,4.5176703257e-02,2.4899876313e+00
4.2100000000e+02,1.2528361571e-02,1.9754921076e-02,4.4962177164e-01,1.3662301096e-01,1.5311086541e-01,1.8349706474e-01,4.4864004605e-02,2.4806229895e+00
4.2150000000e+02,1.2741002207e-02,1.9642502028e-02,4.5125945504e-01,1.3688993571e-01,1.5429319283e-01,1.8060980222e-01,4.4564109969e-02,2.4736045490e+00
4.2200000000e+02,1.2851985654e-02,1.9315391024e-02,4.5307492325e-01,1.3725207978e-01,1.5445818849e-01,1.7843018914e-01,4.4617242669e-02,2.4630370864e+00
4.2250000000e+02,1.2970841452e-02,1.9247031432e-02,4.5418792885e-01,1.3835504977e-01,1.5560617863e-01,1.7522836350e-01,4.4404606362e-02,2.4551871715e+00
4.2300000000e+02,1.3051042998e-02,1.9261555541e-02,4.5473094900e-01,1.3848868129e-01,1.5695021164e-01,1.7336623131e-01,4.4151328225e-02,2.4478485741e+00
4.2350000000e+02,1.3161328981e-02,1.9156961555e-02,4.5597766893e-01,1.3911380760e-01,1.5705330498e-01,1.7134093080e-01,4.4195997157e-02,2.4428527078e+00
4.2400000000e+02,1.3140971866e-02,1.9035142624e-02,4.5806541182e-01,1.3952604980e-01,1.5679053808e-01,1.6945393216e-01,4.3987953648e-02,2.4336490567e+00
4.2450000000e+02,1.3185844239e-02,1.8921002287e-02,4.6002212662e-01,1.4046564621e-01,1.5691636013e-01,1.6678037143e-01,4.3708649083e-02,2.4229133803e+00
4.2500000000e+02,1.3368836306e-02,1.8690758271e-02,4.6071637796e-01,1.4175847448e-01,1.5715960361e-01,1.6497821358e-01,4.3327735802e-02,2.4157566634e+00
4.2550000000e+02,1.3442212524e-02,1.8650112740e-02,4.6218286307e-01,1.4288830694e-01,1.5665941511e-01,1.6313495468e-01,4.3042134946e-02,2.4095194453e+00
4.2600000000e+02,1.3585269970e-02,1.8666823705e-02,4.6268126098e-01,1.4439348299e-01,1.5758230082e-01,1.6003402107e-01,4.3056840471e-02,2.4048594029e+00
4.2650000000e+02,1.3631790135e-02,1.8578771147e-02,4.6541280814e-01,1.4386648216e-01,1.5867700689e-01,1.5741939960e-01,4.2413741925e-02,2.3917562792e+00
4.2700000000e+02,1.3738164248e-02,1.8449472708e-02,4.6761282038e-01,1.4345777951e-01,1.5982052131e-01,1.5469894320e-01,4.2222298645e-02,2.3818225579e+00
4.2750000000e+02,1.3920404283e-02,1.8151726113e-02,4.6878372534e-01,1.4468045210e-01,1.5961050613e-01,1.5281964451e-01,4.2033541523e-02,2.3693243781e+00
4.2800000000e+02,1.4026702797e-02,1.7980573970e-02,4.6986274841e-01,1.4599116215e-01,1.6068608819e-01,1.5001743407e-01,4.1435290406e-02,2.3561123096e+00
4.2850000000e+02,1.4033465356e-02,1.7856115765e-02,4.7170198747e-01,1.4645237623e-01,1.6221831788e-01,1.4694030664e-01,4.0797430666e-02,2.3455520085e+00
4.2900000000e+02,1.4120386544e-02,1.7802895889e-02,4.7333674620e-01,1.4695201207e-01,1.6338301288e-01,1.4420368622e-01,4.0201260202e-02,2.3329418452e+00
4.2950000000e+02,1.4278706769e-02,1.7750216336e-02,4.7363028557e-01,1.4790505237e-01,1.6452041813e-01,1.4176709776e-01,4.0148223062e-02,2.3294307028e+00
4.3000000000e+02,1.4296633205e-02,1.7593285310e-02,4.7479577535e-01,1.4904941559e-01,1.6487961763e-01,1.3923703722e-01,4.0148235689e-02,2.3244945654e+00
4.3050000000e+02,1.4422474218e-02,1.7371897945e-02,4.7537126585e-01,1.5003369632e-01,1.6557594238e-01,1.3694733913e-01,4.0277384159e-02,2.3185672028e+00
4.3100000000e+02,1.4620485502e-02,1.7426015457e-02,4.7571427148e-01,1.5152520976e-01,1.6691057061e-01,1.3360651595e-01,4.0196931242e-02,2.3167197178e+00
4.3150000000e+02,1.4611086276e-02,1.7354729874e-02,4.7748449295e-01,1.5221510685e-01,1.6831949048e-01,1.3007637144e-01,3.9938722125e-02,2.3069948153e+00
4.3200000000e+02,1.4625979778e-02,1.7302713267e-02,4.7817501666e-01,1.5314995644e-01,1.6945572729e-01,1.2741105090e-01,3.9879555670e-02,2.2991903794e+00
4.3250000000e+02,1.4715822114e-02,1.7408224114e-02,4.7709761936e-01,1.5527994070e-01,1.7013794509e-01,1.2553875377e-01,3.9821694863e-02,2.3008256945e+00
4.3300000000e+02,1.4690711197e-02,1.7188302166e-02,4.7850626789e-01,1.5615129782e-01,1.7120214184e-01,1.2286401205e-01,3.9397267046e-02,2.2893479069e+00
4.3350000000e+02,1.4690386057e-02,1.6965516073e-02,4.7941227334e-01,1.5772331249e-01,1.7086109040e-01,1.2129297470e-01,3.9054446937e-02,2.2818364658e+00
4.3400000000e+02,1.4816333871e-02,1.7009112668e-02,4.8077960578e-01,1.5804155887e-01,1.7163478597e-01,1.1872940389e-01,3.8989198945e-02,2.2756297249e+00
4.3450000000e+02,1.4747779346e-02,1.6953630321e-02,4.8339573319e-01,1.5846051610e-01,1.7210732043e-01,1.1551042386e-01,3.8824596747e-02,2.2656595443e+00
4.3500000000e+02,1.4759490854e-02,1.6843878481e-02,4.8429621647e-01,1.6039462524e-01,1.7326234203e-01,1.1217151036e-01,3.8271936573e-02,2.2543088080e+00
4.3550000000e+02,1.4707495337e-02,1.6769962651e-02,4.8498075031e-01,1.6178226401e-01,1.7427502072e-01,1.0950615012e-01,3.7978356855e-02,2.2460807178e+00
4.3600000000e+02,1.4759757415e-02,1.6678415354e-02,4.8570582703e-01,1.6202008906e-01,1.7607117776e-01,1.0672498194e-01,3.8039751440e-02,2.2379533492e+00
4.3650000000e+02,1.4844523390e-02,1.6674708334e-02,4.8599575642e-01,1.6326932441e-01,1.7767476361e-01,1.0358678103e-01,3.7954142804e-02,2.2315854720e+00
4.3700000000e+02,1.4898239709e-02,1.6648650566e-02,4.8621860745e-01,1.6515475438e-01,1.7905436966e-01,1.0049215266e-01,3.7533225573e-02,2.2223574286e+00
4.3750000000e+02,1.4926148897e-02,1.6580026144e-02,4.8588735706e-01,1.6635990215e-01,1.7964662293e-01,9.9106303850e-02,3.7493638971e-02,2.2146098282e+00
4.3800000000e+02,1.5046707450e-02,1.6505399961e-02,4.8572540286e-01,1.6784634590e-01,1.8002707000e-01,9.7456004072e-02,3.7393069756e-02,2.2103630734e+00
4.3850000000e+02,1.5018587572e-02,1.6273170704e-02,4.8609264098e-01,1.6877319134e-01,1.8162592812e-01,9.4883418103e-02,3.7333063173e-02,2.1986554106e+00
4.3900000000e+02,1.4971316540e-02,1.6163709039e-02,4.8676793555e-01,1.7005800472e-01,1.8285860287e-01,9.2095059586e-02,3.7085371686e-02,2.1854663832e+00
4.3950000000e+02,1.5004361821e-02,1.6171486362e-02,4.8655478888e-01,1.7095169335e-01,1.8467409285e-01,8.9359556029e-02,3.7284020697e-02,2.1813435180e+00
4.4000000000e+02,1.4949172393e-02,1.6026228122e-02,4.8771867203e-01,1.7147351619e-01,1.8549535909e-01,8.7220179772e-02,3.7116872393e-02,2.1681342664e+00
4.4050000000e+02,1.4980561823e-02,1.6002579778e-02,4.8730032941e-01,1.7336552833e-01,1.8728148869e-01,8.4003702724e-02,3.7065809250e-02,2.1601043178e+00
4.4100000000e+02,1.5008184598e-02,1.5979413745e-02,4.8825962922e-01,1.7338450176e-01,1.8835364979e-01,8.1864775844e-02,3.7149845045e-02,2.1531686408e+00
4.4150000000e+02,1.5042215616e-02,1.5881786487e-02,4.8709024560e-01,1.7469294057e-01,1.9098365573e-01,7.9245164885e-02,3.7063991116e-02,2.1447371219e+00
4.4200000000e+02,1.5000642970e-02,1.5819947832e-02,4.8723600787e-01,1.7628827271e-01,1.9178504396e-01,7.7333825107e-02,3.6536259551e-02,2.1311844099e+00
4.4250000000e+02,1.5011078854e-02,1.5734407168e-02,4.8750327041e-01,1.7722054117e-01,1.9286536761e-01,7.5362444875e-02,3.6302889909e-02,2.1242657218e+00
4.4300000000e+02,1.4867901260e-02,1.5662907894e-02,4.8795001623e-01,1.7789921460e-01,1.9339584524e-01,7.3586814609e-02,3.6637300171e-02,2.1171205082e+00
4.4350000000e+02,1.4750613554e-02,1.5549684851e-02,4.8830519885e-01,1.7919510477e-01,1.9449341979e-01,7.1122305428e-02,3.6583672748e-02,2.1077043313e+00
4.4400000000e+02,1.4717391123e-02,1.5565080941e-02,4.8651862758e-01,1.8144519289e-01,1.9579028323e-01,6.8922593229e-02,3.7040831009e-02,2.1038755877e+00
4.4450000000e+02,1.4599175237e-02,1.5519835441e-02,4.8699544866e-01,1.8195316065e-01,1.9790958582e-01,6.6218543631e-02,3.6804250555e-02,2.0943288767e+00
4.4500000000e+02,1.4389095484e-02,1.5512942542e-02,4.8801441888e-01,1.8250504454e-01,1.9806840071e-01,6.4705121282e-02,3.6804976558e-02,2.0849127639e+00
4.4550000000e+02,1.4402885403e-02,1.5507418412e-02,4.8792330889e-01,1.8363425579e-01,1.9828763252e-01,6.3367232125e-02,3.6877266867e-02,2.0796577933e+00
4.4600000000e+02,1.4312498924e-02,1.5554604253e-02,4.8697876993e-01,1.8529745130e-01,1.9895311705e-01,6.2018863619e-02,3.6884694927e-02,2.0751470938e+00
4.4650000000e+02,1.4301730739e-02,1.5499872331e-02,4.8770854258e-01,1.8590817138e-01,1.9979417449e-01,6.0261820871e-02,3.6525687608e-02,2.0689048678e+00
4.4700000000e+02,1.4265269071e-02,1.5550145208e-02,4.8701300356e-01,1.8747555208e-01,1.9982342214e-01,5.9286806599e-02,3.6585801338e-02,2.0636204522e+00
4.4750000000e+02,1.4240747538e-02,1.5510316309e-02,4.8673262283e-01,1.8894986524e-01,2.0182574542e-01,5.6403718439e-02,3.6336984227e-02,2.0547086700e+00
4.4800000000e+02,1.4191261334e-02,1.5495866502e-02,4.8535314044e-01,1.9081072885e-01,2.0328758667e-01,5.4214332594e-02,3.6647083608e-02,2.0483366892e+00
4.4850000000e+02,1.4217977794e-02,1.5579779239e-02,4.8291184906e-01,1.9366894459e-01,2.0406690381e-01,5.2765061279e-02,3.6789484225e-02,2.0461743604e+00
4.4900000000e+02,1.4219066416e-02,1.5574036123e-02,4.8096035191e-01,1.9672932439e-01,2.0460787321e-01,5.1255600111e-02,3.6653747837e-02,2.0407423374e+00
4.4950000000e+02,1.4066449046e-02,1.5488629146e-02,4.8090087686e-01,1.9829706711e-01,2.0466690391e-01,4.9752672210e-02,3.6827401723e-02,2.0334823421e+00
4.5000000000e+02,1.3881896293e-02,1.5415243479e-02,4.7926871196e-01,2.0088911802e-01,2.0608809684e-01,4.7785459036e-02,3.6671474370e-02,2.0267309745e+00
4.5050000000e+02,1.3961882311e-02,1.5266166654e-02,4.7799643181e-01,2.0276831494e-01,2.0751128732e-01,4.5955388347e-02,3.6540528613e-02,2.0205838159e+00
4.5100000000e+02,1.3938981174e-02,1.5244807702e-02,4.7871485787e-01,2.0246986658e-01,2.0874833710e-01,4.4361232554e-02,3.6521917028e-02,2.0166072821e+00
4.5150000000e+02,1.3940136005e-02,1.5204285055e-02,4.7735378071e-01,2.0436369004e-01,2.0904142035e-01,4.3367898383e-02,3.6728789456e-02,2.0150552989e+00
4.5200000000e+02,1.3914890072e-02,1.5366296655e-02,4.7556277384e-01,2.0729583896e-01,2.0858456553e-01,4.2548017190e-02,3.6727617747e-02,2.0113082947e+00
4.5250000000e+02,1.3920252016e-02,1.5245313255e-02,4.7512968910e-01,2.0788378270e-01,2.1026443240e-01,4.0935855338e-02,3.6620675190e-02,2.0058031803e+00
4.5300000000e+02,1.3913100586e-02,1.5207020694e-02,4.7337145682e-01,2.1038119304e-01,2.1107819495e-01,3.9687598792e-02,3.6361435116e-02,2.0014714983e+00
4.5350000000e+02,1.3847853954e-02,1.5320590715e-02,4.7166893977e-01,2.1317320990e-01,2.1132614660e-01,3.8426369511e-02,3.6236889547e-02,1.9998339604e+00
4.5400000000e+02,1.3836227746e-02,1.5459671688e-02,4.7090051524e-01,2.1541812788e-01,2.1060070594e-01,3.7412909976e-02,3.6371841528e-02,1.9978054719e+00
4.5450000000e+02,1.3749540031e-02,1.5491317430e-02,4.6858695034e-01,2.1923302434e-01,2.1082454596e-01,3.5681811165e-02,3.6432810731e-02,1.9937148521e+00
4.5500000000e+02,1.3761814239e-02,1.5443691408e-02,4.6805218191e-01,2.2038996373e-01,2.1120868872e-01,3.4173517517e-02,3.6970142476e-02,1.9929279650e+00
4.5550000000e+02,1.3732770796e-02,1.5395407131e-02,4.6627846990e-01,2.2240545372e-01,2.1128845270e-01,3.3631305092e-02,3.7268140651e-02,1.9935336338e+00
4.5600000000e+02,1.3597040337e-02,1.5391345304e-02,4.6428553827e-01,2.2457033894e-01,2.1176467279e-01,3.3007956948e-02,3.7383107415e-02,1.9897846139e+00
4.5650000000e+02,1.3592936142e-02,1.5368218772e-02,4.6252552373e-01,2.2602439641e-01,2.1308188790e-01,3.1601416594e-02,3.7805620451e-02,1.9885591209e+00
4.5700000000e+02,1.3508332113e-02,1.5325767918e-02,4.6110252336e-01,2.2855555164e-01,2.1314718078e-01,3.0684310699e-02,3.7676333486e-02,1.9773369210e+00
4.5750000000e+02,1.3391563120e-02,1.5281752294e-02,4.6002718948e-01,2.3005207198e-01,2.1341937995e-01,2.9630575009e-02,3.8197468177e-02,1.9725043158e+00
4.5800000000e+02,1.3407593807e-02,1.5254474508e-02,4.5940499676e-01,2.3158803598e-01,2.1329051254e-01,2.8560661525e-02,3.8493724877e-02,1.9714733061e+00
4.5850000000e+02,1.3422848896e-02,1.5441366059e-02,4.5699318887e-01,2.3405823968e-01,2.1323745931e-01,2.7870134786e-02,3.8976762407e-02,1.9749739199e+00
4.5900000000e+02,1.3321047608e-02,1.5538125408e-02,4.5512190399e-01,2.3694434389e-01,2.1311154438e-01,2.6978543537e-02,3.8984491186e-02,1.9735921822e+00
4.5950000000e+02,1.3256631979e-02,1.5526784197e-02,4.5299357659e-01,2.3879718841e-01,2.1381590891e-01,2.6330141722e-02,3.9279768190e-02,1.9733646847e+00
4.6000000000e+02,1.3259228820e-02,1.5579621250e-02,4.5118620119e-01,2.4030211065e-01,2.1442154265e-01,2.5673767091e-02,3.9577528348e-02,1.9722523990e+00
4.6050000000e+02,1.3010616839e-02,1.5576679030e-02,4.4933210564e-01,2.4257269559e-01,2.1520895635e-01,2.4799278017e-02,3.9499668534e-02,1.9655483627e+00
4.6100000000e+02,1.2786655299e-02,1.5609145748e-02,4.4869188503e-01,2.4328332799e-01,2.1570908860e-01,2.4257231782e-02,3.9662665553e-02,1.9613566667e+00
4.6150000000e+02,1.2623764446e-02,1.5657844391e-02,4.4697825095e-01,2.4485489669e-01,2.1633364987e-01,2.3880579368e-02,3.9671014276e-02,1.9565777494e+00
4.6200000000e+02,1.2441606608e-02,1.5673214341e-02,4.4493508104e-01,2.4645631899e-01,2.1732730265e-01,2.3448903827e-02,3.9717572552e-02,1.9525911519e+00
4.6250000000e+02,1.2304205703e-02,1.5731658246e-02,4.4300815243e-01,2.4925590408e-01,2.1692826965e-01,2.2939984025e-02,3.9831825856e-02,1.9518206904e+00
4.6300000000e+02,1.2230856462e-02,1.5832255391e-02,4.4086295233e-01,2.5028631548e-01,2.1856514495e-01,2.2182717096e-02,4.0039758295e-02,1.9482089857e+00
4.6350000000e+02,1.2078285807e-02,1.5892529444e-02,4.4060959119e-01,2.5096967062e-01,2.1842516310e-01,2.1829850269e-02,4.0194909577e-02,1.9444203857e+00
4.6400000000e+02,1.2013171139e-02,1.6006248935e-02,4.3816137328e-01,2.5302969655e-01,2.1869158461e-01,2.1477083535e-02,4.0620841952e-02,1.9524352416e+00
4.6450000000e+02,1.1889573992e-02,1.6045097461e-02,4.3689142220e-01,2.5539047149e-01,2.1754729195e-01,2.1434519132e-02,4.0801623772e-02,1.9583043716e+00
4.6500000000e+02,1.1799467159e-02,1.6066581833e-02,4.3583115904e-01,2.5667658277e-01,2.1732264636e-01,2.1223022435e-02,4.1080540404e-02,1.9624981466e+00
4.6550000000e+02,1.1850820137e-02,1.6064664384e-02,4.3336630048e-01,2.5901787720e-01,2.1678191458e-01,2.1238719789e-02,4.1679703418e-02,1.9701977067e+00
4.6600000000e+02,1.1800716537e-02,1.6031976121e-02,4.3194271151e-01,2.6037215799e-01,2.1674392585e-01,2.1200246154e-02,4.1908265844e-02,1.9749523120e+00
4.6650000000e+02,1.1799071372e-02,1.6184932139e-02,4.2959100525e-01,2.6242248446e-01,2.1661662884e-01,2.1218515886e-02,4.2167362052e-02,1.9829834228e+00
4.6700000000e+02,1.1712253175e-02,1.6221444222e-02,4.2917885717e-01,2.6378496907e-01,2.1545305211e-01,2.1433999091e-02,4.2215425156e-02,1.9865929465e+00
4.6750000000e+02,1.1602366694e-02,1.6295794569e-02,4.2700598548e-01,2.6610987052e-01,2.1468612515e-01,2.1571216440e-02,4.2728641147e-02,1.9907692107e+00
4.6800000000e+02,1.1552349001e-02,1.6474249256e-02,4.2313331524e-01,2.6913307815e-01,2.1428594729e-01,2.1957485551e-02,4.3463575511e-02,2.0010539167e+00
4.6850000000e+02,1.1519774662e-02,1.6569031525e-02,4.2010306221e-01,2.7178218285e-01,2.1370711847e-01,2.2456924052e-02,4.3861906225e-02,2.0097478554e+00
4.6900000000e+02,1.1459078908e-02,1.6621197111e-02,4.1894954413e-01,2.7241655577e-01,2.1369235722e-01,2.2727778742e-02,4.4133488117e-02,2.0143380892e+00
4.6950000000e+02,1.1403446331e-02,1.6661428982e-02,4.1495912172e-01,2.7421192557e-01,2.1507626568e-01,2.2974823774e-02,4.4712987943e-02,2.0202289568e+00
4.7000000000e+02,1.1339968447e-02,1.6728696976e-02,4.1237298388e-01,2.7653893463e-01,2.1438858654e-01,2.3238764101e-02,4.5392065415e-02,2.0288670840e+00
4.7050000000e+02,1.1302064030e-02,1.6871728552e-02,4.0765272114e-01,2.7998565473e-01,2.1470593814e-01,2.3648306973e-02,4.5833586428e-02,2.0376860256e+00
4.7100000000e+02,1.1160292580e-02,1.7063875842e-02,4.0434294563e-01,2.8187210903e-01,2.1494076337e-01,2.4242118614e-02,4.6377894930e-02,2.0452631004e+00
4.7150000000e+02,1.1056012370e-02,1.7151826618e-02,4.0187941979e-01,2.8371254388e-01,2.1425340288e-01,2.4603772676e-02,4.7343021789e-02,2.0539896480e+00
4.7200000000e+02,1.1079225266e-02,1.7186526909e-02,4.0003266680e-01,2.8470024868e-01,2.1366740658e-01,2.5331793845e-02,4.8002131927e-02,2.0604792158e+00
4.7250000000e+02,1.0896471346e-02,1.7025649372e-02,3.9658035044e-01,2.8874706233e-01,2.1227435509e-01,2.6116214543e-02,4.8359896879e-02,2.0623938251e+00
4.7300000000e+02,1.0760580386e-02,1.6998168540e-02,3.9343483790e-01,2.9133116441e-01,2.1163208150e-01,2.6890640707e-02,4.8952526560e-02,2.0709477966e+00
4.7350000000e+02,1.0725582731e-02,1.7006546608e-02,3.9090791470e-01,2.9294990371e-01,2.1127898062e-01,2.7539089801e-02,4.9591981839e-02,2.0782655427e+00
4.7400000000e+02,1.0559233517e-02,1.6944656885e-02,3.9044864206e-01,2.9296378670e-01,2.1108646911e-01,2.8232869155e-02,4.9764342573e-02,2.0823009945e+00
4.7450000000e+02,1.0518228800e-02,1.6990594054e-02,3.8840032793e-01,2.9387210830e-01,2.1068694175e-01,2.9224438547e-02,5.0307360617e-02,2.0890856970e+00
4.7500000000e+02,1.0482470717e-02,1.6944599227e-02,3.8839739333e-01,2.9262145241e-01,2.1055554335e-01,3.0113185999e-02,5.0885354969e-02,2.0927364994e+00
4.7550000000e+02,1.0490070098e-02,1.6943691510e-02,3.8661902809e-01,2.9445367086e-01,2.0968767172e-01,3.0597124853e-02,5.1208742863e-02,2.0958632964e+00
4.7600000000e+02,1.0413449970e-02,1.6841515876e-02,3.8492387085e-01,2.9696394147e-01,2.0783025315e-01,3.1661566834e-02,5.1365401853e-02,2.0986164990e+00
4.7650000000e+02,1.0429053702e-02,1.6917000182e-02,3.8222595691e-01,2.9831834496e-01,2.0753394340e-01,3.2622830333e-02,5.1952870513e-02,2.1052221651e+00
4.7700000000e+02,1.0390784038e-02,1.6824049006e-02,3.8144333358e-01,2.9818168297e-01,2.0705529687e-01,3.3698226611e-02,5.2406626925e-02,2.1122284501e+00
4.7750000000e+02,1.0364934678e-02,1.6893772213e-02,3.7846600237e-01,2.9955013454e-01,2.0748422549e-01,3.4606860887e-02,5.2634069827e-02,2.1190055740e+00
4.7800000000e+02,1.0372076093e-02,1.6960911437e-02,3.7566480741e-01,3.0228098910e-01,2.0618686072e-01,3.5462694268e-02,5.3071660981e-02,2.1303815266e+00
4.7850000000e+02,1.0415199891e-02,1.7041269613e-02,3.7274082928e-01,3.0384142511e-01,2.0526045991e-01,3.6632906752e-02,5.4067909443e-02,2.1406847665e+00
4.7900000000e+02,1.0430597614e-02,1.7119670125e-02,3.6928802744e-01,3.0587175574e-01,2.0499408980e-01,3.7520091095e-02,5.4775768177e-02,2.1516106276e+00
4.7950000000e+02,1.0490504023e-02,1.7093555548e-02,3.6595492035e-01,3.0866187426e-01,2.0411868335e-01,3.8157632199e-02,5.5522830262e-02,2.1606695973e+00
4.8000000000e+02,1.0414462020e-02,1.7075496952e-02,3.6173007688e-01,3.1209076361e-01,2.0269242795e-01,3.9507330723e-02,5.6489441858e-02,2.1704803272e+00
4.8050000000e+02,1.0389767329e-02,1.6951527928e-02,3.6037724669e-01,3.1274407423e-01,2.0197747803e-01,4.0616453414e-02,5.6943452371e-02,2.1770186288e+00
4.8100000000e+02,1.0329764382e-02,1.6925398572e-02,3.5811340304e-01,3.1439710671e-01,2.0179101357e-01,4.1437329129e-02,5.7005984594e-02,2.1834023370e+00
4.8150000000e+02,1.0292162487e-02,1.6929923284e-02,3.5678212883e-01,3.1443286090e-01,2.0166215532e-01,4.2486101049e-02,5.7414668123e-02,2.1890030277e+00
4.8200000000e+02,1.0308014933e-02,1.7137613492e-02,3.5458998920e-01,3.1440842768e-01,2.0181734885e-01,4.3620981426e-02,5.8117624422e-02,2.1976888875e+00
4.8250000000e+02,1.0340161516e-02,1.6965209060e-02,3.5249991929e-01,3.1544361997e-01,2.0103406023e-01,4.4919667628e-02,5.8797362308e-02,2.2013808825e+00
4.8300000000e+02,1.0346084463e-02,1.6865324436e-02,3.5019491871e-01,3.1731689150e-01,2.0046794117e-01,4.5797263721e-02,5.9011575994e-02,2.2075294471e+00
4.8350000000e+02,1.0312169639e-02,1.6973478976e-02,3.4714721301e-01,3.1897008861e-01,1.9960197787e-01,4.6747472156e-02,6.0247599737e-02,2.2198556579e+00
4.8400000000e+02,1.0350638849e-02,1.6938477013e-02,3.4423479017e-01,3.2074497851e-01,1.9864227221e-01,4.7956759649e-02,6.1132083598e-02,2.2327467098e+00
4.8450000000e+02,1.0315654346e-02,1.6780229997e-02,3.4191541063e-01,3.2224271619e-01,1.9780408587e-01,4.9165213121e-02,6.1776689851e-02,2.2367033701e+00
4.8500000000e+02,1.0270821424e-02,1.6664720236e-02,3.3993493144e-01,3.2398602676e-01,1.9625029484e-01,5.0524918914e-02,6.2368286373e-02,2.2451972810e+00
4.8550000000e+02,1.0386768070e-02,1.6849795574e-02,3.3607629898e-01,3.2532103126e-01,1.9584500183e-01,5.1965538958e-02,6.3555565323e-02,2.2614465364e+00
4.8600000000e+02,1.0405555365e-02,1.6776350168e-02,3.3314440068e-01,3.2729089657e-01,1.9470153470e-01,5.3642326632e-02,6.4038935890e-02,2.2712057603e+00
4.8650000000e+02,1.0368532202e-02,1.6729696122e-02,3.2784262380e-01,3.2945348517e-01,1.9609693036e-01,5.4321757324e-02,6.5186975031e-02,2.2759402794e+00
4.8700000000e+02,1.0420246427e-02,1.6854308194e-02,3.2243085220e-01,3.3241787915e-01,1.9551730466e-01,5.5724754882e-02,6.6634654488e-02,2.2890727105e+00
4.8750000000e+02,1.0450417447e-02,1.6789219040e-02,3.2153397337e-01,3.3136268974e-01,1.9501243489e-01,5.7189855984e-02,6.7661409531e-02,2.2956296760e+00
4.8800000000e+02,1.0495949092e-02,1.6659783828e-02,3.1869162805e-01,3.3150820723e-01,1.9492426230e-01,5.9034229674e-02,6.8685939821e-02,2.3025903735e+00
4.8850000000e+02,1.0627424838e-02,1.6631524910e-02,3.1519558230e-01,3.3252815797e-01,1.9482704542e-01,6.0381491296e-02,6.9808773266e-02,2.3123349689e+00
4.8900000000e+02,1.0631311429e-02,1.6603242517e-02,3.1254875130e-01,3.3390879830e-01,1.9404327137e-01,6.1583450492e-02,7.0681174593e-02,2.3189349080e+00
4.8950000000e+02,1.0708645834e-02,1.6690832744e-02,3.1040276672e-01,3.3339573351e-01,1.9461645070e-01,6.2573939506e-02,7.1611630982e-02,2.3285665842e+00
4.9000000000e+02,1.0777426767e-02,1.6719237645e-02,3.0699606602e-01,3.3419217780e-01,1.9501674599e-01,6.3633916205e-02,7.2664429577e-02,2.3404609798e+00
4.9050000000e+02,1.0726420428e-02,1.6519177290e-02,3.0349257714e-01,3.3589650017e-01,1.9481791923e-01,6.4700972313e-02,7.3846433431e-02,2.3461754478e+00
4.9100000000e+02,1.0744980289e-02,1.6626622488e-02,3.0166007187e-01,3.3651845753e-01,1.9438446968e-01,6.5593020323e-02,7.4472377818e-02,2.3561207228e+00
4.9150000000e+02,1.0873522451e-02,1.6599249145e-02,2.9856693230e-01,3.3757642651e-01,1.9379165582e-01,6.7131650195e-02,7.5460563584e-02,2.3712854247e+00
4.9200000000e+02,1.0897934579e-02,1.6587786969e-02,2.9578969216e-01,3.3794044203e-01,1.9331422724e-01,6.8555523639e-02,7.6914393383e-02,2.3818901129e+00
4.9250000000e+02,1.0969753817e-02,1.6377747377e-02,2.9464948516e-01,3.3923758527e-01,1.9108481584e-01,7.0555904804e-02,7.7124707735e-02,2.3870471681e+00
4.9300000000e+02,1.1011935750e-02,1.6304726760e-02,2.9222479784e-01,3.4070865090e-01,1.9002215917e-01,7.1739667944e-02,7.7988061630e-02,2.3919575773e+00
4.9350000000e+02,1.1098744039e-02,1.6197511747e-02,2.9034283585e-01,3.4050550039e-01,1.8934095128e-01,7.3383102544e-02,7.9131354148e-02,2.4025702189e+00
4.9400000000e+02,1.1175217309e-02,1.6165833199e-02,2.8805532816e-01,3.4021401809e-01,1.8861952138e-01,7.5528543616e-02,8.0241538254e-02,2.4123185316e+00
4.9450000000e+02,1.1250417508e-02,1.6255215738e-02,2.8465175119e-01,3.4137020824e-01,1.8769598466e-01,7.7546393384e-02,8.1230029274e-02,2.4250033254e+00
4.9500000000e+02,1.1212012283e-02,1.6080904164e-02,2.8241814410e-01,3.4138981320e-01,1.8748927732e-01,7.8875362388e-02,8.2534486539e-02,2.4342285313e+00
4.9550000000e+02,1.1261207202e-02,1.6101590011e-02,2.7776610252e-01,3.4322795579e-01,1.8696550753e-01,8.1184676306e-02,8.3492960635e-02,2.4453455882e+00
4.9600000000e+02,1.1425407060e-02,1.6021823002e-02,2.7428885153e-01,3.4354793058e-01,1.8650053453e-01,8.3412667258e-02,8.4802786048e-02,2.4578860242e+00
4.9650000000e+02,1.1557251441e-02,1.6032398253e-02,2.7157145279e-01,3.4388693120e-01,1.8632349935e-01,8.4643864218e-02,8.5984602751e-02,2.4691436396e+00
4.9700000000e+02,1.1573945935e-02,1.5911487355e-02,2.6710471949e-01,3.4698434948e-01,1.8611412874e-01,8.5863563749e-02,8.6447805247e-02,2.4677584804e+00
4.9750000000e+02,1.1635242294e-02,1.5805053886e-02,2.6315766122e-01,3.4865809169e-01,1.8564591544e-01,8.7937787194e-02,8.7160248266e-02,2.4705539539e+00
4.9800000000e+02,1.1717117098e-02,1.5635068498e-02,2.6035151211e-01,3.5011381871e-01,1.8564345810e-01,8.9357082172e-02,8.7181943314e-02,2.4721058632e+00
4.9850000000e+02,1.1744921469e-02,1.5563067330e-02,2.5668862846e-01,3.5154569036e-01,1.8538713785e-01,9.0845338022e-02,8.8225216515e-02,2.4780731293e+00
4.9900000000e+02,1.1787969647e-02,1.5585030725e-02,2.5338202732e-01,3.5247329261e-01,1.8479353920e-01,9.2635433796e-02,8.9342706701e-02,2.4847758624e+00
4.9950000000e+02,1.1839815133e-02,1.5415268474e-02,2.4980625155e-01,3.5491126039e-01,1.8403708024e-01,9.3896639249e-02,9.0093684962e-02,2.4881961870e+00
5.0000000000e+02,1.2001722350e-02,1.5460544782e-02,2.4699615870e-01,3.5601842178e-01,1.8232535673e-01,9.5949889831e-02,9.1247905825e-02,2.4975742303e+00
5.0050000000e+02,1.2024011333e-02,1.5389154388e-02,2.4283717393e-01,3.5764971534e-01,1.8244797429e-01,9.7595544063e-02,9.2056426660e-02,2.5024745916e+00
5.0100000000e+02,1.2031220997e-02,1.5314712931e-02,2.3910365360e-01,3.5938530766e-01,1.8205427900e-01,9.8684413247e-02,9.3426412565e-02,2.5066218849e+00
5.0150000000e+02,1.2038945339e-02,1.5304294813e-02,2.3498210916e-01,3.6084455952e-01,1.8113638486e-01,1.0120118966e-01,9.4492516640e-02,2.5111047855e+00
5.0200000000e+02,1.2108575835e-02,1.5204950407e-02,2.3271752556e-01,3.6105779272e-01,1.8129637754e-01,1.0263011341e-01,9.4984664527e-02,2.5143370798e+00
5.0250000000e+02,1.2246871019e-02,1.5066163104e-02,2.3009656595e-01,3.6190915298e-01,1.8117705862e-01,1.0438150870e-01,9.5122679615e-02,2.5208175067e+00
5.0300000000e+02,1.2348058507e-02,1.5056212553e-02,2.2665002393e-01,3.6308811907e-01,1.7934320345e-01,1.0786906219e-01,9.5645320302e-02,2.5301002819e+00
5.0350000000e+02,1.2423056102e-02,1.4947175097e-02,2.2288814056e-01,3.6574229807e-01,1.7796672853e-01,1.0969815579e-01,9.6334445845e-02,2.5336243323e+00
5.0400000000e+02,1.2484608495e-02,1.4744957020e-02,2.1898374201e-01,3.6773132716e-01,1.7749995358e-01,1.1143216262e-01,9.7123249119e-02,2.5331560353e+00
5.0450000000e+02,1.2576777223e-02,1.4617085524e-02,2.1653556009e-01,3.6798660560e-01,1.7757603065e-01,1.1272231373e-01,9.7985627177e-02,2.5357024488e+00
5.0500000000e+02,1.2686586720e-02,1.4497752018e-02,2.1254370236e-01,3.7003457619e-01,1.7632243380e-01,1.1515618134e-01,9.8758767574e-02,2.5371696730e+00
5.0550000000e+02,1.2632400059e-02,1.4344331841e-02,2.1035744118e-01,3.7081549797e-01,1.7579696769e-01,1.1677739056e-01,9.9275970702e-02,2.5357051374e+00
5.0600000000e+02,1.2651028295e-02,1.4397021666e-02,2.0778306187e-01,3.7016521965e-01,1.7673914079e-01,1.1827224355e-01,9.9992284174e-02,2.5407800669e+00
5.0650000000e+02,1.2794631738e-02,1.4263183316e-02,2.0555575710e-01,3.6993968610e-01,1.7626753997e-01,1.1986906398e-01,1.0131013780e-01,2.5457793805e+00
5.0700000000e+02,1.2854063417e-02,1.4128980602e-02,2.0250226148e-01,3.7136568008e-01,1.7510371048e-01,1.2178975715e-01,1.0225554679e-01,2.5446704891e+00
5.0750000000e+02,1.2870858958e-02,1.4044336522e-02,1.9821071276e-01,3.7351978389e-01,1.7536886915e-01,1.2297474986e-01,1.0301068887e-01,2.5461804100e+00
5.0800000000e+02,1.3047598448e-02,1.4108249805e-02,1.9445259795e-01,3.7501817768e-01,1.7483322985e-01,1.2454611800e-01,1.0399402826e-01,2.5438716454e+00
5.0850000000e+02,1.3066409683e-02,1.4027995329e-02,1.9176787877e-01,3.7556007781e-01,1.7436011683e-01,1.2623764683e-01,1.0497987475e-01,2.5444682367e+00
5.0900000000e+02,1.3160808144e-02,1.3945609259e-02,1.8998003111e-01,3.7537247193e-01,1.7396238404e-01,1.2765383390e-01,1.0592486162e-01,2.5498816979e+00
5.0950000000e+02,1.3154225600e-02,1.3828526645e-02,1.8677325760e-01,3.7698337066e-01,1.7229793473e-01,1.3015744335e-01,1.0680524141e-01,2.5518725705e+00
5.1000000000e+02,1.3134996486e-02,1.3734478791e-02,1.8476682094e-01,3.7756987467e-01,1.7207922553e-01,1.3099241178e-01,1.0772219181e-01,2.5479801103e+00
5.1050000000e+02,1.3128031625e-02,1.3655738280e-02,1.8052541539e-01,3.7873724476e-01,1.7185043781e-01,1.3296937998e-01,1.0913375216e-01,2.5454900241e+00
5.1100000000e+02,1.3166475204e-02,1.3503352271e-02,1.7747278188e-01,3.8016210134e-01,1.7074037566e-01,1.3530576622e-01,1.0964914742e-01,2.5467776813e+00
5.1150000000e+02,1.3147014631e-02,1.3416051189e-02,1.7482058160e-01,3.8203332589e-01,1.7046738716e-01,1.3623383519e-01,1.0988180435e-01,2.5403200402e+00
5.1200000000e+02,1.3093712162e-02,1.3250124914e-02,1.7133347163e-01,3.8290751408e-01,1.7044987728e-01,1.3790018604e-01,1.1106511390e-01,2.5325301465e+00
5.1250000000e+02,1.3054870149e-02,1.3164701035e-02,1.6711852715e-01,3.8363387661e-01,1.7092121850e-01,1.3989986094e-01,1.1220694561e-01,2.5320111217e+00
5.1300000000e+02,1.3081979781e-02,1.3037165582e-02,1.6397192711e-01,3.8434075917e-01,1.7077549781e-01,1.4177999672e-01,1.1301267384e-01,2.5286500480e+00
5.1350000000e+02,1.3064912305e-02,1.2871051044e-02,1.6127529926e-01,3.8545443983e-01,1.6912844012e-01,1.4415999076e-01,1.1404586669e-01,2.5254095312e+00
5.1400000000e+02,1.3098154784e-02,1.2851918454e-02,1.5785805990e-01,3.8675403685e-01,1.6888691072e-01,1.4652271284e-01,1.1402820646e-01,2.5237265228e+00
5.1450000000e+02,1.3099740374e-02,1.2703218466e-02,1.5401776775e-01,3.8834592369e-01,1.6700314992e-01,1.4921236292e-01,1.1561783688e-01,2.5234019313e+00
5.1500000000e+02,1.3008668624e-02,1.2612756489e-02,1.5100932224e-01,3.8938147825e-01,1.6632172113e-01,1.5118377948e-01,1.1648227378e-01,2.5193900889e+00
5.1550000000e+02,1.3018227259e-02,1.2581883972e-02,1.4877472574e-01,3.8852517389e-01,1.6589646538e-01,1.5393730585e-01,1.1726621792e-01,2.5160747326e+00
5.1600000000e+02,1.3002434495e-02,1.2477420260e-02,1.4514105489e-01,3.8949763611e-01,1.6579904851e-01,1.5632621996e-01,1.1775618578e-01,2.5098715232e+00
5.1650000000e+02,1.3047703376e-02,1.2440893151e-02,1.4208248086e-01,3.8981974532e-01,1.6576713109e-01,1.5820435484e-01,1.1863769137e-01,2.5055258924e+00
5.1700000000e+02,1.3015757746e-02,1.2253378336e-02,1.3998246159e-01,3.9063542742e-01,1.6451162553e-01,1.6052044794e-01,1.1908090145e-01,2.4954707634e+00
5.1750000000e+02,1.3061071426e-02,1.2220399187e-02,1.3719067593e-01,3.9147311253e-01,1.6447621812e-01,1.6152613681e-01,1.2005238600e-01,2.4898601349e+00
5.1800000000e+02,1.3017647718e-02,1.2137104960e-02,1.3512752408e-01,3.9209796316e-01,1.6409108171e-01,1.6278933292e-01,1.2073934545e-01,2.4827849838e+00
5.1850000000e+02,1.3077434070e-02,1.2013771753e-02,1.3355343232e-01,3.9094053779e-01,1.6417055448e-01,1.6451817059e-01,1.2172609899e-01,2.4830165755e+00
5.1900000000e+02,1.3105453949e-02,1.1943444009e-02,1.3009717940e-01,3.9062043770e-01,1.6515617062e-01,1.6612739194e-01,1.2294992238e-01,2.4803355892e+00
5.1950000000e+02,1.3027291333e-02,1.1807706104e-02,1.2833738683e-01,3.8946768393e-01,1.6510595014e-01,1.6830732451e-01,1.2394665715e-01,2.4728096568e+00
5.2000000000e+02,1.2949756378e-02,1.1635180847e-02,1.2498830991e-01,3.9000829566e-01,1.6486922942e-01,1.7024843861e-01,1.2530078918e-01,2.4604736827e+00
5.2050000000e+02,1.2912720513e-02,1.1492569174e-02,1.2296382881e-01,3.8943549423e-01,1.6434860637e-01,1.7226490130e-01,1.2658187962e-01,2.4581223674e+00
5.2100000000e+02,1.2853558149e-02,1.1433983432e-02,1.2124945168e-01,3.8925675321e-01,1.6371996053e-01,1.7354795818e-01,1.2793833482e-01,2.4501061040e+00
5.2150000000e+02,1.2894263633e-02,1.1434787618e-02,1.1919937374e-01,3.8904459906e-01,1.6306974393e-01,1.7626233369e-01,1.2809489832e-01,2.4473601691e+00
5.2200000000e+02,1.2943693850e-02,1.1374734593e-02,1.1590934757e-01,3.8883968209e-01,1.6286023154e-01,1.7913145989e-01,1.2894085047e-01,2.4452596479e+00
5.2250000000e+02,1.2942965026e-02,1.1225381099e-02,1.1337457184e-01,3.8899368201e-01,1.6193552659e-01,1.8125304018e-01,1.3027483326e-01,2.4369717256e+00
5.2300000000e+02,1.2835695509e-02,1.1111453167e-02,1.1075615567e-01,3.8957546895e-01,1.6204755995e-01,1.8262519437e-01,1.3104847238e-01,2.4247840619e+00
5.2350000000e+02,1.2876684507e-02,1.0984820043e-02,1.0933698588e-01,3.8729862039e-01,1.6214996915e-01,1.8445328325e-01,1.3289963678e-01,2.4180620077e+00
5.2400000000e+02,1.2820630735e-02,1.1062566971e-02,1.0727167104e-01,3.8614044091e-01,1.6131886072e-01,1.8660263284e-01,1.3478319679e-01,2.4117332408e+00
5.2450000000e+02,1.2853694491e-02,1.1045220165e-02,1.0533123093e-01,3.8598217796e-01,1.6085240422e-01,1.8865365631e-01,1.3528161592e-01,2.4048841985e+00
5.2500000000e+02,1.2883266603e-02,1.0975409599e-02,1.0288711692e-01,3.8513236291e-01,1.6119712588e-01,1.9014731822e-01,1.3677739987e-01,2.4041600483e+00
5.2550000000e+02,1.2971309669e-02,1.0910140302e-02,1.0117185866e-01,3.8422615112e-01,1.6057434462e-01,1.9282054446e-01,1.3732565118e-01,2.3949060045e+00
5.2600000000e+02,1.2985320172e-02,1.0897225309e-02,9.8767507405e-02,3.8282497834e-01,1.6078961421e-01,1.9445617411e-01,1.3927918046e-01,2.3863955401e+00
5.2650000000e+02,1.2957008417e-02,1.0809511923e-02,9.6983900852e-02,3.8192486739e-01,1.6054711149e-01,1.9620640011e-01,1.4057119981e-01,2.3749736480e+00
5.2700000000e+02,1.2922730207e-02,1.0690790040e-02,9.5488890101e-02,3.8160388782e-01,1.5970878729e-01,1.9826185028e-01,1.4132306425e-01,2.3654206212e+00
5.2750000000e+02,1.2972566497e-02,1.0665082918e-02,9.4344103647e-02,3.8092894333e-01,1.5944621693e-01,1.9987609236e-01,1.4176699432e-01,2.3586579273e+00
5.2800000000e+02,1.2940764168e-02,1.0559239200e-02,9.2573119022e-02,3.8043515077e-01,1.6030335460e-01,2.0128653801e-01,1.4190183423e-01,2.3503606776e+00
5.2850000000e+02,1.2818903369e-02,1.0543848539e-02,9.1047070391e-02,3.8052219461e-01,1.5952537886e-01,2.0354460688e-01,1.4199799735e-01,2.3380950869e+00
5.2900000000e+02,1.2826696655e-02,1.0411319330e-02,8.8918827143e-02,3.8013225984e-01,1.5955568598e-01,2.0522180212e-01,1.4293340893e-01,2.3282081988e+00
5.2950000000e+02,1.2865129583e-02,1.0265970554e-02,8.7322545618e-02,3.7925250202e-01,1.5878460989e-01,2.0771813538e-01,1.4379110695e-01,2.3187912793e+00
5.3000000000e+02,1.2953947338e-02,1.0239469181e-02,8.5973466645e-02,3.7701720461e-01,1.5951286585e-01,2.0905573638e-01,1.4524731000e-01,2.3156267003e+00
5.3050000000e+02,1.3037890224e-02,1.0207556848e-02,8.4808585718e-02,3.7613820648e-01,1.6005002036e-01,2.1036804643e-01,1.4538969394e-01,2.3061375887e+00
5.3100000000e+02,1.3007467065e-02,1.0186839727e-02,8.3243385183e-02,3.7536867055e-01,1.5952964086e-01,2.1161466522e-01,1.4704933139e-01,2.2946227707e+00
5.3150000000e+02,1.3095751544e-02,1.0140199958e-02,8.2318791781e-02,3.7445921162e-01,1.5916396232e-01,2.1340154162e-01,1.4742054117e-01,2.2871233010e+00
5.3200000000e+02,1.3035774090e-02,1.0117196443e-02,8.0626188510e-02,3.7536944881e-01,1.5916407654e-01,2.1418325257e-01,1.4750406304e-01,2.2728680245e+00
5.3250000000e+02,1.3027692659e-02,1.0019137707e-02,7.9259194144e-02,3.7394421318e-01,1.5912491069e-01,2.1587222954e-01,1.4875262208e-01,2.2633681399e+00
5.3300000000e+02,1.3045048738e-02,9.9922257473e-03,7.8280087293e-02,3.7344950698e-01,1.5844776159e-01,2.1747261900e-01,1.4931275066e-01,2.2490173259e+00
5.3350000000e+02,1.2996418770e-02,9.9896707911e-03,7.6197227685e-02,3.7354726317e-01,1.5857634665e-01,2.1897526921e-01,1.4971780372e-01,2.2383738628e+00
5.3400000000e+02,1.3038014337e-02,9.9480931377e-03,7.4965060374e-02,3.7307218862e-01,1.5914051541e-01,2.1998881687e-01,1.4984731125e-01,2.2293654267e+00
5.3450000000e+02,1.3110040828e-02,9.9703991753e-03,7.3764837097e-02,3.7268750907e-01,1.5937536920e-01,2.2164971056e-01,1.4944213407e-01,2.2202461206e+00
5.3500000000e+02,1.3063105117e-02,9.8410758606e-03,7.1812179867e-02,3.7363403250e-01,1.5887043948e-01,2.2338616920e-01,1.4939299797e-01,2.2051849376e+00
5.3550000000e+02,1.2938774130e-02,9.8548538695e-03,7.0801608504e-02,3.7356417415e-01,1.5801838626e-01,2.2570099283e-01,1.4912121026e-01,2.1922073611e+00
5.3600000000e+02,1.2885426264e-02,9.7865491768e-03,6.9746394526e-02,3.7238775240e-01,1.5766221685e-01,2.2761277948e-01,1.4991888131e-01,2.1824910713e+00
5.3650000000e+02,1.2912921778e-02,9.7731735261e-03,6.8646975621e-02,3.7151451661e-01,1.5777494782e-01,2.2894251382e-01,1.5043495083e-01,2.1709468723e+00
5.3700000000e+02,1.2971675071e-02,9.8309928554e-03,6.8006312082e-02,3.7021136354e-01,1.5682739923e-01,2.3081228376e-01,1.5133997346e-01,2.1610638272e+00
5.3750000000e+02,1.3006695363e-02,9.8080932618e-03,6.6952072442e-02,3.6960763760e-01,1.5644132562e-01,2.3224886141e-01,1.5193531431e-01,2.1512263894e+00
5.3800000000e+02,1.3012875863e-02,9.7490188021e-03,6.6596319551e-02,3.6825077459e-01,1.5578764806e-01,2.3422232590e-01,1.5238103723e-01,2.1402422859e+00
5.3850000000e+02,1.3053244140e-02,9.7410191520e-03,6.6141416274e-02,3.6731271355e-01,1.5585075740e-01,2.3529844146e-01,1.5260240802e-01,2.1335466700e+00
5.3900000000e+02,1.2895619749e-02,9.6151392656e-03,6.5572350431e-02,3.6757491970e-01,1.5578699588e-01,2.3660087120e-01,1.5195410377e-01,2.1217317304e+00
5.3950000000e+02,1.2843344302e-02,9.5278162813e-03,6.4375141058e-02,3.6853059153e-01,1.5552070023e-01,2.3734610928e-01,1.5185629731e-01,2.1089839156e+00
5.4000000000e+02,1.2836570953e-02,9.4936340646e-03,6.3580739266e-02,3.6981449063e-01,1.5503335657e-01,2.3834680272e-01,1.5089440579e-01,2.0969846304e+00
5.4050000000e+02,1.2861206010e-02,9.4832664256e-03,6.3082848891e-02,3.6860402694e-01,1.5468814197e-01,2.3898652324e-01,1.5229398653e-01,2.0883479256e+00
5.4100000000e+02,1.2900414559e-02,9.4578256685e-03,6.2916758158e-02,3.6787637529e-01,1.5457399097e-01,2.3945455972e-01,1.5282007565e-01,2.0815794120e+00
5.4150000000e+02,1.2853880662e-02,9.3518125993e-03,6.2320285348e-02,3.6635387211e-01,1.5446935735e-01,2.4020997185e-01,1.5444082008e-01,2.0781337921e+00
5.4200000000e+02,1.2776947996e-02,9.3243992187e-03,6.1790289828e-02,3.6523832744e-01,1.5536323015e-01,2.4014860317e-01,1.5535820220e-01,2.0756803513e+00
5.4250000000e+02,1.2537992203e-02,9.2041639173e-03,6.1547027929e-02,3.6303579946e-01,1.5650798229e-01,2.3993744176e-01,1.5722959244e-01,2.0750647254e+00
5.4300000000e+02,1.2385639545e-02,9.0942129762e-03,6.1620719451e-02,3.6258752633e-01,1.5676774456e-01,2.4026948229e-01,1.5727467485e-01,2.0766749923e+00
5.4350000000e+02,1.2230815334e-02,9.0189923879e-03,6.1618076075e-02,3.6079474006e-01,1.5647276078e-01,2.4149682678e-01,1.5836778858e-01,2.0780864048e+00
5.4400000000e+02,1.2157430599e-02,9.0140951403e-03,6.1294304367e-02,3.6066070235e-01,1.5666613942e-01,2.4212841898e-01,1.5807890915e-01,2.0833085170e+00
5.4450000000e+02,1.2097976279e-02,8.9634777093e-03,6.0981831867e-02,3.6098248890e-01,1.5700472350e-01,2.4272747093e-01,1.5724203082e-01,2.0879040657e+00
5.4500000000e+02,1.2075439709e-02,8.9941218980e-03,6.0631723376e-02,3.6012943084e-01,1.5748363439e-01,2.4261966771e-01,1.5806598207e-01,2.0970551229e+00
5.4550000000e+02,1.1973071295e-02,8.8862034576e-03,6.0506199203e-02,3.6120743871e-01,1.5769081256e-01,2.4193862103e-01,1.5779765375e-01,2.0996614894e+00
5.4600000000e+02,1.1904102317e-02,8.7773540328e-03,6.0311737052e-02,3.6176798277e-01,1.5760460500e-01,2.4228220485e-01,1.5735201398e-01,2.1032835765e+00
5.4650000000e+02,1.1805212304e-02,8.6766690024e-03,6.0032869078e-02,3.6257962972e-01,1.5701330143e-01,2.4295499685e-01,1.5693732162e-01,2.1069754955e+00
5.4700000000e+02,1.1722223571e-02,8.6764308122e-03,5.9770122229e-02,3.6346643442e-01,1.5755158919e-01,2.4272683213e-01,1.5608636765e-01,2.1106161190e+00
5.4750000000e+02,1.1608414279e-02,8.7030497615e-03,5.9789522280e-02,3.6406411265e-01,1.5810460716e-01,2.4268278243e-01,1.5504751144e-01,2.1148059583e+00
5.4800000000e+02,1.1434516818e-02,8.6777061914e-03,5.9629408412e-02,3.6276808513e-01,1.5814352131e-01,2.4302940264e-01,1.5631735951e-01,2.1226969942e+00
5.4850000000e+02,1.1365417913e-02,8.7417245860e-03,5.9473647048e-02,3.6210777053e-01,1.5764463615e-01,2.4298021095e-01,1.5768659282e-01,2.1296018774e+00
5.4900000000e+02,1.1391793938e-02,8.6988403436e-03,5.9692070034e-02,3.6125280627e-01,1.5810025634e-01,2.4293385975e-01,1.5793037333e-01,2.1377453494e+00
5.4950000000e+02,1.1371044663e-02,8.7221146116e-03,6.0039507364e-02,3.6039582105e-01,1.5900865401e-01,2.4181480873e-01,1.5864804957e-01,2.1432806423e+00
5.5000000000e+02,1.1343237136e-02,8.7578819176e-03,6.0416356754e-02,3.5955362263e-01,1.6025513160e-01,2.4094028652e-01,1.5873348344e-01,2.1529053841e+00
5.5050000000e+02,1.1303432184e-02,8.7870046580e-03,6.0755355566e-02,3.6077521260e-01,1.6049984425e-01,2.4022712497e-01,1.5765202578e-01,2.1616056268e+00
5.5100000000e+02,1.1272640083e-02,8.7550131602e-03,6.0448246806e-02,3.6254599399e-01,1.6043167706e-01,2.3922095302e-01,1.5732547588e-01,2.1674760506e+00
5.5150000000e+02,1.1219744516e-02,8.7146462055e-03,6.0594668323e-02,3.6446424161e-01,1.5953756293e-01,2.3876306728e-01,1.5670606913e-01,2.1743344375e+00
5.5200000000e+02,1.1223744137e-02,8.7735771018e-03,6.1349472753e-02,3.6335207706e-01,1.6099196692e-01,2.3745111658e-01,1.5685804545e-01,2.1841644172e+00
5.5250000000e+02,1.1137108324e-02,8.7132081109e-03,6.1776597805e-02,3.6344354991e-01,1.6167705227e-01,2.3722070341e-01,1.5603178017e-01,2.1922593063e+00
5.5300000000e+02,1.0965360277e-02,8.5949249904e-03,6.2556936926e-02,3.6318531412e-01,1.6110413720e-01,2.3728912665e-01,1.5630419984e-01,2.1986251392e+00
5.5350000000e+02,1.0953369856e-02,8.5633416660e-03,6.2671540184e-02,3.6376653326e-01,1.6118427730e-01,2.3723032633e-01,1.5563061141e-01,2.2084429906e+00
5.5400000000e+02,1.0876047450e-02,8.4798887229e-03,6.2711405365e-02,3.6417923147e-01,1.6183715001e-01,2.3769106182e-01,1.5422521516e-01,2.2175101002e+00
5.5450000000e+02,1.0822201702e-02,8.4545741371e-03,6.3271700901e-02,3.6557824967e-01,1.6218058443e-01,2.3661244900e-01,1.5308024016e-01,2.2228086708e+00
5.5500000000e+02,1.0649970576e-02,8.4419662429e-03,6.3929736582e-02,3.6569970991e-01,1.6182417701e-01,2.3568374810e-01,1.5377069158e-01,2.2268435409e+00
5.5550000000e+02,1.0554994695e-02,8.3590305288e-03,6.3856067396e-02,3.6612211832e-01,1.6255295463e-01,2.3543919265e-01,1.5311564179e-01,2.2316949344e+00
5.5600000000e+02,1.0445170321e-02,8.3834738014e-03,6.4065785056e-02,3.6598068196e-01,1.6165785146e-01,2.3472275096e-01,1.5474428644e-01,2.2373406495e+00
5.5650000000e+02,1.0399953433e-02,8.5090995683e-03,6.4641601805e-02,3.6427273709e-01,1.6280445114e-01,2.3397409096e-01,1.5539806600e-01,2.2482055104e+00
5.5700000000e+02,1.0225762051e-02,8.4127500106e-03,6.5292836041e-02,3.6431657102e-01,1.6288337413e-01,2.3350572214e-01,1.5536298461e-01,2.2565107647e+00
5.5750000000e+02,1.0165352313e-02,8.4085541637e-03,6.5815419072e-02,3.6461205536e-01,1.6342187695e-01,2.3227029498e-01,1.5530644717e-01,2.2609322678e+00
5.5800000000e+02,1.0180686447e-02,8.4583661792e-03,6.6736633339e-02,3.6397524743e-01,1.6468232102e-01,2.3128608875e-01,1.5468065683e-01,2.2732108234e+00
5.5850000000e+02,1.0187637076e-02,8.6160096066e-03,6.7478261419e-02,3.6401390668e-01,1.6766361506e-01,2.2838396594e-01,1.5365660422e-01,2.2817685578e+00
5.5900000000e+02,1.0026480358e-02,8.5311943102e-03,6.8194768474e-02,3.6470901835e-01,1.6789327583e-01,2.2739662481e-01,1.5324863786e-01,2.2874652130e+00
5.5950000000e+02,9.9195025789e-03,8.5300211936e-03,6.9389697402e-02,3.6485926950e-01,1.6828133812e-01,2.2633966258e-01,1.5268050863e-01,2.2924099899e+00
5.6000000000e+02,9.8545661915e-03,8.5575654230e-03,6.9841848098e-02,3.6477829022e-01,1.6881652273e-01,2.2533748133e-01,1.5281372600e-01,2.2975332451e+00
5.6050000000e+02,9.7706400320e-03,8.5987148284e-03,7.0428156118e-02,3.6454453813e-01,1.7017866159e-01,2.2387246235e-01,1.5260682694e-01,2.3054408312e+00
5.6100000000e+02,9.6671912866e-03,8.5744365327e-03,7.1698874398e-02,3.6434414688e-01,1.7131630665e-01,2.2223923483e-01,1.5215980942e-01,2.3103924011e+00
5.6150000000e+02,9.6134836654e-03,8.5183101966e-03,7.2578800284e-02,3.6540290897e-01,1.7299392639e-01,2.2025874238e-01,1.5063382811e-01,2.3162173917e+00
5.6200000000e+02,9.5244308991e-03,8.4520527738e-03,7.2925810507e-02,3.6643522123e-01,1.7339606009e-01,2.1918660438e-01,1.5007982011e-01,2.3191461431e+00
5.6250000000e+02,9.4030465365e-03,8.4811243811e-03,7.3847130631e-02,3.6636173487e-01,1.7497593733e-01,2.1696575504e-01,1.4996527121e-01,2.3225767348e+00
5.6300000000e+02,9.2464953288e-03,8.4833970079e-03,7.4989295539e-02,3.6633475214e-01,1.7623608253e-01,2.1533587861e-01,1.4937409885e-01,2.3285828365e+00
5.6350000000e+02,9.1878349955e-03,8.4540422122e-03,7.6007109163e-02,3.6533217282e-01,1.7914315390e-01,2.1290727997e-01,1.4896840695e-01,2.3358096313e+00
5.6400000000e+02,9.1294221742e-03,8.4918455556e-03,7.7051724294e-02,3.6439583114e-01,1.8084371829e-01,2.1087322984e-01,1.4921422871e-01,2.3422097914e+00
5.6450000000e+02,9.0447775394e-03,8.5487240115e-03,7.8192697277e-02,3.6441360414e-01,1.8225206296e-01,2.0888414800e-01,1.4866398607e-01,2.3440853254e+00
5.6500000000e+02,8.9642363995e-03,8.5146167623e-03,7.9395484244e-02,3.6472017794e-01,1.8346664921e-01,2.0677194968e-01,1.4816688576e-01,2.3468187119e+00
5.6550000000e+02,8.9671653349e-03,8.4756194594e-03,8.0054089267e-02,3.6479009682e-01,1.8410157274e-01,2.0499124370e-01,1.4862021268e-01,2.3501639520e+00
5.6600000000e+02,8.8659852831e-03,8.5781895881e-03,8.0817762275e-02,3.6565638489e-01,1.8511459341e-01,2.0336938701e-01,1.4759769755e-01,2.3554181973e+00
5.6650000000e+02,8.8187215720e-03,8.5431153239e-03,8.1447762024e-02,3.6412554950e-01,1.8824222934e-01,2.0112283807e-01,1.4769978418e-01,2.3613624504e+00
5.6700000000e+02,8.7632078363e-03,8.5214583975e-03,8.2155904071e-02,3.6289503937e-01,1.9071019048e-01,1.9947198985e-01,1.4748220999e-01,2.3686872151e+00
5.6750000000e+02,8.7061357553e-03,8.5269376073e-03,8.4026588536e-02,3.6242078827e-01,1.9125703484e-01,1.9796094709e-01,1.4710156791e-01,2.3710747489e+00
5.6800000000e+02,8.6846393993e-03,8.6416104159e-03,8.5533349804e-02,3.6108161823e-01,1.9352746502e-01,1.9573560473e-01,1.4679571240e-01,2.3780846420e+00
5.6850000000e+02,8.5849147508e-03,8.6620084829e-03,8.6785152528e-02,3.5996576348e-01,1.9440412489e-01,1.9437259295e-01,1.4722544291e-01,2.3846747575e+00
5.6900000000e+02,8.5118301991e-03,8.7781387125e-03,8.8532173740e-02,3.6043569615e-01,1.9536739395e-01,1.9299656793e-01,1.4537819932e-01,2.3907784551e+00
5.6950000000e+02,8.5002895995e-03,8.8471780103e-03,8.9337134543e-02,3.6049412755e-01,1.9788283563e-01,1.9090240503e-01,1.4403602964e-01,2.3980897786e+00
5.7000000000e+02,8.4410457182e-03,8.8308382322e-03,9.0655064409e-02,3.6174374314e-01,1.9824343824e-01,1.8960919744e-01,1.4247667282e-01,2.3911409193e+00
5.7050000000e+02,8.3698131871e-03,8.9132354829e-03,9.1641707023e-02,3.6116681935e-01,2.0032240879e-01,1.8723300617e-01,1.4235300999e-01,2.3962161518e+00
5.7100000000e+02,8.3222166538e-03,8.8438175013e-03,9.2840411998e-02,3.6071055597e-01,2.0063519602e-01,1.8606826944e-01,1.4257953241e-01,2.4007310527e+00
5.7150000000e+02,8.2578527473e-03,9.0135851287e-03,9.3225768080e-02,3.6074491151e-01,2.0126093484e-01,1.8547078311e-01,1.4202616458e-01,2.4065384114e+00
5.7200000000e+02,8.2211382158e-03,9.0982110302e-03,9.4836099579e-02,3.6123592986e-01,2.0159204744e-01,1.8431260378e-01,1.4070397010e-01,2.4064647862e+00
5.7250000000e+02,8.1671066279e-03,9.1398008549e-03,9.5969408956e-02,3.6031710883e-01,2.0204073029e-01,1.8331635232e-01,1.4104949212e-01,2.4119400207e+00
5.7300000000e+02,8.0955311649e-03,9.0817363231e-03,9.6663492596e-02,3.6113398996e-01,2.0303611094e-01,1.8207382599e-01,1.3991531302e-01,2.4134899524e+00
5.7350000000e+02,8.0317754911e-03,9.1544818629e-03,9.7863983101e-02,3.6103451695e-01,2.0375798992e-01,1.8029778390e-01,1.3985946877e-01,2.4164008067e+00
5.7400000000e+02,7.9524030944e-03,9.0798278225e-03,9.9105244585e-02,3.6044478817e-01,2.0449821296e-01,1.7902491993e-01,1.3989460344e-01,2.4193772729e+00
5.7450000000e+02,7.8940508590e-03,9.0913150873e-03,1.0040093198e-01,3.5980433802e-01,2.0626137258e-01,1.7640155478e-01,1.4014643669e-01,2.4219449159e+00
5.7500000000e+02,7.8160568301e-03,9.0110656970e-03,1.0174942954e-01,3.6063729046e-01,2.0739717926e-01,1.7446988232e-01,1.3891909589e-01,2.4247797555e+00
5.7550000000e+02,7.7640788441e-03,9.0194842037e-03,1.0292360913e-01,3.5979703979e-01,2.0883168048e-01,1.7353305899e-01,1.3813104857e-01,2.4322526535e+00
5.7600000000e+02,7.7253995040e-03,9.0092517313e-03,1.0432389106e-01,3.5846818845e-01,2.1057591552e-01,1.7195744604e-01,1.3793990769e-01,2.4390102238e+00
5.7650000000e+02,7.6573511955e-03,8.9410773556e-03,1.0590392878e-01,3.5859791735e-01,2.1209447892e-01,1.6936639945e-01,1.3743884696e-01,2.4377843478e+00
5.7700000000e+02,7.5933171734e-03,8.9464291095e-03,1.0675502637e-01,3.5814688298e-01,2.1329878564e-01,1.6697338463e-01,1.3828617411e-01,2.4414302516e+00
5.7750000000e+02,7.5457521209e-03,8.9467140481e-03,1.0810362378e-01,3.5892122348e-01,2.1410323825e-01,1.6398391221e-01,1.3839553612e-01,2.4392367369e+00
5.7800000000e+02,7.5809636907e-03,8.9176368161e-03,1.0932918474e-01,3.5958702844e-01,2.1541242337e-01,1.6159925068e-01,1.3757351226e-01,2.4416081773e+00
5.7850000000e+02,7.5148673831e-03,9.0218601894e-03,1.1072692926e-01,3.6077412149e-01,2.1615227457e-01,1.5970920793e-01,1.3610073918e-01,2.4456455792e+00
5.7900000000e+02,7.4979718926e-03,9.0017774860e-03,1.1306833223e-01,3.5960753451e-01,2.1827635092e-01,1.5629671332e-01,1.3625131964e-01,2.4491477246e+00
5.7950000000e+02,7.4212409079e-03,9.0548213840e-03,1.1380715254e-01,3.5898560200e-01,2.1945338169e-01,1.5446983463e-01,1.3680796685e-01,2.4505542241e+00
5.8000000000e+02,7.3692518962e-03,8.9819339442e-03,1.1524290244e-01,3.5858868956e-01,2.2123243008e-01,1.5259719842e-01,1.3598759366e-01,2.4518544348e+00
5.8050000000e+02,7.3300641188e-03,9.0517819687e-03,1.1664911493e-01,3.5885644488e-01,2.2327803190e-01,1.4984207963e-01,1.3499248257e-01,2.4543427598e+00
5.8100000000e+02,7.2656957181e-03,9.0459304755e-03,1.1843307789e-01,3.5758504140e-01,2.2477373659e-01,1.4813175788e-01,1.3476476004e-01,2.4561910830e+00
5.8150000000e+02,7.2571123722e-03,9.1792999483e-03,1.2017661443e-01,3.5671042818e-01,2.2660461921e-01,1.4633486214e-01,1.3373706372e-01,2.4596940353e+00
5.8200000000e+02,7.2050588731e-03,9.3028711544e-03,1.2115847619e-01,3.5730032890e-01,2.2756941964e-01,1.4434156003e-01,1.3312228522e-01,2.4587104949e+00
5.8250000000e+02,7.1412397912e-03,9.3220838731e-03,1.2328752348e-01,3.5701577404e-01,2.2935096470e-01,1.4132309907e-01,1.3255931504e-01,2.4612027309e+00
5.8300000000e+02,7.0940758095e-03,9.4430117495e-03,1.2499093488e-01,3.5654462993e-01,2.3056232766e-01,1.3956500831e-01,1.3180001167e-01,2.4641570239e+00
5.8350000000e+02,7.0284204849e-03,9.4431697755e-03,1.2652453239e-01,3.5667124009e-01,2.3107306212e-01,1.3824025043e-01,1.3101932471e-01,2.4678170435e+00
5.8400000000e+02,7.0083388735e-03,9.5043753426e-03,1.2700151119e-01,3.5724981008e-01,2.3264346626e-01,1.3573587242e-01,1.3085662584e-01,2.4678322942e+00
5.8450000000e+02,6.9482130636e-03,9.5982354540e-03,1.2726322091e-01,3.5884881398e-01,2.3288227958e-01,1.3387108984e-01,1.3058814717e-01,2.4658133541e+00
5.8500000000e+02,6.9111686275e-03,9.5214855730e-03,1.2954101509e-01,3.5764984895e-01,2.3458666610e-01,1.3169873120e-01,1.3009108447e-01,2.4661749219e+00
5.8550000000e+02,6.8189641981e-03,9.3475597499e-03,1.3128703587e-01,3.5777115500e-01,2.3505743201e-01,1.2971497900e-01,1.3000287417e-01,2.4615594482e+00
5.8600000000e+02,6.8001688824e-03,9.4482548905e-03,1.3306162204e-01,3.5721469670e-01,2.3533601955e-01,1.2760151161e-01,1.3053772632e-01,2.4641888281e+00
5.8650000000e+02,6.7331123802e-03,9.4651223748e-03,1.3483696900e-01,3.5814285246e-01,2.3473408464e-01,1.2637088356e-01,1.2971697559e-01,2.4602313476e+00
5.8700000000e+02,6.7052222726e-03,9.4384066066e-03,1.3671195656e-01,3.5812330143e-01,2.3597540275e-01,1.2412349135e-01,1.2892221904e-01,2.4617037157e+00
5.8750000000e+02,6.6706409849e-03,9.3659087887e-03,1.3847471930e-01,3.5768422166e-01,2.3710808037e-01,1.2198612243e-01,1.2871030645e-01,2.4609897254e+00
5.8800000000e+02,6.7272231198e-03,9.3465174067e-03,1.3946966737e-01,3.5659195085e-01,2.3957554590e-01,1.1945837099e-01,1.2883072437e-01,2.4650043365e+00
5.8850000000e+02,6.7237181766e-03,9.3590921742e-03,1.4011307978e-01,3.5786641555e-01,2.3984033649e-01,1.1779885119e-01,1.2829850663e-01,2.4631537447e+00
5.8900000000e+02,6.7017207754e-03,9.4006682442e-03,1.4137675029e-01,3.5826656474e-01,2.4020316064e-01,1.1618231142e-01,1.2786882389e-01,2.4632261892e+00
5.8950000000e+02,6.7163776896e-03,9.5586331366e-03,1.4278192178e-01,3.5833057705e-01,2.4060881116e-01,1.1434875285e-01,1.2765492634e-01,2.4621847031e+00
5.9000000000e+02,6.7020403062e-03,9.5335788580e-03,1.4472028099e-01,3.5779165081e-01,2.4230561787e-01,1.1209490225e-01,1.2685192892e-01,2.4610047339e+00
5.9050000000e+02,6.6522154290e-03,9.4433487185e-03,1.4551906715e-01,3.5854835604e-01,2.4226974061e-01,1.1112966157e-01,1.2643761049e-01,2.4595846339e+00
5.9100000000e+02,6.6227982130e-03,9.3983879465e-03,1.4608058502e-01,3.5885995175e-01,2.4345271797e-01,1.0918416908e-01,1.2640139002e-01,2.4577693575e+00
5.9150000000e+02,6.6552166220e-03,9.4889737582e-03,1.4709350953e-01,3.5988812973e-01,2.4465312975e-01,1.0682090179e-01,1.2540013882e-01,2.4537028765e+00
5.9200000000e+02,6.5723429225e-03,9.3890165130e-03,1.4761360573e-01,3.6116038902e-01,2.4658001008e-01,1.0458009483e-01,1.2410454090e-01,2.4463482223e+00
5.9250000000e+02,6.5235456766e-03,9.4471234669e-03,1.4913213818e-01,3.6109269521e-01,2.4773910102e-01,1.0282626709e-01,1.2323912936e-01,2.4473023304e+00
5.9300000000e+02,6.5262800727e-03,9.5090889933e-03,1.5065822510e-01,3.6116674324e-01,2.4813561985e-01,1.0107044899e-01,1.2293359376e-01,2.4467687798e+00
5.9350000000e+02,6.4781814629e-03,9.5878842455e-03,1.5238019209e-01,3.5987406839e-01,2.5005400953e-01,9.8777767536e-02,1.2284789674e-01,2.4477868691e+00
5.9400000000e+02,6.3988780993e-03,9.5071018035e-03,1.5316693524e-01,3.6076588252e-01,2.5189849011e-01,9.5801197402e-02,1.2246151483e-01,2.4411331703e+00
5.9450000000e+02,6.4022879134e-03,9.5510058415e-03,1.5496899627e-01,3.6067556247e-01,2.5270213735e-01,9.3976583058e-02,1.2172342710e-01,2.4402639287e+00
5.9500000000e+02,6.3568617013e-03,9.5087061730e-03,1.5613104942e-01,3.6080780253e-01,2.5343326375e-01,9.2709515607e-02,1.2105280082e-01,2.4386347675e+00
5.9550000000e+02,6.3202597556e-03,9.5115158947e-03,1.5794560852e-01,3.6160017291e-01,2.5395168348e-01,9.1061369834e-02,1.1960938960e-01,2.4355764787e+00
5.9600000000e+02,6.3309248536e-03,9.4824237425e-03,1.6069058409e-01,3.6066823360e-01,2.5449155706e-01,8.9393636500e-02,1.1894264016e-01,2.4294867309e+00
5.9650000000e+02,6.3031667427e-03,9.5494669080e-03,1.6187265722e-01,3.5959503173e-01,2.5534089966e-01,8.8734571604e-02,1.1860420613e-01,2.4360854924e+00
5.9700000000e+02,6.2897615480e-03,9.5548391182e-03,1.6378886019e-01,3.5965924559e-01,2.5583702931e-01,8.6931004334e-02,1.1793925991e-01,2.4345565126e+00
5.9750000000e+02,6.2692471836e-03,9.4444504325e-03,1.6483208175e-01,3.5966995509e-01,2.5756985293e-01,8.4405043381e-02,1.1780936923e-01,2.4292522665e+00
5.9800000000e+02,6.2551963993e-03,9.4489625887e-03,1.6601182154e-01,3.6003619657e-01,2.5752483440e-01,8.2873929468e-02,1.1784905904e-01,2.4266711066e+00
5.9850000000e+02,6.2588559633e-03,9.4380586799e-03,1.6854629202e-01,3.5949596469e-01,2.5845793081e-01,8.0768608911e-02,1.1703428893e-01,2.4253291197e+00
5.9900000000e+02,6.1914712531e-03,9.4452332931e-03,1.7042002524e-01,3.5925393791e-01,2.5914381830e-01,7.9114579683e-02,1.1643093432e-01,2.4209985303e+00
5.9950000000e+02,6.1373102843e-03,9.5123357151e-03,1.7293149532e-01,3.5829266701e-01,2.6038795856e-01,7.7059324471e-02,1.1567890864e-01,2.4165419289e+00
6.0000000000e+02,6.1257499325e-03,9.5259260419e-03,1.7586614532e-01,3.5687381011e-01,2.6085820606e-01,7.5419042737e-02,1.1533111980e-01,2.4132057592e+00
6.0050000000e+02,6.0963571395e-03,9.5561442833e-03,1.7732717871e-01,3.5673629943e-01,2.6196011525e-01,7.3543273770e-02,1.1478063141e-01,2.4078478671e+00
6.0100000000e+02,6.1372584706e-03,9.5606258891e-03,1.7970337052e-01,3.5501682947e-01,2.6347207354e-01,7.2186164821e-02,1.1392367729e-01,2.4091188948e+00
6.0150000000e+02,6.1425598140e-03,9.4932988581e-03,1.8175275963e-01,3.5456551591e-01,2.6387888525e-01,7.1407684360e-02,1.1275929617e-01,2.4007058869e+00
6.0200000000e+02,6.1070116848e-03,9.4274303887e-03,1.8336201964e-01,3.5443861777e-01,2.6441103299e-01,7.0533019963e-02,1.1172086755e-01,2.3968531526e+00
6.0250000000e+02,6.1024296347e-03,9.4209572995e-03,1.8571197541e-01,3.5445849417e-01,2.6510857655e-01,6.9065255105e-02,1.1013231183e-01,2.3911094129e+00
6.0300000000e+02,6.1151733410e-03,9.4064654754e-03,1.8782276669e-01,3.5450947767e-01,2.6616830931e-01,6.7552072012e-02,1.0842573550e-01,2.3869689067e+00
6.0350000000e+02,6.1182968441e-03,9.3036636339e-03,1.8872102834e-01,3.5336096157e-01,2.6690063899e-01,6.6669349684e-02,1.0892606093e-01,2.3865086478e+00
6.0400000000e+02,6.1574803565e-03,9.3339886408e-03,1.9051793848e-01,3.5306690812e-01,2.6778180809e-01,6.4828188195e-02,1.0831368812e-01,2.3815062006e+00
6.0450000000e+02,6.1694799611e-03,9.2874579329e-03,1.9300160124e-01,3.5022001697e-01,2.6985802341e-01,6.3289213638e-02,1.0817420685e-01,2.3830429527e+00
6.0500000000e+02,6.1451392798e-03,9.2820269920e-03,1.9417983973e-01,3.5132469185e-01,2.7034031005e-01,6.1761152655e-02,1.0696683945e-01,2.3782985533e+00
6.0550000000e+02,6.0742227836e-03,9.2099953450e-03,1.9511060430e-01,3.5155493590e-01,2.7137362316e-01,6.0044120705e-02,1.0663249780e-01,2.3709674217e+00
6.0600000000e+02,6.0312066169e-03,9.2500741992e-03,1.9646600018e-01,3.5118649696e-01,2.7214253580e-01,5.8854173097e-02,1.0606951314e-01,2.3638815299e+00
6.0650000000e+02,6.0134072741e-03,9.1306940305e-03,1.9914448608e-01,3.4932641566e-01,2.7317065058e-01,5.7578057773e-02,1.0563628860e-01,2.3577522513e+00
6.0700000000e+02,6.0282006111e-03,9.1125008594e-03,2.0073983999e-01,3.4989060813e-01,2.7298340772e-01,5.6540236069e-02,1.0470520663e-01,2.3501116042e+00
6.0750000000e+02,6.0527145148e-03,9.0943788304e-03,2.0255496601e-01,3.4987057253e-01,2.7277983584e-01,5.5875016647e-02,1.0377251563e-01,2.3473368608e+00
6.0800000000e+02,6.0707587580e-03,9.0525836380e-03,2.0327063196e-01,3.4912643505e-01,2.7412141668e-01,5.4924973406e-02,1.0343320051e-01,2.3464943172e+00
6.0850000000e+02,6.0960589385e-03,8.9324567573e-03,2.0534236345e-01,3.4788826130e-01,2.7519269346e-01,5.3900642825e-02,1.0264752327e-01,2.3434526371e+00
6.0900000000e+02,6.0652365284e-03,8.8218086976e-03,2.0823923334e-01,3.4670030859e-01,2.7561543811e-01,5.3203432639e-02,1.0135454209e-01,2.3354607022e+00
6.0950000000e+02,6.1002185740e-03,8.8643640912e-03,2.1078537543e-01,3.4505039570e-01,2.7616223344e-01,5.2404152898e-02,1.0063325986e-01,2.3324184914e+00
6.1000000000e+02,6.1275429661e-03,8.9973037240e-03,2.1361243547e-01,3.4382417609e-01,2.7550803760e-01,5.1414899009e-02,1.0051560514e-01,2.3251856107e+00
6.1050000000e+02,6.1445679593e-03,8.9492267417e-03,2.1570177188e-01,3.4305232428e-01,2.7528828582e-01,5.0742815107e-02,1.0012100821e-01,2.3227941456e+00
6.1100000000e+02,6.0697224073e-03,8.8501592759e-03,2.1807486223e-01,3.4162229223e-01,2.7658446727e-01,4.9492432166e-02,9.9306064420e-02,2.3154420697e+00
6.1150000000e+02,6.0471471056e-03,8.7662766953e-03,2.2064621615e-01,3.4063893619e-01,2.7683697325e-01,4.8881206730e-02,9.8183243883e-02,2.3080631218e+00
6.1200000000e+02,6.0876539097e-03,8.7914483669e-03,2.2244616404e-01,3.3917280586e-01,2.7694067795e-01,4.8357482881e-02,9.8203766999e-02,2.3087861019e+00
6.1250000000e+02,6.0859691618e-03,8.7635988801e-03,2.2438189831e-01,3.3915149260e-01,2.7645343329e-01,4.7459331730e-02,9.7704276031e-02,2.3017497377e+00
6.1300000000e+02,6.0574299536e-03,8.6901658893e-03,2.2496167152e-01,3.4081858422e-01,2.7499479431e-01,4.7514138385e-02,9.6963215729e-02,2.2908299064e+00
6.1350000000e+02,6.0285059482e-03,8.6753978616e-03,2.2655986603e-01,3.4084429217e-01,2.7432559373e-01,4.7310517752e-02,9.6255826505e-02,2.2873315289e+00
6.1400000000e+02,6.0470293481e-03,8.7227156026e-03,2.2856240242e-01,3.4013682944e-01,2.7439267102e-01,4.6443581856e-02,9.5694770316e-02,2.2838874737e+00
6.1450000000e+02,6.0867019142e-03,8.6287893583e-03,2.3112260735e-01,3.3828680323e-01,2.7480300504e-01,4.5775158531e-02,9.5296934582e-02,2.2834178399e+00
6.1500000000e+02,6.0931663957e-03,8.5795728533e-03,2.3318741186e-01,3.3648432881e-01,2.7583758328e-01,4.5194710707e-02,9.4623226084e-02,2.2819581144e+00
6.1550000000e+02,6.0727235255e-03,8.5321124075e-03,2.3670286214e-01,3.3456494734e-01,2.7544384837e-01,4.4641706692e-02,9.4041799535e-02,2.2774844097e+00
6.1600000000e+02,6.0835719229e-03,8.4674474454e-03,2.3863783367e-01,3.3387932143e-01,2.7518388621e-01,4.4196660370e-02,9.3551278942e-02,2.2759476397e+00
6.1650000000e+02,6.0819233532e-03,8.4201433407e-03,2.4068739091e-01,3.3279943909e-01,2.7483670349e-01,4.3844958029e-02,9.3329441782e-02,2.2722827780e+00
6.1700000000e+02,6.1053336822e-03,8.3306284526e-03,2.4329661587e-01,3.3135853677e-01,2.7506232330e-01,4.3278398588e-02,9.2568163348e-02,2.2695595930e+00
6.1750000000e+02,6.0778885622e-03,8.4020035866e-03,2.4595688784e-01,3.2990166004e-01,2.7421756270e-01,4.3084001298e-02,9.2359995981e-02,2.2685977765e+00
6.1800000000e+02,6.0699799558e-03,8.3529368639e-03,2.4739005215e-01,3.2910329632e-01,2.7415542590e-01,4.2970042803e-02,9.1958265999e-02,2.2673017629e+00
6.1850000000e+02,6.0926530586e-03,8.3100293920e-03,2.4978673195e-01,3.2791778503e-01,2.7383042236e-01,4.2803994940e-02,9.1258383265e-02,2.2651996714e+00
6.1900000000e+02,6.0883549435e-03,8.3495226686e-03,2.5192650451e-01,3.2655530461e-01,2.7310731549e-01,4.2967649132e-02,9.1005348658e-02,2.2602118840e+00
6.1950000000e+02,6.0498912290e-03,8.3384305491e-03,2.5468570039e-01,3.2546456768e-01,2.7215378308e-01,4.3142511801e-02,9.0165115273e-02,2.2611271442e+00
6.2000000000e+02,6.0745602966e-03,8.3065461350e-03,2.5811321638e-01,3.2370381969e-01,2.7115197886e-01,4.3437021750e-02,8.9212856888e-02,2.2607727118e+00
6.2050000000e+02,6.0868638089e-03,8.2546246389e-03,2.5962480001e-01,3.2341937781e-01,2.7049452485e-01,4.3513230543e-02,8.8606578331e-02,2.2590462723e+00
6.2100000000e+02,6.0983889548e-03,8.1751274440e-03,2.6348811304e-01,3.2024803620e-01,2.7004600244e-01,4.3798694514e-02,8.8145637413e-02,2.2574040294e+00
6.2150000000e+02,6.1716914457e-03,8.2109418208e-03,2.6638452974e-01,3.1789388018e-01,2.6996241526e-01,4.3980131110e-02,8.7396410447e-02,2.2628675128e+00
6.2200000000e+02,6.1464727770e-03,8.1902927772e-03,2.6910098398e-01,3.1576349751e-01,2.6994277525e-01,4.4360741632e-02,8.6495236071e-02,2.2638845454e+00
6.2250000000e+02,6.1538899738e-03,8.1784077514e-03,2.7209953059e-01,3.1429846610e-01,2.6860192344e-01,4.4610270367e-02,8.6057511777e-02,2.2631117942e+00
6.2300000000e+02,6.1865214050e-03,8.1255703829e-03,2.7487976935e-01,3.1274407795e-01,2.6829998192e-01,4.4377070539e-02,8.5387008462e-02,2.2627767384e+00
6.2350000000e+02,6.1931979761e-03,8.0181544739e-03,2.7717368461e-01,3.1136062739e-01,2.6750116458e-01,4.4896048730e-02,8.4857122240e-02,2.2590966439e+00
6.2400000000e+02,6.2054916735e-03,7.9943460317e-03,2.7967998460e-01,3.0942982817e-01,2.6684993494e-01,4.5434713406e-02,8.4405701184e-02,2.2562125467e+00
6.2450000000e+02,6.1786175685e-03,8.0052565081e-03,2.8261093954e-01,3.0850784270e-01,2.6535113100e-01,4.5976120810e-02,8.3370091873e-02,2.2529967361e+00
6.2500000000e+02,6.2061734890e-03,7.9810689715e-03,2.8441782761e-01,3.0762155235e-01,2.6486339169e-01,4.6161557034e-02,8.2748428852e-02,2.2526604314e+00
6.2550000000e+02,6.1967480993e-03,8.0267748555e-03,2.8674448054e-01,3.0499671844e-01,2.6493514433e-01,4.6706773118e-02,8.2393360618e-02,2.2562252280e+00
6.2600000000e+02,6.2392485561e-03,8.0604753606e-03,2.8859184553e-01,3.0355665300e-01,2.6474858260e-01,4.6903235552e-02,8.1899959400e-02,2.2593935306e+00
6.2650000000e+02,6.2231386481e-03,8.0246760163e-03,2.9095062413e-01,3.0241221661e-01,2.6350514125e-01,4.7558695343e-02,8.1325508001e-02,2.2546939311e+00
6.2700000000e+02,6.2753579795e-03,8.0699081314e-03,2.9342020275e-01,2.9969878473e-01,2.6241626039e-01,4.8537682226e-02,8.1581803792e-02,2.2571301935e+00
6.2750000000e+02,6.2642573446e-03,8.0780407081e-03,2.9597123247e-01,2.9871057151e-01,2.6037723375e-01,4.9456481249e-02,8.1142182965e-02,2.2579785900e+00
6.2800000000e+02,6.2734362066e-03,8.0334006417e-03,2.9870346632e-01,2.9612543078e-01,2.5947733190e-01,5.0198575463e-02,8.1188358691e-02,2.2589121806e+00
6.2850000000e+02,6.2793220862e-03,7.9712199517e-03,3.0238122309e-01,2.9374677027e-01,2.5803214107e-01,5.0823051866e-02,8.0766271663e-02,2.2565883916e+00
6.2900000000e+02,6.2740818606e-03,7.9367530897e-03,3.0597229182e-01,2.9048884821e-01,2.5751999275e-01,5.1275994241e-02,8.0532038033e-02,2.2546605080e+00
6.2950000000e+02,6.2946253305e-03,7.9421069184e-03,3.0870129948e-01,2.8835014792e-01,2.5678414873e-01,5.1798306006e-02,8.0129365609e-02,2.2541502816e+00
6.3000000000e+02,6.3330028642e-03,7.8955100789e-03,3.1283529099e-01,2.8590200715e-01,2.5539420341e-01,5.2473307240e-02,7.9166678265e-02,2.2494196782e+00
6.3050000000e+02,6.3197569425e-03,7.8752102423e-03,3.1559362964e-01,2.8435774062e-01,2.5412027165e-01,5.3480169638e-02,7.8253221269e-02,2.2456433627e+00
6.3100000000e+02,6.3310228185e-03,7.8506765280e-03,3.1873852286e-01,2.8109505936e-01,2.5350074255e-01,5.4150596935e-02,7.8333378953e-02,2.2478529260e+00
6.3150000000e+02,6.4168488137e-03,7.9192607463e-03,3.2092614303e-01,2.7803567384e-01,2.5251552586e-01,5.5497244260e-02,7.8689303451e-02,2.2544198811e+00
6.3200000000e+02,6.4583850396e-03,8.0195664080e-03,3.2317428450e-01,2.7608769530e-01,2.5128944866e-01,5.6111672725e-02,7.8858947369e-02,2.2549678580e+00
6.3250000000e+02,6.4853345289e-03,7.9957053947e-03,3.2647809102e-01,2.7398713246e-01,2.5010988117e-01,5.6677924664e-02,7.8265930770e-02,2.2485973921e+00
6.3300000000e+02,6.5212869565e-03,8.0483276310e-03,3.2848359014e-01,2.7294697530e-01,2.4887638593e-01,5.7594005047e-02,7.7529429002e-02,2.2453446800e+00
6.3350000000e+02,6.5769981924e-03,8.1008696664e-03,3.3186200348e-01,2.6996518321e-01,2.4765286355e-01,5.8824344288e-02,7.7017737615e-02,2.2478691337e+00
6.3400000000e+02,6.6252678695e-03,8.1090312957e-03,3.3423743604e-01,2.6840628141e-01,2.4603576322e-01,5.9902367031e-02,7.6683853141e-02,2.2480543582e+00
6.3450000000e+02,6.7658641102e-03,8.1537423758e-03,3.3747213057e-01,2.6560961682e-01,2.4471322089e-01,6.1417182797e-02,7.5868242425e-02,2.2484012759e+00
6.3500000000e+02,6.8567392905e-03,8.1390603772e-03,3.3961635487e-01,2.6431627271e-01,2.4268271210e-01,6.2675390119e-02,7.5713470532e-02,2.2478305153e+00
6.3550000000e+02,6.9121455515e-03,8.0987916828e-03,3.4337801193e-01,2.6213950301e-01,2.4009625381e-01,6.4411691149e-02,7.4963602861e-02,2.2402523111e+00
6.3600000000e+02,6.9867317997e-03,8.1998721264e-03,3.4615405768e-01,2.5920726930e-01,2.3792026119e-01,6.6329178481e-02,7.5202629421e-02,2.2417155814e+00
6.3650000000e+02,7.0393523007e-03,8.1430422421e-03,3.4873477169e-01,2.5732373283e-01,2.3634775111e-01,6.7236038742e-02,7.5175311090e-02,2.2379229605e+00
6.3700000000e+02,7.0403071763e-03,8.1334576936e-03,3.5094704591e-01,2.5473790118e-01,2.3658404151e-01,6.7526835756e-02,7.5030410777e-02,2.2369678134e+00
6.3750000000e+02,7.0485449457e-03,8.1156851294e-03,3.5423151392e-01,2.5146496313e-01,2.3619559272e-01,6.7989155623e-02,7.4954544530e-02,2.2342523923e+00
6.3800000000e+02,7.0823191137e-03,8.0546743108e-03,3.5723852651e-01,2.4898058936e-01,2.3464996694e-01,6.9128045917e-02,7.4865877848e-02,2.2325180022e+00
6.3850000000e+02,7.1088805075e-03,8.1375845510e-03,3.6076686039e-01,2.4653379037e-01,2.3211035000e-01,7.0703692832e-02,7.4638841358e-02,2.2288532065e+00
6.3900000000e+02,7.1963968486e-03,8.1435608268e-03,3.6278198339e-01,2.4421790110e-01,2.3054555869e-01,7.2508287406e-02,7.4606311736e-02,2.2322042984e+00
6.3950000000e+02,7.2605378000e-03,8.2117584677e-03,3.6616745895e-01,2.4160975298e-01,2.2941592774e-01,7.3289819571e-02,7.4044744485e-02,2.2284144310e+00
6.4000000000e+02,7.3317974397e-03,8.1877305085e-03,3.6834527957e-01,2.3975834917e-01,2.2756145109e-01,7.4557242008e-02,7.4258150216e-02,2.2258606830e+00
6.4050000000e+02,7.4299275784e-03,8.2317222060e-03,3.7169805070e-01,2.3695782775e-01,2.2625374710e-01,7.5493018167e-02,7.3935706501e-02,2.2230068254e+00
6.4100000000e+02,7.4862239978e-03,8.3105642474e-03,3.7429767896e-01,2.3494377453e-01,2.2484047410e-01,7.6463530544e-02,7.3657753625e-02,2.2204963859e+00
6.4150000000e+02,7.5029133400e-03,8.3490290502e-03,3.7759792944e-01,2.3234344292e-01,2.2387413079e-01,7.6858866785e-02,7.3473687678e-02,2.2162134369e+00
6.4200000000e+02,7.5271182509e-03,8.3053841465e-03,3.8026630435e-01,2.3004271142e-01,2.2198038164e-01,7.8331910695e-02,7.3546189493e-02,2.2129522685e+00
6.4250000000e+02,7.5861892905e-03,8.3473968873e-03,3.8191366047e-01,2.2783231751e-01,2.2110909671e-01,7.9720192289e-02,7.3491146847e-02,2.2150636798e+00
6.4300000000e+02,7.6143386231e-03,8.3442887293e-03,3.8474955197e-01,2.2470784949e-01,2.2075994228e-01,8.0016933076e-02,7.3807095833e-02,2.2118618921e+00
6.4350000000e+02,7.6384234180e-03,8.3790250365e-03,3.8857616823e-01,2.2235569072e-01,2.1998567525e-01,8.0270335137e-02,7.2794682198e-02,2.2018595369e+00
6.4400000000e+02,7.6581970672e-03,8.4766701381e-03,3.9003998451e-01,2.2205627269e-01,2.1870369291e-01,8.1150093634e-02,7.1915089050e-02,2.1943091268e+00
6.4450000000e+02,7.7384656720e-03,8.5329832593e-03,3.9269602891e-01,2.2008057476e-01,2.1758640366e-01,8.2014249184e-02,7.1351294555e-02,2.1895134666e+00
6.4500000000e+02,7.7476290873e-03,8.5123584089e-03,3.9660326453e-01,2.1631904316e-01,2.1626890641e-01,8.3467996839e-02,7.1080801571e-02,2.1866688949e+00
6.4550000000e+02,7.7814650153e-03,8.5278177093e-03,3.9919721787e-01,2.1400798979e-01,2.1502874589e-01,8.4799472876e-02,7.0657290844e-02,2.1816863456e+00
6.4600000000e+02,7.7254837835e-03,8.5729920139e-03,4.0115330606e-01,2.1172921688e-01,2.1456466214e-01,8.5740500134e-02,7.0513838992e-02,2.1727327276e+00
6.4650000000e+02,7.7893218071e-03,8.5739989283e-03,4.0360047993e-01,2.0917432471e-01,2.1268091030e-01,8.7387149767e-02,7.0793814549e-02,2.1697532210e+00
6.4700000000e+02,7.8748528474e-03,8.6446147079e-03,4.0575723982e-01,2.0652966656e-01,2.1094913773e-01,8.9191851192e-02,7.1052637145e-02,2.1667912557e+00
6.4750000000e+02,7.9172101525e-03,8.7431409149e-03,4.0841467231e-01,2.0405724209e-01,2.0874010207e-01,9.1047155588e-02,7.1080476877e-02,2.1644464608e+00
6.4800000000e+02,7.9491111552e-03,8.8095103508e-03,4.1248120426e-01,2.0067397791e-01,2.0636529015e-01,9.3171416507e-02,7.0549489665e-02,2.1544244885e+00
6.4850000000e+02,8.0022722748e-03,8.7921130328e-03,4.1520410499e-01,1.9861310080e-01,2.0510134582e-01,9.4061233377e-02,7.0225829703e-02,2.1499114559e+00
6.4900000000e+02,8.1390009407e-03,8.8280625587e-03,4.1786055481e-01,1.9730580388e-01,2.0292987492e-01,9.5703427681e-02,6.9233275210e-02,2.1442186820e+00
6.4950000000e+02,8.2032412841e-03,8.8516204707e-03,4.2182497063e-01,1.9371239931e-01,2.0059917626e-01,9.7994381244e-02,6.8814210812e-02,2.1371837098e+00
6.5000000000e+02,8.2653318380e-03,8.9216796642e-03,4.2439420584e-01,1.9127556271e-01,1.9945044150e-01,9.9219941052e-02,6.8472837395e-02,2.1350600578e+00
6.5050000000e+02,8.3620825086e-03,8.9604346148e-03,4.2753894301e-01,1.8912695776e-01,1.9697373592e-01,1.0120692224e-01,6.7830923940e-02,2.1286314812e+00
6.5100000000e+02,8.4028435480e-03,9.0035025554e-03,4.3048826457e-01,1.8730181388e-01,1.9364937290e-01,1.0343091700e-01,6.7723285549e-02,2.1249225106e+00
6.5150000000e+02,8.4789695983e-03,8.9754046528e-03,4.3265613581e-01,1.8557945866e-01,1.9275051063e-01,1.0359767518e-01,6.7961845470e-02,2.1173560761e+00
6.5200000000e+02,8.5578301399e-03,9.0665150762e-03,4.3423851831e-01,1.8342626921e-01,1.9230846199e-01,1.0447767344e-01,6.7924731834e-02,2.1140148990e+00
6.5250000000e+02,8.6599744084e-03,9.1212295020e-03,4.3656030323e-01,1.8102071740e-01,1.9142631945e-01,1.0598050941e-01,6.7230946596e-02,2.1060587853e+00
6.5300000000e+02,8.6861713708e-03,9.1153341632e-03,4.3963587281e-01,1.7854569969e-01,1.8991964847e-01,1.0702019715e-01,6.7077076337e-02,2.0967092640e+00
6.5350000000e+02,8.8697402988e-03,9.2439117288e-03,4.4184221719e-01,1.7648728406e-01,1.8919547020e-01,1.0752248858e-01,6.6838887940e-02,2.0910701072e+00
6.5400000000e+02,8.9129644033e-03,9.3172919913e-03,4.4343786820e-01,1.7526272916e-01,1.8697787055e-01,1.0975200277e-01,6.6339272928e-02,2.0857506604e+00
6.5450000000e+02,8.9886667012e-03,9.4144094661e-03,4.4518995883e-01,1.7340217004e-01,1.8583525800e-01,1.1090963498e-01,6.6259901975e-02,2.0808683352e+00
6.5500000000e+02,9.0590446368e-03,9.4225748425e-03,4.4664271089e-01,1.7153472306e-01,1.8449972981e-01,1.1239577637e-01,6.6445440390e-02,2.0763991822e+00
6.5550000000e+02,9.0956777377e-03,9.4189540781e-03,4.4894502002e-01,1.6979727709e-01,1.8247526162e-01,1.1399872853e-01,6.6269080933e-02,2.0671858492e+00
6.5600000000e+02,9.2084803806e-03,9.4754895679e-03,4.5170328671e-01,1.6767433786e-01,1.8090969551e-01,1.1512212153e-01,6.5906588441e-02,2.0616957127e+00
6.5650000000e+02,9.3626939281e-03,9.5570228331e-03,4.5292781252e-01,1.6612354903e-01,1.7945846007e-01,1.1699138337e-01,6.5579078243e-02,2.0584891167e+00
6.5700000000e+02,9.3906058282e-03,9.5309177526e-03,4.5503990067e-01,1.6348389194e-01,1.7880930016e-01,1.1831468059e-01,6.5430703056e-02,2.0489596605e+00
6.5750000000e+02,9.4926724104e-03,9.6130527090e-03,4.5665769023e-01,1.6137040450e-01,1.7654406211e-01,1.2059148101e-01,6.5730637030e-02,2.0471294018e+00
6.5800000000e+02,9.4963898754e-03,9.6088834552e-03,4.5921202722e-01,1.5922065279e-01,1.7621923921e-01,1.2100498483e-01,6.5237822622e-02,2.0380199635e+00
6.5850000000e+02,9.5476315855e-03,9.6091535788e-03,4.6188379489e-01,1.5689722629e-01,1.7477936663e-01,1.2223244294e-01,6.5050384074e-02,2.0310227200e+00
6.5900000000e+02,9.6014767581e-03,9.7141322809e-03,4.6366225090e-01,1.5447632034e-01,1.7396383580e-01,1.2329543935e-01,6.5286544568e-02,2.0251088469e+00
6.5950000000e+02,9.6288888439e-03,9.8042119216e-03,4.6417704013e-01,1.5349643488e-01,1.7227937492e-01,1.2528611333e-01,6.5327935981e-02,2.0249652641e+00
6.6000000000e+02,9.6816480813e-03,9.7979204372e-03,4.6720245740e-01,1.5110441739e-01,1.7091403809e-01,1.2635200617e-01,6.4947512431e-02,2.0123126315e+00
6.6050000000e+02,9.8560066359e-03,9.9591945168e-03,4.6839969431e-01,1.4963530342e-01,1.6887730420e-01,1.2832781116e-01,6.4944685759e-02,2.0074483012e+00
6.6100000000e+02,1.0027494094e-02,1.0148684820e-02,4.6902745332e-01,1.4830113207e-01,1.6717975315e-01,1.2993920787e-01,6.5376274685e-02,2.0044396117e+00
6.6150000000e+02,1.0023370977e-02,1.0261327979e-02,4.7081834222e-01,1.4611173438e-01,1.6566619468e-01,1.3136514900e-01,6.5753880775e-02,2.0012704872e+00
6.6200000000e+02,1.0050319728e-02,1.0385235571e-02,4.7358645256e-01,1.4335631327e-01,1.6456960806e-01,1.3238570071e-01,6.5666370093e-02,1.9902249639e+00
6.6250000000e+02,1.0128729051e-02,1.0434299367e-02,4.7613459611e-01,1.4140971987e-01,1.6333779174e-01,1.3364252132e-01,6.4912342548e-02,1.9807633293e+00
6.6300000000e+02,1.0233305096e-02,1.0513310087e-02,4.7773615442e-01,1.3926101443e-01,1.6282507626e-01,1.3475899402e-01,6.4672145687e-02,1.9733377064e+00
6.6350000000e+02,1.0320013270e-02,1.0573575091e-02,4.7962051329e-01,1.3711118619e-01,1.6101169036e-01,1.3645576494e-01,6.4907256861e-02,1.9647513790e+00
6.6400000000e+02,1.0427546560e-02,1.0671513801e-02,4.8183190923e-01,1.3478010758e-01,1.5888439680e-01,1.3811117924e-01,6.5293346785e-02,1.9606478649e+00
6.6450000000e+02,1.0451202707e-02,1.0749323804e-02,4.8427010929e-01,1.3254901314e-01,1.5657899617e-01,1.4033896536e-01,6.5062389536e-02,1.9528458999e+00
6.6500000000e+02,1.0455366715e-02,1.0707352163e-02,4.8618193294e-01,1.3092464998e-01,1.5366893707e-01,1.4285943469e-01,6.5202326454e-02,1.9435372416e+00
6.6550000000e+02,1.0566871491e-02,1.0761368058e-02,4.8715305564e-01,1.2986303502e-01,1.5082514087e-01,1.4575049139e-01,6.5080037534e-02,1.9334735561e+00
6.6600000000e+02,1.0595767807e-02,1.0777396080e-02,4.8940607659e-01,1.2833487450e-01,1.4797498074e-01,1.4816444640e-01,6.4746457883e-02,1.9198130121e+00
6.6650000000e+02,1.0568375464e-02,1.0652810677e-02,4.9180478576e-01,1.2650958850e-01,1.4494578700e-01,1.5080243847e-01,6.4716214130e-02,1.9058355557e+00
6.6700000000e+02,1.0593436063e-02,1.0857470267e-02,4.9294929904e-01,1.2595584890e-01,1.4267302521e-01,1.5280035438e-01,6.4170566133e-02,1.9004790890e+00
6.6750000000e+02,1.0628846699e-02,1.0866758940e-02,4.9458068609e-01,1.2479267487e-01,1.4110667574e-01,1.5398127903e-01,6.4043078641e-02,1.8921876739e+00
6.6800000000e+02,1.0641534004e-02,1.0935131601e-02,4.9652786830e-01,1.2304216302e-01,1.3941470134e-01,1.5630759794e-01,6.3131003795e-02,1.8777657280e+00
6.6850000000e+02,1.0655869378e-02,1.0956513017e-02,4.9838083810e-01,1.2206282998e-01,1.3717159771e-01,1.5842686457e-01,6.2345487253e-02,1.8659259880e+00
6.6900000000e+02,1.0646544617e-02,1.0976358467e-02,5.0093063817e-01,1.1998749162e-01,1.3489862660e-01,1.6036289700e-01,6.2197443519e-02,1.8552348040e+00
6.6950000000e+02,1.0697845256e-02,1.1023809839e-02,5.0208208270e-01,1.1882368776e-01,1.3349271468e-01,1.6176264961e-01,6.2117210166e-02,1.8507402399e+00
6.7000000000e+02,1.0736111283e-02,1.1181125383e-02,5.0254255807e-01,1.1751600306e-01,1.3217372639e-01,1.6380377531e-01,6.2046700504e-02,1.8430556626e+00
6.7050000000e+02,1.0723163911e-02,1.1251583082e-02,5.0351088794e-01,1.1654021280e-01,1.3068247922e-01,1.6512890372e-01,6.2162769320e-02,1.8357903425e+00
6.7100000000e+02,1.0764421042e-02,1.1186377796e-02,5.0565319801e-01,1.1521886166e-01,1.2960587503e-01,1.6593823984e-01,6.1633026615e-02,1.8229152126e+00
6.7150000000e+02,1.0831567645e-02,1.1356954970e-02,5.0683276388e-01,1.1344734372e-01,1.2864836231e-01,1.6737356777e-01,6.1509439704e-02,1.8162678220e+00
6.7200000000e+02,1.0945755175e-02,1.1435517855e-02,5.0727081073e-01,1.1248249718e-01,1.2712434270e-01,1.6881845656e-01,6.1922619802e-02,1.8148679029e+00
6.7250000000e+02,1.1068618076e-02,1.1482209323e-02,5.0762938081e-01,1.1245079534e-01,1.2472442672e-01,1.7114765577e-01,6.1496913954e-02,1.8089997634e+00
6.7300000000e+02,1.1038491240e-02,1.1527694265e-02,5.0914486258e-01,1.1096023258e-01,1.2316225042e-01,1.7242118054e-01,6.1745288372e-02,1.7975685398e+00
6.7350000000e+02,1.1043511139e-02,1.1559102218e-02,5.1056573922e-01,1.0984944975e-01,1.2152499174e-01,1.7381518811e-01,6.1642017820e-02,1.7865376802e+00
6.7400000000e+02,1.1147610213e-02,1.1655164812e-02,5.1149897648e-01,1.0862232933e-01,1.2004635774e-01,1.7504817986e-01,6.1981381570e-02,1.7804102828e+00
6.7450000000e+02,1.1269538898e-02,1.1778378997e-02,5.1168159393e-01,1.0825187941e-01,1.1861376664e-01,1.7667173007e-01,6.1733112068e-02,1.7777904319e+00
6.7500000000e+02,1.1207696095e-02,1.1900725116e-02,5.1306283737e-01,1.0735135726e-01,1.1669413082e-01,1.7870114504e-01,6.1082108291e-02,1.7633049200e+00
6.7550000000e+02,1.1219194812e-02,1.1996769228e-02,5.1368182752e-01,1.0614383013e-01,1.1548438311e-01,1.8021002045e-01,6.1263974751e-02,1.7553266200e+00
6.7600000000e+02,1.1114543942e-02,1.1959367144e-02,5.1440683577e-01,1.0523872906e-01,1.1430667945e-01,1.8147861362e-01,6.1495231026e-02,1.7462650076e+00
6.7650000000e+02,1.1250373472e-02,1.2127577312e-02,5.1447199428e-01,1.0460709081e-01,1.1186512378e-01,1.8363978261e-01,6.2038057729e-02,1.7426955971e+00
6.7700000000e+02,1.1244408595e-02,1.2148064309e-02,5.1469264006e-01,1.0436870656e-01,1.1003783415e-01,1.8535851369e-01,6.2149832637e-02,1.7323985088e+00
6.7750000000e+02,1.1220121845e-02,1.2203400462e-02,5.1501567600e-01,1.0398478393e-01,1.1009396193e-01,1.8543059513e-01,6.2051460695e-02,1.7246412235e+00
6.7800000000e+02,1.1303582544e-02,1.2388896040e-02,5.1477903077e-01,1.0449073970e-01,1.0885051169e-01,1.8655865372e-01,6.1628585536e-02,1.7256885898e+00
6.7850000000e+02,1.1287268415e-02,1.2560459517e-02,5.1489556796e-01,1.0464265873e-01,1.0708007385e-01,1.8819183519e-01,6.1342136327e-02,1.7195702256e+00
6.7900000000e+02,1.1405380506e-02,1.2686231173e-02,5.1457030013e-01,1.0455811721e-01,1.0605875043e-01,1.8940890063e-01,6.1312319923e-02,1.7175449227e+00
6.7950000000e+02,1.1424205156e-02,1.2756745786e-02,5.1516562122e-01,1.0376995776e-01,1.0468734642e-01,1.9104346495e-01,6.1152658709e-02,1.7144162767e+00
6.8000000000e+02,1.1451313078e-02,1.2829867128e-02,5.1600624784e-01,1.0286166134e-01,1.0339215851e-01,1.9179986629e-01,6.1658885811e-02,1.7114922249e+00
6.8050000000e+02,1.1548209572e-02,1.3005600194e-02,5.1614689810e-01,1.0235013288e-01,1.0234982580e-01,1.9223251894e-01,6.2366814515e-02,1.7116763556e+00
6.8100000000e+02,1.1425736068e-02,1.3123834421e-02,5.1647259561e-01,1.0193038012e-01,1.0181746548e-01,1.9295543481e-01,6.2274553499e-02,1.7037467864e+00
6.8150000000e+02,1.1507255583e-02,1.3186022430e-02,5.1704494458e-01,1.0136544733e-01,9.9721451168e-02,1.9469438970e-01,6.2480489213e-02,1.6975581641e+00
6.8200000000e+02,1.1590356549e-02,1.3194549376e-02,5.1851253062e-01,1.0064670191e-01,9.8499428750e-02,1.9570022443e-01,6.1856208367e-02,1.6902214047e+00
6.8250000000e+02,1.1610727771e-02,1.3234350792e-02,5.1943943819e-01,1.0032542577e-01,9.6885615210e-02,1.9713989438e-01,6.1364547892e-02,1.6874683951e+00
6.8300000000e+02,1.1541555421e-02,1.3380822662e-02,5.2036222329e-01,9.9162630580e-02,9.7210253835e-02,1.9717015795e-01,6.1172356263e-02,1.6806077123e+00
6.8350000000e+02,1.1504886450e-02,1.3481054352e-02,5.2027439096e-01,9.8969493072e-02,9.7065453840e-02,1.9751357648e-01,6.1191144844e-02,1.6721479220e+00
6.8400000000e+02,1.1569032547e-02,1.3571028016e-02,5.2018073760e-01,9.8275420622e-02,9.6457968283e-02,1.9852387703e-01,6.1421935905e-02,1.6756439962e+00
6.8450000000e+02,1.1434470872e-02,1.3604053629e-02,5.2124269825e-01,9.8337663745e-02,9.5662961524e-02,1.9898430783e-01,6.0733844155e-02,1.6714875746e+00
6.8500000000e+02,1.1365236609e-02,1.3621605601e-02,5.2250216714e-01,9.8059996115e-02,9.4326210929e-02,1.9988068473e-01,6.0244098880e-02,1.6634561587e+00
6.8550000000e+02,1.1339296395e-02,1.3676034939e-02,5.2320745697e-01,9.7557265717e-02,9.3725572326e-02,2.0068577465e-01,5.9808599000e-02,1.6613549051e+00
6.8600000000e+02,1.1317364576e-02,1.3740230457e-02,5.2392406761e-01,9.6436525956e-02,9.3329441419e-02,2.0169205782e-01,5.9560312164e-02,1.6581437585e+00
6.8650000000e+02,1.1414561390e-02,1.3836199429e-02,5.2423305569e-01,9.6807981430e-02,9.1468203959e-02,2.0299095987e-01,5.9249038229e-02,1.6603004420e+00
6.8700000000e+02,1.1392077425e-02,1.3860524840e-02,5.2427577246e-01,9.6728629078e-02,9.1507492823e-02,2.0332794341e-01,5.8907559964e-02,1.6607040916e+00
6.8750000000e+02,1.1373637282e-02,1.3895154415e-02,5.2477365057e-01,9.5616940566e-02,9.0714995395e-02,2.0446184503e-01,5.9163776740e-02,1.6618091420e+00
6.8800000000e+02,1.1303893102e-02,1.3890424260e-02,5.2585724890e-01,9.4916811630e-02,9.0210800742e-02,2.0460348919e-01,5.9217332181e-02,1.6611634198e+00
6.8850000000e+02,1.1355011514e-02,1.3906481889e-02,5.2559536722e-01,9.5560426687e-02,8.9278219020e-02,2.0500447734e-01,5.9300016331e-02,1.6626507088e+00
6.8900000000e+02,1.1370704503e-02,1.3872911640e-02,5.2650842615e-01,9.5109909932e-02,8.8762638134e-02,2.0534194467e-01,5.9033464972e-02,1.6606825704e+00
6.8950000000e+02,1.1311043363e-02,1.3962597311e-02,5.2726682922e-01,9.4908470431e-02,8.8067603161e-02,2.0578529691e-01,5.8698159603e-02,1.6612405538e+00
6.9000000000e+02,1.1367369783e-02,1.4106561559e-02,5.2637640973e-01,9.4531837286e-02,8.8252338435e-02,2.0627512828e-01,5.9090354927e-02,1.6671919087e+00
6.9050000000e+02,1.1413746145e-02,1.4149731242e-02,5.2721983380e-01,9.3861744848e-02,8.8559507211e-02,2.0582182188e-01,5.8973614875e-02,1.6632032710e+00
6.9100000000e+02,1.1346172256e-02,1.4153881842e-02,5.2777060823e-01,9.3197860691e-02,8.8830369312e-02,2.0581522744e-01,5.8885880224e-02,1.6621983127e+00
6.9150000000e+02,1.1372994362e-02,1.4280002138e-02,5.2643319245e-01,9.3352089693e-02,8.8544911869e-02,2.0655901247e-01,5.9457797020e-02,1.6687060850e+00
6.9200000000e+02,1.1443095673e-02,1.4546487331e-02,5.2561996388e-01,9.3892546949e-02,8.8662478041e-02,2.0630712152e-01,5.9528306608e-02,1.6756956137e+00
6.9250000000e+02,1.1545768088e-02,1.4697282861e-02,5.2528130319e-01,9.4395129048e-02,8.9287076154e-02,2.0592396777e-01,5.8869472888e-02,1.6836488493e+00
6.9300000000e+02,1.1594560641e-02,1.4812777637e-02,5.2500640481e-01,9.4790596078e-02,8.8429704712e-02,2.0640394371e-01,5.8962012413e-02,1.6893307908e+00
6.9350000000e+02,1.1650626918e-02,1.4851179377e-02,5.2443337097e-01,9.5842130531e-02,8.7974069640e-02,2.0687251826e-01,5.8376104302e-02,1.6915654116e+00
6.9400000000e+02,1.1691238554e-02,1.4873643260e-02,5.2371195136e-01,9.6062121577e-02,8.8712538709e-02,2.0649769220e-01,5.8450814345e-02,1.6922204004e+00
6.9450000000e+02,1.1712285499e-02,1.4954963356e-02,5.2296128319e-01,9.6761383168e-02,8.8737245065e-02,2.0612167837e-01,5.8751161354e-02,1.6979805915e+00
6.9500000000e+02,1.1679524227e-02,1.5012530856e-02,5.2259026388e-01,9.7423688797e-02,8.8747777029e-02,2.0599317261e-01,5.8553042597e-02,1.7040662267e+00
6.9550000000e+02,1.1665205735e-02,1.5089514240e-02,5.2301385798e-01,9.7762633691e-02,8.9098846832e-02,2.0533221886e-01,5.8037722658e-02,1.7015010477e+00
6.9600000000e+02,1.1684434822e-02,1.5230680479e-02,5.2255371545e-01,9.7572581284e-02,8.9916956411e-02,2.0554221476e-01,5.7499416794e-02,1.7109549789e+00
6.9650000000e+02,1.1684921111e-02,1.5405177006e-02,5.2180651543e-01,9.7976373666e-02,9.0772150360e-02,2.0451014707e-01,5.7844715352e-02,1.7177783079e+00
6.9700000000e+02,1.1711864078e-02,1.5460490243e-02,5.2209415285e-01,9.8296920075e-02,9.1176392052e-02,2.0354193125e-01,5.7718249456e-02,1.7183905392e+00
6.9750000000e+02,1.1713772651e-02,1.5520953601e-02,5.2137830520e-01,9.9201683779e-02,9.1158561447e-02,2.0319528108e-01,5.7831442237e-02,1.7234560871e+00
6.9800000000e+02,1.1756409877e-02,1.5622066335e-02,5.2054300667e-01,9.9888674328e-02,9.1228975540e-02,2.0322489317e-01,5.7735974077e-02,1.7293709915e+00
6.9850000000e+02,1.1746134176e-02,1.5756161632e-02,5.1913260762e-01,1.0034797904e-01,9.2288209557e-02,2.0301386342e-01,5.7715044549e-02,1.7381282272e+00
6.9900000000e+02,1.1731660858e-02,1.5769984928e-02,5.1874525594e-01,1.0044431525e-01,9.3251272303e-02,2.0269684649e-01,5.7360664226e-02,1.7413026131e+00
6.9950000000e+02,1.1620379909e-02,1.5696337753e-02,5.1932180736e-01,1.0087998048e-01,9.3225456642e-02,2.0271575301e-01,5.6540284842e-02,1.7380723821e+00
7.0000000000e+02,1.1603163107e-02,1.5655277873e-02,5.1903585937e-01,1.0088375693e-01,9.3967437623e-02,2.0267685876e-01,5.6177646340e-02,1.7407661202e+00
7.0050000000e+02,1.1648895348e-02,1.5733464844e-02,5.1803375091e-01,1.0160930539e-01,9.4029413896e-02,2.0254264561e-01,5.6402524004e-02,1.7471452013e+00
7.0100000000e+02,1.1590374385e-02,1.5720946721e-02,5.1707866230e-01,1.0261257522e-01,9.4367405011e-02,2.0256869185e-01,5.6061344517e-02,1.7499519298e+00
7.0150000000e+02,1.1526022546e-02,1.5746168582e-02,5.1667193081e-01,1.0321140985e-01,9.5284584576e-02,2.0154993172e-01,5.6009951916e-02,1.7526421599e+00
7.0200000000e+02,1.1481032301e-02,1.5765013180e-02,5.1590984642e-01,1.0469332510e-01,9.7333510226e-02,1.9912862809e-01,5.5688644690e-02,1.7584633274e+00
7.0250000000e+02,1.1542697320e-02,1.5927274216e-02,5.1491299220e-01,1.0630374923e-01,9.7401945935e-02,1.9837706661e-01,5.5534274493e-02,1.7660426670e+00
7.0300000000e+02,1.1497698541e-02,1.6049483412e-02,5.1436661446e-01,1.0663958500e-01,9.8389002107e-02,1.9780963458e-01,5.5247981892e-02,1.7685004206e+00
7.0350000000e+02,1.1522454207e-02,1.6043758137e-02,5.1388375700e-01,1.0739940773e-01,9.8181053808e-02,1.9800954990e-01,5.4960019220e-02,1.7727820728e+00
7.0400000000e+02,1.1633224724e-02,1.6122342065e-02,5.1283827669e-01,1.0867791751e-01,9.9560042580e-02,1.9623836721e-01,5.4929829219e-02,1.7828260227e+00
7.0450000000e+02,1.1562612856e-02,1.6128214360e-02,5.1180317957e-01,1.1000573063e-01,9.9954004998e-02,1.9597961541e-01,5.4566642178e-02,1.7861963816e+00
7.0500000000e+02,1.1600284974e-02,1.6091300228e-02,5.1079303107e-01,1.1185943337e-01,1.0042318448e-01,1.9504166138e-01,5.4191104500e-02,1.7895309654e+00
7.0550000000e+02,1.1655275036e-02,1.6114655138e-02,5.1038605488e-01,1.1233534467e-01,1.0200130788e-01,1.9334307112e-01,5.4164291275e-02,1.7970168732e+00
7.0600000000e+02,1.1740805136e-02,1.6134698214e-02,5.0992242087e-01,1.1262228516e-01,1.0332611133e-01,1.9231910764e-01,5.3934571646e-02,1.8068124797e+00
7.0650000000e+02,1.1769904247e-02,1.6142807286e-02,5.0993325458e-01,1.1290612018e-01,1.0367036392e-01,1.9184598380e-01,5.3731565985e-02,1.8086857762e+00
7.0700000000e+02,1.1775772305e-02,1.6155045783e-02,5.0913709052e-01,1.1318327692e-01,1.0369145467e-01,1.9223506244e-01,5.3822297354e-02,1.8160302260e+00
7.0750000000e+02,1.1753897967e-02,1.5992656337e-02,5.0833621110e-01,1.1413458832e-01,1.0507703700e-01,1.9104226771e-01,5.3663341565e-02,1.8164464910e+00
7.0800000000e+02,1.1680838403e-02,1.5930360893e-02,5.0747774964e-01,1.1504669843e-01,1.0649420918e-01,1.9011612392e-01,5.3254019536e-02,1.8182893191e+00
7.0850000000e+02,1.1697873682e-02,1.6005169093e-02,5.0584057302e-01,1.1712440993e-01,1.0697772602e-01,1.8886709553e-01,5.3487152719e-02,1.8234824180e+00
7.0900000000e+02,1.1632467222e-02,1.6020677316e-02,5.0524030997e-01,1.1836946994e-01,1.0763539510e-01,1.8806783296e-01,5.3033847489e-02,1.8295467220e+00
7.0950000000e+02,1.1598715464e-02,1.6150523241e-02,5.0410434985e-01,1.1958953163e-01,1.0859158559e-01,1.8696323258e-01,5.3002061646e-02,1.8387511537e+00
7.1000000000e+02,1.1580832055e-02,1.6267592387e-02,5.0264218488e-01,1.2103122163e-01,1.0923914488e-01,1.8618392357e-01,5.3055100602e-02,1.8461498200e+00
7.1050000000e+02,1.1507505196e-02,1.6315326595e-02,5.0197792448e-01,1.2280185978e-01,1.0980959125e-01,1.8505208597e-01,5.2535706732e-02,1.8503394705e+00
7.1100000000e+02,1.1424919627e-02,1.6281958846e-02,5.0082571923e-01,1.2425359727e-01,1.1053583753e-01,1.8374369768e-01,5.2934269810e-02,1.8550298652e+00
7.1150000000e+02,1.1371694299e-02,1.6281151533e-02,5.0039935904e-01,1.2475777433e-01,1.1109055516e-01,1.8308864198e-01,5.3010823660e-02,1.8614466428e+00
7.1200000000e+02,1.1329762250e-02,1.6351478379e-02,4.9952612504e-01,1.2599543719e-01,1.1072958510e-01,1.8312217159e-01,5.2945440438e-02,1.8634538433e+00
7.1250000000e+02,1.1360370961e-02,1.6462902925e-02,4.9789840619e-01,1.2777947306e-01,1.1202627536e-01,1.8164335969e-01,5.2829211815e-02,1.8742961889e+00
7.1300000000e+02,1.1321581550e-02,1.6356327913e-02,4.9761662772e-01,1.2907434763e-01,1.1308502381e-01,1.7983675519e-01,5.2709336196e-02,1.8751363061e+00
7.1350000000e+02,1.1314265728e-02,1.6478577163e-02,4.9713745298e-01,1.2998597034e-01,1.1401567472e-01,1.7888290790e-01,5.2185151175e-02,1.8795905154e+00
7.1400000000e+02,1.1315842214e-02,1.6569572067e-02,4.9631251635e-01,1.3141952465e-01,1.1491750842e-01,1.7754506921e-01,5.1919967099e-02,1.8820079656e+00
7.1450000000e+02,1.1313857549e-02,1.6605182470e-02,4.9466944685e-01,1.3284998478e-01,1.1533206750e-01,1.7684637656e-01,5.2383084302e-02,1.8879262950e+00
7.1500000000e+02,1.1225069428e-02,1.6623122217e-02,4.9391398052e-01,1.3382184636e-01,1.1629585397e-01,1.7594213549e-01,5.2177992020e-02,1.8942011850e+00
7.1550000000e+02,1.1180118666e-02,1.6825033444e-02,4.9264753976e-01,1.3520867273e-01,1.1766701447e-01,1.7435186143e-01,5.2119759498e-02,1.9030018814e+00
7.1600000000e+02,1.1147012544e-02,1.6932132619e-02,4.9130669993e-01,1.3657051288e-01,1.1927943316e-01,1.7242725583e-01,5.2336953034e-02,1.9099822524e+00
7.1650000000e+02,1.1149980250e-02,1.7047610365e-02,4.8996098104e-01,1.3755029031e-01,1.2057224014e-01,1.7084142777e-01,5.2877470119e-02,1.9171486162e+00
7.1700000000e+02,1.1200188539e-02,1.7251557279e-02,4.8835883757e-01,1.3952318018e-01,1.2141852091e-01,1.6935281487e-01,5.2894900651e-02,1.9237261111e+00
7.1750000000e+02,1.1267367524e-02,1.7320240147e-02,4.8668285068e-01,1.4049361818e-01,1.2238551152e-01,1.6879130849e-01,5.3059103460e-02,1.9310727792e+00
7.1800000000e+02,1.1281731999e-02,1.7386032550e-02,4.8545847861e-01,1.4125054417e-01,1.2358289059e-01,1.6742732146e-01,5.3613000620e-02,1.9332865233e+00
7.1850000000e+02,1.1305035711e-02,1.7442984058e-02,4.8316266988e-01,1.4383792798e-01,1.2489209712e-01,1.6566501637e-01,5.3694268880e-02,1.9421854220e+00
7.1900000000e+02,1.1282813423e-02,1.7573218104e-02,4.8201700088e-01,1.4478349646e-01,1.2525744847e-01,1.6479766643e-01,5.4288356238e-02,1.9425302095e+00
7.1950000000e+02,1.1288940335e-02,1.7544466102e-02,4.8142140976e-01,1.4623222499e-01,1.2693433845e-01,1.6291400098e-01,5.3664619382e-02,1.9418739149e+00
7.2000000000e+02,1.1233696400e-02,1.7555864474e-02,4.8095877191e-01,1.4712376990e-01,1.2748419411e-01,1.6197289960e-01,5.3670803612e-02,1.9388286846e+00
7.2050000000e+02,1.1199530065e-02,1.7697976062e-02,4.8019903893e-01,1.4853088536e-01,1.2894335354e-01,1.5999007641e-01,5.3439139636e-02,1.9421300932e+00
7.2100000000e+02,1.1280862368e-02,1.7903106027e-02,4.7920124946e-01,1.4966408420e-01,1.2979987961e-01,1.5834509832e-01,5.3805720008e-02,1.9501581601e+00
7.2150000000e+02,1.1210320265e-02,1.7992897721e-02,4.7872980265e-01,1.5027072677e-01,1.3139262667e-01,1.5675296795e-01,5.3650657965e-02,1.9545153121e+00
7.2200000000e+02,1.1226214145e-02,1.7881821765e-02,4.7793857133e-01,1.5097308324e-01,1.3301558820e-01,1.5533964261e-01,5.3625078711e-02,1.9588149575e+00
7.2250000000e+02,1.1168445687e-02,1.7885394423e-02,4.7696873740e-01,1.5243132337e-01,1.3420754293e-01,1.5359469719e-01,5.3743859002e-02,1.9621134313e+00
7.2300000000e+02,1.1207217973e-02,1.8020383182e-02,4.7518451062e-01,1.5460707534e-01,1.3426295644e-01,1.5315455321e-01,5.3563303232e-02,1.9680526537e+00
7.2350000000e+02,1.1171557093e-02,1.8078283763e-02,4.7426326366e-01,1.5525424029e-01,1.3531903043e-01,1.5243029827e-01,5.3483326495e-02,1.9723441197e+00
7.2400000000e+02,1.1055680366e-02,1.8085812693e-02,4.7386089691e-01,1.5581456922e-01,1.3677290738e-01,1.5120149515e-01,5.3208638283e-02,1.9732477915e+00
7.2450000000e+02,1.1062426875e-02,1.8295737546e-02,4.7245728392e-01,1.5696140588e-01,1.3839503747e-01,1.4926494065e-01,5.3563167652e-02,1.9804076046e+00
7.2500000000e+02,1.1064982106e-02,1.8208956794e-02,4.7105770088e-01,1.5823516197e-01,1.3994463476e-01,1.4755415816e-01,5.3934405330e-02,1.9819774509e+00
7.2550000000e+02,1.1068716628e-02,1.8250474970e-02,4.6856012133e-01,1.5971512214e-01,1.4214189546e-01,1.4569439866e-01,5.4569270812e-02,1.9887696170e+00
7.2600000000e+02,1.1002178781e-02,1.8305129972e-02,4.6830571933e-01,1.6003600086e-01,1.4324335294e-01,1.4469132811e-01,5.4416290011e-02,1.9926810339e+00
7.2650000000e+02,1.0878857209e-02,1.8230367105e-02,4.6770861754e-01,1.6170361002e-01,1.4452015382e-01,1.4293672138e-01,5.4021672924e-02,1.9943428459e+00
7.2700000000e+02,1.0835311270e-02,1.8257421533e-02,4.6654389785e-01,1.6276077638e-01,1.4516851503e-01,1.4229915940e-01,5.4134918538e-02,1.9952033469e+00
7.2750000000e+02,1.0829413871e-02,1.8296212331e-02,4.6515469115e-01,1.6398904097e-01,1.4642495142e-01,1.4091688785e-01,5.4388802411e-02,1.9955125442e+00
7.2800000000e+02,1.0851900403e-02,1.8498434227e-02,4.6327745528e-01,1.6542410377e-01,1.4783581655e-01,1.3920079401e-01,5.4911495759e-02,2.0083001092e+00
7.2850000000e+02,1.0874813454e-02,1.8515511689e-02,4.6056839737e-01,1.6740939310e-01,1.4935041463e-01,1.3788036008e-01,5.5401109674e-02,2.0146314466e+00
7.2900000000e+02,1.0958341700e-02,1.8605358828e-02,4.6063694374e-01,1.6772921651e-01,1.5072492975e-01,1.3639625369e-01,5.4948955783e-02,2.0170618632e+00
7.2950000000e+02,1.0988291774e-02,1.8620352242e-02,4.5995822505e-01,1.6844867436e-01,1.5237816063e-01,1.3503812400e-01,5.4568171938e-02,2.0220988848e+00
7.3000000000e+02,1.1010434450e-02,1.8758727417e-02,4.5739975382e-01,1.7077312421e-01,1.5321012841e-01,1.3404230413e-01,5.4805527569e-02,2.0341366366e+00
7.3050000000e+02,1.1051832093e-02,1.8773911731e-02,4.5588791650e-01,1.7161673402e-01,1.5492948611e-01,1.3296011828e-01,5.4780001256e-02,2.0388552274e+00
7.3100000000e+02,1.1081455366e-02,1.8922790429e-02,4.5494918067e-01,1.7241583100e-01,1.5621416081e-01,1.3134320998e-01,5.5073371753e-02,2.0474623974e+00
7.3150000000e+02,1.0980981139e-02,1.8870818521e-02,4.5240246550e-01,1.7499600829e-01,1.5769509423e-01,1.2995537346e-01,5.5099258863e-02,2.0455777235e+00
7.3200000000e+02,1.0994107861e-02,1.9047140933e-02,4.4965564827e-01,1.7709178108e-01,1.5942512317e-01,1.2824735622e-01,5.5538842465e-02,2.0520971048e+00
7.3250000000e+02,1.0965421042e-02,1.9043917612e-02,4.4790723617e-01,1.7894776970e-01,1.6184604396e-01,1.2557212272e-01,5.5717488804e-02,2.0565524429e+00
7.3300000000e+02,1.0933083089e-02,1.9119190653e-02,4.4609713415e-01,1.8125846196e-01,1.6356602119e-01,1.2366772773e-01,5.5358381216e-02,2.0576286222e+00
7.3350000000e+02,1.0933483549e-02,1.9222302413e-02,4.4313114197e-01,1.8422714465e-01,1.6486240724e-01,1.2221003636e-01,5.5413483820e-02,2.0639442764e+00
7.3400000000e+02,1.0953930740e-02,1.9378341137e-02,4.4173374301e-01,1.8558123762e-01,1.6569750982e-01,1.2117744894e-01,5.5477788721e-02,2.0692422483e+00
7.3450000000e+02,1.0950969317e-02,1.9530868768e-02,4.3997743151e-01,1.8709991384e-01,1.6706323746e-01,1.1960388963e-01,5.5773689480e-02,2.0763967450e+00
7.3500000000e+02,1.0952341116e-02,1.9505644793e-02,4.4021106338e-01,1.8755303660e-01,1.6745777240e-01,1.1832272211e-01,5.5997419610e-02,2.0737418533e+00
7.3550000000e+02,1.0894512859e-02,1.9662108620e-02,4.3964454843e-01,1.8852312487e-01,1.6891324938e-01,1.1658776704e-01,5.5774688797e-02,2.0728137843e+00
7.3600000000e+02,1.0839677917e-02,1.9527671499e-02,4.3928800526e-01,1.8889146011e-01,1.7050752479e-01,1.1521415892e-01,5.5731501502e-02,2.0716891770e+00
7.3650000000e+02,1.0848554175e-02,1.9631568874e-02,4.3926401125e-01,1.8923829421e-01,1.7155146478e-01,1.1411823820e-01,5.5347868509e-02,2.0707250807e+00
7.3700000000e+02,1.0761200718e-02,1.9725133057e-02,4.3846741670e-01,1.9014054625e-01,1.7286730263e-01,1.1315914148e-01,5.4879259166e-02,2.0723010456e+00
7.3750000000e+02,1.0787258045e-02,1.9732560854e-02,4.3664499313e-01,1.9209885579e-01,1.7355475246e-01,1.1186343453e-01,5.5318145198e-02,2.0739897750e+00
7.3800000000e+02,1.0748979350e-02,1.9807454972e-02,4.3558132849e-01,1.9417575313e-01,1.7389367107e-01,1.1057407848e-01,5.5218734507e-02,2.0758652498e+00
7.3850000000e+02,1.0708289351e-02,1.9999310867e-02,4.3421015900e-01,1.9492618924e-01,1.7476796400e-01,1.1030627392e-01,5.5081813618e-02,2.0769004480e+00
7.3900000000e+02,1.0595932366e-02,2.0050066461e-02,4.3397120372e-01,1.9613105110e-01,1.7473801576e-01,1.0961795940e-01,5.4895771191e-02,2.0769843550e+00
7.3950000000e+02,1.0602338353e-02,1.9924784590e-02,4.3225041128e-01,1.9736621185e-01,1.7646164025e-01,1.0821507751e-01,5.5179536168e-02,2.0794419076e+00
7.4000000000e+02,1.0592002576e-02,2.0056749037e-02,4.3049343878e-01,1.9872339165e-01,1.7770982496e-01,1.0678723131e-01,5.5637361694e-02,2.0787414731e+00
7.4050000000e+02,1.0578172649e-02,2.0127080084e-02,4.2966747315e-01,1.9963766576e-01,1.7856457957e-01,1.0590860052e-01,5.5516428263e-02,2.0791798270e+00
7.4100000000e+02,1.0540826835e-02,2.0147641956e-02,4.2843228557e-01,2.0073003934e-01,1.7896561998e-01,1.0550475641e-01,5.5678829906e-02,2.0789221046e+00
7.4150000000e+02,1.0535809576e-02,2.0312529010e-02,4.2805941875e-01,2.0079835351e-01,1.7958565313e-01,1.0483148846e-01,5.5876747558e-02,2.0819149049e+00
7.4200000000e+02,1.0478393598e-02,2.0262470177e-02,4.2633156739e-01,2.0234460468e-01,1.8084937648e-01,1.0377135143e-01,5.5962236248e-02,2.0788360390e+00
7.4250000000e+02,1.0474191834e-02,2.0222068390e-02,4.2439653655e-01,2.0430826352e-01,1.8230223429e-01,1.0267027986e-01,5.5626425559e-02,2.0794646019e+00
7.4300000000e+02,1.0506894558e-02,2.0336642137e-02,4.2337975211e-01,2.0580246603e-01,1.8425194543e-01,1.0005158102e-01,5.5670718712e-02,2.0799413955e+00
7.4350000000e+02,1.0509510006e-02,2.0387988664e-02,4.2215368275e-01,2.0689804343e-01,1.8597338980e-01,9.8495868602e-02,5.5581516749e-02,2.0800132480e+00
7.4400000000e+02,1.0461878589e-02,2.0362221022e-02,4.2121926720e-01,2.0862138350e-01,1.8623869635e-01,9.7336769224e-02,5.5759784113e-02,2.0763771451e+00
7.4450000000e+02,1.0448983463e-02,2.0433506020e-02,4.1904355894e-01,2.1083421934e-01,1.8755394739e-01,9.5692088727e-02,5.5993696116e-02,2.0767501880e+00
7.4500000000e+02,1.0446304876e-02,2.0239506472e-02,4.1741449975e-01,2.1238840360e-01,1.8871325441e-01,9.4939223454e-02,5.5858807434e-02,2.0753135189e+00
7.4550000000e+02,1.0432364338e-02,2.0279697383e-02,4.1624776368e-01,2.1414966225e-01,1.8989204646e-01,9.3506910542e-02,5.5491555351e-02,2.0671278810e+00
7.4600000000e+02,1.0284329036e-02,2.0245197668e-02,4.1465717399e-01,2.1563943196e-01,1.9083886646e-01,9.3067174027e-02,5.5267826860e-02,2.0664605280e+00
7.4650000000e+02,1.0325761168e-02,2.0181111183e-02,4.1111415045e-01,2.1802913863e-01,1.9377167713e-01,9.1303538112e-02,5.5274623319e-02,2.0665903395e+00
7.4700000000e+02,1.0253403686e-02,2.0163012293e-02,4.0908741931e-01,2.1920755772e-01,1.9505176513e-01,9.0433778251e-02,5.5803063608e-02,2.0640143876e+00
7.4750000000e+02,1.0245696921e-02,2.0117552433e-02,4.0694903559e-01,2.2101636424e-01,1.9574286386e-01,9.0269364230e-02,5.5659122730e-02,2.0599938909e+00
7.4800000000e+02,1.0344633339e-02,2.0240201373e-02,4.0408652394e-01,2.2352618264e-01,1.9636335848e-01,8.9552359980e-02,5.5886740256e-02,2.0642757584e+00
7.4850000000e+02,1.0344256244e-02,2.0189602240e-02,4.0268853033e-01,2.2517358113e-01,1.9828249006e-01,8.7982054621e-02,5.5339485371e-02,2.0664392584e+00
7.4900000000e+02,1.0373893584e-02,2.0110411410e-02,4.0098084181e-01,2.2700222088e-01,1.9823587023e-01,8.7724860999e-02,5.5571901085e-02,2.0665532803e+00
7.4950000000e+02,1.0395297682e-02,2.0092297189e-02,4.0005230614e-01,2.2768626112e-01,1.9984611600e-01,8.6553976055e-02,5.5373745812e-02,2.0615113187e+00
7.5000000000e+02,1.0425739188e-02,1.9890723042e-02,3.9867796600e-01,2.2908502904e-01,2.0171461453e-01,8.5238139692e-02,5.4967788500e-02,2.0591226042e+00
7.5050000000e+02,1.0527456266e-02,2.0020021211e-02,3.9690673826e-01,2.2983808773e-01,2.0308553289e-01,8.4270830372e-02,5.5351333276e-02,2.0641066188e+00
7.5100000000e+02,1.0495444100e-02,2.0125679826e-02,3.9636776646e-01,2.2977960953e-01,2.0332074050e-01,8.4392724204e-02,5.5518035377e-02,2.0609724896e+00
7.5150000000e+02,1.0296506083e-02,2.0091101089e-02,3.9596773976e-01,2.3049390503e-01,2.0392560554e-01,8.3988484057e-02,5.5236658445e-02,2.0560679292e+00
7.5200000000e+02,1.0279486222e-02,2.0079132857e-02,3.9450796302e-01,2.3200779632e-01,2.0505608640e-01,8.2795511287e-02,5.5274023899e-02,2.0576522651e+00
7.5250000000e+02,1.0312999612e-02,2.0082414509e-02,3.9122118013e-01,2.3502537545e-01,2.0622733842e-01,8.1880898155e-02,5.5249793725e-02,2.0582025409e+00
7.5300000000e+02,1.0326794926e-02,2.0126037171e-02,3.8893261014e-01,2.3678875689e-01,2.0766729252e-01,8.0822329711e-02,5.5336178646e-02,2.0609724577e+00
7.5350000000e+02,1.0344628862e-02,2.0199559953e-02,3.8580373495e-01,2.3941173540e-01,2.0754845867e-01,8.0669927354e-02,5.6021954814e-02,2.0602967444e+00
7.5400000000e+02,1.0377465629e-02,2.0281053875e-02,3.8284603571e-01,2.4221690634e-01,2.0745058019e-01,8.0563811187e-02,5.6264147074e-02,2.0647301059e+00
7.5450000000e+02,1.0419045848e-02,2.0091088931e-02,3.8193497975e-01,2.4323978417e-01,2.0840446112e-01,8.0109815090e-02,5.5800825099e-02,2.0641655060e+00
7.5500000000e+02,1.0388366190e-02,2.0014325259e-02,3.7971461174e-01,2.4572108375e-01,2.0853080535e-01,7.9602986854e-02,5.6027820852e-02,2.0633005427e+00
7.5550000000e+02,1.0424154544e-02,2.0064994854e-02,3.7667308794e-01,2.4856093677e-01,2.0833696985e-01,7.9598491624e-02,5.6341364422e-02,2.0654899806e+00
7.5600000000e+02,1.0464175393e-02,1.9965640875e-02,3.7304322544e-01,2.5160628260e-01,2.0881330790e-01,7.9708378198e-02,5.6398989591e-02,2.0647211285e+00
7.5650000000e+02,1.0516893586e-02,1.9733374847e-02,3.6964772704e-01,2.5478350272e-01,2.0948477059e-01,7.9280095466e-02,5.6553635749e-02,2.0661920352e+00
7.5700000000e+02,1.0545657861e-02,1.9651554292e-02,3.6838771730e-01,2.5599800921e-01,2.0950273779e-01,7.9328086245e-02,5.6586237307e-02,2.0686554305e+00
7.5750000000e+02,1.0628543826e-02,1.9588198476e-02,3.6480481075e-01,2.5910202709e-01,2.1002808665e-01,7.8933742080e-02,5.6914591134e-02,2.0685364475e+00
7.5800000000e+02,1.0656520737e-02,1.9547993394e-02,3.6261102975e-01,2.6052724216e-01,2.0983026855e-01,7.9536206439e-02,5.7290738976e-02,2.0717189562e+00
7.5850000000e+02,1.0649281353e-02,1.9515697575e-02,3.6123745541e-01,2.6137609178e-01,2.1077391101e-01,7.9079583433e-02,5.7367979442e-02,2.0733561314e+00
7.5900000000e+02,1.0766368051e-02,1.9475249403e-02,3.6005598447e-01,2.6184575342e-01,2.1057742431e-01,7.9157828478e-02,5.8121391867e-02,2.0780608362e+00
7.5950000000e+02,1.0751759655e-02,1.9278561831e-02,3.5759439643e-01,2.6333679621e-01,2.1112099942e-01,7.9359102761e-02,5.8558383690e-02,2.0775303176e+00
7.6000000000e+02,1.0686760849e-02,1.9290865903e-02,3.5556200565e-01,2.6490781196e-01,2.1042813415e-01,7.9986277954e-02,5.9138143539e-02,2.0768865389e+00
7.6050000000e+02,1.0630221896e-02,1.9165057246e-02,3.5120159578e-01,2.6883889746e-01,2.1004853421e-01,8.0462063798e-02,5.9653629615e-02,2.0820726920e+00
7.6100000000e+02,1.0705381129e-02,1.9027401057e-02,3.4787426583e-01,2.7060385857e-01,2.1061344742e-01,8.0693740141e-02,6.0481905861e-02,2.0859960042e+00
7.6150000000e+02,1.0727473207e-02,1.8982243588e-02,3.4419236223e-01,2.7370306567e-01,2.0999237486e-01,8.1681186416e-02,6.0721294032e-02,2.0858040306e+00
7.6200000000e+02,1.0693824711e-02,1.8850700050e-02,3.4053285811e-01,2.7719637281e-01,2.1068323900e-01,8.1235070019e-02,6.0807935306e-02,2.0844409885e+00
7.6250000000e+02,1.0668345907e-02,1.8687945837e-02,3.3846882374e-01,2.7908763322e-01,2.1154095865e-01,8.0868583441e-02,6.0677709201e-02,2.0826411284e+00
7.6300000000e+02,1.0677501990e-02,1.8506910630e-02,3.3581337571e-01,2.8164608137e-01,2.1134958220e-01,8.0905497491e-02,6.1101050617e-02,2.0812468614e+00
7.6350000000e+02,1.0821392804e-02,1.8460052680e-02,3.3353794257e-01,2.8256459575e-01,2.1161217918e-01,8.1263844707e-02,6.1739992298e-02,2.0881528993e+00
7.6400000000e+02,1.0894351888e-02,1.8299798728e-02,3.3058268322e-01,2.8436547843e-01,2.1087518924e-01,8.2544512917e-02,6.2437985580e-02,2.0923392082e+00
7.6450000000e+02,1.0871206796e-02,1.8189958251e-02,3.2684844948e-01,2.8787360172e-01,2.1209521718e-01,8.1539182658e-02,6.2582383916e-02,2.0908786415e+00
7.6500000000e+02,1.0853225101e-02,1.8079000026e-02,3.2452272650e-01,2.9018519717e-01,2.1184240623e-01,8.1881591879e-02,6.2635853091e-02,2.0910242384e+00
7.6550000000e+02,1.0816853187e-02,1.7961266203e-02,3.2117832584e-01,2.9293509146e-01,2.1310452559e-01,8.1172589236e-02,6.2831348473e-02,2.0922670546e+00
7.6600000000e+02,1.0912472546e-02,1.7951433993e-02,3.1859077015e-01,2.9485588671e-01,2.1445023196e-01,8.0199550986e-02,6.3039653661e-02,2.0936988430e+00
7.6650000000e+02,1.1101746867e-02,1.7955450067e-02,3.1680721510e-01,2.9629850394e-01,2.1432403262e-01,8.0441407066e-02,6.3071644330e-02,2.0969811294e+00
7.6700000000e+02,1.1144517537e-02,1.7804299348e-02,3.1524399291e-01,2.9756418441e-01,2.1487694597e-01,8.0465263737e-02,6.2900796085e-02,2.0992917674e+00
7.6750000000e+02,1.1177368043e-02,1.7695373907e-02,3.1307135248e-01,2.9960659924e-01,2.1531100433e-01,8.0200559722e-02,6.2937742271e-02,2.0939153863e+00
7.6800000000e+02,1.1192798059e-02,1.7508773448e-02,3.1033483964e-01,3.0067075314e-01,2.1600626948e-01,8.0757745420e-02,6.3528820812e-02,2.0995136230e+00
7.6850000000e+02,1.1166079877e-02,1.7284512282e-02,3.0809328448e-01,3.0258357292e-01,2.1557719922e-01,8.1053585155e-02,6.4241766068e-02,2.1024190430e+00
7.6900000000e+02,1.1196830728e-02,1.7241992034e-02,3.0473424386e-01,3.0472700768e-01,2.1574840331e-01,8.1317573544e-02,6.5033948849e-02,2.1068135413e+00
7.6950000000e+02,1.1193150209e-02,1.7147469250e-02,3.0000651642e-01,3.0844944841e-01,2.1628567170e-01,8.1449938930e-02,6.5467805076e-02,2.1086060205e+00
7.7000000000e+02,1.1102056877e-02,1.7045835447e-02,2.9678376315e-01,3.1200453963e-01,2.1593802863e-01,8.1695211521e-02,6.5430564740e-02,2.1053682245e+00
7.7050000000e+02,1.1063796018e-02,1.7001773587e-02,2.9523366280e-01,3.1295936355e-01,2.1594014858e-01,8.2050690691e-02,6.5750564774e-02,2.1073095180e+00
7.7100000000e+02,1.1047628834e-02,1.6816019225e-02,2.9284132858e-01,3.1340517523e-01,2.1672420632e-01,8.2054795856e-02,6.7110845962e-02,2.1111883543e+00
7.7150000000e+02,1.1075764168e-02,1.6683818369e-02,2.8877977429e-01,3.1489748090e-01,2.1790432170e-01,8.2440081798e-02,6.8218758772e-02,2.1221122531e+00
7.7200000000e+02,1.1089072414e-02,1.6437407347e-02,2.8799059558e-01,3.1469263360e-01,2.1883700409e-01,8.2840072943e-02,6.8113214031e-02,2.1234790955e+00
7.7250000000e+02,1.1102911281e-02,1.6192821765e-02,2.8500646128e-01,3.1721420609e-01,2.1907339003e-01,8.3393818710e-02,6.8016390851e-02,2.1235362186e+00
7.7300000000e+02,1.1094657645e-02,1.5941461864e-02,2.8290084571e-01,3.1767096484e-01,2.1962143234e-01,8.4337653474e-02,6.8432984129e-02,2.1292295196e+00
7.7350000000e+02,1.1101963002e-02,1.5781243551e-02,2.8077989397e-01,3.1815948119e-01,2.2014788126e-01,8.4875362978e-02,6.9154174047e-02,2.1303315075e+00
7.7400000000e+02,1.1127291494e-02,1.5683276074e-02,2.7869663670e-01,3.1914507251e-01,2.2122918298e-01,8.4741883714e-02,6.9376656533e-02,2.1316683196e+00
7.7450000000e+02,1.1079528764e-02,1.5644887307e-02,2.7716704505e-01,3.1969346924e-01,2.2156427980e-01,8.5028152064e-02,6.9822637780e-02,2.1333142737e+00
7.7500000000e+02,1.1107418463e-02,1.5458883835e-02,2.7377471611e-01,3.2291032436e-01,2.2209505534e-01,8.4563616267e-02,7.0089985618e-02,2.1354392586e+00
7.7550000000e+02,1.1092367160e-02,1.5332846849e-02,2.7114980495e-01,3.2401698143e-01,2.2203863247e-01,8.5312105734e-02,7.1057261416e-02,2.1400051770e+00
7.7600000000e+02,1.1042259937e-02,1.5113254163e-02,2.6828223791e-01,3.2582298046e-01,2.2282224028e-01,8.5121330405e-02,7.1795696845e-02,2.1407937438e+00
7.7650000000e+02,1.0883235933e-02,1.4920283312e-02,2.6567298430e-01,3.2809349819e-01,2.2268542837e-01,8.5353672823e-02,7.2390897069e-02,2.1415142876e+00
7.7700000000e+02,1.0769505987e-02,1.4718374737e-02,2.6399705413e-01,3.2922594650e-01,2.2275940053e-01,8.6019463505e-02,7.2510254614e-02,2.1397811002e+00
7.7750000000e+02,1.0695909041e-02,1.4600459858e-02,2.6198386606e-01,3.3161790545e-01,2.2156417629e-01,8.6672481133e-02,7.2865202174e-02,2.1338349303e+00
7.7800000000e+02,1.0689727657e-02,1.4444698019e-02,2.5946307972e-01,3.3412706089e-01,2.2096115895e-01,8.6850969753e-02,7.3463305012e-02,2.1333692622e+00
7.7850000000e+02,1.0700710199e-02,1.4372192922e-02,2.5730746971e-01,3.3489773017e-01,2.2149553721e-01,8.7107362260e-02,7.4118997531e-02,2.1333826798e+00
7.7900000000e+02,1.0721883612e-02,1.4200858318e-02,2.5351662558e-01,3.3723380584e-01,2.2196631427e-01,8.7444411266e-02,7.4916101113e-02,2.1335460585e+00
7.7950000000e+02,1.0683870225e-02,1.3948269040e-02,2.5195833040e-01,3.3846366325e-01,2.2159989663e-01,8.8062183603e-02,7.5283786851e-02,2.1270826773e+00
7.8000000000e+02,1.0668208638e-02,1.3771215858e-02,2.4950009824e-01,3.3971229823e-01,2.2180778258e-01,8.8702017890e-02,7.5838378560e-02,2.1275524443e+00
7.8050000000e+02,1.0572972682e-02,1.3691141816e-02,2.4704137281e-01,3.4229976259e-01,2.2122578698e-01,8.9005076580e-02,7.6163886547e-02,2.1216326465e+00
7.8100000000e+02,1.0640816359e-02,1.3652695103e-02,2.4399161530e-01,3.4417165423e-01,2.2108587619e-01,8.9598821214e-02,7.6858521612e-02,2.1232780207e+00
7.8150000000e+02,1.0615262666e-02,1.3561136326e-02,2.3990030402e-01,3.4776617843e-01,2.2136992708e-01,8.9779639743e-02,7.7007551739e-02,2.1221047811e+00
7.8200000000e+02,1.0478674895e-02,1.3433186247e-02,2.3757614022e-01,3.4969146191e-01,2.2152989847e-01,8.9974266031e-02,7.7316372221e-02,2.1149462585e+00
7.8250000000e+02,1.0414102815e-02,1.3271001186e-02,2.3423934356e-01,3.5284007299e-01,2.2149311917e-01,9.0383753173e-02,7.7358607100e-02,2.1102315907e+00
7.8300000000e+02,1.0318777246e-02,1.3208915855e-02,2.3221815251e-01,3.5502794245e-01,2.2168512077e-01,9.0176675744e-02,7.7364415422e-02,2.1053575623e+00
7.8350000000e+02,1.0242240136e-02,1.2983516517e-02,2.2889983434e-01,3.5794389252e-01,2.2116218431e-01,9.1148314681e-02,7.7620017490e-02,2.0998454125e+00
7.8400000000e+02,1.0176459579e-02,1.2859853602e-02,2.2581720524e-01,3.6105706761e-01,2.2046657371e-01,9.2150008543e-02,7.7472831708e-02,2.0942067332e+00
7.8450000000e+02,1.0149290569e-02,1.2693898830e-02,2.2320226554e-01,3.6237645974e-01,2.2021422820e-01,9.3358099709e-02,7.8005757409e-02,2.0892872550e+00
7.8500000000e+02,1.0058435281e-02,1.2493153068e-02,2.2091397583e-01,3.6381593928e-01,2.1961603151e-01,9.3957238159e-02,7.9145226876e-02,2.0827906707e+00
7.8550000000e+02,9.9821152730e-03,1.2316492078e-02,2.1789977740e-01,3.6693860241e-01,2.1924824109e-01,9.4692180231e-02,7.8922591517e-02,2.0746686716e+00
7.8600000000e+02,9.9598260993e-03,1.2208536792e-02,2.1465546181e-01,3.6874776022e-01,2.1948755578e-01,9.5141883696e-02,7.9798975592e-02,2.0720763938e+00
7.8650000000e+02,9.9030372925e-03,1.1985222043e-02,2.1177697129e-01,3.7136785870e-01,2.1884020757e-01,9.5827307990e-02,8.0299395113e-02,2.0646377658e+00
7.8700000000e+02,9.8681174322e-03,1.1793391204e-02,2.0970236865e-01,3.7226636992e-01,2.1844148608e-01,9.7534817514e-02,8.0393449199e-02,2.0625875706e+00
7.8750000000e+02,9.7919381005e-03,1.1582665577e-02,2.0594456859e-01,3.7612092916e-01,2.1644130177e-01,9.8843357610e-02,8.1275239200e-02,2.0549848735e+00
7.8800000000e+02,9.6938184486e-03,1.1406226743e-02,2.0345056724e-01,3.7825349784e-01,2.1568932315e-01,9.9767058405e-02,8.1739508180e-02,2.0513361379e+00
7.8850000000e+02,9.7013497148e-03,1.1174285312e-02,2.0287414845e-01,3.7826686422e-01,2.1654336954e-01,9.9866227936e-02,8.1573754833e-02,2.0447655646e+00
7.8900000000e+02,9.7466252102e-03,1.1118575773e-02,2.0053116096e-01,3.8032620689e-01,2.1553992239e-01,1.0062796816e-01,8.2109540614e-02,2.0382420746e+00
7.8950000000e+02,9.7392469540e-03,1.0949284403e-02,1.9704652566e-01,3.8478181586e-01,2.1402125242e-01,1.0167137313e-01,8.1790501573e-02,2.0283972902e+00
7.9000000000e+02,9.7298984639e-03,1.0904666893e-02,1.9560146548e-01,3.8520967708e-01,2.1331270557e-01,1.0243214767e-01,8.2809438832e-02,2.0208696379e+00
7.9050000000e+02,9.6745194239e-03,1.0754984151e-02,1.9382621904e-01,3.8670584643e-01,2.1239576785e-01,1.0345865120e-01,8.3184011901e-02,2.0113912751e+00
7.9100000000e+02,9.6142021646e-03,1.0646618111e-02,1.9177522523e-01,3.8857718437e-01,2.1261754466e-01,1.0305485947e-01,8.3714365989e-02,2.0014022210e+00
7.9150000000e+02,9.4386133950e-03,1.0468490600e-02,1.8987348125e-01,3.9038331704e-01,2.1116649985e-01,1.0410698109e-01,8.4562616760e-02,1.9892302534e+00
7.9200000000e+02,9.3956036634e-03,1.0293549736e-02,1.8764981883e-01,3.9012498490e-01,2.1289798884e-01,1.0403543147e-01,8.5602622557e-02,1.9854479033e+00
7.9250000000e+02,9.3710329383e-03,1.0174535344e-02,1.8579902794e-01,3.9149035782e-01,2.1294671656e-01,1.0454473301e-01,8.5673596401e-02,1.9790532301e+00
7.9300000000e+02,9.3662674396e-03,1.0098958044e-02,1.8458320178e-01,3.9303637899e-01,2.1171450814e-01,1.0517866616e-01,8.6022019443e-02,1.9693639059e+00
7.9350000000e+02,9.3108803765e-03,9.9667354513e-03,1.8234111055e-01,3.9459649534e-01,2.1085107334e-01,1.0572825941e-01,8.7205445536e-02,1.9610827641e+00
7.9400000000e+02,9.2331203237e-03,9.8480448282e-03,1.7921528667e-01,3.9874293282e-01,2.0915166236e-01,1.0664619719e-01,8.7162755815e-02,1.9447733671e+00
7.9450000000e+02,9.2569264923e-03,9.6431566562e-03,1.7736369213e-01,3.9996056589e-01,2.0907567797e-01,1.0694530622e-01,8.7754674646e-02,1.9369468255e+00
7.9500000000e+02,9.2284711492e-03,9.5184597576e-03,1.7444676924e-01,4.0251182381e-01,2.0878725377e-01,1.0719583742e-01,8.8311384842e-02,1.9276314628e+00
7.9550000000e+02,9.2333491909e-03,9.5022719830e-03,1.7137029215e-01,4.0561188870e-01,2.0817802751e-01,1.0803331342e-01,8.8070857055e-02,1.9193106222e+00
7.9600000000e+02,9.2700320823e-03,9.3831117868e-03,1.6938680754e-01,4.0620107540e-01,2.0893846095e-01,1.0784163818e-01,8.8978874068e-02,1.9092894418e+00
7.9650000000e+02,9.1796291837e-03,9.1756750235e-03,1.6732624688e-01,4.0678930055e-01,2.0932704758e-01,1.0850646235e-01,8.9695638431e-02,1.9017632214e+00
7.9700000000e+02,9.1217614118e-03,8.9789544443e-03,1.6526235637e-01,4.0859404981e-01,2.0905756469e-01,1.0855597274e-01,9.0429340536e-02,1.8906061698e+00
7.9750000000e+02,9.0947572262e-03,8.7925602193e-03,1.6289866070e-01,4.0906842238e-01,2.0909181833e-01,1.1006865723e-01,9.0985123920e-02,1.8829878973e+00
7.9800000000e+02,9.0637100698e-03,8.7825385625e-03,1.6275666114e-01,4.0883482921e-01,2.0808221408e-01,1.1144747799e-01,9.1032568943e-02,1.8765413422e+00
7.9850000000e+02,9.0603985352e-03,8.6836259560e-03,1.6143118359e-01,4.0875738280e-01,2.0815683283e-01,1.1221104626e-01,9.1699530028e-02,1.8713551032e+00
7.9900000000e+02,9.0177346512e-03,8.6397275001e-03,1.5997490915e-01,4.1033871101e-01,2.0678756765e-01,1.1322552580e-01,9.2015824239e-02,1.8632704418e+00
7.9950000000e+02,8.9844440889e-03,8.5500507913e-03,1.5680895325e-01,4.1296046530e-01,2.0634824473e-01,1.1389732159e-01,9.2450520246e-02,1.8580595214e+00
8.0000000000e+02,8.9055687096e-03,8.4606869734e-03,1.5516724024e-01,4.1345865116e-01,2.0734708085e-01,1.1406871243e-01,9.2592059641e-02,1.8498167434e+00
8.0050000000e+02,8.8101265937e-03,8.3338083636e-03,1.5322374783e-01,4.1444253465e-01,2.0779129744e-01,1.1512432754e-01,9.2274157576e-02,1.8413396855e+00
8.0100000000e+02,8.7113815250e-03,8.2480225096e-03,1.5130149300e-01,4.1548503093e-01,2.0721321093e-01,1.1673894343e-01,9.2301917671e-02,1.8297678994e+00
8.0150000000e+02,8.6392977514e-03,8.0901618527e-03,1.5119507314e-01,4.1499127376e-01,2.0586302435e-01,1.1834785385e-01,9.2873315296e-02,1.8235216647e+00
8.0200000000e+02,8.5791221449e-03,7.9035280120e-03,1.5064041717e-01,4.1436353597e-01,2.0602068360e-01,1.1936227481e-01,9.3130438297e-02,1.8138371116e+00
8.0250000000e+02,8.5250267282e-03,7.7958115501e-03,1.5081620749e-01,4.1253521637e-01,2.0579838843e-01,1.2159737627e-01,9.2931973163e-02,1.8073678594e+00
8.0300000000e+02,8.4748936447e-03,7.7772148197e-03,1.5023706943e-01,4.1241636478e-01,2.0555758434e-01,1.2282314722e-01,9.2713725773e-02,1.7990570050e+00
8.0350000000e+02,8.3546034453e-03,7.7226483271e-03,1.4934449321e-01,4.1320364655e-01,2.0484088266e-01,1.2349555641e-01,9.3038169395e-02,1.7857347907e+00
8.0400000000e+02,8.3396109517e-03,7.6850772464e-03,1.4733603732e-01,4.1442716211e-01,2.0397419803e-01,1.2446150631e-01,9.3776408026e-02,1.7776422931e+00
8.0450000000e+02,8.2561538579e-03,7.5910192088e-03,1.4643945597e-01,4.1473232899e-01,2.0285254365e-01,1.2532050561e-01,9.4807992712e-02,1.7704487645e+00
8.0500000000e+02,8.2061605123e-03,7.4429078113e-03,1.4624110304e-01,4.1510227811e-01,2.0201147187e-01,1.2607702836e-01,9.4919050291e-02,1.7580239046e+00
8.0550000000e+02,8.2513016854e-03,7.4349322708e-03,1.4585340419e-01,4.1476651182e-01,2.0190690324e-01,1.2657800891e-01,9.5208937880e-02,1.7505095329e+00
8.0600000000e+02,8.1927012549e-03,7.4364239410e-03,1.4402438588e-01,4.1619769907e-01,2.0112157703e-01,1.2777864261e-01,9.5248570222e-02,1.7449550282e+00
8.0650000000e+02,8.1158740030e-03,7.4209912125e-03,1.4328108403e-01,4.1633392073e-01,2.0026916972e-01,1.2892147574e-01,9.5657484562e-02,1.7400138805e+00
8.0700000000e+02,8.0290856651e-03,7.3334242381e-03,1.4178883803e-01,4.1816132273e-01,1.9888555996e-01,1.3021023386e-01,9.5591535517e-02,1.7311127205e+00
8.0750000000e+02,7.9982776519e-03,7.3435000603e-03,1.4113085002e-01,4.1828631022e-01,1.9861041008e-01,1.3131000018e-01,9.5320651785e-02,1.7230676032e+00
8.0800000000e+02,7.8973111840e-03,7.3003457543e-03,1.4019693054e-01,4.1799468461e-01,1.9791318226e-01,1.3289101216e-01,9.5806533492e-02,1.7172058195e+00
8.0850000000e+02,7.9033353680e-03,7.2802085100e-03,1.4017402492e-01,4.1598575070e-01,1.9823376253e-01,1.3429800572e-01,9.6124912257e-02,1.7134664178e+00
8.0900000000e+02,7.8148476348e-03,7.1926411138e-03,1.3897700302e-01,4.1560498457e-01,1.9831050287e-01,1.3589360026e-01,9.6206420526e-02,1.7076830326e+00
8.0950000000e+02,7.7971107293e-03,7.1007000958e-03,1.3917940905e-01,4.1470412799e-01,1.9817879465e-01,1.3679124307e-01,9.6248614413e-02,1.7053577785e+00
8.1000000000e+02,7.8404670169e-03,7.0644963555e-03,1.3929869701e-01,4.1316106072e-01,1.9820059253e-01,1.3816765819e-01,9.6267028177e-02,1.7018016767e+00
8.1050000000e+02,7.7772770945e-03,7.0480118167e-03,1.3866989221e-01,4.1363891410e-01,1.9705201015e-01,1.3903660727e-01,9.6777287367e-02,1.6897994654e+00
8.1100000000e+02,7.7642539487e-03,7.0312706439e-03,1.3869535545e-01,4.1407041612e-01,1.9502193009e-01,1.4080491997e-01,9.6611853776e-02,1.6840980799e+00
8.1150000000e+02,7.7805103360e-03,7.0474629163e-03,1.3810857488e-01,4.1406267043e-01,1.9462241155e-01,1.4133771812e-01,9.7040651773e-02,1.6772183254e+00
8.1200000000e+02,7.7948018676e-03,6.9454536883e-03,1.3794240486e-01,4.1446165128e-01,1.9370867385e-01,1.4182504012e-01,9.7321974325e-02,1.6703844009e+00
8.1250000000e+02,7.7573960683e-03,6.8770186161e-03,1.3705394034e-01,4.1488389072e-01,1.9221479056e-01,1.4366257610e-01,9.7550387591e-02,1.6634469260e+00
8.1300000000e+02,7.5819710511e-03,6.8584037022e-03,1.3663922034e-01,4.1588201470e-01,1.9069276397e-01,1.4496870790e-01,9.7376918341e-02,1.6630293766e+00
8.1350000000e+02,7.5476008847e-03,6.7763162430e-03,1.3634702127e-01,4.1601021696e-01,1.9089107897e-01,1.4492066875e-01,9.7507096917e-02,1.6582467765e+00
8.1400000000e+02,7.4193654464e-03,6.6416131625e-03,1.3585209283e-01,4.1687931353e-01,1.9092622450e-01,1.4567238761e-01,9.6609002927e-02,1.6514971760e+00
8.1450000000e+02,7.3297838742e-03,6.6139919358e-03,1.3462153005e-01,4.1799829853e-01,1.9003001572e-01,1.4695922790e-01,9.6447151990e-02,1.6490663004e+00
8.1500000000e+02,7.3127549846e-03,6.5441601257e-03,1.3441583324e-01,4.1864948691e-01,1.8953531466e-01,1.4810755589e-01,9.5434894185e-02,1.6461763540e+00
8.1550000000e+02,7.2309755939e-03,6.4977016694e-03,1.3493720855e-01,4.1792982566e-01,1.8869892236e-01,1.4931168470e-01,9.5393681465e-02,1.6418033423e+00
8.1600000000e+02,7.2122285841e-03,6.4382310410e-03,1.3490083039e-01,4.1606193554e-01,1.8864682371e-01,1.4983852270e-01,9.6901428030e-02,1.6428161988e+00
8.1650000000e+02,7.1913933379e-03,6.4160902361e-03,1.3471991868e-01,4.1584609370e-01,1.8763111303e-01,1.5147948047e-01,9.6715910552e-02,1.6401211323e+00
8.1700000000e+02,7.1924950613e-03,6.4655424784e-03,1.3469495262e-01,4.1515029829e-01,1.8631714262e-01,1.5284800370e-01,9.7331565221e-02,1.6425164456e+00
8.1750000000e+02,7.0915313230e-03,6.4635144960e-03,1.3524313893e-01,4.1467086021e-01,1.8474126894e-01,1.5458644314e-01,9.7203242965e-02,1.6401384583e+00
8.1800000000e+02,7.0598519488e-03,6.3993001903e-03,1.3648696629e-01,4.1337601180e-01,1.8384463256e-01,1.5557942227e-01,9.7253814947e-02,1.6403051203e+00
8.1850000000e+02,7.0015678583e-03,6.3450635780e-03,1.3645756980e-01,4.1362465732e-01,1.8303078930e-01,1.5628290589e-01,9.7257446252e-02,1.6432682504e+00
8.1900000000e+02,6.9829833374e-03,6.3129723620e-03,1.3682508820e-01,4.1194233453e-01,1.8325918639e-01,1.5651116903e-01,9.8166266149e-02,1.6452092789e+00
8.1950000000e+02,6.9929368764e-03,6.3128172794e-03,1.3717468816e-01,4.0998867061e-01,1.8286334620e-01,1.5789396507e-01,9.8773575804e-02,1.6496036444e+00
8.2000000000e+02,6.9384234412e-03,6.2656495683e-03,1.3838344027e-01,4.0915883154e-01,1.8264108519e-01,1.5802522441e-01,9.8587345575e-02,1.6459729374e+00
8.2050000000e+02,6.8934362721e-03,6.2126690145e-03,1.3823510058e-01,4.0927618857e-01,1.8272971086e-01,1.5843966570e-01,9.8213228996e-02,1.6406729056e+00
8.2100000000e+02,6.8682918142e-03,6.1327701333e-03,1.3890139165e-01,4.0981028436e-01,1.8114381631e-01,1.5952084660e-01,9.7622599124e-02,1.6396715548e+00
8.2150000000e+02,6.7651302583e-03,6.0507548871e-03,1.3924658955e-01,4.0904981426e-01,1.8074638528e-01,1.6005532877e-01,9.8085996982e-02,1.6405176718e+00
8.2200000000e+02,6.7448006580e-03,5.9985838278e-03,1.3965525884e-01,4.0878850199e-01,1.8067848960e-01,1.5998340703e-01,9.8150958051e-02,1.6436181038e+00
8.2250000000e+02,6.7004220721e-03,5.9629921200e-03,1.4068965305e-01,4.0822424313e-01,1.8008163682e-01,1.6046709966e-01,9.7873953148e-02,1.6431490754e+00
8.2300000000e+02,6.7561641713e-03,5.9557852446e-03,1.4018420968e-01,4.0762403144e-01,1.7941261787e-01,1.6155972998e-01,9.8507461609e-02,1.6487871294e+00
8.2350000000e+02,6.7210527076e-03,5.9244305723e-03,1.4037014312e-01,4.0661364785e-01,1.7920978105e-01,1.6206310443e-01,9.9097840266e-02,1.6520622682e+00
8.2400000000e+02,6.7455786638e-03,5.9451867778e-03,1.4094681139e-01,4.0557220876e-01,1.7849373351e-01,1.6297329721e-01,9.9323183682e-02,1.6563154846e+00
8.2450000000e+02,6.7058466518e-03,5.9157903192e-03,1.4144938979e-01,4.0455840440e-01,1.7745470170e-01,1.6407372215e-01,9.9842144973e-02,1.6606015291e+00
8.2500000000e+02,6.6878594064e-03,5.9569776929e-03,1.4261605431e-01,4.0339985193e-01,1.7587462403e-01,1.6552771691e-01,9.9936915722e-02,1.6666887182e+00
8.2550000000e+02,6.7154816677e-03,5.9975699972e-03,1.4378483907e-01,4.0027006925e-01,1.7593635994e-01,1.6676461379e-01,1.0053106628e-01,1.6735529141e+00
8.2600000000e+02,6.6929084620e-03,5.9720422577e-03,1.4468186776e-01,3.9810347226e-01,1.7557180803e-01,1.6820585266e-01,1.0077204857e-01,1.6753011035e+00
8.2650000000e+02,6.6329233471e-03,5.9518596972e-03,1.4550432553e-01,3.9636082977e-01,1.7497307020e-01,1.6962669612e-01,1.0095029534e-01,1.6805866167e+00
8.2700000000e+02,6.5674687232e-03,5.9410188367e-03,1.4657265398e-01,3.9500417099e-01,1.7390515640e-01,1.7064533979e-01,1.0136419128e-01,1.6839520111e+00
8.2750000000e+02,6.5735885399e-03,5.9008090396e-03,1.4696622374e-01,3.9556845043e-01,1.7206409256e-01,1.7172803351e-01,1.0119880218e-01,1.6822960512e+00
8.2800000000e+02,6.5763073300e-03,5.9073346664e-03,1.4736331333e-01,3.9583919601e-01,1.7073050429e-01,1.7244805445e-01,1.0113528993e-01,1.6839962081e+00
8.2850000000e+02,6.5059196128e-03,5.9054860771e-03,1.4823688491e-01,3.9568962699e-01,1.6885354821e-01,1.7358312291e-01,1.0122541129e-01,1.6845332907e+00
8.2900000000e+02,6.4855417666e-03,5.9657661018e-03,1.4913815791e-01,3.9465819680e-01,1.6850573650e-01,1.7439606554e-01,1.0085053539e-01,1.6865210312e+00
8.2950000000e+02,6.4340917452e-03,6.0404226353e-03,1.4966375356e-01,3.9290952906e-01,1.6833993823e-01,1.7501536061e-01,1.0159690416e-01,1.6936444054e+00
8.3000000000e+02,6.4499586165e-03,6.0543321428e-03,1.4973819417e-01,3.9277454325e-01,1.6716690975e-01,1.7577321749e-01,1.0204284457e-01,1.6993943541e+00
8.3050000000e+02,6.3858694194e-03,6.0145282121e-03,1.5033819537e-01,3.9180524275e-01,1.6675935594e-01,1.7704587016e-01,1.0165093815e-01,1.7030297735e+00
8.3100000000e+02,6.3062453365e-03,5.9977786713e-03,1.5082081822e-01,3.9111650582e-01,1.6645368560e-01,1.7780263463e-01,1.0150233173e-01,1.7080107226e+00
8.3150000000e+02,6.2998295202e-03,6.0418469431e-03,1.5134734554e-01,3.9048773593e-01,1.6528517373e-01,1.7858458543e-01,1.0195348291e-01,1.7121134130e+00
8.3200000000e+02,6.2650895066e-03,6.0873776158e-03,1.5249581405e-01,3.8904354715e-01,1.6602175824e-01,1.7839004591e-01,1.0169636753e-01,1.7174917570e+00
8.3250000000e+02,6.2348971996e-03,6.0422987316e-03,1.5371227103e-01,3.8894334551e-01,1.6582526085e-01,1.7838825707e-01,1.0085366961e-01,1.7168948605e+00
8.3300000000e+02,6.2484530895e-03,6.0710558481e-03,1.5438599282e-01,3.8941257987e-01,1.6447790723e-01,1.7909669688e-01,1.0030731426e-01,1.7204332021e+00
8.3350000000e+02,6.2108253264e-03,6.0346615397e-03,1.5567399371e-01,3.8789040402e-01,1.6306404416e-01,1.8032914483e-01,1.0079692642e-01,1.7254153632e+00
8.3400000000e+02,6.2398930066e-03,6.0274900594e-03,1.5570936492e-01,3.8820509825e-01,1.6162370712e-01,1.8177991870e-01,1.0041452794e-01,1.7300111882e+00
8.3450000000e+02,6.2068718278e-03,6.0060132487e-03,1.5704959954e-01,3.8721204401e-01,1.6121354888e-01,1.8230608768e-01,1.0000583481e-01,1.7315207413e+00
8.3500000000e+02,6.2026280284e-03,6.0581721224e-03,1.5881862726e-01,3.8584314594e-01,1.6010436152e-01,1.8305126674e-01,9.9921798394e-02,1.7330270750e+00
8.3550000000e+02,6.2536881851e-03,6.1816687656e-03,1.5903351343e-01,3.8431719715e-01,1.5967906852e-01,1.8329233984e-01,1.0124252410e-01,1.7385218670e+00
8.3600000000e+02,6.2479235606e-03,6.1802106027e-03,1.5988780111e-01,3.8319648280e-01,1.5931424762e-01,1.8367274900e-01,1.0150058530e-01,1.7392674782e+00
8.3650000000e+02,6.2499933614e-03,6.1652525375e-03,1.6127019601e-01,3.8048390158e-01,1.5801387171e-01,1.8553482006e-01,1.0228196474e-01,1.7471459308e+00
8.3700000000e+02,6.2743565614e-03,6.1918975150e-03,1.6137222010e-01,3.8053982306e-01,1.5687710452e-01,1.8612863040e-01,1.0261596784e-01,1.7514605793e+00
8.3750000000e+02,6.2020560231e-03,6.1398769732e-03,1.6157267193e-01,3.7989950185e-01,1.5631168259e-01,1.8665962093e-01,1.0321458971e-01,1.7552801547e+00
8.3800000000e+02,6.1780532777e-03,6.0817789019e-03,1.6198136945e-01,3.7923630089e-01,1.5647827666e-01,1.8647803495e-01,1.0356618587e-01,1.7616663170e+00
8.3850000000e+02,6.2368780205e-03,6.1296003579e-03,1.6231237891e-01,3.7849831438e-01,1.5589848474e-01,1.8687628172e-01,1.0404806187e-01,1.7661982870e+00
8.3900000000e+02,6.2217640649e-03,6.1583389588e-03,1.6365728353e-01,3.7670627111e-01,1.5613732842e-01,1.8690867368e-01,1.0421034022e-01,1.7754189054e+00
8.3950000000e+02,6.2721191634e-03,6.1575540989e-03,1.6489613578e-01,3.7446235318e-01,1.5602887116e-01,1.8737294286e-01,1.0481002375e-01,1.7849497981e+00
8.4000000000e+02,6.3146228658e-03,6.1728521410e-03,1.6613378465e-01,3.7279798108e-01,1.5520758841e-01,1.8835474488e-01,1.0501842597e-01,1.7910584554e+00
8.4050000000e+02,6.2891713616e-03,6.1967213846e-03,1.6730495121e-01,3.7200946602e-01,1.5425016606e-01,1.8911208961e-01,1.0483743435e-01,1.7957564575e+00
8.4100000000e+02,6.2915487538e-03,6.2048973092e-03,1.6747106868e-01,3.7162866386e-01,1.5380249095e-01,1.9008160902e-01,1.0451972144e-01,1.8043188310e+00
8.4150000000e+02,6.3167840842e-03,6.2520206950e-03,1.6960314572e-01,3.7028892405e-01,1.5320768381e-01,1.9038790048e-01,1.0394354115e-01,1.8051214290e+00
8.4200000000e+02,6.2230524940e-03,6.2752244790e-03,1.7091627599e-01,3.6911518552e-01,1.5276930786e-01,1.9077786025e-01,1.0392309342e-01,1.8073787057e+00
8.4250000000e+02,6.1899662869e-03,6.3250217385e-03,1.7069210664e-01,3.6945105926e-01,1.5224783010e-01,1.9136149086e-01,1.0373252512e-01,1.8112838771e+00
8.4300000000e+02,6.2651074414e-03,6.4422342662e-03,1.7244559933e-01,3.6823942786e-01,1.5202070126e-01,1.9128854833e-01,1.0329838151e-01,1.8207106554e+00
8.4350000000e+02,6.2850778714e-03,6.5092820302e-03,1.7281641833e-01,3.6798622247e-01,1.5238775486e-01,1.9116614085e-01,1.0284910360e-01,1.8269912860e+00
8.4400000000e+02,6.2360774310e-03,6.4778793786e-03,1.7410064690e-01,3.6682763659e-01,1.5153327504e-01,1.9196498388e-01,1.0285950078e-01,1.8318393601e+00
8.4450000000e+02,6.2880170872e-03,6.5401439854e-03,1.7511470735e-01,3.6569563818e-01,1.5130238363e-01,1.9142099871e-01,1.0363811107e-01,1.8378778700e+00
8.4500000000e+02,6.2681455668e-03,6.5719880333e-03,1.7649503170e-01,3.6379703919e-01,1.5114676007e-01,1.9149920251e-01,1.0422183294e-01,1.8443703529e+00
8.4550000000e+02,6.3123003878e-03,6.5965572155e-03,1.7891997736e-01,3.6156066734e-01,1.5123743213e-01,1.9150065702e-01,1.0387240855e-01,1.8502032072e+00
8.4600000000e+02,6.2991987549e-03,6.6375349433e-03,1.8000403737e-01,3.6141269711e-01,1.5063448032e-01,1.9196443492e-01,1.0304761658e-01,1.8508803934e+00
8.4650000000e+02,6.2953198183e-03,6.6986843230e-03,1.8027218591e-01,3.6223671173e-01,1.4983522620e-01,1.9188874813e-01,1.0277312389e-01,1.8518068353e+00
8.4700000000e+02,6.2959754106e-03,6.7233417026e-03,1.8223757520e-01,3.6049828250e-01,1.4955446294e-01,1.9168588731e-01,1.0300447493e-01,1.8554091411e+00
8.4750000000e+02,6.2220998639e-03,6.7766883503e-03,1.8304011397e-01,3.6028350621e-01,1.4944751843e-01,1.9156680645e-01,1.0266326672e-01,1.8610780044e+00
8.4800000000e+02,6.2284569853e-03,6.8693208390e-03,1.8410354872e-01,3.5911516186e-01,1.4944257564e-01,1.9156401110e-01,1.0267692485e-01,1.8700376460e+00
8.4850000000e+02,6.2463917260e-03,6.9192091822e-03,1.8439226250e-01,3.5869495953e-01,1.4908980256e-01,1.9119869020e-01,1.0345868430e-01,1.8786497410e+00
8.4900000000e+02,6.2679119816e-03,6.9021839670e-03,1.8568102627e-01,3.5691573606e-01,1.4880213902e-01,1.9174764021e-01,1.0368336249e-01,1.8848267862e+00
8.4950000000e+02,6.2896411667e-03,6.9626055338e-03,1.8721032875e-01,3.5574239301e-01,1.4830365079e-01,1.9147430810e-01,1.0401707265e-01,1.8921584661e+00
8.5000000000e+02,6.3123829050e-03,7.0017332925e-03,1.8962780731e-01,3.5385642355e-01,1.4799784564e-01,1.9150195674e-01,1.0370185057e-01,1.8943872735e+00
8.5050000000e+02,6.3658472847e-03,7.0442825001e-03,1.9145093032e-01,3.5286185255e-01,1.4760644386e-01,1.9099888982e-01,1.0367175367e-01,1.9004123982e+00
8.5100000000e+02,6.4073695700e-03,7.0588527847e-03,1.9197907576e-01,3.5291000691e-01,1.4796194786e-01,1.9044368288e-01,1.0323906423e-01,1.9036258404e+00
8.5150000000e+02,6.4041369989e-03,7.0654184988e-03,1.9314851655e-01,3.5244522138e-01,1.4781294776e-01,1.9061908636e-01,1.0250467246e-01,1.9113365776e+00
8.5200000000e+02,6.4438763432e-03,7.0908058786e-03,1.9497506685e-01,3.5073763990e-01,1.4802029916e-01,1.9050777905e-01,1.0222453282e-01,1.9165217179e+00
8.5250000000e+02,6.3921385182e-03,7.1578284973e-03,1.9717534772e-01,3.4861069845e-01,1.4784094299e-01,1.9083362852e-01,1.0198941530e-01,1.9236803532e+00
8.5300000000e+02,6.3925448810e-03,7.2095517770e-03,1.9844960808e-01,3.4777975659e-01,1.4798914277e-01,1.9021011406e-01,1.0196928185e-01,1.9260714206e+00
8.5350000000e+02,6.3179424258e-03,7.1332637334e-03,1.9986977522e-01,3.4753343751e-01,1.4754195185e-01,1.9042032605e-01,1.0118330321e-01,1.9289475454e+00
8.5400000000e+02,6.3096504383e-03,7.1766349968e-03,2.0093927118e-01,3.4729340100e-01,1.4701979088e-01,1.9007118093e-01,1.0119007058e-01,1.9305419675e+00
8.5450000000e+02,6.3189360272e-03,7.2333734432e-03,2.0182085967e-01,3.4606688844e-01,1.4733419498e-01,1.8975649481e-01,1.0146925264e-01,1.9392491538e+00
8.5500000000e+02,6.3375849128e-03,7.2046622032e-03,2.0334221097e-01,3.4583519712e-01,1.4724975985e-01,1.8923869097e-01,1.0079189398e-01,1.9445186219e+00
8.5550000000e+02,6.3471767236e-03,7.2711549464e-03,2.0528009630e-01,3.4405326833e-01,1.4718881411e-01,1.8909428490e-01,1.0076520470e-01,1.9498031530e+00
8.5600000000e+02,6.3732670787e-03,7.3444517641e-03,2.0684979605e-01,3.4219889041e-01,1.4786253689e-01,1.8874266239e-01,1.0062839541e-01,1.9606216021e+00
8.5650000000e+02,6.4049288981e-03,7.3337225220e-03,2.0880109596e-01,3.4062756550e-01,1.4781825790e-01,1.8827261482e-01,1.0074181441e-01,1.9614672323e+00
8.5700000000e+02,6.4865106015e-03,7.3485424211e-03,2.1204144028e-01,3.3761014521e-01,1.4841480045e-01,1.8793863243e-01,1.0015992861e-01,1.9707434741e+00
8.5750000000e+02,6.5227563086e-03,7.3004463866e-03,2.1365618860e-01,3.3591762036e-01,1.4915211794e-01,1.8714431819e-01,1.0030655222e-01,1.9761300600e+00
8.5800000000e+02,6.5245266746e-03,7.3832220239e-03,2.1544146059e-01,3.3412407108e-01,1.4944765559e-01,1.8586738749e-01,1.0121167655e-01,1.9820528275e+00
8.5850000000e+02,6.5355382348e-03,7.4295365321e-03,2.1814779837e-01,3.3248388069e-01,1.5044144891e-01,1.8463452825e-01,1.0032726901e-01,1.9883292002e+00
8.5900000000e+02,6.5721988922e-03,7.3705337781e-03,2.2002256137e-01,3.3120750235e-01,1.5118874987e-01,1.8405586542e-01,9.9582588316e-02,1.9917021417e+00
8.5950000000e+02,6.5685074908e-03,7.4290195664e-03,2.2119723660e-01,3.2999145686e-01,1.5151231256e-01,1.8351722342e-01,9.9784243501e-02,1.9983590548e+00
8.6000000000e+02,6.5611851951e-03,7.4532165667e-03,2.2404252703e-01,3.2762243051e-01,1.5327733695e-01,1.8213913551e-01,9.8904168239e-02,2.0024796228e+00
8.6050000000e+02,6.5612669165e-03,7.5279228618e-03,2.2412777992e-01,3.2743442415e-01,1.5379958766e-01,1.8170674705e-01,9.8842271440e-02,2.0104157406e+00
8.6100000000e+02,6.6218094644e-03,7.5597985692e-03,2.2486498149e-01,3.2753504470e-01,1.5359148125e-01,1.8111088745e-01,9.8715997079e-02,2.0119214672e+00
8.6150000000e+02,6.5940235757e-03,7.6234909018e-03,2.2513262161e-01,3.2821854209e-01,1.5279739186e-01,1.8153120961e-01,9.8102720360e-02,2.0169705812e+00
8.6200000000e+02,6.5875022070e-03,7.6331246006e-03,2.2725520818e-01,3.2643895574e-01,1.5343930661e-01,1.8068432330e-01,9.7961579365e-02,2.0211376652e+00
8.6250000000e+02,6.5523859296e-03,7.7436957900e-03,2.2817263972e-01,3.2543933440e-01,1.5604798306e-01,1.7847627236e-01,9.7567688742e-02,2.0250004609e+00
8.6300000000e+02,6.5732234373e-03,7.7131339889e-03,2.3057768872e-01,3.2300522057e-01,1.5695537052e-01,1.7787956259e-01,9.7295800175e-02,2.0334134862e+00
8.6350000000e+02,6.5623158213e-03,7.7555836998e-03,2.3171777653e-01,3.2156333913e-01,1.5781876715e-01,1.7721492501e-01,9.7367292664e-02,2.0391330801e+00
8.6400000000e+02,6.5527179280e-03,7.7289685315e-03,2.3396102191e-01,3.2061810697e-01,1.5739768540e-01,1.7716668176e-01,9.6574817500e-02,2.0404713860e+00
8.6450000000e+02,6.5805998069e-03,7.7127504412e-03,2.3525014860e-01,3.1962357480e-01,1.5836025665e-01,1.7627389081e-01,9.6198778904e-02,2.0393162969e+00
8.6500000000e+02,6.6187482383e-03,7.8011045429e-03,2.3724245164e-01,3.1815033818e-01,1.5839298211e-01,1.7522657939e-01,9.6567795899e-02,2.0447243736e+00
8.6550000000e+02,6.5991323231e-03,7.8315357000e-03,2.3961179066e-01,3.1597278398e-01,1.5820672925e-01,1.7555472838e-01,9.6223299710e-02,2.0478756132e+00
8.6600000000e+02,6.5842037081e-03,7.9189067390e-03,2.4045439636e-01,3.1477522285e-01,1.5780290372e-01,1.7577715843e-01,9.6687208185e-02,2.0554613421e+00
8.6650000000e+02,6.5811542627e-03,7.9900512511e-03,2.4421758449e-01,3.1105996872e-01,1.5814188696e-01,1.7511791168e-01,9.6891442650e-02,2.0614866413e+00
8.6700000000e+02,6.5245873514e-03,7.9635152821e-03,2.4601097253e-01,3.0963129901e-01,1.5854270096e-01,1.7430046072e-01,9.7026464147e-02,2.0621076536e+00
8.6750000000e+02,6.5339577552e-03,8.0859251361e-03,2.4812439475e-01,3.0884196621e-01,1.5775412962e-01,1.7397807788e-01,9.6681548655e-02,2.0613299105e+00
8.6800000000e+02,6.5214299666e-03,8.0967207832e-03,2.5104066104e-01,3.0657505302e-01,1.5898299873e-01,1.7263442821e-01,9.6148708245e-02,2.0610460774e+00
8.6850000000e+02,6.5025685572e-03,8.0488748161e-03,2.5310600117e-01,3.0539233840e-01,1.5873592437e-01,1.7226464805e-01,9.5949644635e-02,2.0633791615e+00
8.6900000000e+02,6.4853969810e-03,8.1265699712e-03,2.5549743497e-01,3.0304212774e-01,1.5848809629e-01,1.7226618714e-01,9.6094186901e-02,2.0651929245e+00
8.6950000000e+02,6.5144022889e-03,8.1421925527e-03,2.5679422801e-01,3.0188294924e-01,1.5865353572e-01,1.7172740771e-01,9.6285284485e-02,2.0703377436e+00
8.7000000000e+02,6.4825902844e-03,8.0727002528e-03,2.5803519211e-01,3.0159406918e-01,1.5840063603e-01,1.7153981471e-01,9.5874997424e-02,2.0726157675e+00
8.7050000000e+02,6.5110772501e-03,8.1049116943e-03,2.6079795006e-01,2.9930552233e-01,1.5918985853e-01,1.6993867662e-01,9.6152003520e-02,2.0762458621e+00
8.7100000000e+02,6.5041820999e-03,8.1838849246e-03,2.6235467692e-01,2.9839644705e-01,1.5917788822e-01,1.6952116736e-01,9.5861753436e-02,2.0803758697e+00
8.7150000000e+02,6.5412649642e-03,8.3124458295e-03,2.6438326178e-01,2.9587150387e-01,1.6016142345e-01,1.6815762276e-01,9.6572477349e-02,2.0866704869e+00
8.7200000000e+02,6.5692073694e-03,8.3782701044e-03,2.6632994842e-01,2.9496729971e-01,1.5933359678e-01,1.6854769686e-01,9.5873980748e-02,2.0892132326e+00
8.7250000000e+02,6.5741659489e-03,8.4705859784e-03,2.6912110379e-01,2.9330143724e-01,1.6017019810e-01,1.6724523616e-01,9.5117272783e-02,2.0879914613e+00
8.7300000000e+02,6.5739977216e-03,8.5963526257e-03,2.7168568110e-01,2.9108465744e-01,1.5982560044e-01,1.6691447314e-01,9.5319237530e-02,2.0920488665e+00
8.7350000000e+02,6.6525328077e-03,8.6848978569e-03,2.7288748966e-01,2.9033665050e-01,1.6012232861e-01,1.6628881396e-01,9.5027286607e-02,2.0967455673e+00
8.7400000000e+02,6.6914090840e-03,8.7801899095e-03,2.7355917879e-01,2.8894276952e-01,1.6032515470e-01,1.6576922416e-01,9.5932073838e-02,2.1030206889e+00
8.7450000000e+02,6.7116475612e-03,8.9016684790e-03,2.7576838712e-01,2.8691684103e-01,1.6193970627e-01,1.6404759157e-01,9.5714157971e-02,2.1040106284e+00
8.7500000000e+02,6.7794147471e-03,8.9907579884e-03,2.7860705734e-01,2.8527860647e-01,1.6161941594e-01,1.6340917127e-01,9.5315576250e-02,2.1029136931e+00
8.7550000000e+02,6.7853516049e-03,9.1056532703e-03,2.7968284800e-01,2.8404913981e-01,1.6177061671e-01,1.6327568650e-01,9.5330704103e-02,2.1055537673e+00
8.7600000000e+02,6.7779596451e-03,9.2027677340e-03,2.8202731782e-01,2.8216152977e-01,1.6225241427e-01,1.6227902341e-01,9.5298987352e-02,2.1048158610e+00
8.7650000000e+02,6.7977739829e-03,9.3385805482e-03,2.8433805831e-01,2.8023492049e-01,1.6306895522e-01,1.6096335488e-01,9.5258356575e-02,2.1061645561e+00
8.7700000000e+02,6.8096688350e-03,9.4044296838e-03,2.8839896897e-01,2.7807569022e-01,1.6343968096e-01,1.5935120526e-01,9.4520356063e-02,2.1020534897e+00
8.7750000000e+02,6.7958926902e-03,9.4980913929e-03,2.9191363748e-01,2.7624757130e-01,1.6268789864e-01,1.5898195600e-01,9.3874952492e-02,2.0957331154e+00
8.7800000000e+02,6.7586339735e-03,9.5847879333e-03,2.9512427996e-01,2.7306866404e-01,1.6284884111e-01,1.5832943026e-01,9.4285362719e-02,2.0909356108e+00
8.7850000000e+02,6.7743380347e-03,9.6521071519e-03,2.9696787276e-01,2.7120660012e-01,1.6404998153e-01,1.5738029906e-01,9.3968801340e-02,2.0958407101e+00
8.7900000000e+02,6.7336453524e-03,9.6445962878e-03,2.9871183085e-01,2.6920589236e-01,1.6524855722e-01,1.5679486493e-01,9.3660613002e-02,2.0976405976e+00
8.7950000000e+02,6.7265767296e-03,9.8035750483e-03,3.0047194019e-01,2.6869676317e-01,1.6457603086e-01,1.5692376499e-01,9.2801349014e-02,2.0967346271e+00
8.8000000000e+02,6.7396692674e-03,9.9879608483e-03,3.0312788790e-01,2.6752504573e-01,1.6423141245e-01,1.5617905047e-01,9.2208973337e-02,2.0961555284e+00
8.8050000000e+02,6.7617829227e-03,1.0062989551e-02,3.0527942603e-01,2.6535194746e-01,1.6578687820e-01,1.5455950649e-01,9.2197469353e-02,2.0979425732e+00
8.8100000000e+02,6.8135976336e-03,1.0174493257e-02,3.0856907327e-01,2.6251518415e-01,1.6587173041e-01,1.5327950446e-01,9.2776416814e-02,2.0952440894e+00
8.8150000000e+02,6.8512804824e-03,1.0379978158e-02,3.1189406057e-01,2.6030057041e-01,1.6640825740e-01,1.5200084339e-01,9.2165009590e-02,2.0929126924e+00
8.8200000000e+02,6.8422165196e-03,1.0479940116e-02,3.1392372374e-01,2.6005042156e-01,1.6709240747e-01,1.5016788964e-01,9.1443400955e-02,2.0864296815e+00
8.8250000000e+02,6.8223020930e-03,1.0627252938e-02,3.1650333347e-01,2.5910266901e-01,1.6723066495e-01,1.4912822718e-01,9.0585550344e-02,2.0822890544e+00
8.8300000000e+02,6.8328482452e-03,1.0688305875e-02,3.1975465604e-01,2.5672922489e-01,1.6747726490e-01,1.4841798372e-01,9.0099716323e-02,2.0815725047e+00
8.8350000000e+02,6.8728190755e-03,1.0819363877e-02,3.2172069915e-01,2.5438456539e-01,1.6855202416e-01,1.4795293884e-01,8.9697589522e-02,2.0808005822e+00
8.8400000000e+02,6.9020404145e-03,1.0922910138e-02,3.2542438720e-01,2.5140161495e-01,1.6919125640e-01,1.4657677971e-01,8.9581011186e-02,2.0757546231e+00
8.8450000000e+02,6.8910907625e-03,1.0950728088e-02,3.2939082580e-01,2.4887672662e-01,1.6929861358e-01,1.4592190253e-01,8.8670112616e-02,2.0702257176e+00
8.8500000000e+02,6.9557877830e-03,1.1084266779e-02,3.3150030236e-01,2.4690052238e-01,1.6970607286e-01,1.4530645558e-01,8.8546592268e-02,2.0677577693e+00
8.8550000000e+02,6.8535551110e-03,1.1088972207e-02,3.3276519239e-01,2.4668597363e-01,1.7017336435e-01,1.4423026157e-01,8.8202680748e-02,2.0608341765e+00
8.8600000000e+02,6.8638364602e-03,1.1126885592e-02,3.3545412637e-01,2.4580950568e-01,1.7047341127e-01,1.4356742893e-01,8.6704805703e-02,2.0505340588e+00
8.8650000000e+02,6.8523607458e-03,1.1100731181e-02,3.3931924167e-01,2.4345274008e-01,1.7136945684e-01,1.4213413262e-01,8.5771336862e-02,2.0433499520e+00
8.8700000000e+02,6.8883699048e-03,1.1140466496e-02,3.4087618228e-01,2.4236526899e-01,1.7186480604e-01,1.4167556102e-01,8.5189345268e-02,2.0425748450e+00
8.8750000000e+02,6.9091912348e-03,1.1216907510e-02,3.4313342212e-01,2.4031287580e-01,1.7260787161e-01,1.4097312989e-01,8.4846601843e-02,2.0390326107e+00
8.8800000000e+02,6.8689337274e-03,1.1244102009e-02,3.4442876252e-01,2.3963939182e-01,1.7339599321e-01,1.3933321606e-01,8.5089600642e-02,2.0347133204e+00
8.8850000000e+02,6.9035002652e-03,1.1418893091e-02,3.4565706535e-01,2.3858212729e-01,1.7443999250e-01,1.3802568108e-01,8.4972740433e-02,2.0357396536e+00
8.8900000000e+02,6.9208923396e-03,1.1439740594e-02,3.4879220399e-01,2.3632172828e-01,1.7575619012e-01,1.3615473068e-01,8.4614513999e-02,2.0298479498e+00
8.8950000000e+02,6.8938698237e-03,1.1320962029e-02,3.5057675754e-01,2.3580834905e-01,1.7514821646e-01,1.3587483604e-01,8.4377009059e-02,2.0221079010e+00
8.9000000000e+02,6.9423967243e-03,1.1387677361e-02,3.5324562408e-01,2.3377812283e-01,1.7740882519e-01,1.3376663864e-01,8.3470715170e-02,2.0199536939e+00
8.9050000000e+02,6.9247453984e-03,1.1465336379e-02,3.5477914299e-01,2.3345763250e-01,1.7701999396e-01,1.3340439292e-01,8.2948755859e-02,2.0120187385e+00
8.9100000000e+02,6.9144027528e-03,1.1502887235e-02,3.5668975838e-01,2.3288663604e-01,1.7748952064e-01,1.3264238135e-01,8.1874413602e-02,2.0058248540e+00
8.9150000000e+02,6.9479963591e-03,1.1519992613e-02,3.5741654143e-01,2.3148035670e-01,1.7853974683e-01,1.3197196763e-01,8.2123398432e-02,2.0059207724e+00
8.9200000000e+02,6.9989688406e-03,1.1590781365e-02,3.6058399483e-01,2.2890189624e-01,1.7910790032e-01,1.3127146486e-01,8.1544993544e-02,2.0020188929e+00
8.9250000000e+02,6.9625124115e-03,1.1684927155e-02,3.6480833574e-01,2.2701241551e-01,1.7800135556e-01,1.3109781205e-01,8.0432641573e-02,1.9900552879e+00
8.9300000000e+02,6.9576761924e-03,1.1803123148e-02,3.6751740330e-01,2.2429380222e-01,1.7861024478e-01,1.3041401433e-01,8.0403736030e-02,1.9826320035e+00
8.9350000000e+02,6.9947932421e-03,1.1819375054e-02,3.7103006765e-01,2.2136475564e-01,1.7886967025e-01,1.2953630196e-01,8.0385036199e-02,1.9773671841e+00
8.9400000000e+02,7.0224144291e-03,1.1935518876e-02,3.7399680090e-01,2.1894602198e-01,1.7942704166e-01,1.2877010706e-01,7.9902095099e-02,1.9744139819e+00
8.9450000000e+02,7.0815103686e-03,1.2028086758e-02,3.7560765667e-01,2.1843417719e-01,1.7989925806e-01,1.2767367186e-01,7.9275639094e-02,1.9663775696e+00
8.9500000000e+02,7.0872831951e-03,1.1959248182e-02,3.7924849925e-01,2.1600503024e-01,1.7971962145e-01,1.2729714464e-01,7.8683173034e-02,1.9534339511e+00
8.9550000000e+02,7.1716066056e-03,1.1993012060e-02,3.8171357007e-01,2.1454180133e-01,1.8004194704e-01,1.2633797807e-01,7.8200084829e-02,1.9464641790e+00
8.9600000000e+02,7.1889864493e-03,1.1991467334e-02,3.8421012851e-01,2.1352091132e-01,1.8072122822e-01,1.2505181514e-01,7.7315463023e-02,1.9378923412e+00
8.9650000000e+02,7.2136290110e-03,1.1974514136e-02,3.8767969651e-01,2.1095745569e-01,1.8179375306e-01,1.2418536049e-01,7.6195591108e-02,1.9289733051e+00
8.9700000000e+02,7.2068674388e-03,1.2137073476e-02,3.9027287721e-01,2.0890556388e-01,1.8170120514e-01,1.2357599161e-01,7.6200421252e-02,1.9254044890e+00
8.9750000000e+02,7.2342375629e-03,1.2095370575e-02,3.9286058905e-01,2.0660777521e-01,1.8210413112e-01,1.2302420141e-01,7.6073695074e-02,1.9196897276e+00
8.9800000000e+02,7.2541389311e-03,1.2187691408e-02,3.9432027583e-01,2.0555806913e-01,1.8324067436e-01,1.2158499200e-01,7.5854158335e-02,1.9094178007e+00
8.9850000000e+02,7.3431611009e-03,1.2347614685e-02,3.9518312142e-01,2.0564101512e-01,1.8442027275e-01,1.2026810277e-01,7.4796712154e-02,1.9081861060e+00
8.9900000000e+02,7.3440241506e-03,1.2389746920e-02,3.9717617786e-01,2.0341627844e-01,1.8466999890e-01,1.2002106909e-01,7.4982704637e-02,1.9007374935e+00
8.9950000000e+02,7.3574175028e-03,1.2518348533e-02,3.9997745958e-01,2.0063998332e-01,1.8542277075e-01,1.1940118368e-01,7.4682836635e-02,1.8971075108e+00
9.0000000000e+02,7.3608051011e-03,1.2524502221e-02,4.0204985378e-01,1.9947677053e-01,1.8555510642e-01,1.1890237498e-01,7.4130586959e-02,1.8907992315e+00
9.0050000000e+02,7.2910041128e-03,1.2522377247e-02,4.0499758725e-01,1.9736028453e-01,1.8603420467e-01,1.1816232669e-01,7.3632215495e-02,1.8785529783e+00
9.0100000000e+02,7.2901412699e-03,1.2470919838e-02,4.0883769371e-01,1.9513828827e-01,1.8626390070e-01,1.1721504071e-01,7.2784015504e-02,1.8656567825e+00
9.0150000000e+02,7.2745252917e-03,1.2497185285e-02,4.1130009963e-01,1.9422163405e-01,1.8588435545e-01,1.1686229525e-01,7.1959905043e-02,1.8511440623e+00
9.0200000000e+02,7.2994775072e-03,1.2472748917e-02,4.1328414276e-01,1.9320258233e-01,1.8656797501e-01,1.1599977970e-01,7.1173293773e-02,1.8399130396e+00
9.0250000000e+02,7.3548424180e-03,1.2523019732e-02,4.1573706491e-01,1.9092986456e-01,1.8770832054e-01,1.1422979959e-01,7.1517088253e-02,1.8316722107e+00
9.0300000000e+02,7.4042631545e-03,1.2597035417e-02,4.1764235082e-01,1.8962955376e-01,1.8912863795e-01,1.1292689846e-01,7.0671260450e-02,1.8248367971e+00
9.0350000000e+02,7.4100341537e-03,1.2610273058e-02,4.2069962357e-01,1.8743799041e-01,1.8991620682e-01,1.1231123922e-01,6.9614632774e-02,1.8156819298e+00
9.0400000000e+02,7.4282210886e-03,1.2699601301e-02,4.2304053406e-01,1.8669504613e-01,1.8960841049e-01,1.1174915318e-01,6.8779033752e-02,1.8064873941e+00
9.0450000000e+02,7.5355187800e-03,1.2785220869e-02,4.2512051431e-01,1.8449761232e-01,1.8908871388e-01,1.1172109859e-01,6.9251321238e-02,1.8000076027e+00
9.0500000000e+02,7.4997548175e-03,1.2849572181e-02,4.2657439035e-01,1.8300466386e-01,1.8988022438e-01,1.1070458510e-01,6.9486809308e-02,1.7938719573e+00
9.0550000000e+02,7.5873595603e-03,1.2899260788e-02,4.2841828793e-01,1.8143000180e-01,1.9047153417e-01,1.0989726758e-01,6.9296288177e-02,1.7919125244e+00
9.0600000000e+02,7.6593221912e-03,1.2963750420e-02,4.2984451697e-01,1.8076039039e-01,1.9011770340e-01,1.0972339040e-01,6.8930926234e-02,1.7868329422e+00
9.0650000000e+02,7.7436562076e-03,1.2976850102e-02,4.3339904960e-01,1.7922541114e-01,1.9027921504e-01,1.0851773801e-01,6.7858079892e-02,1.7738800801e+00
9.0700000000e+02,7.7747474005e-03,1.3005100331e-02,4.3540159951e-01,1.7840673914e-01,1.9092349031e-01,1.0720561349e-01,6.7282709831e-02,1.7661030654e+00
9.0750000000e+02,7.7813049138e-03,1.3077862601e-02,4.3890472501e-01,1.7611471327e-01,1.9045822056e-01,1.0708729739e-01,6.6575876245e-02,1.7503809155e+00
9.0800000000e+02,7.7857801962e-03,1.3078310510e-02,4.4047420612e-01,1.7418573425e-01,1.9138518739e-01,1.0619831437e-01,6.6892467158e-02,1.7471435381e+00
9.0850000000e+02,7.7957755109e-03,1.3184933784e-02,4.4336853458e-01,1.7239247336e-01,1.9097026974e-01,1.0593522275e-01,6.6352790278e-02,1.7370724620e+00
9.0900000000e+02,7.7859525924e-03,1.3265912034e-02,4.4537905627e-01,1.7179824552e-01,1.9026965346e-01,1.0628214150e-01,6.5219038624e-02,1.7275943493e+00
9.0950000000e+02,7.8155574552e-03,1.3345078597e-02,4.4679316766e-01,1.7122614852e-01,1.9052224210e-01,1.0525676519e-01,6.5041040466e-02,1.7204593963e+00
9.1000000000e+02,7.8556668841e-03,1.3442255296e-02,4.4921340308e-01,1.7110437082e-01,1.8975953689e-01,1.0474693316e-01,6.3877833877e-02,1.7066143646e+00
9.1050000000e+02,7.9337820797e-03,1.3537656453e-02,4.5112533573e-01,1.7009624982e-01,1.9028828347e-01,1.0345419906e-01,6.3564493395e-02,1.6994484163e+00
9.1100000000e+02,7.9603389952e-03,1.3524344627e-02,4.5414917163e-01,1.6797006327e-01,1.9049501616e-01,1.0252556174e-01,6.3375503567e-02,1.6874951251e+00
9.1150000000e+02,7.9938771743e-03,1.3616833988e-02,4.5672427484e-01,1.6625130857e-01,1.9039267767e-01,1.0229075482e-01,6.2730272941e-02,1.6772103993e+00
9.1200000000e+02,8.0262611141e-03,1.3717910482e-02,4.5827196458e-01,1.6510104602e-01,1.9056099513e-01,1.0173562619e-01,6.2586196486e-02,1.6695847768e+00
9.1250000000e+02,8.0250004249e-03,1.3705735762e-02,4.6219473973e-01,1.6297425048e-01,1.8910661094e-01,1.0205247347e-01,6.1941189193e-02,1.6555985069e+00
9.1300000000e+02,8.1241311410e-03,1.3821802124e-02,4.6366305753e-01,1.6285967397e-01,1.8803413112e-01,1.0207252716e-01,6.1424676951e-02,1.6509169749e+00
9.1350000000e+02,8.1696975949e-03,1.3841271227e-02,4.6603133778e-01,1.6119175430e-01,1.8836888568e-01,1.0180046487e-01,6.0596588543e-02,1.6411885827e+00
9.1400000000e+02,8.2432787382e-03,1.3957284130e-02,4.6814334225e-01,1.5884136781e-01,1.8875308235e-01,1.0113147244e-01,6.0930172266e-02,1.6319945605e+00
9.1450000000e+02,8.2614323814e-03,1.3931780969e-02,4.6951324895e-01,1.5759256438e-01,1.8934670045e-01,1.0055158000e-01,6.0802692876e-02,1.6220558271e+00
9.1500000000e+02,8.3028125635e-03,1.3905909771e-02,4.7211990879e-01,1.5558928149e-01,1.8820319483e-01,1.0097947813e-01,6.0899414434e-02,1.6091151871e+00
9.1550000000e+02,8.4057137867e-03,1.3777075639e-02,4.7480958440e-01,1.5298364883e-01,1.8936896327e-01,1.0029790190e-01,6.0357112169e-02,1.6001099378e+00
9.1600000000e+02,8.4616525004e-03,1.3773878214e-02,4.7738410884e-01,1.5199621812e-01,1.8933162900e-01,9.9443912769e-02,5.9608600560e-02,1.5920122912e+00
9.1650000000e+02,8.4811795207e-03,1.3812389802e-02,4.7912075052e-01,1.5078004879e-01,1.8966041800e-01,9.9342346393e-02,5.8802866976e-02,1.5832088101e+00
9.1700000000e+02,8.5058152017e-03,1.3886232848e-02,4.8090678217e-01,1.4974599325e-01,1.8864502882e-01,1.0009989177e-01,5.8210255947e-02,1.5723464457e+00
9.1750000000e+02,8.5218260350e-03,1.4025794695e-02,4.8341117571e-01,1.4883429212e-01,1.8780351204e-01,1.0000288146e-01,5.7400517941e-02,1.5609989712e+00
9.1800000000e+02,8.5610188065e-03,1.4107805458e-02,4.8461146438e-01,1.4872379344e-01,1.8671130612e-01,1.0003673051e-01,5.7247881275e-02,1.5537294455e+00
9.1850000000e+02,8.5186316735e-03,1.4084033391e-02,4.8726153649e-01,1.4719037858e-01,1.8661491918e-01,9.9639724442e-02,5.6690776239e-02,1.5391948196e+00
9.1900000000e+02,8.6034168247e-03,1.4133930418e-02,4.8957985097e-01,1.4580724366e-01,1.8748558332e-01,9.8486746761e-02,5.5903228050e-02,1.5253048618e+00
9.1950000000e+02,8.5629614427e-03,1.4182107637e-02,4.9226374957e-01,1.4406871148e-01,1.8781768584e-01,9.7573120018e-02,5.5531664023e-02,1.5073400849e+00
9.2000000000e+02,8.5213688559e-03,1.4173190773e-02,4.9423920148e-01,1.4256679221e-01,1.8817950099e-01,9.7052587465e-02,5.5267358228e-02,1.4925682171e+00
9.2050000000e+02,8.5935230235e-03,1.4192852935e-02,4.9618031206e-01,1.4148933537e-01,1.8831135315e-01,9.6830626901e-02,5.4401996554e-02,1.4839549505e+00
9.2100000000e+02,8.5284539506e-03,1.4239561705e-02,4.9951184152e-01,1.3931423930e-01,1.8747380459e-01,9.7288731903e-02,5.3643367032e-02,1.4681424064e+00
9.2150000000e+02,8.5446631155e-03,1.4228909758e-02,5.0221559982e-01,1.3795571989e-01,1.8713792288e-01,9.7441870502e-02,5.2475314024e-02,1.4556869457e+00
9.2200000000e+02,8.5573772342e-03,1.4252740262e-02,5.0346152055e-01,1.3654177776e-01,1.8754335623e-01,9.7142564712e-02,5.2500663259e-02,1.4487653254e+00
9.2250000000e+02,8.6775502853e-03,1.4324434765e-02,5.0430703239e-01,1.3633464705e-01,1.8756020717e-01,9.6769759643e-02,5.2026368704e-02,1.4392310319e+00
9.2300000000e+02,8.7859612459e-03,1.4216944719e-02,5.0576927966e-01,1.3586341654e-01,1.8714121289e-01,9.6626682953e-02,5.1596501994e-02,1.4276716436e+00
9.2350000000e+02,8.8648203634e-03,1.4206475939e-02,5.0835604909e-01,1.3385495898e-01,1.8749831514e-01,9.6172058015e-02,5.1047322474e-02,1.4172322252e+00
9.2400000000e+02,8.8211586784e-03,1.4148958510e-02,5.1068127803e-01,1.3268236124e-01,1.8749239741e-01,9.5978183403e-02,5.0195662726e-02,1.4011571323e+00
9.2450000000e+02,8.7704985561e-03,1.3999140243e-02,5.1196010158e-01,1.3264235192e-01,1.8746030010e-01,9.5475893263e-02,4.9691714333e-02,1.3855802196e+00
9.2500000000e+02,8.8158261138e-03,1.4048519487e-02,5.1344327776e-01,1.3151704203e-01,1.8758357894e-01,9.5364919269e-02,4.9226836394e-02,1.3747566362e+00
9.2550000000e+02,8.8390407672e-03,1.4016696176e-02,5.1485170612e-01,1.3014321064e-01,1.8716719984e-01,9.5716947974e-02,4.9265198482e-02,1.3615369196e+00
9.2600000000e+02,8.8842239139e-03,1.3869759661e-02,5.1643230768e-01,1.2882895377e-01,1.8739816976e-01,9.5891301172e-02,4.8695284046e-02,1.3484713679e+00
9.2650000000e+02,8.9240541271e-03,1.4034130183e-02,5.1731139939e-01,1.2812576906e-01,1.8615726281e-01,9.6613589303e-02,4.8833795123e-02,1.3419310960e+00
9.2700000000e+02,8.8821490501e-03,1.3960126975e-02,5.1913640561e-01,1.2664617006e-01,1.8598960231e-01,9.7064531837e-02,4.8321014164e-02,1.3296082050e+00
9.2750000000e+02,8.8607416086e-03,1.4011407736e-02,5.2007637063e-01,1.2627210814e-01,1.8620887909e-01,9.6654695146e-02,4.7915797655e-02,1.3195324737e+00
9.2800000000e+02,8.8493530483e-03,1.3970095086e-02,5.2268733107e-01,1.2495059326e-01,1.8611305062e-01,9.6244862429e-02,4.7184714487e-02,1.3038520250e+00
9.2850000000e+02,8.8561246159e-03,1.4039859450e-02,5.2355444433e-01,1.2462170168e-01,1.8624852089e-01,9.6077456506e-02,4.6601892524e-02,1.2911528333e+00
9.2900000000e+02,8.9527278019e-03,1.4134655935e-02,5.2425495165e-01,1.2401763126e-01,1.8675247504e-01,9.5856386118e-02,4.6031172201e-02,1.2816479503e+00
9.2950000000e+02,8.9323578144e-03,1.4028495783e-02,5.2620560323e-01,1.2245818142e-01,1.8757957577e-01,9.5339988535e-02,4.5455797459e-02,1.2650372567e+00
9.3000000000e+02,8.8750094133e-03,1.4073099667e-02,5.2756004627e-01,1.2199699876e-01,1.8744111230e-01,9.5354259257e-02,4.4699474327e-02,1.2488432580e+00
9.3050000000e+02,8.8273010423e-03,1.4124968411e-02,5.2935722412e-01,1.2096185302e-01,1.8743120388e-01,9.5282162361e-02,4.4015287169e-02,1.2343791706e+00
9.3100000000e+02,8.7791198430e-03,1.4124191296e-02,5.3118728271e-01,1.1932209343e-01,1.8797946000e-01,9.4823800778e-02,4.3784051945e-02,1.2228620863e+00
9.3150000000e+02,8.7570221553e-03,1.4131529704e-02,5.3256836384e-01,1.1894974261e-01,1.8726722772e-01,9.4982858164e-02,4.3343255806e-02,1.2116549555e+00
9.3200000000e+02,8.7978145539e-03,1.4037981248e-02,5.3341776888e-01,1.1848189959e-01,1.8692251430e-01,9.4998789754e-02,4.3343231683e-02,1.2020033549e+00
9.3250000000e+02,8.7918785267e-03,1.4101351577e-02,5.3469110560e-01,1.1751934279e-01,1.8613369374e-01,9.5381632315e-02,4.3380995449e-02,1.1941366297e+00
9.3300000000e+02,8.7567758021e-03,1.4077545529e-02,5.3605906456e-01,1.1773360143e-01,1.8517569328e-01,9.5234025074e-02,4.2963294324e-02,1.1836507452e+00
9.3350000000e+02,8.6719105352e-03,1.4063537166e-02,5.3659639528e-01,1.1774110412e-01,1.8544229371e-01,9.4678636012e-02,4.2806123183e-02,1.1748910939e+00
9.3400000000e+02,8.6432678671e-03,1.4023308785e-02,5.3706762420e-01,1.1770625569e-01,1.8595302128e-01,9.3877935116e-02,4.2728587063e-02,1.1677996048e+00
9.3450000000e+02,8.5619335360e-03,1.4061611429e-02,5.3780164392e-01,1.1778708286e-01,1.8589722261e-01,9.3801436503e-02,4.2089069140e-02,1.1597024839e+00
9.3500000000e+02,8.5389266151e-03,1.3891777168e-02,5.3906406250e-01,1.1700112812e-01,1.8562761572e-01,9.4188504913e-02,4.1687984962e-02,1.1558230242e+00
9.3550000000e+02,8.5118707592e-03,1.3821196363e-02,5.4023628148e-01,1.1656632072e-01,1.8566635604e-01,9.4107676898e-02,4.1090297744e-02,1.1510492597e+00
9.3600000000e+02,8.4638087648e-03,1.3831898044e-02,5.4127058609e-01,1.1616686249e-01,1.8558155527e-01,9.3956338013e-02,4.0728951329e-02,1.1483651135e+00
9.3650000000e+02,8.5045142379e-03,1.3845548112e-02,5.4221285510e-01,1.1603575511e-01,1.8584639039e-01,9.3125968858e-02,4.0428968202e-02,1.1452150567e+00
9.3700000000e+02,8.4591705118e-03,1.3795471315e-02,5.4343200495e-01,1.1504126461e-01,1.8601268509e-01,9.3374450337e-02,3.9884953178e-02,1.1412774984e+00
9.3750000000e+02,8.4443595911e-03,1.3866971966e-02,5.4384108811e-01,1.1539769522e-01,1.8453873519e-01,9.4329784064e-02,3.9581365859e-02,1.1429203149e+00
9.3800000000e+02,8.4027511852e-03,1.3821049338e-02,5.4539166603e-01,1.1489473706e-01,1.8429085375e-01,9.3887954780e-02,3.9310987857e-02,1.1403794380e+00
9.3850000000e+02,8.3985285294e-03,1.3910967412e-02,5.4527823956e-01,1.1499772611e-01,1.8408660086e-01,9.4100117867e-02,3.9227819665e-02,1.1442801404e+00
9.3900000000e+02,8.3431786844e-03,1.4063632609e-02,5.4548902988e-01,1.1533213005e-01,1.8404536516e-01,9.3609877256e-02,3.9116786361e-02,1.1499943733e+00
9.3950000000e+02,8.2941571433e-03,1.4078173459e-02,5.4568076462e-01,1.1466335946e-01,1.8450479987e-01,9.3513554938e-02,3.9265190514e-02,1.1543312824e+00
9.4000000000e+02,8.3540000534e-03,1.4198797051e-02,5.4599150826e-01,1.1490916594e-01,1.8332210927e-01,9.3889111615e-02,3.9335307812e-02,1.1621954971e+00
9.4050000000e+02,8.3042493538e-03,1.4149636534e-02,5.4645015355e-01,1.1471723735e-01,1.8298940139e-01,9.4007601444e-02,3.9381720374e-02,1.1679696527e+00
9.4100000000e+02,8.2801911221e-03,1.4233657792e-02,5.4658211892e-01,1.1508364780e-01,1.8194118391e-01,9.4629278885e-02,3.9249921581e-02,1.1749625112e+00
9.4150000000e+02,8.2560541890e-03,1.4192060800e-02,5.4655205781e-01,1.1550772858e-01,1.8082450570e-01,9.5336739498e-02,3.9330853425e-02,1.1780833528e+00
9.4200000000e+02,8.2000023174e-03,1.4224825926e-02,5.4796280981e-01,1.1410206182e-01,1.8107903024e-01,9.5150050736e-02,3.9281219148e-02,1.1803107946e+00
9.4250000000e+02,8.2074035814e-03,1.4248088192e-02,5.4871781545e-01,1.1377831555e-01,1.8109767336e-01,9.4799807771e-02,3.9150896095e-02,1.1841755219e+00
9.4300000000e+02,8.1694607318e-03,1.4338311354e-02,5.4828863160e-01,1.1475941649e-01,1.8035192834e-01,9.4872173909e-02,3.9220077579e-02,1.1923088526e+00
9.4350000000e+02,8.1365896048e-03,1.4416696923e-02,5.4808787631e-01,1.1513553180e-01,1.7945957255e-01,9.5501080167e-02,3.9262652646e-02,1.1982654497e+00
9.4400000000e+02,8.0440890877e-03,1.4506992320e-02,5.4788565880e-01,1.1571071584e-01,1.7892157953e-01,9.6033193931e-02,3.8897770485e-02,1.2041826209e+00
9.4450000000e+02,7.9488023398e-03,1.4391028717e-02,5.4859138505e-01,1.1506327173e-01,1.7861459484e-01,9.6658177920e-02,3.8732739393e-02,1.2084925003e+00
9.4500000000e+02,7.8585276490e-03,1.4375583223e-02,5.4827765440e-01,1.1650017163e-01,1.7731227761e-01,9.7190741138e-02,3.8485044349e-02,1.2116479847e+00
9.4550000000e+02,7.8879895457e-03,1.4308246508e-02,5.4805840186e-01,1.1684318129e-01,1.7641925986e-01,9.7966999573e-02,3.8515921375e-02,1.2181603339e+00
9.4600000000e+02,7.9066961965e-03,1.4264573652e-02,5.4859095969e-01,1.1719074677e-01,1.7489127301e-01,9.8893426841e-02,3.8262323845e-02,1.2230602508e+00
9.4650000000e+02,7.8986425719e-03,1.4215119363e-02,5.4891905814e-01,1.1733298127e-01,1.7427100483e-01,9.9567374617e-02,3.7795819218e-02,1.2278558041e+00
9.4700000000e+02,7.8151076863e-03,1.4204848115e-02,5.4827138699e-01,1.1830514256e-01,1.7425033684e-01,9.9491927495e-02,3.7661250320e-02,1.2316036240e+00
9.4750000000e+02,7.8118251833e-03,1.4214740069e-02,5.4747499477e-01,1.1942031003e-01,1.7293358460e-01,1.0058685168e-01,3.7557693665e-02,1.2374987482e+00
9.4800000000e+02,7.7972606083e-03,1.4184728399e-02,5.4722145153e-01,1.1959161078e-01,1.7355052597e-01,1.0076508210e-01,3.6889340608e-02,1.2388614837e+00
9.4850000000e+02,7.7661529974e-03,1.4241883432e-02,5.4715898832e-01,1.1972236576e-01,1.7308971006e-01,1.0149924874e-01,3.6521650692e-02,1.2445237568e+00
9.4900000000e+02,7.7826592862e-03,1.4200249704e-02,5.4609676383e-01,1.2118177098e-01,1.7277055105e-01,1.0194338153e-01,3.6024623617e-02,1.2491752290e+00
9.4950000000e+02,7.7252134510e-03,1.4241094409e-02,5.4580633017e-01,1.2133217883e-01,1.7276754043e-01,1.0239111445e-01,3.5736528264e-02,1.2525037283e+00
9.5000000000e+02,7.7764724665e-03,1.4367513757e-02,5.4449281324e-01,1.2279114052e-01,1.7188817371e-01,1.0284498431e-01,3.5838902000e-02,1.2611225391e+00
9.5050000000e+02,7.8359663972e-03,1.4531277211e-02,5.4310787350e-01,1.2363780392e-01,1.7099175013e-01,1.0377968171e-01,3.6115647131e-02,1.2721868340e+00
9.5100000000e+02,7.8193005476e-03,1.4495405822e-02,5.4302538230e-01,1.2352273824e-01,1.7056450987e-01,1.0447522645e-01,3.6097436772e-02,1.2757641293e+00
9.5150000000e+02,7.8015664548e-03,1.4482059567e-02,5.4246703615e-01,1.2424612297e-01,1.6917425638e-01,1.0582108790e-01,3.6007870589e-02,1.2799010991e+00
9.5200000000e+02,7.7725532121e-03,1.4449714180e-02,5.4172744219e-01,1.2544741989e-01,1.6939773136e-01,1.0578996093e-01,3.5415178227e-02,1.2838657665e+00
9.5250000000e+02,7.7657690239e-03,1.4386847792e-02,5.4085193317e-01,1.2638791017e-01,1.6859432948e-01,1.0682745719e-01,3.5185753168e-02,1.2895177704e+00
9.5300000000e+02,7.8360239710e-03,1.4474166664e-02,5.3999189274e-01,1.2714459129e-01,1.6783206548e-01,1.0712920234e-01,3.5592057509e-02,1.2959062721e+00
9.5350000000e+02,7.8055700711e-03,1.4448193626e-02,5.3988754428e-01,1.2788606934e-01,1.6834135646e-01,1.0622063690e-01,3.5410629323e-02,1.2991697673e+00
9.5400000000e+02,7.7916113996e-03,1.4383589846e-02,5.3973278609e-01,1.2840348383e-01,1.6789609027e-01,1.0676977556e-01,3.5022663008e-02,1.3039725917e+00
9.5450000000e+02,7.8656785697e-03,1.4524498431e-02,5.3870790900e-01,1.2880335384e-01,1.6833432778e-01,1.0684934071e-01,3.4914891656e-02,1.3110337493e+00
9.5500000000e+02,7.8597369943e-03,1.4455061555e-02,5.3728381569e-01,1.2944166468e-01,1.6872261668e-01,1.0708756828e-01,3.5149536126e-02,1.3184526540e+00
9.5550000000e+02,7.8395422242e-03,1.4408099662e-02,5.3669627456e-01,1.2964093301e-01,1.6871922041e-01,1.0770033724e-01,3.4995592880e-02,1.3235746846e+00
9.5600000000e+02,7.8590382904e-03,1.4433213950e-02,5.3643649652e-01,1.2931310920e-01,1.6766947086e-01,1.0874127844e-01,3.5547392737e-02,1.3313964931e+00
9.5650000000e+02,7.8769270891e-03,1.4337229440e-02,5.3596343654e-01,1.3009159525e-01,1.6587990232e-01,1.1047247825e-01,3.5378431107e-02,1.3376936123e+00
9.5700000000e+02,7.9258635869e-03,1.4163163536e-02,5.3525487563e-01,1.3062587108e-01,1.6517043925e-01,1.1137005034e-01,3.5489736581e-02,1.3416344412e+00
9.5750000000e+02,7.9506828482e-03,1.4148887319e-02,5.3460424627e-01,1.3065977796e-01,1.6509912736e-01,1.1196033592e-01,3.5576942326e-02,1.3453194120e+00
9.5800000000e+02,7.9802737976e-03,1.4103507473e-02,5.3377315961e-01,1.3130719300e-01,1.6372000142e-01,1.1326226277e-01,3.5853601930e-02,1.3509662888e+00
9.5850000000e+02,7.9824472667e-03,1.4218045366e-02,5.3360350080e-01,1.3128279475e-01,1.6344269443e-01,1.1357450266e-01,3.5896014724e-02,1.3546964448e+00
9.5900000000e+02,7.8880404453e-03,1.4110416443e-02,5.3341513409e-01,1.3194890276e-01,1.6183310150e-01,1.1503960262e-01,3.5764802138e-02,1.3574247856e+00
9.5950000000e+02,7.9202303644e-03,1.3906733455e-02,5.3300849921e-01,1.3183620725e-01,1.6085154800e-01,1.1649132535e-01,3.5985456370e-02,1.3566329097e+00
9.6000000000e+02,7.9570059866e-03,1.3924319669e-02,5.3189685050e-01,1.3260579114e-01,1.5933752656e-01,1.1793321752e-01,3.6345288633e-02,1.3635758454e+00
9.6050000000e+02,7.9317560127e-03,1.3838152071e-02,5.3050295282e-01,1.3406026472e-01,1.5830802124e-01,1.1916583893e-01,3.6193014203e-02,1.3656146044e+00
9.6100000000e+02,7.9893264465e-03,1.3839364968e-02,5.2919953411e-01,1.3509373210e-01,1.5758348867e-01,1.1971061868e-01,3.6583935025e-02,1.3737705876e+00
9.6150000000e+02,8.0280600837e-03,1.3836707751e-02,5.2850453234e-01,1.3549891213e-01,1.5683123629e-01,1.2053587638e-01,3.6764675023e-02,1.3781791755e+00
9.6200000000e+02,8.0175101698e-03,1.3833813050e-02,5.2784919284e-01,1.3602648283e-01,1.5662582101e-01,1.2109279461e-01,3.6554385499e-02,1.3824782305e+00
9.6250000000e+02,7.9733099360e-03,1.3805332213e-02,5.2796790081e-01,1.3590234509e-01,1.5518201963e-01,1.2256750899e-01,3.6601583339e-02,1.3850709977e+00
9.6300000000e+02,7.9598285418e-03,1.3860168110e-02,5.2749168550e-01,1.3644852189e-01,1.5352996722e-01,1.2408550627e-01,3.6624322462e-02,1.3882432521e+00
9.6350000000e+02,8.0053223717e-03,1.3788747264e-02,5.2696048525e-01,1.3777131441e-01,1.5230562419e-01,1.2499054698e-01,3.6177959522e-02,1.3916233270e+00
9.6400000000e+02,7.9845336059e-03,1.3709576158e-02,5.2648975951e-01,1.3830739676e-01,1.5183941152e-01,1.2548202799e-01,3.6187294461e-02,1.3926244035e+00
9.6450000000e+02,8.0404082300e-03,1.3711662649e-02,5.2610050440e-01,1.3885364543e-01,1.5048430192e-01,1.2664328011e-01,3.6166197255e-02,1.3957550642e+00
9.6500000000e+02,8.0806112920e-03,1.3760821318e-02,5.2452079245e-01,1.3959801422e-01,1.5039541657e-01,1.2735614581e-01,3.6288198335e-02,1.4016248828e+00
9.6550000000e+02,8.0530442657e-03,1.3696615350e-02,5.2374924404e-01,1.4011671452e-01,1.4894490825e-01,1.2914912012e-01,3.6290353444e-02,1.4037085481e+00
9.6600000000e+02,8.0770736872e-03,1.3680703287e-02,5.2250629743e-01,1.4104300678e-01,1.4731164147e-01,1.3083095402e-01,3.6550323331e-02,1.4065791603e+00
9.6650000000e+02,8.0699618996e-03,1.3549434681e-02,5.2270205297e-01,1.4097006633e-01,1.4657495326e-01,1.3164523985e-01,3.6488291011e-02,1.4052116929e+00
9.6700000000e+02,8.1758434081e-03,1.3618436810e-02,5.2059780043e-01,1.4245912121e-01,1.4584289498e-01,1.3235618602e-01,3.6949717135e-02,1.4174874900e+00
9.6750000000e+02,8.1889147348e-03,1.3592388985e-02,5.1877586898e-01,1.4374756341e-01,1.4473705130e-01,1.3387888214e-01,3.7079330447e-02,1.4206834417e+00
9.6800000000e+02,8.2423385578e-03,1.3774125622e-02,5.1599363180e-01,1.4560318056e-01,1.4368467611e-01,1.3537260619e-01,3.7329441161e-02,1.4266697275e+00
9.6850000000e+02,8.2689096183e-03,1.3848971001e-02,5.1447336160e-01,1.4742136297e-01,1.4329078005e-01,1.3551351985e-01,3.7183094906e-02,1.4336641220e+00
9.6900000000e+02,8.2799088904e-03,1.3831760932e-02,5.1330413325e-01,1.4869838530e-01,1.4272322285e-01,1.3616427175e-01,3.6998317028e-02,1.4336512814e+00
9.6950000000e+02,8.3087271168e-03,1.3808718958e-02,5.1249739672e-01,1.4914196645e-01,1.4219180429e-01,1.3680893267e-01,3.7242453792e-02,1.4410596874e+00
9.7000000000e+02,8.3668979515e-03,1.3843402702e-02,5.1137851414e-01,1.4957416154e-01,1.4153346032e-01,1.3778083536e-01,3.7522727985e-02,1.4462070521e+00
9.7050000000e+02,8.4206608748e-03,1.3823809698e-02,5.1053279064e-01,1.5024173765e-01,1.4078403585e-01,1.3892286395e-01,3.7274101331e-02,1.4507148555e+00
9.7100000000e+02,8.3598623445e-03,1.3809067959e-02,5.0979262062e-01,1.5083446356e-01,1.3958415788e-01,1.4046984388e-01,3.7149983769e-02,1.4521272460e+00
9.7150000000e+02,8.3904288797e-03,1.3813775240e-02,5.0971812386e-01,1.5090613274e-01,1.3952405320e-01,1.4040136120e-01,3.7246124876e-02,1.4573009330e+00
9.7200000000e+02,8.3364473488e-03,1.3796644355e-02,5.1005084742e-01,1.5030136856e-01,1.3827393358e-01,1.4179979507e-01,3.7440963667e-02,1.4592599663e+00
9.7250000000e+02,8.2991770996e-03,1.3766422498e-02,5.0915657515e-01,1.5073232213e-01,1.3760804914e-01,1.4279669555e-01,3.7640758431e-02,1.4600123347e+00
9.7300000000e+02,8.3052130313e-03,1.3797839883e-02,5.0877735661e-01,1.5115392174e-01,1.3687751028e-01,1.4383420637e-01,3.7253952085e-02,1.4587062934e+00
9.7350000000e+02,8.3681760697e-03,1.3813228672e-02,5.0832443082e-01,1.5219375501e-01,1.3555474394e-01,1.4470598411e-01,3.7039681374e-02,1.4621149806e+00
9.7400000000e+02,8.3632561047e-03,1.3768136096e-02,5.0726966508e-01,1.5276717922e-01,1.3479576778e-01,1.4590378239e-01,3.7132213337e-02,1.4653033748e+00
9.7450000000e+02,8.3466568028e-03,1.3722043802e-02,5.0571950739e-01,1.5378120930e-01,1.3293875560e-01,1.4812970438e-01,3.7362122723e-02,1.4688608176e+00
9.7500000000e+02,8.3744913375e-03,1.3723420574e-02,5.0529237387e-01,1.5377491367e-01,1.3284307946e-01,1.4849540431e-01,3.7496316786e-02,1.4738760149e+00
9.7550000000e+02,8.4042850611e-03,1.3728653492e-02,5.0503393573e-01,1.5363671574e-01,1.3304806471e-01,1.4863770817e-01,3.7510637091e-02,1.4748960640e+00
9.7600000000e+02,8.4217090452e-03,1.3787317383e-02,5.0490693894e-01,1.5400538146e-01,1.3271471204e-01,1.4902960498e-01,3.7134336151e-02,1.4739944725e+00
9.7650000000e+02,8.4720994188e-03,1.3737853317e-02,5.0405570557e-01,1.5391507542e-01,1.3187378568e-01,1.5060839336e-01,3.7337087238e-02,1.4764993398e+00
9.7700000000e+02,8.5026776281e-03,1.3767673949e-02,5.0331837064e-01,1.5474721718e-01,1.3091499812e-01,1.5139676713e-01,3.7352295359e-02,1.4820437566e+00
9.7750000000e+02,8.5330057791e-03,1.3765981980e-02,5.0216396875e-01,1.5595219918e-01,1.2942229875e-01,1.5254778614e-01,3.7614759412e-02,1.4865004734e+00
9.7800000000e+02,8.5527957776e-03,1.3701083567e-02,5.0036430461e-01,1.5723394914e-01,1.2889095533e-01,1.5360167705e-01,3.7655234523e-02,1.4898548437e+00
9.7850000000e+02,8.5325914436e-03,1.3650833776e-02,5.0115659738e-01,1.5645342551e-01,1.2803601896e-01,1.5421329476e-01,3.7957238162e-02,1.4906832592e+00
9.7900000000e+02,8.5812372149e-03,1.3683345530e-02,5.0048277940e-01,1.5702989706e-01,1.2637360644e-01,1.5536136821e-01,3.8487766141e-02,1.4955519661e+00
9.7950000000e+02,8.5880411914e-03,1.3703830855e-02,4.9951739479e-01,1.5790697318e-01,1.2533662417e-01,1.5652633069e-01,3.8420805115e-02,1.4958090001e+00
9.8000000000e+02,8.5160120089e-03,1.3637592885e-02,4.9758825396e-01,1.5915620306e-01,1.2506181428e-01,1.5726900779e-01,3.8771116019e-02,1.5031835103e+00
9.8050000000e+02,8.6072924545e-03,1.3675059128e-02,4.9550745895e-01,1.6078612735e-01,1.2532107184e-01,1.5732168849e-01,3.8781301784e-02,1.5056070635e+00
9.8100000000e+02,8.6254484349e-03,1.3654189070e-02,4.9470445105e-01,1.6141919233e-01,1.2499170569e-01,1.5777173317e-01,3.8833280255e-02,1.5067536791e+00
9.8150000000e+02,8.6489805928e-03,1.3652797422e-02,4.9393330589e-01,1.6155962005e-01,1.2413304877e-01,1.5882063211e-01,3.9251615159e-02,1.5092477801e+00
9.8200000000e+02,8.6483755272e-03,1.3711847436e-02,4.9095998542e-01,1.6352372941e-01,1.2384681665e-01,1.5967088553e-01,3.9638360030e-02,1.5179121025e+00
9.8250000000e+02,8.6222513928e-03,1.3789526334e-02,4.9034596293e-01,1.6365141136e-01,1.2290967328e-01,1.6078791367e-01,3.9893261033e-02,1.5179017882e+00
9.8300000000e+02,8.6656325036e-03,1.3763897063e-02,4.8956724684e-01,1.6464948336e-01,1.2229180249e-01,1.6121512537e-01,3.9846812372e-02,1.5194247209e+00
9.8350000000e+02,8.6739679096e-03,1.3699677734e-02,4.8908466912e-01,1.6499701281e-01,1.2210211109e-01,1.6118753121e-01,4.0255030126e-02,1.5203387877e+00
9.8400000000e+02,8.7042116988e-03,1.3649929632e-02,4.8715178110e-01,1.6647663938e-01,1.2247331585e-01,1.6131202433e-01,4.0232098005e-02,1.5215703910e+00
9.8450000000e+02,8.7281121952e-03,1.3606990060e-02,4.8806234369e-01,1.6605296539e-01,1.1993693251e-01,1.6378541238e-01,3.9827243774e-02,1.5234623628e+00
9.8500000000e+02,8.7940668872e-03,1.3749876597e-02,4.8701792769e-01,1.6687460318e-01,1.1884085414e-01,1.6473078173e-01,3.9991889778e-02,1.5287222567e+00
9.8550000000e+02,8.7801583344e-03,1.3777098432e-02,4.8739503258e-01,1.6643329204e-01,1.1809137669e-01,1.6530834537e-01,4.0214696556e-02,1.5294456416e+00
9.8600000000e+02,8.8583896946e-03,1.3705470324e-02,4.8766038051e-01,1.6597516192e-01,1.1745606973e-01,1.6590206906e-01,4.0442458761e-02,1.5296937533e+00
9.8650000000e+02,8.8906368420e-03,1.3713119328e-02,4.8773244630e-01,1.6605131373e-01,1.1731671941e-01,1.6591313966e-01,4.0382624731e-02,1.5290155186e+00
9.8700000000e+02,8.9305059418e-03,1.3744691474e-02,4.8658409099e-01,1.6674271660e-01,1.1647258838e-01,1.6678672961e-01,4.0738677002e-02,1.5321261761e+00
9.8750000000e+02,8.9311249325e-03,1.3844552169e-02,4.8623014353e-01,1.6674574057e-01,1.1583343668e-01,1.6750907705e-01,4.0905925066e-02,1.5339948366e+00
9.8800000000e+02,8.9680434135e-03,1.3828267964e-02,4.8518091080e-01,1.6760939099e-01,1.1581673449e-01,1.6740439714e-01,4.1192255212e-02,1.5357466280e+00
9.8850000000e+02,9.0629370877e-03,1.3971687507e-02,4.8340998847e-01,1.6853619203e-01,1.1442010792e-01,1.6884145705e-01,4.1757629941e-02,1.5453922237e+00
9.8900000000e+02,9.1410860914e-03,1.4071167133e-02,4.8256445491e-01,1.6905378569e-01,1.1338537974e-01,1.6985265694e-01,4.1931469492e-02,1.5528246966e+00
9.8950000000e+02,9.2156602213e-03,1.4192208529e-02,4.8087152890e-01,1.7012725996e-01,1.1368453966e-01,1.7016180218e-01,4.1747000549e-02,1.5569028196e+00
9.9000000000e+02,9.2181519272e-03,1.4290027103e-02,4.8003454845e-01,1.7127209799e-01,1.1318439447e-01,1.7042865280e-01,4.1572127267e-02,1.5583494499e+00
9.9050000000e+02,9.2618121996e-03,1.4358523404e-02,4.7930381211e-01,1.7133978916e-01,1.1286126282e-01,1.7116787996e-01,4.1706920344e-02,1.5616135665e+00
9.9100000000e+02,9.2810887202e-03,1.4383003024e-02,4.7726748612e-01,1.7239483156e-01,1.1260578343e-01,1.7215633416e-01,4.1911472993e-02,1.5699216300e+00
9.9150000000e+02,9.2512626561e-03,1.4369003287e-02,4.7734899442e-01,1.7251422474e-01,1.1204045143e-01,1.7262902560e-01,4.1847037860e-02,1.5732654582e+00
9.9200000000e+02,9.2884344189e-03,1.4362593658e-02,4.7581776923e-01,1.7353192485e-01,1.1165376475e-01,1.7317913236e-01,4.2166380731e-02,1.5755085762e+00
9.9250000000e+02,9.2395896562e-03,1.4397560859e-02,4.7569096663e-01,1.7341105180e-01,1.1065723762e-01,1.7449483649e-01,4.2108756947e-02,1.5766058133e+00
9.9300000000e+02,9.2797074479e-03,1.4539570414e-02,4.7573639641e-01,1.7372975922e-01,1.1064205596e-01,1.7388518543e-01,4.2187325110e-02,1.5804889102e+00
9.9350000000e+02,9.2842822619e-03,1.4618788271e-02,4.7547170358e-01,1.7424649080e-01,1.1003233827e-01,1.7397475494e-01,4.2371641883e-02,1.5823204837e+00
9.9400000000e+02,9.3556761371e-03,1.4810522664e-02,4.7466555555e-01,1.7408382739e-01,1.1010907222e-01,1.7419422769e-01,4.2781118354e-02,1.5902881200e+00
9.9450000000e+02,9.3936465980e-03,1.4907199318e-02,4.7364451024e-01,1.7452412398e-01,1.0923361907e-01,1.7527802537e-01,4.3018875424e-02,1.5974179247e+00
9.9500000000e+02,9.4600472069e-03,1.5078888995e-02,4.7165120782e-01,1.7549684529e-01,1.1001762508e-01,1.7507102279e-01,4.3224362816e-02,1.6027481369e+00
9.9550000000e+02,9.5625249895e-03,1.5176546440e-02,4.7070180709e-01,1.7555567979e-01,1.0987887419e-01,1.7568436994e-01,4.3440197555e-02,1.6119505512e+00
9.9600000000e+02,9.5802548489e-03,1.5138240641e-02,4.7010928388e-01,1.7646024691e-01,1.0908086033e-01,1.7629118013e-01,4.3339933248e-02,1.6143565769e+00
9.9650000000e+02,9.5541403575e-03,1.5057788426e-02,4.7023157351e-01,1.7605731571e-01,1.0878709847e-01,1.7652035380e-01,4.3791729719e-02,1.6190664291e+00
9.9700000000e+02,9.5599373148e-03,1.5157117274e-02,4.7029440991e-01,1.7544499602e-01,1.0856693536e-01,1.7684529234e-01,4.4131311789e-02,1.6227969988e+00
9.9750000000e+02,9.5790562991e-03,1.5092691845e-02,4.6990139014e-01,1.7560000103e-01,1.0906987005e-01,1.7649979842e-01,4.4257192219e-02,1.6216345885e+00
9.9800000000e+02,9.6466375004e-03,1.5163776032e-02,4.6937764001e-01,1.7588397418e-01,1.0913408304e-01,1.7663372217e-01,4.4160167080e-02,1.6260778506e+00
9.9850000000e+02,9.6418761701e-03,1.5214839323e-02,4.6903798902e-01,1.7641143505e-01,1.0982645181e-01,1.7561474853e-01,4.4252660104e-02,1.6246694689e+00
9.9900000000e+02,9.6317632036e-03,1.5123132379e-02,4.6725836569e-01,1.7709532928e-01,1.1086903835e-01,1.7547225707e-01,4.4550114033e-02,1.6314450978e+00
9.9950000000e+02,9.6643446009e-03,1.5115596426e-02,4.6534548870e-01,1.7806805233e-01,1.1087024489e-01,1.7610878855e-01,4.4827484502e-02,1.6381957210e+00

# METADATA: {"config_sha256": "dbd0332771fb", "provenance": "Hardened_JPCL_Resubmission_v1.3", "git_commit_sha": "4883ee974158"}
