time_fs,population_site_1,population_site_2,population_site_3,population_site_4,population_site_5,population_site_6,population_site_7,coherences
0.0000000000e+00,3.7806363766e-08,3.7525974648e-03,3.5098932029e-01,5.2939634567e-01,5.6285165803e-02,1.0929796002e-03,5.8483553370e-02,2.5858406529e+00
5.0000000000e-01,2.0064503014e-07,3.7274297719e-03,3.5272195543e-01,5.2782547947e-01,5.6036556141e-02,1.0919245941e-03,5.8596453949e-02,2.5860632575e+00
1.0000000000e+00,6.8919372193e-07,3.7267750178e-03,3.5288265692e-01,5.2742861554e-01,5.6097646312e-02,1.0846561779e-03,5.8778960833e-02,2.5883131028e+00
1.5000000000e+00,1.4927515762e-06,3.7331688070e-03,3.5191935246e-01,5.2876197462e-01,5.5802056310e-02,1.0828686831e-03,5.8699086370e-02,2.5871914580e+00
2.0000000000e+00,2.6347506919e-06,3.7439501249e-03,3.5528165374e-01,5.2514963006e-01,5.5733300135e-02,1.0875236395e-03,5.9001307550e-02,2.5922405704e+00
2.5000000000e+00,4.1093328220e-06,3.7506163375e-03,3.5499887198e-01,5.2469946488e-01,5.5983708081e-02,1.0907592757e-03,5.9472470107e-02,2.5975955301e+00
3.0000000000e+00,5.8540717165e-06,3.7197728428e-03,3.5478288821e-01,5.2506308738e-01,5.5818563854e-02,1.0832671135e-03,5.9526566529e-02,2.5969006178e+00
3.5000000000e+00,7.9692222319e-06,3.7213127435e-03,3.5376473190e-01,5.2583985709e-01,5.5734860618e-02,1.0869846527e-03,5.9844283775e-02,2.5991257924e+00
4.0000000000e+00,1.0405314928e-05,3.7108479913e-03,3.5595893320e-01,5.2310073496e-01,5.6349466245e-02,1.0799729483e-03,5.9789639337e-02,2.6042489453e+00
4.5000000000e+00,1.3100855026e-05,3.6970581498e-03,3.5575390513e-01,5.2403810757e-01,5.5723751423e-02,1.0821585777e-03,5.9691918300e-02,2.6013567139e+00
5.0000000000e+00,1.6216072125e-05,3.7112189475e-03,3.5459028173e-01,5.2500671999e-01,5.5965566136e-02,1.0769193153e-03,5.9633077807e-02,2.6033571281e+00
5.5000000000e+00,1.9671574665e-05,3.7311422870e-03,3.5487030855e-01,5.2505949707e-01,5.5661876021e-02,1.0724782832e-03,5.9585026216e-02,2.6030554809e+00
6.0000000000e+00,2.3319429892e-05,3.7223961841e-03,3.5531149504e-01,5.2548199108e-01,5.5402792894e-02,1.0755077802e-03,5.8982497592e-02,2.5998550254e+00
6.5000000000e+00,2.7078124179e-05,3.7132859138e-03,3.5572009505e-01,5.2580839510e-01,5.5037696792e-02,1.0724918851e-03,5.8620957129e-02,2.5971298865e+00
7.0000000000e+00,3.1289103653e-05,3.7043953979e-03,3.5630083007e-01,5.2549717455e-01,5.5068705525e-02,1.0732583229e-03,5.8324347024e-02,2.5969517260e+00
7.5000000000e+00,3.6161311875e-05,3.7275013669e-03,3.5772866151e-01,5.2444923574e-01,5.4677068216e-02,1.0706102562e-03,5.8310761593e-02,2.5970941055e+00
8.0000000000e+00,4.1051127757e-05,3.7120439078e-03,3.6062717922e-01,5.2245315140e-01,5.4528963149e-02,1.0646060080e-03,5.7573005188e-02,2.5942906867e+00
8.5000000000e+00,4.6371646580e-05,3.7383055757e-03,3.6054200132e-01,5.2292751352e-01,5.4083402967e-02,1.0664772046e-03,5.7595927762e-02,2.5939595789e+00
9.0000000000e+00,5.2031789122e-05,3.7411440176e-03,3.6113874591e-01,5.2328440520e-01,5.3692216095e-02,1.0640595097e-03,5.7027397483e-02,2.5901025883e+00
9.5000000000e+00,5.7800956755e-05,3.7554897477e-03,3.6179825218e-01,5.2289543875e-01,5.3881976454e-02,1.0585861098e-03,5.6552455804e-02,2.5902956013e+00
1.0000000000e+01,6.3990781042e-05,3.7514485352e-03,3.6158409124e-01,5.2398307649e-01,5.3442803888e-02,1.0553101331e-03,5.6119278932e-02,2.5864511988e+00
1.0500000000e+01,7.0516232121e-05,3.7753498817e-03,3.6060884950e-01,5.2498276158e-01,5.3585705981e-02,1.0538753005e-03,5.5922941528e-02,2.5877001005e+00
1.1000000000e+01,7.7587213833e-05,3.7858335840e-03,3.5973987486e-01,5.2550093953e-01,5.3627157945e-02,1.0462238336e-03,5.6222383029e-02,2.5895650326e+00
1.1500000000e+01,8.3968767211e-05,3.7603928078e-03,3.5952918880e-01,5.2667632344e-01,5.3198158546e-02,1.0359935611e-03,5.5715974073e-02,2.5841683355e+00
1.2000000000e+01,9.1210228917e-05,3.7499901759e-03,3.5982108627e-01,5.2662939959e-01,5.3304691396e-02,1.0314420304e-03,5.5372180307e-02,2.5840280427e+00
1.2500000000e+01,9.8717234341e-05,3.7784892680e-03,3.6084128905e-01,5.2560759240e-01,5.3231615262e-02,1.0278555608e-03,5.5414441224e-02,2.5859955936e+00
1.3000000000e+01,1.0629263301e-04,3.7818962758e-03,3.6085917212e-01,5.2624836225e-01,5.2868309863e-02,1.0215124080e-03,5.5114454449e-02,2.5826131568e+00
1.3500000000e+01,1.1442088527e-04,3.7886541201e-03,3.6270847477e-01,5.2490895442e-01,5.2742523890e-02,1.0170432531e-03,5.4719928666e-02,2.5809860651e+00
1.4000000000e+01,1.2287871917e-04,3.8036827417e-03,3.6203632767e-01,5.2620674281e-01,5.2426132701e-02,1.0142661882e-03,5.4389969167e-02,2.5787020803e+00
1.4500000000e+01,1.3011989892e-04,3.8023529933e-03,3.6271276483e-01,5.2674452708e-01,5.1871294465e-02,1.0122696959e-03,5.3726671036e-02,2.5729939886e+00
1.5000000000e+01,1.3931254994e-04,3.8102618894e-03,3.6185568927e-01,5.2825862006e-01,5.1535483587e-02,1.0070255713e-03,5.3393607070e-02,2.5699361434e+00
1.5500000000e+01,1.4901972171e-04,3.8335792844e-03,3.6273320430e-01,5.2788794166e-01,5.1248835494e-02,1.0012191253e-03,5.3146200410e-02,2.5689917414e+00
1.6000000000e+01,1.5665176404e-04,3.8570222088e-03,3.6297393657e-01,5.2846803822e-01,5.1085008403e-02,9.9762398153e-04,5.2461718860e-02,2.5659656016e+00
1.6500000000e+01,1.6613066637e-04,3.8813257071e-03,3.6281787267e-01,5.2940097767e-01,5.0863034224e-02,9.8991386073e-04,5.1880745199e-02,2.5626132286e+00
1.7000000000e+01,1.7648277018e-04,3.9351736773e-03,3.6398713666e-01,5.2883161434e-01,5.0680150937e-02,9.8114403586e-04,5.1408297581e-02,2.5617191617e+00
1.7500000000e+01,1.8531577043e-04,3.9415729251e-03,3.6578894538e-01,5.2849200171e-01,4.9979820572e-02,9.6857619423e-04,5.0643767449e-02,2.5543206037e+00
1.8000000000e+01,1.9485002496e-04,3.9804385582e-03,3.6713034970e-01,5.2823902537e-01,4.9673021863e-02,9.6204585519e-04,4.9820268631e-02,2.5501094861e+00
1.8500000000e+01,2.0438455191e-04,4.0172105565e-03,3.6747654962e-01,5.2805060158e-01,4.9848990696e-02,9.5810071552e-04,4.9444162273e-02,2.5508879436e+00
1.9000000000e+01,2.1260645968e-04,4.0251585273e-03,3.6775123940e-01,5.2915606216e-01,4.9239392513e-02,9.4354494484e-04,4.8671996000e-02,2.5428083258e+00
1.9500000000e+01,2.2377928110e-04,4.0587533072e-03,3.6889116750e-01,5.2878982869e-01,4.8900675497e-02,9.2714364319e-04,4.8208652084e-02,2.5390547492e+00
2.0000000000e+01,2.3434919579e-04,4.0811983468e-03,3.6709808775e-01,5.3137198441e-01,4.8412931997e-02,9.2377382148e-04,4.7877674473e-02,2.5344093728e+00
2.0500000000e+01,2.4584653139e-04,4.1196369850e-03,3.6637076624e-01,5.3247341391e-01,4.8282092078e-02,9.1311661877e-04,4.7595127632e-02,2.5329204240e+00
2.1000000000e+01,2.5715754938e-04,4.1519275759e-03,3.6785730140e-01,5.3160703855e-01,4.7959589640e-02,9.0320587846e-04,4.7263779411e-02,2.5313103033e+00
2.1500000000e+01,2.6903313148e-04,4.1727446302e-03,3.7015744493e-01,5.3031589476e-01,4.7538542911e-02,8.9507592683e-04,4.6651263705e-02,2.5276313768e+00
2.2000000000e+01,2.8065061239e-04,4.2385709560e-03,3.7085278362e-01,5.3014755287e-01,4.7212569062e-02,8.8172825619e-04,4.6386144622e-02,2.5259051327e+00
2.2500000000e+01,2.9460906402e-04,4.3121591496e-03,3.7161071776e-01,5.2979134254e-01,4.6923958858e-02,8.7048173724e-04,4.6196730891e-02,2.5257556900e+00
2.3000000000e+01,3.0848178839e-04,4.3578710730e-03,3.7455101323e-01,5.2781901649e-01,4.6346192833e-02,8.6172251684e-04,4.5755702067e-02,2.5227903056e+00
2.3500000000e+01,3.2111976131e-04,4.4278661356e-03,3.7471846450e-01,5.2794320948e-01,4.6296409517e-02,8.4686972520e-04,4.5446060888e-02,2.5224391514e+00
2.4000000000e+01,3.3335339750e-04,4.4536550376e-03,3.7477331522e-01,5.2854159193e-01,4.6218087761e-02,8.3540265486e-04,4.4844593998e-02,2.5184828812e+00
2.4500000000e+01,3.5081234579e-04,4.5083164854e-03,3.7384352505e-01,5.2945699522e-01,4.6420823642e-02,8.2471888749e-04,4.4594808370e-02,2.5195325435e+00
2.5000000000e+01,3.6427935486e-04,4.5698034355e-03,3.7556578621e-01,5.2794672853e-01,4.6248164105e-02,8.1174177385e-04,4.4493496586e-02,2.5209496321e+00
2.5500000000e+01,3.7900820232e-04,4.6671945094e-03,3.7569873289e-01,5.2828566822e-01,4.6051186080e-02,7.9865987599e-04,4.4119550221e-02,2.5202144427e+00
2.6000000000e+01,3.9305198993e-04,4.7320286864e-03,3.7673088297e-01,5.2788751596e-01,4.5798458434e-02,7.8197104753e-04,4.3676090914e-02,2.5178867914e+00
2.6500000000e+01,4.0809941998e-04,4.7916277562e-03,3.7899767171e-01,5.2567511658e-01,4.5989124748e-02,7.6158091548e-04,4.3376778872e-02,2.5194408866e+00
2.7000000000e+01,4.2123632102e-04,4.8025645870e-03,3.8076889328e-01,5.2463704088e-01,4.5813889623e-02,7.4224350883e-04,4.2814131794e-02,2.5154511240e+00
2.7500000000e+01,4.3445604913e-04,4.8249708990e-03,3.8203479611e-01,5.2381795071e-01,4.5869240960e-02,7.2145424195e-04,4.2297131026e-02,2.5123197469e+00
2.8000000000e+01,4.4814291878e-04,4.9073545308e-03,3.8206923105e-01,5.2377974363e-01,4.5913762231e-02,7.0309202704e-04,4.2178673612e-02,2.5131220770e+00
2.8500000000e+01,4.6257465430e-04,4.9709404828e-03,3.8124390021e-01,5.2433053682e-01,4.6289077013e-02,6.8577520441e-04,4.2017195615e-02,2.5148386587e+00
2.9000000000e+01,4.7928808784e-04,5.0480390773e-03,3.8108049259e-01,5.2477920907e-01,4.6349222130e-02,6.6660105423e-04,4.1597147993e-02,2.5140133000e+00
2.9500000000e+01,4.9539983773e-04,5.1458194956e-03,3.8267869943e-01,5.2324109172e-01,4.6505125549e-02,6.4643737618e-04,4.1287426592e-02,2.5153167677e+00
3.0000000000e+01,5.1256726694e-04,5.2236413295e-03,3.8150979799e-01,5.2462608994e-01,4.6634155712e-02,6.2838432502e-04,4.0865363436e-02,2.5138191716e+00
3.0500000000e+01,5.2657358410e-04,5.2709705682e-03,3.8363927244e-01,5.2266713285e-01,4.6461361375e-02,6.0925472568e-04,4.0825434458e-02,2.5134344258e+00
3.1000000000e+01,5.4338254290e-04,5.3737990177e-03,3.8376213013e-01,5.2241572143e-01,4.6480460925e-02,5.9238591357e-04,4.0832120044e-02,2.5142755351e+00
3.1500000000e+01,5.6002291344e-04,5.4369207224e-03,3.8482549102e-01,5.2136637565e-01,4.6551390790e-02,5.7887010532e-04,4.0680928803e-02,2.5140105261e+00
3.2000000000e+01,5.7796837267e-04,5.5222956566e-03,3.8579905445e-01,5.2041891837e-01,4.6399358561e-02,5.6334815826e-04,4.0719056427e-02,2.5146922895e+00
3.2500000000e+01,5.9553266867e-04,5.5906637080e-03,3.8742867026e-01,5.1857837264e-01,4.6546027012e-02,5.4628873325e-04,4.0714444974e-02,2.5174798547e+00
3.3000000000e+01,6.1175072143e-04,5.6469151894e-03,3.8904222554e-01,5.1683390829e-01,4.6635914240e-02,5.2654136771e-04,4.0702744655e-02,2.5193903134e+00
3.3500000000e+01,6.3121760370e-04,5.7153411751e-03,3.9101093461e-01,5.1440247620e-01,4.7084061954e-02,5.0985277634e-04,4.0646115678e-02,2.5226256670e+00
3.4000000000e+01,6.5107895885e-04,5.7844751347e-03,3.9368967998e-01,5.1177106018e-01,4.7113903428e-02,4.9040272512e-04,4.0499399595e-02,2.5234678873e+00
3.4500000000e+01,6.7082691995e-04,5.8598930155e-03,3.9343552009e-01,5.1176092118e-01,4.7394545245e-02,4.7051927871e-04,4.0407774273e-02,2.5258360926e+00
3.5000000000e+01,6.8951745220e-04,5.8759274011e-03,3.9331660012e-01,5.1222513837e-01,4.7249420734e-02,4.5300587163e-04,4.0190390057e-02,2.5226966454e+00
3.5500000000e+01,7.0883359527e-04,5.9350840350e-03,3.9472769187e-01,5.1009903706e-01,4.7768155655e-02,4.2940467534e-04,4.0331793108e-02,2.5276051514e+00
3.6000000000e+01,7.3332121208e-04,5.9705746838e-03,3.9634427546e-01,5.0791646511e-01,4.8086744769e-02,4.1134401333e-04,4.0537274753e-02,2.5313824422e+00
3.6500000000e+01,7.5434045384e-04,6.0436232614e-03,3.9816442562e-01,5.0608819391e-01,4.7904632752e-02,3.9574718346e-04,4.0649036817e-02,2.5321862186e+00
3.7000000000e+01,7.7213577884e-04,6.1192517550e-03,3.9996426472e-01,5.0453965890e-01,4.7859464294e-02,3.7958552276e-04,4.0365639029e-02,2.5309800527e+00
3.7500000000e+01,7.9051873308e-04,6.2054744421e-03,4.0134623399e-01,5.0317233572e-01,4.7961037724e-02,3.6461500072e-04,4.0159784390e-02,2.5312923330e+00
3.8000000000e+01,8.1631490983e-04,6.2704981901e-03,4.0301004054e-01,5.0111404029e-01,4.8166272811e-02,3.5267153598e-04,4.0270161726e-02,2.5351341217e+00
3.8500000000e+01,8.4651493940e-04,6.3892339467e-03,4.0614039163e-01,4.9739057494e-01,4.8458244366e-02,3.3946457434e-04,4.0435575600e-02,2.5408215292e+00
3.9000000000e+01,8.6910159329e-04,6.4476058273e-03,4.0822002945e-01,4.9512386658e-01,4.8552950701e-02,3.2960144423e-04,4.0456844404e-02,2.5421855345e+00
3.9500000000e+01,8.9355942726e-04,6.4913887688e-03,4.1095330949e-01,4.9221841847e-01,4.8832976332e-02,3.1641938834e-04,4.0293928131e-02,2.5429792689e+00
4.0000000000e+01,9.1340015113e-04,6.5624239032e-03,4.1390554187e-01,4.8929442379e-01,4.8916123894e-02,3.0757769256e-04,4.0100508698e-02,2.5429919309e+00
4.0500000000e+01,9.3571643436e-04,6.6392799341e-03,4.1520961555e-01,4.8779008959e-01,4.8861292048e-02,2.9561223279e-04,4.0268394203e-02,2.5434769281e+00
4.1000000000e+01,9.5876917008e-04,6.7001710587e-03,4.1748140348e-01,4.8565001903e-01,4.8805158539e-02,2.8425841954e-04,4.0120220300e-02,2.5423792490e+00
4.1500000000e+01,9.9437831178e-04,6.7677752529e-03,4.1936594740e-01,4.8357538140e-01,4.8930604783e-02,2.7699382389e-04,4.0088919034e-02,2.5445123806e+00
4.2000000000e+01,1.0256256283e-03,6.8059757501e-03,4.2321145375e-01,4.7939241414e-01,4.9112941570e-02,2.6806812809e-04,4.0183521032e-02,2.5466255283e+00
4.2500000000e+01,1.0487135927e-03,6.8681660332e-03,4.2420930653e-01,4.7873079968e-01,4.9086411410e-02,2.5898876062e-04,3.9797613992e-02,2.5433482600e+00
4.3000000000e+01,1.0789275080e-03,7.0035609219e-03,4.2449381383e-01,4.7823304312e-01,4.9207650146e-02,2.5672260472e-04,3.9726281875e-02,2.5454772342e+00
4.3500000000e+01,1.1047090234e-03,7.1032091425e-03,4.2699173989e-01,4.7558771068e-01,4.9187309740e-02,2.5147207559e-04,3.9773849449e-02,2.5471584036e+00
4.4000000000e+01,1.1318210348e-03,7.1546625449e-03,4.3060478079e-01,4.7131209435e-01,4.9588896486e-02,2.4921162455e-04,3.9958533173e-02,2.5520734727e+00
4.4500000000e+01,1.1616706727e-03,7.1990638371e-03,4.3301458204e-01,4.6838221333e-01,5.0110035682e-02,2.4733405750e-04,3.9885100387e-02,2.5567322768e+00
4.5000000000e+01,1.1940838186e-03,7.3128871683e-03,4.3552758411e-01,4.6548413382e-01,5.0143580715e-02,2.4600104854e-04,4.0091729312e-02,2.5605108819e+00
4.5500000000e+01,1.2236368359e-03,7.3847811277e-03,4.3746296320e-01,4.6287850533e-01,5.0365588973e-02,2.4927105416e-04,4.0435253478e-02,2.5663856101e+00
4.6000000000e+01,1.2452559462e-03,7.4470493539e-03,4.3923932647e-01,4.6124323914e-01,5.0209141581e-02,2.4923141440e-04,4.0366756094e-02,2.5662577079e+00
4.6500000000e+01,1.2738643406e-03,7.4959066160e-03,4.4242596736e-01,4.5831258144e-01,4.9982180859e-02,2.5309136637e-04,4.0256408019e-02,2.5657995631e+00
4.7000000000e+01,1.3065771238e-03,7.5802993721e-03,4.4641492374e-01,4.5400248139e-01,4.9977824127e-02,2.5865836896e-04,4.0459235880e-02,2.5688894656e+00
4.7500000000e+01,1.3361694283e-03,7.6322171104e-03,4.4964336287e-01,4.5038505470e-01,5.0063334932e-02,2.6554371204e-04,4.0674317251e-02,2.5727249990e+00
4.8000000000e+01,1.3818038845e-03,7.6817985278e-03,4.5273271814e-01,4.4722490616e-01,5.0124254366e-02,2.7369416558e-04,4.0580824756e-02,2.5764186015e+00
4.8500000000e+01,1.4206582879e-03,7.7213590502e-03,4.5416778118e-01,4.4515429608e-01,5.0619013937e-02,2.8325543943e-04,4.0633636027e-02,2.5823362540e+00
4.9000000000e+01,1.4567601801e-03,7.8152128028e-03,4.5682878514e-01,4.4170202282e-01,5.0955037733e-02,2.9528809657e-04,4.0946893227e-02,2.5914072843e+00
4.9500000000e+01,1.4883926228e-03,7.9415895892e-03,4.6109771536e-01,4.3645391730e-01,5.1356691255e-02,3.1377101394e-04,4.1347922859e-02,2.6006625146e+00
5.0000000000e+01,1.5201871536e-03,7.9530766607e-03,4.6571802262e-01,4.3104909248e-01,5.1484979559e-02,3.2797633304e-04,4.1946665195e-02,2.6084397874e+00
5.0500000000e+01,1.5529028407e-03,8.0288150995e-03,4.6666610454e-01,4.2953946366e-01,5.1746337126e-02,3.5013183822e-04,4.2116244891e-02,2.6154644752e+00
5.1000000000e+01,1.5939999330e-03,8.1068357212e-03,4.7137627153e-01,4.2459453275e-01,5.1651911974e-02,3.7032921077e-04,4.2306118883e-02,2.6207990438e+00
5.1500000000e+01,1.6342640343e-03,8.2656137371e-03,4.7342636311e-01,4.2139496786e-01,5.2000486810e-02,3.9221687793e-04,4.2886087572e-02,2.6328706864e+00
5.2000000000e+01,1.6730636793e-03,8.3245471028e-03,4.7517751095e-01,4.1932387428e-01,5.2011092633e-02,4.1635388275e-04,4.3073557472e-02,2.6380555128e+00
5.2500000000e+01,1.7240111867e-03,8.3912584907e-03,4.7813977443e-01,4.1510109310e-01,5.2934328903e-02,4.4321651588e-04,4.3266317377e-02,2.6482533696e+00
5.3000000000e+01,1.7677957387e-03,8.4884535524e-03,4.8175600078e-01,4.1102088856e-01,5.2892853748e-02,4.7388889611e-04,4.3600118722e-02,2.6554550521e+00
5.3500000000e+01,1.8273010990e-03,8.5971160824e-03,4.8205142202e-01,4.0959269540e-01,5.3380991407e-02,5.0397211883e-04,4.4046501870e-02,2.6689837124e+00
5.4000000000e+01,1.8728927497e-03,8.6429500889e-03,4.8468777831e-01,4.0672906891e-01,5.3567602379e-02,5.3223744586e-04,4.3967470111e-02,2.6744097325e+00
5.4500000000e+01,1.9062119689e-03,8.6989190582e-03,4.8736420978e-01,4.0356186585e-01,5.3690285334e-02,5.6618212526e-04,4.4212325883e-02,2.6803997521e+00
5.5000000000e+01,1.9432026631e-03,8.7181332108e-03,4.9154285591e-01,3.9908803985e-01,5.3787343023e-02,6.0116678235e-04,4.4319258563e-02,2.6848797620e+00
5.5500000000e+01,1.9940388470e-03,8.7775076193e-03,4.9377987680e-01,3.9654786366e-01,5.3970520998e-02,6.3622896162e-04,4.4293963110e-02,2.6917323035e+00
5.6000000000e+01,2.0338923592e-03,8.7971914909e-03,4.9647111080e-01,3.9363593047e-01,5.4094141751e-02,6.7700789349e-04,4.4290725236e-02,2.6973067961e+00
5.6500000000e+01,2.0907727443e-03,8.8827954927e-03,4.9999997423e-01,3.8925643758e-01,5.4207036023e-02,7.2620067098e-04,4.4836783264e-02,2.7068858261e+00
5.7000000000e+01,2.1471703247e-03,8.9557415887e-03,5.0295392395e-01,3.8558210659e-01,5.4266572552e-02,7.6621819574e-04,4.5328266805e-02,2.7161303396e+00
5.7500000000e+01,2.1886590712e-03,8.9860710020e-03,5.0608655112e-01,3.8273818166e-01,5.4027016762e-02,8.0380850807e-04,4.5169711874e-02,2.7169916346e+00
5.8000000000e+01,2.2321248965e-03,8.9927326046e-03,5.0958594766e-01,3.7908552842e-01,5.4094021041e-02,8.4930110957e-04,4.5160344261e-02,2.7196370176e+00
5.8500000000e+01,2.3014333046e-03,9.0217847408e-03,5.1300323357e-01,3.7508020616e-01,5.4118237470e-02,9.0128493866e-04,4.5573819818e-02,2.7272962158e+00
5.9000000000e+01,2.3780512272e-03,9.0537408857e-03,5.1605997047e-01,3.7087655842e-01,5.4554061791e-02,9.4876283034e-04,4.6128854377e-02,2.7382979505e+00
5.9500000000e+01,2.4304898194e-03,9.1223884124e-03,5.1847667997e-01,3.6781215231e-01,5.4718316346e-02,1.0012810434e-03,4.6438692100e-02,2.7461352787e+00
6.0000000000e+01,2.4779398955e-03,9.1026384524e-03,5.2153500810e-01,3.6453769120e-01,5.4622683866e-02,1.0572814918e-03,4.6666756999e-02,2.7502720728e+00
6.0500000000e+01,2.5369911997e-03,9.1472917433e-03,5.2559324183e-01,3.6007576707e-01,5.4712492344e-02,1.1070586642e-03,4.6827157145e-02,2.7542465277e+00
6.1000000000e+01,2.6066929190e-03,9.1881598100e-03,5.2821475285e-01,3.5671738053e-01,5.5026227445e-02,1.1603398016e-03,4.7086446652e-02,2.7610656441e+00
6.1500000000e+01,2.6553492249e-03,9.2499309229e-03,5.3284137397e-01,3.5229550283e-01,5.4780876632e-02,1.2111863775e-03,4.6965780040e-02,2.7617332672e+00
6.2000000000e+01,2.7329223568e-03,9.2769418579e-03,5.3735836394e-01,3.4724712864e-01,5.4850625599e-02,1.2692324829e-03,4.7264785128e-02,2.7669953221e+00
6.2500000000e+01,2.7954505543e-03,9.3577812820e-03,5.4010010174e-01,3.4402948236e-01,5.4816763515e-02,1.3274161191e-03,4.7573004430e-02,2.7726585438e+00
6.3000000000e+01,2.8327190451e-03,9.3480871881e-03,5.4631411316e-01,3.3812285226e-01,5.4636660355e-02,1.3719062381e-03,4.7373661754e-02,2.7685617375e+00
6.3500000000e+01,2.9003786254e-03,9.3867322127e-03,5.4896028355e-01,3.3501524075e-01,5.4666963478e-02,1.4383377663e-03,4.7632063623e-02,2.7739951341e+00
6.4000000000e+01,2.9546050079e-03,9.4672297543e-03,5.5284813769e-01,3.3137856386e-01,5.4445016346e-02,1.5001065378e-03,4.7406340797e-02,2.7740984409e+00
6.4500000000e+01,3.0176924664e-03,9.4543014864e-03,5.5930877787e-01,3.2512726957e-01,5.4328279980e-02,1.5594136544e-03,4.7204264967e-02,2.7708429322e+00
6.5000000000e+01,3.0930700647e-03,9.5285482180e-03,5.6451611166e-01,3.2004971504e-01,5.4072779444e-02,1.6213957768e-03,4.7118379789e-02,2.7692489109e+00
6.5500000000e+01,3.1693801834e-03,9.5372016401e-03,5.6853995203e-01,3.1609465824e-01,5.3692786374e-02,1.6836045547e-03,4.7282416977e-02,2.7699807526e+00
6.6000000000e+01,3.2464120647e-03,9.5834875574e-03,5.7251313864e-01,3.1168658874e-01,5.3746841695e-02,1.7480290659e-03,4.7475502238e-02,2.7726800624e+00
6.6500000000e+01,3.3045457452e-03,9.5561275783e-03,5.7670728425e-01,3.0785633670e-01,5.3443640486e-02,1.8070765695e-03,4.7324988673e-02,2.7688486449e+00
6.7000000000e+01,3.3488604349e-03,9.5443261819e-03,5.8176597244e-01,3.0371772895e-01,5.2831302692e-02,1.8719089872e-03,4.6919900314e-02,2.7628701598e+00
6.7500000000e+01,3.4066677722e-03,9.5592979677e-03,5.8582239500e-01,2.9945924034e-01,5.2854680180e-02,1.9300552221e-03,4.6967663518e-02,2.7631181088e+00
6.8000000000e+01,3.4937526131e-03,9.5796280034e-03,5.8917472232e-01,2.9594790585e-01,5.2623497482e-02,2.0037839185e-03,4.7176709813e-02,2.7647223642e+00
6.8500000000e+01,3.5763283720e-03,9.5493153516e-03,5.9360098804e-01,2.9199593583e-01,5.2164521229e-02,2.0738049793e-03,4.7039106200e-02,2.7611215200e+00
6.9000000000e+01,3.6607162345e-03,9.5349098560e-03,5.9862389635e-01,2.8732221813e-01,5.1849844217e-02,2.1542133835e-03,4.6854201831e-02,2.7577043274e+00
6.9500000000e+01,3.7523341298e-03,9.4943813438e-03,6.0460723069e-01,2.8207578977e-01,5.1140856806e-02,2.2301065890e-03,4.6699300670e-02,2.7505522296e+00
7.0000000000e+01,3.8278199566e-03,9.5207446582e-03,6.0910525138e-01,2.7809121394e-01,5.0714855929e-02,2.3165222752e-03,4.6423591855e-02,2.7451335159e+00
7.0500000000e+01,3.8723716959e-03,9.3841399639e-03,6.1291499509e-01,2.7523607731e-01,4.9943956819e-02,2.3650315820e-03,4.6283427543e-02,2.7347964119e+00
7.1000000000e+01,3.9207882847e-03,9.4057477802e-03,6.1931389419e-01,2.7033585196e-01,4.8890501097e-02,2.4323085473e-03,4.5700908142e-02,2.7231017586e+00
7.1500000000e+01,4.0095722330e-03,9.4186876037e-03,6.2538622368e-01,2.6502937992e-01,4.8169800482e-02,2.5046143780e-03,4.5481721696e-02,2.7158844762e+00
7.2000000000e+01,4.0790738846e-03,9.4089094725e-03,6.3045422166e-01,2.6053470770e-01,4.7694963744e-02,2.5854090633e-03,4.5242714471e-02,2.7083859788e+00
7.2500000000e+01,4.1508958264e-03,9.3607840227e-03,6.3558683269e-01,2.5640423084e-01,4.7151460807e-02,2.6728028873e-03,4.4672992919e-02,2.6994671741e+00
7.3000000000e+01,4.1939753754e-03,9.3395902682e-03,6.4185377861e-01,2.5128942193e-01,4.6318203558e-02,2.7295665979e-03,4.4275463659e-02,2.6859796785e+00
7.3500000000e+01,4.2597252104e-03,9.3838067052e-03,6.4566299141e-01,2.4816710027e-01,4.5929237977e-02,2.8019843036e-03,4.3795154120e-02,2.6777738425e+00
7.4000000000e+01,4.3081513817e-03,9.3987570754e-03,6.5191174297e-01,2.4300882283e-01,4.5111635840e-02,2.8628212707e-03,4.3398068624e-02,2.6632391806e+00
7.4500000000e+01,4.3712183062e-03,9.4106853142e-03,6.5626850420e-01,2.3995574391e-01,4.4373363227e-02,2.9372483081e-03,4.2683236735e-02,2.6514351539e+00
7.5000000000e+01,4.4513986930e-03,9.4273739288e-03,6.6091978644e-01,2.3618496755e-01,4.3362373161e-02,3.0182880842e-03,4.2635812141e-02,2.6424697338e+00
7.5500000000e+01,4.4936782439e-03,9.4033299737e-03,6.6632961313e-01,2.3279002743e-01,4.2259683272e-02,3.0503402105e-03,4.1673327739e-02,2.6232340201e+00
7.6000000000e+01,4.5682644848e-03,9.4579348212e-03,6.6903317545e-01,2.3078870519e-01,4.1896444385e-02,3.1100556624e-03,4.1145420003e-02,2.6161172376e+00
7.6500000000e+01,4.5999911691e-03,9.4715520453e-03,6.7372452823e-01,2.2699076861e-01,4.1448510026e-02,3.1570112998e-03,4.0607638617e-02,2.6037113647e+00
7.7000000000e+01,4.6341886416e-03,9.5056990605e-03,6.7682995415e-01,2.2491233037e-01,4.0834560193e-02,3.1807055086e-03,4.0102562078e-02,2.5934990095e+00
7.7500000000e+01,4.6864381423e-03,9.5025972829e-03,6.8148647791e-01,2.2147207266e-01,3.9951097265e-02,3.2244016556e-03,3.9676915080e-02,2.5799487906e+00
7.8000000000e+01,4.7624917594e-03,9.5243690671e-03,6.8458539943e-01,2.1916149321e-01,3.9361095565e-02,3.2714682413e-03,3.9333682728e-02,2.5711016039e+00
7.8500000000e+01,4.7809754536e-03,9.5015563810e-03,6.9035541865e-01,2.1531756526e-01,3.8445842207e-02,3.2897561214e-03,3.8308885927e-02,2.5489938849e+00
7.9000000000e+01,4.8399462760e-03,9.5193670068e-03,6.9477630866e-01,2.1182351589e-01,3.7639442312e-02,3.3424075958e-03,3.8059012263e-02,2.5368670550e+00
7.9500000000e+01,4.9315837460e-03,9.5497988801e-03,6.9891663031e-01,2.0885761343e-01,3.6679881628e-02,3.3889323417e-03,3.7675559661e-02,2.5243255463e+00
8.0000000000e+01,5.0146019500e-03,9.6447929296e-03,7.0334303698e-01,2.0522580131e-01,3.6108742847e-02,3.4394296219e-03,3.7223594363e-02,2.5128231873e+00
8.0500000000e+01,5.0621925184e-03,9.7197298145e-03,7.0866901890e-01,2.0125460684e-01,3.5083334140e-02,3.4669935215e-03,3.6744124259e-02,2.4943488996e+00
8.1000000000e+01,5.1329850284e-03,9.8078717231e-03,7.1269245060e-01,1.9835536180e-01,3.4364615208e-02,3.5090170288e-03,3.6137698607e-02,2.4816758812e+00
8.1500000000e+01,5.1940327280e-03,9.8061990759e-03,7.1695491908e-01,1.9513614057e-01,3.3782493567e-02,3.5537975044e-03,3.5572417479e-02,2.4679405415e+00
8.2000000000e+01,5.2648523870e-03,9.8445179085e-03,7.2115050854e-01,1.9190771210e-01,3.3279901517e-02,3.5912333329e-03,3.4961274209e-02,2.4536319893e+00
8.2500000000e+01,5.2846114694e-03,9.8181993702e-03,7.2528369133e-01,1.8903542613e-01,3.2505817604e-02,3.6304612187e-03,3.4441792873e-02,2.4372363575e+00
8.3000000000e+01,5.3960186818e-03,9.9220374498e-03,7.2923789313e-01,1.8621431481e-01,3.1855056759e-02,3.7041110771e-03,3.3670568097e-02,2.4246284301e+00
8.3500000000e+01,5.4970555420e-03,1.0023303904e-02,7.3241385821e-01,1.8402805423e-01,3.1180627392e-02,3.7381122087e-03,3.3118988512e-02,2.4138374059e+00
8.4000000000e+01,5.5381143969e-03,1.0100032370e-02,7.3592395235e-01,1.8162994282e-01,3.0569093820e-02,3.7823057888e-03,3.2456558454e-02,2.3998154752e+00
8.4500000000e+01,5.5126172123e-03,1.0196828058e-02,7.3965428360e-01,1.7935856790e-01,2.9787759539e-02,3.8105557126e-03,3.1679387976e-02,2.3824584037e+00
8.5000000000e+01,5.5866984942e-03,1.0288691899e-02,7.4264033178e-01,1.7724008455e-01,2.9263629601e-02,3.8545914191e-03,3.1125972254e-02,2.3697046328e+00
8.5500000000e+01,5.6290998473e-03,1.0343471432e-02,7.4511647495e-01,1.7610207070e-01,2.8562174764e-02,3.8696783557e-03,3.0377029951e-02,2.3559807063e+00
8.6000000000e+01,5.6683297482e-03,1.0396554318e-02,7.4868842446e-01,1.7394312827e-01,2.7589948695e-02,3.8917321439e-03,2.9821882361e-02,2.3393700283e+00
8.6500000000e+01,5.7001532508e-03,1.0385893834e-02,7.5264721879e-01,1.7189989618e-01,2.6618525870e-02,3.8962374514e-03,2.8852074621e-02,2.3166705734e+00
8.7000000000e+01,5.7635924240e-03,1.0438489325e-02,7.5602609285e-01,1.7016200060e-01,2.5614702908e-02,3.8921686772e-03,2.8102953217e-02,2.2974044857e+00
8.7500000000e+01,5.8264067699e-03,1.0538783171e-02,7.6016260260e-01,1.6714186534e-01,2.5027779462e-02,3.9071306544e-03,2.7395432003e-02,2.2796403234e+00
8.8000000000e+01,5.8424663393e-03,1.0574676086e-02,7.6402800367e-01,1.6479207883e-01,2.4232533396e-02,3.9016245493e-03,2.6628617133e-02,2.2578899508e+00
8.8500000000e+01,5.8341331452e-03,1.0574284358e-02,7.6782436326e-01,1.6273768776e-01,2.3330663958e-02,3.9061495250e-03,2.5792717999e-02,2.2361457320e+00
8.9000000000e+01,5.8827473106e-03,1.0708892248e-02,7.7064759282e-01,1.6085592772e-01,2.2753808045e-02,3.9237975356e-03,2.5227234323e-02,2.2216808704e+00
8.9500000000e+01,5.9454129569e-03,1.0825930883e-02,7.7415812739e-01,1.5825217463e-01,2.2303511657e-02,3.9351744828e-03,2.4579668002e-02,2.2058500147e+00
9.0000000000e+01,6.0064058822e-03,1.0876902100e-02,7.7635999617e-01,1.5702392012e-01,2.1696420004e-02,3.9820004519e-03,2.4054355272e-02,2.1925734165e+00
9.0500000000e+01,6.0294429169e-03,1.0983878917e-02,7.7795929862e-01,1.5658330595e-01,2.1018142266e-02,4.0054971007e-03,2.3420434230e-02,2.1791279350e+00
9.1000000000e+01,6.0570670234e-03,1.1055567215e-02,7.8151648050e-01,1.5438623310e-01,2.0299836076e-02,4.0215182474e-03,2.2663297838e-02,2.1597909755e+00
9.1500000000e+01,6.0409184502e-03,1.1092526532e-02,7.8495451300e-01,1.5204633937e-01,1.9794601055e-02,4.0027889581e-03,2.2068312636e-02,2.1392818196e+00
9.2000000000e+01,6.0160214442e-03,1.1177889859e-02,7.8802223348e-01,1.5033720979e-01,1.9209364030e-02,3.9860723194e-03,2.1251209075e-02,2.1198226626e+00
9.2500000000e+01,6.0219288601e-03,1.1362839729e-02,7.9035379064e-01,1.4903960029e-01,1.8597777951e-02,3.9847942679e-03,2.0639268266e-02,2.1041390479e+00
9.3000000000e+01,6.0560002221e-03,1.1360801789e-02,7.9319836633e-01,1.4736581668e-01,1.7932049927e-02,3.9770930811e-03,2.0109871967e-02,2.0857211993e+00
9.3500000000e+01,6.0743796916e-03,1.1465628104e-02,7.9543857330e-01,1.4647525606e-01,1.7195144512e-02,3.9588364415e-03,1.9392181892e-02,2.0669841205e+00
9.4000000000e+01,6.0706162350e-03,1.1495745551e-02,7.9859240654e-01,1.4446688368e-01,1.6596167226e-02,3.9614107984e-03,1.8816769963e-02,2.0461585350e+00
9.4500000000e+01,6.1037156434e-03,1.1645512259e-02,8.0134495748e-01,1.4263099969e-01,1.6149353355e-02,3.9640362201e-03,1.8161425352e-02,2.0302034307e+00
9.5000000000e+01,6.0939776068e-03,1.1619103947e-02,8.0447406039e-01,1.4072204484e-01,1.5545782384e-02,3.9601246887e-03,1.7584906152e-02,2.0091278102e+00
9.5500000000e+01,6.1033555318e-03,1.1817262838e-02,8.0700567758e-01,1.3920631156e-01,1.4851607174e-02,3.9515389363e-03,1.7064246372e-02,1.9907306789e+00
9.6000000000e+01,6.1001712478e-03,1.1907118175e-02,8.0894263155e-01,1.3818924557e-01,1.4520021989e-02,3.9168139282e-03,1.6423997546e-02,1.9740117076e+00
9.6500000000e+01,6.1239090537e-03,1.2011975019e-02,8.1005316944e-01,1.3801312031e-01,1.4155941189e-02,3.8826791093e-03,1.5759205875e-02,1.9610150695e+00
9.7000000000e+01,6.0867115877e-03,1.2082662369e-02,8.1247407946e-01,1.3663283093e-01,1.3654414538e-02,3.8359078010e-03,1.5233393312e-02,1.9407026098e+00
9.7500000000e+01,6.1000058405e-03,1.2137915875e-02,8.1499094739e-01,1.3514549386e-01,1.3129035129e-02,3.8417636918e-03,1.4654838213e-02,1.9226752895e+00
9.8000000000e+01,6.0806356601e-03,1.2194986871e-02,8.1696321055e-01,1.3428266664e-01,1.2687176581e-02,3.8267559626e-03,1.3964567728e-02,1.9045575313e+00
9.8500000000e+01,6.1012821055e-03,1.2256071715e-02,8.1983841486e-01,1.3262735128e-01,1.2132035645e-02,3.8045434569e-03,1.3240300937e-02,1.8830013837e+00
9.9000000000e+01,6.0769672636e-03,1.2396891215e-02,8.2137481721e-01,1.3204419609e-01,1.1602336307e-02,3.7638182287e-03,1.2740973683e-02,1.8666629484e+00
9.9500000000e+01,6.0749259830e-03,1.2448172961e-02,8.2310781071e-01,1.3111541815e-01,1.1208951819e-02,3.7590479179e-03,1.2285672456e-02,1.8516884804e+00
1.0000000000e+02,6.0302072336e-03,1.2605687942e-02,8.2575199998e-01,1.2934874302e-01,1.0803986840e-02,3.7487932807e-03,1.1710581702e-02,1.8325967241e+00
1.0050000000e+02,6.0062912578e-03,1.2811431806e-02,8.2600865080e-01,1.2978068884e-01,1.0413444592e-02,3.7418617917e-03,1.1237630909e-02,1.8212944211e+00
1.0100000000e+02,5.9768290049e-03,1.2858020675e-02,8.2813934669e-01,1.2858017030e-01,9.9693545523e-03,3.7129360457e-03,1.0763342724e-02,1.8019154378e+00
1.0150000000e+02,5.9729603752e-03,1.2906966932e-02,8.2996669880e-01,1.2759990380e-01,9.5544187056e-03,3.6824090410e-03,1.0316642343e-02,1.7836594908e+00
1.0200000000e+02,5.9478786140e-03,1.2933197438e-02,8.3216183277e-01,1.2618438165e-01,9.2011412136e-03,3.6621583967e-03,9.9094099150e-03,1.7661408619e+00
1.0250000000e+02,5.9566797283e-03,1.3012403758e-02,8.3282348677e-01,1.2613269758e-01,8.8427419404e-03,3.6587866363e-03,9.5732035855e-03,1.7539224693e+00
1.0300000000e+02,5.9291287678e-03,1.3094518468e-02,8.3464762751e-01,1.2511843370e-01,8.4457450245e-03,3.6302660338e-03,9.1342805016e-03,1.7365359556e+00
1.0350000000e+02,5.9508772825e-03,1.3143913146e-02,8.3586611625e-01,1.2455327894e-01,8.0708721713e-03,3.6057674841e-03,8.8091747262e-03,1.7207366154e+00
1.0400000000e+02,5.9435557713e-03,1.3302522115e-02,8.3668386754e-01,1.2442814498e-01,7.7328047670e-03,3.5682069798e-03,8.3408978397e-03,1.7090847133e+00
1.0450000000e+02,5.9529025037e-03,1.3331465346e-02,8.3773380523e-01,1.2401886146e-01,7.4684628503e-03,3.5687464864e-03,7.9257561286e-03,1.6965866360e+00
1.0500000000e+02,5.9558631727e-03,1.3577267530e-02,8.3698774151e-01,1.2504231225e-01,7.2963470904e-03,3.5813938429e-03,7.5590746133e-03,1.6903820787e+00
1.0550000000e+02,5.9710600455e-03,1.3646805268e-02,8.3893188922e-01,1.2374289941e-01,6.9858342448e-03,3.5689331813e-03,7.1525786330e-03,1.6738496134e+00
1.0600000000e+02,5.9307104351e-03,1.3831074883e-02,8.3936205069e-01,1.2387183100e-01,6.7003577876e-03,3.5400134784e-03,6.7639617276e-03,1.6607958211e+00
1.0650000000e+02,5.9615102379e-03,1.4014327801e-02,8.3950085273e-01,1.2411861546e-01,6.4910222381e-03,3.5095381712e-03,6.4041333564e-03,1.6515191440e+00
1.0700000000e+02,5.9421088868e-03,1.4072951773e-02,8.4026418185e-01,1.2390088785e-01,6.2376927121e-03,3.4794981525e-03,6.1026787754e-03,1.6387406748e+00
1.0750000000e+02,5.9262069863e-03,1.4151062293e-02,8.4027071688e-01,1.2433568119e-01,6.0047702174e-03,3.4533766266e-03,5.8581858034e-03,1.6285908007e+00
1.0800000000e+02,5.8990000348e-03,1.4198780543e-02,8.4043030672e-01,1.2475765214e-01,5.7430992674e-03,3.4290833076e-03,5.5420779824e-03,1.6179249541e+00
1.0850000000e+02,5.8374987469e-03,1.4196177651e-02,8.4024716713e-01,1.2548573871e-01,5.5201569282e-03,3.4160280730e-03,5.2972327677e-03,1.6054889336e+00
1.0900000000e+02,5.8475793137e-03,1.4372391066e-02,8.3862950101e-01,1.2733881369e-01,5.3278825449e-03,3.3943988494e-03,5.0894335227e-03,1.6015603519e+00
1.0950000000e+02,5.8443234795e-03,1.4469041608e-02,8.3836214460e-01,1.2780887188e-01,5.2666443621e-03,3.3863672693e-03,4.8626067999e-03,1.5939366436e+00
1.1000000000e+02,5.7999131766e-03,1.4382860777e-02,8.3911549235e-01,1.2765795364e-01,5.1081175797e-03,3.3472856823e-03,4.5883767851e-03,1.5808337452e+00
1.1050000000e+02,5.8227579162e-03,1.4370357907e-02,8.3897853741e-01,1.2809051413e-01,5.0180917106e-03,3.3439965923e-03,4.3757443312e-03,1.5737566530e+00
1.1100000000e+02,5.8016024540e-03,1.4501368718e-02,8.3841752004e-01,1.2888979528e-01,4.8512703455e-03,3.3408080947e-03,4.1976350675e-03,1.5673553405e+00
1.1150000000e+02,5.7569669937e-03,1.4597040986e-02,8.3886070680e-01,1.2879483729e-01,4.7254631924e-03,3.2960498253e-03,3.9689349111e-03,1.5575668640e+00
1.1200000000e+02,5.7169466228e-03,1.4729612364e-02,8.3929893861e-01,1.2858123383e-01,4.5916460334e-03,3.2782183015e-03,3.8034042356e-03,1.5479936168e+00
1.1250000000e+02,5.6711604466e-03,1.4809696658e-02,8.3992066798e-01,1.2823933197e-01,4.4747103213e-03,3.2438718824e-03,3.6405607412e-03,1.5377898276e+00
1.1300000000e+02,5.6622329695e-03,1.4922632465e-02,8.3901653567e-01,1.2931641760e-01,4.3827949293e-03,3.2230933932e-03,3.4762929669e-03,1.5328244546e+00
1.1350000000e+02,5.6446454196e-03,1.5020622487e-02,8.3797688057e-01,1.3056026926e-01,4.2887333652e-03,3.1999511029e-03,3.3088977932e-03,1.5283031173e+00
1.1400000000e+02,5.6770081437e-03,1.5164905413e-02,8.3716820552e-01,1.3147598745e-01,4.2202637760e-03,3.1598725994e-03,3.1337570943e-03,1.5237324841e+00
1.1450000000e+02,5.6825974669e-03,1.5227352874e-02,8.3728587571e-01,1.3152175142e-01,4.1342900902e-03,3.1277164201e-03,3.0204160195e-03,1.5165652100e+00
1.1500000000e+02,5.7071165177e-03,1.5319375805e-02,8.3613985840e-01,1.3274401068e-01,4.0775732570e-03,3.1022514019e-03,2.9098139360e-03,1.5159870210e+00
1.1550000000e+02,5.6900446041e-03,1.5496170369e-02,8.3639665044e-01,1.3255030663e-01,4.0222236470e-03,3.0614543300e-03,2.7831499737e-03,1.5115212201e+00
1.1600000000e+02,5.6666669847e-03,1.5434793261e-02,8.3574736082e-01,1.3342250796e-01,3.9795227451e-03,3.0539729987e-03,2.6951752397e-03,1.5070447592e+00
1.1650000000e+02,5.7117987537e-03,1.5477212666e-02,8.3492360156e-01,1.3427729035e-01,3.9426573560e-03,3.0511801286e-03,2.6162591837e-03,1.5065959400e+00
1.1700000000e+02,5.7378162633e-03,1.5580163827e-02,8.3416970833e-01,1.3506309410e-01,3.8952445903e-03,3.0154546684e-03,2.5385182251e-03,1.5075722661e+00
1.1750000000e+02,5.7293250606e-03,1.5613596614e-02,8.3366361104e-01,1.3561208292e-01,3.9199097359e-03,2.9965703433e-03,2.4649042851e-03,1.5087771277e+00
1.1800000000e+02,5.6918319686e-03,1.5688747730e-02,8.3278808923e-01,1.3654063066e-01,3.9108552710e-03,2.9732555722e-03,2.4065895674e-03,1.5108495601e+00
1.1850000000e+02,5.7221752796e-03,1.5889969355e-02,8.3121094348e-01,1.3796449306e-01,3.9107165360e-03,2.9503131856e-03,2.3513891065e-03,1.5174199444e+00
1.1900000000e+02,5.7334575575e-03,1.6127855297e-02,8.3046902519e-01,1.3845294981e-01,3.9412905026e-03,2.9481075832e-03,2.3273140626e-03,1.5258382540e+00
1.1950000000e+02,5.7149140194e-03,1.6208938701e-02,8.2984033805e-01,1.3906789463e-01,3.9524328418e-03,2.9082256067e-03,2.3072561552e-03,1.5310419993e+00
1.2000000000e+02,5.6803532267e-03,1.6249049573e-02,8.2917943855e-01,1.3975054218e-01,3.9843751145e-03,2.8819227697e-03,2.2743185888e-03,1.5370804498e+00
1.2050000000e+02,5.6976826574e-03,1.6357822463e-02,8.2771752476e-01,1.4108489224e-01,4.0026179472e-03,2.8795720202e-03,2.2598879177e-03,1.5484703566e+00
1.2100000000e+02,5.6437526888e-03,1.6364844263e-02,8.2820816325e-01,1.4071153525e-01,3.9964670396e-03,2.8345414467e-03,2.2406960608e-03,1.5523834358e+00
1.2150000000e+02,5.5916817859e-03,1.6320643299e-02,8.2823932056e-01,1.4077586883e-01,4.0323873362e-03,2.7975478590e-03,2.2425503352e-03,1.5575850017e+00
1.2200000000e+02,5.6044576554e-03,1.6379250224e-02,8.2660853908e-01,1.4226356628e-01,4.1059653673e-03,2.7823339528e-03,2.2558874424e-03,1.5704683424e+00
1.2250000000e+02,5.5917909185e-03,1.6492241614e-02,8.2572454007e-01,1.4294299443e-01,4.1971607139e-03,2.7879753989e-03,2.2632968498e-03,1.5811031217e+00
1.2300000000e+02,5.6104444959e-03,1.6576879520e-02,8.2471748080e-01,1.4373761229e-01,4.2981997354e-03,2.7577403010e-03,2.3016428554e-03,1.5924930750e+00
1.2350000000e+02,5.5779221380e-03,1.6782033931e-02,8.2251101838e-01,1.4566855145e-01,4.3580005774e-03,2.7472465441e-03,2.3552269815e-03,1.6079058714e+00
1.2400000000e+02,5.5568067323e-03,1.6795017248e-02,8.2129909943e-01,1.4678787940e-01,4.4229398324e-03,2.7340676364e-03,2.4041897125e-03,1.6196964918e+00
1.2450000000e+02,5.5690111999e-03,1.6713534302e-02,8.2174398411e-01,1.4630036073e-01,4.5109774717e-03,2.7015034189e-03,2.4606287669e-03,1.6270048175e+00
1.2500000000e+02,5.5724076221e-03,1.6704431650e-02,8.2071356622e-01,1.4718582122e-01,4.6372936181e-03,2.6680354444e-03,2.5184442250e-03,1.6385191219e+00
1.2550000000e+02,5.5833066333e-03,1.6707958036e-02,8.1892444952e-01,1.4876744846e-01,4.7731769055e-03,2.6369839843e-03,2.6066764632e-03,1.6527092349e+00
1.2600000000e+02,5.5783129705e-03,1.6661656659e-02,8.1758723256e-01,1.4998455085e-01,4.9018527679e-03,2.6105762008e-03,2.6758179898e-03,1.6625379993e+00
1.2650000000e+02,5.5670900535e-03,1.6737891749e-02,8.1708507254e-01,1.5021942570e-01,5.0161595387e-03,2.5948587383e-03,2.7795016799e-03,1.6731388738e+00
1.2700000000e+02,5.5608428822e-03,1.6698332721e-02,8.1681125397e-01,1.5036596716e-01,5.1244974512e-03,2.5784464080e-03,2.8606594138e-03,1.6819583236e+00
1.2750000000e+02,5.5400324417e-03,1.6660414605e-02,8.1667100743e-01,1.5038073156e-01,5.2253140094e-03,2.5669930533e-03,2.9555069019e-03,1.6897206752e+00
1.2800000000e+02,5.5256034018e-03,1.6735240100e-02,8.1640102707e-01,1.5040383672e-01,5.3457160470e-03,2.5416167659e-03,3.0469598949e-03,1.6994272432e+00
1.2850000000e+02,5.5524623200e-03,1.6547045248e-02,8.1634997524e-01,1.5045312948e-01,5.4621028666e-03,2.4861742181e-03,3.1491106248e-03,1.7047341712e+00
1.2900000000e+02,5.5516465916e-03,1.6540698689e-02,8.1583246783e-01,1.5077811868e-01,5.5994022070e-03,2.4622345505e-03,3.2354314448e-03,1.7131254176e+00
1.2950000000e+02,5.5842881272e-03,1.6647536012e-02,8.1412795033e-01,1.5201608735e-01,5.7962129545e-03,2.4601517550e-03,3.3677734684e-03,1.7282293348e+00
1.3000000000e+02,5.6106796372e-03,1.6618923095e-02,8.1339659620e-01,1.5247240718e-01,5.9645480010e-03,2.4565203332e-03,3.4803255495e-03,1.7391263368e+00
1.3050000000e+02,5.5532824670e-03,1.6535627368e-02,8.1307864258e-01,1.5276014634e-01,6.0618104429e-03,2.4221829789e-03,3.5883078233e-03,1.7442482017e+00
1.3100000000e+02,5.5214563267e-03,1.6397646821e-02,8.1250668494e-01,1.5334293572e-01,6.1763831984e-03,2.3795666934e-03,3.6753262931e-03,1.7487416343e+00
1.3150000000e+02,5.4998061060e-03,1.6400163188e-02,8.1189547110e-01,1.5370796486e-01,6.3238485559e-03,2.3617356123e-03,3.8110105707e-03,1.7582444313e+00
1.3200000000e+02,5.4792061192e-03,1.6444930791e-02,8.1113541870e-01,1.5406035574e-01,6.5527217036e-03,2.3391109932e-03,3.9882559483e-03,1.7688465149e+00
1.3250000000e+02,5.4527674446e-03,1.6387469016e-02,8.1054522602e-01,1.5454679113e-01,6.6167951862e-03,2.3086183687e-03,4.1423328344e-03,1.7756269981e+00
1.3300000000e+02,5.4615005217e-03,1.6334280496e-02,8.1041107706e-01,1.5449959431e-01,6.7263871734e-03,2.2879018633e-03,4.2792585785e-03,1.7830701725e+00
1.3350000000e+02,5.4476601570e-03,1.6331847976e-02,8.0925173302e-01,1.5538437736e-01,6.8783725685e-03,2.2746300994e-03,4.4313788204e-03,1.7924492084e+00
1.3400000000e+02,5.4897104708e-03,1.6447345612e-02,8.0824462088e-01,1.5599924662e-01,7.0254103150e-03,2.2517960250e-03,4.5418700798e-03,1.8037589433e+00
1.3450000000e+02,5.5096994636e-03,1.6468180656e-02,8.0698705685e-01,1.5684457443e-01,7.2641310798e-03,2.2376288599e-03,4.6887286675e-03,1.8157138145e+00
1.3500000000e+02,5.5716634402e-03,1.6540793388e-02,8.0518345028e-01,1.5809926490e-01,7.4890189193e-03,2.2312880317e-03,4.8845210454e-03,1.8307808998e+00
1.3550000000e+02,5.6011339137e-03,1.6569560522e-02,8.0367515450e-01,1.5918042272e-01,7.6591149662e-03,2.2155638373e-03,5.0990495403e-03,1.8429059161e+00
1.3600000000e+02,5.5958250047e-03,1.6667633094e-02,8.0486445189e-01,1.5766339003e-01,7.8002253991e-03,2.1904766075e-03,5.2179979809e-03,1.8467154381e+00
1.3650000000e+02,5.5879514147e-03,1.6645687536e-02,8.0404880055e-01,1.5826102287e-01,7.8973605491e-03,2.1619160247e-03,5.3972610484e-03,1.8536822123e+00
1.3700000000e+02,5.5660219951e-03,1.6567375645e-02,8.0333152885e-01,1.5879540901e-01,8.0340394330e-03,2.1363743160e-03,5.5692507478e-03,1.8604177192e+00
1.3750000000e+02,5.5532717708e-03,1.6512172251e-02,8.0239324905e-01,1.5953837534e-01,8.1847608226e-03,2.1146091608e-03,5.7035616086e-03,1.8670779345e+00
1.3800000000e+02,5.5871872962e-03,1.6649502730e-02,8.0130931052e-01,1.6009970888e-01,8.3765257554e-03,2.1024906980e-03,5.8752741162e-03,1.8779173094e+00
1.3850000000e+02,5.5588242493e-03,1.6755940315e-02,8.0005329791e-01,1.6103374638e-01,8.5177754293e-03,2.0900465196e-03,5.9903691929e-03,1.8860959412e+00
1.3900000000e+02,5.5628413512e-03,1.6830376077e-02,8.0074114934e-01,1.5993911900e-01,8.6949160106e-03,2.0739571578e-03,6.1576410614e-03,1.8914010378e+00
1.3950000000e+02,5.5722844341e-03,1.6860950664e-02,7.9973578298e-01,1.6057775727e-01,8.8453052718e-03,2.0649718923e-03,6.3429474860e-03,1.9001073749e+00
1.4000000000e+02,5.5851723960e-03,1.6902717333e-02,7.9914449020e-01,1.6076200752e-01,9.0453217662e-03,2.0499841033e-03,6.5103066795e-03,1.9098847350e+00
1.4050000000e+02,5.5902484939e-03,1.7015539825e-02,7.9761016804e-01,1.6181749221e-01,9.1958665476e-03,2.0535740092e-03,6.7171108666e-03,1.9215229257e+00
1.4100000000e+02,5.6184835232e-03,1.6982544163e-02,7.9655662337e-01,1.6255239160e-01,9.3731372050e-03,2.0426654561e-03,6.8741546810e-03,1.9298875703e+00
1.4150000000e+02,5.6399529964e-03,1.7112939197e-02,7.9473578256e-01,1.6385437724e-01,9.6010332153e-03,2.0279461554e-03,7.0279686380e-03,1.9418708544e+00
1.4200000000e+02,5.6281480120e-03,1.7121478636e-02,7.9351684270e-01,1.6474853526e-01,9.7546552682e-03,1.9904745218e-03,7.2398656062e-03,1.9498351517e+00
1.4250000000e+02,5.5940431671e-03,1.7026546770e-02,7.9229350281e-01,1.6584976476e-01,9.9147679926e-03,1.9626792915e-03,7.3586952098e-03,1.9553275224e+00
1.4300000000e+02,5.6302729637e-03,1.7061296474e-02,7.9092198138e-01,1.6682956448e-01,1.0105070907e-02,1.9410613444e-03,7.5107524425e-03,1.9643423182e+00
1.4350000000e+02,5.6448723968e-03,1.7041437749e-02,7.8927167740e-01,1.6826668708e-01,1.0206154106e-02,1.9365741285e-03,7.6325971421e-03,1.9713591637e+00
1.4400000000e+02,5.6844586541e-03,1.7045818744e-02,7.8805039771e-01,1.6901708712e-01,1.0411027850e-02,1.9342074923e-03,7.8570024292e-03,1.9807338500e+00
1.4450000000e+02,5.6496861677e-03,1.7007332583e-02,7.8660982028e-01,1.7032463789e-01,1.0509130023e-02,1.9210980393e-03,7.9782950141e-03,1.9866961924e+00
1.4500000000e+02,5.6422031414e-03,1.7069302858e-02,7.8612565875e-01,1.7043537681e-01,1.0693825562e-02,1.8917257305e-03,8.1419071429e-03,1.9920279119e+00
1.4550000000e+02,5.6020087864e-03,1.7058198165e-02,7.8429424578e-01,1.7215371802e-01,1.0774962851e-02,1.8698423246e-03,8.2470240753e-03,1.9978897761e+00
1.4600000000e+02,5.6120572597e-03,1.6990347757e-02,7.8354429048e-01,1.7267988502e-01,1.0919002579e-02,1.8540393457e-03,8.4003775626e-03,2.0035844187e+00
1.4650000000e+02,5.6254073146e-03,1.6944328193e-02,7.8340798048e-01,1.7265333928e-01,1.1030019358e-02,1.8149204727e-03,8.5240049006e-03,2.0077079624e+00
1.4700000000e+02,5.6146791942e-03,1.7033895012e-02,7.8202900412e-01,1.7362077362e-01,1.1251736753e-02,1.8029279314e-03,8.6469833662e-03,2.0159307772e+00
1.4750000000e+02,5.5807842785e-03,1.6890053326e-02,7.8237808177e-01,1.7311002161e-01,1.1443411247e-02,1.7852537270e-03,8.8123940347e-03,2.0173064494e+00
1.4800000000e+02,5.5639050864e-03,1.6915849227e-02,7.8201385876e-01,1.7327594206e-01,1.1588424820e-02,1.7685796793e-03,8.8734403751e-03,2.0207895034e+00
1.4850000000e+02,5.5798768194e-03,1.6907402760e-02,7.8015328286e-01,1.7477733762e-01,1.1776091117e-02,1.7553159300e-03,9.0506928961e-03,2.0295417310e+00
1.4900000000e+02,5.5865622041e-03,1.6978173614e-02,7.7939407631e-01,1.7507947361e-01,1.1949733849e-02,1.7465837325e-03,9.2653966739e-03,2.0374250158e+00
1.4950000000e+02,5.5847851907e-03,1.6929421691e-02,7.7788807682e-01,1.7628037465e-01,1.2093286840e-02,1.7386470319e-03,9.4854077698e-03,2.0432892893e+00
1.5000000000e+02,5.5885359033e-03,1.6804050957e-02,7.7720532692e-01,1.7672462219e-01,1.2281167718e-02,1.7236427376e-03,9.6726535770e-03,2.0481996677e+00
1.5050000000e+02,5.5787077725e-03,1.6872104562e-02,7.7551443737e-01,1.7794447386e-01,1.2493063742e-02,1.7152984985e-03,9.8819141927e-03,2.0576475425e+00
1.5100000000e+02,5.5242641910e-03,1.6764095107e-02,7.7535060565e-01,1.7814800849e-01,1.2553902474e-02,1.6913389293e-03,9.9677851628e-03,2.0577224676e+00
1.5150000000e+02,5.5066297471e-03,1.6598802172e-02,7.7472308606e-01,1.7871422370e-01,1.2694237870e-02,1.6699635256e-03,1.0093056923e-02,2.0601364031e+00
1.5200000000e+02,5.5574698690e-03,1.6696955340e-02,7.7399814404e-01,1.7882338588e-01,1.2971897853e-02,1.6724321847e-03,1.0279714830e-02,2.0700541293e+00
1.5250000000e+02,5.6330176993e-03,1.6829287323e-02,7.7115881382e-01,1.8099439861e-01,1.3187854806e-02,1.6722363630e-03,1.0524391377e-02,2.0847922021e+00
1.5300000000e+02,5.6305530719e-03,1.6754778419e-02,7.7007340076e-01,1.8196929690e-01,1.3254590583e-02,1.6526807789e-03,1.0664699486e-02,2.0885439472e+00
1.5350000000e+02,5.6316391773e-03,1.6729821103e-02,7.7003736180e-01,1.8170976813e-01,1.3404020668e-02,1.6464889860e-03,1.0840900140e-02,2.0923724183e+00
1.5400000000e+02,5.6302086952e-03,1.6550323130e-02,7.7009495106e-01,1.8180238630e-01,1.3415552679e-02,1.6296723328e-03,1.0876905800e-02,2.0914742403e+00
1.5450000000e+02,5.6205323056e-03,1.6421515246e-02,7.6875707727e-01,1.8299808484e-01,1.3581013266e-02,1.6187871618e-03,1.1002989908e-02,2.0956429732e+00
1.5500000000e+02,5.6300472030e-03,1.6367393053e-02,7.6893679086e-01,1.8266315350e-01,1.3737530025e-02,1.5936566872e-03,1.1071428673e-02,2.0977487147e+00
1.5550000000e+02,5.5992843684e-03,1.6194402964e-02,7.6827886682e-01,1.8341009496e-01,1.3776420416e-02,1.5770112487e-03,1.1163919219e-02,2.0984057580e+00
1.5600000000e+02,5.6161321950e-03,1.6144699016e-02,7.6840305475e-01,1.8311545235e-01,1.3906075817e-02,1.5543281751e-03,1.1260257698e-02,2.1005124009e+00
1.5650000000e+02,5.6525928481e-03,1.6209634567e-02,7.6632139327e-01,1.8465324595e-01,1.4151200639e-02,1.5573109886e-03,1.1454621740e-02,2.1113469914e+00
1.5700000000e+02,5.6412419669e-03,1.5961610121e-02,7.6553563766e-01,1.8538517335e-01,1.4290018300e-02,1.5440832213e-03,1.1642235381e-02,2.1139267895e+00
1.5750000000e+02,5.5987198322e-03,1.5860314861e-02,7.6540988394e-01,1.8538626675e-01,1.4464036023e-02,1.5320084495e-03,1.1748770151e-02,2.1157914573e+00
1.5800000000e+02,5.6455468062e-03,1.5782310287e-02,7.6361737776e-01,1.8707008739e-01,1.4595329372e-02,1.5192748831e-03,1.1770073508e-02,2.1206847483e+00
1.5850000000e+02,5.6803029727e-03,1.5802073090e-02,7.6184669973e-01,1.8856387933e-01,1.4707751231e-02,1.5109057522e-03,1.1888387889e-02,2.1275233736e+00
1.5900000000e+02,5.6928684333e-03,1.5686029608e-02,7.6109679650e-01,1.8927944147e-01,1.4850548712e-02,1.4978094136e-03,1.1896505865e-02,2.1286515124e+00
1.5950000000e+02,5.7502610486e-03,1.5782757790e-02,7.5914937696e-01,1.9079768131e-01,1.5074369694e-02,1.4817279286e-03,1.1963825264e-02,2.1372324631e+00
1.6000000000e+02,5.8006697424e-03,1.5860714188e-02,7.5672295996e-01,1.9260340533e-01,1.5309272793e-02,1.4869811258e-03,1.2215996865e-02,2.1495638872e+00
1.6050000000e+02,5.8278376940e-03,1.5888872760e-02,7.5517109212e-01,1.9382383320e-01,1.5456871676e-02,1.4917170340e-03,1.2339775507e-02,2.1566691943e+00
1.6100000000e+02,5.8239335842e-03,1.5908996565e-02,7.5406910661e-01,1.9463456893e-01,1.5610366741e-02,1.4765610340e-03,1.2476466535e-02,2.1619107640e+00
1.6150000000e+02,5.8664676268e-03,1.5970722293e-02,7.5289928416e-01,1.9524565550e-01,1.5923575427e-02,1.4670099810e-03,1.2627285019e-02,2.1703063079e+00
1.6200000000e+02,5.8439271418e-03,1.5889303880e-02,7.5322717206e-01,1.9490780315e-01,1.6019790723e-02,1.4464638834e-03,1.2665539162e-02,2.1691523373e+00
1.6250000000e+02,5.8697491271e-03,1.5817590851e-02,7.5227921389e-01,1.9548323079e-01,1.6218711237e-02,1.4514024404e-03,1.2880101669e-02,2.1764503526e+00
1.6300000000e+02,5.8404832479e-03,1.5756402465e-02,7.5193808319e-01,1.9573010615e-01,1.6341392463e-02,1.4429063100e-03,1.2950626172e-02,2.1778960611e+00
1.6350000000e+02,5.8718112667e-03,1.5694715571e-02,7.5192889530e-01,1.9565393850e-01,1.6363978871e-02,1.4279020986e-03,1.3058758390e-02,2.1785017621e+00
1.6400000000e+02,5.8955621575e-03,1.5625616770e-02,7.5080907810e-01,1.9670982596e-01,1.6419905902e-02,1.4198123417e-03,1.3120198776e-02,2.1822418378e+00
1.6450000000e+02,5.8943987266e-03,1.5440725987e-02,7.4995906791e-01,1.9749937988e-01,1.6598529425e-02,1.4063053626e-03,1.3201592707e-02,2.1841039962e+00
1.6500000000e+02,5.9120390392e-03,1.5417921015e-02,7.4841078523e-01,1.9888687358e-01,1.6649724000e-02,1.3916246431e-03,1.3331032497e-02,2.1883916499e+00
1.6550000000e+02,5.9336481967e-03,1.5404162506e-02,7.4723454653e-01,1.9960548289e-01,1.6983991658e-02,1.3923894411e-03,1.3445778778e-02,2.1961744311e+00
1.6600000000e+02,5.8668376956e-03,1.5372004055e-02,7.4722438596e-01,1.9964302060e-01,1.7059149168e-02,1.3831729544e-03,1.3451429566e-02,2.1959376411e+00
1.6650000000e+02,5.9043394434e-03,1.5343751659e-02,7.4536806512e-01,2.0121899484e-01,1.7229487347e-02,1.3822021581e-03,1.3553159427e-02,2.2025976520e+00
1.6700000000e+02,5.9359387122e-03,1.5404559084e-02,7.4446892704e-01,2.0169803731e-01,1.7441659264e-02,1.3806969946e-03,1.3670181601e-02,2.2090774391e+00
1.6750000000e+02,6.0160859768e-03,1.5450779210e-02,7.4280691672e-01,2.0308007400e-01,1.7562741340e-02,1.3725525467e-03,1.3710850207e-02,2.2158480301e+00
1.6800000000e+02,5.9745633507e-03,1.5281601345e-02,7.4302512279e-01,2.0297101157e-01,1.7650280439e-02,1.3625587635e-03,1.3734861747e-02,2.2146034598e+00
1.6850000000e+02,5.9603988327e-03,1.5099660229e-02,7.4374666657e-01,2.0256114020e-01,1.7585438891e-02,1.3613928607e-03,1.3685302417e-02,2.2105006430e+00
1.6900000000e+02,5.9670997815e-03,1.4951440866e-02,7.4267412983e-01,2.0357361218e-01,1.7694865576e-02,1.3611608027e-03,1.3777690957e-02,2.2138106175e+00
1.6950000000e+02,5.9396387469e-03,1.4975202716e-02,7.4198534624e-01,2.0427423753e-01,1.7602002353e-02,1.3505708171e-03,1.3873001589e-02,2.2145686188e+00
1.7000000000e+02,5.9549948382e-03,1.4940665932e-02,7.3985431366e-01,2.0634653387e-01,1.7626530061e-02,1.3457329438e-03,1.3931228693e-02,2.2188152798e+00
1.7050000000e+02,5.9492367064e-03,1.4907553281e-02,7.3925755254e-01,2.0697925339e-01,1.7504730326e-02,1.3362604062e-03,1.4065413342e-02,2.2187600264e+00
1.7100000000e+02,5.9625645621e-03,1.4816361388e-02,7.3843639316e-01,2.0792850226e-01,1.7449162828e-02,1.3279074755e-03,1.4079108333e-02,2.2193876271e+00
1.7150000000e+02,5.9663715849e-03,1.4725416779e-02,7.3866061889e-01,2.0777201793e-01,1.7441047736e-02,1.3162293824e-03,1.4118297703e-02,2.2178306366e+00
1.7200000000e+02,5.9735657837e-03,1.4776521004e-02,7.3752260781e-01,2.0879736223e-01,1.7420764434e-02,1.3259963344e-03,1.4183182410e-02,2.2219369494e+00
1.7250000000e+02,5.9708523865e-03,1.4717991527e-02,7.3598047511e-01,2.1002643396e-01,1.7699514129e-02,1.3286325320e-03,1.4276100350e-02,2.2274124179e+00
1.7300000000e+02,5.9741162022e-03,1.4643621558e-02,7.3543111059e-01,2.1054968001e-01,1.7697225103e-02,1.3279977914e-03,1.4376248750e-02,2.2288052750e+00
1.7350000000e+02,5.9538730548e-03,1.4556959059e-02,7.3576033143e-01,2.1040196688e-01,1.7665502322e-02,1.3246591673e-03,1.4336708087e-02,2.2257909326e+00
1.7400000000e+02,5.9569510556e-03,1.4529969130e-02,7.3391669607e-01,2.1204764947e-01,1.7780866606e-02,1.3111520505e-03,1.4456715617e-02,2.2304612830e+00
1.7450000000e+02,5.9139702246e-03,1.4455478691e-02,7.3454273834e-01,2.1148135077e-01,1.7834537613e-02,1.2924529163e-03,1.4479471446e-02,2.2282275154e+00
1.7500000000e+02,5.8890146378e-03,1.4390617686e-02,7.3490747638e-01,2.1120949926e-01,1.7791768973e-02,1.2833379243e-03,1.4528285133e-02,2.2255534928e+00
1.7550000000e+02,5.8818226033e-03,1.4382466695e-02,7.3279249908e-01,2.1314476240e-01,1.7935999526e-02,1.2761463730e-03,1.4586303322e-02,2.2314354327e+00
1.7600000000e+02,5.8509950500e-03,1.4278347548e-02,7.3147411580e-01,2.1446640011e-01,1.7999597243e-02,1.2617619912e-03,1.4668782259e-02,2.2331425684e+00
1.7650000000e+02,5.8369477982e-03,1.4318379340e-02,7.3053772706e-01,2.1501284321e-01,1.8200061311e-02,1.2587395444e-03,1.4835301738e-02,2.2377751358e+00
1.7700000000e+02,5.8236765022e-03,1.4229687427e-02,7.2948277171e-01,2.1609783952e-01,1.8291353337e-02,1.2501112692e-03,1.4824560236e-02,2.2385174253e+00
1.7750000000e+02,5.8567389047e-03,1.4229902835e-02,7.2683732703e-01,2.1827664548e-01,1.8537846292e-02,1.2520264463e-03,1.5009513011e-02,2.2474783412e+00
1.7800000000e+02,5.8881525977e-03,1.4278861829e-02,7.2590045649e-01,2.1885241754e-01,1.8620087343e-02,1.2487374794e-03,1.5211286722e-02,2.2532691090e+00
1.7850000000e+02,5.9176600181e-03,1.4194127695e-02,7.2620783047e-01,2.1853157530e-01,1.8636673832e-02,1.2405667947e-03,1.5271565896e-02,2.2530593323e+00
1.7900000000e+02,5.9329962982e-03,1.4163829885e-02,7.2452075172e-01,2.2009115220e-01,1.8700907097e-02,1.2360536559e-03,1.5354309146e-02,2.2567016206e+00
1.7950000000e+02,5.8749561311e-03,1.4135358066e-02,7.2472616512e-01,2.1993149700e-01,1.8827494110e-02,1.2258435553e-03,1.5278686022e-02,2.2546928553e+00
1.8000000000e+02,5.8972314192e-03,1.4022514445e-02,7.2434604537e-01,2.2049062858e-01,1.8853583323e-02,1.2144514201e-03,1.5175545439e-02,2.2531229305e+00
1.8050000000e+02,5.8918995021e-03,1.3910103805e-02,7.2287326644e-01,2.2178650575e-01,1.8998223051e-02,1.2018020057e-03,1.5338199449e-02,2.2558367740e+00
1.8100000000e+02,5.8709691734e-03,1.3837384135e-02,7.2071373938e-01,2.2364862433e-01,1.9235729166e-02,1.1933963274e-03,1.5500157488e-02,2.2618697610e+00
1.8150000000e+02,5.8225446159e-03,1.3772511526e-02,7.2001649618e-01,2.2422230071e-01,1.9305411466e-02,1.1852477509e-03,1.5675487749e-02,2.2643500244e+00
1.8200000000e+02,5.7948958058e-03,1.3780812376e-02,7.1861906755e-01,2.2520307734e-01,1.9561990874e-02,1.1805822023e-03,1.5859573852e-02,2.2701093173e+00
1.8250000000e+02,5.7497686679e-03,1.3768926991e-02,7.1844037308e-01,2.2523357836e-01,1.9682726148e-02,1.1702077312e-03,1.5954419024e-02,2.2704590944e+00
1.8300000000e+02,5.7485051407e-03,1.3739074449e-02,7.1876965568e-01,2.2464492855e-01,1.9790129494e-02,1.1725062407e-03,1.6135200449e-02,2.2720519716e+00
1.8350000000e+02,5.7048396873e-03,1.3594883957e-02,7.1749532338e-01,2.2604807315e-01,1.9816449704e-02,1.1721250469e-03,1.6168305069e-02,2.2728874777e+00
1.8400000000e+02,5.6704429815e-03,1.3500632334e-02,7.1840868468e-01,2.2527577693e-01,1.9845442841e-02,1.1619011884e-03,1.6137119044e-02,2.2694450995e+00
1.8450000000e+02,5.6412430435e-03,1.3533621489e-02,7.1637709927e-01,2.2702183072e-01,1.9968268444e-02,1.1570914898e-03,1.6300845537e-02,2.2745032586e+00
1.8500000000e+02,5.6310974977e-03,1.3437874042e-02,7.1649130931e-01,2.2672500326e-01,2.0238294759e-02,1.1453879697e-03,1.6331033155e-02,2.2756383409e+00
1.8550000000e+02,5.6484827198e-03,1.3323481215e-02,7.1733432038e-01,2.2560522127e-01,2.0473956951e-02,1.1355434229e-03,1.6478994040e-02,2.2761050634e+00
1.8600000000e+02,5.6400860928e-03,1.3324489290e-02,7.1703711030e-01,2.2572642046e-01,2.0561708335e-02,1.1359147403e-03,1.6574270780e-02,2.2783351503e+00
1.8650000000e+02,5.6462762226e-03,1.3336557615e-02,7.1496485646e-01,2.2746231978e-01,2.0716700787e-02,1.1428097866e-03,1.6730479350e-02,2.2848550752e+00
1.8700000000e+02,5.7073667830e-03,1.3335876827e-02,7.1336924463e-01,2.2873983993e-01,2.0906095571e-02,1.1527000556e-03,1.6788876197e-02,2.2912136528e+00
1.8750000000e+02,5.7332893410e-03,1.3422777724e-02,7.1242465621e-01,2.2908895357e-01,2.1181469111e-02,1.1617792065e-03,1.6987074836e-02,2.2992823120e+00
1.8800000000e+02,5.7623709767e-03,1.3402803257e-02,7.1130012572e-01,2.3016013221e-01,2.1210525107e-02,1.1720341622e-03,1.6992008574e-02,2.3026280551e+00
1.8850000000e+02,5.7387472057e-03,1.3435495048e-02,7.1115002425e-01,2.3024264383e-01,2.1171068808e-02,1.1796945065e-03,1.7082326348e-02,2.3035116866e+00
1.8900000000e+02,5.7407432894e-03,1.3452404917e-02,7.1001340318e-01,2.3127111884e-01,2.1279642692e-02,1.1829175095e-03,1.7059769566e-02,2.3066176646e+00
1.8950000000e+02,5.7641776475e-03,1.3469675034e-02,7.0824054454e-01,2.3271666253e-01,2.1540470455e-02,1.1944904491e-03,1.7073979340e-02,2.3136820737e+00
1.9000000000e+02,5.7833386086e-03,1.3587394211e-02,7.0592507748e-01,2.3464573784e-01,2.1593168942e-02,1.1912089347e-03,1.7274073988e-02,2.3212360883e+00
1.9050000000e+02,5.8086436479e-03,1.3565633829e-02,7.0450065223e-01,2.3576952960e-01,2.1793051163e-02,1.1980897200e-03,1.7364399814e-02,2.3256903034e+00
1.9100000000e+02,5.8133969883e-03,1.3599688399e-02,7.0398084691e-01,2.3579566728e-01,2.2051849727e-02,1.2008052312e-03,1.7557745471e-02,2.3304721551e+00
1.9150000000e+02,5.8106381718e-03,1.3653134352e-02,7.0278175922e-01,2.3663196337e-01,2.2302771933e-02,1.2045891463e-03,1.7615143807e-02,2.3350145759e+00
1.9200000000e+02,5.7960279803e-03,1.3664863832e-02,7.0161952764e-01,2.3765830664e-01,2.2398848107e-02,1.2131895558e-03,1.7649236246e-02,2.3378891479e+00
1.9250000000e+02,5.7561666103e-03,1.3668537780e-02,7.0190444160e-01,2.3726344462e-01,2.2485653463e-02,1.2181081134e-03,1.7703647816e-02,2.3382927960e+00
1.9300000000e+02,5.7697947069e-03,1.3730367974e-02,7.0148559121e-01,2.3748164198e-01,2.2463508357e-02,1.2149393095e-03,1.7854156454e-02,2.3410593352e+00
1.9350000000e+02,5.7322460885e-03,1.3833390629e-02,7.0070662594e-01,2.3797115998e-01,2.2609766074e-02,1.2177018438e-03,1.7929109439e-02,2.3447096871e+00
1.9400000000e+02,5.6843356468e-03,1.3970657094e-02,7.0003092137e-01,2.3818712897e-01,2.2809870357e-02,1.2230153220e-03,1.8094071240e-02,2.3494442936e+00
1.9450000000e+02,5.6783607510e-03,1.4037616990e-02,6.9753765525e-01,2.4031131051e-01,2.3005460575e-02,1.2295141873e-03,1.8200081742e-02,2.3566890523e+00
1.9500000000e+02,5.6519404427e-03,1.3927623563e-02,6.9532817232e-01,2.4263224436e-01,2.2909019814e-02,1.2319779045e-03,1.8319021598e-02,2.3588952386e+00
1.9550000000e+02,5.6190642155e-03,1.3797577562e-02,6.9479524581e-01,2.4327343421e-01,2.2999357883e-02,1.2236142381e-03,1.8291706081e-02,2.3579318397e+00
1.9600000000e+02,5.6026666558e-03,1.3826572318e-02,6.9622004090e-01,2.4183753917e-01,2.3012832940e-02,1.2302118815e-03,1.8270136134e-02,2.3562707297e+00
1.9650000000e+02,5.6102510316e-03,1.3782640050e-02,6.9373942856e-01,2.4419672175e-01,2.3112332768e-02,1.2306792339e-03,1.8327946606e-02,2.3598115765e+00
1.9700000000e+02,5.6182829894e-03,1.3799775064e-02,6.9294005063e-01,2.4472888606e-01,2.3335731841e-02,1.2354786919e-03,1.8341794729e-02,2.3637800582e+00
1.9750000000e+02,5.5890430887e-03,1.3808088636e-02,6.9314975151e-01,2.4428872091e-01,2.3324432666e-02,1.2410857423e-03,1.8598877442e-02,2.3656451027e+00
1.9800000000e+02,5.5520011502e-03,1.3889129266e-02,6.9345530654e-01,2.4368466292e-01,2.3462573623e-02,1.2530547265e-03,1.8703271774e-02,2.3674772510e+00
1.9850000000e+02,5.5452315748e-03,1.4038602611e-02,6.9140311275e-01,2.4527581064e-01,2.3648431734e-02,1.2540571112e-03,1.8834753578e-02,2.3747165041e+00
1.9900000000e+02,5.5680281179e-03,1.4137868591e-02,6.8955664482e-01,2.4643723155e-01,2.3940701121e-02,1.2498500867e-03,1.9109675708e-02,2.3829646724e+00
1.9950000000e+02,5.5358050700e-03,1.4196107236e-02,6.8702389423e-01,2.4879012847e-01,2.4005543805e-02,1.2595412192e-03,1.9188979975e-02,2.3884719716e+00
2.0000000000e+02,5.5441726871e-03,1.4143009718e-02,6.8613018507e-01,2.4947704948e-01,2.4014602799e-02,1.2795011867e-03,1.9411479067e-02,2.3916844619e+00
2.0050000000e+02,5.4863078736e-03,1.4049999049e-02,6.8713082656e-01,2.4896104450e-01,2.3929612199e-02,1.2745548611e-03,1.9167654962e-02,2.3850389902e+00
2.0100000000e+02,5.4994678208e-03,1.4207733996e-02,6.8581778949e-01,2.4987087233e-01,2.4087005489e-02,1.2867359036e-03,1.9230394964e-02,2.3910830607e+00
2.0150000000e+02,5.4853833635e-03,1.4301700123e-02,6.8307826525e-01,2.5235379792e-01,2.4174767465e-02,1.2906709956e-03,1.9315414880e-02,2.3977074383e+00
2.0200000000e+02,5.4313996755e-03,1.4267893412e-02,6.8085640550e-01,2.5467274967e-01,2.4164771493e-02,1.2852329689e-03,1.9321547275e-02,2.3980807012e+00
2.0250000000e+02,5.3790715942e-03,1.4149969452e-02,6.7987926250e-01,2.5560191300e-01,2.4313830773e-02,1.2870158670e-03,1.9388936809e-02,2.3988658236e+00
2.0300000000e+02,5.3462228012e-03,1.4225254600e-02,6.7915620985e-01,2.5616035185e-01,2.4394544311e-02,1.2912995638e-03,1.9426117018e-02,2.4017967571e+00
2.0350000000e+02,5.3248372074e-03,1.4191174779e-02,6.7973370642e-01,2.5546265579e-01,2.4488568835e-02,1.2791456160e-03,1.9519911360e-02,2.4013446559e+00
2.0400000000e+02,5.2258137329e-03,1.4140019818e-02,6.8066474795e-01,2.5488071142e-01,2.4389862059e-02,1.2702703079e-03,1.9428574714e-02,2.3951946683e+00
2.0450000000e+02,5.1646609114e-03,1.4078857891e-02,6.8088317912e-01,2.5477338153e-01,2.4429865681e-02,1.2599205671e-03,1.9410134298e-02,2.3917528050e+00
2.0500000000e+02,5.1634679952e-03,1.4109515687e-02,6.7967903393e-01,2.5573547304e-01,2.4497509894e-02,1.2641472651e-03,1.9550852183e-02,2.3951830310e+00
2.0550000000e+02,5.1699462375e-03,1.4080897049e-02,6.8015558082e-01,2.5519777708e-01,2.4569972250e-02,1.2618684424e-03,1.9563958123e-02,2.3946469154e+00
2.0600000000e+02,5.1998428488e-03,1.4194214240e-02,6.7884153945e-01,2.5621176754e-01,2.4627378510e-02,1.2571963990e-03,1.9668061014e-02,2.3996558187e+00
2.0650000000e+02,5.1696629393e-03,1.4324106235e-02,6.7818621865e-01,2.5676516506e-01,2.4547511988e-02,1.2633663532e-03,1.9743968779e-02,2.4014683521e+00
2.0700000000e+02,5.1626025990e-03,1.4333896742e-02,6.7756187699e-01,2.5724546900e-01,2.4650010343e-02,1.2598864365e-03,1.9786257886e-02,2.4030862855e+00
2.0750000000e+02,5.1542212767e-03,1.4354792159e-02,6.7651510634e-01,2.5800315004e-01,2.4824653179e-02,1.2648011078e-03,1.9883275894e-02,2.4074791977e+00
2.0800000000e+02,5.1827281545e-03,1.4308135130e-02,6.7381237818e-01,2.6054831499e-01,2.4895053054e-02,1.2634757672e-03,1.9989914726e-02,2.4125611878e+00
2.0850000000e+02,5.1664135104e-03,1.4421726319e-02,6.7228018450e-01,2.6175197443e-01,2.4973614293e-02,1.2562895678e-03,2.0149797375e-02,2.4168217814e+00
2.0900000000e+02,5.1538537218e-03,1.4457021119e-02,6.7180717724e-01,2.6233119438e-01,2.4916594276e-02,1.2477384120e-03,2.0086420854e-02,2.4160742852e+00
2.0950000000e+02,5.1637666499e-03,1.4468201690e-02,6.7099952298e-01,2.6338169391e-01,2.4731294833e-02,1.2458221640e-03,2.0009697773e-02,2.4151868416e+00
2.1000000000e+02,5.2094343867e-03,1.4523726997e-02,6.6993481095e-01,2.6412455108e-01,2.4905380826e-02,1.2535625915e-03,2.0048533173e-02,2.4201110960e+00
2.1050000000e+02,5.1914747753e-03,1.4447064118e-02,6.7021783613e-01,2.6411441319e-01,2.4830594341e-02,1.2448482549e-03,1.9953769183e-02,2.4161407277e+00
2.1100000000e+02,5.2010411207e-03,1.4483059619e-02,6.6985945820e-01,2.6417945838e-01,2.5012729401e-02,1.2426458786e-03,2.0021607401e-02,2.4190141756e+00
2.1150000000e+02,5.1925899130e-03,1.4478326420e-02,6.6637305513e-01,2.6764706791e-01,2.5028778392e-02,1.2424178990e-03,2.0037764339e-02,2.4246503076e+00
2.1200000000e+02,5.1768977000e-03,1.4470928259e-02,6.6490559393e-01,2.6871405013e-01,2.5298293313e-02,1.2440641183e-03,2.0190172555e-02,2.4302153659e+00
2.1250000000e+02,5.1356147290e-03,1.4524596047e-02,6.6311697166e-01,2.7007166302e-01,2.5544370044e-02,1.2445583887e-03,2.0362226109e-02,2.4362813089e+00
2.1300000000e+02,5.1126842008e-03,1.4414205677e-02,6.6196412025e-01,2.7149012911e-01,2.5515350817e-02,1.2408338135e-03,2.0262676137e-02,2.4346913722e+00
2.1350000000e+02,5.0950508068e-03,1.4412115713e-02,6.6327477744e-01,2.7035918748e-01,2.5543131981e-02,1.2270268769e-03,2.0088709700e-02,2.4302008580e+00
2.1400000000e+02,5.0678222320e-03,1.4413218077e-02,6.6192594486e-01,2.7154475900e-01,2.5667617559e-02,1.2148633340e-03,2.0165774938e-02,2.4315108782e+00
2.1450000000e+02,5.0550343007e-03,1.4492008154e-02,6.5936633408e-01,2.7379529734e-01,2.5811590832e-02,1.2129572583e-03,2.0266778032e-02,2.4371074593e+00
2.1500000000e+02,5.0797931725e-03,1.4485751476e-02,6.5784851602e-01,2.7529923723e-01,2.5741705198e-02,1.2045813578e-03,2.0340415548e-02,2.4387023238e+00
2.1550000000e+02,5.0746011787e-03,1.4459407537e-02,6.5704146747e-01,2.7612491384e-01,2.5768234674e-02,1.2007460484e-03,2.0330629257e-02,2.4402859774e+00
2.1600000000e+02,5.0774906037e-03,1.4479317426e-02,6.5438066357e-01,2.7839309705e-01,2.5859346422e-02,1.1936657599e-03,2.0616419164e-02,2.4469749769e+00
2.1650000000e+02,5.0743883737e-03,1.4471416612e-02,6.5332144739e-01,2.7938614315e-01,2.5956071146e-02,1.1913615259e-03,2.0599171806e-02,2.4484951585e+00
2.1700000000e+02,5.0576346193e-03,1.4606779415e-02,6.5337951569e-01,2.7911261746e-01,2.5940683377e-02,1.1832015585e-03,2.0719567881e-02,2.4490057126e+00
2.1750000000e+02,5.0711906064e-03,1.4594311021e-02,6.5298866661e-01,2.7933939358e-01,2.6072279350e-02,1.1829081103e-03,2.0751250715e-02,2.4510772820e+00
2.1800000000e+02,5.0408226620e-03,1.4620483642e-02,6.5412333633e-01,2.7801375788e-01,2.6090492219e-02,1.1725691887e-03,2.0938538075e-02,2.4504270190e+00
2.1850000000e+02,5.0213700309e-03,1.4657992520e-02,6.5294113307e-01,2.7871553977e-01,2.6314228229e-02,1.1616304839e-03,2.1188105892e-02,2.4555574940e+00
2.1900000000e+02,5.0019565585e-03,1.4517382589e-02,6.5301192420e-01,2.7887056880e-01,2.6339620516e-02,1.1500202074e-03,2.1108527126e-02,2.4524886284e+00
2.1950000000e+02,4.9937128866e-03,1.4522040017e-02,6.5066903572e-01,2.8062180708e-01,2.6707211024e-02,1.1451677612e-03,2.1341025504e-02,2.4587477400e+00
2.2000000000e+02,4.9508466557e-03,1.4425060992e-02,6.4946122589e-01,2.8200787081e-01,2.6671650701e-02,1.1403564563e-03,2.1342988495e-02,2.4577942526e+00
2.2050000000e+02,4.9319323597e-03,1.4380098148e-02,6.4780037876e-01,2.8360411533e-01,2.6703681918e-02,1.1244582813e-03,2.1455335196e-02,2.4588324373e+00
2.2100000000e+02,4.9354126336e-03,1.4295247626e-02,6.4780268965e-01,2.8331746733e-01,2.6945329468e-02,1.1167275177e-03,2.1587125775e-02,2.4606018353e+00
2.2150000000e+02,4.9101927627e-03,1.4275666318e-02,6.4633986630e-01,2.8494882224e-01,2.6781748460e-02,1.1089656458e-03,2.1634738281e-02,2.4601090384e+00
2.2200000000e+02,4.9077740713e-03,1.4278325065e-02,6.4686642879e-01,2.8445476654e-01,2.6698907671e-02,1.0960500480e-03,2.1697747811e-02,2.4591001153e+00
2.2250000000e+02,4.9070488047e-03,1.4243555152e-02,6.4600139945e-01,2.8507663484e-01,2.6877138056e-02,1.0839099365e-03,2.1810313756e-02,2.4621035407e+00
2.2300000000e+02,4.8924816817e-03,1.4256006038e-02,6.4454318306e-01,2.8614088216e-01,2.7053169181e-02,1.0795881034e-03,2.2034689776e-02,2.4667737651e+00
2.2350000000e+02,4.8921296461e-03,1.4333386983e-02,6.4038636740e-01,2.8960784950e-01,2.7356994138e-02,1.0778184303e-03,2.2345453897e-02,2.4764076759e+00
2.2400000000e+02,4.9101482084e-03,1.4279272010e-02,6.3896843966e-01,2.9078426407e-01,2.7484899280e-02,1.0655104807e-03,2.2507466298e-02,2.4781198417e+00
2.2450000000e+02,4.9147728005e-03,1.4235116331e-02,6.3720827204e-01,2.9238777015e-01,2.7493352212e-02,1.0603392831e-03,2.2700377190e-02,2.4809363260e+00
2.2500000000e+02,4.9140583002e-03,1.4178025491e-02,6.3634803215e-01,2.9305888218e-01,2.7647768349e-02,1.0538135923e-03,2.2799419939e-02,2.4821575730e+00
2.2550000000e+02,4.9260598231e-03,1.4125927893e-02,6.3404778870e-01,2.9527585164e-01,2.7739380008e-02,1.0502520190e-03,2.2834739912e-02,2.4846884341e+00
2.2600000000e+02,4.9284629179e-03,1.4063657640e-02,6.3282742420e-01,2.9610457652e-01,2.7907598903e-02,1.0492573918e-03,2.3119022425e-02,2.4888057216e+00
2.2650000000e+02,4.9208124611e-03,1.3959639538e-02,6.3257569080e-01,2.9646748667e-01,2.7888420352e-02,1.0418964815e-03,2.3146053699e-02,2.4864706321e+00
2.2700000000e+02,4.8825489982e-03,1.3841881204e-02,6.3274912152e-01,2.9624590789e-01,2.7980481470e-02,1.0374053098e-03,2.3262653607e-02,2.4844747565e+00
2.2750000000e+02,4.8840752360e-03,1.3824542425e-02,6.3420584717e-01,2.9453779483e-01,2.8111716202e-02,1.0347461474e-03,2.3401277985e-02,2.4843773450e+00
2.2800000000e+02,4.8839699951e-03,1.3843094813e-02,6.3418709765e-01,2.9423517999e-01,2.8411910714e-02,1.0225368442e-03,2.3416209994e-02,2.4875961017e+00
2.2850000000e+02,4.8923174101e-03,1.3878645639e-02,6.3211037545e-01,2.9572338314e-01,2.8700680170e-02,1.0265070429e-03,2.3668091148e-02,2.4953598728e+00
2.2900000000e+02,4.8990688703e-03,1.3865826580e-02,6.3147727773e-01,2.9631101276e-01,2.8658580407e-02,1.0206505984e-03,2.3767583058e-02,2.4964565089e+00
2.2950000000e+02,4.8770113666e-03,1.3822557954e-02,6.3428931256e-01,2.9345595270e-01,2.8763825543e-02,1.0192106887e-03,2.3772129192e-02,2.4919338489e+00
2.3000000000e+02,4.8449340233e-03,1.3804425431e-02,6.3342513085e-01,2.9448423787e-01,2.8795781416e-02,1.0099051727e-03,2.3635585240e-02,2.4904092148e+00
2.3050000000e+02,4.8566897968e-03,1.3718765115e-02,6.3216335537e-01,2.9563740717e-01,2.8766780881e-02,1.0111818422e-03,2.3845819825e-02,2.4919523535e+00
2.3100000000e+02,4.8482747023e-03,1.3723855774e-02,6.3212136413e-01,2.9524767592e-01,2.9003744516e-02,1.0119957054e-03,2.4043089249e-02,2.4943662989e+00
2.3150000000e+02,4.8542018889e-03,1.3806674421e-02,6.3159302463e-01,2.9534209579e-01,2.9134589416e-02,1.0075117951e-03,2.4261902058e-02,2.4988052476e+00
2.3200000000e+02,4.8835142420e-03,1.3696767398e-02,6.3104897058e-01,2.9590686358e-01,2.9221139285e-02,1.0043499734e-03,2.4238394942e-02,2.4989177530e+00
2.3250000000e+02,4.8767064466e-03,1.3771399581e-02,6.3034398731e-01,2.9632422686e-01,2.9414786895e-02,1.0054125751e-03,2.4263480330e-02,2.5026510004e+00
2.3300000000e+02,4.8897759685e-03,1.3768704104e-02,6.2795930065e-01,2.9824167273e-01,2.9714481876e-02,1.0056416403e-03,2.4420423025e-02,2.5100424798e+00
2.3350000000e+02,4.8733937988e-03,1.3705771369e-02,6.2612008040e-01,2.9997229678e-01,2.9806110547e-02,1.0020710264e-03,2.4520276081e-02,2.5117870751e+00
2.3400000000e+02,4.8514386591e-03,1.3610658554e-02,6.2465842294e-01,3.0106800072e-01,3.0009030162e-02,9.9653061329e-04,2.4805918356e-02,2.5155209723e+00
2.3450000000e+02,4.8304183022e-03,1.3434088529e-02,6.2230487164e-01,3.0324421968e-01,3.0264079131e-02,9.9268800710e-04,2.4929634706e-02,2.5171937922e+00
2.3500000000e+02,4.8696621784e-03,1.3430621723e-02,6.2377083370e-01,3.0138166745e-01,3.0459950289e-02,9.9179822311e-04,2.5095466441e-02,2.5188565856e+00
2.3550000000e+02,4.8746570601e-03,1.3413763135e-02,6.2537702870e-01,2.9953343893e-01,3.0674071163e-02,9.8668436403e-04,2.5140356647e-02,2.5186633261e+00
2.3600000000e+02,4.8887551947e-03,1.3389417408e-02,6.2357899966e-01,3.0127251947e-01,3.0766931970e-02,9.8489004402e-04,2.5118486255e-02,2.5196939118e+00
2.3650000000e+02,4.8954560682e-03,1.3314479504e-02,6.2330034915e-01,3.0119634346e-01,3.0911095466e-02,9.8343334782e-04,2.5398843002e-02,2.5211840463e+00
2.3700000000e+02,4.8873902008e-03,1.3195114924e-02,6.2390531035e-01,3.0027925287e-01,3.1228255762e-02,9.8647664768e-04,2.5518199250e-02,2.5223855375e+00
2.3750000000e+02,4.8898959933e-03,1.3135572447e-02,6.2196495092e-01,3.0166508731e-01,3.1545257835e-02,9.8746419397e-04,2.5811771301e-02,2.5281918607e+00
2.3800000000e+02,4.8727949670e-03,1.3091488942e-02,6.2147025101e-01,3.0180199725e-01,3.1744661693e-02,9.9117359569e-04,2.6027632545e-02,2.5304062354e+00
2.3850000000e+02,4.8352441173e-03,1.2979467662e-02,6.2222276133e-01,3.0068786986e-01,3.2026045524e-02,9.9516348291e-04,2.6253448028e-02,2.5291478281e+00
2.3900000000e+02,4.8256765214e-03,1.2863778770e-02,6.2302521624e-01,2.9980027245e-01,3.2006863082e-02,9.9701388929e-04,2.6481179046e-02,2.5276485228e+00
2.3950000000e+02,4.8148374988e-03,1.2820826201e-02,6.2111408947e-01,3.0109306999e-01,3.2326731755e-02,9.9822116071e-04,2.6832223928e-02,2.5333764233e+00
2.4000000000e+02,4.7818817521e-03,1.2705999515e-02,6.2041424131e-01,3.0181008913e-01,3.2236312593e-02,9.9603595479e-04,2.7055439738e-02,2.5314653390e+00
2.4050000000e+02,4.7641246022e-03,1.2651955685e-02,6.2169424952e-01,3.0061329388e-01,3.2054260846e-02,1.0036290770e-03,2.7218486385e-02,2.5289374451e+00
2.4100000000e+02,4.7364716684e-03,1.2532665481e-02,6.2264072954e-01,2.9982207548e-01,3.2095161949e-02,1.0019002492e-03,2.7170995631e-02,2.5263125503e+00
2.4150000000e+02,4.7107611198e-03,1.2468568122e-02,6.2317510647e-01,2.9916973241e-01,3.2121535275e-02,1.0011621651e-03,2.7353134440e-02,2.5260885331e+00
2.4200000000e+02,4.7006643995e-03,1.2377032002e-02,6.2201018934e-01,3.0031774521e-01,3.2086810732e-02,1.0059176134e-03,2.7501640708e-02,2.5262848216e+00
2.4250000000e+02,4.6700420452e-03,1.2329028371e-02,6.2115135466e-01,3.0069111845e-01,3.2328143049e-02,1.0125315026e-03,2.7817781919e-02,2.5278958177e+00
2.4300000000e+02,4.6580797343e-03,1.2253414952e-02,6.2136551867e-01,3.0064215942e-01,3.2209101856e-02,1.0111245267e-03,2.7860600848e-02,2.5253141049e+00
2.4350000000e+02,4.6595703088e-03,1.2148438805e-02,6.2236732737e-01,2.9946375195e-01,3.2336274789e-02,1.0254592873e-03,2.7999177486e-02,2.5249929789e+00
2.4400000000e+02,4.6480075801e-03,1.2208572478e-02,6.2150839595e-01,2.9997571158e-01,3.2550598388e-02,1.0342758891e-03,2.8074438140e-02,2.5285012063e+00
2.4450000000e+02,4.6177218420e-03,1.2151125918e-02,6.2151932847e-01,3.0001239738e-01,3.2460153178e-02,1.0375629653e-03,2.8201710252e-02,2.5268048104e+00
2.4500000000e+02,4.5550916382e-03,1.2036050245e-02,6.2414102728e-01,2.9752457540e-01,3.2639621326e-02,1.0402249811e-03,2.8063409132e-02,2.5217351089e+00
2.4550000000e+02,4.5336323183e-03,1.2013792115e-02,6.2398750809e-01,2.9754605048e-01,3.2616369624e-02,1.0487335499e-03,2.8253913822e-02,2.5226567009e+00
2.4600000000e+02,4.5385364906e-03,1.1961677693e-02,6.2404097996e-01,2.9713809306e-01,3.2713435312e-02,1.0529708256e-03,2.8554306656e-02,2.5244814644e+00
2.4650000000e+02,4.5392343492e-03,1.1984109461e-02,6.2416079307e-01,2.9635579427e-01,3.2868209866e-02,1.0673460781e-03,2.9024512911e-02,2.5282707167e+00
2.4700000000e+02,4.5604928255e-03,1.2005475810e-02,6.2632218851e-01,2.9396028879e-01,3.2893925704e-02,1.0716585248e-03,2.9185969836e-02,2.5288570754e+00
2.4750000000e+02,4.5854833374e-03,1.1963798266e-02,6.2678244108e-01,2.9331119208e-01,3.2955559959e-02,1.0860998050e-03,2.9315425466e-02,2.5305100713e+00
2.4800000000e+02,4.6043841678e-03,1.1960211417e-02,6.2644695694e-01,2.9344032263e-01,3.3103874630e-02,1.0972125018e-03,2.9347037712e-02,2.5322827915e+00
2.4850000000e+02,4.5843930768e-03,1.1865584279e-02,6.2657220834e-01,2.9354548398e-01,3.3144521518e-02,1.0992705960e-03,2.9188538218e-02,2.5302717438e+00
2.4900000000e+02,4.5558681829e-03,1.1880650342e-02,6.2496948389e-01,2.9499907915e-01,3.3346914229e-02,1.1095553369e-03,2.9138448866e-02,2.5327120460e+00
2.4950000000e+02,4.5330566122e-03,1.1950123714e-02,6.2444729801e-01,2.9529986006e-01,3.3424534992e-02,1.1135126407e-03,2.9231613967e-02,2.5354570162e+00
2.5000000000e+02,4.5020256420e-03,1.1963472530e-02,6.2513052390e-01,2.9435097245e-01,3.3636975463e-02,1.1157304834e-03,2.9300299525e-02,2.5356556432e+00
2.5050000000e+02,4.4847014842e-03,1.1923425295e-02,6.2325523809e-01,2.9627674420e-01,3.3548622663e-02,1.1297813427e-03,2.9381486917e-02,2.5359311761e+00
2.5100000000e+02,4.4358270812e-03,1.1831374386e-02,6.2307088911e-01,2.9671874906e-01,3.3436091799e-02,1.1289927128e-03,2.9378075854e-02,2.5343256629e+00
2.5150000000e+02,4.3922948341e-03,1.1876052678e-02,6.2194985796e-01,2.9749653444e-01,3.3638154465e-02,1.1416042518e-03,2.9505501370e-02,2.5380730233e+00
2.5200000000e+02,4.3944678542e-03,1.1889537886e-02,6.2050363460e-01,2.9845601037e-01,3.3819305967e-02,1.1588643551e-03,2.9778178974e-02,2.5430953927e+00
2.5250000000e+02,4.3757047942e-03,1.1917603750e-02,6.2047285161e-01,2.9877801070e-01,3.3619490421e-02,1.1617315667e-03,2.9674607162e-02,2.5425032039e+00
2.5300000000e+02,4.3919447490e-03,1.1886608204e-02,6.1978153205e-01,2.9928470745e-01,3.3643060896e-02,1.1674974523e-03,2.9844649201e-02,2.5449643152e+00
2.5350000000e+02,4.3679282052e-03,1.1916707387e-02,6.1996333727e-01,2.9894778276e-01,3.3821208867e-02,1.1752408977e-03,2.9807794619e-02,2.5448018198e+00
2.5400000000e+02,4.3790800743e-03,1.1940728727e-02,6.1865249390e-01,3.0018150211e-01,3.3855880496e-02,1.1820753365e-03,2.9808239356e-02,2.5475422863e+00
2.5450000000e+02,4.4210373129e-03,1.2006927256e-02,6.1753967171e-01,3.0083655988e-01,3.4177256734e-02,1.1929002242e-03,2.9825646888e-02,2.5524222500e+00
2.5500000000e+02,4.3725077268e-03,1.1901952289e-02,6.1820049799e-01,3.0032656638e-01,3.4053147886e-02,1.1923374369e-03,2.9952990289e-02,2.5493005897e+00
2.5550000000e+02,4.3462215635e-03,1.1749646083e-02,6.1847512343e-01,3.0039756596e-01,3.3772896434e-02,1.2050942043e-03,3.0053452329e-02,2.5453621532e+00
2.5600000000e+02,4.3346284571e-03,1.1754683246e-02,6.1873952325e-01,2.9967651716e-01,3.4029430223e-02,1.2183184074e-03,3.0246899256e-02,2.5484996015e+00
2.5650000000e+02,4.2808987058e-03,1.1705670387e-02,6.1990031499e-01,2.9887025814e-01,3.3876264284e-02,1.2218485315e-03,3.0144744962e-02,2.5419237604e+00
2.5700000000e+02,4.2500797237e-03,1.1660119453e-02,6.1962555739e-01,2.9956479494e-01,3.3800109022e-02,1.2253193521e-03,2.9874020114e-02,2.5391761337e+00
2.5750000000e+02,4.2741607112e-03,1.1675065388e-02,6.1706091772e-01,3.0172162910e-01,3.4111263160e-02,1.2287202626e-03,2.9928243655e-02,2.5447665993e+00
2.5800000000e+02,4.3010259917e-03,1.1634453469e-02,6.1683890986e-01,3.0178683983e-01,3.4135059468e-02,1.2322306397e-03,3.0071480751e-02,2.5460947984e+00
2.5850000000e+02,4.2775317295e-03,1.1672418532e-02,6.1473793079e-01,3.0362095118e-01,3.4446346818e-02,1.2407615569e-03,3.0004059398e-02,2.5516085314e+00
2.5900000000e+02,4.2607816681e-03,1.1699984126e-02,6.1189927994e-01,3.0604906957e-01,3.4725077287e-02,1.2360868671e-03,3.0129720539e-02,2.5562867203e+00
2.5950000000e+02,4.2156784582e-03,1.1684361242e-02,6.1088959273e-01,3.0735756668e-01,3.4474092511e-02,1.2382114481e-03,3.0140496925e-02,2.5534705344e+00
2.6000000000e+02,4.1835887934e-03,1.1716070301e-02,6.0980921431e-01,3.0848418516e-01,3.4475225945e-02,1.2530852330e-03,3.0078630265e-02,2.5523997770e+00
2.6050000000e+02,4.1517869211e-03,1.1696173505e-02,6.0929847891e-01,3.0927454498e-01,3.4214552079e-02,1.2482794970e-03,3.0116184109e-02,2.5492842533e+00
2.6100000000e+02,4.1497907052e-03,1.1648531989e-02,6.1024448779e-01,3.0832368545e-01,3.4209018692e-02,1.2519768009e-03,3.0172508565e-02,2.5476327008e+00
2.6150000000e+02,4.1342421127e-03,1.1640491827e-02,6.0977058560e-01,3.0847397332e-01,3.4313514445e-02,1.2595891947e-03,3.0407603495e-02,2.5499747096e+00
2.6200000000e+02,4.1155980091e-03,1.1600181118e-02,6.1039243121e-01,3.0740526856e-01,3.4427384462e-02,1.2627836759e-03,3.0796352963e-02,2.5516414757e+00
2.6250000000e+02,4.0527077472e-03,1.1515205367e-02,6.1175155413e-01,3.0640554085e-01,3.4294528543e-02,1.2493804411e-03,3.0731082925e-02,2.5450772883e+00
2.6300000000e+02,4.0406857594e-03,1.1480842794e-02,6.1191380243e-01,3.0635897483e-01,3.4273612063e-02,1.2429988441e-03,3.0689083287e-02,2.5443955688e+00
2.6350000000e+02,4.0461497498e-03,1.1448050452e-02,6.1130555664e-01,3.0693771839e-01,3.4242732131e-02,1.2458684816e-03,3.0773924158e-02,2.5442593437e+00
2.6400000000e+02,4.0233965838e-03,1.1424210235e-02,6.1038578552e-01,3.0755629631e-01,3.4449036861e-02,1.2431672434e-03,3.0918107246e-02,2.5456707117e+00
2.6450000000e+02,3.9967125582e-03,1.1394908025e-02,6.1044450662e-01,3.0714348466e-01,3.4709537603e-02,1.2541741858e-03,3.1056676348e-02,2.5476552457e+00
2.6500000000e+02,3.9823402717e-03,1.1418193563e-02,6.0942757211e-01,3.0822709169e-01,3.4712188452e-02,1.2556493558e-03,3.0976964555e-02,2.5486226305e+00
2.6550000000e+02,3.9764988851e-03,1.1339985819e-02,6.0890506298e-01,3.0868433556e-01,3.4785576366e-02,1.2597024236e-03,3.1048837974e-02,2.5499757203e+00
2.6600000000e+02,3.9311908849e-03,1.1391554142e-02,6.0976351407e-01,3.0787872255e-01,3.4782289964e-02,1.2609388593e-03,3.0991789533e-02,2.5488815463e+00
2.6650000000e+02,3.8950620702e-03,1.1298219813e-02,6.0906562727e-01,3.0870197767e-01,3.4689770019e-02,1.2631166773e-03,3.1086226480e-02,2.5473569911e+00
2.6700000000e+02,3.8509207692e-03,1.1195750522e-02,6.0854324312e-01,3.0989672969e-01,3.4409317830e-02,1.2523795714e-03,3.0851658497e-02,2.5410340622e+00
2.6750000000e+02,3.8004522563e-03,1.1040117968e-02,6.1100238543e-01,3.0784248035e-01,3.4465181687e-02,1.2552373767e-03,3.0594144939e-02,2.5311504896e+00
2.6800000000e+02,3.7804022236e-03,1.1002901758e-02,6.1086442859e-01,3.0775581251e-01,3.4775261103e-02,1.2408341708e-03,3.0580359644e-02,2.5308361794e+00
2.6850000000e+02,3.7248763767e-03,1.0972257484e-02,6.1301371003e-01,3.0591199014e-01,3.4709066584e-02,1.2474671844e-03,3.0420632196e-02,2.5251714616e+00
2.6900000000e+02,3.7134170044e-03,1.0975023287e-02,6.1196665512e-01,3.0723198388e-01,3.4375161168e-02,1.2479194208e-03,3.0489840126e-02,2.5236493343e+00
2.6950000000e+02,3.6845743348e-03,1.0890363923e-02,6.1237480725e-01,3.0676161480e-01,3.4427435740e-02,1.2380890035e-03,3.0623114950e-02,2.5196620873e+00
2.7000000000e+02,3.6544420170e-03,1.0873709948e-02,6.1291783685e-01,3.0640570630e-01,3.4235055441e-02,1.2447238236e-03,3.0668525628e-02,2.5174042687e+00
2.7050000000e+02,3.6431096580e-03,1.0837507158e-02,6.1322769576e-01,3.0617374624e-01,3.4145395934e-02,1.2344384236e-03,3.0738106830e-02,2.5145801963e+00
2.7100000000e+02,3.6126568167e-03,1.0804304325e-02,6.1341227477e-01,3.0600037508e-01,3.4004873240e-02,1.2300662546e-03,3.0935449505e-02,2.5122333264e+00
2.7150000000e+02,3.5789523006e-03,1.0795866461e-02,6.1343293674e-01,3.0619193187e-01,3.4037212082e-02,1.2219686319e-03,3.0741131923e-02,2.5088075726e+00
2.7200000000e+02,3.5436666495e-03,1.0712461571e-02,6.1411048576e-01,3.0595818884e-01,3.4070556030e-02,1.2128409737e-03,3.0391800183e-02,2.5036172751e+00
2.7250000000e+02,3.4986880047e-03,1.0662352567e-02,6.1332347674e-01,3.0737347231e-01,3.3911659173e-02,1.1958869122e-03,3.0034464291e-02,2.4987391932e+00
2.7300000000e+02,3.4777065620e-03,1.0617681466e-02,6.1415332373e-01,3.0678069335e-01,3.3719533968e-02,1.1907347414e-03,3.0060326180e-02,2.4956593099e+00
2.7350000000e+02,3.4519688707e-03,1.0630167743e-02,6.1486763338e-01,3.0625793416e-01,3.3622757807e-02,1.1827966043e-03,2.9986741431e-02,2.4925504799e+00
2.7400000000e+02,3.4384223590e-03,1.0686189196e-02,6.1475082553e-01,3.0588171790e-01,3.3646496579e-02,1.1770514641e-03,3.0419296968e-02,2.4958265897e+00
2.7450000000e+02,3.4213050861e-03,1.0685085764e-02,6.1509247953e-01,3.0589338445e-01,3.3456073697e-02,1.1727214198e-03,3.0278950062e-02,2.4910392933e+00
2.7500000000e+02,3.3824340132e-03,1.0669477665e-02,6.1471237795e-01,3.0652799171e-01,3.3218558732e-02,1.1476850999e-03,3.0341474831e-02,2.4873155489e+00
2.7550000000e+02,3.3576662527e-03,1.0683413519e-02,6.1567069282e-01,3.0580450181e-01,3.3086652679e-02,1.1389554650e-03,3.0258117457e-02,2.4826908760e+00
2.7600000000e+02,3.3215592695e-03,1.0737661030e-02,6.1517959378e-01,3.0643913145e-01,3.2945105813e-02,1.1313023662e-03,3.0245646293e-02,2.4796629181e+00
2.7650000000e+02,3.3066650817e-03,1.0787333877e-02,6.1344658529e-01,3.0804389960e-01,3.3001654055e-02,1.1139488227e-03,3.0299913267e-02,2.4816261149e+00
2.7700000000e+02,3.2602612049e-03,1.0724308167e-02,6.1378066716e-01,3.0803762918e-01,3.2848039098e-02,1.1047363847e-03,3.0244358804e-02,2.4776684922e+00
2.7750000000e+02,3.2473465891e-03,1.0706211887e-02,6.1337291110e-01,3.0861202902e-01,3.2755743140e-02,1.0945718284e-03,3.0211186428e-02,2.4751591615e+00
2.7800000000e+02,3.2097070552e-03,1.0641647697e-02,6.1350595201e-01,3.0893947824e-01,3.2468341035e-02,1.0812176753e-03,3.0153656284e-02,2.4709324414e+00
2.7850000000e+02,3.1769810230e-03,1.0621385492e-02,6.1465634189e-01,3.0797248720e-01,3.2344968676e-02,1.0656576441e-03,3.0162178072e-02,2.4644988428e+00
2.7900000000e+02,3.1543524755e-03,1.0603290609e-02,6.1719874780e-01,3.0568716100e-01,3.2103512338e-02,1.0571842294e-03,3.0195751549e-02,2.4586023381e+00
2.7950000000e+02,3.1495132084e-03,1.0635436869e-02,6.1726302322e-01,3.0558392456e-01,3.2225619157e-02,1.0473445168e-03,3.0095138473e-02,2.4580810557e+00
2.8000000000e+02,3.1138046274e-03,1.0636545090e-02,6.1739414672e-01,3.0590129950e-01,3.2018652069e-02,1.0382860725e-03,2.9897265922e-02,2.4536648291e+00
2.8050000000e+02,3.0963411554e-03,1.0603955261e-02,6.1928413793e-01,3.0417007433e-01,3.1985282534e-02,1.0214184566e-03,2.9838790328e-02,2.4494162572e+00
2.8100000000e+02,3.0678053806e-03,1.0569282704e-02,6.2029233501e-01,3.0367418069e-01,3.1879845023e-02,9.9545193172e-04,2.9521099259e-02,2.4428757562e+00
2.8150000000e+02,3.0511435020e-03,1.0477703431e-02,6.2029580685e-01,3.0405055642e-01,3.1774714667e-02,9.8568301073e-04,2.9364392123e-02,2.4390971353e+00
2.8200000000e+02,3.0043727497e-03,1.0436360295e-02,6.1967354030e-01,3.0497892318e-01,3.1621316123e-02,9.6891211952e-04,2.9316575229e-02,2.4350821630e+00
2.8250000000e+02,2.9658996616e-03,1.0414153116e-02,6.2148149097e-01,3.0365554234e-01,3.1473701444e-02,9.6281407155e-04,2.9046398397e-02,2.4263885893e+00
2.8300000000e+02,2.9282167985e-03,1.0282165751e-02,6.2346228574e-01,3.0185699976e-01,3.1405597719e-02,9.5810522217e-04,2.9106629008e-02,2.4200687550e+00
2.8350000000e+02,2.8921001163e-03,1.0194545541e-02,6.2332320444e-01,3.0243653727e-01,3.1344646188e-02,9.4340434486e-04,2.8865562106e-02,2.4147133357e+00
2.8400000000e+02,2.8768198938e-03,1.0187629547e-02,6.2588841104e-01,3.0010140875e-01,3.1241386245e-02,9.2787782859e-04,2.8776466696e-02,2.4089243116e+00
2.8450000000e+02,2.8530823621e-03,1.0145114251e-02,6.2692717936e-01,2.9920037730e-01,3.1269531789e-02,9.2652368467e-04,2.8678191252e-02,2.4059435038e+00
2.8500000000e+02,2.8303538306e-03,1.0156711786e-02,6.2846290271e-01,2.9782794148e-01,3.1129495621e-02,9.2755754976e-04,2.8665037029e-02,2.4020358648e+00
2.8550000000e+02,2.8212553328e-03,1.0168066782e-02,6.2727760771e-01,2.9903104412e-01,3.1099855659e-02,9.1068502858e-04,2.8691485366e-02,2.4020850143e+00
2.8600000000e+02,2.8103315189e-03,1.0119914704e-02,6.2813071011e-01,2.9866692227e-01,3.1092117401e-02,8.9634763803e-04,2.8283656360e-02,2.3961282735e+00
2.8650000000e+02,2.7991852786e-03,1.0057854325e-02,6.3059909814e-01,2.9625740012e-01,3.1242447730e-02,8.8247118069e-04,2.8161543227e-02,2.3911428816e+00
2.8700000000e+02,2.7918580441e-03,1.0064074403e-02,6.3120331144e-01,2.9566220801e-01,3.1378248302e-02,8.7110818720e-04,2.8029191613e-02,2.3890900398e+00
2.8750000000e+02,2.7331115116e-03,1.0015649359e-02,6.3198281217e-01,2.9503057337e-01,3.1548260977e-02,8.6071422579e-04,2.7828878389e-02,2.3822992306e+00
2.8800000000e+02,2.7204334383e-03,1.0051931643e-02,6.3362199937e-01,2.9336304196e-01,3.1514078148e-02,8.4586917824e-04,2.7882646265e-02,2.3791802332e+00
2.8850000000e+02,2.7145722198e-03,1.0073356542e-02,6.3465108137e-01,2.9240751685e-01,3.1516097381e-02,8.3343868457e-04,2.7803936948e-02,2.3768644101e+00
2.8900000000e+02,2.7120207079e-03,1.0062752308e-02,6.3509427608e-01,2.9214230977e-01,3.1382387610e-02,8.1358649356e-04,2.7792667036e-02,2.3735456688e+00
2.8950000000e+02,2.7104607945e-03,1.0095664279e-02,6.3485963677e-01,2.9252734951e-01,3.1165275110e-02,8.0296833315e-04,2.7838645200e-02,2.3722848264e+00
2.9000000000e+02,2.7048874445e-03,1.0054083425e-02,6.3414302757e-01,2.9317996297e-01,3.1257991154e-02,7.9494523515e-04,2.7865102200e-02,2.3729134059e+00
2.9050000000e+02,2.6722185663e-03,1.0040245327e-02,6.3611766099e-01,2.9174003780e-01,3.1007742906e-02,7.7522702489e-04,2.7646867385e-02,2.3656619526e+00
2.9100000000e+02,2.6638618966e-03,1.0047648252e-02,6.3698829895e-01,2.9112297538e-01,3.0923883928e-02,7.5983806203e-04,2.7493493531e-02,2.3627656679e+00
2.9150000000e+02,2.6575754489e-03,1.0057808815e-02,6.3778375626e-01,2.9069192921e-01,3.0830067276e-02,7.5044557580e-04,2.7228417412e-02,2.3579875964e+00
2.9200000000e+02,2.6570977609e-03,9.9825107776e-03,6.4003486480e-01,2.8865378267e-01,3.0968631171e-02,7.4220024306e-04,2.6960912574e-02,2.3526353027e+00
2.9250000000e+02,2.6609238622e-03,9.9886732281e-03,6.3934094380e-01,2.8898236717e-01,3.1289380107e-02,7.2772044736e-04,2.7009991380e-02,2.3545685152e+00
2.9300000000e+02,2.6456882803e-03,9.9863116680e-03,6.4006301444e-01,2.8820656963e-01,3.1403283318e-02,7.1544196982e-04,2.6979690695e-02,2.3536330239e+00
2.9350000000e+02,2.6294202136e-03,1.0010554764e-02,6.3981692339e-01,2.8845072087e-01,3.1463266800e-02,7.0563448737e-04,2.6923479482e-02,2.3526166452e+00
2.9400000000e+02,2.6034489713e-03,1.0060852580e-02,6.3962503411e-01,2.8885698692e-01,3.1300519544e-02,7.0186862352e-04,2.6851289246e-02,2.3510651916e+00
2.9450000000e+02,2.5759160705e-03,1.0032738229e-02,6.4066289512e-01,2.8810145583e-01,3.1103109740e-02,6.9051609712e-04,2.6833368911e-02,2.3461113799e+00
2.9500000000e+02,2.5401742559e-03,9.9908321090e-03,6.4350482399e-01,2.8564825065e-01,3.0993818720e-02,6.7738355772e-04,2.6644716720e-02,2.3378278419e+00
2.9550000000e+02,2.5065938353e-03,9.9719810652e-03,6.4560487044e-01,2.8372560813e-01,3.1035085947e-02,6.5978740241e-04,2.6496073184e-02,2.3315493625e+00
2.9600000000e+02,2.5033855557e-03,9.9619854626e-03,6.4363718078e-01,2.8580403237e-01,3.1102349346e-02,6.4527126530e-04,2.6345795213e-02,2.3318723037e+00
2.9650000000e+02,2.4977289967e-03,9.9030996493e-03,6.4484410974e-01,2.8469736040e-01,3.1098767320e-02,6.3334100853e-04,2.6325592892e-02,2.3285900058e+00
2.9700000000e+02,2.4880375308e-03,9.9054976015e-03,6.4614533005e-01,2.8340143712e-01,3.1319502858e-02,6.2489384982e-04,2.6115300988e-02,2.3244510697e+00
2.9750000000e+02,2.4883225609e-03,9.9994688738e-03,6.4678571739e-01,2.8262390279e-01,3.1489344922e-02,6.1971165031e-04,2.5993531806e-02,2.3252478503e+00
2.9800000000e+02,2.4892382382e-03,1.0014808654e-02,6.4672866329e-01,2.8259007821e-01,3.1567250358e-02,6.1362712574e-04,2.5996334120e-02,2.3243755853e+00
2.9850000000e+02,2.4624310947e-03,9.9428786877e-03,6.4796221270e-01,2.8192241325e-01,3.1505603873e-02,5.9575121646e-04,2.5608709182e-02,2.3150274895e+00
2.9900000000e+02,2.4637276868e-03,9.9181353308e-03,6.4865339831e-01,2.8110881805e-01,3.1602388039e-02,5.8030851580e-04,2.5673224074e-02,2.3149410701e+00
2.9950000000e+02,2.4550172155e-03,9.9015332692e-03,6.5017769215e-01,2.8009300447e-01,3.1277462187e-02,5.6741303986e-04,2.5527877669e-02,2.3086890099e+00
3.0000000000e+02,2.4331856504e-03,9.9075958666e-03,6.5152653577e-01,2.7882184438e-01,3.1419607726e-02,5.6008465426e-04,2.5331145956e-02,2.3039571850e+00
3.0050000000e+02,2.4419132692e-03,9.9548290245e-03,6.5188615882e-01,2.7851095341e-01,3.1420299156e-02,5.5148251670e-04,2.5234363802e-02,2.3027606272e+00
3.0100000000e+02,2.4260667691e-03,9.9856858869e-03,6.5491968064e-01,2.7579322779e-01,3.1231122507e-02,5.4292294082e-04,2.5101293472e-02,2.2957057546e+00
3.0150000000e+02,2.4233650855e-03,1.0016730470e-02,6.5553327394e-01,2.7533879643e-01,3.1125268973e-02,5.3442442183e-04,2.5028140683e-02,2.2928177018e+00
3.0200000000e+02,2.4200501208e-03,9.9739558749e-03,6.5658722621e-01,2.7474432378e-01,3.0815274658e-02,5.2752088230e-04,2.4931648469e-02,2.2874950833e+00
3.0250000000e+02,2.4100047105e-03,9.9689750580e-03,6.5685738929e-01,2.7476230599e-01,3.0718348828e-02,5.1579157171e-04,2.4767184551e-02,2.2841758525e+00
3.0300000000e+02,2.4167530675e-03,9.9455068107e-03,6.5793392613e-01,2.7411480323e-01,3.0405114603e-02,5.0674306416e-04,2.4677153093e-02,2.2792371042e+00
3.0350000000e+02,2.4122809802e-03,9.9386969436e-03,6.6140635207e-01,2.7103432151e-01,3.0154119573e-02,5.0316978642e-04,2.4551059140e-02,2.2714560479e+00
3.0400000000e+02,2.4052585737e-03,9.9083144364e-03,6.6328244339e-01,2.6971918637e-01,2.9993031063e-02,4.9058749788e-04,2.4201178671e-02,2.2636193837e+00
3.0450000000e+02,2.4001571114e-03,9.8414626181e-03,6.6144154414e-01,2.7151471005e-01,3.0093820838e-02,4.8250241878e-04,2.4225802820e-02,2.2644383941e+00
3.0500000000e+02,2.3804839720e-03,9.8683164524e-03,6.6118478877e-01,2.7212357421e-01,2.9855575991e-02,4.7299760912e-04,2.4114262999e-02,2.2613809684e+00
3.0550000000e+02,2.3688086596e-03,9.8151185204e-03,6.6207788653e-01,2.7166561514e-01,2.9650161415e-02,4.6347889278e-04,2.3958930844e-02,2.2556158481e+00
3.0600000000e+02,2.3568205738e-03,9.8029159919e-03,6.6447553758e-01,2.6951064423e-01,2.9482959121e-02,4.5842445432e-04,2.3912698055e-02,2.2500687811e+00
3.0650000000e+02,2.3593545571e-03,9.8115284671e-03,6.6537932339e-01,2.6892900090e-01,2.9323293327e-02,4.5467244893e-04,2.3742826906e-02,2.2458716168e+00
3.0700000000e+02,2.3493479960e-03,9.8043993627e-03,6.6772145974e-01,2.6683361435e-01,2.9273651537e-02,4.4931935294e-04,2.3568207668e-02,2.2405528914e+00
3.0750000000e+02,2.3371070562e-03,9.7452640798e-03,6.7133000179e-01,2.6360260014e-01,2.9197891974e-02,4.4020189099e-04,2.3346933066e-02,2.2308951480e+00
3.0800000000e+02,2.3444650708e-03,9.7411382315e-03,6.7299975851e-01,2.6223042072e-01,2.9115130804e-02,4.3445802542e-04,2.3134628638e-02,2.2269975240e+00
3.0850000000e+02,2.3307554048e-03,9.7441342361e-03,6.7448328401e-01,2.6106061888e-01,2.8949819850e-02,4.2834109697e-04,2.3003046514e-02,2.2222117404e+00
3.0900000000e+02,2.3300757014e-03,9.7308891483e-03,6.7533655989e-01,2.6007381690e-01,2.9053984811e-02,4.2737858767e-04,2.3047294961e-02,2.2206371863e+00
3.0950000000e+02,2.2958843437e-03,9.7190091180e-03,6.7557325608e-01,2.6036816399e-01,2.8766295656e-02,4.1801737479e-04,2.2859373439e-02,2.2145593588e+00
3.1000000000e+02,2.2810471793e-03,9.6783611942e-03,6.7632826752e-01,2.6021347846e-01,2.8420006732e-02,4.1382798022e-04,2.2665010935e-02,2.2072321614e+00
3.1050000000e+02,2.3002368460e-03,9.7363337713e-03,6.7727787089e-01,2.5915823958e-01,2.8371279368e-02,4.1254425579e-04,2.2743495290e-02,2.2076264276e+00
3.1100000000e+02,2.2950442052e-03,9.7406231798e-03,6.7772222055e-01,2.5880249005e-01,2.8372978854e-02,4.0934164529e-04,2.2657301514e-02,2.2055064516e+00
3.1150000000e+02,2.2960662618e-03,9.7783305860e-03,6.7984972705e-01,2.5687250614e-01,2.8353953707e-02,4.0754753048e-04,2.2441868715e-02,2.2013468499e+00
3.1200000000e+02,2.2961612643e-03,9.7948849189e-03,6.8091996314e-01,2.5601397800e-01,2.8378974160e-02,4.0192483891e-04,2.2194113685e-02,2.1978032672e+00
3.1250000000e+02,2.2909007352e-03,9.8457332337e-03,6.8114302318e-01,2.5628342841e-01,2.8068257949e-02,3.9528009760e-04,2.1973376394e-02,2.1943849940e+00
3.1300000000e+02,2.2802822779e-03,9.8682646018e-03,6.8053282524e-01,2.5687059968e-01,2.8153956000e-02,3.9182950723e-04,2.1902242694e-02,2.1950545854e+00
3.1350000000e+02,2.2684077824e-03,9.8981601404e-03,6.8226489993e-01,2.5520892550e-01,2.8114509047e-02,3.8610809886e-04,2.1858989501e-02,2.1920726295e+00
3.1400000000e+02,2.2827048307e-03,9.9361235444e-03,6.8228957924e-01,2.5495402484e-01,2.8166093713e-02,3.8259557860e-04,2.1988878253e-02,2.1949518887e+00
3.1450000000e+02,2.2833209944e-03,9.9587928602e-03,6.8388537584e-01,2.5357060634e-01,2.8138335664e-02,3.7755534991e-04,2.1786012948e-02,2.1899415866e+00
3.1500000000e+02,2.2758920942e-03,1.0027659674e-02,6.8456195290e-01,2.5293244864e-01,2.8205032355e-02,3.7054523645e-04,2.1626469106e-02,2.1889869882e+00
3.1550000000e+02,2.2910445900e-03,1.0045029053e-02,6.8425830466e-01,2.5335245903e-01,2.8203942679e-02,3.6800413772e-04,2.1481215859e-02,2.1889625923e+00
3.1600000000e+02,2.2918503506e-03,1.0049567931e-02,6.8642497911e-01,2.5128556472e-01,2.8263519480e-02,3.6678322847e-04,2.1317735180e-02,2.1854265686e+00
3.1650000000e+02,2.2910998513e-03,1.0112262006e-02,6.8735790459e-01,2.5016656751e-01,2.8322581266e-02,3.6723471481e-04,2.1382350056e-02,2.1864755328e+00
3.1700000000e+02,2.2930214747e-03,1.0104695241e-02,6.9009478244e-01,2.4771865719e-01,2.8079203154e-02,3.6289925086e-04,2.1346741252e-02,2.1815612503e+00
3.1750000000e+02,2.2989425251e-03,1.0079685310e-02,6.9291777367e-01,2.4551238406e-01,2.7721323790e-02,3.5911788317e-04,2.1110772765e-02,2.1723683224e+00
3.1800000000e+02,2.2860944033e-03,1.0070138668e-02,6.9413580984e-01,2.4446216028e-01,2.7680196217e-02,3.5424367370e-04,2.1011356923e-02,2.1680703600e+00
3.1850000000e+02,2.3007147002e-03,1.0096680515e-02,6.9455011535e-01,2.4394407517e-01,2.7658515975e-02,3.5303564951e-04,2.1096862639e-02,2.1694032181e+00
3.1900000000e+02,2.3107643494e-03,1.0119929373e-02,6.9595409685e-01,2.4281334175e-01,2.7403948336e-02,3.5125229603e-04,2.1046667047e-02,2.1643709273e+00
3.1950000000e+02,2.3174590922e-03,1.0173448843e-02,6.9641789055e-01,2.4263385617e-01,2.7216444678e-02,3.4774458309e-04,2.0893156082e-02,2.1612395278e+00
3.2000000000e+02,2.3255719546e-03,1.0205594588e-02,6.9615940320e-01,2.4313240309e-01,2.7030056965e-02,3.4753877086e-04,2.0799431438e-02,2.1602833813e+00
3.2050000000e+02,2.3539114600e-03,1.0291057205e-02,6.9666740920e-01,2.4274502959e-01,2.6956532370e-02,3.4995663721e-04,2.0636103542e-02,2.1604581852e+00
3.2100000000e+02,2.3645401447e-03,1.0267093849e-02,6.9755734529e-01,2.4222899370e-01,2.6610814174e-02,3.4560764540e-04,2.0625605198e-02,2.1553167180e+00
3.2150000000e+02,2.3602326635e-03,1.0231825617e-02,6.9904985725e-01,2.4128391090e-01,2.6269411154e-02,3.4277299841e-04,2.0461989418e-02,2.1485885455e+00
3.2200000000e+02,2.3420346038e-03,1.0238009737e-02,7.0159810226e-01,2.3894979901e-01,2.6138496499e-02,3.3952256856e-04,2.0394035323e-02,2.1423404682e+00
3.2250000000e+02,2.3311813385e-03,1.0287211222e-02,7.0386057465e-01,2.3725007583e-01,2.5749721632e-02,3.3430891809e-04,2.0186926416e-02,2.1335715603e+00
3.2300000000e+02,2.3160972173e-03,1.0259274556e-02,7.0481917230e-01,2.3687035847e-01,2.5555288983e-02,3.3336415709e-04,1.9846444317e-02,2.1275807586e+00
3.2350000000e+02,2.3194903641e-03,1.0177274028e-02,7.0643230975e-01,2.3579572200e-01,2.5249648571e-02,3.3086955844e-04,1.9694685732e-02,2.1221919030e+00
3.2400000000e+02,2.3307740814e-03,1.0172288058e-02,7.0599851107e-01,2.3639216471e-01,2.5237510419e-02,3.3074433444e-04,1.9538007330e-02,2.1208963582e+00
3.2450000000e+02,2.3309178699e-03,1.0166274074e-02,7.0653217565e-01,2.3643879613e-01,2.5035599207e-02,3.2937437476e-04,1.9166862687e-02,2.1158280347e+00
3.2500000000e+02,2.3362507953e-03,1.0135115566e-02,7.0759934761e-01,2.3587943667e-01,2.4785263136e-02,3.2890603843e-04,1.8935680178e-02,2.1112275453e+00
3.2550000000e+02,2.3438749040e-03,1.0123982450e-02,7.1018348711e-01,2.3368241132e-01,2.4689676919e-02,3.2745946513e-04,1.8649107832e-02,2.1023626283e+00
3.2600000000e+02,2.3387845699e-03,1.0126575326e-02,7.1046268000e-01,2.3349275399e-01,2.4729501625e-02,3.3112998162e-04,1.8518574509e-02,2.1002646685e+00
3.2650000000e+02,2.3419765257e-03,1.0135668018e-02,7.1118336234e-01,2.3320736115e-01,2.4496951330e-02,3.3264106515e-04,1.8302039568e-02,2.0957157904e+00
3.2700000000e+02,2.3422025287e-03,1.0167614314e-02,7.1092835946e-01,2.3379550223e-01,2.4260507354e-02,3.3151518748e-04,1.8174298921e-02,2.0932742719e+00
3.2750000000e+02,2.3395294052e-03,1.0128282661e-02,7.1116916076e-01,2.3372911347e-01,2.4227602451e-02,3.2899631012e-04,1.8077314939e-02,2.0894408764e+00
3.2800000000e+02,2.3314032038e-03,1.0192018503e-02,7.1213128446e-01,2.3301805974e-01,2.4057186452e-02,3.2930461541e-04,1.7940743035e-02,2.0858770036e+00
3.2850000000e+02,2.3539501746e-03,1.0221171942e-02,7.1359194070e-01,2.3186380702e-01,2.3932545562e-02,3.2520185732e-04,1.7711382740e-02,2.0806158522e+00
3.2900000000e+02,2.3483378339e-03,1.0279322640e-02,7.1373231530e-01,2.3202626463e-01,2.3772532862e-02,3.2302465964e-04,1.7518202069e-02,2.0780177963e+00
3.2950000000e+02,2.3758206658e-03,1.0299480504e-02,7.1309701294e-01,2.3278741855e-01,2.3733608274e-02,3.2391293348e-04,1.7382746126e-02,2.0788762099e+00
3.3000000000e+02,2.3951052573e-03,1.0366720906e-02,7.1285642063e-01,2.3318280034e-01,2.3604120397e-02,3.2403918240e-04,1.7270793294e-02,2.0782300470e+00
3.3050000000e+02,2.4186619874e-03,1.0391033082e-02,7.1345474398e-01,2.3285217838e-01,2.3323112757e-02,3.2330697898e-04,1.7236962830e-02,2.0760224881e+00
3.3100000000e+02,2.4227483833e-03,1.0405596318e-02,7.1532653290e-01,2.3131013217e-01,2.3117863375e-02,3.2536059336e-04,1.7091766259e-02,2.0701182460e+00
3.3150000000e+02,2.4250621038e-03,1.0480887198e-02,7.1642061393e-01,2.3050050943e-01,2.2898757190e-02,3.2306298384e-04,1.6951107173e-02,2.0668359671e+00
3.3200000000e+02,2.4168007980e-03,1.0444894768e-02,7.1856446100e-01,2.2859756895e-01,2.2817675303e-02,3.2330117739e-04,1.6835298000e-02,2.0599269571e+00
3.3250000000e+02,2.4155283099e-03,1.0437665359e-02,7.1954238914e-01,2.2808978486e-01,2.2590398863e-02,3.2048127369e-04,1.6603752203e-02,2.0523978942e+00
3.3300000000e+02,2.4225356564e-03,1.0406153304e-02,7.2090657749e-01,2.2681946890e-01,2.2560775255e-02,3.1901826862e-04,1.6565471129e-02,2.0484989815e+00
3.3350000000e+02,2.4415878211e-03,1.0408826806e-02,7.2068238159e-01,2.2708956088e-01,2.2634828256e-02,3.2049795455e-04,1.6422316694e-02,2.0479029077e+00
3.3400000000e+02,2.4487175217e-03,1.0307831930e-02,7.2217494749e-01,2.2612008588e-01,2.2448327021e-02,3.1986305618e-04,1.6180227101e-02,2.0396857295e+00
3.3450000000e+02,2.4533779196e-03,1.0414955447e-02,7.2217718580e-01,2.2599441038e-01,2.2500354434e-02,3.2424462651e-04,1.6135471393e-02,2.0405909751e+00
3.3500000000e+02,2.4610570724e-03,1.0440184219e-02,7.2363164708e-01,2.2499946075e-01,2.2297795332e-02,3.2616407978e-04,1.5843691470e-02,2.0327643133e+00
3.3550000000e+02,2.4730931694e-03,1.0407880748e-02,7.2566595301e-01,2.2330321556e-01,2.2087313814e-02,3.2497532447e-04,1.5737568381e-02,2.0269456650e+00
3.3600000000e+02,2.4983740885e-03,1.0512646372e-02,7.2560661243e-01,2.2328158494e-01,2.2063073564e-02,3.2806716211e-04,1.5709641451e-02,2.0274507507e+00
3.3650000000e+02,2.4968653632e-03,1.0553264715e-02,7.2686720636e-01,2.2231690325e-01,2.1846772234e-02,3.2724513140e-04,1.5591742940e-02,2.0219904951e+00
3.3700000000e+02,2.5129232166e-03,1.0606579577e-02,7.2933774295e-01,2.2010283943e-01,2.1760304546e-02,3.2478754846e-04,1.5354822730e-02,2.0143049202e+00
3.3750000000e+02,2.5164048338e-03,1.0723349361e-02,7.2793667992e-01,2.2146514048e-01,2.1832952404e-02,3.2803055637e-04,1.5197442444e-02,2.0167104622e+00
3.3800000000e+02,2.5230269643e-03,1.0721197662e-02,7.2911643715e-01,2.2071365871e-01,2.1594271019e-02,3.2806171283e-04,1.5003346776e-02,2.0097840454e+00
3.3850000000e+02,2.5304361850e-03,1.0795153291e-02,7.3074205010e-01,2.1921161261e-01,2.1506856156e-02,3.3050779810e-04,1.4883383857e-02,2.0054526283e+00
3.3900000000e+02,2.5383645029e-03,1.0762388887e-02,7.3312256184e-01,2.1710021922e-01,2.1374876265e-02,3.3044954715e-04,1.4771139738e-02,1.9978726731e+00
3.3950000000e+02,2.5571196306e-03,1.0799370168e-02,7.3401500791e-01,2.1621009903e-01,2.1314332010e-02,3.3343475016e-04,1.4770636503e-02,1.9966041454e+00
3.4000000000e+02,2.5722293882e-03,1.0857967772e-02,7.3582901766e-01,2.1449235721e-01,2.1174648809e-02,3.3528564841e-04,1.4738493510e-02,1.9927041426e+00
3.4050000000e+02,2.5867072511e-03,1.0933872866e-02,7.3675616143e-01,2.1380288267e-01,2.0964861813e-02,3.3659572293e-04,1.4618918242e-02,1.9882816374e+00
3.4100000000e+02,2.5902437757e-03,1.0929332696e-02,7.3797045796e-01,2.1311075096e-01,2.0670414762e-02,3.3933198827e-04,1.4389467861e-02,1.9798738209e+00
3.4150000000e+02,2.6048322984e-03,1.0916365921e-02,7.4145979724e-01,2.0987233840e-01,2.0502918957e-02,3.4130659617e-04,1.4302440585e-02,1.9718993210e+00
3.4200000000e+02,2.6329390500e-03,1.0951438435e-02,7.4248673745e-01,2.0893390624e-01,2.0355004459e-02,3.4240722206e-04,1.4297567149e-02,1.9704550918e+00
3.4250000000e+02,2.6411165725e-03,1.0932070497e-02,7.4330241598e-01,2.0848434742e-01,2.0174337493e-02,3.4714199188e-04,1.4118570050e-02,1.9650094211e+00
3.4300000000e+02,2.6575914663e-03,1.0952351057e-02,7.4399996753e-01,2.0811068690e-01,1.9970818360e-02,3.4799244347e-04,1.3960592239e-02,1.9613164401e+00
3.4350000000e+02,2.6612247828e-03,1.0969447547e-02,7.4546955278e-01,2.0678259193e-01,1.9843658927e-02,3.4962353356e-04,1.3923900496e-02,1.9569289624e+00
3.4400000000e+02,2.6837022230e-03,1.1013097456e-02,7.4377405851e-01,2.0854568434e-01,1.9676260881e-02,3.5189686429e-04,1.3955299728e-02,1.9593934893e+00
3.4450000000e+02,2.7100297760e-03,1.1060633098e-02,7.4454680932e-01,2.0778761163e-01,1.9602794886e-02,3.5455836338e-04,1.3937562926e-02,1.9575935684e+00
3.4500000000e+02,2.7431887342e-03,1.1179437263e-02,7.4483255342e-01,2.0735907753e-01,1.9523329328e-02,3.5388239168e-04,1.4008531336e-02,1.9590214761e+00
3.4550000000e+02,2.7643543288e-03,1.1155554011e-02,7.4603505458e-01,2.0651298269e-01,1.9326392855e-02,3.5650239473e-04,1.3849159132e-02,1.9528888049e+00
3.4600000000e+02,2.7950702170e-03,1.1163234772e-02,7.4760691881e-01,2.0494242219e-01,1.9332946876e-02,3.6101657527e-04,1.3798390559e-02,1.9488296829e+00
3.4650000000e+02,2.8127040190e-03,1.1300304039e-02,7.4813990791e-01,2.0437455353e-01,1.9214000714e-02,3.6453897891e-04,1.3793990806e-02,1.9480698633e+00
3.4700000000e+02,2.8290300465e-03,1.1302058796e-02,7.4768840983e-01,2.0503300579e-01,1.9078956851e-02,3.6424893053e-04,1.3704289756e-02,1.9460021710e+00
3.4750000000e+02,2.8298410149e-03,1.1332421494e-02,7.4966904573e-01,2.0320429139e-01,1.8932851721e-02,3.6275741264e-04,1.3668791246e-02,1.9411731457e+00
3.4800000000e+02,2.8194972292e-03,1.1283697524e-02,7.5119471298e-01,2.0201431995e-01,1.8812839270e-02,3.6392506040e-04,1.3511007988e-02,1.9347104049e+00
3.4850000000e+02,2.8402861955e-03,1.1345843351e-02,7.5203506868e-01,2.0120507673e-01,1.8755660692e-02,3.7000694157e-04,1.3448057410e-02,1.9332339122e+00
3.4900000000e+02,2.8589510537e-03,1.1452283650e-02,7.5237975037e-01,2.0088939795e-01,1.8788323095e-02,3.7794486849e-04,1.3253349016e-02,1.9330378555e+00
3.4950000000e+02,2.8659110667e-03,1.1531005809e-02,7.5314983804e-01,1.9996350388e-01,1.8885913865e-02,3.8136959673e-04,1.3222457741e-02,1.9331217949e+00
3.5000000000e+02,2.8905816391e-03,1.1606973265e-02,7.5273991461e-01,2.0036432275e-01,1.8891318435e-02,3.8321612171e-04,1.3123673180e-02,1.9345234023e+00
3.5050000000e+02,2.9003417934e-03,1.1674348187e-02,7.5143273503e-01,2.0175606755e-01,1.8848854631e-02,3.8864610981e-04,1.2999006708e-02,1.9372480828e+00
3.5100000000e+02,2.9120786868e-03,1.1658683950e-02,7.5289372142e-01,2.0055598394e-01,1.8791994766e-02,3.8944028357e-04,1.2798096954e-02,1.9328184609e+00
3.5150000000e+02,2.9479717616e-03,1.1682281595e-02,7.5217833549e-01,2.0154432247e-01,1.8596465978e-02,3.9582305426e-04,1.2654799653e-02,1.9330858621e+00
3.5200000000e+02,2.9572512134e-03,1.1709278788e-02,7.5201814863e-01,2.0183007044e-01,1.8551097510e-02,3.9945524112e-04,1.2534698179e-02,1.9331147686e+00
3.5250000000e+02,3.0002613144e-03,1.1760681408e-02,7.5201984258e-01,2.0167902496e-01,1.8643795211e-02,4.0561689771e-04,1.2490777631e-02,1.9370104654e+00
3.5300000000e+02,2.9874212238e-03,1.1685480801e-02,7.5415969231e-01,1.9975310998e-01,1.8575165619e-02,4.0410066618e-04,1.2435029404e-02,1.9313437499e+00
3.5350000000e+02,2.9986151264e-03,1.1737191829e-02,7.5495555986e-01,1.9916969980e-01,1.8507813253e-02,4.0037916211e-04,1.2230740970e-02,1.9283980638e+00
3.5400000000e+02,2.9914684166e-03,1.1699019579e-02,7.5539929443e-01,1.9899175919e-01,1.8363978629e-02,4.0567876271e-04,1.2148801001e-02,1.9254436776e+00
3.5450000000e+02,3.0183488137e-03,1.1737243383e-02,7.5685683430e-01,1.9767612274e-01,1.8322968094e-02,4.0652491164e-04,1.1981957756e-02,1.9232860396e+00
3.5500000000e+02,3.0622817769e-03,1.1831515728e-02,7.5664287344e-01,1.9795514666e-01,1.8156807974e-02,4.0815980372e-04,1.1943214618e-02,1.9248888233e+00
3.5550000000e+02,3.0885088220e-03,1.1924594429e-02,7.5535758305e-01,1.9914679904e-01,1.8211727958e-02,4.1219953283e-04,1.1858587173e-02,1.9292325103e+00
3.5600000000e+02,3.0791273695e-03,1.1895459793e-02,7.5714705896e-01,1.9757816250e-01,1.8115399760e-02,4.1127080405e-04,1.1773520811e-02,1.9233316543e+00
3.5650000000e+02,3.1017555946e-03,1.1958213591e-02,7.5852399112e-01,1.9632639172e-01,1.7943529343e-02,4.1393324491e-04,1.1732185389e-02,1.9208463089e+00
3.5700000000e+02,3.1081781288e-03,1.2119110818e-02,7.5890517932e-01,1.9584574552e-01,1.7927100689e-02,4.1558436116e-04,1.1679101160e-02,1.9209681653e+00
3.5750000000e+02,3.1270166299e-03,1.2239729392e-02,7.5844204044e-01,1.9624489178e-01,1.7901768283e-02,4.1532408072e-04,1.1629229397e-02,1.9238912946e+00
3.5800000000e+02,3.1269802986e-03,1.2165756795e-02,7.5881628074e-01,1.9612174391e-01,1.7739736878e-02,4.1511218778e-04,1.1614389187e-02,1.9212429244e+00
3.5850000000e+02,3.1505012531e-03,1.2169799531e-02,7.5953743656e-01,1.9574424838e-01,1.7476187400e-02,4.1464290132e-04,1.1507183973e-02,1.9189054740e+00
3.5900000000e+02,3.1666700742e-03,1.2174312555e-02,7.5991999822e-01,1.9559062200e-01,1.7403899216e-02,4.1168944199e-04,1.1332808495e-02,1.9182978668e+00
3.5950000000e+02,3.1844700274e-03,1.2173737004e-02,7.6217776641e-01,1.9344441063e-01,1.7347268109e-02,4.1551018086e-04,1.1256837641e-02,1.9132736206e+00
3.6000000000e+02,3.2043457171e-03,1.2192231535e-02,7.6230408498e-01,1.9348851539e-01,1.7254496632e-02,4.1636062975e-04,1.1139965117e-02,1.9117401830e+00
3.6050000000e+02,3.2316368958e-03,1.2275933951e-02,7.6225993837e-01,1.9357473127e-01,1.7173234808e-02,4.1691950752e-04,1.1067605201e-02,1.9115730943e+00
3.6100000000e+02,3.2482345768e-03,1.2243320689e-02,7.6363003647e-01,1.9245536006e-01,1.7027920972e-02,4.1900728947e-04,1.0976119942e-02,1.9066903080e+00
3.6150000000e+02,3.2867896703e-03,1.2306326989e-02,7.6455850643e-01,1.9141626133e-01,1.7067060077e-02,4.2088628673e-04,1.0944169223e-02,1.9073920599e+00
3.6200000000e+02,3.2932889259e-03,1.2312147369e-02,7.6596575936e-01,1.9021752910e-01,1.6879649106e-02,4.2211205175e-04,1.0909514089e-02,1.9033904836e+00
3.6250000000e+02,3.2964595935e-03,1.2334556333e-02,7.6702356058e-01,1.8927248177e-01,1.6785483917e-02,4.2128734401e-04,1.0866170464e-02,1.9008119254e+00
3.6300000000e+02,3.3097966317e-03,1.2387094082e-02,7.6724005578e-01,1.8906941560e-01,1.6730057095e-02,4.2489544380e-04,1.0838685366e-02,1.9001374921e+00
3.6350000000e+02,3.3399037246e-03,1.2467193988e-02,7.6623470233e-01,1.9017404573e-01,1.6632771404e-02,4.3200099644e-04,1.0719381828e-02,1.9009851723e+00
3.6400000000e+02,3.3717535366e-03,1.2511035017e-02,7.6679006146e-01,1.8966451596e-01,1.6584006702e-02,4.3361694423e-04,1.0645010384e-02,1.9008905750e+00
3.6450000000e+02,3.3804862987e-03,1.2529789446e-02,7.6779666637e-01,1.8875864736e-01,1.6506102602e-02,4.3549126979e-04,1.0592816656e-02,1.8977525076e+00
3.6500000000e+02,3.3998386798e-03,1.2504270155e-02,7.6904149863e-01,1.8759027904e-01,1.6462982769e-02,4.3571322288e-04,1.0565417493e-02,1.8956650579e+00
3.6550000000e+02,3.4000591293e-03,1.2518729694e-02,7.7047818360e-01,1.8641150114e-01,1.6282278253e-02,4.3585376747e-04,1.0473394415e-02,1.8910572778e+00
3.6600000000e+02,3.4073625251e-03,1.2489640300e-02,7.6998141594e-01,1.8701959630e-01,1.6186648188e-02,4.3761669487e-04,1.0477720058e-02,1.8905182647e+00
3.6650000000e+02,3.4198571426e-03,1.2477994172e-02,7.6964517939e-01,1.8752840068e-01,1.6100433161e-02,4.3737804886e-04,1.0390757400e-02,1.8888691304e+00
3.6700000000e+02,3.4022929361e-03,1.2486293674e-02,7.7096198856e-01,1.8655004870e-01,1.5821903047e-02,4.3444738530e-04,1.0343025698e-02,1.8829287325e+00
3.6750000000e+02,3.3881865019e-03,1.2483512328e-02,7.7285787558e-01,1.8494268608e-01,1.5626225098e-02,4.3365629641e-04,1.0267858119e-02,1.8750677527e+00
3.6800000000e+02,3.3999854264e-03,1.2509528500e-02,7.7447416718e-01,1.8344457856e-01,1.5576060859e-02,4.3573747351e-04,1.0159941998e-02,1.8706892845e+00
3.6850000000e+02,3.4007256190e-03,1.2459897033e-02,7.7637817599e-01,1.8174017541e-01,1.5518357374e-02,4.3468234036e-04,1.0067986228e-02,1.8645909025e+00
3.6900000000e+02,3.4075706342e-03,1.2425506643e-02,7.7772889677e-01,1.8055526232e-01,1.5442217890e-02,4.3332236987e-04,1.0007223380e-02,1.8596522598e+00
3.6950000000e+02,3.4298141461e-03,1.2402517797e-02,7.7770086319e-01,1.8071057032e-01,1.5406059906e-02,4.3302924653e-04,9.9171453886e-03,1.8581399742e+00
3.7000000000e+02,3.4563996672e-03,1.2404200783e-02,7.7811581961e-01,1.8033072422e-01,1.5357064913e-02,4.3588619780e-04,9.8999046066e-03,1.8576470473e+00
3.7050000000e+02,3.4888370230e-03,1.2427659815e-02,7.7727448672e-01,1.8098193688e-01,1.5429047151e-02,4.3534171597e-04,9.9626906989e-03,1.8620863011e+00
3.7100000000e+02,3.4968204257e-03,1.2299620635e-02,7.7795177989e-01,1.8049942004e-01,1.5388381868e-02,4.3378964826e-04,9.9301875006e-03,1.8593726900e+00
3.7150000000e+02,3.5001242248e-03,1.2197438215e-02,7.7904715114e-01,1.7984112985e-01,1.5175078577e-02,4.3164874328e-04,9.8074292470e-03,1.8520285584e+00
3.7200000000e+02,3.5145623060e-03,1.2215622979e-02,7.7971303953e-01,1.7909144948e-01,1.5238968323e-02,4.3414226487e-04,9.7922151198e-03,1.8522685336e+00
3.7250000000e+02,3.5198077427e-03,1.2174945243e-02,7.8126722852e-01,1.7784271275e-01,1.5045547373e-02,4.3295848250e-04,9.7167998879e-03,1.8450415747e+00
3.7300000000e+02,3.5263418843e-03,1.2115851198e-02,7.8240462940e-01,1.7691321161e-01,1.4923523215e-02,4.3286011180e-04,9.6835825780e-03,1.8395843328e+00
3.7350000000e+02,3.5315288769e-03,1.2090732608e-02,7.8436883080e-01,1.7523544421e-01,1.4816461607e-02,4.2995467455e-04,9.5270472212e-03,1.8319764498e+00
3.7400000000e+02,3.5662784571e-03,1.2143317870e-02,7.8380227943e-01,1.7570798439e-01,1.4787719686e-02,4.3138054431e-04,9.5610396187e-03,1.8345875314e+00
3.7450000000e+02,3.5847920712e-03,1.2185935792e-02,7.8376531951e-01,1.7590152873e-01,1.4548091675e-02,4.2782709230e-04,9.5865051326e-03,1.8330905247e+00
3.7500000000e+02,3.6154685208e-03,1.2248050214e-02,7.8384096996e-01,1.7583967613e-01,1.4502943401e-02,4.2808958418e-04,9.5248021916e-03,1.8335224847e+00
3.7550000000e+02,3.6677267757e-03,1.2283534407e-02,7.8578730975e-01,1.7392100997e-01,1.4412828887e-02,4.2500852368e-04,9.5025816877e-03,1.8293709677e+00
3.7600000000e+02,3.6477329142e-03,1.2193274988e-02,7.8674164485e-01,1.7327400913e-01,1.4353288304e-02,4.2146658905e-04,9.3685832210e-03,1.8245906351e+00
3.7650000000e+02,3.6728217935e-03,1.2180302229e-02,7.8682908651e-01,1.7316177461e-01,1.4383344350e-02,4.1674055964e-04,9.3559299482e-03,1.8232497785e+00
3.7700000000e+02,3.6823306856e-03,1.2114409228e-02,7.8777768040e-01,1.7238360957e-01,1.4238225830e-02,4.1287630986e-04,9.3908679801e-03,1.8183136350e+00
3.7750000000e+02,3.6851950997e-03,1.2202284410e-02,7.8694265519e-01,1.7322863354e-01,1.4123943707e-02,4.1385192065e-04,9.4034361397e-03,1.8222417815e+00
3.7800000000e+02,3.6929038174e-03,1.2248550041e-02,7.8747195846e-01,1.7270362819e-01,1.4089744919e-02,4.1655243635e-04,9.3766621313e-03,1.8226811890e+00
3.7850000000e+02,3.7299650911e-03,1.2188419089e-02,7.8883170705e-01,1.7158410429e-01,1.3981819474e-02,4.1687043596e-04,9.2671145661e-03,1.8174221183e+00
3.7900000000e+02,3.7394624661e-03,1.2245678814e-02,7.8882090870e-01,1.7145834665e-01,1.4008888572e-02,4.1541442213e-04,9.3113003733e-03,1.8192634022e+00
3.7950000000e+02,3.7564230379e-03,1.2325285359e-02,7.8813491069e-01,1.7218868864e-01,1.3936031881e-02,4.1525664410e-04,9.2434037495e-03,1.8201913783e+00
3.8000000000e+02,3.7727402363e-03,1.2231864045e-02,7.8888555350e-01,1.7155378570e-01,1.3916847935e-02,4.1550398170e-04,9.2237045982e-03,1.8171586679e+00
3.8050000000e+02,3.7916240904e-03,1.2195226058e-02,7.8949143851e-01,1.7104769322e-01,1.3912689262e-02,4.1462411263e-04,9.1467047469e-03,1.8155182533e+00
3.8100000000e+02,3.8169382825e-03,1.2273375306e-02,7.8813803804e-01,1.7231652286e-01,1.3865139373e-02,4.1787963510e-04,9.1721065111e-03,1.8195790806e+00
3.8150000000e+02,3.8355898305e-03,1.2223792392e-02,7.8837250191e-01,1.7216021121e-01,1.3793127339e-02,4.1598982262e-04,9.1987874901e-03,1.8178388095e+00
3.8200000000e+02,3.8459704738e-03,1.2119554527e-02,7.8806953020e-01,1.7268029933e-01,1.3686599991e-02,4.1383196170e-04,9.1842135103e-03,1.8155501749e+00
3.8250000000e+02,3.8698094410e-03,1.2053462100e-02,7.8933044181e-01,1.7173466260e-01,1.3519288760e-02,4.1087907364e-04,9.0814562107e-03,1.8106492248e+00
3.8300000000e+02,3.8710123924e-03,1.2010778893e-02,7.9008193943e-01,1.7111192416e-01,1.3506466590e-02,4.0911003208e-04,9.0087685032e-03,1.8075073956e+00
3.8350000000e+02,3.9117882478e-03,1.2138404043e-02,7.9038253584e-01,1.7068515165e-01,1.3499835691e-02,4.0695327370e-04,8.9753312580e-03,1.8098204804e+00
3.8400000000e+02,3.9170629842e-03,1.2080884446e-02,7.9111548462e-01,1.7034351281e-01,1.3354162482e-02,4.0017197821e-04,8.7887206781e-03,1.8030785719e+00
3.8450000000e+02,3.8954613541e-03,1.2026162222e-02,7.9320627949e-01,1.6836467549e-01,1.3332932915e-02,3.9835491334e-04,8.7761336167e-03,1.7975033872e+00
3.8500000000e+02,3.9364452647e-03,1.2030725858e-02,7.9369168274e-01,1.6786390157e-01,1.3338573741e-02,3.9882952674e-04,8.7398413030e-03,1.7974046196e+00
3.8550000000e+02,3.9641378711e-03,1.2008005481e-02,7.9406814037e-01,1.6759788794e-01,1.3318501955e-02,3.9737628858e-04,8.6459500953e-03,1.7973757273e+00
3.8600000000e+02,3.9749278966e-03,1.2003211005e-02,7.9473949378e-01,1.6710829622e-01,1.3199728132e-02,4.0171318119e-04,8.5726297864e-03,1.7935213784e+00
3.8650000000e+02,3.9705041939e-03,1.1938302978e-02,7.9707902763e-01,1.6503608907e-01,1.3095896612e-02,3.9792049192e-04,8.4822590246e-03,1.7849822202e+00
3.8700000000e+02,3.9535991098e-03,1.1903660394e-02,7.9883082663e-01,1.6360018245e-01,1.2924099718e-02,3.9559549608e-04,8.3920362071e-03,1.7774851018e+00
3.8750000000e+02,3.9496972237e-03,1.1867972298e-02,7.9987421952e-01,1.6288105371e-01,1.2764917174e-02,3.9441861211e-04,8.2677214550e-03,1.7718997266e+00
3.8800000000e+02,3.9775990932e-03,1.1765251699e-02,8.0086554641e-01,1.6213377920e-01,1.2649745737e-02,3.9486259668e-04,8.2132152644e-03,1.7665395921e+00
3.8850000000e+02,3.9877580731e-03,1.1807403666e-02,8.0053145190e-01,1.6260550925e-01,1.2548673871e-02,3.9553971020e-04,8.1236635311e-03,1.7666002843e+00
3.8900000000e+02,3.9755587142e-03,1.1719254036e-02,8.0116512270e-01,1.6219613747e-01,1.2459167460e-02,3.9302889387e-04,8.0917307302e-03,1.7629763484e+00
3.8950000000e+02,3.9716217373e-03,1.1691551855e-02,8.0110616046e-01,1.6244917460e-01,1.2414779302e-02,3.9205037407e-04,7.9746616753e-03,1.7614380976e+00
3.9000000000e+02,3.9785715708e-03,1.1702024115e-02,8.0293603748e-01,1.6086370551e-01,1.2275725002e-02,3.8740310129e-04,7.8565332170e-03,1.7547545084e+00
3.9050000000e+02,3.9808528912e-03,1.1722586157e-02,8.0358303272e-01,1.6032220899e-01,1.2186665729e-02,3.8645486214e-04,7.8181986489e-03,1.7532905528e+00
3.9100000000e+02,3.9721486744e-03,1.1768775172e-02,8.0325193043e-01,1.6075362767e-01,1.2117280198e-02,3.8591111522e-04,7.7503267332e-03,1.7530660387e+00
3.9150000000e+02,3.9656446284e-03,1.1903624978e-02,8.0207579866e-01,1.6188690624e-01,1.2085674607e-02,3.8460650758e-04,7.6977443815e-03,1.7569206738e+00
3.9200000000e+02,3.9703571431e-03,1.1860937218e-02,8.0159015117e-01,1.6254913314e-01,1.2030292256e-02,3.8286803136e-04,7.6162610446e-03,1.7563198063e+00
3.9250000000e+02,3.9617326289e-03,1.1914783003e-02,8.0169929546e-01,1.6253151705e-01,1.1991906285e-02,3.8261176744e-04,7.5181538119e-03,1.7553006741e+00
3.9300000000e+02,3.9637421821e-03,1.1884712306e-02,8.0195014115e-01,1.6248483378e-01,1.1939746157e-02,3.8396687691e-04,7.3928575543e-03,1.7535441572e+00
3.9350000000e+02,3.9456699470e-03,1.1926297472e-02,8.0244438927e-01,1.6210849484e-01,1.1862458271e-02,3.8466783507e-04,7.3280223647e-03,1.7522757917e+00
3.9400000000e+02,3.9712718127e-03,1.1935004243e-02,8.0230462372e-01,1.6218062049e-01,1.1875476286e-02,3.8931251310e-04,7.3436909325e-03,1.7541697330e+00
3.9450000000e+02,3.9772384442e-03,1.1997543697e-02,8.0164796956e-01,1.6282974546e-01,1.1849880092e-02,3.8901499883e-04,7.3086077409e-03,1.7568218767e+00
3.9500000000e+02,3.9803263908e-03,1.2050366034e-02,8.0179401808e-01,1.6272506524e-01,1.1773492476e-02,3.9007204743e-04,7.2866597295e-03,1.7572305223e+00
3.9550000000e+02,3.9907732419e-03,1.2148359358e-02,8.0111670110e-01,1.6323589517e-01,1.1776349853e-02,3.9412471943e-04,7.3377965497e-03,1.7616026711e+00
3.9600000000e+02,3.9997307934e-03,1.2154887188e-02,8.0224834657e-01,1.6225252734e-01,1.1672377147e-02,3.9160199006e-04,7.2805289654e-03,1.7570929738e+00
3.9650000000e+02,3.9967015140e-03,1.2131227356e-02,8.0334837384e-01,1.6125171437e-01,1.1592059039e-02,3.8812134655e-04,7.2918025352e-03,1.7537934164e+00
3.9700000000e+02,4.0116112129e-03,1.2250394504e-02,8.0282654096e-01,1.6168602580e-01,1.1570463533e-02,3.8736306057e-04,7.2676009263e-03,1.7543612919e+00
3.9750000000e+02,3.9975735968e-03,1.2334495807e-02,8.0355181303e-01,1.6108428869e-01,1.1457870419e-02,3.8463442181e-04,7.1893240421e-03,1.7514561222e+00
3.9800000000e+02,3.9831452920e-03,1.2333392887e-02,8.0440105328e-01,1.6034560436e-01,1.1407304948e-02,3.8296181287e-04,7.1465374181e-03,1.7491556051e+00
3.9850000000e+02,3.9962605248e-03,1.2290166418e-02,8.0494505026e-01,1.5995432807e-01,1.1345749510e-02,3.7998241043e-04,7.0884628064e-03,1.7464426844e+00
3.9900000000e+02,3.9852017814e-03,1.2319214496e-02,8.0580443346e-01,1.5910400650e-01,1.1339421331e-02,3.7435738656e-04,7.0733650438e-03,1.7440262692e+00
3.9950000000e+02,4.0002764810e-03,1.2404820877e-02,8.0519830219e-01,1.5947377305e-01,1.1421565746e-02,3.7684873196e-04,7.1244129291e-03,1.7489717048e+00
4.0000000000e+02,3.9847909726e-03,1.2368417667e-02,8.0679137133e-01,1.5798311896e-01,1.1389975436e-02,3.7383459473e-04,7.1084910390e-03,1.7455738426e+00
4.0050000000e+02,3.9706273504e-03,1.2457580173e-02,8.0716890500e-01,1.5738538847e-01,1.1442680822e-02,3.7690947480e-04,7.1979087021e-03,1.7464854217e+00
4.0100000000e+02,3.9947185927e-03,1.2505919217e-02,8.0598444605e-01,1.5849707559e-01,1.1431343378e-02,3.8003102627e-04,7.2064661413e-03,1.7503520874e+00
4.0150000000e+02,4.0050618912e-03,1.2487624086e-02,8.0664462796e-01,1.5786552915e-01,1.1395770170e-02,3.8234074113e-04,7.2190459986e-03,1.7484571393e+00
4.0200000000e+02,3.9954033765e-03,1.2558530614e-02,8.0778785654e-01,1.5682195184e-01,1.1323353987e-02,3.8677929053e-04,7.1261243523e-03,1.7446504930e+00
4.0250000000e+02,4.0014849062e-03,1.2584864529e-02,8.0815116746e-01,1.5637887760e-01,1.1303553957e-02,3.8915003617e-04,7.1909015147e-03,1.7453195339e+00
4.0300000000e+02,4.0141814436e-03,1.2730544775e-02,8.0644100019e-01,1.5786280765e-01,1.1353951477e-02,3.9345390394e-04,7.2040605601e-03,1.7530887018e+00
4.0350000000e+02,4.0177641148e-03,1.2744654551e-02,8.0702402301e-01,1.5739426364e-01,1.1287817237e-02,3.9554957549e-04,7.1359278714e-03,1.7515830789e+00
4.0400000000e+02,4.0205862197e-03,1.2886648332e-02,8.0543948137e-01,1.5883707991e-01,1.1275588189e-02,3.9960705486e-04,7.1410089182e-03,1.7574661776e+00
4.0450000000e+02,3.9930614625e-03,1.2954249057e-02,8.0526748864e-01,1.5900121359e-01,1.1278519918e-02,3.9885325041e-04,7.1066140755e-03,1.7572102947e+00
4.0500000000e+02,3.9970912877e-03,1.2950760969e-02,8.0483517620e-01,1.5955023252e-01,1.1204328919e-02,4.0151778890e-04,7.0608923161e-03,1.7579198737e+00
4.0550000000e+02,4.0266435032e-03,1.3014915531e-02,8.0501736869e-01,1.5931818477e-01,1.1122597938e-02,4.0519782465e-04,7.0950917462e-03,1.7586305208e+00
4.0600000000e+02,4.0209766084e-03,1.3042868389e-02,8.0413609488e-01,1.6017856003e-01,1.1122645128e-02,4.0850644189e-04,7.0903485199e-03,1.7620392651e+00
4.0650000000e+02,4.0440462793e-03,1.3108890463e-02,8.0268165073e-01,1.6150893882e-01,1.1134539780e-02,4.1422887137e-04,7.1077050588e-03,1.7668898910e+00
4.0700000000e+02,4.0219900789e-03,1.3150659351e-02,8.0255051042e-01,1.6162448608e-01,1.1115091069e-02,4.1802820793e-04,7.1192347952e-03,1.7679460791e+00
4.0750000000e+02,4.0146351364e-03,1.3105255292e-02,8.0375831519e-01,1.6064889672e-01,1.0969582213e-02,4.2362622387e-04,7.0796892280e-03,1.7641164763e+00
4.0800000000e+02,4.0109199825e-03,1.3138156151e-02,8.0447349230e-01,1.5986277615e-01,1.0996388181e-02,4.2643344591e-04,7.0918337858e-03,1.7644010128e+00
4.0850000000e+02,4.0122864412e-03,1.3186440661e-02,8.0544101870e-01,1.5879638498e-01,1.1067990752e-02,4.3086420249e-04,7.0650142638e-03,1.7637785248e+00
4.0900000000e+02,4.0551832463e-03,1.3367911595e-02,8.0397452203e-01,1.5986831112e-01,1.1169657339e-02,4.4093075945e-04,7.1234839108e-03,1.7739687030e+00
4.0950000000e+02,4.0733005216e-03,1.3312913725e-02,8.0433620274e-01,1.5950570620e-01,1.1213761280e-02,4.4456526731e-04,7.1135502673e-03,1.7742670022e+00
4.1000000000e+02,4.0685893013e-03,1.3376020079e-02,8.0411139022e-01,1.5957911012e-01,1.1232587030e-02,4.4976467277e-04,7.1825385709e-03,1.7770710596e+00
4.1050000000e+02,4.0547799549e-03,1.3376893943e-02,8.0360140752e-01,1.6012870488e-01,1.1213024764e-02,4.5427992058e-04,7.1709090245e-03,1.7788420443e+00
4.1100000000e+02,4.0842172406e-03,1.3558802880e-02,8.0166331165e-01,1.6175611435e-01,1.1287979698e-02,4.6371285168e-04,7.1858613301e-03,1.7889834513e+00
4.1150000000e+02,4.1084378432e-03,1.3607912338e-02,8.0188221875e-01,1.6149063437e-01,1.1300568353e-02,4.7072231728e-04,7.1395060293e-03,1.7901817158e+00
4.1200000000e+02,4.0842923325e-03,1.3603531872e-02,8.0216913589e-01,1.6132556863e-01,1.1291813809e-02,4.7382080886e-04,7.0518366573e-03,1.7887797830e+00
4.1250000000e+02,4.0953933706e-03,1.3557587548e-02,8.0218844476e-01,1.6142073011e-01,1.1258392771e-02,4.8290667266e-04,6.9965447724e-03,1.7887938600e+00
4.1300000000e+02,4.1262984944e-03,1.3559908086e-02,8.0165655834e-01,1.6182640288e-01,1.1296878695e-02,4.9384872719e-04,7.0401047797e-03,1.7933043050e+00
4.1350000000e+02,4.1461345989e-03,1.3498976627e-02,8.0238875885e-01,1.6128141729e-01,1.1195823763e-02,5.0015925900e-04,6.9887296196e-03,1.7897794376e+00
4.1400000000e+02,4.1349528720e-03,1.3484996161e-02,8.0179288883e-01,1.6191471448e-01,1.1203864517e-02,5.0472763589e-04,6.9638555081e-03,1.7911760991e+00
4.1450000000e+02,4.1349987610e-03,1.3438331736e-02,8.0062812989e-01,1.6316255744e-01,1.1156333228e-02,5.0937134392e-04,6.9702776048e-03,1.7928862668e+00
4.1500000000e+02,4.1083843058e-03,1.3479137407e-02,8.0027186406e-01,1.6354068522e-01,1.1105829920e-02,5.1871036026e-04,6.9753887190e-03,1.7952304715e+00
4.1550000000e+02,4.1272704787e-03,1.3633525684e-02,7.9811702366e-01,1.6533235731e-01,1.1235476974e-02,5.2712420476e-04,7.0272216907e-03,1.8068428650e+00
4.1600000000e+02,4.1716037758e-03,1.3756224926e-02,7.9724828787e-01,1.6602654233e-01,1.1231002477e-02,5.3546711047e-04,7.0308715153e-03,1.8135804142e+00
4.1650000000e+02,4.1841476805e-03,1.3829698289e-02,7.9627957018e-01,1.6679386220e-01,1.1282866533e-02,5.4370873915e-04,7.0861463747e-03,1.8196747801e+00
4.1700000000e+02,4.1876398599e-03,1.3814422016e-02,7.9683049083e-01,1.6617012469e-01,1.1340898659e-02,5.5151884287e-04,7.1049051092e-03,1.8206333452e+00
4.1750000000e+02,4.2062624171e-03,1.3805680497e-02,7.9768642999e-01,1.6533201745e-01,1.1309172626e-02,5.6142628332e-04,7.0990107361e-03,1.8198326406e+00
4.1800000000e+02,4.1921098661e-03,1.3759820741e-02,7.9727978452e-01,1.6584804546e-01,1.1265607734e-02,5.6531221764e-04,7.0893194643e-03,1.8199186516e+00
4.1850000000e+02,4.1978408454e-03,1.3821247168e-02,7.9729117765e-01,1.6575644032e-01,1.1248897105e-02,5.7280668839e-04,7.1115902223e-03,1.8204483182e+00
4.1900000000e+02,4.1766733967e-03,1.3767805043e-02,7.9791804634e-01,1.6533918644e-01,1.1109672654e-02,5.8064450865e-04,7.1079716115e-03,1.8171643590e+00
4.1950000000e+02,4.1731575509e-03,1.3656404485e-02,7.9787111956e-01,1.6546766793e-01,1.1086060714e-02,5.9238048590e-04,7.1532092745e-03,1.8178856459e+00
4.2000000000e+02,4.2073917367e-03,1.3684410955e-02,7.9733445976e-01,1.6589951586e-01,1.1095818297e-02,5.9831630104e-04,7.1800870931e-03,1.8221344737e+00
4.2050000000e+02,4.2654364561e-03,1.3756792017e-02,7.9587448565e-01,1.6714197029e-01,1.1172101008e-02,6.0901126416e-04,7.1802033151e-03,1.8302829900e+00
4.2100000000e+02,4.2614982078e-03,1.3765871739e-02,7.9577209232e-01,1.6710429889e-01,1.1272198159e-02,6.1142309698e-04,7.2126175861e-03,1.8341478030e+00
4.2150000000e+02,4.2975516583e-03,1.3768644801e-02,7.9545893266e-01,1.6732330168e-01,1.1322475305e-02,6.1533189730e-04,7.2137620013e-03,1.8368844269e+00
4.2200000000e+02,4.3155992414e-03,1.3597487337e-02,7.9562056725e-01,1.6729137868e-01,1.1291841168e-02,6.2765971560e-04,7.2554666036e-03,1.8372264792e+00
4.2250000000e+02,4.3207615364e-03,1.3543833054e-02,7.9577814992e-01,1.6718871117e-01,1.1298643660e-02,6.3056598898e-04,7.2393346729e-03,1.8363756883e+00
4.2300000000e+02,4.3474722025e-03,1.3687543423e-02,7.9534282474e-01,1.6723824812e-01,1.1447303086e-02,6.4479032632e-04,7.2918180978e-03,1.8428424825e+00
4.2350000000e+02,4.3525414609e-03,1.3634611452e-02,7.9565207718e-01,1.6699257145e-01,1.1392973960e-02,6.5303695159e-04,7.3221875461e-03,1.8428785408e+00
4.2400000000e+02,4.3313800685e-03,1.3627433862e-02,7.9506554962e-01,1.6756433092e-01,1.1376815304e-02,6.5964314409e-04,7.3748470796e-03,1.8454019150e+00
4.2450000000e+02,4.3225909417e-03,1.3615781298e-02,7.9523368628e-01,1.6737537593e-01,1.1351893641e-02,6.6519805469e-04,7.4354738569e-03,1.8467426933e+00
4.2500000000e+02,4.3676877604e-03,1.3557944593e-02,7.9451286043e-01,1.6801141911e-01,1.1413356933e-02,6.6956087125e-04,7.4671703027e-03,1.8511565875e+00
4.2550000000e+02,4.3775128835e-03,1.3591201616e-02,7.9352820613e-01,1.6898346143e-01,1.1333246137e-02,6.8087477909e-04,7.5054970321e-03,1.8533098737e+00
4.2600000000e+02,4.3947623639e-03,1.3634800157e-02,7.9197666601e-01,1.7031244487e-01,1.1416858364e-02,6.8179752588e-04,7.5826707043e-03,1.8596916955e+00
4.2650000000e+02,4.3967767358e-03,1.3632129504e-02,7.9288194528e-01,1.6938169002e-01,1.1468851775e-02,6.8888743192e-04,7.5497192499e-03,1.8590448868e+00
4.2700000000e+02,4.4139949738e-03,1.3619754312e-02,7.9362272809e-01,1.6856949678e-01,1.1494772449e-02,6.9309941924e-04,7.5861539698e-03,1.8593814798e+00
4.2750000000e+02,4.4679261456e-03,1.3561344856e-02,7.9320985097e-01,1.6901875307e-01,1.1417656008e-02,7.0013539578e-04,7.6243335593e-03,1.8624195390e+00
4.2800000000e+02,4.4972999259e-03,1.3533392553e-02,7.9252883866e-01,1.6970120934e-01,1.1426818233e-02,7.0507066709e-04,7.6073706231e-03,1.8653522351e+00
4.2850000000e+02,4.4816323631e-03,1.3479852851e-02,7.9311770815e-01,1.6914172335e-01,1.1505809395e-02,7.1328926902e-04,7.5599846270e-03,1.8631117690e+00
4.2900000000e+02,4.4875768840e-03,1.3551702130e-02,7.9286147623e-01,1.6929013646e-01,1.1547837103e-02,7.2022482512e-04,7.5410463688e-03,1.8652777459e+00
4.2950000000e+02,4.5300976371e-03,1.3595338908e-02,7.9149623965e-01,1.7037641859e-01,1.1673823797e-02,7.2584380200e-04,7.6022376204e-03,1.8719314526e+00
4.3000000000e+02,4.5202188354e-03,1.3536297106e-02,7.9154638469e-01,1.7037687587e-01,1.1645282385e-02,7.3279966741e-04,7.6421414441e-03,1.8721340213e+00
4.3050000000e+02,4.5579354104e-03,1.3503824893e-02,7.9028954012e-01,1.7144283780e-01,1.1713045057e-02,7.4328641304e-04,7.7495303102e-03,1.8781928668e+00
4.3100000000e+02,4.5984511266e-03,1.3595522819e-02,7.8918607295e-01,1.7231809406e-01,1.1755929390e-02,7.4688505064e-04,7.7990446071e-03,1.8837650560e+00
4.3150000000e+02,4.5834701709e-03,1.3613383107e-02,7.8934952102e-01,1.7211496231e-01,1.1762435246e-02,7.4989713259e-04,7.8263310149e-03,1.8842405651e+00
4.3200000000e+02,4.5841032592e-03,1.3652835129e-02,7.8860522531e-01,1.7263979582e-01,1.1860225626e-02,7.6341927078e-04,7.8943955901e-03,1.8894259994e+00
4.3250000000e+02,4.6047726478e-03,1.3851154370e-02,7.8563665490e-01,1.7512933316e-01,1.2029807384e-02,7.7856488862e-04,7.9697126470e-03,1.9024065742e+00
4.3300000000e+02,4.6000992564e-03,1.3769174581e-02,7.8617492563e-01,1.7465804492e-01,1.2034195605e-02,7.8137954403e-04,7.9821804631e-03,1.9008864554e+00
4.3350000000e+02,4.5942553707e-03,1.3662691039e-02,7.8594758649e-01,1.7503814557e-01,1.1997105057e-02,7.8676826585e-04,7.9734482158e-03,1.9006556755e+00
4.3400000000e+02,4.6342052761e-03,1.3781143770e-02,7.8587440597e-01,1.7478855398e-01,1.2068263845e-02,7.9887954913e-04,8.0545476146e-03,1.9056187600e+00
4.3450000000e+02,4.5953752793e-03,1.3780454921e-02,7.8625768670e-01,1.7444225175e-01,1.2046765624e-02,7.9766534040e-04,8.0798003916e-03,1.9040385040e+00
4.3500000000e+02,4.5953164199e-03,1.3788277289e-02,7.8543419808e-01,1.7524211698e-01,1.2076360736e-02,8.0121567401e-04,8.0625148255e-03,1.9066117920e+00
4.3550000000e+02,4.5732538037e-03,1.3809449529e-02,7.8446075650e-01,1.7615713593e-01,1.2090450700e-02,8.1020360326e-04,8.0987499388e-03,1.9111064033e+00
4.3600000000e+02,4.5805834004e-03,1.3839988939e-02,7.8438916135e-01,1.7605074788e-01,1.2165992105e-02,8.1741079348e-04,8.1561155318e-03,1.9137421226e+00
4.3650000000e+02,4.6051675098e-03,1.3937572542e-02,7.8276846957e-01,1.7739328193e-01,1.2262106797e-02,8.2390776378e-04,8.2094938781e-03,1.9208487542e+00
4.3700000000e+02,4.6239709919e-03,1.4046534422e-02,7.8177785698e-01,1.7826526781e-01,1.2252395635e-02,8.2446366012e-04,8.2095105015e-03,1.9245949749e+00
4.3750000000e+02,4.6515492674e-03,1.4081305855e-02,7.8049730959e-01,1.7929471853e-01,1.2340301831e-02,8.3365225222e-04,8.3011626717e-03,1.9307004147e+00
4.3800000000e+02,4.6862728678e-03,1.4092322091e-02,7.7986904769e-01,1.7974583246e-01,1.2386091269e-02,8.4633767291e-04,8.3740959445e-03,1.9354585959e+00
4.3850000000e+02,4.6692007471e-03,1.3981742847e-02,7.8037235107e-01,1.7922979789e-01,1.2436070306e-02,8.4843808709e-04,8.4623990541e-03,1.9359411189e+00
4.3900000000e+02,4.6608939392e-03,1.3954551123e-02,7.7947429183e-01,1.8006692828e-01,1.2499799230e-02,8.4882712418e-04,8.4947084776e-03,1.9380222979e+00
4.3950000000e+02,4.6814941237e-03,1.4033410516e-02,7.7891674293e-01,1.8030624733e-01,1.2588491947e-02,8.5487137969e-04,8.6187417772e-03,1.9441887558e+00
4.4000000000e+02,4.6648503998e-03,1.3891887098e-02,7.8016964282e-01,1.7920316043e-01,1.2574496191e-02,8.5212224844e-04,8.6438408140e-03,1.9404825419e+00
4.4050000000e+02,4.6735288284e-03,1.3901176851e-02,7.7961968929e-01,1.7960995817e-01,1.2684300267e-02,8.4797979841e-04,8.6633668001e-03,1.9433362435e+00
4.4100000000e+02,4.6965557119e-03,1.3974807134e-02,7.8043663590e-01,1.7852678642e-01,1.2726890835e-02,8.5118524478e-04,8.7871387495e-03,1.9450491528e+00
4.4150000000e+02,4.7306885266e-03,1.4021265817e-02,7.7987805039e-01,1.7870896181e-01,1.2922938118e-02,8.5622127224e-04,8.8818740574e-03,1.9523394204e+00
4.4200000000e+02,4.7310723624e-03,1.3998366822e-02,7.7964653231e-01,1.7895653424e-01,1.2963976017e-02,8.5941929160e-04,8.8440989586e-03,1.9523974967e+00
4.4250000000e+02,4.7565549528e-03,1.3998796878e-02,7.7939702844e-01,1.7908527563e-01,1.3008274544e-02,8.6674932831e-04,8.8873202292e-03,1.9550103636e+00
4.4300000000e+02,4.7237103463e-03,1.3914160021e-02,7.8060129288e-01,1.7788619985e-01,1.3017958483e-02,8.6671748238e-04,8.9899609437e-03,1.9535001211e+00
4.4350000000e+02,4.6946493055e-03,1.3845808774e-02,7.8082791473e-01,1.7767831588e-01,1.3052648129e-02,8.6148348533e-04,9.0391796927e-03,1.9527867318e+00
4.4400000000e+02,4.6851040015e-03,1.3911266831e-02,7.8018139053e-01,1.7802011357e-01,1.3145601943e-02,8.6870724161e-04,9.1878158842e-03,1.9581097139e+00
4.4450000000e+02,4.6569656797e-03,1.3842857120e-02,7.8107960840e-01,1.7724542135e-01,1.3145753221e-02,8.6738673618e-04,9.1620074894e-03,1.9551895786e+00
4.4500000000e+02,4.6113180956e-03,1.3849887839e-02,7.8195253117e-01,1.7637285466e-01,1.3124780482e-02,8.7479613517e-04,9.2138316187e-03,1.9535466433e+00
4.4550000000e+02,4.6281546165e-03,1.3878020759e-02,7.8182345884e-01,1.7628273168e-01,1.3231286046e-02,8.8039348946e-04,9.2759545704e-03,1.9573034633e+00
4.4600000000e+02,4.6247228497e-03,1.3912240654e-02,7.8096598480e-01,1.7686835261e-01,1.3392990870e-02,8.8897492349e-04,9.3467332901e-03,1.9634610252e+00
4.4650000000e+02,4.6390441198e-03,1.3817241078e-02,7.8144967601e-01,1.7643418102e-01,1.3458437380e-02,8.9460684761e-04,9.3068135503e-03,1.9623801118e+00
4.4700000000e+02,4.6473120000e-03,1.3880686450e-02,7.8119678720e-01,1.7652570220e-01,1.3499034619e-02,9.0127862455e-04,9.3491989003e-03,1.9655797082e+00
4.4750000000e+02,4.6465084457e-03,1.3839720780e-02,7.8145308440e-01,1.7633632423e-01,1.3491348543e-02,8.9785167783e-04,9.3351619323e-03,1.9645208584e+00
4.4800000000e+02,4.6616181837e-03,1.3875354117e-02,7.8015383855e-01,1.7743291551e-01,1.3521547031e-02,9.0046548962e-04,9.4542611173e-03,1.9691507531e+00
4.4850000000e+02,4.7056412048e-03,1.3969271884e-02,7.7810562761e-01,1.7907191221e-01,1.3649944413e-02,9.1538980499e-04,9.5822128738e-03,1.9791659226e+00
4.4900000000e+02,4.7209892210e-03,1.3913656257e-02,7.7654619134e-01,1.8059009152e-01,1.3724941486e-02,9.1212888425e-04,9.5920012993e-03,1.9835504476e+00
4.4950000000e+02,4.6910510836e-03,1.3802596112e-02,7.7636452298e-01,1.8086090665e-01,1.3681130075e-02,9.1531615633e-04,9.6844769407e-03,1.9835560429e+00
4.5000000000e+02,4.6740675774e-03,1.3788731671e-02,7.7466380386e-01,1.8234993468e-01,1.3859207453e-02,9.2112549480e-04,9.7431292660e-03,1.9908357590e+00
4.5050000000e+02,4.7225233484e-03,1.3745968627e-02,7.7391483044e-01,1.8294774792e-01,1.3966404883e-02,9.2604049028e-04,9.7764842858e-03,1.9953052893e+00
4.5100000000e+02,4.7181123422e-03,1.3652947124e-02,7.7579568479e-01,1.8113746543e-01,1.4004295728e-02,9.2339983578e-04,9.7680947575e-03,1.9908306255e+00
4.5150000000e+02,4.7244534601e-03,1.3633575332e-02,7.7522532320e-01,1.8157281526e-01,1.4109730583e-02,9.2305193167e-04,9.8110502343e-03,1.9936767330e+00
4.5200000000e+02,4.7419303330e-03,1.3775249403e-02,7.7387270912e-01,1.8270033671e-01,1.4135148304e-02,9.2725546746e-04,9.8473706615e-03,1.9989504010e+00
4.5250000000e+02,4.7722567358e-03,1.3676916671e-02,7.7420606491e-01,1.8223879376e-01,1.4266339697e-02,9.3224887574e-04,9.9073793525e-03,2.0001904601e+00
4.5300000000e+02,4.8175840726e-03,1.3670508844e-02,7.7240712907e-01,1.8389549606e-01,1.4342737669e-02,9.3937180358e-04,9.9271724778e-03,2.0064677634e+00
4.5350000000e+02,4.8129966109e-03,1.3741485836e-02,7.7133134644e-01,1.8487806059e-01,1.4361717295e-02,9.4482031322e-04,9.9295729181e-03,2.0104144560e+00
4.5400000000e+02,4.8290561550e-03,1.3791843085e-02,7.7061042555e-01,1.8554540696e-01,1.4286501590e-02,9.5076653335e-04,9.9860001242e-03,2.0128991482e+00
4.5450000000e+02,4.8305093206e-03,1.3766168865e-02,7.6827728118e-01,1.8784475092e-01,1.4289540604e-02,9.4592976148e-04,1.0045819350e-02,2.0180450303e+00
4.5500000000e+02,4.8574968210e-03,1.3712668965e-02,7.6787792314e-01,1.8810021349e-01,1.4310116363e-02,9.4405975213e-04,1.0197521470e-02,2.0214359172e+00
4.5550000000e+02,4.8718065192e-03,1.3671004062e-02,7.6664797119e-01,1.8905036820e-01,1.4498093459e-02,9.5313494687e-04,1.0307621626e-02,2.0275211181e+00
4.5600000000e+02,4.8405518612e-03,1.3564103332e-02,7.6661440714e-01,1.8913820136e-01,1.4522382834e-02,9.4977692092e-04,1.0370576547e-02,2.0256822444e+00
4.5650000000e+02,4.8529553439e-03,1.3545969193e-02,7.6617964342e-01,1.8930501047e-01,1.4672979400e-02,9.5080020344e-04,1.0492641972e-02,2.0295897060e+00
4.5700000000e+02,4.8414085440e-03,1.3460839498e-02,7.6540444500e-01,1.9014714686e-01,1.4702591115e-02,9.4413694216e-04,1.0499432040e-02,2.0299814150e+00
4.5750000000e+02,4.8155214128e-03,1.3390424482e-02,7.6541455331e-01,1.9004412148e-01,1.4778316831e-02,9.4235199444e-04,1.0614710486e-02,2.0320406177e+00
4.5800000000e+02,4.8366843416e-03,1.3316843226e-02,7.6558293115e-01,1.8984301742e-01,1.4785217505e-02,9.4301474439e-04,1.0692291612e-02,2.0331958174e+00
4.5850000000e+02,4.8769558158e-03,1.3437649831e-02,7.6387019167e-01,1.9105559118e-01,1.4956315710e-02,9.5805594954e-04,1.0845239842e-02,2.0433745798e+00
4.5900000000e+02,4.8677655272e-03,1.3491445299e-02,7.6286540397e-01,1.9196152747e-01,1.4998742093e-02,9.5843167836e-04,1.0856683961e-02,2.0460655393e+00
4.5950000000e+02,4.8840853822e-03,1.3441490202e-02,7.6192929675e-01,1.9271960714e-01,1.5116923052e-02,9.6236069631e-04,1.0946236774e-02,2.0501413194e+00
4.6000000000e+02,4.8952412837e-03,1.3441713442e-02,7.6212362756e-01,1.9240634680e-01,1.5154657869e-02,9.6039034541e-04,1.1018022704e-02,2.0515715272e+00
4.6050000000e+02,4.8378087798e-03,1.3374869787e-02,7.6175652843e-01,1.9281006414e-01,1.5222762128e-02,9.6356356084e-04,1.1034403173e-02,2.0512887445e+00
4.6100000000e+02,4.7897415712e-03,1.3376492588e-02,7.6221805322e-01,1.9224341143e-01,1.5359123559e-02,9.6268446275e-04,1.1050493169e-02,2.0505879781e+00
4.6150000000e+02,4.7690413690e-03,1.3386678838e-02,7.6136523895e-01,1.9288209568e-01,1.5531872061e-02,9.7826415285e-04,1.1086808954e-02,2.0542097187e+00
4.6200000000e+02,4.7310487502e-03,1.3378252940e-02,7.6114382807e-01,1.9307498783e-01,1.5613399704e-02,9.8059850163e-04,1.1077884206e-02,2.0551359628e+00
4.6250000000e+02,4.7009707463e-03,1.3392821382e-02,7.6017999672e-01,1.9407319247e-01,1.5581649402e-02,9.8178687951e-04,1.1089582406e-02,2.0567139814e+00
4.6300000000e+02,4.7098683939e-03,1.3490007579e-02,7.5908944198e-01,1.9468073199e-01,1.5838823557e-02,9.8519788843e-04,1.1205928609e-02,2.0642471355e+00
4.6350000000e+02,4.6756953723e-03,1.3496804678e-02,7.5944734691e-01,1.9432251235e-01,1.5830577397e-02,9.8729657657e-04,1.1239766716e-02,2.0632118889e+00
4.6400000000e+02,4.7041280363e-03,1.3585895489e-02,7.5790707013e-01,1.9549665738e-01,1.5964371305e-02,9.9246910414e-04,1.1349408548e-02,2.0711722744e+00
4.6450000000e+02,4.6788696873e-03,1.3521656047e-02,7.5754186434e-01,1.9598754664e-01,1.5875855285e-02,9.9385620565e-04,1.1400351786e-02,2.0700991910e+00
4.6500000000e+02,4.6780193845e-03,1.3472963259e-02,7.5792567818e-01,1.9562201275e-01,1.5889323051e-02,9.8363114810e-04,1.1428372236e-02,2.0694794730e+00
4.6550000000e+02,4.7291933198e-03,1.3450967566e-02,7.5677692358e-01,1.9653203205e-01,1.5938717586e-02,9.8533965692e-04,1.1586826241e-02,2.0750705091e+00
4.6600000000e+02,4.7200254524e-03,1.3357428132e-02,7.5693590201e-01,1.9638952157e-01,1.6003651072e-02,9.7494085177e-04,1.1618530917e-02,2.0745883687e+00
4.6650000000e+02,4.7461468454e-03,1.3447146004e-02,7.5591331742e-01,1.9726753353e-01,1.6008880701e-02,9.7547960661e-04,1.1641495899e-02,2.0785867687e+00
4.6700000000e+02,4.7337150646e-03,1.3389241777e-02,7.5664751300e-01,1.9676795027e-01,1.5892198601e-02,9.7254608755e-04,1.1596835202e-02,2.0739974900e+00
4.6750000000e+02,4.7194998306e-03,1.3379186394e-02,7.5637474887e-01,1.9696772564e-01,1.5887198142e-02,9.6767128294e-04,1.1703969841e-02,2.0745172921e+00
4.6800000000e+02,4.7252340606e-03,1.3479440140e-02,7.5489088423e-01,1.9820100307e-01,1.5899293794e-02,9.7161939919e-04,1.1832525315e-02,2.0803298167e+00
4.6850000000e+02,4.7304017231e-03,1.3529623668e-02,7.5337285048e-01,1.9949258378e-01,1.5998940010e-02,9.7996600837e-04,1.1895634328e-02,2.0862217923e+00
4.6900000000e+02,4.7480273721e-03,1.3564023178e-02,7.5357935307e-01,1.9912388174e-01,1.6058644276e-02,9.8212385908e-04,1.1943946508e-02,2.0876065271e+00
4.6950000000e+02,4.7799901592e-03,1.3648961877e-02,7.5106380199e-01,2.0097592794e-01,1.6419073163e-02,9.9492702719e-04,1.2117317843e-02,2.0998307685e+00
4.7000000000e+02,4.7628373242e-03,1.3637535871e-02,7.5037567205e-01,2.0154641177e-01,1.6427043750e-02,9.9225952158e-04,1.2258239718e-02,2.1018377409e+00
4.7050000000e+02,4.7835142219e-03,1.3759339653e-02,7.4740050142e-01,2.0395845826e-01,1.6680608792e-02,9.9844208381e-04,1.2419135576e-02,2.1136029083e+00
4.7100000000e+02,4.7536982032e-03,1.3913172760e-02,7.4613109676e-01,2.0481185824e-01,1.6835596062e-02,1.0059191249e-03,1.2548658849e-02,2.1200742657e+00
4.7150000000e+02,4.7452580698e-03,1.3986369154e-02,7.4527212021e-01,2.0547561280e-01,1.6796177679e-02,1.0039225029e-03,1.2720539585e-02,2.1245976072e+00
4.7200000000e+02,4.7607661499e-03,1.3998456455e-02,7.4484211595e-01,2.0566037385e-01,1.6883402584e-02,1.0073451568e-03,1.2847539861e-02,2.1282822106e+00
4.7250000000e+02,4.7185671538e-03,1.3852288445e-02,7.4291319327e-01,2.0781333557e-01,1.6800938290e-02,1.0107844576e-03,1.2890892807e-02,2.1294308691e+00
4.7300000000e+02,4.6967793625e-03,1.3855499152e-02,7.4129561853e-01,2.0923605238e-01,1.6875463260e-02,1.0209840947e-03,1.3019603223e-02,2.1341784696e+00
4.7350000000e+02,4.7014575334e-03,1.3861774336e-02,7.4020140069e-01,2.1009318752e-01,1.7004680834e-02,1.0254986143e-03,1.3112000470e-02,2.1386367679e+00
4.7400000000e+02,4.6320724410e-03,1.3750222096e-02,7.4225090983e-01,2.0836933225e-01,1.6948648737e-02,1.0209810022e-03,1.3027833642e-02,2.1315493163e+00
4.7450000000e+02,4.6220013875e-03,1.3732940585e-02,7.4274924166e-01,2.0786008718e-01,1.6921144385e-02,1.0150255424e-03,1.3099559263e-02,2.1307636020e+00
4.7500000000e+02,4.6134418984e-03,1.3654943738e-02,7.4433016975e-01,2.0622611364e-01,1.6979023191e-02,1.0179627978e-03,1.3178344985e-02,2.1278914310e+00
4.7550000000e+02,4.6196626150e-03,1.3635407856e-02,7.4343061634e-01,2.0702532666e-01,1.7070221368e-02,1.0117339430e-03,1.3207031219e-02,2.1293332936e+00
4.7600000000e+02,4.5947121673e-03,1.3530742385e-02,7.4264210618e-01,2.0809687859e-01,1.6995748652e-02,1.0074783069e-03,1.3132333717e-02,2.1281663645e+00
4.7650000000e+02,4.6158219589e-03,1.3608114667e-02,7.4206390857e-01,2.0840443722e-01,1.7060368178e-02,1.0142061558e-03,1.3233143245e-02,2.1331048076e+00
4.7700000000e+02,4.6060399468e-03,1.3545584297e-02,7.4232891564e-01,2.0809572129e-01,1.7121312847e-02,1.0177224610e-03,1.3284703520e-02,2.1330677000e+00
4.7750000000e+02,4.6117019012e-03,1.3635847913e-02,7.4130119836e-01,2.0882811031e-01,1.7234191327e-02,1.0203333424e-03,1.3368616855e-02,2.1388213833e+00
4.7800000000e+02,4.6200592676e-03,1.3689335366e-02,7.3929814631e-01,2.1057193931e-01,1.7372246007e-02,1.0216963363e-03,1.3426577401e-02,2.1455250690e+00
4.7850000000e+02,4.6492213341e-03,1.3746719317e-02,7.3844403235e-01,2.1104386886e-01,1.7499040055e-02,1.0257204388e-03,1.3591397647e-02,2.1518325337e+00
4.7900000000e+02,4.6616968253e-03,1.3837439506e-02,7.3645542593e-01,2.1262862258e-01,1.7713465982e-02,1.0251455857e-03,1.3678203595e-02,2.1598501819e+00
4.7950000000e+02,4.6992959705e-03,1.3825374128e-02,7.3461578714e-01,2.1417614745e-01,1.7862000277e-02,1.0206150115e-03,1.3800780031e-02,2.1658912743e+00
4.8000000000e+02,4.6711591246e-03,1.3824467310e-02,7.3284417845e-01,2.1572973974e-01,1.7977358724e-02,1.0264461897e-03,1.3926650456e-02,2.1719737193e+00
4.8050000000e+02,4.6633501873e-03,1.3724680099e-02,7.3357306435e-01,2.1512879840e-01,1.7989179802e-02,1.0164388095e-03,1.3904488358e-02,2.1691352693e+00
4.8100000000e+02,4.6459711716e-03,1.3706747450e-02,7.3296305952e-01,2.1579232000e-01,1.8047034307e-02,1.0154373900e-03,1.3829430162e-02,2.1695118795e+00
4.8150000000e+02,4.6446253142e-03,1.3697276830e-02,7.3357039106e-01,2.1505107240e-01,1.8175773080e-02,1.0160443763e-03,1.3844816936e-02,2.1696835870e+00
4.8200000000e+02,4.6492829141e-03,1.3841410232e-02,7.3380262121e-01,2.1440970209e-01,1.8353980322e-02,1.0207791606e-03,1.3922224076e-02,2.1735203938e+00
4.8250000000e+02,4.6899401274e-03,1.3736091631e-02,7.3309581033e-01,2.1503797940e-01,1.8411343677e-02,1.0183327551e-03,1.4010502082e-02,2.1757956140e+00
4.8300000000e+02,4.6888446410e-03,1.3650660527e-02,7.3235050707e-01,2.1582891986e-01,1.8490706934e-02,1.0124673283e-03,1.3977893641e-02,2.1764659755e+00
4.8350000000e+02,4.6598083231e-03,1.3722512306e-02,7.3193970117e-01,2.1602873444e-01,1.8514218424e-02,1.0047815253e-03,1.4130243809e-02,2.1788425441e+00
4.8400000000e+02,4.6831551412e-03,1.3712484425e-02,7.3129239408e-01,2.1651561733e-01,1.8599143750e-02,1.0063860444e-03,1.4190819223e-02,2.1820198819e+00
4.8450000000e+02,4.6660497213e-03,1.3591564950e-02,7.3017026201e-01,2.1754396159e-01,1.8762127413e-02,1.0029406652e-03,1.4263093655e-02,2.1844005721e+00
4.8500000000e+02,4.6434588744e-03,1.3475169844e-02,7.2997266074e-01,2.1785824847e-01,1.8804351862e-02,9.9595399851e-04,1.4250156210e-02,2.1821705962e+00
4.8550000000e+02,4.6893452200e-03,1.3655220104e-02,7.2836271843e-01,2.1883896906e-01,1.8977253043e-02,1.0027520934e-03,1.4473742045e-02,2.1920624150e+00
4.8600000000e+02,4.7021994601e-03,1.3638974792e-02,7.2732639533e-01,2.1970164343e-01,1.9081000189e-02,1.0023729176e-03,1.4547413883e-02,2.1949976474e+00
4.8650000000e+02,4.7154386854e-03,1.3705582622e-02,7.2445546185e-01,2.2194568685e-01,1.9420240832e-02,1.0090933886e-03,1.4748495768e-02,2.2054106158e+00
4.8700000000e+02,4.7473461098e-03,1.3889059899e-02,7.2139343091e-01,2.2433562989e-01,1.9620481133e-02,1.0177021565e-03,1.4996349898e-02,2.2192701154e+00
4.8750000000e+02,4.7468420722e-03,1.3874753105e-02,7.2241613101e-01,2.2311645045e-01,1.9748199008e-02,1.0221169625e-03,1.5075507396e-02,2.2184731811e+00
4.8800000000e+02,4.7690511142e-03,1.3826150207e-02,7.2180345417e-01,2.2342926459e-01,1.9928640228e-02,1.0345976704e-03,1.5208842023e-02,2.2230867072e+00
4.8850000000e+02,4.8060212958e-03,1.3803233740e-02,7.2170565778e-01,2.2329631227e-01,2.0022016022e-02,1.0375754806e-03,1.5329183418e-02,2.2259192240e+00
4.8900000000e+02,4.7973315777e-03,1.3770351046e-02,7.2088629464e-01,2.2400249844e-01,2.0102133548e-02,1.0392105406e-03,1.5402180202e-02,2.2276757208e+00
4.8950000000e+02,4.8275175888e-03,1.3886917003e-02,7.2025321671e-01,2.2410245022e-01,2.0348118511e-02,1.0497193913e-03,1.5532060574e-02,2.2347890787e+00
4.9000000000e+02,4.8654580811e-03,1.3932978016e-02,7.1958610229e-01,2.2447032948e-01,2.0451597286e-02,1.0538529526e-03,1.5639681894e-02,2.2392137782e+00
4.9050000000e+02,4.8484246420e-03,1.3840606949e-02,7.1863336941e-01,2.2535973493e-01,2.0508592170e-02,1.0582685424e-03,1.5751003365e-02,2.2403017936e+00
4.9100000000e+02,4.8379524211e-03,1.3892619963e-02,7.1916947391e-01,2.2487781844e-01,2.0460098692e-02,1.0563562123e-03,1.5705680365e-02,2.2394247727e+00
4.9150000000e+02,4.8834226347e-03,1.3904297118e-02,7.1760242459e-01,2.2606101363e-01,2.0660205171e-02,1.0613168676e-03,1.5827319987e-02,2.2461705655e+00
4.9200000000e+02,4.8769086140e-03,1.3897857377e-02,7.1768445512e-01,2.2579944433e-01,2.0725020362e-02,1.0540708626e-03,1.5962243327e-02,2.2469431808e+00
4.9250000000e+02,4.8770155774e-03,1.3714940694e-02,7.1885454608e-01,2.2519054606e-01,2.0526550807e-02,1.0473353410e-03,1.5789065444e-02,2.2393775312e+00
4.9300000000e+02,4.8769922264e-03,1.3714975299e-02,7.1837570395e-01,2.2562594819e-01,2.0511482531e-02,1.0433507564e-03,1.5851547047e-02,2.2406028912e+00
4.9350000000e+02,4.9161366717e-03,1.3643697602e-02,7.1855578765e-01,2.2528012089e-01,2.0624634355e-02,1.0469827714e-03,1.5932640059e-02,2.2427313493e+00
4.9400000000e+02,4.9559211883e-03,1.3708632482e-02,7.1824383730e-01,2.2528931128e-01,2.0719330091e-02,1.0596302265e-03,1.6023337431e-02,2.2470246652e+00
4.9450000000e+02,4.9947463837e-03,1.3836215786e-02,7.1673953281e-01,2.2634322015e-01,2.0897692237e-02,1.0639389170e-03,1.6124653724e-02,2.2546806268e+00
4.9500000000e+02,4.9636243345e-03,1.3767822113e-02,7.1707818302e-01,2.2597189609e-01,2.0960356502e-02,1.0567276808e-03,1.6201390256e-02,2.2543622723e+00
4.9550000000e+02,4.9762980988e-03,1.3863882250e-02,7.1533947280e-01,2.2740589180e-01,2.1077832406e-02,1.0652404012e-03,1.6271382248e-02,2.2610025636e+00
4.9600000000e+02,5.0293046942e-03,1.3863642239e-02,7.1441077212e-01,2.2785680698e-01,2.1316122461e-02,1.0798321345e-03,1.6443519379e-02,2.2674729427e+00
4.9650000000e+02,5.0633336888e-03,1.3854652498e-02,7.1425423021e-01,2.2774844638e-01,2.1481465441e-02,1.0871293227e-03,1.6510742458e-02,2.2704588915e+00
4.9700000000e+02,5.0470767869e-03,1.3755580104e-02,7.1214800985e-01,2.2979170671e-01,2.1613185084e-02,1.0887875533e-03,1.6555653908e-02,2.2732187297e+00
4.9750000000e+02,5.0484254095e-03,1.3716646894e-02,7.1117979682e-01,2.3068778820e-01,2.1673218250e-02,1.0976250961e-03,1.6596499321e-02,2.2760776023e+00
4.9800000000e+02,5.0592810550e-03,1.3636277973e-02,7.1062746539e-01,2.3125663842e-01,2.1774096728e-02,1.0986373008e-03,1.6547603137e-02,2.2775672797e+00
4.9850000000e+02,5.0553289870e-03,1.3630262230e-02,7.0902712780e-01,2.3257940932e-01,2.1924541032e-02,1.1066375208e-03,1.6676693113e-02,2.2827102810e+00
4.9900000000e+02,5.0620972917e-03,1.3716859539e-02,7.0881268251e-01,2.3266050483e-01,2.1894035590e-02,1.1142861642e-03,1.6739534071e-02,2.2847718437e+00
4.9950000000e+02,5.0704008768e-03,1.3664153374e-02,7.0746688836e-01,2.3403993895e-01,2.1847426282e-02,1.1159922409e-03,1.6795199911e-02,2.2864527822e+00
5.0000000000e+02,5.0951999799e-03,1.3779849780e-02,7.0641860086e-01,2.3481856496e-01,2.1890035034e-02,1.1201958237e-03,1.6877553561e-02,2.2909471139e+00
5.0050000000e+02,5.0924513585e-03,1.3846303390e-02,7.0400442622e-01,2.3683485925e-01,2.2132513279e-02,1.1299738526e-03,1.6959472652e-02,2.2977983957e+00
5.0100000000e+02,5.0873181126e-03,1.3823878699e-02,7.0234342468e-01,2.3832022276e-01,2.2197078828e-02,1.1288213977e-03,1.7099255519e-02,2.3012419531e+00
5.0150000000e+02,5.0851700935e-03,1.3891136032e-02,7.0000249288e-01,2.4019692914e-01,2.2462297247e-02,1.1368564436e-03,1.7225118169e-02,2.3090509905e+00
5.0200000000e+02,5.0772166799e-03,1.3781081548e-02,7.0044479080e-01,2.3979659413e-01,2.2532633711e-02,1.1418366010e-03,1.7225846521e-02,2.3068457773e+00
5.0250000000e+02,5.0892542225e-03,1.3723570234e-02,7.0106407644e-01,2.3927225649e-01,2.2618382077e-02,1.1373147652e-03,1.7095145770e-02,2.3056846164e+00
5.0300000000e+02,5.1069240129e-03,1.3777316559e-02,7.0017164366e-01,2.4004965241e-01,2.2632732219e-02,1.1447306685e-03,1.7117000474e-02,2.3088709797e+00
5.0350000000e+02,5.1129891110e-03,1.3745802880e-02,6.9826532719e-01,2.4196094672e-01,2.2688344188e-02,1.1465183809e-03,1.7080071534e-02,2.3119982110e+00
5.0400000000e+02,5.1252664372e-03,1.3719108740e-02,6.9642766296e-01,2.4363876638e-01,2.2751671448e-02,1.1499386902e-03,1.7187585339e-02,2.3159585400e+00
5.0450000000e+02,5.1304688849e-03,1.3671584739e-02,6.9667053789e-01,2.4325813659e-01,2.2869908898e-02,1.1485319127e-03,1.7250831085e-02,2.3164029544e+00
5.0500000000e+02,5.1677230091e-03,1.3682917801e-02,6.9457593028e-01,2.4509066265e-01,2.2969820863e-02,1.1544095977e-03,1.7358535799e-02,2.3225813536e+00
5.0550000000e+02,5.1092263640e-03,1.3616435979e-02,6.9501999624e-01,2.4485864957e-01,2.2956105965e-02,1.1431730041e-03,1.7296412881e-02,2.3194087096e+00
5.0600000000e+02,5.0900156869e-03,1.3760969263e-02,6.9530494110e-01,2.4413306647e-01,2.3217069136e-02,1.1475821428e-03,1.7346356200e-02,2.3222640142e+00
5.0650000000e+02,5.1113902257e-03,1.3703444522e-02,6.9637467641e-01,2.4295537789e-01,2.3247948431e-02,1.1411377870e-03,1.7466024736e-02,2.3209038888e+00
5.0700000000e+02,5.1219997640e-03,1.3654143871e-02,6.9520356323e-01,2.4395458489e-01,2.3360766897e-02,1.1431430474e-03,1.7561798294e-02,2.3239869612e+00
5.0750000000e+02,5.1310445182e-03,1.3703869827e-02,6.9356920114e-01,2.4525894425e-01,2.3588839940e-02,1.1429676523e-03,1.7605132668e-02,2.3291721578e+00
5.0800000000e+02,5.1687819956e-03,1.3819578044e-02,6.9220047995e-01,2.4621022531e-01,2.3701883218e-02,1.1469389965e-03,1.7752112480e-02,2.3341825811e+00
5.0850000000e+02,5.1337235778e-03,1.3828738945e-02,6.9251178571e-01,2.4591070148e-01,2.3671960375e-02,1.1451990923e-03,1.7797890818e-02,2.3345058755e+00
5.0900000000e+02,5.1147559165e-03,1.3819756719e-02,6.9302196861e-01,2.4545369772e-01,2.3620318668e-02,1.1371485066e-03,1.7832353857e-02,2.3321011134e+00
5.0950000000e+02,5.0774249990e-03,1.3767807846e-02,6.9256668193e-01,2.4603875193e-01,2.3559272295e-02,1.1337268998e-03,1.7856334092e-02,2.3310353285e+00
5.1000000000e+02,5.0194128147e-03,1.3698045259e-02,6.9299940878e-01,2.4578274317e-01,2.3531612777e-02,1.1177369502e-03,1.7851040242e-02,2.3266528849e+00
5.1050000000e+02,5.0040522563e-03,1.3768548310e-02,6.9055079235e-01,2.4774825093e-01,2.3754954694e-02,1.1204956960e-03,1.8052905755e-02,2.3337354818e+00
5.1100000000e+02,4.9958070898e-03,1.3758343168e-02,6.8957522113e-01,2.4877119367e-01,2.3683252643e-02,1.1239594562e-03,1.8092222841e-02,2.3348984039e+00
5.1150000000e+02,4.9658915685e-03,1.3800218128e-02,6.8783517137e-01,2.5043870500e-01,2.3767507677e-02,1.1153573724e-03,1.8077148884e-02,2.3380004168e+00
5.1200000000e+02,4.9391140571e-03,1.3809714992e-02,6.8589533407e-01,2.5195784779e-01,2.3989574164e-02,1.1142873897e-03,1.8294127541e-02,2.3437242973e+00
5.1250000000e+02,4.9330840478e-03,1.3891087054e-02,6.8369531066e-01,2.5351507827e-01,2.4359799881e-02,1.1070221655e-03,1.8498617924e-02,2.3538529919e+00
5.1300000000e+02,4.9236963326e-03,1.3852157020e-02,6.8409261903e-01,2.5305781896e-01,2.4408955378e-02,1.1047533049e-03,1.8559999977e-02,2.3547084034e+00
5.1350000000e+02,4.8960559352e-03,1.3766818426e-02,6.8413807589e-01,2.5308671570e-01,2.4332778620e-02,1.0861749844e-03,1.8693380436e-02,2.3531982435e+00
5.1400000000e+02,4.9094022408e-03,1.3849337705e-02,6.8209620257e-01,2.5485230388e-01,2.4571236213e-02,1.0799446781e-03,1.8641572719e-02,2.3586079980e+00
5.1450000000e+02,4.8952464819e-03,1.3798888889e-02,6.8129935273e-01,2.5558299941e-01,2.4499159602e-02,1.0821459135e-03,1.8842206976e-02,2.3603603897e+00
5.1500000000e+02,4.8304923473e-03,1.3772648130e-02,6.8120725370e-01,2.5576355182e-01,2.4512902304e-02,1.0677513309e-03,1.8845400370e-02,2.3580078889e+00
5.1550000000e+02,4.8111970474e-03,1.3824481998e-02,6.8158352561e-01,2.5511135326e-01,2.4692172574e-02,1.0565384563e-03,1.8920731060e-02,2.3590400807e+00
5.1600000000e+02,4.7897707177e-03,1.3907034228e-02,6.8074203272e-01,2.5563837801e-01,2.4881265979e-02,1.0537768019e-03,1.8987741545e-02,2.3624186305e+00
5.1650000000e+02,4.7985114770e-03,1.4016585736e-02,6.7946439523e-01,2.5645304765e-01,2.5067270354e-02,1.0581220329e-03,1.9142067526e-02,2.3678960845e+00
5.1700000000e+02,4.7724832920e-03,1.3891748368e-02,6.7927206515e-01,2.5681089614e-01,2.5037695410e-02,1.0478745603e-03,1.9167237081e-02,2.3649985838e+00
5.1750000000e+02,4.7970955926e-03,1.3977793317e-02,6.7695409433e-01,2.5862331914e-01,2.5266808830e-02,1.0414628235e-03,1.9339425971e-02,2.3719351171e+00
5.1800000000e+02,4.7616857599e-03,1.3973810352e-02,6.7562050434e-01,2.5983267310e-01,2.5370099704e-02,1.0351359260e-03,1.9406090815e-02,2.3730873570e+00
5.1850000000e+02,4.7455414491e-03,1.3931352820e-02,6.7628540433e-01,2.5889292144e-01,2.5601700843e-02,1.0352992468e-03,1.9507779871e-02,2.3735582147e+00
5.1900000000e+02,4.7573857841e-03,1.3964385313e-02,6.7564030750e-01,2.5897506770e-01,2.5985998913e-02,1.0348410213e-03,1.9642013775e-02,2.3790719648e+00
5.1950000000e+02,4.7098404226e-03,1.3886942316e-02,6.7704324711e-01,2.5757494410e-01,2.6048092350e-02,1.0217396357e-03,1.9715194066e-02,2.3748988559e+00
5.2000000000e+02,4.6690711776e-03,1.3840765233e-02,6.7541268791e-01,2.5889286566e-01,2.6229494307e-02,1.0268173370e-03,1.9928298380e-02,2.3795913441e+00
5.2050000000e+02,4.6230600533e-03,1.3829058021e-02,6.7471555162e-01,2.5934982856e-01,2.6387919464e-02,1.0209756306e-03,2.0073606648e-02,2.3806789313e+00
5.2100000000e+02,4.5781443305e-03,1.3849049775e-02,6.7460397096e-01,2.5945157240e-01,2.6327858509e-02,1.0160082596e-03,2.0173395773e-02,2.3786068516e+00
5.2150000000e+02,4.5594998371e-03,1.3859817312e-02,6.7583854938e-01,2.5823774468e-01,2.6385150540e-02,1.0197578401e-03,2.0099480403e-02,2.3767834581e+00
5.2200000000e+02,4.5891383981e-03,1.3951829976e-02,6.7387859644e-01,2.5957051007e-01,2.6680923339e-02,1.0251999823e-03,2.0303801790e-02,2.3853386337e+00
5.2250000000e+02,4.5868136669e-03,1.3869113421e-02,6.7226611595e-01,2.6094640590e-01,2.6805425157e-02,1.0228747911e-03,2.0503251112e-02,2.3883594161e+00
5.2300000000e+02,4.5451189691e-03,1.3895377592e-02,6.7093113034e-01,2.6193928082e-01,2.6987810639e-02,1.0185887567e-03,2.0682692879e-02,2.3925385280e+00
5.2350000000e+02,4.5278784050e-03,1.3816192810e-02,6.7304796556e-01,2.5972246450e-01,2.7003655799e-02,1.0028645984e-03,2.0878978328e-02,2.3893628814e+00
5.2400000000e+02,4.5021044236e-03,1.3859426015e-02,6.7361841688e-01,2.5887976826e-01,2.7021623894e-02,1.0058085415e-03,2.1112851981e-02,2.3909798555e+00
5.2450000000e+02,4.5033772693e-03,1.3878644576e-02,6.7254539116e-01,2.5981926453e-01,2.7078542314e-02,1.0060494117e-03,2.1168730748e-02,2.3937567945e+00
5.2500000000e+02,4.5199716039e-03,1.3917734940e-02,6.7095735779e-01,2.6067339935e-01,2.7476755122e-02,1.0069141906e-03,2.1447867005e-02,2.4008427197e+00
5.2550000000e+02,4.5374445414e-03,1.3879578337e-02,6.7082610931e-01,2.6074496279e-01,2.7551395473e-02,9.9666935116e-04,2.1463840198e-02,2.4003341458e+00
5.2600000000e+02,4.5395495959e-03,1.3968340432e-02,6.7021954593e-01,2.6065218788e-01,2.7815041155e-02,1.0073931214e-03,2.1797941885e-02,2.4075522668e+00
5.2650000000e+02,4.5026114190e-03,1.3838817007e-02,6.7166971327e-01,2.5928084590e-01,2.7830459600e-02,1.0098937109e-03,2.1867659093e-02,2.4039013731e+00
5.2700000000e+02,4.4796309961e-03,1.3710443519e-02,6.7207896553e-01,2.5900879464e-01,2.7784652727e-02,1.0028621630e-03,2.1934650426e-02,2.3993808462e+00
5.2750000000e+02,4.4757675447e-03,1.3714808061e-02,6.7363715021e-01,2.5745848791e-01,2.7825763902e-02,9.9281893773e-04,2.1895203433e-02,2.3966550850e+00
5.2800000000e+02,4.4604336588e-03,1.3674256417e-02,6.7270287876e-01,2.5814673543e-01,2.8146448473e-02,9.8607380153e-04,2.1883173463e-02,2.3993846413e+00
5.2850000000e+02,4.4256612101e-03,1.3743105873e-02,6.7143428662e-01,2.5925565398e-01,2.8221381503e-02,9.9072934321e-04,2.1929181467e-02,2.4011390968e+00
5.2900000000e+02,4.4192657961e-03,1.3639449665e-02,6.7113085727e-01,2.5947804770e-01,2.8326359500e-02,9.9416074169e-04,2.2011859324e-02,2.4030256084e+00
5.2950000000e+02,4.4199376817e-03,1.3611586203e-02,6.7161019811e-01,2.5887300059e-01,2.8381832949e-02,9.9438794157e-04,2.2109056517e-02,2.4038418190e+00
5.3000000000e+02,4.4347277402e-03,1.3602507502e-02,6.7265321192e-01,2.5754010043e-01,2.8560561169e-02,9.9538304443e-04,2.2213508198e-02,2.4039130233e+00
5.3050000000e+02,4.4472642636e-03,1.3552580830e-02,6.7355427290e-01,2.5667073416e-01,2.8696920741e-02,9.9169823089e-04,2.2086528876e-02,2.4007445085e+00
5.3100000000e+02,4.4355570731e-03,1.3546819958e-02,6.7309104892e-01,2.5689318536e-01,2.8799168181e-02,9.8625888996e-04,2.2247961612e-02,2.4022089716e+00
5.3150000000e+02,4.4391777759e-03,1.3518589102e-02,6.7398866632e-01,2.5615817431e-01,2.8658239481e-02,9.8465700839e-04,2.2252496003e-02,2.3988385419e+00
5.3200000000e+02,4.4362624191e-03,1.3527048926e-02,6.7070748404e-01,2.5901848092e-01,2.8907985409e-02,9.8549796284e-04,2.2417240327e-02,2.4049365102e+00
5.3250000000e+02,4.4169391306e-03,1.3415118136e-02,6.7131850880e-01,2.5840537712e-01,2.8901800260e-02,9.8898772102e-04,2.2553268829e-02,2.4016241578e+00
5.3300000000e+02,4.4083325561e-03,1.3335865576e-02,6.7327770667e-01,2.5680113552e-01,2.8731791571e-02,9.8767834024e-04,2.2457489766e-02,2.3944380848e+00
5.3350000000e+02,4.4016713627e-03,1.3339495363e-02,6.7222266013e-01,2.5765139935e-01,2.8872016721e-02,9.8533405862e-04,2.2527423012e-02,2.3959647881e+00
5.3400000000e+02,4.3959763824e-03,1.3254611906e-02,6.7353008117e-01,2.5647867739e-01,2.8902238160e-02,9.8540355737e-04,2.2453011439e-02,2.3919954037e+00
5.3450000000e+02,4.4181341067e-03,1.3260208341e-02,6.7309416756e-01,2.5675682479e-01,2.9076663131e-02,9.8899640878e-04,2.2405005668e-02,2.3947750950e+00
5.3500000000e+02,4.4248321320e-03,1.3155141697e-02,6.7227202340e-01,2.5761292378e-01,2.9082139072e-02,9.9177967676e-04,2.2461160236e-02,2.3935715769e+00
5.3550000000e+02,4.4017264077e-03,1.3158422723e-02,6.7250997579e-01,2.5733573753e-01,2.9139798895e-02,9.9326943166e-04,2.2461069218e-02,2.3922287706e+00
5.3600000000e+02,4.4083259916e-03,1.3106546325e-02,6.7220767351e-01,2.5756514418e-01,2.9134484344e-02,1.0005373638e-03,2.2577288289e-02,2.3933004097e+00
5.3650000000e+02,4.4338515769e-03,1.3124545094e-02,6.7163762665e-01,2.5796587595e-01,2.9207959576e-02,9.9869336612e-04,2.2631447788e-02,2.3953219282e+00
5.3700000000e+02,4.4517206312e-03,1.3152094333e-02,6.7260994429e-01,2.5701834527e-01,2.9120030433e-02,9.9642218145e-04,2.2651442858e-02,2.3931596090e+00
5.3750000000e+02,4.4730115203e-03,1.3169708635e-02,6.7226489960e-01,2.5715075787e-01,2.9194681277e-02,1.0017541553e-03,2.2745186947e-02,2.3949600664e+00
5.3800000000e+02,4.4768666131e-03,1.3128947429e-02,6.7274764023e-01,2.5686701394e-01,2.9043608649e-02,1.0063858161e-03,2.2729537323e-02,2.3918629641e+00
5.3850000000e+02,4.4620510731e-03,1.3097955137e-02,6.7474828414e-01,2.5526739416e-01,2.8797528744e-02,1.0066646028e-03,2.2620122144e-02,2.3855121806e+00
5.3900000000e+02,4.4354069724e-03,1.2949998494e-02,6.7440891736e-01,2.5569572295e-01,2.8929627466e-02,1.0067701987e-03,2.2573556562e-02,2.3832195121e+00
5.3950000000e+02,4.4309113129e-03,1.2872448821e-02,6.7233824662e-01,2.5772191248e-01,2.9014544441e-02,1.0022019076e-03,2.2619734414e-02,2.3848454282e+00
5.4000000000e+02,4.4402281801e-03,1.2834763345e-02,6.7051817620e-01,2.5963344142e-01,2.9061754493e-02,1.0004332713e-03,2.2511203090e-02,2.3855166585e+00
5.4050000000e+02,4.4450926033e-03,1.2764206449e-02,6.7191063160e-01,2.5830721161e-01,2.8930830337e-02,9.9722460669e-04,2.2644802795e-02,2.3825970515e+00
5.4100000000e+02,4.4364796866e-03,1.2699839223e-02,6.7234443777e-01,2.5801190031e-01,2.8931525779e-02,9.9006517163e-04,2.2585752060e-02,2.3809348372e+00
5.4150000000e+02,4.4305819830e-03,1.2651623302e-02,6.7236999201e-01,2.5788920036e-01,2.8901653174e-02,9.8462224214e-04,2.2772326929e-02,2.3808757052e+00
5.4200000000e+02,4.4127462901e-03,1.2631232760e-02,6.7215553983e-01,2.5783967503e-01,2.9044895808e-02,9.8350544417e-04,2.2932404839e-02,2.3827753340e+00
5.4250000000e+02,4.3534394585e-03,1.2529858151e-02,6.7326171673e-01,2.5652839182e-01,2.9206958430e-02,9.8097367966e-04,2.3138661735e-02,2.3805382142e+00
5.4300000000e+02,4.3090334670e-03,1.2376292724e-02,6.7422204938e-01,2.5597613387e-01,2.9111247656e-02,9.7499412810e-04,2.3030248771e-02,2.3735548723e+00
5.4350000000e+02,4.2564609097e-03,1.2274674060e-02,6.7583454584e-01,2.5443934381e-01,2.9080444323e-02,9.7615659868e-04,2.3138374463e-02,2.3689389882e+00
5.4400000000e+02,4.2269936638e-03,1.2289457793e-02,6.7607450967e-01,2.5440073463e-01,2.8994495636e-02,9.7784865901e-04,2.3035959948e-02,2.3665813867e+00
5.4450000000e+02,4.2140044303e-03,1.2296837137e-02,6.7562799070e-01,2.5505120310e-01,2.8968082329e-02,9.7787534101e-04,2.2864006964e-02,2.3666910392e+00
5.4500000000e+02,4.2030129386e-03,1.2274076019e-02,6.7621902278e-01,2.5448176222e-01,2.8920555086e-02,9.7289667909e-04,2.2928674281e-02,2.3646377787e+00
5.4550000000e+02,4.1596503796e-03,1.2155489882e-02,6.7692276478e-01,2.5418428458e-01,2.8764766086e-02,9.6466153943e-04,2.2848382750e-02,2.3583634699e+00
5.4600000000e+02,4.1258782974e-03,1.2025042576e-02,6.7737973045e-01,2.5411633796e-01,2.8602632867e-02,9.5785341681e-04,2.2792524430e-02,2.3522790152e+00
5.4650000000e+02,4.0956752210e-03,1.1956739574e-02,6.7629252536e-01,2.5547554473e-01,2.8446523292e-02,9.6226258106e-04,2.2770729236e-02,2.3508356203e+00
5.4700000000e+02,4.0798973222e-03,1.1982982338e-02,6.7540601562e-01,2.5634791600e-01,2.8524539092e-02,9.5828481879e-04,2.2700364808e-02,2.3510242813e+00
5.4750000000e+02,4.0404077609e-03,1.1977781658e-02,6.7503944898e-01,2.5713852192e-01,2.8351646042e-02,9.5403021212e-04,2.2498163426e-02,2.3472627807e+00
5.4800000000e+02,4.0056465146e-03,1.1924236495e-02,6.7626737851e-01,2.5596712633e-01,2.8199053892e-02,9.5836724360e-04,2.2678191019e-02,2.3435960156e+00
5.4850000000e+02,3.9997908013e-03,1.1976964306e-02,6.7626060735e-01,2.5584666412e-01,2.8069164493e-02,9.5715788312e-04,2.2889651054e-02,2.3442636703e+00
5.4900000000e+02,4.0213629192e-03,1.1944377267e-02,6.7593568353e-01,2.5595572317e-01,2.8107027563e-02,9.5639755631e-04,2.3079427995e-02,2.3447811118e+00
5.4950000000e+02,4.0090570980e-03,1.1894179702e-02,6.7589778219e-01,2.5618624422e-01,2.7947513695e-02,9.5013272039e-04,2.3115090375e-02,2.3416560467e+00
5.5000000000e+02,3.9978598312e-03,1.1851432092e-02,6.7610648410e-01,2.5611524902e-01,2.7941238985e-02,9.4839769966e-04,2.3039338272e-02,2.3381695724e+00
5.5050000000e+02,3.9979557728e-03,1.1849080243e-02,6.7524178337e-01,2.5722374129e-01,2.7806048436e-02,9.4578455438e-04,2.2935606336e-02,2.3370821688e+00
5.5100000000e+02,3.9949589619e-03,1.1741735161e-02,6.7261175278e-01,2.6022184712e-01,2.7597367384e-02,9.3564797799e-04,2.2896690613e-02,2.3362853923e+00
5.5150000000e+02,3.9925195688e-03,1.1667308573e-02,6.7126427528e-01,2.6209880231e-01,2.7241480401e-02,9.3180956994e-04,2.2803804294e-02,2.3343302434e+00
5.5200000000e+02,3.9952105886e-03,1.1687708961e-02,6.7205641941e-01,2.6140893491e-01,2.7195438971e-02,9.2464623551e-04,2.2731640923e-02,2.3320421584e+00
5.5250000000e+02,3.9589791856e-03,1.1581029427e-02,6.7236345895e-01,2.6148901508e-01,2.7101485887e-02,9.1150845142e-04,2.2594523021e-02,2.3278000887e+00
5.5300000000e+02,3.9349943243e-03,1.1496375168e-02,6.7412816269e-01,2.6022975958e-01,2.6797558961e-02,8.9515658365e-04,2.2517992689e-02,2.3206081556e+00
5.5350000000e+02,3.9438186241e-03,1.1573643575e-02,6.7345612797e-01,2.6099468284e-01,2.6679422977e-02,8.9400100129e-04,2.2458303007e-02,2.3215694040e+00
5.5400000000e+02,3.9418150832e-03,1.1535670070e-02,6.7330538230e-01,2.6131813657e-01,2.6675375245e-02,8.8991318000e-04,2.2333707556e-02,2.3196587120e+00
5.5450000000e+02,3.9281190564e-03,1.1485344219e-02,6.7319455886e-01,2.6175241457e-01,2.6540748134e-02,8.7474229712e-04,2.2224072860e-02,2.3141182170e+00
5.5500000000e+02,3.8973974919e-03,1.1439215586e-02,6.7325074340e-01,2.6198408446e-01,2.6272938351e-02,8.6800933936e-04,2.2287611374e-02,2.3094810484e+00
5.5550000000e+02,3.8903116543e-03,1.1360228421e-02,6.7171576480e-01,2.6370104026e-01,2.6315430934e-02,8.6186988557e-04,2.2155354049e-02,2.3075341660e+00
5.5600000000e+02,3.8801864515e-03,1.1361439749e-02,6.7072819059e-01,2.6471477673e-01,2.6092928020e-02,8.5835973245e-04,2.2364118729e-02,2.3076935687e+00
5.5650000000e+02,3.8735892239e-03,1.1415659481e-02,6.7195959566e-01,2.6339613193e-01,2.6110942890e-02,8.5164128538e-04,2.2392439528e-02,2.3048407414e+00
5.5700000000e+02,3.8385740302e-03,1.1364876333e-02,6.7132177758e-01,2.6419924428e-01,2.6034419904e-02,8.4932333543e-04,2.2391784536e-02,2.3024184872e+00
5.5750000000e+02,3.8409431653e-03,1.1388969930e-02,6.7063065994e-01,2.6482741753e-01,2.6006155581e-02,8.4328420968e-04,2.2462569635e-02,2.3048382786e+00
5.5800000000e+02,3.8721266518e-03,1.1437713881e-02,6.7125394037e-01,2.6432898468e-01,2.6002725003e-02,8.3063092545e-04,2.2273878488e-02,2.3033328448e+00
5.5850000000e+02,3.8627011835e-03,1.1465812223e-02,6.7129594962e-01,2.6456518908e-01,2.5988529988e-02,8.1421674938e-04,2.2007601161e-02,2.2999066299e+00
5.5900000000e+02,3.8220196486e-03,1.1354581687e-02,6.7101341251e-01,2.6523639879e-01,2.5846057242e-02,8.1019922794e-04,2.1917330888e-02,2.2958639352e+00
5.5950000000e+02,3.7830778701e-03,1.1320692162e-02,6.7168052484e-01,2.6499056546e-01,2.5676820937e-02,7.9819672225e-04,2.1750122005e-02,2.2893256078e+00
5.6000000000e+02,3.7874128048e-03,1.1368521899e-02,6.7020311375e-01,2.6634561373e-01,2.5647791956e-02,7.8793820577e-04,2.1859607653e-02,2.2907834022e+00
5.6050000000e+02,3.7890344561e-03,1.1426692159e-02,6.6957323572e-01,2.6683941994e-01,2.5757996586e-02,7.8087209859e-04,2.1832749042e-02,2.2929026550e+00
5.6100000000e+02,3.7601092386e-03,1.1322573141e-02,6.7211610708e-01,2.6473167795e-01,2.5626958484e-02,7.6006411221e-04,2.1682509995e-02,2.2834840377e+00
5.6150000000e+02,3.7666441034e-03,1.1290103065e-02,6.7048716671e-01,2.6648983617e-01,2.5729888638e-02,7.4507989343e-04,2.1491281416e-02,2.2828962881e+00
5.6200000000e+02,3.7619040959e-03,1.1207727693e-02,6.6918404755e-01,2.6800010799e-01,2.5694877302e-02,7.3919813450e-04,2.1412137241e-02,2.2810296893e+00
5.6250000000e+02,3.7344198616e-03,1.1186893083e-02,6.6839888579e-01,2.6871737885e-01,2.5753927392e-02,7.2842072740e-04,2.1480074298e-02,2.2795628466e+00
5.6300000000e+02,3.6913236629e-03,1.1212959071e-02,6.6889257224e-01,2.6831570426e-01,2.5788605275e-02,7.1612266717e-04,2.1382712823e-02,2.2773734753e+00
5.6350000000e+02,3.6732576163e-03,1.1173171607e-02,6.7012626256e-01,2.6717864244e-01,2.5919890781e-02,6.9908959208e-04,2.1229685406e-02,2.2731781314e+00
5.6400000000e+02,3.6441884274e-03,1.1103221328e-02,6.7151342407e-01,2.6578131654e-01,2.5985636363e-02,6.8978713027e-04,2.1282426142e-02,2.2693870720e+00
5.6450000000e+02,3.6337659380e-03,1.1088355898e-02,6.7218209298e-01,2.6534032381e-01,2.5959740607e-02,6.7308155086e-04,2.1122639219e-02,2.2653814735e+00
5.6500000000e+02,3.6270227362e-03,1.1037838892e-02,6.7214396105e-01,2.6556701713e-01,2.5890830193e-02,6.5716447442e-04,2.1076165524e-02,2.2633079240e+00
5.6550000000e+02,3.6363685399e-03,1.0991516029e-02,6.7071021273e-01,2.6707745978e-01,2.5817515418e-02,6.5147000503e-04,2.1115457494e-02,2.2648124422e+00
5.6600000000e+02,3.6239906457e-03,1.1065488071e-02,6.7036218647e-01,2.6742723478e-01,2.5805949042e-02,6.4274765938e-04,2.1072403334e-02,2.2638571299e+00
5.6650000000e+02,3.6379286902e-03,1.1002279448e-02,6.7049678522e-01,2.6687068200e-01,2.6180836701e-02,6.2856484767e-04,2.1182923086e-02,2.2647484809e+00
5.6700000000e+02,3.6406568110e-03,1.1038962308e-02,6.7127712754e-01,2.6576491015e-01,2.6386388087e-02,6.1974553001e-04,2.1272209569e-02,2.2651327166e+00
5.6750000000e+02,3.6134472584e-03,1.1036292638e-02,6.7334484321e-01,2.6398989148e-01,2.6224537109e-02,6.1465688731e-04,2.1176331411e-02,2.2588505887e+00
5.6800000000e+02,3.5957167774e-03,1.1003308817e-02,6.7574585359e-01,2.6158988324e-01,2.6325551207e-02,6.0567186484e-04,2.1134014508e-02,2.2527120705e+00
5.6850000000e+02,3.5640049621e-03,1.0945254004e-02,6.7753028095e-01,2.5996152185e-01,2.6188539722e-02,5.9858353633e-04,2.1211814977e-02,2.2481477339e+00
5.6900000000e+02,3.5189777422e-03,1.0967166399e-02,6.7870672660e-01,2.5928808088e-01,2.5982034650e-02,5.8870579784e-04,2.0948307932e-02,2.2403009681e+00
5.6950000000e+02,3.5256411577e-03,1.0990299032e-02,6.7883572898e-01,2.5906563270e-01,2.6184283321e-02,5.7832833219e-04,2.0820086477e-02,2.2392917699e+00
5.7000000000e+02,3.5122784759e-03,1.0945770512e-02,6.7940196872e-01,2.5889929843e-01,2.6022792854e-02,5.6447892401e-04,2.0653412090e-02,2.2323237021e+00
5.7050000000e+02,3.4913798219e-03,1.0934944898e-02,6.8093605260e-01,2.5742555842e-01,2.6068532989e-02,5.5221648983e-04,2.0591314786e-02,2.2281023523e+00
5.7100000000e+02,3.4793839920e-03,1.0759848130e-02,6.8155594197e-01,2.5699342842e-01,2.5947433560e-02,5.4887351287e-04,2.0715090412e-02,2.2239723996e+00
5.7150000000e+02,3.4776886749e-03,1.0872454361e-02,6.8075596658e-01,2.5745772413e-01,2.6085832888e-02,5.4686036724e-04,2.0803472992e-02,2.2261564934e+00
5.7200000000e+02,3.4519624190e-03,1.0956524876e-02,6.8189725045e-01,2.5656632277e-01,2.5961182248e-02,5.4037610406e-04,2.0626381138e-02,2.2211242859e+00
5.7250000000e+02,3.4415106719e-03,1.1027859570e-02,6.8163164287e-01,2.5672235767e-01,2.5942687118e-02,5.4003771819e-04,2.0693904375e-02,2.2208054517e+00
5.7300000000e+02,3.4487048847e-03,1.1050311520e-02,6.8053544733e-01,2.5777679526e-01,2.6012941969e-02,5.3670931440e-04,2.0639089727e-02,2.2216336657e+00
5.7350000000e+02,3.4584489217e-03,1.1154077926e-02,6.7941904667e-01,2.5871139261e-01,2.6034576692e-02,5.3267321848e-04,2.0689783959e-02,2.2234097457e+00
5.7400000000e+02,3.4546396064e-03,1.1193742887e-02,6.7877368248e-01,2.5926598928e-01,2.6097260248e-02,5.2890699933e-04,2.0685778500e-02,2.2227263762e+00
5.7450000000e+02,3.4466563885e-03,1.1181981489e-02,6.7927999670e-01,2.5876225667e-01,2.6115362971e-02,5.2476054698e-04,2.0688985234e-02,2.2212146928e+00
5.7500000000e+02,3.4210044692e-03,1.1205352208e-02,6.7935568224e-01,2.5875776181e-01,2.6099182182e-02,5.2744908479e-04,2.0633568008e-02,2.2177674122e+00
5.7550000000e+02,3.3977908940e-03,1.1260811154e-02,6.8057212935e-01,2.5739212770e-01,2.6267135581e-02,5.2749669853e-04,2.0582508620e-02,2.2168823053e+00
5.7600000000e+02,3.3864615151e-03,1.1188342994e-02,6.8161866610e-01,2.5650979010e-01,2.6303996507e-02,5.2208696783e-04,2.0470655819e-02,2.2119540928e+00
5.7650000000e+02,3.3697861426e-03,1.1080907135e-02,6.8277272260e-01,2.5575659380e-01,2.6154470477e-02,5.1175680118e-04,2.0353763048e-02,2.2063069662e+00
5.7700000000e+02,3.3780179154e-03,1.1099331526e-02,6.8192682296e-01,2.5644093703e-01,2.6141353513e-02,5.1019518612e-04,2.0503341868e-02,2.2087331265e+00
5.7750000000e+02,3.3568257424e-03,1.1026088734e-02,6.8153200731e-01,2.5703596887e-01,2.6008698801e-02,5.0118200665e-04,2.0539228530e-02,2.2075744282e+00
5.7800000000e+02,3.3776077946e-03,1.0956100459e-02,6.8178060625e-01,2.5687799924e-01,2.5974264973e-02,4.9628949803e-04,2.0537131778e-02,2.2066257190e+00
5.7850000000e+02,3.3732412362e-03,1.1021944221e-02,6.8110204734e-01,2.5767588557e-01,2.5940359013e-02,4.9363922442e-04,2.0392883389e-02,2.2068373835e+00
5.7900000000e+02,3.3856163733e-03,1.1022888550e-02,6.8176692403e-01,2.5695341806e-01,2.5950725829e-02,4.9216715397e-04,2.0428260009e-02,2.2066465138e+00
5.7950000000e+02,3.3721251804e-03,1.1061127486e-02,6.8095313544e-01,2.5758259939e-01,2.6004920011e-02,4.8799293236e-04,2.0538099558e-02,2.2090995362e+00
5.8000000000e+02,3.3397865572e-03,1.1007333592e-02,6.8258129680e-01,2.5618286249e-01,2.5973504010e-02,4.8684467005e-04,2.0428371877e-02,2.2023354724e+00
5.8050000000e+02,3.3510332079e-03,1.1081102162e-02,6.8275168631e-01,2.5598657720e-01,2.6021096914e-02,4.8543125910e-04,2.0323072955e-02,2.2031104708e+00
5.8100000000e+02,3.3584496363e-03,1.1104391567e-02,6.8275835889e-01,2.5577270488e-01,2.6142602169e-02,4.8897912886e-04,2.0374513729e-02,2.2043283881e+00
5.8150000000e+02,3.3785243067e-03,1.1244950786e-02,6.8348755835e-01,2.5494483327e-01,2.6242251356e-02,4.8855146774e-04,2.0213330466e-02,2.2054633472e+00
5.8200000000e+02,3.3749384751e-03,1.1306521030e-02,6.8287441581e-01,2.5559954540e-01,2.6191540693e-02,4.8284293231e-04,2.0170195664e-02,2.2062241514e+00
5.8250000000e+02,3.3624759518e-03,1.1323607649e-02,6.8429944628e-01,2.5429090080e-01,2.6075227140e-02,4.8134522239e-04,2.0166996954e-02,2.2034750655e+00
5.8300000000e+02,3.3352560983e-03,1.1377448726e-02,6.8449950647e-01,2.5411765837e-01,2.6058667283e-02,4.8504578341e-04,2.0126417262e-02,2.2025550675e+00
5.8350000000e+02,3.3222392754e-03,1.1361857462e-02,6.8605953580e-01,2.5272914370e-01,2.5928305307e-02,4.8652436905e-04,2.0112394089e-02,2.2010635195e+00
5.8400000000e+02,3.3571317865e-03,1.1426961540e-02,6.8442175931e-01,2.5408521651e-01,2.6031270664e-02,4.9168197334e-04,2.0185978212e-02,2.2075166255e+00
5.8450000000e+02,3.3399420043e-03,1.1453101894e-02,6.8268554733e-01,2.5583853851e-01,2.5946310464e-02,4.9096326498e-04,2.0245596529e-02,2.2103295691e+00
5.8500000000e+02,3.3219088439e-03,1.1417320686e-02,6.8440248833e-01,2.5420677615e-01,2.5893936613e-02,4.9056406647e-04,2.0267005315e-02,2.2077328497e+00
5.8550000000e+02,3.2909532580e-03,1.1300517535e-02,6.8488455566e-01,2.5410990900e-01,2.5723165213e-02,4.9303852495e-04,2.0197860803e-02,2.2020656364e+00
5.8600000000e+02,3.2887292364e-03,1.1339310012e-02,6.8470006344e-01,2.5428071243e-01,2.5593268270e-02,4.9113197954e-04,2.0306784632e-02,2.2034262410e+00
5.8650000000e+02,3.2712423369e-03,1.1343451536e-02,6.8473192104e-01,2.5461617613e-01,2.5345771805e-02,4.8957856087e-04,2.0201858592e-02,2.2007725236e+00
5.8700000000e+02,3.2475996480e-03,1.1315653441e-02,6.8432335338e-01,2.5513702981e-01,2.5363175492e-02,4.8603436899e-04,2.0127153855e-02,2.1998244557e+00
5.8750000000e+02,3.2350729267e-03,1.1268605344e-02,6.8516123943e-01,2.5438050130e-01,2.5329150859e-02,4.8368308968e-04,2.0141747046e-02,2.1975133210e+00
5.8800000000e+02,3.2704281529e-03,1.1313107688e-02,6.8544902066e-01,2.5364589047e-01,2.5527427120e-02,4.8612868224e-04,2.0307997230e-02,2.2015010962e+00
5.8850000000e+02,3.2668126806e-03,1.1277892163e-02,6.8492797813e-01,2.5430877048e-01,2.5343979510e-02,4.8968419450e-04,2.0384882839e-02,2.2015126963e+00
5.8900000000e+02,3.2544259760e-03,1.1316622231e-02,6.8564641710e-01,2.5381880400e-01,2.5233558677e-02,4.8869414912e-04,2.0241477873e-02,2.1989150376e+00
5.8950000000e+02,3.2729404028e-03,1.1399140432e-02,6.8576473101e-01,2.5366535421e-01,2.5137801167e-02,4.9019354113e-04,2.0269839231e-02,2.1990287959e+00
5.9000000000e+02,3.2804690843e-03,1.1387992750e-02,6.8655863119e-01,2.5291390051e-01,2.5177045434e-02,4.9454231145e-04,2.0187418720e-02,2.1977268282e+00
5.9050000000e+02,3.2662274497e-03,1.1349460996e-02,6.8550373427e-01,2.5397731774e-01,2.5159990129e-02,5.0108056104e-04,2.0242188849e-02,2.1989981370e+00
5.9100000000e+02,3.2738502512e-03,1.1365080950e-02,6.8417044242e-01,2.5520955115e-01,2.5182173210e-02,5.0134410910e-04,2.0297557910e-02,2.2029336213e+00
5.9150000000e+02,3.3094676749e-03,1.1506122445e-02,6.8242644202e-01,2.5673033776e-01,2.5290531196e-02,5.0442794559e-04,2.0232670957e-02,2.2098742615e+00
5.9200000000e+02,3.2735764947e-03,1.1496311913e-02,6.8117380913e-01,2.5804939744e-01,2.5384225729e-02,5.0411707130e-04,2.0118562216e-02,2.2109666793e+00
5.9250000000e+02,3.2523287187e-03,1.1533383594e-02,6.8201377911e-01,2.5734271465e-01,2.5326793208e-02,5.0718409478e-04,2.0023816620e-02,2.2102914326e+00
5.9300000000e+02,3.2580427594e-03,1.1569465758e-02,6.8233482923e-01,2.5706742224e-01,2.5207572785e-02,5.0856808681e-04,2.0054099143e-02,2.2096411379e+00
5.9350000000e+02,3.2280930058e-03,1.1635980455e-02,6.8307642241e-01,2.5605183620e-01,2.5337660506e-02,5.0775864109e-04,2.0162248785e-02,2.2102809349e+00
5.9400000000e+02,3.2142801774e-03,1.1552733625e-02,6.8298161983e-01,2.5630395049e-01,2.5314567965e-02,5.0496285793e-04,2.0127885058e-02,2.2082546184e+00
5.9450000000e+02,3.2092529450e-03,1.1529774515e-02,6.8402738688e-01,2.5541697086e-01,2.5169936706e-02,5.0319360020e-04,2.0143484488e-02,2.2070667925e+00
5.9500000000e+02,3.2036937214e-03,1.1518237454e-02,6.8274050707e-01,2.5664519393e-01,2.5260179949e-02,5.0546826899e-04,2.0126719615e-02,2.2102435399e+00
5.9550000000e+02,3.1603961215e-03,1.1449474146e-02,6.8382732305e-01,2.5604506813e-01,2.5118341452e-02,5.0619043195e-04,1.9893206674e-02,2.2036162211e+00
5.9600000000e+02,3.1786491081e-03,1.1367520662e-02,6.8525314339e-01,2.5484657583e-01,2.5025910665e-02,5.0448651611e-04,1.9823713829e-02,2.1999697756e+00
5.9650000000e+02,3.1919399608e-03,1.1490277010e-02,6.8546422080e-01,2.5432348142e-01,2.5124796080e-02,5.1216731814e-04,1.9893117412e-02,2.2037413478e+00
5.9700000000e+02,3.1993079511e-03,1.1445308759e-02,6.8540443943e-01,2.5457474975e-01,2.5031891475e-02,5.1485272959e-04,1.9829449908e-02,2.2033435540e+00
5.9750000000e+02,3.1901631742e-03,1.1375121278e-02,6.8420106856e-01,2.5569762409e-01,2.5138094998e-02,5.1189395093e-04,1.9886033949e-02,2.2059937335e+00
5.9800000000e+02,3.1997215480e-03,1.1355009740e-02,6.8365762241e-01,2.5637614915e-01,2.4998741375e-02,5.1544141960e-04,1.9897314360e-02,2.2045294194e+00
5.9850000000e+02,3.1636998798e-03,1.1298955857e-02,6.8524489734e-01,2.5520968861e-01,2.4807724240e-02,5.1037808419e-04,1.9764655984e-02,2.1986364321e+00
5.9900000000e+02,3.1427161457e-03,1.1341001678e-02,6.8551506180e-01,2.5495215033e-01,2.4760063593e-02,5.0999998890e-04,1.9779006463e-02,2.1972714165e+00
5.9950000000e+02,3.1030922336e-03,1.1335948747e-02,6.8710968815e-01,2.5360827094e-01,2.4640683805e-02,5.0425352330e-04,1.9698062600e-02,2.1924735908e+00
6.0000000000e+02,3.0758938264e-03,1.1183265606e-02,6.8997775316e-01,2.5116106236e-01,2.4390679952e-02,4.9805855175e-04,1.9713286540e-02,2.1838986583e+00
6.0050000000e+02,3.0766828546e-03,1.1217651045e-02,6.9010672635e-01,2.5110433234e-01,2.4416399690e-02,4.9638892123e-04,1.9581818803e-02,2.1834563560e+00
6.0100000000e+02,3.0886679463e-03,1.1215774360e-02,6.9202223235e-01,2.4923170143e-01,2.4471194566e-02,4.9606476433e-04,1.9474364577e-02,2.1798480652e+00
6.0150000000e+02,3.0881577977e-03,1.1078444927e-02,6.9397130325e-01,2.4759603758e-01,2.4401331787e-02,4.9643528188e-04,1.9368289383e-02,2.1735065886e+00
6.0200000000e+02,3.0791946889e-03,1.1006776583e-02,6.9483055623e-01,2.4699310847e-01,2.4325995129e-02,4.9826147148e-04,1.9266107431e-02,2.1709275352e+00
6.0250000000e+02,3.0693331844e-03,1.0991134172e-02,6.9538337478e-01,2.4671705180e-01,2.4205625254e-02,5.0054760918e-04,1.9132933201e-02,2.1676706255e+00
6.0300000000e+02,3.0597278837e-03,1.0922434519e-02,6.9646220414e-01,2.4600617586e-01,2.4147831196e-02,4.9803017012e-04,1.8903596237e-02,2.1626447202e+00
6.0350000000e+02,3.0743688052e-03,1.0937962220e-02,6.9640063470e-01,2.4584438717e-01,2.4218572211e-02,5.0104661463e-04,1.9023028279e-02,2.1636704978e+00
6.0400000000e+02,3.0931855677e-03,1.0995819778e-02,6.9647582187e-01,2.4573029022e-01,2.4219710489e-02,5.0080150269e-04,1.8984370573e-02,2.1637058551e+00
6.0450000000e+02,3.0990534642e-03,1.0978024290e-02,6.9884969678e-01,2.4333350742e-01,2.4288443613e-02,5.0351669187e-04,1.8947757735e-02,2.1607206358e+00
6.0500000000e+02,3.0957425143e-03,1.1009769399e-02,6.9785708753e-01,2.4438971863e-01,2.4238328507e-02,4.9996403522e-04,1.8909389381e-02,2.1608399964e+00
6.0550000000e+02,3.0806891391e-03,1.0959281866e-02,6.9778031627e-01,2.4447207277e-01,2.4272223092e-02,4.9869357350e-04,1.8936723294e-02,2.1609406223e+00
6.0600000000e+02,3.0744978224e-03,1.1037294502e-02,6.9828084145e-01,2.4397232072e-01,2.4226475404e-02,5.0212094039e-04,1.8906449168e-02,2.1610011524e+00
6.0650000000e+02,3.0556812336e-03,1.0955696396e-02,7.0081629470e-01,2.4166209328e-01,2.4188402286e-02,5.0144861550e-04,1.8820383490e-02,2.1553157924e+00
6.0700000000e+02,3.0664024984e-03,1.0981994113e-02,7.0005747548e-01,2.4252195302e-01,2.4125272045e-02,4.9632621196e-04,1.8750576631e-02,2.1554134143e+00
6.0750000000e+02,3.0718875161e-03,1.0970437628e-02,7.0014607295e-01,2.4256105811e-01,2.4080118473e-02,4.9586064663e-04,1.8674564672e-02,2.1553036698e+00
6.0800000000e+02,3.0884254490e-03,1.1049224591e-02,6.9909921738e-01,2.4339161995e-01,2.4200436186e-02,4.9746361896e-04,1.8673612816e-02,2.1598175231e+00
6.0850000000e+02,3.0965853748e-03,1.1033350883e-02,6.9958487023e-01,2.4282970151e-01,2.4307116674e-02,5.0167993365e-04,1.8646695393e-02,2.1608461927e+00
6.0900000000e+02,3.0840136618e-03,1.0963323465e-02,7.0107898438e-01,2.4165412640e-01,2.4239815903e-02,5.0307812554e-04,1.8476658062e-02,2.1549182826e+00
6.0950000000e+02,3.0998089312e-03,1.0992926854e-02,7.0230535205e-01,2.4029145658e-01,2.4263190170e-02,5.0879472061e-04,1.8538470693e-02,2.1548000411e+00
6.1000000000e+02,3.1023121931e-03,1.1073059864e-02,7.0371368650e-01,2.3909711429e-01,2.3964634807e-02,5.0808664885e-04,1.8541105697e-02,2.1510803515e+00
6.1050000000e+02,3.0867299217e-03,1.1109695819e-02,7.0370943170e-01,2.3930772345e-01,2.3899246665e-02,5.0680795492e-04,1.8380364488e-02,2.1495961132e+00
6.1100000000e+02,3.0726073412e-03,1.1077030516e-02,7.0430725991e-01,2.3875428572e-01,2.3972936531e-02,5.0336779939e-04,1.8312512182e-02,2.1490747471e+00
6.1150000000e+02,3.0612429170e-03,1.1003788640e-02,7.0555460528e-01,2.3793821508e-01,2.3803521806e-02,4.9643418768e-04,1.8142192091e-02,2.1425837885e+00
6.1200000000e+02,3.0894655693e-03,1.1077866389e-02,7.0646569241e-01,2.3697352010e-01,2.3746369651e-02,4.9905879086e-04,1.8148027090e-02,2.1421435946e+00
6.1250000000e+02,3.0837625797e-03,1.1095157196e-02,7.0608544258e-01,2.3761786236e-01,2.3522504698e-02,4.9890843661e-04,1.8096362159e-02,2.1400241044e+00
6.1300000000e+02,3.0590511682e-03,1.1025171748e-02,7.0538580569e-01,2.3878143960e-01,2.3255823891e-02,5.0158490218e-04,1.7991123000e-02,2.1357621728e+00
6.1350000000e+02,3.0475760601e-03,1.1050318893e-02,7.0524299347e-01,2.3914010107e-01,2.3079506602e-02,5.0462385543e-04,1.7934880050e-02,2.1332395547e+00
6.1400000000e+02,3.0500239792e-03,1.1114294264e-02,7.0560824845e-01,2.3871489835e-01,2.3019242630e-02,5.0491399090e-04,1.7988378334e-02,2.1322061722e+00
6.1450000000e+02,3.0566482826e-03,1.1096128622e-02,7.0655549307e-01,2.3790940760e-01,2.2976145326e-02,4.9877728314e-04,1.7907399820e-02,2.1291558161e+00
6.1500000000e+02,3.0556104023e-03,1.1112632755e-02,7.0700953858e-01,2.3752178260e-01,2.3048985286e-02,4.9476581509e-04,1.7756684567e-02,2.1273020808e+00
6.1550000000e+02,3.0395497102e-03,1.1106479793e-02,7.0882033921e-01,2.3609411144e-01,2.2839542405e-02,4.9084081015e-04,1.7609136629e-02,2.1205788462e+00
6.1600000000e+02,3.0191912394e-03,1.1135357037e-02,7.0906252490e-01,2.3600337535e-01,2.2762514622e-02,4.8260821373e-04,1.7534428638e-02,2.1185878123e+00
6.1650000000e+02,2.9943046284e-03,1.1082520778e-02,7.1046701693e-01,2.3501011403e-01,2.2574745528e-02,4.7194346070e-04,1.7399354639e-02,2.1129999199e+00
6.1700000000e+02,2.9806390164e-03,1.1015306843e-02,7.1179590553e-01,2.3397168976e-01,2.2473835483e-02,4.6693341643e-04,1.7295689944e-02,2.1084099001e+00
6.1750000000e+02,2.9640394880e-03,1.1135633272e-02,7.1254056119e-01,2.3323571466e-01,2.2314780651e-02,4.6632421948e-04,1.7342946524e-02,2.1076399287e+00
6.1800000000e+02,2.9655288699e-03,1.1155292932e-02,7.1235059328e-01,2.3334181725e-01,2.2373148201e-02,4.6351793722e-04,1.7350101526e-02,2.1078979468e+00
6.1850000000e+02,2.9689512388e-03,1.1130996226e-02,7.1284923100e-01,2.3289723476e-01,2.2305978016e-02,4.6362535257e-04,1.7383983405e-02,2.1067236913e+00
6.1900000000e+02,2.9621264796e-03,1.1212862589e-02,7.1372584919e-01,2.3215300182e-01,2.2193000559e-02,4.6068545204e-04,1.7292473911e-02,2.1046454773e+00
6.1950000000e+02,2.9321033581e-03,1.1202683120e-02,7.1416941745e-01,2.3210308126e-01,2.1998925698e-02,4.5485946386e-04,1.7138929652e-02,2.0996735525e+00
6.2000000000e+02,2.9260960854e-03,1.1154813612e-02,7.1544814125e-01,2.3115081895e-01,2.1811419085e-02,4.5375492123e-04,1.7054956097e-02,2.0923300005e+00
6.2050000000e+02,2.9172782340e-03,1.1079735720e-02,7.1535734110e-01,2.3155080733e-01,2.1663458797e-02,4.4904979742e-04,1.6982329021e-02,2.0883305013e+00
6.2100000000e+02,2.9173033189e-03,1.0995509089e-02,7.1854427029e-01,2.2887740325e-01,2.1436788265e-02,4.4335684609e-04,1.6785368945e-02,2.0776123114e+00
6.2150000000e+02,2.9337827400e-03,1.1058877266e-02,7.1983278176e-01,2.2754150807e-01,2.1511199441e-02,4.3986785699e-04,1.6681982865e-02,2.0757676477e+00
6.2200000000e+02,2.9126762832e-03,1.1049686609e-02,7.2137748831e-01,2.2615467693e-01,2.1476645746e-02,4.4046461785e-04,1.6588361498e-02,2.0695886418e+00
6.2250000000e+02,2.9172579620e-03,1.1050102720e-02,7.2273781673e-01,2.2506134656e-01,2.1247310157e-02,4.3670836278e-04,1.6549457508e-02,2.0648003071e+00
6.2300000000e+02,2.9224141406e-03,1.1021988345e-02,7.2338046544e-01,2.2472033748e-01,2.1214414666e-02,4.2686372792e-04,1.6313516193e-02,2.0606285495e+00
6.2350000000e+02,2.9066190900e-03,1.0914667717e-02,7.2432459978e-01,2.2420177627e-01,2.1124084653e-02,4.2478169205e-04,1.6103470798e-02,2.0551360175e+00
6.2400000000e+02,2.8998065329e-03,1.0920478129e-02,7.2574322510e-01,2.2297602135e-01,2.0942458703e-02,4.2344542889e-04,1.6094564760e-02,2.0504617968e+00
6.2450000000e+02,2.8705265089e-03,1.0884173160e-02,7.2694011249e-01,2.2210069339e-01,2.0770089731e-02,4.1585482355e-04,1.6018549896e-02,2.0442656649e+00
6.2500000000e+02,2.8760595142e-03,1.0889418457e-02,7.2690180678e-01,2.2215680838e-01,2.0714478342e-02,4.1089104788e-04,1.6050537482e-02,2.0448107236e+00
6.2550000000e+02,2.8667655178e-03,1.0988687907e-02,7.2762501669e-01,2.2133992205e-01,2.0700343183e-02,4.1101876495e-04,1.6068245891e-02,2.0454837849e+00
6.2600000000e+02,2.8843861809e-03,1.1073513058e-02,7.2765452137e-01,2.2122216323e-01,2.0746835172e-02,4.0747446252e-04,1.6011106527e-02,2.0460185477e+00
6.2650000000e+02,2.8724882986e-03,1.1041571082e-02,7.2912915359e-01,2.2015496764e-01,2.0487726886e-02,4.0594912119e-04,1.5908143391e-02,2.0399726225e+00
6.2700000000e+02,2.8850774786e-03,1.1098072353e-02,7.3066650394e-01,2.1874251497e-01,2.0346252540e-02,4.0675061058e-04,1.5854828109e-02,2.0370019430e+00
6.2750000000e+02,2.8747658868e-03,1.1123061539e-02,7.3103960324e-01,2.1870745857e-01,2.0087771385e-02,4.0381838830e-04,1.5763520986e-02,2.0333315210e+00
6.2800000000e+02,2.8684023178e-03,1.1083130102e-02,7.3148552251e-01,2.1823635034e-01,2.0042471058e-02,3.9855175217e-04,1.5885571919e-02,2.0320824781e+00
6.2850000000e+02,2.8575261252e-03,1.1007957227e-02,7.3217014753e-01,2.1790401972e-01,1.9838931266e-02,3.9590763935e-04,1.5825510498e-02,2.0274816544e+00
6.2900000000e+02,2.8493755676e-03,1.0985862679e-02,7.3412059947e-01,2.1619677056e-01,1.9723461857e-02,3.8956617972e-04,1.5734363682e-02,2.0220110301e+00
6.2950000000e+02,2.8428609319e-03,1.1041493450e-02,7.3445635502e-01,2.1597986734e-01,1.9623672204e-02,3.8646223470e-04,1.5669288822e-02,2.0198851693e+00
6.3000000000e+02,2.8453463095e-03,1.0989554326e-02,7.3625225444e-01,2.1459725525e-01,1.9369209504e-02,3.8431093365e-04,1.5562069237e-02,2.0126993476e+00
6.3050000000e+02,2.8227891764e-03,1.0949930864e-02,7.3728379511e-01,2.1383226172e-01,1.9168592979e-02,3.8345183856e-04,1.5559178313e-02,2.0074153467e+00
6.3100000000e+02,2.8354960877e-03,1.0966824407e-02,7.3914381208e-01,2.1206241755e-01,1.9036813845e-02,3.7777291027e-04,1.5576863117e-02,2.0035953570e+00
6.3150000000e+02,2.8506083289e-03,1.1039324483e-02,7.3968605803e-01,2.1135829169e-01,1.9062830083e-02,3.7667826795e-04,1.5626209118e-02,2.0035804810e+00
6.3200000000e+02,2.8610304333e-03,1.1188918181e-02,7.3938021089e-01,2.1149451171e-01,1.9028092029e-02,3.7615901169e-04,1.5671077749e-02,2.0052447323e+00
6.3250000000e+02,2.8589947764e-03,1.1172180998e-02,7.4034760423e-01,2.1082243835e-01,1.8849908312e-02,3.7124423176e-04,1.5577629103e-02,2.0002581217e+00
6.3300000000e+02,2.8532742352e-03,1.1209564118e-02,7.4063932299e-01,2.1078292294e-01,1.8719178729e-02,3.6885135208e-04,1.5426885632e-02,1.9959832936e+00
6.3350000000e+02,2.8509927382e-03,1.1232703207e-02,7.4180361500e-01,2.0972766786e-01,1.8646953270e-02,3.6530580970e-04,1.5372762113e-02,1.9915900207e+00
6.3400000000e+02,2.8465006475e-03,1.1219963853e-02,7.4141807814e-01,2.1024759016e-01,1.8556760213e-02,3.6227099720e-04,1.5348835986e-02,1.9898308346e+00
6.3450000000e+02,2.8717066659e-03,1.1265906484e-02,7.4181003699e-01,2.1002686474e-01,1.8529309357e-02,3.5985913866e-04,1.5136316618e-02,1.9876598988e+00
6.3500000000e+02,2.8957571574e-03,1.1225708639e-02,7.4164869815e-01,2.1047519475e-01,1.8345454411e-02,3.5389048749e-04,1.5055296404e-02,1.9852823805e+00
6.3550000000e+02,2.9021836325e-03,1.1156097114e-02,7.4224219539e-01,2.1022141538e-01,1.8119931237e-02,3.5358126776e-04,1.5004595979e-02,1.9807371198e+00
6.3600000000e+02,2.9180843926e-03,1.1267640790e-02,7.4317031664e-01,2.0918756425e-01,1.7991262250e-02,3.5661745219e-04,1.5108514230e-02,1.9802213687e+00
6.3650000000e+02,2.9325748354e-03,1.1232514639e-02,7.4279143134e-01,2.0980025370e-01,1.7867790031e-02,3.5309478205e-04,1.5022340667e-02,1.9785015468e+00
6.3700000000e+02,2.9355163055e-03,1.1292245308e-02,7.4229526325e-01,2.1001941624e-01,1.7989460159e-02,3.5086886100e-04,1.5117229877e-02,1.9815139716e+00
6.3750000000e+02,2.9324258558e-03,1.1286523239e-02,7.4325203908e-01,2.0917148957e-01,1.8028478804e-02,3.4918708019e-04,1.4979856370e-02,1.9792395406e+00
6.3800000000e+02,2.9351633370e-03,1.1214718717e-02,7.4424004301e-01,2.0855861646e-01,1.7836219152e-02,3.4355055625e-04,1.4871688767e-02,1.9730795907e+00
6.3850000000e+02,2.9328048125e-03,1.1292742775e-02,7.4521950352e-01,2.0769502865e-01,1.7690154136e-02,3.3860487193e-04,1.4831161234e-02,1.9700152938e+00
6.3900000000e+02,2.9597136845e-03,1.1268259276e-02,7.4495578546e-01,2.0780291683e-01,1.7729476997e-02,3.3876182962e-04,1.4945085922e-02,1.9711159392e+00
6.3950000000e+02,2.9681307281e-03,1.1331483246e-02,7.4513164724e-01,2.0775899854e-01,1.7693704132e-02,3.3346309056e-04,1.4782573029e-02,1.9696814146e+00
6.4000000000e+02,2.9861447176e-03,1.1332960051e-02,7.4499684688e-01,2.0811882397e-01,1.7551009049e-02,3.3159233200e-04,1.4682623000e-02,1.9678244110e+00
6.4050000000e+02,2.9965481183e-03,1.1342728085e-02,7.4557495136e-01,2.0774197860e-01,1.7453964763e-02,3.2515043579e-04,1.4564678646e-02,1.9655649924e+00
6.4100000000e+02,3.0107953618e-03,1.1417883909e-02,7.4582005971e-01,2.0754557094e-01,1.7387462857e-02,3.2563752858e-04,1.4492589695e-02,1.9649494477e+00
6.4150000000e+02,3.0106202834e-03,1.1495313788e-02,7.4617684041e-01,2.0725921542e-01,1.7272150931e-02,3.2140274247e-04,1.4464456430e-02,1.9639943958e+00
6.4200000000e+02,3.0078739754e-03,1.1430848538e-02,7.4596480297e-01,2.0771186710e-01,1.7214955953e-02,3.1961173956e-04,1.4350039721e-02,1.9618454049e+00
6.4250000000e+02,3.0266307100e-03,1.1506692297e-02,7.4542137818e-01,2.0810056453e-01,1.7344777881e-02,3.2040220962e-04,1.4279554196e-02,1.9646103777e+00
6.4300000000e+02,3.0233921211e-03,1.1485601086e-02,7.4577086679e-01,2.0772503203e-01,1.7473592185e-02,3.1548904169e-04,1.4206026745e-02,1.9639071709e+00
6.4350000000e+02,3.0128047092e-03,1.1458121755e-02,7.4694145457e-01,2.0689819854e-01,1.7363914422e-02,3.0988407955e-04,1.4015621929e-02,1.9585328072e+00
6.4400000000e+02,3.0087968673e-03,1.1546250929e-02,7.4681683807e-01,2.0722227549e-01,1.7300002359e-02,3.0534663595e-04,1.3800489643e-02,1.9577347539e+00
6.4450000000e+02,3.0171112637e-03,1.1513586681e-02,7.4727735550e-01,2.0696172545e-01,1.7243841724e-02,3.0253197729e-04,1.3683847407e-02,1.9547018356e+00
6.4500000000e+02,3.0075568020e-03,1.1493738664e-02,7.4902657152e-01,2.0534715101e-01,1.7264203690e-02,3.0154091632e-04,1.3559237396e-02,1.9509472403e+00
6.4550000000e+02,3.0075970207e-03,1.1484459363e-02,7.5009770986e-01,2.0448304204e-01,1.7262976178e-02,3.0133226974e-04,1.3362883269e-02,1.9467672710e+00
6.4600000000e+02,2.9786819871e-03,1.1509784198e-02,7.5146287683e-01,2.0319030347e-01,1.7283952559e-02,2.9991889347e-04,1.3274482060e-02,1.9430562473e+00
6.4650000000e+02,2.9931774565e-03,1.1461240396e-02,7.5198961859e-01,2.0276482472e-01,1.7268519045e-02,2.9985387112e-04,1.3222765921e-02,1.9413050884e+00
6.4700000000e+02,3.0197599255e-03,1.1564264853e-02,7.5234874957e-01,2.0226100193e-01,1.7295053155e-02,2.9751724576e-04,1.3213653321e-02,1.9430566527e+00
6.4750000000e+02,3.0196138142e-03,1.1607400980e-02,7.5280225875e-01,2.0189649599e-01,1.7185931615e-02,2.9472285549e-04,1.3193576002e-02,1.9414449189e+00
6.4800000000e+02,3.0117567135e-03,1.1577065185e-02,7.5455969676e-01,2.0036077618e-01,1.7080622056e-02,2.9114655453e-04,1.3118936555e-02,1.9359903843e+00
6.4850000000e+02,3.0207614405e-03,1.1503664771e-02,7.5478460210e-01,2.0022368059e-01,1.7051505516e-02,2.8973047276e-04,1.3126055107e-02,1.9345937795e+00
6.4900000000e+02,3.0472506643e-03,1.1449247291e-02,7.5554358785e-01,1.9977648577e-01,1.6917120081e-02,2.8836536542e-04,1.2977942981e-02,1.9293086970e+00
6.4950000000e+02,3.0589455206e-03,1.1480267049e-02,7.5705364393e-01,1.9835725594e-01,1.6875676668e-02,2.8820138295e-04,1.2886009506e-02,1.9250322208e+00
6.5000000000e+02,3.0791152827e-03,1.1525538551e-02,7.5709401598e-01,1.9822583470e-01,1.6917188400e-02,2.8838269820e-04,1.2869924391e-02,1.9263183777e+00
6.5050000000e+02,3.1084099344e-03,1.1535050268e-02,7.5780337690e-01,1.9775601090e-01,1.6834162757e-02,2.8731843780e-04,1.2675670803e-02,1.9237117563e+00
6.5100000000e+02,3.1062901384e-03,1.1539206560e-02,7.5708327692e-01,1.9861863840e-01,1.6764371314e-02,2.8865453045e-04,1.2599562140e-02,1.9233237786e+00
6.5150000000e+02,3.1152186870e-03,1.1504909071e-02,7.5845494716e-01,1.9756275994e-01,1.6573906139e-02,2.9017298537e-04,1.2498086020e-02,1.9197550089e+00
6.5200000000e+02,3.1339569858e-03,1.1521416674e-02,7.5903925294e-01,1.9703471068e-01,1.6608633827e-02,2.9028105838e-04,1.2371747827e-02,1.9188425820e+00
6.5250000000e+02,3.1676836590e-03,1.1604452536e-02,7.5963312124e-01,1.9641820855e-01,1.6629824782e-02,2.9076802870e-04,1.2255941208e-02,1.9196482230e+00
6.5300000000e+02,3.1612109135e-03,1.1548326240e-02,7.6011099277e-01,1.9624021492e-01,1.6527166896e-02,2.9072997820e-04,1.2121358282e-02,1.9159781359e+00
6.5350000000e+02,3.2055706666e-03,1.1641889039e-02,7.6063046784e-01,1.9583890167e-01,1.6467308002e-02,2.8973575353e-04,1.1926127035e-02,1.9144095376e+00
6.5400000000e+02,3.2204884643e-03,1.1684920362e-02,7.6055434667e-01,1.9606316544e-01,1.6412835525e-02,2.9308676579e-04,1.1771156774e-02,1.9137901419e+00
6.5450000000e+02,3.2217517580e-03,1.1697469790e-02,7.5966198735e-01,1.9684333476e-01,1.6472376360e-02,2.9407565875e-04,1.1809004320e-02,1.9164816896e+00
6.5500000000e+02,3.2523289471e-03,1.1735793095e-02,7.5959553013e-01,1.9678601951e-01,1.6524859338e-02,2.9844918527e-04,1.1807019799e-02,1.9187898350e+00
6.5550000000e+02,3.2507448809e-03,1.1766708062e-02,7.6099727729e-01,1.9548947291e-01,1.6431939748e-02,2.9866770283e-04,1.1765189409e-02,1.9142591278e+00
6.5600000000e+02,3.2768877882e-03,1.1784227416e-02,7.6181545995e-01,1.9476054197e-01,1.6349471093e-02,3.0225603072e-04,1.1711155746e-02,1.9124945163e+00
6.5650000000e+02,3.3189657716e-03,1.1838111675e-02,7.6154118104e-01,1.9497065507e-01,1.6309776791e-02,3.0576036001e-04,1.1715549291e-02,1.9152360437e+00
6.5700000000e+02,3.3287037121e-03,1.1836996384e-02,7.6225972799e-01,1.9408556626e-01,1.6468262175e-02,3.0965419290e-04,1.1711089281e-02,1.9163641527e+00
6.5750000000e+02,3.3479168892e-03,1.1897786115e-02,7.6182539160e-01,1.9433464095e-01,1.6488798434e-02,3.1147296663e-04,1.1793993047e-02,1.9201797067e+00
6.5800000000e+02,3.3340416768e-03,1.1858202144e-02,7.6193617477e-01,1.9431212138e-01,1.6534285469e-02,3.1300916097e-04,1.1712165399e-02,1.9176225346e+00
6.5850000000e+02,3.3428788217e-03,1.1820180784e-02,7.6314618584e-01,1.9330445671e-01,1.6493355368e-02,3.1496829893e-04,1.1577974184e-02,1.9129057105e+00
6.5900000000e+02,3.3633677545e-03,1.1904987588e-02,7.6318259687e-01,1.9297909127e-01,1.6648227543e-02,3.1741433867e-04,1.1604314634e-02,1.9158185046e+00
6.5950000000e+02,3.3630939337e-03,1.1969591068e-02,7.6212210688e-01,1.9398831005e-01,1.6686680556e-02,3.1950504553e-04,1.1550712465e-02,1.9193265129e+00
6.6000000000e+02,3.3759840449e-03,1.1927839200e-02,7.6317114524e-01,1.9310158200e-01,1.6604946817e-02,3.1757960570e-04,1.1500923083e-02,1.9156739615e+00
6.6050000000e+02,3.4298000734e-03,1.2029735716e-02,7.6320319627e-01,1.9300560428e-01,1.6575725986e-02,3.2385234340e-04,1.1432085337e-02,1.9182339345e+00
6.6100000000e+02,3.4775715441e-03,1.2179069590e-02,7.6223775852e-01,1.9378904072e-01,1.6592031630e-02,3.2756482435e-04,1.1396963175e-02,1.9234047645e+00
6.6150000000e+02,3.4677830669e-03,1.2295673355e-02,7.6300345687e-01,1.9284445010e-01,1.6552982356e-02,3.2815859033e-04,1.1507495660e-02,1.9236632554e+00
6.6200000000e+02,3.4785760606e-03,1.2406972674e-02,7.6503784057e-01,1.9075895599e-01,1.6494531662e-02,3.2991597980e-04,1.1493207062e-02,1.9209797691e+00
6.6250000000e+02,3.5066211546e-03,1.2383169413e-02,7.6492970287e-01,1.9096271230e-01,1.6492012883e-02,3.3206034708e-04,1.1393721027e-02,1.9215216936e+00
6.6300000000e+02,3.5337246644e-03,1.2429079068e-02,7.6669286834e-01,1.8908627330e-01,1.6569683146e-02,3.3738416728e-04,1.1350987308e-02,1.9205110520e+00
6.6350000000e+02,3.5531536916e-03,1.2447689598e-02,7.6788611103e-01,1.8800218307e-01,1.6466066191e-02,3.4097381060e-04,1.1303822614e-02,1.9191807962e+00
6.6400000000e+02,3.5758180936e-03,1.2491537667e-02,7.6985408864e-01,1.8624537965e-01,1.6267852882e-02,3.4251543183e-04,1.1222807633e-02,1.9147687436e+00
6.6450000000e+02,3.5769485717e-03,1.2537723707e-02,7.7001066344e-01,1.8613675417e-01,1.6275499751e-02,3.4368741837e-04,1.1118722948e-02,1.9158410540e+00
6.6500000000e+02,3.5780778571e-03,1.2461729218e-02,7.6996084782e-01,1.8629614371e-01,1.6208218299e-02,3.4936914523e-04,1.1145613955e-02,1.9145015241e+00
6.6550000000e+02,3.5995513517e-03,1.2437803584e-02,7.6960729600e-01,1.8676398762e-01,1.6130430566e-02,3.5712186030e-04,1.1103809021e-02,1.9154097621e+00
6.6600000000e+02,3.5932674691e-03,1.2386137042e-02,7.7012457220e-01,1.8650025558e-01,1.6035623658e-02,3.5955306290e-04,1.1000590990e-02,1.9118778774e+00
6.6650000000e+02,3.5876377088e-03,1.2224887889e-02,7.7033833107e-01,1.8658141165e-01,1.5958600324e-02,3.6415604711e-04,1.0944975311e-02,1.9083898235e+00
6.6700000000e+02,3.5863353100e-03,1.2313172116e-02,7.6964052303e-01,1.8740129886e-01,1.5878619405e-02,3.6924349762e-04,1.0810807776e-02,1.9086785190e+00
6.6750000000e+02,3.5921211517e-03,1.2272467157e-02,7.6978300323e-01,1.8732800550e-01,1.5884986300e-02,3.7337351603e-04,1.0766043148e-02,1.9077903690e+00
6.6800000000e+02,3.5981826494e-03,1.2323137816e-02,7.7067288318e-01,1.8643902619e-01,1.5882824407e-02,3.7586962876e-04,1.0708076128e-02,1.9071073352e+00
6.6850000000e+02,3.6127369128e-03,1.2367743121e-02,7.7006741538e-01,1.8704320421e-01,1.5880038300e-02,3.7884227506e-04,1.0650019804e-02,1.9082593943e+00
6.6900000000e+02,3.6145666670e-03,1.2354805673e-02,7.7071081972e-01,1.8650851646e-01,1.5804867063e-02,3.8304237736e-04,1.0623382040e-02,1.9054367373e+00
6.6950000000e+02,3.6277962706e-03,1.2349492525e-02,7.7061015601e-01,1.8665931474e-01,1.5802411151e-02,3.8395832631e-04,1.0566870975e-02,1.9051709751e+00
6.7000000000e+02,3.6449890164e-03,1.2451517098e-02,7.7029143924e-01,1.8671926150e-01,1.5932550686e-02,3.8779765841e-04,1.0572444795e-02,1.9085433433e+00
6.7050000000e+02,3.6411286757e-03,1.2431308839e-02,7.7024883866e-01,1.8680547653e-01,1.5894802265e-02,3.8993558614e-04,1.0588509445e-02,1.9075980469e+00
6.7100000000e+02,3.6530993106e-03,1.2305633505e-02,7.7040901812e-01,1.8687538822e-01,1.5857909145e-02,3.9051059328e-04,1.0508441105e-02,1.9045840320e+00
6.7150000000e+02,3.6633436143e-03,1.2347693878e-02,7.7081347300e-01,1.8638257421e-01,1.5916663904e-02,3.9635649817e-04,1.0479894898e-02,1.9045931359e+00
6.7200000000e+02,3.7036765639e-03,1.2377795382e-02,7.7010058665e-01,1.8691697760e-01,1.5912009959e-02,4.0517582148e-04,1.0583778025e-02,1.9086614044e+00
6.7250000000e+02,3.7347579080e-03,1.2364983744e-02,7.6853309875e-01,1.8855337089e-01,1.5843416116e-02,4.1092665341e-04,1.0559445939e-02,1.9119002341e+00
6.7300000000e+02,3.7251165702e-03,1.2375985356e-02,7.6925296623e-01,1.8786294833e-01,1.5820532090e-02,4.1347028879e-04,1.0548981133e-02,1.9102374953e+00
6.7350000000e+02,3.7268861243e-03,1.2388039017e-02,7.6971125876e-01,1.8740763502e-01,1.5828929719e-02,4.1742905150e-04,1.0519822307e-02,1.9100040086e+00
6.7400000000e+02,3.7556240691e-03,1.2401172386e-02,7.6927791952e-01,1.8776994528e-01,1.5772773040e-02,4.1995036894e-04,1.0602615339e-02,1.9119298905e+00
6.7450000000e+02,3.7823281453e-03,1.2417705411e-02,7.6914835681e-01,1.8789910844e-01,1.5797116986e-02,4.2103121369e-04,1.0534352995e-02,1.9139507047e+00
6.7500000000e+02,3.7670946493e-03,1.2481529921e-02,7.6839755900e-01,1.8870102010e-01,1.5789221922e-02,4.2330510549e-04,1.0440269302e-02,1.9146683298e+00
6.7550000000e+02,3.7568947154e-03,1.2485259882e-02,7.6933271217e-01,1.8790543101e-01,1.5661012883e-02,4.2592168664e-04,1.0432767654e-02,1.9127749780e+00
6.7600000000e+02,3.7155351077e-03,1.2406265559e-02,7.6938331132e-01,1.8800621843e-01,1.5630597384e-02,4.2751210773e-04,1.0430560087e-02,1.9100418034e+00
6.7650000000e+02,3.7574238217e-03,1.2482057091e-02,7.6827366259e-01,1.8897408083e-01,1.5577033484e-02,4.3206606892e-04,1.0503676116e-02,1.9149784290e+00
6.7700000000e+02,3.7585853432e-03,1.2487525993e-02,7.6753195088e-01,1.8968601739e-01,1.5593171703e-02,4.3468435919e-04,1.0508064330e-02,1.9176496966e+00
6.7750000000e+02,3.7511559269e-03,1.2449778010e-02,7.6799710376e-01,1.8930683310e-01,1.5665951625e-02,4.3232807419e-04,1.0396849500e-02,1.9171182198e+00
6.7800000000e+02,3.7796461705e-03,1.2540591862e-02,7.6580872371e-01,1.9139109782e-01,1.5702451693e-02,4.3997593331e-04,1.0337512809e-02,1.9233914713e+00
6.7850000000e+02,3.7745907711e-03,1.2587920338e-02,7.6484143518e-01,1.9234092153e-01,1.5657760842e-02,4.4444461708e-04,1.0352926720e-02,1.9256268798e+00
6.7900000000e+02,3.8140292352e-03,1.2655245239e-02,7.6358717895e-01,1.9351246390e-01,1.5671192137e-02,4.4801493613e-04,1.0311875605e-02,1.9294809021e+00
6.7950000000e+02,3.8260375901e-03,1.2662171219e-02,7.6359274168e-01,1.9338816410e-01,1.5737895447e-02,4.4933452274e-04,1.0343655440e-02,1.9317999886e+00
6.8000000000e+02,3.8288764733e-03,1.2602987878e-02,7.6535637030e-01,1.9175381530e-01,1.5644559071e-02,4.5282754236e-04,1.0360563439e-02,1.9287759351e+00
6.8050000000e+02,3.8416406673e-03,1.2633489376e-02,7.6531918079e-01,1.9165589859e-01,1.5649536338e-02,4.5101932183e-04,1.0449234915e-02,1.9312795004e+00
6.8100000000e+02,3.8169796097e-03,1.2674479495e-02,7.6519582586e-01,1.9179201290e-01,1.5655745777e-02,4.5180984143e-04,1.0413146517e-02,1.9302393367e+00
6.8150000000e+02,3.8567860352e-03,1.2673102548e-02,7.6574098706e-01,1.9135516372e-01,1.5474831671e-02,4.5755337467e-04,1.0441575586e-02,1.9296958390e+00
6.8200000000e+02,3.8830349793e-03,1.2625889434e-02,7.6749904631e-01,1.8977768601e-01,1.5390320603e-02,4.6040093024e-04,1.0363621736e-02,1.9251011972e+00
6.8250000000e+02,3.8915884863e-03,1.2587198149e-02,7.6782532007e-01,1.8961992883e-01,1.5290431081e-02,4.6020474235e-04,1.0325328636e-02,1.9224894755e+00
6.8300000000e+02,3.8813590990e-03,1.2635710193e-02,7.6935250263e-01,1.8804667073e-01,1.5335938309e-02,4.5950217934e-04,1.0288316855e-02,1.9202924800e+00
6.8350000000e+02,3.8721028222e-03,1.2640830235e-02,7.6907141436e-01,1.8833810350e-01,1.5334834046e-02,4.6040429673e-04,1.0282310743e-02,1.9208248769e+00
6.8400000000e+02,3.8915716819e-03,1.2639584536e-02,7.6932242985e-01,1.8801935366e-01,1.5382569540e-02,4.6678602730e-04,1.0277704703e-02,1.9210622362e+00
6.8450000000e+02,3.8468334873e-03,1.2601437228e-02,7.6942232378e-01,1.8815570732e-01,1.5313212056e-02,4.6849415807e-04,1.0191991967e-02,1.9192756601e+00
6.8500000000e+02,3.8248579643e-03,1.2504511203e-02,7.7021225184e-01,1.8764446596e-01,1.5181926989e-02,4.6491225000e-04,1.0167073801e-02,1.9149107455e+00
6.8550000000e+02,3.8145229051e-03,1.2433164743e-02,7.7046705007e-01,1.8749936309e-01,1.5198055335e-02,4.6574472035e-04,1.0122099134e-02,1.9121702550e+00
6.8600000000e+02,3.8177783076e-03,1.2471852670e-02,7.7153522184e-01,1.8634391689e-01,1.5247039113e-02,4.6899842287e-04,1.0115192759e-02,1.9110708120e+00
6.8650000000e+02,3.8509255255e-03,1.2532324659e-02,7.7128488237e-01,1.8652668733e-01,1.5185513079e-02,4.7127624317e-04,1.0148390794e-02,1.9125584197e+00
6.8700000000e+02,3.8524205419e-03,1.2516278281e-02,7.7035168938e-01,1.8743865053e-01,1.5237101164e-02,4.7359571933e-04,1.0130264384e-02,1.9157007659e+00
6.8750000000e+02,3.8581579473e-03,1.2471016764e-02,7.7197196728e-01,1.8584334712e-01,1.5214990762e-02,4.7096172003e-04,1.0169558407e-02,1.9121166763e+00
6.8800000000e+02,3.8330728910e-03,1.2439540755e-02,7.7300292141e-01,1.8498806407e-01,1.5111284036e-02,4.7034467198e-04,1.0154772168e-02,1.9074194988e+00
6.8850000000e+02,3.8438558831e-03,1.2411767298e-02,7.7188715852e-01,1.8615236217e-01,1.5109275232e-02,4.6675378472e-04,1.0128827112e-02,1.9102736134e+00
6.8900000000e+02,3.8563158565e-03,1.2306286197e-02,7.7330957639e-01,1.8494795771e-01,1.5001514558e-02,4.6280820374e-04,1.0115541083e-02,1.9055585611e+00
6.8950000000e+02,3.8293273657e-03,1.2249661137e-02,7.7511985335e-01,1.8344350005e-01,1.4829592156e-02,4.6072215491e-04,1.0067343787e-02,1.8984653769e+00
6.9000000000e+02,3.8374892967e-03,1.2267525479e-02,7.7601541845e-01,1.8239284246e-01,1.4913591752e-02,4.6504098371e-04,1.0108091575e-02,1.8977421350e+00
6.9050000000e+02,3.8443064460e-03,1.2234240484e-02,7.7780593316e-01,1.8071841564e-01,1.4885773104e-02,4.6049871527e-04,1.0050832452e-02,1.8922116271e+00
6.9100000000e+02,3.8233985168e-03,1.2164668677e-02,7.7922844082e-01,1.7938723621e-01,1.4911627642e-02,4.6260053989e-04,1.0022027597e-02,1.8885575046e+00
6.9150000000e+02,3.8367689965e-03,1.2174485396e-02,7.7850884714e-01,1.7991645759e-01,1.5008891132e-02,4.6519272613e-04,1.0089357025e-02,1.8930151285e+00
6.9200000000e+02,3.8548983174e-03,1.2274463274e-02,7.7762446198e-01,1.8064344104e-01,1.4964879777e-02,4.6996240960e-04,1.0167893205e-02,1.8967073401e+00
6.9250000000e+02,3.8877568254e-03,1.2288936745e-02,7.7818448474e-01,1.8005211472e-01,1.4996640060e-02,4.7306241997e-04,1.0117004491e-02,1.8969286959e+00
6.9300000000e+02,3.9009918936e-03,1.2321416022e-02,7.7811131069e-01,1.8016156430e-01,1.4910216745e-02,4.7380088756e-04,1.0120699460e-02,1.8972761620e+00
6.9350000000e+02,3.9181614867e-03,1.2287388687e-02,7.7751225285e-01,1.8089550709e-01,1.4884613060e-02,4.7479758059e-04,1.0027279237e-02,1.8976385138e+00
6.9400000000e+02,3.9390542938e-03,1.2307854369e-02,7.7730901815e-01,1.8107299720e-01,1.4849352491e-02,4.7829984535e-04,1.0043423646e-02,1.8996678201e+00
6.9450000000e+02,3.9506892311e-03,1.2349940945e-02,7.7680858161e-01,1.8148886245e-01,1.4845183931e-02,4.8294922663e-04,1.0073792603e-02,1.9023537835e+00
6.9500000000e+02,3.9382269786e-03,1.2330194820e-02,7.7724683403e-01,1.8105607718e-01,1.4869551301e-02,4.8382153346e-04,1.0075294159e-02,1.9016339852e+00
6.9550000000e+02,3.9269814590e-03,1.2366149308e-02,7.7762008991e-01,1.8074138163e-01,1.4855230818e-02,4.7976228030e-04,1.0010404592e-02,1.8995250462e+00
6.9600000000e+02,3.9388414046e-03,1.2432910584e-02,7.7794818498e-01,1.8022730599e-01,1.4969984986e-02,4.8735901461e-04,9.9954130445e-03,1.9016277415e+00
6.9650000000e+02,3.9313529215e-03,1.2479338407e-02,7.7886585932e-01,1.7918016725e-01,1.5001127227e-02,4.8720523579e-04,1.0054949634e-02,1.9012764394e+00
6.9700000000e+02,3.9422851638e-03,1.2463738598e-02,7.8016318444e-01,1.7796505956e-01,1.4920740357e-02,4.8578920631e-04,1.0059202670e-02,1.8992076142e+00
6.9750000000e+02,3.9473322729e-03,1.2447989279e-02,7.7974898797e-01,1.7836725132e-01,1.4947797114e-02,4.8324254943e-04,1.0057399493e-02,1.9010454710e+00
6.9800000000e+02,3.9738662371e-03,1.2483939586e-02,7.8011899774e-01,1.7796968796e-01,1.4914267579e-02,4.8584334062e-04,1.0053397556e-02,1.9019969124e+00
6.9850000000e+02,3.9856403863e-03,1.2576799203e-02,7.7904795438e-01,1.7881662246e-01,1.4985896515e-02,4.8720482896e-04,1.0099882223e-02,1.9065896174e+00
6.9900000000e+02,3.9894275095e-03,1.2544607250e-02,7.7929463053e-01,1.7861446526e-01,1.4983238672e-02,4.8937213393e-04,1.0084258641e-02,1.9055302711e+00
6.9950000000e+02,3.9572418982e-03,1.2464086064e-02,7.7943234009e-01,1.7880251047e-01,1.4892871006e-02,4.8778836981e-04,9.9631621067e-03,1.9000493766e+00
7.0000000000e+02,3.9541654163e-03,1.2415328666e-02,7.7986053553e-01,1.7842516687e-01,1.4924745354e-02,4.9200695545e-04,9.9280512026e-03,1.8979122808e+00
7.0050000000e+02,3.9870886013e-03,1.2444302526e-02,7.7948432197e-01,1.7878989360e-01,1.4852979533e-02,4.9695916762e-04,9.9444545972e-03,1.9001813597e+00
7.0100000000e+02,3.9941417271e-03,1.2411143929e-02,7.7939468595e-01,1.7885594217e-01,1.4914247353e-02,4.9627542746e-04,9.9335634396e-03,1.8995431530e+00
7.0150000000e+02,3.9772086494e-03,1.2391811269e-02,7.7964280811e-01,1.7869279155e-01,1.4890675758e-02,4.9656819565e-04,9.9081364703e-03,1.8974853252e+00
7.0200000000e+02,3.9510158860e-03,1.2326909494e-02,7.7949232716e-01,1.7889807328e-01,1.4969099701e-02,4.9179598729e-04,9.8707784908e-03,1.8968313033e+00
7.0250000000e+02,3.9660224525e-03,1.2407861936e-02,7.7926240425e-01,1.7908164898e-01,1.4913019315e-02,4.9378242405e-04,9.8752606422e-03,1.8991266811e+00
7.0300000000e+02,3.9493854698e-03,1.2393610389e-02,7.8048914959e-01,1.7800119127e-01,1.4863237230e-02,4.9636843813e-04,9.8070576082e-03,1.8939323739e+00
7.0350000000e+02,3.9633911063e-03,1.2349003356e-02,7.8111508977e-01,1.7751835878e-01,1.4815565599e-02,4.9832826316e-04,9.7402631277e-03,1.8912095023e+00
7.0400000000e+02,3.9963777404e-03,1.2355563348e-02,7.8092392769e-01,1.7754046491e-01,1.4902928770e-02,4.9849611064e-04,9.7822414284e-03,1.8947431068e+00
7.0450000000e+02,3.9882518517e-03,1.2315275203e-02,7.8021424409e-01,1.7831267712e-01,1.4928229250e-02,4.9776836971e-04,9.7435541117e-03,1.8958684839e+00
7.0500000000e+02,4.0011776991e-03,1.2262960511e-02,7.7937715149e-01,1.7939639999e-01,1.4817008059e-02,4.9504113086e-04,9.6502611245e-03,1.8958949281e+00
7.0550000000e+02,4.0298379450e-03,1.2266365872e-02,7.7961350855e-01,1.7906652327e-01,1.4848500998e-02,4.9637760505e-04,9.6788857578e-03,1.8963012762e+00
7.0600000000e+02,4.0841387771e-03,1.2275137189e-02,7.8000611460e-01,1.7854437001e-01,1.4891996282e-02,4.9437707818e-04,9.7038660594e-03,1.8991516487e+00
7.0650000000e+02,4.1117814240e-03,1.2284297263e-02,7.8096257083e-01,1.7772290189e-01,1.4768430394e-02,4.9491532321e-04,9.6551028693e-03,1.8979062185e+00
7.0700000000e+02,4.1434479204e-03,1.2340823402e-02,7.8103784278e-01,1.7748797334e-01,1.4783497392e-02,4.9970695374e-04,9.7067082069e-03,1.9003704310e+00
7.0750000000e+02,4.1602453933e-03,1.2249950460e-02,7.8184662142e-01,1.7667635422e-01,1.4866922276e-02,5.0428629463e-04,9.6956199404e-03,1.9000521852e+00
7.0800000000e+02,4.1463654318e-03,1.2167285892e-02,7.8158457827e-01,1.7689397876e-01,1.4987929710e-02,5.1096141111e-04,9.7089005219e-03,1.9008905215e+00
7.0850000000e+02,4.1603828463e-03,1.2202746120e-02,7.7991148069e-01,1.7852134068e-01,1.4947178981e-02,5.1291354322e-04,9.7439571406e-03,1.9069130559e+00
7.0900000000e+02,4.1470544990e-03,1.2169796963e-02,7.7979186458e-01,1.7869878843e-01,1.4973259085e-02,5.1361341092e-04,9.7056230281e-03,1.9069883959e+00
7.0950000000e+02,4.1428974016e-03,1.2223639145e-02,7.7942042909e-01,1.7902693744e-01,1.4986467565e-02,5.1785061209e-04,9.6817787459e-03,1.9090122308e+00
7.1000000000e+02,4.1561972320e-03,1.2345245137e-02,7.7885228711e-01,1.7939562351e-01,1.5021147587e-02,5.2308118462e-04,9.7064182395e-03,1.9138793201e+00
7.1050000000e+02,4.1295545720e-03,1.2302126444e-02,7.7896987972e-01,1.7960283313e-01,1.4883208061e-02,5.2562574553e-04,9.5867723245e-03,1.9096301524e+00
7.1100000000e+02,4.0965592931e-03,1.2255204636e-02,7.7916735286e-01,1.7955150306e-01,1.4848027848e-02,5.2623474315e-04,9.5551175560e-03,1.9074463798e+00
7.1150000000e+02,4.0807742049e-03,1.2235767848e-02,7.8010600588e-01,1.7874201473e-01,1.4727001286e-02,5.2890283636e-04,9.5795332059e-03,1.9050695085e+00
7.1200000000e+02,4.0882597512e-03,1.2316448205e-02,7.7970039652e-01,1.7919222697e-01,1.4632091473e-02,5.3546677780e-04,9.5351103027e-03,1.9072737817e+00
7.1250000000e+02,4.0966525867e-03,1.2352480644e-02,7.7886281293e-01,1.7986348666e-01,1.4691875479e-02,5.3632123863e-04,9.5963704607e-03,1.9101911966e+00
7.1300000000e+02,4.0818733386e-03,1.2266589365e-02,7.7895560544e-01,1.7994362501e-01,1.4614348051e-02,5.3605029429e-04,9.6019084962e-03,1.9075939330e+00
7.1350000000e+02,4.0809963577e-03,1.2286073065e-02,7.7875521934e-01,1.8020767559e-01,1.4587234142e-02,5.3996351474e-04,9.5428379940e-03,1.9076867593e+00
7.1400000000e+02,4.0948915449e-03,1.2372727629e-02,7.7785095316e-01,1.8100605558e-01,1.4630112439e-02,5.4160282967e-04,9.5036568193e-03,1.9110529785e+00
7.1450000000e+02,4.1072757687e-03,1.2394653431e-02,7.7707065287e-01,1.8165440955e-01,1.4633539211e-02,5.4625463644e-04,9.5932145265e-03,1.9140064448e+00
7.1500000000e+02,4.0996781170e-03,1.2426402770e-02,7.7740377430e-01,1.8122261948e-01,1.4658004961e-02,5.4973711740e-04,9.6397832546e-03,1.9139550557e+00
7.1550000000e+02,4.0846798732e-03,1.2530866704e-02,7.7725748399e-01,1.8113089597e-01,1.4762574202e-02,5.5628303107e-04,9.6772162267e-03,1.9177259663e+00
7.1600000000e+02,4.0818273881e-03,1.2557587919e-02,7.7685209292e-01,1.8138633569e-01,1.4831559214e-02,5.5823819521e-04,9.7323586712e-03,1.9214090387e+00
7.1650000000e+02,4.0784001921e-03,1.2595816387e-02,7.7727639048e-01,1.8080994610e-01,1.4823267241e-02,5.5798429199e-04,9.8581953003e-03,1.9221567364e+00
7.1700000000e+02,4.1004080827e-03,1.2757617870e-02,7.7592358394e-01,1.8201852317e-01,1.4800105281e-02,5.6095542209e-04,9.8388062315e-03,1.9273434677e+00
7.1750000000e+02,4.1336508236e-03,1.2836482089e-02,7.7559533842e-01,1.8210365164e-01,1.4888171437e-02,5.6595547226e-04,9.8767501124e-03,1.9321537879e+00
7.1800000000e+02,4.1656217285e-03,1.2939551572e-02,7.7466139247e-01,1.8268639861e-01,1.4999137744e-02,5.7212301169e-04,9.9757748659e-03,1.9382463308e+00
7.1850000000e+02,4.1814366915e-03,1.2961860533e-02,7.7316116018e-01,1.8404836509e-01,1.5031087798e-02,5.7797535244e-04,1.0038114357e-02,1.9430385071e+00
7.1900000000e+02,4.1922316280e-03,1.3114847820e-02,7.7275260205e-01,1.8439306189e-01,1.4906698994e-02,5.8409614152e-04,1.0056461475e-02,1.9456013063e+00
7.1950000000e+02,4.1892851488e-03,1.3034949007e-02,7.7315515231e-01,1.8425027061e-01,1.4845959236e-02,5.8106197140e-04,9.9433217135e-03,1.9419350965e+00
7.2000000000e+02,4.1789361654e-03,1.3044224081e-02,7.7321363569e-01,1.8436226523e-01,1.4742930659e-02,5.7989145007e-04,9.8781167223e-03,1.9404512162e+00
7.2050000000e+02,4.1652939178e-03,1.3088483266e-02,7.7294577334e-01,1.8467938643e-01,1.4696138528e-02,5.7858215583e-04,9.8463423586e-03,1.9404030836e+00
7.2100000000e+02,4.2040612873e-03,1.3225345798e-02,7.7213854328e-01,1.8519337542e-01,1.4709660437e-02,5.8272271331e-04,9.9462910659e-03,1.9460938788e+00
7.2150000000e+02,4.1818303421e-03,1.3279125366e-02,7.7292226970e-01,1.8444543074e-01,1.4690970384e-02,5.8403482550e-04,9.8963386477e-03,1.9440531509e+00
7.2200000000e+02,4.2052520255e-03,1.3251819088e-02,7.7328494820e-01,1.8398221943e-01,1.4780387055e-02,5.8908704282e-04,9.9062871646e-03,1.9450621202e+00
7.2250000000e+02,4.1869318431e-03,1.3242927581e-02,7.7269972811e-01,1.8464377961e-01,1.4752636447e-02,5.8979356454e-04,9.8842028478e-03,1.9455014121e+00
7.2300000000e+02,4.2132913676e-03,1.3300035499e-02,7.7140904169e-01,1.8584969863e-01,1.4745433622e-02,5.9624574829e-04,9.8862534362e-03,1.9501570968e+00
7.2350000000e+02,4.2381282458e-03,1.3383953732e-02,7.7080587202e-01,1.8631255526e-01,1.4768177716e-02,6.0326766277e-04,9.8880453595e-03,1.9549758935e+00
7.2400000000e+02,4.2194334103e-03,1.3407308645e-02,7.7173035060e-01,1.8542319039e-01,1.4772129827e-02,6.0800550999e-04,9.8395816151e-03,1.9528687565e+00
7.2450000000e+02,4.2271966308e-03,1.3517403362e-02,7.7173737264e-01,1.8521322696e-01,1.4789485780e-02,6.0995626255e-04,9.9053583587e-03,1.9554534129e+00
7.2500000000e+02,4.2350166374e-03,1.3450472858e-02,7.7144663209e-01,1.8550739455e-01,1.4821885180e-02,6.1461375072e-04,9.9239849342e-03,1.9563882234e+00
7.2550000000e+02,4.2615569526e-03,1.3489967882e-02,7.7008417830e-01,1.8659705532e-01,1.4926114726e-02,6.2572907707e-04,1.0015397743e-02,1.9633057555e+00
7.2600000000e+02,4.2530320321e-03,1.3537397801e-02,7.7041077203e-01,1.8616471849e-01,1.4973045953e-02,6.3032358943e-04,1.0030710107e-02,1.9634899296e+00
7.2650000000e+02,4.2087317073e-03,1.3465087491e-02,7.7013437382e-01,1.8657601534e-01,1.4963660784e-02,6.2988070001e-04,1.0022250163e-02,1.9625472608e+00
7.2700000000e+02,4.2166856275e-03,1.3480920885e-02,7.6944673900e-01,1.8720693985e-01,1.4949797856e-02,6.3388094619e-04,1.0065035837e-02,1.9646401509e+00
7.2750000000e+02,4.2195518631e-03,1.3482166155e-02,7.6960377149e-01,1.8705091320e-01,1.4914966098e-02,6.3966065518e-04,1.0088970537e-02,1.9645216083e+00
7.2800000000e+02,4.2341302516e-03,1.3573626545e-02,7.6898208551e-01,1.8739273967e-01,1.5011757694e-02,6.4609657435e-04,1.0159563752e-02,1.9696294805e+00
7.2850000000e+02,4.2591322854e-03,1.3575182611e-02,7.6761240513e-01,1.8857296562e-01,1.5073574822e-02,6.4601932058e-04,1.0260720208e-02,1.9753385378e+00
7.2900000000e+02,4.2921963382e-03,1.3608347937e-02,7.6871845535e-01,1.8736990856e-01,1.5099151248e-02,6.5029428419e-04,1.0261646284e-02,1.9744033611e+00
7.2950000000e+02,4.3085110858e-03,1.3595091417e-02,7.6872304369e-01,1.8730206372e-01,1.5178213788e-02,6.5430752350e-04,1.0238768773e-02,1.9756562150e+00
7.3000000000e+02,4.3514867696e-03,1.3724446951e-02,7.6623894888e-01,1.8940570644e-01,1.5261031700e-02,6.6010190441e-04,1.0358277355e-02,1.9854331223e+00
7.3050000000e+02,4.4042223246e-03,1.3788071043e-02,7.6535196013e-01,1.8992679911e-01,1.5440702861e-02,6.7249942281e-04,1.0415745108e-02,1.9929331643e+00
7.3100000000e+02,4.4165678659e-03,1.3862540525e-02,7.6566388103e-01,1.8944564825e-01,1.5463190291e-02,6.7619668092e-04,1.0471975351e-02,1.9940671953e+00
7.3150000000e+02,4.3909391237e-03,1.3802527086e-02,7.6436369446e-01,1.9075403100e-01,1.5479621949e-02,6.8859884426e-04,1.0520587530e-02,1.9974392701e+00
7.3200000000e+02,4.3947921878e-03,1.3910342848e-02,7.6291299178e-01,1.9184463693e-01,1.5591248682e-02,6.9676683829e-04,1.0649220733e-02,2.0045325965e+00
7.3250000000e+02,4.3937317439e-03,1.3893951217e-02,7.6189335873e-01,1.9281861928e-01,1.5600926850e-02,6.9825869609e-04,1.0701153487e-02,2.0074560038e+00
7.3300000000e+02,4.3910188971e-03,1.3961163836e-02,7.6015661685e-01,1.9451315946e-01,1.5695585453e-02,6.9933616757e-04,1.0583119333e-02,2.0116425081e+00
7.3350000000e+02,4.4169212094e-03,1.4041900311e-02,7.5764307400e-01,1.9676009453e-01,1.5795694198e-02,7.0848473086e-04,1.0633831027e-02,2.0212946948e+00
7.3400000000e+02,4.4234511616e-03,1.4104378364e-02,7.5780173320e-01,1.9653695395e-01,1.5772466634e-02,7.2097331119e-04,1.0640043383e-02,2.0222763622e+00
7.3450000000e+02,4.4499537676e-03,1.4224544305e-02,7.5674878591e-01,1.9728927226e-01,1.5832797959e-02,7.3462140867e-04,1.0720024384e-02,2.0290728195e+00
7.3500000000e+02,4.4557066292e-03,1.4183732348e-02,7.5756151742e-01,1.9658537286e-01,1.5772223288e-02,7.3912621208e-04,1.0702321245e-02,2.0279154290e+00
7.3550000000e+02,4.4235783983e-03,1.4228095811e-02,7.5859150395e-01,1.9567742670e-01,1.5709856097e-02,7.3543551161e-04,1.0634103524e-02,2.0242325560e+00
7.3600000000e+02,4.4158679596e-03,1.4141224890e-02,7.5945244386e-01,1.9481987695e-01,1.5763511629e-02,7.3829670807e-04,1.0668778009e-02,2.0230819546e+00
7.3650000000e+02,4.4198029028e-03,1.4174914368e-02,7.6024468944e-01,1.9395982281e-01,1.5832029041e-02,7.4101229672e-04,1.0627729138e-02,2.0219478173e+00
7.3700000000e+02,4.3889336348e-03,1.4254738180e-02,7.6050951438e-01,1.9359212580e-01,1.5891766091e-02,7.4828665658e-04,1.0614635262e-02,2.0230722919e+00
7.3750000000e+02,4.4135766336e-03,1.4257231039e-02,7.5951881968e-01,1.9439599752e-01,1.5918891899e-02,7.5456158507e-04,1.0740921641e-02,2.0276064157e+00
7.3800000000e+02,4.4099068492e-03,1.4276170565e-02,7.5889913312e-01,1.9502196393e-01,1.5818823928e-02,7.5739139689e-04,1.0816610209e-02,2.0302515721e+00
7.3850000000e+02,4.4232500996e-03,1.4432104379e-02,7.5866435369e-01,1.9487586887e-01,1.5936809418e-02,7.6982612598e-04,1.0897787414e-02,2.0357661595e+00
7.3900000000e+02,4.4009432099e-03,1.4448118732e-02,7.5856924102e-01,1.9499675593e-01,1.5869512518e-02,7.7396746525e-04,1.0941461129e-02,2.0366457216e+00
7.3950000000e+02,4.4187436509e-03,1.4379670791e-02,7.5817014676e-01,1.9522445818e-01,1.5979507880e-02,7.8024850297e-04,1.1047224240e-02,2.0390111780e+00
7.4000000000e+02,4.4076949718e-03,1.4454110381e-02,7.5757468070e-01,1.9546767824e-01,1.6142463437e-02,7.8842841205e-04,1.1164943860e-02,2.0439748698e+00
7.4050000000e+02,4.4063491162e-03,1.4494908810e-02,7.5763946732e-01,1.9518397889e-01,1.6192288648e-02,8.0318277944e-04,1.1279824441e-02,2.0472103154e+00
7.4100000000e+02,4.4021023367e-03,1.4490824861e-02,7.5761462175e-01,1.9516257263e-01,1.6152847477e-02,8.0564397082e-04,1.1371386972e-02,2.0488334527e+00
7.4150000000e+02,4.4054817251e-03,1.4541399729e-02,7.5902611341e-01,1.9362148717e-01,1.6180689326e-02,8.0407233763e-04,1.1420756297e-02,2.0479500382e+00
7.4200000000e+02,4.3952535410e-03,1.4504103775e-02,7.5892854020e-01,1.9375920242e-01,1.6163412401e-02,8.0143686195e-04,1.1448050804e-02,2.0484572506e+00
7.4250000000e+02,4.4008210024e-03,1.4500250839e-02,7.5821305528e-01,1.9437358767e-01,1.6279071241e-02,8.0639198608e-04,1.1426821984e-02,2.0517979305e+00
7.4300000000e+02,4.4186567244e-03,1.4579432221e-02,7.5776279006e-01,1.9466442220e-01,1.6306430454e-02,8.0443216737e-04,1.1463836173e-02,2.0556033082e+00
7.4350000000e+02,4.4437761770e-03,1.4597134900e-02,7.5782552862e-01,1.9445196802e-01,1.6395605688e-02,8.0343113540e-04,1.1482555457e-02,2.0578671452e+00
7.4400000000e+02,4.4290467423e-03,1.4566636278e-02,7.5708061441e-01,1.9524702953e-01,1.6338943591e-02,8.0622837507e-04,1.1531501080e-02,2.0596911795e+00
7.4450000000e+02,4.4366482300e-03,1.4588834218e-02,7.5561135569e-01,1.9647775417e-01,1.6423782842e-02,8.1413762738e-04,1.1647487217e-02,2.0650621263e+00
7.4500000000e+02,4.4433409420e-03,1.4468679578e-02,7.5568803718e-01,1.9647697261e-01,1.6440700700e-02,8.0922838751e-04,1.1673040600e-02,2.0640487034e+00
7.4550000000e+02,4.4328521865e-03,1.4435401076e-02,7.5596543715e-01,1.9619956143e-01,1.6520975333e-02,8.0032575116e-04,1.1645447075e-02,2.0628880289e+00
7.4600000000e+02,4.3740882249e-03,1.4407944779e-02,7.5596499791e-01,1.9613679711e-01,1.6645990978e-02,8.0657454735e-04,1.1663606457e-02,2.0631617763e+00
7.4650000000e+02,4.4100365453e-03,1.4444141086e-02,7.5364641672e-01,1.9791747033e-01,1.6999641435e-02,8.1375875119e-04,1.1768535133e-02,2.0730403255e+00
7.4700000000e+02,4.3980035894e-03,1.4457400534e-02,7.5327157562e-01,1.9820496787e-01,1.6999146436e-02,8.1515546026e-04,1.1853750490e-02,2.0748235896e+00
7.4750000000e+02,4.4000336768e-03,1.4462196970e-02,7.5271093410e-01,1.9862469711e-01,1.7077009614e-02,8.2081349304e-04,1.1904315044e-02,2.0766848512e+00
7.4800000000e+02,4.4579695905e-03,1.4556071176e-02,7.5122580472e-01,1.9978516076e-01,1.7108019783e-02,8.2399831733e-04,1.2042975652e-02,2.0842931024e+00
7.4850000000e+02,4.4509771178e-03,1.4500759257e-02,7.5128142186e-01,1.9971664771e-01,1.7197586574e-02,8.3063866142e-04,1.2021968818e-02,2.0844640645e+00
7.4900000000e+02,4.4651420308e-03,1.4399377625e-02,7.5147657633e-01,1.9956652128e-01,1.7163813851e-02,8.3767087927e-04,1.2090897996e-02,2.0845683381e+00
7.4950000000e+02,4.4903755287e-03,1.4382344367e-02,7.5216965140e-01,1.9872031595e-01,1.7290407129e-02,8.3897259471e-04,1.2107933032e-02,2.0839461301e+00
7.5000000000e+02,4.5228177112e-03,1.4238665080e-02,7.5230284343e-01,1.9869576896e-01,1.7343055950e-02,8.4009475917e-04,1.2056754105e-02,2.0833203923e+00
7.5050000000e+02,4.5757745288e-03,1.4350767494e-02,7.5184915377e-01,1.9867435033e-01,1.7509147480e-02,8.4933525858e-04,1.2191471145e-02,2.0907449007e+00
7.5100000000e+02,4.5648826920e-03,1.4428981836e-02,7.5285175411e-01,1.9750111383e-01,1.7525557902e-02,8.5896549012e-04,1.2268744143e-02,2.0918858431e+00
7.5150000000e+02,4.5067331010e-03,1.4388506773e-02,7.5354178147e-01,1.9707098041e-01,1.7447567858e-02,8.6198224338e-04,1.2182448138e-02,2.0878002332e+00
7.5200000000e+02,4.5148642617e-03,1.4379152980e-02,7.5346724394e-01,1.9701196714e-01,1.7484597205e-02,8.6382748262e-04,1.2278346991e-02,2.0899585269e+00
7.5250000000e+02,4.5536304332e-03,1.4404810766e-02,7.5194162322e-01,1.9828724792e-01,1.7592022085e-02,8.7415447817e-04,1.2346511100e-02,2.0974666467e+00
7.5300000000e+02,4.5656390034e-03,1.4401539983e-02,7.5207291989e-01,1.9804452926e-01,1.7624295936e-02,8.7522213456e-04,1.2415853791e-02,2.0989358537e+00
7.5350000000e+02,4.5752575642e-03,1.4460110955e-02,7.5071571507e-01,1.9919278006e-01,1.7666256906e-02,8.8006187464e-04,1.2509817564e-02,2.1038044307e+00
7.5400000000e+02,4.5969183793e-03,1.4589879868e-02,7.4936094202e-01,2.0042131235e-01,1.7638354977e-02,8.8446256101e-04,1.2508129840e-02,2.1081810084e+00
7.5450000000e+02,4.6243906051e-03,1.4483735890e-02,7.4979326258e-01,2.0019377694e-01,1.7608009987e-02,8.8137660743e-04,1.2415447396e-02,2.1062569559e+00
7.5500000000e+02,4.6068252555e-03,1.4409983729e-02,7.4965043378e-01,2.0046210946e-01,1.7537555047e-02,8.8137798577e-04,1.2451714736e-02,2.1054862827e+00
7.5550000000e+02,4.6434181079e-03,1.4461004319e-02,7.4822487152e-01,2.0165443895e-01,1.7599802711e-02,8.8765657444e-04,1.2528807811e-02,2.1109587307e+00
7.5600000000e+02,4.6752351286e-03,1.4447484204e-02,7.4705217077e-01,2.0278343166e-01,1.7590383560e-02,8.8292441254e-04,1.2568370266e-02,2.1137994016e+00
7.5650000000e+02,4.6940939206e-03,1.4309973975e-02,7.4573647028e-01,2.0421014938e-01,1.7590211856e-02,8.8145900308e-04,1.2577641590e-02,2.1144698526e+00
7.5700000000e+02,4.7132814922e-03,1.4279009368e-02,7.4577057032e-01,2.0422136548e-01,1.7515789653e-02,8.7948468308e-04,1.2620499003e-02,2.1144484179e+00
7.5750000000e+02,4.7551615158e-03,1.4301580111e-02,7.4425635403e-01,2.0558514415e-01,1.7566737561e-02,8.7961588264e-04,1.2655406748e-02,2.1201127611e+00
7.5800000000e+02,4.7737544434e-03,1.4276698793e-02,7.4418236304e-01,2.0537904291e-01,1.7705191310e-02,8.8596069344e-04,1.2796988815e-02,2.1222613203e+00
7.5850000000e+02,4.7785617344e-03,1.4283107238e-02,7.4429307330e-01,2.0506722888e-01,1.7822345124e-02,8.8831258086e-04,1.2867371139e-02,2.1241178010e+00
7.5900000000e+02,4.8175316213e-03,1.4280381083e-02,7.4508789758e-01,2.0427116209e-01,1.7716300327e-02,8.8233808644e-04,1.2944389217e-02,2.1241397008e+00
7.5950000000e+02,4.8118742081e-03,1.4163557126e-02,7.4530513233e-01,2.0405350709e-01,1.7762105282e-02,8.7725920787e-04,1.3026564764e-02,2.1231867163e+00
7.6000000000e+02,4.7766143343e-03,1.4161447815e-02,7.4570221385e-01,2.0362159609e-01,1.7751088987e-02,8.8159563289e-04,1.3105443288e-02,2.1227502610e+00
7.6050000000e+02,4.7781948681e-03,1.4138215378e-02,7.4355399982e-01,2.0569543038e-01,1.7737679824e-02,8.8559543003e-04,1.3210884306e-02,2.1279327189e+00
7.6100000000e+02,4.8042965383e-03,1.4060021597e-02,7.4297417517e-01,2.0603827819e-01,1.7872926813e-02,8.8744316949e-04,1.3362858529e-02,2.1309808383e+00
7.6150000000e+02,4.8288252199e-03,1.4118056363e-02,7.4084508318e-01,2.0785373884e-01,1.7978397896e-02,8.8902726392e-04,1.3486871238e-02,2.1385515424e+00
7.6200000000e+02,4.8274127790e-03,1.4078673747e-02,7.3947175390e-01,2.0918264525e-01,1.8080378271e-02,8.8952216480e-04,1.3469613887e-02,2.1415080192e+00
7.6250000000e+02,4.8084168592e-03,1.4007040210e-02,7.3964771709e-01,2.0920601841e-01,1.8012218731e-02,8.8474078180e-04,1.3433847919e-02,2.1392062368e+00
7.6300000000e+02,4.8229296541e-03,1.3921182975e-02,7.3897501639e-01,2.0991992774e-01,1.7986112295e-02,8.8235130068e-04,1.3492479647e-02,2.1405426222e+00
7.6350000000e+02,4.8724718445e-03,1.3910866439e-02,7.3931766136e-01,2.0942731246e-01,1.8042357813e-02,8.8530763365e-04,1.3544022443e-02,2.1414633398e+00
7.6400000000e+02,4.9162477792e-03,1.3876601129e-02,7.3861299314e-01,2.0994770202e-01,1.8064966417e-02,8.8834590694e-04,1.3693143601e-02,2.1455197403e+00
7.6450000000e+02,4.9453200799e-03,1.3904331179e-02,7.3629069275e-01,2.1206286339e-01,1.8151008049e-02,8.7867117576e-04,1.3767113375e-02,2.1524601248e+00
7.6500000000e+02,4.9469286775e-03,1.3893689791e-02,7.3562137435e-01,2.1274609666e-01,1.8136932516e-02,8.7418276694e-04,1.3780795239e-02,2.1536457569e+00
7.6550000000e+02,4.9415569437e-03,1.3865012952e-02,7.3404848829e-01,2.1423290166e-01,1.8272406981e-02,8.6561361356e-04,1.3774019559e-02,2.1561928732e+00
7.6600000000e+02,4.9764740247e-03,1.3900271254e-02,7.3370951632e-01,2.1436496611e-01,1.8390366182e-02,8.6410830178e-04,1.3794297803e-02,2.1590363849e+00
7.6650000000e+02,5.0347737248e-03,1.3936467252e-02,7.3374139008e-01,2.1415817118e-01,1.8476271355e-02,8.6588925542e-04,1.3787037152e-02,2.1610946980e+00
7.6700000000e+02,5.0303587242e-03,1.3843177876e-02,7.3509410117e-01,2.1303404467e-01,1.8453467931e-02,8.6013715638e-04,1.3684712474e-02,2.1563747490e+00
7.6750000000e+02,5.0463935413e-03,1.3799273954e-02,7.3449886027e-01,2.1366335735e-01,1.8499908956e-02,8.4756548580e-04,1.3644640443e-02,2.1567122857e+00
7.6800000000e+02,5.0492145872e-03,1.3723224512e-02,7.3469245334e-01,2.1333110644e-01,1.8689786375e-02,8.4219973574e-04,1.3672015008e-02,2.1563252487e+00
7.6850000000e+02,5.0283441489e-03,1.3587128619e-02,7.3515580677e-01,2.1309628092e-01,1.8554670977e-02,8.3480437585e-04,1.3742964183e-02,2.1528410688e+00
7.6900000000e+02,5.0404836726e-03,1.3644409324e-02,7.3390514234e-01,2.1409645667e-01,1.8614312417e-02,8.3267904042e-04,1.3866516539e-02,2.1584082977e+00
7.6950000000e+02,5.0516579146e-03,1.3703511999e-02,7.3087589944e-01,2.1667909632e-01,1.8879076813e-02,8.3330553560e-04,1.3977451984e-02,2.1683356522e+00
7.7000000000e+02,5.0062494755e-03,1.3694456661e-02,7.2959260323e-01,2.1802130124e-01,1.8870024738e-02,8.3190315737e-04,1.3983461503e-02,2.1686669921e+00
7.7050000000e+02,4.9682065647e-03,1.3673926411e-02,7.3125509679e-01,2.1652957291e-01,1.8811507954e-02,8.2361777765e-04,1.3938071590e-02,2.1637092208e+00
7.7100000000e+02,4.9638448717e-03,1.3607941169e-02,7.3122591659e-01,2.1626805267e-01,1.8985056439e-02,8.2257788569e-04,1.4126610376e-02,2.1659541013e+00
7.7150000000e+02,4.9833175419e-03,1.3635528448e-02,7.2989952038e-01,2.1699120407e-01,1.9356380842e-02,8.2848237353e-04,1.4305566341e-02,2.1745367336e+00
7.7200000000e+02,4.9950016426e-03,1.3496779163e-02,7.3108551995e-01,2.1585589038e-01,1.9514214322e-02,8.2684827407e-04,1.4225746267e-02,2.1708277276e+00
7.7250000000e+02,4.9801638748e-03,1.3371111361e-02,7.3082313324e-01,2.1624504491e-01,1.9589420043e-02,8.2477233391e-04,1.4166354237e-02,2.1698276701e+00
7.7300000000e+02,4.9682901320e-03,1.3238058500e-02,7.3206110561e-01,2.1497425985e-01,1.9752149623e-02,8.2239163416e-04,1.4183744649e-02,2.1667764959e+00
7.7350000000e+02,4.9578167431e-03,1.3202981811e-02,7.3314544841e-01,2.1377761382e-01,1.9839521573e-02,8.1787860716e-04,1.4258739034e-02,2.1666410608e+00
7.7400000000e+02,4.9369898929e-03,1.3181590646e-02,7.3372246291e-01,2.1316230434e-01,1.9950243174e-02,8.1171210386e-04,1.4234696927e-02,2.1647905211e+00
7.7450000000e+02,4.9178867316e-03,1.3184013678e-02,7.3475799432e-01,2.1209892135e-01,2.0002987223e-02,8.0274131963e-04,1.4235455377e-02,2.1622650118e+00
7.7500000000e+02,4.9576010085e-03,1.3148542618e-02,7.3318356192e-01,2.1349032255e-01,2.0118769081e-02,7.9959294783e-04,1.4301609872e-02,2.1672429684e+00
7.7550000000e+02,4.9493112949e-03,1.3134424408e-02,7.3301666123e-01,2.1341197483e-01,2.0237904586e-02,8.0061544730e-04,1.4449108206e-02,2.1700301730e+00
7.7600000000e+02,4.9225461133e-03,1.3056288155e-02,7.3256107074e-01,2.1381797880e-01,2.0306965236e-02,7.9956138498e-04,1.4535589575e-02,2.1700644574e+00
7.7650000000e+02,4.8859482021e-03,1.2996189141e-02,7.3272362695e-01,2.1376640761e-01,2.0251757807e-02,7.9320487446e-04,1.4582865414e-02,2.1679325718e+00
7.7700000000e+02,4.8490612283e-03,1.2946280811e-02,7.3346794695e-01,2.1317060535e-01,2.0249969426e-02,7.8700293589e-04,1.4529133291e-02,2.1643952534e+00
7.7750000000e+02,4.8304024915e-03,1.2939423997e-02,7.3315702224e-01,2.1360158236e-01,2.0110393794e-02,7.8467820757e-04,1.4576496911e-02,2.1628207018e+00
7.7800000000e+02,4.8135381302e-03,1.2861587446e-02,7.3276345831e-01,2.1414060089e-01,2.0037566624e-02,7.8163461130e-04,1.4601613990e-02,2.1605090187e+00
7.7850000000e+02,4.8110077170e-03,1.2909516606e-02,7.3257796603e-01,2.1410111129e-01,2.0145187501e-02,7.7595777640e-04,1.4679253076e-02,2.1627513958e+00
7.7900000000e+02,4.8439466559e-03,1.2925064065e-02,7.3072040205e-01,2.1561343934e-01,2.0290992673e-02,7.7679098495e-04,1.4829364234e-02,2.1707464327e+00
7.7950000000e+02,4.8258795731e-03,1.2841634665e-02,7.3094974264e-01,2.1561026030e-01,2.0191952942e-02,7.7042001515e-04,1.4810109865e-02,2.1679071986e+00
7.8000000000e+02,4.8109277607e-03,1.2780367485e-02,7.3094592820e-01,2.1553170648e-01,2.0351754377e-02,7.6532229001e-04,1.4813993402e-02,2.1688119444e+00
7.8050000000e+02,4.7867118656e-03,1.2786928685e-02,7.3053060896e-01,2.1607441186e-01,2.0288843127e-02,7.5522217238e-04,1.4777273322e-02,2.1677663185e+00
7.8100000000e+02,4.8123312980e-03,1.2833576787e-02,7.3055927030e-01,2.1595334109e-01,2.0270070403e-02,7.4893176299e-04,1.4822478362e-02,2.1696178480e+00
7.8150000000e+02,4.8347012322e-03,1.2919320910e-02,7.2870620988e-01,2.1752327090e-01,2.0424214988e-02,7.4763458800e-04,1.4844647499e-02,2.1766582020e+00
7.8200000000e+02,4.7847284093e-03,1.2912007747e-02,7.2812332460e-01,2.1812432612e-01,2.0473458302e-02,7.4002040001e-04,1.4842134418e-02,2.1765620188e+00
7.8250000000e+02,4.7419992797e-03,1.2860738857e-02,7.2678529458e-01,2.1961368691e-01,2.0482549509e-02,7.3270825175e-04,1.4783022611e-02,2.1764669206e+00
7.8300000000e+02,4.6951845177e-03,1.2900746356e-02,7.2652559116e-01,2.1998939704e-01,2.0436456789e-02,7.2692310718e-04,1.4725701028e-02,2.1750522019e+00
7.8350000000e+02,4.6652522315e-03,1.2810761935e-02,7.2561773187e-01,2.2093097688e-01,2.0501321863e-02,7.2344913497e-04,1.4750506084e-02,2.1747637492e+00
7.8400000000e+02,4.6257744729e-03,1.2781337653e-02,7.2525930537e-01,2.2148945996e-01,2.0459630908e-02,7.1666997251e-04,1.4667821660e-02,2.1725144309e+00
7.8450000000e+02,4.6218039300e-03,1.2744880941e-02,7.2516337698e-01,2.2146312589e-01,2.0594930875e-02,7.1996019320e-04,1.4691921194e-02,2.1730352684e+00
7.8500000000e+02,4.5938618554e-03,1.2651212957e-02,7.2549655713e-01,2.2126349071e-01,2.0515839996e-02,7.1281169487e-04,1.4766225650e-02,2.1695862145e+00
7.8550000000e+02,4.5889741623e-03,1.2631276173e-02,7.2440710668e-01,2.2252896246e-01,2.0463864162e-02,7.1073109316e-04,1.4669085277e-02,2.1690816385e+00
7.8600000000e+02,4.5799208209e-03,1.2649458135e-02,7.2442491034e-01,2.2238492478e-01,2.0510587887e-02,7.0782703840e-04,1.4742370998e-02,2.1694894930e+00
7.8650000000e+02,4.5508471830e-03,1.2508951900e-02,7.2476520411e-01,2.2233929932e-01,2.0383641133e-02,7.0648472061e-04,1.4745571636e-02,2.1652333158e+00
7.8700000000e+02,4.5235487277e-03,1.2440152061e-02,7.2588132680e-01,2.2136202838e-01,2.0370751640e-02,7.0730137080e-04,1.4714891018e-02,2.1610752121e+00
7.8750000000e+02,4.4959135060e-03,1.2364660614e-02,7.2393933198e-01,2.2344460423e-01,2.0170820664e-02,7.0499649005e-04,1.4879672512e-02,2.1629226825e+00
7.8800000000e+02,4.4677515002e-03,1.2269003663e-02,7.2475512926e-01,2.2288362697e-01,2.0040389554e-02,6.9371502962e-04,1.4890384021e-02,2.1572996893e+00
7.8850000000e+02,4.4652479185e-03,1.2168890425e-02,7.2625748040e-01,2.2147594164e-01,2.0112231369e-02,6.8407425497e-04,1.4836133989e-02,2.1512189107e+00
7.8900000000e+02,4.4674636359e-03,1.2184161120e-02,7.2696904716e-01,2.2092649535e-01,1.9964352951e-02,6.7658846162e-04,1.4811891324e-02,2.1484575684e+00
7.8950000000e+02,4.4638392902e-03,1.2101040454e-02,7.2504741913e-01,2.2306928209e-01,1.9945748171e-02,6.7783940606e-04,1.4694831459e-02,2.1493648668e+00
7.9000000000e+02,4.4794057794e-03,1.2196328981e-02,7.2497347293e-01,2.2289786442e-01,1.9963081343e-02,6.7867887679e-04,1.4811167675e-02,2.1520093254e+00
7.9050000000e+02,4.4451069251e-03,1.2166888741e-02,7.2542159536e-01,2.2259866194e-01,1.9874905379e-02,6.7266029547e-04,1.4820181354e-02,2.1485329477e+00
7.9100000000e+02,4.4215904618e-03,1.2164267052e-02,7.2544500286e-01,2.2259353648e-01,1.9819796724e-02,6.6785273135e-04,1.4887953690e-02,2.1479377819e+00
7.9150000000e+02,4.3653581975e-03,1.2104899454e-02,7.2466841398e-01,2.2339410524e-01,1.9787852756e-02,6.6458497179e-04,1.5014785393e-02,2.1473236495e+00
7.9200000000e+02,4.3679407885e-03,1.2113675653e-02,7.2415195145e-01,2.2339987242e-01,2.0140514708e-02,6.6113282388e-04,1.5164912157e-02,2.1524156152e+00
7.9250000000e+02,4.3720106431e-03,1.2164888517e-02,7.2351735090e-01,2.2380244992e-01,2.0246607360e-02,6.5326073362e-04,1.5243431925e-02,2.1548252406e+00
7.9300000000e+02,4.3628159748e-03,1.2191460609e-02,7.2431532957e-01,2.2320952927e-01,2.0023797640e-02,6.4776385693e-04,1.5249303078e-02,2.1506690910e+00
7.9350000000e+02,4.3424783066e-03,1.2199107279e-02,7.2454057053e-01,2.2293658225e-01,1.9921563366e-02,6.4827314747e-04,1.5411425116e-02,2.1517048714e+00
7.9400000000e+02,4.3158449886e-03,1.2231213801e-02,7.2222042109e-01,2.2531679056e-01,1.9814490656e-02,6.4427754357e-04,1.5456961362e-02,2.1535761884e+00
7.9450000000e+02,4.3220890863e-03,1.2172657778e-02,7.2161415156e-01,2.2590629922e-01,1.9804386518e-02,6.4339592617e-04,1.5537019911e-02,2.1538099685e+00
7.9500000000e+02,4.3366701360e-03,1.2198443393e-02,7.1965650056e-01,2.2769764856e-01,1.9796749248e-02,6.4150175126e-04,1.5672486354e-02,2.1570769379e+00
7.9550000000e+02,4.3360824654e-03,1.2300941393e-02,7.1812964389e-01,2.2911974529e-01,1.9828693563e-02,6.3968834970e-04,1.5645205048e-02,2.1598760357e+00
7.9600000000e+02,4.3500748496e-03,1.2317520494e-02,7.1860309131e-01,2.2848696813e-01,1.9892144829e-02,6.3222257673e-04,1.5717977812e-02,2.1602720484e+00
7.9650000000e+02,4.3259120289e-03,1.2255266303e-02,7.1856030872e-01,2.2842748226e-01,1.9963188824e-02,6.2999157251e-04,1.5837850297e-02,2.1605087463e+00
7.9700000000e+02,4.3230513736e-03,1.2232174059e-02,7.1698540722e-01,2.2981039419e-01,2.0019702082e-02,6.2612549775e-04,1.6003145577e-02,2.1634499997e+00
7.9750000000e+02,4.3334192827e-03,1.2192382068e-02,7.1751327818e-01,2.2905375475e-01,2.0159944344e-02,6.2698444437e-04,1.6120236933e-02,2.1646961957e+00
7.9800000000e+02,4.3085066297e-03,1.2312186504e-02,7.1884349873e-01,2.2769827071e-01,2.0117929378e-02,6.2827052151e-04,1.6091337527e-02,2.1633262720e+00
7.9850000000e+02,4.2914654657e-03,1.2326646702e-02,7.1971633098e-01,2.2670465817e-01,2.0243360526e-02,6.2841927802e-04,1.6089118876e-02,2.1628245766e+00
7.9900000000e+02,4.2599708518e-03,1.2317704736e-02,7.2107216316e-01,2.2556242454e-01,2.0060914317e-02,6.2499016342e-04,1.6101832229e-02,2.1575332051e+00
7.9950000000e+02,4.2515508284e-03,1.2281536051e-02,7.2043208108e-01,2.2627426913e-01,2.0007686733e-02,6.2674998455e-04,1.6126126187e-02,2.1566141506e+00
8.0000000000e+02,4.2497754555e-03,1.2296932620e-02,7.2100126139e-01,2.2565080385e-01,2.0078619696e-02,6.2168064303e-04,1.6100926342e-02,2.1569772279e+00
8.0050000000e+02,4.2502448085e-03,1.2387023507e-02,7.1957103889e-01,2.2667328515e-01,2.0368477357e-02,6.2509298699e-04,1.6124837304e-02,2.1631076138e+00
8.0100000000e+02,4.2132349174e-03,1.2415423788e-02,7.1937529783e-01,2.2680839119e-01,2.0428834508e-02,6.2175212752e-04,1.6137065644e-02,2.1619815527e+00
8.0150000000e+02,4.1978357238e-03,1.2358647304e-02,7.2116083619e-01,2.2514275882e-01,2.0343310947e-02,6.1917146101e-04,1.6177439558e-02,2.1579869211e+00
8.0200000000e+02,4.1738869224e-03,1.2218305498e-02,7.2253682685e-01,2.2384280707e-01,2.0456580417e-02,6.1706883709e-04,1.6154524406e-02,2.1536216860e+00
8.0250000000e+02,4.1530082580e-03,1.2277681011e-02,7.2348132987e-01,2.2269257036e-01,2.0643215143e-02,6.1928030687e-04,1.6132915050e-02,2.1523630743e+00
8.0300000000e+02,4.1530164013e-03,1.2392455603e-02,7.2348816755e-01,2.2249915703e-01,2.0771773677e-02,6.1878057198e-04,1.6076649169e-02,2.1561316725e+00
8.0350000000e+02,4.1273928514e-03,1.2391137247e-02,7.2220851828e-01,2.2363121769e-01,2.0864978416e-02,6.1678030062e-04,1.6159975211e-02,2.1581300229e+00
8.0400000000e+02,4.1375438344e-03,1.2459883658e-02,7.2039353471e-01,2.2517553064e-01,2.0923796538e-02,6.1832793341e-04,1.6291382682e-02,2.1631951395e+00
8.0450000000e+02,4.0959997930e-03,1.2400833638e-02,7.2065307211e-01,2.2491289762e-01,2.0889223191e-02,6.1726244128e-04,1.6430711206e-02,2.1613742494e+00
8.0500000000e+02,4.0798037961e-03,1.2354988367e-02,7.2085532306e-01,2.2489112092e-01,2.0801177523e-02,6.1638908482e-04,1.6401197249e-02,2.1581941063e+00
8.0550000000e+02,4.1020895010e-03,1.2436847118e-02,7.2132329296e-01,2.2436966450e-01,2.0813868445e-02,6.1469457204e-04,1.6339542908e-02,2.1584622086e+00
8.0600000000e+02,4.0847575042e-03,1.2617093209e-02,7.1945482343e-01,2.2593049242e-01,2.0925561443e-02,6.1742693620e-04,1.6369845054e-02,2.1639062494e+00
8.0650000000e+02,4.0753910273e-03,1.2731390861e-02,7.1828329433e-01,2.2683209720e-01,2.0981399058e-02,6.1845968082e-04,1.6477967838e-02,2.1693909737e+00
8.0700000000e+02,4.0588942177e-03,1.2715688220e-02,7.1772272026e-01,2.2754074366e-01,2.0871538119e-02,6.1950654910e-04,1.6470908979e-02,2.1684518690e+00
8.0750000000e+02,4.0432354678e-03,1.2867095945e-02,7.1869663608e-01,2.2660069967e-01,2.0811620285e-02,6.2046804752e-04,1.6360244506e-02,2.1668853470e+00
8.0800000000e+02,4.0040802446e-03,1.2899366877e-02,7.1932251919e-01,2.2597790293e-01,2.0805216317e-02,6.2502448875e-04,1.6365889948e-02,2.1649875548e+00
8.0850000000e+02,4.0086356547e-03,1.2932454177e-02,7.2057451204e-01,2.2454869081e-01,2.0954423008e-02,6.2850976521e-04,1.6352774546e-02,2.1643552622e+00
8.0900000000e+02,3.9753951644e-03,1.2944947398e-02,7.2049466949e-01,2.2452535768e-01,2.1092067204e-02,6.3119659458e-04,1.6336366467e-02,2.1652813752e+00
8.0950000000e+02,3.9688865163e-03,1.2964635182e-02,7.2059743805e-01,2.2430539991e-01,2.1161562315e-02,6.3332443286e-04,1.6368753593e-02,2.1653630669e+00
8.1000000000e+02,3.9832945279e-03,1.2941413539e-02,7.2239386505e-01,2.2240228427e-01,2.1300242015e-02,6.3407715563e-04,1.6344823445e-02,2.1638772695e+00
8.1050000000e+02,3.9725778088e-03,1.2952461669e-02,7.2195244565e-01,2.2285823958e-01,2.1255743962e-02,6.3435182112e-04,1.6374179506e-02,2.1649858597e+00
8.1100000000e+02,3.9769081498e-03,1.3023615997e-02,7.2119891871e-01,2.2363367535e-01,2.1177239055e-02,6.3494589387e-04,1.6354696846e-02,2.1653130578e+00
8.1150000000e+02,3.9982208415e-03,1.3060165142e-02,7.2081636557e-01,2.2380228087e-01,2.1239492346e-02,6.3386057984e-04,1.6449614652e-02,2.1669238299e+00
8.1200000000e+02,4.0193394064e-03,1.3053546894e-02,7.1942014632e-01,2.2515525236e-01,2.1183784024e-02,6.3268146482e-04,1.6535249528e-02,2.1689323594e+00
8.1250000000e+02,4.0261458409e-03,1.3105039260e-02,7.1804498095e-01,2.2645011159e-01,2.1148478809e-02,6.3444087727e-04,1.6590802677e-02,2.1725003665e+00
8.1300000000e+02,3.9801280013e-03,1.3153916398e-02,7.1706094677e-01,2.2739754235e-01,2.1125051706e-02,6.3468907737e-04,1.6647725697e-02,2.1735148994e+00
8.1350000000e+02,3.9984255638e-03,1.3209490775e-02,7.1655299577e-01,2.2772466617e-01,2.1190473775e-02,6.3123851009e-04,1.6692709444e-02,2.1757153267e+00
8.1400000000e+02,3.9772714924e-03,1.3122940780e-02,7.1613742348e-01,2.2827654847e-01,2.1297246561e-02,6.2731279046e-04,1.6561256418e-02,2.1759593322e+00
8.1450000000e+02,3.9844678978e-03,1.3187574165e-02,7.1391593762e-01,2.3023868972e-01,2.1424664499e-02,6.3219818269e-04,1.6616467919e-02,2.1818493676e+00
8.1500000000e+02,4.0104262267e-03,1.3198230044e-02,7.1305742277e-01,2.3114826089e-01,2.1524006475e-02,6.3762219482e-04,1.6424031402e-02,2.1846396013e+00
8.1550000000e+02,3.9849961802e-03,1.3139105683e-02,7.1410364537e-01,2.3035086970e-01,2.1487758342e-02,6.3068813877e-04,1.6302936581e-02,2.1797698180e+00
8.1600000000e+02,3.9941432877e-03,1.3126259019e-02,7.1383130323e-01,2.3033931639e-01,2.1588074428e-02,6.3387975456e-04,1.6487023886e-02,2.1834800052e+00
8.1650000000e+02,4.0026994649e-03,1.3137711727e-02,7.1419596835e-01,2.2999741669e-01,2.1612401024e-02,6.3674129526e-04,1.6417061446e-02,2.1835865281e+00
8.1700000000e+02,4.0027607713e-03,1.3174757646e-02,7.1518273722e-01,2.2919345211e-01,2.1445034530e-02,6.3491185096e-04,1.6366345874e-02,2.1799378589e+00
8.1750000000e+02,3.9927400644e-03,1.3187621032e-02,7.1501731983e-01,2.2931583218e-01,2.1497736757e-02,6.3111570342e-04,1.6357634434e-02,2.1793563868e+00
8.1800000000e+02,3.9930752772e-03,1.3159620966e-02,7.1603299916e-01,2.2834089246e-01,2.1476845192e-02,6.3155966440e-04,1.6365007279e-02,2.1781662784e+00
8.1850000000e+02,3.9626589306e-03,1.3032256060e-02,7.1634029209e-01,2.2834327152e-01,2.1382567134e-02,6.2688810164e-04,1.6312066165e-02,2.1731904849e+00
8.1900000000e+02,3.9867775299e-03,1.3035398750e-02,7.1635786514e-01,2.2799406470e-01,2.1556620590e-02,6.2297564063e-04,1.6446297650e-02,2.1766236179e+00
8.1950000000e+02,4.0046614482e-03,1.3013598196e-02,7.1726524762e-01,2.2694436147e-01,2.1684836849e-02,6.2269605424e-04,1.6464598367e-02,2.1769885848e+00
8.2000000000e+02,3.9795955827e-03,1.2919981283e-02,7.1886066062e-01,2.2577363551e-01,2.1533783151e-02,6.1802791734e-04,1.6314315928e-02,2.1690393813e+00
8.2050000000e+02,3.9713975708e-03,1.2825865407e-02,7.1806174805e-01,2.2657550703e-01,2.1710828363e-02,6.1322189252e-04,1.6241431689e-02,2.1678134184e+00
8.2100000000e+02,3.9812798011e-03,1.2725119139e-02,7.1723188229e-01,2.2758672383e-01,2.1683749871e-02,6.1017293596e-04,1.6181072136e-02,2.1673662006e+00
8.2150000000e+02,3.9597051996e-03,1.2628923070e-02,7.1771045966e-01,2.2729516258e-01,2.1614772915e-02,6.0849446407e-04,1.6182482114e-02,2.1649954653e+00
8.2200000000e+02,3.9395956959e-03,1.2506090860e-02,7.1851307455e-01,2.2673018877e-01,2.1570540098e-02,5.9909980815e-04,1.6141410208e-02,2.1606828188e+00
8.2250000000e+02,3.9235772504e-03,1.2490701822e-02,7.1980465713e-01,2.2569913494e-01,2.1457198612e-02,5.9479350227e-04,1.6029936743e-02,2.1554176696e+00
8.2300000000e+02,3.9625638074e-03,1.2578666120e-02,7.1920283576e-01,2.2592530400e-01,2.1587975601e-02,5.9628141195e-04,1.6146373304e-02,2.1612859152e+00
8.2350000000e+02,3.9589886710e-03,1.2566002196e-02,7.1896264365e-01,2.2592042669e-01,2.1732151151e-02,5.9395541949e-04,1.6265832223e-02,2.1627847829e+00
8.2400000000e+02,3.9706799786e-03,1.2547205130e-02,7.1956533451e-01,2.2534616906e-01,2.1686457967e-02,5.9305220730e-04,1.6291101142e-02,2.1605946966e+00
8.2450000000e+02,3.9467723313e-03,1.2477451270e-02,7.2032909267e-01,2.2471671587e-01,2.1639133964e-02,5.9163499602e-04,1.6299198899e-02,2.1570636155e+00
8.2500000000e+02,3.9249562061e-03,1.2474074951e-02,7.2201336815e-01,2.2338031276e-01,2.1427295368e-02,5.8866120322e-04,1.6191331365e-02,2.1501432642e+00
8.2550000000e+02,3.9555988119e-03,1.2530234186e-02,7.2302713330e-01,2.2206458324e-01,2.1565374895e-02,5.8922095811e-04,1.6267854615e-02,2.1510602634e+00
8.2600000000e+02,3.9445871980e-03,1.2426065717e-02,7.2485384095e-01,2.2044812450e-01,2.1512963514e-02,5.8599895258e-04,1.6228419174e-02,2.1442610592e+00
8.2650000000e+02,3.9386632094e-03,1.2481808925e-02,7.2565423106e-01,2.1960284638e-01,2.1532438801e-02,5.8554741847e-04,1.6204464212e-02,2.1426642440e+00
8.2700000000e+02,3.9219959697e-03,1.2520254072e-02,7.2609933373e-01,2.1928463761e-01,2.1397386980e-02,5.8147743869e-04,1.6194914193e-02,2.1409702739e+00
8.2750000000e+02,3.9222287494e-03,1.2419831605e-02,7.2680441786e-01,2.1909069344e-01,2.1098797659e-02,5.7961512763e-04,1.6084415558e-02,2.1334511718e+00
8.2800000000e+02,3.9307659898e-03,1.2388443768e-02,7.2720993400e-01,2.1902070489e-01,2.0858108636e-02,5.7059516313e-04,1.6021447557e-02,2.1286044124e+00
8.2850000000e+02,3.8863481490e-03,1.2318712014e-02,7.2794987679e-01,2.1874085330e-01,2.0619898983e-02,5.6148452957e-04,1.5922826238e-02,2.1213333686e+00
8.2900000000e+02,3.8648770131e-03,1.2313212886e-02,7.2890372892e-01,2.1799691060e-01,2.0547836469e-02,5.5427062819e-04,1.5819163492e-02,2.1171424161e+00
8.2950000000e+02,3.8612756513e-03,1.2393450447e-02,7.2854648572e-01,2.1804231942e-01,2.0671515359e-02,5.5453327977e-04,1.5930420116e-02,2.1213680195e+00
8.3000000000e+02,3.8879847754e-03,1.2410641263e-02,7.2769903662e-01,2.1888440484e-01,2.0591259732e-02,5.5185901972e-04,1.5974813752e-02,2.1236445535e+00
8.3050000000e+02,3.8595227158e-03,1.2326411740e-02,7.2837320185e-01,2.1842453399e-01,2.0582289938e-02,5.4915740390e-04,1.5884882360e-02,2.1197797346e+00
8.3100000000e+02,3.8580612229e-03,1.2356337564e-02,7.2775527472e-01,2.1903993852e-01,2.0635235196e-02,5.4180364686e-04,1.5813349128e-02,2.1199451818e+00
8.3150000000e+02,3.8638384039e-03,1.2423838263e-02,7.2699177836e-01,2.1971494608e-01,2.0581065495e-02,5.3798450167e-04,1.5886548899e-02,2.1233861365e+00
8.3200000000e+02,3.8494547939e-03,1.2433752855e-02,7.2765891691e-01,2.1918483335e-01,2.0601786857e-02,5.3121843809e-04,1.5740036804e-02,2.1206993939e+00
8.3250000000e+02,3.8313337030e-03,1.2307962734e-02,7.2839089763e-01,2.1885490100e-01,2.0520678436e-02,5.2193930748e-04,1.5572287190e-02,2.1147631432e+00
8.3300000000e+02,3.8287783888e-03,1.2282607641e-02,7.2798911539e-01,2.1953323688e-01,2.0385723626e-02,5.1429647308e-04,1.5466241605e-02,2.1131740538e+00
8.3350000000e+02,3.8169089205e-03,1.2252992465e-02,7.2864072319e-01,2.1906352646e-01,2.0253862551e-02,5.1309812530e-04,1.5458888293e-02,2.1105757158e+00
8.3400000000e+02,3.8361227382e-03,1.2261648912e-02,7.2778377376e-01,2.1994731351e-01,2.0209238805e-02,5.1045721035e-04,1.5451445068e-02,2.1117544878e+00
8.3450000000e+02,3.8054151987e-03,1.2150340652e-02,7.2843752850e-01,2.1965073230e-01,2.0112849462e-02,5.0607967187e-04,1.5337054214e-02,2.1066463257e+00
8.3500000000e+02,3.7918875370e-03,1.2079342594e-02,7.3021281916e-01,2.1829565430e-01,1.9902983805e-02,4.9839443937e-04,1.5218918165e-02,2.0977701219e+00
8.3550000000e+02,3.8356486404e-03,1.2212069655e-02,7.2939001396e-01,2.1873211517e-01,1.9951499384e-02,4.9269478866e-04,1.5385958397e-02,2.1006149454e+00
8.3600000000e+02,3.8219573019e-03,1.2142655975e-02,7.2921428238e-01,2.1905816757e-01,1.9914940702e-02,4.8505202895e-04,1.5362944036e-02,2.0960302659e+00
8.3650000000e+02,3.8422356981e-03,1.2122048872e-02,7.3030749959e-01,2.1791025922e-01,1.9911031977e-02,4.8869796993e-04,1.5418226667e-02,2.0961733090e+00
8.3700000000e+02,3.8512594218e-03,1.2114101787e-02,7.3057640821e-01,2.1785935482e-01,1.9701749807e-02,4.8155884956e-04,1.5415567109e-02,2.0923845853e+00
8.3750000000e+02,3.8444455543e-03,1.2068881925e-02,7.2903335725e-01,2.1930453002e-01,1.9713989192e-02,4.7831154720e-04,1.5556484503e-02,2.0950462390e+00
8.3800000000e+02,3.8608433149e-03,1.2027276248e-02,7.2796270113e-01,2.2031035168e-01,1.9734926516e-02,4.7311666873e-04,1.5630784441e-02,2.0967561948e+00
8.3850000000e+02,3.8921768059e-03,1.2061524664e-02,7.2771695902e-01,2.2068134613e-01,1.9588714536e-02,4.6873224536e-04,1.5590546597e-02,2.0954938745e+00
8.3900000000e+02,3.8887354611e-03,1.2096284055e-02,7.2811784285e-01,2.2029749372e-01,1.9552779017e-02,4.6374888249e-04,1.5583116006e-02,2.0948587960e+00
8.3950000000e+02,3.8997978489e-03,1.2022634691e-02,7.2895974258e-01,2.1946493437e-01,1.9591909482e-02,4.5853093878e-04,1.5602450091e-02,2.0939319140e+00
8.4000000000e+02,3.9285994377e-03,1.2006907325e-02,7.2917267738e-01,2.1925543598e-01,1.9601551172e-02,4.5810951151e-04,1.5576719192e-02,2.0937008903e+00
8.4050000000e+02,3.9618901261e-03,1.2075516303e-02,7.2892306356e-01,2.1954905880e-01,1.9506185670e-02,4.6200776729e-04,1.5522277769e-02,2.0942752343e+00
8.4100000000e+02,4.0024271847e-03,1.2099989920e-02,7.2793651395e-01,2.2048179349e-01,1.9522976613e-02,4.6580258265e-04,1.5490496258e-02,2.0971857672e+00
8.4150000000e+02,4.0208482737e-03,1.2136840038e-02,7.2859870538e-01,2.2006132713e-01,1.9411688992e-02,4.6100590481e-04,1.5309584284e-02,2.0942038244e+00
8.4200000000e+02,4.0228296186e-03,1.2147405947e-02,7.2855460998e-01,2.2018189447e-01,1.9357560895e-02,4.5832717972e-04,1.5277371909e-02,2.0937622055e+00
8.4250000000e+02,4.0202471602e-03,1.2199188378e-02,7.2651115994e-01,2.2212641465e-01,1.9403007083e-02,4.5959061155e-04,1.5280392176e-02,2.0990627773e+00
8.4300000000e+02,4.0574054273e-03,1.2236871216e-02,7.2756510357e-01,2.2121190149e-01,1.9315683265e-02,4.5275732066e-04,1.5160277708e-02,2.0949643494e+00
8.4350000000e+02,4.0914205615e-03,1.2272940008e-02,7.2648619781e-01,2.2216900341e-01,1.9427876840e-02,4.5059909078e-04,1.5101962284e-02,2.0978840514e+00
8.4400000000e+02,4.0828990183e-03,1.2250189996e-02,7.2648140353e-01,2.2235104593e-01,1.9349811557e-02,4.5015930145e-04,1.5034490666e-02,2.0965874034e+00
8.4450000000e+02,4.1014025148e-03,1.2304237702e-02,7.2669136856e-01,2.2209231753e-01,1.9273943818e-02,4.4021649564e-04,1.5096513373e-02,2.0978405259e+00
8.4500000000e+02,4.1122457730e-03,1.2316414848e-02,7.2737886115e-01,2.2127625550e-01,1.9301799303e-02,4.4170896019e-04,1.5172714470e-02,2.0979820801e+00
8.4550000000e+02,4.1250242682e-03,1.2365536627e-02,7.2816347028e-01,2.2055255631e-01,1.9277540967e-02,4.3963703317e-04,1.5076234512e-02,2.0955524374e+00
8.4600000000e+02,4.1287108860e-03,1.2411020655e-02,7.2770439247e-01,2.2099777186e-01,1.9301867717e-02,4.4172352335e-04,1.5014512894e-02,2.0960810577e+00
8.4650000000e+02,4.1237625429e-03,1.2357148456e-02,7.2736325096e-01,2.2155226420e-01,1.9190563954e-02,4.4112566442e-04,1.4971884220e-02,2.0937581916e+00
8.4700000000e+02,4.1299622934e-03,1.2326823601e-02,7.2756234703e-01,2.2141912920e-01,1.9144294318e-02,4.3876897277e-04,1.4978674584e-02,2.0921710613e+00
8.4750000000e+02,4.1171648710e-03,1.2360101110e-02,7.2757969514e-01,2.2147977577e-01,1.9135841360e-02,4.3512591377e-04,1.4892295834e-02,2.0918106533e+00
8.4800000000e+02,4.1229147549e-03,1.2393383042e-02,7.2713765176e-01,2.2187808411e-01,1.9128120313e-02,4.3325605168e-04,1.4906589963e-02,2.0923247894e+00
8.4850000000e+02,4.1290526753e-03,1.2383476408e-02,7.2613585278e-01,2.2272404095e-01,1.9158098164e-02,4.3290877633e-04,1.5036570241e-02,2.0954737748e+00
8.4900000000e+02,4.1425871973e-03,1.2407731759e-02,7.2585860152e-01,2.2289936309e-01,1.9226013933e-02,4.3267841486e-04,1.5033024086e-02,2.0972219316e+00
8.4950000000e+02,4.1132606412e-03,1.2405331129e-02,7.2605925921e-01,2.2280723029e-01,1.9132811222e-02,4.2732334818e-04,1.5054784157e-02,2.0957558150e+00
8.5000000000e+02,4.1156466154e-03,1.2428704683e-02,7.2749229704e-01,2.2146372663e-01,1.9060259764e-02,4.2729089560e-04,1.5012074367e-02,2.0924831220e+00
8.5050000000e+02,4.1001718601e-03,1.2340999706e-02,7.2813142903e-01,2.2111817930e-01,1.8943486815e-02,4.2410634345e-04,1.4941626946e-02,2.0880879389e+00
8.5100000000e+02,4.1063016859e-03,1.2339946688e-02,7.2706226691e-01,2.2223961799e-01,1.8976771340e-02,4.2134467849e-04,1.4853750698e-02,2.0883227073e+00
8.5150000000e+02,4.1218190624e-03,1.2433791096e-02,7.2628452417e-01,2.2290043121e-01,1.9039510738e-02,4.2519294709e-04,1.4794730775e-02,2.0919756741e+00
8.5200000000e+02,4.1564379547e-03,1.2431970543e-02,7.2671149998e-01,2.2249040451e-01,1.9072125667e-02,4.2657772995e-04,1.4710983619e-02,2.0921558362e+00
8.5250000000e+02,4.1257866687e-03,1.2425306509e-02,7.2786373159e-01,2.2144082426e-01,1.9011751243e-02,4.3101097788e-04,1.4701588751e-02,2.0892632813e+00
8.5300000000e+02,4.1103097894e-03,1.2427123482e-02,7.2843120850e-01,2.2088200800e-01,1.9029185375e-02,4.2997558070e-04,1.4690189271e-02,2.0879867393e+00
8.5350000000e+02,4.0915778975e-03,1.2401959943e-02,7.2772853747e-01,2.2167364471e-01,1.9088960352e-02,4.3348368927e-04,1.4581835944e-02,2.0879026199e+00
8.5400000000e+02,4.0896295886e-03,1.2399937103e-02,7.2764892800e-01,2.2183155369e-01,1.9028331539e-02,4.3174158742e-04,1.4569878491e-02,2.0871155341e+00
8.5450000000e+02,4.0739619549e-03,1.2452061533e-02,7.2779914080e-01,2.2164817708e-01,1.8996755918e-02,4.3245988251e-04,1.4597442833e-02,2.0883128507e+00
8.5500000000e+02,4.0787053712e-03,1.2428807581e-02,7.2782110845e-01,2.2180927275e-01,1.8917258431e-02,4.3089111002e-04,1.4513956313e-02,2.0880660051e+00
8.5550000000e+02,4.0926606194e-03,1.2536970802e-02,7.2821058422e-01,2.2121023403e-01,1.8965776137e-02,4.3180262280e-04,1.4551971567e-02,2.0902265262e+00
8.5600000000e+02,4.1093161455e-03,1.2630000499e-02,7.2810666954e-01,2.2106289327e-01,1.9086869552e-02,4.3984769610e-04,1.4564403296e-02,2.0923286122e+00
8.5650000000e+02,4.1084960670e-03,1.2617816228e-02,7.2766321971e-01,2.2151400535e-01,1.9046790115e-02,4.4072252203e-04,1.4608950011e-02,2.0937966807e+00
8.5700000000e+02,4.1192050200e-03,1.2605049856e-02,7.2844226004e-01,2.2075398736e-01,1.9116514029e-02,4.4885975024e-04,1.4514123944e-02,2.0926140515e+00
8.5750000000e+02,4.1250325980e-03,1.2506009922e-02,7.2909946997e-01,2.2017667274e-01,1.9181003793e-02,4.5246183773e-04,1.4459349135e-02,2.0913527179e+00
8.5800000000e+02,4.1406294268e-03,1.2584782579e-02,7.2881878954e-01,2.2023580771e-01,1.9165153839e-02,4.5266369829e-04,1.4602173213e-02,2.0944010629e+00
8.5850000000e+02,4.0984187037e-03,1.2486657381e-02,7.2982382049e-01,2.1960171938e-01,1.9156392116e-02,4.4855311923e-04,1.4384438816e-02,2.0883554687e+00
8.5900000000e+02,4.1063662710e-03,1.2423717847e-02,7.3024175615e-01,2.1929914475e-01,1.9189480693e-02,4.5138066822e-04,1.4288153621e-02,2.0872879161e+00
8.5950000000e+02,4.1134775581e-03,1.2424073343e-02,7.2972178559e-01,2.1972498772e-01,1.9243658879e-02,4.5349433358e-04,1.4318522579e-02,2.0906613921e+00
8.6000000000e+02,4.0966804146e-03,1.2475328415e-02,7.3019142809e-01,2.1925477578e-01,1.9329785955e-02,4.5897204022e-04,1.4193029307e-02,2.0905265700e+00
8.6050000000e+02,4.1166551813e-03,1.2568564509e-02,7.2876425021e-01,2.2042145181e-01,1.9442490206e-02,4.6609150163e-04,1.4220496579e-02,2.0969120717e+00
8.6100000000e+02,4.1679331633e-03,1.2642159048e-02,7.2698808271e-01,2.2206747576e-01,1.9444865223e-02,4.7145024559e-04,1.4218033848e-02,2.1021518582e+00
8.6150000000e+02,4.1620575710e-03,1.2741143659e-02,7.2528268502e-01,2.2371315035e-01,1.9436370784e-02,4.8054666696e-04,1.4184045949e-02,2.1064482684e+00
8.6200000000e+02,4.1273518306e-03,1.2654217493e-02,7.2563428021e-01,2.2344731280e-01,1.9502217245e-02,4.8661824598e-04,1.4148002178e-02,2.1043929985e+00
8.6250000000e+02,4.1139256436e-03,1.2748397704e-02,7.2546686970e-01,2.2318600457e-01,1.9799511684e-02,4.8973520053e-04,1.4195555507e-02,2.1092146586e+00
8.6300000000e+02,4.1534774627e-03,1.2657973119e-02,7.2673673762e-01,2.2176024956e-01,1.9922196966e-02,5.0138233481e-04,1.4267982940e-02,2.1091965162e+00
8.6350000000e+02,4.1634297281e-03,1.2685993827e-02,7.2716322345e-01,2.2120339654e-01,1.9964059633e-02,5.0983719903e-04,1.4310059623e-02,2.1108709968e+00
8.6400000000e+02,4.1666504911e-03,1.2619832906e-02,7.2728186960e-01,2.2135751508e-01,1.9864314333e-02,5.1527508070e-04,1.4194542502e-02,2.1072882618e+00
8.6450000000e+02,4.1882640552e-03,1.2594502718e-02,7.2626689314e-01,2.2225646810e-01,1.9990985089e-02,5.2423253428e-04,1.4178654370e-02,2.1113380528e+00
8.6500000000e+02,4.2203953363e-03,1.2655627718e-02,7.2559363696e-01,2.2275541001e-01,1.9983051406e-02,5.2910327499e-04,1.4262775303e-02,2.1162739804e+00
8.6550000000e+02,4.2265097984e-03,1.2670543375e-02,7.2601936771e-01,2.2218873881e-01,2.0085808417e-02,5.3897468430e-04,1.4270057204e-02,2.1182155312e+00
8.6600000000e+02,4.2229751934e-03,1.2749456349e-02,7.2523389739e-01,2.2280269279e-01,2.0112107848e-02,5.4742227924e-04,1.4331448157e-02,2.1228084169e+00
8.6650000000e+02,4.2071334656e-03,1.2739606317e-02,7.2712311754e-01,2.2088469888e-01,2.0097922542e-02,5.5277788657e-04,1.4394743365e-02,2.1200894199e+00
8.6700000000e+02,4.1990922530e-03,1.2666785080e-02,7.2637125246e-01,2.2156502120e-01,2.0193550916e-02,5.5693733678e-04,1.4447360751e-02,2.1221819756e+00
8.6750000000e+02,4.1930459093e-03,1.2696297791e-02,7.2607960597e-01,2.2196725938e-01,2.0090826238e-02,5.6323448589e-04,1.4409730218e-02,2.1229114481e+00
8.6800000000e+02,4.1831441873e-03,1.2651201347e-02,7.2692363068e-01,2.2123605052e-01,2.0151310428e-02,5.6429010127e-04,1.4290372732e-02,2.1211624929e+00
8.6850000000e+02,4.1569078413e-03,1.2548697422e-02,7.2712019379e-01,2.2130592576e-01,2.0060124952e-02,5.7141806625e-04,1.4236732169e-02,2.1185446253e+00
8.6900000000e+02,4.1613360188e-03,1.2548777417e-02,7.2810302746e-01,2.2028761933e-01,2.0075243656e-02,5.7987383450e-04,1.4244122278e-02,2.1178428880e+00
8.6950000000e+02,4.1751875840e-03,1.2554296180e-02,7.2769141034e-01,2.2063280597e-01,2.0036250926e-02,5.8965349923e-04,1.4320395502e-02,2.1208204396e+00
8.7000000000e+02,4.1792737049e-03,1.2515121708e-02,7.2638536844e-01,2.2203813286e-01,1.9970023922e-02,5.9932865403e-04,1.4312750711e-02,2.1235539190e+00
8.7050000000e+02,4.1887564002e-03,1.2456494531e-02,7.2790337808e-01,2.2058817733e-01,1.9918242786e-02,6.0002922830e-04,1.4344921646e-02,2.1205967574e+00
8.7100000000e+02,4.1903572528e-03,1.2493530279e-02,7.2725402400e-01,2.2112665803e-01,1.9898475720e-02,6.1112118761e-04,1.4425833530e-02,2.1239026679e+00
8.7150000000e+02,4.1909674689e-03,1.2536713945e-02,7.2768840093e-01,2.2052713409e-01,1.9936215882e-02,6.1592557410e-04,1.4504642117e-02,2.1262686399e+00
8.7200000000e+02,4.1992521250e-03,1.2462607564e-02,7.2761367574e-01,2.2070590508e-01,1.9870900819e-02,6.2967267903e-04,1.4517985986e-02,2.1252516398e+00
8.7250000000e+02,4.1631402851e-03,1.2418985907e-02,7.2845260866e-01,2.2004835397e-01,1.9782286076e-02,6.3304139462e-04,1.4501583706e-02,2.1221862485e+00
8.7300000000e+02,4.1668704305e-03,1.2498082272e-02,7.2856084211e-01,2.1981848243e-01,1.9710381893e-02,6.4392194924e-04,1.4601418918e-02,2.1244208794e+00
8.7350000000e+02,4.1874413439e-03,1.2514164239e-02,7.2801905470e-01,2.2024954216e-01,1.9756241316e-02,6.4921472803e-04,1.4624341505e-02,2.1270522100e+00
8.7400000000e+02,4.2214763025e-03,1.2647439136e-02,7.2589209445e-01,2.2182307679e-01,1.9869114966e-02,6.6146121261e-04,1.4885337147e-02,2.1383504713e+00
8.7450000000e+02,4.2145783421e-03,1.2710323398e-02,7.2668459474e-01,2.2096596955e-01,1.9934169372e-02,6.6069957660e-04,1.4829665022e-02,2.1383675225e+00
8.7500000000e+02,4.2401170489e-03,1.2693354745e-02,7.2733419981e-01,2.2036662538e-01,1.9892047069e-02,6.6788776443e-04,1.4805768181e-02,2.1376334849e+00
8.7550000000e+02,4.2367930988e-03,1.2761128785e-02,7.2622659636e-01,2.2120359040e-01,2.0003172093e-02,6.7737950456e-04,1.4891339752e-02,2.1421864401e+00
8.7600000000e+02,4.2137633418e-03,1.2712195450e-02,7.2653852313e-01,2.2102608568e-01,1.9932017421e-02,6.8120264925e-04,1.4896212335e-02,2.1412512530e+00
8.7650000000e+02,4.2036207335e-03,1.2704183704e-02,7.2706863588e-01,2.2041877609e-01,1.9978100056e-02,6.8175449375e-04,1.4944929037e-02,2.1416812656e+00
8.7700000000e+02,4.1839643982e-03,1.2594951954e-02,7.2822035006e-01,2.1965883446e-01,1.9852833772e-02,6.8132433248e-04,1.4807741025e-02,2.1357514120e+00
8.7750000000e+02,4.1535462928e-03,1.2589323322e-02,7.2897828442e-01,2.1925532191e-01,1.9612243205e-02,6.8238660913e-04,1.4728894234e-02,2.1305229515e+00
8.7800000000e+02,4.1438545940e-03,1.2561289401e-02,7.3009695158e-01,2.1818064168e-01,1.9557689607e-02,6.9256019612e-04,1.4767012940e-02,2.1280941311e+00
8.7850000000e+02,4.1398193835e-03,1.2593217763e-02,7.3016179314e-01,2.1806408239e-01,1.9606573769e-02,6.9697127766e-04,1.4737542272e-02,2.1292653029e+00
8.7900000000e+02,4.1264200361e-03,1.2560059187e-02,7.3025355088e-01,2.1786142385e-01,1.9690598390e-02,7.0562008593e-04,1.4802327573e-02,2.1313796965e+00
8.7950000000e+02,4.1305396215e-03,1.2568949870e-02,7.2916648221e-01,2.1894383389e-01,1.9641829929e-02,7.1737927311e-04,1.4830985204e-02,2.1341919807e+00
8.8000000000e+02,4.1109578648e-03,1.2597605610e-02,7.2978249856e-01,2.1852927727e-01,1.9463044496e-02,7.1485647242e-04,1.4801759720e-02,2.1309536636e+00
8.8050000000e+02,4.1187432269e-03,1.2585221857e-02,7.3037702506e-01,2.1775822119e-01,1.9574288759e-02,7.1610504013e-04,1.4870394868e-02,2.1322758302e+00
8.8100000000e+02,4.1397115325e-03,1.2570503045e-02,7.3174973013e-01,2.1644845638e-01,1.9425705082e-02,7.1350120734e-04,1.4952392623e-02,2.1304079240e+00
8.8150000000e+02,4.1194312920e-03,1.2567722251e-02,7.3303237660e-01,2.1534214497e-01,1.9347414883e-02,7.0899351318e-04,1.4881916492e-02,2.1267153701e+00
8.8200000000e+02,4.0969872764e-03,1.2458509677e-02,7.3262499566e-01,2.1609400459e-01,1.9233832562e-02,7.0378644498e-04,1.4787883789e-02,2.1236897610e+00
8.8250000000e+02,4.0623194394e-03,1.2443444406e-02,7.3276430712e-01,2.1619845432e-01,1.9167285682e-02,7.0193275641e-04,1.4662256269e-02,2.1211744322e+00
8.8300000000e+02,4.0450973991e-03,1.2427725854e-02,7.3413346955e-01,2.1502771712e-01,1.9032654669e-02,7.0122706973e-04,1.4632108335e-02,2.1171000252e+00
8.8350000000e+02,4.0708379826e-03,1.2554648907e-02,7.3415560809e-01,2.1471151682e-01,1.9159822779e-02,7.1094968928e-04,1.4636615725e-02,2.1220608987e+00
8.8400000000e+02,4.0570055786e-03,1.2582416185e-02,7.3556598402e-01,2.1332270047e-01,1.9118250503e-02,7.0992902979e-04,1.4643714214e-02,2.1200580965e+00
8.8450000000e+02,4.0368936697e-03,1.2450790821e-02,7.3753695445e-01,2.1167809502e-01,1.9019652397e-02,7.0564886632e-04,1.4571964780e-02,2.1130693973e+00
8.8500000000e+02,4.0443315372e-03,1.2428962891e-02,7.3849549230e-01,2.1084684891e-01,1.8962293746e-02,7.0424593763e-04,1.4517824683e-02,2.1113401757e+00
8.8550000000e+02,4.0130654782e-03,1.2392694784e-02,7.3704794585e-01,2.1224869841e-01,1.8956968287e-02,7.0098912101e-04,1.4639638062e-02,2.1149287641e+00
8.8600000000e+02,3.9848754570e-03,1.2328020982e-02,7.3780215050e-01,2.1188120419e-01,1.8847455887e-02,6.9845708474e-04,1.4457835904e-02,2.1093602477e+00
8.8650000000e+02,3.9573986232e-03,1.2217685612e-02,7.3952652981e-01,2.1056530324e-01,1.8786615525e-02,6.9079785145e-04,1.4255669341e-02,2.1008818597e+00
8.8700000000e+02,3.9573674316e-03,1.2186480827e-02,7.4004104210e-01,2.1009423553e-01,1.8793932812e-02,6.8942162775e-04,1.4237519674e-02,2.0994477543e+00
8.8750000000e+02,3.9558948355e-03,1.2258096149e-02,7.4022855681e-01,2.0979003057e-01,1.8847808582e-02,6.8975162547e-04,1.4229861428e-02,2.1009127265e+00
8.8800000000e+02,3.9149160847e-03,1.2179451124e-02,7.3905320189e-01,2.1104909645e-01,1.8836740292e-02,6.8650765498e-04,1.4280086509e-02,2.1015313539e+00
8.8850000000e+02,3.9085730653e-03,1.2264000969e-02,7.3831412482e-01,2.1163518297e-01,1.8947318227e-02,6.8230907074e-04,1.4248490881e-02,2.1048059399e+00
8.8900000000e+02,3.8800594650e-03,1.2225537070e-02,7.3866811329e-01,2.1129267258e-01,1.9035504666e-02,6.7240143259e-04,1.4225711500e-02,2.1029324869e+00
8.8950000000e+02,3.8690557499e-03,1.2034973519e-02,7.3802805389e-01,2.1219868582e-01,1.8987924253e-02,6.7281370626e-04,1.4208493067e-02,2.1017039317e+00
8.9000000000e+02,3.8800993229e-03,1.2042154445e-02,7.3923526648e-01,2.1092711982e-01,1.9096830986e-02,6.6218877263e-04,1.4156340174e-02,2.1006542298e+00
8.9050000000e+02,3.8761211485e-03,1.2121094174e-02,7.3747802106e-01,2.1268335476e-01,1.9037596758e-02,6.6344991928e-04,1.4140362175e-02,2.1047006131e+00
8.9100000000e+02,3.8473199375e-03,1.2165139552e-02,7.3626664688e-01,2.1394854932e-01,1.9043253433e-02,6.6074666654e-04,1.4068344216e-02,2.1066400555e+00
8.9150000000e+02,3.8609127592e-03,1.2208287763e-02,7.3483642188e-01,2.1502104255e-01,1.9200898848e-02,6.6079745034e-04,1.4211638746e-02,2.1133040820e+00
8.9200000000e+02,3.8808709934e-03,1.2242702936e-02,7.3566983719e-01,2.1407094217e-01,1.9278769904e-02,6.6062141421e-04,1.4196255389e-02,2.1126170535e+00
8.9250000000e+02,3.8409223514e-03,1.2199850334e-02,7.3625945384e-01,2.1392634358e-01,1.9064412286e-02,6.5856575336e-04,1.4050451854e-02,2.1061214572e+00
8.9300000000e+02,3.8232241528e-03,1.2258325197e-02,7.3703317044e-01,2.1316750250e-01,1.8982971022e-02,6.5221599345e-04,1.4082590696e-02,2.1037742765e+00
8.9350000000e+02,3.8215285325e-03,1.2190151767e-02,7.3845460384e-01,2.1185927211e-01,1.8959065484e-02,6.4967376227e-04,1.4065704506e-02,2.1001854368e+00
8.9400000000e+02,3.8064238616e-03,1.2240333955e-02,7.3903024545e-01,2.1123743428e-01,1.8955382907e-02,6.4512392293e-04,1.4085055626e-02,2.0994655466e+00
8.9450000000e+02,3.8248285473e-03,1.2234129113e-02,7.3781856843e-01,2.1247657195e-01,1.8916394436e-02,6.3925275530e-04,1.4090254774e-02,2.1014817415e+00
8.9500000000e+02,3.8238603945e-03,1.2148310706e-02,7.3906064105e-01,2.1139983524e-01,1.8895665413e-02,6.3414908787e-04,1.4037538110e-02,2.0974224977e+00
8.9550000000e+02,3.8621406000e-03,1.2134344513e-02,7.3853076325e-01,2.1189957386e-01,1.8899260967e-02,6.2685478221e-04,1.4047062033e-02,2.0986123648e+00
8.9600000000e+02,3.8483607081e-03,1.2062165751e-02,7.3826519341e-01,2.1230160859e-01,1.8888206609e-02,6.1938126835e-04,1.4015083657e-02,2.0971416884e+00
8.9650000000e+02,3.8470272284e-03,1.2060435360e-02,7.3900364352e-01,2.1154919576e-01,1.8990541587e-02,6.1669466898e-04,1.3932461874e-02,2.0960770671e+00
8.9700000000e+02,3.8542664549e-03,1.2173021874e-02,7.3894002405e-01,2.1134752138e-01,1.9011711797e-02,6.1361098754e-04,1.4059843453e-02,2.0998859961e+00
8.9750000000e+02,3.8648071522e-03,1.2205876935e-02,7.3831984230e-01,2.1176810445e-01,1.9096452518e-02,6.1102982191e-04,1.4133886818e-02,2.1032085941e+00
8.9800000000e+02,3.8623167630e-03,1.2286385787e-02,7.3694088169e-01,2.1303197132e-01,1.9104615570e-02,6.0422471657e-04,1.4169604156e-02,2.1067287098e+00
8.9850000000e+02,3.8858421403e-03,1.2432438782e-02,7.3402276172e-01,2.1579499067e-01,1.9174518661e-02,5.9938412816e-04,1.4090063900e-02,2.1137931569e+00
8.9900000000e+02,3.8829160886e-03,1.2474611166e-02,7.3353634489e-01,2.1612046793e-01,1.9285803590e-02,6.0284991485e-04,1.4097006422e-02,2.1166763693e+00
8.9950000000e+02,3.8933075802e-03,1.2612002325e-02,7.3409719901e-01,2.1511850928e-01,1.9517639696e-02,6.0299257440e-04,1.4158349536e-02,2.1203457689e+00
9.0000000000e+02,3.8688588342e-03,1.2604260404e-02,7.3348199592e-01,2.1581279462e-01,1.9583514198e-02,6.0030337716e-04,1.4048272648e-02,2.1201369933e+00
9.0050000000e+02,3.8270311617e-03,1.2582398770e-02,7.3375936230e-01,2.1552347502e-01,1.9691021000e-02,5.9072298003e-04,1.4025988767e-02,2.1193430321e+00
9.0100000000e+02,3.8229530472e-03,1.2513218893e-02,7.3426854015e-01,2.1515213497e-01,1.9705836552e-02,5.8236563775e-04,1.3954950752e-02,2.1164970315e+00
9.0150000000e+02,3.7977723456e-03,1.2466350105e-02,7.3426583395e-01,2.1534913655e-01,1.9626028038e-02,5.7604252072e-04,1.3918836497e-02,2.1140410036e+00
9.0200000000e+02,3.7919289828e-03,1.2440353823e-02,7.3312712666e-01,2.1654500579e-01,1.9660835200e-02,5.7044468861e-04,1.3864304857e-02,2.1151842602e+00
9.0250000000e+02,3.8101657656e-03,1.2434602262e-02,7.3312175551e-01,2.1649279541e-01,1.9672989311e-02,5.6036928273e-04,1.3907322458e-02,2.1155709932e+00
9.0300000000e+02,3.8121061277e-03,1.2475281005e-02,7.3221531814e-01,2.1733014732e-01,1.9836864853e-02,5.5711863242e-04,1.3773163918e-02,2.1170218348e+00
9.0350000000e+02,3.8135986414e-03,1.2510080654e-02,7.3334769101e-01,2.1612581868e-01,1.9932670370e-02,5.5078960166e-04,1.3719351043e-02,2.1165032847e+00
9.0400000000e+02,3.8032753486e-03,1.2589895528e-02,7.3251793007e-01,2.1693766948e-01,1.9887339395e-02,5.4558732103e-04,1.3718302855e-02,2.1184566066e+00
9.0450000000e+02,3.8395083662e-03,1.2632317006e-02,7.3311137712e-01,2.1619541038e-01,1.9843060687e-02,5.4314086857e-04,1.3835185572e-02,2.1196024151e+00
9.0500000000e+02,3.7999987063e-03,1.2630110598e-02,7.3296817189e-01,2.1629539620e-01,1.9885925757e-02,5.3636548792e-04,1.3884031359e-02,2.1194344608e+00
9.0550000000e+02,3.8435398457e-03,1.2633006584e-02,7.3208858733e-01,2.1697106518e-01,1.9999125246e-02,5.3320990241e-04,1.3931465910e-02,2.1234927284e+00
9.0600000000e+02,3.8670782766e-03,1.2665685512e-02,7.2958659813e-01,2.1926735705e-01,2.0120801500e-02,5.3332791593e-04,1.3959151616e-02,2.1298677175e+00
9.0650000000e+02,3.8729796158e-03,1.2601597698e-02,7.3006153047e-01,2.1893548830e-01,2.0060029448e-02,5.2518143167e-04,1.3943193041e-02,2.1271317940e+00
9.0700000000e+02,3.8646243444e-03,1.2583083333e-02,7.2971950203e-01,2.1928789782e-01,2.0109114287e-02,5.1844921668e-04,1.3917328964e-02,2.1269700070e+00
9.0750000000e+02,3.8422760941e-03,1.2651101374e-02,7.3020604915e-01,2.1893680531e-01,2.0022092122e-02,5.1233768585e-04,1.3829338263e-02,2.1237867938e+00
9.0800000000e+02,3.8304241795e-03,1.2693958696e-02,7.2991581717e-01,2.1903678532e-01,2.0119557825e-02,5.0775552851e-04,1.3895701276e-02,2.1260466955e+00
9.0850000000e+02,3.8164493954e-03,1.2749104122e-02,7.2986810826e-01,2.1910654171e-01,2.0071430159e-02,5.0738994914e-04,1.3880976405e-02,2.1259846360e+00
9.0900000000e+02,3.7916569283e-03,1.2785347548e-02,7.2887828104e-01,2.2025663424e-01,1.9971127361e-02,5.0400477226e-04,1.3812948109e-02,2.1259443185e+00
9.0950000000e+02,3.7590280274e-03,1.2783305204e-02,7.2801068680e-01,2.2126327624e-01,1.9919631254e-02,5.0145546080e-04,1.3762617018e-02,2.1252768597e+00
9.1000000000e+02,3.7469267770e-03,1.2844887343e-02,7.2665904501e-01,2.2281503174e-01,1.9736198296e-02,4.9278398686e-04,1.3705126846e-02,2.1259340319e+00
9.1050000000e+02,3.7673344863e-03,1.2901555894e-02,7.2517094716e-01,2.2401305912e-01,1.9826469624e-02,4.8817305970e-04,1.3832460655e-02,2.1312635452e+00
9.1100000000e+02,3.7665140433e-03,1.2843773750e-02,7.2617921746e-01,2.2309842748e-01,1.9767341990e-02,4.8232980056e-04,1.3862395472e-02,2.1284303531e+00
9.1150000000e+02,3.7652979544e-03,1.2841724631e-02,7.2680733614e-01,2.2252105736e-01,1.9791671567e-02,4.7606853285e-04,1.3796843820e-02,2.1267060576e+00
9.1200000000e+02,3.7752843037e-03,1.2885310259e-02,7.2554185273e-01,2.2355711316e-01,1.9904308330e-02,4.7299463167e-04,1.3863136576e-02,2.1315704100e+00
9.1250000000e+02,3.7599744105e-03,1.2830289488e-02,7.2693740640e-01,2.2258069055e-01,1.9687632551e-02,4.6998247204e-04,1.3734024123e-02,2.1251819027e+00
9.1300000000e+02,3.7784780201e-03,1.2839120432e-02,7.2573374645e-01,2.2398512781e-01,1.9522772306e-02,4.6771813605e-04,1.3673036839e-02,2.1256566357e+00
9.1350000000e+02,3.7918368976e-03,1.2857341202e-02,7.2512817190e-01,2.2463452221e-01,1.9506795074e-02,4.6581795492e-04,1.3615514763e-02,2.1261640150e+00
9.1400000000e+02,3.8101028817e-03,1.2956684484e-02,7.2519695682e-01,2.2431510547e-01,1.9559448722e-02,4.6236219456e-04,1.3699339424e-02,2.1285616086e+00
9.1450000000e+02,3.8041521108e-03,1.2930751984e-02,7.2374549909e-01,2.2563399228e-01,1.9702595996e-02,4.6051092851e-04,1.3722497609e-02,2.1314761665e+00
9.1500000000e+02,3.8256643808e-03,1.2867572021e-02,7.2420300831e-01,2.2522399215e-01,1.9600453992e-02,4.5724204459e-04,1.3822067105e-02,2.1311372708e+00
9.1550000000e+02,3.8779117554e-03,1.2778953596e-02,7.2527986889e-01,2.2390016495e-01,1.9876117129e-02,4.5806505809e-04,1.3828918625e-02,2.1327767746e+00
9.1600000000e+02,3.8726781186e-03,1.2730690648e-02,7.2501178301e-01,2.2436000128e-01,1.9848045721e-02,4.5255089571e-04,1.3724250330e-02,2.1304921193e+00
9.1650000000e+02,3.8521490848e-03,1.2712150791e-02,7.2470053428e-01,2.2463969618e-01,1.9968071338e-02,4.4864556795e-04,1.3678752760e-02,2.1307266189e+00
9.1700000000e+02,3.8680768639e-03,1.2779038819e-02,7.2433627430e-01,2.2475451074e-01,2.0042695318e-02,4.5175938044e-04,1.3767644583e-02,2.1334218221e+00
9.1750000000e+02,3.8799418982e-03,1.2850102189e-02,7.2339435668e-01,2.2555589677e-01,2.0044144768e-02,4.5231546218e-04,1.3823242232e-02,2.1369283435e+00
9.1800000000e+02,3.8925906893e-03,1.2897563543e-02,7.2088944674e-01,2.2806755998e-01,1.9934748316e-02,4.5178295642e-04,1.3866307774e-02,2.1420664687e+00
9.1850000000e+02,3.8716356736e-03,1.2874767827e-02,7.2025779435e-01,2.2871091033e-01,1.9952978970e-02,4.4979173001e-04,1.3882121122e-02,2.1428604168e+00
9.1900000000e+02,3.9147121733e-03,1.2909503854e-02,7.2038580914e-01,2.2835143527e-01,2.0068312364e-02,4.4918446079e-04,1.3921042737e-02,2.1451802399e+00
9.1950000000e+02,3.9005166458e-03,1.2912827383e-02,7.2068268675e-01,2.2799693650e-01,2.0118191821e-02,4.4527797129e-04,1.3943562931e-02,2.1439652090e+00
9.2000000000e+02,3.8902676655e-03,1.2926412097e-02,7.1996188404e-01,2.2854337412e-01,2.0212361873e-02,4.4232629739e-04,1.4023373904e-02,2.1454987640e+00
9.2050000000e+02,3.9156211967e-03,1.2907278403e-02,7.1935623761e-01,2.2910341773e-01,2.0272110869e-02,4.3958247375e-04,1.4005751719e-02,2.1461530472e+00
9.2100000000e+02,3.8912046791e-03,1.2891394331e-02,7.2128763904e-01,2.2733767520e-01,2.0177568714e-02,4.3711763305e-04,1.3977400400e-02,2.1413265860e+00
9.2150000000e+02,3.8791781803e-03,1.2852370543e-02,7.2172682069e-01,2.2712468170e-01,2.0105207656e-02,4.3591293833e-04,1.3875828290e-02,2.1378968215e+00
9.2200000000e+02,3.8816563196e-03,1.2865343890e-02,7.2138824647e-01,2.2741980961e-01,2.0108178694e-02,4.3803094389e-04,1.3898734070e-02,2.1395455431e+00
9.2250000000e+02,3.9291766035e-03,1.2875387592e-02,7.1938731843e-01,2.2912060945e-01,2.0283189935e-02,4.4133437552e-04,1.3962983612e-02,2.1468266244e+00
9.2300000000e+02,3.9599328780e-03,1.2768795499e-02,7.1857508366e-01,2.3003035109e-01,2.0287844080e-02,4.4154773610e-04,1.3936445055e-02,2.1472775284e+00
9.2350000000e+02,3.9799284499e-03,1.2705204542e-02,7.2133687711e-01,2.2733066385e-01,2.0328126865e-02,4.4044110759e-04,1.3878758069e-02,2.1415616038e+00
9.2400000000e+02,3.9466268458e-03,1.2642169210e-02,7.2245333591e-01,2.2633334244e-01,2.0311305562e-02,4.3687631736e-04,1.3876343718e-02,2.1372378325e+00
9.2450000000e+02,3.9274917929e-03,1.2525176629e-02,7.2071218250e-01,2.2812753802e-01,2.0344005317e-02,4.3922723115e-04,1.3924378514e-02,2.1389580882e+00
9.2500000000e+02,3.9319455336e-03,1.2489865188e-02,7.2052357408e-01,2.2832187572e-01,2.0326628868e-02,4.3632392664e-04,1.3969786688e-02,2.1393829116e+00
9.2550000000e+02,3.9417258295e-03,1.2439220010e-02,7.1996680095e-01,2.2886420460e-01,2.0257733599e-02,4.3783013283e-04,1.4092484879e-02,2.1411884462e+00
9.2600000000e+02,3.9637557118e-03,1.2334706144e-02,7.1956998478e-01,2.2932877733e-01,2.0223019849e-02,4.4204219468e-04,1.4137713989e-02,2.1415038097e+00
9.2650000000e+02,3.9668615186e-03,1.2399870833e-02,7.1910084646e-01,2.2972066511e-01,2.0126093234e-02,4.4425766902e-04,1.4241405174e-02,2.1435721418e+00
9.2700000000e+02,3.9393587941e-03,1.2295073510e-02,7.1943689322e-01,2.2940956050e-01,2.0191063806e-02,4.4424851329e-04,1.4283801649e-02,2.1415675539e+00
9.2750000000e+02,3.9206045560e-03,1.2310605057e-02,7.1710791367e-01,2.3169318736e-01,2.0259074301e-02,4.4742288794e-04,1.4261192173e-02,2.1447432389e+00
9.2800000000e+02,3.8906139580e-03,1.2258876634e-02,7.1874349172e-01,2.3033587648e-01,2.0162836159e-02,4.4509562300e-04,1.4163209433e-02,2.1385396645e+00
9.2850000000e+02,3.8890536650e-03,1.2284392670e-02,7.1777028308e-01,2.3112710711e-01,2.0249799679e-02,4.4318362976e-04,1.4236180162e-02,2.1408903582e+00
9.2900000000e+02,3.9185363590e-03,1.2347189537e-02,7.1621843702e-01,2.3223966138e-01,2.0457183182e-02,4.4963665799e-04,1.4369355869e-02,2.1478264372e+00
9.2950000000e+02,3.9076412281e-03,1.2274062902e-02,7.1778286402e-01,2.3050024010e-01,2.0671774525e-02,4.4859923682e-04,1.4414817985e-02,2.1460003736e+00
9.3000000000e+02,3.8830720585e-03,1.2344211639e-02,7.1758633353e-01,2.3057438769e-01,2.0720978722e-02,4.5433314831e-04,1.4436683215e-02,2.1469676340e+00
9.3050000000e+02,3.8691209183e-03,1.2439860077e-02,7.1778991441e-01,2.3020852105e-01,2.0792004739e-02,4.5337216003e-04,1.4447206651e-02,2.1490007718e+00
9.3100000000e+02,3.8603052182e-03,1.2469133326e-02,7.1856275651e-01,2.2938328431e-01,2.0816154649e-02,4.5213367023e-04,1.4456232319e-02,2.1475496222e+00
9.3150000000e+02,3.8573649441e-03,1.2467090497e-02,7.1846407332e-01,2.2969964854e-01,2.0682470609e-02,4.5161058630e-04,1.4377741509e-02,2.1450305891e+00
9.3200000000e+02,3.8676550647e-03,1.2352917669e-02,7.1830092675e-01,2.3002172048e-01,2.0565231913e-02,4.4945826332e-04,1.4442089863e-02,2.1436821978e+00
9.3250000000e+02,3.8543123789e-03,1.2388799344e-02,7.1941775801e-01,2.2872829742e-01,2.0533282622e-02,4.5427732934e-04,1.4623272897e-02,2.1436745947e+00
9.3300000000e+02,3.8447568915e-03,1.2312764521e-02,7.1919581857e-01,2.2915547361e-01,2.0423969289e-02,4.5625349805e-04,1.4610963621e-02,2.1418706885e+00
9.3350000000e+02,3.8263215457e-03,1.2300329612e-02,7.1830556234e-01,2.2980012688e-01,2.0526520793e-02,4.5885749454e-04,1.4782281333e-02,2.1451842265e+00
9.3400000000e+02,3.8337591475e-03,1.2318757131e-02,7.1618096169e-01,2.3166697470e-01,2.0684048051e-02,4.6233706000e-04,1.4853162220e-02,2.1515428431e+00
9.3450000000e+02,3.8154198800e-03,1.2365953191e-02,7.1684416123e-01,2.3107192064e-01,2.0689201191e-02,4.6560758813e-04,1.4747736285e-02,2.1490116799e+00
9.3500000000e+02,3.7939441648e-03,1.2189871975e-02,7.1825505572e-01,2.3008520528e-01,2.0586838369e-02,4.6468333106e-04,1.4624401159e-02,2.1416729256e+00
9.3550000000e+02,3.8070996640e-03,1.2147733227e-02,7.1852280010e-01,2.2989862932e-01,2.0557707321e-02,4.6433300288e-04,1.4601697370e-02,2.1408571363e+00
9.3600000000e+02,3.7947165609e-03,1.2183944302e-02,7.1864003954e-01,2.2973803369e-01,2.0574563748e-02,4.6243470910e-04,1.4606267449e-02,2.1411469609e+00
9.3650000000e+02,3.8157754185e-03,1.2240951722e-02,7.1839713348e-01,2.2999699391e-01,2.0531449141e-02,4.6418299933e-04,1.4553513324e-02,2.1411127096e+00
9.3700000000e+02,3.7963044731e-03,1.2254592609e-02,7.1983659663e-01,2.2855304239e-01,2.0613755851e-02,4.6560036445e-04,1.4480107683e-02,2.1382488245e+00
9.3750000000e+02,3.7951464084e-03,1.2300216011e-02,7.1987461351e-01,2.2861951158e-01,2.0448788961e-02,4.6809146149e-04,1.4493632073e-02,2.1386153924e+00
9.3800000000e+02,3.7833344312e-03,1.2204440834e-02,7.2164904314e-01,2.2703523893e-01,2.0367303548e-02,4.6282459997e-04,1.4497814523e-02,2.1338152231e+00
9.3850000000e+02,3.7733201116e-03,1.2314286435e-02,7.2089431116e-01,2.2754564429e-01,2.0393030894e-02,4.6681473829e-04,1.4612592373e-02,2.1367646700e+00
9.3900000000e+02,3.7631424624e-03,1.2411817742e-02,7.2094494395e-01,2.2737652920e-01,2.0380914902e-02,4.7170714212e-04,1.4650944607e-02,2.1384851398e+00
9.3950000000e+02,3.7545044914e-03,1.2426512911e-02,7.2080632915e-01,2.2737333731e-01,2.0442090429e-02,4.7533628748e-04,1.4721889416e-02,2.1411507066e+00
9.4000000000e+02,3.7644472256e-03,1.2527388144e-02,7.2081374052e-01,2.2737584393e-01,2.0252446287e-02,4.7640784523e-04,1.4789726048e-02,2.1432160261e+00
9.4050000000e+02,3.7437972707e-03,1.2508707986e-02,7.2013565377e-01,2.2789225692e-01,2.0335709627e-02,4.7837386608e-04,1.4905500562e-02,2.1458901041e+00
9.4100000000e+02,3.7396604027e-03,1.2618087227e-02,7.1922535687e-01,2.2856667870e-01,2.0403266558e-02,4.8153559636e-04,1.4965414640e-02,2.1505492113e+00
9.4150000000e+02,3.7497732398e-03,1.2611774758e-02,7.1883946756e-01,2.2881504627e-01,2.0469250359e-02,4.8265469223e-04,1.5032033122e-02,2.1519701041e+00
9.4200000000e+02,3.7347044143e-03,1.2625883308e-02,7.2100581147e-01,2.2660450226e-01,2.0499834509e-02,4.8324077039e-04,1.5046023267e-02,2.1477030785e+00
9.4250000000e+02,3.7367110698e-03,1.2635170852e-02,7.2179817732e-01,2.2590977421e-01,2.0396717769e-02,4.8345332423e-04,1.5039995454e-02,2.1457494039e+00
9.4300000000e+02,3.7234446386e-03,1.2706361649e-02,7.2132947533e-01,2.2620049836e-01,2.0400815964e-02,4.8419703582e-04,1.5155207024e-02,2.1500368807e+00
9.4350000000e+02,3.7103312124e-03,1.2766958628e-02,7.1977077146e-01,2.2776316583e-01,2.0284011868e-02,4.8526412254e-04,1.5219496886e-02,2.1523758268e+00
9.4400000000e+02,3.6882175002e-03,1.2860634565e-02,7.1875945272e-01,2.2843252299e-01,2.0500725773e-02,4.8962277515e-04,1.5268823671e-02,2.1565028115e+00
9.4450000000e+02,3.6689820549e-03,1.2789370581e-02,7.2025327014e-01,2.2699334921e-01,2.0545572239e-02,4.9092658947e-04,1.5258529180e-02,2.1531042132e+00
9.4500000000e+02,3.6401128702e-03,1.2761349916e-02,7.1901061989e-01,2.2841958768e-01,2.0453177714e-02,4.9154217497e-04,1.5223609752e-02,2.1533054109e+00
9.4550000000e+02,3.6720494601e-03,1.2754490900e-02,7.1848760464e-01,2.2869982970e-01,2.0552686037e-02,4.9132977281e-04,1.5342009492e-02,2.1569341246e+00
9.4600000000e+02,3.6737508202e-03,1.2666387976e-02,7.2011096391e-01,2.2746374545e-01,2.0337458562e-02,4.8873541032e-04,1.5258957872e-02,2.1498236520e+00
9.4650000000e+02,3.6729249480e-03,1.2649136308e-02,7.2012946309e-01,2.2743549312e-01,2.0338278111e-02,4.8733061491e-04,1.5287373805e-02,2.1490208533e+00
9.4700000000e+02,3.6520054051e-03,1.2667010216e-02,7.1922211641e-01,2.2841685986e-01,2.0334246489e-02,4.9076932346e-04,1.5216992298e-02,2.1492096487e+00
9.4750000000e+02,3.6628254472e-03,1.2655644060e-02,7.1846649159e-01,2.2911870201e-01,2.0260918958e-02,4.9643063469e-04,1.5338987301e-02,2.1522590332e+00
9.4800000000e+02,3.6643826636e-03,1.2648163543e-02,7.1871523130e-01,2.2883904264e-01,2.0441301453e-02,4.9871868545e-04,1.5193159719e-02,2.1518479803e+00
9.4850000000e+02,3.6454018699e-03,1.2679997387e-02,7.1937010173e-01,2.2817680209e-01,2.0482376889e-02,5.0203749255e-04,1.5143282547e-02,2.1498727760e+00
9.4900000000e+02,3.6538494247e-03,1.2667621514e-02,7.1818970419e-01,2.2916490780e-01,2.0719340741e-02,5.0072052140e-04,1.5103855810e-02,2.1533896496e+00
9.4950000000e+02,3.6356873526e-03,1.2710059849e-02,7.1822461494e-01,2.2915407504e-01,2.0701349224e-02,5.0126652618e-04,1.5072947066e-02,2.1536677709e+00
9.5000000000e+02,3.6545311995e-03,1.2810644693e-02,7.1747816249e-01,2.2995931928e-01,2.0507330005e-02,5.0151151457e-04,1.5088500815e-02,2.1550622306e+00
9.5050000000e+02,3.6732350535e-03,1.2924215486e-02,7.1586330556e-01,2.3129024955e-01,2.0595046035e-02,5.0796499129e-04,1.5145983318e-02,2.1608648637e+00
9.5100000000e+02,3.6669799857e-03,1.2877394885e-02,7.1675807866e-01,2.3062746927e-01,2.0461039924e-02,5.0563511730e-04,1.5103402157e-02,2.1570562997e+00
9.5150000000e+02,3.6442718656e-03,1.2847078293e-02,7.1735481737e-01,2.3014611880e-01,2.0449252788e-02,5.0784139724e-04,1.5050619489e-02,2.1542621588e+00
9.5200000000e+02,3.6372806409e-03,1.2833650390e-02,7.1691116806e-01,2.3066375711e-01,2.0460755686e-02,5.0791267423e-04,1.4985475443e-02,2.1545168447e+00
9.5250000000e+02,3.6347588499e-03,1.2750872926e-02,7.1667270206e-01,2.3096022656e-01,2.0510883690e-02,5.0898349167e-04,1.4961572422e-02,2.1537806312e+00
9.5300000000e+02,3.6634614419e-03,1.2884897085e-02,7.1569169159e-01,2.3170299813e-01,2.0434406429e-02,5.1071709297e-04,1.5111828229e-02,2.1581787946e+00
9.5350000000e+02,3.6594930749e-03,1.2900789409e-02,7.1649720167e-01,2.3091961870e-01,2.0381876634e-02,5.0829091091e-04,1.5132729600e-02,2.1565541951e+00
9.5400000000e+02,3.6677083482e-03,1.2831028866e-02,7.1717178109e-01,2.3034609162e-01,2.0371064193e-02,5.0660143622e-04,1.5105724445e-02,2.1548810519e+00
9.5450000000e+02,3.6977204249e-03,1.2913616685e-02,7.1704672881e-01,2.3000747534e-01,2.0617411550e-02,5.0527217991e-04,1.5211775010e-02,2.1599908111e+00
9.5500000000e+02,3.6876364607e-03,1.2857890171e-02,7.1696574538e-01,2.3007623353e-01,2.0687444939e-02,5.0287647173e-04,1.5222173043e-02,2.1604710932e+00
9.5550000000e+02,3.6979691501e-03,1.2840360459e-02,7.1572083462e-01,2.3126163895e-01,2.0794809438e-02,5.0529679667e-04,1.5179090591e-02,2.1636024491e+00
9.5600000000e+02,3.7089235821e-03,1.2853108606e-02,7.1677136415e-01,2.3013038108e-01,2.0792854767e-02,5.0537806262e-04,1.5237989754e-02,2.1630416425e+00
9.5650000000e+02,3.7061976351e-03,1.2787134240e-02,7.1718421745e-01,2.3009961834e-01,2.0572141885e-02,5.0499069281e-04,1.5145699757e-02,2.1592288526e+00
9.5700000000e+02,3.7179892779e-03,1.2638813968e-02,7.1773924200e-01,2.2973574560e-01,2.0524415141e-02,5.0249753547e-04,1.5141296475e-02,2.1566027749e+00
9.5750000000e+02,3.7367493565e-03,1.2652222553e-02,7.1802738557e-01,2.2928450427e-01,2.0629319641e-02,4.9991263771e-04,1.5169905969e-02,2.1575683582e+00
9.5800000000e+02,3.7607021057e-03,1.2663116844e-02,7.1707150537e-01,2.3022107900e-01,2.0527667164e-02,4.9905327773e-04,1.5256876231e-02,2.1587286398e+00
9.5850000000e+02,3.7600318049e-03,1.2738283228e-02,7.1828634715e-01,2.2904096459e-01,2.0442659376e-02,4.9838746314e-04,1.5233326391e-02,2.1570052673e+00
9.5900000000e+02,3.7190189670e-03,1.2666920247e-02,7.1904071853e-01,2.2851381252e-01,2.0374537889e-02,4.9660194755e-04,1.5188389902e-02,2.1529538558e+00
9.5950000000e+02,3.7444438437e-03,1.2603363121e-02,7.1991838498e-01,2.2771779657e-01,2.0314610631e-02,4.9995525774e-04,1.5201445600e-02,2.1510668549e+00
9.6000000000e+02,3.7589508730e-03,1.2630434486e-02,7.1927532621e-01,2.2817675543e-01,2.0376162993e-02,5.0208622894e-04,1.5280283778e-02,2.1549323552e+00
9.6050000000e+02,3.7505944862e-03,1.2605597981e-02,7.1842307381e-01,2.2907698950e-01,2.0397157611e-02,5.0239338357e-04,1.5244193228e-02,2.1545782250e+00
9.6100000000e+02,3.7755011491e-03,1.2597032124e-02,7.1818149092e-01,2.2937869289e-01,2.0302199610e-02,4.9856861100e-04,1.5266514691e-02,2.1551661817e+00
9.6150000000e+02,3.7991000572e-03,1.2616924454e-02,7.1751795042e-01,2.2991734506e-01,2.0371043563e-02,4.9462773552e-04,1.5283008710e-02,2.1569960976e+00
9.6200000000e+02,3.8027098724e-03,1.2661598018e-02,7.1731941169e-01,2.3010190018e-01,2.0366008200e-02,4.9095948707e-04,1.5257412548e-02,2.1571464576e+00
9.6250000000e+02,3.7768161199e-03,1.2658273860e-02,7.1902127515e-01,2.2851897246e-01,2.0296853697e-02,4.8727407979e-04,1.5240534637e-02,2.1526151375e+00
9.6300000000e+02,3.7660130564e-03,1.2771680869e-02,7.1910390139e-01,2.2849166602e-01,2.0118681935e-02,4.8577508328e-04,1.5262281651e-02,2.1520221894e+00
9.6350000000e+02,3.7763248591e-03,1.2774873651e-02,7.1808967475e-01,2.2959117530e-01,2.0080201563e-02,4.8048298978e-04,1.5207266891e-02,2.1518363994e+00
9.6400000000e+02,3.7497803411e-03,1.2710191188e-02,7.1837472271e-01,2.2956761802e-01,1.9964047346e-02,4.7542673381e-04,1.5158213654e-02,2.1479825985e+00
9.6450000000e+02,3.7731967629e-03,1.2779182600e-02,7.1831260723e-01,2.2949126663e-01,1.9973063345e-02,4.7435766567e-04,1.5196325772e-02,2.1490749558e+00
9.6500000000e+02,3.7885071431e-03,1.2824004798e-02,7.1822834127e-01,2.2949004834e-01,1.9965730859e-02,4.7250907324e-04,1.5230858519e-02,2.1510248922e+00
9.6550000000e+02,3.7730099419e-03,1.2805312114e-02,7.1940676589e-01,2.2839849952e-01,1.9986514457e-02,4.7154241845e-04,1.5158355653e-02,2.1486260218e+00
9.6600000000e+02,3.7713235452e-03,1.2840545880e-02,7.1893112819e-01,2.2881022371e-01,1.9979510696e-02,4.7291420100e-04,1.5194353772e-02,2.1499550144e+00
9.6650000000e+02,3.7679111998e-03,1.2696757920e-02,7.2016531493e-01,2.2790756925e-01,1.9888629341e-02,4.7205700735e-04,1.5101760357e-02,2.1449090755e+00
9.6700000000e+02,3.8028403135e-03,1.2721452270e-02,7.1892971661e-01,2.2890153500e-01,1.9983119107e-02,4.7314056634e-04,1.5188196133e-02,2.1498171602e+00
9.6750000000e+02,3.8104922708e-03,1.2720975350e-02,7.1834858373e-01,2.2952300032e-01,1.9909454098e-02,4.7242496634e-04,1.5215069265e-02,2.1511478821e+00
9.6800000000e+02,3.8441798534e-03,1.2878183879e-02,7.1576115984e-01,2.3159506040e-01,2.0047488653e-02,4.7445281267e-04,1.5399474566e-02,2.1610594950e+00
9.6850000000e+02,3.8623549596e-03,1.2953256447e-02,7.1382870521e-01,2.3326849871e-01,2.0118758137e-02,4.6770370736e-04,1.5500722836e-02,2.1663597806e+00
9.6900000000e+02,3.8678222681e-03,1.3002710423e-02,7.1284344978e-01,2.3415281156e-01,2.0084640915e-02,4.6481837321e-04,1.5583746681e-02,2.1682274131e+00
9.6950000000e+02,3.8656173006e-03,1.2959869091e-02,7.1323491926e-01,2.3364502442e-01,2.0136296307e-02,4.6118015102e-04,1.5697093479e-02,2.1680903194e+00
9.7000000000e+02,3.8858112799e-03,1.2942696125e-02,7.1401164576e-01,2.3266836269e-01,2.0209704271e-02,4.6348275229e-04,1.5818297119e-02,2.1699071849e+00
9.7050000000e+02,3.9052226220e-03,1.2926454417e-02,7.1411596019e-01,2.3248794806e-01,2.0234716753e-02,4.5996465433e-04,1.5869733303e-02,2.1714288949e+00
9.7100000000e+02,3.8878017769e-03,1.2969970097e-02,7.1382645724e-01,2.3270973803e-01,2.0268194935e-02,4.5712639043e-04,1.5880711525e-02,2.1712467382e+00
9.7150000000e+02,3.9068694426e-03,1.3063578095e-02,7.1326546148e-01,2.3299901415e-01,2.0364481056e-02,4.5399618246e-04,1.5946599587e-02,2.1741675586e+00
9.7200000000e+02,3.8879245362e-03,1.3096736203e-02,7.1383555616e-01,2.3235873738e-01,2.0369677328e-02,4.5282166627e-04,1.5998546723e-02,2.1735226109e+00
9.7250000000e+02,3.8774043898e-03,1.3084032507e-02,7.1395890094e-01,2.3208512961e-01,2.0505506470e-02,4.5377900358e-04,1.6035247082e-02,2.1746151999e+00
9.7300000000e+02,3.8760473870e-03,1.3096808072e-02,7.1437872700e-01,2.3162749718e-01,2.0592703870e-02,4.4817798231e-04,1.5980038509e-02,2.1732671344e+00
9.7350000000e+02,3.8901303534e-03,1.3048653844e-02,7.1470038810e-01,2.3148173886e-01,2.0465376273e-02,4.4529428015e-04,1.5968418286e-02,2.1709937496e+00
9.7400000000e+02,3.8989814208e-03,1.3037051959e-02,7.1384822017e-01,2.3219252271e-01,2.0551498213e-02,4.4775262507e-04,1.6023972900e-02,2.1727446614e+00
9.7450000000e+02,3.8949208994e-03,1.3034564274e-02,7.1291584653e-01,2.3292264278e-01,2.0635873553e-02,4.4876472310e-04,1.6147387234e-02,2.1758105107e+00
9.7500000000e+02,3.9017091517e-03,1.2975868613e-02,7.1349084589e-01,2.3214832831e-01,2.0769996841e-02,4.5159218699e-04,1.6261659007e-02,2.1768421314e+00
9.7550000000e+02,3.9017843214e-03,1.2951157171e-02,7.1476892859e-01,2.3089134775e-01,2.0800564151e-02,4.4645183360e-04,1.6239766182e-02,2.1742783971e+00
9.7600000000e+02,3.8872202833e-03,1.2973295949e-02,7.1552260790e-01,2.3020964588e-01,2.0821829801e-02,4.4400628025e-04,1.6141393905e-02,2.1717448853e+00
9.7650000000e+02,3.9039980436e-03,1.2935055154e-02,7.1560991973e-01,2.3007595781e-01,2.0831960918e-02,4.4505334881e-04,1.6198054995e-02,2.1716368972e+00
9.7700000000e+02,3.8958205151e-03,1.2976004710e-02,7.1533854386e-01,2.3034601449e-01,2.0769543709e-02,4.4454845608e-04,1.6229524259e-02,2.1725342719e+00
9.7750000000e+02,3.9110537711e-03,1.2964976045e-02,7.1425291167e-01,2.3129899398e-01,2.0752100912e-02,4.4322012846e-04,1.6376743490e-02,2.1752242604e+00
9.7800000000e+02,3.9120075465e-03,1.2893925270e-02,7.1325799383e-01,2.3228536216e-01,2.0855366161e-02,4.4836911523e-04,1.6346975912e-02,2.1769748745e+00
9.7850000000e+02,3.8769280936e-03,1.2787527496e-02,7.1581976988e-01,2.2987483795e-01,2.0832356388e-02,4.4161200494e-04,1.6366968179e-02,2.1708015596e+00
9.7900000000e+02,3.8819797524e-03,1.2751308402e-02,7.1668631339e-01,2.2910921767e-01,2.0776585265e-02,4.3976174993e-04,1.6354833774e-02,2.1676379338e+00
9.7950000000e+02,3.8693789775e-03,1.2714364450e-02,7.1729002708e-01,2.2870249972e-01,2.0673046819e-02,4.4140727957e-04,1.6309275672e-02,2.1642355281e+00
9.8000000000e+02,3.8261913915e-03,1.2620763823e-02,7.1642258669e-01,2.2949136544e-01,2.0792521867e-02,4.3997152064e-04,1.6406599269e-02,2.1654049658e+00
9.8050000000e+02,3.8447830102e-03,1.2614660780e-02,7.1549533476e-01,2.3032062198e-01,2.0829946854e-02,4.3896686778e-04,1.6455685746e-02,2.1688917850e+00
9.8100000000e+02,3.8507727178e-03,1.2618794436e-02,7.1513136111e-01,2.3071399428e-01,2.0797119123e-02,4.3764581871e-04,1.6450312515e-02,2.1698391006e+00
9.8150000000e+02,3.8421951586e-03,1.2589795971e-02,7.1541538390e-01,2.3040346388e-01,2.0832207260e-02,4.3921738996e-04,1.6477736443e-02,2.1698862826e+00
9.8200000000e+02,3.8405541737e-03,1.2639428897e-02,7.1382108976e-01,2.3184413314e-01,2.0941933162e-02,4.4159733612e-04,1.6471263524e-02,2.1744716774e+00
9.8250000000e+02,3.8355258553e-03,1.2701423673e-02,7.1494151675e-01,2.3069389977e-01,2.0868737589e-02,4.4326745575e-04,1.6515628912e-02,2.1715601624e+00
9.8300000000e+02,3.8450078366e-03,1.2656045217e-02,7.1411923706e-01,2.3150574204e-01,2.0902384958e-02,4.4402599779e-04,1.6527556894e-02,2.1734210859e+00
9.8350000000e+02,3.8385065972e-03,1.2621261200e-02,7.1499045890e-01,2.3056615235e-01,2.0886005778e-02,4.4221000652e-04,1.6655405169e-02,2.1721174682e+00
9.8400000000e+02,3.8528257485e-03,1.2550149447e-02,7.1364850493e-01,2.3176846501e-01,2.1043769671e-02,4.4305459577e-04,1.6693230594e-02,2.1752305039e+00
9.8450000000e+02,3.8472466999e-03,1.2465769144e-02,7.1657475729e-01,2.2919866885e-01,2.0891423270e-02,4.3898492069e-04,1.6583149825e-02,2.1672968868e+00
9.8500000000e+02,3.8468403013e-03,1.2490793815e-02,7.1705162280e-01,2.2877123624e-01,2.0838789613e-02,4.3791060733e-04,1.6562806621e-02,2.1657780911e+00
9.8550000000e+02,3.8153590455e-03,1.2456982056e-02,7.1856288212e-01,2.2738489099e-01,2.0783187882e-02,4.3543885673e-04,1.6561259045e-02,2.1628344739e+00
9.8600000000e+02,3.8450854342e-03,1.2435255588e-02,7.1913232356e-01,2.2680714067e-01,2.0731424272e-02,4.3671089196e-04,1.6612059585e-02,2.1624500015e+00
9.8650000000e+02,3.8343476352e-03,1.2369903137e-02,7.2064782072e-01,2.2556577277e-01,2.0645079056e-02,4.3009830326e-04,1.6506978382e-02,2.1566484623e+00
9.8700000000e+02,3.8435455874e-03,1.2375085254e-02,7.2047017860e-01,2.2575336229e-01,2.0601631782e-02,4.3398099258e-04,1.6522215495e-02,2.1583709436e+00
9.8750000000e+02,3.8338357477e-03,1.2429811136e-02,7.2101115039e-01,2.2516182429e-01,2.0602463692e-02,4.3626667621e-04,1.6524648065e-02,2.1580119061e+00
9.8800000000e+02,3.8292304982e-03,1.2353000946e-02,7.2133034108e-01,2.2499637043e-01,2.0548435647e-02,4.3415466629e-04,1.6508466734e-02,2.1563907978e+00
9.8850000000e+02,3.8640359592e-03,1.2439755738e-02,7.2071836259e-01,2.2546397381e-01,2.0503264110e-02,4.3980977213e-04,1.6570798019e-02,2.1594212890e+00
9.8900000000e+02,3.8936860022e-03,1.2456737340e-02,7.2027237844e-01,2.2576882165e-01,2.0500904160e-02,4.4281915209e-04,1.6664653257e-02,2.1624231566e+00
9.8950000000e+02,3.9165478509e-03,1.2522030378e-02,7.1885983709e-01,2.2688271401e-01,2.0667997248e-02,4.4498919594e-04,1.6705884226e-02,2.1687220837e+00
9.9000000000e+02,3.8979087142e-03,1.2505055825e-02,7.1920704111e-01,2.2679581172e-01,2.0568424116e-02,4.4503117601e-04,1.6580727342e-02,2.1665563903e+00
9.9050000000e+02,3.9002156645e-03,1.2527421080e-02,7.2017993357e-01,2.2560569133e-01,2.0741429819e-02,4.4712994051e-04,1.6598178592e-02,2.1685005231e+00
9.9100000000e+02,3.9045147673e-03,1.2538143539e-02,7.1918124960e-01,2.2635054291e-01,2.0928310687e-02,4.5179330721e-04,1.6645445192e-02,2.1727272305e+00
9.9150000000e+02,3.8774958935e-03,1.2529246537e-02,7.1978212778e-01,2.2579516589e-01,2.0995030068e-02,4.5799938689e-04,1.6562934440e-02,2.1714285791e+00
9.9200000000e+02,3.8840612403e-03,1.2509773149e-02,7.1981110895e-01,2.2577723051e-01,2.0944257666e-02,4.5982253763e-04,1.6613745952e-02,2.1712007548e+00
9.9250000000e+02,3.8568960996e-03,1.2542676117e-02,7.2121039481e-01,2.2456710012e-01,2.0815206462e-02,4.5668030888e-04,1.6551046089e-02,2.1665259213e+00
9.9300000000e+02,3.8402321047e-03,1.2573482680e-02,7.2274482613e-01,2.2323675891e-01,2.0679023228e-02,4.5562059366e-04,1.6470056355e-02,2.1627704973e+00
9.9350000000e+02,3.8263664032e-03,1.2581329880e-02,7.2324427244e-01,2.2279515586e-01,2.0660240454e-02,4.5386996418e-04,1.6438765003e-02,2.1609258757e+00
9.9400000000e+02,3.8497573967e-03,1.2680529870e-02,7.2353363771e-01,2.2216120623e-01,2.0808705581e-02,4.5992560820e-04,1.6506237597e-02,2.1644954851e+00
9.9450000000e+02,3.8445506870e-03,1.2694354319e-02,7.2437480313e-01,2.2137881179e-01,2.0796964235e-02,4.6172570441e-04,1.6448790135e-02,2.1622786699e+00
9.9500000000e+02,3.8582221531e-03,1.2774504372e-02,7.2356571159e-01,2.2189105367e-01,2.0962348532e-02,4.6681363348e-04,1.6481346047e-02,2.1668088197e+00
9.9550000000e+02,3.8907450639e-03,1.2816645694e-02,7.2385486866e-01,2.2135871099e-01,2.1053250317e-02,4.7096073322e-04,1.6554818543e-02,2.1692628431e+00
9.9600000000e+02,3.8948025235e-03,1.2787501904e-02,7.2325076382e-01,2.2203869490e-01,2.0956674284e-02,4.7149713016e-04,1.6600065442e-02,2.1689153731e+00
9.9650000000e+02,3.8737999072e-03,1.2685112214e-02,7.2444857323e-01,2.2083876988e-01,2.0998387556e-02,4.7564348172e-04,1.6679713729e-02,2.1676874036e+00
9.9700000000e+02,3.8617609411e-03,1.2728136910e-02,7.2642733199e-01,2.1891038202e-01,2.0946833076e-02,4.7749574487e-04,1.6648059321e-02,2.1651898013e+00
9.9750000000e+02,3.8761585963e-03,1.2678138005e-02,7.2716689426e-01,2.1822131473e-01,2.0913270977e-02,4.8184966877e-04,1.6662373756e-02,2.1642807321e+00
9.9800000000e+02,3.8769949408e-03,1.2664267006e-02,7.2842728941e-01,2.1711449084e-01,2.0874501497e-02,4.8368407236e-04,1.6558772237e-02,2.1615888835e+00
9.9850000000e+02,3.8671601750e-03,1.2671692140e-02,7.2834214827e-01,2.1733937582e-01,2.0795238152e-02,4.8518161807e-04,1.6499203833e-02,2.1607327414e+00
9.9900000000e+02,3.8754812137e-03,1.2609003247e-02,7.2807973068e-01,2.1726503430e-01,2.1095072517e-02,4.8961092453e-04,1.6586067116e-02,2.1638960322e+00
9.9950000000e+02,3.8878887100e-03,1.2612378806e-02,7.2735385500e-01,2.1782906738e-01,2.1203693040e-02,4.9393193398e-04,1.6619185128e-02,2.1673229181e+00

# METADATA: {"config_sha256": "698e7688649c", "provenance": "Hardened_JPCL_Resubmission_v1.3", "git_commit_sha": "4883ee974158"}
