time_fs,population_site_1,population_site_2,population_site_3,population_site_4,population_site_5,population_site_6,population_site_7,coherences
0.0000000000e+00,3.7806362608e-08,3.7525974653e-03,3.5098932029e-01,5.2939634568e-01,5.6285165795e-02,1.0929796027e-03,5.8483553366e-02,2.5858406530e+00
5.0000000000e-01,2.0130423293e-07,3.7142366954e-03,3.5233076518e-01,5.2808268506e-01,5.6033547193e-02,1.0936023012e-03,5.8744962262e-02,2.5863880795e+00
1.0000000000e+00,6.8641543689e-07,3.7255132083e-03,3.5063756956e-01,5.2980854135e-01,5.5809049607e-02,1.0827961326e-03,5.8935843725e-02,2.5861696679e+00
1.5000000000e+00,1.4887295249e-06,3.7322964330e-03,3.5025148252e-01,5.3048207282e-01,5.5461934538e-02,1.0800927648e-03,5.8990632190e-02,2.5858084386e+00
2.0000000000e+00,2.6384905352e-06,3.7623762310e-03,3.5414221291e-01,5.2656402776e-01,5.5413066917e-02,1.0806891615e-03,5.9034988532e-02,2.5902707567e+00
2.5000000000e+00,4.1326198768e-06,3.7857492487e-03,3.5500051910e-01,5.2482812659e-01,5.5772248113e-02,1.0849588187e-03,5.9524265515e-02,2.5976393168e+00
3.0000000000e+00,5.9137038550e-06,3.7466361456e-03,3.5727068338e-01,5.2298218813e-01,5.5574109026e-02,1.0812043538e-03,5.9339265263e-02,2.5969642546e+00
3.5000000000e+00,8.0555996525e-06,3.7525736961e-03,3.5818117860e-01,5.2116544029e-01,5.5889260239e-02,1.0842208582e-03,5.9919270718e-02,2.6039855310e+00
4.0000000000e+00,1.0509875476e-05,3.7625989610e-03,3.6184017898e-01,5.1650175331e-01,5.6677311202e-02,1.0859792449e-03,6.0121668427e-02,2.6133185308e+00
4.5000000000e+00,1.3274913617e-05,3.7415040264e-03,3.6135258013e-01,5.1754693887e-01,5.6396150875e-02,1.0834717901e-03,5.9866079395e-02,2.6110019724e+00
5.0000000000e+00,1.6456439221e-05,3.7355769079e-03,3.5953948894e-01,5.1940219389e-01,5.6371495767e-02,1.0719650759e-03,5.9862822976e-02,2.6104584403e+00
5.5000000000e+00,1.9894449601e-05,3.7611069874e-03,3.6061919947e-01,5.1868943237e-01,5.6151376431e-02,1.0714878769e-03,5.9687502420e-02,2.6108664062e+00
6.0000000000e+00,2.3756212340e-05,3.7871463132e-03,3.6305675511e-01,5.1652083089e-01,5.6027259939e-02,1.0787502430e-03,5.9505501290e-02,2.6129564174e+00
6.5000000000e+00,2.7732818505e-05,3.7465428594e-03,3.6288739363e-01,5.1741451488e-01,5.5724083743e-02,1.0750358335e-03,5.9124696228e-02,2.6093517903e+00
7.0000000000e+00,3.2180207577e-05,3.7531274551e-03,3.6436078546e-01,5.1531269789e-01,5.6133631906e-02,1.0769673622e-03,5.9330609722e-02,2.6150315263e+00
7.5000000000e+00,3.7279574199e-05,3.7810239291e-03,3.6591388583e-01,5.1393865309e-01,5.6042522875e-02,1.0872058354e-03,5.9199428862e-02,2.6173991134e+00
8.0000000000e+00,4.2253889886e-05,3.7713031771e-03,3.7000989262e-01,5.1088539735e-01,5.5882086569e-02,1.0747311323e-03,5.8334335265e-02,2.6143232324e+00
8.5000000000e+00,4.7758715996e-05,3.7804889113e-03,3.6907380876e-01,5.1221067929e-01,5.5728074183e-02,1.0727902229e-03,5.8086399918e-02,2.6133503976e+00
9.0000000000e+00,5.3518700065e-05,3.7880731118e-03,3.6860281583e-01,5.1322627273e-01,5.5418524646e-02,1.0713315387e-03,5.7839463446e-02,2.6114610572e+00
9.5000000000e+00,5.9178984628e-05,3.7962851312e-03,3.6995176805e-01,5.1262715798e-01,5.5236546263e-02,1.0695439336e-03,5.7259519653e-02,2.6092846167e+00
1.0000000000e+01,6.5482073045e-05,3.8145627592e-03,3.7115702725e-01,5.1215563777e-01,5.4670118362e-02,1.0626621302e-03,5.7074509648e-02,2.6076312751e+00
1.0500000000e+01,7.2034739980e-05,3.8336045926e-03,3.7081655169e-01,5.1258473749e-01,5.4786496282e-02,1.0548018040e-03,5.6851773408e-02,2.6085329324e+00
1.1000000000e+01,7.9187984666e-05,3.8456879949e-03,3.7158255311e-01,5.1142650273e-01,5.4893911594e-02,1.0501013084e-03,5.7122055279e-02,2.6119212493e+00
1.1500000000e+01,8.5764640665e-05,3.8202173501e-03,3.7092097554e-01,5.1289563801e-01,5.4347753674e-02,1.0469098205e-03,5.6882740963e-02,2.6074269695e+00
1.2000000000e+01,9.3128314831e-05,3.8033877184e-03,3.6958073997e-01,5.1427894677e-01,5.4426978544e-02,1.0413381525e-03,5.6775480526e-02,2.6072375212e+00
1.2500000000e+01,1.0043956338e-04,3.8096459840e-03,3.7022870655e-01,5.1378660614e-01,5.4308657515e-02,1.0303532593e-03,5.6735590985e-02,2.6072644810e+00
1.3000000000e+01,1.0829737482e-04,3.8156141268e-03,3.7315389595e-01,5.1123357070e-01,5.3910834336e-02,1.0253261332e-03,5.6752461378e-02,2.6076434715e+00
1.3500000000e+01,1.1646537634e-04,3.8019983943e-03,3.7628787328e-01,5.0821458859e-01,5.4017937386e-02,1.0183116610e-03,5.6542825306e-02,2.6086284718e+00
1.4000000000e+01,1.2537492510e-04,3.8306966400e-03,3.7624372412e-01,5.0848474866e-01,5.3885130997e-02,1.0165845332e-03,5.6413740127e-02,2.6095867910e+00
1.4500000000e+01,1.3318783572e-04,3.8058666868e-03,3.7558713070e-01,5.1092401556e-01,5.3217660065e-02,1.0094358076e-03,5.5322703340e-02,2.5994724920e+00
1.5000000000e+01,1.4155491253e-04,3.8027071553e-03,3.7505471410e-01,5.1249557877e-01,5.2533451340e-02,9.9780551741e-04,5.4974188205e-02,2.5940041701e+00
1.5500000000e+01,1.5188038394e-04,3.8462208584e-03,3.7547160251e-01,5.1218899796e-01,5.2451802373e-02,1.0010032467e-03,5.4888492668e-02,2.5955170516e+00
1.6000000000e+01,1.6170869982e-04,3.8973217315e-03,3.7541914088e-01,5.1301350747e-01,5.2457866935e-02,9.9537625282e-04,5.4055078025e-02,2.5937849699e+00
1.6500000000e+01,1.7211578341e-04,3.9288910779e-03,3.7659138578e-01,5.1263475753e-01,5.2256425569e-02,9.9361745792e-04,5.3422806803e-02,2.5922467678e+00
1.7000000000e+01,1.8300242510e-04,3.9697039783e-03,3.7783357670e-01,5.1228024248e-01,5.1850155119e-02,9.8653567811e-04,5.2896783616e-02,2.5894371287e+00
1.7500000000e+01,1.9262569007e-04,3.9717584403e-03,3.8075886464e-01,5.1077640613e-01,5.1036740085e-02,9.7856379724e-04,5.2285041221e-02,2.5835989096e+00
1.8000000000e+01,2.0268540646e-04,4.0105116894e-03,3.8190669472e-01,5.1107361460e-01,5.0475167622e-02,9.7132583695e-04,5.1360000126e-02,2.5770834578e+00
1.8500000000e+01,2.1316731285e-04,4.0501791498e-03,3.8132847176e-01,5.1171868402e-01,5.0790282828e-02,9.6931416910e-04,5.0929900763e-02,2.5782684141e+00
1.9000000000e+01,2.2214184094e-04,4.0611142222e-03,3.8387900034e-01,5.1014502346e-01,5.0411236480e-02,9.6296759669e-04,5.0318516059e-02,2.5741357482e+00
1.9500000000e+01,2.3399575400e-04,4.0716481075e-03,3.8572124978e-01,5.0894373381e-01,5.0162349957e-02,9.5042134827e-04,4.9916601250e-02,2.5707262413e+00
2.0000000000e+01,2.4634175002e-04,4.0999243092e-03,3.8276843154e-01,5.1282117468e-01,4.9695385590e-02,9.4759342168e-04,4.9421148715e-02,2.5658235130e+00
2.0500000000e+01,2.5590287951e-04,4.1454819242e-03,3.8286918084e-01,5.1305890401e-01,4.9625973627e-02,9.3863526255e-04,4.9105921461e-02,2.5653152695e+00
2.1000000000e+01,2.7060882449e-04,4.1786767355e-03,3.8442611368e-01,5.1145887322e-01,4.9456460277e-02,9.4123257656e-04,4.9268034691e-02,2.5683666692e+00
2.1500000000e+01,2.8340573970e-04,4.1939236301e-03,3.8665618982e-01,5.1048155547e-01,4.8760369231e-02,9.3499402294e-04,4.8689562093e-02,2.5632595684e+00
2.2000000000e+01,2.9631195165e-04,4.2388799222e-03,3.8712686177e-01,5.1083107036e-01,4.8221702427e-02,9.1843554474e-04,4.8366738029e-02,2.5594875789e+00
2.2500000000e+01,3.1412363099e-04,4.3206363664e-03,3.8771408873e-01,5.1059281924e-01,4.8122260512e-02,9.1124476967e-04,4.8024826748e-02,2.5607423381e+00
2.3000000000e+01,3.2917094773e-04,4.4092595401e-03,3.9041447521e-01,5.0880814753e-01,4.7597696343e-02,9.0804961400e-04,4.7533200815e-02,2.5592662165e+00
2.3500000000e+01,3.4423836690e-04,4.4695342154e-03,3.9238778581e-01,5.0719373840e-01,4.7440402541e-02,8.9477817775e-04,4.7269522482e-02,2.5595064965e+00
2.4000000000e+01,3.5653433155e-04,4.4800412578e-03,3.9363091377e-01,5.0678573999e-01,4.7298260252e-02,8.8586217916e-04,4.6562648222e-02,2.5553874724e+00
2.4500000000e+01,3.7267660539e-04,4.5246193380e-03,3.9211660895e-01,5.0867642325e-01,4.7366524991e-02,8.7831972661e-04,4.6064827141e-02,2.5542202902e+00
2.5000000000e+01,3.8657837794e-04,4.6031536076e-03,3.9256732277e-01,5.0884059404e-01,4.6864164498e-02,8.7097229630e-04,4.5867214408e-02,2.5530358423e+00
2.5500000000e+01,4.0546561865e-04,4.6921219509e-03,3.9474104727e-01,5.0680709226e-01,4.6841968053e-02,8.6865979129e-04,4.5643645055e-02,2.5562720471e+00
2.6000000000e+01,4.1790311233e-04,4.7725419911e-03,3.9535967832e-01,5.0704325401e-01,4.6452396475e-02,8.5997063674e-04,4.5094255446e-02,2.5533380633e+00
2.6500000000e+01,4.3441029926e-04,4.8045934146e-03,3.9942843994e-01,5.0361660317e-01,4.6114388232e-02,8.5042253037e-04,4.4751142414e-02,2.5524666273e+00
2.7000000000e+01,4.5293426125e-04,4.8316917490e-03,4.0488927150e-01,4.9848102494e-01,4.6082976973e-02,8.4059834808e-04,4.4421502224e-02,2.5535922505e+00
2.7500000000e+01,4.7023269926e-04,4.8799638028e-03,4.0560594977e-01,4.9768446691e-01,4.6314918428e-02,8.3276930208e-04,4.4211699096e-02,2.5548642967e+00
2.8000000000e+01,4.8405091228e-04,4.9406496240e-03,4.0504652770e-01,4.9866441549e-01,4.6239332297e-02,8.2092268572e-04,4.3804101291e-02,2.5532933906e+00
2.8500000000e+01,5.0295649300e-04,5.0300748249e-03,4.0471632126e-01,4.9909936412e-01,4.6488711403e-02,8.1933182233e-04,4.3343240082e-02,2.5546648227e+00
2.9000000000e+01,5.2127057002e-04,5.1004869550e-03,4.0262400667e-01,5.0141131502e-01,4.6673406708e-02,8.0447951164e-04,4.2865034564e-02,2.5540977480e+00
2.9500000000e+01,5.4182931990e-04,5.2178565811e-03,4.0472790772e-01,4.9962655545e-01,4.6579569276e-02,7.8822314583e-04,4.2518058508e-02,2.5552742685e+00
3.0000000000e+01,5.6257399000e-04,5.2895517987e-03,4.0311729887e-01,5.0157048067e-01,4.6627954378e-02,7.7432220832e-04,4.2057818083e-02,2.5538515513e+00
3.0500000000e+01,5.7871613984e-04,5.3220301198e-03,4.0415362799e-01,5.0083671830e-01,4.6503313156e-02,7.5920333953e-04,4.1846390958e-02,2.5522173970e+00
3.1000000000e+01,5.9927751923e-04,5.4278462467e-03,4.0534345410e-01,4.9966383976e-01,4.6571776194e-02,7.5155845205e-04,4.1642247724e-02,2.5541752791e+00
3.1500000000e+01,6.1697397721e-04,5.4961634715e-03,4.0790938292e-01,4.9633252164e-01,4.7177599370e-02,7.4452045360e-04,4.1722838173e-02,2.5597020205e+00
3.2000000000e+01,6.3904839545e-04,5.5626576503e-03,4.0915253562e-01,4.9529780648e-01,4.6973786869e-02,7.3436523914e-04,4.1639799749e-02,2.5606428871e+00
3.2500000000e+01,6.5970749287e-04,5.6574361204e-03,4.1156297815e-01,4.9266452278e-01,4.7093574004e-02,7.2483407115e-04,4.1636947381e-02,2.5653965852e+00
3.3000000000e+01,6.8002353342e-04,5.7399166817e-03,4.1468959578e-01,4.8913820479e-01,4.7336578619e-02,7.1285933093e-04,4.1702821266e-02,2.5714016044e+00
3.3500000000e+01,7.0125147535e-04,5.7955973717e-03,4.1648392847e-01,4.8706324404e-01,4.7673851588e-02,6.9991114331e-04,4.1582215907e-02,2.5746764775e+00
3.4000000000e+01,7.2501987620e-04,5.8750443861e-03,4.2081348108e-01,4.8318308797e-01,4.7504517277e-02,6.8166942648e-04,4.1217179984e-02,2.5736694147e+00
3.4500000000e+01,7.4773447765e-04,5.9637892119e-03,4.1921963004e-01,4.8454604470e-01,4.7930650676e-02,6.6550835158e-04,4.0926642544e-02,2.5761289306e+00
3.5000000000e+01,7.6525351204e-04,5.9796922080e-03,4.1870072770e-01,4.8542145068e-01,4.7771736181e-02,6.4943507188e-04,4.0711704648e-02,2.5732567179e+00
3.5500000000e+01,7.8335487704e-04,6.0015518359e-03,4.1980159290e-01,4.8443697593e-01,4.7898252214e-02,6.2062859307e-04,4.0457643655e-02,2.5724296949e+00
3.6000000000e+01,8.1042084400e-04,6.0272491376e-03,4.2106971139e-01,4.8280169657e-01,4.8294766426e-02,6.0111985153e-04,4.0395035777e-02,2.5751751489e+00
3.6500000000e+01,8.3312227001e-04,6.1071260586e-03,4.2201475199e-01,4.8197595017e-01,4.8283722769e-02,5.8781784888e-04,4.0197508895e-02,2.5760833303e+00
3.7000000000e+01,8.5288050306e-04,6.2286108550e-03,4.2510712471e-01,4.7900683584e-01,4.8190443288e-02,5.7459316044e-04,4.0039511646e-02,2.5775907657e+00
3.7500000000e+01,8.6872940176e-04,6.2760691534e-03,4.2590559833e-01,4.7855687306e-01,4.8146478218e-02,5.5914859886e-04,3.9687103245e-02,2.5755652381e+00
3.8000000000e+01,9.0004950096e-04,6.3254258704e-03,4.2838940987e-01,4.7665861991e-01,4.7879884797e-02,5.4608558375e-04,3.9300524471e-02,2.5736556998e+00
3.8500000000e+01,9.3893360181e-04,6.4952337385e-03,4.3060778103e-01,4.7383785802e-01,4.8275140197e-02,5.3357482748e-04,3.9311478585e-02,2.5806300429e+00
3.9000000000e+01,9.6574188117e-04,6.6088950277e-03,4.3408924519e-01,4.7040308762e-01,4.8262469350e-02,5.2293620155e-04,3.9147624733e-02,2.5827030238e+00
3.9500000000e+01,9.8785193082e-04,6.6442569678e-03,4.3523949849e-01,4.6980106027e-01,4.8205855680e-02,5.0608938550e-04,3.8615387276e-02,2.5786031314e+00
4.0000000000e+01,1.0159234855e-03,6.7415560285e-03,4.3756311234e-01,4.6755122526e-01,4.8391931826e-02,4.9637360960e-04,3.8239877444e-02,2.5786403329e+00
4.0500000000e+01,1.0407565871e-03,6.8006830921e-03,4.3773152283e-01,4.6725320830e-01,4.8592096874e-02,4.8310136053e-04,3.8098630949e-02,2.5794351345e+00
4.1000000000e+01,1.0655097908e-03,6.8754780951e-03,4.4175242927e-01,4.6382751132e-01,4.8283097102e-02,4.6822868552e-04,3.7727745739e-02,2.5770515099e+00
4.1500000000e+01,1.1082748147e-03,6.9672561481e-03,4.4324323151e-01,4.6211177685e-01,4.8404046833e-02,4.6041027790e-04,3.7705003567e-02,2.5808867282e+00
4.2000000000e+01,1.1508887609e-03,7.0010178458e-03,4.4674976362e-01,4.5883369186e-01,4.8360419988e-02,4.4452402996e-04,3.7459693897e-02,2.5797106812e+00
4.2500000000e+01,1.1765383457e-03,7.0833935308e-03,4.4793995685e-01,4.5813876436e-01,4.8366956852e-02,4.2632588329e-04,3.6868064175e-02,2.5761201875e+00
4.3000000000e+01,1.2126594116e-03,7.2437628576e-03,4.4769797398e-01,4.5744569431e-01,4.8984051634e-02,4.1856416227e-04,3.6997293638e-02,2.5830937890e+00
4.3500000000e+01,1.2402476593e-03,7.3575291285e-03,4.4793588165e-01,4.5704646949e-01,4.9159925490e-02,4.0435727238e-04,3.6855589312e-02,2.5849979926e+00
4.4000000000e+01,1.2643375734e-03,7.3597160828e-03,4.5235303548e-01,4.5258673007e-01,4.9189243907e-02,3.9464823091e-04,3.6852288655e-02,2.5845300029e+00
4.4500000000e+01,1.2896410669e-03,7.4381635541e-03,4.5619016117e-01,4.4828959356e-01,4.9394534806e-02,3.8652879364e-04,3.7011377044e-02,2.5885327573e+00
4.5000000000e+01,1.3264857505e-03,7.5567095354e-03,4.5974190183e-01,4.4461459890e-01,4.9288134207e-02,3.7656654584e-04,3.7095603230e-02,2.5908161653e+00
4.5500000000e+01,1.3577966423e-03,7.5773658895e-03,4.6078741033e-01,4.4382294049e-01,4.9115498219e-02,3.7098567222e-04,3.6968002749e-02,2.5890074666e+00
4.6000000000e+01,1.3822907074e-03,7.6424409247e-03,4.6075327291e-01,4.4464431052e-01,4.8527602663e-02,3.5862173667e-04,3.6691460544e-02,2.5847424487e+00
4.6500000000e+01,1.4118798421e-03,7.6698506294e-03,4.6381123835e-01,4.4223946653e-01,4.8136217151e-02,3.4955050521e-04,3.6381796997e-02,2.5805668492e+00
4.7000000000e+01,1.4392792562e-03,7.6895721907e-03,4.6805239571e-01,4.3878164954e-01,4.7577701822e-02,3.3999096524e-04,3.6119410509e-02,2.5740875320e+00
4.7500000000e+01,1.4710793577e-03,7.7342713948e-03,4.6996105924e-01,4.3701894763e-01,4.7429615825e-02,3.3330137572e-04,3.6051725179e-02,2.5728070740e+00
4.8000000000e+01,1.5125790303e-03,7.8346628471e-03,4.7255869728e-01,4.3476255110e-01,4.7150856222e-02,3.2567794433e-04,3.5854975582e-02,2.5714425000e+00
4.8500000000e+01,1.5449918584e-03,7.8327095400e-03,4.7394836939e-01,4.3324868891e-01,4.7246326821e-02,3.2052608476e-04,3.5858387395e-02,2.5704594005e+00
4.9000000000e+01,1.5826247855e-03,7.9769061024e-03,4.7744266918e-01,4.2917854115e-01,4.7532401561e-02,3.1790012530e-04,3.5968957087e-02,2.5757093899e+00
4.9500000000e+01,1.6079159644e-03,8.0758125564e-03,4.8116113928e-01,4.2484147841e-01,4.7680382706e-02,3.2163521798e-04,3.6311635868e-02,2.5798724747e+00
5.0000000000e+01,1.6483526522e-03,8.1173726857e-03,4.8620804989e-01,4.1945863587e-01,4.7630610535e-02,3.2044044368e-04,3.6616537922e-02,2.5828832966e+00
5.0500000000e+01,1.6843522162e-03,8.2959262282e-03,4.8661244591e-01,4.1820899836e-01,4.7907479462e-02,3.2872961830e-04,3.6962068206e-02,2.5906646734e+00
5.1000000000e+01,1.7192705634e-03,8.3754932298e-03,4.9293720145e-01,4.1198241938e-01,4.7712304439e-02,3.2966225159e-04,3.6943648682e-02,2.5914676949e+00
5.1500000000e+01,1.7639073921e-03,8.5219065330e-03,4.9510843323e-01,4.0880848738e-01,4.7972021898e-02,3.3545024877e-04,3.7489793314e-02,2.6005211683e+00
5.2000000000e+01,1.7944822552e-03,8.5759223475e-03,4.9693725597e-01,4.0713282158e-01,4.7703850886e-02,3.4125581654e-04,3.7514411146e-02,2.6006354993e+00
5.2500000000e+01,1.8493366170e-03,8.6206906418e-03,5.0132862720e-01,4.0126742445e-01,4.8810146552e-02,3.4703190905e-04,3.7776742628e-02,2.6090157580e+00
5.3000000000e+01,1.9042793690e-03,8.6843192910e-03,5.0556528454e-01,3.9687306574e-01,4.8654738235e-02,3.5720681082e-04,3.7961106020e-02,2.6111852430e+00
5.3500000000e+01,1.9658645789e-03,8.7998461621e-03,5.0661550652e-01,3.9458609176e-01,4.9199855465e-02,3.6765762209e-04,3.8465177888e-02,2.6224454635e+00
5.4000000000e+01,2.0236946405e-03,8.8539085742e-03,5.1026506467e-01,3.9044979626e-01,4.9441675233e-02,3.7792787944e-04,3.8587932745e-02,2.6281095160e+00
5.4500000000e+01,2.0526848194e-03,8.8634943698e-03,5.1508041616e-01,3.8538972482e-01,4.9589012364e-02,3.8643775623e-04,3.8638229709e-02,2.6287167285e+00
5.5000000000e+01,2.0851858616e-03,8.8467360429e-03,5.2020156118e-01,3.8027476838e-01,4.9601038438e-02,4.0137572417e-04,3.8589334378e-02,2.6268308372e+00
5.5500000000e+01,2.1441420988e-03,8.8853942846e-03,5.2096614709e-01,3.7942110243e-01,4.9405598290e-02,4.1656883524e-04,3.8761046972e-02,2.6308140962e+00
5.6000000000e+01,2.1822838666e-03,8.9319381463e-03,5.2662381869e-01,3.7385987063e-01,4.9452993147e-02,4.3574165132e-04,3.8513353869e-02,2.6307449964e+00
5.6500000000e+01,2.2429294579e-03,9.0264449780e-03,5.3004194781e-01,3.6987821590e-01,4.9508433723e-02,4.6001587792e-04,3.8842012250e-02,2.6365997903e+00
5.7000000000e+01,2.3053594027e-03,9.0809248532e-03,5.3100697110e-01,3.6828405237e-01,4.9516534357e-02,4.7626256921e-04,3.9329895350e-02,2.6437043676e+00
5.7500000000e+01,2.3406385565e-03,9.0535084594e-03,5.3491797073e-01,3.6464238569e-01,4.9477675281e-02,4.8780249293e-04,3.9080018790e-02,2.6408048099e+00
5.8000000000e+01,2.3864414390e-03,9.0498951736e-03,5.3799947360e-01,3.6136650638e-01,4.9611569888e-02,5.0813416479e-04,3.9077979358e-02,2.6419348186e+00
5.8500000000e+01,2.4582614032e-03,9.0874659759e-03,5.3948622036e-01,3.5907432604e-01,5.0038628063e-02,5.3286648580e-04,3.9322231675e-02,2.6495414607e+00
5.9000000000e+01,2.5208999604e-03,9.1209702832e-03,5.4392105432e-01,3.5378658002e-01,5.0339989672e-02,5.5534411390e-04,3.9755161634e-02,2.6560059882e+00
5.9500000000e+01,2.5791917434e-03,9.2206866135e-03,5.4713653911e-01,3.5005408281e-01,5.0406484503e-02,5.7958677727e-04,4.0023428439e-02,2.6628748158e+00
6.0000000000e+01,2.6104098056e-03,9.1250043077e-03,5.5204578175e-01,3.4588611254e-01,5.0055591015e-02,6.0222588696e-04,3.9674874701e-02,2.6571181508e+00
6.0500000000e+01,2.6848726781e-03,9.1828611515e-03,5.5522955824e-01,3.4242332057e-01,5.0057004969e-02,6.2660637083e-04,3.9795776022e-02,2.6600569113e+00
6.1000000000e+01,2.7600016297e-03,9.1856615554e-03,5.5876943402e-01,3.3871192604e-01,5.0236404296e-02,6.5484274008e-04,3.9681729717e-02,2.6622270250e+00
6.1500000000e+01,2.8163338980e-03,9.2877836194e-03,5.6250926126e-01,3.3539111006e-01,4.9787317217e-02,6.8400274156e-04,3.9524191197e-02,2.6615481365e+00
6.2000000000e+01,2.8852883234e-03,9.3104091434e-03,5.6540492825e-01,3.3219271175e-01,4.9768102778e-02,7.1703378804e-04,3.9721525962e-02,2.6647814679e+00
6.2500000000e+01,2.9313217475e-03,9.3486740242e-03,5.6807294810e-01,3.2897826574e-01,5.0125602294e-02,7.5213030030e-04,3.9791057791e-02,2.6691675220e+00
6.3000000000e+01,2.9507949946e-03,9.3029559928e-03,5.7520235434e-01,3.2266613778e-01,4.9931109952e-02,7.6714029661e-04,3.9179506643e-02,2.6591362450e+00
6.3500000000e+01,3.0057721929e-03,9.2868203432e-03,5.7812857849e-01,3.1954531693e-01,4.9891660412e-02,8.0240283574e-04,3.9339448801e-02,2.6616156934e+00
6.4000000000e+01,3.0803124796e-03,9.4129323277e-03,5.8086924960e-01,3.1630218236e-01,4.9824151592e-02,8.4533247629e-04,3.9665839164e-02,2.6675368888e+00
6.4500000000e+01,3.1193811063e-03,9.3879268240e-03,5.8751646263e-01,3.0971429814e-01,4.9757019560e-02,8.7466043275e-04,3.9630251312e-02,2.6625327545e+00
6.5000000000e+01,3.1861869834e-03,9.4297918703e-03,5.9405752974e-01,3.0313474936e-01,4.9731936700e-02,9.1294943059e-04,3.9546855920e-02,2.6595018660e+00
6.5500000000e+01,3.2604287020e-03,9.4315898649e-03,5.9729803238e-01,2.9997232851e-01,4.9435393363e-02,9.5085890488e-04,3.9651368276e-02,2.6588258753e+00
6.6000000000e+01,3.3361883180e-03,9.4415913079e-03,6.0009801443e-01,2.9651289957e-01,4.9658211813e-02,9.8919903779e-04,3.9963895521e-02,2.6629051389e+00
6.6500000000e+01,3.3984357906e-03,9.4227007841e-03,6.0349375945e-01,2.9341699985e-01,4.9355778238e-02,1.0180583448e-03,3.9894267541e-02,2.6608435912e+00
6.7000000000e+01,3.4421860880e-03,9.4313311784e-03,6.0889253339e-01,2.8881332040e-01,4.8703660862e-02,1.0577253918e-03,3.9659242689e-02,2.6535025586e+00
6.7500000000e+01,3.4989159211e-03,9.4873789567e-03,6.1260900116e-01,2.8447038466e-01,4.9087974770e-02,1.1006938159e-03,3.9745650715e-02,2.6564859708e+00
6.8000000000e+01,3.5867711104e-03,9.5260662795e-03,6.1706989851e-01,2.8042097938e-01,4.8581153954e-02,1.1390945004e-03,3.9676036270e-02,2.6534581034e+00
6.8500000000e+01,3.6843358182e-03,9.5560663155e-03,6.2032369641e-01,2.7711407324e-01,4.8502765398e-02,1.1883646247e-03,3.9630698192e-02,2.6545400475e+00
6.9000000000e+01,3.7682276994e-03,9.5903763531e-03,6.2559114716e-01,2.7163879535e-01,4.8593410226e-02,1.2581911223e-03,3.9559852090e-02,2.6542382087e+00
6.9500000000e+01,3.8706000168e-03,9.5451650762e-03,6.3138568597e-01,2.6603928663e-01,4.7960745116e-02,1.3234091663e-03,3.9875108032e-02,2.6489605664e+00
7.0000000000e+01,3.9563815523e-03,9.6358378482e-03,6.3425980739e-01,2.6332268100e-01,4.7656921963e-02,1.3825009297e-03,3.9785869323e-02,2.6472808622e+00
7.0500000000e+01,3.9999451105e-03,9.5575975016e-03,6.3752062721e-01,2.6109522046e-01,4.6986167550e-02,1.4264888003e-03,3.9413953367e-02,2.6388268490e+00
7.1000000000e+01,4.0477906912e-03,9.5766362224e-03,6.4212945084e-01,2.5737802156e-01,4.6306402996e-02,1.4822847380e-03,3.9079412953e-02,2.6315025179e+00
7.1500000000e+01,4.1195876577e-03,9.5863536987e-03,6.4806983623e-01,2.5246655767e-01,4.5415898525e-02,1.5312210773e-03,3.8810545150e-02,2.6216219544e+00
7.2000000000e+01,4.1630468755e-03,9.5953522840e-03,6.5362835460e-01,2.4776981931e-01,4.4752122951e-02,1.6005957266e-03,3.8490708249e-02,2.6113443579e+00
7.2500000000e+01,4.2409752371e-03,9.5622523381e-03,6.5875338743e-01,2.4356339879e-01,4.3946287805e-02,1.6611735454e-03,3.8272524852e-02,2.6021312124e+00
7.3000000000e+01,4.2829547067e-03,9.5101367416e-03,6.6394796686e-01,2.3945693689e-01,4.3154723944e-02,1.7094863816e-03,3.7937794480e-02,2.5897355607e+00
7.3500000000e+01,4.3713813344e-03,9.6218230072e-03,6.6661467703e-01,2.3670598762e-01,4.3247676065e-02,1.7680641234e-03,3.7670390819e-02,2.5885269549e+00
7.4000000000e+01,4.4383102839e-03,9.6933092150e-03,6.7230480805e-01,2.3160995626e-01,4.2569639376e-02,1.8140972982e-03,3.7569879512e-02,2.5784655097e+00
7.4500000000e+01,4.5044737280e-03,9.6823951081e-03,6.7619513149e-01,2.2923801213e-01,4.1807694468e-02,1.8760260835e-03,3.6696266986e-02,2.5665529263e+00
7.5000000000e+01,4.5738024668e-03,9.7201047355e-03,6.8152487219e-01,2.2475051858e-01,4.0969621976e-02,1.9443520582e-03,3.6516727988e-02,2.5576196795e+00
7.5500000000e+01,4.6272478989e-03,9.6813144778e-03,6.8556681127e-01,2.2304037872e-01,3.9795778446e-02,1.9543077771e-03,3.5334161409e-02,2.5379472251e+00
7.6000000000e+01,4.7130633143e-03,9.8070354094e-03,6.8882138740e-01,2.2020831519e-01,3.9567920325e-02,2.0186872389e-03,3.4863591127e-02,2.5327015651e+00
7.6500000000e+01,4.7664122541e-03,9.8015124788e-03,6.9373184548e-01,2.1567145787e-01,3.9179248330e-02,2.0654161919e-03,3.4784107393e-02,2.5217139905e+00
7.7000000000e+01,4.8085365469e-03,9.9748810934e-03,6.9666797397e-01,2.1352979008e-01,3.8539203962e-02,2.1026051195e-03,3.4377009231e-02,2.5153245553e+00
7.7500000000e+01,4.8500111724e-03,1.0029174927e-02,7.0211538316e-01,2.0894920452e-01,3.7758678311e-02,2.1613373896e-03,3.4136210520e-02,2.5026039412e+00
7.8000000000e+01,4.9376832130e-03,1.0089018479e-02,7.0414388471e-01,2.0730322525e-01,3.7229369596e-02,2.2104336936e-03,3.4086385064e-02,2.4991281565e+00
7.8500000000e+01,4.9562707983e-03,1.0032622167e-02,7.0948082205e-01,2.0407456206e-01,3.6327338794e-02,2.2178866029e-03,3.2910497522e-02,2.4759438449e+00
7.9000000000e+01,5.0209420209e-03,1.0058844408e-02,7.1359407748e-01,2.0067160854e-01,3.5529089973e-02,2.2547474592e-03,3.2870690121e-02,2.4665367502e+00
7.9500000000e+01,5.0994056407e-03,1.0116645997e-02,7.1660040951e-01,1.9817164276e-01,3.4906774382e-02,2.3187313885e-03,3.2786390321e-02,2.4608357912e+00
8.0000000000e+01,5.1880068251e-03,1.0253411658e-02,7.2018617909e-01,1.9534664629e-01,3.4327564219e-02,2.3625733442e-03,3.2335618570e-02,2.4516100466e+00
8.0500000000e+01,5.2097506465e-03,1.0303211382e-02,7.2518699113e-01,1.9164810990e-01,3.3352439200e-02,2.4073521586e-03,3.1892145585e-02,2.4331492161e+00
8.1000000000e+01,5.3178997561e-03,1.0462554291e-02,7.2822767913e-01,1.8927357536e-01,3.2655517427e-02,2.4598651031e-03,3.1602908932e-02,2.4274573709e+00
8.1500000000e+01,5.3911261168e-03,1.0468709246e-02,7.3127311017e-01,1.8710741896e-01,3.1984274598e-02,2.5020520019e-03,3.1273308906e-02,2.4175543645e+00
8.2000000000e+01,5.4738496523e-03,1.0553370439e-02,7.3518699941e-01,1.8395179493e-01,3.1303061879e-02,2.5515731121e-03,3.0979350574e-02,2.4056558210e+00
8.2500000000e+01,5.4917186345e-03,1.0471759425e-02,7.4013109895e-01,1.8041116395e-01,3.0497966429e-02,2.5957232192e-03,3.0400569384e-02,2.3856580941e+00
8.3000000000e+01,5.6044918408e-03,1.0620902973e-02,7.4395785154e-01,1.7722565689e-01,2.9882611675e-02,2.6682288083e-03,3.0040256278e-02,2.3741246748e+00
8.3500000000e+01,5.6652267374e-03,1.0766911531e-02,7.4710037976e-01,1.7506470885e-01,2.9051034852e-02,2.6813193507e-03,2.9670418922e-02,2.3633202431e+00
8.4000000000e+01,5.7355777059e-03,1.0826429973e-02,7.5088418385e-01,1.7190423695e-01,2.8382541339e-02,2.7016086803e-03,2.9565421500e-02,2.3517381472e+00
8.4500000000e+01,5.7366240415e-03,1.0959204307e-02,7.5420853318e-01,1.6981341841e-01,2.7618007447e-02,2.7591310985e-03,2.8905081521e-02,2.3392846996e+00
8.5000000000e+01,5.7517450211e-03,1.0996447171e-02,7.5893487843e-01,1.6616608931e-01,2.6999007467e-02,2.7985138477e-03,2.8353318752e-02,2.3203732471e+00
8.5500000000e+01,5.8474130350e-03,1.1103589612e-02,7.6258135684e-01,1.6365938942e-01,2.6311678246e-02,2.8234200051e-03,2.7673152843e-02,2.3084226627e+00
8.6000000000e+01,5.9217960591e-03,1.1166341152e-02,7.6753426959e-01,1.6010046420e-01,2.5307435627e-02,2.8402631695e-03,2.7129430210e-02,2.2895788232e+00
8.6500000000e+01,5.9466832027e-03,1.1213126262e-02,7.7084654355e-01,1.5810825746e-01,2.4655829594e-02,2.8659059404e-03,2.6363653993e-02,2.2722557296e+00
8.7000000000e+01,5.9992273774e-03,1.1323526832e-02,7.7546815101e-01,1.5489823450e-01,2.3768586735e-02,2.8773639057e-03,2.5664909633e-02,2.2534976703e+00
8.7500000000e+01,6.0621166597e-03,1.1483857771e-02,7.7896921626e-01,1.5187373745e-01,2.3352426599e-02,2.9205823303e-03,2.5338062932e-02,2.2426124157e+00
8.8000000000e+01,6.1328547113e-03,1.1527096247e-02,7.8291210070e-01,1.4920566721e-01,2.2644165779e-02,2.9292411089e-03,2.4648874244e-02,2.2237236453e+00
8.8500000000e+01,6.1212316900e-03,1.1524578669e-02,7.8644280547e-01,1.4727376499e-01,2.1756212470e-02,2.9646832802e-03,2.3916723433e-02,2.2040034982e+00
8.9000000000e+01,6.1836019244e-03,1.1656445093e-02,7.8880774449e-01,1.4578216461e-01,2.1207923322e-02,2.9986531016e-03,2.3363467461e-02,2.1918206349e+00
8.9500000000e+01,6.2887678923e-03,1.1752284697e-02,7.9194079832e-01,1.4310471434e-01,2.0852674988e-02,3.0421434519e-03,2.3018616305e-02,2.1808235211e+00
9.0000000000e+01,6.3329613449e-03,1.1774121209e-02,7.9535231504e-01,1.4072443838e-01,2.0072675209e-02,3.0982080564e-03,2.2645280756e-02,2.1641379022e+00
9.0500000000e+01,6.3334114890e-03,1.1794177923e-02,7.9857217703e-01,1.3895929526e-01,1.9191736103e-02,3.1284268050e-03,2.2020775384e-02,2.1452797116e+00
9.1000000000e+01,6.4186704921e-03,1.1906133392e-02,8.0155052623e-01,1.3676982479e-01,1.8662778192e-02,3.1361252593e-03,2.1555941637e-02,2.1312441882e+00
9.1500000000e+01,6.4620120529e-03,1.1947550452e-02,8.0438848157e-01,1.3514808901e-01,1.8071945468e-02,3.1196577687e-03,2.0862263683e-02,2.1121149916e+00
9.2000000000e+01,6.4727055035e-03,1.2081376809e-02,8.0680227567e-01,1.3387035139e-01,1.7463706307e-02,3.1157185704e-03,2.0193865750e-02,2.0964902619e+00
9.2500000000e+01,6.4803020814e-03,1.2293554871e-02,8.0869967663e-01,1.3275078224e-01,1.6991135608e-02,3.1326188441e-03,1.9651929730e-02,2.0854119373e+00
9.3000000000e+01,6.5017671780e-03,1.2242585004e-02,8.1144099507e-01,1.3112968132e-01,1.6348719166e-02,3.1414568058e-03,1.9194795453e-02,2.0664769167e+00
9.3500000000e+01,6.5488407075e-03,1.2369805689e-02,8.1268299635e-01,1.3085382310e-01,1.5727587762e-02,3.1702479131e-03,1.8646698472e-02,2.0548969542e+00
9.4000000000e+01,6.5501610206e-03,1.2426537150e-02,8.1521935397e-01,1.2926291807e-01,1.5271710733e-02,3.1994745577e-03,1.8069844495e-02,2.0387777298e+00
9.4500000000e+01,6.6108604710e-03,1.2578212242e-02,8.1740181750e-01,1.2802356225e-01,1.4751602666e-02,3.2216134905e-03,1.7412331383e-02,2.0245315564e+00
9.5000000000e+01,6.5717261378e-03,1.2406305073e-02,8.2112405648e-01,1.2579706044e-01,1.4098391774e-02,3.2268206776e-03,1.6775639416e-02,1.9982714142e+00
9.5500000000e+01,6.5274601443e-03,1.2454844105e-02,8.2523012386e-01,1.2314464213e-01,1.3350700914e-02,3.2249737022e-03,1.6067255137e-02,1.9715282742e+00
9.6000000000e+01,6.5836075974e-03,1.2612079561e-02,8.2606072372e-01,1.2295056826e-01,1.2974991417e-02,3.2428070690e-03,1.5575222370e-02,1.9624630715e+00
9.6500000000e+01,6.6400123591e-03,1.2680499648e-02,8.2584437883e-01,1.2388536166e-01,1.2603506482e-02,3.2404861671e-03,1.5105754845e-02,1.9565050957e+00
9.7000000000e+01,6.6001256120e-03,1.2770826064e-02,8.2808549852e-01,1.2250250202e-01,1.2124243162e-02,3.2346461571e-03,1.4682158462e-02,1.9392622345e+00
9.7500000000e+01,6.6360482258e-03,1.2833288442e-02,8.2993908927e-01,1.2145911823e-01,1.1571238500e-02,3.2978122460e-03,1.4263405084e-02,1.9239510364e+00
9.8000000000e+01,6.6231768331e-03,1.2901022943e-02,8.3133395771e-01,1.2105383886e-01,1.1064201523e-02,3.3288322485e-03,1.3694969882e-02,1.9086123490e+00
9.8500000000e+01,6.6704072589e-03,1.3088303919e-02,8.3339787915e-01,1.1988207451e-01,1.0521515135e-02,3.3252407461e-03,1.3114579276e-02,1.8920142678e+00
9.9000000000e+01,6.6416052583e-03,1.3246519902e-02,8.3521351245e-01,1.1909182209e-01,1.0016219591e-02,3.3110975693e-03,1.2479223138e-02,1.8746240160e+00
9.9500000000e+01,6.6313575948e-03,1.3310349180e-02,8.3738648748e-01,1.1790789459e-01,9.5465139402e-03,3.3067356340e-03,1.1910661576e-02,1.8562538695e+00
1.0000000000e+02,6.5847648171e-03,1.3496624583e-02,8.3915270089e-01,1.1678984387e-01,9.1792885628e-03,3.3255645434e-03,1.1471212733e-02,1.8418344239e+00
1.0050000000e+02,6.5444347229e-03,1.3717127666e-02,8.4063798785e-01,1.1605886462e-01,8.6954622378e-03,3.3404324912e-03,1.1005690412e-02,1.8267032648e+00
1.0100000000e+02,6.5220911030e-03,1.3751898548e-02,8.4250540846e-01,1.1514313567e-01,8.2151761258e-03,3.3503271405e-03,1.0511962960e-02,1.8077301192e+00
1.0150000000e+02,6.5833774113e-03,1.3900219267e-02,8.4412181292e-01,1.1406647361e-01,7.8606747030e-03,3.3709946099e-03,1.0096447480e-02,1.7934022461e+00
1.0200000000e+02,6.5637064249e-03,1.3871547086e-02,8.4601655257e-01,1.1302093056e-01,7.4856684511e-03,3.3535792313e-03,9.6880156739e-03,1.7758728056e+00
1.0250000000e+02,6.5753298925e-03,1.3981588034e-02,8.4743987334e-01,1.1220495617e-01,7.0817265278e-03,3.3535944298e-03,9.3629316039e-03,1.7622084507e+00
1.0300000000e+02,6.5238145929e-03,1.3989008139e-02,8.4918445381e-01,1.1131106241e-01,6.7798929868e-03,3.3496390602e-03,8.8621289954e-03,1.7438134415e+00
1.0350000000e+02,6.5329799733e-03,1.4061181814e-02,8.5051319923e-01,1.1073311657e-01,6.3676942826e-03,3.3520620194e-03,8.4397661148e-03,1.7277310781e+00
1.0400000000e+02,6.5413632644e-03,1.4177143218e-02,8.5139444435e-01,1.1056161475e-01,6.0137018651e-03,3.3413298215e-03,7.9704027305e-03,1.7160357496e+00
1.0450000000e+02,6.5488606082e-03,1.4183179127e-02,8.5288598250e-01,1.0974810794e-01,5.6229320550e-03,3.3929596304e-03,7.6179781395e-03,1.7004813284e+00
1.0500000000e+02,6.5884772305e-03,1.4533725710e-02,8.5115271062e-01,1.1155654125e-01,5.4115098287e-03,3.4280963718e-03,7.3289389909e-03,1.7007290968e+00
1.0550000000e+02,6.6512707499e-03,1.4695310709e-02,8.5284139294e-01,1.1024669566e-01,5.1674945094e-03,3.4416860664e-03,6.9561493600e-03,1.6867252323e+00
1.0600000000e+02,6.6522175196e-03,1.4855032763e-02,8.5328827046e-01,1.1039879981e-01,4.8591844026e-03,3.4137247126e-03,6.5327703352e-03,1.6727947247e+00
1.0650000000e+02,6.6961157190e-03,1.5087195830e-02,8.5299289567e-01,1.1097079193e-01,4.6112610747e-03,3.4125922672e-03,6.2291475098e-03,1.6659714251e+00
1.0700000000e+02,6.7039486200e-03,1.5138248901e-02,8.5426372180e-01,1.1018839240e-01,4.3548962570e-03,3.4027620016e-03,5.9480300217e-03,1.6524745651e+00
1.0750000000e+02,6.7186626975e-03,1.5204004188e-02,8.5403282608e-01,1.1078259379e-01,4.1616334735e-03,3.4108084221e-03,5.6894713453e-03,1.6438497105e+00
1.0800000000e+02,6.7144250427e-03,1.5231313830e-02,8.5346691812e-01,1.1184355688e-01,3.9356834886e-03,3.3775837448e-03,5.4305188897e-03,1.6351221905e+00
1.0850000000e+02,6.6346533120e-03,1.5117980223e-02,8.5389763524e-01,1.1218510275e-01,3.7318654550e-03,3.3567803861e-03,5.0759826416e-03,1.6183673776e+00
1.0900000000e+02,6.6805990058e-03,1.5301860690e-02,8.5246518142e-01,1.1394683388e-01,3.5231953589e-03,3.3233584461e-03,4.7589711956e-03,1.6115551736e+00
1.0950000000e+02,6.6745778972e-03,1.5431188371e-02,8.5158299093e-01,1.1514598925e-01,3.3665009554e-03,3.3376462157e-03,4.4611063757e-03,1.6050563633e+00
1.1000000000e+02,6.6471086900e-03,1.5319661816e-02,8.5256056430e-01,1.1473348560e-01,3.2394576615e-03,3.3057681555e-03,4.1939537741e-03,1.5906884132e+00
1.1050000000e+02,6.6133126188e-03,1.5235776435e-02,8.5358291558e-01,1.1422535078e-01,3.1025187389e-03,3.3091794722e-03,3.9309463740e-03,1.5769341918e+00
1.1100000000e+02,6.5791504027e-03,1.5413699626e-02,8.5317647529e-01,1.1486764428e-01,2.9764119077e-03,3.3289036344e-03,3.6577148594e-03,1.5687386568e+00
1.1150000000e+02,6.5101963162e-03,1.5457600758e-02,8.5415216879e-01,1.1426952941e-01,2.8652270137e-03,3.3112556824e-03,3.4340220307e-03,1.5555750931e+00
1.1200000000e+02,6.4202207950e-03,1.5434629797e-02,8.5477136310e-01,1.1411571473e-01,2.7363483276e-03,3.3035992177e-03,3.2181240359e-03,1.5406286768e+00
1.1250000000e+02,6.3323469196e-03,1.5555272471e-02,8.5573227087e-01,1.1349497570e-01,2.6171915730e-03,3.2610576681e-03,3.0068848073e-03,1.5273856832e+00
1.1300000000e+02,6.3966407699e-03,1.5611042917e-02,8.5477352036e-01,1.1456271154e-01,2.5344786897e-03,3.2796965158e-03,2.8419092026e-03,1.5228275760e+00
1.1350000000e+02,6.3552829173e-03,1.5604271619e-02,8.5467389620e-01,1.1507260788e-01,2.4212172535e-03,3.2434757865e-03,2.6292483428e-03,1.5107278282e+00
1.1400000000e+02,6.4326028567e-03,1.5859732420e-02,8.5216878382e-01,1.1741644968e-01,2.3691555882e-03,3.2637784657e-03,2.4894971691e-03,1.5135053535e+00
1.1450000000e+02,6.4210585405e-03,1.5896258894e-02,8.5221927461e-01,1.1756424184e-01,2.3078073375e-03,3.2386972555e-03,2.3526615230e-03,1.5041901541e+00
1.1500000000e+02,6.4537759383e-03,1.6121936244e-02,8.5156591308e-01,1.1809824476e-01,2.2613395468e-03,3.2563821522e-03,2.2424082837e-03,1.5024409099e+00
1.1550000000e+02,6.4294522039e-03,1.6299522886e-02,8.5184187154e-01,1.1782809053e-01,2.2383001355e-03,3.2521403188e-03,2.1106223863e-03,1.4955163125e+00
1.1600000000e+02,6.4111096214e-03,1.6310350676e-02,8.5070280243e-01,1.1912243474e-01,2.1976080931e-03,3.2499635830e-03,2.0057308542e-03,1.4913909980e+00
1.1650000000e+02,6.4752247743e-03,1.6411487718e-02,8.4963110170e-01,1.2011572311e-01,2.1800402570e-03,3.2745365410e-03,1.9118859063e-03,1.4895765324e+00
1.1700000000e+02,6.5212365429e-03,1.6519814764e-02,8.4776639099e-01,1.2192979874e-01,2.1643245465e-03,3.2627256003e-03,1.8357088149e-03,1.4907381416e+00
1.1750000000e+02,6.4635172981e-03,1.6507851002e-02,8.4740643068e-01,1.2246128476e-01,2.1611617833e-03,3.2536268091e-03,1.7461276623e-03,1.4861126398e+00
1.1800000000e+02,6.4139999225e-03,1.6603478383e-02,8.4703533006e-01,1.2290314072e-01,2.1614713106e-03,3.2120276412e-03,1.6705519711e-03,1.4805162755e+00
1.1850000000e+02,6.4443155384e-03,1.6849686524e-02,8.4508016820e-01,1.2462589025e-01,2.1823774686e-03,3.1992137973e-03,1.6183482214e-03,1.4828055311e+00
1.1900000000e+02,6.4781331597e-03,1.7129018013e-02,8.4430989355e-01,1.2512355099e-01,2.2174759689e-03,3.1853138769e-03,1.5566144412e-03,1.4834645668e+00
1.1950000000e+02,6.5209387409e-03,1.7287170290e-02,8.4301423658e-01,1.2625162808e-01,2.2535320256e-03,3.1797371702e-03,1.4927571118e-03,1.4855854037e+00
1.2000000000e+02,6.4535091253e-03,1.7272679899e-02,8.4249082800e-01,1.2692126319e-01,2.2812966138e-03,3.1317727331e-03,1.4486504391e-03,1.4822089573e+00
1.2050000000e+02,6.4627670718e-03,1.7306842542e-02,8.4113141089e-01,1.2826441316e-01,2.3083507316e-03,3.1222511186e-03,1.4039644808e-03,1.4850871917e+00
1.2100000000e+02,6.3778988427e-03,1.7313787894e-02,8.4139584295e-01,1.2810850943e-01,2.3343906429e-03,3.0984701239e-03,1.3711001168e-03,1.4879134737e+00
1.2150000000e+02,6.3035629707e-03,1.7216264718e-02,8.4190673358e-01,1.2780335007e-01,2.3706124490e-03,3.0545266176e-03,1.3449495997e-03,1.4919096635e+00
1.2200000000e+02,6.3361878261e-03,1.7285065323e-02,8.4060340024e-01,1.2891689189e-01,2.4451340413e-03,3.0702918033e-03,1.3430288758e-03,1.5062471196e+00
1.2250000000e+02,6.3544465379e-03,1.7377557896e-02,8.3974449906e-01,1.2957292591e-01,2.5265099194e-03,3.0912459336e-03,1.3328147433e-03,1.5185347900e+00
1.2300000000e+02,6.3425783931e-03,1.7344127299e-02,8.3922412755e-01,1.3006981796e-01,2.6172749210e-03,3.0646407056e-03,1.3374331645e-03,1.5286402522e+00
1.2350000000e+02,6.2993756227e-03,1.7594234558e-02,8.3738026573e-01,1.3159991462e-01,2.6993463082e-03,3.0523011548e-03,1.3745620054e-03,1.5450944120e+00
1.2400000000e+02,6.2717355673e-03,1.7625938939e-02,8.3586183228e-01,1.3298406470e-01,2.7917490557e-03,3.0460339188e-03,1.4186455389e-03,1.5601990959e+00
1.2450000000e+02,6.2385300536e-03,1.7495297189e-02,8.3634264498e-01,1.3256374850e-01,2.8818907235e-03,3.0132492223e-03,1.4646393383e-03,1.5683830486e+00
1.2500000000e+02,6.2905087613e-03,1.7452239245e-02,8.3508927787e-01,1.3364066957e-01,3.0256923463e-03,2.9859005964e-03,1.5157116151e-03,1.5833212730e+00
1.2550000000e+02,6.3002436713e-03,1.7436739469e-02,8.3310230715e-01,1.3546547058e-01,3.1610029113e-03,2.9579071726e-03,1.5763290451e-03,1.6000717730e+00
1.2600000000e+02,6.3452892554e-03,1.7425191255e-02,8.3216723350e-01,1.3616186102e-01,3.2997991828e-03,2.9660484749e-03,1.6345773130e-03,1.6132238606e+00
1.2650000000e+02,6.3656024468e-03,1.7456770086e-02,8.3033588496e-01,1.3774917393e-01,3.4239711318e-03,2.9381809864e-03,1.7304164636e-03,1.6288166881e+00
1.2700000000e+02,6.3481869295e-03,1.7389051570e-02,8.3091336543e-01,1.3711062126e-01,3.5265399827e-03,2.9192041383e-03,1.7930306930e-03,1.6348397708e+00
1.2750000000e+02,6.2758167480e-03,1.7111856059e-02,8.3177208372e-01,1.3643425111e-01,3.6542221217e-03,2.8830727750e-03,1.8686974653e-03,1.6379152536e+00
1.2800000000e+02,6.2655743626e-03,1.7187830558e-02,8.3105132575e-01,1.3687866040e-01,3.7748918563e-03,2.8831443410e-03,1.9585727311e-03,1.6493348590e+00
1.2850000000e+02,6.2432815259e-03,1.6963486863e-02,8.3141658635e-01,1.3661368295e-01,3.8944570037e-03,2.8148707836e-03,2.0536345207e-03,1.6527366825e+00
1.2900000000e+02,6.2023521188e-03,1.6921596683e-02,8.3081641722e-01,1.3707486377e-01,4.0464460272e-03,2.7893649084e-03,2.1489592651e-03,1.6617959316e+00
1.2950000000e+02,6.2305461187e-03,1.6897406567e-02,8.2879838318e-01,1.3874619179e-01,4.2621203184e-03,2.7835193620e-03,2.2818326614e-03,1.6778684872e+00
1.3000000000e+02,6.2722753236e-03,1.6896692290e-02,8.2763941217e-01,1.3951919400e-01,4.4630948109e-03,2.8192969740e-03,2.3900344314e-03,1.6921848032e+00
1.3050000000e+02,6.1892208150e-03,1.6852403341e-02,8.2666278703e-01,1.4043093171e-01,4.5812868281e-03,2.7716444647e-03,2.5117258136e-03,1.6994075246e+00
1.3100000000e+02,6.1492262298e-03,1.6706938163e-02,8.2612141144e-01,1.4099099473e-01,4.7166781474e-03,2.7187269725e-03,2.5960243180e-03,1.7041230023e+00
1.3150000000e+02,6.1782563613e-03,1.6777319153e-02,8.2528729728e-01,1.4141629133e-01,4.8830544230e-03,2.7221376206e-03,2.7356438364e-03,1.7168732936e+00
1.3200000000e+02,6.1539099974e-03,1.6756719570e-02,8.2336493264e-01,1.4302363000e-01,5.0963082183e-03,2.7022877650e-03,2.9022118028e-03,1.7300834938e+00
1.3250000000e+02,6.0928798467e-03,1.6650215047e-02,8.2292660102e-01,1.4342905896e-01,5.1805841965e-03,2.6629801454e-03,3.0576807845e-03,1.7370180397e+00
1.3300000000e+02,6.1062076556e-03,1.6476176812e-02,8.2236357219e-01,1.4386904239e-01,5.3121358933e-03,2.6618658676e-03,3.2109991899e-03,1.7460525038e+00
1.3350000000e+02,6.0831409686e-03,1.6439575383e-02,8.2070613483e-01,1.4525871685e-01,5.4769232306e-03,2.6508973932e-03,3.3846113383e-03,1.7585624838e+00
1.3400000000e+02,6.1413404448e-03,1.6453678824e-02,8.1951904252e-01,1.4612595047e-01,5.6405724249e-03,2.6073492293e-03,3.5120660871e-03,1.7701778172e+00
1.3450000000e+02,6.2054925849e-03,1.6390381937e-02,8.1747153965e-01,1.4772756355e-01,5.9077507942e-03,2.6144296602e-03,3.6828418279e-03,1.7865795759e+00
1.3500000000e+02,6.2913199259e-03,1.6366861475e-02,8.1583301125e-01,1.4889014690e-01,6.1253194336e-03,2.6059032876e-03,3.8874377338e-03,1.8017457994e+00
1.3550000000e+02,6.3162251550e-03,1.6408316470e-02,8.1363702473e-01,1.5058159468e-01,6.3363466000e-03,2.6058612533e-03,4.1146311127e-03,1.8178448756e+00
1.3600000000e+02,6.2913460038e-03,1.6387218013e-02,8.1494690019e-01,1.4910188002e-01,6.4730027517e-03,2.5593814694e-03,4.2402715557e-03,1.8194791220e+00
1.3650000000e+02,6.3241031389e-03,1.6457758024e-02,8.1375733334e-01,1.4989990439e-01,6.6061138122e-03,2.5250981371e-03,4.4296891598e-03,1.8296125562e+00
1.3700000000e+02,6.3137819734e-03,1.6332533384e-02,8.1301144139e-01,1.5043388394e-01,6.7904167739e-03,2.5095839101e-03,4.6083586317e-03,1.8377773691e+00
1.3750000000e+02,6.2802145441e-03,1.6147885916e-02,8.1205069387e-01,1.5139001733e-01,6.9113808627e-03,2.4930077737e-03,4.7267996962e-03,1.8434176940e+00
1.3800000000e+02,6.3157536940e-03,1.6268223812e-02,8.1029264316e-01,1.5260676833e-01,7.0905500475e-03,2.4849494420e-03,4.9411115089e-03,1.8567007160e+00
1.3850000000e+02,6.2410626511e-03,1.6296682660e-02,8.0845495895e-01,1.5427784242e-01,7.2055400757e-03,2.4583717952e-03,5.0655414518e-03,1.8652102924e+00
1.3900000000e+02,6.2200592053e-03,1.6368893865e-02,8.0897983632e-01,1.5333400745e-01,7.3774987756e-03,2.4523665212e-03,5.2673378650e-03,1.8716190584e+00
1.3950000000e+02,6.2760102544e-03,1.6479435997e-02,8.0709108515e-01,1.5464400209e-01,7.5751130035e-03,2.4495955260e-03,5.4847579835e-03,1.8864399473e+00
1.4000000000e+02,6.2749499324e-03,1.6477464434e-02,8.0622336345e-01,1.5518526896e-01,7.7629905520e-03,2.4302566304e-03,5.6457060441e-03,1.8960283776e+00
1.4050000000e+02,6.2604761259e-03,1.6602699912e-02,8.0400679052e-01,1.5681434442e-01,8.0102961094e-03,2.4263478869e-03,5.8790450277e-03,1.9109233584e+00
1.4100000000e+02,6.2913113671e-03,1.6603106986e-02,8.0317232315e-01,1.5721498140e-01,8.2402748066e-03,2.4146844594e-03,6.0633178342e-03,1.9207630495e+00
1.4150000000e+02,6.2793545743e-03,1.6517420624e-02,8.0188325146e-01,1.5822037669e-01,8.4766156234e-03,2.3901467184e-03,6.2328343125e-03,1.9292252037e+00
1.4200000000e+02,6.2879640359e-03,1.6425602543e-02,8.0069013854e-01,1.5912069986e-01,8.6641542888e-03,2.3550660406e-03,6.4563746969e-03,1.9368495296e+00
1.4250000000e+02,6.2392061657e-03,1.6309536761e-02,7.9981935439e-01,1.5987818070e-01,8.8550275005e-03,2.3136789672e-03,6.5850155192e-03,1.9423010243e+00
1.4300000000e+02,6.2824643003e-03,1.6317309291e-02,7.9714207220e-01,1.6211732598e-01,9.0863290878e-03,2.2804470053e-03,6.7740521388e-03,1.9557331180e+00
1.4350000000e+02,6.3019646059e-03,1.6346827772e-02,7.9496659126e-01,1.6391616856e-01,9.2572404519e-03,2.2769204777e-03,6.9342868793e-03,1.9662423930e+00
1.4400000000e+02,6.3322655196e-03,1.6335000554e-02,7.9404380413e-01,1.6436962282e-01,9.4820542422e-03,2.2754067455e-03,7.1618459900e-03,1.9754774622e+00
1.4450000000e+02,6.2579274276e-03,1.6127107144e-02,7.9314225178e-01,1.6532999738e-01,9.5911934635e-03,2.2572044190e-03,7.2943183925e-03,1.9780995069e+00
1.4500000000e+02,6.2583963051e-03,1.6117278365e-02,7.9218057206e-01,1.6592591778e-01,9.8155212144e-03,2.2200213266e-03,7.4822929459e-03,1.9850843399e+00
1.4550000000e+02,6.2082431498e-03,1.6090319194e-02,7.9080947646e-01,1.6720553332e-01,9.8940181904e-03,2.1831261629e-03,7.6092835267e-03,1.9895560765e+00
1.4600000000e+02,6.1912906164e-03,1.6042302125e-02,7.8982844545e-01,1.6785743843e-01,1.0102312892e-02,2.1615008305e-03,7.8167096561e-03,1.9970874098e+00
1.4650000000e+02,6.1752069884e-03,1.6140853683e-02,7.8961468506e-01,1.6780860275e-01,1.0236792433e-02,2.1138001335e-03,7.9100589493e-03,2.0010489103e+00
1.4700000000e+02,6.1362919216e-03,1.6147912131e-02,7.8875642678e-01,1.6837211581e-01,1.0478196837e-02,2.1010127380e-03,8.0080437879e-03,2.0066134956e+00
1.4750000000e+02,6.1346185653e-03,1.6050516237e-02,7.8808062617e-01,1.6870428443e-01,1.0748584334e-02,2.0898502433e-03,8.1915200162e-03,2.0134227026e+00
1.4800000000e+02,6.0900308509e-03,1.5959560439e-02,7.8832053997e-01,1.6838163980e-01,1.0906992264e-02,2.0607318152e-03,8.2805048656e-03,2.0139985292e+00
1.4850000000e+02,6.0810541176e-03,1.5872217354e-02,7.8674803558e-01,1.6966965598e-01,1.1105149681e-02,2.0232991899e-03,8.5005880977e-03,2.0214846417e+00
1.4900000000e+02,6.0600563690e-03,1.5955836789e-02,7.8635952715e-01,1.6970427690e-01,1.1243664555e-02,1.9947308410e-03,8.6819074017e-03,2.0271908978e+00
1.4950000000e+02,6.0007180699e-03,1.5914679706e-02,7.8506108833e-01,1.7071521221e-01,1.1403074759e-02,1.9868393003e-03,8.9183876276e-03,2.0324778449e+00
1.5000000000e+02,5.9997909705e-03,1.5734928630e-02,7.8445489665e-01,1.7122526511e-01,1.1586826414e-02,1.9637652835e-03,9.0345269401e-03,2.0356972413e+00
1.5050000000e+02,6.0215363677e-03,1.5819973379e-02,7.8247837103e-01,1.7262475299e-01,1.1842414852e-02,1.9568642837e-03,9.2560870909e-03,2.0475889009e+00
1.5100000000e+02,5.9427661865e-03,1.5593775690e-02,7.8322387348e-01,1.7210198195e-01,1.1871916272e-02,1.9199167911e-03,9.3457696282e-03,2.0430146057e+00
1.5150000000e+02,5.8746933891e-03,1.5366685357e-02,7.8254824076e-01,1.7280891602e-01,1.2056180895e-02,1.8818143473e-03,9.4634692336e-03,2.0435224896e+00
1.5200000000e+02,5.9263768909e-03,1.5485581190e-02,7.8168358267e-01,1.7295986059e-01,1.2331493658e-02,1.8793758295e-03,9.7337291717e-03,2.0544245353e+00
1.5250000000e+02,5.9599014244e-03,1.5616118746e-02,7.7888553256e-01,1.7511719857e-01,1.2561357158e-02,1.8717560341e-03,9.9881355029e-03,2.0683453537e+00
1.5300000000e+02,5.9423622429e-03,1.5601298770e-02,7.7623264976e-01,1.7751512835e-01,1.2649982494e-02,1.8483816499e-03,1.0210196734e-02,2.0769024363e+00
1.5350000000e+02,5.9412621863e-03,1.5675404697e-02,7.7486108810e-01,1.7839092107e-01,1.2870048220e-02,1.8498980415e-03,1.0411377688e-02,2.0865902536e+00
1.5400000000e+02,5.9188042580e-03,1.5417070015e-02,7.7546007620e-01,1.7806274065e-01,1.2857681663e-02,1.8175061110e-03,1.0466121099e-02,2.0824707641e+00
1.5450000000e+02,5.9386580997e-03,1.5366965776e-02,7.7191950402e-01,1.8118852566e-01,1.3103891151e-02,1.8269536537e-03,1.0655501647e-02,2.0962101171e+00
1.5500000000e+02,5.9477271501e-03,1.5272252901e-02,7.7261465837e-01,1.8036795826e-01,1.3207064627e-02,1.7933199144e-03,1.0797018774e-02,2.0963843547e+00
1.5550000000e+02,5.9153780581e-03,1.5218846538e-02,7.7173550065e-01,1.8118519551e-01,1.3275407308e-02,1.7710472165e-03,1.0898624718e-02,2.0990566922e+00
1.5600000000e+02,5.9373139426e-03,1.5221170286e-02,7.7098646720e-01,1.8156305081e-01,1.3461111923e-02,1.7397198795e-03,1.1091165959e-02,2.1046740177e+00
1.5650000000e+02,5.9684765892e-03,1.5315393423e-02,7.6943580041e-01,1.8245851255e-01,1.3737605422e-02,1.7352721958e-03,1.1348939414e-02,2.1153615346e+00
1.5700000000e+02,5.9238584597e-03,1.5036743819e-02,7.6971438572e-01,1.8224012834e-01,1.3818245536e-02,1.6973732187e-03,1.1569264907e-02,2.1140942676e+00
1.5750000000e+02,5.8605220039e-03,1.4936522735e-02,7.7031680329e-01,1.8157129343e-01,1.3989478277e-02,1.6712856076e-03,1.1654094658e-02,2.1136845310e+00
1.5800000000e+02,5.8745256531e-03,1.4936165751e-02,7.6844859517e-01,1.8310925123e-01,1.4231126958e-02,1.6570227394e-03,1.1743312501e-02,2.1207163847e+00
1.5850000000e+02,5.9499908075e-03,1.5026941184e-02,7.6632266814e-01,1.8480832165e-01,1.4326240753e-02,1.6437107423e-03,1.1922126725e-02,2.1301944629e+00
1.5900000000e+02,5.9796496813e-03,1.4901105877e-02,7.6543847155e-01,1.8556437110e-01,1.4522028544e-02,1.6212287114e-03,1.1973144530e-02,2.1326380060e+00
1.5950000000e+02,6.0540814262e-03,1.4950384692e-02,7.6392191487e-01,1.8671891820e-01,1.4722861376e-02,1.5990979434e-03,1.2032741500e-02,2.1396863412e+00
1.6000000000e+02,6.1157019243e-03,1.4953544286e-02,7.6115748668e-01,1.8897244806e-01,1.4961133287e-02,1.5942063072e-03,1.2245479455e-02,2.1508828185e+00
1.6050000000e+02,6.0864215930e-03,1.5024801268e-02,7.5995406795e-01,1.8978317165e-01,1.5177579656e-02,1.5904707428e-03,1.2383487138e-02,2.1574289855e+00
1.6100000000e+02,6.0339861827e-03,1.4971991788e-02,7.5922662824e-01,1.9045131596e-01,1.5264902713e-02,1.5577901474e-03,1.2493384965e-02,2.1584998179e+00
1.6150000000e+02,6.0261045804e-03,1.4918556743e-02,7.5868406992e-01,1.9069551780e-01,1.5554513459e-02,1.5316531667e-03,1.2589584332e-02,2.1622888729e+00
1.6200000000e+02,6.0038099317e-03,1.4866531819e-02,7.5898807664e-01,1.9029275375e-01,1.5712269605e-02,1.5014896491e-03,1.2635068602e-02,2.1618602477e+00
1.6250000000e+02,6.0179128943e-03,1.4808095735e-02,7.5809073056e-01,1.9073455896e-01,1.6001664833e-02,1.5018675156e-03,1.2845169499e-02,2.1696222857e+00
1.6300000000e+02,6.0068583362e-03,1.4795778570e-02,7.5661394221e-01,1.9189995359e-01,1.6193421530e-02,1.4931296847e-03,1.2996916078e-02,2.1756397192e+00
1.6350000000e+02,6.0248715252e-03,1.4791890993e-02,7.5571636550e-01,1.9247730389e-01,1.6292203535e-02,1.4779469087e-03,1.3219417643e-02,2.1810666517e+00
1.6400000000e+02,6.0639297599e-03,1.4818950224e-02,7.5331888963e-01,1.9442172590e-01,1.6510891049e-02,1.4759014955e-03,1.3389711939e-02,2.1922514447e+00
1.6450000000e+02,6.0385525302e-03,1.4632629357e-02,7.5300372251e-01,1.9473213059e-01,1.6639214729e-02,1.4507534042e-03,1.3502996872e-02,2.1925419446e+00
1.6500000000e+02,6.0215467855e-03,1.4575658034e-02,7.5193163728e-01,1.9586164741e-01,1.6624522948e-02,1.4098663981e-03,1.3575121144e-02,2.1932099725e+00
1.6550000000e+02,5.9607315886e-03,1.4635616491e-02,7.5129027979e-01,1.9617024816e-01,1.6929502141e-02,1.3948895081e-03,1.3618732325e-02,2.1973712562e+00
1.6600000000e+02,5.9035398032e-03,1.4624721266e-02,7.5099946154e-01,1.9655352134e-01,1.6927383581e-02,1.3761153817e-03,1.3615257090e-02,2.1962833092e+00
1.6650000000e+02,5.9223940149e-03,1.4579394021e-02,7.4874173650e-01,1.9861166812e-01,1.7012804654e-02,1.3721578581e-03,1.3759844839e-02,2.2032260034e+00
1.6700000000e+02,5.9337558735e-03,1.4626678354e-02,7.4907328122e-01,1.9799872354e-01,1.7141750681e-02,1.3567630220e-03,1.3869047308e-02,2.2049870216e+00
1.6750000000e+02,5.9935546222e-03,1.4592197282e-02,7.4769646334e-01,1.9915939676e-01,1.7295492493e-02,1.3345375035e-03,1.3928358002e-02,2.2096617272e+00
1.6800000000e+02,5.9511991313e-03,1.4567238465e-02,7.4784638703e-01,1.9897031342e-01,1.7444742453e-02,1.3290735612e-03,1.3891045936e-02,2.2090490238e+00
1.6850000000e+02,5.9209542510e-03,1.4469163199e-02,7.4721677493e-01,1.9984127142e-01,1.7306950672e-02,1.3168164902e-03,1.3928069031e-02,2.2076493834e+00
1.6900000000e+02,5.9626734386e-03,1.4375723137e-02,7.4635542016e-01,2.0050342717e-01,1.7440097291e-02,1.3151690065e-03,1.4047489797e-02,2.2114782837e+00
1.6950000000e+02,5.9561751776e-03,1.4486662449e-02,7.4476777482e-01,2.0177948805e-01,1.7513853001e-02,1.2982861318e-03,1.4197760376e-02,2.2172587149e+00
1.7000000000e+02,5.9353583632e-03,1.4461205020e-02,7.4371495075e-01,2.0279347918e-01,1.7521008979e-02,1.2811633560e-03,1.4292834351e-02,2.2191662561e+00
1.7050000000e+02,5.9256027095e-03,1.4320274901e-02,7.4253177130e-01,2.0388346290e-01,1.7515806894e-02,1.2670800412e-03,1.4556001256e-02,2.2213974371e+00
1.7100000000e+02,5.9105138734e-03,1.4173322558e-02,7.4216156538e-01,2.0434196968e-01,1.7545227198e-02,1.2472358983e-03,1.4620165412e-02,2.2205808996e+00
1.7150000000e+02,5.9012354754e-03,1.4032323943e-02,7.4226082963e-01,2.0438843743e-01,1.7587922499e-02,1.2274063600e-03,1.4601844666e-02,2.2183313836e+00
1.7200000000e+02,5.9137085150e-03,1.4070519571e-02,7.4230309999e-01,2.0429003214e-01,1.7564887378e-02,1.2313628525e-03,1.4626389554e-02,2.2191619817e+00
1.7250000000e+02,5.8985828494e-03,1.3983192188e-02,7.4085285946e-01,2.0539311280e-01,1.7858464789e-02,1.2280249296e-03,1.4785762988e-02,2.2254156192e+00
1.7300000000e+02,5.9017287672e-03,1.3875514840e-02,7.3988811533e-01,2.0628691171e-01,1.7927510937e-02,1.2171817277e-03,1.4903036696e-02,2.2272776390e+00
1.7350000000e+02,5.8349965138e-03,1.3799749910e-02,7.4116386267e-01,2.0520045516e-01,1.7948945772e-02,1.1988683965e-03,1.4853121574e-02,2.2212153623e+00
1.7400000000e+02,5.8662458834e-03,1.3840275389e-02,7.3777444446e-01,2.0801585440e-01,1.8242596467e-02,1.1858215436e-03,1.5074761849e-02,2.2330880303e+00
1.7450000000e+02,5.8425849213e-03,1.3828156311e-02,7.3709297654e-01,2.0854438009e-01,1.8412540498e-02,1.1700322702e-03,1.5109329370e-02,2.2349820973e+00
1.7500000000e+02,5.8194390800e-03,1.3883231596e-02,7.3748404840e-01,2.0803196980e-01,1.8452813049e-02,1.1471099655e-03,1.5181388107e-02,2.2340821937e+00
1.7550000000e+02,5.8729666747e-03,1.3921517915e-02,7.3469497401e-01,2.1047690376e-01,1.8609606598e-02,1.1344664115e-03,1.5289564641e-02,2.2428810804e+00
1.7600000000e+02,5.8597773957e-03,1.3783435804e-02,7.3363944525e-01,2.1158797555e-01,1.8628971028e-02,1.1222347322e-03,1.5378160232e-02,2.2430301778e+00
1.7650000000e+02,5.8514477720e-03,1.3778111901e-02,7.3157613911e-01,2.1338123065e-01,1.8761293219e-02,1.1106446554e-03,1.5541132691e-02,2.2486446975e+00
1.7700000000e+02,5.8629910626e-03,1.3672183039e-02,7.2992614425e-01,2.1494030063e-01,1.8900963357e-02,1.1037396521e-03,1.5593678011e-02,2.2520676087e+00
1.7750000000e+02,5.8483466155e-03,1.3653504200e-02,7.2639309501e-01,2.1786301868e-01,1.9205671351e-02,1.0952677001e-03,1.5941096438e-02,2.2640264203e+00
1.7800000000e+02,5.8246789804e-03,1.3666348258e-02,7.2648288209e-01,2.1760847974e-01,1.9289594528e-02,1.0813262463e-03,1.6046690159e-02,2.2651074122e+00
1.7850000000e+02,5.8397449484e-03,1.3645635200e-02,7.2624251731e-01,2.1758802240e-01,1.9403314690e-02,1.0740051469e-03,1.6206760299e-02,2.2678432104e+00
1.7900000000e+02,5.8384275250e-03,1.3519841953e-02,7.2356795188e-01,2.2041065444e-01,1.9359223541e-02,1.0632127402e-03,1.6240687920e-02,2.2704853428e+00
1.7950000000e+02,5.7693229909e-03,1.3494646145e-02,7.2344857565e-01,2.2071070935e-01,1.9360660176e-02,1.0517219331e-03,1.6164363761e-02,2.2674719704e+00
1.8000000000e+02,5.7610833253e-03,1.3418308495e-02,7.2185470379e-01,2.2234836152e-01,1.9433159603e-02,1.0446793581e-03,1.6139703911e-02,2.2690692037e+00
1.8050000000e+02,5.7617965622e-03,1.3420651852e-02,7.1901903755e-01,2.2488466636e-01,1.9575495406e-02,1.0305787844e-03,1.6307773481e-02,2.2754358825e+00
1.8100000000e+02,5.7308503317e-03,1.3375583823e-02,7.1741137830e-01,2.2621244652e-01,1.9834480441e-02,1.0183940511e-03,1.6416866533e-02,2.2795051721e+00
1.8150000000e+02,5.6665764164e-03,1.3327674613e-02,7.1770136953e-01,2.2579048404e-01,1.9962056058e-02,1.0044133583e-03,1.6547425980e-02,2.2793230832e+00
1.8200000000e+02,5.6086832104e-03,1.3289362161e-02,7.1552322029e-01,2.2753919527e-01,2.0263895892e-02,1.0045022044e-03,1.6771140975e-02,2.2860780051e+00
1.8250000000e+02,5.5455456852e-03,1.3349986726e-02,7.1699592077e-01,2.2590794032e-01,2.0352441356e-02,9.9001535350e-04,1.6858149789e-02,2.2836525611e+00
1.8300000000e+02,5.5454907907e-03,1.3397452094e-02,7.1542473516e-01,2.2691226677e-01,2.0564618515e-02,9.9728207059e-04,1.7158154603e-02,2.2913327685e+00
1.8350000000e+02,5.5057995808e-03,1.3343148973e-02,7.1409319286e-01,2.2819249895e-01,2.0659441937e-02,9.9993660310e-04,1.7205981093e-02,2.2940973497e+00
1.8400000000e+02,5.4769357001e-03,1.3313716410e-02,7.1360209313e-01,2.2883517121e-01,2.0617777202e-02,9.8534821275e-04,1.7168958132e-02,2.2924559487e+00
1.8450000000e+02,5.4596108678e-03,1.3382602337e-02,7.0999449845e-01,2.3217013368e-01,2.0704568231e-02,9.7491568787e-04,1.7313670754e-02,2.3005333257e+00
1.8500000000e+02,5.4480788086e-03,1.3295070444e-02,7.1035445589e-01,2.3159903396e-01,2.0892715048e-02,9.6443700316e-04,1.7446208846e-02,2.3012072672e+00
1.8550000000e+02,5.4673378263e-03,1.3292559030e-02,7.1034372901e-01,2.3118669646e-01,2.1139962029e-02,9.6036847288e-04,1.7609347178e-02,2.3055951054e+00
1.8600000000e+02,5.4590243305e-03,1.3273066092e-02,7.1034201911e-01,2.3116134953e-01,2.1140232141e-02,9.6657887497e-04,1.7657729918e-02,2.3062275932e+00
1.8650000000e+02,5.4638008809e-03,1.3315629054e-02,7.0829988093e-01,2.3280542391e-01,2.1332957999e-02,9.6963879001e-04,1.7812668437e-02,2.3134901794e+00
1.8700000000e+02,5.5482387787e-03,1.3332673327e-02,7.0679002663e-01,2.3396404866e-01,2.1493454105e-02,9.7680230081e-04,1.7894756193e-02,2.3202967942e+00
1.8750000000e+02,5.5707113256e-03,1.3440177100e-02,7.0633829999e-01,2.3389309230e-01,2.1748330218e-02,9.8460108194e-04,1.8024787993e-02,2.3267092344e+00
1.8800000000e+02,5.6030721642e-03,1.3476778286e-02,7.0385679693e-01,2.3620629476e-01,2.1801268999e-02,9.9147982884e-04,1.8064309027e-02,2.3331986502e+00
1.8850000000e+02,5.5590026824e-03,1.3451530831e-02,7.0479728389e-01,2.3530537491e-01,2.1745407979e-02,9.9013256902e-04,1.8151267140e-02,2.3303848688e+00
1.8900000000e+02,5.5255220788e-03,1.3468758114e-02,7.0397029069e-01,2.3621227378e-01,2.1694037276e-02,9.9229685901e-04,1.8136821209e-02,2.3307021449e+00
1.8950000000e+02,5.5114866131e-03,1.3500230082e-02,7.0335260642e-01,2.3661574544e-01,2.1945109842e-02,9.9773809667e-04,1.8077083503e-02,2.3333245400e+00
1.9000000000e+02,5.5234794481e-03,1.3567530910e-02,7.0009097673e-01,2.3948937810e-01,2.2068992209e-02,9.9809391951e-04,1.8261548682e-02,2.3422587860e+00
1.9050000000e+02,5.4884267649e-03,1.3457897346e-02,7.0007447523e-01,2.3960264623e-01,2.2197414189e-02,9.9684117567e-04,1.8182299060e-02,2.3400351219e+00
1.9100000000e+02,5.5157426681e-03,1.3495200729e-02,6.9944503711e-01,2.3974428406e-01,2.2389121315e-02,9.9450708213e-04,1.8416107030e-02,2.3449287058e+00
1.9150000000e+02,5.5047024210e-03,1.3526329911e-02,6.9731489558e-01,2.4159320884e-01,2.2591850422e-02,9.9211775239e-04,1.8476895066e-02,2.3500196318e+00
1.9200000000e+02,5.5156234262e-03,1.3585787535e-02,6.9583801843e-01,2.4285719585e-01,2.2709680046e-02,1.0017965972e-03,1.8491898116e-02,2.3550636651e+00
1.9250000000e+02,5.4593849308e-03,1.3610073597e-02,6.9440125042e-01,2.4419529857e-01,2.2735837063e-02,1.0000813266e-03,1.8598074091e-02,2.3580216905e+00
1.9300000000e+02,5.4361214367e-03,1.3695578358e-02,6.9364580206e-01,2.4488783319e-01,2.2649634149e-02,9.9553028168e-04,1.8689500529e-02,2.3598686188e+00
1.9350000000e+02,5.4223648824e-03,1.3818757314e-02,6.9297795663e-01,2.4525128425e-01,2.2766232009e-02,9.9743394558e-04,1.8765970965e-02,2.3644345118e+00
1.9400000000e+02,5.3520346633e-03,1.3925816601e-02,6.9327213164e-01,2.4483992689e-01,2.2706337504e-02,9.9475957616e-04,1.8908993119e-02,2.3641434708e+00
1.9450000000e+02,5.2805403803e-03,1.3916406633e-02,6.9344095216e-01,2.4462825448e-01,2.2788577462e-02,9.8255126660e-04,1.8962717612e-02,2.3626173804e+00
1.9500000000e+02,5.2652424095e-03,1.3903026534e-02,6.9054909558e-01,2.4747095221e-01,2.2765425955e-02,9.8435154564e-04,1.9061905770e-02,2.3675530169e+00
1.9550000000e+02,5.2560998927e-03,1.3708577487e-02,6.8991813487e-01,2.4810341224e-01,2.2892811726e-02,9.8896096906e-04,1.9132002818e-02,2.3686169732e+00
1.9600000000e+02,5.2467147264e-03,1.3786990270e-02,6.9171522666e-01,2.4612815023e-01,2.2863029029e-02,9.8905108502e-04,1.9270837995e-02,2.3678244225e+00
1.9650000000e+02,5.2464390112e-03,1.3717520438e-02,6.9054677249e-01,2.4755738657e-01,2.2818735571e-02,9.7833745083e-04,1.9134808468e-02,2.3651055711e+00
1.9700000000e+02,5.2456110241e-03,1.3788022999e-02,6.8917029330e-01,2.4885313642e-01,2.2895029382e-02,9.7273917772e-04,1.9075167698e-02,2.3677174504e+00
1.9750000000e+02,5.2681564058e-03,1.3903209101e-02,6.8832226628e-01,2.4907503434e-01,2.3058848942e-02,9.7409509488e-04,1.9398389839e-02,2.3764146883e+00
1.9800000000e+02,5.2757230955e-03,1.3997310715e-02,6.8856735788e-01,2.4853751611e-01,2.3138075791e-02,9.7688176364e-04,1.9507134644e-02,2.3787549745e+00
1.9850000000e+02,5.2446870258e-03,1.4183126979e-02,6.8589915667e-01,2.5062610340e-01,2.3429474976e-02,9.8314342756e-04,1.9634307522e-02,2.3872285093e+00
1.9900000000e+02,5.2827637012e-03,1.4351744394e-02,6.8356216741e-01,2.5229556358e-01,2.3627243163e-02,9.8382865551e-04,1.9896689097e-02,2.3969620300e+00
1.9950000000e+02,5.2800704239e-03,1.4329486194e-02,6.8074228690e-01,2.5492522240e-01,2.3647988739e-02,9.8307919804e-04,2.0091866145e-02,2.4023414210e+00
2.0000000000e+02,5.2991316683e-03,1.4246219088e-02,6.8054873037e-01,2.5489323469e-01,2.3766321352e-02,9.9276304502e-04,2.0253599786e-02,2.4043106663e+00
2.0050000000e+02,5.2248468384e-03,1.4034308119e-02,6.8381520132e-01,2.5226589225e-01,2.3697475068e-02,9.8593681029e-04,1.9976339594e-02,2.3923658054e+00
2.0100000000e+02,5.2511677201e-03,1.4188710690e-02,6.8257811414e-01,2.5307054245e-01,2.3814250661e-02,9.9763769386e-04,2.0099576646e-02,2.3991856578e+00
2.0150000000e+02,5.2430739340e-03,1.4212039401e-02,6.7873961840e-01,2.5662479790e-01,2.4016080739e-02,9.9758762590e-04,2.0166802003e-02,2.4071738192e+00
2.0200000000e+02,5.2228024155e-03,1.4086016453e-02,6.7755906254e-01,2.5809319347e-01,2.3964924136e-02,9.9097999178e-04,2.0083020991e-02,2.4048445844e+00
2.0250000000e+02,5.1834312146e-03,1.3961825141e-02,6.7683168419e-01,2.5875145871e-01,2.4209038683e-02,9.8883465788e-04,2.0073727407e-02,2.4058566343e+00
2.0300000000e+02,5.1824034384e-03,1.3999205219e-02,6.7609687368e-01,2.5917933497e-01,2.4433987735e-02,9.9289293939e-04,2.0115302019e-02,2.4100361073e+00
2.0350000000e+02,5.1774565179e-03,1.4048629252e-02,6.7581909473e-01,2.5933973665e-01,2.4446404326e-02,9.8722059033e-04,2.0181457940e-02,2.4115228401e+00
2.0400000000e+02,5.0618698446e-03,1.3973760226e-02,6.7726856394e-01,2.5845639266e-01,2.4220926644e-02,9.7718181583e-04,2.0041304863e-02,2.4017931050e+00
2.0450000000e+02,4.9924836677e-03,1.3962629120e-02,6.7726198234e-01,2.5844207670e-01,2.4301131228e-02,9.7320781347e-04,2.0066489131e-02,2.4002019255e+00
2.0500000000e+02,4.9779359327e-03,1.3937881122e-02,6.7562118185e-01,2.5998880221e-01,2.4296455440e-02,9.6746019451e-04,2.0210283256e-02,2.4026483293e+00
2.0550000000e+02,4.9755727910e-03,1.3917997656e-02,6.7710180732e-01,2.5861708809e-01,2.4228506641e-02,9.6332006408e-04,2.0195707441e-02,2.3992304306e+00
2.0600000000e+02,4.9830535128e-03,1.4090560982e-02,6.7442457506e-01,2.6095337660e-01,2.4297548344e-02,9.6534019457e-04,2.0285545301e-02,2.4073192790e+00
2.0650000000e+02,4.9338116784e-03,1.4065187566e-02,6.7431291909e-01,2.6138940262e-01,2.4027404157e-02,9.5775971487e-04,2.0313515178e-02,2.4035083716e+00
2.0700000000e+02,4.9538402751e-03,1.4088501964e-02,6.7318275667e-01,2.6222342920e-01,2.4181859070e-02,9.5422312890e-04,2.0415389689e-02,2.4078882611e+00
2.0750000000e+02,4.9690797124e-03,1.4203932111e-02,6.7020053361e-01,2.6465187962e-01,2.4435657764e-02,9.6639066185e-04,2.0572526518e-02,2.4179178803e+00
2.0800000000e+02,5.0028222037e-03,1.4114659570e-02,6.6739682217e-01,2.6717359270e-01,2.4619700458e-02,9.7232440467e-04,2.0720078486e-02,2.4245828784e+00
2.0850000000e+02,4.9841373616e-03,1.4285778186e-02,6.6628516774e-01,2.6790322394e-01,2.4651730594e-02,9.6568863315e-04,2.0924273549e-02,2.4298842697e+00
2.0900000000e+02,4.9420488158e-03,1.4310178456e-02,6.6490869922e-01,2.6918748636e-01,2.4703707588e-02,9.6375852588e-04,2.0984121040e-02,2.4317174926e+00
2.0950000000e+02,4.9303786028e-03,1.4175512239e-02,6.6541644343e-01,2.6931075312e-01,2.4311408568e-02,9.6196870559e-04,2.0893535336e-02,2.4248281144e+00
2.1000000000e+02,4.9647063205e-03,1.4151743258e-02,6.6409171839e-01,2.7014743614e-01,2.4567186649e-02,9.6528440935e-04,2.1111924830e-02,2.4311839640e+00
2.1050000000e+02,4.9361153996e-03,1.3989945253e-02,6.6457774847e-01,2.7016726321e-01,2.4488088578e-02,9.5470198723e-04,2.0886137105e-02,2.4240395231e+00
2.1100000000e+02,4.9072149723e-03,1.3934568750e-02,6.6521497136e-01,2.6967580737e-01,2.4544454272e-02,9.5275423716e-04,2.0770229038e-02,2.4208780320e+00
2.1150000000e+02,4.9500665383e-03,1.3955923670e-02,6.6125891271e-01,2.7344410630e-01,2.4540138178e-02,9.5620757693e-04,2.0894645029e-02,2.4286806428e+00
2.1200000000e+02,4.8983247750e-03,1.3926688611e-02,6.6025804256e-01,2.7430155034e-01,2.4758654692e-02,9.5930212238e-04,2.0897436907e-02,2.4293441288e+00
2.1250000000e+02,4.8845419909e-03,1.4004219278e-02,6.5861735805e-01,2.7569017916e-01,2.4875643552e-02,9.5317289784e-04,2.0974885070e-02,2.4335598620e+00
2.1300000000e+02,4.8471600511e-03,1.3854437849e-02,6.5720295036e-01,2.7775367376e-01,2.4714627595e-02,9.4694209685e-04,2.0680208287e-02,2.4284919367e+00
2.1350000000e+02,4.8269924674e-03,1.3809539293e-02,6.5764232368e-01,2.7758325900e-01,2.4708844044e-02,9.3879938065e-04,2.0490242139e-02,2.4247180236e+00
2.1400000000e+02,4.7751326116e-03,1.3719950492e-02,6.5726563947e-01,2.7804250103e-01,2.4717142999e-02,9.2685925436e-04,2.0552774143e-02,2.4223268763e+00
2.1450000000e+02,4.7387635547e-03,1.3703017407e-02,6.5575159087e-01,2.7944813280e-01,2.4863085467e-02,9.2556444068e-04,2.0569845459e-02,2.4244562946e+00
2.1500000000e+02,4.7371535212e-03,1.3704460713e-02,6.5524626869e-01,2.7986521154e-01,2.4826124424e-02,9.1770594465e-04,2.0703075161e-02,2.4250305753e+00
2.1550000000e+02,4.7270172470e-03,1.3764985411e-02,6.5504803887e-01,2.7986078199e-01,2.4915945825e-02,9.1883702201e-04,2.0764393630e-02,2.4279348886e+00
2.1600000000e+02,4.7411008509e-03,1.3737044827e-02,6.5381439767e-01,2.8092935045e-01,2.4862915250e-02,9.0888844038e-04,2.1006302510e-02,2.4305387178e+00
2.1650000000e+02,4.7226205461e-03,1.3670859188e-02,6.5366700948e-01,2.8133248274e-01,2.4776476346e-02,8.9220073105e-04,2.0938350970e-02,2.4267993251e+00
2.1700000000e+02,4.7060262761e-03,1.3761911976e-02,6.5519485741e-01,2.7988258941e-01,2.4569498859e-02,8.7808786801e-04,2.1007028198e-02,2.4230846920e+00
2.1750000000e+02,4.7116872306e-03,1.3821352773e-02,6.5444760083e-01,2.8040397851e-01,2.4733557447e-02,8.7263088339e-04,2.1009192331e-02,2.4258041758e+00
2.1800000000e+02,4.7182514083e-03,1.3796246969e-02,6.5506443633e-01,2.7958503949e-01,2.4781499340e-02,8.6741875322e-04,2.1187107711e-02,2.4258825298e+00
2.1850000000e+02,4.7305427728e-03,1.3803172196e-02,6.5407476621e-01,2.8016806486e-01,2.4923943445e-02,8.6268549576e-04,2.1436825024e-02,2.4306489217e+00
2.1900000000e+02,4.7104620462e-03,1.3653664590e-02,6.5340419192e-01,2.8114472280e-01,2.5003402003e-02,8.5224584263e-04,2.1231310797e-02,2.4273391442e+00
2.1950000000e+02,4.7164569557e-03,1.3555785843e-02,6.5128583978e-01,2.8271517954e-01,2.5349384697e-02,8.4806299617e-04,2.1529290194e-02,2.4336967849e+00
2.2000000000e+02,4.6761272746e-03,1.3541870776e-02,6.4988040638e-01,2.8403143635e-01,2.5296280855e-02,8.4830834325e-04,2.1725570026e-02,2.4361445675e+00
2.2050000000e+02,4.6218058040e-03,1.3462711620e-02,6.4764653352e-01,2.8632878933e-01,2.5203775704e-02,8.3501601934e-04,2.1901367998e-02,2.4358297412e+00
2.2100000000e+02,4.6128444108e-03,1.3411354272e-02,6.4785958343e-01,2.8579978131e-01,2.5407102380e-02,8.2408029952e-04,2.2085253893e-02,2.4375731892e+00
2.2150000000e+02,4.5763190772e-03,1.3302668903e-02,6.4735126481e-01,2.8660331604e-01,2.5065977070e-02,8.1400757982e-04,2.2286446523e-02,2.4341781989e+00
2.2200000000e+02,4.6052982668e-03,1.3388624337e-02,6.4666031228e-01,2.8687660861e-01,2.5108989663e-02,8.1246047769e-04,2.2547706361e-02,2.4394480417e+00
2.2250000000e+02,4.6263647208e-03,1.3436892900e-02,6.4513347234e-01,2.8809144156e-01,2.5254868253e-02,8.0126537457e-04,2.2655694856e-02,2.4441499956e+00
2.2300000000e+02,4.6066020813e-03,1.3544531353e-02,6.4412609013e-01,2.8856220861e-01,2.5556887142e-02,7.8993332949e-04,2.2813747354e-02,2.4494998716e+00
2.2350000000e+02,4.6149896246e-03,1.3644718086e-02,6.3983106491e-01,2.9168887570e-01,2.6014204203e-02,7.9098945880e-04,2.3415158024e-02,2.4633779143e+00
2.2400000000e+02,4.6567407725e-03,1.3586321546e-02,6.3828683142e-01,2.9283094130e-01,2.6219058626e-02,7.8199039756e-04,2.3638115945e-02,2.4668322737e+00
2.2450000000e+02,4.6559726180e-03,1.3511300263e-02,6.3803163118e-01,2.9288911164e-01,2.6184135415e-02,7.7545713835e-04,2.3952391744e-02,2.4675207059e+00
2.2500000000e+02,4.6643414571e-03,1.3494168584e-02,6.3765726626e-01,2.9300034853e-01,2.6377816166e-02,7.7125502793e-04,2.4034803971e-02,2.4702995441e+00
2.2550000000e+02,4.6643248735e-03,1.3432285017e-02,6.3579983103e-01,2.9473198633e-01,2.6566762630e-02,7.6448177295e-04,2.4040328353e-02,2.4718292843e+00
2.2600000000e+02,4.6707556317e-03,1.3382991688e-02,6.3335119685e-01,2.9688775171e-01,2.6706007947e-02,7.6291109865e-04,2.4238385075e-02,2.4762100948e+00
2.2650000000e+02,4.6720268805e-03,1.3219363538e-02,6.3157359088e-01,2.9881448488e-01,2.6740603459e-02,7.6186498837e-04,2.4218065377e-02,2.4758324933e+00
2.2700000000e+02,4.6221080764e-03,1.3178236828e-02,6.3194574892e-01,2.9837900956e-01,2.6796267084e-02,7.5670213965e-04,2.4321927388e-02,2.4742917280e+00
2.2750000000e+02,4.6060459739e-03,1.3159992526e-02,6.3309688458e-01,2.9695259901e-01,2.6944763033e-02,7.5181178714e-04,2.4487903082e-02,2.4739116600e+00
2.2800000000e+02,4.5900354674e-03,1.3195732796e-02,6.3197071409e-01,2.9785561262e-01,2.7078974870e-02,7.4789372600e-04,2.4561036426e-02,2.4779140732e+00
2.2850000000e+02,4.5857783931e-03,1.3244053323e-02,6.2925611704e-01,3.0013940423e-01,2.7350182681e-02,7.5035144709e-04,2.4674112880e-02,2.4846328601e+00
2.2900000000e+02,4.5478888611e-03,1.3262993278e-02,6.2780126078e-01,3.0199027332e-01,2.6977157911e-02,7.4255096409e-04,2.4677874887e-02,2.4820340866e+00
2.2950000000e+02,4.5318473268e-03,1.3274123363e-02,6.2992059093e-01,2.9995328493e-01,2.6970124750e-02,7.3103998684e-04,2.4618988721e-02,2.4776060412e+00
2.3000000000e+02,4.4990273100e-03,1.3318212974e-02,6.2793672870e-01,3.0200226818e-01,2.6913853652e-02,7.2705546315e-04,2.4602853720e-02,2.4787311036e+00
2.3050000000e+02,4.4861034492e-03,1.3323186450e-02,6.2644269974e-01,3.0331955162e-01,2.6923877012e-02,7.2231315668e-04,2.4782268571e-02,2.4805654763e+00
2.3100000000e+02,4.4594655071e-03,1.3316114263e-02,6.2659817329e-01,3.0303392791e-01,2.6973214145e-02,7.1617161101e-04,2.4902933277e-02,2.4799277932e+00
2.3150000000e+02,4.4669687000e-03,1.3440557982e-02,6.2513108296e-01,3.0390783777e-01,2.7309307448e-02,7.1422594246e-04,2.5030019195e-02,2.4858439936e+00
2.3200000000e+02,4.4603625662e-03,1.3280173295e-02,6.2519689678e-01,3.0400164011e-01,2.7304808600e-02,7.1163914972e-04,2.5044479508e-02,2.4825704043e+00
2.3250000000e+02,4.4353229550e-03,1.3322475635e-02,6.2556437291e-01,3.0348776929e-01,2.7460784091e-02,7.0885023437e-04,2.5020424876e-02,2.4833643976e+00
2.3300000000e+02,4.4311627205e-03,1.3293246369e-02,6.2288661187e-01,3.0585959287e-01,2.7696838558e-02,7.0821660208e-04,2.5124331006e-02,2.4886485508e+00
2.3350000000e+02,4.3991449317e-03,1.3206236508e-02,6.1834810190e-01,3.1041769657e-01,2.7805795089e-02,7.0144341185e-04,2.5121581586e-02,2.4905486072e+00
2.3400000000e+02,4.4048808714e-03,1.3042887276e-02,6.1590870431e-01,3.1256112488e-01,2.8063630004e-02,6.9855493858e-04,2.5320217720e-02,2.4951401731e+00
2.3450000000e+02,4.4051231285e-03,1.2842624800e-02,6.1284573179e-01,3.1574640005e-01,2.8230092805e-02,6.8981723756e-04,2.5240210196e-02,2.4950435047e+00
2.3500000000e+02,4.4473571807e-03,1.2777508397e-02,6.1405948501e-01,3.1456370232e-01,2.8177472896e-02,6.8266138829e-04,2.5291812801e-02,2.4931974188e+00
2.3550000000e+02,4.4567118634e-03,1.2764900523e-02,6.1630178426e-01,3.1215263194e-01,2.8304798863e-02,6.8089027189e-04,2.5338282279e-02,2.4929698927e+00
2.3600000000e+02,4.4680323166e-03,1.2741134523e-02,6.1332607511e-01,3.1499019644e-01,2.8389137800e-02,6.7398012960e-04,2.5411443681e-02,2.4959068141e+00
2.3650000000e+02,4.4914651428e-03,1.2669654900e-02,6.1127615827e-01,3.1634615223e-01,2.8621284701e-02,6.7528442222e-04,2.5920000340e-02,2.5031229726e+00
2.3700000000e+02,4.4957723451e-03,1.2627470021e-02,6.1227351894e-01,3.1456518363e-01,2.9145395712e-02,6.8022167379e-04,2.6212437682e-02,2.5081375773e+00
2.3750000000e+02,4.4779959688e-03,1.2552671332e-02,6.1009649859e-01,3.1618177658e-01,2.9506621998e-02,6.7938928716e-04,2.6505046238e-02,2.5140497081e+00
2.3800000000e+02,4.4550530656e-03,1.2486825777e-02,6.1079549039e-01,3.1520747417e-01,2.9804360942e-02,6.8568467883e-04,2.6565110975e-02,2.5147336437e+00
2.3850000000e+02,4.4480356534e-03,1.2420577588e-02,6.1027460822e-01,3.1536954257e-01,2.9901452134e-02,6.8580987052e-04,2.6899973967e-02,2.5161250204e+00
2.3900000000e+02,4.4502933525e-03,1.2330201082e-02,6.1043825043e-01,3.1517550853e-01,2.9972161506e-02,6.8298128403e-04,2.6950603816e-02,2.5156027191e+00
2.3950000000e+02,4.4406310344e-03,1.2248062089e-02,6.0837347516e-01,3.1718786681e-01,3.0101404230e-02,6.7773434876e-04,2.6970826328e-02,2.5174078390e+00
2.4000000000e+02,4.4131255174e-03,1.2118745969e-02,6.0620134503e-01,3.1938708617e-01,3.0045295772e-02,6.8028981994e-04,2.7154111721e-02,2.5167499918e+00
2.4050000000e+02,4.4436423526e-03,1.2034051203e-02,6.0655226497e-01,3.1898803873e-01,2.9878225282e-02,6.8013589528e-04,2.7423641565e-02,2.5177710874e+00
2.4100000000e+02,4.4613188131e-03,1.2021563706e-02,6.0712488927e-01,3.1798380764e-01,3.0131779967e-02,6.7988741952e-04,2.7596753182e-02,2.5219388233e+00
2.4150000000e+02,4.4550007126e-03,1.1941112494e-02,6.0495838713e-01,3.1961062485e-01,3.0383317315e-02,6.7854605032e-04,2.7973011454e-02,2.5286502663e+00
2.4200000000e+02,4.4796800124e-03,1.1799646982e-02,6.0335190558e-01,3.2124412567e-01,3.0338207226e-02,6.8020721142e-04,2.8106227314e-02,2.5288186918e+00
2.4250000000e+02,4.4635583922e-03,1.1792509776e-02,6.0064894204e-01,3.2342209934e-01,3.0629583182e-02,6.8555378848e-04,2.8357753474e-02,2.5330572593e+00
2.4300000000e+02,4.4565783510e-03,1.1681762492e-02,6.0165639451e-01,3.2242887391e-01,3.0692427106e-02,6.7952319421e-04,2.8404440441e-02,2.5310276460e+00
2.4350000000e+02,4.4449740034e-03,1.1567959220e-02,6.0202486540e-01,3.2182688280e-01,3.0831563170e-02,6.8538434341e-04,2.8618371055e-02,2.5311814816e+00
2.4400000000e+02,4.4066888379e-03,1.1496230620e-02,6.0142253709e-01,3.2202232767e-01,3.1103129726e-02,6.9389421558e-04,2.8855191845e-02,2.5343908640e+00
2.4450000000e+02,4.3871672819e-03,1.1331617296e-02,6.0274976708e-01,3.2091665360e-01,3.1015888271e-02,6.9295798898e-04,2.8905948491e-02,2.5289295074e+00
2.4500000000e+02,4.3276383590e-03,1.1199265808e-02,6.0518872059e-01,3.1871520212e-01,3.1315371672e-02,6.9465129498e-04,2.8559150158e-02,2.5229861226e+00
2.4550000000e+02,4.2959826824e-03,1.1182376435e-02,6.0466446158e-01,3.1899465523e-01,3.1420157331e-02,7.0102282123e-04,2.8741343924e-02,2.5242457010e+00
2.4600000000e+02,4.3189520050e-03,1.1164014354e-02,6.0463399933e-01,3.1848121488e-01,3.1580151400e-02,7.1019760300e-04,2.9111470420e-02,2.5281557094e+00
2.4650000000e+02,4.3496488889e-03,1.1261453371e-02,6.0343813747e-01,3.1870719009e-01,3.1835563292e-02,7.2140673703e-04,2.9686600153e-02,2.5360747158e+00
2.4700000000e+02,4.3579684977e-03,1.1181749389e-02,6.0818089905e-01,3.1396118435e-01,3.1796368868e-02,7.2253007621e-04,2.9799299767e-02,2.5309080096e+00
2.4750000000e+02,4.3866587941e-03,1.1077468611e-02,6.0950912214e-01,3.1261604536e-01,3.1782953504e-02,7.3276741266e-04,2.9894984178e-02,2.5294726702e+00
2.4800000000e+02,4.3994120038e-03,1.1072673678e-02,6.0880268237e-01,3.1303669830e-01,3.2020940779e-02,7.3468933205e-04,2.9932903537e-02,2.5326395460e+00
2.4850000000e+02,4.3950428556e-03,1.0970050307e-02,6.0843717761e-01,3.1311294309e-01,3.2222440950e-02,7.4567932934e-04,3.0116665859e-02,2.5343918296e+00
2.4900000000e+02,4.4008564361e-03,1.0999466225e-02,6.0641122554e-01,3.1493299540e-01,3.2385492601e-02,7.4878261044e-04,3.0121181184e-02,2.5387846186e+00
2.4950000000e+02,4.3801563897e-03,1.1007344483e-02,6.0591800640e-01,3.1531825443e-01,3.2490672348e-02,7.4695336886e-04,3.0138612583e-02,2.5393650287e+00
2.5000000000e+02,4.3658265873e-03,1.0950960251e-02,6.0615628223e-01,3.1475941259e-01,3.2815593535e-02,7.5205642128e-04,3.0199868384e-02,2.5407877056e+00
2.5050000000e+02,4.3566047030e-03,1.0829159993e-02,6.0607293460e-01,3.1517881935e-01,3.2657958249e-02,7.6115959046e-04,3.0143363516e-02,2.5376066845e+00
2.5100000000e+02,4.3143082238e-03,1.0683708273e-02,6.0488343715e-01,3.1684052029e-01,3.2465913888e-02,7.6365509375e-04,3.0048457087e-02,2.5344094786e+00
2.5150000000e+02,4.2610279614e-03,1.0675126280e-02,6.0344271252e-01,3.1801880076e-01,3.2726689370e-02,7.7459731346e-04,3.0101045799e-02,2.5374510334e+00
2.5200000000e+02,4.2409276016e-03,1.0625027718e-02,6.0116075724e-01,3.2023937006e-01,3.2680147912e-02,7.8663646431e-04,3.0267133004e-02,2.5396441025e+00
2.5250000000e+02,4.2196158063e-03,1.0608958260e-02,6.0108351147e-01,3.2042122380e-01,3.2606875950e-02,7.9301533771e-04,3.0266799378e-02,2.5387542363e+00
2.5300000000e+02,4.2115516047e-03,1.0577025877e-02,6.0075893535e-01,3.2035264733e-01,3.2808074406e-02,8.0713437091e-04,3.0484631068e-02,2.5405074855e+00
2.5350000000e+02,4.2003526375e-03,1.0612467639e-02,6.0122252881e-01,3.1975716722e-01,3.2978040952e-02,8.1705877733e-04,3.0412383972e-02,2.5403104430e+00
2.5400000000e+02,4.2229845028e-03,1.0667202763e-02,5.9949138762e-01,3.2108890434e-01,3.3113241132e-02,8.2801766063e-04,3.0588261978e-02,2.5457089978e+00
2.5450000000e+02,4.2455208203e-03,1.0730916303e-02,5.9860054678e-01,3.2134732965e-01,3.3552909099e-02,8.2875129772e-04,3.0694026049e-02,2.5510369351e+00
2.5500000000e+02,4.2262524236e-03,1.0668500604e-02,6.0100619326e-01,3.1892275522e-01,3.3471954765e-02,8.3636629202e-04,3.0867977437e-02,2.5493548877e+00
2.5550000000e+02,4.2150780547e-03,1.0650742509e-02,6.0031850089e-01,3.1946604426e-01,3.3404391875e-02,8.5835213429e-04,3.1086890277e-02,2.5515134061e+00
2.5600000000e+02,4.1775807963e-03,1.0608526632e-02,6.0105619134e-01,3.1832701505e-01,3.3527511251e-02,8.7317350047e-04,3.1430001436e-02,2.5524632154e+00
2.5650000000e+02,4.1440802494e-03,1.0626609678e-02,6.0152624573e-01,3.1789456925e-01,3.3479354388e-02,8.7273618526e-04,3.1456404518e-02,2.5494758202e+00
2.5700000000e+02,4.1178976149e-03,1.0522166735e-02,5.9997417236e-01,3.1992221072e-01,3.3236128886e-02,8.7765463825e-04,3.1349769051e-02,2.5475165409e+00
2.5750000000e+02,4.1442613901e-03,1.0522616089e-02,5.9908006228e-01,3.2035725482e-01,3.3665828101e-02,9.0002220519e-04,3.1329955112e-02,2.5518038554e+00
2.5800000000e+02,4.1826070138e-03,1.0513808264e-02,5.9897957292e-01,3.1978741644e-01,3.3994193232e-02,9.1002951761e-04,3.1632372611e-02,2.5572271934e+00
2.5850000000e+02,4.1388132918e-03,1.0557296244e-02,5.9621665359e-01,3.2221613893e-01,3.4311262808e-02,9.2767635115e-04,3.1632158794e-02,2.5631893395e+00
2.5900000000e+02,4.1032462574e-03,1.0544246620e-02,5.9408578151e-01,3.2402084129e-01,3.4605191424e-02,9.3252144246e-04,3.1708171454e-02,2.5663595641e+00
2.5950000000e+02,4.0590144690e-03,1.0541584472e-02,5.9279120163e-01,3.2554774358e-01,3.4442657603e-02,9.3823643806e-04,3.1679561810e-02,2.5642418069e+00
2.6000000000e+02,4.0372994731e-03,1.0636968081e-02,5.9072714179e-01,3.2771700520e-01,3.4516355011e-02,9.5355392882e-04,3.1411676509e-02,2.5650742647e+00
2.6050000000e+02,4.0422082823e-03,1.0735141742e-02,5.8878214643e-01,3.2888939389e-01,3.4653020746e-02,9.5835444420e-04,3.1939734459e-02,2.5725242360e+00
2.6100000000e+02,4.0322133349e-03,1.0697545794e-02,5.8987432249e-01,3.2776724281e-01,3.4432289980e-02,9.6572931090e-04,3.2230656282e-02,2.5719894949e+00
2.6150000000e+02,4.0074424738e-03,1.0698513930e-02,5.8978458142e-01,3.2752398770e-01,3.4532362182e-02,9.7742968990e-04,3.2475682606e-02,2.5736615922e+00
2.6200000000e+02,4.0041030047e-03,1.0638428974e-02,5.8933892844e-01,3.2709237164e-01,3.4921706504e-02,9.9325610998e-04,3.3011205327e-02,2.5796439942e+00
2.6250000000e+02,3.9521174118e-03,1.0498758353e-02,5.9013669755e-01,3.2656300794e-01,3.4868151337e-02,9.8889977474e-04,3.2992367631e-02,2.5739834820e+00
2.6300000000e+02,3.9361207645e-03,1.0470860585e-02,5.8904740199e-01,3.2757394380e-01,3.4914340474e-02,9.8888692762e-04,3.3068445453e-02,2.5753742260e+00
2.6350000000e+02,3.9492181643e-03,1.0485266801e-02,5.8746588303e-01,3.2870855055e-01,3.5036772480e-02,9.9694516695e-04,3.3357363809e-02,2.5791074340e+00
2.6400000000e+02,3.9140245273e-03,1.0494701429e-02,5.8584738350e-01,3.3020358665e-01,3.5010345951e-02,9.9636508932e-04,3.3533592859e-02,2.5806965506e+00
2.6450000000e+02,3.9034648981e-03,1.0461128664e-02,5.8513588297e-01,3.3038726692e-01,3.5446596375e-02,1.0123840359e-03,3.3653276142e-02,2.5851998263e+00
2.6500000000e+02,3.8777089576e-03,1.0457457616e-02,5.8349475625e-01,3.3191099879e-01,3.5642687776e-02,1.0191177753e-03,3.3597272831e-02,2.5864933531e+00
2.6550000000e+02,3.9068040412e-03,1.0429371247e-02,5.8354193348e-01,3.3141858306e-01,3.6016482629e-02,1.0362497627e-03,3.3650575781e-02,2.5902886486e+00
2.6600000000e+02,3.8740047816e-03,1.0539587586e-02,5.8531236719e-01,3.2956641280e-01,3.6224024129e-02,1.0450835069e-03,3.3438520013e-02,2.5901449201e+00
2.6650000000e+02,3.8151123596e-03,1.0400169009e-02,5.8651172900e-01,3.2874359021e-01,3.6089628437e-02,1.0471299406e-03,3.3392641039e-02,2.5840439491e+00
2.6700000000e+02,3.7895152318e-03,1.0343864918e-02,5.8538550184e-01,3.2996968333e-01,3.6078559054e-02,1.0530932513e-03,3.3379782369e-02,2.5839113651e+00
2.6750000000e+02,3.7591372923e-03,1.0241858714e-02,5.8601702018e-01,3.2933974990e-01,3.6279102106e-02,1.0656687521e-03,3.3297463059e-02,2.5802340274e+00
2.6800000000e+02,3.7180010217e-03,1.0225014315e-02,5.8445778330e-01,3.3046462520e-01,3.6763735848e-02,1.0641532481e-03,3.3306687072e-02,2.5817271549e+00
2.6850000000e+02,3.6712840456e-03,1.0238891048e-02,5.8759854930e-01,3.2730065265e-01,3.6772199696e-02,1.0802997917e-03,3.3338123471e-02,2.5797740143e+00
2.6900000000e+02,3.6491890633e-03,1.0244532464e-02,5.8603297851e-01,3.2925686380e-01,3.6364891935e-02,1.0874961403e-03,3.3364048093e-02,2.5769029803e+00
2.6950000000e+02,3.6232513854e-03,1.0211036275e-02,5.8461742485e-01,3.3050896699e-01,3.6437553719e-02,1.0884299834e-03,3.3513336792e-02,2.5765902884e+00
2.7000000000e+02,3.5806394381e-03,1.0190973873e-02,5.8483688360e-01,3.3009512594e-01,3.6368781646e-02,1.1009926780e-03,3.3826602827e-02,2.5764747482e+00
2.7050000000e+02,3.5404583000e-03,1.0169950380e-02,5.8587469655e-01,3.2900499970e-01,3.6457084363e-02,1.1009331534e-03,3.3851877556e-02,2.5742668441e+00
2.7100000000e+02,3.4970640512e-03,1.0170395851e-02,5.8457280064e-01,3.3012798874e-01,3.6564857485e-02,1.1137397683e-03,3.3953153465e-02,2.5751902805e+00
2.7150000000e+02,3.4813792132e-03,1.0166393489e-02,5.8466835663e-01,3.2992240030e-01,3.6845324563e-02,1.1242608677e-03,3.3791884931e-02,2.5748047910e+00
2.7200000000e+02,3.4405684066e-03,1.0118081246e-02,5.8509145698e-01,3.2980602088e-01,3.6956872106e-02,1.1303361270e-03,3.3456664250e-02,2.5719913566e+00
2.7250000000e+02,3.3820826253e-03,1.0092431987e-02,5.8516977825e-01,3.3015953181e-01,3.6943948499e-02,1.1212226246e-03,3.3131004203e-02,2.5679261237e+00
2.7300000000e+02,3.3854125428e-03,1.0119941290e-02,5.8719302652e-01,3.2780807248e-01,3.7008402609e-02,1.1260433206e-03,3.3359101241e-02,2.5700346845e+00
2.7350000000e+02,3.3521045788e-03,1.0078245761e-02,5.9032800333e-01,3.2485038695e-01,3.6933496222e-02,1.1359338653e-03,3.3321829298e-02,2.5650151596e+00
2.7400000000e+02,3.3201151390e-03,1.0136569708e-02,5.8794963029e-01,3.2656727054e-01,3.7137355154e-02,1.1429254069e-03,3.3746133761e-02,2.5716069614e+00
2.7450000000e+02,3.2869496678e-03,1.0126855188e-02,5.8699658965e-01,3.2780954747e-01,3.6806884196e-02,1.1458958952e-03,3.3827277936e-02,2.5679568456e+00
2.7500000000e+02,3.2589687791e-03,1.0162268626e-02,5.8657172172e-01,3.2820044990e-01,3.6740536040e-02,1.1409638114e-03,3.3925091129e-02,2.5687781161e+00
2.7550000000e+02,3.2329957386e-03,1.0159154901e-02,5.8737643525e-01,3.2749795025e-01,3.6687776332e-02,1.1510762099e-03,3.3894611322e-02,2.5663964641e+00
2.7600000000e+02,3.1961408170e-03,1.0221079277e-02,5.8707687985e-01,3.2756644523e-01,3.6784299648e-02,1.1675465236e-03,3.3987608650e-02,2.5657042296e+00
2.7650000000e+02,3.1687191041e-03,1.0306129778e-02,5.8702718078e-01,3.2761141588e-01,3.6829473865e-02,1.1581526659e-03,3.3898927926e-02,2.5649516166e+00
2.7700000000e+02,3.1213879751e-03,1.0206053844e-02,5.8659993527e-01,3.2851419854e-01,3.6664403622e-02,1.1588615657e-03,3.3735159191e-02,2.5604746555e+00
2.7750000000e+02,3.1156364018e-03,1.0194309997e-02,5.8531157362e-01,3.2940645132e-01,3.6799631725e-02,1.1657222014e-03,3.4006674735e-02,2.5640421116e+00
2.7800000000e+02,3.0712230652e-03,1.0144261619e-02,5.8689738905e-01,3.2821256677e-01,3.6547968603e-02,1.1676169573e-03,3.3958973935e-02,2.5588118112e+00
2.7850000000e+02,3.0235645491e-03,1.0145820658e-02,5.9014869428e-01,3.2500832717e-01,3.6356342818e-02,1.1565781311e-03,3.4160672397e-02,2.5524382844e+00
2.7900000000e+02,2.9852447643e-03,1.0163059137e-02,5.9284381175e-01,3.2186938461e-01,3.6450909823e-02,1.1619966496e-03,3.4525593259e-02,2.5513178601e+00
2.7950000000e+02,2.9797331167e-03,1.0206392569e-02,5.9211704629e-01,3.2225807507e-01,3.6825247697e-02,1.1724287092e-03,3.4441076542e-02,2.5544231861e+00
2.8000000000e+02,2.9482058442e-03,1.0148709149e-02,5.9186118121e-01,3.2317888984e-01,3.6576839231e-02,1.1709684680e-03,3.4115206259e-02,2.5495992904e+00
2.8050000000e+02,2.9128117267e-03,1.0143128302e-02,5.9265904904e-01,3.2249800189e-01,3.6535209110e-02,1.1661019248e-03,3.4085698001e-02,2.5469233249e+00
2.8100000000e+02,2.8825314250e-03,1.0110342780e-02,5.9324266157e-01,3.2229274557e-01,3.6411002064e-02,1.1436167648e-03,3.3917099822e-02,2.5417773222e+00
2.8150000000e+02,2.8680749211e-03,9.9609785545e-03,5.9596838919e-01,3.2060145850e-01,3.6017559787e-02,1.1381318764e-03,3.3445407163e-02,2.5314436838e+00
2.8200000000e+02,2.8269023047e-03,9.8991079592e-03,5.9550589970e-01,3.2124002698e-01,3.5965740592e-02,1.1288306313e-03,3.3433491832e-02,2.5279573896e+00
2.8250000000e+02,2.7881597331e-03,9.8426235815e-03,5.9823141002e-01,3.1903822229e-01,3.5963539900e-02,1.1301315222e-03,3.3005912956e-02,2.5179038935e+00
2.8300000000e+02,2.7726010020e-03,9.7958968719e-03,5.9977681028e-01,3.1751652202e-01,3.5829155203e-02,1.1343392992e-03,3.3174675324e-02,2.5153431423e+00
2.8350000000e+02,2.7225303059e-03,9.7448749052e-03,5.9766935283e-01,3.2001979166e-01,3.5886567027e-02,1.1283378711e-03,3.2828545407e-02,2.5125448034e+00
2.8400000000e+02,2.6949621286e-03,9.6840197035e-03,5.9953766486e-01,3.1835733754e-01,3.5893577776e-02,1.1226807917e-03,3.2709757207e-02,2.5077200336e+00
2.8450000000e+02,2.6677561913e-03,9.6423809029e-03,5.9998627604e-01,3.1783670568e-01,3.6095872512e-02,1.1356896402e-03,3.2635319040e-02,2.5077289853e+00
2.8500000000e+02,2.6663550767e-03,9.6804124704e-03,6.0101717073e-01,3.1648867573e-01,3.6140775364e-02,1.1443394878e-03,3.2862271134e-02,2.5087555258e+00
2.8550000000e+02,2.6462305566e-03,9.6751533793e-03,6.0014053609e-01,3.1731546103e-01,3.6240374426e-02,1.1337435614e-03,3.2848500959e-02,2.5083208013e+00
2.8600000000e+02,2.6163613181e-03,9.5615463858e-03,6.0270945381e-01,3.1546444064e-01,3.6126286772e-02,1.1197525831e-03,3.2402158493e-02,2.4984957328e+00
2.8650000000e+02,2.6129059512e-03,9.4838630905e-03,6.0662860323e-01,3.1149972149e-01,3.6259569809e-02,1.1131763110e-03,3.2402160119e-02,2.4940475918e+00
2.8700000000e+02,2.6131620006e-03,9.4927445329e-03,6.0684225746e-01,3.1095627350e-01,3.6678087481e-02,1.1121160721e-03,3.2305358949e-02,2.4957259301e+00
2.8750000000e+02,2.5647063010e-03,9.4789049515e-03,6.0788836688e-01,3.0972226754e-01,3.7038903298e-02,1.1017908272e-03,3.2205060205e-02,2.4931734702e+00
2.8800000000e+02,2.5599587926e-03,9.5307957896e-03,6.0906471545e-01,3.0858879981e-01,3.6980979496e-02,1.0862309950e-03,3.2188519664e-02,2.4910599176e+00
2.8850000000e+02,2.5692270068e-03,9.5553834787e-03,6.0989425930e-01,3.0781461844e-01,3.6963484332e-02,1.0797481908e-03,3.2123279250e-02,2.4894377066e+00
2.8900000000e+02,2.5747147186e-03,9.5710411025e-03,6.1063053681e-01,3.0679315017e-01,3.7079360431e-02,1.0685495253e-03,3.2282647243e-02,2.4910746261e+00
2.8950000000e+02,2.5645985445e-03,9.6074476269e-03,6.1079792564e-01,3.0684799637e-01,3.6820730316e-02,1.0631654280e-03,3.2298136074e-02,2.4893126590e+00
2.9000000000e+02,2.5521647765e-03,9.6354351077e-03,6.1046710945e-01,3.0659903356e-01,3.7077888850e-02,1.0673914282e-03,3.2600976819e-02,2.4938318632e+00
2.9050000000e+02,2.5346561493e-03,9.6346420428e-03,6.1301951876e-01,3.0466247981e-01,3.6915627581e-02,1.0487123024e-03,3.2184363358e-02,2.4852248186e+00
2.9100000000e+02,2.5115329040e-03,9.5687911863e-03,6.1454589747e-01,3.0364746869e-01,3.6666112282e-02,1.0346040927e-03,3.2025593373e-02,2.4788758823e+00
2.9150000000e+02,2.5061025313e-03,9.5456876278e-03,6.1485887406e-01,3.0389286259e-01,3.6476299403e-02,1.0327502913e-03,3.1687423494e-02,2.4739061111e+00
2.9200000000e+02,2.4910775229e-03,9.4180587445e-03,6.1543664918e-01,3.0376838428e-01,3.6552766875e-02,1.0327628471e-03,3.1300300550e-02,2.4692014388e+00
2.9250000000e+02,2.4877992035e-03,9.4202565960e-03,6.1414962729e-01,3.0468185901e-01,3.6890616320e-02,1.0229587147e-03,3.1346882867e-02,2.4716589160e+00
2.9300000000e+02,2.4576440086e-03,9.4309114451e-03,6.1377560926e-01,3.0498412402e-01,3.7008939451e-02,1.0143507395e-03,3.1328421072e-02,2.4722540362e+00
2.9350000000e+02,2.4330075737e-03,9.4270465217e-03,6.1470474696e-01,3.0417306648e-01,3.7055038325e-02,1.0079072164e-03,3.1199186924e-02,2.4700863683e+00
2.9400000000e+02,2.3929360364e-03,9.4629381944e-03,6.1387150581e-01,3.0546921181e-01,3.6955447134e-02,1.0098703662e-03,3.0838090645e-02,2.4667306196e+00
2.9450000000e+02,2.3520097022e-03,9.4203052338e-03,6.1622963413e-01,3.0377190959e-01,3.6665965402e-02,1.0019403671e-03,3.0558235580e-02,2.4575972939e+00
2.9500000000e+02,2.3219462111e-03,9.3773075428e-03,6.1908856360e-01,3.0120746388e-01,3.6601810093e-02,9.9085676520e-04,3.0412051905e-02,2.4512861432e+00
2.9550000000e+02,2.2831611284e-03,9.2443214331e-03,6.2308547425e-01,2.9764082347e-01,3.6588009323e-02,9.7086934378e-04,3.0187341055e-02,2.4403809520e+00
2.9600000000e+02,2.2754907042e-03,9.1942745540e-03,6.2488450213e-01,2.9652042886e-01,3.6419049827e-02,9.5326230174e-04,2.9752991619e-02,2.4323164463e+00
2.9650000000e+02,2.2677057483e-03,9.1121081388e-03,6.2734252147e-01,2.9417771201e-01,3.6339060310e-02,9.4433436397e-04,2.9816557960e-02,2.4283083009e+00
2.9700000000e+02,2.2572782743e-03,9.0906053763e-03,6.2924076256e-01,2.9235098111e-01,3.6662098421e-02,9.4079334842e-04,2.9457480906e-02,2.4235806340e+00
2.9750000000e+02,2.2439842443e-03,9.1336368701e-03,6.2869501467e-01,2.9272181375e-01,3.6955348404e-02,9.4097871893e-04,2.9309223341e-02,2.4245401945e+00
2.9800000000e+02,2.2339992470e-03,9.1590509131e-03,6.3000959913e-01,2.9141127498e-01,3.6875418639e-02,9.3879836962e-04,2.9371858716e-02,2.4204428954e+00
2.9850000000e+02,2.1966763300e-03,9.1042351686e-03,6.3308743170e-01,2.8956273341e-01,3.6596818580e-02,9.1835998465e-04,2.8533744830e-02,2.4038503795e+00
2.9900000000e+02,2.1956305504e-03,9.0565428329e-03,6.3575363631e-01,2.8750298730e-01,3.6234734274e-02,8.9627345236e-04,2.8360195276e-02,2.3961555189e+00
2.9950000000e+02,2.1666703642e-03,9.0243190427e-03,6.3735313251e-01,2.8687359135e-01,3.5513921371e-02,8.8436326535e-04,2.8184002099e-02,2.3871956145e+00
3.0000000000e+02,2.1411029830e-03,8.9708314222e-03,6.3929780637e-01,2.8530556837e-01,3.5611136213e-02,8.7836609623e-04,2.7795188554e-02,2.3795417526e+00
3.0050000000e+02,2.1464818833e-03,9.0603001837e-03,6.3836563297e-01,2.8621924342e-01,3.5580825047e-02,8.7566519573e-04,2.7751851295e-02,2.3798470883e+00
3.0100000000e+02,2.1489169027e-03,9.0816755079e-03,6.3967886358e-01,2.8494858412e-01,3.5652084741e-02,8.6482019618e-04,2.7625054954e-02,2.3764045795e+00
3.0150000000e+02,2.1418917163e-03,9.0974284850e-03,6.4060745514e-01,2.8453690273e-01,3.5321347073e-02,8.5449327017e-04,2.7440481592e-02,2.3706718688e+00
3.0200000000e+02,2.1239249721e-03,9.0551678294e-03,6.4124056711e-01,2.8438222485e-01,3.4996479565e-02,8.4788032898e-04,2.7353755345e-02,2.3644248039e+00
3.0250000000e+02,2.1051962699e-03,8.9547736297e-03,6.4234094616e-01,2.8410833060e-01,3.4598627819e-02,8.2876715645e-04,2.7063358366e-02,2.3556842190e+00
3.0300000000e+02,2.1177157993e-03,9.0189572273e-03,6.4336713570e-01,2.8331256175e-01,3.4460491681e-02,8.1795654578e-04,2.6905181291e-02,2.3526731162e+00
3.0350000000e+02,2.1068938333e-03,9.0513591380e-03,6.4593828067e-01,2.8081339660e-01,3.4443743093e-02,8.1245306462e-04,2.6833873596e-02,2.3480465755e+00
3.0400000000e+02,2.0880101827e-03,9.0274334754e-03,6.4979077506e-01,2.7803764606e-01,3.3931331734e-02,7.9371370553e-04,2.6331089783e-02,2.3355072133e+00
3.0450000000e+02,2.0640011188e-03,8.9413664426e-03,6.4980460882e-01,2.7827900594e-01,3.4004463265e-02,7.8251589762e-04,2.6124038514e-02,2.3320438232e+00
3.0500000000e+02,2.0465875134e-03,9.0232664480e-03,6.4898849090e-01,2.7951623308e-01,3.3674368709e-02,7.6907817583e-04,2.5981975175e-02,2.3288699490e+00
3.0550000000e+02,2.0217488678e-03,8.9425689184e-03,6.5119784273e-01,2.7793129489e-01,3.3388736999e-02,7.5431902182e-04,2.5763488580e-02,2.3202135289e+00
3.0600000000e+02,1.9978601971e-03,8.9651289160e-03,6.5426401303e-01,2.7534486293e-01,3.3144367262e-02,7.5062968306e-04,2.5533137978e-02,2.3130554235e+00
3.0650000000e+02,1.9968143156e-03,8.9828666579e-03,6.5380439538e-01,2.7606940208e-01,3.2978559472e-02,7.4405397959e-04,2.5423908115e-02,2.3110721998e+00
3.0700000000e+02,1.9762739227e-03,9.0352526323e-03,6.5557727671e-01,2.7464130034e-01,3.2866613226e-02,7.3728129819e-04,2.5166001873e-02,2.3048252786e+00
3.0750000000e+02,1.9604458612e-03,9.0034724934e-03,6.5979881927e-01,2.7110736091e-01,3.2610682045e-02,7.2149514587e-04,2.4797724268e-02,2.2932976530e+00
3.0800000000e+02,1.9633067743e-03,9.0458794492e-03,6.6128802776e-01,2.7002314788e-01,3.2534722116e-02,7.0944168962e-04,2.4435474331e-02,2.2881362200e+00
3.0850000000e+02,1.9441311542e-03,9.0566291024e-03,6.6186891511e-01,2.6992087327e-01,3.2230236917e-02,7.0277244985e-04,2.4276442000e-02,2.2828503406e+00
3.0900000000e+02,1.9447037917e-03,9.0172984431e-03,6.6244013521e-01,2.6941070040e-01,3.2104941840e-02,7.0272744902e-04,2.4379492866e-02,2.2790118098e+00
3.0950000000e+02,1.9152888095e-03,8.9898586859e-03,6.6517558244e-01,2.6752843269e-01,3.1638982941e-02,6.8472505474e-04,2.4067129373e-02,2.2673349025e+00
3.1000000000e+02,1.8992533498e-03,8.9298931279e-03,6.6635602685e-01,2.6692131976e-01,3.1342915187e-02,6.7527544038e-04,2.3875316288e-02,2.2596257815e+00
3.1050000000e+02,1.9127441906e-03,8.9672298359e-03,6.6859932956e-01,2.6487845105e-01,3.1194346050e-02,6.6976887662e-04,2.3778130436e-02,2.2565558827e+00
3.1100000000e+02,1.9130634883e-03,9.0344095492e-03,6.6823116988e-01,2.6523923739e-01,3.1160791980e-02,6.6440664340e-04,2.3756921071e-02,2.2565087733e+00
3.1150000000e+02,1.9224144731e-03,9.1015461523e-03,6.6851054082e-01,2.6511126636e-01,3.1054869892e-02,6.6223764924e-04,2.3637124648e-02,2.2539406757e+00
3.1200000000e+02,1.9434595652e-03,9.1651358320e-03,6.6995302124e-01,2.6364526715e-01,3.1278509656e-02,6.4595510440e-04,2.3368651456e-02,2.2514773636e+00
3.1250000000e+02,1.9290068620e-03,9.2298819553e-03,6.7186215671e-01,2.6236329239e-01,3.0920065494e-02,6.3192048322e-04,2.3063676107e-02,2.2430044840e+00
3.1300000000e+02,1.9121685715e-03,9.2176560414e-03,6.7167323405e-01,2.6258108327e-01,3.1008213330e-02,6.2238079598e-04,2.2985263935e-02,2.2425796907e+00
3.1350000000e+02,1.8914474777e-03,9.2786659554e-03,6.7262517494e-01,2.6143494250e-01,3.1033581244e-02,6.1646964531e-04,2.3119718237e-02,2.2422657090e+00
3.1400000000e+02,1.8969078070e-03,9.3188534992e-03,6.7240017010e-01,2.6170082869e-01,3.0893212086e-02,6.0542274987e-04,2.3184605074e-02,2.2417977192e+00
3.1450000000e+02,1.9049684221e-03,9.3606408644e-03,6.7365128758e-01,2.6045721441e-01,3.0855961605e-02,5.9114858651e-04,2.3178778538e-02,2.2376389890e+00
3.1500000000e+02,1.9101438927e-03,9.4221980987e-03,6.7496396013e-01,2.5906217434e-01,3.0909451813e-02,5.7713097352e-04,2.3154940754e-02,2.2367907191e+00
3.1550000000e+02,1.9200045643e-03,9.4892998169e-03,6.7489329227e-01,2.5912555483e-01,3.0955469833e-02,5.6818147542e-04,2.3048197212e-02,2.2372446214e+00
3.1600000000e+02,1.9141955237e-03,9.4658578082e-03,6.7593161889e-01,2.5844507257e-01,3.0872201490e-02,5.6245442420e-04,2.2808599295e-02,2.2320275334e+00
3.1650000000e+02,1.9158535294e-03,9.5694510479e-03,6.7666296184e-01,2.5746595075e-01,3.1062568183e-02,5.5799857410e-04,2.2765216082e-02,2.2341748450e+00
3.1700000000e+02,1.9142405216e-03,9.5617127687e-03,6.8158682363e-01,2.5320576666e-01,3.0567693563e-02,5.4670333467e-04,2.2617059524e-02,2.2241227554e+00
3.1750000000e+02,1.9228784694e-03,9.5141031769e-03,6.8357637174e-01,2.5177630116e-01,3.0259897106e-02,5.3940513536e-04,2.2411043205e-02,2.2154133294e+00
3.1800000000e+02,1.9142241747e-03,9.5589867289e-03,6.8454975410e-01,2.5114473526e-01,2.9931492232e-02,5.2594731777e-04,2.2374860184e-02,2.2104772816e+00
3.1850000000e+02,1.9190969964e-03,9.5931322197e-03,6.8371372970e-01,2.5217732415e-01,2.9726690471e-02,5.1602913698e-04,2.2353997331e-02,2.2102801158e+00
3.1900000000e+02,1.9076289096e-03,9.6202235756e-03,6.8494557393e-01,2.5137628328e-01,2.9398438605e-02,5.0616213772e-04,2.2245689558e-02,2.2021564805e+00
3.1950000000e+02,1.9104711604e-03,9.6535571788e-03,6.8473973136e-01,2.5205442071e-01,2.9091159625e-02,4.9407981612e-04,2.2056580148e-02,2.1975189339e+00
3.2000000000e+02,1.9153594803e-03,9.7020983492e-03,6.8449951999e-01,2.5244404169e-01,2.8905652543e-02,4.8774585896e-04,2.2045582095e-02,2.1967342679e+00
3.2050000000e+02,1.9534309409e-03,9.8113991849e-03,6.8554033191e-01,2.5166825602e-01,2.8790586427e-02,4.8206192250e-04,2.1753933595e-02,2.1951624542e+00
3.2100000000e+02,1.9703482419e-03,9.8164197364e-03,6.8597498097e-01,2.5191713227e-01,2.8341677225e-02,4.6948357779e-04,2.1509957982e-02,2.1890691575e+00
3.2150000000e+02,1.9683583573e-03,9.7381406226e-03,6.8916315733e-01,2.4947473796e-01,2.7968823900e-02,4.6056449764e-04,2.1226217329e-02,2.1780845749e+00
3.2200000000e+02,1.9501247942e-03,9.7424066665e-03,6.9174254621e-01,2.4741485029e-01,2.7563876921e-02,4.4853749715e-04,2.1137657623e-02,2.1691817148e+00
3.2250000000e+02,1.9346282488e-03,9.8528683647e-03,6.9254664275e-01,2.4687608847e-01,2.7180987578e-02,4.4084467159e-04,2.1167939919e-02,2.1651586707e+00
3.2300000000e+02,1.9219202958e-03,9.8539830211e-03,6.9394979089e-01,2.4628279057e-01,2.6718356679e-02,4.3372851025e-04,2.0839430038e-02,2.1567578458e+00
3.2350000000e+02,1.9302225535e-03,9.8330799452e-03,6.9441567956e-01,2.4633402682e-01,2.6300599057e-02,4.2780660443e-04,2.0758585455e-02,2.1538227413e+00
3.2400000000e+02,1.9366212058e-03,9.8346854624e-03,6.9406053559e-01,2.4712381084e-01,2.6117753121e-02,4.2204529591e-04,2.0504548484e-02,2.1497433718e+00
3.2450000000e+02,1.9386027384e-03,9.8583354111e-03,6.9468532678e-01,2.4707635942e-01,2.5836258752e-02,4.1823864087e-04,2.0186878266e-02,2.1454241444e+00
3.2500000000e+02,1.9525567912e-03,9.8267154387e-03,6.9582267290e-01,2.4640474049e-01,2.5606816791e-02,4.1463921643e-04,1.9971858378e-02,2.1413944899e+00
3.2550000000e+02,1.9735087680e-03,9.8376891307e-03,6.9755338636e-01,2.4485776846e-01,2.5599877364e-02,4.0947206841e-04,1.9768297845e-02,2.1364333126e+00
3.2600000000e+02,1.9711710476e-03,9.8544088176e-03,6.9762983966e-01,2.4481576457e-01,2.5609396879e-02,4.0773960553e-04,1.9711679425e-02,2.1347471798e+00
3.2650000000e+02,1.9760599449e-03,9.9030257517e-03,6.9746147673e-01,2.4538432413e-01,2.5319917468e-02,4.0412908974e-04,1.9551066887e-02,2.1319120580e+00
3.2700000000e+02,1.9801771105e-03,9.8929467975e-03,6.9729085317e-01,2.4614820883e-01,2.4923101676e-02,3.9565001543e-04,1.9369062400e-02,2.1271921647e+00
3.2750000000e+02,1.9927209348e-03,9.8042857782e-03,6.9808960446e-01,2.4581305486e-01,2.4736461774e-02,3.8816282914e-04,1.9175709361e-02,2.1198722495e+00
3.2800000000e+02,1.9773617301e-03,9.9136595862e-03,6.9970135095e-01,2.4450497818e-01,2.4659277927e-02,3.8178946139e-04,1.8861582168e-02,2.1145576963e+00
3.2850000000e+02,2.0021559050e-03,9.8968427214e-03,7.0233013048e-01,2.4232298694e-01,2.4560297472e-02,3.7074902164e-04,1.8516837461e-02,2.1052068357e+00
3.2900000000e+02,2.0031892784e-03,9.9782495440e-03,7.0317747409e-01,2.4158051225e-01,2.4343808847e-02,3.6615641688e-04,1.8550609582e-02,2.1051746933e+00
3.2950000000e+02,2.0222338656e-03,1.0013646981e-02,7.0296560600e-01,2.4212730159e-01,2.4144440462e-02,3.6096612104e-04,1.8365804985e-02,2.1031435266e+00
3.3000000000e+02,2.0354940836e-03,1.0112566005e-02,7.0330655732e-01,2.4194356840e-01,2.4013697366e-02,3.5745113246e-04,1.8230665695e-02,2.1016950090e+00
3.3050000000e+02,2.0599920553e-03,1.0135910358e-02,7.0455110272e-01,2.4098055101e-01,2.3712179001e-02,3.5079630471e-04,1.8209468548e-02,2.0975765293e+00
3.3100000000e+02,2.0720625910e-03,1.0186057209e-02,7.0572918141e-01,2.3979692906e-01,2.3713176651e-02,3.4754081824e-04,1.8155052257e-02,2.0954324185e+00
3.3150000000e+02,2.0808379963e-03,1.0279594418e-02,7.0591901295e-01,2.3980285752e-01,2.3454806454e-02,3.4443647123e-04,1.8118454185e-02,2.0957558020e+00
3.3200000000e+02,2.0666108677e-03,1.0239514234e-02,7.0813547057e-01,2.3811795674e-01,2.3089263104e-02,3.4086428235e-04,1.8010320200e-02,2.0867399901e+00
3.3250000000e+02,2.0697367410e-03,1.0229160803e-02,7.0885439725e-01,2.3789282917e-01,2.2843293913e-02,3.3162363445e-04,1.7778958489e-02,2.0798179246e+00
3.3300000000e+02,2.0744392996e-03,1.0152693017e-02,7.0922912843e-01,2.3770935580e-01,2.2718930514e-02,3.2534280570e-04,1.7790110140e-02,2.0761988034e+00
3.3350000000e+02,2.0914582264e-03,1.0129625111e-02,7.0994465642e-01,2.3716007195e-01,2.2675053168e-02,3.2096440241e-04,1.7678170723e-02,2.0724505977e+00
3.3400000000e+02,2.1141502169e-03,1.0046867306e-02,7.1049659109e-01,2.3711997579e-01,2.2440103193e-02,3.1512094422e-04,1.7467191467e-02,2.0672118291e+00
3.3450000000e+02,2.1261364165e-03,1.0099743495e-02,7.0991574488e-01,2.3771723429e-01,2.2419437063e-02,3.1701380122e-04,1.7404690051e-02,2.0677240536e+00
3.3500000000e+02,2.1321858009e-03,1.0129685851e-02,7.0905694378e-01,2.3893023275e-01,2.2187944965e-02,3.2026096433e-04,1.7242745890e-02,2.0653602239e+00
3.3550000000e+02,2.1489690855e-03,1.0163787720e-02,7.1012906434e-01,2.3807918337e-01,2.1994253531e-02,3.1869069120e-04,1.7166051261e-02,2.0625878966e+00
3.3600000000e+02,2.1761925043e-03,1.0244380895e-02,7.1045231598e-01,2.3784828760e-01,2.1817976202e-02,3.1544405240e-04,1.7145402770e-02,2.0616279666e+00
3.3650000000e+02,2.1804255288e-03,1.0251528315e-02,7.1070681644e-01,2.3807882420e-01,2.1483118795e-02,3.1315840852e-04,1.6986128317e-02,2.0567545095e+00
3.3700000000e+02,2.2028042303e-03,1.0336485642e-02,7.1393989921e-01,2.3518640692e-01,2.1278864267e-02,3.1128246754e-04,1.6744257263e-02,2.0489705296e+00
3.3750000000e+02,2.2099767240e-03,1.0475081193e-02,7.1198787002e-01,2.3696745313e-01,2.1435762582e-02,3.1351394330e-04,1.6610342414e-02,2.0542702098e+00
3.3800000000e+02,2.2206240176e-03,1.0558984922e-02,7.1295470899e-01,2.3631508883e-01,2.1210294948e-02,3.1204262734e-04,1.6428255664e-02,2.0487305525e+00
3.3850000000e+02,2.2399313732e-03,1.0617631518e-02,7.1420333122e-01,2.3527703746e-01,2.1082569204e-02,3.1379444873e-04,1.6265704773e-02,2.0445477857e+00
3.3900000000e+02,2.2646999459e-03,1.0584950577e-02,7.1569374474e-01,2.3389263696e-01,2.1011310281e-02,3.1487805396e-04,1.6237779442e-02,2.0413790795e+00
3.3950000000e+02,2.2781550292e-03,1.0581239793e-02,7.1757483166e-01,2.3227482414e-01,2.0799461736e-02,3.1408712041e-04,1.6177400518e-02,2.0376717837e+00
3.4000000000e+02,2.3029949733e-03,1.0649735443e-02,7.1993365162e-01,2.3000742294e-01,2.0688480867e-02,3.1503722846e-04,1.6102676927e-02,2.0328179398e+00
3.4050000000e+02,2.3233672967e-03,1.0786102995e-02,7.2237108563e-01,2.2781766578e-01,2.0458471100e-02,3.1697214997e-04,1.5926335047e-02,2.0276470547e+00
3.4100000000e+02,2.3321759481e-03,1.0700119266e-02,7.2401578085e-01,2.2702047459e-01,1.9950026076e-02,3.1571533904e-04,1.5665707932e-02,2.0157326562e+00
3.4150000000e+02,2.3583688519e-03,1.0644663210e-02,7.2833674442e-01,2.2299552300e-01,1.9735528674e-02,3.1676977034e-04,1.5612402076e-02,2.0068451479e+00
3.4200000000e+02,2.3890113836e-03,1.0588228854e-02,7.2920812570e-01,2.2220807513e-01,1.9649003589e-02,3.1780297711e-04,1.5639752370e-02,2.0058803607e+00
3.4250000000e+02,2.4034355458e-03,1.0475448943e-02,7.3139262864e-01,2.2069348720e-01,1.9322342298e-02,3.2330305081e-04,1.5389354323e-02,1.9955309855e+00
3.4300000000e+02,2.4138483816e-03,1.0463781449e-02,7.3211938010e-01,2.2026737602e-01,1.9230329951e-02,3.2469222970e-04,1.5180591866e-02,1.9920058748e+00
3.4350000000e+02,2.4113759740e-03,1.0424240213e-02,7.3464471571e-01,2.1818461931e-01,1.8983069650e-02,3.2235972345e-04,1.5029619418e-02,1.9840700304e+00
3.4400000000e+02,2.4423691099e-03,1.0433631738e-02,7.3217396329e-01,2.2080258366e-01,1.8771942291e-02,3.2084076051e-04,1.5054669153e-02,1.9869956337e+00
3.4450000000e+02,2.4767775370e-03,1.0444162253e-02,7.3288385234e-01,2.2028618385e-01,1.8600426222e-02,3.2371958631e-04,1.4984878210e-02,1.9836792244e+00
3.4500000000e+02,2.4986318698e-03,1.0532521749e-02,7.3454847162e-01,2.1860037421e-01,1.8498522123e-02,3.2079598276e-04,1.5000682446e-02,1.9818642689e+00
3.4550000000e+02,2.5169998575e-03,1.0458675155e-02,7.3621140647e-01,2.1730599214e-01,1.8397843060e-02,3.1997881571e-04,1.4789104501e-02,1.9756134149e+00
3.4600000000e+02,2.5505460147e-03,1.0467009867e-02,7.3837617604e-01,2.1514292487e-01,1.8432562658e-02,3.2256438622e-04,1.4708216165e-02,1.9723579406e+00
3.4650000000e+02,2.5558661549e-03,1.0529469617e-02,7.3964386380e-01,2.1383902340e-01,1.8397963540e-02,3.2693584002e-04,1.4706877650e-02,1.9708343097e+00
3.4700000000e+02,2.5701968464e-03,1.0506046928e-02,7.4131708884e-01,2.1264904998e-01,1.8102496762e-02,3.2503098284e-04,1.4530089664e-02,1.9636269320e+00
3.4750000000e+02,2.5837963077e-03,1.0508598139e-02,7.4146476794e-01,2.1243440686e-01,1.8194384738e-02,3.2658170479e-04,1.4487464313e-02,1.9645882020e+00
3.4800000000e+02,2.5929495768e-03,1.0462154481e-02,7.4409570291e-01,2.1001288312e-01,1.8141710623e-02,3.2805812311e-04,1.4366541167e-02,1.9581329821e+00
3.4850000000e+02,2.6041463895e-03,1.0559945974e-02,7.4465558422e-01,2.0951491738e-01,1.8065926370e-02,3.2975873604e-04,1.4269720938e-02,1.9564265542e+00
3.4900000000e+02,2.6371653323e-03,1.0694360693e-02,7.4473407041e-01,2.0933616823e-01,1.8106991113e-02,3.3460248838e-04,1.4156641734e-02,1.9590301602e+00
3.4950000000e+02,2.6575309606e-03,1.0717494942e-02,7.4681242741e-01,2.0727020953e-01,1.8088887279e-02,3.3805200655e-04,1.4115397872e-02,1.9563773729e+00
3.5000000000e+02,2.6630208692e-03,1.0743362248e-02,7.4894195162e-01,2.0533878629e-01,1.8056149110e-02,3.3867908540e-04,1.3918050778e-02,1.9508165390e+00
3.5050000000e+02,2.6476119021e-03,1.0761070231e-02,7.4768614128e-01,2.0690550769e-01,1.7899469634e-02,3.4158817264e-04,1.3758611087e-02,1.9492787254e+00
3.5100000000e+02,2.6552084127e-03,1.0721166496e-02,7.5061066566e-01,2.0427004953e-01,1.7864051217e-02,3.4182603717e-04,1.3537032643e-02,1.9413887771e+00
3.5150000000e+02,2.6840869210e-03,1.0750223353e-02,7.4985179855e-01,2.0529353508e-01,1.7652322390e-02,3.4697103305e-04,1.3421062671e-02,1.9406991515e+00
3.5200000000e+02,2.6887750610e-03,1.0766109563e-02,7.5135985698e-01,2.0400308149e-01,1.7470470639e-02,3.4750236794e-04,1.3364203905e-02,1.9363625010e+00
3.5250000000e+02,2.7700339282e-03,1.0808441011e-02,7.5034067198e-01,2.0473445024e-01,1.7593707535e-02,3.5255091964e-04,1.3400144390e-02,1.9436982910e+00
3.5300000000e+02,2.7698749697e-03,1.0826926295e-02,7.5244708966e-01,2.0277731806e-01,1.7411575803e-02,3.5029214648e-04,1.3416923068e-02,1.9396601063e+00
3.5350000000e+02,2.7840270798e-03,1.0910968873e-02,7.5384083886e-01,2.0171709686e-01,1.7247515445e-02,3.4813609872e-04,1.3151416784e-02,1.9347303904e+00
3.5400000000e+02,2.7943320100e-03,1.0865488381e-02,7.5494409384e-01,2.0095693272e-01,1.7000858197e-02,3.5198280171e-04,1.3086312044e-02,1.9298432767e+00
3.5450000000e+02,2.8338485965e-03,1.0890675880e-02,7.5672403196e-01,1.9946369127e-01,1.6879560999e-02,3.5141927240e-04,1.2856772026e-02,1.9260581244e+00
3.5500000000e+02,2.8507362972e-03,1.0923746988e-02,7.5636777923e-01,2.0023476408e-01,1.6586024866e-02,3.5232338657e-04,1.2684625150e-02,1.9244110045e+00
3.5550000000e+02,2.8883471717e-03,1.1062665488e-02,7.5524979502e-01,2.0113770103e-01,1.6729765291e-02,3.5537780499e-04,1.2576348197e-02,1.9299877604e+00
3.5600000000e+02,2.8772195747e-03,1.0947958976e-02,7.5762978144e-01,1.9914155674e-01,1.6724441838e-02,3.5095521962e-04,1.2328086214e-02,1.9209052097e+00
3.5650000000e+02,2.9083882005e-03,1.1045856898e-02,7.5831375528e-01,1.9829899322e-01,1.6719172033e-02,3.5476929508e-04,1.2359065074e-02,1.9225976834e+00
3.5700000000e+02,2.8972321735e-03,1.1254350519e-02,7.5910036834e-01,1.9745869945e-01,1.6679192347e-02,3.5799577061e-04,1.2252161404e-02,1.9211783805e+00
3.5750000000e+02,2.8797942077e-03,1.1255300076e-02,7.5956146840e-01,1.9724079080e-01,1.6558141978e-02,3.5700014700e-04,1.2147504394e-02,1.9177443448e+00
3.5800000000e+02,2.8801136676e-03,1.1163484661e-02,7.5951378392e-01,1.9780017282e-01,1.6242621890e-02,3.5650637803e-04,1.2043316665e-02,1.9130248988e+00
3.5850000000e+02,2.9029267850e-03,1.1172455688e-02,7.6002580407e-01,1.9761418268e-01,1.6009810803e-02,3.5714964954e-04,1.1917670329e-02,1.9098588039e+00
3.5900000000e+02,2.9212479706e-03,1.1153150053e-02,7.6113850711e-01,1.9678260287e-01,1.5951172934e-02,3.5441591719e-04,1.1698903146e-02,1.9069461027e+00
3.5950000000e+02,2.9210074572e-03,1.1132259022e-02,7.6414788831e-01,1.9402940993e-01,1.5897536294e-02,3.5580646618e-04,1.1516092522e-02,1.8980086284e+00
3.6000000000e+02,2.9380564586e-03,1.1115848326e-02,7.6543201916e-01,1.9304312485e-01,1.5795609418e-02,3.5341545592e-04,1.1321926327e-02,1.8927599307e+00
3.6050000000e+02,2.9529331136e-03,1.1161746563e-02,7.6590734925e-01,1.9270943185e-01,1.5696720515e-02,3.5480024573e-04,1.1217018456e-02,1.8894793470e+00
3.6100000000e+02,2.9723937494e-03,1.1137334385e-02,7.6610411765e-01,1.9266547470e-01,1.5668681222e-02,3.5523752187e-04,1.1096760768e-02,1.8877690412e+00
3.6150000000e+02,2.9872377174e-03,1.1191394978e-02,7.6830917885e-01,1.9035533973e-01,1.5671833374e-02,3.5617240460e-04,1.1128842944e-02,1.8848326907e+00
3.6200000000e+02,2.9990540174e-03,1.1249312720e-02,7.7057590960e-01,1.8824444622e-01,1.5510865854e-02,3.5670882843e-04,1.1063702757e-02,1.8799168577e+00
3.6250000000e+02,2.9744577037e-03,1.1215650486e-02,7.7233725078e-01,1.8695260928e-01,1.5286481144e-02,3.5328118446e-04,1.0880269421e-02,1.8721476727e+00
3.6300000000e+02,2.9783200710e-03,1.1276574481e-02,7.7315213239e-01,1.8639865315e-01,1.5045527477e-02,3.5601204072e-04,1.0792780391e-02,1.8679751236e+00
3.6350000000e+02,3.0263077534e-03,1.1417535213e-02,7.7075666797e-01,1.8882919467e-01,1.4989849295e-02,3.6267407274e-04,1.0617771022e-02,1.8726712743e+00
3.6400000000e+02,3.0324353666e-03,1.1391759378e-02,7.7232865767e-01,1.8751509225e-01,1.4882865057e-02,3.6198657846e-04,1.0487203703e-02,1.8681067342e+00
3.6450000000e+02,3.0386592205e-03,1.1296596113e-02,7.7441741679e-01,1.8573745025e-01,1.4765323466e-02,3.6348320282e-04,1.0381070957e-02,1.8597245307e+00
3.6500000000e+02,3.0771238569e-03,1.1352920022e-02,7.7618574079e-01,1.8391690661e-01,1.4754918823e-02,3.6330900113e-04,1.0349080899e-02,1.8576753115e+00
3.6550000000e+02,3.0933412152e-03,1.1365206996e-02,7.7796463116e-01,1.8244487870e-01,1.4634778158e-02,3.6254009151e-04,1.0134623672e-02,1.8512608479e+00
3.6600000000e+02,3.0822398127e-03,1.1330445430e-02,7.7897621126e-01,1.8185408742e-01,1.4347794597e-02,3.6316551526e-04,1.0046055964e-02,1.8439413555e+00
3.6650000000e+02,3.0921505307e-03,1.1254930351e-02,7.8082094441e-01,1.8041959771e-01,1.4227409400e-02,3.6169904895e-04,9.8232685563e-03,1.8351130063e+00
3.6700000000e+02,3.0788748997e-03,1.1165461319e-02,7.8242380272e-01,1.7932823406e-01,1.3941241029e-02,3.5681072222e-04,9.7055752472e-03,1.8261555865e+00
3.6750000000e+02,3.0766856660e-03,1.1181308866e-02,7.8448978357e-01,1.7764176054e-01,1.3700067247e-02,3.5527936841e-04,9.5551147330e-03,1.8167385477e+00
3.6800000000e+02,3.0979881195e-03,1.1319197462e-02,7.8466234061e-01,1.7729116440e-01,1.3718464348e-02,3.5768357327e-04,9.5531614858e-03,1.8175964549e+00
3.6850000000e+02,3.1169260111e-03,1.1385050316e-02,7.8552397674e-01,1.7645450146e-01,1.3715271881e-02,3.5918737799e-04,9.4450862134e-03,1.8155551612e+00
3.6900000000e+02,3.1253297438e-03,1.1409849486e-02,7.8679778979e-01,1.7533298902e-01,1.3594110450e-02,3.5824357998e-04,9.3816879303e-03,1.8109290996e+00
3.6950000000e+02,3.1575695476e-03,1.1409499356e-02,7.8622560671e-01,1.7612368159e-01,1.3481903944e-02,3.6310089549e-04,9.2386379625e-03,1.8104528789e+00
3.7000000000e+02,3.2021349010e-03,1.1410676729e-02,7.8669443819e-01,1.7573440045e-01,1.3438160866e-02,3.6486841897e-04,9.1553204454e-03,1.8099939859e+00
3.7050000000e+02,3.2405286893e-03,1.1497768431e-02,7.8551144943e-01,1.7699089499e-01,1.3340444746e-02,3.6355198403e-04,9.0553617237e-03,1.8130490126e+00
3.7100000000e+02,3.2615184955e-03,1.1449961057e-02,7.8568066270e-01,1.7700898965e-01,1.3276865214e-02,3.6208245934e-04,8.9599204206e-03,1.8110253445e+00
3.7150000000e+02,3.2574414601e-03,1.1435080396e-02,7.8694023116e-01,1.7590002600e-01,1.3171202894e-02,3.6096749425e-04,8.9350505962e-03,1.8055186420e+00
3.7200000000e+02,3.2707409020e-03,1.1504228389e-02,7.8700828162e-01,1.7580534063e-01,1.3195972999e-02,3.6066533801e-04,8.8547701181e-03,1.8063266072e+00
3.7250000000e+02,3.2674751394e-03,1.1455957356e-02,7.8957679355e-01,1.7349837261e-01,1.3039976791e-02,3.5790527466e-04,8.8035192807e-03,1.7976569541e+00
3.7300000000e+02,3.2760411024e-03,1.1416433696e-02,7.9221666502e-01,1.7119282892e-01,1.2873960994e-02,3.5469093167e-04,8.6693793318e-03,1.7887312522e+00
3.7350000000e+02,3.3156596813e-03,1.1516946253e-02,7.9308256618e-01,1.7038175430e-01,1.2892391806e-02,3.4941861694e-04,8.4612631607e-03,1.7861146343e+00
3.7400000000e+02,3.3298235362e-03,1.1506667578e-02,7.9249313526e-01,1.7107711348e-01,1.2849780265e-02,3.4787991481e-04,8.3955999673e-03,1.7853034106e+00
3.7450000000e+02,3.3497781041e-03,1.1570884006e-02,7.9331932801e-01,1.7041026997e-01,1.2668034642e-02,3.4371320384e-04,8.3379920674e-03,1.7826196251e+00
3.7500000000e+02,3.3630044013e-03,1.1650243112e-02,7.9293408896e-01,1.7074998720e-01,1.2611347392e-02,3.4489233157e-04,8.3464365989e-03,1.7832453734e+00
3.7550000000e+02,3.3850193447e-03,1.1679396395e-02,7.9496528151e-01,1.6885624201e-01,1.2516659468e-02,3.4235952415e-04,8.2550417489e-03,1.7764821684e+00
3.7600000000e+02,3.3466057869e-03,1.1565602729e-02,7.9531386995e-01,1.6895109431e-01,1.2408448447e-02,3.3664190063e-04,8.0777368814e-03,1.7705154189e+00
3.7650000000e+02,3.3676156171e-03,1.1557174561e-02,7.9592858956e-01,1.6838518399e-01,1.2416578541e-02,3.3321551931e-04,8.0116422173e-03,1.7684486734e+00
3.7700000000e+02,3.3487339118e-03,1.1486805360e-02,7.9745478474e-01,1.6713773751e-01,1.2303271330e-02,3.2921587122e-04,7.9394512791e-03,1.7616263680e+00
3.7750000000e+02,3.3518641917e-03,1.1638876547e-02,7.9650583683e-01,1.6783400542e-01,1.2357364543e-02,3.2867506652e-04,7.9833773951e-03,1.7671608014e+00
3.7800000000e+02,3.3707305836e-03,1.1764719988e-02,7.9660810230e-01,1.6754885067e-01,1.2410259865e-02,3.3316403826e-04,7.9641725495e-03,1.7695616193e+00
3.7850000000e+02,3.3901531699e-03,1.1730291267e-02,7.9886790120e-01,1.6564792521e-01,1.2193963332e-02,3.3062932939e-04,7.8391364889e-03,1.7606599162e+00
3.7900000000e+02,3.3960098499e-03,1.1808720556e-02,7.9929908319e-01,1.6516208021e-01,1.2200152788e-02,3.2542937039e-04,7.8085240306e-03,1.7600040815e+00
3.7950000000e+02,3.3976232136e-03,1.1911973365e-02,7.9822352843e-01,1.6628533059e-01,1.2092530729e-02,3.2328553376e-04,7.7657281383e-03,1.7616660016e+00
3.8000000000e+02,3.3987884790e-03,1.1823678445e-02,7.9887467372e-01,1.6590007079e-01,1.2027517080e-02,3.2037576261e-04,7.6548957216e-03,1.7562670619e+00
3.8050000000e+02,3.4134782612e-03,1.1942458056e-02,7.9728039493e-01,1.6721014075e-01,1.2159106043e-02,3.1914492233e-04,7.6752770301e-03,1.7629892685e+00
3.8100000000e+02,3.4314288938e-03,1.1991103059e-02,7.9556740733e-01,1.6904675484e-01,1.2083158081e-02,3.1816046313e-04,7.5619873365e-03,1.7654180575e+00
3.8150000000e+02,3.4574299831e-03,1.1933029600e-02,7.9635818026e-01,1.6827189652e-01,1.2086229098e-02,3.1650295865e-04,7.5767315808e-03,1.7627314053e+00
3.8200000000e+02,3.4801293252e-03,1.1885834147e-02,7.9658297319e-01,1.6801145169e-01,1.2131685739e-02,3.1322148628e-04,7.5947044272e-03,1.7622489572e+00
3.8250000000e+02,3.4783629187e-03,1.1810495395e-02,7.9763479284e-01,1.6733521807e-01,1.1982953813e-02,3.1165430239e-04,7.4465226532e-03,1.7549972165e+00
3.8300000000e+02,3.4728635143e-03,1.1790257364e-02,7.9846848955e-01,1.6681725618e-01,1.1853069494e-02,3.0790597340e-04,7.2901579309e-03,1.7499958000e+00
3.8350000000e+02,3.5120192515e-03,1.1984216667e-02,7.9895824682e-01,1.6608098532e-01,1.1896346292e-02,3.0442386019e-04,7.2637617854e-03,1.7531523385e+00
3.8400000000e+02,3.5393352378e-03,1.1919562557e-02,7.9829745884e-01,1.6705195436e-01,1.1763644820e-02,2.9886527738e-04,7.1291789070e-03,1.7509378627e+00
3.8450000000e+02,3.5067466918e-03,1.1992916314e-02,7.9991250777e-01,1.6541701425e-01,1.1739973745e-02,2.9678500400e-04,7.1340562293e-03,1.7472116482e+00
3.8500000000e+02,3.5061227666e-03,1.2040564224e-02,7.9997122033e-01,1.6542418456e-01,1.1719938759e-02,2.9801828604e-04,7.0399510759e-03,1.7464605563e+00
3.8550000000e+02,3.5389492846e-03,1.2061656422e-02,8.0041593518e-01,1.6498231763e-01,1.1726081104e-02,2.9773383822e-04,6.9773265450e-03,1.7474479767e+00
3.8600000000e+02,3.5592098858e-03,1.2134502046e-02,8.0105197639e-01,1.6448282199e-01,1.1634324772e-02,2.9759310160e-04,6.8395718164e-03,1.7456360884e+00
3.8650000000e+02,3.5684141868e-03,1.2186582020e-02,8.0239489565e-01,1.6305016789e-01,1.1679314768e-02,2.9529430048e-04,6.8253311861e-03,1.7428140937e+00
3.8700000000e+02,3.5429899398e-03,1.2210607622e-02,8.0405329840e-01,1.6161793595e-01,1.1558412193e-02,2.9313972596e-04,6.7236161729e-03,1.7354604657e+00
3.8750000000e+02,3.5505281148e-03,1.2217429028e-02,8.0384829456e-01,1.6204266517e-01,1.1405297073e-02,2.8937262852e-04,6.6464134273e-03,1.7349615623e+00
3.8800000000e+02,3.5734054138e-03,1.2074321432e-02,8.0528257129e-01,1.6081329038e-01,1.1356487513e-02,2.8975094441e-04,6.6101730269e-03,1.7299749644e+00
3.8850000000e+02,3.6021227606e-03,1.2121111072e-02,8.0302677488e-01,1.6310075651e-01,1.1344751389e-02,2.9195157943e-04,6.5125318029e-03,1.7362632502e+00
3.8900000000e+02,3.5790554404e-03,1.2049238660e-02,8.0443324877e-01,1.6193852352e-01,1.1283447099e-02,2.8880759896e-04,6.4276789155e-03,1.7292848785e+00
3.8950000000e+02,3.5741743163e-03,1.1966783450e-02,8.0449417946e-01,1.6216302775e-01,1.1213435068e-02,2.8840036914e-04,6.2999995879e-03,1.7267322271e+00
3.9000000000e+02,3.5942159738e-03,1.1967518849e-02,8.0698723318e-01,1.5987498160e-01,1.1121612901e-02,2.8347054754e-04,6.1709669440e-03,1.7195012370e+00
3.9050000000e+02,3.5965661507e-03,1.1925268527e-02,8.0712782939e-01,1.5978844173e-01,1.1175722857e-02,2.8291416503e-04,6.1032571792e-03,1.7189759266e+00
3.9100000000e+02,3.5831696130e-03,1.1871199825e-02,8.0803965634e-01,1.5905820353e-01,1.1163911511e-02,2.7930111743e-04,6.0045580695e-03,1.7151381365e+00
3.9150000000e+02,3.5862194722e-03,1.1974872311e-02,8.0683057964e-01,1.6024479329e-01,1.1177448659e-02,2.7604928760e-04,5.9100373466e-03,1.7184669954e+00
3.9200000000e+02,3.6056094296e-03,1.1882183300e-02,8.0600523626e-01,1.6117353733e-01,1.1207218648e-02,2.7350719443e-04,5.8527078382e-03,1.7201409870e+00
3.9250000000e+02,3.6006333934e-03,1.1899553038e-02,8.0639221423e-01,1.6091398956e-01,1.1138960785e-02,2.7554583297e-04,5.7791031600e-03,1.7189523181e+00
3.9300000000e+02,3.6187879181e-03,1.1830517883e-02,8.0614163189e-01,1.6140369318e-01,1.1045925915e-02,2.7482995592e-04,5.6846132587e-03,1.7172888917e+00
3.9350000000e+02,3.6059419328e-03,1.1887689149e-02,8.0660948088e-01,1.6094792307e-01,1.1043010368e-02,2.7681527055e-04,5.6291393303e-03,1.7176049767e+00
3.9400000000e+02,3.6215188674e-03,1.1852189254e-02,8.0633712579e-01,1.6127609801e-01,1.1033076346e-02,2.7663842738e-04,5.6033533068e-03,1.7185348069e+00
3.9450000000e+02,3.5858598528e-03,1.1948806729e-02,8.0550188519e-01,1.6208148911e-01,1.1039958509e-02,2.7705517245e-04,5.5649454327e-03,1.7207653421e+00
3.9500000000e+02,3.5646681824e-03,1.1964077192e-02,8.0566052544e-01,1.6209047726e-01,1.0920156978e-02,2.7794598837e-04,5.5221489608e-03,1.7193847381e+00
3.9550000000e+02,3.5805533108e-03,1.2046899819e-02,8.0532195713e-01,1.6228605885e-01,1.0921587733e-02,2.8187717881e-04,5.5610659756e-03,1.7228039812e+00
3.9600000000e+02,3.5884675195e-03,1.2076102423e-02,8.0628607723e-01,1.6146734183e-01,1.0804605387e-02,2.8278158038e-04,5.4946240283e-03,1.7191765947e+00
3.9650000000e+02,3.5705626957e-03,1.2024326005e-02,8.0897947716e-01,1.5904835633e-01,1.0630354724e-02,2.8195137288e-04,5.4649717145e-03,1.7098774027e+00
3.9700000000e+02,3.5456143508e-03,1.2120427495e-02,8.0985415424e-01,1.5827967629e-01,1.0504024675e-02,2.7972545201e-04,5.4163775025e-03,1.7058931190e+00
3.9750000000e+02,3.5393673683e-03,1.2132777501e-02,8.1077371876e-01,1.5756339040e-01,1.0342324330e-02,2.7812130623e-04,5.3703003305e-03,1.7015933932e+00
3.9800000000e+02,3.5233446431e-03,1.2035163281e-02,8.1174747153e-01,1.5676965772e-01,1.0316027648e-02,2.7400386430e-04,5.3343313127e-03,1.6958666925e+00
3.9850000000e+02,3.5258623423e-03,1.1938263305e-02,8.1266380965e-01,1.5610713998e-01,1.0216712792e-02,2.7118075855e-04,5.2770311763e-03,1.6912314244e+00
3.9900000000e+02,3.5017390867e-03,1.1910509406e-02,8.1459696674e-01,1.5435776480e-01,1.0162229994e-02,2.6575609061e-04,5.2050338828e-03,1.6851045777e+00
3.9950000000e+02,3.5100156025e-03,1.1949410668e-02,8.1489200467e-01,1.5395851020e-01,1.0189608724e-02,2.6560008393e-04,5.2348500573e-03,1.6870746756e+00
4.0000000000e+02,3.4959882190e-03,1.1869772554e-02,8.1534217658e-01,1.5358881526e-01,1.0244647824e-02,2.6350044239e-04,5.1950991214e-03,1.6859174420e+00
4.0050000000e+02,3.4893346210e-03,1.1854461194e-02,8.1611605850e-01,1.5286693694e-01,1.0222510042e-02,2.6610273814e-04,5.1845959688e-03,1.6838278270e+00
4.0100000000e+02,3.5477581400e-03,1.1911884245e-02,8.1484077332e-01,1.5400731150e-01,1.0240993605e-02,2.7017415753e-04,5.1811050323e-03,1.6897164477e+00
4.0150000000e+02,3.5800899788e-03,1.1896598072e-02,8.1508992874e-01,1.5369742357e-01,1.0236018898e-02,2.7219062839e-04,5.2277501085e-03,1.6907568783e+00
4.0200000000e+02,3.6043918309e-03,1.1953135065e-02,8.1539989212e-01,1.5326608166e-01,1.0263872876e-02,2.7573870519e-04,5.2368877430e-03,1.6917527529e+00
4.0250000000e+02,3.6174319651e-03,1.1967063835e-02,8.1480085737e-01,1.5379296950e-01,1.0263155895e-02,2.7846409564e-04,5.2800573362e-03,1.6955264835e+00
4.0300000000e+02,3.6303867821e-03,1.2111582353e-02,8.1317722618e-01,1.5518791577e-01,1.0316659976e-02,2.8391042758e-04,5.2923185105e-03,1.7041823264e+00
4.0350000000e+02,3.6455957919e-03,1.2172521103e-02,8.1355552899e-01,1.5482935447e-01,1.0263064505e-02,2.8718468925e-04,5.2467504510e-03,1.7040127577e+00
4.0400000000e+02,3.6342035466e-03,1.2307924211e-02,8.1225275941e-01,1.5603816564e-01,1.0230871340e-02,2.9374595800e-04,5.2423298975e-03,1.7091001140e+00
4.0450000000e+02,3.5861839396e-03,1.2404870978e-02,8.1135358125e-01,1.5686313212e-01,1.0281330532e-02,2.9380956405e-04,5.2170916222e-03,1.7111637164e+00
4.0500000000e+02,3.5894888633e-03,1.2382776133e-02,8.1074068128e-01,1.5751167435e-01,1.0267157347e-02,2.9508508345e-04,5.2131369411e-03,1.7121781648e+00
4.0550000000e+02,3.5938253687e-03,1.2439504897e-02,8.1171666213e-01,1.5649408772e-01,1.0211711350e-02,2.9788629490e-04,5.2463222359e-03,1.7121113378e+00
4.0600000000e+02,3.5841832397e-03,1.2531908040e-02,8.0983684189e-01,1.5819395492e-01,1.0284086462e-02,3.0343144817e-04,5.2655940022e-03,1.7193993809e+00
4.0650000000e+02,3.6079020953e-03,1.2587435137e-02,8.0819884853e-01,1.5972807320e-01,1.0270669073e-02,3.0636195952e-04,5.3007100038e-03,1.7244263070e+00
4.0700000000e+02,3.5911057337e-03,1.2590077318e-02,8.0771308491e-01,1.6017539974e-01,1.0279443912e-02,3.1311041040e-04,5.3377779831e-03,1.7263871992e+00
4.0750000000e+02,3.5923420618e-03,1.2586526945e-02,8.0784143887e-01,1.6015452140e-01,1.0163646950e-02,3.1970920738e-04,5.3418145659e-03,1.7266014851e+00
4.0800000000e+02,3.6047996975e-03,1.2632696401e-02,8.0921309439e-01,1.5876894958e-01,1.0094930124e-02,3.2720542968e-04,5.3583243742e-03,1.7257468714e+00
4.0850000000e+02,3.6147751764e-03,1.2694117455e-02,8.1049258216e-01,1.5741723025e-01,1.0086523150e-02,3.3363841784e-04,5.3611333894e-03,1.7251207449e+00
4.0900000000e+02,3.6761579167e-03,1.2843079953e-02,8.0932784718e-01,1.5811708104e-01,1.0254048901e-02,3.4129732728e-04,5.4404876807e-03,1.7356599218e+00
4.0950000000e+02,3.6900326007e-03,1.2745591041e-02,8.1021194711e-01,1.5737468137e-01,1.0228196993e-02,3.4792954429e-04,5.4016213476e-03,1.7339484028e+00
4.1000000000e+02,3.6971383153e-03,1.2892056210e-02,8.0972233534e-01,1.5765482726e-01,1.0238494312e-02,3.5385344998e-04,5.4412951090e-03,1.7390296199e+00
4.1050000000e+02,3.7035888521e-03,1.2956298604e-02,8.0914334004e-01,1.5821408541e-01,1.0200391955e-02,3.5876321731e-04,5.4235319229e-03,1.7412910184e+00
4.1100000000e+02,3.7029039137e-03,1.3078334951e-02,8.0836902692e-01,1.5874871082e-01,1.0307544935e-02,3.7095412929e-04,5.4225243333e-03,1.7479143679e+00
4.1150000000e+02,3.7191573628e-03,1.3128588862e-02,8.0924829137e-01,1.5778251802e-01,1.0289718066e-02,3.7839576165e-04,5.4533305527e-03,1.7479476075e+00
4.1200000000e+02,3.7021761177e-03,1.3057905840e-02,8.1016029262e-01,1.5698430250e-01,1.0275277422e-02,3.8145554536e-04,5.4385899596e-03,1.7446302456e+00
4.1250000000e+02,3.6947749763e-03,1.2950472734e-02,8.1036739193e-01,1.5701262389e-01,1.0176428612e-02,3.8716986043e-04,5.4111380003e-03,1.7423890636e+00
4.1300000000e+02,3.7294040540e-03,1.3040208692e-02,8.0982952271e-01,1.5739786260e-01,1.0174633699e-02,3.9777986006e-04,5.4305883870e-03,1.7469252370e+00
4.1350000000e+02,3.7550160655e-03,1.2998155298e-02,8.1024292679e-01,1.5705514173e-01,1.0084212364e-02,4.0585785502e-04,5.4586898946e-03,1.7455568934e+00
4.1400000000e+02,3.7691257140e-03,1.2964878261e-02,8.0958957612e-01,1.5773288687e-01,1.0079513088e-02,4.1005968764e-04,5.4539602503e-03,1.7473115619e+00
4.1450000000e+02,3.7761390445e-03,1.2857002029e-02,8.0735810058e-01,1.6006722601e-01,1.0012790153e-02,4.1406364589e-04,5.5146785346e-03,1.7518560556e+00
4.1500000000e+02,3.7775520983e-03,1.2887894082e-02,8.0657173127e-01,1.6086201396e-01,9.9324054729e-03,4.2230374544e-04,5.5460993703e-03,1.7548747962e+00
4.1550000000e+02,3.7609527394e-03,1.2946708189e-02,8.0524657844e-01,1.6186229667e-01,1.0109887159e-02,4.2924114740e-04,5.6443356551e-03,1.7628676545e+00
4.1600000000e+02,3.8002222338e-03,1.3024520814e-02,8.0487452944e-01,1.6208982102e-01,1.0114403231e-02,4.3166928265e-04,5.6648339779e-03,1.7678012764e+00
4.1650000000e+02,3.8258304105e-03,1.3138187579e-02,8.0507913624e-01,1.6157730215e-01,1.0183763861e-02,4.3966591260e-04,5.7561138405e-03,1.7733500812e+00
4.1700000000e+02,3.8229316858e-03,1.3150598373e-02,8.0623315620e-01,1.6023398662e-01,1.0289241912e-02,4.4835283891e-04,5.8217323691e-03,1.7739987985e+00
4.1750000000e+02,3.8090876421e-03,1.3002441887e-02,8.0729103531e-01,1.5942533812e-01,1.0235346642e-02,4.4996108458e-04,5.7867893217e-03,1.7698591580e+00
4.1800000000e+02,3.8103846268e-03,1.2898476852e-02,8.0714614786e-01,1.5966302743e-01,1.0225838872e-02,4.5289160238e-04,5.8032327567e-03,1.7692959236e+00
4.1850000000e+02,3.8028176352e-03,1.2900109512e-02,8.0792147946e-01,1.5882150066e-01,1.0276453379e-02,4.5968406507e-04,5.8179552860e-03,1.7686375642e+00
4.1900000000e+02,3.7770394165e-03,1.2848720159e-02,8.0894851695e-01,1.5807166905e-01,1.0108705421e-02,4.6418573595e-04,5.7811632655e-03,1.7632914562e+00
4.1950000000e+02,3.7911108334e-03,1.2789590738e-02,8.0872792459e-01,1.5827211479e-01,1.0113200865e-02,4.7324400534e-04,5.8328141784e-03,1.7656929118e+00
4.2000000000e+02,3.8205706205e-03,1.2865851296e-02,8.0877700971e-01,1.5809471537e-01,1.0113365515e-02,4.7661644792e-04,5.8518710339e-03,1.7680704163e+00
4.2050000000e+02,3.8526213769e-03,1.2923761082e-02,8.0727434972e-01,1.5944139452e-01,1.0165601317e-02,4.8263095724e-04,5.8596410277e-03,1.7738476491e+00
4.2100000000e+02,3.8315872493e-03,1.2851512093e-02,8.0829550823e-01,1.5842914794e-01,1.0213304798e-02,4.8651093822e-04,5.8924287454e-03,1.7724399129e+00
4.2150000000e+02,3.8246581180e-03,1.2766620285e-02,8.0936196095e-01,1.5748654687e-01,1.0182971229e-02,4.8860373545e-04,5.8886388153e-03,1.7690700636e+00
4.2200000000e+02,3.8452604610e-03,1.2654163812e-02,8.1013465294e-01,1.5684612425e-01,1.0075661539e-02,4.9566908387e-04,5.9484679153e-03,1.7670545367e+00
4.2250000000e+02,3.8685502894e-03,1.2669580927e-02,8.0985768830e-01,1.5711056994e-01,1.0045740332e-02,4.9684979148e-04,5.9510204249e-03,1.7680566263e+00
4.2300000000e+02,3.9092056256e-03,1.2743895450e-02,8.0933398434e-01,1.5733377908e-01,1.0174873694e-02,5.0811937966e-04,5.9961424253e-03,1.7735558242e+00
4.2350000000e+02,3.9083666362e-03,1.2705966598e-02,8.1142499177e-01,1.5530292113e-01,1.0113910377e-02,5.1444792133e-04,6.0293955668e-03,1.7683549254e+00
4.2400000000e+02,3.8976378201e-03,1.2730855155e-02,8.1208133224e-01,1.5463127657e-01,1.0088994317e-02,5.1635239964e-04,6.0535515029e-03,1.7677588872e+00
4.2450000000e+02,3.9147310325e-03,1.2739838985e-02,8.1028883676e-01,1.5637402759e-01,1.0015054682e-02,5.1947361196e-04,6.1480373387e-03,1.7739599598e+00
4.2500000000e+02,3.9715054570e-03,1.2777242242e-02,8.0924154446e-01,1.5710573184e-01,1.0173906293e-02,5.2289477861e-04,6.2071749326e-03,1.7818078249e+00
4.2550000000e+02,3.9967734208e-03,1.2877748145e-02,8.0811443602e-01,1.5805811686e-01,1.0139792944e-02,5.3368048312e-04,6.2794521274e-03,1.7878188179e+00
4.2600000000e+02,4.0310772020e-03,1.2985915384e-02,8.0666196812e-01,1.5919131142e-01,1.0252000586e-02,5.3338814617e-04,6.3443391463e-03,1.7955197496e+00
4.2650000000e+02,4.0010797106e-03,1.3032924954e-02,8.0644401445e-01,1.5945529140e-01,1.0223921407e-02,5.3596518421e-04,6.3068028980e-03,1.7955050554e+00
4.2700000000e+02,4.0236026674e-03,1.3061622674e-02,8.0652279370e-01,1.5928530578e-01,1.0229083374e-02,5.3722589018e-04,6.3403659164e-03,1.7970410666e+00
4.2750000000e+02,4.0513817008e-03,1.3014811796e-02,8.0640789756e-01,1.5940227850e-01,1.0184197390e-02,5.3978811142e-04,6.3996449433e-03,1.7987756854e+00
4.2800000000e+02,4.0757219227e-03,1.2957114908e-02,8.0535253474e-01,1.6048820975e-01,1.0191647624e-02,5.4193286645e-04,6.3928381895e-03,1.8022547072e+00
4.2850000000e+02,4.0704890386e-03,1.2970078114e-02,8.0534169684e-01,1.6041447927e-01,1.0303769554e-02,5.5014216336e-04,6.3493450232e-03,1.8029277552e+00
4.2900000000e+02,4.0854615854e-03,1.3009383338e-02,8.0437337312e-01,1.6130819707e-01,1.0310842406e-02,5.5945954144e-04,6.3532829363e-03,1.8062371432e+00
4.2950000000e+02,4.1121030441e-03,1.3048796241e-02,8.0388966168e-01,1.6156576401e-01,1.0423799519e-02,5.6583426162e-04,6.3940412528e-03,1.8113063467e+00
4.3000000000e+02,4.1013056347e-03,1.3025882015e-02,8.0292675447e-01,1.6253650062e-01,1.0412531997e-02,5.7145490624e-04,6.4255703644e-03,1.8133639575e+00
4.3050000000e+02,4.1654086275e-03,1.3024107916e-02,8.0294811026e-01,1.6230914028e-01,1.0461794793e-02,5.7949142863e-04,6.5119466930e-03,1.8171864889e+00
4.3100000000e+02,4.1789162075e-03,1.3099196974e-02,8.0285819467e-01,1.6229596561e-01,1.0487175388e-02,5.7891884925e-04,6.5016323060e-03,1.8185796417e+00
4.3150000000e+02,4.1733113710e-03,1.3130645880e-02,8.0374191101e-01,1.6132760217e-01,1.0542259598e-02,5.8071860805e-04,6.5035513604e-03,1.8172964718e+00
4.3200000000e+02,4.1829135050e-03,1.3125489666e-02,8.0336340071e-01,1.6161835140e-01,1.0601742186e-02,5.8559023387e-04,6.5225122973e-03,1.8211558007e+00
4.3250000000e+02,4.2050246478e-03,1.3233979712e-02,8.0106340638e-01,1.6359566172e-01,1.0696454126e-02,5.9321603912e-04,6.6122573728e-03,1.8312322955e+00
4.3300000000e+02,4.1818876079e-03,1.3208313938e-02,8.0056182767e-01,1.6405486969e-01,1.0769802305e-02,5.9480172221e-04,6.6284970730e-03,1.8324587184e+00
4.3350000000e+02,4.1756480684e-03,1.3222020431e-02,7.9935887654e-01,1.6524741184e-01,1.0768877105e-02,5.9715715201e-04,6.6300088652e-03,1.8354064746e+00
4.3400000000e+02,4.1819341981e-03,1.3244815317e-02,7.9927820327e-01,1.6519604917e-01,1.0794682307e-02,6.0473607623e-04,6.6995796654e-03,1.8374625169e+00
4.3450000000e+02,4.1642646948e-03,1.3230408624e-02,7.9981532024e-01,1.6470096274e-01,1.0775117982e-02,6.0282114069e-04,6.7111045843e-03,1.8355603799e+00
4.3500000000e+02,4.2000255005e-03,1.3311902985e-02,7.9818108791e-01,1.6618289985e-01,1.0820366190e-02,6.0767601416e-04,6.6960415523e-03,1.8419766225e+00
4.3550000000e+02,4.2048473221e-03,1.3372876488e-02,7.9819504776e-01,1.6597473742e-01,1.0832215156e-02,6.1069731593e-04,6.8095785414e-03,1.8449362075e+00
4.3600000000e+02,4.2156897758e-03,1.3441519501e-02,7.9807377048e-01,1.6588578557e-01,1.0894210852e-02,6.1441175702e-04,6.8746120615e-03,1.8479445514e+00
4.3650000000e+02,4.2723205964e-03,1.3599841085e-02,7.9721018006e-01,1.6636833922e-01,1.0985580286e-02,6.1913722386e-04,6.9446015364e-03,1.8554177549e+00
4.3700000000e+02,4.3195628156e-03,1.3752051331e-02,7.9528674454e-01,1.6800741758e-01,1.1055060748e-02,6.2326118632e-04,6.9559018024e-03,1.8636713400e+00
4.3750000000e+02,4.3406626164e-03,1.3806737438e-02,7.9469246015e-01,1.6837317605e-01,1.1108196883e-02,6.2554745362e-04,7.0532194139e-03,1.8682532572e+00
4.3800000000e+02,4.3776432117e-03,1.3807216248e-02,7.9420943478e-01,1.6869733314e-01,1.1134032672e-02,6.2967622880e-04,7.1446637153e-03,1.8723733070e+00
4.3850000000e+02,4.3549780770e-03,1.3717402314e-02,7.9344560880e-01,1.6942718490e-01,1.1210450198e-02,6.2874170099e-04,7.2156340024e-03,1.8754588989e+00
4.3900000000e+02,4.3368196728e-03,1.3690480249e-02,7.9361933725e-01,1.6921718689e-01,1.1268701142e-02,6.3279108758e-04,7.2346837145e-03,1.8752442168e+00
4.3950000000e+02,4.3630372183e-03,1.3716297963e-02,7.9341614787e-01,1.6920504476e-01,1.1331310926e-02,6.3595489337e-04,7.3322063692e-03,1.8787305392e+00
4.4000000000e+02,4.3326195382e-03,1.3604459621e-02,7.9427768415e-01,1.6859683327e-01,1.1217359840e-02,6.2817643807e-04,7.3428671451e-03,1.8730609654e+00
4.4050000000e+02,4.3164912420e-03,1.3588485528e-02,7.9504350544e-01,1.6789746223e-01,1.1175361671e-02,6.2414767468e-04,7.3545462062e-03,1.8708830808e+00
4.4100000000e+02,4.3672300521e-03,1.3696779797e-02,7.9541858646e-01,1.6719177374e-01,1.1200364401e-02,6.2768134421e-04,7.4975842105e-03,1.8749477314e+00
4.4150000000e+02,4.4439375243e-03,1.3778772197e-02,7.9466876438e-01,1.6756614659e-01,1.1339131295e-02,6.3555140483e-04,7.5676966052e-03,1.8835642887e+00
4.4200000000e+02,4.4644589216e-03,1.3764617844e-02,7.9361442170e-01,1.6855201400e-01,1.1385632041e-02,6.3757227150e-04,7.5812832280e-03,1.8865877637e+00
4.4250000000e+02,4.4733165114e-03,1.3737709433e-02,7.9315735067e-01,1.6897992620e-01,1.1409831617e-02,6.4187366322e-04,7.5999919111e-03,1.8883764923e+00
4.4300000000e+02,4.4577722593e-03,1.3721367690e-02,7.9199508382e-01,1.7012841688e-01,1.1358036377e-02,6.4595430630e-04,7.6933686717e-03,1.8912044507e+00
4.4350000000e+02,4.4332438778e-03,1.3766790867e-02,7.9166796904e-01,1.7044073576e-01,1.1334890849e-02,6.3721528517e-04,7.7191543245e-03,1.8916850932e+00
4.4400000000e+02,4.4595390336e-03,1.3841768818e-02,7.8991028031e-01,1.7176655704e-01,1.1495557840e-02,6.4243056911e-04,7.8838663892e-03,1.9013523866e+00
4.4450000000e+02,4.4161548865e-03,1.3695004527e-02,7.9009759429e-01,1.7179997878e-01,1.1485660193e-02,6.4227889216e-04,7.8633284240e-03,1.8978553343e+00
4.4500000000e+02,4.3747782726e-03,1.3659950813e-02,7.9077157014e-01,1.7119557141e-01,1.1470026271e-02,6.4444036392e-04,7.8836627239e-03,1.8955648010e+00
4.4550000000e+02,4.4027208997e-03,1.3786179928e-02,7.9049185691e-01,1.7118014100e-01,1.1537718401e-02,6.4266749791e-04,7.9587153575e-03,1.9001253041e+00
4.4600000000e+02,4.4047335220e-03,1.3821922862e-02,7.9035117227e-01,1.7108394117e-01,1.1671601681e-02,6.4914266378e-04,8.0174858334e-03,1.9046604136e+00
4.4650000000e+02,4.4139501532e-03,1.3756180150e-02,7.8937579113e-01,1.7210701462e-01,1.1733263388e-02,6.5374698704e-04,7.9600535690e-03,1.9062871976e+00
4.4700000000e+02,4.4280737768e-03,1.3874647405e-02,7.8900297482e-01,1.7219546789e-01,1.1778593003e-02,6.5406655614e-04,8.0661765442e-03,1.9110566698e+00
4.4750000000e+02,4.4524610154e-03,1.3929939102e-02,7.8828757830e-01,1.7275365968e-01,1.1825474244e-02,6.5870527757e-04,8.0921823715e-03,1.9153294657e+00
4.4800000000e+02,4.4981528452e-03,1.3949032788e-02,7.8879252041e-01,1.7210074953e-01,1.1778119974e-02,6.6130433452e-04,8.2201201156e-03,1.9165731386e+00
4.4850000000e+02,4.5412173989e-03,1.4012703456e-02,7.8568547043e-01,1.7491688616e-01,1.1886100450e-02,6.6948617367e-04,8.2881359300e-03,1.9273302280e+00
4.4900000000e+02,4.5742455650e-03,1.4027274058e-02,7.8314654926e-01,1.7722522817e-01,1.1972190058e-02,6.7300076632e-04,8.3815121249e-03,1.9357446977e+00
4.4950000000e+02,4.5441586220e-03,1.3941853927e-02,7.8264876433e-01,1.7775925839e-01,1.1985603718e-02,6.7526383453e-04,8.4450971809e-03,1.9370617447e+00
4.5000000000e+02,4.5430492350e-03,1.3887688494e-02,7.8139913665e-01,1.7879849559e-01,1.2183920755e-02,6.7529665952e-04,8.5124126152e-03,1.9431596875e+00
4.5050000000e+02,4.6216610208e-03,1.3895749937e-02,7.7968354171e-01,1.8020568435e-01,1.2363687510e-02,6.8214348430e-04,8.5475319841e-03,1.9519093777e+00
4.5100000000e+02,4.6350214013e-03,1.3824914820e-02,7.8103624882e-01,1.7882918594e-01,1.2461827332e-02,6.8085306239e-04,8.5319486225e-03,1.9495231934e+00
4.5150000000e+02,4.6504352171e-03,1.3904663817e-02,7.8130151364e-01,1.7827742863e-01,1.2612241115e-02,6.7942306670e-04,8.5742945095e-03,1.9520139306e+00
4.5200000000e+02,4.6750931329e-03,1.4050812820e-02,7.8047545089e-01,1.7889788803e-01,1.2623401619e-02,6.7702280195e-04,8.6003306996e-03,1.9559419830e+00
4.5250000000e+02,4.7194104364e-03,1.3976563516e-02,7.7921606169e-01,1.7996761248e-01,1.2761869064e-02,6.7981323513e-04,8.6786695800e-03,1.9615478490e+00
4.5300000000e+02,4.7467201042e-03,1.3916545058e-02,7.7666363048e-01,1.8241149517e-01,1.2878446770e-02,6.8406252155e-04,8.6990999016e-03,1.9687653562e+00
4.5350000000e+02,4.7842154881e-03,1.4060615183e-02,7.7528712394e-01,1.8357308889e-01,1.2874293086e-02,6.9158775102e-04,8.7290756625e-03,1.9749492754e+00
4.5400000000e+02,4.8189791750e-03,1.4103195625e-02,7.7579703701e-01,1.8293840415e-01,1.2876446552e-02,6.9539758329e-04,8.7705399046e-03,1.9750852522e+00
4.5450000000e+02,4.8170911814e-03,1.4014016417e-02,7.7418829651e-01,1.8453356652e-01,1.2925960705e-02,6.9475476544e-04,8.8263139058e-03,1.9781791577e+00
4.5500000000e+02,4.8624308175e-03,1.3962407087e-02,7.7453029419e-01,1.8402818774e-01,1.2947347020e-02,6.9277916536e-04,8.9765539738e-03,1.9799571074e+00
4.5550000000e+02,4.8906354262e-03,1.3834369378e-02,7.7377094445e-01,1.8472556297e-01,1.3078547295e-02,6.9496262399e-04,9.0049778603e-03,1.9831257584e+00
4.5600000000e+02,4.8614774944e-03,1.3616945659e-02,7.7453850213e-01,1.8427711058e-01,1.3035014567e-02,6.8920836643e-04,8.9817412018e-03,1.9772143818e+00
4.5650000000e+02,4.8709193202e-03,1.3594827999e-02,7.7525912186e-01,1.8344639393e-01,1.3112541143e-02,6.8698217334e-04,9.0292135743e-03,1.9769051593e+00
4.5700000000e+02,4.8695952278e-03,1.3423177409e-02,7.7430557379e-01,1.8448235603e-01,1.3163326648e-02,6.7789969191e-04,9.0780711998e-03,1.9771944837e+00
4.5750000000e+02,4.8202262071e-03,1.3346125305e-02,7.7493487546e-01,1.8377568836e-01,1.3258833125e-02,6.8164491182e-04,9.1826066342e-03,1.9773624840e+00
4.5800000000e+02,4.8694021438e-03,1.3207041251e-02,7.7523608482e-01,1.8352200163e-01,1.3258802053e-02,6.8331746474e-04,9.2233506373e-03,1.9771757425e+00
4.5850000000e+02,4.9188845016e-03,1.3333720008e-02,7.7324631713e-01,1.8501655366e-01,1.3391641663e-02,6.9484837443e-04,9.3980346670e-03,1.9880894197e+00
4.5900000000e+02,4.9425386226e-03,1.3422197542e-02,7.7096564723e-01,1.8704328256e-01,1.3514455067e-02,6.9156411297e-04,9.4203148720e-03,1.9958534539e+00
4.5950000000e+02,4.9548314346e-03,1.3296838871e-02,7.7104369418e-01,1.8694216044e-01,1.3622552392e-02,6.9028557719e-04,9.4496371053e-03,1.9963088710e+00
4.6000000000e+02,4.9918464329e-03,1.3345595904e-02,7.7014818338e-01,1.8770252261e-01,1.3620021823e-02,6.8594739543e-04,9.5058824544e-03,2.0001720807e+00
4.6050000000e+02,4.9476956202e-03,1.3253478946e-02,7.6999430423e-01,1.8794872887e-01,1.3702461553e-02,6.9084931292e-04,9.4624814659e-03,1.9990186683e+00
4.6100000000e+02,4.9124070769e-03,1.3263924897e-02,7.6980630162e-01,1.8811014360e-01,1.3728959466e-02,6.8951505305e-04,9.4887482825e-03,1.9997160033e+00
4.6150000000e+02,4.9038209286e-03,1.3214474084e-02,7.6794057077e-01,1.8988081868e-01,1.3869172010e-02,7.0139154405e-04,9.4897519865e-03,2.0044770109e+00
4.6200000000e+02,4.8674899137e-03,1.3258057922e-02,7.6640472160e-01,1.9128653541e-01,1.3933354840e-02,7.0061921650e-04,9.5492210955e-03,2.0089014924e+00
4.6250000000e+02,4.8840635067e-03,1.3354629808e-02,7.6399003987e-01,1.9352379527e-01,1.3918327671e-02,7.0564888741e-04,9.6234949888e-03,2.0158051926e+00
4.6300000000e+02,4.9032245851e-03,1.3410931472e-02,7.6207105563e-01,1.9504442685e-01,1.4121508528e-02,7.0810385898e-04,9.7407490742e-03,2.0242399739e+00
4.6350000000e+02,4.8592587755e-03,1.3424518758e-02,7.6251987631e-01,1.9464290765e-01,1.4084579436e-02,7.1008242833e-04,9.7587766416e-03,2.0223495502e+00
4.6400000000e+02,4.8900953431e-03,1.3499851833e-02,7.6119474439e-01,1.9568855350e-01,1.4194562047e-02,7.1884199622e-04,9.8133508935e-03,2.0291989908e+00
4.6450000000e+02,4.8873961886e-03,1.3409115570e-02,7.6183118747e-01,1.9511712728e-01,1.4151812869e-02,7.2291107582e-04,9.8804495545e-03,2.0281792372e+00
4.6500000000e+02,4.9337638549e-03,1.3295967887e-02,7.6090178318e-01,1.9585770000e-01,1.4314416241e-02,7.2303648695e-04,9.9733323497e-03,2.0324149871e+00
4.6550000000e+02,4.9683232913e-03,1.3249462257e-02,7.5955061823e-01,1.9699983464e-01,1.4430976993e-02,7.2174961665e-04,1.0079034967e-02,2.0381306907e+00
4.6600000000e+02,4.9636720426e-03,1.3180566687e-02,7.6011939605e-01,1.9629216200e-01,1.4578287348e-02,7.1495205560e-04,1.0150963815e-02,2.0392382288e+00
4.6650000000e+02,4.9943125807e-03,1.3187231767e-02,7.5927669864e-01,1.9698055541e-01,1.4604784107e-02,7.1153462574e-04,1.0244882863e-02,2.0425881300e+00
4.6700000000e+02,4.9676025396e-03,1.3063247789e-02,7.6026045259e-01,1.9632857071e-01,1.4453507413e-02,7.0263025848e-04,1.0223988692e-02,2.0365342451e+00
4.6750000000e+02,4.9509945575e-03,1.3022182530e-02,7.5914704034e-01,1.9726577595e-01,1.4555186872e-02,7.0061861128e-04,1.0358201140e-02,2.0399597346e+00
4.6800000000e+02,4.9471424559e-03,1.3020935881e-02,7.5736645862e-01,1.9908482849e-01,1.4423561960e-02,7.0415579898e-04,1.0452916794e-02,2.0428283382e+00
4.6850000000e+02,4.9798583956e-03,1.3076059966e-02,7.5463824248e-01,2.0161142722e-01,1.4502052858e-02,7.1070760386e-04,1.0481651472e-02,2.0513015304e+00
4.6900000000e+02,5.0112719783e-03,1.3057021537e-02,7.5400190631e-01,2.0205381617e-01,1.4575393244e-02,7.1162379539e-04,1.0588966965e-02,2.0557251549e+00
4.6950000000e+02,5.0212163011e-03,1.3030920200e-02,7.5188799463e-01,2.0380841152e-01,1.4825363384e-02,7.1572264833e-04,1.0710371308e-02,2.0639132515e+00
4.7000000000e+02,5.0043133984e-03,1.2918165805e-02,7.5261687780e-01,2.0323706250e-01,1.4757524840e-02,7.0652549413e-04,1.0759530165e-02,2.0601646587e+00
4.7050000000e+02,5.0230608140e-03,1.2975868407e-02,7.4911632914e-01,2.0619151556e-01,1.5049094882e-02,7.1274355407e-04,1.0931387638e-02,2.0729206125e+00
4.7100000000e+02,4.9873691644e-03,1.3057213366e-02,7.4744091268e-01,2.0759503025e-01,1.5208412716e-02,7.1860846620e-04,1.0992453361e-02,2.0783127471e+00
4.7150000000e+02,4.9860387479e-03,1.3081241581e-02,7.4664395734e-01,2.0812636947e-01,1.5240428519e-02,7.2443769287e-04,1.1197526649e-02,2.0837489581e+00
4.7200000000e+02,5.0145812351e-03,1.3122779453e-02,7.4595026537e-01,2.0846546046e-01,1.5376162816e-02,7.2705441975e-04,1.1343696244e-02,2.0887439839e+00
4.7250000000e+02,5.0065636292e-03,1.2984937753e-02,7.4267863960e-01,2.1160239192e-01,1.5505113848e-02,7.3147632217e-04,1.1490876928e-02,2.0960238877e+00
4.7300000000e+02,4.9955709381e-03,1.2980448340e-02,7.4081600280e-01,2.1331278229e-01,1.5554438933e-02,7.3419699574e-04,1.1606559696e-02,2.1008607937e+00
4.7350000000e+02,5.0146849441e-03,1.2953623099e-02,7.4016579126e-01,2.1363786811e-01,1.5728327265e-02,7.3388153888e-04,1.1765823790e-02,2.1063325314e+00
4.7400000000e+02,4.9551156156e-03,1.2870699184e-02,7.4148573402e-01,2.1235807350e-01,1.5820571966e-02,7.3445186315e-04,1.1775353848e-02,2.1034596275e+00
4.7450000000e+02,4.9482128484e-03,1.2723719880e-02,7.4308282151e-01,2.1095129693e-01,1.5741899987e-02,7.3271895220e-04,1.1819329885e-02,2.0986445469e+00
4.7500000000e+02,4.9165707764e-03,1.2524851872e-02,7.4662841148e-01,2.0778860981e-01,1.5618140905e-02,7.2844472671e-04,1.1794970433e-02,2.0876291115e+00
4.7550000000e+02,4.8947281308e-03,1.2430610400e-02,7.4655382035e-01,2.0786396065e-01,1.5750887082e-02,7.1865409556e-04,1.1787339292e-02,2.0859725688e+00
4.7600000000e+02,4.8674467665e-03,1.2302186651e-02,7.4675598018e-01,2.0782741684e-01,1.5679337244e-02,7.1757138511e-04,1.1850060941e-02,2.0835536291e+00
4.7650000000e+02,4.8943828699e-03,1.2372205167e-02,7.4530521961e-01,2.0889039243e-01,1.5835434328e-02,7.2095640096e-04,1.1981409195e-02,2.0911008755e+00
4.7700000000e+02,4.8684496442e-03,1.2292978065e-02,7.4594311533e-01,2.0813861804e-01,1.5948019581e-02,7.2403523939e-04,1.2084784099e-02,2.0906955236e+00
4.7750000000e+02,4.8919742036e-03,1.2431219806e-02,7.4454264354e-01,2.0906800722e-01,1.6107642611e-02,7.3338083626e-04,1.2225131792e-02,2.0993371713e+00
4.7800000000e+02,4.8727465506e-03,1.2450807404e-02,7.4253684419e-01,2.1092044493e-01,1.6196407860e-02,7.3537778617e-04,1.2287371279e-02,2.1049952799e+00
4.7850000000e+02,4.8991831327e-03,1.2486045163e-02,7.4134779699e-01,2.1171727302e-01,1.6357871578e-02,7.3869627856e-04,1.2453133843e-02,2.1118736882e+00
4.7900000000e+02,4.9111766786e-03,1.2506655128e-02,7.4072881228e-01,2.1204988467e-01,1.6481515132e-02,7.4179442851e-04,1.2580161687e-02,2.1168943598e+00
4.7950000000e+02,4.9337276120e-03,1.2394695769e-02,7.3972026475e-01,2.1305948724e-01,1.6506056978e-02,7.3813990581e-04,1.2647627746e-02,2.1186585104e+00
4.8000000000e+02,4.8770865291e-03,1.2416465998e-02,7.3729748820e-01,2.1514018017e-01,1.6643400146e-02,7.4493708499e-04,1.2880441876e-02,2.1270800649e+00
4.8050000000e+02,4.8757237355e-03,1.2385014016e-02,7.3700034404e-01,2.1520946592e-01,1.6822442714e-02,7.4887896416e-04,1.2958130613e-02,2.1300724247e+00
4.8100000000e+02,4.7959205853e-03,1.2301129902e-02,7.3608406933e-01,2.1615513103e-01,1.6986601302e-02,7.4132621313e-04,1.2935821639e-02,2.1301117686e+00
4.8150000000e+02,4.8165443934e-03,1.2334372469e-02,7.3591885871e-01,2.1611944779e-01,1.7154338580e-02,7.4280881197e-04,1.2913629249e-02,2.1322698799e+00
4.8200000000e+02,4.7874212393e-03,1.2440617587e-02,7.3636357674e-01,2.1533194871e-01,1.7341745857e-02,7.5309381458e-04,1.2981596053e-02,2.1354756825e+00
4.8250000000e+02,4.7963627316e-03,1.2386888578e-02,7.3544778649e-01,2.1627442932e-01,1.7264809028e-02,7.5575900778e-04,1.3073964848e-02,2.1369499810e+00
4.8300000000e+02,4.8000291899e-03,1.2291088905e-02,7.3464432572e-01,2.1712663030e-01,1.7289805358e-02,7.4768732213e-04,1.3100433199e-02,2.1375753545e+00
4.8350000000e+02,4.7949982284e-03,1.2357205507e-02,7.3465962353e-01,2.1675172745e-01,1.7329982291e-02,7.4567277866e-04,1.3360790215e-02,2.1411735208e+00
4.8400000000e+02,4.8195259589e-03,1.2315903132e-02,7.3446482895e-01,2.1673509240e-01,1.7454668494e-02,7.4898705038e-04,1.3460994015e-02,2.1446449082e+00
4.8450000000e+02,4.8182081272e-03,1.2290115858e-02,7.3337685712e-01,2.1747064131e-01,1.7735642568e-02,7.4428850073e-04,1.3564246515e-02,2.1501137880e+00
4.8500000000e+02,4.7862448846e-03,1.2248762107e-02,7.3290151787e-01,2.1778423549e-01,1.7913817690e-02,7.4470149339e-04,1.3620720468e-02,2.1515905655e+00
4.8550000000e+02,4.7963238108e-03,1.2413756751e-02,7.3135089358e-01,2.1883612637e-01,1.8060904996e-02,7.4655750173e-04,1.3795436990e-02,2.1601393698e+00
4.8600000000e+02,4.7845569767e-03,1.2371466562e-02,7.3097688512e-01,2.1911524990e-01,1.8099915255e-02,7.4706328063e-04,1.3904862905e-02,2.1612803940e+00
4.8650000000e+02,4.7648752802e-03,1.2404789452e-02,7.2974031069e-01,2.1993767805e-01,1.8342089979e-02,7.4584263307e-04,1.4064413917e-02,2.1674831000e+00
4.8700000000e+02,4.8291967369e-03,1.2558447660e-02,7.2592153150e-01,2.2288794464e-01,1.8637422356e-02,7.5489631439e-04,1.4410560792e-02,2.1845862970e+00
4.8750000000e+02,4.8479655788e-03,1.2554410405e-02,7.2611950346e-01,2.2217404780e-01,1.8969495859e-02,7.5949326685e-04,1.4575083631e-02,2.1894852504e+00
4.8800000000e+02,4.8747752731e-03,1.2594929134e-02,7.2540507550e-01,2.2247688294e-01,1.9125835274e-02,7.6371457501e-04,1.4758787304e-02,2.1955157190e+00
4.8850000000e+02,4.8862808022e-03,1.2643116539e-02,7.2417975060e-01,2.2331260637e-01,1.9265737963e-02,7.7091708365e-04,1.4941590647e-02,2.2021507696e+00
4.8900000000e+02,4.8411311853e-03,1.2615848972e-02,7.2367834123e-01,2.2367519606e-01,1.9351393075e-02,7.7274644944e-04,1.5065343027e-02,2.2034885714e+00
4.8950000000e+02,4.8412202931e-03,1.2717939968e-02,7.2217185275e-01,2.2463472667e-01,1.9564744948e-02,7.8171644778e-04,1.5287798924e-02,2.2118611222e+00
4.9000000000e+02,4.8758094402e-03,1.2762967595e-02,7.2134796791e-01,2.2507240907e-01,1.9804895599e-02,7.8839689137e-04,1.5347553491e-02,2.2174762387e+00
4.9050000000e+02,4.8537275118e-03,1.2678898710e-02,7.2035815185e-01,2.2571487634e-01,2.0011424456e-02,7.9998505577e-04,1.5582936076e-02,2.2218581169e+00
4.9100000000e+02,4.8043219784e-03,1.2801096889e-02,7.2109326003e-01,2.2476398981e-01,2.0132942387e-02,7.9266553350e-04,1.5611723376e-02,2.2221152500e+00
4.9150000000e+02,4.8273611525e-03,1.2879578314e-02,7.2070572727e-01,2.2466784845e-01,2.0310946552e-02,7.9401406792e-04,1.5814524201e-02,2.2273401373e+00
4.9200000000e+02,4.8071864214e-03,1.2925655249e-02,7.2178347255e-01,2.2334789807e-01,2.0367225978e-02,7.9272449293e-04,1.5975837237e-02,2.2273783483e+00
4.9250000000e+02,4.8093149333e-03,1.2834426958e-02,7.2243982353e-01,2.2296522118e-01,2.0236602472e-02,7.8894872918e-04,1.5925662201e-02,2.2231309633e+00
4.9300000000e+02,4.7653347293e-03,1.2819038272e-02,7.2100330501e-01,2.2443668733e-01,2.0235318126e-02,7.8071906641e-04,1.5959597472e-02,2.2246036788e+00
4.9350000000e+02,4.8019273191e-03,1.2744980811e-02,7.2175918927e-01,2.2333879245e-01,2.0447753245e-02,7.8189361952e-04,1.6125463293e-02,2.2265876059e+00
4.9400000000e+02,4.7972067435e-03,1.2779818500e-02,7.2191398891e-01,2.2303095333e-01,2.0497475253e-02,7.9225694846e-04,1.6188300319e-02,2.2291457491e+00
4.9450000000e+02,4.8127428800e-03,1.2908572281e-02,7.2034294844e-01,2.2431643526e-01,2.0588821741e-02,7.9521471380e-04,1.6235264683e-02,2.2357165554e+00
4.9500000000e+02,4.7607499322e-03,1.2903286535e-02,7.2152180106e-01,2.2303165463e-01,2.0675099103e-02,7.8962545234e-04,1.6317783286e-02,2.2341365880e+00
4.9550000000e+02,4.7523247092e-03,1.3135956351e-02,7.1791609790e-01,2.2612244369e-01,2.0792580133e-02,8.0312459151e-04,1.6477472620e-02,2.2450960334e+00
4.9600000000e+02,4.7800046428e-03,1.3235140583e-02,7.1514633033e-01,2.2834116854e-01,2.0979724926e-02,8.2055848858e-04,1.6697072493e-02,2.2557731323e+00
4.9650000000e+02,4.7942633055e-03,1.3188570042e-02,7.1406614214e-01,2.2918036174e-01,2.1173172040e-02,8.2723101119e-04,1.6770259714e-02,2.2598400432e+00
4.9700000000e+02,4.7845270961e-03,1.3168439397e-02,7.1020641952e-01,2.3278720896e-01,2.1341769795e-02,8.3554535197e-04,1.6876089879e-02,2.2680965602e+00
4.9750000000e+02,4.7784786497e-03,1.3178654290e-02,7.0905466598e-01,2.3371544067e-01,2.1494864876e-02,8.4883900739e-04,1.6929056524e-02,2.2730229331e+00
4.9800000000e+02,4.7645972698e-03,1.3138533596e-02,7.0758649252e-01,2.3514730623e-01,2.1624098758e-02,8.4695961938e-04,1.6892012009e-02,2.2753995160e+00
4.9850000000e+02,4.7326815029e-03,1.3094232293e-02,7.0743363992e-01,2.3537948552e-01,2.1577753115e-02,8.5073140847e-04,1.6931476246e-02,2.2740745191e+00
4.9900000000e+02,4.7358993352e-03,1.3240631500e-02,7.0657779355e-01,2.3595763955e-01,2.1497529930e-02,8.5461030422e-04,1.7135895826e-02,2.2781300138e+00
4.9950000000e+02,4.7072800720e-03,1.3175281469e-02,7.0672366429e-01,2.3594846173e-01,2.1350911253e-02,8.5680391644e-04,1.7237597264e-02,2.2766373000e+00
5.0000000000e+02,4.7363212295e-03,1.3319129991e-02,7.0655236464e-01,2.3586977832e-01,2.1372552011e-02,8.5941869969e-04,1.7290435112e-02,2.2794682074e+00
5.0050000000e+02,4.7230343948e-03,1.3392071607e-02,7.0515217408e-01,2.3700334802e-01,2.1563327262e-02,8.6610071956e-04,1.7299943915e-02,2.2836198456e+00
5.0100000000e+02,4.6925779805e-03,1.3466558027e-02,7.0339018925e-01,2.3859379803e-01,2.1507101154e-02,8.5897984805e-04,1.7490795713e-02,2.2875803342e+00
5.0150000000e+02,4.6734754471e-03,1.3634372251e-02,7.0017243619e-01,2.4115533002e-01,2.1964072488e-02,8.6907863382e-04,1.7531234970e-02,2.2983440571e+00
5.0200000000e+02,4.6283943279e-03,1.3544988300e-02,7.0019240242e-01,2.4143517696e-01,2.1925778386e-02,8.6741704936e-04,1.7405842552e-02,2.2942401021e+00
5.0250000000e+02,4.6481485280e-03,1.3480938685e-02,7.0072840820e-01,2.4099394440e-01,2.2035466698e-02,8.6320345891e-04,1.7249890026e-02,2.2921814383e+00
5.0300000000e+02,4.6400790304e-03,1.3569669213e-02,6.9854003642e-01,2.4298914016e-01,2.2048916393e-02,8.7069260390e-04,1.7341466186e-02,2.2981908454e+00
5.0350000000e+02,4.6469486886e-03,1.3623217362e-02,6.9531189922e-01,2.4593647282e-01,2.2146359315e-02,8.7453466967e-04,1.7460567926e-02,2.3068170258e+00
5.0400000000e+02,4.6674303881e-03,1.3711648635e-02,6.9376885490e-01,2.4700562608e-01,2.2394961251e-02,8.8341657033e-04,1.7568062176e-02,2.3135465903e+00
5.0450000000e+02,4.6552850088e-03,1.3602157256e-02,6.9466726924e-01,2.4612762527e-01,2.2509081086e-02,8.8061609951e-04,1.7557966040e-02,2.3115366090e+00
5.0500000000e+02,4.6528196578e-03,1.3589648987e-02,6.9362650866e-01,2.4705824605e-01,2.2561962303e-02,8.9290194522e-04,1.7617912401e-02,2.3152693398e+00
5.0550000000e+02,4.6110526129e-03,1.3579866380e-02,6.9431464699e-01,2.4632118605e-01,2.2687548982e-02,8.9113953960e-04,1.7594559447e-02,2.3137483442e+00
5.0600000000e+02,4.5487330306e-03,1.3670334308e-02,6.9467454386e-01,2.4587423015e-01,2.2855359159e-02,8.9119062718e-04,1.7485608869e-02,2.3122669092e+00
5.0650000000e+02,4.5686958123e-03,1.3666047384e-02,6.9591154075e-01,2.4465799740e-01,2.2770993972e-02,8.8886198474e-04,1.7535862697e-02,2.3108344179e+00
5.0700000000e+02,4.5626492467e-03,1.3668211351e-02,6.9433538939e-01,2.4605148375e-01,2.2856665146e-02,8.8524686364e-04,1.7640354252e-02,2.3140097611e+00
5.0750000000e+02,4.5501605626e-03,1.3646298104e-02,6.9286618109e-01,2.4727761794e-01,2.3031640855e-02,8.8057628432e-04,1.7747525167e-02,2.3180936643e+00
5.0800000000e+02,4.5979821804e-03,1.3810261311e-02,6.9022399105e-01,2.4947476708e-01,2.3195445600e-02,8.8176989599e-04,1.7815782878e-02,2.3261073685e+00
5.0850000000e+02,4.6050477664e-03,1.3855875782e-02,6.9006454647e-01,2.4967773865e-01,2.3152083109e-02,8.7672416511e-04,1.7767984065e-02,2.3269396291e+00
5.0900000000e+02,4.5956920856e-03,1.3936825146e-02,6.8974889703e-01,2.5002016656e-01,2.3052478289e-02,8.6727569107e-04,1.7778665200e-02,2.3263959944e+00
5.0950000000e+02,4.5777237366e-03,1.3962555616e-02,6.8854725021e-01,2.5129044620e-01,2.2927348894e-02,8.7031653444e-04,1.7824358805e-02,2.3279139726e+00
5.1000000000e+02,4.5388318570e-03,1.3888939165e-02,6.8917497244e-01,2.5085460805e-01,2.2870209392e-02,8.5825340917e-04,1.7814185689e-02,2.3230795180e+00
5.1050000000e+02,4.5140406804e-03,1.3928339601e-02,6.8657728712e-01,2.5308171916e-01,2.2968416163e-02,8.6052442974e-04,1.8069672846e-02,2.3297175442e+00
5.1100000000e+02,4.4877877138e-03,1.3865468929e-02,6.8612285304e-01,2.5379091556e-01,2.2873671239e-02,8.5976509064e-04,1.7999538429e-02,2.3270436964e+00
5.1150000000e+02,4.4657626400e-03,1.3875237700e-02,6.8318934414e-01,2.5661660399e-01,2.2979135523e-02,8.5226327866e-04,1.8021652725e-02,2.3315956119e+00
5.1200000000e+02,4.4367986710e-03,1.3846853125e-02,6.8060512701e-01,2.5900640938e-01,2.3039802583e-02,8.4714955823e-04,1.8217859676e-02,2.3356577168e+00
5.1250000000e+02,4.4371106313e-03,1.3913740011e-02,6.7668773033e-01,2.6234028911e-01,2.3297151224e-02,8.4457009204e-04,1.8479408592e-02,2.3476544240e+00
5.1300000000e+02,4.3879229884e-03,1.3912945434e-02,6.7677518563e-01,2.6230134437e-01,2.3331134881e-02,8.4133528003e-04,1.8450131417e-02,2.3477530749e+00
5.1350000000e+02,4.3802216244e-03,1.3795035209e-02,6.7576277869e-01,2.6352087933e-01,2.3208385361e-02,8.2540331187e-04,1.8507296477e-02,2.3470187781e+00
5.1400000000e+02,4.3445789323e-03,1.3817497013e-02,6.7542720676e-01,2.6386993776e-01,2.3207138274e-02,8.1310855980e-04,1.8520532699e-02,2.3457545306e+00
5.1450000000e+02,4.3365690558e-03,1.3711471005e-02,6.7532562619e-01,2.6400799367e-01,2.3148269691e-02,8.1399810387e-04,1.8656072288e-02,2.3457401379e+00
5.1500000000e+02,4.3005550629e-03,1.3806749139e-02,6.7345314192e-01,2.6573677152e-01,2.3103674279e-02,8.0532071337e-04,1.8793787366e-02,2.3491465619e+00
5.1550000000e+02,4.3030497803e-03,1.3878727372e-02,6.7441914260e-01,2.6465736099e-01,2.3094909606e-02,7.9620024333e-04,1.8850609410e-02,2.3492064576e+00
5.1600000000e+02,4.2803926989e-03,1.3999277462e-02,6.7251613806e-01,2.6620434222e-01,2.3242731324e-02,7.9606939232e-04,1.8961048851e-02,2.3548051922e+00
5.1650000000e+02,4.3120618691e-03,1.4096260360e-02,6.7146328794e-01,2.6643428344e-01,2.3647896110e-02,8.0063656113e-04,1.9245573723e-02,2.3639328852e+00
5.1700000000e+02,4.2706468272e-03,1.3919040787e-02,6.7146881506e-01,2.6662100812e-01,2.3705965795e-02,7.8507800856e-04,1.9229445406e-02,2.3604278507e+00
5.1750000000e+02,4.2774829327e-03,1.3938888707e-02,6.6985523947e-01,2.6773451258e-01,2.4026152013e-02,7.7476232986e-04,1.9392961963e-02,2.3657079400e+00
5.1800000000e+02,4.2556425521e-03,1.3944898015e-02,6.6836458833e-01,2.6906563985e-01,2.4148885393e-02,7.6359413289e-04,1.9456751735e-02,2.3672056884e+00
5.1850000000e+02,4.2614722064e-03,1.3880617780e-02,6.6874392356e-01,2.6844949399e-01,2.4366941579e-02,7.5711793382e-04,1.9540432948e-02,2.3680604852e+00
5.1900000000e+02,4.2667952762e-03,1.3864864294e-02,6.6926836857e-01,2.6760300911e-01,2.4695516713e-02,7.4628843634e-04,1.9555157591e-02,2.3711797436e+00
5.1950000000e+02,4.2484285164e-03,1.3751830422e-02,6.7224480886e-01,2.6470197618e-01,2.4706769834e-02,7.3226736321e-04,1.9613918827e-02,2.3644339858e+00
5.2000000000e+02,4.2182218106e-03,1.3672074143e-02,6.7098619484e-01,2.6555922803e-01,2.4970137345e-02,7.3563987790e-04,1.9858503954e-02,2.3690753100e+00
5.2050000000e+02,4.1642011028e-03,1.3533220180e-02,6.7193541649e-01,2.6471972627e-01,2.4899166806e-02,7.2744245650e-04,2.0020826693e-02,2.3650411977e+00
5.2100000000e+02,4.1294488903e-03,1.3547674606e-02,6.7262983299e-01,2.6366135988e-01,2.5055478348e-02,7.2911729370e-04,2.0247087993e-02,2.3657136552e+00
5.2150000000e+02,4.1228307531e-03,1.3442290528e-02,6.7407375340e-01,2.6238463563e-01,2.5016836675e-02,7.2495891055e-04,2.0234694102e-02,2.3614828524e+00
5.2200000000e+02,4.1961870310e-03,1.3577824461e-02,6.7279038649e-01,2.6294313098e-01,2.5336592460e-02,7.3372719045e-04,2.0422151383e-02,2.3710738338e+00
5.2250000000e+02,4.2163332162e-03,1.3536026263e-02,6.7098399318e-01,2.6452180978e-01,2.5346742162e-02,7.3223604916e-04,2.0662859353e-02,2.3746658335e+00
5.2300000000e+02,4.2053404239e-03,1.3539686820e-02,6.7038224231e-01,2.6467622698e-01,2.5607867884e-02,7.3277765143e-04,2.0855857927e-02,2.3787894585e+00
5.2350000000e+02,4.1887636458e-03,1.3471098577e-02,6.7083579728e-01,2.6384334416e-01,2.5850417320e-02,7.2519352949e-04,2.1085385482e-02,2.3789608846e+00
5.2400000000e+02,4.1760860114e-03,1.3637663802e-02,6.7123866753e-01,2.6264441966e-01,2.6153465955e-02,7.2795106633e-04,2.1421745979e-02,2.3852273157e+00
5.2450000000e+02,4.1947915924e-03,1.3650651415e-02,6.7133223724e-01,2.6218684478e-01,2.6347875720e-02,7.2843385702e-04,2.1559165402e-02,2.3887075284e+00
5.2500000000e+02,4.2263700790e-03,1.3638103157e-02,6.7078099351e-01,2.6206546063e-01,2.6679075323e-02,7.3083915138e-04,2.1879158145e-02,2.3953563407e+00
5.2550000000e+02,4.2166597351e-03,1.3535951041e-02,6.7283305168e-01,2.6010726306e-01,2.6845552055e-02,7.2142263611e-04,2.1740099792e-02,2.3902776432e+00
5.2600000000e+02,4.2251603195e-03,1.3616581900e-02,6.7166513425e-01,2.6048599953e-01,2.7288330877e-02,7.2653279779e-04,2.1992260321e-02,2.3979041042e+00
5.2650000000e+02,4.2108145529e-03,1.3494240525e-02,6.7439655558e-01,2.5774662891e-01,2.7325111290e-02,7.2350732052e-04,2.2103141825e-02,2.3934477200e+00
5.2700000000e+02,4.2072598091e-03,1.3333353373e-02,6.7341193516e-01,2.5871128932e-01,2.7346298584e-02,7.2162534852e-04,2.2268238410e-02,2.3938494651e+00
5.2750000000e+02,4.2076797836e-03,1.3366184351e-02,6.7365980559e-01,2.5814993608e-01,2.7501014417e-02,7.1605837560e-04,2.2399321405e-02,2.3957258464e+00
5.2800000000e+02,4.2354189167e-03,1.3277916235e-02,6.7220974047e-01,2.5947394544e-01,2.7639126892e-02,7.1754976139e-04,2.2446302281e-02,2.3989493928e+00
5.2850000000e+02,4.2053601582e-03,1.3320303739e-02,6.7015082630e-01,2.6123534395e-01,2.7743625693e-02,7.2285494556e-04,2.2621685217e-02,2.4037682263e+00
5.2900000000e+02,4.1804702271e-03,1.3110956998e-02,6.7067342657e-01,2.6112201879e-01,2.7721771716e-02,7.2299214721e-04,2.2468363550e-02,2.3982333193e+00
5.2950000000e+02,4.2120805813e-03,1.2995925479e-02,6.7089461895e-01,2.6091870227e-01,2.7727751290e-02,7.2592034540e-04,2.2525001090e-02,2.3982755111e+00
5.3000000000e+02,4.2317744026e-03,1.2955650789e-02,6.7391279930e-01,2.5771032404e-01,2.7921601633e-02,7.2694210376e-04,2.2540907728e-02,2.3951742594e+00
5.3050000000e+02,4.2613200011e-03,1.2886375656e-02,6.7376911132e-01,2.5776799258e-01,2.8055464393e-02,7.2255384344e-04,2.2537182205e-02,2.3955798994e+00
5.3100000000e+02,4.2437346555e-03,1.2831327892e-02,6.7393953864e-01,2.5747132034e-01,2.8107868149e-02,7.1180488803e-04,2.2694405437e-02,2.3943664235e+00
5.3150000000e+02,4.2386073993e-03,1.2654353403e-02,6.7560317106e-01,2.5655750762e-01,2.7844888444e-02,7.0369020448e-04,2.2397781865e-02,2.3848270838e+00
5.3200000000e+02,4.2090367114e-03,1.2638779066e-02,6.7224738330e-01,2.5963042800e-01,2.8064223314e-02,7.0681559759e-04,2.2503334008e-02,2.3920593147e+00
5.3250000000e+02,4.2081615862e-03,1.2492613513e-02,6.7306499843e-01,2.5884840074e-01,2.8087787631e-02,6.9705807400e-04,2.2600980033e-02,2.3888332534e+00
5.3300000000e+02,4.2131386787e-03,1.2394102051e-02,6.7584960692e-01,2.5644191516e-01,2.7933402598e-02,6.9370494087e-04,2.2474129654e-02,2.3808692572e+00
5.3350000000e+02,4.2278090841e-03,1.2358444185e-02,6.7532977767e-01,2.5659896008e-01,2.8250384397e-02,6.9335003681e-04,2.2541274544e-02,2.3843327172e+00
5.3400000000e+02,4.2504503955e-03,1.2261628730e-02,6.7825417497e-01,2.5377142319e-01,2.8376750067e-02,6.9479280861e-04,2.2390779834e-02,2.3793228747e+00
5.3450000000e+02,4.3028228486e-03,1.2320086956e-02,6.7636069280e-01,2.5532047123e-01,2.8667081121e-02,6.9992248637e-04,2.2328922567e-02,2.3860139437e+00
5.3500000000e+02,4.3116437371e-03,1.2279421158e-02,6.7616892417e-01,2.5540141844e-01,2.8835887264e-02,7.0774806378e-04,2.2294957161e-02,2.3868752322e+00
5.3550000000e+02,4.3096733527e-03,1.2319158878e-02,6.7497921388e-01,2.5668421875e-01,2.8853534534e-02,7.1183247137e-04,2.2142368130e-02,2.3877053791e+00
5.3600000000e+02,4.2900721434e-03,1.2217525153e-02,6.7465306961e-01,2.5688658160e-01,2.8952388238e-02,7.1831826338e-04,2.2282044999e-02,2.3876684613e+00
5.3650000000e+02,4.3116684149e-03,1.2210974534e-02,6.7353801998e-01,2.5797123617e-01,2.8884258731e-02,7.1867024365e-04,2.2365171927e-02,2.3895662151e+00
5.3700000000e+02,4.3495487257e-03,1.2177988847e-02,6.7333209896e-01,2.5835864548e-01,2.8733163441e-02,7.1895604225e-04,2.2329598498e-02,2.3883452384e+00
5.3750000000e+02,4.3957766563e-03,1.2175374422e-02,6.7420039985e-01,2.5726261102e-01,2.8784029769e-02,7.2709452796e-04,2.2454713750e-02,2.3902626616e+00
5.3800000000e+02,4.3979286093e-03,1.2166571696e-02,6.7437840651e-01,2.5727782197e-01,2.8632288608e-02,7.3250778628e-04,2.2414474824e-02,2.3884450508e+00
5.3850000000e+02,4.3767812149e-03,1.2141538441e-02,6.7721835841e-01,2.5483580652e-01,2.8372275636e-02,7.3305348681e-04,2.2322186294e-02,2.3809338327e+00
5.3900000000e+02,4.3196630445e-03,1.2007473197e-02,6.7785428283e-01,2.5444893156e-01,2.8470587829e-02,7.3432464693e-04,2.2164736890e-02,2.3760100136e+00
5.3950000000e+02,4.3223749305e-03,1.1950916051e-02,6.7417758197e-01,2.5793434087e-01,2.8659073030e-02,7.3204253564e-04,2.2223670613e-02,2.3809619332e+00
5.4000000000e+02,4.3718348976e-03,1.1912104695e-02,6.7223667144e-01,2.5968110179e-01,2.8878908594e-02,7.3213978223e-04,2.2187238794e-02,2.3859011295e+00
5.4050000000e+02,4.3854616237e-03,1.1781976932e-02,6.7408455500e-01,2.5804675182e-01,2.8663833443e-02,7.2279741186e-04,2.2314623762e-02,2.3816232638e+00
5.4100000000e+02,4.3755344977e-03,1.1670801106e-02,6.7365154858e-01,2.5904907655e-01,2.8489115520e-02,7.1407943977e-04,2.2049844312e-02,2.3770341215e+00
5.4150000000e+02,4.3794460973e-03,1.1705337649e-02,6.7210382706e-01,2.6042958943e-01,2.8496091915e-02,7.1550137841e-04,2.2170206470e-02,2.3815701823e+00
5.4200000000e+02,4.3540830253e-03,1.1653735223e-02,6.7282371433e-01,2.5947020449e-01,2.8712266259e-02,7.1230129524e-04,2.2273695372e-02,2.3827330348e+00
5.4250000000e+02,4.3053089507e-03,1.1555034572e-02,6.7412054352e-01,2.5781939398e-01,2.8828425961e-02,7.1260163048e-04,2.2658691384e-02,2.3825854345e+00
5.4300000000e+02,4.2555391723e-03,1.1317233526e-02,6.7444521480e-01,2.5763591527e-01,2.8957025637e-02,7.0963056320e-04,2.2679441032e-02,2.3780528815e+00
5.4350000000e+02,4.1970556110e-03,1.1268409616e-02,6.7598581755e-01,2.5622222675e-01,2.8824138191e-02,7.0951431859e-04,2.2792837965e-02,2.3740265076e+00
5.4400000000e+02,4.1558639162e-03,1.1170296601e-02,6.7606402357e-01,2.5659310313e-01,2.8660670747e-02,7.0630636530e-04,2.2649735670e-02,2.3687001934e+00
5.4450000000e+02,4.1541012858e-03,1.1219012939e-02,6.7438397671e-01,2.5834958016e-01,2.8656065047e-02,7.0550669551e-04,2.2531757164e-02,2.3696283714e+00
5.4500000000e+02,4.1629069181e-03,1.1197547540e-02,6.7497038723e-01,2.5789579608e-01,2.8491893845e-02,7.0692444690e-04,2.2574543944e-02,2.3684622320e+00
5.4550000000e+02,4.1361079832e-03,1.1170938270e-02,6.7528131294e-01,2.5811472717e-01,2.8207571459e-02,6.9823048400e-04,2.2391111696e-02,2.3635653420e+00
5.4600000000e+02,4.1192288813e-03,1.1065531660e-02,6.7459519041e-01,2.5906125198e-01,2.8161880453e-02,6.8976512498e-04,2.2307151485e-02,2.3620552925e+00
5.4650000000e+02,4.0853693021e-03,1.1039675473e-02,6.7418898419e-01,2.5968412752e-01,2.8086010350e-02,6.8530604417e-04,2.2230527121e-02,2.3599896869e+00
5.4700000000e+02,4.0506546465e-03,1.1109100223e-02,6.7268370615e-01,2.6126899228e-01,2.8106968334e-02,6.7931328665e-04,2.2101265083e-02,2.3601576861e+00
5.4750000000e+02,4.0086921470e-03,1.1038877642e-02,6.7310433569e-01,2.6144942980e-01,2.7926349436e-02,6.7362934619e-04,2.1798685937e-02,2.3530157259e+00
5.4800000000e+02,3.9664717999e-03,1.0921143197e-02,6.7490158790e-01,2.5992319225e-01,2.7687795420e-02,6.6906535998e-04,2.1930744079e-02,2.3463144688e+00
5.4850000000e+02,3.9722081388e-03,1.0939234384e-02,6.7383370518e-01,2.6064857711e-01,2.7683142114e-02,6.6997607196e-04,2.2253157009e-02,2.3503771608e+00
5.4900000000e+02,3.9881786908e-03,1.1005296945e-02,6.7337652757e-01,2.6097771388e-01,2.7755491544e-02,6.7183334092e-04,2.2224958030e-02,2.3519428988e+00
5.4950000000e+02,3.9770322427e-03,1.0994103507e-02,6.7281809620e-01,2.6181572215e-01,2.7520325865e-02,6.6461339278e-04,2.2210106642e-02,2.3488715965e+00
5.5000000000e+02,3.9787915884e-03,1.1045441012e-02,6.7194742456e-01,2.6278769571e-01,2.7439608853e-02,6.6304702466e-04,2.2137991251e-02,2.3482940602e+00
5.5050000000e+02,3.9461460168e-03,1.0999773710e-02,6.7115156038e-01,2.6407788715e-01,2.7373706044e-02,6.5191406785e-04,2.1799012637e-02,2.3429081552e+00
5.5100000000e+02,3.9303289050e-03,1.0983603220e-02,6.6925444440e-01,2.6637465737e-01,2.7190066693e-02,6.4698306094e-04,2.1619916354e-02,2.3419757962e+00
5.5150000000e+02,3.8864534919e-03,1.0908324304e-02,6.6847441788e-01,2.6779411934e-01,2.6850530959e-02,6.4029975093e-04,2.1445854266e-02,2.3363520267e+00
5.5200000000e+02,3.8657660588e-03,1.0895955508e-02,6.6857979657e-01,2.6804451767e-01,2.6715544727e-02,6.2797168043e-04,2.1270447787e-02,2.3319049693e+00
5.5250000000e+02,3.8382931707e-03,1.0858066162e-02,6.6850986645e-01,2.6856127625e-01,2.6505901112e-02,6.2234822687e-04,2.1104248630e-02,2.3286954810e+00
5.5300000000e+02,3.7755403341e-03,1.0769993109e-02,6.6993780193e-01,2.6767881119e-01,2.6250442999e-02,6.1206284546e-04,2.0975347586e-02,2.3218648072e+00
5.5350000000e+02,3.7575053823e-03,1.0825852535e-02,6.6894588125e-01,2.6878917771e-01,2.6245905389e-02,6.0682507298e-04,2.0828852655e-02,2.3211404886e+00
5.5400000000e+02,3.7434822631e-03,1.0779972534e-02,6.6839585749e-01,2.6976053923e-01,2.6118201436e-02,6.0399733177e-04,2.0597949715e-02,2.3174493134e+00
5.5450000000e+02,3.7323382351e-03,1.0693035857e-02,6.6867823276e-01,2.6999974718e-01,2.5881820272e-02,5.8973719948e-04,2.0425088495e-02,2.3104162371e+00
5.5500000000e+02,3.6576058904e-03,1.0709965971e-02,6.6837298410e-01,2.7072024235e-01,2.5469509374e-02,5.7848574788e-04,2.0491206564e-02,2.3057376954e+00
5.5550000000e+02,3.6326683511e-03,1.0657337796e-02,6.6675345336e-01,2.7254529889e-01,2.5458425083e-02,5.6835480573e-04,2.0384461716e-02,2.3040745705e+00
5.5600000000e+02,3.5860934437e-03,1.0587772208e-02,6.6779895327e-01,2.7180678841e-01,2.5197213204e-02,5.5394695434e-04,2.0469232509e-02,2.2981473649e+00
5.5650000000e+02,3.5679402080e-03,1.0627821793e-02,6.6962480802e-01,2.7004923858e-01,2.5105652084e-02,5.4841431168e-04,2.0476125001e-02,2.2938338521e+00
5.5700000000e+02,3.5196888385e-03,1.0502340713e-02,6.7006319900e-01,2.7002620154e-01,2.4941902969e-02,5.3725726911e-04,2.0409409674e-02,2.2866661363e+00
5.5750000000e+02,3.5136689448e-03,1.0448774766e-02,6.7107419471e-01,2.6927694199e-01,2.4793139902e-02,5.2403611031e-04,2.0369243582e-02,2.2824059632e+00
5.5800000000e+02,3.5362695303e-03,1.0535016057e-02,6.7025820966e-01,2.6999819508e-01,2.4808173033e-02,5.1779149051e-04,2.0346345145e-02,2.2851071619e+00
5.5850000000e+02,3.5195616749e-03,1.0604933258e-02,6.7067497503e-01,2.6982750265e-01,2.4778207548e-02,5.0251386900e-04,2.0092305971e-02,2.2822743518e+00
5.5900000000e+02,3.4618756976e-03,1.0538126892e-02,6.7177909885e-01,2.6914289247e-01,2.4662156238e-02,4.9428609002e-04,1.9921563767e-02,2.2753459872e+00
5.5950000000e+02,3.4123228669e-03,1.0494530085e-02,6.7305785877e-01,2.6832454526e-01,2.4442714199e-02,4.8014625201e-04,1.9787882564e-02,2.2673973092e+00
5.6000000000e+02,3.3917807513e-03,1.0476958932e-02,6.7266677426e-01,2.6885394658e-01,2.4400167729e-02,4.7159538595e-04,1.9738776357e-02,2.2645587836e+00
5.6050000000e+02,3.3930083360e-03,1.0523119252e-02,6.7244922598e-01,2.6876008724e-01,2.4681630067e-02,4.6026421887e-04,1.9732664905e-02,2.2671088752e+00
5.6100000000e+02,3.3630549011e-03,1.0438618402e-02,6.7537037896e-01,2.6634481278e-01,2.4526310798e-02,4.4656684801e-04,1.9510257304e-02,2.2569259938e+00
5.6150000000e+02,3.3736301514e-03,1.0365122828e-02,6.7347530845e-01,2.6812320981e-01,2.4826274904e-02,4.3394495038e-04,1.9402508904e-02,2.2572671641e+00
5.6200000000e+02,3.3354864482e-03,1.0274757649e-02,6.7257642621e-01,2.6936441697e-01,2.4770082470e-02,4.2128806831e-04,1.9257542192e-02,2.2522065044e+00
5.6250000000e+02,3.2860369132e-03,1.0137200145e-02,6.7510585990e-01,2.6725650992e-01,2.4595798005e-02,4.0416445959e-04,1.9214430655e-02,2.2406230381e+00
5.6300000000e+02,3.2528997596e-03,1.0159223875e-02,6.7462458571e-01,2.6777992450e-01,2.4608271168e-02,3.8610180431e-04,1.9188993192e-02,2.2382950407e+00
5.6350000000e+02,3.2470361439e-03,1.0153996863e-02,6.7625277170e-01,2.6612209047e-01,2.4647728736e-02,3.7203174511e-04,1.9204344343e-02,2.2358600003e+00
5.6400000000e+02,3.2503599254e-03,1.0104549826e-02,6.7613597212e-01,2.6629261792e-01,2.4669295555e-02,3.6216504742e-04,1.9185039606e-02,2.2348959622e+00
5.6450000000e+02,3.2302667328e-03,1.0150149436e-02,6.7554539830e-01,2.6691950893e-01,2.4770832637e-02,3.5025483405e-04,1.9033589131e-02,2.2338532685e+00
5.6500000000e+02,3.2282613762e-03,1.0137205942e-02,6.7515804098e-01,2.6733558750e-01,2.4819712489e-02,3.3814731683e-04,1.8983044397e-02,2.2337158538e+00
5.6550000000e+02,3.2540956305e-03,1.0244608884e-02,6.7350991498e-01,2.6875827287e-01,2.4796899147e-02,3.2777838863e-04,1.9108430106e-02,2.2390864250e+00
5.6600000000e+02,3.2363928709e-03,1.0358705626e-02,6.7428507328e-01,2.6843420186e-01,2.4500437363e-02,3.1865354262e-04,1.8866535448e-02,2.2333910022e+00
5.6650000000e+02,3.2293160810e-03,1.0262752597e-02,6.7604447900e-01,2.6678200923e-01,2.4602852176e-02,3.0743906818e-04,1.8771151852e-02,2.2277814948e+00
5.6700000000e+02,3.2612042319e-03,1.0346417984e-02,6.7571834124e-01,2.6685005285e-01,2.4795697426e-02,3.0064185877e-04,1.8727644412e-02,2.2313898198e+00
5.6750000000e+02,3.2194254798e-03,1.0358523936e-02,6.7755306536e-01,2.6523341721e-01,2.4627812976e-02,2.9158777767e-04,1.8716167259e-02,2.2259897216e+00
5.6800000000e+02,3.2017850889e-03,1.0313923076e-02,6.8003628776e-01,2.6293974796e-01,2.4663103929e-02,2.8242511295e-04,1.8562727072e-02,2.2193544781e+00
5.6850000000e+02,3.1619908101e-03,1.0243359967e-02,6.8264308437e-01,2.6067567043e-01,2.4509064761e-02,2.7319499148e-04,1.8493634668e-02,2.2108699037e+00
5.6900000000e+02,3.1590524019e-03,1.0295470302e-02,6.8354545144e-01,2.6013419359e-01,2.4358072308e-02,2.6499115852e-04,1.8242768794e-02,2.2048524628e+00
5.6950000000e+02,3.1516087889e-03,1.0344048873e-02,6.8275479353e-01,2.6081699448e-01,2.4575090216e-02,2.5863360992e-04,1.8098830502e-02,2.2043281361e+00
5.7000000000e+02,3.1371100430e-03,1.0412681875e-02,6.8290877144e-01,2.6060685373e-01,2.4698193344e-02,2.5000855745e-04,1.7986381012e-02,2.2020093056e+00
5.7050000000e+02,3.1190721306e-03,1.0458877084e-02,6.8287501796e-01,2.6061861289e-01,2.4755002600e-02,2.3917303948e-04,1.7934244300e-02,2.2010513924e+00
5.7100000000e+02,3.1012869977e-03,1.0327176733e-02,6.8334001355e-01,2.6029627603e-01,2.4739343787e-02,2.3083560211e-04,1.7965067310e-02,2.1973126729e+00
5.7150000000e+02,3.0746494844e-03,1.0397501307e-02,6.8369442289e-01,2.6003929826e-01,2.4681820594e-02,2.2585073331e-04,1.7886456722e-02,2.1941482229e+00
5.7200000000e+02,3.0437484286e-03,1.0488932725e-02,6.8470696844e-01,2.5914882207e-01,2.4592066945e-02,2.2178348662e-04,1.7797677911e-02,2.1898203286e+00
5.7250000000e+02,3.0212582464e-03,1.0562754070e-02,6.8672621562e-01,2.5707867099e-01,2.4591443640e-02,2.1485679450e-04,1.7804800646e-02,2.1848807542e+00
5.7300000000e+02,3.0265395595e-03,1.0585880057e-02,6.8509813470e-01,2.5862116736e-01,2.4745558915e-02,2.1074894090e-04,1.7711970465e-02,2.1871792347e+00
5.7350000000e+02,3.0476968964e-03,1.0727175254e-02,6.8293595997e-01,2.6057642476e-01,2.4903914159e-02,2.0511248761e-04,1.7603716479e-02,2.1903945545e+00
5.7400000000e+02,3.0418648250e-03,1.0772126414e-02,6.8319918424e-01,2.6036865292e-01,2.4840097886e-02,2.0095139231e-04,1.7577122317e-02,2.1878674777e+00
5.7450000000e+02,3.0250385269e-03,1.0762959604e-02,6.8451138166e-01,2.5907394473e-01,2.4761625371e-02,1.9576848249e-04,1.7669281619e-02,2.1844927213e+00
5.7500000000e+02,2.9950167147e-03,1.0804163804e-02,6.8596302454e-01,2.5770141568e-01,2.4700419922e-02,1.9196084692e-04,1.7643998494e-02,2.1806593063e+00
5.7550000000e+02,2.9663348820e-03,1.0859460604e-02,6.8672462533e-01,2.5699604605e-01,2.4700075710e-02,1.9057668605e-04,1.7562880739e-02,2.1797904618e+00
5.7600000000e+02,2.9517933242e-03,1.0738194251e-02,6.8733129903e-01,2.5634939810e-01,2.4944371097e-02,1.8639061037e-04,1.7498553587e-02,2.1766062339e+00
5.7650000000e+02,2.9160540721e-03,1.0608013979e-02,6.8791660374e-01,2.5593566529e-01,2.5067810447e-02,1.8082007257e-04,1.7375032391e-02,2.1706935582e+00
5.7700000000e+02,2.9141780346e-03,1.0666011182e-02,6.8696568483e-01,2.5655748483e-01,2.5180399508e-02,1.7784375783e-04,1.7538397860e-02,2.1744682530e+00
5.7750000000e+02,2.9092949388e-03,1.0628448709e-02,6.8576084724e-01,2.5787866252e-01,2.5023748640e-02,1.7335642505e-04,1.7625641522e-02,2.1741561578e+00
5.7800000000e+02,2.9253387310e-03,1.0533564937e-02,6.8561987436e-01,2.5822001321e-01,2.4958752207e-02,1.7008674094e-04,1.7572369820e-02,2.1706854511e+00
5.7850000000e+02,2.9195254962e-03,1.0597623082e-02,6.8440903043e-01,2.5947762830e-01,2.4973434116e-02,1.7009758894e-04,1.7452660989e-02,2.1725833772e+00
5.7900000000e+02,2.9027418678e-03,1.0594307204e-02,6.8396198075e-01,2.6012139732e-01,2.4890344560e-02,1.6852864612e-04,1.7360699658e-02,2.1704312851e+00
5.7950000000e+02,2.8904272667e-03,1.0670403959e-02,6.8308095088e-01,2.6047506575e-01,2.5205987333e-02,1.6592640587e-04,1.7511238413e-02,2.1762690918e+00
5.8000000000e+02,2.8663919939e-03,1.0643025848e-02,6.8345904540e-01,2.6035184616e-01,2.5145718683e-02,1.6601531949e-04,1.7367956595e-02,2.1720342341e+00
5.8050000000e+02,2.8774131514e-03,1.0764547539e-02,6.8409970715e-01,2.5952350796e-01,2.5243926568e-02,1.6518980407e-04,1.7325707818e-02,2.1738975025e+00
5.8100000000e+02,2.8712596628e-03,1.0734181957e-02,6.8526928794e-01,2.5831415124e-01,2.5341273779e-02,1.6515267416e-04,1.7304692753e-02,2.1736855663e+00
5.8150000000e+02,2.8725932117e-03,1.0878942996e-02,6.8618146742e-01,2.5705249312e-01,2.5522877505e-02,1.6627318421e-04,1.7325352565e-02,2.1758951542e+00
5.8200000000e+02,2.8606160659e-03,1.0973442892e-02,6.8574713745e-01,2.5765086460e-01,2.5442843808e-02,1.6587958849e-04,1.7159215597e-02,2.1750955285e+00
5.8250000000e+02,2.8462800955e-03,1.0997137155e-02,6.8866016113e-01,2.5502761391e-01,2.5272690347e-02,1.6711077058e-04,1.7029006589e-02,2.1698242383e+00
5.8300000000e+02,2.8176454095e-03,1.1053144713e-02,6.8923205122e-01,2.5460996953e-01,2.5224023920e-02,1.6813278951e-04,1.6895032421e-02,2.1672094919e+00
5.8350000000e+02,2.7914190040e-03,1.0981272789e-02,6.8975751022e-01,2.5436378357e-01,2.5126802195e-02,1.6931264967e-04,1.6809899575e-02,2.1649099200e+00
5.8400000000e+02,2.8207874867e-03,1.1063894111e-02,6.8821894142e-01,2.5551820690e-01,2.5178020217e-02,1.7258211558e-04,1.7027567752e-02,2.1722487422e+00
5.8450000000e+02,2.7872007541e-03,1.1102448805e-02,6.8700904233e-01,2.5662562798e-01,2.5167220625e-02,1.7316629876e-04,1.7135293203e-02,2.1746114195e+00
5.8500000000e+02,2.7581057884e-03,1.1082029213e-02,6.8858587452e-01,2.5511381602e-01,2.5104581691e-02,1.7671754233e-04,1.7178875227e-02,2.1716295620e+00
5.8550000000e+02,2.7221467238e-03,1.0947751978e-02,6.8956628399e-01,2.5447993485e-01,2.4900007562e-02,1.7911530401e-04,1.7204759598e-02,2.1667195621e+00
5.8600000000e+02,2.7444386963e-03,1.0959657573e-02,6.9062722778e-01,2.5352749748e-01,2.4701661544e-02,1.8270182553e-04,1.7256815101e-02,2.1659210654e+00
5.8650000000e+02,2.7173311580e-03,1.0877009584e-02,6.9162339679e-01,2.5294170739e-01,2.4388689870e-02,1.8234362092e-04,1.7269521577e-02,2.1602737678e+00
5.8700000000e+02,2.7111141989e-03,1.0858889210e-02,6.9174589917e-01,2.5302870386e-01,2.4105609741e-02,1.8320722183e-04,1.7366576599e-02,2.1586428360e+00
5.8750000000e+02,2.7128979154e-03,1.0799792169e-02,6.9219793580e-01,2.5266322004e-01,2.4032846372e-02,1.8477503116e-04,1.7408532664e-02,2.1570387628e+00
5.8800000000e+02,2.7209053471e-03,1.0771503243e-02,6.9393528555e-01,2.5063845972e-01,2.4188803416e-02,1.8691722022e-04,1.7558125502e-02,2.1583766053e+00
5.8850000000e+02,2.7084822539e-03,1.0691261798e-02,6.9596227224e-01,2.4896522991e-01,2.3931200596e-02,1.9346304580e-04,1.7548090151e-02,2.1521415779e+00
5.8900000000e+02,2.7058642485e-03,1.0726298609e-02,6.9553198269e-01,2.4956548656e-01,2.3801021580e-02,1.9736883705e-04,1.7471977481e-02,2.1523669729e+00
5.8950000000e+02,2.7228345433e-03,1.0821662689e-02,6.9488429203e-01,2.5010642413e-01,2.3753661400e-02,1.9971533631e-04,1.7511409870e-02,2.1555391909e+00
5.9000000000e+02,2.7338643253e-03,1.0729252911e-02,6.9572786313e-01,2.4949126104e-01,2.3684513456e-02,2.0148543083e-04,1.7431759713e-02,2.1530320063e+00
5.9050000000e+02,2.7258872666e-03,1.0622722824e-02,6.9529032478e-01,2.4998656959e-01,2.3666359647e-02,2.0439412781e-04,1.7503741762e-02,2.1533974253e+00
5.9100000000e+02,2.7306619462e-03,1.0628198179e-02,6.9360309091e-01,2.5156797265e-01,2.3724135895e-02,2.0565620736e-04,1.7540284219e-02,2.1575911296e+00
5.9150000000e+02,2.7409116067e-03,1.0719102980e-02,6.9273197255e-01,2.5238286141e-01,2.3621393440e-02,2.0828887446e-04,1.7595469142e-02,2.1613601128e+00
5.9200000000e+02,2.7184362938e-03,1.0707761739e-02,6.9052893294e-01,2.5438629302e-01,2.3794052708e-02,2.1052996805e-04,1.7653993327e-02,2.1659028551e+00
5.9250000000e+02,2.7230025450e-03,1.0810433678e-02,6.9074354487e-01,2.5400410469e-01,2.3871725012e-02,2.1455861330e-04,1.7632630590e-02,2.1683761657e+00
5.9300000000e+02,2.7174459280e-03,1.0818727973e-02,6.9097779797e-01,2.5395851973e-01,2.3716357841e-02,2.1942794919e-04,1.7591722603e-02,2.1668011097e+00
5.9350000000e+02,2.7228299116e-03,1.0873065201e-02,6.9234214626e-01,2.5244657537e-01,2.3806047161e-02,2.2119695726e-04,1.7588139145e-02,2.1666857394e+00
5.9400000000e+02,2.7150682677e-03,1.0778764961e-02,6.9108149940e-01,2.5384045585e-01,2.3757821752e-02,2.2293483010e-04,1.7603454932e-02,2.1670250059e+00
5.9450000000e+02,2.7203527199e-03,1.0711415767e-02,6.8961223581e-01,2.5536746711e-01,2.3784683739e-02,2.2456200653e-04,1.7579282845e-02,2.1697968732e+00
5.9500000000e+02,2.7260819710e-03,1.0714463925e-02,6.8835145076e-01,2.5661356001e-01,2.3809291052e-02,2.2926799863e-04,1.7555884288e-02,2.1728668512e+00
5.9550000000e+02,2.7226131255e-03,1.0657497789e-02,6.8909853818e-01,2.5621131353e-01,2.3820840141e-02,2.3114285394e-04,1.7258054376e-02,2.1682119289e+00
5.9600000000e+02,2.7406578973e-03,1.0548368990e-02,6.9058383318e-01,2.5509628857e-01,2.3484354587e-02,2.3319225349e-04,1.7313304528e-02,2.1637128495e+00
5.9650000000e+02,2.7586084404e-03,1.0656305719e-02,6.8999518869e-01,2.5543650639e-01,2.3501537239e-02,2.3642356352e-04,1.7415429953e-02,2.1682486924e+00
5.9700000000e+02,2.7493906335e-03,1.0599270867e-02,6.8964014830e-01,2.5618336929e-01,2.3293534555e-02,2.4141221761e-04,1.7292874140e-02,2.1655258525e+00
5.9750000000e+02,2.7425687846e-03,1.0505485359e-02,6.8989396407e-01,2.5593494413e-01,2.3299532220e-02,2.4074338937e-04,1.7382762049e-02,2.1647067990e+00
5.9800000000e+02,2.7388580534e-03,1.0466869072e-02,6.9136810475e-01,2.5477120976e-01,2.3094456993e-02,2.4174179179e-04,1.7318759577e-02,2.1600493254e+00
5.9850000000e+02,2.7383301501e-03,1.0407073591e-02,6.9238955519e-01,2.5404334516e-01,2.2896629763e-02,2.4336746408e-04,1.7281698683e-02,2.1561465886e+00
5.9900000000e+02,2.7275121369e-03,1.0453334968e-02,6.9192936631e-01,2.5459415832e-01,2.2760346630e-02,2.4459075215e-04,1.7290690879e-02,2.1562960435e+00
5.9950000000e+02,2.6748718075e-03,1.0387225567e-02,6.9266393082e-01,2.5424724297e-01,2.2662703752e-02,2.4488830067e-04,1.7119136783e-02,2.1514759488e+00
6.0000000000e+02,2.6467840964e-03,1.0282289089e-02,6.9583558932e-01,2.5138609466e-01,2.2532776105e-02,2.4345260557e-04,1.7073014116e-02,2.1442530239e+00
6.0050000000e+02,2.6439044243e-03,1.0310382054e-02,6.9637693425e-01,2.5106642263e-01,2.2366362148e-02,2.4282405416e-04,1.6993170443e-02,2.1416063713e+00
6.0100000000e+02,2.6628952789e-03,1.0275492846e-02,6.9847866950e-01,2.4901273782e-01,2.2412881356e-02,2.4339375803e-04,1.6913929444e-02,2.1380372747e+00
6.0150000000e+02,2.6838047312e-03,1.0115483488e-02,6.9962996148e-01,2.4829935588e-01,2.2301753509e-02,2.4175725574e-04,1.6727883654e-02,2.1315541475e+00
6.0200000000e+02,2.6706217033e-03,1.0049783784e-02,7.0049278030e-01,2.4768664245e-01,2.2246447417e-02,2.4228750981e-04,1.6611436836e-02,2.1283935256e+00
6.0250000000e+02,2.6604591311e-03,9.9932700262e-03,7.0075705970e-01,2.4785261907e-01,2.2059994920e-02,2.4158877837e-04,1.6435008378e-02,2.1243738466e+00
6.0300000000e+02,2.6560363940e-03,1.0025989056e-02,7.0161811531e-01,2.4700072219e-01,2.2060688166e-02,2.4377432212e-04,1.6394674564e-02,2.1240873583e+00
6.0350000000e+02,2.6811508253e-03,9.9408763603e-03,7.0299532733e-01,2.4563080115e-01,2.1974735915e-02,2.4561992025e-04,1.6531488500e-02,2.1224696324e+00
6.0400000000e+02,2.7028354036e-03,9.9091649130e-03,7.0460543573e-01,2.4425116591e-01,2.1844274916e-02,2.4339240125e-04,1.6443730728e-02,2.1178461026e+00
6.0450000000e+02,2.7065272122e-03,9.8981517716e-03,7.0618713337e-01,2.4256197227e-01,2.1834450322e-02,2.4409684803e-04,1.6567668207e-02,2.1166433098e+00
6.0500000000e+02,2.7047521857e-03,9.9472033339e-03,7.0541564939e-01,2.4351165435e-01,2.1645773969e-02,2.4467573721e-04,1.6530291028e-02,2.1163459543e+00
6.0550000000e+02,2.6968418249e-03,9.8644380199e-03,7.0508258904e-01,2.4393432037e-01,2.1597315451e-02,2.4514647038e-04,1.6579348824e-02,2.1157109333e+00
6.0600000000e+02,2.7151791411e-03,9.9190819944e-03,7.0492528825e-01,2.4386767581e-01,2.1597852775e-02,2.4464407304e-04,1.6730277958e-02,2.1193224485e+00
6.0650000000e+02,2.6938312533e-03,9.8097542179e-03,7.0804407354e-01,2.4111426983e-01,2.1511345735e-02,2.4135245143e-04,1.6585372973e-02,2.1110886610e+00
6.0700000000e+02,2.7209942835e-03,9.8418876646e-03,7.0869095846e-01,2.4052791129e-01,2.1353673580e-02,2.3932315913e-04,1.6625251561e-02,2.1094782180e+00
6.0750000000e+02,2.7236292168e-03,9.8163912008e-03,7.1010820593e-01,2.3911068449e-01,2.1350430857e-02,2.3826685362e-04,1.6652391455e-02,2.1075135597e+00
6.0800000000e+02,2.7400313572e-03,9.8328771397e-03,7.0905358229e-01,2.4000234393e-01,2.1478909298e-02,2.3912613684e-04,1.6653129845e-02,2.1115100860e+00
6.0850000000e+02,2.7655235148e-03,9.8564699229e-03,7.0848529553e-01,2.4043105820e-01,2.1552635973e-02,2.3765313705e-04,1.6671363718e-02,2.1145235162e+00
6.0900000000e+02,2.7673177944e-03,9.7569333373e-03,7.0988534873e-01,2.3935882510e-01,2.1564694840e-02,2.3473958191e-04,1.6432140611e-02,2.1083273518e+00
6.0950000000e+02,2.7768066599e-03,9.8091344344e-03,7.0989264473e-01,2.3945896412e-01,2.1408459263e-02,2.3538942444e-04,1.6418601375e-02,2.1077833756e+00
6.1000000000e+02,2.7823043021e-03,9.8743299277e-03,7.0985323788e-01,2.3983391121e-01,2.0979407521e-02,2.3466888610e-04,1.6442140274e-02,2.1050028923e+00
6.1050000000e+02,2.7791438315e-03,9.9744749342e-03,7.0921773676e-01,2.4069197851e-01,2.0759761783e-02,2.3172511420e-04,1.6345179063e-02,2.1037999867e+00
6.1100000000e+02,2.7826700913e-03,9.9575340922e-03,7.0934170456e-01,2.4063863501e-01,2.0822848732e-02,2.2845337537e-04,1.6228154136e-02,2.1037202908e+00
6.1150000000e+02,2.7926697934e-03,9.8855769207e-03,7.1109515602e-01,2.3912689487e-01,2.0743925373e-02,2.2592322080e-04,1.6129853798e-02,2.0991480802e+00
6.1200000000e+02,2.8030129823e-03,9.9307313423e-03,7.1255750460e-01,2.3763096411e-01,2.0695006128e-02,2.2362891034e-04,1.6159151919e-02,2.0976004047e+00
6.1250000000e+02,2.7872797600e-03,9.9210883241e-03,7.1293035385e-01,2.3756626390e-01,2.0480686071e-02,2.2363695502e-04,1.6090691145e-02,2.0944595919e+00
6.1300000000e+02,2.7630143141e-03,9.8480433072e-03,7.1196403025e-01,2.3914229142e-01,2.0127649751e-02,2.1792396041e-04,1.5937047002e-02,2.0895425796e+00
6.1350000000e+02,2.7467942927e-03,9.8065195367e-03,7.0984616807e-01,2.4145031119e-01,2.0054129855e-02,2.1685448505e-04,1.5879222569e-02,2.0892942867e+00
6.1400000000e+02,2.7523656442e-03,9.7180072702e-03,7.1060632608e-01,2.4104224867e-01,1.9895468189e-02,2.1337283233e-04,1.5772211318e-02,2.0838222854e+00
6.1450000000e+02,2.7606698729e-03,9.6528555024e-03,7.1150175425e-01,2.4033822056e-01,1.9859092108e-02,2.1008728080e-04,1.5677320429e-02,2.0795632711e+00
6.1500000000e+02,2.7658024276e-03,9.7132796133e-03,7.1337910218e-01,2.3823125256e-01,1.9998359700e-02,2.0759126833e-04,1.5704612251e-02,2.0790163189e+00
6.1550000000e+02,2.7613387126e-03,9.7536075344e-03,7.1613688990e-01,2.3572901811e-01,1.9724178337e-02,2.0598529599e-04,1.5688982108e-02,2.0724518893e+00
6.1600000000e+02,2.7577668760e-03,9.7942793888e-03,7.1629389854e-01,2.3585447582e-01,1.9468773241e-02,2.0232333782e-04,1.5628482794e-02,2.0694891470e+00
6.1650000000e+02,2.7414657417e-03,9.7399309391e-03,7.1657267286e-01,2.3582739333e-01,1.9322873406e-02,1.9990844014e-04,1.5595755289e-02,2.0658663859e+00
6.1700000000e+02,2.7129933822e-03,9.7030947861e-03,7.1612752299e-01,2.3645276912e-01,1.9319124066e-02,1.9687849352e-04,1.5487617156e-02,2.0639255451e+00
6.1750000000e+02,2.7017436265e-03,9.7998936508e-03,7.1618488787e-01,2.3652081761e-01,1.9129214155e-02,1.9393919732e-04,1.5469503894e-02,2.0630352688e+00
6.1800000000e+02,2.7071263195e-03,9.8233006179e-03,7.1511520325e-01,2.3754865677e-01,1.9171944749e-02,1.9027854353e-04,1.5443489754e-02,2.0645397722e+00
6.1850000000e+02,2.7064453853e-03,9.8982242860e-03,7.1492872522e-01,2.3777529613e-01,1.9101158817e-02,1.8737772443e-04,1.5402772431e-02,2.0645269879e+00
6.1900000000e+02,2.6869823519e-03,9.8871048460e-03,7.1616885278e-01,2.3661915893e-01,1.9154132576e-02,1.8205740158e-04,1.5301711120e-02,2.0613495131e+00
6.1950000000e+02,2.6850718876e-03,9.9791763272e-03,7.1524204520e-01,2.3736140721e-01,1.9254556807e-02,1.8050190991e-04,1.5297240662e-02,2.0641716122e+00
6.2000000000e+02,2.6713669655e-03,9.9172392969e-03,7.1706080057e-01,2.3592055547e-01,1.9040521953e-02,1.7551854160e-04,1.5213997204e-02,2.0566647327e+00
6.2050000000e+02,2.6651814126e-03,9.8624259063e-03,7.1687163180e-01,2.3625348338e-01,1.8995547923e-02,1.7184697260e-04,1.5179882613e-02,2.0551163692e+00
6.2100000000e+02,2.6662423850e-03,9.8131993641e-03,7.1918356996e-01,2.3412933965e-01,1.8973333912e-02,1.6826481830e-04,1.5066049913e-02,2.0493335906e+00
6.2150000000e+02,2.6746701601e-03,9.8742070539e-03,7.2115294454e-01,2.3217016961e-01,1.8962231333e-02,1.6649372888e-04,1.4999283572e-02,2.0457655578e+00
6.2200000000e+02,2.6448358971e-03,9.7835851334e-03,7.2336645931e-01,2.3045912005e-01,1.8877412340e-02,1.6393635454e-04,1.4704650916e-02,2.0357262431e+00
6.2250000000e+02,2.6545581110e-03,9.7792408580e-03,7.2356582225e-01,2.3052098212e-01,1.8627748473e-02,1.6111369912e-04,1.4690534491e-02,2.0324468934e+00
6.2300000000e+02,2.6566103391e-03,9.7513662891e-03,7.2238828641e-01,2.3183540859e-01,1.8616085270e-02,1.5760142256e-04,1.4594641678e-02,2.0322267555e+00
6.2350000000e+02,2.6514123580e-03,9.6596697392e-03,7.2225691546e-01,2.3218992005e-01,1.8595431553e-02,1.5316744213e-04,1.4493483405e-02,2.0295368555e+00
6.2400000000e+02,2.6374371407e-03,9.6653445346e-03,7.2302665229e-01,2.3158954063e-01,1.8463507569e-02,1.4937405193e-04,1.4468143781e-02,2.0265493549e+00
6.2450000000e+02,2.6186341832e-03,9.6016554781e-03,7.2328386038e-01,2.3169979049e-01,1.8299749684e-02,1.4611047934e-04,1.4350199308e-02,2.0214955001e+00
6.2500000000e+02,2.6134896761e-03,9.6875389909e-03,7.2244497296e-01,2.3246871993e-01,1.8332943225e-02,1.4306017587e-04,1.4309275047e-02,2.0233579818e+00
6.2550000000e+02,2.6293928126e-03,9.8468868692e-03,7.2131763948e-01,2.3320159097e-01,1.8526002821e-02,1.4271443863e-04,1.4335772604e-02,2.0296202226e+00
6.2600000000e+02,2.6379571131e-03,9.8721109516e-03,7.2316257215e-01,2.3137395066e-01,1.8591266147e-02,1.4010542369e-04,1.4222037549e-02,2.0262273416e+00
6.2650000000e+02,2.6118701097e-03,9.8903498667e-03,7.2410121467e-01,2.3071607393e-01,1.8462561586e-02,1.3761021755e-04,1.4080319617e-02,2.0218594735e+00
6.2700000000e+02,2.6088816146e-03,9.8440659192e-03,7.2584337660e-01,2.2927589268e-01,1.8253316393e-02,1.3588418285e-04,1.4038582606e-02,2.0157189040e+00
6.2750000000e+02,2.6034047456e-03,9.8565617650e-03,7.2621475185e-01,2.2908930944e-01,1.8160747295e-02,1.3441630686e-04,1.3940808590e-02,2.0130226512e+00
6.2800000000e+02,2.5933001783e-03,9.7881163007e-03,7.2628620735e-01,2.2884943552e-01,1.8250511092e-02,1.3223372573e-04,1.4100195830e-02,2.0132378964e+00
6.2850000000e+02,2.5827991240e-03,9.7477244861e-03,7.2708818624e-01,2.2822502300e-01,1.8210090611e-02,1.2999868385e-04,1.4016177861e-02,2.0096045776e+00
6.2900000000e+02,2.5842124284e-03,9.7632225870e-03,7.2833597052e-01,2.2695496169e-01,1.8291997076e-02,1.2749751764e-04,1.3942138180e-02,2.0077828381e+00
6.2950000000e+02,2.5719602767e-03,9.8036928992e-03,7.2952862532e-01,2.2592614503e-01,1.8174215845e-02,1.2593086327e-04,1.3869429768e-02,2.0036751395e+00
6.3000000000e+02,2.5693975873e-03,9.8128999117e-03,7.3071771808e-01,2.2491102489e-01,1.8066509714e-02,1.2414891415e-04,1.3798300906e-02,1.9995247881e+00
6.3050000000e+02,2.5551653059e-03,9.8140172616e-03,7.3046744243e-01,2.2566444269e-01,1.7799207049e-02,1.2260466564e-04,1.3577120593e-02,1.9938212576e+00
6.3100000000e+02,2.5625815899e-03,9.8392860598e-03,7.3147870785e-01,2.2472384950e-01,1.7650821429e-02,1.2059494629e-04,1.3624158630e-02,1.9909442331e+00
6.3150000000e+02,2.5696806920e-03,9.8940603545e-03,7.3328933341e-01,2.2283075810e-01,1.7656931047e-02,1.1943154943e-04,1.3639804855e-02,1.9889570060e+00
6.3200000000e+02,2.5932803725e-03,1.0068837181e-02,7.3253132874e-01,2.2336354540e-01,1.7601891876e-02,1.1988034021e-04,1.3721236092e-02,1.9935291176e+00
6.3250000000e+02,2.5729037149e-03,1.0091632322e-02,7.3414870543e-01,2.2206258943e-01,1.7300442106e-02,1.1812469614e-04,1.3705602304e-02,1.9870942511e+00
6.3300000000e+02,2.5549950717e-03,1.0141853510e-02,7.3347988443e-01,2.2315616726e-01,1.7016384488e-02,1.1597626766e-04,1.3534738974e-02,1.9830294540e+00
6.3350000000e+02,2.5400564139e-03,1.0143439336e-02,7.3608915533e-01,2.2076663577e-01,1.6920068360e-02,1.1503930254e-04,1.3425605482e-02,1.9761351119e+00
6.3400000000e+02,2.5311669686e-03,1.0147390463e-02,7.3771584878e-01,2.1926186923e-01,1.6921143431e-02,1.1468973578e-04,1.3307891385e-02,1.9720742177e+00
6.3450000000e+02,2.5480828491e-03,1.0236574781e-02,7.3887077606e-01,2.1815327476e-01,1.7032387479e-02,1.1488954812e-04,1.3044014517e-02,1.9699473374e+00
6.3500000000e+02,2.5479450924e-03,1.0165038161e-02,7.4028054168e-01,2.1705102367e-01,1.6912293000e-02,1.1472270299e-04,1.2928435702e-02,1.9649020419e+00
6.3550000000e+02,2.5378048308e-03,1.0205824466e-02,7.4059636409e-01,2.1689992293e-01,1.6865141513e-02,1.1497003823e-04,1.2779972131e-02,1.9629180947e+00
6.3600000000e+02,2.5395471483e-03,1.0274155302e-02,7.4204406683e-01,2.1539289607e-01,1.6767877536e-02,1.1563076186e-04,1.2865826351e-02,1.9611342177e+00
6.3650000000e+02,2.5367680255e-03,1.0264738165e-02,7.4202247262e-01,2.1543395776e-01,1.6793179444e-02,1.1458208886e-04,1.2834301901e-02,1.9603953472e+00
6.3700000000e+02,2.5232711442e-03,1.0360836324e-02,7.4248532006e-01,2.1484894126e-01,1.6853599663e-02,1.1290889230e-04,1.2815122661e-02,1.9610392522e+00
6.3750000000e+02,2.5390217874e-03,1.0393059722e-02,7.4402091171e-01,2.1321319531e-01,1.6938756430e-02,1.1233482077e-04,1.2782720215e-02,1.9601898626e+00
6.3800000000e+02,2.5420270556e-03,1.0396018896e-02,7.4417742754e-01,2.1316205763e-01,1.6844111120e-02,1.1205099593e-04,1.2766306760e-02,1.9584380087e+00
6.3850000000e+02,2.5389877956e-03,1.0508340693e-02,7.4402952091e-01,2.1324595087e-01,1.6834054831e-02,1.1059541511e-04,1.2732549483e-02,1.9596390947e+00
6.3900000000e+02,2.5451893162e-03,1.0485184053e-02,7.4499538555e-01,2.1217281363e-01,1.6926012401e-02,1.1068588763e-04,1.2764729161e-02,1.9588301762e+00
6.3950000000e+02,2.5705363954e-03,1.0620661223e-02,7.4427834825e-01,2.1257112494e-01,1.7063358500e-02,1.1328280604e-04,1.2782687881e-02,1.9644951362e+00
6.4000000000e+02,2.5616896479e-03,1.0700134168e-02,7.4423020271e-01,2.1257011708e-01,1.7019093662e-02,1.1402504683e-04,1.2804737682e-02,1.9649738604e+00
6.4050000000e+02,2.5799001735e-03,1.0698043365e-02,7.4470052561e-01,2.1219461556e-01,1.6974127406e-02,1.1449478943e-04,1.2738293096e-02,1.9634968718e+00
6.4100000000e+02,2.6059584112e-03,1.0725476253e-02,7.4489684772e-01,2.1208580772e-01,1.6904297658e-02,1.1605054999e-04,1.2665561696e-02,1.9640084560e+00
6.4150000000e+02,2.6100222316e-03,1.0824004803e-02,7.4499957336e-01,2.1194345161e-01,1.6811214185e-02,1.1693387587e-04,1.2694799932e-02,1.9655305667e+00
6.4200000000e+02,2.6114523262e-03,1.0862208942e-02,7.4432403009e-01,2.1251605430e-01,1.6818676294e-02,1.1879407950e-04,1.2748783973e-02,1.9680356300e+00
6.4250000000e+02,2.6307868413e-03,1.1043664903e-02,7.4419937801e-01,2.1217742439e-01,1.7023370514e-02,1.2265442729e-04,1.2802720911e-02,1.9744329112e+00
6.4300000000e+02,2.6370548233e-03,1.1038133594e-02,7.4457099806e-01,2.1172975554e-01,1.7068032694e-02,1.2489375695e-04,1.2831131533e-02,1.9749892051e+00
6.4350000000e+02,2.6249260157e-03,1.0997771519e-02,7.4587118788e-01,2.1079346591e-01,1.6947641956e-02,1.2595320886e-04,1.2639053508e-02,1.9691881291e+00
6.4400000000e+02,2.6363447611e-03,1.1121042955e-02,7.4524303120e-01,2.1149212690e-01,1.6892699216e-02,1.2816682810e-04,1.2486588137e-02,1.9705204988e+00
6.4450000000e+02,2.6478376301e-03,1.1159506923e-02,7.4633805124e-01,2.1043873544e-01,1.6880974097e-02,1.3083194475e-04,1.2404062728e-02,1.9690133436e+00
6.4500000000e+02,2.6432349110e-03,1.1195085483e-02,7.4736268298e-01,2.0939675867e-01,1.6883010096e-02,1.3537894812e-04,1.2383848911e-02,1.9681709566e+00
6.4550000000e+02,2.6160511166e-03,1.1266999668e-02,7.4861988819e-01,2.0835105470e-01,1.6779116749e-02,1.3757146563e-04,1.2229318109e-02,1.9639159906e+00
6.4600000000e+02,2.6165650049e-03,1.1411623620e-02,7.4832885476e-01,2.0832657266e-01,1.6986043661e-02,1.3974087543e-04,1.2190599415e-02,1.9685152728e+00
6.4650000000e+02,2.6153132432e-03,1.1405077752e-02,7.4818791992e-01,2.0843645175e-01,1.7029435996e-02,1.4295406690e-04,1.2182847273e-02,1.9695000109e+00
6.4700000000e+02,2.6451024214e-03,1.1514170957e-02,7.4840695450e-01,2.0784147601e-01,1.7184078789e-02,1.4547871747e-04,1.2262738609e-02,1.9741029079e+00
6.4750000000e+02,2.6329516912e-03,1.1627912957e-02,7.4888970950e-01,2.0729289455e-01,1.7084778176e-02,1.4716031503e-04,1.2324592805e-02,1.9745267556e+00
6.4800000000e+02,2.6201288306e-03,1.1625903152e-02,7.4973512618e-01,2.0643793162e-01,1.7094065516e-02,1.4724855389e-04,1.2339596147e-02,1.9727398989e+00
6.4850000000e+02,2.6243898309e-03,1.1551507101e-02,7.5098749799e-01,2.0535751681e-01,1.7052038793e-02,1.5023334714e-04,1.2276816124e-02,1.9695284802e+00
6.4900000000e+02,2.6489683858e-03,1.1502337878e-02,7.5174490575e-01,2.0461968661e-01,1.7059033675e-02,1.5404399784e-04,1.2271023698e-02,1.9688323632e+00
6.4950000000e+02,2.6636685723e-03,1.1563917622e-02,7.5419279215e-01,2.0234935946e-01,1.6788116608e-02,1.5637946232e-04,1.2285766130e-02,1.9637140812e+00
6.5000000000e+02,2.6978258083e-03,1.1613476569e-02,7.5321895593e-01,2.0321020353e-01,1.6793899328e-02,1.5987949088e-04,1.2305759341e-02,1.9676558990e+00
6.5050000000e+02,2.7146905777e-03,1.1599670552e-02,7.5333287286e-01,2.0338104286e-01,1.6678669690e-02,1.6099538857e-04,1.2132058066e-02,1.9655858297e+00
6.5100000000e+02,2.7286515726e-03,1.1619292278e-02,7.5216708097e-01,2.0455788083e-01,1.6646273086e-02,1.6261041237e-04,1.2118210855e-02,1.9680535045e+00
6.5150000000e+02,2.7513928501e-03,1.1646945789e-02,7.5167596553e-01,2.0510827256e-01,1.6536515275e-02,1.6658676367e-04,1.2114321229e-02,1.9701568432e+00
6.5200000000e+02,2.7406141614e-03,1.1645491681e-02,7.5186339352e-01,2.0511648542e-01,1.6463530251e-02,1.6828354732e-04,1.2002201418e-02,1.9679774860e+00
6.5250000000e+02,2.7742099778e-03,1.1713646309e-02,7.5185113083e-01,2.0505151773e-01,1.6472318192e-02,1.6822579869e-04,1.1968951162e-02,1.9701619995e+00
6.5300000000e+02,2.7634026029e-03,1.1642383558e-02,7.5309585026e-01,2.0430512447e-01,1.6180233023e-02,1.6831476005e-04,1.1844691328e-02,1.9627920429e+00
6.5350000000e+02,2.8036429303e-03,1.1793635397e-02,7.5343721980e-01,2.0394531235e-01,1.6104801087e-02,1.6943175436e-04,1.1745956684e-02,1.9635264050e+00
6.5400000000e+02,2.8202512939e-03,1.1857782277e-02,7.5393811196e-01,2.0355548528e-01,1.6040191352e-02,1.7113188385e-04,1.1617045946e-02,1.9626478948e+00
6.5450000000e+02,2.8306783694e-03,1.1915193395e-02,7.5377418991e-01,2.0358276241e-01,1.6120046481e-02,1.7520182953e-04,1.1601927599e-02,1.9645218860e+00
6.5500000000e+02,2.8330299637e-03,1.1878026765e-02,7.5425999269e-01,2.0318997301e-01,1.6085527614e-02,1.7738287230e-04,1.1576067085e-02,1.9628368960e+00
6.5550000000e+02,2.8218561875e-03,1.1913842287e-02,7.5590964425e-01,2.0173951263e-01,1.5944864346e-02,1.7818238748e-04,1.1492097915e-02,1.9578721896e+00
6.5600000000e+02,2.8415728806e-03,1.1879498754e-02,7.5725491387e-01,2.0067679851e-01,1.5780947287e-02,1.7963318681e-04,1.1386635514e-02,1.9534240295e+00
6.5650000000e+02,2.8300512217e-03,1.1876704056e-02,7.5809962818e-01,2.0008319671e-01,1.5703342600e-02,1.8142743172e-04,1.1225649798e-02,1.9488488139e+00
6.5700000000e+02,2.8235546136e-03,1.1863155429e-02,7.5854696940e-01,1.9964209120e-01,1.5794052197e-02,1.8361998502e-04,1.1146557171e-02,1.9482633103e+00
6.5750000000e+02,2.8328311994e-03,1.1967088216e-02,7.5818512422e-01,1.9972267552e-01,1.5848764450e-02,1.8493632060e-04,1.1258580075e-02,1.9527733029e+00
6.5800000000e+02,2.8378732054e-03,1.1998521303e-02,7.5886598889e-01,1.9904915459e-01,1.5853092095e-02,1.8609941238e-04,1.1209270504e-02,1.9506623564e+00
6.5850000000e+02,2.8636338783e-03,1.2030731230e-02,7.6017781948e-01,1.9776732478e-01,1.5791457874e-02,1.8734114973e-04,1.1181691602e-02,1.9481827273e+00
6.5900000000e+02,2.8677651029e-03,1.2070066615e-02,7.6107818137e-01,1.9686106111e-01,1.5773889186e-02,1.8902995817e-04,1.1160006663e-02,1.9469151783e+00
6.5950000000e+02,2.8791709610e-03,1.2102584635e-02,7.6069539619e-01,1.9735445516e-01,1.5667616330e-02,1.9002856773e-04,1.1110748157e-02,1.9476999488e+00
6.6000000000e+02,2.8936714320e-03,1.2077418469e-02,7.6304409887e-01,1.9550049459e-01,1.5273096145e-02,1.8991835104e-04,1.1021302134e-02,1.9389584919e+00
6.6050000000e+02,2.9353242232e-03,1.2090992439e-02,7.6316345474e-01,1.9551136875e-01,1.5192252013e-02,1.9416646517e-04,1.0912441375e-02,1.9383459241e+00
6.6100000000e+02,2.9963278724e-03,1.2160205396e-02,7.6144667879e-01,1.9693723647e-01,1.5288322488e-02,1.9732083109e-04,1.0973908155e-02,1.9461570615e+00
6.6150000000e+02,3.0044429784e-03,1.2303412441e-02,7.6090813915e-01,1.9727960774e-01,1.5247407546e-02,1.9798298636e-04,1.1059007155e-02,1.9493824420e+00
6.6200000000e+02,2.9943788263e-03,1.2283159091e-02,7.6496361024e-01,1.9351479105e-01,1.5053886806e-02,1.9912713294e-04,1.0991046845e-02,1.9383875008e+00
6.6250000000e+02,3.0388086233e-03,1.2153267947e-02,7.6476720253e-01,1.9396526910e-01,1.5027187581e-02,1.9940921987e-04,1.0848855004e-02,1.9368712526e+00
6.6300000000e+02,3.0602178994e-03,1.2228858140e-02,7.6661666115e-01,1.9195479836e-01,1.5111990635e-02,2.0240835283e-04,1.0825065463e-02,1.9353575168e+00
6.6350000000e+02,3.0879914369e-03,1.2222653220e-02,7.6851453608e-01,1.9015006595e-01,1.5033043849e-02,2.0367402639e-04,1.0788035437e-02,1.9314352307e+00
6.6400000000e+02,3.1247201329e-03,1.2327807505e-02,7.6918739405e-01,1.8944187699e-01,1.4898944284e-02,2.0465973295e-04,1.0814597298e-02,1.9316353109e+00
6.6450000000e+02,3.1404200597e-03,1.2400390053e-02,7.6881184393e-01,1.8983799226e-01,1.4917361697e-02,2.0251664631e-04,1.0689475348e-02,1.9322884833e+00
6.6500000000e+02,3.1585025788e-03,1.2319778764e-02,7.6966733342e-01,1.8917365934e-01,1.4807355859e-02,2.0242637468e-04,1.0670943662e-02,1.9286749730e+00
6.6550000000e+02,3.1684962209e-03,1.2225403638e-02,7.6910709342e-01,1.8989007568e-01,1.4771113673e-02,2.0510966872e-04,1.0632707698e-02,1.9280447244e+00
6.6600000000e+02,3.1675865185e-03,1.2253252615e-02,7.7022655438e-01,1.8895007465e-01,1.4638655459e-02,2.0488908105e-04,1.0558987293e-02,1.9237222398e+00
6.6650000000e+02,3.1958668295e-03,1.2200448601e-02,7.7100310015e-01,1.8833086610e-01,1.4613629341e-02,2.0459674316e-04,1.0451492235e-02,1.9208679608e+00
6.6700000000e+02,3.2134487439e-03,1.2252959049e-02,7.6988507478e-01,1.8950157008e-01,1.4595254653e-02,2.0521522962e-04,1.0346477472e-02,1.9225428885e+00
6.6750000000e+02,3.2218351525e-03,1.2246730740e-02,7.7026803666e-01,1.8916123226e-01,1.4559629684e-02,2.0461600068e-04,1.0337919506e-02,1.9217191259e+00
6.6800000000e+02,3.2252167794e-03,1.2358549360e-02,7.7081261351e-01,1.8849270465e-01,1.4601745786e-02,2.0553312997e-04,1.0303636779e-02,1.9226676805e+00
6.6850000000e+02,3.2337747589e-03,1.2409854373e-02,7.6899971481e-01,1.9031496336e-01,1.4592105928e-02,2.0660507774e-04,1.0242981685e-02,1.9259801341e+00
6.6900000000e+02,3.2430800342e-03,1.2411260867e-02,7.7121213488e-01,1.8835284795e-01,1.4417809627e-02,2.0503259785e-04,1.0157834043e-02,1.9189412091e+00
6.6950000000e+02,3.2300329916e-03,1.2422457884e-02,7.7079640872e-01,1.8895099515e-01,1.4325106698e-02,2.0293801190e-04,1.0072060542e-02,1.9174552560e+00
6.7000000000e+02,3.2610660675e-03,1.2473519039e-02,7.7044935684e-01,1.8915997319e-01,1.4433865123e-02,2.0124097279e-04,1.0020978768e-02,1.9193198671e+00
6.7050000000e+02,3.2553788145e-03,1.2369146815e-02,7.7090727686e-01,1.8902863059e-01,1.4243434077e-02,2.0043495380e-04,9.9956978902e-03,1.9155288355e+00
6.7100000000e+02,3.2869452059e-03,1.2233342122e-02,7.7189919148e-01,1.8820281692e-01,1.4231900244e-02,1.9919749983e-04,9.9466065293e-03,1.9123066150e+00
6.7150000000e+02,3.3086132617e-03,1.2279816150e-02,7.7325034540e-01,1.8682622252e-01,1.4211460500e-02,2.0013772394e-04,9.9234044446e-03,1.9100166776e+00
6.7200000000e+02,3.3531189551e-03,1.2319610822e-02,7.7235087580e-01,1.8753992447e-01,1.4297492367e-02,2.0182825173e-04,9.9371493262e-03,1.9151009323e+00
6.7250000000e+02,3.3771025147e-03,1.2272996362e-02,7.7084670042e-01,1.8915195632e-01,1.4230627737e-02,1.9984935389e-04,9.9207672920e-03,1.9171933623e+00
6.7300000000e+02,3.3632639407e-03,1.2311267361e-02,7.7091199007e-01,1.8918633327e-01,1.4173625768e-02,1.9915983888e-04,9.8543597577e-03,1.9155956605e+00
6.7350000000e+02,3.3761688506e-03,1.2295353270e-02,7.7129676261e-01,1.8892969338e-01,1.4143162376e-02,1.9837704463e-04,9.7604824783e-03,1.9127631851e+00
6.7400000000e+02,3.4319656215e-03,1.2294029904e-02,7.7120402322e-01,1.8892687386e-01,1.4133348451e-02,1.9849029791e-04,9.8112686530e-03,1.9138981817e+00
6.7450000000e+02,3.4646740898e-03,1.2387466165e-02,7.6966620989e-01,1.9017102010e-01,1.4308719850e-02,1.9838695460e-04,9.8035229521e-03,1.9209055983e+00
6.7500000000e+02,3.4687571651e-03,1.2482991741e-02,7.6874969842e-01,1.9106325261e-01,1.4299489495e-02,1.9779236606e-04,9.7380182124e-03,1.9223012548e+00
6.7550000000e+02,3.4880791512e-03,1.2546061838e-02,7.6897300192e-01,1.9062936275e-01,1.4346494781e-02,1.9919297458e-04,9.8178065928e-03,1.9247298386e+00
6.7600000000e+02,3.4716222814e-03,1.2424917354e-02,7.6921254027e-01,1.9063878008e-01,1.4259154929e-02,1.9994969187e-04,9.7930353903e-03,1.9209435683e+00
6.7650000000e+02,3.4959604875e-03,1.2415670339e-02,7.6889983841e-01,1.9089492720e-01,1.4217369650e-02,2.0071219614e-04,9.8755217142e-03,1.9216760189e+00
6.7700000000e+02,3.4960524240e-03,1.2270614078e-02,7.6933334925e-01,1.9080931688e-01,1.4077978329e-02,2.0069029471e-04,9.8119987381e-03,1.9167399688e+00
6.7750000000e+02,3.4911129323e-03,1.2233432650e-02,7.6741113728e-01,1.9268658072e-01,1.4208826425e-02,1.9963480314e-04,9.7692751929e-03,1.9208716703e+00
6.7800000000e+02,3.5145813050e-03,1.2262827075e-02,7.6569127389e-01,1.9446130115e-01,1.4197321621e-02,1.9957875000e-04,9.6731162049e-03,1.9235910496e+00
6.7850000000e+02,3.5213453794e-03,1.2285227398e-02,7.6399149338e-01,1.9610834567e-01,1.4196700562e-02,2.0122096814e-04,9.6956666341e-03,1.9272611591e+00
6.7900000000e+02,3.5705545863e-03,1.2429076411e-02,7.6276253006e-01,1.9705303816e-01,1.4247355825e-02,2.0320985556e-04,9.7342351074e-03,1.9330450103e+00
6.7950000000e+02,3.5636276467e-03,1.2416699778e-02,7.6340047536e-01,1.9646436015e-01,1.4229517260e-02,2.0275161507e-04,9.7225681866e-03,1.9310218766e+00
6.8000000000e+02,3.5509179441e-03,1.2379432534e-02,7.6460404164e-01,1.9544817469e-01,1.4094690353e-02,2.0135225274e-04,9.7213905841e-03,1.9273688755e+00
6.8050000000e+02,3.5392829587e-03,1.2392497726e-02,7.6531375291e-01,1.9476178156e-01,1.3995743308e-02,1.9762073450e-04,9.7993207967e-03,1.9261296062e+00
6.8100000000e+02,3.5309406360e-03,1.2462274077e-02,7.6444049521e-01,1.9549083643e-01,1.4022009580e-02,1.9859773307e-04,9.8548463404e-03,1.9292094927e+00
6.8150000000e+02,3.5762333339e-03,1.2486646478e-02,7.6530237631e-01,1.9453701903e-01,1.3961104302e-02,1.9903492673e-04,9.9375856246e-03,1.9292811878e+00
6.8200000000e+02,3.6168820117e-03,1.2477483014e-02,7.6652037184e-01,1.9341334332e-01,1.3865374911e-02,2.0030541794e-04,9.9062394923e-03,1.9265996202e+00
6.8250000000e+02,3.6452359050e-03,1.2479723743e-02,7.6696131251e-01,1.9298240009e-01,1.3895832303e-02,2.0010730095e-04,9.8353881515e-03,1.9263055966e+00
6.8300000000e+02,3.6382177376e-03,1.2478544287e-02,7.6882535473e-01,1.9122066699e-01,1.3806834274e-02,1.9721272784e-04,9.8331692577e-03,1.9210474406e+00
6.8350000000e+02,3.6285485605e-03,1.2474173127e-02,7.6934909497e-01,1.9073588649e-01,1.3792167740e-02,1.9707724131e-04,9.8230518741e-03,1.9192230665e+00
6.8400000000e+02,3.6453009737e-03,1.2484214071e-02,7.7079882864e-01,1.8932834034e-01,1.3723885993e-02,1.9709719795e-04,9.8223327832e-03,1.9168731487e+00
6.8450000000e+02,3.6157554854e-03,1.2407512997e-02,7.7116893450e-01,1.8917713750e-01,1.3703403422e-02,1.9859492485e-04,9.7286611639e-03,1.9138622712e+00
6.8500000000e+02,3.5857227023e-03,1.2204097178e-02,7.7287077044e-01,1.8791028080e-01,1.3583680901e-02,1.9677185061e-04,9.6486761307e-03,1.9040295460e+00
6.8550000000e+02,3.6048486603e-03,1.2099715195e-02,7.7219293272e-01,1.8875437860e-01,1.3567699094e-02,1.9822928950e-04,9.5821964364e-03,1.9040442070e+00
6.8600000000e+02,3.6244536148e-03,1.2083494268e-02,7.7343688884e-01,1.8754152253e-01,1.3555117942e-02,1.9951011470e-04,9.5590126921e-03,1.9023284442e+00
6.8650000000e+02,3.6411789669e-03,1.2060781792e-02,7.7406561455e-01,1.8706061137e-01,1.3466286842e-02,1.9884995403e-04,9.5066765227e-03,1.8995745640e+00
6.8700000000e+02,3.6416289388e-03,1.2001459278e-02,7.7365234844e-01,1.8750869476e-01,1.3564424347e-02,2.0037327220e-04,9.4310709697e-03,1.8997561386e+00
6.8750000000e+02,3.6712785924e-03,1.1996667654e-02,7.7338992802e-01,1.8762210121e-01,1.3605407848e-02,2.0177827982e-04,9.5128383978e-03,1.9026858880e+00
6.8800000000e+02,3.6632702707e-03,1.1993624005e-02,7.7351644158e-01,1.8743198947e-01,1.3662713609e-02,2.0177406053e-04,9.5301869997e-03,1.9028429957e+00
6.8850000000e+02,3.7066249693e-03,1.1965671512e-02,7.7176028403e-01,1.8920407080e-01,1.3660594000e-02,2.0140855194e-04,9.5013461447e-03,1.9065423010e+00
6.8900000000e+02,3.7428941505e-03,1.1916438391e-02,7.7168545229e-01,1.8945324656e-01,1.3556441081e-02,2.0088615663e-04,9.4446413731e-03,1.9052759740e+00
6.8950000000e+02,3.7451942200e-03,1.1804698515e-02,7.7266035649e-01,1.8864120211e-01,1.3511547145e-02,2.0112972162e-04,9.4358717962e-03,1.9022076469e+00
6.9000000000e+02,3.7753042698e-03,1.1799137198e-02,7.7361198497e-01,1.8767014970e-01,1.3469132100e-02,2.0410177906e-04,9.4701899813e-03,1.9014874345e+00
6.9050000000e+02,3.7669117836e-03,1.1749748931e-02,7.7524014664e-01,1.8623899270e-01,1.3422090362e-02,2.0341646072e-04,9.3786931212e-03,1.8953441887e+00
6.9100000000e+02,3.7597953978e-03,1.1676685796e-02,7.7751535347e-01,1.8405130625e-01,1.3426828406e-02,2.0675445739e-04,9.3632762197e-03,1.8892871757e+00
6.9150000000e+02,3.7854457598e-03,1.1662896600e-02,7.7717583136e-01,1.8419249189e-01,1.3474458449e-02,2.1181903420e-04,9.4970569063e-03,1.8930019695e+00
6.9200000000e+02,3.8082249227e-03,1.1699967821e-02,7.7776586531e-01,1.8344499365e-01,1.3511181851e-02,2.1473642313e-04,9.5550300212e-03,1.8941831747e+00
6.9250000000e+02,3.8199840853e-03,1.1725465019e-02,7.7746472416e-01,1.8364037194e-01,1.3623878257e-02,2.1653827613e-04,9.5090382566e-03,1.8976782377e+00
6.9300000000e+02,3.8041512036e-03,1.1681445410e-02,7.7657546634e-01,1.8463961144e-01,1.3586534341e-02,2.1853521292e-04,9.4942560489e-03,1.8981493858e+00
6.9350000000e+02,3.8196618898e-03,1.1550074686e-02,7.7620013993e-01,1.8522767982e-01,1.3487598857e-02,2.2319864052e-04,9.4916461755e-03,1.8973565237e+00
6.9400000000e+02,3.8478012956e-03,1.1568509184e-02,7.7537199039e-01,1.8596331848e-01,1.3514077778e-02,2.2744920346e-04,9.5068536662e-03,1.9013622358e+00
6.9450000000e+02,3.8310562511e-03,1.1527077175e-02,7.7528208137e-01,1.8603732196e-01,1.3544670808e-02,2.2741903569e-04,9.5503734044e-03,1.9009945345e+00
6.9500000000e+02,3.8254430210e-03,1.1525400603e-02,7.7407302968e-01,1.8709604098e-01,1.3653066693e-02,2.3003020752e-04,9.5969888166e-03,1.9051347403e+00
6.9550000000e+02,3.8331938766e-03,1.1470337716e-02,7.7464964229e-01,1.8671287724e-01,1.3590758480e-02,2.3278646300e-04,9.5104039394e-03,1.9017956028e+00
6.9600000000e+02,3.8729447664e-03,1.1529623485e-02,7.7533726206e-01,1.8569147583e-01,1.3801380184e-02,2.3925509687e-04,9.5280585866e-03,1.9060010830e+00
6.9650000000e+02,3.8686912170e-03,1.1617702456e-02,7.7519480676e-01,1.8555850222e-01,1.3934235585e-02,2.4200438133e-04,9.5840573800e-03,1.9095829242e+00
6.9700000000e+02,3.9033171787e-03,1.1614074288e-02,7.7615518017e-01,1.8453739397e-01,1.3984296370e-02,2.4555961613e-04,9.5601784047e-03,1.9088083799e+00
6.9750000000e+02,3.9259241811e-03,1.1666851681e-02,7.7468755589e-01,1.8570336911e-01,1.4125639984e-02,2.4818937672e-04,9.6424697800e-03,1.9156426152e+00
6.9800000000e+02,3.9524394106e-03,1.1814159198e-02,7.7488305875e-01,1.8525585576e-01,1.4159056119e-02,2.5318721314e-04,9.6822435461e-03,1.9192931032e+00
6.9850000000e+02,3.9861442240e-03,1.1994274249e-02,7.7252494485e-01,1.8708981376e-01,1.4379121859e-02,2.5936090813e-04,9.7663401470e-03,1.9306538782e+00
6.9900000000e+02,3.9922398706e-03,1.2002568683e-02,7.7248486137e-01,1.8702958887e-01,1.4418998798e-02,2.6460644776e-04,9.8071359568e-03,1.9324648948e+00
6.9950000000e+02,3.9728011381e-03,1.1841746885e-02,7.7189632972e-01,1.8802541533e-01,1.4290406846e-02,2.6979552499e-04,9.7035045616e-03,1.9287307952e+00
7.0000000000e+02,3.9629846183e-03,1.1764437621e-02,7.7217091721e-01,1.8783900481e-01,1.4307135197e-02,2.7384404441e-04,9.6816765004e-03,1.9268961516e+00
7.0050000000e+02,3.9912713143e-03,1.1732121618e-02,7.7209668810e-01,1.8795912737e-01,1.4229467063e-02,2.8178117513e-04,9.7095433583e-03,1.9273735008e+00
7.0100000000e+02,4.0354070688e-03,1.1643888218e-02,7.7178418059e-01,1.8819595875e-01,1.4344634657e-02,2.8535322702e-04,9.7105774963e-03,1.9289164190e+00
7.0150000000e+02,4.0033324700e-03,1.1495749294e-02,7.7272608976e-01,1.8753685197e-01,1.4263269386e-02,2.8686666469e-04,9.6878404590e-03,1.9232904093e+00
7.0200000000e+02,3.9719197997e-03,1.1405940927e-02,7.7213494901e-01,1.8825612420e-01,1.4332526743e-02,2.8778841449e-04,9.6107509030e-03,1.9225076507e+00
7.0250000000e+02,3.9915115762e-03,1.1488592072e-02,7.7200861675e-01,1.8829253035e-01,1.4352910805e-02,2.9464957209e-04,9.5711888785e-03,1.9248462233e+00
7.0300000000e+02,3.9721283386e-03,1.1582917663e-02,7.7295331650e-01,1.8724645829e-01,1.4384147995e-02,3.0107121225e-04,9.5599600017e-03,1.9239485551e+00
7.0350000000e+02,3.9972900282e-03,1.1528329702e-02,7.7322962074e-01,1.8709719561e-01,1.4358257496e-02,3.0593646834e-04,9.4833699601e-03,1.9224895871e+00
7.0400000000e+02,4.0381494156e-03,1.1519336679e-02,7.7343081186e-01,1.8676950275e-01,1.4461813048e-02,3.0888826487e-04,9.4714979788e-03,1.9246139944e+00
7.0450000000e+02,4.0278277775e-03,1.1449170780e-02,7.7316880458e-01,1.8712975213e-01,1.4462444380e-02,3.1560072489e-04,9.4463996300e-03,1.9242512003e+00
7.0500000000e+02,4.0155858946e-03,1.1435045837e-02,7.7128826677e-01,1.8897351891e-01,1.4539754474e-02,3.2001436898e-04,9.4278137420e-03,1.9283780552e+00
7.0550000000e+02,4.0167796217e-03,1.1447181521e-02,7.7305420200e-01,1.8711988064e-01,1.4582576941e-02,3.2463049819e-04,9.4547487795e-03,1.9258298627e+00
7.0600000000e+02,4.0964831225e-03,1.1559178904e-02,7.7268578764e-01,1.8705423698e-01,1.4768466485e-02,3.3261108705e-04,9.5032357828e-03,1.9329518917e+00
7.0650000000e+02,4.1343674508e-03,1.1566542762e-02,7.7285129800e-01,1.8679802112e-01,1.4796986267e-02,3.3765565623e-04,9.5151287505e-03,1.9339477754e+00
7.0700000000e+02,4.1791907036e-03,1.1664184763e-02,7.7224436750e-01,1.8705348838e-01,1.4908423533e-02,3.4783159852e-04,9.6025135223e-03,1.9401948282e+00
7.0750000000e+02,4.2237381035e-03,1.1702807277e-02,7.7151336691e-01,1.8742792985e-01,1.5152569073e-02,3.5782631871e-04,9.6217624665e-03,1.9460548205e+00
7.0800000000e+02,4.2263618348e-03,1.1655090328e-02,7.7097426679e-01,1.8775631766e-01,1.5408799267e-02,3.6766826677e-04,9.6114958583e-03,1.9491247952e+00
7.0850000000e+02,4.2363763229e-03,1.1675066306e-02,7.6945413189e-01,1.8921378304e-01,1.5368645764e-02,3.7431464263e-04,9.6776820359e-03,1.9536996463e+00
7.0900000000e+02,4.2138855814e-03,1.1586364496e-02,7.6993497216e-01,1.8886123309e-01,1.5388436443e-02,3.7925136383e-04,9.6358568594e-03,1.9523327089e+00
7.0950000000e+02,4.2106801608e-03,1.1702082857e-02,7.6972108445e-01,1.8886875796e-01,1.5443180603e-02,3.8733465943e-04,9.6668793095e-03,1.9552859757e+00
7.1000000000e+02,4.2416642826e-03,1.1772483145e-02,7.6937353268e-01,1.8901529525e-01,1.5489878199e-02,3.9494038858e-04,9.7122060548e-03,1.9598359939e+00
7.1050000000e+02,4.2344842222e-03,1.1798675710e-02,7.6993267107e-01,1.8869282338e-01,1.5375677296e-02,3.9752223618e-04,9.5681460938e-03,1.9562506201e+00
7.1100000000e+02,4.1919295254e-03,1.1781079750e-02,7.6996730513e-01,1.8869831644e-01,1.5378323234e-02,4.0258911290e-04,9.5804568076e-03,1.9550272758e+00
7.1150000000e+02,4.1792438049e-03,1.1775718685e-02,7.6991249223e-01,1.8867246282e-01,1.5391393210e-02,4.1071597232e-04,9.6579732802e-03,1.9565762032e+00
7.1200000000e+02,4.1588908708e-03,1.1859980110e-02,7.6907443536e-01,1.8938303147e-01,1.5452241016e-02,4.2058799976e-04,9.6508331751e-03,1.9605143540e+00
7.1250000000e+02,4.1806683102e-03,1.1937980236e-02,7.6801415856e-01,1.9023153700e-01,1.5582776292e-02,4.2738887794e-04,9.6254907163e-03,1.9656199060e+00
7.1300000000e+02,4.1769500944e-03,1.1774042779e-02,7.6874489351e-01,1.8970117977e-01,1.5546087334e-02,4.3009511351e-04,9.6267513977e-03,1.9618453065e+00
7.1350000000e+02,4.1896642732e-03,1.1820048525e-02,7.6824763313e-01,1.9024003413e-01,1.5512063577e-02,4.3939377347e-04,9.5511625923e-03,1.9625240172e+00
7.1400000000e+02,4.1971099790e-03,1.1896759974e-02,7.6755685441e-01,1.9085059938e-01,1.5558304082e-02,4.4296073729e-04,9.4974114402e-03,1.9645716675e+00
7.1450000000e+02,4.1861098168e-03,1.1908016163e-02,7.6661610674e-01,1.9168430884e-01,1.5567973082e-02,4.4845251130e-04,9.5890328494e-03,1.9668208432e+00
7.1500000000e+02,4.2011079827e-03,1.1912764228e-02,7.6629743765e-01,1.9192785646e-01,1.5634402057e-02,4.5723801632e-04,9.5691936139e-03,1.9680282623e+00
7.1550000000e+02,4.1710461389e-03,1.1971142274e-02,7.6670446125e-01,1.9143136187e-01,1.5675870358e-02,4.6808441420e-04,9.5780336881e-03,1.9683838676e+00
7.1600000000e+02,4.1846618589e-03,1.2081695195e-02,7.6459768497e-01,1.9324256350e-01,1.5833884302e-02,4.7463500805e-04,9.5848751636e-03,1.9772994054e+00
7.1650000000e+02,4.1653611037e-03,1.2159308374e-02,7.6436944044e-01,1.9340502096e-01,1.5768104492e-02,4.7604294208e-04,9.6567216877e-03,1.9779983449e+00
7.1700000000e+02,4.1964223040e-03,1.2292627081e-02,7.6282547054e-01,1.9482948575e-01,1.5767384955e-02,4.8130258267e-04,9.6073067941e-03,1.9831421541e+00
7.1750000000e+02,4.2068671048e-03,1.2355197767e-02,7.6356946207e-01,1.9387761773e-01,1.5861448461e-02,4.8805872635e-04,9.6413481395e-03,1.9840540591e+00
7.1800000000e+02,4.2322706667e-03,1.2466467656e-02,7.6143498950e-01,1.9557032381e-01,1.6022187934e-02,4.9526964308e-04,9.7784907907e-03,1.9931626324e+00
7.1850000000e+02,4.2236463838e-03,1.2467120822e-02,7.5939654498e-01,1.9758487794e-01,1.6025784409e-02,5.0010245195e-04,9.8019230135e-03,1.9971838198e+00
7.1900000000e+02,4.2340013850e-03,1.2595372081e-02,7.5837646760e-01,1.9839061869e-01,1.5979939557e-02,5.0887566262e-04,9.9147250257e-03,2.0025566479e+00
7.1950000000e+02,4.2588052062e-03,1.2539227807e-02,7.5763589876e-01,1.9935764709e-01,1.5850067890e-02,5.1270831712e-04,9.8456449273e-03,2.0018310232e+00
7.2000000000e+02,4.2368731469e-03,1.2561569824e-02,7.5759942314e-01,1.9947373432e-01,1.5807289540e-02,5.1331134636e-04,9.8077986883e-03,2.0004438243e+00
7.2050000000e+02,4.2394127693e-03,1.2602733306e-02,7.5747516548e-01,1.9967661776e-01,1.5677791751e-02,5.1896541004e-04,9.8093135267e-03,2.0005961420e+00
7.2100000000e+02,4.2542988940e-03,1.2684957737e-02,7.5655099748e-01,2.0053247898e-01,1.5601599307e-02,5.2198819694e-04,9.8536794074e-03,2.0032003044e+00
7.2150000000e+02,4.2446464920e-03,1.2810030968e-02,7.5635534054e-01,2.0051094107e-01,1.5674345243e-02,5.2556752765e-04,9.8791281630e-03,2.0062987761e+00
7.2200000000e+02,4.2584272666e-03,1.2708836951e-02,7.5809100142e-01,1.9879762001e-01,1.5707060523e-02,5.2844742622e-04,9.9086063996e-03,2.0032020833e+00
7.2250000000e+02,4.2250997680e-03,1.2671133892e-02,7.5736291389e-01,1.9954536840e-01,1.5685467874e-02,5.2910975631e-04,9.9809064186e-03,2.0036859412e+00
7.2300000000e+02,4.2539767271e-03,1.2730082892e-02,7.5569756035e-01,2.0109790728e-01,1.5686442520e-02,5.3821107466e-04,9.9958191546e-03,2.0082918739e+00
7.2350000000e+02,4.2465333821e-03,1.2844636910e-02,7.5631521126e-01,2.0025718217e-01,1.5769518772e-02,5.4377014258e-04,1.0023147367e-02,2.0104616351e+00
7.2400000000e+02,4.2176969381e-03,1.2912120835e-02,7.5655024512e-01,1.9987668692e-01,1.5898526078e-02,5.4644750167e-04,9.9982766075e-03,2.0111294261e+00
7.2450000000e+02,4.2190765251e-03,1.2971223146e-02,7.5708285904e-01,1.9905279833e-01,1.6039804473e-02,5.4824658352e-04,1.0085991903e-02,2.0133941192e+00
7.2500000000e+02,4.2088310052e-03,1.2904341201e-02,7.5758909808e-01,1.9854643115e-01,1.6049353114e-02,5.5069001864e-04,1.0151255436e-02,2.0125036118e+00
7.2550000000e+02,4.2379616293e-03,1.2885177938e-02,7.5663362688e-01,1.9927572277e-01,1.6134783280e-02,5.5983512654e-04,1.0272892381e-02,2.0173965491e+00
7.2600000000e+02,4.2371590214e-03,1.2863303509e-02,7.5809678663e-01,1.9790986698e-01,1.6125526358e-02,5.5965529627e-04,1.0207702210e-02,2.0132854639e+00
7.2650000000e+02,4.1851598727e-03,1.2690701861e-02,7.5898640535e-01,1.9742005852e-01,1.6030149523e-02,5.5800064929e-04,1.0129524219e-02,2.0062994903e+00
7.2700000000e+02,4.1829654760e-03,1.2663413748e-02,7.5744691072e-01,1.9887204667e-01,1.6058307156e-02,5.5745258895e-04,1.0218903637e-02,2.0097908171e+00
7.2750000000e+02,4.2106928524e-03,1.2799612898e-02,7.5567645543e-01,2.0030987847e-01,1.6132355447e-02,5.6690309624e-04,1.0304101814e-02,2.0171666325e+00
7.2800000000e+02,4.2244873028e-03,1.2942688644e-02,7.5490722811e-01,2.0070090811e-01,1.6273976403e-02,5.7685271244e-04,1.0373858719e-02,2.0225135828e+00
7.2850000000e+02,4.2250872674e-03,1.2973617445e-02,7.5325757279e-01,2.0221041735e-01,1.6293665350e-02,5.7416465267e-04,1.0465475147e-02,2.0274246551e+00
7.2900000000e+02,4.2593117814e-03,1.3022318359e-02,7.5374260830e-01,2.0162116751e-01,1.6333026930e-02,5.7981201005e-04,1.0441755106e-02,2.0280873499e+00
7.2950000000e+02,4.2692519052e-03,1.3032323029e-02,7.5335923406e-01,2.0181272323e-01,1.6480319831e-02,5.8491955609e-04,1.0461228390e-02,2.0303391167e+00
7.3000000000e+02,4.2912674858e-03,1.3143073652e-02,7.5160773788e-01,2.0332803023e-01,1.6496172664e-02,5.8546944618e-04,1.0548248645e-02,2.0349545093e+00
7.3050000000e+02,4.3096474991e-03,1.3304795566e-02,7.5031882383e-01,2.0421797384e-01,1.6617865275e-02,5.9187805021e-04,1.0639015944e-02,2.0416604040e+00
7.3100000000e+02,4.2908103389e-03,1.3424938621e-02,7.5064045378e-01,2.0375982399e-01,1.6596526260e-02,5.9294743460e-04,1.0694499581e-02,2.0424279951e+00
7.3150000000e+02,4.2764404777e-03,1.3382836141e-02,7.4881622933e-01,2.0556376046e-01,1.6617282598e-02,6.0241374665e-04,1.0741037250e-02,2.0470781429e+00
7.3200000000e+02,4.2684252045e-03,1.3504508030e-02,7.4654346460e-01,2.0752165353e-01,1.6719958802e-02,6.0918173950e-04,1.0832808097e-02,2.0544578410e+00
7.3250000000e+02,4.2725382780e-03,1.3585258116e-02,7.4619830408e-01,2.0766511899e-01,1.6745393221e-02,6.0829874923e-04,1.0925088563e-02,2.0572868853e+00
7.3300000000e+02,4.2824035448e-03,1.3742528350e-02,7.4318904958e-01,2.1023974849e-01,1.7025351634e-02,6.0896393362e-04,1.0911954471e-02,2.0667685824e+00
7.3350000000e+02,4.3057104082e-03,1.3726116024e-02,7.4175958845e-01,2.1145865403e-01,1.7120188871e-02,6.1840934402e-04,1.1011332875e-02,2.0724259581e+00
7.3400000000e+02,4.3373800283e-03,1.3815669193e-02,7.4078108238e-01,2.1210435051e-01,1.7223129154e-02,6.3218490925e-04,1.1106203828e-02,2.0778695087e+00
7.3450000000e+02,4.3701916567e-03,1.3884144886e-02,7.3938598731e-01,2.1321719039e-01,1.7278856929e-02,6.4340176072e-04,1.1220227067e-02,2.0833266973e+00
7.3500000000e+02,4.3583307684e-03,1.3888466742e-02,7.3921497459e-01,2.1349413131e-01,1.7147555888e-02,6.4763511977e-04,1.1248905586e-02,2.0833572143e+00
7.3550000000e+02,4.3340645668e-03,1.3994537308e-02,7.3949550720e-01,2.1332795879e-01,1.7064169298e-02,6.3990343111e-04,1.1143859403e-02,2.0811427042e+00
7.3600000000e+02,4.3085907245e-03,1.3911160258e-02,7.4077343078e-01,2.1219168314e-01,1.7086335087e-02,6.3744201748e-04,1.1091357997e-02,2.0771556127e+00
7.3650000000e+02,4.3224793562e-03,1.4030319975e-02,7.4097152108e-01,2.1185116658e-01,1.7123367297e-02,6.3965910757e-04,1.1061486606e-02,2.0786013804e+00
7.3700000000e+02,4.3041721745e-03,1.4220017621e-02,7.4142094187e-01,2.1097594793e-01,1.7326390766e-02,6.4527481400e-04,1.1107254827e-02,2.0815034146e+00
7.3750000000e+02,4.2896156885e-03,1.4289451233e-02,7.4073648325e-01,2.1151288406e-01,1.7356329964e-02,6.5141348969e-04,1.1163822314e-02,2.0844426476e+00
7.3800000000e+02,4.2676141244e-03,1.4284948307e-02,7.4112253654e-01,2.1129553551e-01,1.7199408054e-02,6.5232399357e-04,1.1177633465e-02,2.0826483156e+00
7.3850000000e+02,4.2896835404e-03,1.4435262925e-02,7.4176099535e-01,2.1026630350e-01,1.7313126587e-02,6.5911833883e-04,1.1275509758e-02,2.0860528495e+00
7.3900000000e+02,4.2572808154e-03,1.4457020431e-02,7.4199768471e-01,2.1010803811e-01,1.7232357924e-02,6.5817881472e-04,1.1289439197e-02,2.0848719237e+00
7.3950000000e+02,4.2800462404e-03,1.4371615349e-02,7.4083314050e-01,2.1102350643e-01,1.7454236171e-02,6.6242596534e-04,1.1375029341e-02,2.0896782827e+00
7.4000000000e+02,4.2624256395e-03,1.4441784285e-02,7.3841487464e-01,2.1300991693e-01,1.7664583361e-02,6.6790216245e-04,1.1538512978e-02,2.0983711437e+00
7.4050000000e+02,4.2541048790e-03,1.4529363868e-02,7.3880227285e-01,2.1241254096e-01,1.7644467786e-02,6.8167293012e-04,1.1675576721e-02,2.1007115600e+00
7.4100000000e+02,4.2544915349e-03,1.4579059659e-02,7.3961827001e-01,2.1146705002e-01,1.7637496655e-02,6.7856176426e-04,1.1765070352e-02,2.1009208866e+00
7.4150000000e+02,4.2560175400e-03,1.4645635565e-02,7.4067402110e-01,2.1031008948e-01,1.7635047852e-02,6.7223242397e-04,1.1806956041e-02,2.0998574436e+00
7.4200000000e+02,4.2367507820e-03,1.4625201319e-02,7.4067445379e-01,2.1026060876e-01,1.7649899255e-02,6.6857103313e-04,1.1884515069e-02,2.1008849733e+00
7.4250000000e+02,4.2466419320e-03,1.4612133883e-02,7.3917051785e-01,2.1144629112e-01,1.7881259321e-02,6.7099210847e-04,1.1972163782e-02,2.1078132766e+00
7.4300000000e+02,4.2270208896e-03,1.4630649073e-02,7.3867126665e-01,2.1207089437e-01,1.7709476006e-02,6.6593291145e-04,1.2024760100e-02,2.1071762618e+00
7.4350000000e+02,4.2152303263e-03,1.4592907825e-02,7.3959609998e-01,2.1127262898e-01,1.7714162839e-02,6.5833229986e-04,1.1950637746e-02,2.1034786638e+00
7.4400000000e+02,4.1736328029e-03,1.4543433183e-02,7.3929782986e-01,2.1173179984e-01,1.7591557712e-02,6.5649654009e-04,1.2005250061e-02,2.1020828926e+00
7.4450000000e+02,4.1367931037e-03,1.4533064581e-02,7.3848147855e-01,2.1253909949e-01,1.7571343629e-02,6.6317839130e-04,1.2075042249e-02,2.1029545095e+00
7.4500000000e+02,4.1280373613e-03,1.4405606468e-02,7.3924870973e-01,2.1186069848e-01,1.7599974669e-02,6.5047172089e-04,1.2106501564e-02,2.0994087920e+00
7.4550000000e+02,4.1144740049e-03,1.4329734564e-02,7.3953284814e-01,2.1173123336e-01,1.7623991548e-02,6.3814987922e-04,1.2029568504e-02,2.0969486249e+00
7.4600000000e+02,4.0983127325e-03,1.4358148939e-02,7.3930310105e-01,2.1170067969e-01,1.7789271103e-02,6.4098426654e-04,1.2109502223e-02,2.0991703971e+00
7.4650000000e+02,4.1330801807e-03,1.4273664097e-02,7.3717796844e-01,2.1331032692e-01,1.8204467110e-02,6.4370716002e-04,1.2256786093e-02,2.1076247123e+00
7.4700000000e+02,4.1408481360e-03,1.4328325433e-02,7.3604744279e-01,2.1418491955e-01,1.8205925111e-02,6.4472543312e-04,1.2447813552e-02,2.1133128707e+00
7.4750000000e+02,4.0981703946e-03,1.4320230605e-02,7.3685810306e-01,2.1328314827e-01,1.8268396561e-02,6.4693637902e-04,1.2525014735e-02,2.1110331459e+00
7.4800000000e+02,4.1285551337e-03,1.4372698082e-02,7.3530617568e-01,2.1457954743e-01,1.8267079297e-02,6.4680636318e-04,1.2699138013e-02,2.1169113899e+00
7.4850000000e+02,4.1384893043e-03,1.4286945906e-02,7.3483978614e-01,2.1492803533e-01,1.8457018707e-02,6.5642088451e-04,1.2693303728e-02,2.1179668577e+00
7.4900000000e+02,4.1602112398e-03,1.4180715050e-02,7.3532732557e-01,2.1446538177e-01,1.8409671761e-02,6.5843412532e-04,1.2798260477e-02,2.1176975987e+00
7.4950000000e+02,4.1732665657e-03,1.4173935258e-02,7.3714021425e-01,2.1271534348e-01,1.8418174039e-02,6.5893050565e-04,1.2720135904e-02,2.1129332776e+00
7.5000000000e+02,4.1788934301e-03,1.4011380758e-02,7.3724104883e-01,2.1281883850e-01,1.8443412778e-02,6.5332088254e-04,1.2653104828e-02,2.1105198768e+00
7.5050000000e+02,4.2233294485e-03,1.4157579434e-02,7.3659975321e-01,2.1294975041e-01,1.8583175895e-02,6.5235048616e-04,1.2834061118e-02,2.1176680141e+00
7.5100000000e+02,4.2533739158e-03,1.4230400467e-02,7.3816076062e-01,2.1120439863e-01,1.8539095267e-02,6.5624411437e-04,1.2955726983e-02,2.1180388903e+00
7.5150000000e+02,4.2174975475e-03,1.4269016956e-02,7.3806349573e-01,2.1142557590e-01,1.8549505646e-02,6.5811423729e-04,1.2816793984e-02,2.1172669557e+00
7.5200000000e+02,4.2178010565e-03,1.4196863662e-02,7.3791473861e-01,2.1168264727e-01,1.8504759749e-02,6.5292033470e-04,1.2830269317e-02,2.1163783315e+00
7.5250000000e+02,4.2094184369e-03,1.4166256351e-02,7.3773445717e-01,2.1185771600e-01,1.8516199161e-02,6.5912970968e-04,1.2856823170e-02,2.1176080953e+00
7.5300000000e+02,4.2291159479e-03,1.4161932873e-02,7.3717310811e-01,2.1236923516e-01,1.8444634981e-02,6.6320313492e-04,1.2958769784e-02,2.1189039262e+00
7.5350000000e+02,4.2374276067e-03,1.4203764355e-02,7.3595090678e-01,2.1330956032e-01,1.8616106249e-02,6.6484673571e-04,1.3017387957e-02,2.1237899087e+00
7.5400000000e+02,4.2195914911e-03,1.4233988071e-02,7.3422690692e-01,2.1496278212e-01,1.8668526933e-02,6.6832175400e-04,1.3019882709e-02,2.1277393847e+00
7.5450000000e+02,4.2756852980e-03,1.4144258158e-02,7.3553630797e-01,2.1385112116e-01,1.8636188975e-02,6.6219221144e-04,1.2894246229e-02,2.1251957435e+00
7.5500000000e+02,4.2840947800e-03,1.4050893540e-02,7.3445360993e-01,2.1512928543e-01,1.8517964393e-02,6.6172979239e-04,1.2902422139e-02,2.1262050923e+00
7.5550000000e+02,4.3185807089e-03,1.4165345529e-02,7.3282421179e-01,2.1636996631e-01,1.8668458381e-02,6.6792540749e-04,1.2985511872e-02,2.1338186378e+00
7.5600000000e+02,4.3507860440e-03,1.4102088808e-02,7.3183189959e-01,2.1726756168e-01,1.8768459766e-02,6.6124320569e-04,1.3017960906e-02,2.1369734941e+00
7.5650000000e+02,4.3807650413e-03,1.3944242135e-02,7.3037727819e-01,2.1892402926e-01,1.8793174577e-02,6.5600724879e-04,1.2924503548e-02,2.1366271441e+00
7.5700000000e+02,4.4022200805e-03,1.3859763011e-02,7.2966234102e-01,2.1974151205e-01,1.8702992700e-02,6.5182395731e-04,1.2979347186e-02,2.1367262465e+00
7.5750000000e+02,4.4112247219e-03,1.3815305661e-02,7.2823747496e-01,2.2125355503e-01,1.8684112023e-02,6.5336729027e-04,1.2944960319e-02,2.1395689932e+00
7.5800000000e+02,4.4488703734e-03,1.3899148822e-02,7.2753240448e-01,2.2133025817e-01,1.9004054415e-02,6.6030174877e-04,1.3124961991e-02,2.1472461432e+00
7.5850000000e+02,4.4764147478e-03,1.3919108322e-02,7.2646419805e-01,2.2215245839e-01,1.9072368042e-02,6.6466613510e-04,1.3250786314e-02,2.1521598146e+00
7.5900000000e+02,4.5551529939e-03,1.3907582205e-02,7.2595778073e-01,2.2265553465e-01,1.8884911125e-02,6.5912561433e-04,1.3379912674e-02,2.1554228395e+00
7.5950000000e+02,4.5729564442e-03,1.3760251516e-02,7.2680020405e-01,2.2167748825e-01,1.8994812049e-02,6.5352650411e-04,1.3540761185e-02,2.1555896636e+00
7.6000000000e+02,4.5606575792e-03,1.3711375671e-02,7.2672291848e-01,2.2172589850e-01,1.8999550142e-02,6.5041321752e-04,1.3629186410e-02,2.1564116944e+00
7.6050000000e+02,4.5537800258e-03,1.3695081803e-02,7.2320728190e-01,2.2514915282e-01,1.9025152530e-02,6.4909342545e-04,1.3720457494e-02,2.1641924704e+00
7.6100000000e+02,4.5968753231e-03,1.3669417071e-02,7.2248633490e-01,2.2543038583e-01,1.9252520503e-02,6.5397497654e-04,1.3910491401e-02,2.1702414275e+00
7.6150000000e+02,4.6242110489e-03,1.3758290020e-02,7.2013597331e-01,2.2737463891e-01,1.9365170646e-02,6.4838993240e-04,1.4093326138e-02,2.1782563600e+00
7.6200000000e+02,4.6469621263e-03,1.3709016245e-02,7.1742416462e-01,2.3003698364e-01,1.9388934537e-02,6.4822075238e-04,1.4145718076e-02,2.1842043825e+00
7.6250000000e+02,4.6381555775e-03,1.3655264171e-02,7.1711581256e-01,2.3057799811e-01,1.9246551482e-02,6.3774561136e-04,1.4128472487e-02,2.1822337404e+00
7.6300000000e+02,4.6776236951e-03,1.3632827708e-02,7.1610267230e-01,2.3136415259e-01,1.9257145879e-02,6.3638607528e-04,1.4329191747e-02,2.1874716075e+00
7.6350000000e+02,4.7217335043e-03,1.3637879460e-02,7.1590854697e-01,2.3127324564e-01,1.9342019130e-02,6.4035151913e-04,1.4476223776e-02,2.1912256754e+00
7.6400000000e+02,4.7578386483e-03,1.3556990019e-02,7.1585255931e-01,2.3120635001e-01,1.9359158872e-02,6.3328182971e-04,1.4633821309e-02,2.1923034008e+00
7.6450000000e+02,4.7865232802e-03,1.3510121069e-02,7.1373339085e-01,2.3321249713e-01,1.9491590255e-02,6.2362874223e-04,1.4642248675e-02,2.1976710720e+00
7.6500000000e+02,4.7674519634e-03,1.3403971756e-02,7.1385028758e-01,2.3330751054e-01,1.9489587076e-02,6.1748972657e-04,1.4563701353e-02,2.1944199760e+00
7.6550000000e+02,4.7578642843e-03,1.3337199545e-02,7.1335511730e-01,2.3394251734e-01,1.9548527968e-02,6.1120273221e-04,1.4447570828e-02,2.1925728865e+00
7.6600000000e+02,4.8243020124e-03,1.3318607282e-02,7.1075232996e-01,2.3630132890e-01,1.9649382120e-02,6.0987199426e-04,1.4544177735e-02,2.2002094646e+00
7.6650000000e+02,4.9014399912e-03,1.3292629793e-02,7.1175379708e-01,2.3523748923e-01,1.9677931591e-02,6.0837257467e-04,1.4528339742e-02,2.2000878506e+00
7.6700000000e+02,4.9130482898e-03,1.3209357435e-02,7.1176612817e-01,2.3534298420e-01,1.9672502488e-02,6.0005113701e-04,1.4495928278e-02,2.1985069987e+00
7.6750000000e+02,4.9407888682e-03,1.3141468209e-02,7.1092243630e-01,2.3623702475e-01,1.9685795543e-02,5.9393906841e-04,1.4478547269e-02,2.1997556629e+00
7.6800000000e+02,4.9581596982e-03,1.3009072627e-02,7.1017052865e-01,2.3699289519e-01,1.9763234592e-02,5.8675649732e-04,1.4519352744e-02,2.2002455383e+00
7.6850000000e+02,4.9546198458e-03,1.2923339767e-02,7.0954821871e-01,2.3780109992e-01,1.9618277748e-02,5.8333931085e-04,1.4571104702e-02,2.1994212922e+00
7.6900000000e+02,4.9526391997e-03,1.2988927496e-02,7.0887172076e-01,2.3828231262e-01,1.9629153267e-02,5.7881450699e-04,1.4696432148e-02,2.2023888766e+00
7.6950000000e+02,4.9754965960e-03,1.3010633903e-02,7.0656990909e-01,2.4030237012e-01,1.9851202092e-02,5.7528778522e-04,1.4715100406e-02,2.2086052394e+00
7.7000000000e+02,4.9462843940e-03,1.3004919484e-02,7.0462517106e-01,2.4236876468e-01,1.9790597015e-02,5.6916009468e-04,1.4695103266e-02,2.2094292645e+00
7.7050000000e+02,4.9210776323e-03,1.3004627482e-02,7.0495119179e-01,2.4192858183e-01,1.9908491935e-02,5.6448383016e-04,1.4721545498e-02,2.2102147021e+00
7.7100000000e+02,4.9070658619e-03,1.2909910743e-02,7.0495701542e-01,2.4178554927e-01,1.9993503340e-02,5.6312709609e-04,1.4883828271e-02,2.2116297720e+00
7.7150000000e+02,4.9313688700e-03,1.2904023150e-02,7.0286903628e-01,2.4312363237e-01,2.0498936709e-02,5.6458660504e-04,1.5108416016e-02,2.2217402586e+00
7.7200000000e+02,4.9333770094e-03,1.2812623467e-02,7.0275258763e-01,2.4321380921e-01,2.0622097938e-02,5.5990991855e-04,1.5105594822e-02,2.2211383205e+00
7.7250000000e+02,4.9271792493e-03,1.2653784173e-02,7.0305749545e-01,2.4321315310e-01,2.0628540523e-02,5.5365155784e-04,1.4966195951e-02,2.2178428688e+00
7.7300000000e+02,4.8895292745e-03,1.2428282031e-02,7.0444334932e-01,2.4197469223e-01,2.0695941092e-02,5.4856625394e-04,1.5019639798e-02,2.2126274566e+00
7.7350000000e+02,4.8989450375e-03,1.2377329909e-02,7.0679684914e-01,2.3959438631e-01,2.0735106774e-02,5.4205517454e-04,1.5055327659e-02,2.2102601863e+00
7.7400000000e+02,4.8493674307e-03,1.2373825355e-02,7.0738536885e-01,2.3899263246e-01,2.0814576859e-02,5.3694467293e-04,1.5047284363e-02,2.2078495048e+00
7.7450000000e+02,4.8236786685e-03,1.2404408179e-02,7.0886483317e-01,2.3728344710e-01,2.0958375794e-02,5.3239294436e-04,1.5132864144e-02,2.2067593890e+00
7.7500000000e+02,4.8781087719e-03,1.2207809760e-02,7.0814097300e-01,2.3791517905e-01,2.1036493709e-02,5.2816367053e-04,1.5293272046e-02,2.2090930019e+00
7.7550000000e+02,4.8740817121e-03,1.2135723937e-02,7.0768502632e-01,2.3810346160e-01,2.1196684172e-02,5.2681568364e-04,1.5478206579e-02,2.2130839662e+00
7.7600000000e+02,4.8491333635e-03,1.2041510454e-02,7.0718767213e-01,2.3842248856e-01,2.1495094766e-02,5.2510608512e-04,1.5478994646e-02,2.2143827231e+00
7.7650000000e+02,4.7932779821e-03,1.1996735781e-02,7.0773324695e-01,2.3807745170e-01,2.1348648289e-02,5.2199148750e-04,1.5528647814e-02,2.2106942639e+00
7.7700000000e+02,4.7689905078e-03,1.1939213888e-02,7.0789244613e-01,2.3797371639e-01,2.1373278269e-02,5.1482456012e-04,1.5537530256e-02,2.2094512487e+00
7.7750000000e+02,4.7691374112e-03,1.1883247937e-02,7.0722017154e-01,2.3892555393e-01,2.1139194676e-02,5.0720496515e-04,1.5555489541e-02,2.2081487014e+00
7.7800000000e+02,4.7910627153e-03,1.1755179331e-02,7.0762274805e-01,2.3884297929e-01,2.0917747855e-02,5.0005403826e-04,1.5570228726e-02,2.2043495224e+00
7.7850000000e+02,4.8015243797e-03,1.1690708150e-02,7.0792599366e-01,2.3841466041e-01,2.1054573132e-02,4.9268486875e-04,1.5619855399e-02,2.2046662423e+00
7.7900000000e+02,4.8175737301e-03,1.1686803167e-02,7.0603488773e-01,2.3998141833e-01,2.1282823700e-02,4.9148357432e-04,1.5705009771e-02,2.2114057054e+00
7.7950000000e+02,4.7709105225e-03,1.1685835335e-02,7.0482018996e-01,2.4139100851e-01,2.1147245678e-02,4.8651390013e-04,1.5698296100e-02,2.2106757661e+00
7.8000000000e+02,4.7160594968e-03,1.1619430599e-02,7.0569166580e-01,2.4056069644e-01,2.1206236478e-02,4.8034449681e-04,1.5725566686e-02,2.2086216210e+00
7.8050000000e+02,4.6576219000e-03,1.1516212277e-02,7.0691432446e-01,2.3978885255e-01,2.1016847498e-02,4.7113445301e-04,1.5635006863e-02,2.2017713911e+00
7.8100000000e+02,4.6242847358e-03,1.1441720586e-02,7.0850748898e-01,2.3844080276e-01,2.0843147262e-02,4.6310080380e-04,1.5679454866e-02,2.1957397173e+00
7.8150000000e+02,4.6252920554e-03,1.1480107668e-02,7.0720824841e-01,2.3935904641e-01,2.1091064494e-02,4.6276218968e-04,1.5773478772e-02,2.2013789590e+00
7.8200000000e+02,4.5967357569e-03,1.1527930865e-02,7.0695566714e-01,2.3942738094e-01,2.1217921296e-02,4.6155961610e-04,1.5812804388e-02,2.2042654058e+00
7.8250000000e+02,4.5800566326e-03,1.1443539739e-02,7.0473627475e-01,2.4174940031e-01,2.1205554144e-02,4.5676575797e-04,1.5828408669e-02,2.2060460416e+00
7.8300000000e+02,4.5539144075e-03,1.1473233811e-02,7.0295629294e-01,2.4360027145e-01,2.1139198721e-02,4.5289398259e-04,1.5824194693e-02,2.2085921163e+00
7.8350000000e+02,4.5262574714e-03,1.1479063135e-02,7.0223571990e-01,2.4409838313e-01,2.1279674153e-02,4.4667945940e-04,1.5934222752e-02,2.2110381014e+00
7.8400000000e+02,4.4624695077e-03,1.1502129297e-02,7.0211019700e-01,2.4443428694e-01,2.1137056538e-02,4.3776244117e-04,1.5916098275e-02,2.2075156840e+00
7.8450000000e+02,4.4595826643e-03,1.1523994361e-02,7.0285636960e-01,2.4370667999e-01,2.1123194485e-02,4.3250128243e-04,1.5897677618e-02,2.2051310657e+00
7.8500000000e+02,4.4558683373e-03,1.1517862934e-02,7.0254755528e-01,2.4396380090e-01,2.1019023162e-02,4.2700474945e-04,1.6068884632e-02,2.2048434455e+00
7.8550000000e+02,4.4305503656e-03,1.1481094441e-02,7.0242591972e-01,2.4439186157e-01,2.0876006859e-02,4.2454445261e-04,1.5970022593e-02,2.2008738180e+00
7.8600000000e+02,4.4119437713e-03,1.1482184764e-02,7.0398635189e-01,2.4269896055e-01,2.0944241390e-02,4.2585070486e-04,1.6050466932e-02,2.1994285109e+00
7.8650000000e+02,4.3676442378e-03,1.1410746866e-02,7.0406645178e-01,2.4288060621e-01,2.0811933496e-02,4.2228816355e-04,1.6040329240e-02,2.1965274405e+00
7.8700000000e+02,4.3646117836e-03,1.1364102008e-02,7.0519508917e-01,2.4159276714e-01,2.0892432613e-02,4.2206580719e-04,1.6168931481e-02,2.1964688938e+00
7.8750000000e+02,4.3515251516e-03,1.1368467437e-02,7.0464386047e-01,2.4195203507e-01,2.0861628920e-02,4.2380106084e-04,1.6398681891e-02,2.2005678793e+00
7.8800000000e+02,4.3052674912e-03,1.1292042065e-02,7.0483105155e-01,2.4178877750e-01,2.0897511960e-02,4.1841920584e-04,1.6466930224e-02,2.1978154939e+00
7.8850000000e+02,4.2895563315e-03,1.1198577391e-02,7.0558393935e-01,2.4112446491e-01,2.1021089977e-02,4.1156963748e-04,1.6370802396e-02,2.1944056843e+00
7.8900000000e+02,4.3094679394e-03,1.1194410037e-02,7.0630610785e-01,2.4011291900e-01,2.1179835162e-02,4.1007328011e-04,1.6487186737e-02,2.1967634602e+00
7.8950000000e+02,4.3163481173e-03,1.1104837014e-02,7.0316471225e-01,2.4342861017e-01,2.1252108067e-02,4.1205688169e-04,1.6321327501e-02,2.2002462202e+00
7.9000000000e+02,4.3277977419e-03,1.1152017669e-02,7.0329849436e-01,2.4305072655e-01,2.1359432758e-02,4.1239540159e-04,1.6399135526e-02,2.2020404754e+00
7.9050000000e+02,4.3041319708e-03,1.1087816980e-02,7.0351337612e-01,2.4312797860e-01,2.1183756843e-02,4.0646778669e-04,1.6376471697e-02,2.1985463156e+00
7.9100000000e+02,4.2343127025e-03,1.1030548385e-02,7.0391445468e-01,2.4300432185e-01,2.1017625597e-02,4.0188683414e-04,1.6396849943e-02,2.1944792055e+00
7.9150000000e+02,4.1808888374e-03,1.0949083771e-02,7.0229953058e-01,2.4466676879e-01,2.1064039911e-02,3.9947333899e-04,1.6440214777e-02,2.1950445689e+00
7.9200000000e+02,4.1854323342e-03,1.1067486146e-02,7.0248580812e-01,2.4392269963e-01,2.1333774857e-02,3.9855696709e-04,1.6606241942e-02,2.2008730553e+00
7.9250000000e+02,4.1821129980e-03,1.1162356077e-02,7.0196624784e-01,2.4414841944e-01,2.1441368778e-02,3.9331400107e-04,1.6706180862e-02,2.2043313102e+00
7.9300000000e+02,4.1594348882e-03,1.1188674352e-02,7.0315299305e-01,2.4330455722e-01,2.1160228797e-02,3.9053617335e-04,1.6643575513e-02,2.1978639638e+00
7.9350000000e+02,4.1320142993e-03,1.1202968612e-02,7.0381763760e-01,2.4263032185e-01,2.0979680417e-02,3.8772565109e-04,1.6849651571e-02,2.1977878271e+00
7.9400000000e+02,4.0867469786e-03,1.1174463387e-02,7.0146539689e-01,2.4515000116e-01,2.0920673260e-02,3.8417412725e-04,1.6818544204e-02,2.1985402372e+00
7.9450000000e+02,4.0860085046e-03,1.1181616949e-02,7.0076786827e-01,2.4588111386e-01,2.0958580635e-02,3.8176079261e-04,1.6743050987e-02,2.1991836566e+00
7.9500000000e+02,4.0901382082e-03,1.1186100537e-02,6.9768431313e-01,2.4884735011e-01,2.0934322794e-02,3.8107977893e-04,1.6876695441e-02,2.2045858975e+00
7.9550000000e+02,4.0980492542e-03,1.1298753589e-02,6.9647113319e-01,2.4980436749e-01,2.1016934119e-02,3.8168109226e-04,1.6929081261e-02,2.2101508988e+00
7.9600000000e+02,4.1112828412e-03,1.1362183853e-02,6.9740998839e-01,2.4886646496e-01,2.0957120189e-02,3.7626408911e-04,1.6916695680e-02,2.2086282160e+00
7.9650000000e+02,4.0653922356e-03,1.1416986399e-02,6.9728187628e-01,2.4878364237e-01,2.1025849260e-02,3.7469221457e-04,1.7051561233e-02,2.2097894094e+00
7.9700000000e+02,4.0521544645e-03,1.1477974464e-02,6.9524924447e-01,2.5034792371e-01,2.1155110592e-02,3.7211435120e-04,1.7345477948e-02,2.2162270755e+00
7.9750000000e+02,4.0591065957e-03,1.1403625508e-02,6.9558950917e-01,2.4979451678e-01,2.1304280799e-02,3.6726679946e-04,1.7481694351e-02,2.2173956732e+00
7.9800000000e+02,4.0393573031e-03,1.1525391486e-02,6.9551342349e-01,2.4978346483e-01,2.1240080059e-02,3.6756286451e-04,1.7530719969e-02,2.2189671446e+00
7.9850000000e+02,4.0330866313e-03,1.1533385982e-02,6.9721090628e-01,2.4794892367e-01,2.1390165610e-02,3.6760527968e-04,1.7515926546e-02,2.2181084430e+00
7.9900000000e+02,4.0394970531e-03,1.1529536090e-02,6.9848319618e-01,2.4674424888e-01,2.1291145435e-02,3.6898002656e-04,1.7543396333e-02,2.2152607784e+00
7.9950000000e+02,4.0511724107e-03,1.1442929994e-02,6.9788327149e-01,2.4751117610e-01,2.1143854924e-02,3.7318522292e-04,1.7594409867e-02,2.2139717631e+00
8.0000000000e+02,4.0327930324e-03,1.1421020534e-02,6.9873184465e-01,2.4663839303e-01,2.1253144415e-02,3.7176117970e-04,1.7551043149e-02,2.2133030823e+00
8.0050000000e+02,4.0191719408e-03,1.1456971950e-02,6.9743280556e-01,2.4776440444e-01,2.1428218099e-02,3.7430878900e-04,1.7524119221e-02,2.2171682604e+00
8.0100000000e+02,4.0020447359e-03,1.1496850081e-02,6.9660304036e-01,2.4837101027e-01,2.1520688545e-02,3.7143877215e-04,1.7634927244e-02,2.2185853421e+00
8.0150000000e+02,3.9677537793e-03,1.1546627434e-02,6.9794584857e-01,2.4705793029e-01,2.1438677235e-02,3.6979669134e-04,1.7673365995e-02,2.2162297823e+00
8.0200000000e+02,3.9305991713e-03,1.1503977489e-02,6.9833022345e-01,2.4659460394e-01,2.1544869881e-02,3.6743015976e-04,1.7728295908e-02,2.2151907537e+00
8.0250000000e+02,3.9407078948e-03,1.1661185476e-02,6.9936103997e-01,2.4511152983e-01,2.1725551602e-02,3.7015869895e-04,1.7829826531e-02,2.2180199486e+00
8.0300000000e+02,3.9151932587e-03,1.1775089441e-02,7.0019133451e-01,2.4424592508e-01,2.1773637169e-02,3.6670665821e-04,1.7732113885e-02,2.2184080014e+00
8.0350000000e+02,3.8682766055e-03,1.1787824363e-02,6.9847965943e-01,2.4586848336e-01,2.1799980093e-02,3.6404088876e-04,1.7831735265e-02,2.2207520503e+00
8.0400000000e+02,3.8909060897e-03,1.1922643953e-02,6.9530051503e-01,2.4865319619e-01,2.1888788428e-02,3.6719275015e-04,1.7976757555e-02,2.2289813958e+00
8.0450000000e+02,3.8590283272e-03,1.1918512313e-02,6.9518272111e-01,2.4892358534e-01,2.1684016342e-02,3.6705787136e-04,1.8065078704e-02,2.2267045078e+00
8.0500000000e+02,3.8640489420e-03,1.1920335281e-02,6.9588909845e-01,2.4826098886e-01,2.1601451145e-02,3.6575955138e-04,1.8098317768e-02,2.2246382583e+00
8.0550000000e+02,3.8682832919e-03,1.1956206216e-02,6.9773470261e-01,2.4653819478e-01,2.1570510995e-02,3.6566660470e-04,1.7966435493e-02,2.2218822422e+00
8.0600000000e+02,3.8412501717e-03,1.2100257832e-02,6.9724548257e-01,2.4689693577e-01,2.1543224075e-02,3.6524429222e-04,1.8007605285e-02,2.2239611838e+00
8.0650000000e+02,3.8355583769e-03,1.2204918431e-02,6.9471144921e-01,2.4912510119e-01,2.1584473748e-02,3.6557213375e-04,1.8172926912e-02,2.2320620264e+00
8.0700000000e+02,3.8191406876e-03,1.2159931271e-02,6.9390837970e-01,2.4997930363e-01,2.1618667265e-02,3.6528614122e-04,1.8149291308e-02,2.2318441691e+00
8.0750000000e+02,3.7997765485e-03,1.2257098595e-02,6.9430639943e-01,2.4977608728e-01,2.1451553298e-02,3.6160395636e-04,1.8047480885e-02,2.2293685381e+00
8.0800000000e+02,3.7495068030e-03,1.2275756319e-02,6.9615909195e-01,2.4783634154e-01,2.1605587015e-02,3.6235987527e-04,1.8011356497e-02,2.2265272186e+00
8.0850000000e+02,3.7643494189e-03,1.2311543762e-02,6.9678207193e-01,2.4681847410e-01,2.1818337435e-02,3.6365584218e-04,1.8141567512e-02,2.2302337848e+00
8.0900000000e+02,3.7255308924e-03,1.2305191683e-02,6.9769990360e-01,2.4589116444e-01,2.1940665141e-02,3.6481880318e-04,1.8072725436e-02,2.2283269470e+00
8.0950000000e+02,3.7204101131e-03,1.2279254006e-02,6.9766848025e-01,2.4587368530e-01,2.2025513487e-02,3.6343177301e-04,1.8069225068e-02,2.2272323726e+00
8.1000000000e+02,3.7200652113e-03,1.2305921612e-02,6.9937662865e-01,2.4409355915e-01,2.2157992145e-02,3.6446563261e-04,1.7981367598e-02,2.2255473772e+00
8.1050000000e+02,3.7047485475e-03,1.2282146251e-02,6.9855802039e-01,2.4495658224e-01,2.2051431473e-02,3.6447815736e-04,1.8082592943e-02,2.2265393513e+00
8.1100000000e+02,3.7181918248e-03,1.2388241556e-02,6.9865160076e-01,2.4475650156e-01,2.2046484304e-02,3.6545368385e-04,1.8073526317e-02,2.2273559325e+00
8.1150000000e+02,3.7406295637e-03,1.2438946520e-02,7.0042143253e-01,2.4287318230e-01,2.2100171872e-02,3.6408601342e-04,1.8061551194e-02,2.2260034581e+00
8.1200000000e+02,3.7826147758e-03,1.2419896052e-02,6.9993200518e-01,2.4351798639e-01,2.1935561511e-02,3.5951592414e-04,1.8052420174e-02,2.2256700827e+00
8.1250000000e+02,3.8034119579e-03,1.2466193543e-02,6.9941859207e-01,2.4370829133e-01,2.2085720094e-02,3.6008352625e-04,1.8157707475e-02,2.2298681370e+00
8.1300000000e+02,3.7480178549e-03,1.2481138942e-02,6.9739176921e-01,2.4580864272e-01,2.2061558119e-02,3.5704256741e-04,1.8151830585e-02,2.2308217015e+00
8.1350000000e+02,3.7363987983e-03,1.2493598637e-02,6.9795270693e-01,2.4517501853e-01,2.2082389888e-02,3.5586665781e-04,1.8204020558e-02,2.2304978196e+00
8.1400000000e+02,3.7038717462e-03,1.2383806902e-02,6.9885879356e-01,2.4466831835e-01,2.2046595608e-02,3.5336745898e-04,1.7985246381e-02,2.2247873340e+00
8.1450000000e+02,3.6941897586e-03,1.2440572691e-02,6.9474516258e-01,2.4838043118e-01,2.2295077759e-02,3.5290743541e-04,1.8091658593e-02,2.2338401988e+00
8.1500000000e+02,3.7098943941e-03,1.2469057844e-02,6.9445166187e-01,2.4854170355e-01,2.2509500976e-02,3.5395114504e-04,1.7964230222e-02,2.2363908331e+00
8.1550000000e+02,3.6859456962e-03,1.2372452494e-02,6.9624502811e-01,2.4695847310e-01,2.2540134354e-02,3.5157301573e-04,1.7846393231e-02,2.2297108790e+00
8.1600000000e+02,3.6859760482e-03,1.2364753149e-02,6.9699078229e-01,2.4585263243e-01,2.2647977997e-02,3.5303683513e-04,1.8104841251e-02,2.2323865707e+00
8.1650000000e+02,3.7072924893e-03,1.2387215088e-02,6.9689164790e-01,2.4593647758e-01,2.2755409271e-02,3.5245206296e-04,1.7969505612e-02,2.2332575278e+00
8.1700000000e+02,3.6951409041e-03,1.2338509212e-02,6.9792077770e-01,2.4544244232e-01,2.2475031813e-02,3.4906171166e-04,1.7779036332e-02,2.2257939673e+00
8.1750000000e+02,3.6737881727e-03,1.2245795223e-02,6.9940461459e-01,2.4427831620e-01,2.2354561244e-02,3.4366564616e-04,1.7699258928e-02,2.2193212116e+00
8.1800000000e+02,3.6903934494e-03,1.2265123244e-02,6.9980135547e-01,2.4394704820e-01,2.2309918424e-02,3.4103618704e-04,1.7645125022e-02,2.2194019850e+00
8.1850000000e+02,3.6419744203e-03,1.2074651734e-02,7.0116106835e-01,2.4329537587e-01,2.2011041289e-02,3.3538474005e-04,1.7480503600e-02,2.2076341165e+00
8.1900000000e+02,3.6722964027e-03,1.2077197895e-02,7.0093954694e-01,2.4319148232e-01,2.2189180792e-02,3.3226992878e-04,1.7598025724e-02,2.2107149227e+00
8.1950000000e+02,3.6846925249e-03,1.2052026293e-02,7.0272144875e-01,2.4155222368e-01,2.2135639026e-02,3.2911633695e-04,1.7524853384e-02,2.2061305887e+00
8.2000000000e+02,3.6495910415e-03,1.1903681605e-02,7.0374512957e-01,2.4107226499e-01,2.1976996703e-02,3.2316344289e-04,1.7329172651e-02,2.1978092347e+00
8.2050000000e+02,3.6352767903e-03,1.1833138181e-02,7.0268383779e-01,2.4229204230e-01,2.1980888797e-02,3.1907680512e-04,1.7255739339e-02,2.1956717319e+00
8.2100000000e+02,3.6425806806e-03,1.1729180838e-02,7.0196345351e-01,2.4338179265e-01,2.1849369898e-02,3.1192890768e-04,1.7121693510e-02,2.1923415672e+00
8.2150000000e+02,3.6129011321e-03,1.1647676875e-02,7.0226629849e-01,2.4317080412e-01,2.1837282057e-02,3.0902506599e-04,1.7156012260e-02,2.1904528495e+00
8.2200000000e+02,3.6096042966e-03,1.1566206806e-02,7.0191458362e-01,2.4365669524e-01,2.1809324420e-02,3.0067188365e-04,1.7142913741e-02,2.1889390097e+00
8.2250000000e+02,3.5744700465e-03,1.1548083998e-02,7.0321441686e-01,2.4272875379e-01,2.1679297005e-02,2.9623963643e-04,1.6958738661e-02,2.1816957602e+00
8.2300000000e+02,3.5952570143e-03,1.1606448273e-02,7.0343088231e-01,2.4235873472e-01,2.1723736685e-02,2.9381856878e-04,1.6991122422e-02,2.1838099910e+00
8.2350000000e+02,3.5786826253e-03,1.1544794140e-02,7.0332193689e-01,2.4216808552e-01,2.1986243086e-02,2.8910079337e-04,1.7111156950e-02,2.1847688470e+00
8.2400000000e+02,3.5925111420e-03,1.1567953938e-02,7.0416595179e-01,2.4139698414e-01,2.1910304440e-02,2.8524150464e-04,1.7081053041e-02,2.1820151874e+00
8.2450000000e+02,3.5780745270e-03,1.1543319895e-02,7.0624901080e-01,2.3947729501e-01,2.1847491432e-02,2.8301915730e-04,1.7021789177e-02,2.1760369084e+00
8.2500000000e+02,3.5743238272e-03,1.1610479921e-02,7.0730576173e-01,2.3864444948e-01,2.1660056183e-02,2.7714814268e-04,1.6927780721e-02,2.1715372535e+00
8.2550000000e+02,3.5775038327e-03,1.1658492742e-02,7.0909679583e-01,2.3671045685e-01,2.1735628131e-02,2.7234043829e-04,1.6948782180e-02,2.1705237816e+00
8.2600000000e+02,3.5406323207e-03,1.1615145975e-02,7.1015322698e-01,2.3594892851e-01,2.1650310471e-02,2.6607456843e-04,1.6825681174e-02,2.1637531601e+00
8.2650000000e+02,3.5452545353e-03,1.1706417964e-02,7.1110016396e-01,2.3494053083e-01,2.1616436230e-02,2.6293222861e-04,1.6828264255e-02,2.1623841475e+00
8.2700000000e+02,3.5585071624e-03,1.1763247653e-02,7.1155444387e-01,2.3451597169e-01,2.1542965751e-02,2.6158166945e-04,1.6803282204e-02,2.1606013672e+00
8.2750000000e+02,3.5497397263e-03,1.1711060316e-02,7.1267199363e-01,2.3380037845e-01,2.1329562616e-02,2.5990399950e-04,1.6677361255e-02,2.1540961487e+00
8.2800000000e+02,3.5569467312e-03,1.1693030255e-02,7.1266643280e-01,2.3412304552e-01,2.1098404527e-02,2.5312297890e-04,1.6609017196e-02,2.1504366254e+00
8.2850000000e+02,3.5062885600e-03,1.1627430842e-02,7.1471637748e-01,2.3244545317e-01,2.0891479946e-02,2.4429070830e-04,1.6568679298e-02,2.1420069333e+00
8.2900000000e+02,3.5035765160e-03,1.1584332573e-02,7.1547007221e-01,2.3184006778e-01,2.0929593657e-02,2.4005908078e-04,1.6432298182e-02,2.1388820047e+00
8.2950000000e+02,3.4800938912e-03,1.1587903969e-02,7.1660964197e-01,2.3048978796e-01,2.1154436109e-02,2.3475442735e-04,1.6443381671e-02,2.1387570226e+00
8.3000000000e+02,3.5248387570e-03,1.1546958423e-02,7.1598832925e-01,2.3111956333e-01,2.1107321283e-02,2.3134916275e-04,1.6481639790e-02,2.1390029675e+00
8.3050000000e+02,3.5018850126e-03,1.1490462613e-02,7.1610651072e-01,2.3117350345e-01,2.1071392279e-02,2.2618173071e-04,1.6430064191e-02,2.1358875702e+00
8.3100000000e+02,3.5124097458e-03,1.1531255545e-02,7.1501221416e-01,2.3230574814e-01,2.1036440935e-02,2.2204879678e-04,1.6379882677e-02,2.1368890283e+00
8.3150000000e+02,3.4961871239e-03,1.1565699098e-02,7.1520948033e-01,2.3206135381e-01,2.1008820894e-02,2.1731293489e-04,1.6441145806e-02,2.1377231807e+00
8.3200000000e+02,3.4694441158e-03,1.1550325352e-02,7.1671044304e-01,2.3081280344e-01,2.0874509031e-02,2.1098556023e-04,1.6371489458e-02,2.1316764931e+00
8.3250000000e+02,3.4482154118e-03,1.1381655841e-02,7.1830628502e-01,2.2985847301e-01,2.0657719739e-02,2.0364849054e-04,1.6144002486e-02,2.1211292491e+00
8.3300000000e+02,3.4530798382e-03,1.1350518166e-02,7.1898766244e-01,2.2948861990e-01,2.0420526728e-02,1.9838319770e-04,1.6101209723e-02,2.1182508090e+00
8.3350000000e+02,3.4516942255e-03,1.1236155193e-02,7.2099163648e-01,2.2783199838e-01,2.0168144294e-02,1.9380103980e-04,1.6126570393e-02,2.1114166228e+00
8.3400000000e+02,3.4940696438e-03,1.1215020525e-02,7.2093033705e-01,2.2787921713e-01,2.0230422017e-02,1.9053060024e-04,1.6060403034e-02,2.1124997372e+00
8.3450000000e+02,3.4542462540e-03,1.1066264065e-02,7.2289181815e-01,2.2655814080e-01,1.9999123486e-02,1.8404249873e-04,1.5846364751e-02,2.1020602425e+00
8.3500000000e+02,3.4417377802e-03,1.1027863569e-02,7.2440102027e-01,2.2549067634e-01,1.9889646033e-02,1.7772116256e-04,1.5571334844e-02,2.0931351802e+00
8.3550000000e+02,3.4531694282e-03,1.1093254673e-02,7.2398234280e-01,2.2576071348e-01,1.9862168113e-02,1.7069257320e-04,1.5677658935e-02,2.0937303566e+00
8.3600000000e+02,3.4177798802e-03,1.0990584630e-02,7.2650045933e-01,2.2347753006e-01,1.9846596951e-02,1.6553269611e-04,1.5601516446e-02,2.0844133108e+00
8.3650000000e+02,3.4081409202e-03,1.0950606447e-02,7.2750577343e-01,2.2261500757e-01,1.9743383021e-02,1.6351560615e-04,1.5613572999e-02,2.0822564139e+00
8.3700000000e+02,3.4061106365e-03,1.0947426922e-02,7.2876034855e-01,2.2178509654e-01,1.9487400970e-02,1.5877045234e-04,1.5454845925e-02,2.0755672422e+00
8.3750000000e+02,3.3871341655e-03,1.0848183388e-02,7.2977119787e-01,2.2101265401e-01,1.9358708317e-02,1.5362723527e-04,1.5468495018e-02,2.0711599772e+00
8.3800000000e+02,3.3872253702e-03,1.0713603789e-02,7.2834609850e-01,2.2248876126e-01,1.9476738582e-02,1.4920948580e-04,1.5438363009e-02,2.0713820807e+00
8.3850000000e+02,3.4017511965e-03,1.0763730424e-02,7.2847980597e-01,2.2248353639e-01,1.9241590474e-02,1.4629657622e-04,1.5483288967e-02,2.0686328934e+00
8.3900000000e+02,3.4013713650e-03,1.0778016430e-02,7.2845170464e-01,2.2262915176e-01,1.9179257436e-02,1.4270990361e-04,1.5417788472e-02,2.0656691168e+00
8.3950000000e+02,3.4450673852e-03,1.0787824003e-02,7.2981035899e-01,2.2121208500e-01,1.9186190924e-02,1.3952593530e-04,1.5418947755e-02,2.0655399893e+00
8.4000000000e+02,3.4626374466e-03,1.0804158216e-02,7.2979267748e-01,2.2124590189e-01,1.9134372063e-02,1.3808294003e-04,1.5422169961e-02,2.0646920785e+00
8.4050000000e+02,3.4605398024e-03,1.0849997685e-02,7.3130764155e-01,2.1996199141e-01,1.9006605149e-02,1.3594272270e-04,1.5277281681e-02,2.0597210380e+00
8.4100000000e+02,3.4764285668e-03,1.0816299654e-02,7.3118572521e-01,2.2036844823e-01,1.8907498789e-02,1.3389048229e-04,1.5111709063e-02,2.0573999333e+00
8.4150000000e+02,3.4638767281e-03,1.0842767803e-02,7.3280902740e-01,2.1902573826e-01,1.8851485139e-02,1.3226097254e-04,1.4874843697e-02,2.0515718625e+00
8.4200000000e+02,3.4689561151e-03,1.0899715492e-02,7.3275726012e-01,2.1912861828e-01,1.8805309655e-02,1.3003174831e-04,1.4810108588e-02,2.0511791124e+00
8.4250000000e+02,3.4649963969e-03,1.0970209680e-02,7.3009181276e-01,2.2165324325e-01,1.8933751565e-02,1.2905391856e-04,1.4756932433e-02,2.0565226782e+00
8.4300000000e+02,3.4917612525e-03,1.1124489400e-02,7.3093982630e-01,2.2069984140e-01,1.8935492526e-02,1.2677993030e-04,1.4681809188e-02,2.0559732126e+00
8.4350000000e+02,3.5268302383e-03,1.1215980025e-02,7.2908465751e-01,2.2223490580e-01,1.9149172571e-02,1.2578396337e-04,1.4662669888e-02,2.0622134961e+00
8.4400000000e+02,3.5199370769e-03,1.1171895261e-02,7.2963841256e-01,2.2168607992e-01,1.9224836063e-02,1.2602134020e-04,1.4632817787e-02,2.0599299351e+00
8.4450000000e+02,3.5270837249e-03,1.1178368180e-02,7.2947024289e-01,2.2200398957e-01,1.9157883935e-02,1.2322247802e-04,1.4539209226e-02,2.0594804703e+00
8.4500000000e+02,3.4979065088e-03,1.1178605602e-02,7.3026421243e-01,2.2135723955e-01,1.9150352335e-02,1.2226097970e-04,1.4429422599e-02,2.0549219688e+00
8.4550000000e+02,3.5037462369e-03,1.1236401555e-02,7.3079898611e-01,2.2106102338e-01,1.8995785603e-02,1.2131911604e-04,1.4282738003e-02,2.0516568812e+00
8.4600000000e+02,3.4806974103e-03,1.1197701772e-02,7.3269795525e-01,2.1963078550e-01,1.8754201492e-02,1.2085817975e-04,1.4117800397e-02,2.0426483395e+00
8.4650000000e+02,3.4650722385e-03,1.1236026483e-02,7.3318775680e-01,2.1940457322e-01,1.8591328083e-02,1.2015706452e-04,1.3995086112e-02,2.0376656584e+00
8.4700000000e+02,3.4591175904e-03,1.1274492501e-02,7.3401411785e-01,2.1874504583e-01,1.8460818842e-02,1.1925914030e-04,1.3927148242e-02,2.0347966673e+00
8.4750000000e+02,3.4448443338e-03,1.1316381386e-02,7.3564117929e-01,2.1734089666e-01,1.8265232061e-02,1.1701046365e-04,1.3874455813e-02,2.0301352848e+00
8.4800000000e+02,3.4490430145e-03,1.1381654823e-02,7.3595173712e-01,2.1709922155e-01,1.8261374784e-02,1.1679811451e-04,1.3740170597e-02,2.0279394263e+00
8.4850000000e+02,3.4601229396e-03,1.1309117389e-02,7.3517150747e-01,2.1802054665e-01,1.8223473064e-02,1.1771558690e-04,1.3697516899e-02,2.0267089992e+00
8.4900000000e+02,3.4615464447e-03,1.1350105011e-02,7.3392096769e-01,2.1922251397e-01,1.8236628053e-02,1.1922133934e-04,1.3689017489e-02,2.0290598794e+00
8.4950000000e+02,3.4614669170e-03,1.1377188961e-02,7.3367996022e-01,2.1983008743e-01,1.7982431044e-02,1.1904597774e-04,1.3549819453e-02,2.0263080609e+00
8.5000000000e+02,3.4944418148e-03,1.1396739680e-02,7.3473430150e-01,2.1887327695e-01,1.7985812341e-02,1.2023587934e-04,1.3395191830e-02,2.0234874547e+00
8.5050000000e+02,3.5037958141e-03,1.1366987355e-02,7.3541540658e-01,2.1845940776e-01,1.7877507423e-02,1.2118133139e-04,1.3255713732e-02,2.0189497021e+00
8.5100000000e+02,3.4958220639e-03,1.1495136367e-02,7.3391191346e-01,2.1991526921e-01,1.7852993332e-02,1.2205585386e-04,1.3206809715e-02,2.0211903287e+00
8.5150000000e+02,3.5077627735e-03,1.1595489339e-02,7.3346826012e-01,2.2031388705e-01,1.7887191971e-02,1.2387480085e-04,1.3103533943e-02,2.0229210986e+00
8.5200000000e+02,3.5262759275e-03,1.1626348972e-02,7.3239949656e-01,2.2140762282e-01,1.7880626830e-02,1.2601547011e-04,1.3033613424e-02,2.0244418346e+00
8.5250000000e+02,3.4841327837e-03,1.1721315624e-02,7.3489815852e-01,2.1869524904e-01,1.7922086232e-02,1.2883274619e-04,1.3150225058e-02,2.0213464255e+00
8.5300000000e+02,3.4684015093e-03,1.1797265608e-02,7.3438446898e-01,2.1913806412e-01,1.7887023078e-02,1.3082309037e-04,1.3193953610e-02,2.0222033247e+00
8.5350000000e+02,3.4380010405e-03,1.1745447135e-02,7.3374175399e-01,2.2005541369e-01,1.7801359628e-02,1.3389161188e-04,1.3084132907e-02,2.0198724128e+00
8.5400000000e+02,3.4184806388e-03,1.1813945882e-02,7.3269441812e-01,2.2116991971e-01,1.7674060062e-02,1.3545040566e-04,1.3093725181e-02,2.0208094668e+00
8.5450000000e+02,3.4108297611e-03,1.1824747736e-02,7.3313846145e-01,2.2091622676e-01,1.7564587510e-02,1.3649134508e-04,1.3008655437e-02,2.0179282879e+00
8.5500000000e+02,3.4392674959e-03,1.1861036644e-02,7.3208404766e-01,2.2206876846e-01,1.7493039191e-02,1.3840522771e-04,1.2915435321e-02,2.0205286564e+00
8.5550000000e+02,3.4386319377e-03,1.1997863836e-02,7.3221052979e-01,2.2197464862e-01,1.7363018304e-02,1.3793534858e-04,1.2877372156e-02,2.0206241883e+00
8.5600000000e+02,3.4110886942e-03,1.1932100981e-02,7.3411746405e-01,2.2043618552e-01,1.7271851566e-02,1.4226268216e-04,1.2689046503e-02,2.0121835231e+00
8.5650000000e+02,3.4109770282e-03,1.1824801132e-02,7.3465066593e-01,2.2005362066e-01,1.7250537581e-02,1.4425189465e-04,1.2665145777e-02,2.0097598765e+00
8.5700000000e+02,3.4201696555e-03,1.1787056697e-02,7.3596758956e-01,2.1886514940e-01,1.7336907478e-02,1.4603547035e-04,1.2477091743e-02,2.0060589006e+00
8.5750000000e+02,3.4264482114e-03,1.1632024025e-02,7.3631866753e-01,2.1874138136e-01,1.7312896300e-02,1.4864317584e-04,1.2419939400e-02,2.0036546309e+00
8.5800000000e+02,3.4237162273e-03,1.1661516456e-02,7.3690004011e-01,2.1826408587e-01,1.7160016414e-02,1.5344932403e-04,1.2437175598e-02,2.0025440522e+00
8.5850000000e+02,3.3893639359e-03,1.1548091058e-02,7.3781528946e-01,2.1754879022e-01,1.7224273330e-02,1.5592178561e-04,1.2318270208e-02,1.9975035325e+00
8.5900000000e+02,3.4085116707e-03,1.1544852765e-02,7.3884437493e-01,2.1668364823e-01,1.7193477041e-02,1.5965135312e-04,1.2165484011e-02,1.9949974273e+00
8.5950000000e+02,3.4040992109e-03,1.1640447225e-02,7.3734497535e-01,2.1806490634e-01,1.7188080150e-02,1.6310794394e-04,1.2194383786e-02,1.9994673015e+00
8.6000000000e+02,3.3933826726e-03,1.1619169110e-02,7.3808216851e-01,2.1738541529e-01,1.7327850029e-02,1.6641733588e-04,1.2025597048e-02,1.9979543792e+00
8.6050000000e+02,3.3638409388e-03,1.1726804976e-02,7.3605082679e-01,2.1936755262e-01,1.7354958105e-02,1.6962816173e-04,1.1966388406e-02,2.0016398559e+00
8.6100000000e+02,3.4044969254e-03,1.1852955895e-02,7.3244504405e-01,2.2287296045e-01,1.7301416216e-02,1.7615655263e-04,1.1946969916e-02,2.0102031585e+00
8.6150000000e+02,3.4092902336e-03,1.1910839618e-02,7.3026432648e-01,2.2511575967e-01,1.7264300403e-02,1.8203906232e-04,1.1853444524e-02,2.0136625575e+00
8.6200000000e+02,3.3873492559e-03,1.1846684482e-02,7.3228095113e-01,2.2341972033e-01,1.7156043889e-02,1.8528062108e-04,1.1723970297e-02,2.0075346748e+00
8.6250000000e+02,3.3587246456e-03,1.1811920787e-02,7.3210272082e-01,2.2358025734e-01,1.7298982912e-02,1.9088802341e-04,1.1656505475e-02,2.0079671167e+00
8.6300000000e+02,3.3641054775e-03,1.1709378140e-02,7.3281205298e-01,2.2313388073e-01,1.7203403122e-02,1.9574388382e-04,1.1581435673e-02,2.0041619806e+00
8.6350000000e+02,3.3575652674e-03,1.1727351821e-02,7.3340013996e-01,2.2263961176e-01,1.7169207134e-02,1.9947505998e-04,1.1506648990e-02,2.0030776429e+00
8.6400000000e+02,3.3556999970e-03,1.1678128081e-02,7.3286079487e-01,2.2317695341e-01,1.7266551716e-02,2.0380940004e-04,1.1458062522e-02,2.0034658913e+00
8.6450000000e+02,3.3716098464e-03,1.1653689875e-02,7.3261431004e-01,2.2336579036e-01,1.7321189128e-02,2.0957829937e-04,1.1463832450e-02,2.0059565105e+00
8.6500000000e+02,3.4037830509e-03,1.1714583252e-02,7.3112241263e-01,2.2463906227e-01,1.7341759715e-02,2.1611302314e-04,1.1562286057e-02,2.0125590363e+00
8.6550000000e+02,3.3944028521e-03,1.1765597360e-02,7.3202319708e-01,2.2374569176e-01,1.7351742148e-02,2.1983316214e-04,1.1499535633e-02,2.0126778630e+00
8.6600000000e+02,3.4112531424e-03,1.1970505169e-02,7.2939182013e-01,2.2597273222e-01,1.7409650043e-02,2.2678165943e-04,1.1617257627e-02,2.0231975608e+00
8.6650000000e+02,3.3791097278e-03,1.2019839469e-02,7.3166343015e-01,2.2384082726e-01,1.7302287599e-02,2.3092292101e-04,1.1563582875e-02,2.0189104910e+00
8.6700000000e+02,3.3809225316e-03,1.1985001453e-02,7.3116315051e-01,2.2421451218e-01,1.7405598435e-02,2.3712574188e-04,1.1613689146e-02,2.0214224710e+00
8.6750000000e+02,3.3784863638e-03,1.1995836414e-02,7.3048627863e-01,2.2503629489e-01,1.7225941857e-02,2.4298114372e-04,1.1634180700e-02,2.0225141410e+00
8.6800000000e+02,3.3958190411e-03,1.2060118974e-02,7.3020753543e-01,2.2509000794e-01,1.7338372607e-02,2.4879775327e-04,1.1659348249e-02,2.0268263309e+00
8.6850000000e+02,3.4101253065e-03,1.1979227278e-02,7.2910636906e-01,2.2628851129e-01,1.7261644261e-02,2.5662286678e-04,1.1697499930e-02,2.0278642476e+00
8.6900000000e+02,3.4075573903e-03,1.1945404307e-02,7.2928748721e-01,2.2607478576e-01,1.7312575193e-02,2.6205662608e-04,1.1710133511e-02,2.0281548688e+00
8.6950000000e+02,3.4351095359e-03,1.2027095632e-02,7.2967643623e-01,2.2550546556e-01,1.7354129558e-02,2.6873156380e-04,1.1733031921e-02,2.0312341681e+00
8.7000000000e+02,3.4428686979e-03,1.1970173536e-02,7.2731536544e-01,2.2771930209e-01,1.7461517047e-02,2.7667591771e-04,1.1814097269e-02,2.0383403639e+00
8.7050000000e+02,3.4589110115e-03,1.1900713477e-02,7.2728211571e-01,2.2800063958e-01,1.7301577914e-02,2.8149918896e-04,1.1774543120e-02,2.0372452830e+00
8.7100000000e+02,3.4789441312e-03,1.1982718347e-02,7.2603572869e-01,2.2895513192e-01,1.7411788754e-02,2.8967514151e-04,1.1846013018e-02,2.0437644659e+00
8.7150000000e+02,3.4856166377e-03,1.2045526453e-02,7.2619687980e-01,2.2851425879e-01,1.7459585483e-02,2.9737089257e-04,1.2000761935e-02,2.0478719461e+00
8.7200000000e+02,3.4951373396e-03,1.2019388999e-02,7.2527874762e-01,2.2951038392e-01,1.7445880461e-02,3.0640078714e-04,1.1944060880e-02,2.0495497614e+00
8.7250000000e+02,3.5082985739e-03,1.2002182668e-02,7.2444621292e-01,2.3024539271e-01,1.7481853395e-02,3.1372338957e-04,1.2002336345e-02,2.0535522777e+00
8.7300000000e+02,3.5374032240e-03,1.2074544072e-02,7.2399799511e-01,2.3062280703e-01,1.7334885632e-02,3.2473988074e-04,1.2107625041e-02,2.0575211901e+00
8.7350000000e+02,3.5857050412e-03,1.2126969641e-02,7.2274408739e-01,2.3172095901e-01,1.7367354658e-02,3.3277932600e-04,1.2122144927e-02,2.0622966161e+00
8.7400000000e+02,3.6280095306e-03,1.2179782666e-02,7.2150481068e-01,2.3260801639e-01,1.7499520963e-02,3.4110280036e-04,1.2238756976e-02,2.0699497844e+00
8.7450000000e+02,3.6370507668e-03,1.2277824442e-02,7.2261313608e-01,2.3148516823e-01,1.7452949582e-02,3.4542648072e-04,1.2188444425e-02,2.0700387320e+00
8.7500000000e+02,3.6694595035e-03,1.2278220807e-02,7.2267350023e-01,2.3158891350e-01,1.7280207660e-02,3.4954384325e-04,1.2160154459e-02,2.0693782075e+00
8.7550000000e+02,3.6888740703e-03,1.2271219924e-02,7.2271248576e-01,2.3138615819e-01,1.7338249704e-02,3.5486024744e-04,1.2248152104e-02,2.0716708405e+00
8.7600000000e+02,3.6464636610e-03,1.2235918818e-02,7.2304307765e-01,2.3110857097e-01,1.7336070799e-02,3.5863960806e-04,1.2271258497e-02,2.0706354193e+00
8.7650000000e+02,3.6687404768e-03,1.2259439763e-02,7.2247873196e-01,2.3141875175e-01,1.7507548021e-02,3.6333067249e-04,1.2303457357e-02,2.0753601054e+00
8.7700000000e+02,3.6524024781e-03,1.2161023495e-02,7.2417055190e-01,2.3020739478e-01,1.7260285673e-02,3.6538513319e-04,1.2182956543e-02,2.0675569504e+00
8.7750000000e+02,3.6354480764e-03,1.2209441213e-02,7.2459633806e-01,2.2975552257e-01,1.7233725746e-02,3.6912135279e-04,1.2200402984e-02,2.0670512774e+00
8.7800000000e+02,3.6175529570e-03,1.2195707423e-02,7.2455602757e-01,2.2970751970e-01,1.7257493859e-02,3.7058789911e-04,1.2295110596e-02,2.0678226202e+00
8.7850000000e+02,3.6208799967e-03,1.2249464196e-02,7.2479709415e-01,2.2937487961e-01,1.7295947111e-02,3.7786962496e-04,1.2283865305e-02,2.0697009218e+00
8.7900000000e+02,3.6223320146e-03,1.2271516601e-02,7.2506796075e-01,2.2882292190e-01,1.7458294662e-02,3.8389984047e-04,1.2373074232e-02,2.0740043656e+00
8.7950000000e+02,3.6237325307e-03,1.2336293767e-02,7.2424870045e-01,2.2960124072e-01,1.7420314867e-02,3.8671304383e-04,1.2383004617e-02,2.0763144963e+00
8.8000000000e+02,3.6118124753e-03,1.2375663635e-02,7.2369058199e-01,2.3005487876e-01,1.7431651848e-02,3.9124812798e-04,1.2444163165e-02,2.0780985095e+00
8.8050000000e+02,3.5993291344e-03,1.2334628514e-02,7.2503523117e-01,2.2846927451e-01,1.7569074113e-02,3.9754971416e-04,1.2594912846e-02,2.0791562004e+00
8.8100000000e+02,3.6227660139e-03,1.2393817227e-02,7.2693306697e-01,2.2641205485e-01,1.7567736934e-02,4.0100047857e-04,1.2669557526e-02,2.0796512907e+00
8.8150000000e+02,3.5968511515e-03,1.2400716250e-02,7.2915720015e-01,2.2423833368e-01,1.7550651704e-02,4.0108709620e-04,1.2655159970e-02,2.0761629929e+00
8.8200000000e+02,3.5802333275e-03,1.2302362161e-02,7.2739893692e-01,2.2622918483e-01,1.7476954473e-02,4.0222759349e-04,1.2610100687e-02,2.0759069131e+00
8.8250000000e+02,3.5667380708e-03,1.2277902158e-02,7.2707434527e-01,2.2676253180e-01,1.7440489246e-02,4.0570445177e-04,1.2472289006e-02,2.0750825434e+00
8.8300000000e+02,3.5595088273e-03,1.2365594724e-02,7.2844235231e-01,2.2532107238e-01,1.7438138154e-02,4.1154464738e-04,1.2461788955e-02,2.0745111600e+00
8.8350000000e+02,3.6038863211e-03,1.2568520835e-02,7.2674533234e-01,2.2638554949e-01,1.7706153930e-02,4.1953949599e-04,1.2571017587e-02,2.0864352382e+00
8.8400000000e+02,3.6343694284e-03,1.2535593262e-02,7.2939719349e-01,2.2387311942e-01,1.7598884821e-02,4.2008494630e-04,1.2540754629e-02,2.0811079916e+00
8.8450000000e+02,3.6049810909e-03,1.2390227486e-02,7.2915439218e-01,2.2438047670e-01,1.7551105322e-02,4.1854737660e-04,1.2500269844e-02,2.0784989084e+00
8.8500000000e+02,3.5984879885e-03,1.2354088717e-02,7.2852875673e-01,2.2501147469e-01,1.7485682586e-02,4.2216293910e-04,1.2599346349e-02,2.0806896927e+00
8.8550000000e+02,3.5614596285e-03,1.2209908701e-02,7.2757013005e-01,2.2612864081e-01,1.7387880717e-02,4.2017101306e-04,1.2721809083e-02,2.0808978339e+00
8.8600000000e+02,3.5658134395e-03,1.2124749996e-02,7.2631888380e-01,2.2753723530e-01,1.7390744621e-02,4.2084057789e-04,1.2641732264e-02,2.0811855373e+00
8.8650000000e+02,3.5499634501e-03,1.2017601826e-02,7.2711060645e-01,2.2694937252e-01,1.7401204800e-02,4.1889628128e-04,1.2552354672e-02,2.0767379950e+00
8.8700000000e+02,3.5540896695e-03,1.1902090785e-02,7.2707730248e-01,2.2712320922e-01,1.7362126078e-02,4.2166764011e-04,1.2559514128e-02,2.0755322445e+00
8.8750000000e+02,3.5528399888e-03,1.1934627369e-02,7.2897963319e-01,2.2496558161e-01,1.7581234763e-02,4.2471527799e-04,1.2561367804e-02,2.0759241674e+00
8.8800000000e+02,3.5280434755e-03,1.1856142617e-02,7.2769060106e-01,2.2630685571e-01,1.7584875079e-02,4.2565363778e-04,1.2607828415e-02,2.0765560429e+00
8.8850000000e+02,3.5289414424e-03,1.1963645569e-02,7.2759587239e-01,2.2613388640e-01,1.7689347029e-02,4.2999307042e-04,1.2658314102e-02,2.0802519788e+00
8.8900000000e+02,3.5151172283e-03,1.1915223673e-02,7.2836949168e-01,2.2537438535e-01,1.7688313241e-02,4.2883719841e-04,1.2708631629e-02,2.0782368942e+00
8.8950000000e+02,3.4967497261e-03,1.1741418282e-02,7.2729693404e-01,2.2660378748e-01,1.7663655705e-02,4.3390472705e-04,1.2763550041e-02,2.0780419639e+00
8.9000000000e+02,3.5187693476e-03,1.1703649778e-02,7.2747194676e-01,2.2645095804e-01,1.7702465267e-02,4.3063396842e-04,1.2721576845e-02,2.0785214383e+00
8.9050000000e+02,3.5330808238e-03,1.1840829120e-02,7.2486428799e-01,2.2866984774e-01,1.7801973444e-02,4.3772869155e-04,1.2852252191e-02,2.0885356476e+00
8.9100000000e+02,3.5420605157e-03,1.1822638392e-02,7.2280786744e-01,2.3064480173e-01,1.7860236778e-02,4.3786998386e-04,1.2884525152e-02,2.0936275130e+00
8.9150000000e+02,3.5499645607e-03,1.1896046813e-02,7.2141822240e-01,2.3153956910e-01,1.8122589144e-02,4.4144118208e-04,1.3032166802e-02,2.1014840363e+00
8.9200000000e+02,3.5680640165e-03,1.1950329656e-02,7.2240282848e-01,2.3049891575e-01,1.8124257663e-02,4.4298674962e-04,1.3012617683e-02,2.1012022224e+00
8.9250000000e+02,3.5212678947e-03,1.1907270236e-02,7.2362888645e-01,2.2957253548e-01,1.7996258996e-02,4.4347281012e-04,1.2930308139e-02,2.0945970655e+00
8.9300000000e+02,3.5085860238e-03,1.1927130047e-02,7.2532546948e-01,2.2788267900e-01,1.7948078654e-02,4.3910505907e-04,1.2968951737e-02,2.0912322545e+00
8.9350000000e+02,3.5061585803e-03,1.1831448973e-02,7.2785202334e-01,2.2575299844e-01,1.7776253737e-02,4.3849709726e-04,1.2842619833e-02,2.0825769931e+00
8.9400000000e+02,3.5109184947e-03,1.1875052806e-02,7.2755878411e-01,2.2583697213e-01,1.7868440909e-02,4.3848987188e-04,1.2911341673e-02,2.0846457984e+00
8.9450000000e+02,3.5415198446e-03,1.1917076445e-02,7.2528807363e-01,2.2790543958e-01,1.7935488400e-02,4.3444117325e-04,1.2977960926e-02,2.0908103030e+00
8.9500000000e+02,3.5463957390e-03,1.1787764361e-02,7.2679544363e-01,2.2651407661e-01,1.7972089496e-02,4.3173356731e-04,1.2952496600e-02,2.0869504216e+00
8.9550000000e+02,3.5907114371e-03,1.1829222394e-02,7.2539252716e-01,2.2770614629e-01,1.7980912447e-02,4.3227362397e-04,1.3068206645e-02,2.0922506572e+00
8.9600000000e+02,3.6026986928e-03,1.1767986154e-02,7.2438802782e-01,2.2875998453e-01,1.7934322362e-02,4.3172365138e-04,1.3115256796e-02,2.0927739232e+00
8.9650000000e+02,3.6080254922e-03,1.1837832459e-02,7.2500053846e-01,2.2785429775e-01,1.8016629953e-02,4.3747260824e-04,1.3245203275e-02,2.0954564390e+00
8.9700000000e+02,3.6268053373e-03,1.1887867697e-02,7.2551373851e-01,2.2700348715e-01,1.8084979905e-02,4.3709325275e-04,1.3446028152e-02,2.0987280277e+00
8.9750000000e+02,3.6493390329e-03,1.1998452564e-02,7.2443992318e-01,2.2773608121e-01,1.8120794248e-02,4.3914626415e-04,1.3616263505e-02,2.1045040385e+00
8.9800000000e+02,3.6707675608e-03,1.2148673245e-02,7.2226052711e-01,2.2952522684e-01,1.8251556298e-02,4.3631777459e-04,1.3706931177e-02,2.1122453063e+00
8.9850000000e+02,3.6969467500e-03,1.2371801029e-02,7.1967872451e-01,2.3178186986e-01,1.8342405903e-02,4.3900668583e-04,1.3689245259e-02,2.1200779369e+00
8.9900000000e+02,3.6881405691e-03,1.2396686453e-02,7.2084541600e-01,2.3040106630e-01,1.8468362553e-02,4.4292612359e-04,1.3757402003e-02,2.1203555924e+00
8.9950000000e+02,3.6883849145e-03,1.2504132422e-02,7.2256649949e-01,2.2835425458e-01,1.8591303606e-02,4.4176723839e-04,1.3853657750e-02,2.1206072328e+00
9.0000000000e+02,3.6985065674e-03,1.2456369846e-02,7.2129390452e-01,2.2953359444e-01,1.8697593952e-02,4.4254426068e-04,1.3877486418e-02,2.1230185437e+00
9.0050000000e+02,3.6573284666e-03,1.2463477717e-02,7.2096340477e-01,2.2965818912e-01,1.8871065107e-02,4.4032440433e-04,1.3946210415e-02,2.1252384979e+00
9.0100000000e+02,3.6189473715e-03,1.2283772683e-02,7.2254770196e-01,2.2855355927e-01,1.8755290151e-02,4.3336860191e-04,1.3807359959e-02,2.1167526965e+00
9.0150000000e+02,3.6242626169e-03,1.2221441379e-02,7.2184064930e-01,2.2954350569e-01,1.8637736965e-02,4.3288592245e-04,1.3699518123e-02,2.1148952060e+00
9.0200000000e+02,3.6273654184e-03,1.2209767875e-02,7.2027509376e-01,2.3114575588e-01,1.8586251219e-02,4.3193059215e-04,1.3723835264e-02,2.1165920284e+00
9.0250000000e+02,3.6355535321e-03,1.2151903279e-02,7.2120907860e-01,2.3017146349e-01,1.8585577319e-02,4.3025816086e-04,1.3816165610e-02,2.1148535350e+00
9.0300000000e+02,3.6208863709e-03,1.2138983386e-02,7.2130816358e-01,2.3018555573e-01,1.8586514845e-02,4.2792073382e-04,1.3731975352e-02,2.1125633539e+00
9.0350000000e+02,3.6453430843e-03,1.2137976842e-02,7.2193813372e-01,2.2959929556e-01,1.8595770603e-02,4.2452512113e-04,1.3658955064e-02,2.1126931716e+00
9.0400000000e+02,3.6500717977e-03,1.2185025895e-02,7.2212833703e-01,2.2943316606e-01,1.8594997150e-02,4.2300686092e-04,1.3585395207e-02,2.1129017628e+00
9.0450000000e+02,3.6878929380e-03,1.2166563865e-02,7.2350649939e-01,2.2791674799e-01,1.8523018291e-02,4.2141765538e-04,1.3777859879e-02,2.1121442932e+00
9.0500000000e+02,3.6357462509e-03,1.2143904182e-02,7.2524803888e-01,2.2623202498e-01,1.8463347763e-02,4.1610537369e-04,1.3860832576e-02,2.1074578148e+00
9.0550000000e+02,3.6886196664e-03,1.2057133097e-02,7.2427186981e-01,2.2701212512e-01,1.8594737503e-02,4.1569881014e-04,1.3959815992e-02,2.1112125018e+00
9.0600000000e+02,3.7317997913e-03,1.2180704310e-02,7.2070435643e-01,2.2999722792e-01,1.8822015939e-02,4.1960501148e-04,1.4144290602e-02,2.1235059377e+00
9.0650000000e+02,3.7435843081e-03,1.2083773660e-02,7.2088186088e-01,2.2990741652e-01,1.8794009271e-02,4.1758282370e-04,1.4171772533e-02,2.1219207664e+00
9.0700000000e+02,3.7541816693e-03,1.2057756253e-02,7.2141408654e-01,2.2942723304e-01,1.8802289864e-02,4.1265367718e-04,1.4131798963e-02,2.1203190144e+00
9.0750000000e+02,3.7257581117e-03,1.2052731406e-02,7.2252145292e-01,2.2862987370e-01,1.8619366038e-02,4.0648715944e-04,1.4044330669e-02,2.1136604791e+00
9.0800000000e+02,3.7034044142e-03,1.2191346622e-02,7.2324452880e-01,2.2751703728e-01,1.8703513614e-02,4.0583112571e-04,1.4234338140e-02,2.1160314955e+00
9.0850000000e+02,3.7095690831e-03,1.2253074723e-02,7.2306236320e-01,2.2771237037e-01,1.8594483151e-02,4.0674773072e-04,1.4261391745e-02,2.1169098693e+00
9.0900000000e+02,3.6823681768e-03,1.2259684647e-02,7.2156649551e-01,2.2944651971e-01,1.8543841521e-02,4.0346027322e-04,1.4097630163e-02,2.1162249981e+00
9.0950000000e+02,3.6496053051e-03,1.2300237556e-02,7.2165569942e-01,2.2933315325e-01,1.8533867493e-02,4.0382058266e-04,1.4123616394e-02,2.1154172507e+00
9.1000000000e+02,3.6472788274e-03,1.2450643752e-02,7.1872934131e-01,2.3224821768e-01,1.8467699281e-02,3.9911571293e-04,1.4057703441e-02,2.1195091171e+00
9.1050000000e+02,3.6835850509e-03,1.2533160109e-02,7.1699963426e-01,2.3352225159e-01,1.8606083755e-02,3.9738653141e-04,1.4257898707e-02,2.1274712294e+00
9.1100000000e+02,3.6672931996e-03,1.2477128740e-02,7.1855208158e-01,2.3210266156e-01,1.8534044953e-02,3.9354394401e-04,1.4273246027e-02,2.1230561908e+00
9.1150000000e+02,3.6641310933e-03,1.2494350866e-02,7.1831812404e-01,2.3216560906e-01,1.8645550930e-02,3.8971846450e-04,1.4322515546e-02,2.1244103708e+00
9.1200000000e+02,3.6707190564e-03,1.2584470711e-02,7.1720987129e-01,2.3309323606e-01,1.8659718006e-02,3.8790948236e-04,1.4394075397e-02,2.1281842373e+00
9.1250000000e+02,3.6491321288e-03,1.2479338518e-02,7.1907088460e-01,2.3168071467e-01,1.8422376670e-02,3.8715558994e-04,1.4310397822e-02,2.1203851323e+00
9.1300000000e+02,3.6704611100e-03,1.2509687320e-02,7.1649973038e-01,2.3420776971e-01,1.8287470527e-02,3.8451053631e-04,1.4440370418e-02,2.1245198969e+00
9.1350000000e+02,3.7033897843e-03,1.2526195449e-02,7.1601943123e-01,2.3456184230e-01,1.8341059032e-02,3.8319984220e-04,1.4464882361e-02,2.1263745149e+00
9.1400000000e+02,3.7276783421e-03,1.2692323230e-02,7.1665031407e-01,2.3329828125e-01,1.8591623157e-02,3.8238662101e-04,1.4657393331e-02,2.1313596559e+00
9.1450000000e+02,3.7301112680e-03,1.2666971868e-02,7.1530980463e-01,2.3454424394e-01,1.8686921364e-02,3.8184938444e-04,1.4680097547e-02,2.1334435780e+00
9.1500000000e+02,3.7463015298e-03,1.2602355862e-02,7.1584891540e-01,2.3406007361e-01,1.8577161728e-02,3.7773247577e-04,1.4787459395e-02,2.1322627168e+00
9.1550000000e+02,3.7959065819e-03,1.2501017775e-02,7.1613304748e-01,2.3358025747e-01,1.8807953910e-02,3.7768922221e-04,1.4804127560e-02,2.1354433715e+00
9.1600000000e+02,3.7982543326e-03,1.2476621783e-02,7.1559736628e-01,2.3410402887e-01,1.8909075317e-02,3.7510347762e-04,1.4739549946e-02,2.1357507338e+00
9.1650000000e+02,3.7793951938e-03,1.2456054739e-02,7.1628484336e-01,2.3333119254e-01,1.9152793172e-02,3.7163520281e-04,1.4624085786e-02,2.1340602730e+00
9.1700000000e+02,3.8220699363e-03,1.2537638978e-02,7.1588612613e-01,2.3344351193e-01,1.9259290808e-02,3.7213942973e-04,1.4679222793e-02,2.1369961184e+00
9.1750000000e+02,3.8161658479e-03,1.2571291721e-02,7.1530209756e-01,2.3401369271e-01,1.9257569397e-02,3.7114574968e-04,1.4668037010e-02,2.1381873317e+00
9.1800000000e+02,3.8534970089e-03,1.2697341071e-02,7.1273159604e-01,2.3633104839e-01,1.9267303436e-02,3.7142445258e-04,1.4747789599e-02,2.1458153173e+00
9.1850000000e+02,3.8530502459e-03,1.2661665859e-02,7.1218015150e-01,2.3693898186e-01,1.9240153696e-02,3.6898698316e-04,1.4757009860e-02,2.1461232478e+00
9.1900000000e+02,3.8826590919e-03,1.2733562288e-02,7.1196980933e-01,2.3691919648e-01,1.9371751557e-02,3.6568024431e-04,1.4757341007e-02,2.1486732899e+00
9.1950000000e+02,3.8601935817e-03,1.2722816552e-02,7.1262616446e-01,2.3630815088e-01,1.9386416620e-02,3.6481039305e-04,1.4731447509e-02,2.1452590978e+00
9.2000000000e+02,3.8450856249e-03,1.2636529634e-02,7.1333252646e-01,2.3575628096e-01,1.9382998096e-02,3.5951880216e-04,1.4687060424e-02,2.1403446121e+00
9.2050000000e+02,3.8798015794e-03,1.2634097833e-02,7.1276284108e-01,2.3626443730e-01,1.9540680059e-02,3.5643955675e-04,1.4561702596e-02,2.1406092915e+00
9.2100000000e+02,3.8488582603e-03,1.2644754581e-02,7.1322448384e-01,2.3577681764e-01,1.9592868514e-02,3.5368309897e-04,1.4558534060e-02,2.1391413608e+00
9.2150000000e+02,3.8292018793e-03,1.2642882819e-02,7.1420024927e-01,2.3490992614e-01,1.9572596059e-02,3.4921015847e-04,1.4495933670e-02,2.1357376364e+00
9.2200000000e+02,3.8515805483e-03,1.2735396223e-02,7.1426980243e-01,2.3476813795e-01,1.9507465791e-02,3.5137540300e-04,1.4516241653e-02,2.1374276212e+00
9.2250000000e+02,3.8964659275e-03,1.2756084950e-02,7.1374861428e-01,2.3509455395e-01,1.9606037271e-02,3.5276676701e-04,1.4545476860e-02,2.1408013897e+00
9.2300000000e+02,3.9298233665e-03,1.2626520101e-02,7.1374758834e-01,2.3509025749e-01,1.9644216566e-02,3.5235640001e-04,1.4609237736e-02,2.1404897693e+00
9.2350000000e+02,3.9537582303e-03,1.2491707912e-02,7.1679902995e-01,2.3207674168e-01,1.9747238808e-02,3.5073377956e-04,1.4580789641e-02,2.1335708822e+00
9.2400000000e+02,3.9451658494e-03,1.2431604850e-02,7.1696751828e-01,2.3197902767e-01,1.9806329337e-02,3.4695701291e-04,1.4523396996e-02,2.1305157324e+00
9.2450000000e+02,3.9188132207e-03,1.2433414994e-02,7.1364467901e-01,2.3517847556e-01,1.9934305268e-02,3.4888847279e-04,1.4541423471e-02,2.1365415064e+00
9.2500000000e+02,3.9385164245e-03,1.2368322308e-02,7.1264038896e-01,2.3617705893e-01,1.9974325552e-02,3.4445832563e-04,1.4556929499e-02,2.1379388357e+00
9.2550000000e+02,3.9539399427e-03,1.2306601252e-02,7.1212484067e-01,2.3663509534e-01,1.9940081522e-02,3.4392921994e-04,1.4695512046e-02,2.1393279631e+00
9.2600000000e+02,3.9940165537e-03,1.2260929759e-02,7.1218276154e-01,2.3646461950e-01,1.9994277554e-02,3.4645422545e-04,1.4756940864e-02,2.1402184864e+00
9.2650000000e+02,4.0379832419e-03,1.2406515166e-02,7.1026361125e-01,2.3802418873e-01,2.0052124316e-02,3.4779323442e-04,1.4867784070e-02,2.1473135927e+00
9.2700000000e+02,4.0178860307e-03,1.2235966298e-02,7.1072549992e-01,2.3782292423e-01,2.0066633351e-02,3.4530155444e-04,1.4785788617e-02,2.1424148066e+00
9.2750000000e+02,4.0127209320e-03,1.2200600964e-02,7.0772792719e-01,2.4086321743e-01,2.0062306382e-02,3.4553193958e-04,1.4787695164e-02,2.1446207942e+00
9.2800000000e+02,3.9848320473e-03,1.2208125664e-02,7.0951216911e-01,2.3925340374e-01,2.0007617868e-02,3.4349760492e-04,1.4690353961e-02,2.1393250592e+00
9.2850000000e+02,4.0084856952e-03,1.2277736488e-02,7.0668685555e-01,2.4160403903e-01,2.0343092780e-02,3.4233266089e-04,1.4737457804e-02,2.1462872621e+00
9.2900000000e+02,4.0147834129e-03,1.2278990317e-02,7.0618445032e-01,2.4197033309e-01,2.0461205600e-02,3.4366794426e-04,1.4746569315e-02,2.1475174166e+00
9.2950000000e+02,3.9839668216e-03,1.2230036172e-02,7.0685335580e-01,2.4118262133e-01,2.0679760227e-02,3.4287306574e-04,1.4727386579e-02,2.1463013279e+00
9.3000000000e+02,3.9514449723e-03,1.2295527754e-02,7.0770787685e-01,2.4025272539e-01,2.0741777808e-02,3.4682332690e-04,1.4703823889e-02,2.1443985994e+00
9.3050000000e+02,3.9377246152e-03,1.2356792182e-02,7.0821138982e-01,2.3983249039e-01,2.0732328055e-02,3.4393502749e-04,1.4585339916e-02,2.1430625444e+00
9.3100000000e+02,3.9235357338e-03,1.2262389357e-02,7.0918208241e-01,2.3904849621e-01,2.0661502816e-02,3.4274986373e-04,1.4579243613e-02,2.1381962839e+00
9.3150000000e+02,3.9376331697e-03,1.2303234989e-02,7.0975005421e-01,2.3862227018e-01,2.0474577315e-02,3.3820539965e-04,1.4574024742e-02,2.1354080300e+00
9.3200000000e+02,3.9423980168e-03,1.2143612725e-02,7.0983828103e-01,2.3888548358e-01,2.0252646490e-02,3.3286146112e-04,1.4604716697e-02,2.1308148171e+00
9.3250000000e+02,3.9249625988e-03,1.2122878628e-02,7.1123727607e-01,2.3733392475e-01,2.0242888985e-02,3.3660249863e-04,1.4801466469e-02,2.1297045107e+00
9.3300000000e+02,3.9161718721e-03,1.2138211569e-02,7.0948953003e-01,2.3910140095e-01,2.0192899329e-02,3.3819509831e-04,1.4823591148e-02,2.1328115351e+00
9.3350000000e+02,3.8939592734e-03,1.2107493631e-02,7.0849793155e-01,2.3981205106e-01,2.0372327176e-02,3.3895841281e-04,1.4977278896e-02,2.1360697028e+00
9.3400000000e+02,3.9028716096e-03,1.2145210536e-02,7.0715348418e-01,2.4102716334e-01,2.0404577279e-02,3.3909412343e-04,1.5027598924e-02,2.1398215176e+00
9.3450000000e+02,3.8654962089e-03,1.2210775316e-02,7.0785313809e-01,2.4048532239e-01,2.0370078348e-02,3.4047674034e-04,1.4874712909e-02,2.1354023628e+00
9.3500000000e+02,3.8387888994e-03,1.2114959660e-02,7.1000883189e-01,2.3871062613e-01,2.0216021729e-02,3.3797800350e-04,1.4772793693e-02,2.1276174837e+00
9.3550000000e+02,3.8324961551e-03,1.2061124979e-02,7.1061668329e-01,2.3814176896e-01,2.0218183488e-02,3.3378543020e-04,1.4795957694e-02,2.1261479585e+00
9.3600000000e+02,3.8299277980e-03,1.2125833238e-02,7.1242163310e-01,2.3633683829e-01,2.0270670340e-02,3.3218710990e-04,1.4682910125e-02,2.1237027640e+00
9.3650000000e+02,3.8414344310e-03,1.2141900500e-02,7.1283658299e-01,2.3605761384e-01,2.0262543813e-02,3.3449651777e-04,1.4525427901e-02,2.1209398714e+00
9.3700000000e+02,3.8108829730e-03,1.2192596547e-02,7.1348927697e-01,2.3539903001e-01,2.0385651840e-02,3.3703618260e-04,1.4385525476e-02,2.1193136087e+00
9.3750000000e+02,3.7963898479e-03,1.2242095989e-02,7.1430014936e-01,2.3461395838e-01,2.0349201172e-02,3.3641766827e-04,1.4361787580e-02,2.1186115150e+00
9.3800000000e+02,3.7920415959e-03,1.2178211607e-02,7.1600119340e-01,2.3305004667e-01,2.0360306909e-02,3.3123460608e-04,1.4286965208e-02,2.1148830872e+00
9.3850000000e+02,3.7974678388e-03,1.2274517821e-02,7.1495063998e-01,2.3387689558e-01,2.0407792795e-02,3.3378404282e-04,1.4358901935e-02,2.1172282833e+00
9.3900000000e+02,3.8026340490e-03,1.2365965428e-02,7.1514328275e-01,2.3363338160e-01,2.0329522459e-02,3.3843439193e-04,1.4386779322e-02,2.1190444241e+00
9.3950000000e+02,3.7929994005e-03,1.2333006289e-02,7.1548465019e-01,2.3326895595e-01,2.0400257480e-02,3.4117613195e-04,1.4378954555e-02,2.1200959292e+00
9.4000000000e+02,3.7909796079e-03,1.2366743866e-02,7.1567212515e-01,2.3329377151e-01,2.0222074259e-02,3.3911785847e-04,1.4315187750e-02,2.1194799608e+00
9.4050000000e+02,3.7329215401e-03,1.2314868472e-02,7.1584765630e-01,2.3320187808e-01,2.0210017362e-02,3.4014959392e-04,1.4352508658e-02,2.1177225561e+00
9.4100000000e+02,3.6985910549e-03,1.2315797688e-02,7.1575312025e-01,2.3342812390e-01,2.0116473841e-02,3.4199351656e-04,1.4345899753e-02,2.1167139623e+00
9.4150000000e+02,3.7245904004e-03,1.2258713619e-02,7.1510795580e-01,2.3406640585e-01,2.0106294156e-02,3.4231920084e-04,1.4393720981e-02,2.1175180697e+00
9.4200000000e+02,3.7209087246e-03,1.2229075305e-02,7.1701762364e-01,2.3204394114e-01,2.0223354149e-02,3.4389177283e-04,1.4421205264e-02,2.1135665223e+00
9.4250000000e+02,3.7250575265e-03,1.2260462001e-02,7.1712378408e-01,2.3196368374e-01,2.0183213012e-02,3.4386262441e-04,1.4399937013e-02,2.1140340490e+00
9.4300000000e+02,3.7223599487e-03,1.2407808173e-02,7.1582768117e-01,2.3282770100e-01,2.0254190272e-02,3.4591689821e-04,1.4614342544e-02,2.1231474820e+00
9.4350000000e+02,3.7058883102e-03,1.2458730427e-02,7.1498404989e-01,2.3371239019e-01,2.0165652379e-02,3.4634323983e-04,1.4626945562e-02,2.1241702054e+00
9.4400000000e+02,3.6649788967e-03,1.2461011210e-02,7.1515119897e-01,2.3353817998e-01,2.0340867162e-02,3.4897309177e-04,1.4494790690e-02,2.1228568257e+00
9.4450000000e+02,3.6406754053e-03,1.2382582733e-02,7.1725821063e-01,2.3174870794e-01,2.0261648684e-02,3.4968856942e-04,1.4358486033e-02,2.1164715491e+00
9.4500000000e+02,3.5966074851e-03,1.2320232551e-02,7.1589598874e-01,2.3342552490e-01,2.0061038455e-02,3.5049302288e-04,1.4350114849e-02,2.1164992907e+00
9.4550000000e+02,3.6181524971e-03,1.2353395551e-02,7.1659884622e-01,2.3257563671e-01,2.0144608779e-02,3.5069992894e-04,1.4358660315e-02,2.1167243858e+00
9.4600000000e+02,3.6169683385e-03,1.2197245941e-02,7.1971165084e-01,2.2997481325e-01,1.9866285713e-02,3.4777922920e-04,1.4285256681e-02,2.1058304111e+00
9.4650000000e+02,3.6126172338e-03,1.2215629374e-02,7.2035577319e-01,2.2924098268e-01,1.9992431249e-02,3.4676634407e-04,1.4235799925e-02,2.1062675140e+00
9.4700000000e+02,3.6222104650e-03,1.2234848247e-02,7.1929977346e-01,2.3007065593e-01,2.0165448758e-02,3.5030924190e-04,1.4256753897e-02,2.1099921893e+00
9.4750000000e+02,3.6334437639e-03,1.2207963174e-02,7.1853741300e-01,2.3088121277e-01,2.0101365225e-02,3.5210851884e-04,1.4286493555e-02,2.1115321435e+00
9.4800000000e+02,3.6310048599e-03,1.2208415374e-02,7.1942914032e-01,2.3021025471e-01,2.0163984458e-02,3.5384065922e-04,1.4003359627e-02,2.1076769041e+00
9.4850000000e+02,3.5858833673e-03,1.2206241828e-02,7.2060913773e-01,2.2914825799e-01,2.0219129702e-02,3.5799941112e-04,1.3873349971e-02,2.1026759392e+00
9.4900000000e+02,3.6012279961e-03,1.2202689289e-02,7.1926246413e-01,2.3022355903e-01,2.0564199075e-02,3.5797449707e-04,1.3787885983e-02,2.1073390295e+00
9.4950000000e+02,3.6036064322e-03,1.2268037530e-02,7.1755303720e-01,2.3191033293e-01,2.0493961932e-02,3.6052724717e-04,1.3810496723e-02,2.1117181990e+00
9.5000000000e+02,3.6348466684e-03,1.2348531641e-02,7.1635665412e-01,2.3297505884e-01,2.0450468154e-02,3.6178291541e-04,1.3872657659e-02,2.1154508492e+00
9.5050000000e+02,3.6402100559e-03,1.2447950335e-02,7.1617623172e-01,2.3286154756e-01,2.0572355597e-02,3.6632223902e-04,1.3935382498e-02,2.1187977861e+00
9.5100000000e+02,3.6377313555e-03,1.2362048777e-02,7.1804674037e-01,2.3126467263e-01,2.0405565359e-02,3.6671344850e-04,1.3916528059e-02,2.1126075953e+00
9.5150000000e+02,3.6003419683e-03,1.2329069654e-02,7.1818342126e-01,2.3115542367e-01,2.0412770526e-02,3.6833258723e-04,1.3950640339e-02,2.1105290384e+00
9.5200000000e+02,3.5666172789e-03,1.2271841026e-02,7.1756683046e-01,2.3182434390e-01,2.0462798958e-02,3.6847497094e-04,1.3939093409e-02,2.1098312972e+00
9.5250000000e+02,3.5647991020e-03,1.2140412890e-02,7.1693876554e-01,2.3252031547e-01,2.0447423923e-02,3.6966605122e-04,1.4018617028e-02,2.1089548009e+00
9.5300000000e+02,3.6075010898e-03,1.2261850728e-02,7.1409926298e-01,2.3496189871e-01,2.0442158187e-02,3.7206032584e-04,1.4255267981e-02,2.1185096289e+00
9.5350000000e+02,3.5964527692e-03,1.2319316138e-02,7.1370534432e-01,2.3544920704e-01,2.0306385391e-02,3.7306188799e-04,1.4250232456e-02,2.1182986491e+00
9.5400000000e+02,3.6114352123e-03,1.2269596605e-02,7.1148710379e-01,2.3766176938e-01,2.0346916833e-02,3.7159327882e-04,1.4251584899e-02,2.1221019226e+00
9.5450000000e+02,3.6675474603e-03,1.2215632373e-02,7.1153714434e-01,2.3735605917e-01,2.0567645702e-02,3.7156247035e-04,1.4284408486e-02,2.1247346888e+00
9.5500000000e+02,3.6410400878e-03,1.2152836949e-02,7.1138847832e-01,2.3751171337e-01,2.0609333249e-02,3.7349554973e-04,1.4323102471e-02,2.1242494083e+00
9.5550000000e+02,3.6311650257e-03,1.2037739782e-02,7.1208408530e-01,2.3687635605e-01,2.0710532578e-02,3.7654540394e-04,1.4283575862e-02,2.1238807614e+00
9.5600000000e+02,3.6541160875e-03,1.2073164339e-02,7.1428502824e-01,2.3449108301e-01,2.0747612555e-02,3.7315399253e-04,1.4375841775e-02,2.1232472878e+00
9.5650000000e+02,3.6682497843e-03,1.1984198775e-02,7.1484376075e-01,2.3418280400e-01,2.0596659379e-02,3.7234944239e-04,1.4351977872e-02,2.1199453948e+00
9.5700000000e+02,3.6737557059e-03,1.1823565184e-02,7.1628587880e-01,2.3292901092e-01,2.0527639153e-02,3.6745641412e-04,1.4392693819e-02,2.1154643009e+00
9.5750000000e+02,3.7164709465e-03,1.1925509264e-02,7.1645838542e-01,2.3227777984e-01,2.0697802298e-02,3.6815182796e-04,1.4555900407e-02,2.1204177338e+00
9.5800000000e+02,3.7563044089e-03,1.1977512189e-02,7.1399760864e-01,2.3458066187e-01,2.0699744349e-02,3.6934114374e-04,1.4618827402e-02,2.1253899589e+00
9.5850000000e+02,3.7674482938e-03,1.1948226272e-02,7.1439783878e-01,2.3426312372e-01,2.0668330402e-02,3.6746155945e-04,1.4587570974e-02,2.1254621071e+00
9.5900000000e+02,3.7111490616e-03,1.1769938354e-02,7.1628470298e-01,2.3297141636e-01,2.0470797333e-02,3.6579897767e-04,1.4426196935e-02,2.1158906449e+00
9.5950000000e+02,3.7461183767e-03,1.1760388604e-02,7.1831841136e-01,2.3093411090e-01,2.0448037939e-02,3.7146251019e-04,1.4421470307e-02,2.1141350648e+00
9.6000000000e+02,3.7955114886e-03,1.1757861321e-02,7.1688747300e-01,2.3207483978e-01,2.0529370421e-02,3.7497610133e-04,1.4579967888e-02,2.1219565143e+00
9.6050000000e+02,3.7943286514e-03,1.1777244052e-02,7.1595851712e-01,2.3285520252e-01,2.0663143978e-02,3.7719118721e-04,1.4574372490e-02,2.1236742691e+00
9.6100000000e+02,3.8098826862e-03,1.1774722243e-02,7.1522381640e-01,2.3352058895e-01,2.0617992486e-02,3.7826879792e-04,1.4674728444e-02,2.1262930057e+00
9.6150000000e+02,3.8376715441e-03,1.1791152068e-02,7.1507996232e-01,2.3357033462e-01,2.0657758326e-02,3.7856708413e-04,1.4684554034e-02,2.1279223982e+00
9.6200000000e+02,3.8561111777e-03,1.1924403838e-02,7.1396432024e-01,2.3450298956e-01,2.0717175990e-02,3.7727169412e-04,1.4657727499e-02,2.1307436973e+00
9.6250000000e+02,3.8225670281e-03,1.1928981604e-02,7.1692864918e-01,2.3174811951e-01,2.0582644925e-02,3.7479026609e-04,1.4614247490e-02,2.1232188903e+00
9.6300000000e+02,3.8092784471e-03,1.2026891725e-02,7.1623135581e-01,2.3248827665e-01,2.0484317747e-02,3.7550243829e-04,1.4584377184e-02,2.1247717325e+00
9.6350000000e+02,3.8200296675e-03,1.2022130220e-02,7.1551958457e-01,2.3333691764e-01,2.0489790080e-02,3.7221235663e-04,1.4439335465e-02,2.1233652936e+00
9.6400000000e+02,3.8113782762e-03,1.1985800407e-02,7.1573998411e-01,2.3305335796e-01,2.0586162491e-02,3.7317514028e-04,1.4450141611e-02,2.1245148566e+00
9.6450000000e+02,3.7928818633e-03,1.1919873386e-02,7.1622219822e-01,2.3281846962e-01,2.0371913709e-02,3.7262593079e-04,1.4502037265e-02,2.1198850422e+00
9.6500000000e+02,3.7831268499e-03,1.1911415843e-02,7.1605134694e-01,2.3295394742e-01,2.0320002643e-02,3.7269326023e-04,1.4607467039e-02,2.1220523334e+00
9.6550000000e+02,3.7763049845e-03,1.1891031673e-02,7.1626899719e-01,2.3265554254e-01,2.0392414913e-02,3.7291186877e-04,1.4642796828e-02,2.1217704737e+00
9.6600000000e+02,3.7749366989e-03,1.2023561670e-02,7.1587951224e-01,2.3274868347e-01,2.0499073523e-02,3.7388523903e-04,1.4700347166e-02,2.1248930885e+00
9.6650000000e+02,3.7823958290e-03,1.1892575692e-02,7.1709146731e-01,2.3198382345e-01,2.0307754557e-02,3.7524762123e-04,1.4566735542e-02,2.1201942580e+00
9.6700000000e+02,3.8150716911e-03,1.1926657439e-02,7.1724701116e-01,2.3162417965e-01,2.0373852934e-02,3.7840785685e-04,1.4634819268e-02,2.1218173777e+00
9.6750000000e+02,3.8239556226e-03,1.1898017392e-02,7.1628292160e-01,2.3254218080e-01,2.0420323933e-02,3.7858509409e-04,1.4654015562e-02,2.1240612939e+00
9.6800000000e+02,3.8439727114e-03,1.1967287494e-02,7.1460004897e-01,2.3378178914e-01,2.0504725105e-02,3.8142508161e-04,1.4920751497e-02,2.1315909788e+00
9.6850000000e+02,3.8320450759e-03,1.1972971945e-02,7.1318718488e-01,2.3520493731e-01,2.0539819440e-02,3.7608671498e-04,1.4886954636e-02,2.1327446988e+00
9.6900000000e+02,3.8250349445e-03,1.1968258608e-02,7.1202329449e-01,2.3638442255e-01,2.0479557849e-02,3.7573487399e-04,1.4943696684e-02,2.1335116430e+00
9.6950000000e+02,3.8297499013e-03,1.1921469694e-02,7.1213341560e-01,2.3620816495e-01,2.0525658046e-02,3.7480547000e-04,1.5006736335e-02,2.1327659623e+00
9.7000000000e+02,3.8379106610e-03,1.1925701643e-02,7.1171559742e-01,2.3646303417e-01,2.0629011599e-02,3.7870778159e-04,1.5050036718e-02,2.1354987213e+00
9.7050000000e+02,3.8560979448e-03,1.1918983158e-02,7.1131399690e-01,2.3691221555e-01,2.0563552442e-02,3.7711837536e-04,1.5058035628e-02,2.1377401048e+00
9.7100000000e+02,3.8462494751e-03,1.1984683253e-02,7.1033196920e-01,2.3763720738e-01,2.0686289182e-02,3.7748404510e-04,1.5136117463e-02,2.1405975550e+00
9.7150000000e+02,3.8546060955e-03,1.2052776456e-02,7.1030589744e-01,2.3761936700e-01,2.0614331093e-02,3.7839464880e-04,1.5174627267e-02,2.1413254269e+00
9.7200000000e+02,3.8478479636e-03,1.2034455429e-02,7.1171525561e-01,2.3611401352e-01,2.0678888604e-02,3.7776285544e-04,1.5231776021e-02,2.1399830573e+00
9.7250000000e+02,3.8359292266e-03,1.2058504984e-02,7.1058093957e-01,2.3677626113e-01,2.0961359200e-02,3.8184409255e-04,1.5405161792e-02,2.1458929335e+00
9.7300000000e+02,3.8233024079e-03,1.2018811375e-02,7.1103625529e-01,2.3642555313e-01,2.1047670309e-02,3.7780165871e-04,1.5270605823e-02,2.1427071502e+00
9.7350000000e+02,3.8063220552e-03,1.1963115469e-02,7.1117092001e-01,2.3638367821e-01,2.0986053493e-02,3.7519667444e-04,1.5314714089e-02,2.1420228740e+00
9.7400000000e+02,3.7973754937e-03,1.1950745234e-02,7.1030949385e-01,2.3715442821e-01,2.1069314327e-02,3.7857540140e-04,1.5340067478e-02,2.1431819478e+00
9.7450000000e+02,3.8128301247e-03,1.1999366066e-02,7.0965219408e-01,2.3726293501e-01,2.1386387281e-02,3.8016802466e-04,1.5506119418e-02,2.1490979628e+00
9.7500000000e+02,3.8180951967e-03,1.2028669607e-02,7.1037443745e-01,2.3614478827e-01,2.1588918865e-02,3.8297479138e-04,1.5662115820e-02,2.1517914801e+00
9.7550000000e+02,3.8188838991e-03,1.1993078778e-02,7.1186141615e-01,2.3480854653e-01,2.1533005132e-02,3.7945580786e-04,1.5605613702e-02,2.1481911331e+00
9.7600000000e+02,3.8138065907e-03,1.2123609041e-02,7.1200980478e-01,2.3448257893e-01,2.1587529062e-02,3.8012140965e-04,1.5602550188e-02,2.1493603925e+00
9.7650000000e+02,3.8306043441e-03,1.2202306570e-02,7.1073017069e-01,2.3536298652e-01,2.1642412989e-02,3.8156285462e-04,1.5849956033e-02,2.1559403767e+00
9.7700000000e+02,3.7803084982e-03,1.2225769220e-02,7.1123183603e-01,2.3491926290e-01,2.1561413939e-02,3.8019761490e-04,1.5901211798e-02,2.1544098193e+00
9.7750000000e+02,3.7776914303e-03,1.2196968029e-02,7.0953956339e-01,2.3648536552e-01,2.1606164070e-02,3.8050004402e-04,1.6013747507e-02,2.1575836780e+00
9.7800000000e+02,3.7834052712e-03,1.2171451717e-02,7.0832864928e-01,2.3758497301e-01,2.1744611084e-02,3.8762958744e-04,1.5999280045e-02,2.1601015805e+00
9.7850000000e+02,3.7675815043e-03,1.1991103702e-02,7.0998888545e-01,2.3614041607e-01,2.1716902328e-02,3.8517650949e-04,1.6009934433e-02,2.1551159565e+00
9.7900000000e+02,3.7758352195e-03,1.2011209157e-02,7.0970832778e-01,2.3630498135e-01,2.1855350333e-02,3.8686932142e-04,1.5957426838e-02,2.1563660851e+00
9.7950000000e+02,3.7612983170e-03,1.1961790724e-02,7.1118432063e-01,2.3502277188e-01,2.1751561414e-02,3.8973250600e-04,1.5928524528e-02,2.1516116915e+00
9.8000000000e+02,3.7118116455e-03,1.1930215664e-02,7.0984184347e-01,2.3623434007e-01,2.1807224605e-02,3.8935871482e-04,1.6085205833e-02,2.1543205067e+00
9.8050000000e+02,3.7320265083e-03,1.1959849194e-02,7.0982952448e-01,2.3616720566e-01,2.1789035763e-02,3.9005341753e-04,1.6132304975e-02,2.1571416650e+00
9.8100000000e+02,3.7083106424e-03,1.1926531562e-02,7.0858673716e-01,2.3739489448e-01,2.1735502984e-02,3.9012432424e-04,1.6257898850e-02,2.1601432384e+00
9.8150000000e+02,3.6999269732e-03,1.1959697677e-02,7.1053975820e-01,2.3544966518e-01,2.1724721662e-02,3.9142136972e-04,1.6234808944e-02,2.1577947800e+00
9.8200000000e+02,3.7088126303e-03,1.2138057511e-02,7.0852214178e-01,2.3686395094e-01,2.1984296778e-02,3.9577741121e-04,1.6386962954e-02,2.1681031673e+00
9.8250000000e+02,3.6986513750e-03,1.2312059063e-02,7.0812016952e-01,2.3709321072e-01,2.1979306051e-02,3.9953611020e-04,1.6397067164e-02,2.1687667986e+00
9.8300000000e+02,3.6880786267e-03,1.2388675763e-02,7.0715027029e-01,2.3777011985e-01,2.2103025536e-02,4.0223216502e-04,1.6497597769e-02,2.1738233270e+00
9.8350000000e+02,3.6922537032e-03,1.2414399102e-02,7.0724526715e-01,2.3744659111e-01,2.2151955159e-02,4.0216679650e-04,1.6647366986e-02,2.1759156211e+00
9.8400000000e+02,3.7026458598e-03,1.2335026473e-02,7.0627595764e-01,2.3840776095e-01,2.2198175204e-02,4.0464370311e-04,1.6675790166e-02,2.1772861418e+00
9.8450000000e+02,3.6802001679e-03,1.2258011844e-02,7.0985895355e-01,2.3523830041e-01,2.1987451190e-02,4.0135316969e-04,1.6575729669e-02,2.1673731224e+00
9.8500000000e+02,3.6789976720e-03,1.2324699801e-02,7.1148558117e-01,2.3349134407e-01,2.2063523540e-02,4.0120018975e-04,1.6554653554e-02,2.1654549061e+00
9.8550000000e+02,3.6378637588e-03,1.2268436146e-02,7.1464944431e-01,2.3057332834e-01,2.1994502860e-02,3.9818404257e-04,1.6478240549e-02,2.1591363534e+00
9.8600000000e+02,3.6886707519e-03,1.2254096577e-02,7.1575654807e-01,2.2939881228e-01,2.1954473829e-02,4.0155588947e-04,1.6545842601e-02,2.1590666314e+00
9.8650000000e+02,3.6786626354e-03,1.2181441005e-02,7.1752388759e-01,2.2795559850e-01,2.1837661879e-02,3.9677440886e-04,1.6425973982e-02,2.1530445380e+00
9.8700000000e+02,3.6790524188e-03,1.2205363359e-02,7.1695381315e-01,2.2827000866e-01,2.1894946402e-02,4.0150824688e-04,1.6595307763e-02,2.1580336231e+00
9.8750000000e+02,3.6673877018e-03,1.2336640337e-02,7.1605910792e-01,2.2896077835e-01,2.2015158896e-02,4.0365725699e-04,1.6557269539e-02,2.1622527829e+00
9.8800000000e+02,3.6650225672e-03,1.2249531639e-02,7.1639568646e-01,2.2903826213e-01,2.1822226219e-02,4.0153686690e-04,1.6427734118e-02,2.1583462960e+00
9.8850000000e+02,3.6910780596e-03,1.2387457745e-02,7.1483951586e-01,2.3013982749e-01,2.1904777756e-02,4.0721996078e-04,1.6630123129e-02,2.1659640481e+00
9.8900000000e+02,3.7024318529e-03,1.2417718644e-02,7.1434232630e-01,2.3067606130e-01,2.1723706817e-02,4.1103744146e-04,1.6726717636e-02,2.1675095751e+00
9.8950000000e+02,3.7231981509e-03,1.2488635617e-02,7.1255432820e-01,2.3216886620e-01,2.1824443505e-02,4.1267494355e-04,1.6827853379e-02,2.1737563551e+00
9.9000000000e+02,3.7184429985e-03,1.2442477789e-02,7.1352258934e-01,2.3126432660e-01,2.1752636500e-02,4.1446604303e-04,1.6885060725e-02,2.1726642602e+00
9.9050000000e+02,3.7327084221e-03,1.2423527490e-02,7.1440749077e-01,2.3011251483e-01,2.1997278523e-02,4.1691059114e-04,1.6909569368e-02,2.1741778590e+00
9.9100000000e+02,3.7445058116e-03,1.2438537010e-02,7.1254003534e-01,2.3159402480e-01,2.2141119461e-02,4.2095186128e-04,1.7120825711e-02,2.1807583945e+00
9.9150000000e+02,3.7139068495e-03,1.2384165469e-02,7.1366325553e-01,2.3037367931e-01,2.2309367242e-02,4.2837058238e-04,1.7127255016e-02,2.1800827885e+00
9.9200000000e+02,3.7423520341e-03,1.2447443665e-02,7.1201500732e-01,2.3169731997e-01,2.2394267688e-02,4.3114177922e-04,1.7272467546e-02,2.1862688762e+00
9.9250000000e+02,3.6868624046e-03,1.2404826410e-02,7.1295714596e-01,2.3119241028e-01,2.2175402098e-02,4.2575016248e-04,1.7157602687e-02,2.1786109672e+00
9.9300000000e+02,3.6667580131e-03,1.2395304512e-02,7.1470829695e-01,2.2964544210e-01,2.2069309698e-02,4.2511270216e-04,1.7089776023e-02,2.1750080017e+00
9.9350000000e+02,3.6453819505e-03,1.2347745417e-02,7.1619473305e-01,2.2835025377e-01,2.1938889364e-02,4.2416165211e-04,1.7098834799e-02,2.1698365382e+00
9.9400000000e+02,3.6617254979e-03,1.2499000193e-02,7.1531709985e-01,2.2868301082e-01,2.2158282920e-02,4.3083633534e-04,1.7250044388e-02,2.1772336031e+00
9.9450000000e+02,3.6419864370e-03,1.2475935140e-02,7.1786686740e-01,2.2631286584e-01,2.2079493040e-02,4.3152246678e-04,1.7191329679e-02,2.1709072267e+00
9.9500000000e+02,3.6518685261e-03,1.2566809193e-02,7.1592529252e-01,2.2794812168e-01,2.2120610587e-02,4.3660902943e-04,1.7350688461e-02,2.1779407830e+00
9.9550000000e+02,3.6961030684e-03,1.2606862743e-02,7.1458902532e-01,2.2871572287e-01,2.2338796242e-02,4.4094632673e-04,1.7612543424e-02,2.1861740514e+00
9.9600000000e+02,3.7019847857e-03,1.2608391507e-02,7.1281676204e-01,2.3024510382e-01,2.2381625794e-02,4.4164544829e-04,1.7804486602e-02,2.1898237552e+00
9.9650000000e+02,3.6960592889e-03,1.2447823799e-02,7.1449092845e-01,2.2855248526e-01,2.2473388537e-02,4.4458374275e-04,1.7894730923e-02,2.1870585228e+00
9.9700000000e+02,3.6675257885e-03,1.2432163561e-02,7.1672970551e-01,2.2665016352e-01,2.2200627508e-02,4.4552638055e-04,1.7874287725e-02,2.1815948059e+00
9.9750000000e+02,3.6533946449e-03,1.2334815211e-02,7.1702583424e-01,2.2658809064e-01,2.1999973812e-02,4.4939741553e-04,1.7948494039e-02,2.1796820492e+00
9.9800000000e+02,3.6626698515e-03,1.2298304232e-02,7.1807883204e-01,2.2566651069e-01,2.1980184521e-02,4.4996462528e-04,1.7863534039e-02,2.1776491054e+00
9.9850000000e+02,3.6303972382e-03,1.2306847195e-02,7.1833934729e-01,2.2559602338e-01,2.1811218772e-02,4.5321772600e-04,1.7862948398e-02,2.1758458707e+00
9.9900000000e+02,3.6243515625e-03,1.2242253566e-02,7.1865650831e-01,2.2509806368e-01,2.2048196954e-02,4.5431804549e-04,1.7876307886e-02,2.1764174553e+00
9.9950000000e+02,3.6222701478e-03,1.2324196449e-02,7.1799334198e-01,2.2559232849e-01,2.2063910802e-02,4.5617038210e-04,1.7947781748e-02,2.1796050937e+00

# METADATA: {"config_sha256": "78d3bee5b0e6", "provenance": "Hardened_JPCL_Resubmission_v1.3", "git_commit_sha": "4883ee974158"}
