time_fs,population_site_1,population_site_2,population_site_3,population_site_4,population_site_5,population_site_6,population_site_7,coherences
0.0000000000e+00,3.7806362608e-08,3.7525974653e-03,3.5098932029e-01,5.2939634568e-01,5.6285165795e-02,1.0929796027e-03,5.8483553366e-02,2.5858406530e+00
5.0000000000e-01,2.0129048140e-07,3.7101791594e-03,3.5246919338e-01,5.2794746902e-01,5.6007476783e-02,1.0936503520e-03,5.8771830015e-02,2.5863200841e+00
1.0000000000e+00,6.8579179941e-07,3.7224584664e-03,3.5059073260e-01,5.2986278843e-01,5.5759715908e-02,1.0817033211e-03,5.8981915477e-02,2.5858941639e+00
1.5000000000e+00,1.4864278449e-06,3.7296786175e-03,3.5015245260e-01,5.3062373322e-01,5.5373785691e-02,1.0786783672e-03,5.9040185079e-02,2.5852867742e+00
2.0000000000e+00,2.6364357851e-06,3.7625546830e-03,3.5443599946e-01,5.2631635602e-01,5.5315796961e-02,1.0791915037e-03,5.9087464944e-02,2.5899739172e+00
2.5000000000e+00,4.1325424759e-06,3.7877602533e-03,3.5536300111e-01,5.2442764573e-01,5.5708334798e-02,1.0838237083e-03,5.9625301862e-02,2.5978758700e+00
3.0000000000e+00,5.9113619557e-06,3.7436862888e-03,3.5784912666e-01,5.2242247180e-01,5.5485237857e-02,1.0795354878e-03,5.9414030551e-02,2.5968469998e+00
3.5000000000e+00,8.0541235253e-06,3.7494888349e-03,3.5882613743e-01,5.2045613039e-01,5.5827727659e-02,1.0827020010e-03,6.0049759560e-02,2.6043282183e+00
4.0000000000e+00,1.0507169505e-05,3.7595316985e-03,3.6283631575e-01,5.1535075831e-01,5.6691465753e-02,1.0844215184e-03,6.0266999802e-02,2.6143504501e+00
4.5000000000e+00,1.3269668958e-05,3.7351671477e-03,3.6226074169e-01,5.1655817625e-01,5.6374772930e-02,1.0813919884e-03,5.9976480320e-02,2.6114961988e+00
5.0000000000e+00,1.6456879363e-05,3.7273541994e-03,3.6021866303e-01,5.1866606192e-01,5.6339249100e-02,1.0684294494e-03,5.9963785424e-02,2.6105607100e+00
5.5000000000e+00,1.9892722653e-05,3.7541643622e-03,3.6136974124e-01,5.1794173761e-01,5.6087085182e-02,1.0676044980e-03,5.9759774382e-02,2.6106311989e+00
6.0000000000e+00,2.3760320341e-05,3.7814160191e-03,3.6401763177e-01,5.1561512072e-01,5.5940111187e-02,1.0751945839e-03,5.9546765395e-02,2.6125285339e+00
6.5000000000e+00,2.7720620016e-05,3.7351381696e-03,3.6377387586e-01,5.1667984484e-01,5.5597565583e-02,1.0706480078e-03,5.9115206918e-02,2.6081889429e+00
7.0000000000e+00,3.2164341760e-05,3.7407098963e-03,3.6534667859e-01,5.1443836001e-01,5.6039770881e-02,1.0723063567e-03,5.9330009919e-02,2.6140502149e+00
7.5000000000e+00,3.7292690745e-05,3.7696657238e-03,3.6700409830e-01,5.1300490890e-01,5.5928662472e-02,1.0829527245e-03,5.9172419196e-02,2.6162267273e+00
8.0000000000e+00,4.2246440918e-05,3.7569709093e-03,3.7147102052e-01,5.0971963617e-01,5.5738494924e-02,1.0686563756e-03,5.8202974651e-02,2.6123452226e+00
8.5000000000e+00,4.7750242266e-05,3.7651812825e-03,3.7036394029e-01,5.1128137916e-01,5.5557997992e-02,1.0658822211e-03,5.7917868817e-02,2.6108622118e+00
9.0000000000e+00,5.3500659230e-05,3.7716267864e-03,3.6976713108e-01,5.1250724125e-01,5.5204706637e-02,1.0635562837e-03,5.7632237304e-02,2.6083085502e+00
9.5000000000e+00,5.9106207278e-05,3.7786916560e-03,3.7118524954e-01,5.1195125736e-01,5.4989464363e-02,1.0609215703e-03,5.6975309309e-02,2.6053888325e+00
1.0000000000e+01,6.5388269866e-05,3.7968620345e-03,3.7242969246e-01,5.1154439137e-01,5.4353452843e-02,1.0527133192e-03,5.6757499702e-02,2.6031451975e+00
1.0500000000e+01,7.1906120440e-05,3.8157197824e-03,3.7196605558e-01,5.1213823820e-01,5.4469118817e-02,1.0433212088e-03,5.6495640289e-02,2.6036841087e+00
1.1000000000e+01,7.9045396319e-05,3.8268267725e-03,3.7272418952e-01,5.1098561864e-01,5.4572090901e-02,1.0375116681e-03,5.6774717100e-02,2.6068638032e+00
1.1500000000e+01,8.5507915788e-05,3.7966160035e-03,3.7189719734e-01,5.1273598219e-01,5.3958012919e-02,1.0331097995e-03,5.6493573838e-02,2.6013673506e+00
1.2000000000e+01,9.2801785290e-05,3.7758701725e-03,3.7031761831e-01,5.1439977522e-01,5.4032153286e-02,1.0260070697e-03,5.6355774158e-02,2.6006404474e+00
1.2500000000e+01,9.9990922554e-05,3.7805992322e-03,3.7093082098e-01,5.1399560320e-01,5.3887490009e-02,1.0130527749e-03,5.6292442883e-02,2.6001069923e+00
1.3000000000e+01,1.0775524746e-04,3.7850962934e-03,3.7405399337e-01,5.1131769496e-01,5.3438190416e-02,1.0065636550e-03,5.6290706066e-02,2.5999822520e+00
1.3500000000e+01,1.1580043284e-04,3.7680143637e-03,3.7741447564e-01,5.0812695966e-01,5.3538557796e-02,9.9777369988e-04,5.6038418408e-02,2.6004311645e+00
1.4000000000e+01,1.2463465172e-04,3.7977888333e-03,3.7724656829e-01,5.0857789045e-01,5.3379629397e-02,9.9477803358e-04,5.5878710349e-02,2.6010057219e+00
1.4500000000e+01,1.3222317722e-04,3.7687574697e-03,3.7639404944e-01,5.1142435460e-01,5.2634250318e-02,9.8578676596e-04,5.4660578225e-02,2.5892520217e+00
1.5000000000e+01,1.4039148521e-04,3.7637917039e-03,3.7567378681e-01,5.1331661232e-01,5.1873760746e-02,9.7200830591e-04,5.4259648630e-02,2.5827032420e+00
1.5500000000e+01,1.5067594724e-04,3.8101149312e-03,3.7599847532e-01,5.1314336171e-01,5.1773958561e-02,9.7420239731e-04,5.4149211138e-02,2.5837891468e+00
1.6000000000e+01,1.6036223829e-04,3.8643515374e-03,3.7579606719e-01,5.1421837640e-01,5.1774812301e-02,9.6673594444e-04,5.3219294385e-02,2.5814033676e+00
1.6500000000e+01,1.7063223434e-04,3.8973622918e-03,3.7694985158e-01,5.1396861316e-01,5.1543757644e-02,9.6316043745e-04,5.2506622660e-02,2.5791715440e+00
1.7000000000e+01,1.8138076272e-04,3.9404402392e-03,3.7817790361e-01,5.1374139663e-01,5.1091863710e-02,9.5391197413e-04,5.1913103068e-02,2.5754831166e+00
1.7500000000e+01,1.9068973480e-04,3.9413696441e-03,3.8125283294e-01,5.1224752266e-01,5.0195672333e-02,9.4365873345e-04,5.1228253949e-02,2.5685261115e+00
1.8000000000e+01,2.0046131501e-04,3.9824711164e-03,3.8236280207e-01,5.1274124461e-01,4.9575700961e-02,9.3422313783e-04,5.0203096790e-02,2.5607423186e+00
1.8500000000e+01,2.1066550045e-04,4.0253027360e-03,3.8156996448e-01,5.1363742001e-01,4.9910198877e-02,9.3029706727e-04,4.9716151326e-02,2.5614826304e+00
1.9000000000e+01,2.1910906141e-04,4.0367742029e-03,3.8422798688e-01,5.1206960669e-01,4.9488272552e-02,9.2160810584e-04,4.9036642506e-02,2.5563409711e+00
1.9500000000e+01,2.3069385582e-04,4.0473395971e-03,3.8610973178e-01,5.1091675300e-01,4.9210817535e-02,9.0627187827e-04,4.8578392354e-02,2.5518616391e+00
2.0000000000e+01,2.4276630371e-04,4.0778736808e-03,3.8266988684e-01,5.1538503758e-01,4.8699591646e-02,9.0113069322e-04,4.8023713252e-02,2.5458838984e+00
2.0500000000e+01,2.5178905662e-04,4.1279864598e-03,3.8259996826e-01,5.1583846151e-01,4.8623289599e-02,8.8971148998e-04,4.7668793621e-02,2.5448495627e+00
2.1000000000e+01,2.6630657344e-04,4.1647564533e-03,3.8413963342e-01,5.1427002676e-01,4.8439689009e-02,8.9009333635e-04,4.7829494443e-02,2.5476872791e+00
2.1500000000e+01,2.7870872574e-04,4.1816964999e-03,3.8640899071e-01,5.1336894050e-01,4.7686481300e-02,8.8124972161e-04,4.7193932539e-02,2.5416330433e+00
2.2000000000e+01,2.9122158732e-04,4.2318626109e-03,3.8673074074e-01,5.1393937328e-01,4.7108526382e-02,8.6143854360e-04,4.6836836857e-02,2.5370402857e+00
2.2500000000e+01,3.0899066449e-04,4.3229174236e-03,3.8717956580e-01,5.1387032114e-01,4.7007904612e-02,8.5142095621e-04,4.6458879408e-02,2.5380072575e+00
2.3000000000e+01,3.2372666538e-04,4.4221765289e-03,3.8995342874e-01,5.1208088196e-01,4.6452156940e-02,8.4567830554e-04,4.5921950861e-02,2.5360449342e+00
2.3500000000e+01,3.3843370595e-04,4.4904312817e-03,3.9192958629e-01,5.1049177152e-01,4.6292436558e-02,8.2932334624e-04,4.5628017293e-02,2.5359240922e+00
2.4000000000e+01,3.5006906475e-04,4.5033717103e-03,3.9308382315e-01,5.1022604121e-01,4.6153403830e-02,8.1756894112e-04,4.4865722095e-02,2.5310405970e+00
2.4500000000e+01,3.6590759803e-04,4.5544226527e-03,3.9119205864e-01,5.1250901582e-01,4.6240550302e-02,8.0715220942e-04,4.4330892773e-02,2.5293882684e+00
2.5000000000e+01,3.7924902298e-04,4.6436905435e-03,3.9145820625e-01,5.1288656283e-01,4.5719508452e-02,7.9682309076e-04,4.4115959818e-02,2.5278253096e+00
2.5500000000e+01,3.9804511048e-04,4.7452727525e-03,3.9363401496e-01,5.1084073202e-01,4.5718144928e-02,7.9124752825e-04,4.3872542706e-02,2.5311301281e+00
2.6000000000e+01,4.0973779104e-04,4.8375516396e-03,3.9407757875e-01,5.1128509583e-01,4.5320878370e-02,7.7929488895e-04,4.3289862734e-02,2.5277185451e+00
2.6500000000e+01,4.2580191835e-04,4.8760207785e-03,3.9833727153e-01,5.0768398553e-01,4.4985883178e-02,7.6646189515e-04,4.2924575168e-02,2.5266756252e+00
2.7000000000e+01,4.4412711424e-04,4.9095560344e-03,4.0412707389e-01,5.0220276334e-01,4.4985524037e-02,7.5352297683e-04,4.2577432614e-02,2.5278892834e+00
2.7500000000e+01,4.6097723663e-04,4.9660308308e-03,4.0469927222e-01,5.0150870039e-01,4.5263647323e-02,7.4246213350e-04,4.2358909870e-02,2.5289149284e+00
2.8000000000e+01,4.7408254433e-04,5.0368931959e-03,4.0384025814e-01,5.0277182343e-01,4.5216433537e-02,7.2727609690e-04,4.1933233057e-02,2.5270440254e+00
2.8500000000e+01,4.9273049697e-04,5.1411800031e-03,4.0322338427e-01,5.0343708693e-01,4.5522244405e-02,7.2213914062e-04,4.1461234757e-02,2.5284104047e+00
2.9000000000e+01,5.1072505987e-04,5.2239178059e-03,4.0065966115e-01,5.0617798480e-01,4.5762362108e-02,7.0393472048e-04,4.0961414350e-02,2.5276329564e+00
2.9500000000e+01,5.3119737824e-04,5.3602780502e-03,4.0271993366e-01,5.0438817766e-01,4.5706077157e-02,6.8456233303e-04,4.0609773758e-02,2.5290321463e+00
3.0000000000e+01,5.5188133526e-04,5.4440244485e-03,4.0068204944e-01,5.0671019401e-01,4.5803022110e-02,6.6696042125e-04,4.0141868233e-02,2.5273159775e+00
3.0500000000e+01,5.6759994358e-04,5.4840945936e-03,4.0155774466e-01,5.0608199538e-01,4.5716892703e-02,6.4897624578e-04,3.9942696472e-02,2.5254966913e+00
3.1000000000e+01,5.8798890878e-04,5.6075689815e-03,4.0261787284e-01,5.0495786997e-01,4.5843114923e-02,6.3808607601e-04,3.9747498301e-02,2.5276023789e+00
3.1500000000e+01,6.0542624576e-04,5.6889732727e-03,4.0520566548e-01,5.0145060665e-01,4.6556680046e-02,6.2761062672e-04,3.9865037684e-02,2.5336121024e+00
3.2000000000e+01,6.2753829044e-04,5.7683544186e-03,4.0629905937e-01,5.0048971961e-01,4.6392312621e-02,6.1427627578e-04,3.9808739420e-02,2.5348655258e+00
3.2500000000e+01,6.4809403721e-04,5.8808473709e-03,4.0868199245e-01,4.9776376015e-01,4.6587380216e-02,6.0144152156e-04,3.9836484254e-02,2.5404051063e+00
3.3000000000e+01,6.6835338660e-04,5.9798841012e-03,4.1183476786e-01,4.9405164100e-01,4.6923057686e-02,5.8656469420e-04,3.9955731266e-02,2.5476490367e+00
3.3500000000e+01,6.8940585304e-04,6.0469580105e-03,4.1354403233e-01,4.9191412196e-01,4.7360844965e-02,5.7048486945e-04,3.9874152016e-02,2.5515512180e+00
3.4000000000e+01,7.1355085481e-04,6.1418683969e-03,4.1803122776e-01,4.8778546165e-01,4.7242919400e-02,5.4940234866e-04,3.9535569594e-02,2.5508906851e+00
3.4500000000e+01,7.3656329554e-04,6.2472870423e-03,4.1599291505e-01,4.8943720749e-01,4.7783170238e-02,5.3056009299e-04,3.9272296799e-02,2.5539022895e+00
3.5000000000e+01,7.5368671120e-04,6.2671823994e-03,4.1514708749e-01,4.9054449914e-01,4.7678643233e-02,5.1234797431e-04,3.9096553059e-02,2.5509467001e+00
3.5500000000e+01,7.7177590657e-04,6.2940903837e-03,4.1607023903e-01,4.8959825383e-01,4.7899125769e-02,4.8243404353e-04,3.8884081035e-02,2.5505848018e+00
3.6000000000e+01,7.9940058543e-04,6.3259476670e-03,4.1718234390e-01,4.8794289699e-01,4.8412187684e-02,4.6129994881e-04,3.8875923224e-02,2.5540261288e+00
3.6500000000e+01,8.2204800768e-04,6.4210435648e-03,4.1792617673e-01,4.8717797567e-01,4.8478914349e-02,4.4675896909e-04,3.8727082706e-02,2.5555821124e+00
3.7000000000e+01,8.4196483306e-04,6.5641613589e-03,4.2102567344e-01,4.8404893223e-01,4.8460227352e-02,4.3208859886e-04,3.8626952188e-02,2.5579248545e+00
3.7500000000e+01,8.5719990681e-04,6.6197214444e-03,4.2161445307e-01,4.8367210290e-01,4.8497934012e-02,4.1588333942e-04,3.8322705324e-02,2.5562252958e+00
3.8000000000e+01,8.8983547005e-04,6.6764222924e-03,4.2405635190e-01,4.8170420420e-01,4.8289053818e-02,4.0168885947e-04,3.7982443460e-02,2.5547362538e+00
3.8500000000e+01,9.3045732149e-04,6.8741676580e-03,4.2622004783e-01,4.7870518882e-01,4.8809891886e-02,3.8786892527e-04,3.8072377559e-02,2.5628780207e+00
3.9000000000e+01,9.5795006721e-04,7.0070782203e-03,4.2976548664e-01,4.7504136603e-01,4.8877201648e-02,3.7683434971e-04,3.7974083051e-02,2.5659738356e+00
3.9500000000e+01,9.8052343336e-04,7.0469535349e-03,4.3074846745e-01,4.7447526744e-01,4.8897746616e-02,3.6044389955e-04,3.7490597623e-02,2.5620405558e+00
4.0000000000e+01,1.0096685592e-03,7.1597695576e-03,4.3301806864e-01,4.7210549596e-01,4.9185664404e-02,3.5026137835e-04,3.7171071507e-02,2.5626363229e+00
4.0500000000e+01,1.0354729992e-03,7.2290492574e-03,4.3291513852e-01,4.7189536634e-01,4.9486124428e-02,3.3764284965e-04,3.7101205609e-02,2.5641457137e+00
4.1000000000e+01,1.0613335045e-03,7.3151050437e-03,4.3703300643e-01,4.6823487498e-01,4.9229905485e-02,3.2381795310e-04,3.6801956607e-02,2.5624716343e+00
4.1500000000e+01,1.1070106548e-03,7.4216935039e-03,4.3837000318e-01,4.6645513812e-01,4.9455406140e-02,3.1626195381e-04,3.6874486443e-02,2.5674873118e+00
4.2000000000e+01,1.1526480849e-03,7.4582767908e-03,4.4193411925e-01,4.6295312782e-01,4.9490096129e-02,3.0284122603e-04,3.6708890696e-02,2.5669975109e+00
4.2500000000e+01,1.1794611627e-03,7.5517835648e-03,4.4296929446e-01,4.6227519920e-01,4.9573069221e-02,2.8844924235e-04,3.6162743149e-02,2.5639312905e+00
4.3000000000e+01,1.2178196570e-03,7.7372940733e-03,4.4240988996e-01,4.6158831333e-01,5.0358806857e-02,2.8282109751e-04,3.6405055029e-02,2.5722871260e+00
4.3500000000e+01,1.2468679614e-03,7.8672014823e-03,4.4236350680e-01,4.6125414301e-01,5.0643825252e-02,2.7243372128e-04,3.6352021771e-02,2.5753476239e+00
4.4000000000e+01,1.2721395982e-03,7.8658315558e-03,4.4691390937e-01,4.5645759708e-01,5.0769690478e-02,2.6621566146e-04,3.6454616257e-02,2.5758698720e+00
4.4500000000e+01,1.2990574809e-03,7.9552402132e-03,4.5084506134e-01,4.5182336534e-01,5.1090849614e-02,2.6145724377e-04,3.6724968768e-02,2.5814845222e+00
4.5000000000e+01,1.3387392021e-03,8.0887159827e-03,4.5447408944e-01,4.4785523595e-01,5.1064364216e-02,2.5620399957e-04,3.6922651209e-02,2.5850433267e+00
4.5500000000e+01,1.3721697445e-03,8.1071514541e-03,4.5533145620e-01,4.4709005255e-01,5.0951687374e-02,2.5561028363e-04,3.6891872397e-02,2.5843512040e+00
4.6000000000e+01,1.3982020321e-03,8.1747957287e-03,4.5502081856e-01,4.4809079134e-01,5.0360672353e-02,2.5029547870e-04,3.6704424503e-02,2.5810979073e+00
4.6500000000e+01,1.4299822625e-03,8.1986403130e-03,4.5812372108e-01,4.4555222749e-01,4.9983560696e-02,2.4764072811e-04,3.6464227433e-02,2.5779018177e+00
4.7000000000e+01,1.4585933971e-03,8.2123770446e-03,4.6253699976e-01,4.4184074337e-01,4.9418897177e-02,2.4634229091e-04,3.6286046964e-02,2.5722602890e+00
4.7500000000e+01,1.4924925438e-03,8.2556936130e-03,4.6437857692e-01,4.3999987617e-01,4.9316113233e-02,2.4734601567e-04,3.6309901505e-02,2.5723642119e+00
4.8000000000e+01,1.5376658382e-03,8.3646400186e-03,4.6697162326e-01,4.3763087235e-01,4.9060806926e-02,2.4810985264e-04,3.6186281755e-02,2.5724996733e+00
4.8500000000e+01,1.5722451509e-03,8.3505326081e-03,4.6824521844e-01,4.3604400513e-01,4.9236886977e-02,2.5143178941e-04,3.6299679903e-02,2.5729581188e+00
4.9000000000e+01,1.6136193650e-03,8.5110723248e-03,4.7182201991e-01,4.3165653919e-01,4.9623970341e-02,2.5685125253e-04,3.6515927620e-02,2.5808270686e+00
4.9500000000e+01,1.6405642250e-03,8.6177277750e-03,4.7564393752e-01,4.2696770279e-01,4.9856744480e-02,2.6948112126e-04,3.7003842091e-02,2.5873049710e+00
5.0000000000e+01,1.6848766460e-03,8.6559882568e-03,4.8093448844e-01,4.2116032888e-01,4.9848169350e-02,2.7762729958e-04,3.7438521118e-02,2.5929024451e+00
5.0500000000e+01,1.7238336071e-03,8.8531924090e-03,4.8113197909e-01,4.1986715876e-01,5.0215420601e-02,2.9425861880e-04,3.7914156916e-02,2.6032634629e+00
5.1000000000e+01,1.7617485196e-03,8.9346709978e-03,4.8783118354e-01,4.1313864639e-01,5.0043128233e-02,3.0621612921e-04,3.7984406190e-02,2.6068304624e+00
5.1500000000e+01,1.8103123518e-03,9.0938016629e-03,4.8996783590e-01,4.0971717687e-01,5.0393731667e-02,3.2492078094e-04,3.8692220770e-02,2.6195108741e+00
5.2000000000e+01,1.8438521022e-03,9.1436306770e-03,4.9176325611e-01,4.0799556336e-01,5.0125362591e-02,3.3984332913e-04,3.8788491834e-02,2.6215594595e+00
5.2500000000e+01,1.9044568621e-03,9.1811170303e-03,4.9632822681e-01,4.0158625232e-01,5.1470318363e-02,3.5813436094e-04,3.9171494254e-02,2.6334136453e+00
5.3000000000e+01,1.9659274386e-03,9.2428954245e-03,5.0075720260e-01,3.9686341809e-01,5.1333554962e-02,3.8159991817e-04,3.9455401564e-02,2.6381520158e+00
5.3500000000e+01,2.0341438526e-03,9.3631381038e-03,5.0167457068e-01,3.9440579107e-01,5.2011871450e-02,4.0437532841e-04,4.0106109515e-02,2.6529634503e+00
5.4000000000e+01,2.0990340771e-03,9.4141140921e-03,5.0544750541e-01,3.8995991876e-01,5.2337655779e-02,4.2820433601e-04,4.0313567541e-02,2.6615525044e+00
5.4500000000e+01,2.1304890890e-03,9.4113556381e-03,5.1050438906e-01,3.8451722284e-01,5.2540355694e-02,4.5349528469e-04,4.0442692397e-02,2.6643494339e+00
5.5000000000e+01,2.1649863425e-03,9.3766794990e-03,5.1594063585e-01,3.7902161801e-01,5.2580739935e-02,4.8402808791e-04,4.0431312272e-02,2.6636848845e+00
5.5500000000e+01,2.2312059801e-03,9.4080206466e-03,5.1658084627e-01,3.7820252660e-01,5.2370820080e-02,5.1326914750e-04,4.0693311276e-02,2.6698324465e+00
5.6000000000e+01,2.2737561348e-03,9.4497455475e-03,5.2258408419e-01,3.7223263103e-01,5.2447950007e-02,5.4804816467e-04,4.0463784928e-02,2.6714664366e+00
5.6500000000e+01,2.3415375616e-03,9.5447654144e-03,5.2612838767e-01,3.6798655231e-01,5.2519252134e-02,5.9147312479e-04,4.0888031788e-02,2.6793286077e+00
5.7000000000e+01,2.4108552965e-03,9.5931181935e-03,5.2698984428e-01,3.6635918099e-01,5.2520098063e-02,6.2232222021e-04,4.1504580964e-02,2.6884022777e+00
5.7500000000e+01,2.4489631143e-03,9.5473473990e-03,5.3109627472e-01,3.6253120768e-01,5.2469037736e-02,6.4636525777e-04,4.1260804094e-02,2.6860179054e+00
5.8000000000e+01,2.4995451820e-03,9.5266560304e-03,5.3430342249e-01,3.5906600942e-01,5.2632168408e-02,6.7974239995e-04,4.1292456069e-02,2.6878607914e+00
5.8500000000e+01,2.5794978454e-03,9.5520205169e-03,5.3572431244e-01,3.5669750310e-01,5.3113079163e-02,7.2275669364e-04,4.1610830248e-02,2.6969917401e+00
5.9000000000e+01,2.6487578225e-03,9.5747169106e-03,5.4036155545e-01,3.5102280927e-01,5.3472803631e-02,7.6365757617e-04,4.2155699339e-02,2.7052285753e+00
5.9500000000e+01,2.7131051049e-03,9.6748096273e-03,5.4366275680e-01,3.4710382439e-01,5.3543006776e-02,8.0908860087e-04,4.2493408703e-02,2.7137780585e+00
6.0000000000e+01,2.7460009894e-03,9.5471144978e-03,5.4889056428e-01,3.4275356391e-01,5.3110042795e-02,8.5190858337e-04,4.2100804941e-02,2.7077225058e+00
6.0500000000e+01,2.8281524995e-03,9.5968405804e-03,5.5218992732e-01,3.3914792573e-01,5.3075754051e-02,8.9491208853e-04,4.2266487735e-02,2.7109395469e+00
6.1000000000e+01,2.9121118094e-03,9.5825868081e-03,5.5587574059e-01,3.3525231365e-01,5.3281445322e-02,9.3844531267e-04,4.2157356501e-02,2.7133537305e+00
6.1500000000e+01,2.9747663491e-03,9.6853407665e-03,5.5980615721e-01,3.3181749334e-01,5.2734535616e-02,9.8420740639e-04,4.1997499304e-02,2.7127059759e+00
6.2000000000e+01,3.0516693102e-03,9.6986016857e-03,5.6278150411e-01,3.2851680097e-01,5.2678017000e-02,1.0339961702e-03,4.2239410755e-02,2.7162127302e+00
6.2500000000e+01,3.1013632504e-03,9.7268871133e-03,5.6550402987e-01,3.2516488497e-01,5.3090022627e-02,1.0881177912e-03,4.2324694374e-02,2.7209635602e+00
6.3000000000e+01,3.1194317510e-03,9.6563273808e-03,5.7314495281e-01,3.1853937530e-01,5.2835682540e-02,1.1074906702e-03,4.1596739545e-02,2.7091277943e+00
6.3500000000e+01,3.1795579843e-03,9.6250881807e-03,5.7616119134e-01,3.1533894765e-01,5.2764437006e-02,1.1569966058e-03,4.1773781233e-02,2.7115204611e+00
6.4000000000e+01,3.2616178848e-03,9.7531856534e-03,5.7895637041e-01,3.1201988930e-01,5.2649140530e-02,1.2231169847e-03,4.2136679238e-02,2.7176552639e+00
6.4500000000e+01,3.3020829199e-03,9.7098391894e-03,5.8601909940e-01,3.0510447539e-01,5.2516180803e-02,1.2654830409e-03,4.2082839263e-02,2.7112043018e+00
6.5000000000e+01,3.3745665029e-03,9.7450242304e-03,5.9296622670e-01,2.9817203787e-01,5.2463228192e-02,1.3205914269e-03,4.1958325076e-02,2.7070021471e+00
6.5500000000e+01,3.4558578698e-03,9.7359464626e-03,5.9632886457e-01,2.9499194341e-01,5.2074736197e-02,1.3736530757e-03,4.2038998415e-02,2.7053912623e+00
6.6000000000e+01,3.5376811177e-03,9.7374220075e-03,5.9915647208e-01,2.9150542991e-01,5.2272479672e-02,1.4246861787e-03,4.2365829038e-02,2.7087863798e+00
6.6500000000e+01,3.6043086020e-03,9.7030746525e-03,6.0268799983e-01,2.8844915773e-01,5.1845113609e-02,1.4614838784e-03,4.2248861698e-02,2.7053527314e+00
6.7000000000e+01,3.6481889944e-03,9.7002966155e-03,6.0839130386e-01,2.8374930476e-01,5.1054601977e-02,1.5142007102e-03,4.1942103082e-02,2.6960971270e+00
6.7500000000e+01,3.7078520365e-03,9.7499593134e-03,6.1220003841e-01,2.7935993019e-01,5.1442891890e-02,1.5696594989e-03,4.1969668662e-02,2.6983657759e+00
6.8000000000e+01,3.8030385031e-03,9.7808652802e-03,6.1685429272e-01,2.7528978859e-01,5.0809576837e-02,1.6188457715e-03,4.1843592296e-02,2.6939941157e+00
6.8500000000e+01,3.9095360423e-03,9.8020997297e-03,6.2017428827e-01,2.7202606035e-01,5.0650916772e-02,1.6856491405e-03,4.1751449687e-02,2.6940504909e+00
6.9000000000e+01,3.9987237157e-03,9.8308075240e-03,6.2566568451e-01,2.6642004365e-01,5.0688280808e-02,1.7853544199e-03,4.1611105373e-02,2.6927382609e+00
6.9500000000e+01,4.1095964073e-03,9.7641003765e-03,6.3170830847e-01,2.6072227808e-01,4.9907890034e-02,1.8756867658e-03,4.1912139859e-02,2.6852999766e+00
7.0000000000e+01,4.2009261157e-03,9.8530975432e-03,6.3456383566e-01,2.5818481325e-01,4.9486573601e-02,1.9512305335e-03,4.1759523295e-02,2.6817662808e+00
7.0500000000e+01,4.2425187309e-03,9.7539003361e-03,6.3788865264e-01,2.5620787796e-01,4.8653639274e-02,2.0008168543e-03,4.1252594209e-02,2.6706103923e+00
7.1000000000e+01,4.2898187138e-03,9.7687926496e-03,6.4268675873e-01,2.5260555444e-01,4.7815660513e-02,2.0708396703e-03,4.0762575283e-02,2.6610833543e+00
7.1500000000e+01,4.3641619904e-03,9.7737337400e-03,6.4889612011e-01,2.4776194952e-01,4.6717007320e-02,2.1305886251e-03,4.0356438701e-02,2.6485627883e+00
7.2000000000e+01,4.4036440073e-03,9.7744333003e-03,6.5462690387e-01,2.4314259248e-01,4.5896284026e-02,2.2192493788e-03,3.9936892934e-02,2.6360017563e+00
7.2500000000e+01,4.4847253681e-03,9.7291636242e-03,6.5991370601e-01,2.3904309107e-01,4.4921714662e-02,2.2902795247e-03,3.9617319747e-02,2.6244796278e+00
7.3000000000e+01,4.5228484044e-03,9.6667208614e-03,6.6528707986e-01,2.3507488749e-01,4.3943515741e-02,2.3407161805e-03,3.9164231466e-02,2.6087619242e+00
7.3500000000e+01,4.6142925680e-03,9.7859724555e-03,6.6780613526e-01,2.3262244190e-01,4.3980079875e-02,2.4077008843e-03,3.8783377055e-02,2.6053962751e+00
7.4000000000e+01,4.6806050141e-03,9.8609351741e-03,6.7367225552e-01,2.2764685723e-01,4.3108943588e-02,2.4523467667e-03,3.8578056708e-02,2.5920056516e+00
7.4500000000e+01,4.7458765665e-03,9.8399737242e-03,6.7755309322e-01,2.2569502253e-01,4.2175847872e-02,2.5225929577e-03,3.7467593123e-02,2.5771328702e+00
7.5000000000e+01,4.8151068822e-03,9.8781079776e-03,6.8300617327e-01,2.2141705373e-01,4.1122031158e-02,2.6018477383e-03,3.7159679237e-02,2.5657734955e+00
7.5500000000e+01,4.8651534662e-03,9.8366129286e-03,6.8706576207e-01,2.2023463288e-01,3.9703340814e-02,2.5872639049e-03,3.5707233933e-02,2.5417244919e+00
7.6000000000e+01,4.9516120925e-03,9.9756618531e-03,6.9019001048e-01,2.1776937796e-01,3.9395717053e-02,2.6568805819e-03,3.5060739981e-02,2.5342614101e+00
7.6500000000e+01,4.9986137071e-03,9.9658344386e-03,6.9506195521e-01,2.1344001751e-01,3.8931787483e-02,2.7024469949e-03,3.4899344655e-02,2.5200673410e+00
7.7000000000e+01,5.0350674209e-03,1.0163094379e-02,6.9782891952e-01,2.1179341447e-01,3.8140159462e-02,2.7279611189e-03,3.4311383637e-02,2.5112689818e+00
7.7500000000e+01,5.0676573000e-03,1.0218530857e-02,7.0326675084e-01,2.0750807119e-01,3.7231219268e-02,2.7866466924e-03,3.3921123848e-02,2.4959624254e+00
7.8000000000e+01,5.1539552076e-03,1.0284583043e-02,7.0495056454e-01,2.0641782084e-01,3.6602107461e-02,2.8318713198e-03,3.3759097595e-02,2.4906189668e+00
7.8500000000e+01,5.1604832505e-03,1.0221583222e-02,7.1025011093e-01,2.0360210227e-01,3.5569003573e-02,2.8188479287e-03,3.2377868820e-02,2.4638458329e+00
7.9000000000e+01,5.2205672040e-03,1.0251484067e-02,7.1422340318e-01,2.0061478494e-01,3.4606735794e-02,2.8417994695e-03,3.2241225347e-02,2.4521536086e+00
7.9500000000e+01,5.2961694271e-03,1.0315902036e-02,7.1693341391e-01,1.9861475374e-01,3.3879004920e-02,2.9052435411e-03,3.2055512433e-02,2.4447828869e+00
8.0000000000e+01,5.3836736570e-03,1.0476722681e-02,7.2030377843e-01,1.9632868494e-01,3.3158587199e-02,2.9382882795e-03,3.1410264813e-02,2.4327382490e+00
8.0500000000e+01,5.3925789845e-03,1.0533638828e-02,7.2515275481e-01,1.9304485669e-01,3.2068788267e-02,2.9719021668e-03,3.0835480246e-02,2.4109877557e+00
8.1000000000e+01,5.5009078817e-03,1.0717757974e-02,7.2788934106e-01,1.9121528906e-01,3.1250531984e-02,3.0155779774e-03,3.0410594062e-02,2.4033039200e+00
8.1500000000e+01,5.5686756547e-03,1.0728453859e-02,7.3057826828e-01,1.8963423377e-01,3.0479842420e-02,3.0453207366e-03,2.9965205276e-02,2.3911590151e+00
8.2000000000e+01,5.6471144736e-03,1.0824705776e-02,7.3421672716e-01,1.8698112871e-01,2.9714421821e-02,3.0861357508e-03,2.9529766306e-02,2.3768333411e+00
8.2500000000e+01,5.6501255768e-03,1.0734542578e-02,7.3896612472e-01,1.8387686532e-01,2.8824283976e-02,3.1173725989e-03,2.8830685223e-02,2.3540694105e+00
8.3000000000e+01,5.7606260073e-03,1.0906057220e-02,7.4243613663e-01,1.8119131221e-01,2.8138222243e-02,3.1872174524e-03,2.8380428242e-02,2.3404775355e+00
8.3500000000e+01,5.8121759655e-03,1.1076988391e-02,7.4514265371e-01,1.7968453934e-01,2.7224275556e-02,3.1727908074e-03,2.7886576226e-02,2.3282685179e+00
8.4000000000e+01,5.8741351883e-03,1.1148402507e-02,7.4856223814e-01,1.7704758908e-01,2.6464981978e-02,3.1699861689e-03,2.7732666937e-02,2.3152797256e+00
8.4500000000e+01,5.8582017592e-03,1.1305648158e-02,7.5146990504e-01,1.7562983699e-01,2.5606304098e-02,3.2163354534e-03,2.6913768500e-02,2.3012515017e+00
8.5000000000e+01,5.8586574858e-03,1.1352582905e-02,7.5599103540e-01,1.7244070095e-01,2.4913132635e-02,3.2399176863e-03,2.6203972933e-02,2.2795482031e+00
8.5500000000e+01,5.9497437551e-03,1.1482041713e-02,7.5929166410e-01,1.7055112838e-01,2.4144998270e-02,3.2419722650e-03,2.5338451510e-02,2.2663184125e+00
8.6000000000e+01,6.0168141771e-03,1.1559483330e-02,7.6401643567e-01,1.6744208533e-01,2.3049329993e-02,3.2321927614e-03,2.4683658741e-02,2.2454574654e+00
8.6500000000e+01,6.0264028577e-03,1.1617539648e-02,7.6683346937e-01,1.6612766550e-01,2.2360412545e-02,3.2335957652e-03,2.3800914317e-02,2.2265868833e+00
8.7000000000e+01,6.0672323520e-03,1.1746136830e-02,7.7108909435e-01,1.6342814046e-01,2.1445448594e-02,3.2185696568e-03,2.3005377760e-02,2.2066212843e+00
8.7500000000e+01,6.1206905116e-03,1.1931872071e-02,7.7418382465e-01,1.6091557658e-01,2.1010935485e-02,3.2451542018e-03,2.2591946511e-02,2.1945779644e+00
8.8000000000e+01,6.1820179693e-03,1.1985828609e-02,7.7771017883e-01,1.5877817526e-01,2.0286411694e-02,3.2264580324e-03,2.1830929614e-02,2.1744915498e+00
8.8500000000e+01,6.1510404310e-03,1.1985487312e-02,7.8074136766e-01,1.5752532020e-01,1.9371940078e-02,3.2410739287e-03,2.0983770394e-02,2.1532728190e+00
8.9000000000e+01,6.2023141807e-03,1.2138782599e-02,7.8246466386e-01,1.5675428964e-01,1.8811939004e-02,3.2534173397e-03,2.0374593372e-02,2.1400726803e+00
8.9500000000e+01,6.3014062477e-03,1.2250965960e-02,7.8513973734e-01,1.5458671879e-01,1.8479088994e-02,3.2807427309e-03,1.9961339930e-02,2.1285193770e+00
9.0000000000e+01,6.3324843302e-03,1.2279369827e-02,7.8804452545e-01,1.5280363657e-01,1.7710457050e-02,3.3226701487e-03,1.9506856631e-02,2.1109189293e+00
9.0500000000e+01,6.3150239673e-03,1.2302170092e-02,7.9073504340e-01,1.5168491961e-01,1.6819216652e-02,3.3338593220e-03,1.8809766949e-02,2.0911929327e+00
9.1000000000e+01,6.3916247337e-03,1.2435663572e-02,7.9318967423e-01,1.5009623988e-01,1.6292329263e-02,3.3134875267e-03,1.8280980792e-02,2.0764331099e+00
9.1500000000e+01,6.4212880586e-03,1.2482606870e-02,7.9544534176e-01,1.4912516554e-01,1.5726198480e-02,3.2623977261e-03,1.7537001573e-02,2.0560275845e+00
9.2000000000e+01,6.4160031046e-03,1.2635224950e-02,7.9725907110e-01,1.4852791688e-01,1.5122454722e-02,3.2268877265e-03,1.6812441514e-02,2.0396163370e+00
9.2500000000e+01,6.4067496464e-03,1.2877468246e-02,7.9845819804e-01,1.4812837044e-01,1.4686220138e-02,3.2195320821e-03,1.6223461413e-02,2.0285673184e+00
9.3000000000e+01,6.4137719953e-03,1.2812581933e-02,8.0062518051e-01,1.4709611834e-01,1.4103385984e-02,3.2046351893e-03,1.5744326052e-02,2.0090759395e+00
9.3500000000e+01,6.4466893799e-03,1.2954130257e-02,8.0099835236e-01,1.4772206943e-01,1.3500757776e-02,3.2106660255e-03,1.5167334781e-02,1.9973332982e+00
9.4000000000e+01,6.4322055103e-03,1.3015398974e-02,8.0297411458e-01,1.4667513156e-01,1.3098035755e-02,3.2182476130e-03,1.4586866003e-02,1.9812672662e+00
9.4500000000e+01,6.4805599715e-03,1.3182500014e-02,8.0452343454e-01,1.4600439754e-01,1.2645834633e-02,3.2224021882e-03,1.3940871110e-02,1.9679477970e+00
9.5000000000e+01,6.4224065709e-03,1.2978333150e-02,8.0783472089e-01,1.4413934896e-01,1.2076018605e-02,3.2046745018e-03,1.3344497328e-02,1.9421118680e+00
9.5500000000e+01,6.3594982217e-03,1.3032111463e-02,8.1163265692e-01,1.4173706698e-01,1.1403864693e-02,3.1802383828e-03,1.2654563338e-02,1.9150726168e+00
9.6000000000e+01,6.4027730198e-03,1.3204550743e-02,8.1157151517e-01,1.4238398700e-01,1.1099238066e-02,3.1752882490e-03,1.2162647753e-02,1.9066992766e+00
9.6500000000e+01,6.4459640154e-03,1.3269966309e-02,8.1024095686e-01,1.4441891743e-01,1.0792853302e-02,3.1475267771e-03,1.1683815304e-02,1.9020817722e+00
9.7000000000e+01,6.3893492875e-03,1.3365522704e-02,8.1196304899e-01,1.4347133949e-01,1.0398287084e-02,3.1221301564e-03,1.1290322287e-02,1.8856013856e+00
9.7500000000e+01,6.4137850476e-03,1.3425251730e-02,8.1313831690e-01,1.4303729489e-01,9.9318721161e-03,3.1661772396e-03,1.0887302083e-02,1.8707962499e+00
9.8000000000e+01,6.3853359491e-03,1.3491684314e-02,8.1380773854e-01,1.4326997256e-01,9.5179770845e-03,3.1768668277e-03,1.0350424732e-02,1.8566861022e+00
9.8500000000e+01,6.4214341103e-03,1.3698970778e-02,8.1532916105e-01,1.4253057509e-01,9.0716067234e-03,3.1480358354e-03,9.8002164076e-03,1.8406804812e+00
9.9000000000e+01,6.3752239247e-03,1.3865741862e-02,8.1646520889e-01,1.4227510814e-01,8.6738411816e-03,3.1105814905e-03,9.2342945154e-03,1.8249298682e+00
9.9500000000e+01,6.3512043971e-03,1.3926369436e-02,8.1807789058e-01,1.4151558205e-01,8.3140232894e-03,3.0836604638e-03,8.7312697839e-03,1.8079836489e+00
1.0000000000e+02,6.2909745978e-03,1.4129700436e-02,8.1930220668e-01,1.4077153305e-01,8.0590841859e-03,3.0852097704e-03,8.3612912808e-03,1.7957528895e+00
1.0050000000e+02,6.2362584403e-03,1.4368708027e-02,8.2012753897e-01,1.4053019351e-01,7.6880847701e-03,3.0814214136e-03,7.9677948662e-03,1.7829189471e+00
1.0100000000e+02,6.1990829508e-03,1.4392333905e-02,8.2147259350e-01,1.3998054615e-01,7.3274123874e-03,3.0728203546e-03,7.5552107528e-03,1.7651917875e+00
1.0150000000e+02,6.2529993420e-03,1.4548457670e-02,8.2258031133e-01,1.3923486511e-01,7.0854385174e-03,3.0754448321e-03,7.2224831949e-03,1.7529807023e+00
1.0200000000e+02,6.2242236876e-03,1.4501973479e-02,8.2405073696e-01,1.3846196655e-01,6.8291679156e-03,3.0397000737e-03,6.8922313400e-03,1.7379650966e+00
1.0250000000e+02,6.2267897974e-03,1.4612717272e-02,8.2496876427e-01,1.3799822789e-01,6.5410125605e-03,3.0207987914e-03,6.6316894167e-03,1.7265906100e+00
1.0300000000e+02,6.1629982718e-03,1.4605390371e-02,8.2628564271e-01,1.3736313752e-01,6.3587366137e-03,3.0002686764e-03,6.2238258335e-03,1.7107123035e+00
1.0350000000e+02,6.1633576356e-03,1.4670753476e-02,8.2710821594e-01,1.3709963575e-01,6.0654413962e-03,2.9878496199e-03,5.9047461866e-03,1.6980631213e+00
1.0400000000e+02,6.1630664873e-03,1.4784098365e-02,8.2734254520e-01,1.3737674763e-01,5.8376419954e-03,2.9608390634e-03,5.5350612534e-03,1.6903947974e+00
1.0450000000e+02,6.1627854498e-03,1.4777119049e-02,8.2847766757e-01,1.3675250411e-01,5.5636412666e-03,2.9986949268e-03,5.2675876229e-03,1.6780217016e+00
1.0500000000e+02,6.1912202544e-03,1.5150526363e-02,8.2547458693e-01,1.3963417395e-01,5.4774651263e-03,3.0178407881e-03,5.0541865864e-03,1.6827444127e+00
1.0550000000e+02,6.2504320046e-03,1.5318510115e-02,8.2690298499e-01,1.3835735575e-01,5.3547119218e-03,3.0197198973e-03,4.7962853149e-03,1.6730016980e+00
1.0600000000e+02,6.2430858840e-03,1.5478287017e-02,8.2665910654e-01,1.3897324915e-01,5.1714029352e-03,2.9796655683e-03,4.4952029111e-03,1.6642582775e+00
1.0650000000e+02,6.2797550968e-03,1.5716668185e-02,8.2555221048e-01,1.4012698634e-01,5.0662514584e-03,2.9646044955e-03,4.2935239433e-03,1.6627490754e+00
1.0700000000e+02,6.2810993792e-03,1.5756158098e-02,8.2656221941e-01,1.3942345671e-01,4.9234767547e-03,2.9424293606e-03,4.1111602844e-03,1.6538593221e+00
1.0750000000e+02,6.2878487797e-03,1.5804139956e-02,8.2563651688e-01,1.4054102022e-01,4.8415962800e-03,2.9375102000e-03,3.9513676795e-03,1.6506498374e+00
1.0800000000e+02,6.2730616222e-03,1.5805147860e-02,8.2422959440e-01,1.4225928362e-01,4.7432911359e-03,2.8938880748e-03,3.7957332835e-03,1.6471886332e+00
1.0850000000e+02,6.1844930624e-03,1.5649520906e-02,8.2406222065e-01,1.4299611824e-01,4.6660943803e-03,2.8656638978e-03,3.5758888576e-03,1.6355062226e+00
1.0900000000e+02,6.2218286769e-03,1.5822464551e-02,8.2150095042e-01,1.4565784601e-01,4.5858278690e-03,2.8249927803e-03,3.3860896893e-03,1.6355455150e+00
1.0950000000e+02,6.2077037950e-03,1.5940035795e-02,8.1972193094e-01,1.4751976933e-01,4.5637504040e-03,2.8296008501e-03,3.2172088791e-03,1.6365254364e+00
1.1000000000e+02,6.1765121284e-03,1.5794525164e-02,8.2045473401e-01,1.4715929482e-01,4.5582036061e-03,2.7906254616e-03,3.0661048039e-03,1.6289146920e+00
1.1050000000e+02,6.1384413024e-03,1.5677977396e-02,8.2127973533e-01,1.4664696119e-01,4.5428317828e-03,2.7860937412e-03,2.9279592624e-03,1.6218937859e+00
1.1100000000e+02,6.0980498665e-03,1.5853370550e-02,8.2027500501e-01,1.4767009580e-01,4.5278019291e-03,2.7955440134e-03,2.7801328348e-03,1.6212488428e+00
1.1150000000e+02,6.0262255004e-03,1.5885073934e-02,8.2117334668e-01,1.4697552221e-01,4.4992923300e-03,2.7747046537e-03,2.6658346973e-03,1.6154521919e+00
1.1200000000e+02,5.9306374778e-03,1.5838030857e-02,8.2155350042e-01,1.4688252950e-01,4.4665524565e-03,2.7619855459e-03,2.5667637423e-03,1.6083499456e+00
1.1250000000e+02,5.8393609798e-03,1.5956539895e-02,8.2244242515e-01,1.4609854238e-01,4.4632152008e-03,2.7175564207e-03,2.4823599736e-03,1.6043192264e+00
1.1300000000e+02,5.9005990772e-03,1.5994191337e-02,8.2085861278e-01,1.4760880919e-01,4.4870585035e-03,2.7269667875e-03,2.4237623255e-03,1.6084486498e+00
1.1350000000e+02,5.8542488042e-03,1.5960660128e-02,8.2034864800e-01,1.4836030213e-01,4.4520154765e-03,2.6893289183e-03,2.3347965483e-03,1.6056288056e+00
1.1400000000e+02,5.9265479080e-03,1.6210671653e-02,8.1675471710e-01,1.5158023088e-01,4.5106399155e-03,2.7017304523e-03,2.3154620949e-03,1.6192074539e+00
1.1450000000e+02,5.9124780294e-03,1.6227681083e-02,8.1658307019e-01,1.5177958912e-01,4.5301168305e-03,2.6743196854e-03,2.2927450632e-03,1.6200199125e+00
1.1500000000e+02,5.9435759043e-03,1.6455846988e-02,8.1555640832e-01,1.5247819420e-01,4.5907390341e-03,2.6855321753e-03,2.2897033765e-03,1.6294209978e+00
1.1550000000e+02,5.9182712049e-03,1.6632902024e-02,8.1572889631e-01,1.5207218643e-01,4.6897466712e-03,2.6791489074e-03,2.2788484567e-03,1.6350690478e+00
1.1600000000e+02,5.8967081745e-03,1.6614589842e-02,8.1403999164e-01,1.5377699372e-01,4.7039369753e-03,2.6732437710e-03,2.2945358735e-03,1.6425411234e+00
1.1650000000e+02,5.9604784337e-03,1.6698976208e-02,8.1251463837e-01,1.5504813406e-01,4.7805317326e-03,2.6930584967e-03,2.3041827046e-03,1.6525952117e+00
1.1700000000e+02,6.0036753328e-03,1.6787390537e-02,8.0987952149e-01,1.5747101433e-01,4.8411654262e-03,2.6775292188e-03,2.3397036675e-03,1.6658853552e+00
1.1750000000e+02,5.9461931692e-03,1.6748788853e-02,8.0927764398e-01,1.5809779992e-01,4.9129197230e-03,2.6657202514e-03,2.3509341004e-03,1.6728808538e+00
1.1800000000e+02,5.8962201837e-03,1.6832402789e-02,8.0868062182e-01,1.5859711746e-01,4.9916724204e-03,2.6254471918e-03,2.3765181383e-03,1.6784872244e+00
1.1850000000e+02,5.9251085173e-03,1.7074448462e-02,8.0600074406e-01,1.6085126687e-01,5.0850121377e-03,2.6103454154e-03,2.4530745318e-03,1.6944497197e+00
1.1900000000e+02,5.9587722264e-03,1.7360905039e-02,8.0498646687e-01,1.6137122806e-01,5.2134305731e-03,2.5965960397e-03,2.5126011997e-03,1.7087464790e+00
1.1950000000e+02,6.0010526992e-03,1.7508387346e-02,8.0319885426e-01,1.6277089906e-01,5.3351534222e-03,2.5901345732e-03,2.5955186463e-03,1.7245751353e+00
1.2000000000e+02,5.9331340672e-03,1.7467447162e-02,8.0245667790e-01,1.6352337595e-01,5.4203555687e-03,2.5485608104e-03,2.6504485382e-03,1.7309819817e+00
1.2050000000e+02,5.9426612966e-03,1.7476162692e-02,8.0058777994e-01,1.6524164199e-01,5.4910138319e-03,2.5375740254e-03,2.7231662196e-03,1.7432659548e+00
1.2100000000e+02,5.8586860772e-03,1.7465311642e-02,8.0095681682e-01,1.6487056999e-01,5.5510033436e-03,2.5168729813e-03,2.7807391418e-03,1.7474625831e+00
1.2150000000e+02,5.7871685370e-03,1.7337266607e-02,8.0166380172e-01,1.6425834611e-01,5.6230041627e-03,2.4802589986e-03,2.8501538607e-03,1.7489409847e+00
1.2200000000e+02,5.8210880861e-03,1.7387473700e-02,8.0001649290e-01,1.6555249870e-01,5.7753592249e-03,2.4946625994e-03,2.9524247963e-03,1.7625311909e+00
1.2250000000e+02,5.8404572938e-03,1.7466887755e-02,7.9893513575e-01,1.6629693634e-01,5.9355305141e-03,2.5129222963e-03,3.0121300505e-03,1.7733686798e+00
1.2300000000e+02,5.8303037977e-03,1.7408639861e-02,7.9836099467e-01,1.6671961445e-01,6.0984537103e-03,2.4914894140e-03,3.0905040970e-03,1.7809491715e+00
1.2350000000e+02,5.7865146776e-03,1.7658100423e-02,7.9607108574e-01,1.6851254466e-01,6.2266316880e-03,2.4805151847e-03,3.2646076326e-03,1.7968194629e+00
1.2400000000e+02,5.7589107275e-03,1.7667763578e-02,7.9416713487e-01,1.7013801711e-01,6.3689357615e-03,2.4750296428e-03,3.4242083083e-03,1.8110669594e+00
1.2450000000e+02,5.7294486209e-03,1.7509308741e-02,7.9491135184e-01,1.6932061235e-01,6.5002091775e-03,2.4483385069e-03,3.5807307552e-03,1.8170193052e+00
1.2500000000e+02,5.7814737268e-03,1.7435483585e-02,7.9336025056e-01,1.7052618105e-01,6.7343567834e-03,2.4268692560e-03,3.7353850335e-03,1.8308569674e+00
1.2550000000e+02,5.7910667497e-03,1.7389877815e-02,7.9083314220e-01,1.7271788731e-01,6.9450056792e-03,2.4028521768e-03,3.9201680700e-03,1.8468349919e+00
1.2600000000e+02,5.8395964317e-03,1.7360210027e-02,7.8980572116e-01,1.7338307525e-01,7.1552983465e-03,2.4143809730e-03,4.0417178079e-03,1.8580746790e+00
1.2650000000e+02,5.8589454565e-03,1.7369558554e-02,7.8758690029e-01,1.7519406378e-01,7.3275474619e-03,2.3901958305e-03,4.2727886322e-03,1.8725671301e+00
1.2700000000e+02,5.8462868801e-03,1.7287832081e-02,7.8858396933e-01,1.7408203393e-01,7.4415067915e-03,2.3778181504e-03,4.3805528395e-03,1.8754973929e+00
1.2750000000e+02,5.7769554161e-03,1.6975154470e-02,7.8987835522e-01,1.7288937720e-01,7.6092076300e-03,2.3512597264e-03,4.5196903325e-03,1.8755596119e+00
1.2800000000e+02,5.7695311673e-03,1.7042570196e-02,7.8916981766e-01,1.7323829630e-01,7.7591453621e-03,2.3549564466e-03,4.6656828662e-03,1.8847845400e+00
1.2850000000e+02,5.7504690194e-03,1.6788646665e-02,7.8987444565e-01,1.7258422170e-01,7.8921221232e-03,2.3014390371e-03,4.8086558047e-03,1.8848054946e+00
1.2900000000e+02,5.7119377809e-03,1.6730629847e-02,7.8934840077e-01,1.7290019236e-01,8.0754507946e-03,2.2836118187e-03,4.9497766306e-03,1.8912572840e+00
1.2950000000e+02,5.7400736037e-03,1.6682288030e-02,7.8692912623e-01,1.7479013646e-01,8.3975957734e-03,2.2821695464e-03,5.1786103546e-03,1.9063833761e+00
1.3000000000e+02,5.7848508800e-03,1.6666840223e-02,7.8569442209e-01,1.7552995835e-01,8.6832639541e-03,2.3199018303e-03,5.3207626776e-03,1.9189167743e+00
1.3050000000e+02,5.7001199323e-03,1.6604844015e-02,7.8470336982e-01,1.7641691336e-01,8.7845318548e-03,2.2829771264e-03,5.5072438944e-03,1.9231230578e+00
1.3100000000e+02,5.6623725110e-03,1.6437699949e-02,7.8431306253e-01,1.7683782000e-01,8.9093045985e-03,2.2408730711e-03,5.5988673424e-03,1.9239562734e+00
1.3150000000e+02,5.6956295140e-03,1.6507112505e-02,7.8359545765e-01,1.7703844597e-01,9.1156756114e-03,2.2483761737e-03,5.7993025702e-03,1.9354598638e+00
1.3200000000e+02,5.6702516649e-03,1.6470849921e-02,7.8132674543e-01,1.7884754614e-01,9.3985144571e-03,2.2361228402e-03,6.0499695413e-03,1.9474049888e+00
1.3250000000e+02,5.6126686569e-03,1.6350042873e-02,7.8106119932e-01,1.7905113021e-01,9.4375903392e-03,2.2048416534e-03,6.2825269555e-03,1.9519631644e+00
1.3300000000e+02,5.6288084464e-03,1.6153983333e-02,7.8064745930e-01,1.7929361836e-01,9.5683791806e-03,2.2092457597e-03,6.4985056274e-03,1.9591197620e+00
1.3350000000e+02,5.6060711851e-03,1.6102167054e-02,7.7883826410e-01,1.8076536368e-01,9.7438477461e-03,2.2035036080e-03,6.7407826258e-03,1.9696466599e+00
1.3400000000e+02,5.6678062439e-03,1.6111748068e-02,7.7763188000e-01,1.8159441742e-01,9.9318579947e-03,2.1699420873e-03,6.8923481845e-03,1.9798036740e+00
1.3450000000e+02,5.7319949243e-03,1.6028926631e-02,7.7522945986e-01,1.8341893259e-01,1.0297941271e-02,2.1795214018e-03,7.1132233211e-03,1.9952663602e+00
1.3500000000e+02,5.8196517299e-03,1.5991316666e-02,7.7344126666e-01,1.8461359575e-01,1.0557217514e-02,2.1776685888e-03,7.3992830819e-03,2.0093311833e+00
1.3550000000e+02,5.8448200522e-03,1.6024842674e-02,7.7094608605e-01,1.8648155911e-01,1.0807132215e-02,2.1837767340e-03,7.7117831661e-03,2.0242614290e+00
1.3600000000e+02,5.8247371756e-03,1.6010479413e-02,7.7301286209e-01,1.8423687890e-01,1.0924510035e-02,2.1487743098e-03,7.8417580843e-03,2.0230329153e+00
1.3650000000e+02,5.8596552923e-03,1.6082185549e-02,7.7188202265e-01,1.8495592216e-01,1.1022472094e-02,2.1233408219e-03,8.0744014272e-03,2.0307510451e+00
1.3700000000e+02,5.8507053787e-03,1.5945330973e-02,7.7127760916e-01,1.8530229874e-01,1.1225429505e-02,2.1148991101e-03,8.2837271295e-03,2.0367623933e+00
1.3750000000e+02,5.8190032643e-03,1.5743802134e-02,7.7041483889e-01,1.8624386789e-01,1.1304931560e-02,2.1052215192e-03,8.3683347496e-03,2.0392959192e+00
1.3800000000e+02,5.8557098611e-03,1.5871472770e-02,7.6860365379e-01,1.8745046294e-01,1.1476218682e-02,2.1050698214e-03,8.6374121280e-03,2.0511396580e+00
1.3850000000e+02,5.7802418331e-03,1.5894321766e-02,7.6661551760e-01,1.8933092507e-01,1.1541816211e-02,2.0872793731e-03,8.7498981494e-03,2.0570741829e+00
1.3900000000e+02,5.7632693350e-03,1.5979869034e-02,7.6768006536e-01,1.8778966494e-01,1.1718594599e-02,2.0902198592e-03,8.9783168728e-03,2.0616295353e+00
1.3950000000e+02,5.8199666201e-03,1.6097265516e-02,7.6569718045e-01,1.8912185007e-01,1.1919492365e-02,2.0946889059e-03,9.2495560733e-03,2.0752616482e+00
1.4000000000e+02,5.8192293308e-03,1.6098670153e-02,7.6497907786e-01,1.8949283343e-01,1.2112451897e-02,2.0812129014e-03,9.4165244284e-03,2.0833903100e+00
1.4050000000e+02,5.8032091451e-03,1.6229426769e-02,7.6254258322e-01,1.9125824569e-01,1.2393067554e-02,2.0845670910e-03,9.6889005347e-03,2.0971209409e+00
1.4100000000e+02,5.8369605415e-03,1.6235147493e-02,7.6187589802e-01,1.9144922735e-01,1.2652646647e-02,2.0830687496e-03,9.8670511939e-03,2.1053394875e+00
1.4150000000e+02,5.8249724427e-03,1.6145748520e-02,7.6066079220e-01,1.9235008370e-01,1.2920062628e-02,2.0680731747e-03,1.0030267338e-02,2.1120869560e+00
1.4200000000e+02,5.8337732127e-03,1.6051965741e-02,7.5959225486e-01,1.9310578164e-01,1.3093077850e-02,2.0413170499e-03,1.0281829648e-02,2.1177623512e+00
1.4250000000e+02,5.7845640854e-03,1.5931803379e-02,7.5891180591e-01,1.9371193585e-01,1.3268865753e-02,2.0094675961e-03,1.0381557424e-02,2.1209287398e+00
1.4300000000e+02,5.8257479056e-03,1.5937648604e-02,7.5594511541e-01,1.9622849928e-01,1.3508363087e-02,1.9835812875e-03,1.0571044429e-02,2.1328675777e+00
1.4350000000e+02,5.8448665021e-03,1.5971416991e-02,7.5368440095e-01,1.9816338234e-01,1.3651522049e-02,1.9884645587e-03,1.0695946603e-02,2.1411487628e+00
1.4400000000e+02,5.8763717637e-03,1.5967251754e-02,7.5294544910e-01,1.9841031195e-01,1.3872111449e-02,1.9950851943e-03,1.0933418791e-02,2.1486846815e+00
1.4450000000e+02,5.7993181014e-03,1.5747798229e-02,7.5221720646e-01,1.9930682460e-01,1.3914884640e-02,1.9873097054e-03,1.1026658261e-02,2.1481615557e+00
1.4500000000e+02,5.7998018101e-03,1.5743986727e-02,7.5141565345e-01,1.9972520864e-01,1.4149661129e-02,1.9584314606e-03,1.1207256787e-02,2.1533247774e+00
1.4550000000e+02,5.7486763552e-03,1.5722170381e-02,7.5010236133e-01,2.0106978154e-01,1.4143279244e-02,1.9275791982e-03,1.1286151953e-02,2.1548639297e+00
1.4600000000e+02,5.7319047957e-03,1.5678858759e-02,7.4923101683e-01,2.0159259268e-01,1.4350362063e-02,1.9153151710e-03,1.1499949693e-02,2.1610408463e+00
1.4650000000e+02,5.7174230156e-03,1.5798027828e-02,7.4939348692e-01,2.0124276480e-01,1.4444324354e-02,1.8725733163e-03,1.1531399761e-02,2.1627979776e+00
1.4700000000e+02,5.6784480767e-03,1.5816028100e-02,7.4874461830e-01,2.0162292439e-01,1.4703968993e-02,1.8673253312e-03,1.1566686814e-02,2.1662779109e+00
1.4750000000e+02,5.6777639300e-03,1.5721772081e-02,7.4832271906e-01,2.0166390455e-01,1.5004040675e-02,1.8656664368e-03,1.1744133272e-02,2.1717062937e+00
1.4800000000e+02,5.6350329132e-03,1.5638187670e-02,7.4901047441e-01,2.0095845404e-01,1.5136929159e-02,1.8441135807e-03,1.1776808226e-02,2.1699079104e+00
1.4850000000e+02,5.6252633027e-03,1.5551555078e-02,7.4744310479e-01,2.0224385912e-01,1.5321811465e-02,1.8138724461e-03,1.2000533799e-02,2.1755235707e+00
1.4900000000e+02,5.6051965383e-03,1.5658652881e-02,7.4740091505e-01,2.0194878725e-01,1.5418616390e-02,1.7919530216e-03,1.2175878868e-02,2.1797469369e+00
1.4950000000e+02,5.5431370838e-03,1.5623418217e-02,7.4618411449e-01,2.0288814782e-01,1.5543831270e-02,1.7908569033e-03,1.2426494209e-02,2.1829433206e+00
1.5000000000e+02,5.5435439224e-03,1.5442063740e-02,7.4582359697e-01,2.0319642556e-01,1.5712965014e-02,1.7740934432e-03,1.2507311350e-02,2.1842788876e+00
1.5050000000e+02,5.5646149968e-03,1.5542719365e-02,7.4378847280e-01,2.0461023981e-01,1.5982017553e-02,1.7712798710e-03,1.2740655600e-02,2.1952044979e+00
1.5100000000e+02,5.4871195448e-03,1.5318419009e-02,7.4513249050e-01,2.0362383273e-01,1.5920998725e-02,1.7405114549e-03,1.2776628046e-02,2.1878069813e+00
1.5150000000e+02,5.4171504799e-03,1.5085135558e-02,7.4468306984e-01,2.0417241314e-01,1.6085730222e-02,1.7060849635e-03,1.2850415796e-02,2.1858489552e+00
1.5200000000e+02,5.4695246065e-03,1.5224803708e-02,7.4400600787e-01,2.0403746970e-01,1.6392872648e-02,1.7093795179e-03,1.3159941940e-02,2.1961240043e+00
1.5250000000e+02,5.5009237319e-03,1.5373649036e-02,7.4094641150e-01,2.0642425084e-01,1.6612022966e-02,1.7078115683e-03,1.3434930356e-02,2.2091105078e+00
1.5300000000e+02,5.4818820732e-03,1.5366176219e-02,7.3810816315e-01,2.0905995585e-01,1.6633854571e-02,1.6894264194e-03,1.3660541710e-02,2.2159409512e+00
1.5350000000e+02,5.4816579023e-03,1.5462121151e-02,7.3683574029e-01,2.0981552690e-01,1.6848945387e-02,1.6947304409e-03,1.3861277930e-02,2.2247482678e+00
1.5400000000e+02,5.4614456005e-03,1.5200307574e-02,7.3794391933e-01,2.0914255606e-01,1.6733424455e-02,1.6664527521e-03,1.3851894226e-02,2.2179768412e+00
1.5450000000e+02,5.4783385524e-03,1.5150765052e-02,7.3393979813e-01,2.1274943884e-01,1.6978473549e-02,1.6776108034e-03,1.4025575077e-02,2.2306566497e+00
1.5500000000e+02,5.4893356680e-03,1.5069994231e-02,7.3517096554e-01,2.1143318352e-01,1.7036849341e-02,1.6495700326e-03,1.4150101671e-02,2.2292254356e+00
1.5550000000e+02,5.4567616468e-03,1.5027191459e-02,7.3450755961e-01,2.1214608433e-01,1.7029113411e-02,1.6318378071e-03,1.4201451736e-02,2.2298824204e+00
1.5600000000e+02,5.4791601010e-03,1.5046591181e-02,7.3398733932e-01,2.1229442836e-01,1.7201923322e-02,1.6039130192e-03,1.4386644706e-02,2.2341733410e+00
1.5650000000e+02,5.5104541367e-03,1.5162639486e-02,7.3251487552e-01,2.1304916696e-01,1.7492890557e-02,1.6028141419e-03,1.4667159207e-02,2.2440041059e+00
1.5700000000e+02,5.4661574885e-03,1.4877546285e-02,7.3321419695e-01,2.1246907606e-01,1.7515683478e-02,1.5685606716e-03,1.4888779064e-02,2.2408384789e+00
1.5750000000e+02,5.4043496268e-03,1.4789794078e-02,7.3433899033e-01,2.1131409389e-01,1.7678259702e-02,1.5474559263e-03,1.4927056446e-02,2.2390272584e+00
1.5800000000e+02,5.4180268387e-03,1.4802975678e-02,7.3246483176e-01,2.1289845510e-01,1.7917499483e-02,1.5384611955e-03,1.4959749937e-02,2.2445344838e+00
1.5850000000e+02,5.4935700429e-03,1.4913115420e-02,7.3030174256e-01,2.1468026439e-01,1.7955057702e-02,1.5287399674e-03,1.5127509918e-02,2.2527433092e+00
1.5900000000e+02,5.5254092386e-03,1.4794408458e-02,7.2963833612e-01,2.1529446712e-01,1.8127715115e-02,1.5104214347e-03,1.5109242513e-02,2.2533590518e+00
1.5950000000e+02,5.6017545368e-03,1.4863494928e-02,7.2823506876e-01,2.1639922397e-01,1.8310046062e-02,1.4904980939e-03,1.5099913644e-02,2.2589389379e+00
1.6000000000e+02,5.6632333045e-03,1.4878621464e-02,7.2533051891e-01,2.1879259268e-01,1.8539192338e-02,1.4887325284e-03,1.5307108768e-02,2.2690388982e+00
1.6050000000e+02,5.6327625284e-03,1.4975680895e-02,7.2426959834e-01,2.1946258713e-01,1.8747782259e-02,1.4899866664e-03,1.5421602182e-02,2.2746501561e+00
1.6100000000e+02,5.5804692296e-03,1.4935277397e-02,7.2382807456e-01,2.1993063407e-01,1.8778912804e-02,1.4594940306e-03,1.5487137913e-02,2.2740166139e+00
1.6150000000e+02,5.5723206843e-03,1.4891829493e-02,7.2356279827e-01,2.1990442946e-01,1.9087573965e-02,1.4370036189e-03,1.5544044504e-02,2.2766235849e+00
1.6200000000e+02,5.5523498297e-03,1.4850802093e-02,7.2434931831e-01,2.1908339533e-01,1.9220994866e-02,1.4105080274e-03,1.5532631545e-02,2.2746359648e+00
1.6250000000e+02,5.5675880894e-03,1.4800718094e-02,7.2366681849e-01,2.1927503268e-01,1.9531812609e-02,1.4154288793e-03,1.5742601160e-02,2.2818579115e+00
1.6300000000e+02,5.5557842436e-03,1.4798193736e-02,7.2231823205e-01,2.2034004662e-01,1.9707728881e-02,1.4105229301e-03,1.5869491540e-02,2.2866989196e+00
1.6350000000e+02,5.5756090605e-03,1.4813459618e-02,7.2165713677e-01,2.2071009636e-01,1.9755684724e-02,1.3981407145e-03,1.6089872749e-02,2.2910443779e+00
1.6400000000e+02,5.6151796053e-03,1.4854270855e-02,7.1920183446e-01,2.2273252887e-01,1.9968371469e-02,1.3975093253e-03,1.6230305412e-02,2.3015307429e+00
1.6450000000e+02,5.5899589225e-03,1.4669810035e-02,7.1922355774e-01,2.2277365219e-01,2.0057767026e-02,1.3730907147e-03,1.6312163377e-02,2.3003820395e+00
1.6500000000e+02,5.5742302841e-03,1.4619093894e-02,7.1839841231e-01,2.2377793842e-01,1.9959945602e-02,1.3339523272e-03,1.6336427156e-02,2.2992400792e+00
1.6550000000e+02,5.5140150757e-03,1.4700374992e-02,7.1804601842e-01,2.2380127615e-01,2.0292672376e-02,1.3212530249e-03,1.6324389956e-02,2.3024002930e+00
1.6600000000e+02,5.4585035072e-03,1.4707167824e-02,7.1809819741e-01,2.2395924168e-01,2.0224860605e-02,1.3035295146e-03,1.6248499460e-02,2.2995083951e+00
1.6650000000e+02,5.4782608396e-03,1.4666357508e-02,7.1574169473e-01,2.2618416587e-01,2.0258485275e-02,1.3021177529e-03,1.6368918029e-02,2.3051241434e+00
1.6700000000e+02,5.4915782029e-03,1.4735974858e-02,7.1657238194e-01,2.2508270526e-01,2.0371801211e-02,1.2895113075e-03,1.6456047222e-02,2.3058947590e+00
1.6750000000e+02,5.5552177539e-03,1.4710964656e-02,7.1535222165e-01,2.2614842568e-01,2.0498781563e-02,1.2684961915e-03,1.6465892499e-02,2.3092850809e+00
1.6800000000e+02,5.5144380599e-03,1.4699543481e-02,7.1598202751e-01,2.2555451692e-01,2.0626810593e-02,1.2658009210e-03,1.6356862515e-02,2.3072668500e+00
1.6850000000e+02,5.4863210477e-03,1.4605643406e-02,7.1561922592e-01,2.2631026185e-01,2.0378890502e-02,1.2553919456e-03,1.6344265332e-02,2.3039075225e+00
1.6900000000e+02,5.5300625350e-03,1.4514191499e-02,7.1496821542e-01,2.2679035122e-01,2.0490177158e-02,1.2574866137e-03,1.6449515555e-02,2.3066646010e+00
1.6950000000e+02,5.5233594155e-03,1.4645464527e-02,7.1348870344e-01,2.2799407232e-01,2.0515892422e-02,1.2421452113e-03,1.6590362669e-02,2.3114554794e+00
1.7000000000e+02,5.5034812423e-03,1.4631676348e-02,7.1261903098e-01,2.2890748573e-01,2.0460562264e-02,1.2264118096e-03,1.6651351619e-02,2.3119544255e+00
1.7050000000e+02,5.4961047586e-03,1.4484600353e-02,7.1160022775e-01,2.2990022801e-01,2.0379865588e-02,1.2140257519e-03,1.6924947791e-02,2.3127646645e+00
1.7100000000e+02,5.4836273809e-03,1.4334325701e-02,7.1157249253e-01,2.3010908387e-01,2.0354288583e-02,1.1953389541e-03,1.6950842983e-02,2.3105545241e+00
1.7150000000e+02,5.4789057626e-03,1.4194499387e-02,7.1211085523e-01,2.2981036601e-01,2.0354740896e-02,1.1762835082e-03,1.6874349202e-02,2.3068556332e+00
1.7200000000e+02,5.4950437386e-03,1.4251187461e-02,7.1261575942e-01,2.2933220600e-01,2.0269662525e-02,1.1835938967e-03,1.6852546956e-02,2.3065048883e+00
1.7250000000e+02,5.4796153726e-03,1.4161815349e-02,7.1129059834e-01,2.3030464510e-01,2.0582507247e-02,1.1814207661e-03,1.6999397826e-02,2.3119990558e+00
1.7300000000e+02,5.4856392993e-03,1.4050935594e-02,7.1054236847e-01,2.3103635397e-01,2.0613853171e-02,1.1719174056e-03,1.7098932089e-02,2.3125510272e+00
1.7350000000e+02,5.4221582585e-03,1.3978600025e-02,7.1246024254e-01,2.2939382866e-01,2.0591722306e-02,1.1560355342e-03,1.6997412671e-02,2.3048106905e+00
1.7400000000e+02,5.4552990208e-03,1.4027834419e-02,7.0889056436e-01,2.3236606685e-01,2.0899032653e-02,1.1453391521e-03,1.7215863538e-02,2.3163203840e+00
1.7450000000e+02,5.4331716444e-03,1.4022458964e-02,7.0849597602e-01,2.3264704551e-01,2.1062862870e-02,1.1302212326e-03,1.7208263765e-02,2.3170935429e+00
1.7500000000e+02,5.4136987034e-03,1.4096404127e-02,7.0941301094e-01,2.3165003611e-01,2.1064942407e-02,1.1089383004e-03,1.7252969414e-02,2.3150565481e+00
1.7550000000e+02,5.4708177337e-03,1.4144201457e-02,7.0653566017e-01,2.3421595412e-01,2.1208489893e-02,1.0977931209e-03,1.7327083510e-02,2.3230872659e+00
1.7600000000e+02,5.4615760683e-03,1.3997986398e-02,7.0569877407e-01,2.3517844983e-01,2.1188137620e-02,1.0864996794e-03,1.7388576338e-02,2.3219240929e+00
1.7650000000e+02,5.4531807904e-03,1.3996471142e-02,7.0367772468e-01,2.3695774103e-01,2.1297833801e-02,1.0755070671e-03,1.7541541491e-02,2.3264940884e+00
1.7700000000e+02,5.4682067800e-03,1.3883451936e-02,7.0214805918e-01,2.3844849334e-01,2.1421802896e-02,1.0703995747e-03,1.7559586301e-02,2.3290126414e+00
1.7750000000e+02,5.4530014189e-03,1.3863453708e-02,6.9836117262e-01,2.4156780364e-01,2.1746741080e-02,1.0641382197e-03,1.7943689315e-02,2.3407872935e+00
1.7800000000e+02,5.4315495497e-03,1.3888992341e-02,6.9885977337e-01,2.4093297587e-01,2.1809555272e-02,1.0510864374e-03,1.8026067165e-02,2.3410456809e+00
1.7850000000e+02,5.4487843182e-03,1.3874371073e-02,6.9896499053e-01,2.4057507324e-01,2.1911813928e-02,1.0454405692e-03,1.8179526340e-02,2.3430593462e+00
1.7900000000e+02,5.4496142900e-03,1.3733696283e-02,6.9623773207e-01,2.4355176361e-01,2.1815686193e-02,1.0363225246e-03,1.8175185026e-02,2.3444488402e+00
1.7950000000e+02,5.3823606187e-03,1.3713641736e-02,6.9649087179e-01,2.4356595229e-01,2.1779024371e-02,1.0261532949e-03,1.8041995900e-02,2.3400387179e+00
1.8000000000e+02,5.3750419437e-03,1.3630739107e-02,6.9501916740e-01,2.4516622025e-01,2.1826016516e-02,1.0213755505e-03,1.7961439242e-02,2.3403070382e+00
1.8050000000e+02,5.3789955806e-03,1.3634382944e-02,6.9209518452e-01,2.4781505951e-01,2.1949186854e-02,1.0078718061e-03,1.8119318789e-02,2.3456444695e+00
1.8100000000e+02,5.3467696460e-03,1.3585569052e-02,6.9060162652e-01,2.4903553678e-01,2.2226382616e-02,9.9664962538e-04,1.8207465759e-02,2.3488413940e+00
1.8150000000e+02,5.2833392341e-03,1.3537100218e-02,6.9131580001e-01,2.4820653111e-01,2.2345145727e-02,9.8370193214e-04,1.8328381764e-02,2.3480297881e+00
1.8200000000e+02,5.2242850332e-03,1.3498075710e-02,6.8917062570e-01,2.4988598434e-01,2.2672787225e-02,9.8549407935e-04,1.8562747909e-02,2.3545028075e+00
1.8250000000e+02,5.1644928831e-03,1.3577310687e-02,6.9128444008e-01,2.4761226168e-01,2.2749196215e-02,9.7141179206e-04,1.8640886662e-02,2.3513061148e+00
1.8300000000e+02,5.1662124769e-03,1.3633705185e-02,6.8986157651e-01,2.4842538978e-01,2.2968407479e-02,9.8060245971e-04,1.8964106113e-02,2.3586902615e+00
1.8350000000e+02,5.1267043953e-03,1.3576743874e-02,6.8866451753e-01,2.4961734419e-01,2.3045025170e-02,9.8555908370e-04,1.8984105750e-02,2.3606094620e+00
1.8400000000e+02,5.0984300337e-03,1.3547772836e-02,6.8847600586e-01,2.5003301345e-01,2.2962102922e-02,9.7098380185e-04,1.8911691088e-02,2.3576311729e+00
1.8450000000e+02,5.0791904084e-03,1.3622646374e-02,6.8468952283e-01,2.5356764879e-01,2.3029646180e-02,9.6063412494e-04,1.9050711286e-02,2.3650607046e+00
1.8500000000e+02,5.0702660195e-03,1.3529964590e-02,6.8546465930e-01,2.5256997284e-01,2.3236822353e-02,9.5146075937e-04,1.9176854137e-02,2.3652877099e+00
1.8550000000e+02,5.0932834419e-03,1.3532139350e-02,6.8580383428e-01,2.5176321970e-01,2.3519078583e-02,9.4891637474e-04,1.9339528268e-02,2.3695331941e+00
1.8600000000e+02,5.0902147133e-03,1.3514379204e-02,6.8619923309e-01,2.5139394308e-01,2.3491107874e-02,9.5718372373e-04,1.9353938318e-02,2.3694591598e+00
1.8650000000e+02,5.0977014833e-03,1.3563115936e-02,6.8420005603e-01,2.5298190369e-01,2.3697763136e-02,9.6208132913e-04,1.9497378402e-02,2.3763383294e+00
1.8700000000e+02,5.1865012085e-03,1.3584310095e-02,6.8286275898e-01,2.5396722743e-01,2.3868561703e-02,9.7224223521e-04,1.9558398355e-02,2.3828075738e+00
1.8750000000e+02,5.2129595949e-03,1.3710014679e-02,6.8272858298e-01,2.5353144916e-01,2.4150049781e-02,9.8375879609e-04,1.9683185011e-02,2.3892168559e+00
1.8800000000e+02,5.2474853591e-03,1.3751725427e-02,6.8022784086e-01,2.5591276268e-01,2.4176284835e-02,9.9280960239e-04,1.9691091233e-02,2.3951373082e+00
1.8850000000e+02,5.2039178795e-03,1.3727747022e-02,6.8168348695e-01,2.5454290854e-01,2.4081738520e-02,9.9312185593e-04,1.9767079232e-02,2.3914008963e+00
1.8900000000e+02,5.1700936735e-03,1.3744942782e-02,6.8108369741e-01,2.5527950153e-01,2.3997478089e-02,9.9681501574e-04,1.9727471496e-02,2.3907735656e+00
1.8950000000e+02,5.1591967059e-03,1.3780785803e-02,6.8075099869e-01,2.5539365266e-01,2.4279059580e-02,1.0062280433e-03,1.9630078514e-02,2.3929767207e+00
1.9000000000e+02,5.1741332387e-03,1.3853364462e-02,6.7738952055e-01,2.5836551455e-01,2.4396260684e-02,1.0077805387e-03,1.9813425968e-02,2.4018899912e+00
1.9050000000e+02,5.1403227647e-03,1.3729868289e-02,6.7772284961e-01,2.5818319992e-01,2.4530013059e-02,1.0085754600e-03,1.9685170889e-02,2.3986300803e+00
1.9100000000e+02,5.1747367628e-03,1.3773058433e-02,6.7735795003e-01,2.5801431946e-01,2.4737910142e-02,1.0082062269e-03,1.9933818942e-02,2.4031950973e+00
1.9150000000e+02,5.1649676839e-03,1.3808253132e-02,6.7526945327e-01,2.5982777040e-01,2.4950339196e-02,1.0067211634e-03,1.9972495164e-02,2.4075974168e+00
1.9200000000e+02,5.1792784675e-03,1.3876033003e-02,6.7394774367e-01,2.6095543489e-01,2.5062540840e-02,1.0198689617e-03,1.9959100172e-02,2.4122771927e+00
1.9250000000e+02,5.1227880264e-03,1.3901936496e-02,6.7266636669e-01,2.6216269830e-01,2.5070180172e-02,1.0198468203e-03,2.0056183498e-02,2.4147470218e+00
1.9300000000e+02,5.1034831871e-03,1.3998705847e-02,6.7215741351e-01,2.6264317342e-01,2.4939317061e-02,1.0163425219e-03,2.0141564448e-02,2.4160980947e+00
1.9350000000e+02,5.0931671809e-03,1.4140288681e-02,6.7177641255e-01,2.6271704268e-01,2.5054086423e-02,1.0200432151e-03,2.0198959269e-02,2.4205279393e+00
1.9400000000e+02,5.0247336352e-03,1.4263176846e-02,6.7249926433e-01,2.6189022436e-01,2.4958852554e-02,1.0190642471e-03,2.0344684030e-02,2.4196724881e+00
1.9450000000e+02,4.9535024667e-03,1.4252343099e-02,6.7305707646e-01,2.6131285619e-01,2.5032263920e-02,1.0073411312e-03,2.0384616734e-02,2.4173231802e+00
1.9500000000e+02,4.9385210829e-03,1.4231580480e-02,6.7013124778e-01,2.6425799320e-01,2.4961118147e-02,1.0110189001e-03,2.0468520407e-02,2.4216463807e+00
1.9550000000e+02,4.9323637893e-03,1.4010276902e-02,6.6977670274e-01,2.6465913799e-01,2.5083867683e-02,1.0174193538e-03,2.0520231549e-02,2.4221924668e+00
1.9600000000e+02,4.9260426799e-03,1.4100381367e-02,6.7218880782e-01,2.6208160746e-01,2.5024410466e-02,1.0201782965e-03,2.0658571913e-02,2.4208783932e+00
1.9650000000e+02,4.9281064418e-03,1.4019047493e-02,6.7120757611e-01,2.6342493275e-01,2.4951386727e-02,1.0088354646e-03,2.0460115005e-02,2.4166385322e+00
1.9700000000e+02,4.9317114408e-03,1.4099756283e-02,6.7000727882e-01,2.6458345303e-01,2.5018875405e-02,1.0043952230e-03,2.0354529798e-02,2.4185752188e+00
1.9750000000e+02,4.9587878088e-03,1.4226728608e-02,6.6940994504e-01,2.6449605784e-01,2.5188857086e-02,1.0077978584e-03,2.0711825762e-02,2.4277177078e+00
1.9800000000e+02,4.9712166415e-03,1.4331968383e-02,6.7005114718e-01,2.6355414947e-01,2.5266486100e-02,1.0119734400e-03,2.0813058788e-02,2.4296597886e+00
1.9850000000e+02,4.9428945761e-03,1.4535092568e-02,6.6737169841e-01,2.6560695954e-01,2.5590034927e-02,1.0206335432e-03,2.0932686437e-02,2.4382173083e+00
1.9900000000e+02,4.9873402560e-03,1.4722642611e-02,6.6510591246e-01,2.6714924838e-01,2.5807252695e-02,1.0221919485e-03,2.1205411646e-02,2.4480915448e+00
1.9950000000e+02,4.9880544778e-03,1.4692914406e-02,6.6227208429e-01,2.6982644732e-01,2.5803378539e-02,1.0226492450e-03,2.1394471725e-02,2.4528682809e+00
2.0000000000e+02,5.0104544624e-03,1.4594746526e-02,6.6243633750e-01,2.6944821373e-01,2.5920165159e-02,1.0365947223e-03,2.1553487899e-02,2.4545018477e+00
2.0050000000e+02,4.9372590395e-03,1.4356239757e-02,6.6649537826e-01,2.6615321403e-01,2.5821093963e-02,1.0297501120e-03,2.1207064840e-02,2.4408321777e+00
2.0100000000e+02,4.9669408971e-03,1.4526429079e-02,6.6548741172e-01,2.6671858009e-01,2.5934197284e-02,1.0439379807e-03,2.1322502946e-02,2.4475921174e+00
2.0150000000e+02,4.9612070891e-03,1.4541443861e-02,6.6147416008e-01,2.7047405033e-01,2.6137458963e-02,1.0448963342e-03,2.1366783344e-02,2.4549879157e+00
2.0200000000e+02,4.9436368630e-03,1.4392670441e-02,6.6049302111e-01,2.7185080573e-01,2.6043840016e-02,1.0390500840e-03,2.1236975762e-02,2.4513442532e+00
2.0250000000e+02,4.9051880571e-03,1.4247756254e-02,6.6001628978e-01,2.7229023130e-01,2.6308309170e-02,1.0382573200e-03,2.1193968115e-02,2.4515793860e+00
2.0300000000e+02,4.9067138826e-03,1.4282756734e-02,6.5950838033e-01,2.7248329203e-01,2.6558120952e-02,1.0442926949e-03,2.1216443378e-02,2.4552907143e+00
2.0350000000e+02,4.9050119033e-03,1.4336256159e-02,6.5956857951e-01,2.7234130996e-01,2.6545556284e-02,1.0393131456e-03,2.1263973030e-02,2.4562837350e+00
2.0400000000e+02,4.7891347907e-03,1.4254023217e-02,6.6156967997e-01,2.7102939990e-01,2.6253484132e-02,1.0295288482e-03,2.1074749145e-02,2.4447782053e+00
2.0450000000e+02,4.7199500920e-03,1.4238150752e-02,6.6190750671e-01,2.7071070526e-01,2.6320069780e-02,1.0275798923e-03,2.1076037511e-02,2.4421957791e+00
2.0500000000e+02,4.7057535507e-03,1.4200851503e-02,6.6042627485e-01,2.7215004168e-01,2.6277027630e-02,1.0210471512e-03,2.1219003634e-02,2.4437248435e+00
2.0550000000e+02,4.7072142137e-03,1.4171329570e-02,6.6244964398e-01,2.7029721853e-01,2.6174560197e-02,1.0164329770e-03,2.1183600525e-02,2.4392325126e+00
2.0600000000e+02,4.7185357797e-03,1.4357624135e-02,6.5978265333e-01,2.7263776071e-01,2.6226206082e-02,1.0204349276e-03,2.1256785030e-02,2.4469242937e+00
2.0650000000e+02,4.6701628756e-03,1.4324388057e-02,6.6002942756e-01,2.7282626291e-01,2.5877241811e-02,1.0126802355e-03,2.1259836550e-02,2.4417059588e+00
2.0700000000e+02,4.6943696237e-03,1.4345908885e-02,6.5912201639e-01,2.7345203768e-01,2.6024782540e-02,1.0086818330e-03,2.1352203045e-02,2.4454748521e+00
2.0750000000e+02,4.7113237984e-03,1.4466590334e-02,6.5610605031e-01,2.7590383446e-01,2.6287430013e-02,1.0214708953e-03,2.1503300191e-02,2.4552832651e+00
2.0800000000e+02,4.7480691345e-03,1.4361259604e-02,6.5329155205e-01,2.7845216599e-01,2.6472747137e-02,1.0290306778e-03,2.1645175405e-02,2.4615214891e+00
2.0850000000e+02,4.7321302393e-03,1.4548276661e-02,6.5237847178e-01,2.7898910713e-01,2.6480290210e-02,1.0208568529e-03,2.1850867125e-02,2.4665126382e+00
2.0900000000e+02,4.6913028849e-03,1.4569534491e-02,6.5118476610e-01,2.8011753081e-01,2.6515898569e-02,1.0204427305e-03,2.1900524423e-02,2.4678513361e+00
2.0950000000e+02,4.6814237989e-03,1.4411697253e-02,6.5211089888e-01,2.7997477253e-01,2.6027277076e-02,1.0190152379e-03,2.1774915230e-02,2.4590766634e+00
2.1000000000e+02,4.7198754456e-03,1.4376522659e-02,6.5097390093e-01,2.8062053950e-01,2.6290047250e-02,1.0219924041e-03,2.1997121810e-02,2.4650707445e+00
2.1050000000e+02,4.6929617992e-03,1.4190545770e-02,6.5187161836e-01,2.8035113023e-01,2.6172351381e-02,1.0097891639e-03,2.1711603292e-02,2.4562716763e+00
2.1100000000e+02,4.6657234325e-03,1.4125220944e-02,6.5292762847e-01,2.7948448816e-01,2.6221621107e-02,1.0084943227e-03,2.1566823556e-02,2.4520425287e+00
2.1150000000e+02,4.7128527289e-03,1.4141570256e-02,6.4889904839e-01,2.8337954119e-01,2.6175115753e-02,1.0131117435e-03,2.1678759935e-02,2.4594233796e+00
2.1200000000e+02,4.6601950483e-03,1.4096939834e-02,6.4810786834e-01,2.8405618365e-01,2.6413925944e-02,1.0172486882e-03,2.1647638501e-02,2.4589973762e+00
2.1250000000e+02,4.6469261527e-03,1.4180607942e-02,6.4664269871e-01,2.8530661629e-01,2.6515111549e-02,1.0084243108e-03,2.1699615041e-02,2.4625802593e+00
2.1300000000e+02,4.6082863657e-03,1.4007844424e-02,6.4540337229e-01,2.8735433462e-01,2.6288838368e-02,1.0016133037e-03,2.1335710629e-02,2.4557293879e+00
2.1350000000e+02,4.5896029342e-03,1.3950505382e-02,6.4624407762e-01,2.8687838764e-01,2.6250330968e-02,9.9144472476e-04,2.1095650730e-02,2.4504547938e+00
2.1400000000e+02,4.5373591995e-03,1.3844339489e-02,6.4619034158e-01,2.8707128544e-01,2.6227789500e-02,9.7716438091e-04,2.1151720417e-02,2.4469421158e+00
2.1450000000e+02,4.5008126916e-03,1.3820995083e-02,6.4483196741e-01,2.8835216055e-01,2.6374373940e-02,9.7683543764e-04,2.1142854884e-02,2.4483034211e+00
2.1500000000e+02,4.5018534034e-03,1.3817527339e-02,6.4462611838e-01,2.8850595149e-01,2.6308356621e-02,9.6786362821e-04,2.1272329135e-02,2.4480054476e+00
2.1550000000e+02,4.4944375600e-03,1.3880448497e-02,6.4477334109e-01,2.8817805676e-01,2.6384317604e-02,9.6938548419e-04,2.1320013004e-02,2.4504549335e+00
2.1600000000e+02,4.5104542256e-03,1.3843368357e-02,6.4374422540e-01,2.8909666548e-01,2.6280076267e-02,9.5677860148e-04,2.1568431670e-02,2.4519076369e+00
2.1650000000e+02,4.4932258961e-03,1.3767222258e-02,6.4394936594e-01,2.8923608243e-01,2.6154495322e-02,9.3742212477e-04,2.1462186020e-02,2.4469470117e+00
2.1700000000e+02,4.4781721969e-03,1.3865775207e-02,6.4601722075e-01,2.8730137098e-01,2.5899159974e-02,9.2248427698e-04,2.1515816615e-02,2.4419270167e+00
2.1750000000e+02,4.4870573074e-03,1.3927762880e-02,6.4555907126e-01,2.8755824989e-01,2.6061117063e-02,9.1495207788e-04,2.1491789516e-02,2.4440031282e+00
2.1800000000e+02,4.4973745340e-03,1.3899572496e-02,6.4663154134e-01,2.8631070019e-01,2.6084949793e-02,9.0914010922e-04,2.1666721536e-02,2.4434739401e+00
2.1850000000e+02,4.5117007765e-03,1.3906901619e-02,6.4593769931e-01,2.8660381118e-01,2.6215676642e-02,9.0462313003e-04,2.1919587336e-02,2.4479126487e+00
2.1900000000e+02,4.4929305867e-03,1.3737686900e-02,6.4554512989e-01,2.8741771535e-01,2.6267227054e-02,8.9192818745e-04,2.1647382032e-02,2.4428891213e+00
2.1950000000e+02,4.5004816794e-03,1.3623254687e-02,6.4353396368e-01,2.8884838718e-01,2.6644024806e-02,8.8614971433e-04,2.1963738247e-02,2.4487578161e+00
2.2000000000e+02,4.4597388560e-03,1.3607460824e-02,6.4239286759e-01,2.8991806390e-01,2.6564602349e-02,8.8507586770e-04,2.2172190619e-02,2.4509652387e+00
2.2050000000e+02,4.4033967266e-03,1.3513150974e-02,6.4022547226e-01,2.9222966759e-01,2.6418777893e-02,8.6930752956e-04,2.2340227022e-02,2.4492491354e+00
2.2100000000e+02,4.3950364740e-03,1.3454984070e-02,6.4085737143e-01,2.9128896331e-01,2.6631849232e-02,8.5536281027e-04,2.2516432668e-02,2.4503361337e+00
2.2150000000e+02,4.3577781968e-03,1.3334472579e-02,6.4065474447e-01,2.9189226848e-01,2.6202703034e-02,8.4339040920e-04,2.2714642824e-02,2.4456385652e+00
2.2200000000e+02,4.3894831567e-03,1.3425844791e-02,6.4028097430e-01,2.9185433485e-01,2.6227965582e-02,8.4106613959e-04,2.2980331172e-02,2.4505554658e+00
2.2250000000e+02,4.4134281075e-03,1.3478500906e-02,6.3898837946e-01,2.9285372958e-01,2.6363852691e-02,8.2826284690e-04,2.3073846407e-02,2.4549160948e+00
2.2300000000e+02,4.3928445222e-03,1.3598473450e-02,6.3821853640e-01,2.9307647826e-01,2.6676193416e-02,8.1368938334e-04,2.3223784566e-02,2.4596238172e+00
2.2350000000e+02,4.4005554100e-03,1.3708664584e-02,6.3383234120e-01,2.9620408476e-01,2.7168816470e-02,8.1397286473e-04,2.3871564714e-02,2.4737615850e+00
2.2400000000e+02,4.4445274934e-03,1.3641358828e-02,6.3247695957e-01,2.9716484680e-01,2.7372873604e-02,8.0321625954e-04,2.4096217446e-02,2.4763845929e+00
2.2450000000e+02,4.4445118145e-03,1.3556210812e-02,6.3256196872e-01,2.9692425711e-01,2.7294502640e-02,7.9517946178e-04,2.4423369437e-02,2.4759767713e+00
2.2500000000e+02,4.4543334998e-03,1.3540182139e-02,6.3250860057e-01,2.9674670497e-01,2.7477772237e-02,7.8942889224e-04,2.4482977693e-02,2.4780495040e+00
2.2550000000e+02,4.4542401744e-03,1.3470707289e-02,6.3081916458e-01,2.9835745482e-01,2.7654683119e-02,7.8184842767e-04,2.4461901588e-02,2.4782889846e+00
2.2600000000e+02,4.4616496976e-03,1.3416621076e-02,6.2849438690e-01,3.0040325194e-01,2.7802160827e-02,7.7976314701e-04,2.4642166408e-02,2.4820712325e+00
2.2650000000e+02,4.4625732235e-03,1.3233923649e-02,6.2689291648e-01,3.0221679957e-01,2.7816726379e-02,7.7752193189e-04,2.4599538767e-02,2.4804945377e+00
2.2700000000e+02,4.4091233379e-03,1.3192388933e-02,6.2767833467e-01,3.0140889557e-01,2.7855850792e-02,7.7128221034e-04,2.4684124489e-02,2.4780340652e+00
2.2750000000e+02,4.3933634073e-03,1.3171402242e-02,6.2930855219e-01,2.9949632846e-01,2.8017106402e-02,7.6441922392e-04,2.4848828073e-02,2.4768291022e+00
2.2800000000e+02,4.3774772073e-03,1.3215043613e-02,6.2847350665e-01,3.0015010187e-01,2.8134935919e-02,7.5873745146e-04,2.4890197292e-02,2.4802247460e+00
2.2850000000e+02,4.3742892346e-03,1.3271454592e-02,6.2586640745e-01,3.0232178445e-01,2.8418150391e-02,7.6035609355e-04,2.4987557790e-02,2.4867579745e+00
2.2900000000e+02,4.3341660841e-03,1.3293939993e-02,6.2462920821e-01,3.0408386030e-01,2.7953233810e-02,7.5085481240e-04,2.4954736791e-02,2.4826054166e+00
2.2950000000e+02,4.3172839780e-03,1.3307204110e-02,6.2735923700e-01,3.0149661529e-01,2.7914588316e-02,7.3761308349e-04,2.4867458223e-02,2.4767391567e+00
2.3000000000e+02,4.2837689132e-03,1.3360897365e-02,6.2557608676e-01,3.0341230487e-01,2.7820141002e-02,7.3265469866e-04,2.4814146392e-02,2.4767491197e+00
2.3050000000e+02,4.2708420077e-03,1.3370796736e-02,6.2429231579e-01,3.0455100512e-01,2.7793609761e-02,7.2762278942e-04,2.4993807792e-02,2.4776638617e+00
2.3100000000e+02,4.2432742431e-03,1.3365691762e-02,6.2487003108e-01,3.0386680873e-01,2.7824246890e-02,7.2115290974e-04,2.5108794392e-02,2.4761948275e+00
2.3150000000e+02,4.2497179375e-03,1.3504784036e-02,6.2360742374e-01,3.0450318733e-01,2.8185191826e-02,7.1938326177e-04,2.5230311865e-02,2.4816376890e+00
2.3200000000e+02,4.2411393522e-03,1.3330273098e-02,6.2407173268e-01,3.0426825420e-01,2.8143405597e-02,7.1589686052e-04,2.5229298211e-02,2.4770823281e+00
2.3250000000e+02,4.2149099148e-03,1.3383619619e-02,6.2487707468e-01,3.0335004933e-01,2.8286488859e-02,7.1199888885e-04,2.5175858716e-02,2.4771536309e+00
2.3300000000e+02,4.2102265192e-03,1.3356431929e-02,6.2236104652e-01,3.0560706142e-01,2.8503105812e-02,7.1082893772e-04,2.5251298862e-02,2.4820550221e+00
2.3350000000e+02,4.1754880167e-03,1.3264232800e-02,6.1774867021e-01,3.1030083759e-01,2.8585103819e-02,7.0307824927e-04,2.5222589310e-02,2.4829778618e+00
2.3400000000e+02,4.1823693387e-03,1.3090483139e-02,6.1547115221e-01,3.1230128766e-01,2.8837363268e-02,6.9959844057e-04,2.5417745942e-02,2.4873178999e+00
2.3450000000e+02,4.1822616582e-03,1.2874309931e-02,6.1249142633e-01,3.1547702068e-01,2.8991865697e-02,6.9026935577e-04,2.5292846356e-02,2.4860395988e+00
2.3500000000e+02,4.2259360018e-03,1.2809690571e-02,6.1424529421e-01,3.1387544481e-01,2.8855162600e-02,6.8207693797e-04,2.5306394864e-02,2.4826037708e+00
2.3550000000e+02,4.2359014585e-03,1.2803926022e-02,6.1714814211e-01,3.1082405842e-01,2.8959566938e-02,6.8032172933e-04,2.5348083318e-02,2.4818067698e+00
2.3600000000e+02,4.2480326273e-03,1.2787110384e-02,6.1429253341e-01,3.1358821812e-01,2.9016338606e-02,6.7211074377e-04,2.5395656108e-02,2.4839130510e+00
2.3650000000e+02,4.2721738672e-03,1.2714933381e-02,6.1244800919e-01,3.1472229208e-01,2.9232106113e-02,6.7344254617e-04,2.5937042817e-02,2.4908154119e+00
2.3700000000e+02,4.2773707453e-03,1.2676622065e-02,6.1394439927e-01,3.1243016778e-01,2.9768164871e-02,6.7815907775e-04,2.6225116190e-02,2.4949661906e+00
2.3750000000e+02,4.2593643353e-03,1.2602783962e-02,6.1199639358e-01,3.1382185142e-01,3.0118890740e-02,6.7714443245e-04,2.6523571525e-02,2.5008338036e+00
2.3800000000e+02,4.2345346988e-03,1.2538596528e-02,6.1318567177e-01,3.1237451200e-01,3.0423141180e-02,6.8427718860e-04,2.6559266638e-02,2.5005919217e+00
2.3850000000e+02,4.2254241254e-03,1.2469155555e-02,6.1298680824e-01,3.1221911813e-01,3.0503111361e-02,6.8440074237e-04,2.6911981847e-02,2.5010232425e+00
2.3900000000e+02,4.2275729744e-03,1.2378233551e-02,6.1359358682e-01,3.1165271021e-01,3.0542723350e-02,6.8105355750e-04,2.6924119540e-02,2.4992625644e+00
2.3950000000e+02,4.2168146598e-03,1.2299326047e-02,6.1175970722e-01,3.1349479196e-01,3.0643364285e-02,6.7487459886e-04,2.6911121221e-02,2.5008381688e+00
2.4000000000e+02,4.1874227587e-03,1.2167702085e-02,6.0980862729e-01,3.1552813425e-01,3.0532339297e-02,6.7759441869e-04,2.7098179898e-02,2.4990698212e+00
2.4050000000e+02,4.2163688935e-03,1.2080653603e-02,6.1062336712e-01,3.1473344427e-01,3.0306145385e-02,6.7716472571e-04,2.7362856010e-02,2.4990491625e+00
2.4100000000e+02,4.2354835404e-03,1.2078470144e-02,6.1170942759e-01,3.1322463440e-01,3.0560004776e-02,6.7702502795e-04,2.7514954520e-02,2.5031361831e+00
2.4150000000e+02,4.2307399787e-03,1.2001973798e-02,6.0981524295e-01,3.1458386547e-01,3.0799110420e-02,6.7585589756e-04,2.7893211487e-02,2.5100220567e+00
2.4200000000e+02,4.2572848318e-03,1.1855921255e-02,6.0850297015e-01,3.1596323175e-01,3.0720735888e-02,6.7802969519e-04,2.8021826429e-02,2.5092660466e+00
2.4250000000e+02,4.2410708763e-03,1.1860582496e-02,6.0593877987e-01,3.1802063069e-01,3.0989462685e-02,6.8432533351e-04,2.8265148050e-02,2.5129068664e+00
2.4300000000e+02,4.2313190209e-03,1.1746213164e-02,6.0748686253e-01,3.1654982857e-01,3.1025212746e-02,6.7802910332e-04,2.8282534866e-02,2.5096467420e+00
2.4350000000e+02,4.2200498344e-03,1.1633268889e-02,6.0836320809e-01,3.1550556096e-01,3.1113295360e-02,6.8464044592e-04,2.8479976425e-02,2.5088043692e+00
2.4400000000e+02,4.1800971846e-03,1.1565671704e-02,6.0816230743e-01,3.1534193091e-01,3.1360021281e-02,6.9382787203e-04,2.8696143621e-02,2.5113248261e+00
2.4450000000e+02,4.1586207731e-03,1.1394205807e-02,6.1004200110e-01,3.1377197962e-01,3.1219829872e-02,6.9309673258e-04,2.8720266094e-02,2.5042591915e+00
2.4500000000e+02,4.0945205978e-03,1.1256597382e-02,6.1313104177e-01,3.1100872756e-01,3.1516139117e-02,6.9469074760e-04,2.8298282820e-02,2.4965848890e+00
2.4550000000e+02,4.0593746916e-03,1.1251360523e-02,6.1299158608e-01,3.1096078127e-01,3.1570731559e-02,7.0155702997e-04,2.8464608843e-02,2.4969317194e+00
2.4600000000e+02,4.0834608418e-03,1.1244535800e-02,6.1340605964e-01,3.1002865707e-01,3.1693961056e-02,7.1161307717e-04,2.8831712517e-02,2.5001141125e+00
2.4650000000e+02,4.1146877120e-03,1.1363682467e-02,6.1249880168e-01,3.0993220793e-01,3.1933294287e-02,7.2371103384e-04,2.9433614882e-02,2.5078435725e+00
2.4700000000e+02,4.1218158111e-03,1.1285672334e-02,6.1812212779e-01,3.0441320458e-01,3.1825486980e-02,7.2443445063e-04,2.9507258050e-02,2.5005951250e+00
2.4750000000e+02,4.1513063910e-03,1.1181715659e-02,6.2000645048e-01,3.0263815809e-01,3.1740815692e-02,7.3504397029e-04,2.9546509717e-02,2.4973990138e+00
2.4800000000e+02,4.1643156600e-03,1.1189667039e-02,6.1966102996e-01,3.0274158812e-01,3.1951210092e-02,7.3700279481e-04,2.9555186327e-02,2.5000496257e+00
2.4850000000e+02,4.1617100207e-03,1.1090879248e-02,6.1971173426e-01,3.0245743103e-01,3.2117952243e-02,7.4854936020e-04,2.9711743841e-02,2.5007606209e+00
2.4900000000e+02,4.1694353721e-03,1.1136380208e-02,6.1796678672e-01,3.0406961997e-01,3.2239153981e-02,7.5140294345e-04,2.9667220804e-02,2.5046087213e+00
2.4950000000e+02,4.1485229953e-03,1.1155313129e-02,6.1787993868e-01,3.0412434468e-01,3.2300565339e-02,7.4906743875e-04,2.9642247744e-02,2.5041500385e+00
2.5000000000e+02,4.1342814507e-03,1.1106440554e-02,6.1862406680e-01,3.0312020318e-01,3.2601206558e-02,7.5428260136e-04,2.9659518852e-02,2.5047985476e+00
2.5050000000e+02,4.1236046287e-03,1.0984243841e-02,6.1900572300e-01,3.0321255856e-01,3.2364761385e-02,7.6396580188e-04,2.9545142791e-02,2.5002034268e+00
2.5100000000e+02,4.0790477930e-03,1.0836655229e-02,6.1818345884e-01,3.0465490749e-01,3.2079999734e-02,7.6586488579e-04,2.9400066023e-02,2.4955989951e+00
2.5150000000e+02,4.0246326524e-03,1.0841083587e-02,6.1709632142e-01,3.0552656908e-01,3.2319686116e-02,7.7680885335e-04,2.9414898294e-02,2.4981017767e+00
2.5200000000e+02,4.0033166675e-03,1.0797116974e-02,6.1506848526e-01,3.0756924371e-01,3.2223112175e-02,7.8929369859e-04,2.9549431523e-02,2.4996885753e+00
2.5250000000e+02,3.9822119373e-03,1.0795313196e-02,6.1545565655e-01,3.0738811262e-01,3.2086668767e-02,7.9488065672e-04,2.9497156269e-02,2.4978097242e+00
2.5300000000e+02,3.9740652400e-03,1.0771887555e-02,6.1555579032e-01,3.0697103369e-01,3.2247475193e-02,8.0898332442e-04,2.9670764683e-02,2.4981232285e+00
2.5350000000e+02,3.9640011944e-03,1.0826368206e-02,6.1649734038e-01,3.0598586670e-01,3.2378688525e-02,8.1864529292e-04,2.9529089707e-02,2.4961407182e+00
2.5400000000e+02,3.9890416621e-03,1.0907285790e-02,6.1510641578e-01,3.0702479296e-01,3.2482324065e-02,8.2970455199e-04,2.9660435189e-02,2.5011398956e+00
2.5450000000e+02,4.0155331477e-03,1.0995277212e-02,6.1460331859e-01,3.0697118131e-01,3.2881322758e-02,8.2932154404e-04,2.9704045441e-02,2.5056376608e+00
2.5500000000e+02,3.9953794814e-03,1.0937303432e-02,6.1770175237e-01,3.0399185915e-01,3.2713790333e-02,8.3572972502e-04,2.9824185504e-02,2.5021938841e+00
2.5550000000e+02,3.9861387926e-03,1.0931093403e-02,6.1739826644e-01,3.0421884739e-01,3.2583804177e-02,8.5856376645e-04,3.0023286032e-02,2.5034149383e+00
2.5600000000e+02,3.9478954516e-03,1.0896369602e-02,6.1863964894e-01,3.0262114112e-01,3.2669105657e-02,8.7335453361e-04,3.0352484698e-02,2.5032605943e+00
2.5650000000e+02,3.9142563890e-03,1.0931628607e-02,6.1959064891e-01,3.0180550586e-01,3.2556182338e-02,8.7183205217e-04,3.0329945845e-02,2.4982994735e+00
2.5700000000e+02,3.8882554311e-03,1.0827430152e-02,6.1838645837e-01,3.0359897311e-01,3.2245958657e-02,8.7600681476e-04,3.0176917467e-02,2.4959171564e+00
2.5750000000e+02,3.9182918109e-03,1.0841543848e-02,6.1788033962e-01,3.0369005308e-01,3.2662039491e-02,8.9862771385e-04,3.0109104439e-02,2.4999019139e+00
2.5800000000e+02,3.9619837728e-03,1.0845083929e-02,6.1820568101e-01,3.0275815058e-01,3.2953284294e-02,9.0800897801e-04,3.0367807429e-02,2.5044260869e+00
2.5850000000e+02,3.9206099739e-03,1.0906766958e-02,6.1567698915e-01,3.0500454897e-01,3.3257588817e-02,9.2551726722e-04,3.0307978868e-02,2.5107397828e+00
2.5900000000e+02,3.8877385820e-03,1.0901864342e-02,6.1378919913e-01,3.0660960111e-01,3.3530269754e-02,9.2962107430e-04,3.0351706002e-02,2.5139421235e+00
2.5950000000e+02,3.8446711902e-03,1.0912315696e-02,6.1285570029e-01,3.0785764368e-01,3.3306272671e-02,9.3422498919e-04,3.0289171489e-02,2.5109157581e+00
2.6000000000e+02,3.8270409653e-03,1.1033533097e-02,6.1103533473e-01,3.0986615667e-01,3.3325697205e-02,9.4859291630e-04,2.9963644410e-02,2.5108209754e+00
2.6050000000e+02,3.8374777859e-03,1.1160864124e-02,6.0937699448e-01,3.1080681276e-01,3.3398952861e-02,9.5229793776e-04,3.0466600043e-02,2.5178974049e+00
2.6100000000e+02,3.8320499281e-03,1.1126389422e-02,6.1101289659e-01,3.0923685548e-01,3.3101376968e-02,9.5823166351e-04,3.0732199942e-02,2.5161996902e+00
2.6150000000e+02,3.8116414798e-03,1.1139045825e-02,6.1136547477e-01,3.0860718651e-01,3.3160628693e-02,9.6875282715e-04,3.0947269888e-02,2.5170405348e+00
2.6200000000e+02,3.8166849125e-03,1.1082967673e-02,6.1134916976e-01,3.0777638023e-01,3.3517696700e-02,9.8362014697e-04,3.1473480572e-02,2.5224885095e+00
2.6250000000e+02,3.7660881637e-03,1.0929509360e-02,6.1263078637e-01,3.0686647780e-01,3.3416914156e-02,9.7575357334e-04,3.1414470572e-02,2.5154845630e+00
2.6300000000e+02,3.7535508730e-03,1.0909553060e-02,6.1189966005e-01,3.0760393077e-01,3.3405655572e-02,9.7371453558e-04,3.1453935136e-02,2.5165667612e+00
2.6350000000e+02,3.7710547686e-03,1.0937256492e-02,6.1059420384e-01,3.0853182528e-01,3.3473329128e-02,9.8103411696e-04,3.1711296378e-02,2.5194697052e+00
2.6400000000e+02,3.7367020819e-03,1.0958811167e-02,6.0928076678e-01,3.0981906712e-01,3.3385999713e-02,9.7815958697e-04,3.1840493552e-02,2.5205457264e+00
2.6450000000e+02,3.7325014213e-03,1.0931708580e-02,6.0897901882e-01,3.0962562728e-01,3.3803239191e-02,9.9368017466e-04,3.1934224526e-02,2.5252849413e+00
2.6500000000e+02,3.7120438804e-03,1.0935620921e-02,6.0765529202e-01,3.1090667987e-01,3.3957847245e-02,9.9917821676e-04,3.1833337849e-02,2.5262386336e+00
2.6550000000e+02,3.7470983056e-03,1.0909855377e-02,6.0813688079e-01,3.1007438755e-01,3.4306118406e-02,1.0154741273e-03,3.1810185437e-02,2.5289565035e+00
2.6600000000e+02,3.7190008263e-03,1.1045947504e-02,6.1044792201e-01,3.0778933713e-01,3.4455919713e-02,1.0219414316e-03,3.1519931380e-02,2.5277016320e+00
2.6650000000e+02,3.6613530734e-03,1.0888429212e-02,6.1213700840e-01,3.0662615355e-01,3.4250057063e-02,1.0227216891e-03,3.1414277016e-02,2.5202478860e+00
2.6700000000e+02,3.6419652703e-03,1.0835908011e-02,6.1140885335e-01,3.0752706702e-01,3.4196725821e-02,1.0265710961e-03,3.1362909431e-02,2.5199262554e+00
2.6750000000e+02,3.6162573217e-03,1.0727105368e-02,6.1249101795e-01,3.0654953380e-01,3.4365885401e-02,1.0374919191e-03,3.1212708241e-02,2.5146822775e+00
2.6800000000e+02,3.5819308922e-03,1.0713505811e-02,6.1119351115e-01,3.0747440840e-01,3.4832321176e-02,1.0337621862e-03,3.1170560382e-02,2.5157384366e+00
2.6850000000e+02,3.5410453240e-03,1.0732871680e-02,6.1503881156e-01,3.0376120323e-01,3.4777500472e-02,1.0475353135e-03,3.1101032420e-02,2.5119951302e+00
2.6900000000e+02,3.5247544341e-03,1.0744956038e-02,6.1373114130e-01,3.0554758684e-01,3.4312549566e-02,1.0514213423e-03,3.1087590481e-02,2.5082625990e+00
2.6950000000e+02,3.5064491314e-03,1.0715435331e-02,6.1261290534e-01,3.0660095892e-01,3.4319599907e-02,1.0494662555e-03,3.1195185116e-02,2.5069939141e+00
2.7000000000e+02,3.4707612471e-03,1.0696158625e-02,6.1322895274e-01,3.0589552875e-01,3.4194706455e-02,1.0599314375e-03,3.1453960750e-02,2.5057679951e+00
2.7050000000e+02,3.4363881009e-03,1.0677511728e-02,6.1477645498e-01,3.0440964140e-01,3.4219666524e-02,1.0570367323e-03,3.1423300541e-02,2.5017996812e+00
2.7100000000e+02,3.3995191345e-03,1.0687957088e-02,6.1380962668e-01,3.0525838279e-01,3.4283974848e-02,1.0676019110e-03,3.1492937554e-02,2.5021989654e+00
2.7150000000e+02,3.3938065652e-03,1.0692764366e-02,6.1433029254e-01,3.0474023210e-01,3.4507097542e-02,1.0763017975e-03,3.1259505089e-02,2.5005692032e+00
2.7200000000e+02,3.3600092070e-03,1.0641307352e-02,6.1523216311e-01,3.0427046161e-01,3.4569152386e-02,1.0790869716e-03,3.0847819371e-02,2.4965781975e+00
2.7250000000e+02,3.3092967405e-03,1.0618939698e-02,6.1574922399e-01,3.0433428856e-01,3.4485463000e-02,1.0653515266e-03,3.0437436485e-02,2.4911549180e+00
2.7300000000e+02,3.3204288598e-03,1.0654618723e-02,6.1828809884e-01,3.0153274717e-01,3.4498762228e-02,1.0677227873e-03,3.0637621391e-02,2.4921303666e+00
2.7350000000e+02,3.2937430754e-03,1.0605830178e-02,6.2198929778e-01,2.9812186131e-01,3.4366800542e-02,1.0754000927e-03,3.0547067020e-02,2.4847471345e+00
2.7400000000e+02,3.2740102336e-03,1.0688615455e-02,6.1988305261e-01,2.9962959885e-01,3.4523420524e-02,1.0789652763e-03,3.0922337052e-02,2.4915845599e+00
2.7450000000e+02,3.2526465034e-03,1.0685062583e-02,6.1924235585e-01,3.0061053482e-01,3.4142526692e-02,1.0810191142e-03,3.0985854445e-02,2.4873625966e+00
2.7500000000e+02,3.2347052375e-03,1.0738971020e-02,6.1922852563e-01,3.0069911997e-01,3.4020079555e-02,1.0721716359e-03,3.1006426957e-02,2.4882455870e+00
2.7550000000e+02,3.2168858136e-03,1.0740981024e-02,6.2045160169e-01,2.9968895706e-01,3.3903426786e-02,1.0792594219e-03,3.0918888208e-02,2.4849872251e+00
2.7600000000e+02,3.1895547281e-03,1.0824526101e-02,6.2051790513e-01,2.9946365686e-01,3.3947878677e-02,1.0934074062e-03,3.0963071094e-02,2.4835716405e+00
2.7650000000e+02,3.1741830772e-03,1.0931323839e-02,6.2088778758e-01,2.9917347142e-01,3.3934325831e-02,1.0809614909e-03,3.0817946762e-02,2.4818434066e+00
2.7700000000e+02,3.1339075712e-03,1.0826080403e-02,6.2084628624e-01,2.9983682945e-01,3.3715889479e-02,1.0798058311e-03,3.0561201031e-02,2.4763851981e+00
2.7750000000e+02,3.1415597474e-03,1.0824918769e-02,6.1991250307e-01,3.0048992832e-01,3.3802857966e-02,1.0843361804e-03,3.0743895948e-02,2.4796561434e+00
2.7800000000e+02,3.1032252700e-03,1.0767607919e-02,6.2199742312e-01,2.9895302152e-01,3.3472896065e-02,1.0831838428e-03,3.0622642269e-02,2.4724489213e+00
2.7850000000e+02,3.0608758819e-03,1.0771237054e-02,6.2584609563e-01,2.9531199807e-01,3.3200042517e-02,1.0680330773e-03,3.0741717765e-02,2.4633249323e+00
2.7900000000e+02,3.0305268351e-03,1.0793028282e-02,6.2910329415e-01,2.9176701452e-01,3.3221384823e-02,1.0692437698e-03,3.1015507616e-02,2.4599306991e+00
2.7950000000e+02,3.0380586652e-03,1.0853733326e-02,6.2866677063e-01,2.9196071727e-01,3.3552000756e-02,1.0762109319e-03,3.0852508414e-02,2.4625640815e+00
2.8000000000e+02,3.0173960104e-03,1.0797852665e-02,6.2877468812e-01,2.9261998579e-01,3.3266070938e-02,1.0708852365e-03,3.0453121244e-02,2.4566396909e+00
2.8050000000e+02,2.9910973252e-03,1.0795267184e-02,6.2996741028e-01,2.9167453357e-01,3.3158951834e-02,1.0621629672e-03,3.0350576832e-02,2.4525659579e+00
2.8100000000e+02,2.9700244468e-03,1.0768277170e-02,6.3096557771e-01,2.9116399619e-01,3.2973552273e-02,1.0346897957e-03,3.0123882417e-02,2.4462619023e+00
2.8150000000e+02,2.9676579933e-03,1.0596276241e-02,6.3419413411e-01,2.8910696908e-01,3.2522966396e-02,1.0252074518e-03,2.9586788729e-02,2.4339115166e+00
2.8200000000e+02,2.9352286553e-03,1.0532515370e-02,6.3402429241e-01,2.8952729989e-01,3.2427751706e-02,1.0145106623e-03,2.9538401304e-02,2.4298651815e+00
2.8250000000e+02,2.9025131877e-03,1.0470017632e-02,6.3725944704e-01,2.8692804312e-01,3.2367787821e-02,1.0126958174e-03,2.9059495378e-02,2.4173840747e+00
2.8300000000e+02,2.8969144262e-03,1.0420606946e-02,6.3921072455e-01,2.8509557544e-01,3.2195318328e-02,1.0141337405e-03,2.9166726567e-02,2.4134886333e+00
2.8350000000e+02,2.8545209414e-03,1.0371346460e-02,6.3727840526e-01,2.8745973142e-01,3.2227377806e-02,1.0069668255e-03,2.8801651290e-02,2.4108359324e+00
2.8400000000e+02,2.8363049324e-03,1.0305069478e-02,6.3951267060e-01,2.8554966144e-01,3.2172558975e-02,9.9826307910e-04,2.8625471492e-02,2.4043545271e+00
2.8450000000e+02,2.8173165639e-03,1.0267394415e-02,6.4030423314e-01,2.8479089215e-01,3.2308871471e-02,1.0070210625e-03,2.8504271191e-02,2.4036867334e+00
2.8500000000e+02,2.8302266017e-03,1.0321095733e-02,6.4169107620e-01,2.8318489107e-01,3.2297606124e-02,1.0120115699e-03,2.8663092698e-02,2.4038136333e+00
2.8550000000e+02,2.8214563870e-03,1.0327025814e-02,6.4103437894e-01,2.8382528889e-01,3.2368657876e-02,9.9910321160e-04,2.8624088882e-02,2.4033619159e+00
2.8600000000e+02,2.8004771999e-03,1.0197617462e-02,6.4403652403e-01,2.8164961078e-01,3.2204406497e-02,9.8228502554e-04,2.8129079010e-02,2.3919400907e+00
2.8650000000e+02,2.8092761845e-03,1.0106135856e-02,6.4840488309e-01,2.7736647685e-01,3.2277961004e-02,9.7187600261e-04,2.8063391011e-02,2.3848306297e+00
2.8700000000e+02,2.8251236917e-03,1.0128912391e-02,6.4886642977e-01,2.7660194659e-01,3.2669628098e-02,9.6937915271e-04,2.7938580305e-02,2.3865492217e+00
2.8750000000e+02,2.7833455788e-03,1.0125197921e-02,6.5025488390e-01,2.7510116273e-01,3.2988642566e-02,9.5607942984e-04,2.7790687870e-02,2.3831707893e+00
2.8800000000e+02,2.7917591184e-03,1.0199013820e-02,6.5178564904e-01,2.7369363855e-01,3.2873869889e-02,9.3798269790e-04,2.7718086885e-02,2.3805351136e+00
2.8850000000e+02,2.8151777438e-03,1.0236669581e-02,6.5288787976e-01,2.7269932309e-01,3.2820098351e-02,9.2798820111e-04,2.7612863278e-02,2.3782729114e+00
2.8900000000e+02,2.8360399020e-03,1.0268056654e-02,6.5395444631e-01,2.7141402864e-01,3.2883446506e-02,9.1446842660e-04,2.7729513561e-02,2.3800982530e+00
2.8950000000e+02,2.8380874337e-03,1.0320933373e-02,6.5435686990e-01,2.7124996661e-01,3.2608801430e-02,9.0772941464e-04,2.7717611838e-02,2.3781462090e+00
2.9000000000e+02,2.8366304578e-03,1.0366120233e-02,6.5423441593e-01,2.7086507722e-01,3.2832675398e-02,9.0852201071e-04,2.7956558751e-02,2.3829350508e+00
2.9050000000e+02,2.8290151556e-03,1.0377608201e-02,6.5713691427e-01,2.6863799172e-01,3.2614730834e-02,8.8925100538e-04,2.7514488817e-02,2.3730058827e+00
2.9100000000e+02,2.8122717141e-03,1.0309155920e-02,6.5892458055e-01,2.6743690437e-01,3.2317080153e-02,8.7228680469e-04,2.7327720482e-02,2.3656343241e+00
2.9150000000e+02,2.8191494809e-03,1.0297286043e-02,6.5947585617e-01,2.6745921708e-01,3.2120709890e-02,8.6865001113e-04,2.6959131323e-02,2.3605652912e+00
2.9200000000e+02,2.8136994166e-03,1.0159189078e-02,6.6030647887e-01,2.6715590096e-01,3.2152503222e-02,8.6490049174e-04,2.6547327964e-02,2.3552520681e+00
2.9250000000e+02,2.8225022836e-03,1.0176633183e-02,6.5912924124e-01,2.6798444058e-01,3.2464334660e-02,8.5396063118e-04,2.6568887419e-02,2.3583761049e+00
2.9300000000e+02,2.8001139690e-03,1.0203951674e-02,6.5891970229e-01,2.6814795037e-01,3.2552689765e-02,8.4451498466e-04,2.6531076946e-02,2.3586339587e+00
2.9350000000e+02,2.7819710737e-03,1.0211293453e-02,6.6002939693e-01,2.6719954925e-01,3.2581517894e-02,8.3667585906e-04,2.6359595536e-02,2.3554103711e+00
2.9400000000e+02,2.7485122271e-03,1.0275338024e-02,6.5933469508e-01,2.6835682948e-01,3.2463297677e-02,8.3548068958e-04,2.5985846827e-02,2.3524735546e+00
2.9450000000e+02,2.7081142008e-03,1.0235723361e-02,6.6197576075e-01,2.6644222328e-01,3.2125827449e-02,8.2586280111e-04,2.5686488157e-02,2.3422463209e+00
2.9500000000e+02,2.6818554559e-03,1.0196142434e-02,6.6511473516e-01,2.6365075300e-01,3.2037779450e-02,8.1223386357e-04,2.5506500638e-02,2.3343496445e+00
2.9550000000e+02,2.6435049786e-03,1.0046623419e-02,6.6946598173e-01,2.5980949686e-01,3.1983243556e-02,7.9141062657e-04,2.5259738832e-02,2.3213414590e+00
2.9600000000e+02,2.6454264856e-03,9.9985644799e-03,6.7145300586e-01,2.5851739417e-01,3.1786022116e-02,7.7216460241e-04,2.4827422280e-02,2.3123068521e+00
2.9650000000e+02,2.6459576596e-03,9.9104372262e-03,6.7411786578e-01,2.5604154747e-01,3.1676522099e-02,7.6225819931e-04,2.4845411563e-02,2.3066814590e+00
2.9700000000e+02,2.6443604821e-03,9.8975770304e-03,6.7618051965e-01,2.5411700067e-01,3.1940148513e-02,7.5513381321e-04,2.4465259844e-02,2.3008994545e+00
2.9750000000e+02,2.6413445398e-03,9.9693400026e-03,6.7573259309e-01,2.5442543426e-01,3.2177532915e-02,7.5327778670e-04,2.4300477403e-02,2.3023784695e+00
2.9800000000e+02,2.6397034076e-03,1.0015406097e-02,6.7712579689e-01,2.5315253845e-01,3.2023456243e-02,7.4828402681e-04,2.4294814882e-02,2.2970756129e+00
2.9850000000e+02,2.6008014387e-03,9.9619112100e-03,6.8038778448e-01,2.5112369004e-01,3.1717161557e-02,7.2684747251e-04,2.3481803800e-02,2.2787251160e+00
2.9900000000e+02,2.6097061729e-03,9.9177224263e-03,6.8323365874e-01,2.4890450686e-01,3.1337000605e-02,7.0372282942e-04,2.3293682369e-02,2.2701073143e+00
2.9950000000e+02,2.5802498260e-03,9.8939179728e-03,6.8497050845e-01,2.4811947576e-01,3.0634974610e-02,6.9033579979e-04,2.3110537582e-02,2.2605684413e+00
3.0000000000e+02,2.5566791960e-03,9.8437110441e-03,6.8712805624e-01,2.4641417350e-01,3.0664556815e-02,6.8117563621e-04,2.2711647570e-02,2.2517205568e+00
3.0050000000e+02,2.5746054669e-03,9.9693708240e-03,6.8618827079e-01,2.4731237945e-01,3.0627332882e-02,6.7597841342e-04,2.2652062168e-02,2.2528574781e+00
3.0100000000e+02,2.5856850060e-03,1.0010381412e-02,6.8759101478e-01,2.4593977031e-01,3.0686874707e-02,6.6447534761e-04,2.2521798435e-02,2.2491450451e+00
3.0150000000e+02,2.5870438796e-03,1.0047963609e-02,6.8869524903e-01,2.4539956076e-01,3.0317280448e-02,6.5300721113e-04,2.2299895059e-02,2.2428342229e+00
3.0200000000e+02,2.5735801271e-03,1.0014102469e-02,6.8942172420e-01,2.4518011818e-01,2.9971768414e-02,6.4583270972e-04,2.2192873902e-02,2.2362227854e+00
3.0250000000e+02,2.5585700111e-03,9.9087568480e-03,6.9059364150e-01,2.4479800024e-01,2.9586705525e-02,6.2736754760e-04,2.1926958326e-02,2.2270005782e+00
3.0300000000e+02,2.5860734466e-03,9.9991174875e-03,6.9162467194e-01,2.4398155326e-01,2.9422421808e-02,6.1539893281e-04,2.1770763117e-02,2.2236529633e+00
3.0350000000e+02,2.5813550517e-03,1.0056259639e-02,6.9438958376e-01,2.4131401433e-01,2.9375457049e-02,6.0875648060e-04,2.1674573691e-02,2.2179577341e+00
3.0400000000e+02,2.5651315627e-03,1.0036128384e-02,6.9831309584e-01,2.3843805993e-01,2.8876379739e-02,5.8912287695e-04,2.1182081659e-02,2.2036643678e+00
3.0450000000e+02,2.5460626543e-03,9.9560429492e-03,6.9845616803e-01,2.3859231993e-01,2.8909848383e-02,5.7728485768e-04,2.0962273192e-02,2.2002609874e+00
3.0500000000e+02,2.5295297522e-03,1.0077809104e-02,6.9758761514e-01,2.3982075923e-01,2.8598584640e-02,5.6447318848e-04,2.0821228942e-02,2.1978134769e+00
3.0550000000e+02,2.5039341664e-03,9.9927567069e-03,6.9990670779e-01,2.3816599642e-01,2.8284250300e-02,5.5034523199e-04,2.0596009384e-02,2.1883991540e+00
3.0600000000e+02,2.4781940577e-03,1.0032661442e-02,7.0307128032e-01,2.3553432307e-01,2.8001788279e-02,5.4399973666e-04,2.0337753092e-02,2.1798484735e+00
3.0650000000e+02,2.4804487876e-03,1.0071181459e-02,7.0255935274e-01,2.3630683987e-01,2.7828986602e-02,5.3723341035e-04,2.0215957138e-02,2.1782546935e+00
3.0700000000e+02,2.4635407393e-03,1.0151590460e-02,7.0427717051e-01,2.3492119700e-01,2.7679417946e-02,5.2934668891e-04,1.9977736654e-02,2.1713515400e+00
3.0750000000e+02,2.4494980702e-03,1.0120944633e-02,7.0856883669e-01,2.3132563666e-01,2.7403250276e-02,5.1448389183e-04,1.9617349772e-02,2.1577679329e+00
3.0800000000e+02,2.4620501100e-03,1.0189258147e-02,7.1007266954e-01,2.3020568697e-01,2.7305228913e-02,5.0407762700e-04,1.9261028697e-02,2.1522903847e+00
3.0850000000e+02,2.4436025130e-03,1.0219287962e-02,7.1062854710e-01,2.3012531134e-01,2.7002714932e-02,4.9665848906e-04,1.9083877669e-02,2.1467029289e+00
3.0900000000e+02,2.4495665390e-03,1.0187286908e-02,7.1123956611e-01,2.2960527180e-01,2.6867670501e-02,4.9484569792e-04,1.9155792447e-02,2.1425576274e+00
3.0950000000e+02,2.4150681847e-03,1.0165415063e-02,7.1398989127e-01,2.2768731203e-01,2.6420595328e-02,4.7859694166e-04,1.8843121188e-02,2.1296019912e+00
3.1000000000e+02,2.4024105966e-03,1.0109639554e-02,7.1512734432e-01,2.2712413496e-01,2.6109839621e-02,4.6885463250e-04,1.8657776312e-02,2.1216366963e+00
3.1050000000e+02,2.4233642286e-03,1.0166440479e-02,7.1728621466e-01,2.2514920536e-01,2.5951398927e-02,4.6188357771e-04,1.8561492764e-02,2.1180880785e+00
3.1100000000e+02,2.4320592443e-03,1.0268427552e-02,7.1683252569e-01,2.2557417384e-01,2.5917672264e-02,4.5551772054e-04,1.8519623692e-02,2.1186170789e+00
3.1150000000e+02,2.4498722922e-03,1.0363744564e-02,7.1697463708e-01,2.2552057485e-01,2.5835976591e-02,4.5134789035e-04,1.8403846724e-02,2.1165473895e+00
3.1200000000e+02,2.4830629352e-03,1.0454022482e-02,7.1838487769e-01,2.2407262788e-01,2.6034087393e-02,4.3948260170e-04,1.8131839017e-02,2.1139999983e+00
3.1250000000e+02,2.4698366852e-03,1.0540721514e-02,7.2022663535e-01,2.2282471598e-01,2.5673289489e-02,4.2817884784e-04,1.7836622129e-02,2.1050867079e+00
3.1300000000e+02,2.4504838646e-03,1.0542496300e-02,7.1995141287e-01,2.2309710855e-01,2.5774434690e-02,4.1977283451e-04,1.7764290889e-02,2.1053334720e+00
3.1350000000e+02,2.4284713537e-03,1.0628174101e-02,7.2087991473e-01,2.2201596649e-01,2.5785827218e-02,4.1250555387e-04,1.7849140555e-02,2.1049360565e+00
3.1400000000e+02,2.4418381165e-03,1.0687706170e-02,7.2048426418e-01,2.2244294636e-01,2.5634007400e-02,4.0323664486e-04,1.7906001121e-02,2.1045098109e+00
3.1450000000e+02,2.4585881175e-03,1.0742428866e-02,7.2158432145e-01,2.2129947171e-01,2.5619596839e-02,3.9327352918e-04,1.7902319489e-02,2.1004250477e+00
3.1500000000e+02,2.4711114023e-03,1.0823838108e-02,7.2273336376e-01,2.2006426971e-01,2.5658058090e-02,3.8205061969e-04,1.7867308304e-02,2.0997592885e+00
3.1550000000e+02,2.4894736961e-03,1.0915587973e-02,7.2244202834e-01,2.2029844677e-01,2.5697377203e-02,3.7420877042e-04,1.7782877253e-02,2.1009751107e+00
3.1600000000e+02,2.4849554734e-03,1.0895028060e-02,7.2334552385e-01,2.1972704716e-01,2.5623226954e-02,3.6826323923e-04,1.7555955269e-02,2.0958669954e+00
3.1650000000e+02,2.4941420490e-03,1.1035011003e-02,7.2394324873e-01,2.1888040955e-01,2.5785767766e-02,3.6300646631e-04,1.7498414436e-02,2.0982739464e+00
3.1700000000e+02,2.4936011467e-03,1.1019528879e-02,7.2869857399e-01,2.1479190921e-01,2.5297085118e-02,3.5278648285e-04,1.7346515172e-02,2.0867919656e+00
3.1750000000e+02,2.5084455914e-03,1.0962606154e-02,7.3051219095e-01,2.1352503401e-01,2.4997200264e-02,3.4558570440e-04,1.7148937319e-02,2.0776061022e+00
3.1800000000e+02,2.4991592692e-03,1.1027504395e-02,7.3136486087e-01,2.1296003920e-01,2.4703997477e-02,3.3366137290e-04,1.7110777414e-02,2.0729773252e+00
3.1850000000e+02,2.5119697853e-03,1.1085130515e-02,7.3040355873e-01,2.1407893645e-01,2.4503777267e-02,3.2480189538e-04,1.7091825356e-02,2.0735083971e+00
3.1900000000e+02,2.5012750383e-03,1.1118226626e-02,7.3146201427e-01,2.1343082937e-01,2.4192605217e-02,3.1742176425e-04,1.6977627718e-02,2.0650789149e+00
3.1950000000e+02,2.5082334483e-03,1.1171372458e-02,7.3102560699e-01,2.1426829933e-01,2.3906816066e-02,3.0801493611e-04,1.6811656774e-02,2.0613563506e+00
3.2000000000e+02,2.5194924157e-03,1.1243117351e-02,7.3056924419e-01,2.1485272966e-01,2.3708105514e-02,3.0238853135e-04,1.6804922343e-02,2.0611940106e+00
3.2050000000e+02,2.5756575015e-03,1.1382395780e-02,7.3132797061e-01,2.1424911238e-01,2.3595205845e-02,2.9823447459e-04,1.6571423410e-02,2.0603079774e+00
3.2100000000e+02,2.5990989102e-03,1.1384155829e-02,7.3148498332e-01,2.1464372993e-01,2.3219450726e-02,2.9024020093e-04,1.6378341080e-02,2.0548606619e+00
3.2150000000e+02,2.5983029743e-03,1.1275927280e-02,7.3447044375e-01,2.1235776941e-01,2.2875461942e-02,2.8146614982e-04,1.6140628496e-02,2.0426671652e+00
3.2200000000e+02,2.5721608978e-03,1.1273399278e-02,7.3683566661e-01,2.1048711910e-01,2.2503655843e-02,2.7338405555e-04,1.6054614216e-02,2.0330962111e+00
3.2250000000e+02,2.5538254352e-03,1.1414609678e-02,7.3743904975e-01,2.1009809715e-01,2.2149966141e-02,2.6696561026e-04,1.6077486235e-02,2.0292870475e+00
3.2300000000e+02,2.5373476434e-03,1.1409378369e-02,7.3856818282e-01,2.0970160607e-01,2.1717111921e-02,2.6163872529e-04,1.5804734449e-02,2.0204998530e+00
3.2350000000e+02,2.5566800566e-03,1.1375626990e-02,7.3879071754e-01,2.0994248386e-01,2.1337321395e-02,2.5755372932e-04,1.5739616426e-02,2.0177296610e+00
3.2400000000e+02,2.5703336306e-03,1.1375637257e-02,7.3822128537e-01,2.1083639314e-01,2.1203773556e-02,2.5404878444e-04,1.5538528263e-02,2.0145769408e+00
3.2450000000e+02,2.5768183753e-03,1.1410022077e-02,7.3862341691e-01,2.1093029246e-01,2.0954214971e-02,2.4938617941e-04,1.5255849019e-02,2.0109646807e+00
3.2500000000e+02,2.5965531729e-03,1.1362505777e-02,7.3940653396e-01,2.1051832980e-01,2.0782401247e-02,2.4634511716e-04,1.5087330923e-02,2.0071906425e+00
3.2550000000e+02,2.6276083422e-03,1.1367833269e-02,7.4079470625e-01,2.0922886072e-01,2.0800340834e-02,2.4195602456e-04,1.4938694558e-02,2.0023084988e+00
3.2600000000e+02,2.6256066398e-03,1.1391208303e-02,7.4060470156e-01,2.0940191904e-01,2.0835926010e-02,2.3948373292e-04,1.4901154713e-02,2.0012470677e+00
3.2650000000e+02,2.6321248821e-03,1.1448688813e-02,7.4010610550e-01,2.1018224983e-01,2.0611951460e-02,2.3645365205e-04,1.4782425856e-02,1.9995054680e+00
3.2700000000e+02,2.6384826371e-03,1.1434385490e-02,7.3963580211e-01,2.1113155965e-01,2.0286576015e-02,2.3186097365e-04,1.4641333121e-02,1.9960223243e+00
3.2750000000e+02,2.6537052406e-03,1.1314196088e-02,7.4006811019e-01,2.1108661094e-01,2.0155007568e-02,2.2789840821e-04,1.4494471560e-02,1.9891745953e+00
3.2800000000e+02,2.6300865057e-03,1.1440772067e-02,7.4131481299e-01,2.1001903684e-01,2.0123495423e-02,2.2504312139e-04,1.4246753052e-02,1.9841315922e+00
3.2850000000e+02,2.6622968980e-03,1.1403534949e-02,7.4360406722e-01,2.0806854012e-01,2.0070854767e-02,2.1822657085e-04,1.3972479480e-02,1.9755435110e+00
3.2900000000e+02,2.6674945699e-03,1.1507880285e-02,7.4421844426e-01,2.0749234134e-01,1.9897572896e-02,2.1453478863e-04,1.4001731855e-02,1.9762638148e+00
3.2950000000e+02,2.6942412379e-03,1.1544546538e-02,7.4362173071e-01,2.0829773576e-01,1.9758855668e-02,2.1199152956e-04,1.3870898556e-02,1.9759057195e+00
3.3000000000e+02,2.7104874023e-03,1.1664724097e-02,7.4363442301e-01,2.0832645505e-01,1.9665331167e-02,2.1009921941e-04,1.3788480054e-02,1.9756755430e+00
3.3050000000e+02,2.7459968239e-03,1.1683128693e-02,7.4455196685e-01,2.0760188318e-01,1.9427062767e-02,2.0688565790e-04,1.3783076026e-02,1.9721655266e+00
3.3100000000e+02,2.7620726488e-03,1.1738671051e-02,7.4542115703e-01,2.0664722834e-01,1.9470266628e-02,2.0651051026e-04,1.3754093796e-02,1.9706201641e+00
3.3150000000e+02,2.7749422227e-03,1.1854942179e-02,7.4535630726e-01,2.0683507428e-01,1.9250087899e-02,2.0675425118e-04,1.3721891909e-02,1.9720135579e+00
3.3200000000e+02,2.7520142372e-03,1.1790297572e-02,7.4718275441e-01,2.0545595770e-01,1.8951429544e-02,2.0629267359e-04,1.3661253870e-02,1.9631409690e+00
3.3250000000e+02,2.7542005346e-03,1.1764266289e-02,7.4757126406e-01,2.0543012385e-01,1.8776824167e-02,2.0329401898e-04,1.3500027085e-02,1.9575871263e+00
3.3300000000e+02,2.7564503241e-03,1.1655627011e-02,7.4755046816e-01,2.0557951418e-01,1.8712987790e-02,2.0271008571e-04,1.3542242452e-02,1.9554968452e+00
3.3350000000e+02,2.7747370971e-03,1.1613943580e-02,7.4790158183e-01,2.0529465914e-01,1.8733366723e-02,2.0417032818e-04,1.3477541295e-02,1.9529958113e+00
3.3400000000e+02,2.8048938631e-03,1.1497446271e-02,7.4802918425e-01,2.0555485212e-01,1.8571531950e-02,2.0282968126e-04,1.3339261860e-02,1.9492799441e+00
3.3450000000e+02,2.8177175942e-03,1.1552480469e-02,7.4701668204e-01,2.0647597118e-01,1.8612683958e-02,2.0680230362e-04,1.3317662453e-02,1.9511130838e+00
3.3500000000e+02,2.8220918923e-03,1.1584085471e-02,7.4578102309e-01,2.0795733654e-01,1.8440162127e-02,2.1155124693e-04,1.3203749629e-02,1.9508832858e+00
3.3550000000e+02,2.8431267066e-03,1.1616246754e-02,7.4649309633e-01,2.0737082304e-01,1.8299841818e-02,2.1383530578e-04,1.3163030045e-02,1.9497392254e+00
3.3600000000e+02,2.8781860524e-03,1.1703961557e-02,7.4646577100e-01,2.0734702327e-01,1.8207729793e-02,2.1499740383e-04,1.3182330927e-02,1.9512580954e+00
3.3650000000e+02,2.8850079515e-03,1.1707593756e-02,7.4635954951e-01,2.0783155202e-01,1.7946771739e-02,2.1752951840e-04,1.3051995506e-02,1.9485825975e+00
3.3700000000e+02,2.9124712962e-03,1.1796090641e-02,7.4924971719e-01,2.0511911180e-01,1.7803450867e-02,2.1920236622e-04,1.2899955844e-02,1.9422234742e+00
3.3750000000e+02,2.9243178390e-03,1.1962991085e-02,7.4682994287e-01,2.0724196995e-01,1.7999381455e-02,2.2514640858e-04,1.2816250388e-02,1.9508999314e+00
3.3800000000e+02,2.9355714857e-03,1.2053980000e-02,7.4737840904e-01,2.0687824226e-01,1.7847559529e-02,2.2612600838e-04,1.2680111670e-02,1.9477214873e+00
3.3850000000e+02,2.9611694262e-03,1.2113404306e-02,7.4826588142e-01,2.0606267433e-01,1.7780582616e-02,2.3063125546e-04,1.2585656651e-02,1.9460909383e+00
3.3900000000e+02,2.9934860687e-03,1.2060327277e-02,7.4942108129e-01,2.0491773206e-01,1.7765412591e-02,2.3409332661e-04,1.2607867385e-02,1.9450971271e+00
3.3950000000e+02,3.0112348925e-03,1.2042532138e-02,7.5095753991e-01,2.0353759479e-01,1.7621765632e-02,2.3598361222e-04,1.2593349020e-02,1.9435432665e+00
3.4000000000e+02,3.0402127696e-03,1.2110594294e-02,7.5290489597e-01,2.0157311122e-01,1.7568641359e-02,2.4040707942e-04,1.2562137309e-02,1.9408854358e+00
3.4050000000e+02,3.0621545984e-03,1.2262439373e-02,7.5495552280e-01,1.9962910250e-01,1.7407011270e-02,2.4474172460e-04,1.2439027732e-02,1.9374525473e+00
3.4100000000e+02,3.0667330195e-03,1.2135916117e-02,7.5615737049e-01,1.9915564636e-01,1.6979617130e-02,2.5009411603e-04,1.2254622768e-02,1.9282798972e+00
3.4150000000e+02,3.0972179815e-03,1.2045668139e-02,7.6014708983e-01,1.9539588364e-01,1.6817729424e-02,2.5548190506e-04,1.2240929083e-02,1.9212145934e+00
3.4200000000e+02,3.1351969309e-03,1.1961705487e-02,7.6061017909e-01,1.9494397225e-01,1.6772151954e-02,2.6019510292e-04,1.2316599185e-02,1.9226856609e+00
3.4250000000e+02,3.1464625851e-03,1.1799661688e-02,7.6236345652e-01,1.9375063766e-01,1.6533178916e-02,2.7089248182e-04,1.2135710149e-02,1.9145140512e+00
3.4300000000e+02,3.1508455493e-03,1.1769612349e-02,7.6269409394e-01,1.9361301866e-01,1.6506919883e-02,2.7674742293e-04,1.1988762198e-02,1.9133323910e+00
3.4350000000e+02,3.1418728910e-03,1.1705226310e-02,7.6486921891e-01,1.9179560732e-01,1.6321115559e-02,2.7609380636e-04,1.1890865204e-02,1.9064274669e+00
3.4400000000e+02,3.1784753457e-03,1.1710396335e-02,7.6195729101e-01,1.9473492413e-01,1.6181872113e-02,2.7793602532e-04,1.1959105032e-02,1.9135231835e+00
3.4450000000e+02,3.2206995857e-03,1.1705499553e-02,7.6227659595e-01,1.9449217671e-01,1.6069090326e-02,2.8437943854e-04,1.1951558442e-02,1.9127461170e+00
3.4500000000e+02,3.2420559820e-03,1.1799286285e-02,7.6350509780e-01,1.9314902039e-01,1.6016155989e-02,2.8437259554e-04,1.2004010963e-02,1.9128399597e+00
3.4550000000e+02,3.2606733408e-03,1.1691838197e-02,7.6477830487e-01,1.9216660777e-01,1.5965971297e-02,2.8744158186e-04,1.1849162940e-02,1.9080738347e+00
3.4600000000e+02,3.3022282171e-03,1.1687763374e-02,7.6656015683e-01,1.9028800808e-01,1.6046652065e-02,2.9285894470e-04,1.1822332485e-02,1.9065793586e+00
3.4650000000e+02,3.3020509655e-03,1.1748789846e-02,7.6742435924e-01,1.8928123267e-01,1.6060262043e-02,3.0207244137e-04,1.1881232788e-02,1.9077969428e+00
3.4700000000e+02,3.3147021238e-03,1.1706638856e-02,7.6871815821e-01,1.8837324355e-01,1.5821604177e-02,3.0306172577e-04,1.1762591359e-02,1.9021873659e+00
3.4750000000e+02,3.3245972917e-03,1.1700381829e-02,7.6848011554e-01,1.8847375812e-01,1.5960529049e-02,3.0816517737e-04,1.1752452993e-02,1.9051905526e+00
3.4800000000e+02,3.3285974848e-03,1.1629114387e-02,7.7074676332e-01,1.8632437763e-01,1.5968712649e-02,3.1412734974e-04,1.1688307179e-02,1.9003298181e+00
3.4850000000e+02,3.3381877410e-03,1.1736442986e-02,7.7087647455e-01,1.8612104178e-01,1.5961287374e-02,3.1987265883e-04,1.1646692916e-02,1.9016476508e+00
3.4900000000e+02,3.3801140929e-03,1.1891059023e-02,7.7052121910e-01,1.8622134409e-01,1.6058707363e-02,3.2960336010e-04,1.1597952974e-02,1.9079000292e+00
3.4950000000e+02,3.4022366350e-03,1.1906568118e-02,7.7224158312e-01,1.8442486032e-01,1.6087098372e-02,3.3761488227e-04,1.1600038552e-02,1.9074709955e+00
3.5000000000e+02,3.4008203500e-03,1.1925504940e-02,7.7398516628e-01,1.8277746920e-01,1.6100620648e-02,3.4332956585e-04,1.1467089017e-02,1.9035662982e+00
3.5050000000e+02,3.3692362626e-03,1.1937889928e-02,7.7229107414e-01,1.8466707752e-01,1.6009379411e-02,3.5142478858e-04,1.1373917955e-02,1.9049425121e+00
3.5100000000e+02,3.3708079500e-03,1.1874675031e-02,7.7488650588e-01,1.8227574418e-01,1.6028597051e-02,3.5486860025e-04,1.1208801312e-02,1.8982933098e+00
3.5150000000e+02,3.4013205211e-03,1.1902130144e-02,7.7370313437e-01,1.8360090588e-01,1.5879163639e-02,3.6355094110e-04,1.1149794503e-02,1.9010249043e+00
3.5200000000e+02,3.3981878344e-03,1.1910774384e-02,7.7481467990e-01,1.8262222830e-01,1.5755602142e-02,3.6822952467e-04,1.1130297909e-02,1.8983593131e+00
3.5250000000e+02,3.5040832510e-03,1.1954474508e-02,7.7339172858e-01,1.8362971762e-01,1.5937328038e-02,3.7887140519e-04,1.1203796604e-02,1.9095946234e+00
3.5300000000e+02,3.4964332027e-03,1.1966489165e-02,7.7513007084e-01,1.8195527428e-01,1.5818013698e-02,3.7797255790e-04,1.1255746253e-02,1.9065120983e+00
3.5350000000e+02,3.5093118233e-03,1.2055077667e-02,7.7608125565e-01,1.8118861210e-01,1.5711314398e-02,3.7974619886e-04,1.1074682161e-02,1.9034826631e+00
3.5400000000e+02,3.5158169952e-03,1.1988243942e-02,7.7682669155e-01,1.8070129269e-01,1.5511463250e-02,3.8931561645e-04,1.1067175957e-02,1.9001380544e+00
3.5450000000e+02,3.5618985868e-03,1.2008450635e-02,7.7829829597e-01,1.7941751067e-01,1.5430542734e-02,3.9257936451e-04,1.0890722043e-02,1.8976325376e+00
3.5500000000e+02,3.5764602402e-03,1.2038559748e-02,7.7751795248e-01,1.8051082997e-01,1.5188995015e-02,3.9647113792e-04,1.0770731407e-02,1.8982207379e+00
3.5550000000e+02,3.6213679510e-03,1.2198602362e-02,7.7593587598e-01,1.8173262356e-01,1.5400065481e-02,4.0267424024e-04,1.0708790427e-02,1.9064599522e+00
3.5600000000e+02,3.5940912323e-03,1.2044953301e-02,7.7802219874e-01,1.7997838129e-01,1.5454432559e-02,3.9870150014e-04,1.0507241372e-02,1.8982718025e+00
3.5650000000e+02,3.6267342810e-03,1.2151240062e-02,7.7830867072e-01,1.7939952261e-01,1.5507582025e-02,4.0736301564e-04,1.0598887291e-02,1.9023281407e+00
3.5700000000e+02,3.6030580868e-03,1.2393964291e-02,7.7866712038e-01,1.7885755866e-01,1.5520839297e-02,4.1433573742e-04,1.0543123548e-02,1.9030665933e+00
3.5750000000e+02,3.5715959428e-03,1.2386067428e-02,7.7875113703e-01,1.7894080129e-01,1.5449704480e-02,4.1518451412e-04,1.0485509318e-02,1.9010479494e+00
3.5800000000e+02,3.5638941272e-03,1.2264133943e-02,7.7832620176e-01,1.7981766941e-01,1.5180782968e-02,4.1677679168e-04,1.0430541002e-02,1.8983659031e+00
3.5850000000e+02,3.5839349151e-03,1.2264805253e-02,7.7845765281e-01,1.7992027030e-01,1.4992044024e-02,4.2044429011e-04,1.0360848409e-02,1.8966120292e+00
3.5900000000e+02,3.5995758637e-03,1.2230907498e-02,7.7926016019e-01,1.7932149366e-01,1.4981019844e-02,4.1830215893e-04,1.0188540789e-02,1.8950398386e+00
3.5950000000e+02,3.5920509721e-03,1.2190426676e-02,7.8196100990e-01,1.7680227048e-01,1.4972029332e-02,4.2360765644e-04,1.0058604986e-02,1.8871328338e+00
3.6000000000e+02,3.6069708054e-03,1.2158562323e-02,7.8286648814e-01,1.7612112366e-01,1.4910737545e-02,4.2154138747e-04,9.9145761390e-03,1.8829614808e+00
3.6050000000e+02,3.6169922085e-03,1.2204588839e-02,7.8294939027e-01,1.7606964711e-01,1.4861201139e-02,4.2447338641e-04,9.8737070507e-03,1.8814369650e+00
3.6100000000e+02,3.6356583370e-03,1.2165113247e-02,7.8275808633e-01,1.7633193188e-01,1.4882095376e-02,4.2607032736e-04,9.8010445010e-03,1.8815194624e+00
3.6150000000e+02,3.6488540482e-03,1.2216780399e-02,7.8467429372e-01,1.7421602736e-01,1.4933553079e-02,4.2899101888e-04,9.8815003814e-03,1.8802112138e+00
3.6200000000e+02,3.6569359710e-03,1.2275691392e-02,7.8665905205e-01,1.7232588821e-01,1.4802375639e-02,4.3008428439e-04,9.8499724541e-03,1.8763962537e+00
3.6250000000e+02,3.6118679936e-03,1.2223669900e-02,7.8812331933e-01,1.7129059918e-01,1.4605984584e-02,4.2689831539e-04,9.7176606990e-03,1.8688733858e+00
3.6300000000e+02,3.6080907839e-03,1.2285493814e-02,7.8862025852e-01,1.7097813772e-01,1.4399391837e-02,4.3151141180e-04,9.6771159075e-03,1.8656760503e+00
3.6350000000e+02,3.6630061869e-03,1.2449461549e-02,7.8570471192e-01,1.7379082576e-01,1.4393243319e-02,4.4371387903e-04,9.5550373850e-03,1.8732602067e+00
3.6400000000e+02,3.6637289442e-03,1.2404924423e-02,7.8699276289e-01,1.7270987810e-01,1.4323864822e-02,4.4339823774e-04,9.4614425777e-03,1.8696382885e+00
3.6450000000e+02,3.6607966498e-03,1.2277079457e-02,7.8880377870e-01,1.7116985813e-01,1.4241114865e-02,4.4528241940e-04,9.4020897790e-03,1.8616742957e+00
3.6500000000e+02,3.7014436599e-03,1.2332126126e-02,7.9026438610e-01,1.6958065797e-01,1.4267159021e-02,4.4438934035e-04,9.4098377790e-03,1.8610957831e+00
3.6550000000e+02,3.7129409267e-03,1.2334705089e-02,7.9172219457e-01,1.6837181256e-01,1.4185154963e-02,4.4382198114e-04,9.2293699107e-03,1.8558593536e+00
3.6600000000e+02,3.6905420139e-03,1.2283720699e-02,7.9242536799e-01,1.6805445388e-01,1.3910294190e-02,4.4620119269e-04,9.1894200321e-03,1.8495501364e+00
3.6650000000e+02,3.6949706019e-03,1.2182978749e-02,7.9400372529e-01,1.6686038807e-01,1.3816888586e-02,4.4410937914e-04,8.9969393236e-03,1.8412489397e+00
3.6700000000e+02,3.6668625236e-03,1.2065209670e-02,7.9534720632e-01,1.6600304249e-01,1.3554071807e-02,4.3876786770e-04,8.9248393178e-03,1.8323955852e+00
3.6750000000e+02,3.6550801376e-03,1.2072959672e-02,7.9714645364e-01,1.6455026378e-01,1.3324594718e-02,4.3687816913e-04,8.8137698755e-03,1.8232858890e+00
3.6800000000e+02,3.6723529980e-03,1.2227105977e-02,7.9693030547e-01,1.6449094393e-01,1.3385786059e-02,4.4053126260e-04,8.8529742956e-03,1.8259239110e+00
3.6850000000e+02,3.6902426676e-03,1.2296056333e-02,7.9750386845e-01,1.6386092640e-01,1.3422485245e-02,4.4393034778e-04,8.7824905500e-03,1.8256900192e+00
3.6900000000e+02,3.6930823659e-03,1.2314865719e-02,7.9850057298e-01,1.6295786278e-01,1.3327521628e-02,4.4296452953e-04,8.7631299975e-03,1.8219644962e+00
3.6950000000e+02,3.7252660827e-03,1.2304381225e-02,7.9754710502e-01,1.6406373287e-01,1.3248788752e-02,4.5088461927e-04,8.6598414377e-03,1.8228524860e+00
3.7000000000e+02,3.7743647376e-03,1.2293853539e-02,7.9768123736e-01,1.6393191778e-01,1.3242624333e-02,4.5410664080e-04,8.6218956102e-03,1.8237061594e+00
3.7050000000e+02,3.8152133065e-03,1.2387581788e-02,7.9607018823e-01,1.6553002478e-01,1.3178636377e-02,4.5272625431e-04,8.5656292648e-03,1.8288213507e+00
3.7100000000e+02,3.8323768768e-03,1.2321068418e-02,7.9592688409e-01,1.6581855168e-01,1.3143468199e-02,4.5172887002e-04,8.5059218667e-03,1.8281209550e+00
3.7150000000e+02,3.8190127410e-03,1.2293311686e-02,7.9693550853e-01,1.6491567750e-01,1.3061785599e-02,4.4941026158e-04,8.5252936843e-03,1.8232234388e+00
3.7200000000e+02,3.8279578890e-03,1.2364585032e-02,7.9665076299e-01,1.6510097004e-01,1.3123370228e-02,4.4733950897e-04,8.4850143082e-03,1.8253739447e+00
3.7250000000e+02,3.8142181602e-03,1.2294758611e-02,7.9903694674e-01,1.6295182107e-01,1.2987397268e-02,4.4353963864e-04,8.4713185186e-03,1.8167867579e+00
3.7300000000e+02,3.8175083242e-03,1.2236655582e-02,8.0154494631e-01,1.6076401197e-01,1.2835869966e-02,4.3922788391e-04,8.3617799704e-03,1.8080141298e+00
3.7350000000e+02,3.8601965436e-03,1.2345164764e-02,8.0214287937e-01,1.6014576017e-01,1.2891692162e-02,4.3151878890e-04,8.1827882055e-03,1.8060679686e+00
3.7400000000e+02,3.8707372434e-03,1.2324358287e-02,8.0122074057e-01,1.6113120015e-01,1.2869564819e-02,4.2939863357e-04,8.1540002887e-03,1.8066892800e+00
3.7450000000e+02,3.8869637822e-03,1.2388646946e-02,8.0175578242e-01,1.6071320814e-01,1.2703008462e-02,4.2263919353e-04,8.1297510599e-03,1.8049141193e+00
3.7500000000e+02,3.8974218981e-03,1.2472893134e-02,8.0105287662e-01,1.6131028935e-01,1.2672981768e-02,4.2218099840e-04,8.1713562309e-03,1.8066395805e+00
3.7550000000e+02,3.9175702572e-03,1.2496588704e-02,8.0292997614e-01,1.5953627914e-01,1.2599443343e-02,4.1727643154e-04,8.1028659867e-03,1.8001381862e+00
3.7600000000e+02,3.8609559942e-03,1.2351479461e-02,8.0299165426e-01,1.5991653341e-01,1.2512900407e-02,4.0872008251e-04,7.9577563829e-03,1.7944166588e+00
3.7650000000e+02,3.8787409856e-03,1.2330492854e-02,8.0335053080e-01,1.5956020902e-01,1.2551337703e-02,4.0177639249e-04,7.9269122490e-03,1.7934953762e+00
3.7700000000e+02,3.8482901937e-03,1.2236645791e-02,8.0469707970e-01,1.5848453887e-01,1.2455494507e-02,3.9551772718e-04,7.8824332053e-03,1.7865946530e+00
3.7750000000e+02,3.8452968899e-03,1.2407554442e-02,8.0343129394e-01,1.5941476515e-01,1.2546658997e-02,3.9321448761e-04,7.9612160858e-03,1.7937730649e+00
3.7800000000e+02,3.8620258627e-03,1.2548805218e-02,8.0328761618e-01,1.5929536856e-01,1.2633426491e-02,3.9786889635e-04,7.9748887876e-03,1.7981928608e+00
3.7850000000e+02,3.8785232445e-03,1.2498306154e-02,8.0546262203e-01,1.5747310954e-01,1.2418331373e-02,3.9317871500e-04,7.8759289476e-03,1.7894205985e+00
3.7900000000e+02,3.8788999208e-03,1.2580406522e-02,8.0561160567e-01,1.5720023032e-01,1.2456813921e-02,3.8628793533e-04,7.8857557042e-03,1.7895990174e+00
3.7950000000e+02,3.8745906543e-03,1.2694008057e-02,8.0422281865e-01,1.5859208589e-01,1.2363645256e-02,3.8221379150e-04,7.8706376976e-03,1.7923806076e+00
3.8000000000e+02,3.8703449513e-03,1.2583187575e-02,8.0472857507e-01,1.5833917996e-01,1.2316896739e-02,3.7835833708e-04,7.7834573691e-03,1.7878094395e+00
3.8050000000e+02,3.8823250214e-03,1.2717105585e-02,8.0276450328e-01,1.5992170006e-01,1.2495070093e-02,3.7657728543e-04,7.8427186734e-03,1.7968482253e+00
3.8100000000e+02,3.8962500851e-03,1.2765426194e-02,8.0066120636e-01,1.6210371774e-01,1.2446842077e-02,3.7403211503e-04,7.7525254350e-03,1.8006224441e+00
3.8150000000e+02,3.9226433600e-03,1.2688363768e-02,8.0127333004e-01,1.6148112945e-01,1.2467627722e-02,3.7058564700e-04,7.7963200202e-03,1.7981761886e+00
3.8200000000e+02,3.9448650135e-03,1.2625064708e-02,8.0126857775e-01,1.6141319820e-01,1.2539681625e-02,3.6531114119e-04,7.8433015698e-03,1.7983615817e+00
3.8250000000e+02,3.9362378119e-03,1.2527711001e-02,8.0218279532e-01,1.6089362279e-01,1.2389639018e-02,3.6230214876e-04,7.7076919105e-03,1.7911797176e+00
3.8300000000e+02,3.9227516919e-03,1.2494366201e-02,8.0285732998e-01,1.6054511117e-01,1.2267691197e-02,3.5642445847e-04,7.5563252962e-03,1.7863292216e+00
3.8350000000e+02,3.9656490313e-03,1.2709428314e-02,8.0314260884e-01,1.5993230912e-01,1.2343158651e-02,3.5179927825e-04,7.5550467656e-03,1.7904659834e+00
3.8400000000e+02,3.9928481261e-03,1.2622741062e-02,8.0219664227e-01,1.6118199156e-01,1.2214767587e-02,3.4438299897e-04,7.4466263988e-03,1.7885307250e+00
3.8450000000e+02,3.9474791403e-03,1.2700809202e-02,8.0372036082e-01,1.5961480740e-01,1.2200801041e-02,3.4075800119e-04,7.4749843920e-03,1.7849894831e+00
3.8500000000e+02,3.9404490797e-03,1.2750111734e-02,8.0357134545e-01,1.5980050897e-01,1.2199108181e-02,3.4086434696e-04,7.3976122296e-03,1.7846828927e+00
3.8550000000e+02,3.9749211743e-03,1.2763910618e-02,8.0379174986e-01,1.5952811381e-01,1.2237858151e-02,3.3989195878e-04,7.3635544201e-03,1.7865154040e+00
3.8600000000e+02,3.9931816774e-03,1.2837558228e-02,8.0422831739e-01,1.5919161195e-01,1.2162667408e-02,3.3920565079e-04,7.2474577001e-03,1.7850133123e+00
3.8650000000e+02,3.9987616616e-03,1.2891546251e-02,8.0548146088e-01,1.5781257729e-01,1.2223776131e-02,3.3505258841e-04,7.2568251938e-03,1.7820913239e+00
3.8700000000e+02,3.9617481224e-03,1.2912635592e-02,8.0709890251e-01,1.5643407873e-01,1.2100421584e-02,3.3154738294e-04,7.1606660740e-03,1.7743460484e+00
3.8750000000e+02,3.9649732517e-03,1.2909584817e-02,8.0665318456e-01,1.5707217762e-01,1.1960676928e-02,3.2630697821e-04,7.1130958461e-03,1.7745113268e+00
3.8800000000e+02,3.9866812072e-03,1.2733654721e-02,8.0800543966e-01,1.5592122631e-01,1.1920327489e-02,3.2629582012e-04,7.1063747922e-03,1.7696024667e+00
3.8850000000e+02,4.0166874580e-03,1.2780736852e-02,8.0534949496e-01,1.5856213025e-01,1.1935600499e-02,3.2778981872e-04,7.0275601598e-03,1.7773618952e+00
3.8900000000e+02,3.9813398019e-03,1.2689221152e-02,8.0668431150e-01,1.5747865879e-01,1.1884973040e-02,3.2375675304e-04,6.9577389669e-03,1.7698149761e+00
3.8950000000e+02,3.9691044922e-03,1.2585988091e-02,8.0658781839e-01,1.5786903369e-01,1.1826810717e-02,3.2170018135e-04,6.8395444439e-03,1.7676945538e+00
3.9000000000e+02,3.9887157168e-03,1.2578709623e-02,8.0915297056e-01,1.5551922469e-01,1.1739365698e-02,3.1593561381e-04,6.7050780959e-03,1.7600650935e+00
3.9050000000e+02,3.9866950553e-03,1.2524609681e-02,8.0914045881e-01,1.5557505786e-01,1.1808139244e-02,3.1450058927e-04,6.6505387568e-03,1.7600824538e+00
3.9100000000e+02,3.9647475992e-03,1.2454084499e-02,8.0997510543e-01,1.5493200043e-01,1.1812336132e-02,3.0971678442e-04,6.5520091313e-03,1.7563150973e+00
3.9150000000e+02,3.9626500439e-03,1.2567040499e-02,8.0847663364e-01,1.5636760910e-01,1.1847481437e-02,3.0592523022e-04,6.4726600537e-03,1.7604092588e+00
3.9200000000e+02,3.9815528122e-03,1.2453269159e-02,8.0745317256e-01,1.5747288406e-01,1.1899473827e-02,3.0282599356e-04,6.4368215875e-03,1.7628760193e+00
3.9250000000e+02,3.9693582516e-03,1.2462483431e-02,8.0771572871e-01,1.5732528442e-01,1.1837339129e-02,3.0437593646e-04,6.3854301198e-03,1.7618716364e+00
3.9300000000e+02,3.9870212188e-03,1.2372550212e-02,8.0730988596e-01,1.5797368842e-01,1.1746498053e-02,3.0293561631e-04,6.3074205187e-03,1.7605899425e+00
3.9350000000e+02,3.9658564993e-03,1.2428910855e-02,8.0766159196e-01,1.5758065813e-01,1.1776425733e-02,3.0513451687e-04,6.2814223031e-03,1.7619857295e+00
3.9400000000e+02,3.9784262210e-03,1.2380294190e-02,8.0721069136e-01,1.5807031308e-01,1.1779069599e-02,3.0487458323e-04,6.2763309670e-03,1.7634633499e+00
3.9450000000e+02,3.9306945355e-03,1.2485983677e-02,8.0619942153e-01,1.5902101014e-01,1.1803967344e-02,3.0522173413e-04,6.2537010412e-03,1.7665855920e+00
3.9500000000e+02,3.9000345009e-03,1.2496498391e-02,8.0626649073e-01,1.5911801160e-01,1.1685694835e-02,3.0558389353e-04,6.2276860445e-03,1.7654255789e+00
3.9550000000e+02,3.9140848582e-03,1.2586669428e-02,8.0576995391e-01,1.5941177285e-01,1.1711235162e-02,3.1000416776e-04,6.2962796247e-03,1.7698724346e+00
3.9600000000e+02,3.9181091091e-03,1.2615731831e-02,8.0674243244e-01,1.5860174255e-01,1.1582425681e-02,3.1066158627e-04,6.2288968009e-03,1.7659874783e+00
3.9650000000e+02,3.8916705175e-03,1.2550165604e-02,8.0956691875e-01,1.5608755027e-01,1.1389574901e-02,3.0917354868e-04,6.2049464079e-03,1.7557182470e+00
3.9700000000e+02,3.8571524273e-03,1.2655753517e-02,8.1043287383e-01,1.5533615923e-01,1.1254873589e-02,3.0593461189e-04,6.1572527982e-03,1.7513634006e+00
3.9750000000e+02,3.8440369565e-03,1.2661944588e-02,8.1133739201e-01,1.5465193565e-01,1.1080753909e-02,3.0399176231e-04,6.1199451213e-03,1.7465517208e+00
3.9800000000e+02,3.8204881971e-03,1.2545568591e-02,8.1235122167e-01,1.5384056388e-01,1.1054324000e-02,2.9851473962e-04,6.0893189185e-03,1.7402475313e+00
3.9850000000e+02,3.8191428738e-03,1.2429461154e-02,8.1327156430e-01,1.5319829010e-01,1.0954493631e-02,2.9484406862e-04,6.0322038729e-03,1.7353348482e+00
3.9900000000e+02,3.7846288799e-03,1.2390412760e-02,8.1525201094e-01,1.5141955206e-01,1.0906003040e-02,2.8825492120e-04,5.9591374019e-03,1.7283995849e+00
3.9950000000e+02,3.7899369685e-03,1.2431247495e-02,8.1546172460e-01,1.5107486187e-01,1.0944802435e-02,2.8794303836e-04,6.0094835919e-03,1.7310432508e+00
4.0000000000e+02,3.7688015375e-03,1.2332753232e-02,8.1588950796e-01,1.5073653865e-01,1.1013370938e-02,2.8546081360e-04,5.9735668662e-03,1.7297493974e+00
4.0050000000e+02,3.7567995430e-03,1.2312120938e-02,8.1667551912e-01,1.4998729730e-01,1.1003496600e-02,2.8847673302e-04,5.9762897641e-03,1.7275317019e+00
4.0100000000e+02,3.8222805662e-03,1.2375728284e-02,8.1522834467e-01,1.5125850670e-01,1.1040305160e-02,2.9308820468e-04,5.9817464175e-03,1.7345215994e+00
4.0150000000e+02,3.8566614503e-03,1.2352193077e-02,8.1541980630e-01,1.5098116746e-01,1.1049123392e-02,2.9534983170e-04,6.0456984839e-03,1.7359841309e+00
4.0200000000e+02,3.8807278678e-03,1.2408858656e-02,8.1567659060e-01,1.5056966703e-01,1.1094201236e-02,2.9928700906e-04,6.0706676017e-03,1.7372320338e+00
4.0250000000e+02,3.8912323261e-03,1.2418359794e-02,8.1493734218e-01,1.5120804614e-01,1.1103452490e-02,3.0268008724e-04,6.1388869866e-03,1.7416956169e+00
4.0300000000e+02,3.9011775768e-03,1.2576530499e-02,8.1302796977e-01,1.5283452523e-01,1.1180914244e-02,3.0919436926e-04,6.1696883055e-03,1.7516040299e+00
4.0350000000e+02,3.9147583156e-03,1.2642175788e-02,8.1340155652e-01,1.5248110125e-01,1.1128368309e-02,3.1321590027e-04,6.1188239247e-03,1.7514842938e+00
4.0400000000e+02,3.8956700816e-03,1.2787179850e-02,8.1188907238e-01,1.5387467256e-01,1.1102991681e-02,3.2100484386e-04,6.1294085981e-03,1.7572827831e+00
4.0450000000e+02,3.8345924712e-03,1.2894392971e-02,8.1089913913e-01,1.5478627083e-01,1.1162194732e-02,3.2091657800e-04,6.1024932850e-03,1.7596522429e+00
4.0500000000e+02,3.8348295291e-03,1.2865851187e-02,8.1023396032e-01,1.5548265841e-01,1.1153781215e-02,3.2233781534e-04,6.1065815212e-03,1.7606609495e+00
4.0550000000e+02,3.8352307409e-03,1.2922287316e-02,8.1123269160e-01,1.5442621023e-01,1.1101650904e-02,3.2549571235e-04,6.1564334907e-03,1.7605591056e+00
4.0600000000e+02,3.8200381763e-03,1.3024745017e-02,8.0913230716e-01,1.5630826226e-01,1.1195799743e-02,3.3173599163e-04,6.1871116531e-03,1.7687550914e+00
4.0650000000e+02,3.8446693049e-03,1.3085291149e-02,8.0732681674e-01,1.5799722558e-01,1.1186960075e-02,3.3469269417e-04,6.2243444546e-03,1.7742779585e+00
4.0700000000e+02,3.8217851220e-03,1.3084034403e-02,8.0675678084e-01,1.5850799315e-01,1.1210120149e-02,3.4257430818e-04,6.2767120238e-03,1.7763986968e+00
4.0750000000e+02,3.8200396319e-03,1.3074736381e-02,8.0682878378e-01,1.5855365852e-01,1.1084675679e-02,3.5032778396e-04,6.2877782263e-03,1.7764797619e+00
4.0800000000e+02,3.8309526001e-03,1.3120934393e-02,8.0829185599e-01,1.5706237766e-01,1.1020033005e-02,3.5910080196e-04,6.3147455504e-03,1.7753907609e+00
4.0850000000e+02,3.8389091195e-03,1.3185127425e-02,8.0966434472e-01,1.5559401322e-01,1.1024926448e-02,3.6685832698e-04,6.3258207439e-03,1.7745947638e+00
4.0900000000e+02,3.9065393092e-03,1.3346319030e-02,8.0831562182e-01,1.5638041642e-01,1.1237303454e-02,3.7611880798e-04,6.4376811534e-03,1.7866474119e+00
4.0950000000e+02,3.9181781860e-03,1.3226388320e-02,8.0926127339e-01,1.5560327431e-01,1.1214323265e-02,3.8412695530e-04,6.3924355802e-03,1.7845369466e+00
4.1000000000e+02,3.9213652156e-03,1.3385763812e-02,8.0864747904e-01,1.5594937826e-01,1.1249912151e-02,3.9131020797e-04,6.4547913160e-03,1.7901878748e+00
4.1050000000e+02,3.9247068950e-03,1.3453044664e-02,8.0801497397e-01,1.5654282460e-01,1.1216213411e-02,3.9757240935e-04,6.4506640496e-03,1.7926104379e+00
4.1100000000e+02,3.9202856448e-03,1.3585802076e-02,8.0709846438e-01,1.5716923254e-01,1.1353685643e-02,4.1250521996e-04,6.4600244925e-03,1.8000522157e+00
4.1150000000e+02,3.9362560432e-03,1.3638789582e-02,8.0812620780e-01,1.5606003537e-01,1.1323810306e-02,4.2150633165e-04,6.4933945734e-03,1.7999221369e+00
4.1200000000e+02,3.9129395412e-03,1.3550690195e-02,8.0913592648e-01,1.5519040955e-01,1.1311589838e-02,4.2520522681e-04,6.4732391693e-03,1.7959470793e+00
4.1250000000e+02,3.9007455566e-03,1.3425616977e-02,8.0943316442e-01,1.5517397183e-01,1.1193391272e-02,4.3234027122e-04,6.4407696750e-03,1.7931853337e+00
4.1300000000e+02,3.9376127740e-03,1.3519636402e-02,8.0881696732e-01,1.5560328973e-01,1.1200864316e-02,4.4555309273e-04,6.4760763653e-03,1.7981969640e+00
4.1350000000e+02,3.9641670923e-03,1.3463865161e-02,8.0930011398e-01,1.5521332875e-01,1.1094859116e-02,4.5549616856e-04,6.5081697359e-03,1.7963630915e+00
4.1400000000e+02,3.9770484389e-03,1.3421912226e-02,8.0864101269e-01,1.5590586422e-01,1.1094704726e-02,4.6069719354e-04,6.4987605050e-03,1.7981147150e+00
4.1450000000e+02,3.9823356713e-03,1.3294171979e-02,8.0620967048e-01,1.5845277813e-01,1.1018507617e-02,4.6530533537e-04,6.5772307806e-03,1.8027921849e+00
4.1500000000e+02,3.9804851064e-03,1.3319403627e-02,8.0532257356e-01,1.5935148255e-01,1.0932434439e-02,4.7558340488e-04,6.6180373103e-03,1.8058232952e+00
4.1550000000e+02,3.9584486877e-03,1.3379251015e-02,8.0389371398e-01,1.6040412008e-01,1.1143327596e-02,4.8420993092e-04,6.7369287096e-03,1.8145000609e+00
4.1600000000e+02,3.9996030412e-03,1.3460903018e-02,8.0344592935e-01,1.6068793807e-01,1.1159306939e-02,4.8701498406e-04,6.7593045961e-03,1.8196979713e+00
4.1650000000e+02,4.0255562455e-03,1.3583977753e-02,8.0363283488e-01,1.6012611479e-01,1.1255712020e-02,4.9684353316e-04,6.8789607719e-03,1.8258822670e+00
4.1700000000e+02,4.0183973798e-03,1.3592683664e-02,8.0491748062e-01,1.5863173551e-01,1.1383164548e-02,5.0793773091e-04,6.9486005437e-03,1.8261170733e+00
4.1750000000e+02,4.0001849340e-03,1.3418129689e-02,8.0613482030e-01,1.5772358038e-01,1.1317442361e-02,5.0997026877e-04,6.8958720770e-03,1.8209163999e+00
4.1800000000e+02,3.9989020109e-03,1.3296132677e-02,8.0607405195e-01,1.5789906458e-01,1.1309477626e-02,5.1373139929e-04,6.9086397606e-03,1.8199312586e+00
4.1850000000e+02,3.9882882299e-03,1.3292721501e-02,8.0696981115e-01,1.5694484147e-01,1.1368933809e-02,5.2233075284e-04,6.9130730885e-03,1.8187567966e+00
4.1900000000e+02,3.9546427493e-03,1.3229152061e-02,8.0817328003e-01,1.5608750799e-01,1.1164729337e-02,5.2840369913e-04,6.8622841338e-03,1.8121503960e+00
4.1950000000e+02,3.9664313859e-03,1.3154204503e-02,8.0796026845e-01,1.5627447967e-01,1.1179406375e-02,5.4001163455e-04,6.9251979827e-03,1.8145006136e+00
4.2000000000e+02,3.9973568530e-03,1.3235361108e-02,8.0803962613e-01,1.5605897638e-01,1.1185529762e-02,5.4425548952e-04,6.9388942805e-03,1.8167956406e+00
4.2050000000e+02,4.0313398382e-03,1.3295269534e-02,8.0644748764e-01,1.5748373237e-01,1.1249947110e-02,5.5197094126e-04,6.9402525608e-03,1.8228175320e+00
4.2100000000e+02,4.0036417443e-03,1.3205510803e-02,8.0762988032e-01,1.5633564907e-01,1.1301431296e-02,5.5639185797e-04,6.9674949066e-03,1.8207138236e+00
4.2150000000e+02,3.9935988284e-03,1.3104048661e-02,8.0887884782e-01,1.5525681173e-01,1.1258666251e-02,5.5878647180e-04,6.9492402405e-03,1.8162549968e+00
4.2200000000e+02,4.0151686122e-03,1.2972212853e-02,8.0980556255e-01,1.5450169926e-01,1.1124998327e-02,5.6764554949e-04,7.0127128480e-03,1.8134225051e+00
4.2250000000e+02,4.0399887148e-03,1.2983683468e-02,8.0958268830e-01,1.5473483933e-01,1.1087795383e-02,5.6920242884e-04,7.0018023781e-03,1.8138093657e+00
4.2300000000e+02,4.0837042810e-03,1.3062965175e-02,8.0906969984e-01,1.5490333417e-01,1.1245656368e-02,5.8355942248e-04,7.0510807417e-03,1.8195083637e+00
4.2350000000e+02,4.0802728554e-03,1.3017241630e-02,8.1143100981e-01,1.5262567507e-01,1.1172784126e-02,5.9153563803e-04,7.0814808644e-03,1.8132148151e+00
4.2400000000e+02,4.0659542406e-03,1.3037879501e-02,8.1218586153e-01,1.5187526305e-01,1.1139314848e-02,5.9419396571e-04,7.1015328571e-03,1.8118153313e+00
4.2450000000e+02,4.0834041334e-03,1.3045867702e-02,8.1029199650e-01,1.5373088330e-01,1.1042407996e-02,5.9834097266e-04,7.2070993966e-03,1.8181523683e+00
4.2500000000e+02,4.1467965210e-03,1.3081357179e-02,8.0918104140e-01,1.5448771161e-01,1.1231832232e-02,6.0265547391e-04,7.2686055806e-03,1.8265196692e+00
4.2550000000e+02,4.1739811631e-03,1.3189269369e-02,8.0798692273e-01,1.5550194846e-01,1.1187150278e-02,6.1682577097e-04,7.3439022214e-03,1.8326262969e+00
4.2600000000e+02,4.2110026809e-03,1.3305223381e-02,8.0644328963e-01,1.5668896275e-01,1.1322644528e-02,6.1614395853e-04,7.4127330690e-03,1.8406985522e+00
4.2650000000e+02,4.1732327754e-03,1.3353559440e-02,8.0629650498e-01,1.5691909231e-01,1.1285990719e-02,6.1952025824e-04,7.3520995105e-03,1.8400200025e+00
4.2700000000e+02,4.1963015403e-03,1.3379526028e-02,8.0643497467e-01,1.5670471800e-01,1.1284127543e-02,6.2056459028e-04,7.3797876299e-03,1.8410722306e+00
4.2750000000e+02,4.2267135273e-03,1.3323929473e-02,8.0640539032e-01,1.5676090751e-01,1.1218262221e-02,6.2347784850e-04,7.4413191059e-03,1.8423904036e+00
4.2800000000e+02,4.2514057747e-03,1.3254979180e-02,8.0533055118e-01,1.5790839805e-01,1.1215993056e-02,6.2614820137e-04,7.4125245616e-03,1.8454479608e+00
4.2850000000e+02,4.2413835991e-03,1.3264507294e-02,8.0542339462e-01,1.5774947608e-01,1.1344984212e-02,6.3712924896e-04,7.3391249531e-03,1.8454214374e+00
4.2900000000e+02,4.2565404229e-03,1.3304774515e-02,8.0446642567e-01,1.5865480698e-01,1.1342273235e-02,6.4911735855e-04,7.3260618176e-03,1.8483448114e+00
4.2950000000e+02,4.2831915282e-03,1.3343079276e-02,8.0399051378e-01,1.5889107682e-01,1.1474274783e-02,6.5752766099e-04,7.3603361517e-03,1.8533689469e+00
4.3000000000e+02,4.2691437771e-03,1.3315359801e-02,8.0305092586e-01,1.5986090938e-01,1.1454266197e-02,6.6489988281e-04,7.3844951058e-03,1.8549413806e+00
4.3050000000e+02,4.3407545597e-03,1.3310367777e-02,8.0316285348e-01,1.5952719261e-01,1.1506135952e-02,6.7575232437e-04,7.4769432917e-03,1.8586472387e+00
4.3100000000e+02,4.3525481723e-03,1.3391615901e-02,8.0318065244e-01,1.5941819267e-01,1.1533097332e-02,6.7530028236e-04,7.4485932097e-03,1.8596516584e+00
4.3150000000e+02,4.3417546847e-03,1.3423204605e-02,8.0424404494e-01,1.5829433179e-01,1.1587337430e-02,6.7808565800e-04,7.4312408973e-03,1.8573526695e+00
4.3200000000e+02,4.3493847988e-03,1.3410267575e-02,8.0388572599e-01,1.5857891181e-01,1.1651683979e-02,6.8436285217e-04,7.4396629983e-03,1.8609559283e+00
4.3250000000e+02,4.3716805154e-03,1.3529363361e-02,8.0146152846e-01,1.6065165094e-01,1.1753104325e-02,6.9409263421e-04,7.5385797586e-03,1.8718239618e+00
4.3300000000e+02,4.3425083931e-03,1.3496597963e-02,8.0098359623e-01,1.6110783426e-01,1.1832711767e-02,6.9631414544e-04,7.5404372381e-03,1.8722688254e+00
4.3350000000e+02,4.3323857552e-03,1.3507209953e-02,7.9974029719e-01,1.6238650891e-01,1.1815276849e-02,6.9929545343e-04,7.5190258904e-03,1.8745989897e+00
4.3400000000e+02,4.3341679800e-03,1.3527339562e-02,7.9973744483e-01,1.6227854817e-01,1.1829765033e-02,7.0930373151e-04,7.5834306989e-03,1.8761536437e+00
4.3450000000e+02,4.3114502649e-03,1.3507325291e-02,8.0042620812e-01,1.6166961291e-01,1.1796045930e-02,7.0670820298e-04,7.5826492823e-03,1.8733425842e+00
4.3500000000e+02,4.3493304125e-03,1.3596184939e-02,7.9875200425e-01,1.6320367540e-01,1.1839695170e-02,7.1283692233e-04,7.5462729087e-03,1.8798023571e+00
4.3550000000e+02,4.3514309485e-03,1.3661539082e-02,7.9886437821e-01,1.6289413213e-01,1.1840771383e-02,7.1680364798e-04,7.6709446032e-03,1.8825197437e+00
4.3600000000e+02,4.3615503583e-03,1.3735630089e-02,7.9881538338e-01,1.6273172789e-01,1.1899997082e-02,7.2153660420e-04,7.7341745934e-03,1.8851175948e+00
4.3650000000e+02,4.4230810013e-03,1.3909877178e-02,7.9794686380e-01,1.6319081809e-01,1.1997299280e-02,7.2762781201e-04,7.8044328333e-03,1.8927901992e+00
4.3700000000e+02,4.4739142387e-03,1.4080195930e-02,7.9594509578e-01,1.6490167473e-01,1.2066634646e-02,7.3284739331e-04,7.7996372841e-03,1.9013589472e+00
4.3750000000e+02,4.4932773514e-03,1.4137362380e-02,7.9538465871e-01,1.6522794886e-01,1.2118256019e-02,7.3564044970e-04,7.9028562326e-03,1.9056945806e+00
4.3800000000e+02,4.5343458007e-03,1.4135573519e-02,7.9494834944e-01,1.6551514660e-01,1.2132042226e-02,7.4108429273e-04,7.9934581241e-03,1.9095276869e+00
4.3850000000e+02,4.5060645161e-03,1.4032805990e-02,7.9421244242e-01,1.6624236897e-01,1.2206268000e-02,7.4086348953e-04,8.0591866202e-03,1.9122612366e+00
4.3900000000e+02,4.4807627328e-03,1.4000340367e-02,7.9451600939e-01,1.6593349432e-01,1.2261648059e-02,7.4607485035e-04,8.0616702706e-03,1.9112060604e+00
4.3950000000e+02,4.5077921814e-03,1.4027341848e-02,7.9436685335e-01,1.6586792465e-01,1.2319171364e-02,7.5084548256e-04,8.1600711279e-03,1.9143855037e+00
4.4000000000e+02,4.4685628137e-03,1.3898182847e-02,7.9543659102e-01,1.6513707676e-01,1.2167755561e-02,7.4055978113e-04,8.1512712163e-03,1.9070576188e+00
4.4050000000e+02,4.4465810435e-03,1.3877988654e-02,7.9638076902e-01,1.6431008821e-01,1.2103553285e-02,7.3563932788e-04,8.1453804612e-03,1.9036895644e+00
4.4100000000e+02,4.5005548932e-03,1.3997306739e-02,7.9686194969e-01,1.6348385286e-01,1.2117958727e-02,7.3952330073e-04,8.2988537949e-03,1.9074120676e+00
4.4150000000e+02,4.5832775383e-03,1.4089037259e-02,7.9611760965e-01,1.6383472810e-01,1.2261476994e-02,7.5008745819e-04,8.3637829955e-03,1.9162249396e+00
4.4200000000e+02,4.6032585113e-03,1.4073761598e-02,7.9509520233e-01,1.6481507313e-01,1.2299649487e-02,7.5293801018e-04,8.3601169379e-03,1.9188070075e+00
4.4250000000e+02,4.6084266664e-03,1.4043481679e-02,7.9469233902e-01,1.6522905574e-01,1.2307338589e-02,7.5820836497e-04,8.3611499436e-03,1.9198310195e+00
4.4300000000e+02,4.5832515059e-03,1.4025739845e-02,7.9354442506e-01,1.6639369919e-01,1.2233111444e-02,7.6322908613e-04,8.4565438710e-03,1.9220723516e+00
4.4350000000e+02,4.5544171291e-03,1.4076840249e-02,7.9330940148e-01,1.6665282534e-01,1.2186830054e-02,7.5151057152e-04,8.4681751864e-03,1.9215542783e+00
4.4400000000e+02,4.5800613949e-03,1.4160740561e-02,7.9147806739e-01,1.6801710927e-01,1.2357888511e-02,7.5843454901e-04,8.6476983200e-03,1.9315146369e+00
4.4450000000e+02,4.5262804346e-03,1.3994693711e-02,7.9180238002e-01,1.6798966491e-01,1.2325967090e-02,7.5841895770e-04,8.6025948794e-03,1.9267212392e+00
4.4500000000e+02,4.4760207723e-03,1.3951696021e-02,7.9262731184e-01,1.6729133254e-01,1.2287969446e-02,7.6074793856e-04,8.6049214414e-03,1.9232341921e+00
4.4550000000e+02,4.5040788989e-03,1.4092601178e-02,7.9242971128e-01,1.6718820593e-01,1.2352742439e-02,7.5795932985e-04,8.6747009526e-03,1.9274522530e+00
4.4600000000e+02,4.5021685639e-03,1.4131201375e-02,7.9238573406e-01,1.6699916553e-01,1.2491746988e-02,7.6612360832e-04,8.7238598728e-03,1.9317226772e+00
4.4650000000e+02,4.5078068970e-03,1.4053732852e-02,7.9144147375e-01,1.6804336038e-01,1.2547589145e-02,7.7133099759e-04,8.6347059861e-03,1.9326202701e+00
4.4700000000e+02,4.5210515715e-03,1.4185777558e-02,7.9112320949e-01,1.6807453510e-01,1.2580649099e-02,7.7204030632e-04,8.7427368778e-03,1.9370041951e+00
4.4750000000e+02,4.5446808765e-03,1.4246539894e-02,7.9043245565e-01,1.6863097866e-01,1.2615239084e-02,7.7773476584e-04,8.7523710694e-03,1.9408552440e+00
4.4800000000e+02,4.5916434004e-03,1.4266761800e-02,7.9109336635e-01,1.6784489417e-01,1.2537071835e-02,7.8094049223e-04,8.8853219527e-03,1.9413405386e+00
4.4850000000e+02,4.6358457560e-03,1.4337857683e-02,7.8779201645e-01,1.7085343233e-01,1.2643869847e-02,7.9149641518e-04,8.9454815157e-03,1.9524609013e+00
4.4900000000e+02,4.6700371417e-03,1.4353058569e-02,7.8513699142e-01,1.7328410741e-01,1.2724122718e-02,7.9606737997e-04,9.0356153593e-03,1.9609849265e+00
4.4950000000e+02,4.6340236409e-03,1.4255423122e-02,7.8469985428e-01,1.7380462762e-01,1.2717290299e-02,7.9953022886e-04,9.0892508144e-03,1.9615715146e+00
4.5000000000e+02,4.6291380232e-03,1.4193462463e-02,7.8341933148e-01,1.7488194534e-01,1.2928965838e-02,7.9931854593e-04,9.1478383048e-03,1.9675517841e+00
4.5050000000e+02,4.7130231130e-03,1.4203998518e-02,7.8165160689e-01,1.7633894467e-01,1.3114902121e-02,8.0934480907e-04,9.1681798771e-03,1.9764712438e+00
4.5100000000e+02,4.7239569899e-03,1.4122749411e-02,7.8325073942e-01,1.7475819693e-01,1.3208633401e-02,8.0807535819e-04,9.1276484919e-03,1.9729314429e+00
4.5150000000e+02,4.7369455160e-03,1.4213531480e-02,7.8365584045e-01,1.7406674761e-01,1.3361502914e-02,8.0663708265e-04,9.1587949421e-03,1.9748275275e+00
4.5200000000e+02,4.7620365520e-03,1.4380499511e-02,7.8287467966e-01,1.7465733046e-01,1.3351422244e-02,8.0372151679e-04,9.1703100552e-03,1.9783445524e+00
4.5250000000e+02,4.8090626829e-03,1.4295771924e-02,7.8166219499e-01,1.7569469164e-01,1.3490658113e-02,8.0724067614e-04,9.2403799754e-03,1.9838802480e+00
4.5300000000e+02,4.8364780519e-03,1.4228130102e-02,7.7902274939e-01,1.7825054217e-01,1.3605793455e-02,8.1272508362e-04,9.2435817460e-03,1.9911644220e+00
4.5350000000e+02,4.8753217568e-03,1.4390474437e-02,7.7764489366e-01,1.7942820178e-01,1.3579768373e-02,8.2277466500e-04,9.2585653282e-03,1.9972768242e+00
4.5400000000e+02,4.9102540138e-03,1.4437026572e-02,7.7832306366e-01,1.7865573750e-01,1.3560996397e-02,8.2697226483e-04,9.2859495901e-03,1.9965610824e+00
4.5450000000e+02,4.9050265479e-03,1.4336169179e-02,7.7668927937e-01,1.8031192808e-01,1.3599513228e-02,8.2633802292e-04,9.3317455722e-03,1.9992172426e+00
4.5500000000e+02,4.9529290566e-03,1.4276631943e-02,7.7717759245e-01,1.7967778243e-01,1.3603563083e-02,8.2319403960e-04,9.4883069947e-03,2.0004086070e+00
4.5550000000e+02,4.9805440070e-03,1.4133109050e-02,7.7649857658e-01,1.8032694293e-01,1.3734165265e-02,8.2542800491e-04,9.5012341591e-03,2.0031712759e+00
4.5600000000e+02,4.9442193199e-03,1.3887157199e-02,7.7745112243e-01,1.7978509997e-01,1.3661614326e-02,8.1820858252e-04,9.4525781735e-03,1.9956679418e+00
4.5650000000e+02,4.9521186750e-03,1.3861964455e-02,7.7834852539e-01,1.7880257378e-01,1.3730108533e-02,8.1556431160e-04,9.4891448583e-03,1.9945747898e+00
4.5700000000e+02,4.9488011291e-03,1.3669558890e-02,7.7744795230e-01,1.7983753941e-01,1.3767334704e-02,8.0340438186e-04,9.5254091785e-03,1.9939478594e+00
4.5750000000e+02,4.8892914352e-03,1.3581820002e-02,7.7823325838e-01,1.7900537098e-01,1.3853833134e-02,8.0837052690e-04,9.6280555469e-03,1.9932971619e+00
4.5800000000e+02,4.9413149640e-03,1.3425994588e-02,7.7868274035e-01,1.7865299442e-01,1.3830288583e-02,8.1022152464e-04,9.6564455746e-03,1.9923473378e+00
4.5850000000e+02,4.9928010443e-03,1.3566776112e-02,7.7662733768e-01,1.8018484014e-01,1.3962941785e-02,8.2485126865e-04,9.8404519760e-03,2.0038517934e+00
4.5900000000e+02,5.0156787932e-03,1.3666143730e-02,7.7426076940e-01,1.8230556639e-01,1.4083357342e-02,8.2053871316e-04,9.8479456348e-03,2.0117647908e+00
4.5950000000e+02,5.0264697339e-03,1.3524689645e-02,7.7445218312e-01,1.8212644430e-01,1.4186493072e-02,8.1910253177e-04,9.8646176002e-03,2.0114666483e+00
4.6000000000e+02,5.0657504323e-03,1.3580417262e-02,7.7360447701e-01,1.8286216075e-01,1.4163364950e-02,8.1318189532e-04,9.9106476979e-03,2.0149623955e+00
4.6050000000e+02,5.0117497787e-03,1.3475485316e-02,7.7356519567e-01,1.8305020372e-01,1.4237067207e-02,8.1927477237e-04,9.8410235344e-03,2.0127949433e+00
4.6100000000e+02,4.9682703244e-03,1.3486567447e-02,7.7347367226e-01,1.8315600128e-01,1.4244794315e-02,8.1717234695e-04,9.8535220311e-03,2.0127920427e+00
4.6150000000e+02,4.9557568979e-03,1.3431029306e-02,7.7159002502e-01,1.8496533405e-01,1.4388279997e-02,8.3243263216e-04,9.8371420908e-03,2.0174228812e+00
4.6200000000e+02,4.9123204235e-03,1.3479666639e-02,7.7001068209e-01,1.8644237208e-01,1.4438176623e-02,8.3123889651e-04,9.8855432441e-03,2.0215028595e+00
4.6250000000e+02,4.9286178448e-03,1.3589164619e-02,7.6749267370e-01,1.8879766481e-01,1.4399693585e-02,8.3805697267e-04,9.9541284693e-03,2.0284858064e+00
4.6300000000e+02,4.9471271901e-03,1.3652960999e-02,7.6553156210e-01,1.9034895948e-01,1.4611052826e-02,8.4093085665e-04,1.0067406547e-02,2.0371707277e+00
4.6350000000e+02,4.8953995455e-03,1.3668643958e-02,7.6617723499e-01,1.8979755332e-01,1.4546696904e-02,8.4300715201e-04,1.0071464130e-02,2.0343724895e+00
4.6400000000e+02,4.9270524820e-03,1.3752202792e-02,7.6482525513e-01,1.9087513987e-01,1.4649943809e-02,8.5434659804e-04,1.0116059327e-02,2.0412954316e+00
4.6450000000e+02,4.9203272052e-03,1.3648761223e-02,7.6563731048e-01,1.9018245701e-01,1.4579309447e-02,8.5971283288e-04,1.0172121801e-02,2.0393740941e+00
4.6500000000e+02,4.9688121049e-03,1.3520871796e-02,7.6472685210e-01,1.9091979398e-01,1.4742504372e-02,8.5972927688e-04,1.0261436364e-02,2.0432475552e+00
4.6550000000e+02,5.0055470911e-03,1.3469796622e-02,7.6337316840e-01,1.9207236334e-01,1.4853886405e-02,8.5789912248e-04,1.0367339015e-02,2.0488258840e+00
4.6600000000e+02,4.9975276297e-03,1.3393708420e-02,7.6415078280e-01,1.9117991997e-01,1.5000004245e-02,8.4854986407e-04,1.0429507073e-02,2.0491803466e+00
4.6650000000e+02,5.0294114082e-03,1.3403964431e-02,7.6337650022e-01,1.9182059491e-01,1.5008747811e-02,8.4392837673e-04,1.0516852843e-02,2.0521860278e+00
4.6700000000e+02,4.9971397840e-03,1.3266172939e-02,7.6458643015e-01,1.9103206026e-01,1.4813874601e-02,8.3139746247e-04,1.0472924807e-02,2.0446263205e+00
4.6750000000e+02,4.9742717408e-03,1.3220536932e-02,7.6349858940e-01,1.9196455728e-01,1.4907435398e-02,8.2792745973e-04,1.0606681790e-02,2.0476903638e+00
4.6800000000e+02,4.9676100393e-03,1.3220208701e-02,7.6170363142e-01,1.9383892657e-01,1.4737179774e-02,8.3218993710e-04,1.0700253561e-02,2.0501705752e+00
4.6850000000e+02,5.0010482971e-03,1.3282887517e-02,7.5888098060e-01,1.9646811294e-01,1.4808143944e-02,8.4033866470e-04,1.0718488044e-02,2.0589827120e+00
4.6900000000e+02,5.0328900013e-03,1.3261421936e-02,7.5831321798e-01,1.9686307885e-01,1.4869981630e-02,8.4071545499e-04,1.0818694147e-02,2.0630899352e+00
4.6950000000e+02,5.0425903205e-03,1.3232009532e-02,7.5612040000e-01,1.9868762080e-01,1.5133321907e-02,8.4579726480e-04,1.0938260175e-02,2.0714403967e+00
4.7000000000e+02,5.0216455586e-03,1.3107394140e-02,7.5706643057e-01,1.9795951829e-01,1.5037405839e-02,8.3385602210e-04,1.0973749582e-02,2.0665811608e+00
4.7050000000e+02,5.0403677390e-03,1.3173856158e-02,7.5336423531e-01,2.0108627605e-01,1.5345979607e-02,8.4183099624e-04,1.1147454132e-02,2.0801045403e+00
4.7100000000e+02,4.9990284525e-03,1.3265622395e-02,7.5164296174e-01,2.0253731436e-01,1.5505257529e-02,8.4950814504e-04,1.1200307378e-02,2.0854998410e+00
4.7150000000e+02,4.9958390631e-03,1.3292098740e-02,7.5087214206e-01,2.0304409833e-01,1.5521036734e-02,8.5695992704e-04,1.1417825150e-02,2.0907835382e+00
4.7200000000e+02,5.0254329476e-03,1.3341158616e-02,7.5026424568e-01,2.0328347176e-01,1.5657185360e-02,8.6076024334e-04,1.1567745390e-02,2.0957177609e+00
4.7250000000e+02,5.0149579066e-03,1.3188019623e-02,7.4686157445e-01,2.0656855135e-01,1.5783267169e-02,8.6625469915e-04,1.1717374799e-02,2.1031864245e+00
4.7300000000e+02,5.0012310616e-03,1.3180520310e-02,7.4495542604e-01,2.0834135625e-01,1.5821450532e-02,8.6969139591e-04,1.1830324408e-02,2.1079661322e+00
4.7350000000e+02,5.0204186216e-03,1.3148828423e-02,7.4437588601e-01,2.0859165698e-01,1.6000071053e-02,8.6912928167e-04,1.1994009639e-02,2.1133430270e+00
4.7400000000e+02,4.9526224690e-03,1.3054411539e-02,7.4594824869e-01,2.0710711424e-01,1.6083764810e-02,8.6930314932e-04,1.1984535106e-02,2.1093855319e+00
4.7450000000e+02,4.9424023427e-03,1.2888650004e-02,7.4781882208e-01,2.0549281789e-01,1.5976266786e-02,8.6679297099e-04,1.2014247931e-02,2.1032728544e+00
4.7500000000e+02,4.9055763016e-03,1.2666432726e-02,7.5182868147e-01,2.0195633088e-01,1.5816728588e-02,8.6081353739e-04,1.1965436497e-02,2.0901159088e+00
4.7550000000e+02,4.8781334708e-03,1.2563562762e-02,7.5189016423e-01,2.0193023113e-01,1.5947654702e-02,8.4856010405e-04,1.1941693597e-02,2.0876703816e+00
4.7600000000e+02,4.8466513571e-03,1.2420661424e-02,7.5228586087e-01,2.0175603032e-01,1.5850042834e-02,8.4699159647e-04,1.1993761597e-02,2.0842550290e+00
4.7650000000e+02,4.8745493139e-03,1.2500225139e-02,7.5087822172e-01,2.0277013429e-01,1.6003391953e-02,8.5110639651e-04,1.2122371187e-02,2.0920832174e+00
4.7700000000e+02,4.8432733432e-03,1.2413790359e-02,7.5171695677e-01,2.0183899713e-01,1.6110905748e-02,8.5521278132e-04,1.2220863868e-02,2.0909948670e+00
4.7750000000e+02,4.8685299539e-03,1.2570071137e-02,7.5032989926e-01,2.0274265582e-01,1.6266948615e-02,8.6732285749e-04,1.2354572362e-02,2.0999818609e+00
4.7800000000e+02,4.8455614457e-03,1.2597263331e-02,7.4833075551e-01,2.0460402229e-01,1.6347411115e-02,8.6981680000e-04,1.2405169512e-02,2.1057831896e+00
4.7850000000e+02,4.8728374729e-03,1.2638613908e-02,7.4717875346e-01,2.0535357197e-01,1.6508222842e-02,8.7414995918e-04,1.2573850382e-02,2.1128150759e+00
4.7900000000e+02,4.8846599873e-03,1.2664001485e-02,7.4667217841e-01,2.0557840614e-01,1.6623808643e-02,8.7785868378e-04,1.2699086650e-02,2.1177488528e+00
4.7950000000e+02,4.9081256586e-03,1.2540109821e-02,7.4572910739e-01,2.0656162822e-01,1.6631880641e-02,8.7281610538e-04,1.2756332156e-02,2.1190576141e+00
4.8000000000e+02,4.8443738443e-03,1.2565976991e-02,7.4323078338e-01,2.0870937506e-01,1.6767157082e-02,8.8139083242e-04,1.3000942809e-02,2.1277068181e+00
4.8050000000e+02,4.8417947127e-03,1.2532189063e-02,7.4302896761e-01,2.0869360381e-01,1.6945995440e-02,8.8621323733e-04,1.3071236128e-02,2.1302835360e+00
4.8100000000e+02,4.7527575031e-03,1.2439698495e-02,7.4218676678e-01,2.0960795240e-01,1.7106163250e-02,8.7640724605e-04,1.3030254328e-02,2.1296261623e+00
4.8150000000e+02,4.7743792615e-03,1.2478864187e-02,7.4214589188e-01,2.0946079848e-01,1.7273284327e-02,8.7783179334e-04,1.2988950062e-02,2.1312734579e+00
4.8200000000e+02,4.7413016828e-03,1.2595558903e-02,7.4276874066e-01,2.0849474942e-01,1.7464080046e-02,8.9084066029e-04,1.3044728626e-02,2.1341207998e+00
4.8250000000e+02,4.7506463316e-03,1.2538860080e-02,7.4190122727e-01,2.0942797735e-01,1.7356927837e-02,8.9414467281e-04,1.3130216454e-02,2.1349664502e+00
4.8300000000e+02,4.7538718117e-03,1.2432212917e-02,7.4119441595e-01,2.1022931838e-01,1.7366577773e-02,8.8351209429e-04,1.3140091076e-02,2.1350581680e+00
4.8350000000e+02,4.7469408732e-03,1.2505626340e-02,7.4135592211e-01,2.0970894431e-01,1.7391634634e-02,8.8054779194e-04,1.3410383943e-02,2.1383013625e+00
4.8400000000e+02,4.7732943859e-03,1.2458698252e-02,7.4131023157e-01,2.0956052977e-01,1.7509471289e-02,8.8409044059e-04,1.3503684296e-02,2.1413531971e+00
4.8450000000e+02,4.7711457007e-03,1.2431191483e-02,7.4029710420e-01,2.1022103632e-01,1.7800230366e-02,8.7785204218e-04,1.3601439884e-02,2.1466707944e+00
4.8500000000e+02,4.7352110632e-03,1.2385246626e-02,7.3991609943e-01,2.1045833774e-01,1.7982456850e-02,8.7815518214e-04,1.3644493115e-02,2.1476615412e+00
4.8550000000e+02,4.7455648518e-03,1.2570119817e-02,7.3836515556e-01,2.1149507631e-01,1.8124856071e-02,8.8045247143e-04,1.3818774921e-02,2.1564979465e+00
4.8600000000e+02,4.7321695577e-03,1.2522833565e-02,7.3812054032e-01,2.1167964223e-01,1.8146881104e-02,8.8078455127e-04,1.3917148680e-02,2.1570465287e+00
4.8650000000e+02,4.7101166935e-03,1.2561210807e-02,7.3694314565e-01,2.1243179302e-01,1.8396935477e-02,8.7901356404e-04,1.4077784793e-02,2.1633629260e+00
4.8700000000e+02,4.7809612616e-03,1.2736569711e-02,7.3295581423e-01,2.1548230394e-01,1.8709709328e-02,8.9059528431e-04,1.4444046249e-02,2.1818594465e+00
4.8750000000e+02,4.8018861185e-03,1.2731495466e-02,7.3331965263e-01,2.1458556000e-01,1.9055864042e-02,8.9617059564e-04,1.4609371148e-02,2.1864928121e+00
4.8800000000e+02,4.8311854630e-03,1.2776457856e-02,7.3270049759e-01,2.1478863461e-01,1.9210214407e-02,9.0108505610e-04,1.4791925024e-02,2.1926105792e+00
4.8850000000e+02,4.8432675916e-03,1.2831418793e-02,7.3152849979e-01,2.1556401729e-01,1.9345269965e-02,9.1014639036e-04,1.4977380178e-02,2.1994158029e+00
4.8900000000e+02,4.7934188597e-03,1.2800728608e-02,7.3112512795e-01,2.1585217150e-01,1.9422594953e-02,9.1225787530e-04,1.5093700251e-02,2.2001400449e+00
4.8950000000e+02,4.7940847862e-03,1.2914905973e-02,7.2961886183e-01,2.1678885941e-01,1.9638717709e-02,9.2356879059e-04,1.5321001505e-02,2.2087289817e+00
4.9000000000e+02,4.8309150852e-03,1.2965363581e-02,7.2885424473e-01,2.1716117121e-01,1.9886021810e-02,9.3149293544e-04,1.5370790651e-02,2.2143011993e+00
4.9050000000e+02,4.8061965231e-03,1.2871468880e-02,7.2793614257e-01,2.1772753926e-01,2.0099068678e-02,9.4536345023e-04,1.5614220636e-02,2.2184769220e+00
4.9100000000e+02,4.7517148206e-03,1.3008784459e-02,7.2890559174e-01,2.1656822673e-01,2.0212199682e-02,9.3532884835e-04,1.5618153728e-02,2.2178654670e+00
4.9150000000e+02,4.7770691194e-03,1.3097456670e-02,7.2861699770e-01,2.1635705360e-01,2.0391518597e-02,9.3622444805e-04,1.5823679867e-02,2.2229799592e+00
4.9200000000e+02,4.7553492177e-03,1.3149820963e-02,7.2994847261e-01,2.1479956616e-01,2.0431152455e-02,9.3367760351e-04,1.5981960985e-02,2.2221487151e+00
4.9250000000e+02,4.7583762539e-03,1.3047093393e-02,7.3080623861e-01,2.1428749524e-01,2.0266554252e-02,9.2824975758e-04,1.5905992491e-02,2.2166777508e+00
4.9300000000e+02,4.7116727158e-03,1.3029397809e-02,7.2944232004e-01,2.1574048753e-01,2.0242717186e-02,9.1711641960e-04,1.5916288299e-02,2.2176084597e+00
4.9350000000e+02,4.7519348742e-03,1.2945487451e-02,7.3040992408e-01,2.1443965799e-01,2.0459570242e-02,9.1824023068e-04,1.6075185130e-02,2.2189913662e+00
4.9400000000e+02,4.7477097567e-03,1.2983659547e-02,7.3074836415e-01,2.1396836545e-01,2.0497323041e-02,9.3114557330e-04,1.6123432484e-02,2.2210399805e+00
4.9450000000e+02,4.7660891278e-03,1.3128730291e-02,7.2922646412e-01,2.1521359522e-01,2.0575862453e-02,9.3466270896e-04,1.6154596076e-02,2.2277115497e+00
4.9500000000e+02,4.7093559331e-03,1.3121412250e-02,7.3067533152e-01,2.1369650274e-01,2.0649877041e-02,9.2698196484e-04,1.6220538552e-02,2.2251265649e+00
4.9550000000e+02,4.7033830085e-03,1.3384025749e-02,7.2693472003e-01,2.1688677219e-01,2.0768031378e-02,9.4405527983e-04,1.6379012366e-02,2.2369601110e+00
4.9600000000e+02,4.7356897418e-03,1.3495718617e-02,7.2406601947e-01,2.1917703127e-01,2.0959236378e-02,9.6589586248e-04,1.6600408663e-02,2.2482693321e+00
4.9650000000e+02,4.7532623086e-03,1.3442604081e-02,7.2307886069e-01,2.1993598480e-01,2.1156167971e-02,9.7429988113e-04,1.6658820265e-02,2.2521675378e+00
4.9700000000e+02,4.7459854262e-03,1.3422846368e-02,7.1908902296e-01,2.2367323939e-01,2.1330917903e-02,9.8473269938e-04,1.6753255261e-02,2.2609124630e+00
4.9750000000e+02,4.7420716667e-03,1.3433258928e-02,7.1798549042e-01,2.2456331782e-01,2.1483630583e-02,1.0018623013e-03,1.6790368287e-02,2.2659034840e+00
4.9800000000e+02,4.7288195015e-03,1.3386631379e-02,7.1656351003e-01,2.2600001769e-01,2.1603552122e-02,9.9889410030e-04,1.6718575176e-02,2.2679264630e+00
4.9850000000e+02,4.6956037245e-03,1.3335328425e-02,7.1655489229e-01,2.2613822119e-01,2.1532049725e-02,1.0033462783e-03,1.6740558375e-02,2.2657524766e+00
4.9900000000e+02,4.6991005675e-03,1.3498558685e-02,7.1575728720e-01,2.2667131910e-01,2.1424084328e-02,1.0078081676e-03,1.6941841955e-02,2.2694686280e+00
4.9950000000e+02,4.6694155355e-03,1.3421519902e-02,7.1606847952e-01,2.2656276400e-01,2.1239336437e-02,1.0103511413e-03,1.7028133457e-02,2.2671026660e+00
5.0000000000e+02,4.7032520296e-03,1.3581169586e-02,7.1602075099e-01,2.2637252282e-01,2.1244552467e-02,1.0134082967e-03,1.7064343809e-02,2.2695533515e+00
5.0050000000e+02,4.6918217359e-03,1.3660654033e-02,7.1463631696e-01,2.2748988724e-01,2.1441358008e-02,1.0216912464e-03,1.7058270774e-02,2.2735196005e+00
5.0100000000e+02,4.6613329140e-03,1.3745306193e-02,7.1293795446e-01,2.2903505462e-01,2.1359841707e-02,1.0120641838e-03,1.7248445921e-02,2.2774462230e+00
5.0150000000e+02,4.6427565382e-03,1.3935772168e-02,7.0960755921e-01,2.3166568629e-01,2.1848948412e-02,1.0249682067e-03,1.7274309173e-02,2.2890449088e+00
5.0200000000e+02,4.5954106400e-03,1.3834328181e-02,7.0980711907e-01,2.3184494740e-01,2.1783074309e-02,1.0216877838e-03,1.7113432621e-02,2.2835782212e+00
5.0250000000e+02,4.6198158914e-03,1.3759806168e-02,7.1054668888e-01,2.3125357837e-01,2.1883057986e-02,1.0152900680e-03,1.6921762635e-02,2.2804032944e+00
5.0300000000e+02,4.6144949535e-03,1.3860467521e-02,7.0836165452e-01,2.3325938115e-01,2.1879596850e-02,1.0247434871e-03,1.6999661513e-02,2.2867188316e+00
5.0350000000e+02,4.6254003444e-03,1.3918624675e-02,7.0503753892e-01,2.3630162488e-01,2.1973180112e-02,1.0296047521e-03,1.7114026316e-02,2.2959910731e+00
5.0400000000e+02,4.6504224344e-03,1.4016287279e-02,7.0350094356e-01,2.3734694106e-01,2.2227773822e-02,1.0405038148e-03,1.7217128031e-02,2.3029240423e+00
5.0450000000e+02,4.6378593251e-03,1.3888026406e-02,7.0463142261e-01,2.3629771066e-01,2.2326528218e-02,1.0361924539e-03,1.7182260318e-02,2.2999334157e+00
5.0500000000e+02,4.6378091560e-03,1.3872617475e-02,7.0365779657e-01,2.3718113575e-01,2.2369355005e-02,1.0513781989e-03,1.7229907847e-02,2.3034958635e+00
5.0550000000e+02,4.5927038274e-03,1.3856853265e-02,7.0452582947e-01,2.3630488061e-01,2.2486356885e-02,1.0483629992e-03,1.7185012945e-02,2.3010720494e+00
5.0600000000e+02,4.5268981394e-03,1.3956421354e-02,7.0505425724e-01,2.3571892291e-01,2.2650145040e-02,1.0480348702e-03,1.7045320447e-02,2.2987153432e+00
5.0650000000e+02,4.5499343042e-03,1.3949440009e-02,7.0657170289e-01,2.3427728640e-01,2.2528836097e-02,1.0444163965e-03,1.7078383896e-02,2.2962122163e+00
5.0700000000e+02,4.5473848284e-03,1.3950811351e-02,7.0505223012e-01,2.3562679721e-01,2.2606819377e-02,1.0395338543e-03,1.7176423254e-02,2.2991591308e+00
5.0750000000e+02,4.5367544394e-03,1.3925146506e-02,7.0366711634e-01,2.3677679178e-01,2.2782120888e-02,1.0335048534e-03,1.7278565200e-02,2.3032569443e+00
5.0800000000e+02,4.5930518520e-03,1.4109383788e-02,7.0096847136e-01,2.3901768222e-01,2.2941748586e-02,1.0351558043e-03,1.7334506390e-02,2.3117699535e+00
5.0850000000e+02,4.6026968342e-03,1.4159086778e-02,7.0098847722e-01,2.3908108945e-01,2.2873115435e-02,1.0285518267e-03,1.7266982458e-02,2.3121601710e+00
5.0900000000e+02,4.5962796834e-03,1.4247533823e-02,7.0079254783e-01,2.3933921633e-01,2.2745960862e-02,1.0163890738e-03,1.7262072402e-02,2.3108457822e+00
5.0950000000e+02,4.5785084424e-03,1.4273621412e-02,6.9963092313e-01,2.4061431168e-01,2.2591088541e-02,1.0193734180e-03,1.7292173372e-02,2.3117542256e+00
5.1000000000e+02,4.5397860197e-03,1.4187170601e-02,7.0047373430e-01,2.4001144454e-01,2.2514119499e-02,1.0038299421e-03,1.7269915093e-02,2.3057113015e+00
5.1050000000e+02,4.5152512323e-03,1.4232131345e-02,6.9786256269e-01,2.4224736611e-01,2.2605243816e-02,1.0063803075e-03,1.7531064495e-02,2.3126614217e+00
5.1100000000e+02,4.4856879868e-03,1.4157568732e-02,6.9751996624e-01,2.4291606947e-01,2.2479668291e-02,1.0056189275e-03,1.7435420348e-02,2.3090812456e+00
5.1150000000e+02,4.4649656805e-03,1.4168803404e-02,6.9450051898e-01,2.4584235009e-01,2.2580626413e-02,9.9581105411e-04,1.7446924372e-02,2.3138739266e+00
5.1200000000e+02,4.4354618782e-03,1.4136987723e-02,6.9186327392e-01,2.4829337936e-01,2.2633161776e-02,9.8954668280e-04,1.7648188659e-02,2.3180030396e+00
5.1250000000e+02,4.4395433340e-03,1.4215463931e-02,6.8786961351e-01,2.5167303896e-01,2.2902209020e-02,9.8657938106e-04,1.7913551859e-02,2.3310311362e+00
5.1300000000e+02,4.3874432406e-03,1.4212831613e-02,6.8818822723e-01,2.5145002239e-01,2.2920132718e-02,9.8263964947e-04,1.7858703158e-02,2.3305343843e+00
5.1350000000e+02,4.3815993688e-03,1.4078115867e-02,6.8731359189e-01,2.5259645176e-01,2.2771792139e-02,9.6250091211e-04,1.7895948060e-02,2.3292083433e+00
5.1400000000e+02,4.3446124302e-03,1.4103036054e-02,6.8709608332e-01,2.5286226522e-01,2.2755208828e-02,9.4695304485e-04,1.7891841108e-02,2.3272206142e+00
5.1450000000e+02,4.3387033831e-03,1.3982443166e-02,6.8719584100e-01,2.5284236788e-01,2.2673260399e-02,9.4834801287e-04,1.8019036161e-02,2.3267396005e+00
5.1500000000e+02,4.3030644698e-03,1.4090058468e-02,6.8539736452e-01,2.5450824551e-01,2.2609494507e-02,9.3806186899e-04,1.8153710664e-02,2.3302297488e+00
5.1550000000e+02,4.3084763450e-03,1.4170651489e-02,6.8665272593e-01,2.5316539603e-01,2.2583049396e-02,9.2720323547e-04,1.8192497574e-02,2.3297302326e+00
5.1600000000e+02,4.2867381219e-03,1.4307283835e-02,6.8477396292e-01,2.5467890407e-01,2.2730572028e-02,9.2763716486e-04,1.8294901856e-02,2.3355574241e+00
5.1650000000e+02,4.3239649824e-03,1.4415138982e-02,6.8377537508e-01,2.5480825658e-01,2.3158447049e-02,9.3394415668e-04,1.8584873161e-02,2.3450499711e+00
5.1700000000e+02,4.2813245851e-03,1.4214526416e-02,6.8398353875e-01,2.5484468678e-01,2.3208989034e-02,9.1451769945e-04,1.8552416738e-02,2.3407597942e+00
5.1750000000e+02,4.2908537637e-03,1.4234884452e-02,6.8239770572e-01,2.5592285022e-01,2.3542584640e-02,9.0176256327e-04,1.8709358646e-02,2.3460763590e+00
5.1800000000e+02,4.2689352872e-03,1.4242799037e-02,6.8097924115e-01,2.5719965185e-01,2.3657779764e-02,8.8813624023e-04,1.8763456670e-02,2.3473092002e+00
5.1850000000e+02,4.2785013420e-03,1.4169608657e-02,6.8157107582e-01,2.5638412774e-01,2.3879263504e-02,8.8059927393e-04,1.8836823669e-02,2.3476559983e+00
5.1900000000e+02,4.2862491416e-03,1.4150380796e-02,6.8237588753e-01,2.5528161282e-01,2.4207545020e-02,8.6789740568e-04,1.8830427283e-02,2.3503030094e+00
5.1950000000e+02,4.2663462845e-03,1.4019866125e-02,6.8578441963e-01,2.5200792837e-01,2.4195330708e-02,8.5090129885e-04,1.8875207577e-02,2.3417629805e+00
5.2000000000e+02,4.2352940118e-03,1.3932917790e-02,6.8464269070e-01,2.5274865556e-01,2.4463858203e-02,8.5536969248e-04,1.9121214044e-02,2.3465529039e+00
5.2050000000e+02,4.1783482289e-03,1.3776067729e-02,6.8582344283e-01,2.5172358532e-01,2.4374169011e-02,8.4569048789e-04,1.9278696401e-02,2.3414406248e+00
5.2100000000e+02,4.1416137920e-03,1.3792152023e-02,6.8673720256e-01,2.5045106254e-01,2.4522172279e-02,8.4800851423e-04,1.9507788296e-02,2.3414690759e+00
5.2150000000e+02,4.1356702229e-03,1.3671851788e-02,6.8846642867e-01,2.4896389606e-01,2.4455648146e-02,8.4342222633e-04,1.9463082893e-02,2.3358387725e+00
5.2200000000e+02,4.2191186330e-03,1.3824113367e-02,6.8724023937e-01,2.4943287186e-01,2.4787587959e-02,8.5568594074e-04,1.9640382868e-02,2.3460464136e+00
5.2250000000e+02,4.2441606375e-03,1.3778396716e-02,6.8550510107e-01,2.5094723331e-01,2.4788484760e-02,8.5402017339e-04,1.9882603330e-02,2.3495948230e+00
5.2300000000e+02,4.2337390689e-03,1.3783225380e-02,6.8503049004e-01,2.5098293227e-01,2.5052021844e-02,8.5422871626e-04,2.0063362679e-02,2.3536307921e+00
5.2350000000e+02,4.2172263411e-03,1.3706845277e-02,6.8567606449e-01,2.4996516352e-01,2.5295697786e-02,8.4541265696e-04,2.0293589933e-02,2.3530933421e+00
5.2400000000e+02,4.2050726311e-03,1.3893370137e-02,6.8630205588e-01,2.4850946357e-01,2.5610883058e-02,8.5022519835e-04,2.0628929522e-02,2.3594642460e+00
5.2450000000e+02,4.2269378314e-03,1.3909567169e-02,6.8658674758e-01,2.4787248198e-01,2.5804441146e-02,8.5173373657e-04,2.0748090561e-02,2.3626605465e+00
5.2500000000e+02,4.2631444615e-03,1.3896606214e-02,6.8619867089e-01,2.4758487338e-01,2.6139412369e-02,8.5477461673e-04,2.1062518067e-02,2.3693638934e+00
5.2550000000e+02,4.2539347468e-03,1.3781210270e-02,6.8859032759e-01,2.4533848261e-01,2.6302424616e-02,8.4355530054e-04,2.0890064867e-02,2.3630135186e+00
5.2600000000e+02,4.2663899484e-03,1.3875230785e-02,6.8754295449e-01,2.4555356299e-01,2.6773369120e-02,8.5119142926e-04,2.1137301241e-02,2.3709538965e+00
5.2650000000e+02,4.2515378912e-03,1.3736765587e-02,6.9067711571e-01,2.4246401163e-01,2.6794756617e-02,8.4818688788e-04,2.1227625668e-02,2.3649512364e+00
5.2700000000e+02,4.2489063264e-03,1.3559829317e-02,6.8984520676e-01,2.4332516194e-01,2.6798357911e-02,8.4658712073e-04,2.1375950624e-02,2.3647352253e+00
5.2750000000e+02,4.2524259842e-03,1.3599488056e-02,6.9030073585e-01,2.4256634180e-01,2.6948648159e-02,8.4128118788e-04,2.1491078964e-02,2.3662131145e+00
5.2800000000e+02,4.2859260247e-03,1.3508096647e-02,6.8900362958e-01,2.4377567910e-01,2.7070811133e-02,8.4455033613e-04,2.1511307180e-02,2.3693042012e+00
5.2850000000e+02,4.2549682410e-03,1.3561864130e-02,6.8696132941e-01,2.4551656653e-01,2.7172515260e-02,8.5202058047e-04,2.1680735852e-02,2.3744003001e+00
5.2900000000e+02,4.2270712665e-03,1.3331002676e-02,6.8773140488e-01,2.4523155028e-01,2.7128919581e-02,8.5197952342e-04,2.1498071792e-02,2.3675893450e+00
5.2950000000e+02,4.2642876341e-03,1.3210227248e-02,6.8822329937e-01,2.4479987747e-01,2.7111775428e-02,8.5675110749e-04,2.1533781740e-02,2.3671194884e+00
5.3000000000e+02,4.2863671790e-03,1.3167072041e-02,6.9166114280e-01,2.4122511542e-01,2.7281662157e-02,8.5840189231e-04,2.1520238506e-02,2.3624727340e+00
5.3050000000e+02,4.3200100924e-03,1.3092684614e-02,6.9167961910e-01,2.4115997335e-01,2.7400118245e-02,8.5227896816e-04,2.1495315632e-02,2.3621968887e+00
5.3100000000e+02,4.3001200950e-03,1.3035870225e-02,6.9205592716e-01,2.4069277375e-01,2.7438113432e-02,8.3871950766e-04,2.1638475832e-02,2.3601849186e+00
5.3150000000e+02,4.2934440865e-03,1.2843918949e-02,6.9401478001e-01,2.3960850529e-01,2.7126919724e-02,8.2898044559e-04,2.1283451494e-02,2.3487117297e+00
5.3200000000e+02,4.2637001906e-03,1.2839949580e-02,6.9069246953e-01,2.4264701046e-01,2.7347447088e-02,8.3286925452e-04,2.1376553901e-02,2.3568015301e+00
5.3250000000e+02,4.2639613076e-03,1.2684111985e-02,6.9178328803e-01,2.4163865213e-01,2.7349218607e-02,8.2100951014e-04,2.1459758432e-02,2.3525128676e+00
5.3300000000e+02,4.2682101381e-03,1.2576765951e-02,6.9493331862e-01,2.3895355567e-01,2.7148872397e-02,8.1745471846e-04,2.1301822506e-02,2.3426839726e+00
5.3350000000e+02,4.2851849453e-03,1.2541730597e-02,6.9460567893e-01,2.3894177206e-01,2.7467520931e-02,8.1678196511e-04,2.1341330572e-02,2.3459054095e+00
5.3400000000e+02,4.3097878002e-03,1.2436635117e-02,6.9792479434e-01,2.3578801913e-01,2.7565093724e-02,8.1848060100e-04,2.1157189292e-02,2.3391948336e+00
5.3450000000e+02,4.3703595722e-03,1.2513170298e-02,6.9613470685e-01,2.3723982549e-01,2.7847693093e-02,8.2605718144e-04,2.1068187516e-02,2.3461918980e+00
5.3500000000e+02,4.3812346562e-03,1.2474547257e-02,6.9614879182e-01,2.3713918051e-01,2.8010258041e-02,8.3729898372e-04,2.1008688732e-02,2.3466111228e+00
5.3550000000e+02,4.3790270343e-03,1.2529769840e-02,6.9509413954e-01,2.3829546510e-01,2.8026770298e-02,8.4353717173e-04,2.0831291018e-02,2.3471477850e+00
5.3600000000e+02,4.3570337267e-03,1.2423688159e-02,6.9494967703e-01,2.3836126161e-01,2.8104805899e-02,8.5176122570e-04,2.0951772355e-02,2.3463540989e+00
5.3650000000e+02,4.3821294738e-03,1.2426769563e-02,6.9399073999e-01,2.3933541705e-01,2.8007086875e-02,8.5198591899e-04,2.1005871127e-02,2.3480490608e+00
5.3700000000e+02,4.4248077352e-03,1.2396983836e-02,6.9395984205e-01,2.3960466025e-01,2.7816862066e-02,8.5121786167e-04,2.0945626200e-02,2.3460177858e+00
5.3750000000e+02,4.4767814566e-03,1.2403669215e-02,6.9510498524e-01,2.3826278408e-01,2.7844716667e-02,8.6039292978e-04,2.1046670409e-02,2.3473401104e+00
5.3800000000e+02,4.4794179976e-03,1.2406931016e-02,6.9548825358e-01,2.3812842773e-01,2.7652283428e-02,8.6718444858e-04,2.0977501798e-02,2.3448015916e+00
5.3850000000e+02,4.4551613471e-03,1.2383940710e-02,6.9871079362e-01,2.3540938608e-01,2.7333824393e-02,8.6723453593e-04,2.0839659315e-02,2.3353350645e+00
5.3900000000e+02,4.3903601865e-03,1.2240531341e-02,6.9960552921e-01,2.3482798114e-01,2.7417062853e-02,8.6859231204e-04,2.0649942954e-02,2.3291779708e+00
5.3950000000e+02,4.3965981482e-03,1.2191956416e-02,6.9592406488e-01,2.3832771823e-01,2.7603885472e-02,8.6461356373e-04,2.0691163283e-02,2.3343407783e+00
5.4000000000e+02,4.4531996177e-03,1.2164206677e-02,6.9415354260e-01,2.3992186821e-01,2.7809495324e-02,8.6473260809e-04,2.0632954963e-02,2.3395800973e+00
5.4050000000e+02,4.4685690720e-03,1.2027640718e-02,6.9642384825e-01,2.3795252438e-01,2.7545331485e-02,8.5081513636e-04,2.0731270957e-02,2.3341046917e+00
5.4100000000e+02,4.4584060355e-03,1.1916988408e-02,6.9621589673e-01,2.3880133957e-01,2.7332123760e-02,8.3821253264e-04,2.0437032968e-02,2.3286157933e+00
5.4150000000e+02,4.4643248730e-03,1.1971090979e-02,6.9476136271e-01,2.4010739276e-01,2.7310396050e-02,8.3948138248e-04,2.0545951236e-02,2.3333661555e+00
5.4200000000e+02,4.4385117122e-03,1.1923285701e-02,6.9572848561e-01,2.3895008816e-01,2.7498449363e-02,8.3394618336e-04,2.0627233272e-02,2.3336570862e+00
5.4250000000e+02,4.3845537333e-03,1.1822864838e-02,6.9733490093e-01,2.3703240404e-01,2.7594278565e-02,8.3410651360e-04,2.0996891378e-02,2.3324187132e+00
5.4300000000e+02,4.3278724755e-03,1.1564389790e-02,6.9788726466e-01,2.3669509605e-01,2.7702232091e-02,8.2952968147e-04,2.0993615252e-02,2.3266690210e+00
5.4350000000e+02,4.2625225507e-03,1.1516869764e-02,6.9972101842e-01,2.3505323830e-01,2.7531055251e-02,8.2812117685e-04,2.1087174543e-02,2.3211239880e+00
5.4400000000e+02,4.2184343652e-03,1.1417610031e-02,7.0000252736e-01,2.3529469485e-01,2.7324537250e-02,8.2290113959e-04,2.0919295008e-02,2.3145617072e+00
5.4450000000e+02,4.2200750549e-03,1.1489792984e-02,6.9842675105e-01,2.3696828921e-01,2.7295594054e-02,8.2197221488e-04,2.0777525432e-02,2.3152551551e+00
5.4500000000e+02,4.2290795115e-03,1.1474133257e-02,6.9925062263e-01,2.3633666829e-01,2.7089752178e-02,8.2400399523e-04,2.0795740141e-02,2.3130353854e+00
5.4550000000e+02,4.1990332237e-03,1.1457738131e-02,6.9982156483e-01,2.3636218434e-01,2.6758426846e-02,8.1102312943e-04,2.0590029496e-02,2.3073086532e+00
5.4600000000e+02,4.1813818408e-03,1.1353427707e-02,6.9936326739e-01,2.3714423400e-01,2.6679329360e-02,7.9926450902e-04,2.0479095202e-02,2.3050927945e+00
5.4650000000e+02,4.1451687773e-03,1.1337313769e-02,6.9914906198e-01,2.3764255312e-01,2.6568875337e-02,7.9155790378e-04,2.0365469107e-02,2.3019120761e+00
5.4700000000e+02,4.1098931743e-03,1.1430921053e-02,6.9776097841e-01,2.3913257919e-01,2.6572003557e-02,7.8358174855e-04,2.0210042863e-02,2.3019049553e+00
5.4750000000e+02,4.0651185089e-03,1.1361409792e-02,6.9841514670e-01,2.3915285725e-01,2.6357842886e-02,7.7514592765e-04,1.9872478938e-02,2.2935443964e+00
5.4800000000e+02,4.0178215117e-03,1.1232182049e-02,7.0047015346e-01,2.3744851786e-01,2.6086677517e-02,7.6856713097e-04,1.9976080467e-02,2.2851937071e+00
5.4850000000e+02,4.0245585106e-03,1.1264324178e-02,6.9953896713e-01,2.3806300381e-01,2.6058225118e-02,7.6889676672e-04,2.0282024486e-02,2.2890132772e+00
5.4900000000e+02,4.0447320648e-03,1.1352820459e-02,6.9925173308e-01,2.3822369942e-01,2.6120996221e-02,7.6973878513e-04,2.0236279968e-02,2.2903480743e+00
5.4950000000e+02,4.0352916933e-03,1.1351465792e-02,6.9883646241e-01,2.3897760102e-01,2.5855311442e-02,7.5983627830e-04,2.0184031363e-02,2.2865650857e+00
5.5000000000e+02,4.0405037987e-03,1.1420045208e-02,6.9808368925e-01,2.3987084910e-01,2.5746336071e-02,7.5585046866e-04,2.0082726103e-02,2.2853214202e+00
5.5050000000e+02,4.0070424597e-03,1.1379435113e-02,6.9743750422e-01,2.4103898074e-01,2.5670040433e-02,7.4083425867e-04,1.9726162784e-02,2.2791476014e+00
5.5100000000e+02,3.9921094065e-03,1.1375677421e-02,6.9563104560e-01,2.4327047492e-01,2.5457832314e-02,7.3338749483e-04,1.9539472839e-02,2.2780405564e+00
5.5150000000e+02,3.9448691425e-03,1.1300436632e-02,6.9501378802e-01,2.4457748652e-01,2.5089145725e-02,7.2403195730e-04,1.9350242004e-02,2.2716969085e+00
5.5200000000e+02,3.9257275853e-03,1.1298134604e-02,6.9533791479e-01,2.4465185964e-01,2.4926816208e-02,7.0671493728e-04,1.9152832231e-02,2.2663303578e+00
5.5250000000e+02,3.8991090671e-03,1.1266149296e-02,6.9549633312e-01,2.4498293774e-01,2.4693642304e-02,6.9794568884e-04,1.8963882781e-02,2.2625112582e+00
5.5300000000e+02,3.8325234756e-03,1.1173760605e-02,6.9722630382e-01,2.4386737932e-01,2.4409236500e-02,6.8336516602e-04,1.8807431111e-02,2.2545423012e+00
5.5350000000e+02,3.8170840330e-03,1.1248362648e-02,6.9635201698e-01,2.4487312787e-01,2.4389785962e-02,6.7604487769e-04,1.8643577627e-02,2.2536701306e+00
5.5400000000e+02,3.8026092353e-03,1.1206942935e-02,6.9598614414e-01,2.4570137045e-01,2.4239854757e-02,6.7136395425e-04,1.8391714528e-02,2.2492901065e+00
5.5450000000e+02,3.7913309707e-03,1.1115005914e-02,6.9645102733e-01,2.4579443440e-01,2.3985981998e-02,6.5291277384e-04,1.8209306607e-02,2.2411500218e+00
5.5500000000e+02,3.7136914297e-03,1.1145176557e-02,6.9630598855e-01,2.4640182176e-01,2.3541341377e-02,6.3778468309e-04,1.8254195642e-02,2.2357223773e+00
5.5550000000e+02,3.6920236838e-03,1.1097468191e-02,6.9477502717e-01,2.4816320878e-01,2.3516172316e-02,6.2378321233e-04,1.8132316653e-02,2.2336116863e+00
5.5600000000e+02,3.6402378184e-03,1.1023897536e-02,6.9603977892e-01,2.4724554535e-01,2.3233676719e-02,6.0546195761e-04,1.8211401706e-02,2.2265969686e+00
5.5650000000e+02,3.6215846856e-03,1.1074658514e-02,6.9809209950e-01,2.4529827731e-01,2.3118802481e-02,5.9749550617e-04,1.8197082005e-02,2.2204916902e+00
5.5700000000e+02,3.5692879581e-03,1.0935029858e-02,6.9868524217e-01,2.4515964969e-01,2.2942661193e-02,5.8369721585e-04,1.8124431910e-02,2.2121708352e+00
5.5750000000e+02,3.5682395919e-03,1.0881428587e-02,6.9994116486e-01,2.4420309976e-01,2.2776774946e-02,5.6655684285e-04,1.8062735409e-02,2.2072420334e+00
5.5800000000e+02,3.5973105870e-03,1.0987779566e-02,6.9920114088e-01,2.4485046370e-01,2.2777428096e-02,5.5803425305e-04,1.8027842919e-02,2.2099007443e+00
5.5850000000e+02,3.5813052211e-03,1.1075667557e-02,6.9984352203e-01,2.4447829922e-01,2.2727042660e-02,5.3837089802e-04,1.7755792414e-02,2.2064514058e+00
5.5900000000e+02,3.5207578784e-03,1.1004639473e-02,7.0116947373e-01,2.4360644045e-01,2.2591046715e-02,5.2783239146e-04,1.7579809357e-02,2.1985459766e+00
5.5950000000e+02,3.4662086549e-03,1.0958442006e-02,7.0265615338e-01,2.4262850909e-01,2.2346381556e-02,5.1000597519e-04,1.7434299338e-02,2.1892279097e+00
5.6000000000e+02,3.4490182191e-03,1.0945018476e-02,7.0240805947e-01,2.4301597775e-01,2.2298720877e-02,4.9954678764e-04,1.7383658419e-02,2.1858592395e+00
5.6050000000e+02,3.4584265829e-03,1.1005250769e-02,7.0234153620e-01,2.4277310167e-01,2.2569125940e-02,4.8530065471e-04,1.7367258183e-02,2.1883472114e+00
5.6100000000e+02,3.4277103036e-03,1.0907883296e-02,7.0556714222e-01,2.4010281479e-01,2.2388909299e-02,4.6846314976e-04,1.7137076937e-02,2.1764364048e+00
5.6150000000e+02,3.4462039130e-03,1.0830826056e-02,7.0371374860e-01,2.4184038234e-01,2.2691888502e-02,4.5312884645e-04,1.7023821740e-02,2.1766221547e+00
5.6200000000e+02,3.4114296293e-03,1.0734808859e-02,7.0295904977e-01,2.4295870735e-01,2.2627233201e-02,4.3779511841e-04,1.6870976077e-02,2.1710448457e+00
5.6250000000e+02,3.3611336452e-03,1.0575599446e-02,7.0574923413e-01,2.4064281970e-01,2.2434893268e-02,4.1737148829e-04,1.6818948317e-02,2.1573535887e+00
5.6300000000e+02,3.3289695067e-03,1.0605733655e-02,7.0535863259e-01,2.4107920294e-01,2.2442433030e-02,3.9582284839e-04,1.6789205433e-02,2.1547993781e+00
5.6350000000e+02,3.3275106010e-03,1.0600019619e-02,7.0721330213e-01,2.3922981286e-01,2.2464209241e-02,3.7913247899e-04,1.6786013067e-02,2.1512516844e+00
5.6400000000e+02,3.3345118675e-03,1.0548245376e-02,7.0725529897e-01,2.3925196130e-01,2.2484723233e-02,3.6830654991e-04,1.6756952699e-02,2.1500076946e+00
5.6450000000e+02,3.3189302482e-03,1.0607035305e-02,7.0677096437e-01,2.3977168268e-01,2.2575856261e-02,3.5470307385e-04,1.6600828068e-02,2.1487928624e+00
5.6500000000e+02,3.3247600186e-03,1.0595799406e-02,7.0653082167e-01,2.4005688610e-01,2.2613304939e-02,3.4092370196e-04,1.6537504167e-02,2.1484868457e+00
5.6550000000e+02,3.3642316542e-03,1.0726667643e-02,7.0497892030e-01,2.4138000359e-01,2.2573447250e-02,3.2988113965e-04,1.6646848418e-02,2.1545558393e+00
5.6600000000e+02,3.3533210614e-03,1.0861617729e-02,7.0592988918e-01,2.4087568163e-01,2.2261727598e-02,3.1990876795e-04,1.6397854034e-02,2.1482676638e+00
5.6650000000e+02,3.3541499826e-03,1.0751271072e-02,7.0789869228e-01,2.3903912511e-01,2.2352680124e-02,3.0781170197e-04,1.6296269733e-02,2.1417644463e+00
5.6700000000e+02,3.3992631699e-03,1.0851785551e-02,7.0768303862e-01,2.3897847660e-01,2.2539237940e-02,3.0076349278e-04,1.6247434629e-02,2.1458464588e+00
5.6750000000e+02,3.3551748139e-03,1.0866483232e-02,7.0973381697e-01,2.3717926148e-01,2.2350149697e-02,2.9147936072e-04,1.6223634451e-02,2.1392789023e+00
5.6800000000e+02,3.3430017405e-03,1.0813896270e-02,7.1245077710e-01,2.3469070139e-01,2.2361731838e-02,2.8247172170e-04,1.6057419935e-02,2.1315313142e+00
5.6850000000e+02,3.3024847758e-03,1.0728643950e-02,7.1528191546e-01,2.3224396535e-01,2.2191642798e-02,2.7337541010e-04,1.5977972257e-02,2.1218057668e+00
5.6900000000e+02,3.3061699631e-03,1.0789999636e-02,7.1630597884e-01,2.3157234539e-01,2.2029919326e-02,2.6582155689e-04,1.5729765285e-02,2.1153378904e+00
5.6950000000e+02,3.3045770562e-03,1.0851294037e-02,7.1558265900e-01,2.3216979615e-01,2.2244055959e-02,2.6060641120e-04,1.5587011388e-02,2.1151231558e+00
5.7000000000e+02,3.2944741879e-03,1.0931704037e-02,7.1584616237e-01,2.3184815428e-01,2.2354489095e-02,2.5264453804e-04,1.5472371491e-02,2.1123954276e+00
5.7050000000e+02,3.2804071004e-03,1.0985197649e-02,7.1592913882e-01,2.3173906413e-01,2.2403006977e-02,2.4257792675e-04,1.5420607401e-02,2.1114805609e+00
5.7100000000e+02,3.2667208683e-03,1.0832365720e-02,7.1653621190e-01,2.3130057451e-01,2.2377394906e-02,2.3494363440e-04,1.5451788453e-02,2.1075452137e+00
5.7150000000e+02,3.2407526874e-03,1.0913028749e-02,7.1698630775e-01,2.3092932173e-01,2.2318521587e-02,2.3157627893e-04,1.5380491214e-02,2.1045064318e+00
5.7200000000e+02,3.2093725826e-03,1.1014687278e-02,7.1812672800e-01,2.2990836651e-01,2.2216429051e-02,2.2891715374e-04,1.5295499429e-02,2.0995279688e+00
5.7250000000e+02,3.1887983533e-03,1.1096850872e-02,7.2028622022e-01,2.2770429489e-01,2.2203476746e-02,2.2299140633e-04,1.5297367511e-02,2.0939195087e+00
5.7300000000e+02,3.2031348448e-03,1.1127148569e-02,7.1868528535e-01,2.2919396889e-01,2.2358194462e-02,2.2094361534e-04,1.5211324269e-02,2.0975481999e+00
5.7350000000e+02,3.2369448956e-03,1.1296045230e-02,7.1652280488e-01,2.3109688862e-01,2.2518672193e-02,2.1710848518e-04,1.5111535690e-02,2.1022331980e+00
5.7400000000e+02,3.2385425143e-03,1.1348098073e-02,7.1688676198e-01,2.3078217792e-01,2.2441109144e-02,2.1465268431e-04,1.5088657688e-02,2.0998696868e+00
5.7450000000e+02,3.2257095037e-03,1.1335208552e-02,7.1833444336e-01,2.2937748048e-01,2.2346481236e-02,2.1148138257e-04,1.5169195488e-02,2.0960371180e+00
5.7500000000e+02,3.1966201356e-03,1.1381824208e-02,7.1990765312e-01,2.2789175345e-01,2.2271317721e-02,2.0992197169e-04,1.5140909397e-02,2.0923197889e+00
5.7550000000e+02,3.1682788260e-03,1.1445839330e-02,7.2077316407e-01,2.2708378700e-01,2.2257812726e-02,2.1125219087e-04,1.5059865861e-02,2.0921851881e+00
5.7600000000e+02,3.1593511759e-03,1.1303461424e-02,7.2148094263e-01,2.2636237452e-01,2.2492778682e-02,2.0865464377e-04,1.4992436925e-02,2.0890334166e+00
5.7650000000e+02,3.1253069418e-03,1.1154301491e-02,7.2216375619e-01,2.2587206167e-01,2.2604169683e-02,2.0484907616e-04,1.4875554944e-02,2.0830463051e+00
5.7700000000e+02,3.1319747018e-03,1.1224572612e-02,7.2125026290e-01,2.2644662185e-01,2.2712680051e-02,2.0417854333e-04,1.5029709334e-02,2.0882005484e+00
5.7750000000e+02,3.1339826584e-03,1.1184452781e-02,7.2010554468e-01,2.2770488138e-01,2.2557334640e-02,2.0157572480e-04,1.5112228134e-02,2.0889439080e+00
5.7800000000e+02,3.1600008580e-03,1.1074740721e-02,7.2005167049e-01,2.2796450679e-01,2.2486326743e-02,2.0039964748e-04,1.5062354756e-02,2.0858972887e+00
5.7850000000e+02,3.1615966218e-03,1.1153231669e-02,7.1887484255e-01,2.2915854953e-01,2.2497511534e-02,2.0373077518e-04,1.4950537316e-02,2.0894926387e+00
5.7900000000e+02,3.1493838572e-03,1.1151138792e-02,7.1844833007e-01,2.2977358487e-01,2.2411222095e-02,2.0450009840e-04,1.4861840218e-02,2.0882530593e+00
5.7950000000e+02,3.1420264230e-03,1.1242131656e-02,7.1760711291e-01,2.3008002068e-01,2.2719902584e-02,2.0344256303e-04,1.5005363187e-02,2.0954498751e+00
5.8000000000e+02,3.1199910012e-03,1.1209491728e-02,7.1803877949e-01,2.2990731799e-01,2.2650062357e-02,2.0659461984e-04,1.4867762818e-02,2.0916662674e+00
5.8050000000e+02,3.1404436108e-03,1.1349387034e-02,7.1876806030e-01,2.2897858017e-01,2.2734464254e-02,2.0792472528e-04,1.4821139904e-02,2.0942413103e+00
5.8100000000e+02,3.1397398782e-03,1.1314188369e-02,7.2003064255e-01,2.2769012256e-01,2.2818170998e-02,2.1062519577e-04,1.4796510446e-02,2.0944245549e+00
5.8150000000e+02,3.1478792712e-03,1.1482442094e-02,7.2098853546e-01,2.2636598592e-01,2.2987053354e-02,2.1500505740e-04,1.4813098848e-02,2.0971995629e+00
5.8200000000e+02,3.1399115787e-03,1.1594326718e-02,7.2061638826e-01,2.2687828525e-01,2.2900075902e-02,2.1681714740e-04,1.4654195143e-02,2.0972862050e+00
5.8250000000e+02,3.1280016274e-03,1.1617046626e-02,7.2367926618e-01,2.2412666501e-01,2.2707804370e-02,2.2046089831e-04,1.4520755290e-02,2.0915252782e+00
5.8300000000e+02,3.0998096977e-03,1.1682055160e-02,7.2429782822e-01,2.2365686998e-01,2.2647644591e-02,2.2398707657e-04,1.4391805273e-02,2.0891143912e+00
5.8350000000e+02,3.0740847233e-03,1.1598203214e-02,7.2492023327e-01,2.2332800829e-01,2.2542871914e-02,2.2758027558e-04,1.4309018307e-02,2.0870662149e+00
5.8400000000e+02,3.1169688604e-03,1.1699779321e-02,7.2338207260e-01,2.2445796009e-01,2.2591216187e-02,2.3455195290e-04,1.4517450987e-02,2.0958248136e+00
5.8450000000e+02,3.0833534871e-03,1.1750470841e-02,7.2217055420e-01,2.2555850265e-01,2.2578484350e-02,2.3730965357e-04,1.4621324816e-02,2.0992125178e+00
5.8500000000e+02,3.0533189516e-03,1.1727095410e-02,7.2383436646e-01,2.2397977826e-01,2.2502648400e-02,2.4371563714e-04,1.4659076877e-02,2.0957600253e+00
5.8550000000e+02,3.0154285437e-03,1.1572687784e-02,7.2489451573e-01,2.2330023235e-01,2.2291044645e-02,2.4830999533e-04,1.4677780946e-02,2.0902549361e+00
5.8600000000e+02,3.0482052971e-03,1.1586190465e-02,7.2601514052e-01,2.2228915788e-01,2.2084195279e-02,2.5449792365e-04,1.4722612643e-02,2.0894441743e+00
5.8650000000e+02,3.0203371947e-03,1.1492118865e-02,7.2707161027e-01,2.2166257947e-01,2.1765421258e-02,2.5454772788e-04,1.4733385219e-02,2.0831934109e+00
5.8700000000e+02,3.0190403468e-03,1.1474809787e-02,7.2719242659e-01,2.2175059355e-01,2.1483011195e-02,2.5636870177e-04,1.4823749831e-02,2.0817935100e+00
5.8750000000e+02,3.0263244345e-03,1.1407534679e-02,7.2769519642e-01,2.2134265537e-01,2.1406897470e-02,2.5919400019e-04,1.4862197624e-02,2.0800507274e+00
5.8800000000e+02,3.0405581391e-03,1.1372130688e-02,7.2953330347e-01,2.1924469712e-01,2.1549219806e-02,2.6233443372e-04,1.4997756350e-02,2.0809599779e+00
5.8850000000e+02,3.0295315923e-03,1.1275808901e-02,7.3164641317e-01,2.1751227284e-01,2.1281801195e-02,2.7210591553e-04,1.4982066387e-02,2.0740239716e+00
5.8900000000e+02,3.0316318002e-03,1.1319357763e-02,7.3123327388e-01,2.1807389632e-01,2.1150954187e-02,2.7814610634e-04,1.4912739944e-02,2.0748444148e+00
5.8950000000e+02,3.0572483167e-03,1.1435876949e-02,7.3060141958e-01,2.1857656368e-01,2.1100732169e-02,2.8062951130e-04,1.4947529790e-02,2.0785829202e+00
5.9000000000e+02,3.0746443944e-03,1.1327696918e-02,7.3149945847e-01,2.1792339153e-01,2.1027225964e-02,2.8293188986e-04,1.4864650829e-02,2.0758972319e+00
5.9050000000e+02,3.0699442977e-03,1.1208061167e-02,7.3110696168e-01,2.1838847025e-01,2.1008194246e-02,2.8720540054e-04,1.4931162964e-02,2.0764400975e+00
5.9100000000e+02,3.0814423554e-03,1.1220489114e-02,7.2940524812e-01,2.1996822895e-01,2.1065163100e-02,2.8895604185e-04,1.4970472316e-02,2.0814441625e+00
5.9150000000e+02,3.0997067375e-03,1.1332208331e-02,7.2854673714e-01,2.2075148234e-01,2.0960664122e-02,2.9235749997e-04,1.5016843823e-02,2.0856857293e+00
5.9200000000e+02,3.0777472420e-03,1.1328076288e-02,7.2630952097e-01,2.2277249618e-01,2.1136724728e-02,2.9550539696e-04,1.5079929198e-02,2.0911686747e+00
5.9250000000e+02,3.0872650769e-03,1.1451818425e-02,7.2653140321e-01,2.2236731799e-01,2.1209496226e-02,3.0107235057e-04,1.5051626718e-02,2.0939318198e+00
5.9300000000e+02,3.0836600087e-03,1.1464489743e-02,7.2676228043e-01,2.2231070910e-01,2.1061036256e-02,3.0865378845e-04,1.5009170673e-02,2.0924135931e+00
5.9350000000e+02,3.0932458866e-03,1.1528318503e-02,7.2814117546e-01,2.2078855217e-01,2.1137784235e-02,3.1005779690e-04,1.5000865952e-02,2.0919563810e+00
5.9400000000e+02,3.0865726222e-03,1.1425778906e-02,7.2683987819e-01,2.2221811258e-01,2.1096683406e-02,3.1135775318e-04,1.5021616548e-02,2.0927470673e+00
5.9450000000e+02,3.0978757695e-03,1.1353701887e-02,7.2535446055e-01,2.2374124416e-01,2.1134659491e-02,3.1340976292e-04,1.5004648375e-02,2.0964606834e+00
5.9500000000e+02,3.1082703033e-03,1.1365789824e-02,7.2402140622e-01,2.2503359741e-01,2.1167289121e-02,3.1995178678e-04,1.4983695329e-02,2.1005251324e+00
5.9550000000e+02,3.1074262593e-03,1.1302293686e-02,7.2474086104e-01,2.2464987922e-01,2.1172762010e-02,3.2171677352e-04,1.4705061014e-02,2.0956642477e+00
5.9600000000e+02,3.1322708253e-03,1.1173489811e-02,7.2628911695e-01,2.2349192773e-01,2.0833751255e-02,3.2341664637e-04,1.4756026776e-02,2.0904331766e+00
5.9650000000e+02,3.1578162953e-03,1.1306113096e-02,7.2567513196e-01,2.2382791384e-01,2.0852954584e-02,3.2673076942e-04,1.4853339462e-02,2.0955762762e+00
5.9700000000e+02,3.1488019635e-03,1.1245875824e-02,7.2529470414e-01,2.2458829508e-01,2.0653429556e-02,3.3276766132e-04,1.4736125776e-02,2.0931514854e+00
5.9750000000e+02,3.1442556503e-03,1.1139756234e-02,7.2556051110e-01,2.2435118448e-01,2.0659941605e-02,3.2963533173e-04,1.4814715593e-02,2.0921816208e+00
5.9800000000e+02,3.1395114454e-03,1.1096018663e-02,7.2704133289e-01,2.2317766536e-01,2.0460627179e-02,3.2962697260e-04,1.4755217494e-02,2.0869442724e+00
5.9850000000e+02,3.1404118862e-03,1.1027582307e-02,7.2805761193e-01,2.2244617863e-01,2.0269881654e-02,3.3079315774e-04,1.4727540439e-02,2.0827958852e+00
5.9900000000e+02,3.1288664352e-03,1.1086608958e-02,7.2761685323e-01,2.2295880515e-01,2.0145489308e-02,3.3103487306e-04,1.4732342047e-02,2.0832700809e+00
5.9950000000e+02,3.0649590607e-03,1.1013583253e-02,7.2838546562e-01,2.2258814031e-01,2.0051582439e-02,3.3022548100e-04,1.4566043841e-02,2.0780116054e+00
6.0000000000e+02,3.0298476519e-03,1.0890703972e-02,7.3164546953e-01,2.1967712787e-01,1.9918367657e-02,3.2657146109e-04,1.4511911856e-02,2.0692481769e+00
6.0050000000e+02,3.0259902369e-03,1.0929178236e-02,7.3217493765e-01,2.1934439448e-01,1.9762332283e-02,3.2402846581e-04,1.4439138643e-02,2.0663854141e+00
6.0100000000e+02,3.0507347075e-03,1.0890313777e-02,7.3427283940e-01,2.1729440571e-01,1.9808968546e-02,3.2352106869e-04,1.4359216792e-02,2.0622530904e+00
6.0150000000e+02,3.0776604815e-03,1.0706146671e-02,7.3542239141e-01,2.1658155017e-01,1.9707181515e-02,3.2008297247e-04,1.4184986781e-02,2.0550900640e+00
6.0200000000e+02,3.0611995686e-03,1.0632249259e-02,7.3627960179e-01,2.1597169929e-01,1.9660089492e-02,3.1959885302e-04,1.4075561748e-02,2.0517216639e+00
6.0250000000e+02,3.0491288879e-03,1.0571346180e-02,7.3652354237e-01,2.1613746663e-01,1.9487046458e-02,3.1719595730e-04,1.3914273511e-02,2.0478040772e+00
6.0300000000e+02,3.0451613066e-03,1.0613731581e-02,7.3737813899e-01,2.1528954455e-01,1.9488934867e-02,3.1812886002e-04,1.3866359848e-02,2.0473356509e+00
6.0350000000e+02,3.0766584129e-03,1.0515953181e-02,7.3873457335e-01,2.1395543336e-01,1.9404951730e-02,3.1937629438e-04,1.3993053674e-02,2.0453386810e+00
6.0400000000e+02,3.1032458929e-03,1.0481673090e-02,7.4031411377e-01,2.1259087798e-01,1.9285475408e-02,3.1461435886e-04,1.3909999499e-02,2.0401455612e+00
6.0450000000e+02,3.1066418243e-03,1.0470174371e-02,7.4185442155e-01,2.1094709594e-01,1.9282149670e-02,3.1475137326e-04,1.4024765275e-02,2.0385192945e+00
6.0500000000e+02,3.1049146494e-03,1.0534456692e-02,7.4100081093e-01,2.1193322639e-01,1.9114788621e-02,3.1494761961e-04,1.3996855094e-02,2.0388968611e+00
6.0550000000e+02,3.0953643984e-03,1.0443692777e-02,7.4067889672e-01,2.1234778496e-01,1.9078013088e-02,3.1450955277e-04,1.4041738500e-02,2.0383440314e+00
6.0600000000e+02,3.1185876561e-03,1.0514119912e-02,7.4045010820e-01,2.1232292887e-01,1.9091397912e-02,3.1383734883e-04,1.4189020103e-02,2.0425517907e+00
6.0650000000e+02,3.0883578256e-03,1.0384729194e-02,7.4358186871e-01,2.0958424187e-01,1.9006885744e-02,3.0841693620e-04,1.4045499724e-02,2.0328293680e+00
6.0700000000e+02,3.1216188800e-03,1.0426340091e-02,7.4414337884e-01,2.0904900412e-01,1.8864543801e-02,3.0564125122e-04,1.4089473007e-02,2.0312668147e+00
6.0750000000e+02,3.1241969669e-03,1.0400141990e-02,7.4554787512e-01,2.0764050191e-01,1.8869403829e-02,3.0349916902e-04,1.4114381017e-02,2.0290075636e+00
6.0800000000e+02,3.1454340363e-03,1.0427261189e-02,7.4443730254e-01,2.0856097999e-01,1.9006702659e-02,3.0396074082e-04,1.4118358848e-02,2.0339381996e+00
6.0850000000e+02,3.1781141462e-03,1.0461078972e-02,7.4381365348e-01,2.0902239255e-01,1.9093069406e-02,3.0117176044e-04,1.4130519682e-02,2.0376502051e+00
6.0900000000e+02,3.1790198439e-03,1.0345603761e-02,7.4520188373e-01,2.0796868800e-01,1.9109624279e-02,2.9607367054e-04,1.3899106719e-02,2.0307793548e+00
6.0950000000e+02,3.1910897251e-03,1.0412660079e-02,7.4513118685e-01,2.0810813186e-01,1.8977687824e-02,2.9662097154e-04,1.3882622689e-02,2.0305916168e+00
6.1000000000e+02,3.1976112233e-03,1.0493627317e-02,7.4502652017e-01,2.0851112757e-01,1.8570852216e-02,2.9437351446e-04,1.3905887990e-02,2.0281929280e+00
6.1050000000e+02,3.1951996328e-03,1.0617773499e-02,7.4429671924e-01,2.0941321882e-01,1.8369759825e-02,2.8963710339e-04,1.3817691877e-02,2.0275029131e+00
6.1100000000e+02,3.1978944799e-03,1.0601923728e-02,7.4439648307e-01,2.0937263706e-01,1.8439241373e-02,2.8471323728e-04,1.3707107054e-02,2.0276518407e+00
6.1150000000e+02,3.2081895303e-03,1.0517435684e-02,7.4610887323e-01,2.0789921798e-01,1.8370258052e-02,2.8073992470e-04,1.3615285600e-02,2.0225796001e+00
6.1200000000e+02,3.2194872008e-03,1.0571489986e-02,7.4754344138e-01,2.0641977884e-01,1.8331542495e-02,2.7686044799e-04,1.3637399656e-02,2.0209480807e+00
6.1250000000e+02,3.1983819993e-03,1.0562025484e-02,7.4785984422e-01,2.0639333597e-01,1.8136879355e-02,2.7663391374e-04,1.3572899059e-02,2.0179557703e+00
6.1300000000e+02,3.1674583577e-03,1.0481071308e-02,7.4682296095e-01,2.0799868408e-01,1.7816789012e-02,2.6922760764e-04,1.3443808685e-02,2.0136159977e+00
6.1350000000e+02,3.1461461418e-03,1.0439212146e-02,7.4460786640e-01,2.1036172638e-01,1.7774732115e-02,2.6810571352e-04,1.3402211098e-02,2.0145755247e+00
6.1400000000e+02,3.1522404758e-03,1.0337029730e-02,7.4532019836e-01,2.0999885880e-01,1.7628868322e-02,2.6327430494e-04,1.3299530009e-02,2.0089592998e+00
6.1450000000e+02,3.1599734127e-03,1.0262458928e-02,7.4615887673e-01,2.0934818637e-01,1.7604643904e-02,2.5804901501e-04,1.3207811634e-02,2.0045969766e+00
6.1500000000e+02,3.1651388491e-03,1.0333626110e-02,7.4798211952e-01,2.0728478250e-01,1.7748377373e-02,2.5477575242e-04,1.3231179894e-02,2.0039496438e+00
6.1550000000e+02,3.1556042666e-03,1.0379097653e-02,7.5065609714e-01,2.0486111425e-01,1.7485547016e-02,2.5238233170e-04,1.3210157344e-02,1.9965406395e+00
6.1600000000e+02,3.1497865929e-03,1.0429620216e-02,7.5070224655e-01,2.0505742230e-01,1.7253433473e-02,2.4795508110e-04,1.3159535787e-02,1.9939502024e+00
6.1650000000e+02,3.1280324761e-03,1.0367814703e-02,7.5092273303e-01,2.0508485197e-01,1.7121541567e-02,2.4514038872e-04,1.3129885861e-02,1.9905257929e+00
6.1700000000e+02,3.0922813501e-03,1.0328376348e-02,7.5037916501e-01,2.0578704280e-01,1.7134817107e-02,2.4121778875e-04,1.3037099596e-02,1.9890269342e+00
6.1750000000e+02,3.0764619487e-03,1.0445678880e-02,7.5036585028e-01,2.0589229068e-01,1.6962341692e-02,2.3733808824e-04,1.3020038435e-02,1.9885322472e+00
6.1800000000e+02,3.0832214749e-03,1.0477926217e-02,7.4919843102e-01,2.0698120619e-01,1.7026347380e-02,2.3290904869e-04,1.2999958673e-02,1.9910555971e+00
6.1850000000e+02,3.0825362468e-03,1.0567151933e-02,7.4890065307e-01,2.0728325722e-01,1.6973254065e-02,2.2982473662e-04,1.2963322724e-02,1.9917895366e+00
6.1900000000e+02,3.0562632626e-03,1.0554078283e-02,7.5009095728e-01,2.0617290767e-01,1.7034975591e-02,2.2324494196e-04,1.2867572977e-02,1.9883924324e+00
6.1950000000e+02,3.0531499659e-03,1.0664243025e-02,7.4903834063e-01,2.0700295909e-01,1.7152041817e-02,2.2194763548e-04,1.2867317841e-02,1.9921693841e+00
6.2000000000e+02,3.0337157776e-03,1.0588385413e-02,7.5079154930e-01,2.0562227241e-01,1.6956051263e-02,2.1605380398e-04,1.2791972035e-02,1.9841721792e+00
6.2050000000e+02,3.0249196925e-03,1.0524912190e-02,7.5052937510e-01,2.0601203589e-01,1.6932570348e-02,2.1221700672e-04,1.2763969767e-02,1.9832272413e+00
6.2100000000e+02,3.0237589067e-03,1.0461341026e-02,7.5274803921e-01,2.0397295657e-01,1.6921597940e-02,2.0828055709e-04,1.2664025796e-02,1.9771489660e+00
6.2150000000e+02,3.0317487300e-03,1.0529509467e-02,7.5459155399e-01,2.0211675327e-01,1.6919873402e-02,2.0650461160e-04,1.2604056535e-02,1.9735274853e+00
6.2200000000e+02,2.9924456318e-03,1.0420154794e-02,7.5674045319e-01,2.0046883684e-01,1.6846837741e-02,2.0373538288e-04,1.2327536425e-02,1.9628661980e+00
6.2250000000e+02,3.0030816945e-03,1.0415280154e-02,7.5682761703e-01,2.0062373174e-01,1.6615789225e-02,2.0071187695e-04,1.2313788274e-02,1.9600979721e+00
6.2300000000e+02,3.0059154076e-03,1.0382777212e-02,7.5552895661e-01,2.0202775754e-01,1.6619741807e-02,1.9713335357e-04,1.2237718071e-02,1.9609631656e+00
6.2350000000e+02,2.9988649827e-03,1.0274401743e-02,7.5530728665e-01,2.0246858124e-01,1.6607397192e-02,1.9266210775e-04,1.2150806089e-02,1.9587508293e+00
6.2400000000e+02,2.9805040141e-03,1.0277565861e-02,7.5601131650e-01,2.0192074192e-01,1.6491753678e-02,1.8909846541e-04,1.2129019561e-02,1.9560952055e+00
6.2450000000e+02,2.9563197959e-03,1.0201726520e-02,7.5619575322e-01,2.0209234123e-01,1.6344722354e-02,1.8622805196e-04,1.2022908832e-02,1.9514936314e+00
6.2500000000e+02,2.9503206356e-03,1.0301671249e-02,7.5520433232e-01,2.0296653394e-01,1.6394953369e-02,1.8406439126e-04,1.1998124092e-02,1.9546234682e+00
6.2550000000e+02,2.9701770167e-03,1.0489053430e-02,7.5390051059e-01,2.0382759524e-01,1.6597684313e-02,1.8529737387e-04,1.2029682035e-02,1.9624640970e+00
6.2600000000e+02,2.9795303872e-03,1.0515161304e-02,7.5563348613e-01,2.0209740360e-01,1.6664597223e-02,1.8248587937e-04,1.1927335476e-02,1.9591126411e+00
6.2650000000e+02,2.9468318097e-03,1.0533025955e-02,7.5648648277e-01,2.0150627243e-01,1.6545175242e-02,1.8065343268e-04,1.1801558364e-02,1.9550128112e+00
6.2700000000e+02,2.9412918266e-03,1.0476081417e-02,7.5812601363e-01,2.0015866282e-01,1.6347991848e-02,1.7960200921e-04,1.1770356443e-02,1.9487899772e+00
6.2750000000e+02,2.9337835324e-03,1.0488301267e-02,7.5841202242e-01,2.0002882491e-01,1.6270259249e-02,1.7923740660e-04,1.1687571213e-02,1.9467370203e+00
6.2800000000e+02,2.9215074853e-03,1.0405334230e-02,7.5834641145e-01,1.9993361073e-01,1.6372013104e-02,1.7748478039e-04,1.1843638218e-02,1.9475147699e+00
6.2850000000e+02,2.9078289315e-03,1.0356272023e-02,7.5906992639e-01,1.9938181541e-01,1.6338150053e-02,1.7591005983e-04,1.1770097134e-02,1.9442512376e+00
6.2900000000e+02,2.9086338897e-03,1.0368695599e-02,7.6023299134e-01,1.9818526376e-01,1.6425433286e-02,1.7348421805e-04,1.1705497903e-02,1.9427332656e+00
6.2950000000e+02,2.8923436522e-03,1.0408550102e-02,7.6129254983e-01,1.9727005501e-01,1.6319030567e-02,1.7268087162e-04,1.1644789968e-02,1.9387555540e+00
6.3000000000e+02,2.8890635743e-03,1.0414161556e-02,7.6240255777e-01,1.9631934632e-01,1.6221463381e-02,1.7190059275e-04,1.1581506806e-02,1.9349531134e+00
6.3050000000e+02,2.8709940030e-03,1.0414223212e-02,7.6202969067e-01,1.9716172220e-01,1.5964791237e-02,1.7148867671e-04,1.1387090002e-02,1.9299772382e+00
6.3100000000e+02,2.8795131152e-03,1.0437319680e-02,7.6291594784e-01,1.9633254710e-01,1.5826615929e-02,1.6971197573e-04,1.1438344359e-02,1.9273188851e+00
6.3150000000e+02,2.8867790365e-03,1.0493617724e-02,7.6460488307e-01,1.9453676507e-01,1.5845467674e-02,1.6954978678e-04,1.1462937640e-02,1.9255875345e+00
6.3200000000e+02,2.9166511320e-03,1.0695127383e-02,7.6368846005e-01,1.9516277346e-01,1.5809723972e-02,1.7172783055e-04,1.1555536168e-02,1.9318331878e+00
6.3250000000e+02,2.8904015110e-03,1.0713668426e-02,7.6522188959e-01,1.9394105035e-01,1.5518281940e-02,1.7010928774e-04,1.1544598893e-02,1.9251539937e+00
6.3300000000e+02,2.8688419420e-03,1.0768840335e-02,7.6438879388e-01,1.9516345751e-01,1.5245736760e-02,1.6814742546e-04,1.1396182151e-02,1.9217539224e+00
6.3350000000e+02,2.8493263092e-03,1.0763377845e-02,7.6693101647e-01,1.9283848647e-01,1.5153611948e-02,1.6742062879e-04,1.1296760336e-02,1.9144072518e+00
6.3400000000e+02,2.8375918311e-03,1.0760835371e-02,7.6846034863e-01,1.9141399937e-01,1.5165056392e-02,1.6806414502e-04,1.1194104264e-02,1.9104983499e+00
6.3450000000e+02,2.8581390949e-03,1.0855221773e-02,7.6946731240e-01,1.9040495032e-01,1.5283733925e-02,1.6968905405e-04,1.0960953434e-02,1.9089656523e+00
6.3500000000e+02,2.8570184338e-03,1.0763138619e-02,7.7078759505e-01,1.8938366000e-01,1.5170681611e-02,1.7049465519e-04,1.0867411630e-02,1.9038207213e+00
6.3550000000e+02,2.8445474567e-03,1.0802894706e-02,7.7101207052e-01,1.8930229108e-01,1.5129925415e-02,1.7157981764e-04,1.0736691008e-02,1.9021531055e+00
6.3600000000e+02,2.8466616634e-03,1.0875015694e-02,7.7236439941e-01,1.8789117638e-01,1.5034340941e-02,1.7317008119e-04,1.0815235826e-02,1.9004753205e+00
6.3650000000e+02,2.8435837709e-03,1.0859046943e-02,7.7220975406e-01,1.8805733533e-01,1.5060502525e-02,1.7208572612e-04,1.0797691645e-02,1.9000903205e+00
6.3700000000e+02,2.8267749076e-03,1.0963857515e-02,7.7252470650e-01,1.8759214739e-01,1.5130468109e-02,1.6996687093e-04,1.0792078708e-02,1.9009892772e+00
6.3750000000e+02,2.8450953280e-03,1.0992165433e-02,7.7396776059e-01,1.8602971293e-01,1.5222197723e-02,1.6996489340e-04,1.0773103103e-02,1.9001350976e+00
6.3800000000e+02,2.8485691929e-03,1.0987591661e-02,7.7397898670e-01,1.8610073646e-01,1.5138088227e-02,1.7003369792e-04,1.0775994067e-02,1.8987600342e+00
6.3850000000e+02,2.8455899947e-03,1.1112724721e-02,7.7372578564e-01,1.8626450275e-01,1.5130598428e-02,1.6799448262e-04,1.0752803985e-02,1.9004486312e+00
6.3900000000e+02,2.8532926472e-03,1.1075817870e-02,7.7456156700e-01,1.8531316170e-01,1.5235187802e-02,1.6836960630e-04,1.0792603368e-02,1.8995910517e+00
6.3950000000e+02,2.8853568386e-03,1.1228115395e-02,7.7367102975e-01,1.8583935384e-01,1.5382743509e-02,1.7290801140e-04,1.0820492655e-02,1.9063599090e+00
6.4000000000e+02,2.8744373128e-03,1.1312141312e-02,7.7348866964e-01,1.8594178543e-01,1.5351525206e-02,1.7412083393e-04,1.0857320268e-02,1.9073056555e+00
6.4050000000e+02,2.8958725679e-03,1.1301826881e-02,7.7383384172e-01,1.8567562411e-01,1.5311368671e-02,1.7465781701e-04,1.0806808227e-02,1.9060092650e+00
6.4100000000e+02,2.9270420767e-03,1.1326035036e-02,7.7392927022e-01,1.8563698978e-01,1.5254033276e-02,1.7764855107e-04,1.0748981065e-02,1.9069404168e+00
6.4150000000e+02,2.9318239400e-03,1.1432998435e-02,7.7392939403e-01,1.8557973445e-01,1.5165730522e-02,1.7927333639e-04,1.0781045289e-02,1.9088005484e+00
6.4200000000e+02,2.9336063656e-03,1.1470998222e-02,7.7311250316e-01,1.8627615626e-01,1.5181655582e-02,1.8193778433e-04,1.0843142631e-02,1.9118572311e+00
6.4250000000e+02,2.9576839041e-03,1.1674491873e-02,7.7278575083e-01,1.8608570022e-01,1.5394850897e-02,1.8847804286e-04,1.0913044233e-02,1.9192483768e+00
6.4300000000e+02,2.9652217748e-03,1.1659506860e-02,7.7300133570e-01,1.8577365431e-01,1.5451600030e-02,1.9221442830e-04,1.0956466895e-02,1.9199814827e+00
6.4350000000e+02,2.9499933473e-03,1.1603738094e-02,7.7424134156e-01,1.8489325304e-01,1.5333375825e-02,1.9390780096e-04,1.0784390326e-02,1.9137069996e+00
6.4400000000e+02,2.9643294648e-03,1.1740978060e-02,7.7346093915e-01,1.8568702594e-01,1.5291093591e-02,1.9754218651e-04,1.0658091608e-02,1.9157717359e+00
6.4450000000e+02,2.9773256069e-03,1.1776469986e-02,7.7443244767e-01,1.8473331953e-01,1.5286851070e-02,2.0141014329e-04,1.0592175993e-02,1.9140363323e+00
6.4500000000e+02,2.9710449271e-03,1.1806486394e-02,7.7534041859e-01,1.8379132980e-01,1.5296090583e-02,2.0780595630e-04,1.0586823748e-02,1.9132333683e+00
6.4550000000e+02,2.9361133000e-03,1.1878894688e-02,7.7647429755e-01,1.8284177435e-01,1.5196520005e-02,2.1080399582e-04,1.0461596106e-02,1.9086282519e+00
6.4600000000e+02,2.9361096498e-03,1.2040622222e-02,7.7605552819e-01,1.8290868664e-01,1.5406708203e-02,2.1405447007e-04,1.0438290630e-02,1.9139354852e+00
6.4650000000e+02,2.9347992876e-03,1.2025608844e-02,7.7580307508e-01,1.8311397248e-01,1.5454874418e-02,2.1885171457e-04,1.0448818173e-02,1.9152745255e+00
6.4700000000e+02,2.9724868498e-03,1.2144291189e-02,7.7589774047e-01,1.8260928294e-01,1.5616550835e-02,2.2241506014e-04,1.0537232655e-02,1.9204454206e+00
6.4750000000e+02,2.9577510506e-03,1.2268424938e-02,7.7624373596e-01,1.8217810097e-01,1.5522149663e-02,2.2446551292e-04,1.0605371899e-02,1.9208534787e+00
6.4800000000e+02,2.9432791761e-03,1.2255709768e-02,7.7698537411e-01,1.8142171416e-01,1.5536980944e-02,2.2416033412e-04,1.0632781508e-02,1.9189627902e+00
6.4850000000e+02,2.9473452978e-03,1.2157739184e-02,7.7815724320e-01,1.8043159630e-01,1.5498114585e-02,2.2850822678e-04,1.0579453209e-02,1.9155128903e+00
6.4900000000e+02,2.9780217470e-03,1.2091924156e-02,7.7881224070e-01,1.7978052195e-01,1.5514233517e-02,2.3493977098e-04,1.0588118157e-02,1.9149858759e+00
6.4950000000e+02,2.9945536182e-03,1.2150703690e-02,7.8114483204e-01,1.7761761802e-01,1.5240254228e-02,2.3811448549e-04,1.0613923919e-02,1.9091866899e+00
6.5000000000e+02,3.0363286732e-03,1.2202202313e-02,7.8003332665e-01,1.7858009880e-01,1.5257286202e-02,2.4278342191e-04,1.0647973943e-02,1.9137733048e+00
6.5050000000e+02,3.0560978939e-03,1.2178705681e-02,7.8003930064e-01,1.7883877879e-01,1.5148433314e-02,2.4388871556e-04,1.0494794964e-02,1.9118654141e+00
6.5100000000e+02,3.0712084862e-03,1.2196085855e-02,7.7874225286e-01,1.8011544366e-01,1.5128293790e-02,2.4596249115e-04,1.0500752860e-02,1.9151990525e+00
6.5150000000e+02,3.0976068340e-03,1.2220750381e-02,7.7814023575e-01,1.8074660336e-01,1.5028846648e-02,2.5182469778e-04,1.0514132325e-02,1.9177473499e+00
6.5200000000e+02,3.0828757985e-03,1.2210051376e-02,7.7822750592e-01,1.8084942239e-01,1.4961251647e-02,2.5433823570e-04,1.0414554626e-02,1.9155388658e+00
6.5250000000e+02,3.1217077641e-03,1.2278952667e-02,7.7809818432e-01,1.8087818294e-01,1.4976308057e-02,2.5405822580e-04,1.0392606023e-02,1.9182166543e+00
6.5300000000e+02,3.1076211310e-03,1.2186424619e-02,7.7926372791e-01,1.8021604017e-01,1.4689595090e-02,2.5407947864e-04,1.0282511594e-02,1.9102239558e+00
6.5350000000e+02,3.1542659946e-03,1.2353141525e-02,7.7946751230e-01,1.7994798829e-01,1.4622416060e-02,2.5623936834e-04,1.0198436469e-02,1.9114148237e+00
6.5400000000e+02,3.1731219710e-03,1.2418840702e-02,7.7986751053e-01,1.7962714076e-01,1.4566400818e-02,2.5923220900e-04,1.0087753012e-02,1.9108487782e+00
6.5450000000e+02,3.1855779688e-03,1.2478495285e-02,7.7954707428e-01,1.7977469728e-01,1.4658274474e-02,2.6547699882e-04,1.0090403706e-02,1.9133664493e+00
6.5500000000e+02,3.1856360276e-03,1.2426062807e-02,7.7994123592e-01,1.7946349425e-01,1.4632795655e-02,2.6947465723e-04,1.0081300682e-02,1.9118503503e+00
6.5550000000e+02,3.1682227669e-03,1.2456935894e-02,7.8151712996e-01,1.7807574658e-01,1.4498876141e-02,2.7100996801e-04,1.0012078685e-02,1.9063544830e+00
6.5600000000e+02,3.1882745633e-03,1.2407586014e-02,7.8277833695e-01,1.7708656506e-01,1.4342122941e-02,2.7334368995e-04,9.9237707737e-03,1.9016394332e+00
6.5650000000e+02,3.1731306505e-03,1.2396634256e-02,7.8350499530e-01,1.7658934065e-01,1.4274376406e-02,2.7669552304e-04,9.7848272126e-03,1.8971745108e+00
6.5700000000e+02,3.1611061392e-03,1.2374334191e-02,7.8386250198e-01,1.7622277913e-01,1.4375754846e-02,2.8081442071e-04,9.7227092940e-03,1.8967771801e+00
6.5750000000e+02,3.1700907172e-03,1.2488391880e-02,7.8337850808e-01,1.7638954495e-01,1.4442962121e-02,2.8326380695e-04,9.8472384418e-03,1.9020437914e+00
6.5800000000e+02,3.1726132025e-03,1.2517854916e-02,7.8394205368e-01,1.7580962147e-01,1.4457751301e-02,2.8467895472e-04,9.8154264776e-03,1.8999017114e+00
6.5850000000e+02,3.2031933028e-03,1.2546142174e-02,7.8514705182e-01,1.7461076572e-01,1.4404649991e-02,2.8652538185e-04,9.8016716105e-03,1.8974584027e+00
6.5900000000e+02,3.2065543299e-03,1.2583942744e-02,7.8594567090e-01,1.7378469493e-01,1.4397917663e-02,2.8944700943e-04,9.7917724300e-03,1.8961776549e+00
6.5950000000e+02,3.2178936455e-03,1.2616763765e-02,7.8544601008e-01,1.7436387279e-01,1.4304638408e-02,2.8991667491e-04,9.7609046337e-03,1.8974421965e+00
6.6000000000e+02,3.2280284741e-03,1.2578109405e-02,7.8773449581e-01,1.7257095410e-01,1.3914705196e-02,2.8918089319e-04,9.6845261269e-03,1.8879300696e+00
6.6050000000e+02,3.2739423860e-03,1.2587613664e-02,7.8774732453e-01,1.7265892153e-01,1.3844227928e-02,2.9568742100e-04,9.5922825361e-03,1.8877475534e+00
6.6100000000e+02,3.3463775288e-03,1.2666846865e-02,7.8587283855e-01,1.7418457109e-01,1.3958488015e-02,3.0114463547e-04,9.6697333125e-03,1.8970450009e+00
6.6150000000e+02,3.3523465204e-03,1.2828035420e-02,7.8518362718e-01,1.7463083079e-01,1.3931865327e-02,3.0224242878e-04,9.7710523327e-03,1.9009254636e+00
6.6200000000e+02,3.3342202980e-03,1.2791745198e-02,7.8920127346e-01,1.7091590946e-01,1.3741469947e-02,3.0268294274e-04,9.7126986958e-03,1.8884324685e+00
6.6250000000e+02,3.3828064677e-03,1.2636089185e-02,7.8890764193e-01,1.7144909464e-01,1.3732147457e-02,3.0312521263e-04,9.5890951047e-03,1.8873207497e+00
6.6300000000e+02,3.4043414562e-03,1.2714041030e-02,7.9066732775e-01,1.6950195300e-01,1.3826325710e-02,3.0800591996e-04,9.5780051346e-03,1.8858511110e+00
6.6350000000e+02,3.4332363964e-03,1.2698708665e-02,7.9247269167e-01,1.6777491402e-01,1.3757903044e-02,3.1010748093e-04,9.5524387283e-03,1.8816593034e+00
6.6400000000e+02,3.4725637931e-03,1.2813233561e-02,7.9303036524e-01,1.6714685739e-01,1.3633857821e-02,3.1191981842e-04,9.5912023813e-03,1.8821019912e+00
6.6450000000e+02,3.4889093533e-03,1.2892550839e-02,7.9254360988e-01,1.6761898644e-01,1.3665229169e-02,3.0879090974e-04,9.4819234132e-03,1.8832868008e+00
6.6500000000e+02,3.5056627944e-03,1.2794096720e-02,7.9331374186e-01,1.6703051061e-01,1.3569529316e-02,3.0955663604e-04,9.4769020726e-03,1.8795958691e+00
6.6550000000e+02,3.5135082881e-03,1.2683070250e-02,7.9264678857e-01,1.6783829044e-01,1.3547734227e-02,3.1466653129e-04,9.4559416964e-03,1.8795080809e+00
6.6600000000e+02,3.5074924876e-03,1.2709427010e-02,7.9368688780e-01,1.6696399298e-01,1.3423658168e-02,3.1421251192e-04,9.3943290425e-03,1.8750040970e+00
6.6650000000e+02,3.5367032814e-03,1.2643959275e-02,7.9437155201e-01,1.6642212628e-01,1.3409907221e-02,3.1392975265e-04,9.3018221736e-03,1.8723214692e+00
6.6700000000e+02,3.5530908210e-03,1.2703317164e-02,7.9313123995e-01,1.6767689928e-01,1.3407672270e-02,3.1535588143e-04,9.2124246348e-03,1.8748940585e+00
6.6750000000e+02,3.5593008181e-03,1.2692934087e-02,7.9342699924e-01,1.6740397358e-01,1.3385297064e-02,3.1429271671e-04,9.2172024890e-03,1.8744051366e+00
6.6800000000e+02,3.5575754360e-03,1.2817692814e-02,7.9387266595e-01,1.6679652551e-01,1.3442543231e-02,3.1533230145e-04,9.1976647542e-03,1.8758084458e+00
6.6850000000e+02,3.5641787357e-03,1.2878275525e-02,7.9193281439e-01,1.6869815759e-01,1.3452854264e-02,3.1782403494e-04,9.1558954626e-03,1.8804043859e+00
6.6900000000e+02,3.5677720537e-03,1.2872957788e-02,7.9408089299e-01,1.6679227278e-01,1.3287087059e-02,3.1570251776e-04,9.0833148177e-03,1.8728330526e+00
6.6950000000e+02,3.5465512889e-03,1.2884892768e-02,7.9357670836e-01,1.6745982634e-01,1.3206641107e-02,3.1279171884e-04,9.0125884197e-03,1.8716261988e+00
6.7000000000e+02,3.5812145754e-03,1.2941372788e-02,7.9310514295e-01,1.6774968951e-01,1.3333362179e-02,3.1036730466e-04,8.9788506945e-03,1.8741957776e+00
6.7050000000e+02,3.5676773244e-03,1.2819407086e-02,7.9350362204e-01,1.6768325284e-01,1.3150316106e-02,3.0938291808e-04,8.9663416876e-03,1.8703671103e+00
6.7100000000e+02,3.5997576685e-03,1.2661173181e-02,7.9443914749e-01,1.6690967130e-01,1.3151274746e-02,3.0747423080e-04,8.9315013750e-03,1.8671972380e+00
6.7150000000e+02,3.6207351039e-03,1.2709913570e-02,7.9569807522e-01,1.6559942915e-01,1.3141700613e-02,3.0957939046e-04,8.9205669600e-03,1.8650022942e+00
6.7200000000e+02,3.6688176936e-03,1.2756119332e-02,7.9468328057e-01,1.6638574694e-01,1.3242492042e-02,3.1293802158e-04,8.9506054040e-03,1.8711347935e+00
6.7250000000e+02,3.6926430473e-03,1.2704399179e-02,7.9306825149e-01,1.6808376728e-01,1.3189909120e-02,3.1062557850e-04,8.9504043077e-03,1.8740862981e+00
6.7300000000e+02,3.6695097985e-03,1.2747528666e-02,7.9304770519e-01,1.6817875203e-01,1.3149246494e-02,3.0966359894e-04,8.8975942190e-03,1.8727750278e+00
6.7350000000e+02,3.6799614395e-03,1.2728497127e-02,7.9335539219e-01,1.6798180015e-01,1.3130336823e-02,3.0849918411e-04,8.8155130872e-03,1.8701518256e+00
6.7400000000e+02,3.7436634629e-03,1.2727803011e-02,7.9315544762e-01,1.6804922196e-01,1.3132219306e-02,3.0957928548e-04,8.8820653549e-03,1.8720999748e+00
6.7450000000e+02,3.7763606946e-03,1.2836752865e-02,7.9149293497e-01,1.6937001665e-01,1.3327432526e-02,3.0985833130e-04,8.8866439548e-03,1.8803579254e+00
6.7500000000e+02,3.7769523337e-03,1.2949572136e-02,7.9045281234e-01,1.7034186300e-01,1.3334759647e-02,3.0933890702e-04,8.8347016387e-03,1.8825356829e+00
6.7550000000e+02,3.7932582429e-03,1.3020119947e-02,7.9056854198e-01,1.6998151748e-01,1.3397044435e-02,3.1237137823e-04,8.9271465336e-03,1.8854539274e+00
6.7600000000e+02,3.7662167539e-03,1.2880212880e-02,7.9077175172e-01,1.7003616057e-01,1.3318204519e-02,3.1421164012e-04,8.9132419130e-03,1.8816551851e+00
6.7650000000e+02,3.7888106204e-03,1.2870710699e-02,7.9037351022e-01,1.7035263903e-01,1.3288643292e-02,3.1538745926e-04,9.0102986749e-03,1.8829230594e+00
6.7700000000e+02,3.7820971838e-03,1.2701588105e-02,7.9074752099e-01,1.7034031388e-01,1.3156364368e-02,3.1586245588e-04,8.9562530100e-03,1.8778591924e+00
6.7750000000e+02,3.7707947743e-03,1.2660791433e-02,7.8870010136e-01,1.7231395223e-01,1.3307896487e-02,3.1484389229e-04,8.9316198165e-03,1.8829736065e+00
6.7800000000e+02,3.7931229759e-03,1.2697253222e-02,7.8687341166e-01,1.7416270466e-01,1.3310293347e-02,3.1578216678e-04,8.8474319710e-03,1.8867032853e+00
6.7850000000e+02,3.7968363960e-03,1.2726382724e-02,7.8503785294e-01,1.7590550879e-01,1.3328239631e-02,3.1860950052e-04,8.8865700167e-03,1.8913742879e+00
6.7900000000e+02,3.8489928010e-03,1.2891954919e-02,7.8366392970e-01,1.7693843842e-01,1.3395047328e-02,3.2249115521e-04,8.9391456725e-03,1.8983058444e+00
6.7950000000e+02,3.8354142460e-03,1.2877320222e-02,7.8425454149e-01,1.7638418624e-01,1.3386749813e-02,3.2207025524e-04,8.9397177307e-03,1.8964418101e+00
6.8000000000e+02,3.8148186185e-03,1.2834488832e-02,7.8540640307e-01,1.7541592854e-01,1.3256401494e-02,3.2021039361e-04,8.9517490532e-03,1.8926568742e+00
6.8050000000e+02,3.7957475789e-03,1.2849476219e-02,7.8605899251e-01,1.7477506880e-01,1.3164140465e-02,3.1510742947e-04,9.0414669939e-03,1.8914746632e+00
6.8100000000e+02,3.7801862544e-03,1.2931430022e-02,7.8507246431e-01,1.7558360614e-01,1.3204651426e-02,3.1654472415e-04,9.1111171221e-03,1.8953499968e+00
6.8150000000e+02,3.8267002879e-03,1.2959217953e-02,7.8587699330e-01,1.7466060988e-01,1.3150057354e-02,3.1694041670e-04,9.2094808077e-03,1.8956436040e+00
6.8200000000e+02,3.8678372744e-03,1.2946285834e-02,7.8705071351e-01,1.7357101520e-01,1.3057873173e-02,3.1877869283e-04,9.1874963147e-03,1.8928937275e+00
6.8250000000e+02,3.8947886818e-03,1.2949062105e-02,7.8744401347e-01,1.7316614752e-01,1.3100958102e-02,3.1825111231e-04,9.1267790061e-03,1.8927987567e+00
6.8300000000e+02,3.8793053529e-03,1.2945392950e-02,7.8926017675e-01,1.7145314867e-01,1.3016161825e-02,3.1422767495e-04,9.1315867794e-03,1.8870906126e+00
6.8350000000e+02,3.8607332018e-03,1.2942610951e-02,7.8971153942e-01,1.7102823607e-01,1.3010422755e-02,3.1419066613e-04,9.1322669316e-03,1.8852999769e+00
6.8400000000e+02,3.8725875386e-03,1.2948340288e-02,7.9115720555e-01,1.6962273720e-01,1.2946549942e-02,3.1406295296e-04,9.1385165283e-03,1.8826933372e+00
6.8450000000e+02,3.8316032183e-03,1.2864029181e-02,7.9148848207e-01,1.6951103211e-01,1.2934164842e-02,3.1664913555e-04,9.0540394429e-03,1.8797141378e+00
6.8500000000e+02,3.7895885180e-03,1.2631047975e-02,7.9319636188e-01,1.6827067754e-01,1.2817249015e-02,3.1336601986e-04,8.9817090580e-03,1.8689864948e+00
6.8550000000e+02,3.8065898046e-03,1.2511860789e-02,7.9247390104e-01,1.6915797982e-01,1.2812175665e-02,3.1529413469e-04,8.9221987451e-03,1.8693496519e+00
6.8600000000e+02,3.8235053527e-03,1.2491566159e-02,7.9370391486e-01,1.6795335521e-01,1.2806497577e-02,3.1614472080e-04,8.9050161291e-03,1.8673679925e+00
6.8650000000e+02,3.8371602966e-03,1.2463997629e-02,7.9430564168e-01,1.6749698149e-01,1.2722171288e-02,3.1457449722e-04,8.8594731161e-03,1.8645600575e+00
6.8700000000e+02,3.8322315654e-03,1.2398442769e-02,7.9384137407e-01,1.6798665108e-01,1.2833317183e-02,3.1673281527e-04,8.7912505168e-03,1.8651031816e+00
6.8750000000e+02,3.8609221183e-03,1.2394619681e-02,7.9351691553e-01,1.6814017972e-01,1.2884098933e-02,3.1867484042e-04,8.8845891799e-03,1.8685403094e+00
6.8800000000e+02,3.8461042563e-03,1.2390332301e-02,7.9361449294e-01,1.6796743785e-01,1.2951173061e-02,3.1817626162e-04,8.9122833269e-03,1.8688656374e+00
6.8850000000e+02,3.8923640155e-03,1.2360114767e-02,7.9177300400e-01,1.6980196220e-01,1.2960270642e-02,3.1693462080e-04,8.8953497591e-03,1.8733917513e+00
6.8900000000e+02,3.9296240239e-03,1.2305681200e-02,7.9165892538e-01,1.7008196260e-01,1.2861181949e-02,3.1548500426e-04,8.8471398392e-03,1.8722631536e+00
6.8950000000e+02,3.9278019409e-03,1.2178165702e-02,7.9262780983e-01,1.6928385301e-01,1.2823001536e-02,3.1517378749e-04,8.8441941942e-03,1.8689386483e+00
6.9000000000e+02,3.9561166262e-03,1.2173586996e-02,7.9353756827e-01,1.6834479237e-01,1.2782459686e-02,3.1980528508e-04,8.8856707694e-03,1.8682601003e+00
6.9050000000e+02,3.9400362744e-03,1.2115351461e-02,7.9516444566e-01,1.6692881086e-01,1.2737846683e-02,3.1817659900e-04,8.7953324632e-03,1.8614203106e+00
6.9100000000e+02,3.9249550775e-03,1.2028281635e-02,7.9742496207e-01,1.6477168647e-01,1.2744567312e-02,3.2259850895e-04,8.7829489300e-03,1.8546107773e+00
6.9150000000e+02,3.9494780811e-03,1.2010245849e-02,7.9701932036e-01,1.6496012799e-01,1.2800961599e-02,3.3006574841e-04,8.9298003680e-03,1.8588698146e+00
6.9200000000e+02,3.9706654643e-03,1.2054280762e-02,7.9758075322e-01,1.6422382027e-01,1.2843577781e-02,3.3382389430e-04,8.9930786154e-03,1.8601303002e+00
6.9250000000e+02,3.9801000610e-03,1.2086017548e-02,7.9724642211e-01,1.6443030239e-01,1.2969766810e-02,3.3592060206e-04,8.9514704770e-03,1.8640508678e+00
6.9300000000e+02,3.9577567292e-03,1.2037456679e-02,7.9631798967e-01,1.6546565722e-01,1.2939063156e-02,3.3818431718e-04,8.9438922268e-03,1.8648242945e+00
6.9350000000e+02,3.9711992600e-03,1.1885279212e-02,7.9591882544e-01,1.6609319153e-01,1.2840899180e-02,3.4441622140e-04,8.9461891526e-03,1.8641172792e+00
6.9400000000e+02,3.9992319610e-03,1.1908224656e-02,7.9505389792e-01,1.6684709465e-01,1.2874536648e-02,3.4980686651e-04,8.9672072983e-03,1.8686238408e+00
6.9450000000e+02,3.9752259917e-03,1.1859323716e-02,7.9492167591e-01,1.6696546020e-01,1.2911532543e-02,3.4837241942e-04,9.0184092167e-03,1.8681904890e+00
6.9500000000e+02,3.9658552677e-03,1.1859829550e-02,7.9365041139e-01,1.6806907645e-01,1.3031618982e-02,3.5154929642e-04,9.0716590704e-03,1.8729202010e+00
6.9550000000e+02,3.9698655881e-03,1.1797339824e-02,7.9421843062e-01,1.6770572227e-01,1.2968919830e-02,3.5539558520e-04,8.9843262790e-03,1.8692596246e+00
6.9600000000e+02,4.0104269163e-03,1.1861864516e-02,7.9486987630e-01,1.6669640796e-01,1.3191564879e-02,3.6425875030e-04,9.0056006761e-03,1.8736485023e+00
6.9650000000e+02,4.0011523250e-03,1.1960474974e-02,7.9467700870e-01,1.6659122770e-01,1.3335139606e-02,3.6705476652e-04,9.0679419217e-03,1.8775551106e+00
6.9700000000e+02,4.0362401152e-03,1.1953098472e-02,7.9561204233e-01,1.6559624553e-01,1.3385352819e-02,3.7075715640e-04,9.0462635832e-03,1.8764872428e+00
6.9750000000e+02,4.0588274626e-03,1.2014850046e-02,7.9406410477e-01,1.6681213279e-01,1.3539512054e-02,3.7278557602e-04,9.1377873009e-03,1.8840131730e+00
6.9800000000e+02,4.0850199922e-03,1.2180661465e-02,7.9421041700e-01,1.6638917221e-01,1.3576217075e-02,3.7842236495e-04,9.1800898872e-03,1.8879714493e+00
6.9850000000e+02,4.1206221597e-03,1.2390295314e-02,7.9172698357e-01,1.6828800314e-01,1.3812679510e-02,3.8675066987e-04,9.2746656375e-03,1.9006281429e+00
6.9900000000e+02,4.1242469892e-03,1.2397415001e-02,7.9164459981e-01,1.6826762815e-01,1.3853592214e-02,3.9329714627e-04,9.3192206856e-03,1.9025013096e+00
6.9950000000e+02,4.0994358223e-03,1.2212320847e-02,7.9104525984e-01,1.6931175049e-01,1.3715938070e-02,3.9915121267e-04,9.2161437195e-03,1.8984294269e+00
7.0000000000e+02,4.0844240028e-03,1.2120557438e-02,7.9132060553e-01,1.6914428739e-01,1.3731314980e-02,4.0355955810e-04,9.1952510940e-03,1.8962106391e+00
7.0050000000e+02,4.1136887409e-03,1.2082670625e-02,7.9123583553e-01,1.6928036168e-01,1.3648353127e-02,4.1358274794e-04,9.2255075495e-03,1.8965494289e+00
7.0100000000e+02,4.1611962702e-03,1.1981537685e-02,7.9087957555e-01,1.6955839346e-01,1.3772451492e-02,4.1681482694e-04,9.2300307087e-03,1.8980761594e+00
7.0150000000e+02,4.1216087132e-03,1.1810300451e-02,7.9185194064e-01,1.6891063729e-01,1.3682728606e-02,4.1696209027e-04,9.2058222075e-03,1.8914470184e+00
7.0200000000e+02,4.0830964567e-03,1.1707941828e-02,7.9126105057e-01,1.6964772489e-01,1.3754206877e-02,4.1617942057e-04,9.1297999526e-03,1.8905162642e+00
7.0250000000e+02,4.1020462998e-03,1.1800113768e-02,7.9110769263e-01,1.6970055848e-01,1.3774023389e-02,4.2471108629e-04,9.0908543461e-03,1.8930958772e+00
7.0300000000e+02,4.0771411567e-03,1.1903671338e-02,7.9205205137e-01,1.6865252248e-01,1.3801544752e-02,4.3250935446e-04,9.0805595482e-03,1.8919169529e+00
7.0350000000e+02,4.1025111467e-03,1.1838387842e-02,7.9233893545e-01,1.6850915106e-01,1.3772615478e-02,4.3741767680e-04,9.0009813401e-03,1.8901387431e+00
7.0400000000e+02,4.1453624750e-03,1.1824955546e-02,7.9254367752e-01,1.6817974189e-01,1.3876781261e-02,4.4025780920e-04,8.9892234885e-03,1.8922002132e+00
7.0450000000e+02,4.1310039810e-03,1.1741985323e-02,7.9228899142e-01,1.6855176319e-01,1.3873937673e-02,4.4822791126e-04,8.9640904959e-03,1.8917933339e+00
7.0500000000e+02,4.1153028509e-03,1.1727088082e-02,7.9034201950e-01,1.7045371991e-01,1.3957916736e-02,4.5311406338e-04,8.9508388609e-03,1.8964523329e+00
7.0550000000e+02,4.1126406508e-03,1.1734120280e-02,7.9212840852e-01,1.6859217301e-01,1.3996368000e-02,4.5728619855e-04,8.9790033476e-03,1.8932185421e+00
7.0600000000e+02,4.2002711924e-03,1.1857617301e-02,7.9172589202e-01,1.6852759929e-01,1.4186132140e-02,4.6687386868e-04,9.0356141847e-03,1.9008862060e+00
7.0650000000e+02,4.2406845397e-03,1.1862222184e-02,7.9188068658e-01,1.6828668180e-01,1.4212263593e-02,4.7212753673e-04,9.0453337662e-03,1.9016018032e+00
7.0700000000e+02,4.2887828881e-03,1.1970642042e-02,7.9125226846e-01,1.6854496522e-01,1.4321914583e-02,4.8501832376e-04,9.1364084895e-03,1.9082982217e+00
7.0750000000e+02,4.3378416808e-03,1.2013014309e-02,7.9048307442e-01,1.6893250768e-01,1.4578794636e-02,4.9719467898e-04,9.1575725935e-03,1.9146237371e+00
7.0800000000e+02,4.3391577341e-03,1.1957368669e-02,7.8994501912e-01,1.6925570207e-01,1.4843841295e-02,5.0927551065e-04,9.1496355996e-03,1.9179572721e+00
7.0850000000e+02,4.3485472187e-03,1.1978550113e-02,7.8838019880e-01,1.7075116189e-01,1.4802146814e-02,5.1621333301e-04,9.2231818258e-03,1.9229240064e+00
7.0900000000e+02,4.3207993910e-03,1.1873282439e-02,7.8890311321e-01,1.7039263706e-01,1.4813172540e-02,5.2120180061e-04,9.1757935589e-03,1.9209711562e+00
7.0950000000e+02,4.3152520834e-03,1.1999909573e-02,7.8865011033e-01,1.7042650928e-01,1.4867724943e-02,5.3076909624e-04,9.2097246880e-03,1.9240945404e+00
7.1000000000e+02,4.3485631293e-03,1.2077586540e-02,7.8831276407e-01,1.7055780766e-01,1.4908842043e-02,5.4000552713e-04,9.2544310258e-03,1.9288940315e+00
7.1050000000e+02,4.3388717926e-03,1.2101413854e-02,7.8890459952e-01,1.7022937898e-01,1.4783128937e-02,5.4165336398e-04,9.1009535472e-03,1.9246565720e+00
7.1100000000e+02,4.2897061263e-03,1.2077334294e-02,7.8895805313e-01,1.7024433050e-01,1.4775859270e-02,5.4679817326e-04,9.1079185150e-03,1.9230673809e+00
7.1150000000e+02,4.2739377101e-03,1.2066472928e-02,7.8890098177e-01,1.7022833407e-01,1.4781564665e-02,5.5551913366e-04,9.1931897255e-03,1.9245665205e+00
7.1200000000e+02,4.2497725568e-03,1.2158891042e-02,7.8807166103e-01,1.7092976277e-01,1.4841602397e-02,5.6796295841e-04,9.1803472533e-03,1.9288463804e+00
7.1250000000e+02,4.2733720684e-03,1.2243384744e-02,7.8696020687e-01,1.7180839413e-01,1.4979973634e-02,5.7509974594e-04,9.1595688095e-03,1.9343957781e+00
7.1300000000e+02,4.2674303566e-03,1.2051328982e-02,7.8773258108e-01,1.7127465604e-01,1.4935526589e-02,5.7641691299e-04,9.1620600346e-03,1.9296864007e+00
7.1350000000e+02,4.2791937170e-03,1.2098130079e-02,7.8721996953e-01,1.7183318935e-01,1.4898313048e-02,5.8596529879e-04,9.0852389815e-03,1.9302473075e+00
7.1400000000e+02,4.2866521861e-03,1.2182637076e-02,7.8652754023e-01,1.7244475618e-01,1.4941005802e-02,5.8934564539e-04,9.0280628736e-03,1.9323101905e+00
7.1450000000e+02,4.2732482227e-03,1.2192966852e-02,7.8556173493e-01,1.7330463999e-01,1.4949260289e-02,5.9516176615e-04,9.1229879518e-03,1.9348142365e+00
7.1500000000e+02,4.2893335084e-03,1.2192984645e-02,7.8522299464e-01,1.7356588411e-01,1.5015529426e-02,6.0512979407e-04,9.1081438760e-03,1.9361245528e+00
7.1550000000e+02,4.2545833184e-03,1.2249859100e-02,7.8563396825e-01,1.7307222160e-01,1.5052954921e-02,6.1761423434e-04,9.1187985712e-03,1.9361802488e+00
7.1600000000e+02,4.2702383729e-03,1.2371056754e-02,7.8349902631e-01,1.7490312618e-01,1.5213266132e-02,6.2550122059e-04,9.1177850343e-03,1.9459825969e+00
7.1650000000e+02,4.2467670570e-03,1.2455063508e-02,7.8328939309e-01,1.7505821126e-01,1.5133811905e-02,6.2480087964e-04,9.1919523006e-03,1.9465567454e+00
7.1700000000e+02,4.2816759575e-03,1.2602443391e-02,7.8170325894e-01,1.7651587980e-01,1.5130752940e-02,6.2984274298e-04,9.1361462278e-03,1.9520535648e+00
7.1750000000e+02,4.2929340816e-03,1.2666338512e-02,7.8247677490e-01,1.7553759643e-01,1.5220426265e-02,6.3717668927e-04,9.1687531208e-03,1.9526129280e+00
7.1800000000e+02,4.3224610899e-03,1.2790783597e-02,7.8027736715e-01,1.7726175349e-01,1.5390024857e-02,6.4622270164e-04,9.3113871182e-03,1.9627672036e+00
7.1850000000e+02,4.3126853823e-03,1.2789549892e-02,7.7819800216e-01,1.7931875472e-01,1.5395184935e-02,6.5107998151e-04,9.3347429269e-03,1.9673831390e+00
7.1900000000e+02,4.3252977535e-03,1.2930111254e-02,7.7717323873e-01,1.8012748180e-01,1.5339915034e-02,6.6117929170e-04,9.4427761377e-03,1.9730609780e+00
7.1950000000e+02,4.3522710492e-03,1.2861925404e-02,7.7645046080e-01,1.8110562309e-01,1.5196602138e-02,6.6456000515e-04,9.3685575121e-03,1.9720152061e+00
7.2000000000e+02,4.3275536992e-03,1.2880887985e-02,7.7645771991e-01,1.8120520286e-01,1.5144083013e-02,6.6349938004e-04,9.3210531608e-03,1.9701886443e+00
7.2050000000e+02,4.3305066248e-03,1.2920066619e-02,7.7638000332e-01,1.8137365575e-01,1.5004127780e-02,6.6820845000e-04,9.3234314584e-03,1.9700822135e+00
7.2100000000e+02,4.3484174154e-03,1.3009721857e-02,7.7544085637e-01,1.8223873253e-01,1.4924218805e-02,6.6992946270e-04,9.3681235623e-03,1.9728589283e+00
7.2150000000e+02,4.3376344943e-03,1.3146552459e-02,7.7526799076e-01,1.8219381463e-01,1.4989851495e-02,6.7347769096e-04,9.3906784732e-03,1.9759440363e+00
7.2200000000e+02,4.3520877272e-03,1.3019968605e-02,7.7710318541e-01,1.8041774641e-01,1.5014606352e-02,6.7666767528e-04,9.4157378135e-03,1.9720104319e+00
7.2250000000e+02,4.3154162449e-03,1.2972209963e-02,7.7638863508e-01,1.8117769728e-01,1.4984810856e-02,6.7570811091e-04,9.4855224620e-03,1.9723115014e+00
7.2300000000e+02,4.3482400025e-03,1.3031716614e-02,7.7467897401e-01,1.8276696466e-01,1.4986164882e-02,6.8543191912e-04,9.5025079164e-03,1.9774056493e+00
7.2350000000e+02,4.3386602771e-03,1.3151758982e-02,7.7534081117e-01,1.8188311032e-01,1.5066413714e-02,6.9172709164e-04,9.5275184404e-03,1.9794340730e+00
7.2400000000e+02,4.3064351166e-03,1.3219892657e-02,7.7562541557e-01,1.8146449663e-01,1.5193771582e-02,6.9348718125e-04,9.4965012653e-03,1.9797417468e+00
7.2450000000e+02,4.3077166034e-03,1.3276228366e-02,7.7619749711e-01,1.8060542906e-01,1.5334896161e-02,6.9322546210e-04,9.5850072469e-03,1.9816907295e+00
7.2500000000e+02,4.2971537363e-03,1.3193249624e-02,7.7678058368e-01,1.8005627704e-01,1.5333645270e-02,6.9483620975e-04,9.6442544345e-03,1.9802617577e+00
7.2550000000e+02,4.3309698600e-03,1.3166069218e-02,7.7582698876e-01,1.8078840659e-01,1.5416510385e-02,7.0569156966e-04,9.7653636189e-03,1.9855247647e+00
7.2600000000e+02,4.3305925555e-03,1.3133315909e-02,7.7737841986e-01,1.7935944196e-01,1.5399911266e-02,7.0551820016e-04,9.6928002543e-03,1.9805780565e+00
7.2650000000e+02,4.2712595772e-03,1.2928894589e-02,7.7836960426e-01,1.7882717648e-01,1.5292038393e-02,7.0132738559e-04,9.6096993125e-03,1.9725733484e+00
7.2700000000e+02,4.2700124396e-03,1.2894504846e-02,7.7682806884e-01,1.8029128491e-01,1.5314966103e-02,6.9986822142e-04,9.7012946393e-03,1.9761356180e+00
7.2750000000e+02,4.3023406858e-03,1.3044627338e-02,7.7501452332e-01,1.8174687278e-01,1.5393367622e-02,7.0986289691e-04,9.7884053527e-03,1.9842673923e+00
7.2800000000e+02,4.3176599966e-03,1.3197878804e-02,7.7423713148e-01,1.8212557018e-01,1.5541848011e-02,7.2085263853e-04,9.8590588972e-03,1.9900806282e+00
7.2850000000e+02,4.3194554000e-03,1.3228287770e-02,7.7257145003e-01,1.8365371151e-01,1.5557461838e-02,7.1685691660e-04,9.9527765371e-03,1.9955773920e+00
7.2900000000e+02,4.3583267431e-03,1.3274632821e-02,7.7310388831e-01,1.8302562916e-01,1.5590316976e-02,7.2285781505e-04,9.9243481715e-03,1.9958381113e+00
7.2950000000e+02,4.3706463044e-03,1.3280780980e-02,7.7275169663e-01,1.8318613440e-01,1.5739972188e-02,7.2842587716e-04,9.9423436230e-03,1.9981289256e+00
7.3000000000e+02,4.3951163126e-03,1.3402000548e-02,7.7095718706e-01,1.8472777854e-01,1.5757314747e-02,7.2865050552e-04,1.0031952285e-02,2.0034684792e+00
7.3050000000e+02,4.4166652815e-03,1.3578270088e-02,7.6965439390e-01,1.8561141182e-01,1.5881521098e-02,7.3518167033e-04,1.0122556143e-02,2.0106794611e+00
7.3100000000e+02,4.3956965067e-03,1.3705801772e-02,7.7002935088e-01,1.8510750892e-01,1.5852292865e-02,7.3519304176e-04,1.0174156016e-02,2.0112159953e+00
7.3150000000e+02,4.3810256063e-03,1.3654152055e-02,7.6820195231e-01,1.8692761856e-01,1.5868187934e-02,7.4566554188e-04,1.0221397987e-02,2.0161385373e+00
7.3200000000e+02,4.3733865315e-03,1.3785723442e-02,7.6588103697e-01,1.8891800536e-01,1.5972457299e-02,7.5244053839e-04,1.0316949857e-02,2.0242084396e+00
7.3250000000e+02,4.3788728319e-03,1.3870593151e-02,7.6558113951e-01,1.8902729945e-01,1.5986200837e-02,7.4954104436e-04,1.0406353178e-02,2.0269828950e+00
7.3300000000e+02,4.3941414981e-03,1.4047769849e-02,7.6249910427e-01,1.9164299718e-01,1.6277170930e-02,7.5014069852e-04,1.0388675576e-02,2.0375360508e+00
7.3350000000e+02,4.4207064261e-03,1.4024590916e-02,7.6107892978e-01,1.9285820335e-01,1.6369252914e-02,7.6128620826e-04,1.0487030397e-02,2.0436451329e+00
7.3400000000e+02,4.4568193407e-03,1.4119064354e-02,7.6009471591e-01,1.9349506138e-01,1.6474451124e-02,7.7736375022e-04,1.0582524139e-02,2.0493353607e+00
7.3450000000e+02,4.4941755584e-03,1.4192793323e-02,7.5867989693e-01,1.9461527013e-01,1.6529838968e-02,7.9047692249e-04,1.0697548163e-02,2.0553338422e+00
7.3500000000e+02,4.4817673558e-03,1.4192929512e-02,7.5857103092e-01,1.9485355507e-01,1.6389668152e-02,7.9518448562e-04,1.0715864510e-02,2.0550076170e+00
7.3550000000e+02,4.4548967906e-03,1.4305606259e-02,7.5893557656e-01,1.9463043199e-01,1.6293192415e-02,7.8476018323e-04,1.0595535806e-02,2.0521033632e+00
7.3600000000e+02,4.4259172894e-03,1.4202695198e-02,7.6033854771e-01,1.9341372165e-01,1.6306503242e-02,7.8081640648e-04,1.0531798499e-02,2.0471307247e+00
7.3650000000e+02,4.4418553737e-03,1.4332140081e-02,7.6059199288e-01,1.9301599203e-01,1.6340044567e-02,7.8328872911e-04,1.0494686341e-02,2.0483473549e+00
7.3700000000e+02,4.4219776571e-03,1.4539581678e-02,7.6109550537e-01,1.9207335433e-01,1.6544142502e-02,7.9027851308e-04,1.0535159951e-02,2.0510343019e+00
7.3750000000e+02,4.4069874585e-03,1.4613498505e-02,7.6044984075e-01,1.9258448230e-01,1.6565323695e-02,7.9724549731e-04,1.0582621787e-02,2.0540691006e+00
7.3800000000e+02,4.3820284907e-03,1.4603621154e-02,7.6094325662e-01,1.9229905082e-01,1.6386031154e-02,7.9687207769e-04,1.0589139681e-02,2.0516897647e+00
7.3850000000e+02,4.4063031378e-03,1.4767518362e-02,7.6164239538e-01,1.9120044819e-01,1.6497150023e-02,8.0463718156e-04,1.0681547736e-02,2.0549736080e+00
7.3900000000e+02,4.3678478609e-03,1.4785765969e-02,7.6196317874e-01,1.9099025537e-01,1.6405488195e-02,8.0180454577e-04,1.0685659324e-02,2.0530533292e+00
7.3950000000e+02,4.3932226810e-03,1.4685870037e-02,7.6082845898e-01,1.9188694762e-01,1.6630340076e-02,8.0652332958e-04,1.0768637271e-02,2.0580260289e+00
7.4000000000e+02,4.3769410199e-03,1.4766956101e-02,7.5837540159e-01,1.9389304148e-01,1.6845866140e-02,8.1187703001e-04,1.0929916643e-02,2.0674976834e+00
7.4050000000e+02,4.3676280720e-03,1.4862359123e-02,7.5883306757e-01,1.9323098040e-01,1.6813176337e-02,8.2732384368e-04,1.1065464651e-02,2.0697006112e+00
7.4100000000e+02,4.3694932386e-03,1.4912492814e-02,7.5975521470e-01,1.9220248899e-01,1.6793567924e-02,8.2280727808e-04,1.1143935048e-02,2.0694210862e+00
7.4150000000e+02,4.3701068207e-03,1.4982379127e-02,7.6090891947e-01,1.9096793653e-01,1.6781336751e-02,8.1402854451e-04,1.1175292751e-02,2.0676593419e+00
7.4200000000e+02,4.3479037391e-03,1.4954891367e-02,7.6097842935e-01,1.9087277958e-01,1.6790520256e-02,8.0884554765e-04,1.1246630158e-02,2.0681785988e+00
7.4250000000e+02,4.3601612886e-03,1.4939420461e-02,7.5947858083e-01,1.9205211990e-01,1.7026232184e-02,8.1185361900e-04,1.1331631720e-02,2.0756356276e+00
7.4300000000e+02,4.3399441334e-03,1.4958672870e-02,7.5903592249e-01,1.9264649437e-01,1.6837913512e-02,8.0398753381e-04,1.1377065087e-02,2.0746846664e+00
7.4350000000e+02,4.3249138730e-03,1.4910125421e-02,7.6008356554e-01,1.9177181872e-01,1.6828834777e-02,7.9310048827e-04,1.1287641182e-02,2.0699275586e+00
7.4400000000e+02,4.2770559707e-03,1.4851718569e-02,7.5986106525e-01,1.9219684882e-01,1.6692635296e-02,7.8973869880e-04,1.1330937395e-02,2.0679053000e+00
7.4450000000e+02,4.2366031431e-03,1.4841086566e-02,7.5908649614e-01,1.9298470571e-01,1.6661608965e-02,7.9728989206e-04,1.1392209580e-02,2.0687327817e+00
7.4500000000e+02,4.2263030707e-03,1.4695012441e-02,7.5996351686e-01,1.9223916126e-01,1.6679575587e-02,7.8047074687e-04,1.1415960038e-02,2.0642628659e+00
7.4550000000e+02,4.2103344407e-03,1.4608938134e-02,7.6034316587e-01,1.9205499138e-01,1.6695071472e-02,7.6308231161e-04,1.1324416389e-02,2.0608077664e+00
7.4600000000e+02,4.1926499149e-03,1.4640975665e-02,7.6017270380e-01,1.9198126297e-01,1.6854473983e-02,7.6650508013e-04,1.1391428585e-02,2.0628039458e+00
7.4650000000e+02,4.2333490963e-03,1.4548697996e-02,7.5802564422e-01,1.9360734299e-01,1.7283625237e-02,7.6957717353e-04,1.1531763285e-02,2.0718906931e+00
7.4700000000e+02,4.2430169619e-03,1.4612714255e-02,7.5691520767e-01,1.9446538816e-01,1.7276222444e-02,7.7115497870e-04,1.1716295532e-02,2.0779353555e+00
7.4750000000e+02,4.1954018843e-03,1.4602232833e-02,7.5782940608e-01,1.9349652750e-01,1.7327358098e-02,7.7286567892e-04,1.1776207922e-02,2.0747530118e+00
7.4800000000e+02,4.2314398853e-03,1.4665657819e-02,7.5626907694e-01,1.9479568961e-01,1.7319482252e-02,7.7187720798e-04,1.1946776285e-02,2.0811683003e+00
7.4850000000e+02,4.2434924797e-03,1.4574028478e-02,7.5584017395e-01,1.9512275027e-01,1.7510067795e-02,7.8286159128e-04,1.1926625436e-02,2.0822320261e+00
7.4900000000e+02,4.2677548621e-03,1.4456494591e-02,7.5641875220e-01,1.9460385989e-01,1.7448755176e-02,7.8526701483e-04,1.2019116271e-02,2.0814013004e+00
7.4950000000e+02,4.2797425076e-03,1.4448489727e-02,7.5835292702e-01,1.9277361563e-01,1.7439824932e-02,7.8513418265e-04,1.1920266003e-02,2.0755629026e+00
7.5000000000e+02,4.2840543965e-03,1.4267794670e-02,7.5854397221e-01,1.9283453237e-01,1.7454422392e-02,7.7749701956e-04,1.1837726940e-02,2.0724115982e+00
7.5050000000e+02,4.3353492698e-03,1.4432590877e-02,7.5794311718e-01,1.9291770034e-01,1.7586583406e-02,7.7557629363e-04,1.2009082641e-02,2.0797825307e+00
7.5100000000e+02,4.3682400555e-03,1.4512867272e-02,7.5962962742e-01,1.9107236756e-01,1.7523039075e-02,7.7879556917e-04,1.2115063049e-02,2.0792898770e+00
7.5150000000e+02,4.3261996964e-03,1.4559704665e-02,7.5960402989e-01,1.9125362562e-01,1.7518929823e-02,7.8125647290e-04,1.1956253830e-02,2.0781699456e+00
7.5200000000e+02,4.3247831836e-03,1.4483110227e-02,7.5952573218e-01,1.9147791803e-01,1.7459908294e-02,7.7266534331e-04,1.1955882745e-02,2.0765841741e+00
7.5250000000e+02,4.3128248495e-03,1.4448994894e-02,7.5939113936e-01,1.9163410930e-01,1.7463275933e-02,7.7961787496e-04,1.1970037788e-02,2.0773831991e+00
7.5300000000e+02,4.3335381858e-03,1.4449884175e-02,7.5885270047e-01,1.9214507304e-01,1.7376526417e-02,7.8379393686e-04,1.2058483766e-02,2.0785902957e+00
7.5350000000e+02,4.3431277487e-03,1.4507442830e-02,7.5762666095e-01,1.9308273345e-01,1.7545272509e-02,7.8542977362e-04,1.2109332744e-02,2.0837080481e+00
7.5400000000e+02,4.3244538781e-03,1.4554682854e-02,7.5589962368e-01,1.9473730667e-01,1.7592289804e-02,7.8887256962e-04,1.2102770544e-02,2.0881385754e+00
7.5450000000e+02,4.3858153032e-03,1.4453770838e-02,7.5734620621e-01,1.9353123014e-01,1.7542289216e-02,7.8067359508e-04,1.1960014695e-02,2.0849088122e+00
7.5500000000e+02,4.3952604051e-03,1.4354051947e-02,7.5629676320e-01,1.9480098080e-01,1.7416433711e-02,7.7802273865e-04,1.1958487198e-02,2.0857650187e+00
7.5550000000e+02,4.4324683212e-03,1.4490879196e-02,7.5466119927e-01,1.9603443929e-01,1.7562301202e-02,7.8551134989e-04,1.2033201375e-02,2.0939271948e+00
7.5600000000e+02,4.4682739705e-03,1.4427061376e-02,7.5368149868e-01,1.9693663651e-01,1.7658961740e-02,7.7741773027e-04,1.2050149999e-02,2.0970326480e+00
7.5650000000e+02,4.5008736087e-03,1.4258866549e-02,7.5224667124e-01,1.9859820925e-01,1.7681636066e-02,7.7020074940e-04,1.1943542546e-02,2.0966065038e+00
7.5700000000e+02,4.5245434853e-03,1.4171828401e-02,7.5158596484e-01,1.9938672645e-01,1.7580158488e-02,7.6503770766e-04,1.1985740635e-02,2.0965467134e+00
7.5750000000e+02,4.5340454618e-03,1.4130207341e-02,7.5019384010e-01,2.0087760921e-01,1.7557141517e-02,7.6653403562e-04,1.1940622329e-02,2.0994128174e+00
7.5800000000e+02,4.5766963534e-03,1.4233206477e-02,7.4950380390e-01,2.0092733719e-01,1.7881663138e-02,7.7442161389e-04,1.2102871326e-02,2.1075085606e+00
7.5850000000e+02,4.6079656266e-03,1.4264863882e-02,7.4845650039e-01,2.0173681889e-01,1.7937071729e-02,7.8111712012e-04,1.2215662369e-02,2.1126344098e+00
7.5900000000e+02,4.6969984532e-03,1.4258487606e-02,7.4800225538e-01,2.0219923000e-01,1.7730191178e-02,7.7411057136e-04,1.2338726804e-02,2.1159383796e+00
7.5950000000e+02,4.7148581083e-03,1.4097245110e-02,7.4893933593e-01,2.0116441622e-01,1.7829391200e-02,7.6780213838e-04,1.2486951291e-02,2.1153763125e+00
7.6000000000e+02,4.6978974548e-03,1.4048473927e-02,7.4892835128e-01,2.0117034848e-01,1.7823983193e-02,7.6440185313e-04,1.2566543810e-02,2.1157558125e+00
7.6050000000e+02,4.6874377372e-03,1.4045130891e-02,7.4532333156e-01,2.0466986632e-01,1.7855188819e-02,7.6367554137e-04,1.2655369134e-02,2.1247035952e+00
7.6100000000e+02,4.7351401105e-03,1.4025611846e-02,7.4458627597e-01,2.0496792219e-01,1.8080050235e-02,7.6924467019e-04,1.2835754972e-02,2.1309500530e+00
7.6150000000e+02,4.7655986129e-03,1.4137011788e-02,7.4214619135e-01,2.0697895983e-01,1.8200295096e-02,7.6339958238e-04,1.3008543736e-02,2.1395920487e+00
7.6200000000e+02,4.7915211959e-03,1.4092005872e-02,7.3937933659e-01,2.0968952489e-01,1.8229622385e-02,7.6328647719e-04,1.3054702589e-02,2.1462161894e+00
7.6250000000e+02,4.7806342503e-03,1.4041291357e-02,7.3910279001e-01,2.1022800495e-01,1.8071565370e-02,7.4892885315e-04,1.3026785211e-02,2.1437353953e+00
7.6300000000e+02,4.8236333093e-03,1.4024303573e-02,7.3814140668e-01,2.1096963174e-01,1.8071998869e-02,7.4709069875e-04,1.3221935134e-02,2.1491219134e+00
7.6350000000e+02,4.8729028449e-03,1.4041479500e-02,7.3800493551e-01,2.1082814489e-01,1.8147969796e-02,7.5176638673e-04,1.3352801072e-02,2.1530401004e+00
7.6400000000e+02,4.9111290612e-03,1.3961846273e-02,7.3799436161e-01,2.1073908836e-01,1.8152672120e-02,7.4300482980e-04,1.3497897747e-02,2.1538238912e+00
7.6450000000e+02,4.9396703974e-03,1.3921500796e-02,7.3587436809e-01,2.1275666841e-01,1.8281110874e-02,7.3166685818e-04,1.3495014575e-02,2.1595456843e+00
7.6500000000e+02,4.9155556554e-03,1.3811960957e-02,7.3606993172e-01,2.1280536658e-01,1.8270381405e-02,7.2431134859e-04,1.3402492342e-02,2.1557402878e+00
7.6550000000e+02,4.9018888480e-03,1.3749163514e-02,7.3559509465e-01,2.1343682557e-01,1.8323798520e-02,7.1730240703e-04,1.3275926496e-02,2.1535773541e+00
7.6600000000e+02,4.9751722413e-03,1.3744931028e-02,7.3295661129e-01,2.1581555181e-01,1.8425180357e-02,7.1637750171e-04,1.3366175775e-02,2.1620232174e+00
7.6650000000e+02,5.0610426343e-03,1.3726914861e-02,7.3404909266e-01,2.1467265636e-01,1.8439004251e-02,7.1498853879e-04,1.3336300693e-02,2.1614236209e+00
7.6700000000e+02,5.0707132349e-03,1.3641325086e-02,7.3415425889e-01,2.1471077124e-01,1.8425136103e-02,7.0514751223e-04,1.3292647928e-02,2.1593713956e+00
7.6750000000e+02,5.0983477125e-03,1.3577707411e-02,7.3332213131e-01,2.1560395357e-01,1.8432712291e-02,6.9872272767e-04,1.3266424979e-02,2.1604915404e+00
7.6800000000e+02,5.1167952116e-03,1.3439407282e-02,7.3257510823e-01,2.1637245332e-01,1.8504938791e-02,6.9124751137e-04,1.3300049649e-02,2.1608417684e+00
7.6850000000e+02,5.1099790780e-03,1.3350966161e-02,7.3199507995e-01,2.1716172453e-01,1.8349974138e-02,6.8794476653e-04,1.3344331376e-02,2.1598652720e+00
7.6900000000e+02,5.1055529227e-03,1.3436436903e-02,7.3133525450e-01,2.1762739648e-01,1.8352789736e-02,6.8228264339e-04,1.3460286818e-02,2.1628312472e+00
7.6950000000e+02,5.1308051688e-03,1.3472350666e-02,7.2900283637e-01,2.1966213423e-01,1.8578125515e-02,6.7947524607e-04,1.3474272806e-02,2.1697966391e+00
7.7000000000e+02,5.0982699050e-03,1.3486363015e-02,7.2699360803e-01,2.2179407526e-01,1.8513973864e-02,6.7226799664e-04,1.3441441938e-02,2.1709389031e+00
7.7050000000e+02,5.0643414109e-03,1.3492577137e-02,7.2738616972e-01,2.2130033922e-01,1.8630832888e-02,6.6688713666e-04,1.3458852484e-02,2.1713032459e+00
7.7100000000e+02,5.0452358271e-03,1.3391841516e-02,7.2742492255e-01,2.2113424532e-01,1.8717766635e-02,6.6624096503e-04,1.3619747180e-02,2.1725552601e+00
7.7150000000e+02,5.0732026247e-03,1.3398900434e-02,7.2529095716e-01,2.2248970742e-01,1.9237552844e-02,6.6968684642e-04,1.3839992676e-02,2.1838412681e+00
7.7200000000e+02,5.0728064943e-03,1.3301852949e-02,7.2523406647e-01,2.2254829214e-01,1.9356859947e-02,6.6442494568e-04,1.3821697051e-02,2.1827577855e+00
7.7250000000e+02,5.0637270302e-03,1.3128475813e-02,7.2562851294e-01,2.2249253076e-01,1.9356404344e-02,6.5802010959e-04,1.3672328999e-02,2.1787231014e+00
7.7300000000e+02,5.0182983682e-03,1.2877499840e-02,7.2715626361e-01,2.2116189839e-01,1.9416846993e-02,6.5294155999e-04,1.3716251230e-02,2.1724898538e+00
7.7350000000e+02,5.0271697695e-03,1.2824695413e-02,7.2970022473e-01,2.1861394382e-01,1.9444993300e-02,6.4580340722e-04,1.3743169557e-02,2.1689438229e+00
7.7400000000e+02,4.9706034212e-03,1.2828157728e-02,7.3032765873e-01,2.1799011874e-01,1.9522302282e-02,6.3975002458e-04,1.3721409072e-02,2.1659635050e+00
7.7450000000e+02,4.9382299615e-03,1.2867051199e-02,7.3191406145e-01,2.1619479982e-01,1.9660094829e-02,6.3443632572e-04,1.3791326416e-02,2.1640752758e+00
7.7500000000e+02,4.9984013455e-03,1.2652851809e-02,7.3121668926e-01,2.1681431428e-01,1.9740901366e-02,6.3104551992e-04,1.3945796418e-02,2.1666396070e+00
7.7550000000e+02,4.9930883726e-03,1.2580382887e-02,7.3084396101e-01,2.1692272139e-01,1.9905145418e-02,6.3163633114e-04,1.4123064588e-02,2.1707407659e+00
7.7600000000e+02,4.9644828189e-03,1.2482546576e-02,7.3037160358e-01,2.1722230357e-01,2.0213113601e-02,6.3174708897e-04,1.4114202762e-02,2.1721310177e+00
7.7650000000e+02,4.8973797922e-03,1.2435862157e-02,7.3104819339e-01,2.1677992006e-01,2.0056474402e-02,6.2925334744e-04,1.4152916858e-02,2.1679597798e+00
7.7700000000e+02,4.8675638950e-03,1.2375768095e-02,7.3130035768e-01,2.1660730055e-01,2.0076684517e-02,6.2200809676e-04,1.4150317161e-02,2.1664481668e+00
7.7750000000e+02,4.8667749603e-03,1.2321364331e-02,7.3070201796e-01,2.1750549189e-01,1.9827074350e-02,6.1410594391e-04,1.4163170568e-02,2.1648927417e+00
7.7800000000e+02,4.8897591047e-03,1.2179851351e-02,7.3122831427e-01,2.1732233933e-01,1.9597498991e-02,6.0700735355e-04,1.4175229599e-02,2.1606681474e+00
7.7850000000e+02,4.9024200703e-03,1.2112630607e-02,7.3159396415e-01,2.1683910113e-01,1.9732461212e-02,5.9965657060e-04,1.4219766265e-02,2.1606825327e+00
7.7900000000e+02,4.9229257762e-03,1.2116853383e-02,7.2967409920e-01,2.1841709141e-01,1.9967718099e-02,6.0094442244e-04,1.4300367710e-02,2.1680903316e+00
7.7950000000e+02,4.8716274671e-03,1.2127042129e-02,7.2849477116e-01,2.1979765352e-01,1.9824226699e-02,5.9727805126e-04,1.4287400973e-02,2.1674967883e+00
7.8000000000e+02,4.8084911453e-03,1.2057350704e-02,7.2949224341e-01,2.1887036940e-01,1.9876609964e-02,5.9214672732e-04,1.4302788652e-02,2.1648481792e+00
7.8050000000e+02,4.7416520839e-03,1.1942959307e-02,7.3086924396e-01,2.1799284620e-01,1.9670343526e-02,5.8200120821e-04,1.4200953710e-02,2.1567381961e+00
7.8100000000e+02,4.7028751875e-03,1.1862264034e-02,7.3261058549e-01,2.1654059796e-01,1.9480735889e-02,5.7357557534e-04,1.4229365865e-02,2.1494926484e+00
7.8150000000e+02,4.7048075073e-03,1.1915883818e-02,7.3131278756e-01,2.1743086155e-01,1.9740625912e-02,5.7600060996e-04,1.4319033040e-02,2.1556691517e+00
7.8200000000e+02,4.6730563955e-03,1.1977630194e-02,7.3113259704e-01,2.1742552361e-01,1.9864812463e-02,5.7708034427e-04,1.4349299954e-02,2.1586694589e+00
7.8250000000e+02,4.6581601014e-03,1.1891829975e-02,7.2889105419e-01,2.1976929787e-01,1.9850947712e-02,5.7359711019e-04,1.4365113037e-02,2.1609986880e+00
7.8300000000e+02,4.6284419419e-03,1.1934213901e-02,7.2711888326e-01,2.2162264579e-01,1.9775001787e-02,5.7085288615e-04,1.4349960431e-02,2.1640257587e+00
7.8350000000e+02,4.5996309275e-03,1.1948022168e-02,7.2640731195e-01,2.2211147306e-01,1.9920352858e-02,5.6479659708e-04,1.4448412437e-02,2.1666670006e+00
7.8400000000e+02,4.5306337936e-03,1.1979765040e-02,7.2632315424e-01,2.2241652020e-01,1.9770826675e-02,5.5479103908e-04,1.4424309007e-02,2.1627294166e+00
7.8450000000e+02,4.5282875782e-03,1.2007281762e-02,7.2714860206e-01,2.2161589616e-01,1.9751082548e-02,5.4981331925e-04,1.4399036567e-02,2.1598284831e+00
7.8500000000e+02,4.5232369667e-03,1.2002614406e-02,7.2688438849e-01,2.2183553146e-01,1.9641864828e-02,5.4486300046e-04,1.4567500852e-02,2.1594725113e+00
7.8550000000e+02,4.4958632216e-03,1.1961902488e-02,7.2679761725e-01,2.2223612227e-01,1.9498240871e-02,5.4375897409e-04,1.4466494916e-02,2.1552874112e+00
7.8600000000e+02,4.4755794937e-03,1.1963212288e-02,7.2844106379e-01,2.2046486294e-01,1.9565889907e-02,5.4850618797e-04,1.4540885389e-02,2.1533396793e+00
7.8650000000e+02,4.4265056719e-03,1.1883592951e-02,7.2859939522e-01,2.2059891673e-01,1.9422419917e-02,5.4654323398e-04,1.4522626276e-02,2.1499670916e+00
7.8700000000e+02,4.4245788278e-03,1.1832392173e-02,7.2984245376e-01,2.1920830854e-01,1.9497950187e-02,5.4957966827e-04,1.4644736838e-02,2.1495344038e+00
7.8750000000e+02,4.4118387500e-03,1.1841857826e-02,7.2934914043e-01,2.1951533469e-01,1.9457583525e-02,5.5453755327e-04,1.4869707220e-02,2.1537666975e+00
7.8800000000e+02,4.3611104447e-03,1.1757158756e-02,7.2958447334e-01,2.1932176115e-01,1.9491274219e-02,5.4961810180e-04,1.4934603988e-02,2.1505871564e+00
7.8850000000e+02,4.3456638708e-03,1.1651236708e-02,7.3044108471e-01,2.1857207832e-01,1.9615515505e-02,5.4277164697e-04,1.4831649239e-02,2.1467248459e+00
7.8900000000e+02,4.3699347613e-03,1.1647079360e-02,7.3125085832e-01,2.1747112479e-01,1.9770096492e-02,5.4382516196e-04,1.4947081117e-02,2.1489956665e+00
7.8950000000e+02,4.3817320326e-03,1.1551563542e-02,7.2804918727e-01,2.2083789901e-01,1.9851195905e-02,5.4933378355e-04,1.4779088457e-02,2.1534355704e+00
7.9000000000e+02,4.3970332414e-03,1.1610501035e-02,7.2824305205e-01,2.2037847549e-01,1.9959590609e-02,5.5337077646e-04,1.4857976795e-02,2.1555223290e+00
7.9050000000e+02,4.3732482212e-03,1.1537616950e-02,7.2853213410e-01,2.2040823706e-01,1.9769836752e-02,5.4794828204e-04,1.4830978637e-02,2.1514540016e+00
7.9100000000e+02,4.2979996981e-03,1.1473722550e-02,7.2900899001e-01,2.2023288213e-01,1.9593097108e-02,5.4395856808e-04,1.4849349934e-02,2.1467584670e+00
7.9150000000e+02,4.2420592466e-03,1.1384923175e-02,7.2740499939e-01,2.2188418967e-01,1.9647337720e-02,5.4384940576e-04,1.4892641396e-02,2.1476400219e+00
7.9200000000e+02,4.2508764923e-03,1.1522177915e-02,7.2766605319e-01,2.2104460133e-01,1.9918015718e-02,5.4453461373e-04,1.5053740736e-02,2.1537247316e+00
7.9250000000e+02,4.2510753414e-03,1.1634037532e-02,7.2719746434e-01,2.2121113185e-01,2.0025034174e-02,5.3941438081e-04,1.5141842384e-02,2.1574892085e+00
7.9300000000e+02,4.2280555155e-03,1.1663417655e-02,7.2850534124e-01,2.2027230643e-01,1.9727100719e-02,5.3847598228e-04,1.5065302459e-02,2.1502529718e+00
7.9350000000e+02,4.2012211784e-03,1.1680218830e-02,7.2927913374e-01,2.1949927436e-01,1.9536776422e-02,5.3674749777e-04,1.5266627974e-02,2.1499191966e+00
7.9400000000e+02,4.1567284421e-03,1.1654159416e-02,7.2690152530e-01,2.2203897374e-01,1.9476716812e-02,5.3452896698e-04,1.5237367327e-02,2.1513827620e+00
7.9450000000e+02,4.1607387419e-03,1.1663420250e-02,7.2624358214e-01,2.2273886135e-01,1.9505027316e-02,5.3284399341e-04,1.5155526208e-02,2.1521811027e+00
7.9500000000e+02,4.1716372752e-03,1.1672495356e-02,7.2309279081e-01,2.2576349627e-01,1.9478824184e-02,5.3409830116e-04,1.5286657805e-02,2.1585931014e+00
7.9550000000e+02,4.1858552086e-03,1.1801461263e-02,7.2189897261e-01,2.2668643081e-01,1.9561051357e-02,5.3632400582e-04,1.5329904749e-02,2.1646746758e+00
7.9600000000e+02,4.2036338268e-03,1.1872030665e-02,7.2293338550e-01,2.2566098865e-01,1.9488635169e-02,5.3003070934e-04,1.5311295482e-02,2.1626162413e+00
7.9650000000e+02,4.1576564145e-03,1.1933316581e-02,7.2284370867e-01,2.2554369702e-01,1.9551729301e-02,5.3018092973e-04,1.5439711083e-02,2.1636529802e+00
7.9700000000e+02,4.1483899015e-03,1.2005064486e-02,7.2077259650e-01,2.2713347766e-01,1.9683299466e-02,5.2759316386e-04,1.5729578823e-02,2.1708443624e+00
7.9750000000e+02,4.1609154351e-03,1.1918034955e-02,7.2118672575e-01,2.2651895923e-01,1.9833572539e-02,5.2214601418e-04,1.5859646082e-02,2.1718595156e+00
7.9800000000e+02,4.1440560742e-03,1.2055727952e-02,7.2115156588e-01,2.2645887491e-01,1.9765560987e-02,5.2399686403e-04,1.5900217335e-02,2.1733646298e+00
7.9850000000e+02,4.1408415611e-03,1.2058879604e-02,7.2296508647e-01,2.2451914360e-01,1.9909749780e-02,5.2593366002e-04,1.5880365320e-02,2.1719154314e+00
7.9900000000e+02,4.1497944556e-03,1.2049060928e-02,7.2434545843e-01,2.2321774226e-01,1.9797856676e-02,5.2957482799e-04,1.5910512425e-02,2.1685534117e+00
7.9950000000e+02,4.1679053447e-03,1.1947520284e-02,7.2377057964e-01,2.2396825147e-01,1.9645360822e-02,5.3714513704e-04,1.5963237293e-02,2.1674116860e+00
8.0000000000e+02,4.1498018566e-03,1.1919529556e-02,7.2472935254e-01,2.2301142761e-01,1.9743620092e-02,5.3618835891e-04,1.5910079995e-02,2.1663047481e+00
8.0050000000e+02,4.1407918978e-03,1.1961092959e-02,7.2343538287e-01,2.2413961135e-01,1.9914593963e-02,5.4142966977e-04,1.5867097288e-02,2.1704918715e+00
8.0100000000e+02,4.1260517285e-03,1.2006243123e-02,7.2260601946e-01,2.2474202695e-01,2.0007244904e-02,5.3872289762e-04,1.5973690934e-02,2.1720662506e+00
8.0150000000e+02,4.0921100882e-03,1.2057271396e-02,7.2405627067e-01,2.2334770923e-01,1.9913902335e-02,5.3701760321e-04,1.5995718684e-02,2.1689781875e+00
8.0200000000e+02,4.0542753578e-03,1.2004356629e-02,7.2449115708e-01,2.2285110915e-01,2.0021921534e-02,5.3494095899e-04,1.6042239288e-02,2.1676172654e+00
8.0250000000e+02,4.0702158906e-03,1.2181185723e-02,7.2563388801e-01,2.2125737363e-01,2.0188952948e-02,5.4063886870e-04,1.6127744925e-02,2.1702343570e+00
8.0300000000e+02,4.0493377741e-03,1.2309426541e-02,7.2657597807e-01,2.2028446119e-01,2.0233002341e-02,5.3656652660e-04,1.6011227553e-02,2.1702805429e+00
8.0350000000e+02,4.0033218448e-03,1.2324509053e-02,7.2485764811e-01,2.2191252654e-01,2.0255687930e-02,5.3336943174e-04,1.6112937090e-02,2.1731079350e+00
8.0400000000e+02,4.0375411029e-03,1.2481670086e-02,7.2157270734e-01,2.2475642263e-01,2.0350440990e-02,5.3939503851e-04,1.6261822816e-02,2.1827430271e+00
8.0450000000e+02,4.0061426069e-03,1.2475245658e-02,7.2150388103e-01,2.2498532661e-01,2.0142024000e-02,5.4043675758e-04,1.6346943333e-02,2.1804175608e+00
8.0500000000e+02,4.0189317891e-03,1.2472140521e-02,7.2228864577e-01,2.2426348701e-01,2.0048066899e-02,5.3929441598e-04,1.6369433602e-02,2.1777728453e+00
8.0550000000e+02,4.0285919093e-03,1.2506041145e-02,7.2427608009e-01,2.2241523259e-01,2.0006168319e-02,5.4015302031e-04,1.6227732933e-02,2.1742638367e+00
8.0600000000e+02,4.0051871607e-03,1.2670576384e-02,7.2378847861e-01,2.2275132235e-01,1.9980893148e-02,5.4078593225e-04,1.6262756415e-02,2.1766524888e+00
8.0650000000e+02,4.0070449550e-03,1.2794092796e-02,7.2120536152e-01,2.2499713372e-01,2.0032029310e-02,5.4288881983e-04,1.6421448884e-02,2.1860859627e+00
8.0700000000e+02,3.9950177726e-03,1.2740364651e-02,7.2041246149e-01,2.2584564670e-01,2.0064730576e-02,5.4364203833e-04,1.6398136767e-02,2.1861625121e+00
8.0750000000e+02,3.9782533741e-03,1.2848317402e-02,7.2086933560e-01,2.2558473929e-01,1.9890131199e-02,5.3887487163e-04,1.6290348259e-02,2.1833578740e+00
8.0800000000e+02,3.9249413724e-03,1.2862463104e-02,7.2283091982e-01,2.2356177304e-01,2.0030773246e-02,5.4082730435e-04,1.6248302110e-02,2.1797163032e+00
8.0850000000e+02,3.9495662735e-03,1.2900150885e-02,7.2352074652e-01,2.2247471150e-01,2.0240174728e-02,5.4462619840e-04,1.6370023896e-02,2.1835106550e+00
8.0900000000e+02,3.9133573826e-03,1.2887024713e-02,7.2450805175e-01,2.2149124666e-01,2.0357385261e-02,5.4800771726e-04,1.6294926519e-02,2.1811417412e+00
8.0950000000e+02,3.9135421718e-03,1.2851697115e-02,7.2451984683e-01,2.2145172855e-01,2.0435799678e-02,5.4660239938e-04,1.6280783255e-02,2.1797552599e+00
8.1000000000e+02,3.9189208161e-03,1.2874642413e-02,7.2630428717e-01,2.1960239330e-01,2.0568999031e-02,5.4945257929e-04,1.6181304693e-02,2.1775686796e+00
8.1050000000e+02,3.9072817238e-03,1.2845824654e-02,7.2551208837e-01,2.2044618792e-01,2.0456594534e-02,5.5051204976e-04,1.6281510748e-02,2.1789537546e+00
8.1100000000e+02,3.9297305371e-03,1.2965272871e-02,7.2566430275e-01,2.2019016987e-01,2.0440280446e-02,5.5246529080e-04,1.6257778234e-02,2.1798041210e+00
8.1150000000e+02,3.9628537792e-03,1.3018472705e-02,7.2755639403e-01,2.1819833177e-01,2.0483616937e-02,5.5035808068e-04,1.6229972702e-02,2.1778606192e+00
8.1200000000e+02,4.0189531728e-03,1.2995295845e-02,7.2710690199e-01,2.1882645403e-01,2.0301125035e-02,5.4318956160e-04,1.6208080367e-02,2.1774730557e+00
8.1250000000e+02,4.0495895740e-03,1.3046591731e-02,7.2662201739e-01,2.1898703365e-01,2.0441444350e-02,5.4499609140e-04,1.6308327213e-02,2.1821788295e+00
8.1300000000e+02,3.9927491653e-03,1.3063971690e-02,7.2452494727e-01,2.2116277154e-01,2.0418073068e-02,5.4105676197e-04,1.6296430509e-02,2.1834578362e+00
8.1350000000e+02,3.9849518390e-03,1.3073778517e-02,7.2514678365e-01,2.2049966273e-01,2.0426725191e-02,5.3844841171e-04,1.6329649660e-02,2.1827007145e+00
8.1400000000e+02,3.9529234419e-03,1.2942673340e-02,7.2614757389e-01,2.1995014510e-01,2.0375514309e-02,5.3456639287e-04,1.6096603529e-02,2.1762310591e+00
8.1450000000e+02,3.9499370649e-03,1.3013332117e-02,7.2189166219e-01,2.2377237407e-01,2.0631772079e-02,5.3439893949e-04,1.6206523534e-02,2.1869404634e+00
8.1500000000e+02,3.9726015491e-03,1.3045075161e-02,7.2161923793e-01,2.2392776529e-01,2.0835540617e-02,5.3576191762e-04,1.6064017536e-02,2.1895909092e+00
8.1550000000e+02,3.9495263963e-03,1.2927565861e-02,7.2353316195e-01,2.2226002929e-01,2.0859466088e-02,5.3124959800e-04,1.5939000819e-02,2.1819345455e+00
8.1600000000e+02,3.9547443125e-03,1.2915730044e-02,7.2434864768e-01,2.2110565658e-01,2.0957084445e-02,5.3379045217e-04,1.6184346481e-02,2.1844351148e+00
8.1650000000e+02,3.9846804525e-03,1.2941356102e-02,7.2425664705e-01,2.2117638343e-01,2.1062853452e-02,5.3266233899e-04,1.6045417177e-02,2.1855382974e+00
8.1700000000e+02,3.9740278221e-03,1.2878913419e-02,7.2533995895e-01,2.2065216780e-01,2.0773290311e-02,5.2753005464e-04,1.5854111649e-02,2.1772501069e+00
8.1750000000e+02,3.9550326188e-03,1.2768590960e-02,7.2693535298e-01,2.1940234040e-01,2.0644686883e-02,5.2062529808e-04,1.5773370863e-02,2.1698989840e+00
8.1800000000e+02,3.9810653703e-03,1.2789306953e-02,7.2738549726e-01,2.1902732072e-01,2.0587489121e-02,5.1724980271e-04,1.5712070774e-02,2.1698274758e+00
8.1850000000e+02,3.9257486988e-03,1.2566836346e-02,7.2884362299e-01,2.1834642500e-01,2.0273287563e-02,5.0693576770e-04,1.5537143629e-02,2.1565267476e+00
8.1900000000e+02,3.9659360096e-03,1.2568963175e-02,7.2866849382e-01,2.1820007121e-01,2.0444818418e-02,5.0227685853e-04,1.5649440512e-02,2.1599496959e+00
8.1950000000e+02,3.9844612245e-03,1.2536378456e-02,7.3055279964e-01,2.1648474860e-01,2.0376148828e-02,4.9759651408e-04,1.5567866731e-02,2.1546157131e+00
8.2000000000e+02,3.9486530243e-03,1.2364233959e-02,7.3165951028e-01,2.1595652971e-01,2.0212894422e-02,4.8754833264e-04,1.5370630273e-02,2.1454735482e+00
8.2050000000e+02,3.9367776619e-03,1.2285753171e-02,7.3059155519e-01,2.1719070528e-01,2.0212988477e-02,4.8130110265e-04,1.5300919116e-02,2.1435633659e+00
8.2100000000e+02,3.9500170895e-03,1.2167775857e-02,7.2987895904e-01,2.1827588828e-01,2.0086888125e-02,4.7019154716e-04,1.5170280065e-02,2.1402060721e+00
8.2150000000e+02,3.9184684090e-03,1.2072986091e-02,7.3022455223e-01,2.1805838317e-01,2.0063177801e-02,4.6503362718e-04,1.5197398673e-02,2.1379241877e+00
8.2200000000e+02,3.9184281963e-03,1.1979366958e-02,7.2986470395e-01,2.1857802751e-01,2.0030448225e-02,4.5217557270e-04,1.5176849592e-02,2.1362023865e+00
8.2250000000e+02,3.8796273075e-03,1.1958259629e-02,7.3124204372e-01,2.1759984618e-01,1.9888202024e-02,4.4524279523e-04,1.4986778346e-02,2.1280464617e+00
8.2300000000e+02,3.9093018516e-03,1.2025289972e-02,7.3145619221e-01,2.1723964859e-01,1.9920535566e-02,4.4180302416e-04,1.5007228780e-02,2.1301802232e+00
8.2350000000e+02,3.8939458539e-03,1.1957704333e-02,7.3135874699e-01,2.1705018041e-01,2.0187240622e-02,4.3440210645e-04,1.5117779686e-02,2.1311390699e+00
8.2400000000e+02,3.9149767346e-03,1.1986658756e-02,7.3227274564e-01,2.1621030166e-01,2.0106978358e-02,4.2893300055e-04,1.5079405853e-02,2.1281671971e+00
8.2450000000e+02,3.8999026113e-03,1.1956942043e-02,7.3442352917e-01,2.1424569985e-01,2.0035377791e-02,4.2530506722e-04,1.5013243471e-02,2.1212180488e+00
8.2500000000e+02,3.8985831570e-03,1.2034481905e-02,7.3550811765e-01,2.1338650568e-01,1.9840352551e-02,4.1667379096e-04,1.4915285266e-02,2.1161577038e+00
8.2550000000e+02,3.9058386862e-03,1.2090578759e-02,7.3736648011e-01,2.1138852911e-01,1.9904767946e-02,4.1031231337e-04,1.4933493081e-02,2.1146950745e+00
8.2600000000e+02,3.8644519149e-03,1.2041806392e-02,7.3846639341e-01,2.1060161597e-01,1.9816403300e-02,4.0091575212e-04,1.4808413269e-02,2.1073723463e+00
8.2650000000e+02,3.8723072511e-03,1.2149024171e-02,7.3941591545e-01,2.0959445496e-01,1.9774318925e-02,3.9700564512e-04,1.4796973606e-02,2.1057348868e+00
8.2700000000e+02,3.8899669918e-03,1.2218677749e-02,7.3984961536e-01,2.0918715808e-01,1.9691638956e-02,3.9570404474e-04,1.4767238821e-02,2.1038073998e+00
8.2750000000e+02,3.8818701871e-03,1.2159530288e-02,7.4099793112e-01,2.0846151083e-01,1.9469046908e-02,3.9387227062e-04,1.4636238395e-02,2.0967347651e+00
8.2800000000e+02,3.8932651614e-03,1.2141954596e-02,7.4100078883e-01,2.0877602992e-01,1.9235773375e-02,3.8400838335e-04,1.4568179742e-02,2.0930425329e+00
8.2850000000e+02,3.8337123121e-03,1.2065549740e-02,7.4308908564e-01,2.0710605135e-01,1.9021767211e-02,3.7061640968e-04,1.4513217334e-02,2.0833985605e+00
8.2900000000e+02,3.8331140183e-03,1.2018373878e-02,7.4382036572e-01,2.0653593833e-01,1.9057582636e-02,3.6541269308e-04,1.4369212724e-02,2.0800785835e+00
8.2950000000e+02,3.8075841081e-03,1.2024600717e-02,7.4498357375e-01,2.0517357693e-01,1.9276393904e-02,3.5831406515e-04,1.4375956518e-02,2.0797733198e+00
8.3000000000e+02,3.8621092422e-03,1.1979895221e-02,7.4430023634e-01,2.0586656898e-01,1.9229327527e-02,3.5325976963e-04,1.4408602916e-02,2.0803899463e+00
8.3050000000e+02,3.8376919866e-03,1.1919794929e-02,7.4438153970e-01,2.0596638094e-01,1.9194807634e-02,3.4693930975e-04,1.4352845505e-02,2.0772490318e+00
8.3100000000e+02,3.8533617677e-03,1.1973323298e-02,7.4319523248e-01,2.0716487331e-01,1.9162569373e-02,3.4181602920e-04,1.4308823737e-02,2.0789012661e+00
8.3150000000e+02,3.8360686158e-03,1.2018635715e-02,7.4340795834e-01,2.0690619970e-01,1.9132403914e-02,3.3546406293e-04,1.4363269653e-02,2.0798554409e+00
8.3200000000e+02,3.8058578480e-03,1.2003635710e-02,7.4491392447e-01,2.0567244985e-01,1.8989483644e-02,3.2687646873e-04,1.4287772005e-02,2.0730913246e+00
8.3250000000e+02,3.7797430087e-03,1.1813435898e-02,7.4653566296e-01,2.0472793650e-01,1.8766130226e-02,3.1571859689e-04,1.4061372809e-02,2.0614539645e+00
8.3300000000e+02,3.7858831665e-03,1.1784214021e-02,7.4722928562e-01,2.0434990280e-01,1.8526218527e-02,3.0838334981e-04,1.4016112526e-02,2.0583176852e+00
8.3350000000e+02,3.7841584616e-03,1.1655298644e-02,7.4925287001e-01,2.0270301325e-01,1.8267441992e-02,3.0190929119e-04,1.4035308348e-02,2.0506059916e+00
8.3400000000e+02,3.8367395446e-03,1.1638864641e-02,7.4916642242e-01,2.0275704029e-01,1.8333598334e-02,2.9835227855e-04,1.3968982486e-02,2.0521574738e+00
8.3450000000e+02,3.7890035306e-03,1.1471679841e-02,7.5117432647e-01,2.0140922040e-01,1.8105516062e-02,2.8880351379e-04,1.3761450188e-02,2.0407635344e+00
8.3500000000e+02,3.7728013943e-03,1.1431844223e-02,7.5266538850e-01,2.0036181731e-01,1.7994321627e-02,2.7965119959e-04,1.3494175743e-02,2.0311280405e+00
8.3550000000e+02,3.7875981268e-03,1.1513579708e-02,7.5218402947e-01,2.0067751802e-01,1.7968280163e-02,2.6931837841e-04,1.3599676136e-02,2.0321730820e+00
8.3600000000e+02,3.7444063270e-03,1.1399322492e-02,7.5472048372e-01,1.9839911649e-01,1.7954194881e-02,2.6181284827e-04,1.3520663237e-02,2.0218182570e+00
8.3650000000e+02,3.7337684689e-03,1.1361545017e-02,7.5571817578e-01,1.9754183428e-01,1.7852854987e-02,2.5969554262e-04,1.3532125924e-02,2.0196484130e+00
8.3700000000e+02,3.7307972509e-03,1.1362016364e-02,7.5694475310e-01,1.9672674692e-01,1.7597383033e-02,2.5226009277e-04,1.3386043246e-02,2.0125113128e+00
8.3750000000e+02,3.7086119454e-03,1.1253288659e-02,7.5792893531e-01,1.9599044314e-01,1.7473647922e-02,2.4477444315e-04,1.3400298586e-02,2.0077359221e+00
8.3800000000e+02,3.7104073385e-03,1.1106046702e-02,7.5641492770e-01,1.9755273109e-01,1.7603248459e-02,2.3801712026e-04,1.3374621586e-02,2.0085049627e+00
8.3850000000e+02,3.7280282763e-03,1.1171294869e-02,7.5651453007e-01,1.9756229340e-01,1.7374078192e-02,2.3379807716e-04,1.3415977111e-02,2.0060510328e+00
8.3900000000e+02,3.7268725473e-03,1.1191966711e-02,7.5637141730e-01,1.9781103287e-01,1.7315290488e-02,2.2833198285e-04,1.3355088098e-02,2.0033096973e+00
8.3950000000e+02,3.7773182918e-03,1.1207957701e-02,7.5772120239e-01,1.9638718087e-01,1.7321780354e-02,2.2396690772e-04,1.3360593483e-02,2.0032041026e+00
8.4000000000e+02,3.7978452426e-03,1.1234289045e-02,7.5764271335e-01,1.9644875859e-01,1.7272074870e-02,2.2272055346e-04,1.3381598356e-02,2.0028905980e+00
8.4050000000e+02,3.7945085157e-03,1.1291360118e-02,7.5911356647e-01,1.9517960647e-01,1.7149473723e-02,2.1991123579e-04,1.3251573468e-02,1.9978930733e+00
8.4100000000e+02,3.8142107171e-03,1.1261743238e-02,7.5893867302e-01,1.9561286985e-01,1.7058017882e-02,2.1737633315e-04,1.3097108958e-02,1.9960887308e+00
8.4150000000e+02,3.7975874032e-03,1.1297439888e-02,7.6053584235e-01,1.9427417059e-01,1.7001103878e-02,2.1541511078e-04,1.2878440784e-02,1.9900079858e+00
8.4200000000e+02,3.8027335859e-03,1.1372772584e-02,7.6042755677e-01,1.9440563414e-01,1.6962598041e-02,2.1281088066e-04,1.2815893990e-02,1.9901590128e+00
8.4250000000e+02,3.7980000163e-03,1.1466144118e-02,7.5761907180e-01,1.9701582178e-01,1.7108150924e-02,2.1233388070e-04,1.2780477477e-02,1.9972936597e+00
8.4300000000e+02,3.8294655444e-03,1.1647374605e-02,7.5834159399e-01,1.9614288168e-01,1.7114810324e-02,2.0903999151e-04,1.2714833864e-02,1.9972612057e+00
8.4350000000e+02,3.8737048385e-03,1.1762362589e-02,7.5636277666e-01,1.9774490094e-01,1.7342321659e-02,2.0783961164e-04,1.2706093708e-02,2.0049900161e+00
8.4400000000e+02,3.8646982282e-03,1.1715639875e-02,7.5688064862e-01,1.9722135626e-01,1.7428112301e-02,2.0845601571e-04,1.2681088698e-02,2.0029826935e+00
8.4450000000e+02,3.8721330144e-03,1.1728469433e-02,7.5664751086e-01,1.9759060720e-01,1.7364432746e-02,2.0364149178e-04,1.2593205258e-02,2.0029040888e+00
8.4500000000e+02,3.8356346124e-03,1.1733330518e-02,7.5736094858e-01,1.9701251595e-01,1.7360093571e-02,2.0183829501e-04,1.2495638476e-02,1.9984135604e+00
8.4550000000e+02,3.8403772037e-03,1.1806585158e-02,7.5782424923e-01,1.9674980513e-01,1.7208816021e-02,2.0049243417e-04,1.2369674821e-02,1.9954847098e+00
8.4600000000e+02,3.8108952598e-03,1.1764123223e-02,7.5968588398e-01,1.9536350094e-01,1.6966080065e-02,1.9987795867e-04,1.2209638576e-02,1.9859994654e+00
8.4650000000e+02,3.7917645185e-03,1.1813459073e-02,7.6012382727e-01,1.9516959069e-01,1.6812105731e-02,1.9846482244e-04,1.2090787897e-02,1.9812538943e+00
8.4700000000e+02,3.7827732000e-03,1.1860536669e-02,7.6087455729e-01,1.9455727657e-01,1.6692460810e-02,1.9665653509e-04,1.2035738928e-02,1.9786044347e+00
8.4750000000e+02,3.7635025675e-03,1.1911228960e-02,7.6243546452e-01,1.9319891024e-01,1.6507136903e-02,1.9281909004e-04,1.1990937724e-02,1.9737653477e+00
8.4800000000e+02,3.7692342574e-03,1.1988386174e-02,7.6263733049e-01,1.9301948229e-01,1.6513349216e-02,1.9150646681e-04,1.1880711109e-02,1.9722270536e+00
8.4850000000e+02,3.7833913771e-03,1.1906016846e-02,7.6176473344e-01,1.9401653807e-01,1.6482291118e-02,1.9249052472e-04,1.1854538632e-02,1.9719638083e+00
8.4900000000e+02,3.7845656002e-03,1.1958146926e-02,7.6037263916e-01,1.9530523425e-01,1.6512436909e-02,1.9459000422e-04,1.1872387145e-02,1.9756722531e+00
8.4950000000e+02,3.7840312620e-03,1.1993509767e-02,7.6003952406e-01,1.9597199063e-01,1.6270022994e-02,1.9328527917e-04,1.1747636009e-02,1.9736042818e+00
8.5000000000e+02,3.8228181393e-03,1.2017566809e-02,7.6104294476e-01,1.9503277802e-01,1.6285106789e-02,1.9457240524e-04,1.1604213077e-02,1.9710713686e+00
8.5050000000e+02,3.8321485609e-03,1.1981192115e-02,7.6162543747e-01,1.9468852397e-01,1.6191467896e-02,1.9559738292e-04,1.1485632611e-02,1.9668766981e+00
8.5100000000e+02,3.8231203134e-03,1.2132903951e-02,7.5995043984e-01,1.9624729302e-01,1.6190489337e-02,1.9647208546e-04,1.1459281454e-02,1.9706499814e+00
8.5150000000e+02,3.8364285438e-03,1.2252541790e-02,7.5940280183e-01,1.9669341340e-01,1.6239501446e-02,1.9929757133e-04,1.1376015420e-02,1.9735347992e+00
8.5200000000e+02,3.8590442048e-03,1.2292565682e-02,7.5822520867e-01,1.9784880807e-01,1.6241521887e-02,2.0207631914e-04,1.1330775175e-02,1.9763616540e+00
8.5250000000e+02,3.8051590784e-03,1.2399225757e-02,7.6069810451e-01,1.9514819320e-01,1.6289848702e-02,2.0599748423e-04,1.1453471266e-02,1.9732281113e+00
8.5300000000e+02,3.7873332905e-03,1.2486749196e-02,7.6005525806e-01,1.9567163086e-01,1.6272387477e-02,2.0851624732e-04,1.1518124864e-02,1.9751064116e+00
8.5350000000e+02,3.7513310846e-03,1.2426330507e-02,7.5934760833e-01,1.9664558787e-01,1.6192194389e-02,2.1223780258e-04,1.1424710016e-02,1.9735816590e+00
8.5400000000e+02,3.7289089287e-03,1.2506282151e-02,7.5819011925e-01,1.9783004819e-01,1.6078059578e-02,2.1320103235e-04,1.1453380873e-02,1.9755556319e+00
8.5450000000e+02,3.7202394295e-03,1.2516065552e-02,7.5860444023e-01,1.9758457609e-01,1.5979462225e-02,2.1260732000e-04,1.1382609149e-02,1.9732885238e+00
8.5500000000e+02,3.7555851542e-03,1.2558654465e-02,7.5743231456e-01,1.9882249446e-01,1.5918199034e-02,2.1444485388e-04,1.1298307472e-02,1.9769601731e+00
8.5550000000e+02,3.7557962948e-03,1.2716661162e-02,7.5745367166e-01,1.9879616560e-01,1.5796832575e-02,2.1222622759e-04,1.1268646481e-02,1.9776355427e+00
8.5600000000e+02,3.7224349177e-03,1.2633266125e-02,7.5932421379e-01,1.9729481025e-01,1.5714373611e-02,2.1801858217e-04,1.1092882718e-02,1.9688857110e+00
8.5650000000e+02,3.7218643864e-03,1.2503103146e-02,7.5979200315e-01,1.9695585080e-01,1.5708741396e-02,2.1992176769e-04,1.1098515361e-02,1.9667727457e+00
8.5700000000e+02,3.7313426666e-03,1.2453653445e-02,7.6107000228e-01,1.9578696324e-01,1.5808648880e-02,2.2099501712e-04,1.0928394467e-02,1.9633046070e+00
8.5750000000e+02,3.7377657715e-03,1.2269616039e-02,7.6136052333e-01,1.9571058115e-01,1.5797454194e-02,2.2402729219e-04,1.0900032217e-02,1.9612144656e+00
8.5800000000e+02,3.7346037532e-03,1.2301351046e-02,7.6188635333e-01,1.9526938268e-01,1.5652169021e-02,2.2978884496e-04,1.0926351327e-02,1.9604855610e+00
8.5850000000e+02,3.6925639966e-03,1.2164533763e-02,7.6274719351e-01,1.9459041403e-01,1.5742071124e-02,2.3184502927e-04,1.0831378547e-02,1.9554942909e+00
8.5900000000e+02,3.7133402846e-03,1.2156520995e-02,7.6372146552e-01,1.9374684806e-01,1.5724789142e-02,2.3703142057e-04,1.0700004575e-02,1.9531964174e+00
8.5950000000e+02,3.7071364744e-03,1.2265521244e-02,7.6205558665e-01,1.9522302614e-01,1.5748888282e-02,2.4209098470e-04,1.0757750231e-02,1.9591038344e+00
8.6000000000e+02,3.6917823856e-03,1.2235129156e-02,7.6271430528e-01,1.9460000241e-01,1.5907808452e-02,2.4463091499e-04,1.0606341404e-02,1.9575913541e+00
8.6050000000e+02,3.6569571947e-03,1.2359775181e-02,7.6054243288e-01,1.9666241474e-01,1.5958402853e-02,2.4857888118e-04,1.0571438272e-02,1.9626313088e+00
8.6100000000e+02,3.7066905520e-03,1.2508276935e-02,7.5672819445e-01,2.0029034286e-01,1.5928287403e-02,2.5805745035e-04,1.0580150347e-02,1.9735801674e+00
8.6150000000e+02,3.7141976658e-03,1.2575420239e-02,7.5439208723e-01,2.0264266204e-01,1.5906130671e-02,2.6606904841e-04,1.0503433105e-02,1.9785154810e+00
8.6200000000e+02,3.6859114821e-03,1.2492353417e-02,7.5640199185e-01,2.0094555470e-01,1.5805688247e-02,2.7048369206e-04,1.0398016607e-02,1.9718729254e+00
8.6250000000e+02,3.6509207902e-03,1.2447596133e-02,7.5612290322e-01,2.0118668478e-01,1.5965835086e-02,2.7583818741e-04,1.0350221807e-02,1.9725542127e+00
8.6300000000e+02,3.6560741233e-03,1.2322136534e-02,7.5678468585e-01,2.0079014941e-01,1.5875928680e-02,2.8020547839e-04,1.0290819918e-02,1.9687469271e+00
8.6350000000e+02,3.6470257555e-03,1.2337205419e-02,7.5732984933e-01,2.0031664656e-01,1.5852455534e-02,2.8423281173e-04,1.0232584584e-02,1.9677853123e+00
8.6400000000e+02,3.6434244937e-03,1.2275990765e-02,7.5666819865e-01,2.0094769894e-01,1.5971752811e-02,2.8923086883e-04,1.0203703470e-02,1.9687129692e+00
8.6450000000e+02,3.6608564427e-03,1.2242315757e-02,7.5632345598e-01,2.0119979438e-01,1.6048328337e-02,2.9637445135e-04,1.0228874643e-02,1.9716441835e+00
8.6500000000e+02,3.6991133361e-03,1.2309193286e-02,7.5468144243e-01,2.0256605248e-01,1.6092175621e-02,3.0528173160e-04,1.0346741122e-02,1.9795464864e+00
8.6550000000e+02,3.6862368339e-03,1.2359795124e-02,7.5552588313e-01,2.0169282713e-01,1.6113694874e-02,3.1132646386e-04,1.0310236448e-02,1.9796156308e+00
8.6600000000e+02,3.7078609792e-03,1.2596003229e-02,7.5271599756e-01,2.0401402579e-01,1.6194183020e-02,3.2192870684e-04,1.0450000723e-02,1.9920477650e+00
8.6650000000e+02,3.6671608882e-03,1.2643736035e-02,7.5501541896e-01,2.0184193849e-01,1.6096570023e-02,3.2723363537e-04,1.0407941968e-02,1.9871332820e+00
8.6700000000e+02,3.6684686121e-03,1.2598020563e-02,7.5440884384e-01,2.0230024267e-01,1.6213503884e-02,3.3644221134e-04,1.0474478217e-02,1.9902190886e+00
8.6750000000e+02,3.6646600243e-03,1.2604041535e-02,7.5362474132e-01,2.0320238220e-01,1.6046037178e-02,3.4338575049e-04,1.0514751994e-02,1.9916272740e+00
8.6800000000e+02,3.6844248046e-03,1.2672350256e-02,7.5323902029e-01,2.0331209016e-01,1.6178099429e-02,3.5101970296e-04,1.0562995354e-02,1.9964714118e+00
8.6850000000e+02,3.7010087416e-03,1.2575102017e-02,7.5200388604e-01,2.0460699935e-01,1.6120361924e-02,3.6109300677e-04,1.0631548921e-02,1.9982504886e+00
8.6900000000e+02,3.6968952071e-03,1.2528324393e-02,7.5212435020e-01,2.0442707914e-01,1.6188323292e-02,3.6731415291e-04,1.0667713608e-02,1.9989332041e+00
8.6950000000e+02,3.7283086578e-03,1.2617869961e-02,7.5249070382e-01,2.0383799776e-01,1.6243300021e-02,3.7579772127e-04,1.0706022058e-02,2.0026126917e+00
8.7000000000e+02,3.7390010986e-03,1.2551437062e-02,7.5000997334e-01,2.0612984449e-01,1.6373176225e-02,3.8623491158e-04,1.0810332869e-02,2.0111576158e+00
8.7050000000e+02,3.7580305044e-03,1.2465781123e-02,7.4996074769e-01,2.0642275910e-01,1.6220534481e-02,3.8944589778e-04,1.0782701197e-02,2.0100755884e+00
8.7100000000e+02,3.7808433354e-03,1.2555766114e-02,7.4860140297e-01,2.0743534286e-01,1.6354592275e-02,4.0045543537e-04,1.0871597014e-02,2.0175669182e+00
8.7150000000e+02,3.7872847604e-03,1.2620322660e-02,7.4872481416e-01,2.0698659641e-01,1.6424653037e-02,4.1061182138e-04,1.1045717159e-02,2.0223795221e+00
8.7200000000e+02,3.7984788073e-03,1.2586087718e-02,7.4772566137e-01,2.0803354744e-01,1.6433076288e-02,4.2431338233e-04,1.0998834995e-02,2.0248556445e+00
8.7250000000e+02,3.8140535563e-03,1.2560965513e-02,7.4680375177e-01,2.0882804388e-01,1.6491216785e-02,4.3410170031e-04,1.1067866798e-02,2.0294601323e+00
8.7300000000e+02,3.8482823709e-03,1.2638265436e-02,7.4629760281e-01,2.0922111050e-01,1.6355876840e-02,4.4918759409e-04,1.1189674446e-02,2.0342864636e+00
8.7350000000e+02,3.9062066161e-03,1.2696215594e-02,7.4494849572e-01,2.1035522262e-01,1.6407428844e-02,4.6047245466e-04,1.1225958156e-02,2.0400632812e+00
8.7400000000e+02,3.9570870591e-03,1.2753373726e-02,7.4362054059e-01,2.1127852485e-01,1.6562063824e-02,4.7108491852e-04,1.1357325032e-02,2.0487866678e+00
8.7450000000e+02,3.9660712733e-03,1.2859304922e-02,7.4473673740e-01,2.1011721317e-01,1.6524478393e-02,4.7640813285e-04,1.1319786702e-02,2.0487156319e+00
8.7500000000e+02,4.0044453562e-03,1.2853504296e-02,7.4476217462e-01,2.1023857541e-01,1.6352403297e-02,4.8163825849e-04,1.1307258762e-02,2.0481219588e+00
8.7550000000e+02,4.0267031466e-03,1.2839463353e-02,7.4475878408e-01,2.1003983611e-01,1.6431949154e-02,4.8781025166e-04,1.1415453911e-02,2.0506498467e+00
8.7600000000e+02,3.9752874102e-03,1.2793441741e-02,7.4509892806e-01,2.0974363254e-01,1.6442320592e-02,4.9298113041e-04,1.1453408525e-02,2.0494789615e+00
8.7650000000e+02,4.0001835255e-03,1.2813660187e-02,7.4446758061e-01,2.1007716886e-01,1.6639481718e-02,4.9865474302e-04,1.1503270366e-02,2.0548451237e+00
8.7700000000e+02,3.9777996659e-03,1.2691425490e-02,7.4621983214e-01,2.0883121692e-01,1.6386061825e-02,5.0113705186e-04,1.1392526903e-02,2.0463014774e+00
8.7750000000e+02,3.9559422781e-03,1.2741563167e-02,7.4665017049e-01,2.0836020407e-01,1.6372706557e-02,5.0569495318e-04,1.1413718479e-02,2.0455122158e+00
8.7800000000e+02,3.9334412038e-03,1.2719654441e-02,7.4659204208e-01,2.0831113160e-01,1.6408980997e-02,5.0668833747e-04,1.1528061339e-02,2.0462624398e+00
8.7850000000e+02,3.9351692160e-03,1.2777550671e-02,7.4682506814e-01,2.0795356404e-01,1.6467082322e-02,5.1576908562e-04,1.1525796524e-02,2.0484692380e+00
8.7900000000e+02,3.9351594976e-03,1.2800073398e-02,7.4707997480e-01,2.0737258884e-01,1.6656841950e-02,5.2294033017e-04,1.1632421188e-02,2.0531283521e+00
8.7950000000e+02,3.9360703112e-03,1.2872710117e-02,7.4621247079e-01,2.0816603730e-01,1.6633702635e-02,5.2655907904e-04,1.1652449766e-02,2.0557355200e+00
8.8000000000e+02,3.9211481700e-03,1.2915715746e-02,7.4562884975e-01,2.0862064176e-01,1.6659418132e-02,5.3211183147e-04,1.1722114605e-02,2.0578257983e+00
8.8050000000e+02,3.9039308327e-03,1.2862745182e-02,7.4699932818e-01,2.0700194847e-01,1.6808032151e-02,5.4184890760e-04,1.1882166276e-02,2.0585563012e+00
8.8100000000e+02,3.9291683594e-03,1.2922163912e-02,7.4895309158e-01,2.0487183826e-01,1.6807629722e-02,5.4473049363e-04,1.1971377668e-02,2.0585482345e+00
8.8150000000e+02,3.8946054066e-03,1.2922511493e-02,7.5127750004e-01,2.0260338912e-01,1.6793782684e-02,5.4355022423e-04,1.1964661028e-02,2.0539339047e+00
8.8200000000e+02,3.8742097939e-03,1.2810694925e-02,7.4946764067e-01,2.0464449499e-01,1.6727654701e-02,5.4550964359e-04,1.1929795277e-02,2.0539453721e+00
8.8250000000e+02,3.8546474169e-03,1.2778992309e-02,7.4913823287e-01,2.0517271793e-01,1.6700413754e-02,5.4970561632e-04,1.1805290108e-02,2.0530938355e+00
8.8300000000e+02,3.8422316464e-03,1.2873895273e-02,7.5053498345e-01,2.0369195473e-01,1.6704348387e-02,5.5775740217e-04,1.1794829110e-02,2.0520683079e+00
8.8350000000e+02,3.8935469204e-03,1.3107384439e-02,7.4873325708e-01,2.0477310242e-01,1.7004982812e-02,5.6954682863e-04,1.1918179506e-02,2.0652722361e+00
8.8400000000e+02,3.9272037144e-03,1.3059397852e-02,7.5148732273e-01,2.0218055322e-01,1.6891119974e-02,5.6926292595e-04,1.1885139584e-02,2.0586703139e+00
8.8450000000e+02,3.8911975447e-03,1.2889948037e-02,7.5125659002e-01,2.0270322310e-01,1.6847209251e-02,5.6811459210e-04,1.1843717457e-02,2.0557955445e+00
8.8500000000e+02,3.8804561861e-03,1.2844682566e-02,7.5060923095e-01,2.0334731856e-01,1.6789922246e-02,5.7314876896e-04,1.1955240721e-02,2.0579465874e+00
8.8550000000e+02,3.8357312856e-03,1.2677854074e-02,7.4963939591e-01,2.0448508421e-01,1.6702508356e-02,5.6903092916e-04,1.2090395239e-02,2.0578562888e+00
8.8600000000e+02,3.8398803358e-03,1.2581455659e-02,7.4835364365e-01,2.0592689332e-01,1.6716735996e-02,5.6890439121e-04,1.2012486652e-02,2.0581917626e+00
8.8650000000e+02,3.8191712821e-03,1.2455599881e-02,7.4920192689e-01,2.0530138285e-01,1.6733006559e-02,5.6525237121e-04,1.1923660176e-02,2.0530598962e+00
8.8700000000e+02,3.8220045245e-03,1.2320520462e-02,7.4917613354e-01,2.0547692043e-01,1.6699144663e-02,5.6876430179e-04,1.1936512081e-02,2.0515716441e+00
8.8750000000e+02,3.8176389557e-03,1.2353604526e-02,7.5113477273e-01,2.0325676413e-01,1.6926548048e-02,5.7353362740e-04,1.1937137991e-02,2.0513079648e+00
8.8800000000e+02,3.7874894740e-03,1.2265047632e-02,7.4982831777e-01,2.0461624608e-01,1.6938736097e-02,5.7345235270e-04,1.1990710597e-02,2.0520063055e+00
8.8850000000e+02,3.7878826276e-03,1.2390001047e-02,7.4974240052e-01,2.0440971633e-01,1.7046785150e-02,5.7887351505e-04,1.2044340815e-02,2.0559785216e+00
8.8900000000e+02,3.7693318588e-03,1.2334802667e-02,7.5056707664e-01,2.0361966647e-01,1.7037083735e-02,5.7698976278e-04,1.2095048868e-02,2.0535482263e+00
8.8950000000e+02,3.7467952315e-03,1.2138003472e-02,7.4950403065e-01,2.0485726521e-01,1.7009645175e-02,5.8534961447e-04,1.2158910648e-02,2.0532939636e+00
8.9000000000e+02,3.7715680790e-03,1.2097846394e-02,7.4970352828e-01,2.0467822936e-01,1.7054025727e-02,5.8010578257e-04,1.2114696375e-02,2.0536059621e+00
8.9050000000e+02,3.7881276391e-03,1.2254467318e-02,7.4700041138e-01,2.0693371919e-01,1.7173721963e-02,5.9065317273e-04,1.2258899342e-02,2.0649221206e+00
8.9100000000e+02,3.7960544738e-03,1.2233635781e-02,7.4489610960e-01,2.0893958603e-01,1.7248001479e-02,5.8987961323e-04,1.2296733030e-02,2.0706083736e+00
8.9150000000e+02,3.8033970773e-03,1.2319904691e-02,7.4346991468e-01,2.0983189578e-01,1.7529196902e-02,5.9466357370e-04,1.2451027296e-02,2.0793056497e+00
8.9200000000e+02,3.8219793695e-03,1.2381241941e-02,7.4452224980e-01,2.0872179597e-01,1.7527066380e-02,5.9656297754e-04,1.2429103567e-02,2.0787169426e+00
8.9250000000e+02,3.7643068122e-03,1.2335191305e-02,7.4585723305e-01,2.0773095869e-01,1.7375174702e-02,5.9852984249e-04,1.2338605602e-02,2.0711478044e+00
8.9300000000e+02,3.7477084989e-03,1.2353184866e-02,7.4763420283e-01,2.0597439513e-01,1.7323888006e-02,5.9173466414e-04,1.2374885999e-02,2.0666838388e+00
8.9350000000e+02,3.7433994385e-03,1.2241544537e-02,7.5029647554e-01,2.0376405142e-01,1.7128811733e-02,5.9163973280e-04,1.2234077604e-02,2.0564537098e+00
8.9400000000e+02,3.7477000043e-03,1.2294818510e-02,7.5000037417e-01,2.0384207391e-01,1.7218945119e-02,5.9373995042e-04,1.2302348344e-02,2.0585428682e+00
8.9450000000e+02,3.7839347691e-03,1.2348019544e-02,7.4765694033e-01,2.0595566267e-01,1.7290057662e-02,5.9007740105e-04,1.2375307621e-02,2.0656349704e+00
8.9500000000e+02,3.7880822715e-03,1.2201155741e-02,7.4926375731e-01,2.0450359142e-01,1.7316734318e-02,5.8604354736e-04,1.2340635395e-02,2.0606212931e+00
8.9550000000e+02,3.8396998793e-03,1.2249452941e-02,7.4782563078e-01,2.0571346896e-01,1.7326956135e-02,5.8686178537e-04,1.2457929518e-02,2.0664670221e+00
8.9600000000e+02,3.8524063704e-03,1.2182201965e-02,7.4682266310e-01,2.0678448628e-01,1.7274963861e-02,5.8505267774e-04,1.2498225744e-02,2.0668040651e+00
8.9650000000e+02,3.8531989436e-03,1.2258579463e-02,7.4749969987e-01,2.0581086284e-01,1.7360743552e-02,5.9260991092e-04,1.2624305421e-02,2.0692538941e+00
8.9700000000e+02,3.8752145515e-03,1.2318160706e-02,7.4806961482e-01,2.0488868360e-01,1.7426802085e-02,5.9395886751e-04,1.2827565379e-02,2.0725535572e+00
8.9750000000e+02,3.8997230553e-03,1.2447109718e-02,7.4696596000e-01,2.0562689521e-01,1.7462156298e-02,5.9776260943e-04,1.3000393110e-02,2.0788259675e+00
8.9800000000e+02,3.9234478787e-03,1.2625150206e-02,7.4471580888e-01,2.0745184221e-01,1.7599531056e-02,5.9361446502e-04,1.3090605304e-02,2.0874251822e+00
8.9850000000e+02,3.9536865212e-03,1.2886817207e-02,7.4203052184e-01,2.0977457744e-01,1.7689187681e-02,5.9892736124e-04,1.3066281947e-02,2.0965314098e+00
8.9900000000e+02,3.9399859984e-03,1.2914216423e-02,7.4326740226e-01,2.0833281576e-01,1.7812606803e-02,6.0473942165e-04,1.3128233334e-02,2.0962491235e+00
8.9950000000e+02,3.9388459950e-03,1.3033330326e-02,7.4508701230e-01,2.0619345367e-01,1.7932008299e-02,6.0342050542e-04,1.3211928901e-02,2.0956199149e+00
9.0000000000e+02,3.9493287687e-03,1.2980768895e-02,7.4381044357e-01,2.0738510866e-01,1.8040297144e-02,6.0609468749e-04,1.3227958268e-02,2.0982805310e+00
9.0050000000e+02,3.9002941393e-03,1.2988649726e-02,7.4350888313e-01,2.0749771344e-01,1.8213819095e-02,6.0366494406e-04,1.3286975523e-02,2.1003206633e+00
9.0100000000e+02,3.8526857828e-03,1.2777306223e-02,7.4522130581e-01,2.0634727463e-01,1.8077217951e-02,5.9543126415e-04,1.3128778339e-02,2.0904272683e+00
9.0150000000e+02,3.8572387940e-03,1.2707772465e-02,7.4455690446e-01,2.0732462606e-01,1.7947621861e-02,5.9598839295e-04,1.3009847966e-02,2.0881791723e+00
9.0200000000e+02,3.8610108253e-03,1.2701092360e-02,7.4299571524e-01,2.0893368045e-01,1.7884237300e-02,5.9485704789e-04,1.3029406777e-02,2.0900700860e+00
9.0250000000e+02,3.8685919254e-03,1.2634721624e-02,7.4399888914e-01,2.0791969252e-01,1.7871099658e-02,5.9367583035e-04,1.3113329298e-02,2.0877104265e+00
9.0300000000e+02,3.8497314430e-03,1.2624320118e-02,7.4414238968e-01,2.0791595355e-01,1.7859325736e-02,5.9139563939e-04,1.3016883830e-02,2.0848365437e+00
9.0350000000e+02,3.8779109182e-03,1.2624190328e-02,7.4482452375e-01,2.0729364518e-01,1.7861045690e-02,5.8641947264e-04,1.2932264660e-02,2.0846408237e+00
9.0400000000e+02,3.8802197766e-03,1.2674557189e-02,7.4504971116e-01,2.0710418994e-01,1.7854638912e-02,5.8597570830e-04,1.2850707317e-02,2.0845013987e+00
9.0450000000e+02,3.9229467404e-03,1.2647706526e-02,7.4651428918e-01,2.0552698510e-01,1.7767028421e-02,5.8256743122e-04,1.3038476605e-02,2.0828821467e+00
9.0500000000e+02,3.8600023498e-03,1.2619460559e-02,7.4837741172e-01,2.0376634035e-01,1.7692341683e-02,5.7291993142e-04,1.3111523407e-02,2.0768471767e+00
9.0550000000e+02,3.9220385473e-03,1.2523308641e-02,7.4740202966e-01,2.0454549002e-01,1.7824948002e-02,5.7318064519e-04,1.3209004488e-02,2.0810472123e+00
9.0600000000e+02,3.9729422151e-03,1.2669522703e-02,7.4370635770e-01,2.0761413958e-01,1.8060047637e-02,5.7858483231e-04,1.3398405332e-02,2.0950083930e+00
9.0650000000e+02,3.9861198998e-03,1.2558322758e-02,7.4394997112e-01,2.0749085069e-01,1.8020408254e-02,5.7615554931e-04,1.3418171731e-02,2.0929075443e+00
9.0700000000e+02,3.9975457542e-03,1.2523093632e-02,7.4451991689e-01,2.0700001937e-01,1.8021183783e-02,5.6791207053e-04,1.3370328508e-02,2.0906344065e+00
9.0750000000e+02,3.9590659878e-03,1.2511174599e-02,7.4572977975e-01,2.0616686421e-01,1.7812911359e-02,5.5828510504e-04,1.3261918991e-02,2.0824979511e+00
9.0800000000e+02,3.9305450187e-03,1.2665938566e-02,7.4648742526e-01,2.0502081915e-01,1.7890446123e-02,5.5813494022e-04,1.3446690943e-02,2.0845081649e+00
9.0850000000e+02,3.9354556361e-03,1.2734995490e-02,7.4636253335e-01,2.0518025846e-01,1.7760000864e-02,5.5998059456e-04,1.3466775601e-02,2.0850655106e+00
9.0900000000e+02,3.9032399216e-03,1.2744420493e-02,7.4489873836e-01,2.0691010866e-01,1.7701114403e-02,5.5466891487e-04,1.3287709247e-02,2.0845175775e+00
9.0950000000e+02,3.8631618642e-03,1.2788194839e-02,7.4505482970e-01,2.0675732644e-01,1.7680484653e-02,5.5444849461e-04,1.3301554010e-02,2.0831857741e+00
9.1000000000e+02,3.8603337682e-03,1.2962826208e-02,7.4208028127e-01,2.0971513949e-01,1.7605324382e-02,5.4679409131e-04,1.3229300792e-02,2.0879431944e+00
9.1050000000e+02,3.9023674994e-03,1.3062352386e-02,7.4031711202e-01,2.1100781877e-01,1.7741135825e-02,5.4430090530e-04,1.3424912592e-02,2.0967057934e+00
9.1100000000e+02,3.8813328215e-03,1.2997316282e-02,7.4199635551e-01,2.0952193956e-01,1.7645844534e-02,5.3821674853e-04,1.3418994540e-02,2.0910460149e+00
9.1150000000e+02,3.8766495272e-03,1.3016749195e-02,7.4178877503e-01,2.0957596331e-01,1.7753245520e-02,5.3360823808e-04,1.3455009182e-02,2.0923869852e+00
9.1200000000e+02,3.8828782680e-03,1.3117730855e-02,7.4068135739e-01,2.1050930702e-01,1.7758545572e-02,5.3231224005e-04,1.3517868648e-02,2.0963303807e+00
9.1250000000e+02,3.8555447114e-03,1.2988916033e-02,7.4269894484e-01,2.0901908629e-01,1.7493053039e-02,5.3012422963e-04,1.3414330849e-02,2.0869663946e+00
9.1300000000e+02,3.8830912929e-03,1.3028424342e-02,7.4008580254e-01,2.1159065754e-01,1.7340732565e-02,5.2698385220e-04,1.3544307871e-02,2.0919077946e+00
9.1350000000e+02,3.9201051160e-03,1.3046942039e-02,7.3963326775e-01,2.1192386129e-01,1.7385032674e-02,5.2630758960e-04,1.3564483550e-02,2.0938415075e+00
9.1400000000e+02,3.9471243199e-03,1.3238067490e-02,7.4030124618e-01,2.1061442374e-01,1.7628297686e-02,5.2409959750e-04,1.3746740989e-02,2.0986601575e+00
9.1450000000e+02,3.9498247532e-03,1.3212991298e-02,7.3895008594e-01,2.1188123249e-01,1.7721602103e-02,5.2330352656e-04,1.3760959886e-02,2.1010203798e+00
9.1500000000e+02,3.9685530596e-03,1.3143355890e-02,7.3956273900e-01,2.1135934904e-01,1.7591269845e-02,5.1835906132e-04,1.3856374102e-02,2.0993279701e+00
9.1550000000e+02,4.0259118287e-03,1.3025371179e-02,7.3990504933e-01,2.1084365358e-01,1.7817669008e-02,5.1814231381e-04,1.3864202766e-02,2.1022489593e+00
9.1600000000e+02,4.0288119278e-03,1.2998326084e-02,7.3939756037e-01,2.1135959495e-01,1.7913423369e-02,5.1382085126e-04,1.3788462443e-02,2.1024147382e+00
9.1650000000e+02,4.0056267587e-03,1.2971189698e-02,7.4014992483e-01,2.1054739965e-01,1.8153579983e-02,5.0988146919e-04,1.3662397609e-02,2.1002597055e+00
9.1700000000e+02,4.0573347990e-03,1.3068923798e-02,7.3976662208e-01,2.1063175786e-01,1.8252970138e-02,5.1125775125e-04,1.3711133568e-02,2.1035355540e+00
9.1750000000e+02,4.0505006923e-03,1.3107659688e-02,7.3922226177e-01,2.1118613119e-01,1.8234587710e-02,5.1082296046e-04,1.3688035988e-02,2.1045422390e+00
9.1800000000e+02,4.0948135456e-03,1.3252760957e-02,7.3659549000e-01,2.1354506180e-01,1.8241053315e-02,5.1132994367e-04,1.3759490434e-02,2.1129693879e+00
9.1850000000e+02,4.0948152400e-03,1.3210887424e-02,7.3608850042e-01,2.1414032703e-01,1.8202272562e-02,5.0747818392e-04,1.3755719137e-02,2.1129905752e+00
9.1900000000e+02,4.1304658709e-03,1.3297035538e-02,7.3591434474e-01,2.1409077416e-01,1.8321198814e-02,5.0375665157e-04,1.3742424224e-02,2.1156051404e+00
9.1950000000e+02,4.1042175579e-03,1.3280116866e-02,7.3665466429e-01,2.1343283875e-01,1.8322370467e-02,5.0191837137e-04,1.3703873700e-02,2.1114179495e+00
9.2000000000e+02,4.0852279543e-03,1.3176389647e-02,7.3745113643e-01,2.1284790613e-01,1.8304160382e-02,4.9358519806e-04,1.3641594261e-02,2.1055577241e+00
9.2050000000e+02,4.1250252110e-03,1.3174602564e-02,7.3690480735e-01,2.1334212910e-01,1.8458806898e-02,4.8838002874e-04,1.3506248842e-02,2.1057035374e+00
9.2100000000e+02,4.0878407259e-03,1.3191032929e-02,7.3743261275e-01,2.1280909707e-01,1.8496168531e-02,4.8472386715e-04,1.3498524124e-02,2.1038300845e+00
9.2150000000e+02,4.0636871415e-03,1.3182474347e-02,7.3850226086e-01,2.1188347669e-01,1.8461865603e-02,4.7704098370e-04,1.3429194369e-02,2.0994003862e+00
9.2200000000e+02,4.0890813191e-03,1.3280515877e-02,7.3862677434e-01,2.1170764140e-01,1.8379635829e-02,4.7913218295e-04,1.3437219059e-02,2.1009629356e+00
9.2250000000e+02,4.1406415391e-03,1.3302173654e-02,7.3812912192e-01,2.1201696153e-01,1.8469642234e-02,4.8097201150e-04,1.3460487105e-02,2.1043724848e+00
9.2300000000e+02,4.1799682815e-03,1.3152210295e-02,7.3818806764e-01,2.1198164183e-01,1.8498173645e-02,4.8023214417e-04,1.3519706169e-02,2.1038569581e+00
9.2350000000e+02,4.2077246788e-03,1.2989280163e-02,7.4140804004e-01,2.0886037116e-01,1.8582961102e-02,4.7656258295e-04,1.3475060270e-02,2.0953240166e+00
9.2400000000e+02,4.1961933750e-03,1.2920635222e-02,7.4162780311e-01,2.0874053817e-01,1.8634054336e-02,4.7061686833e-04,1.3410158915e-02,2.0918084481e+00
9.2450000000e+02,4.1674452231e-03,1.2931208973e-02,7.3822924992e-01,2.1201164236e-01,1.8763145826e-02,4.7278524895e-04,1.3424522454e-02,2.0987607096e+00
9.2500000000e+02,4.1899316762e-03,1.2857997030e-02,7.3724883010e-01,2.1300646676e-01,1.8793283429e-02,4.6598336986e-04,1.3437507643e-02,2.1001100817e+00
9.2550000000e+02,4.2104844904e-03,1.2793505171e-02,7.3676161435e-01,2.1345360115e-01,1.8744598138e-02,4.6562055067e-04,1.3570576152e-02,2.1016049595e+00
9.2600000000e+02,4.2547438716e-03,1.2740837311e-02,7.3686480749e-01,2.1324945234e-01,1.8790732903e-02,4.6909107946e-04,1.3630335007e-02,2.1023938873e+00
9.2650000000e+02,4.3065093796e-03,1.2909162908e-02,7.3491722846e-01,2.1481785628e-01,1.8842292114e-02,4.7084894574e-04,1.3736101917e-02,2.1101624857e+00
9.2700000000e+02,4.2844019328e-03,1.2711116746e-02,7.3546238793e-01,2.1458086683e-01,1.8848752747e-02,4.6714078912e-04,1.3645333029e-02,2.1044319224e+00
9.2750000000e+02,4.2779926849e-03,1.2673767124e-02,7.3240164967e-01,2.1769423566e-01,1.8842364373e-02,4.6766306463e-04,1.3642327424e-02,2.1072189141e+00
9.2800000000e+02,4.2437902587e-03,1.2673221439e-02,7.3430919874e-01,2.1600075953e-01,1.8771745430e-02,4.6509097478e-04,1.3536193632e-02,2.1009449577e+00
9.2850000000e+02,4.2743456159e-03,1.2758199905e-02,7.3138480597e-01,2.1842007108e-01,1.9118063321e-02,4.6296437622e-04,1.3581549727e-02,2.1090671580e+00
9.2900000000e+02,4.2839846915e-03,1.2760798855e-02,7.3086612700e-01,2.1878993583e-01,1.9240973002e-02,4.6544469420e-04,1.3592735927e-02,2.1105009670e+00
9.2950000000e+02,4.2463903749e-03,1.2700668865e-02,7.3159062401e-01,2.1796867059e-01,1.9459100950e-02,4.6375221593e-04,1.3570792996e-02,2.1086561869e+00
9.3000000000e+02,4.2071733383e-03,1.2770193729e-02,7.3251456498e-01,2.1698239985e-01,1.9513564591e-02,4.6942479963e-04,1.3542678708e-02,2.1061335742e+00
9.3050000000e+02,4.1885269537e-03,1.2841825692e-02,7.3310287572e-01,2.1649149120e-01,1.9493187111e-02,4.6487640134e-04,1.3417216923e-02,2.1043141850e+00
9.3100000000e+02,4.1712151275e-03,1.2731296217e-02,7.3416996897e-01,2.1565271235e-01,1.9405782859e-02,4.6386554347e-04,1.3405158928e-02,2.0984692954e+00
9.3150000000e+02,4.1885428766e-03,1.2776786969e-02,7.3479091195e-01,2.1519611638e-01,1.9198615031e-02,4.5693068647e-04,1.3392096104e-02,2.0951597880e+00
9.3200000000e+02,4.1949880661e-03,1.2591498747e-02,7.3495115513e-01,2.1543332764e-01,1.8965223607e-02,4.4884460370e-04,1.3414962211e-02,2.0900650537e+00
9.3250000000e+02,4.1746424940e-03,1.2566985308e-02,7.3646172080e-01,2.1379069582e-01,1.8947694926e-02,4.5315099657e-04,1.3605109658e-02,2.0883579040e+00
9.3300000000e+02,4.1643318045e-03,1.2589731581e-02,7.3470027213e-01,2.1556247826e-01,1.8899390598e-02,4.5577383796e-04,1.3628021786e-02,2.0921101092e+00
9.3350000000e+02,4.1390844578e-03,1.2555694683e-02,7.3370232996e-01,2.1627957399e-01,1.9082103395e-02,4.5690512835e-04,1.3784308384e-02,2.0955118055e+00
9.3400000000e+02,4.1468158949e-03,1.2598559779e-02,7.3237289808e-01,2.1747793846e-01,1.9116638942e-02,4.5642594816e-04,1.3830722891e-02,2.0994965654e+00
9.3450000000e+02,4.1014736060e-03,1.2672373445e-02,7.3315743504e-01,2.1687101278e-01,1.9069418976e-02,4.5848119542e-04,1.3669804963e-02,2.0943782645e+00
9.3500000000e+02,4.0698516497e-03,1.2558058275e-02,7.3548807686e-01,2.1497815420e-01,1.8894643640e-02,4.5504668485e-04,1.3556168686e-02,2.0852401168e+00
9.3550000000e+02,4.0619444155e-03,1.2497580786e-02,7.3616651084e-01,2.1436126047e-01,1.8884602814e-02,4.4824230660e-04,1.3579858368e-02,2.0833507602e+00
9.3600000000e+02,4.0567095562e-03,1.2570407594e-02,7.3809744841e-01,2.1245755043e-01,1.8921704778e-02,4.4520315589e-04,1.3450976082e-02,2.0800587857e+00
9.3650000000e+02,4.0676900631e-03,1.2583641129e-02,7.3860104572e-01,2.1210835201e-01,1.8909260635e-02,4.4786752567e-04,1.3282142920e-02,2.0766734893e+00
9.3700000000e+02,4.0337811973e-03,1.2639298923e-02,7.3931066703e-01,2.1140043457e-01,1.9033191471e-02,4.5081753381e-04,1.3131809270e-02,2.0746355449e+00
9.3750000000e+02,4.0154810857e-03,1.2691230181e-02,7.4020594516e-01,2.1055455974e-01,1.8979812375e-02,4.5018200297e-04,1.3102789449e-02,2.0734185880e+00
9.3800000000e+02,4.0071733479e-03,1.2612094321e-02,7.4202450173e-01,2.0890950105e-01,1.8981804706e-02,4.4278030528e-04,1.3022144534e-02,2.0686003054e+00
9.3850000000e+02,4.0159929520e-03,1.2722789649e-02,7.4094760344e-01,2.0975383893e-01,1.9022245799e-02,4.4578085558e-04,1.3091748372e-02,2.0712506619e+00
9.3900000000e+02,4.0201882989e-03,1.2825670156e-02,7.4118822131e-01,2.0946043468e-01,1.8935151961e-02,4.5137154080e-04,1.3118962051e-02,2.0730485537e+00
9.3950000000e+02,4.0073478779e-03,1.2790040519e-02,7.4162178348e-01,2.0902551019e-01,1.8997906671e-02,4.5440629614e-04,1.3103004965e-02,2.0738362980e+00
9.4000000000e+02,4.0028702620e-03,1.2825620458e-02,7.4192493337e-01,2.0896044034e-01,1.8806456314e-02,4.5067706516e-04,1.3029002193e-02,2.0727711515e+00
9.4050000000e+02,3.9343360345e-03,1.2770973651e-02,7.4221556293e-01,2.0877668255e-01,1.8790526754e-02,4.5148499902e-04,1.3060433079e-02,2.0706200762e+00
9.4100000000e+02,3.8930377665e-03,1.2773876974e-02,7.4218469991e-01,2.0895319685e-01,1.8691810276e-02,4.5258997106e-04,1.3050788253e-02,2.0693225614e+00
9.4150000000e+02,3.9230231116e-03,1.2711226415e-02,7.4159303426e-01,2.0955715390e-01,1.8675484998e-02,4.5278342924e-04,1.3087293880e-02,2.0701797495e+00
9.4200000000e+02,3.9190358921e-03,1.2677372013e-02,7.4361372668e-01,2.0744212172e-01,1.8787385523e-02,4.5410707813e-04,1.3106251091e-02,2.0652035008e+00
9.4250000000e+02,3.9222301903e-03,1.2712822826e-02,7.4377892455e-01,2.0730648637e-01,1.8741739524e-02,4.5401641560e-04,1.3083780131e-02,2.0655511935e+00
9.4300000000e+02,3.9204347347e-03,1.2886266271e-02,7.4247483054e-01,2.0814960755e-01,1.8810804668e-02,4.5682926722e-04,1.3301226972e-02,2.0755382066e+00
9.4350000000e+02,3.9001476167e-03,1.2947836983e-02,7.4168496557e-01,2.0898265209e-01,1.8717304387e-02,4.5735019490e-04,1.3309743154e-02,2.0766727274e+00
9.4400000000e+02,3.8524871358e-03,1.2952153671e-02,7.4193500960e-01,2.0873831480e-01,1.8892291766e-02,4.6108842735e-04,1.3168654603e-02,2.0750421848e+00
9.4450000000e+02,3.8213939952e-03,1.2858463038e-02,7.4416838284e-01,2.0686834820e-01,1.8798053294e-02,4.6199018350e-04,1.3023368451e-02,2.0674364717e+00
9.4500000000e+02,3.7701414429e-03,1.2790266231e-02,7.4286542004e-01,2.0850364323e-01,1.8591907007e-02,4.6326141010e-04,1.3015360646e-02,2.0676280816e+00
9.4550000000e+02,3.7944851848e-03,1.2828837829e-02,7.4367438920e-01,2.0756633764e-01,1.8662218345e-02,4.6313057481e-04,1.3010601221e-02,2.0675738711e+00
9.4600000000e+02,3.7914339941e-03,1.2645279226e-02,7.4695325117e-01,2.0486430642e-01,1.8359559727e-02,4.5881587893e-04,1.2927353583e-02,2.0549027707e+00
9.4650000000e+02,3.7832140746e-03,1.2662414191e-02,7.4769295686e-01,2.0404628803e-01,1.8479115893e-02,4.5835596813e-04,1.2877654984e-02,2.0550018366e+00
9.4700000000e+02,3.7964961042e-03,1.2686726346e-02,7.4664393091e-01,2.0484859042e-01,1.8659697133e-02,4.6354988440e-04,1.2901009201e-02,2.0592515351e+00
9.4750000000e+02,3.8085561069e-03,1.2657992189e-02,7.4594467451e-01,2.0560265553e-01,1.8591995971e-02,4.6635010471e-04,1.2927775583e-02,2.0609617476e+00
9.4800000000e+02,3.8048845266e-03,1.2656813944e-02,7.4692323770e-01,2.0485927455e-01,1.8650709244e-02,4.6812187984e-04,1.2636958156e-02,2.0566288130e+00
9.4850000000e+02,3.7534715445e-03,1.2651858441e-02,7.4817437138e-01,2.0374822748e-01,1.8700034314e-02,4.7267130123e-04,1.2499365539e-02,2.0508334117e+00
9.4900000000e+02,3.7741871191e-03,1.2651918510e-02,7.4681426304e-01,2.0481515059e-01,1.9056021767e-02,4.7265309285e-04,1.2415805879e-02,2.0561464764e+00
9.4950000000e+02,3.7790890052e-03,1.2730236606e-02,7.4514369497e-01,2.0645166550e-01,1.8981268018e-02,4.7679724410e-04,1.2437248658e-02,2.0612018817e+00
9.5000000000e+02,3.8145840943e-03,1.2825866837e-02,7.4398486443e-01,2.0746337327e-01,1.8933001318e-02,4.7839337232e-04,1.2499916681e-02,2.0655035514e+00
9.5050000000e+02,3.8193592431e-03,1.2942727195e-02,7.4382687538e-01,2.0731363891e-01,1.9055284843e-02,4.8589347409e-04,1.2556220957e-02,2.0691617941e+00
9.5100000000e+02,3.8178803537e-03,1.2842200796e-02,7.4579832240e-01,2.0564285134e-01,1.8876479528e-02,4.8762887483e-04,1.2534636707e-02,2.0620209830e+00
9.5150000000e+02,3.7748314800e-03,1.2805580194e-02,7.4598025586e-01,2.0550523425e-01,1.8876611947e-02,4.8949378156e-04,1.2567992486e-02,2.0596893399e+00
9.5200000000e+02,3.7354412831e-03,1.2742546491e-02,7.4541009790e-01,2.0613655637e-01,1.8930177168e-02,4.9003314572e-04,1.2555147633e-02,2.0589774354e+00
9.5250000000e+02,3.7343124727e-03,1.2594108818e-02,7.4483405193e-01,2.0679840113e-01,1.8912239262e-02,4.9290160567e-04,1.2633984783e-02,2.0580536006e+00
9.5300000000e+02,3.7867294201e-03,1.2739962145e-02,7.4195686431e-01,2.0922985438e-01,1.8916561293e-02,4.9813398486e-04,1.2871894466e-02,2.0690440398e+00
9.5350000000e+02,3.7749769337e-03,1.2805955352e-02,7.4161588826e-01,2.0966391809e-01,1.8778505632e-02,4.9913333023e-04,1.2861622406e-02,2.0688475606e+00
9.5400000000e+02,3.7933843416e-03,1.2755287708e-02,7.3940218101e-01,2.1186271885e-01,1.8825513644e-02,4.9687471518e-04,1.2864039729e-02,2.0733146173e+00
9.5450000000e+02,3.8585359055e-03,1.2693509409e-02,7.3952622701e-01,2.1148393670e-01,1.9050431551e-02,4.9695538459e-04,1.2890404039e-02,2.0759571022e+00
9.5500000000e+02,3.8287863879e-03,1.2624003450e-02,7.3943879236e-01,2.1159858121e-01,1.9088336568e-02,5.0053883348e-04,1.2920961192e-02,2.0753643275e+00
9.5550000000e+02,3.8154511058e-03,1.2491452425e-02,7.4023593684e-01,2.1089112386e-01,1.9186484358e-02,5.0533237963e-04,1.2874219030e-02,2.0745211614e+00
9.5600000000e+02,3.8402218710e-03,1.2531382804e-02,7.4256089645e-01,2.0840485681e-01,1.9211359031e-02,5.0112844866e-04,1.2950154586e-02,2.0729578540e+00
9.5650000000e+02,3.8564506140e-03,1.2430897550e-02,7.4316592842e-01,2.0806914491e-01,1.9053458682e-02,4.9984585266e-04,1.2924273969e-02,2.0691316052e+00
9.5700000000e+02,3.8649614337e-03,1.2247096931e-02,7.4473728910e-01,2.0673494001e-01,1.8969578862e-02,4.9238444486e-04,1.2953749222e-02,2.0636862296e+00
9.5750000000e+02,3.9136515748e-03,1.2365229069e-02,7.4494844119e-01,2.0602880135e-01,1.9139599975e-02,4.9439050435e-04,1.3109886331e-02,2.0688064958e+00
9.5800000000e+02,3.9621171607e-03,1.2431648120e-02,7.4244578623e-01,2.0834177622e-01,1.9150292239e-02,4.9665622822e-04,1.3171723801e-02,2.0748346701e+00
9.5850000000e+02,3.9735545128e-03,1.2397415562e-02,7.4295293710e-01,2.0793879483e-01,1.9108864700e-02,4.9450130895e-04,1.3133931989e-02,2.0744412507e+00
9.5900000000e+02,3.9078852643e-03,1.2191248031e-02,7.4498416056e-01,2.0656051839e-01,1.8898477331e-02,4.9225717022e-04,1.2965453257e-02,2.0635297371e+00
9.5950000000e+02,3.9477802141e-03,1.2175725540e-02,7.4714084854e-01,2.0442630410e-01,1.8858221321e-02,5.0110382889e-04,1.2950016459e-02,2.0610074842e+00
9.6000000000e+02,4.0061684325e-03,1.2176867036e-02,7.4574774727e-01,2.0552058965e-01,1.8938934945e-02,5.0696649151e-04,1.3102726169e-02,2.0696833401e+00
9.6050000000e+02,4.0061279839e-03,1.2201893277e-02,7.4484868305e-01,2.0626102547e-01,1.9075854422e-02,5.1113168402e-04,1.3095284120e-02,2.0717026128e+00
9.6100000000e+02,4.0230513840e-03,1.2201831932e-02,7.4417402949e-01,2.0687520953e-01,1.9024514459e-02,5.1271069601e-04,1.3188652511e-02,2.0744608938e+00
9.6150000000e+02,4.0565138749e-03,1.2228101136e-02,7.4408557487e-01,2.0686851198e-01,1.9057409806e-02,5.1343387418e-04,1.3190454461e-02,2.0761314930e+00
9.6200000000e+02,4.0782400031e-03,1.2386567973e-02,7.4300258202e-01,2.0774648081e-01,1.9113347147e-02,5.1171813137e-04,1.3161063908e-02,2.0792935646e+00
9.6250000000e+02,4.0380607069e-03,1.2387517892e-02,7.4610823560e-01,2.0489412098e-01,1.8958109377e-02,5.0714961812e-04,1.3106805825e-02,2.0703207778e+00
9.6300000000e+02,4.0249202751e-03,1.2502860058e-02,7.4545064495e-01,2.0559397538e-01,1.8848581323e-02,5.0831046761e-04,1.3070707546e-02,2.0720139327e+00
9.6350000000e+02,4.0383559603e-03,1.2499954882e-02,7.4477052422e-01,2.0641206069e-01,1.8849095745e-02,5.0362464791e-04,1.2926383854e-02,2.0705758329e+00
9.6400000000e+02,4.0280293924e-03,1.2460932341e-02,7.4505351239e-01,2.0608088994e-01,1.8939221598e-02,5.0563391687e-04,1.2931780427e-02,2.0715420614e+00
9.6450000000e+02,4.0049277888e-03,1.2384856654e-02,7.4560833168e-01,2.0580548027e-01,1.8715395442e-02,5.0495125196e-04,1.2976056921e-02,2.0662213441e+00
9.6500000000e+02,3.9930083097e-03,1.2375343132e-02,7.4551048945e-01,2.0588527171e-01,1.8656416256e-02,5.0520664899e-04,1.3074264489e-02,2.0682122690e+00
9.6550000000e+02,3.9860025950e-03,1.2353802872e-02,7.4579840447e-01,2.0552876082e-01,1.8724100700e-02,5.0607861105e-04,1.3102849932e-02,2.0677788020e+00
9.6600000000e+02,3.9880028349e-03,1.2508859754e-02,7.4542623398e-01,2.0558840396e-01,1.8828030069e-02,5.0852275075e-04,1.3151946657e-02,2.0712239657e+00
9.6650000000e+02,3.9975041793e-03,1.2356792847e-02,7.4672434533e-01,2.0477300713e-01,1.8624216965e-02,5.1084549248e-04,1.3013288060e-02,2.0656911145e+00
9.6700000000e+02,4.0336150894e-03,1.2395750683e-02,7.4693221387e-01,2.0436574139e-01,1.8684000590e-02,5.1602061509e-04,1.3072657762e-02,2.0672859177e+00
9.6750000000e+02,4.0459406093e-03,1.2369899970e-02,7.4598052847e-01,2.0526589549e-01,1.8731710008e-02,5.1723961916e-04,1.3088785836e-02,2.0699004951e+00
9.6800000000e+02,4.0703315100e-03,1.2457133803e-02,7.4428615395e-01,2.0649482577e-01,1.8818457289e-02,5.2230595535e-04,1.3350791716e-02,2.0783245749e+00
9.6850000000e+02,4.0570811789e-03,1.2468324296e-02,7.4289095099e-01,2.0789338346e-01,1.8857138015e-02,5.1491301456e-04,1.3318209050e-02,2.0798307491e+00
9.6900000000e+02,4.0485125980e-03,1.2464866922e-02,7.4175169630e-01,2.0904984907e-01,1.8795325376e-02,5.1468181062e-04,1.3375067918e-02,2.0808529206e+00
9.6950000000e+02,4.0534789083e-03,1.2415491768e-02,7.4191456160e-01,2.0883967307e-01,1.8832928742e-02,5.1376899048e-04,1.3430096928e-02,2.0798111754e+00
9.7000000000e+02,4.0619011834e-03,1.2421146704e-02,7.4154345305e-01,2.0905518142e-01,1.8931877401e-02,5.2015720926e-04,1.3466283029e-02,2.0826227380e+00
9.7050000000e+02,4.0814458578e-03,1.2412964868e-02,7.4120833587e-01,2.0945322208e-01,1.8859426300e-02,5.1812442182e-04,1.3466480603e-02,2.0847468218e+00
9.7100000000e+02,4.0716855121e-03,1.2491363485e-02,7.4023380588e-01,2.1015943300e-01,1.8982967478e-02,5.1944428613e-04,1.3541300365e-02,2.0879351831e+00
9.7150000000e+02,4.0828917075e-03,1.2574123289e-02,7.4022008161e-01,2.1011906879e-01,1.8906552040e-02,5.2116301655e-04,1.3576119547e-02,2.0887065451e+00
9.7200000000e+02,4.0739776786e-03,1.2551472278e-02,7.4170708356e-01,2.0856116583e-01,1.8964498827e-02,5.2058581433e-04,1.3621216020e-02,2.0866003973e+00
9.7250000000e+02,4.0609485190e-03,1.2578800365e-02,7.4058553991e-01,2.0920828801e-01,1.9249677970e-02,5.2722677190e-04,1.3789518451e-02,2.0929886361e+00
9.7300000000e+02,4.0451984927e-03,1.2533602867e-02,7.4112120689e-01,2.0879595468e-01,1.9332860641e-02,5.2120751384e-04,1.3649968922e-02,2.0891641418e+00
9.7350000000e+02,4.0274923060e-03,1.2466914342e-02,7.4132318170e-01,2.0871460857e-01,1.9262101990e-02,5.1749158387e-04,1.3688209503e-02,2.0880251312e+00
9.7400000000e+02,4.0171206165e-03,1.2456444351e-02,7.4047022309e-01,2.0948120477e-01,1.9343969525e-02,5.2279206887e-04,1.3708245583e-02,2.0893737611e+00
9.7450000000e+02,4.0373615089e-03,1.2517128799e-02,7.3979868420e-01,2.0959888696e-01,1.9657839197e-02,5.2583906711e-04,1.3864260267e-02,2.0956480067e+00
9.7500000000e+02,4.0423056816e-03,1.2548252287e-02,7.4057466955e-01,2.0843961260e-01,1.9853326340e-02,5.2993419788e-04,1.4011899346e-02,2.0980522532e+00
9.7550000000e+02,4.0409068499e-03,1.2506587551e-02,7.4216185325e-01,2.0704194655e-01,1.9784297933e-02,5.2428563513e-04,1.3940122228e-02,2.0934348404e+00
9.7600000000e+02,4.0361583612e-03,1.2659018237e-02,7.4231606715e-01,2.0669958766e-01,1.9831143811e-02,5.2508038639e-04,1.3932944393e-02,2.0946130536e+00
9.7650000000e+02,4.0570816778e-03,1.2751471830e-02,7.4104881588e-01,2.0755440952e-01,1.9886415089e-02,5.2732822281e-04,1.4174477778e-02,2.1017643232e+00
9.7700000000e+02,3.9992978527e-03,1.2778161932e-02,7.4161783960e-01,2.0706398267e-01,1.9798300922e-02,5.2451638106e-04,1.4217900644e-02,2.0998099445e+00
9.7750000000e+02,3.9968530065e-03,1.2749662808e-02,7.3993047673e-01,2.0863066636e-01,1.9843460102e-02,5.2524170734e-04,1.4323639289e-02,2.1033769503e+00
9.7800000000e+02,4.0034748574e-03,1.2721965910e-02,7.3874988429e-01,2.0969885593e-01,1.9981943657e-02,5.3601720919e-04,1.4307858142e-02,2.1064123087e+00
9.7850000000e+02,3.9833502291e-03,1.2510094559e-02,7.4052179962e-01,2.0820524561e-01,1.9940647180e-02,5.3239707843e-04,1.4306465720e-02,2.1001039454e+00
9.7900000000e+02,3.9950131755e-03,1.2534357298e-02,7.4027214194e-01,2.0833908500e-01,2.0076223495e-02,5.3531300717e-04,1.4247866082e-02,2.1014899157e+00
9.7950000000e+02,3.9756042157e-03,1.2475914776e-02,7.4186021933e-01,2.0698338786e-01,1.9959168273e-02,5.3913541528e-04,1.4206570129e-02,2.0957249181e+00
9.8000000000e+02,3.9194320334e-03,1.2445452955e-02,7.4054334653e-01,2.0818853886e-01,2.0010938402e-02,5.3856897544e-04,1.4353722246e-02,2.0988002273e+00
9.8050000000e+02,3.9458354172e-03,1.2481352834e-02,7.4058517677e-01,2.0807328538e-01,1.9985079139e-02,5.3964335881e-04,1.4389627107e-02,2.1016227153e+00
9.8100000000e+02,3.9206175925e-03,1.2446150342e-02,7.3938733955e-01,2.0926932987e-01,1.9927020963e-02,5.3973046941e-04,1.4509811207e-02,2.1048032073e+00
9.8150000000e+02,3.9087004053e-03,1.2482321397e-02,7.4143289213e-01,2.0727030107e-01,1.9897394208e-02,5.4090811733e-04,1.4467482676e-02,2.1014149274e+00
9.8200000000e+02,3.9217209100e-03,1.2695747684e-02,7.3935639934e-01,2.0871044025e-01,2.0160214925e-02,5.4786878722e-04,1.4607608104e-02,2.1129751483e+00
9.8250000000e+02,3.9081792019e-03,1.2898807227e-02,7.3895188869e-01,2.0893323422e-01,2.0146863700e-02,5.5364369735e-04,1.4607383264e-02,2.1138787545e+00
9.8300000000e+02,3.8983773613e-03,1.2987391163e-02,7.3797598023e-01,2.0961194185e-01,2.0268960279e-02,5.5764045377e-04,1.4699708661e-02,2.1193588241e+00
9.8350000000e+02,3.9025856120e-03,1.3015269812e-02,7.3809775468e-01,2.0927988510e-01,2.0306843555e-02,5.5736349057e-04,1.4840297755e-02,2.1212739749e+00
9.8400000000e+02,3.9138468447e-03,1.2924287927e-02,7.3715628401e-01,2.1023350664e-01,2.0348796053e-02,5.6101662518e-04,1.4862261901e-02,2.1228493750e+00
9.8450000000e+02,3.8849428947e-03,1.2827274576e-02,7.4086591574e-01,2.0700809686e-01,2.0112927585e-02,5.5551563893e-04,1.4745326712e-02,2.1109886125e+00
9.8500000000e+02,3.8830780908e-03,1.2898258099e-02,7.4258222811e-01,2.0520040185e-01,2.0173905341e-02,5.5455987502e-04,1.4707568632e-02,2.1081825105e+00
9.8550000000e+02,3.8354890251e-03,1.2824132830e-02,7.4586746093e-01,2.0222279729e-01,2.0084352024e-02,5.4950538598e-04,1.4616262508e-02,2.1000854345e+00
9.8600000000e+02,3.8922677177e-03,1.2803460288e-02,7.4702251009e-01,2.0102761591e-01,2.0030997822e-02,5.5386480501e-04,1.4669283365e-02,2.0995965485e+00
9.8650000000e+02,3.8812769174e-03,1.2714416581e-02,7.4888137851e-01,1.9954410257e-01,1.9897437610e-02,5.4588210747e-04,1.4535505701e-02,2.0922334949e+00
9.8700000000e+02,3.8854589049e-03,1.2742491069e-02,7.4831749439e-01,1.9986342004e-01,1.9949685583e-02,5.5252543950e-04,1.4688924565e-02,2.0974992815e+00
9.8750000000e+02,3.8736602580e-03,1.2894195957e-02,7.4742216469e-01,2.0054608659e-01,2.0067333446e-02,5.5508531489e-04,1.4641473745e-02,2.1021249593e+00
9.8800000000e+02,3.8745393396e-03,1.2790467418e-02,7.4783166593e-01,2.0058409588e-01,1.9864751743e-02,5.5168240094e-04,1.4502797290e-02,2.0976540294e+00
9.8850000000e+02,3.9071348192e-03,1.2950653161e-02,7.4622756179e-01,2.0171566976e-01,1.9943267568e-02,5.6012905882e-04,1.4695583851e-02,2.1061676393e+00
9.8900000000e+02,3.9222722468e-03,1.2983790987e-02,7.4574807884e-01,2.0224603647e-01,1.9753140126e-02,5.6519008706e-04,1.4781491238e-02,2.1077187062e+00
9.8950000000e+02,3.9478986105e-03,1.3067436390e-02,7.4394131814e-01,2.0375103015e-01,1.9850166639e-02,5.6742659575e-04,1.4874723475e-02,2.1146511422e+00
9.9000000000e+02,3.9413171968e-03,1.3010131676e-02,7.4494304131e-01,2.0285407111e-01,1.9765667662e-02,5.6846076706e-04,1.4917310277e-02,2.1127373752e+00
9.9050000000e+02,3.9580928221e-03,1.2985794003e-02,7.4590275739e-01,2.0165840861e-01,1.9994159802e-02,5.7115149108e-04,1.4929635887e-02,2.1138105638e+00
9.9100000000e+02,3.9749491692e-03,1.3006190506e-02,7.4406509289e-01,2.0310917830e-01,2.0134991404e-02,5.7623821552e-04,1.5133359516e-02,2.1212948146e+00
9.9150000000e+02,3.9413769973e-03,1.2940050265e-02,7.4523807900e-01,2.0187483803e-01,2.0293020916e-02,5.8642302708e-04,1.5126211759e-02,2.1199945676e+00
9.9200000000e+02,3.9760592586e-03,1.3015487063e-02,7.4358252245e-01,2.0319852898e-01,2.0376315728e-02,5.9038382220e-04,1.5260702698e-02,2.1267960302e+00
9.9250000000e+02,3.9132490274e-03,1.2963212275e-02,7.4461837787e-01,2.0264139084e-01,2.0145609254e-02,5.8154898001e-04,1.5136611760e-02,2.1180767323e+00
9.9300000000e+02,3.8872241143e-03,1.2945272452e-02,7.4647454980e-01,2.0103694643e-01,2.0023382616e-02,5.7792365474e-04,1.5054700937e-02,2.1131776024e+00
9.9350000000e+02,3.8632619035e-03,1.2885110275e-02,7.4800648653e-01,1.9974294763e-01,1.9874958557e-02,5.7459581163e-04,1.5052639301e-02,2.1067980950e+00
9.9400000000e+02,3.8805736233e-03,1.3058734330e-02,7.4713093458e-01,2.0006595596e-01,2.0087365757e-02,5.8320444339e-04,1.5193231306e-02,2.1146549599e+00
9.9450000000e+02,3.8568366780e-03,1.3025647353e-02,7.4974598218e-01,1.9767962791e-01,1.9987990910e-02,5.8223658587e-04,1.5121678385e-02,2.1070054396e+00
9.9500000000e+02,3.8705268248e-03,1.3133782471e-02,7.4780024038e-01,1.9931375973e-01,2.0023122279e-02,5.8796031324e-04,1.5270607995e-02,2.1147544994e+00
9.9550000000e+02,3.9217246789e-03,1.3180697925e-02,7.4646174821e-01,2.0008462751e-01,2.0237573296e-02,5.9248161075e-04,1.5521146762e-02,2.1236310186e+00
9.9600000000e+02,3.9309294680e-03,1.3186026311e-02,7.4468964363e-01,2.0161535575e-01,2.0278435591e-02,5.9255148464e-04,1.5707057765e-02,2.1280613080e+00
9.9650000000e+02,3.9214157512e-03,1.2994610574e-02,7.4646275757e-01,1.9988773495e-01,2.0355984197e-02,5.9521567351e-04,1.5782281282e-02,2.1242013951e+00
9.9700000000e+02,3.8881268986e-03,1.2969055133e-02,7.4881392714e-01,1.9793119119e-01,2.0062142120e-02,5.9446055525e-04,1.5741096967e-02,2.1171833232e+00
9.9750000000e+02,3.8731697131e-03,1.2856813089e-02,7.4916630531e-01,1.9784456722e-01,1.9857259427e-02,5.9940670827e-04,1.5802478536e-02,2.1149267903e+00
9.9800000000e+02,3.8833907835e-03,1.2811437991e-02,7.5028633298e-01,1.9689671534e-01,1.9822107143e-02,5.9776242983e-04,1.5702253336e-02,2.1120892579e+00
9.9850000000e+02,3.8469833035e-03,1.2821027787e-02,7.5059222500e-01,1.9680431094e-01,1.9645423172e-02,6.0001888650e-04,1.5690010912e-02,2.1099363187e+00
9.9900000000e+02,3.8405984213e-03,1.2745398410e-02,7.5095368362e-01,1.9629567603e-01,1.9871540817e-02,6.0028132730e-04,1.5692821371e-02,2.1100424519e+00
9.9950000000e+02,3.8402522011e-03,1.2840963487e-02,7.5030250640e-01,1.9678217473e-01,1.9879919029e-02,6.0154443283e-04,1.5752639715e-02,2.1134236115e+00

# METADATA: {"config_sha256": "314680c8aebb", "provenance": "Hardened_JPCL_Resubmission_v1.3", "git_commit_sha": "4883ee974158"}
