time_fs,population_site_1,population_site_2,population_site_3,population_site_4,population_site_5,population_site_6,population_site_7,coherences
0.0000000000e+00,2.6653030282e-01,3.5687571535e-02,4.5799527455e-02,4.0010930148e-02,1.3283670100e-01,8.0375459269e-03,4.7109742112e-01,4.1062362492e+00
5.0000000000e-01,2.6712747149e-01,3.5202103910e-02,4.5850744144e-02,3.9849707624e-02,1.3173568785e-01,8.0638355865e-03,4.7217044939e-01,4.0987771355e+00
1.0000000000e+00,2.6634836720e-01,3.5397913999e-02,4.5518485438e-02,4.0157139365e-02,1.3090639577e-01,8.0894651804e-03,4.7358223305e-01,4.0975059956e+00
1.5000000000e+00,2.6553064578e-01,3.5681458583e-02,4.5418594193e-02,4.0570391355e-02,1.2990775220e-01,8.2686157556e-03,4.7462254214e-01,4.1024373045e+00
2.0000000000e+00,2.6667168035e-01,3.6152482160e-02,4.5706611639e-02,4.0521320399e-02,1.2905660359e-01,8.5122781112e-03,4.7337902375e-01,4.1117006740e+00
2.5000000000e+00,2.6591855964e-01,3.6464373186e-02,4.5311510942e-02,4.0619800929e-02,1.2864224227e-01,8.8213994825e-03,4.7422211355e-01,4.1165580874e+00
3.0000000000e+00,2.6457528912e-01,3.6559637564e-02,4.5608900780e-02,4.1289722903e-02,1.2817269049e-01,9.2183438663e-03,4.7457541528e-01,4.1300544908e+00
3.5000000000e+00,2.6244736837e-01,3.6830378856e-02,4.5180267952e-02,4.1633315542e-02,1.2758222952e-01,9.6457682531e-03,4.7668067151e-01,4.1359677890e+00
4.0000000000e+00,2.6006523691e-01,3.7309840897e-02,4.5235735977e-02,4.1969060478e-02,1.2852273385e-01,1.0157442566e-02,4.7673994932e-01,4.1533798393e+00
4.5000000000e+00,2.5888130930e-01,3.7786115687e-02,4.5034342875e-02,4.3288042520e-02,1.2763262440e-01,1.0772038193e-02,4.7660552703e-01,4.1734357493e+00
5.0000000000e+00,2.5875862062e-01,3.8287786015e-02,4.4372619537e-02,4.4549997064e-02,1.2661886537e-01,1.1300485655e-02,4.7611162574e-01,4.1884085247e+00
5.5000000000e+00,2.5776603726e-01,3.9325670726e-02,4.4217430987e-02,4.5815760518e-02,1.2543147405e-01,1.2061925324e-02,4.7538170113e-01,4.2136035191e+00
6.0000000000e+00,2.5738241583e-01,4.0386761708e-02,4.4154875405e-02,4.6970224753e-02,1.2418689688e-01,1.2990647238e-02,4.7392817819e-01,4.2412163062e+00
6.5000000000e+00,2.5585526946e-01,4.0938871473e-02,4.3928608920e-02,4.8838169155e-02,1.2314196909e-01,1.3922298705e-02,4.7337481319e-01,4.2674325482e+00
7.0000000000e+00,2.5364244505e-01,4.1729548163e-02,4.3510807992e-02,5.0004220104e-02,1.2261495910e-01,1.4876877347e-02,4.7362114225e-01,4.2890480727e+00
7.5000000000e+00,2.5414630854e-01,4.2901691805e-02,4.3141508523e-02,5.1421243673e-02,1.2092065221e-01,1.6075140248e-02,4.7139345500e-01,4.3178787138e+00
8.0000000000e+00,2.5358561616e-01,4.4145147395e-02,4.3563293468e-02,5.3333633653e-02,1.2038688704e-01,1.7145514403e-02,4.6783990788e-01,4.3563998480e+00
8.5000000000e+00,2.5263592337e-01,4.5351880312e-02,4.2965370830e-02,5.5483173807e-02,1.1889712001e-01,1.8363385638e-02,4.6630314603e-01,4.3854749812e+00
9.0000000000e+00,2.5130157548e-01,4.6618082824e-02,4.2429816365e-02,5.7758976350e-02,1.1706834606e-01,1.9670616942e-02,4.6515258599e-01,4.4136840318e+00
9.5000000000e+00,2.4885568009e-01,4.8149462694e-02,4.2292791368e-02,6.0211882993e-02,1.1604352797e-01,2.1131732336e-02,4.6331492254e-01,4.4513659744e+00
1.0000000000e+01,2.4694192881e-01,4.9694121510e-02,4.1927988656e-02,6.2519180533e-02,1.1351577098e-01,2.2456245587e-02,4.6294476393e-01,4.4781793455e+00
1.0500000000e+01,2.4449693874e-01,5.1251041222e-02,4.1308599593e-02,6.4958510538e-02,1.1238833594e-01,2.3803619652e-02,4.6179295432e-01,4.5067610830e+00
1.1000000000e+01,2.4178080392e-01,5.2459408670e-02,4.0575649616e-02,6.6942327872e-02,1.1055780032e-01,2.5124042773e-02,4.6255996683e-01,4.5249956034e+00
1.1500000000e+01,2.3854455470e-01,5.3590514465e-02,4.0024223890e-02,6.9987428546e-02,1.0816928151e-01,2.6803984424e-02,4.6288001246e-01,4.5499601801e+00
1.2000000000e+01,2.3603008820e-01,5.4596147638e-02,3.9178903495e-02,7.2802861795e-02,1.0663746383e-01,2.8351370761e-02,4.6240316428e-01,4.5724406715e+00
1.2500000000e+01,2.3289489123e-01,5.5982941706e-02,3.8591916527e-02,7.5413418385e-02,1.0464176182e-01,2.9773005312e-02,4.6270206503e-01,4.5927779838e+00
1.3000000000e+01,2.3012255282e-01,5.7338994596e-02,3.8208791860e-02,7.7726895363e-02,1.0190780977e-01,3.1392149564e-02,4.6330280603e-01,4.6109931572e+00
1.3500000000e+01,2.2779600385e-01,5.8426541858e-02,3.7902547773e-02,8.0081696088e-02,1.0033572337e-01,3.3026215053e-02,4.6243127200e-01,4.6328328322e+00
1.4000000000e+01,2.2591392890e-01,6.0092021995e-02,3.7109513375e-02,8.2947309147e-02,9.7991152208e-02,3.4831607486e-02,4.6111446689e-01,4.6546269629e+00
1.4500000000e+01,2.2421096902e-01,6.1627397090e-02,3.6708832125e-02,8.7453877065e-02,9.5819262642e-02,3.6960681594e-02,4.5721898046e-01,4.6889245416e+00
1.5000000000e+01,2.2159843402e-01,6.3066347580e-02,3.6056679317e-02,9.1268468613e-02,9.2853208605e-02,3.8666403641e-02,4.5649045823e-01,4.7068425418e+00
1.5500000000e+01,2.2017101461e-01,6.4915112570e-02,3.5230173966e-02,9.4101380499e-02,9.0317176901e-02,4.0737042336e-02,4.5452809912e-01,4.7255770551e+00
1.6000000000e+01,2.1910533627e-01,6.7458130690e-02,3.4631325271e-02,9.7916757240e-02,8.8649660898e-02,4.2824647213e-02,4.4941414242e-01,4.7585094020e+00
1.6500000000e+01,2.1798370759e-01,6.9564435708e-02,3.4085396252e-02,1.0136594750e-01,8.6408074913e-02,4.5142288402e-02,4.4545014963e-01,4.7849440675e+00
1.7000000000e+01,2.1689822877e-01,7.1864822688e-02,3.3523715026e-02,1.0489858402e-01,8.3669480438e-02,4.7180263819e-02,4.4196490523e-01,4.8053032047e+00
1.7500000000e+01,2.1471351477e-01,7.3670825727e-02,3.3274430372e-02,1.0868442677e-01,8.0588673045e-02,4.9445227737e-02,4.3962290157e-01,4.8252883320e+00
1.8000000000e+01,2.1280484511e-01,7.6324117771e-02,3.2878155862e-02,1.1314801087e-01,7.8035341083e-02,5.1796979722e-02,4.3501254958e-01,4.8507184243e+00
1.8500000000e+01,2.0962145630e-01,7.8515929667e-02,3.2088480267e-02,1.1702467493e-01,7.6431264001e-02,5.4213350276e-02,4.3210484455e-01,4.8700175582e+00
1.9000000000e+01,2.0599785671e-01,8.0474380296e-02,3.1816105709e-02,1.2103609924e-01,7.4085422047e-02,5.6790656123e-02,4.2979947988e-01,4.8886459534e+00
1.9500000000e+01,2.0395431421e-01,8.2111139731e-02,3.1298323490e-02,1.2474171713e-01,7.1559848585e-02,5.8699878610e-02,4.2763477824e-01,4.8979029265e+00
2.0000000000e+01,2.0207257125e-01,8.4063604352e-02,3.0330355527e-02,1.2968166538e-01,6.8628519504e-02,6.1262231944e-02,4.2396105205e-01,4.9084807603e+00
2.0500000000e+01,1.9769215765e-01,8.6489396185e-02,2.9698083790e-02,1.3383926789e-01,6.6387174523e-02,6.3457581510e-02,4.2243633845e-01,4.9175865120e+00
2.1000000000e+01,1.9591553974e-01,8.7818999919e-02,2.8954941328e-02,1.3620853935e-01,6.3389083604e-02,6.6161061834e-02,4.2155183423e-01,4.9164546588e+00
2.1500000000e+01,1.9442345379e-01,8.9605579172e-02,2.8564557452e-02,1.4020271323e-01,6.0285234014e-02,6.8861631493e-02,4.1805683085e-01,4.9247363641e+00
2.2000000000e+01,1.9203139985e-01,9.1818568939e-02,2.7973226146e-02,1.4445578264e-01,5.7348340224e-02,7.0688542051e-02,4.1568414014e-01,4.9247710501e+00
2.2500000000e+01,1.9187789576e-01,9.4468485749e-02,2.7246167041e-02,1.4772340973e-01,5.4715962968e-02,7.2945334490e-02,4.1102274426e-01,4.9318527191e+00
2.3000000000e+01,1.9008729372e-01,9.7658881487e-02,2.6827391728e-02,1.5109991505e-01,5.1815752531e-02,7.5784361017e-02,4.0672640447e-01,4.9397203338e+00
2.3500000000e+01,1.8771939069e-01,1.0001536792e-01,2.6344563597e-02,1.5446845050e-01,4.9343193139e-02,7.7771356296e-02,4.0433767786e-01,4.9406587465e+00
2.4000000000e+01,1.8486330474e-01,1.0173665332e-01,2.5988215181e-02,1.5932373304e-01,4.7279906610e-02,8.0636056052e-02,4.0017213107e-01,4.9478834516e+00
2.4500000000e+01,1.8292356295e-01,1.0369844046e-01,2.5291757158e-02,1.6419948165e-01,4.5120744979e-02,8.3205110775e-02,3.9556090203e-01,4.9497544617e+00
2.5000000000e+01,1.7935153792e-01,1.0635796084e-01,2.4747641961e-02,1.6814251100e-01,4.2274540838e-02,8.5787336091e-02,3.9333847135e-01,4.9447367475e+00
2.5500000000e+01,1.7745565734e-01,1.0888832106e-01,2.4234168853e-02,1.7069437541e-01,3.9883131152e-02,8.8936181428e-02,3.8990816476e-01,4.9425693217e+00
2.6000000000e+01,1.7380852396e-01,1.1191927395e-01,2.3845931100e-02,1.7541917872e-01,3.7450609696e-02,9.1972857042e-02,3.8558362553e-01,4.9417774964e+00
2.6500000000e+01,1.7143513090e-01,1.1353276301e-01,2.3689342423e-02,1.7838520731e-01,3.5071921050e-02,9.4862580561e-02,3.8302305474e-01,4.9370694856e+00
2.7000000000e+01,1.6949009330e-01,1.1499702952e-01,2.3638305782e-02,1.8076894523e-01,3.3040259824e-02,9.7609722844e-02,3.8045564350e-01,4.9332466702e+00
2.7500000000e+01,1.6656102771e-01,1.1672041160e-01,2.3263063830e-02,1.8425278633e-01,3.1129444101e-02,1.0043968813e-01,3.7763357829e-01,4.9263602832e+00
2.8000000000e+01,1.6249266111e-01,1.1916199274e-01,2.2864715904e-02,1.8918479697e-01,2.9108446102e-02,1.0320355049e-01,3.7398383667e-01,4.9190824135e+00
2.8500000000e+01,1.5964047522e-01,1.2181396081e-01,2.2428286537e-02,1.9342795082e-01,2.7266576455e-02,1.0726086369e-01,3.6816188648e-01,4.9160082155e+00
2.9000000000e+01,1.5677159685e-01,1.2419718517e-01,2.1974022170e-02,1.9871571704e-01,2.5436915858e-02,1.0966710567e-01,3.6323745724e-01,4.9067125167e+00
2.9500000000e+01,1.5424475518e-01,1.2776624256e-01,2.1813921068e-02,2.0200136763e-01,2.3475103944e-02,1.1171325619e-01,3.5898535343e-01,4.8985341761e+00
3.0000000000e+01,1.5157462436e-01,1.3014510858e-01,2.1473597216e-02,2.0698336259e-01,2.1665066343e-02,1.1460375809e-01,3.5355448281e-01,4.8865710615e+00
3.0500000000e+01,1.4763708817e-01,1.3164750021e-01,2.1376181763e-02,2.1132893927e-01,1.9889120083e-02,1.1694769755e-01,3.5117347295e-01,4.8696158620e+00
3.1000000000e+01,1.4443444119e-01,1.3450667778e-01,2.1230360400e-02,2.1446484014e-01,1.8177743115e-02,1.2008612742e-01,3.4709980995e-01,4.8574873617e+00
3.1500000000e+01,1.4034687853e-01,1.3618293417e-01,2.1218616645e-02,2.1648751731e-01,1.6759846997e-02,1.2363797658e-01,3.4536622977e-01,4.8414183693e+00
3.2000000000e+01,1.3747563984e-01,1.3781289066e-01,2.1131269710e-02,2.1964852214e-01,1.5093137978e-02,1.2667075361e-01,3.4216778607e-01,4.8221005522e+00
3.2500000000e+01,1.3388567270e-01,1.4001732955e-01,2.1156552473e-02,2.2177049103e-01,1.3642888366e-02,1.2993789013e-01,3.3958917575e-01,4.8062745554e+00
3.3000000000e+01,1.3043876547e-01,1.4205235554e-01,2.1290917585e-02,2.2367695461e-01,1.2318924389e-02,1.3277736612e-01,3.3744471629e-01,4.7903543262e+00
3.3500000000e+01,1.2743288426e-01,1.4346281151e-01,2.1434435456e-02,2.2656186272e-01,1.1066067849e-02,1.3596456283e-01,3.3407737537e-01,4.7748782124e+00
3.4000000000e+01,1.2475265207e-01,1.4585724162e-01,2.1826989562e-02,2.2934867312e-01,9.8274160512e-03,1.3904080575e-01,3.2934622182e-01,4.7626152249e+00
3.4500000000e+01,1.2132994791e-01,1.4800946161e-01,2.1827561666e-02,2.3407797122e-01,8.7542983643e-03,1.4184860525e-01,3.2415215399e-01,4.7460236663e+00
3.5000000000e+01,1.1750852531e-01,1.4875449316e-01,2.2023854088e-02,2.3908402077e-01,7.6891332205e-03,1.4451382510e-01,3.2042614836e-01,4.7237750066e+00
3.5500000000e+01,1.1406166778e-01,1.4994605737e-01,2.2436385042e-02,2.4392387730e-01,6.7850242712e-03,1.4559791093e-01,3.1724907729e-01,4.7041897492e+00
3.6000000000e+01,1.1158673241e-01,1.5022520801e-01,2.2784325252e-02,2.4733120212e-01,5.9953685108e-03,1.4794312163e-01,3.1413404207e-01,4.6865623280e+00
3.6500000000e+01,1.0863012226e-01,1.5202306543e-01,2.3160250777e-02,2.5120793078e-01,5.2374633569e-03,1.5030885860e-01,3.0943230879e-01,4.6697272788e+00
3.7000000000e+01,1.0496539820e-01,1.5500544236e-01,2.3715449101e-02,2.5377813962e-01,4.5653568921e-03,1.5319689947e-01,3.0477331436e-01,4.6544753299e+00
3.7500000000e+01,1.0150843606e-01,1.5644353683e-01,2.4259557514e-02,2.5857867572e-01,4.0253476866e-03,1.5569044489e-01,2.9949400131e-01,4.6405352818e+00
3.8000000000e+01,9.9340195154e-02,1.5764103440e-01,2.4942667024e-02,2.6213082323e-01,3.5531330640e-03,1.5909413511e-01,2.9329801202e-01,4.6335973392e+00
3.8500000000e+01,9.7361801231e-02,1.6078646923e-01,2.5456377095e-02,2.6295965362e-01,3.2175114430e-03,1.6206763000e-01,2.8815055738e-01,4.6309280374e+00
3.9000000000e+01,9.4421958855e-02,1.6337700024e-01,2.6266338699e-02,2.6507790091e-01,2.9810146988e-03,1.6477368204e-01,2.8310210456e-01,4.6274954467e+00
3.9500000000e+01,9.1438093585e-02,1.6456829365e-01,2.7087720990e-02,2.7026598140e-01,2.8707993850e-03,1.6731751306e-01,2.7645159794e-01,4.6252694696e+00
4.0000000000e+01,8.8547321492e-02,1.6654776932e-01,2.7933166785e-02,2.7303612763e-01,2.8615047210e-03,1.7149425188e-01,2.6957985817e-01,4.6293043862e+00
4.0500000000e+01,8.5191408452e-02,1.6722439680e-01,2.8661854694e-02,2.7720267366e-01,2.9614352890e-03,1.7425778181e-01,2.6450044929e-01,4.6335753250e+00
4.1000000000e+01,8.2102223100e-02,1.6898108069e-01,2.9810781323e-02,2.7987949865e-01,3.1461111257e-03,1.7787377639e-01,2.5820652871e-01,4.6467219260e+00
4.1500000000e+01,8.0072569806e-02,1.6978374411e-01,3.0606774564e-02,2.8178710214e-01,3.4696005005e-03,1.8152164981e-01,2.5275855908e-01,4.6629409665e+00
4.2000000000e+01,7.8416375506e-02,1.7040344840e-01,3.1829769852e-02,2.8454973459e-01,3.8743786611e-03,1.8344161521e-01,2.4748467778e-01,4.6850823169e+00
4.2500000000e+01,7.5738451203e-02,1.7282014370e-01,3.3022577191e-02,2.9011201147e-01,4.4178265190e-03,1.8364912514e-01,2.4023986477e-01,4.7037668763e+00
4.3000000000e+01,7.3075967111e-02,1.7516579855e-01,3.3761735595e-02,2.9217710107e-01,5.1136896335e-03,1.8562809745e-01,2.3507761059e-01,4.7226820518e+00
4.3500000000e+01,7.0155647482e-02,1.7720705689e-01,3.4748985148e-02,2.9600432401e-01,5.8822406894e-03,1.8662834478e-01,2.2937340100e-01,4.7404858067e+00
4.4000000000e+01,6.7363504638e-02,1.7681543280e-01,3.6275103870e-02,2.9785042045e-01,6.7788459140e-03,1.8956415690e-01,2.2535253543e-01,4.7631256794e+00
4.4500000000e+01,6.4310488301e-02,1.7767576791e-01,3.7689246360e-02,2.9851988415e-01,7.7695392015e-03,1.9254201783e-01,2.2149305625e-01,4.7855730003e+00
4.5000000000e+01,6.1701137947e-02,1.7945184087e-01,3.9027903212e-02,2.9907736511e-01,8.8052662327e-03,1.9539240531e-01,2.1654408132e-01,4.8070620966e+00
4.5500000000e+01,5.9126608034e-02,1.7954832028e-01,4.0413527708e-02,3.0335822738e-01,9.9723761203e-03,1.9649369109e-01,2.1108724938e-01,4.8235346964e+00
4.6000000000e+01,5.6139374875e-02,1.8081897172e-01,4.1680142458e-02,3.0845310160e-01,1.1070486467e-02,1.9760048835e-01,2.0423743453e-01,4.8347504133e+00
4.6500000000e+01,5.3720527522e-02,1.8169385413e-01,4.3439561526e-02,3.1229840837e-01,1.2364395846e-02,1.9820118139e-01,1.9828207121e-01,4.8518150131e+00
4.7000000000e+01,5.1215195270e-02,1.8258033254e-01,4.5468578298e-02,3.1540754673e-01,1.3691837566e-02,1.9916019776e-01,1.9247631183e-01,4.8701691168e+00
4.7500000000e+01,4.8785398927e-02,1.8315079865e-01,4.7067720071e-02,3.1859855287e-01,1.5154362381e-02,2.0003538449e-01,1.8720778261e-01,4.8846446022e+00
4.8000000000e+01,4.6687643765e-02,1.8494975110e-01,4.8789465393e-02,3.2126865461e-01,1.6643161982e-02,2.0041052535e-01,1.8125079780e-01,4.8989712034e+00
4.8500000000e+01,4.4318593993e-02,1.8445689913e-01,5.0468813198e-02,3.2486822976e-01,1.8398595525e-02,2.0105832248e-01,1.7643054592e-01,4.9107148706e+00
4.9000000000e+01,4.2001842440e-02,1.8717054038e-01,5.2355262388e-02,3.2537139896e-01,2.0218841206e-02,2.0093012869e-01,1.7195198594e-01,4.9259274055e+00
4.9500000000e+01,3.9302288993e-02,1.8822054976e-01,5.4154600908e-02,3.2468171869e-01,2.1993555905e-02,2.0380567198e-01,1.6784161376e-01,4.9362496570e+00
5.0000000000e+01,3.7211212429e-02,1.8864482266e-01,5.6467184732e-02,3.2493537215e-01,2.3890027308e-02,2.0434342968e-01,1.6450795104e-01,4.9515432647e+00
5.0500000000e+01,3.4677738259e-02,1.9039842625e-01,5.7495452222e-02,3.2483800944e-01,2.5763357049e-02,2.0746487493e-01,1.5936214184e-01,4.9532082412e+00
5.1000000000e+01,3.2572186185e-02,1.9179001182e-01,6.0038591476e-02,3.2408058115e-01,2.7720104997e-02,2.0936403784e-01,1.5443448652e-01,4.9645366632e+00
5.1500000000e+01,3.0438970756e-02,1.9313108814e-01,6.1571485756e-02,3.2320587630e-01,2.9777456495e-02,2.1123365528e-01,1.5064146728e-01,4.9708243684e+00
5.2000000000e+01,2.8244773084e-02,1.9288466989e-01,6.3360011947e-02,3.2526291207e-01,3.1730773226e-02,2.1288009792e-01,1.4563676186e-01,4.9683854104e+00
5.2500000000e+01,2.6645978447e-02,1.9271451517e-01,6.5696700345e-02,3.2410842944e-01,3.4790804941e-02,2.1452492368e-01,1.4151864797e-01,4.9835203780e+00
5.3000000000e+01,2.4977152724e-02,1.9275166812e-01,6.8015585081e-02,3.2404281149e-01,3.6928631452e-02,2.1601106622e-01,1.3727308491e-01,4.9868757951e+00
5.3500000000e+01,2.3355784694e-02,1.9332751989e-01,6.9519145555e-02,3.2441276997e-01,3.9581166410e-02,2.1635414248e-01,1.3344947100e-01,4.9894508706e+00
5.4000000000e+01,2.1787820566e-02,1.9309291119e-01,7.1803037303e-02,3.2453655014e-01,4.2203026108e-02,2.1777416268e-01,1.2880249202e-01,4.9928281219e+00
5.4500000000e+01,2.0080875016e-02,1.9270136726e-01,7.4577464717e-02,3.2494343315e-01,4.4948928456e-02,2.1831328650e-01,1.2443464490e-01,4.9926846644e+00
5.5000000000e+01,1.8506108398e-02,1.9152894677e-01,7.7463792956e-02,3.2497193205e-01,4.7607953652e-02,2.1995015074e-01,1.1997111543e-01,4.9902829360e+00
5.5500000000e+01,1.7035064405e-02,1.9029134159e-01,7.9160262027e-02,3.2744788920e-01,4.9859143670e-02,2.2079352014e-01,1.1541277896e-01,4.9787557934e+00
5.6000000000e+01,1.5461758025e-02,1.9007033343e-01,8.2079011342e-02,3.2642356793e-01,5.2583287654e-02,2.2343058950e-01,1.0995145211e-01,4.9715269614e+00
5.6500000000e+01,1.4112792493e-02,1.9011219210e-01,8.4219146487e-02,3.2515377213e-01,5.5085328260e-02,2.2524441643e-01,1.0607235210e-01,4.9643774608e+00
5.7000000000e+01,1.2855790230e-02,1.8920613847e-01,8.5821479687e-02,3.2607077058e-01,5.7546864284e-02,2.2588777102e-01,1.0261118573e-01,4.9520695363e+00
5.7500000000e+01,1.1636732699e-02,1.8838799685e-01,8.8782281712e-02,3.2812603796e-01,6.0490528722e-02,2.2450891893e-01,9.8067503132e-02,4.9381698219e+00
5.8000000000e+01,1.0462411059e-02,1.8716124440e-01,9.1286270932e-02,3.2883503139e-01,6.3405230736e-02,2.2495839952e-01,9.3891411970e-02,4.9241570353e+00
5.8500000000e+01,9.4544189650e-03,1.8583985915e-01,9.3015393247e-02,3.2920221368e-01,6.6563669407e-02,2.2594687202e-01,8.9977573528e-02,4.9107670137e+00
5.9000000000e+01,8.4883576516e-03,1.8496807508e-01,9.5707950681e-02,3.2761377102e-01,6.9706707054e-02,2.2658010487e-01,8.6935033647e-02,4.9030784968e+00
5.9500000000e+01,7.5107277519e-03,1.8509734224e-01,9.7865633341e-02,3.2668384866e-01,7.2466779704e-02,2.2694290128e-01,8.3432767025e-02,4.8872647350e+00
6.0000000000e+01,6.6222120917e-03,1.8266497951e-01,1.0145975547e-01,3.2847009151e-01,7.5315970472e-02,2.2605321263e-01,7.9413778313e-02,4.8696467075e+00
6.0500000000e+01,5.8560569410e-03,1.8243662863e-01,1.0384638888e-01,3.2816320521e-01,7.8197107088e-02,2.2571074198e-01,7.5789871281e-02,4.8511455495e+00
6.1000000000e+01,5.1527537122e-03,1.8097188368e-01,1.0634023025e-01,3.2777098833e-01,8.1324945878e-02,2.2668248425e-01,7.1756713902e-02,4.8300965823e+00
6.1500000000e+01,4.4185715495e-03,1.8129647985e-01,1.0895475475e-01,3.2802216855e-01,8.3420241004e-02,2.2613767523e-01,6.7750109062e-02,4.8046894496e+00
6.2000000000e+01,3.7876948251e-03,1.7966368693e-01,1.1135976625e-01,3.2803915619e-01,8.6326058455e-02,2.2619788939e-01,6.4625747958e-02,4.7832274022e+00
6.2500000000e+01,3.1879279526e-03,1.7873507619e-01,1.1367493771e-01,3.2804668226e-01,8.9714508425e-02,2.2530836702e-01,6.1332500434e-02,4.7614424028e+00
6.3000000000e+01,2.6453047625e-03,1.7801053682e-01,1.1815808825e-01,3.2763523057e-01,9.3078801856e-02,2.2275227981e-01,5.7719757935e-02,4.7389086938e+00
6.3500000000e+01,2.1836583765e-03,1.7551181740e-01,1.2049822292e-01,3.2774792072e-01,9.5646810020e-02,2.2362284088e-01,5.4788729694e-02,4.7120626961e+00
6.4000000000e+01,1.7837188487e-03,1.7530308608e-01,1.2221019654e-01,3.2602667407e-01,9.7708837369e-02,2.2490568606e-01,5.2061801030e-02,4.6851751752e+00
6.4500000000e+01,1.4352477154e-03,1.7405834194e-01,1.2624735029e-01,3.2396153402e-01,1.0107452267e-01,2.2371876875e-01,4.9504234627e-02,4.6640580193e+00
6.5000000000e+01,1.1475259796e-03,1.7368159869e-01,1.2995262887e-01,3.2085021511e-01,1.0399922613e-01,2.2341507412e-01,4.6953731100e-02,4.6406632510e+00
6.5500000000e+01,9.2712853280e-04,1.7174387562e-01,1.3250244484e-01,3.2094867569e-01,1.0615741252e-01,2.2311954846e-01,4.4600914338e-02,4.6128761102e+00
6.6000000000e+01,7.5594659972e-04,1.6975729039e-01,1.3480394434e-01,3.2032140226e-01,1.0959852496e-01,2.2226397485e-01,4.2498916610e-02,4.5891068820e+00
6.6500000000e+01,6.3310810437e-04,1.6790122499e-01,1.3774396597e-01,3.2133021892e-01,1.1213229828e-01,2.2002566127e-01,4.0233522469e-02,4.5648756915e+00
6.7000000000e+01,5.5910341686e-04,1.6700184744e-01,1.4163645933e-01,3.2114195594e-01,1.1372516656e-01,2.1792959579e-01,3.8005871508e-02,4.5477135864e+00
6.7500000000e+01,5.3583979904e-04,1.6584235008e-01,1.4389704880e-01,3.1866949913e-01,1.1729189584e-01,2.1776813949e-01,3.5995226867e-02,4.5403820532e+00
6.8000000000e+01,5.6983248621e-04,1.6472340327e-01,1.4697008003e-01,3.1777753229e-01,1.1887309855e-01,2.1714607260e-01,3.3939980769e-02,4.5384391066e+00
6.8500000000e+01,6.5602767621e-04,1.6276612430e-01,1.4913144622e-01,3.1647148718e-01,1.2138430787e-01,2.1769989196e-01,3.1890714789e-02,4.5411519168e+00
6.9000000000e+01,7.8080060079e-04,1.6070387880e-01,1.5181210747e-01,3.1238929101e-01,1.2407627221e-01,2.2030186846e-01,2.9935781447e-02,4.5511943210e+00
6.9500000000e+01,9.5518821785e-04,1.5844622222e-01,1.5546055629e-01,3.0979362257e-01,1.2522834044e-01,2.2147725225e-01,2.8638818010e-02,4.5637029744e+00
7.0000000000e+01,1.1738443931e-03,1.5773515996e-01,1.5742376360e-01,3.0944551431e-01,1.2674081244e-01,2.2064548017e-01,2.6835425130e-02,4.5694440021e+00
7.0500000000e+01,1.4054231249e-03,1.5422258125e-01,1.6013116418e-01,3.1061908199e-01,1.2757681052e-01,2.2089703691e-01,2.5147902026e-02,4.5710288901e+00
7.1000000000e+01,1.6872207491e-03,1.5215067297e-01,1.6304905147e-01,3.0971446430e-01,1.2808125039e-01,2.2162274618e-01,2.3694593938e-02,4.5766244165e+00
7.1500000000e+01,2.0271739428e-03,1.5029095882e-01,1.6684156765e-01,3.0795645888e-01,1.2853781727e-01,2.2190712334e-01,2.2438900091e-02,4.5852783222e+00
7.2000000000e+01,2.3984313477e-03,1.4872376585e-01,1.7031517398e-01,3.0563646985e-01,1.2913897086e-01,2.2275669929e-01,2.1030488822e-02,4.5923910733e+00
7.2500000000e+01,2.8108101718e-03,1.4627302160e-01,1.7381096723e-01,3.0446645867e-01,1.2935995346e-01,2.2345330076e-01,1.9825488114e-02,4.5963351856e+00
7.3000000000e+01,3.2341149328e-03,1.4349949619e-01,1.7746220851e-01,3.0350337171e-01,1.2968933161e-01,2.2400078036e-01,1.8610696690e-02,4.5988224511e+00
7.3500000000e+01,3.7214430157e-03,1.4251776085e-01,1.7887973092e-01,3.0200469076e-01,1.3179168345e-01,2.2366332860e-01,1.7421362407e-02,4.6035042892e+00
7.4000000000e+01,4.2028978396e-03,1.4188716318e-01,1.8250623942e-01,2.9923643037e-01,1.3260450036e-01,2.2302385695e-01,1.6538911874e-02,4.6137962704e+00
7.4500000000e+01,4.7280329437e-03,1.3931199273e-01,1.8508234894e-01,2.9902003818e-01,1.3225797537e-01,2.2421809202e-01,1.5381519819e-02,4.6103317705e+00
7.5000000000e+01,5.2785447309e-03,1.3791834791e-01,1.8867097221e-01,2.9700539203e-01,1.3232161726e-01,2.2415152982e-01,1.4653596038e-02,4.6173584855e+00
7.5500000000e+01,5.8491007310e-03,1.3504298416e-01,1.9201153867e-01,2.9953789499e-01,1.3133448662e-01,2.2258379312e-01,1.3640201708e-02,4.6096001710e+00
7.6000000000e+01,6.4781420038e-03,1.3411449046e-01,1.9370449293e-01,2.9804663439e-01,1.3200930933e-01,2.2279084113e-01,1.2856089747e-02,4.6125539665e+00
7.6500000000e+01,7.1232766286e-03,1.3260452931e-01,1.9747355858e-01,2.9617811644e-01,1.3301111454e-01,2.2122585957e-01,1.2383544917e-02,4.6203618349e+00
7.7000000000e+01,7.6935112328e-03,1.3231947622e-01,1.9931433169e-01,2.9580362432e-01,1.3262538278e-01,2.2041599533e-01,1.1827678428e-02,4.6220870638e+00
7.7500000000e+01,8.3399215084e-03,1.3105369643e-01,2.0275632006e-01,2.9255127572e-01,1.3187446204e-01,2.2197273927e-01,1.1451584980e-02,4.6280933856e+00
7.8000000000e+01,9.0303410958e-03,1.2924792802e-01,2.0426842594e-01,2.9308417450e-01,1.3144307240e-01,2.2181056219e-01,1.1115495857e-02,4.6319579808e+00
7.8500000000e+01,9.7151943565e-03,1.2749670594e-01,2.0909748403e-01,2.9387099949e-01,1.3061691566e-01,2.1867442754e-01,1.0528272982e-02,4.6306773339e+00
7.9000000000e+01,1.0454897247e-02,1.2578208271e-01,2.1208835540e-01,2.9311628479e-01,1.3017822859e-01,2.1803349360e-01,1.0346657671e-02,4.6367911086e+00
7.9500000000e+01,1.1229132176e-02,1.2399836764e-01,2.1399641422e-01,2.9249317580e-01,1.2933278502e-01,2.1880692291e-01,1.0143202227e-02,4.6421671139e+00
8.0000000000e+01,1.2002351341e-02,1.2313376856e-01,2.1625456646e-01,2.9071862735e-01,1.2922871592e-01,2.1869558128e-01,9.9663890843e-03,4.6501134593e+00
8.0500000000e+01,1.2700138729e-02,1.2203590548e-01,2.2024426257e-01,2.8950331270e-01,1.2725650190e-01,2.1844620129e-01,9.8136773335e-03,4.6530625249e+00
8.1000000000e+01,1.3539011678e-02,1.2152759277e-01,2.2192159280e-01,2.8876297124e-01,1.2600400672e-01,2.1855265533e-01,9.6921694572e-03,4.6607043683e+00
8.1500000000e+01,1.4372748361e-02,1.1910173744e-01,2.2424462561e-01,2.8937503398e-01,1.2461711429e-01,2.1865766079e-01,9.6310795281e-03,4.6657282101e+00
8.2000000000e+01,1.5250436935e-02,1.1802130484e-01,2.2731787060e-01,2.8793862844e-01,1.2324513927e-01,2.1854233208e-01,9.6842878346e-03,4.6740060476e+00
8.2500000000e+01,1.6011101231e-02,1.1542360744e-01,2.3169463882e-01,2.8725896378e-01,1.2170609842e-01,2.1820862065e-01,9.6969696672e-03,4.6778148325e+00
8.3000000000e+01,1.7035120859e-02,1.1488342060e-01,2.3464385263e-01,2.8531163964e-01,1.2031772727e-01,2.1805778099e-01,9.7504580117e-03,4.6895255758e+00
8.3500000000e+01,1.7858180531e-02,1.1422376849e-01,2.3729049128e-01,2.8529631755e-01,1.1789554164e-01,2.1753819527e-01,9.8975052299e-03,4.6944544884e+00
8.4000000000e+01,1.8794071295e-02,1.1305677619e-01,2.4095888627e-01,2.8422273953e-01,1.1693988558e-01,2.1587477066e-01,1.0152870487e-02,4.7060893361e+00
8.4500000000e+01,1.9426072297e-02,1.1219318074e-01,2.4333191225e-01,2.8425912718e-01,1.1507277907e-01,2.1543732826e-01,1.0279600204e-02,4.7119105506e+00
8.5000000000e+01,2.0201034109e-02,1.1068608906e-01,2.4722499913e-01,2.8159915646e-01,1.1412477761e-01,2.1564512187e-01,1.0518821759e-02,4.7192078724e+00
8.5500000000e+01,2.1208213005e-02,1.0941933581e-01,2.4986071390e-01,2.8071047760e-01,1.1248339792e-01,2.1558368098e-01,1.0734180772e-02,4.7278942058e+00
8.6000000000e+01,2.2202147958e-02,1.0826152120e-01,2.5404959980e-01,2.7850302290e-01,1.0983241163e-01,2.1612972252e-01,1.1021573991e-02,4.7358795006e+00
8.6500000000e+01,2.2941916651e-02,1.0631327774e-01,2.5691543948e-01,2.7770441592e-01,1.0773410242e-01,2.1714838283e-01,1.1242464958e-02,4.7354416545e+00
8.7000000000e+01,2.3834515568e-02,1.0528331577e-01,2.6081751182e-01,2.7545720599e-01,1.0484485861e-01,2.1820866498e-01,1.1553927261e-02,4.7385407721e+00
8.7500000000e+01,2.4682969361e-02,1.0494293396e-01,2.6330524302e-01,2.7237177925e-01,1.0348386392e-01,2.1923418788e-01,1.1979022597e-02,4.7478007536e+00
8.8000000000e+01,2.5655834918e-02,1.0355343161e-01,2.6714823894e-01,2.7134139540e-01,1.0112795605e-01,2.1887876107e-01,1.2294382009e-02,4.7502251545e+00
8.8500000000e+01,2.6271500806e-02,1.0162522724e-01,2.7083589058e-01,2.7145138659e-01,9.7831171491e-02,2.1932669630e-01,1.2658126991e-02,4.7467890764e+00
8.9000000000e+01,2.7114845589e-02,1.0071494483e-01,2.7262040987e-01,2.7099504674e-01,9.5780884572e-02,2.1970744113e-01,1.3066427261e-02,4.7513092204e+00
8.9500000000e+01,2.8229932985e-02,9.9522525690e-02,2.7487177582e-01,2.6811407798e-01,9.4056065000e-02,2.2157337461e-01,1.3632247916e-02,4.7620742694e+00
9.0000000000e+01,2.9066422360e-02,9.7764551497e-02,2.7822367415e-01,2.6624520667e-01,9.0711156074e-02,2.2366212875e-01,1.4326860496e-02,4.7639527537e+00
9.0500000000e+01,2.9774854494e-02,9.6230448866e-02,2.8156231324e-01,2.6591806667e-01,8.7571008090e-02,2.2406527440e-01,1.4878034249e-02,4.7632234039e+00
9.1000000000e+01,3.0868836387e-02,9.5215973784e-02,2.8450457812e-01,2.6356792273e-01,8.5520367898e-02,2.2478929569e-01,1.5533025395e-02,4.7691112491e+00
9.1500000000e+01,3.1747604859e-02,9.3711270120e-02,2.8758547739e-01,2.6277982271e-01,8.3029151131e-02,2.2504881404e-01,1.6097859749e-02,4.7693410685e+00
9.2000000000e+01,3.2422278795e-02,9.2870938095e-02,2.8979214944e-01,2.6173254783e-01,8.0795590129e-02,2.2572159856e-01,1.6664897148e-02,4.7685664075e+00
9.2500000000e+01,3.3007780251e-02,9.2458426956e-02,2.9156515849e-01,2.6081627778e-01,7.8362648987e-02,2.2645724061e-01,1.7332466930e-02,4.7690865145e+00
9.3000000000e+01,3.3836484403e-02,9.0747112024e-02,2.9518521849e-01,2.6011530826e-01,7.5065698772e-02,2.2689868375e-01,1.8151494301e-02,4.7651639143e+00
9.3500000000e+01,3.4528743509e-02,8.9024143653e-02,2.9603462059e-01,2.6022137582e-01,7.2273141252e-02,2.2907285794e-01,1.8845117236e-02,4.7622845479e+00
9.4000000000e+01,3.5165415671e-02,8.7772645492e-02,2.9884626294e-01,2.5889078934e-01,7.0026204535e-02,2.2970513462e-01,1.9593547409e-02,4.7607626643e+00
9.4500000000e+01,3.6168950447e-02,8.7238254637e-02,3.0156227449e-01,2.5833965137e-01,6.7463258782e-02,2.2899683465e-01,2.0230775630e-02,4.7612412465e+00
9.5000000000e+01,3.6881524523e-02,8.5104261901e-02,3.0692485123e-01,2.5719022126e-01,6.4369230902e-02,2.2853697632e-01,2.0992933865e-02,4.7512270210e+00
9.5500000000e+01,3.7452865739e-02,8.4093383185e-02,3.1250713497e-01,2.5444485097e-01,6.1241291504e-02,2.2849454616e-01,2.1765927474e-02,4.7422620838e+00
9.6000000000e+01,3.8272398513e-02,8.3619249507e-02,3.1352463593e-01,2.5467105871e-01,5.8794472220e-02,2.2850742265e-01,2.2610762460e-02,4.7396051521e+00
9.6500000000e+01,3.8957102755e-02,8.2118674468e-02,3.1410961110e-01,2.5673247908e-01,5.6601086162e-02,2.2787999651e-01,2.3601049935e-02,4.7351582183e+00
9.7000000000e+01,3.9398527539e-02,8.1365456961e-02,3.1750358435e-01,2.5483625197e-01,5.4054053082e-02,2.2815089359e-01,2.4691232501e-02,4.7270513186e+00
9.7500000000e+01,4.0085502588e-02,7.9687034592e-02,3.1898312782e-01,2.5266158994e-01,5.1154946189e-02,2.3163835936e-01,2.5789439518e-02,4.7159841051e+00
9.8000000000e+01,4.0647490373e-02,7.8606094875e-02,3.2078757563e-01,2.5176412251e-01,4.8261469732e-02,2.3323641454e-01,2.6696832343e-02,4.7047341793e+00
9.8500000000e+01,4.1505771815e-02,7.8046096524e-02,3.2318322826e-01,2.4907810114e-01,4.5530400479e-02,2.3492116740e-01,2.7735234380e-02,4.6961629858e+00
9.9000000000e+01,4.1942239252e-02,7.7584355405e-02,3.2634829386e-01,2.4805028687e-01,4.2678217597e-02,2.3482445511e-01,2.8572151905e-02,4.6838309773e+00
9.9500000000e+01,4.2545549169e-02,7.6614474850e-02,3.2947097039e-01,2.4568019485e-01,3.9879343670e-02,2.3617240916e-01,2.9637057911e-02,4.6711827356e+00
1.0000000000e+02,4.2881727100e-02,7.6256728168e-02,3.3268374671e-01,2.4321025630e-01,3.7316609118e-02,2.3687048096e-01,3.0780451645e-02,4.6596995376e+00
1.0050000000e+02,4.3171732709e-02,7.5954679100e-02,3.3512008106e-01,2.4093892624e-01,3.4494011136e-02,2.3829160802e-01,3.2028961734e-02,4.6453123997e+00
1.0100000000e+02,4.3600158064e-02,7.4484000203e-02,3.3803713977e-01,2.3799354278e-01,3.1961335621e-02,2.4067296418e-01,3.3250859390e-02,4.6258735170e+00
1.0150000000e+02,4.4386515794e-02,7.3446030389e-02,3.4039329639e-01,2.3439212101e-01,3.0015053897e-02,2.4279475960e-01,3.4572222924e-02,4.6115273607e+00
1.0200000000e+02,4.4938973546e-02,7.2049562263e-02,3.4469132789e-01,2.3172905093e-01,2.7750389389e-02,2.4287350488e-01,3.5967191090e-02,4.5904147147e+00
1.0250000000e+02,4.5594071405e-02,7.1191732861e-02,3.4719619356e-01,2.2856569343e-01,2.5729311479e-02,2.4394154856e-01,3.7781448710e-02,4.5736657928e+00
1.0300000000e+02,4.5901837394e-02,7.0103690380e-02,3.5122907652e-01,2.2615349381e-01,2.3938634503e-02,2.4340875793e-01,3.9264509460e-02,4.5538451774e+00
1.0350000000e+02,4.6445069846e-02,6.8789341580e-02,3.5431893412e-01,2.2312622141e-01,2.1709091522e-02,2.4513033725e-01,4.0481004277e-02,4.5274046886e+00
1.0400000000e+02,4.6898090244e-02,6.7839302088e-02,3.5634275544e-01,2.2037266558e-01,1.9901868382e-02,2.4682675521e-01,4.1818563050e-02,4.5043998015e+00
1.0450000000e+02,4.7589234948e-02,6.6776323691e-02,3.5915141005e-01,2.1682827474e-01,1.8245426802e-02,2.4804145269e-01,4.3367877083e-02,4.4822420946e+00
1.0500000000e+02,4.7922981714e-02,6.6642747555e-02,3.5757040263e-01,2.1685205990e-01,1.6771448630e-02,2.4902573328e-01,4.5214626290e-02,4.4672739911e+00
1.0550000000e+02,4.8872247529e-02,6.6024297148e-02,3.6050405765e-01,2.1113760017e-01,1.5422806714e-02,2.5118123125e-01,4.6857759532e-02,4.4433549825e+00
1.0600000000e+02,4.9491063921e-02,6.5547841038e-02,3.6347922471e-01,2.0916630013e-01,1.4080689325e-02,2.5003200133e-01,4.8202879550e-02,4.4188979735e+00
1.0650000000e+02,5.0263947186e-02,6.4819367932e-02,3.6390711161e-01,2.0664057620e-01,1.2935729164e-02,2.5141057333e-01,5.0022694583e-02,4.3982687922e+00
1.0700000000e+02,5.0913663938e-02,6.3699844004e-02,3.6656710586e-01,2.0207092784e-01,1.2010538747e-02,2.5212277519e-01,5.2615144427e-02,4.3793667755e+00
1.0750000000e+02,5.1500052925e-02,6.2311792304e-02,3.6726306748e-01,1.9978463255e-01,1.1092699922e-02,2.5318556059e-01,5.4862194238e-02,4.3567969955e+00
1.0800000000e+02,5.1899076839e-02,6.0787604782e-02,3.6853579031e-01,1.9822892217e-01,1.0212980326e-02,2.5323961617e-01,5.7096009405e-02,4.3334796397e+00
1.0850000000e+02,5.1748723693e-02,5.9135507960e-02,3.7186661498e-01,1.9575259317e-01,9.5618766482e-03,2.5325694960e-01,5.8677733946e-02,4.3019663624e+00
1.0900000000e+02,5.2526306666e-02,5.8479111118e-02,3.7264373737e-01,1.9506326549e-01,8.9705134909e-03,2.5234688542e-01,5.9970180446e-02,4.2805120129e+00
1.0950000000e+02,5.2769423269e-02,5.7573005768e-02,3.7335502303e-01,1.9332210278e-01,8.6669563111e-03,2.5271534249e-01,6.1598146353e-02,4.2642098705e+00
1.1000000000e+02,5.3248544151e-02,5.6048268025e-02,3.7750692677e-01,1.8968016522e-01,8.4307218151e-03,2.5146920145e-01,6.3616172573e-02,4.2507801088e+00
1.1050000000e+02,5.3413991361e-02,5.4506720512e-02,3.8044402249e-01,1.8535769167e-01,8.3157581114e-03,2.5249520604e-01,6.5466609814e-02,4.2384618905e+00
1.1100000000e+02,5.3446328538e-02,5.3983230128e-02,3.8125617636e-01,1.8241275221e-01,8.5148123121e-03,2.5357709321e-01,6.6809607245e-02,4.2383253792e+00
1.1150000000e+02,5.3420750623e-02,5.3078107642e-02,3.8563291546e-01,1.7802524355e-01,8.7915511646e-03,2.5245683257e-01,6.8594598986e-02,4.2437495629e+00
1.1200000000e+02,5.3126569943e-02,5.2039327902e-02,3.8931495950e-01,1.7443222502e-01,9.1120784062e-03,2.5130040279e-01,7.0674436441e-02,4.2545140918e+00
1.1250000000e+02,5.2816029228e-02,5.1629935471e-02,3.9289012499e-01,1.6972662574e-01,9.7494245544e-03,2.5014375834e-01,7.3044101663e-02,4.2754529444e+00
1.1300000000e+02,5.3628955871e-02,5.0418992789e-02,3.9290202297e-01,1.6696667245e-01,1.0388201168e-02,2.5037927072e-01,7.5315884032e-02,4.2999186398e+00
1.1350000000e+02,5.3739983509e-02,4.9409411164e-02,3.9630774632e-01,1.6420909917e-01,1.0982566932e-02,2.4834865367e-01,7.7002539228e-02,4.3186343016e+00
1.1400000000e+02,5.4646898193e-02,4.8751980160e-02,3.9443328232e-01,1.6265005988e-01,1.1743266438e-02,2.4793507524e-01,7.9839437767e-02,4.3569881942e+00
1.1450000000e+02,5.4795555555e-02,4.7647884888e-02,3.9681281547e-01,1.5892240306e-01,1.2647774025e-02,2.4648927109e-01,8.2684295916e-02,4.3804844781e+00
1.1500000000e+02,5.5264391981e-02,4.6940337121e-02,3.9650847127e-01,1.5469676983e-01,1.3779002091e-02,2.4723237256e-01,8.5578655146e-02,4.4138050176e+00
1.1550000000e+02,5.5373532935e-02,4.6265212459e-02,3.9807830055e-01,1.4999959831e-01,1.5126678103e-02,2.4704778221e-01,8.8108895437e-02,4.4404865550e+00
1.1600000000e+02,5.5686094479e-02,4.4994998146e-02,3.9905173184e-01,1.4765590179e-01,1.6381713523e-02,2.4476211712e-01,9.1467443097e-02,4.4670274799e+00
1.1650000000e+02,5.6454531303e-02,4.3945257507e-02,3.9910513828e-01,1.4425967873e-01,1.7889664668e-02,2.4452230636e-01,9.3823423149e-02,4.4908620314e+00
1.1700000000e+02,5.7001839515e-02,4.2804583366e-02,3.9808151258e-01,1.4212495101e-01,1.9314841734e-02,2.4371650940e-01,9.6955762391e-02,4.5165272676e+00
1.1750000000e+02,5.6964753414e-02,4.1570516288e-02,4.0014504396e-01,1.3885318174e-01,2.1063844090e-02,2.4207637695e-01,9.9326283557e-02,4.5349873905e+00
1.1800000000e+02,5.6906525121e-02,4.0852181058e-02,4.0311427817e-01,1.3582695201e-01,2.2886761242e-02,2.3833884856e-01,1.0207445384e-01,4.5525072432e+00
1.1850000000e+02,5.7444906551e-02,4.0252897454e-02,4.0214426658e-01,1.3349315063e-01,2.4631804619e-02,2.3650244412e-01,1.0553053004e-01,4.5772123357e+00
1.1900000000e+02,5.7817851302e-02,3.9711434908e-02,4.0217964968e-01,1.2976318034e-01,2.6546722049e-02,2.3572882922e-01,1.0825233250e-01,4.6018000340e+00
1.1950000000e+02,5.8430595209e-02,3.8929296035e-02,4.0148308045e-01,1.2690001642e-01,2.8464960397e-02,2.3497893805e-01,1.1081311344e-01,4.6224684502e+00
1.2000000000e+02,5.8266539757e-02,3.7875189709e-02,4.0271545158e-01,1.2399133049e-01,3.0434447348e-02,2.3322746249e-01,1.1348957862e-01,4.6316529917e+00
1.2050000000e+02,5.8602255582e-02,3.6874154199e-02,4.0327629792e-01,1.2190512773e-01,3.2498207141e-02,2.3137935889e-01,1.1546459853e-01,4.6446761289e+00
1.2100000000e+02,5.8160753141e-02,3.5939237948e-02,4.0563344733e-01,1.1864822862e-01,3.4588010318e-02,2.2919506858e-01,1.1783525406e-01,4.6511719239e+00
1.2150000000e+02,5.7913208617e-02,3.4869505245e-02,4.0932703902e-01,1.1527099716e-01,3.6645233064e-02,2.2640421615e-01,1.1956980075e-01,4.6494045985e+00
1.2200000000e+02,5.8254779119e-02,3.4010071548e-02,4.0902726365e-01,1.1267505155e-01,3.8898783032e-02,2.2539641376e-01,1.2173763734e-01,4.6629455340e+00
1.2250000000e+02,5.8482812193e-02,3.3175722400e-02,4.0933961563e-01,1.1014633715e-01,4.1371965684e-02,2.2452694927e-01,1.2295659767e-01,4.6714516600e+00
1.2300000000e+02,5.8673713869e-02,3.2289485600e-02,4.1115256914e-01,1.0781734650e-01,4.3898425684e-02,2.2195507695e-01,1.2421338225e-01,4.6789787258e+00
1.2350000000e+02,5.8159486837e-02,3.1792737814e-02,4.1027471261e-01,1.0599002684e-01,4.6029580159e-02,2.1939904947e-01,1.2835440627e-01,4.6899777890e+00
1.2400000000e+02,5.7908716498e-02,3.0929127420e-02,4.0994082507e-01,1.0437180723e-01,4.8354690611e-02,2.1670827702e-01,1.3178655616e-01,4.7008481825e+00
1.2450000000e+02,5.7792385016e-02,2.9833231886e-02,4.1147912479e-01,1.0145171059e-01,5.0734572700e-02,2.1427740324e-01,1.3443157178e-01,4.7023382228e+00
1.2500000000e+02,5.8233101582e-02,2.8868593714e-02,4.1078355450e-01,9.9669362988e-02,5.3561319513e-02,2.1214130689e-01,1.3674276080e-01,4.7169714599e+00
1.2550000000e+02,5.8378671649e-02,2.8017964475e-02,4.0971069451e-01,9.8534614368e-02,5.6340909604e-02,2.0943893034e-01,1.3957821505e-01,4.7277300210e+00
1.2600000000e+02,5.8963209995e-02,2.7174439632e-02,4.0919011898e-01,9.6457880759e-02,5.9116680096e-02,2.0818368298e-01,1.4091398755e-01,4.7341158974e+00
1.2650000000e+02,5.8930513847e-02,2.6359482361e-02,4.0784486411e-01,9.5332057397e-02,6.1877566721e-02,2.0472899156e-01,1.4492652400e-01,4.7443686830e+00
1.2700000000e+02,5.8848478524e-02,2.5573086169e-02,4.0939288111e-01,9.2937171041e-02,6.4028192358e-02,2.0217498639e-01,1.4704520440e-01,4.7368846810e+00
1.2750000000e+02,5.8290881134e-02,2.4454958662e-02,4.1144289388e-01,9.0759156779e-02,6.6963797998e-02,1.9922198758e-01,1.4886632396e-01,4.7310713231e+00
1.2800000000e+02,5.8242142118e-02,2.3841959501e-02,4.1135439798e-01,8.9196823695e-02,6.9509619932e-02,1.9754985037e-01,1.5030520640e-01,4.7317053756e+00
1.2850000000e+02,5.8223343587e-02,2.2948930451e-02,4.1377486000e-01,8.7647280895e-02,7.2039035019e-02,1.9264322577e-01,1.5272332427e-01,4.7266059466e+00
1.2900000000e+02,5.7986544645e-02,2.2332201198e-02,4.1497906191e-01,8.6740262175e-02,7.4773455815e-02,1.8805345946e-01,1.5513501480e-01,4.7243702069e+00
1.2950000000e+02,5.7967166445e-02,2.1554871123e-02,4.1224648414e-01,8.6078578080e-02,7.8463728215e-02,1.8488223837e-01,1.5880693363e-01,4.7326285343e+00
1.3000000000e+02,5.8247112315e-02,2.0881494540e-02,4.1022734822e-01,8.4995778902e-02,8.1839357610e-02,1.8381871438e-01,1.5999019403e-01,4.7394062168e+00
1.3050000000e+02,5.7444804378e-02,2.0337838203e-02,4.1133022099e-01,8.4616486950e-02,8.4147281891e-02,1.7883134551e-01,1.6329202208e-01,4.7337754072e+00
1.3100000000e+02,5.7297126497e-02,1.9725591687e-02,4.1359815907e-01,8.4536030307e-02,8.6386742415e-02,1.7453255750e-01,1.6392379252e-01,4.7275180064e+00
1.3150000000e+02,5.7469029993e-02,1.9230466153e-02,4.1244576609e-01,8.3996780929e-02,8.9287819633e-02,1.7163763678e-01,1.6593250042e-01,4.7298520576e+00
1.3200000000e+02,5.6997238679e-02,1.8682722875e-02,4.1076146450e-01,8.4307425883e-02,9.2350946071e-02,1.6744442689e-01,1.6945577510e-01,4.7327722549e+00
1.3250000000e+02,5.6512055271e-02,1.8082479013e-02,4.1097380100e-01,8.4187735237e-02,9.4025531402e-02,1.6344704373e-01,1.7277135435e-01,4.7242729868e+00
1.3300000000e+02,5.6496374655e-02,1.7355632487e-02,4.0952888313e-01,8.4249335740e-02,9.6315837029e-02,1.6035821085e-01,1.7569572611e-01,4.7247082696e+00
1.3350000000e+02,5.6064085751e-02,1.6848686730e-02,4.0814785316e-01,8.4971632314e-02,9.8761701291e-02,1.5706800483e-01,1.7813803593e-01,4.7247825954e+00
1.3400000000e+02,5.6778118087e-02,1.6464102907e-02,4.0773123319e-01,8.5473893435e-02,1.0166176422e-01,1.5170124104e-01,1.8018964711e-01,4.7295979828e+00
1.3450000000e+02,5.7086697565e-02,1.5924823727e-02,4.0457613806e-01,8.5957876557e-02,1.0553610646e-01,1.4833778739e-01,1.8258057025e-01,4.7322880114e+00
1.3500000000e+02,5.7609883599e-02,1.5456048375e-02,4.0204491723e-01,8.6627611332e-02,1.0791992599e-01,1.4517737694e-01,1.8516423653e-01,4.7375098609e+00
1.3550000000e+02,5.7610772138e-02,1.5085773848e-02,3.9875054414e-01,8.7295089347e-02,1.1072929897e-01,1.4215467750e-01,1.8837384406e-01,4.7394524222e+00
1.3600000000e+02,5.7547760644e-02,1.4797500703e-02,4.0076835897e-01,8.6737706137e-02,1.1290675995e-01,1.3742932717e-01,1.8981258643e-01,4.7301664354e+00
1.3650000000e+02,5.7862427096e-02,1.4582846562e-02,3.9990521946e-01,8.7728594331e-02,1.1462637731e-01,1.3281618925e-01,1.9247834599e-01,4.7286696303e+00
1.3700000000e+02,5.7516273823e-02,1.4171105547e-02,3.9837037562e-01,8.8774534820e-02,1.1754546981e-01,1.2946267409e-01,1.9415956628e-01,4.7259437958e+00
1.3750000000e+02,5.7500593217e-02,1.3784838908e-02,3.9841278472e-01,9.0279985759e-02,1.1947710586e-01,1.2622581791e-01,1.9431887364e-01,4.7212259485e+00
1.3800000000e+02,5.7693931982e-02,1.3647399145e-02,3.9609169139e-01,9.1818034423e-02,1.2128203321e-01,1.2294714134e-01,1.9651976851e-01,4.7269609130e+00
1.3850000000e+02,5.7106572729e-02,1.3492917632e-02,3.9543939833e-01,9.3929065433e-02,1.2279331546e-01,1.1900432893e-01,1.9823440148e-01,4.7229646474e+00
1.3900000000e+02,5.6775903168e-02,1.3352992238e-02,3.9486473719e-01,9.4042343845e-02,1.2529426758e-01,1.1524768074e-01,2.0042207524e-01,4.7212757969e+00
1.3950000000e+02,5.6946461252e-02,1.3218926266e-02,3.9111654758e-01,9.5378682722e-02,1.2722743013e-01,1.1276212639e-01,2.0334982566e-01,4.7277917451e+00
1.4000000000e+02,5.6754081074e-02,1.3037806853e-02,3.8931903118e-01,9.6326137364e-02,1.2954424258e-01,1.0936154811e-01,2.0565715284e-01,4.7271865748e+00
1.4050000000e+02,5.6335695439e-02,1.2992645664e-02,3.8596910108e-01,9.7793767678e-02,1.3250365954e-01,1.0575630335e-01,2.0864882726e-01,4.7297035385e+00
1.4100000000e+02,5.6552403136e-02,1.2892120397e-02,3.8489564193e-01,9.8857510472e-02,1.3571228027e-01,1.0193717646e-01,2.0915286734e-01,4.7295185217e+00
1.4150000000e+02,5.6176856855e-02,1.2715089840e-02,3.8275706105e-01,1.0088148083e-01,1.3910973339e-01,9.8085248783e-02,2.1027452925e-01,4.7278337305e+00
1.4200000000e+02,5.5928851020e-02,1.2560524720e-02,3.8099712883e-01,1.0325463039e-01,1.4113224362e-01,9.3818690935e-02,2.1230793048e-01,4.7236445983e+00
1.4250000000e+02,5.5421712443e-02,1.2499844122e-02,3.8015728871e-01,1.0538306993e-01,1.4298091318e-01,9.0038396433e-02,2.1351877518e-01,4.7176131851e+00
1.4300000000e+02,5.5548988678e-02,1.2490362041e-02,3.7694465451e-01,1.0812538184e-01,1.4575124037e-01,8.6101181575e-02,2.1503819098e-01,4.7201808529e+00
1.4350000000e+02,5.5593726461e-02,1.2539536197e-02,3.7492068499e-01,1.1066551970e-01,1.4832238782e-01,8.3157429290e-02,2.1480071554e-01,4.7261687133e+00
1.4400000000e+02,5.5595275869e-02,1.2526704652e-02,3.7275921403e-01,1.1151881694e-01,1.5054787935e-01,8.0363105474e-02,2.1668900369e-01,4.7281847561e+00
1.4450000000e+02,5.4912721753e-02,1.2441550406e-02,3.7249924678e-01,1.1406487739e-01,1.5197195503e-01,7.7271012236e-02,2.1683863641e-01,4.7205776011e+00
1.4500000000e+02,5.4757072921e-02,1.2492529220e-02,3.7098159479e-01,1.1542828906e-01,1.5513549577e-01,7.3358643800e-02,2.1784637444e-01,4.7148811043e+00
1.4550000000e+02,5.4462797095e-02,1.2557102131e-02,3.7113272550e-01,1.1794388332e-01,1.5594700170e-01,6.9887233340e-02,2.1806925692e-01,4.7070370943e+00
1.4600000000e+02,5.3934015448e-02,1.2599128873e-02,3.6886220148e-01,1.1954492135e-01,1.5837002652e-01,6.6437713593e-02,2.2025199273e-01,4.6997881078e+00
1.4650000000e+02,5.3774777904e-02,1.2809032210e-02,3.6855506162e-01,1.2104054841e-01,1.6044189566e-01,6.3087489828e-02,2.2029119437e-01,4.6948500311e+00
1.4700000000e+02,5.3356251549e-02,1.2962283097e-02,3.6769568491e-01,1.2274472547e-01,1.6368406693e-01,6.0156975643e-02,2.1940001240e-01,4.6878594069e+00
1.4750000000e+02,5.3199606214e-02,1.2975940785e-02,3.6515562952e-01,1.2476954652e-01,1.6665487886e-01,5.7369929593e-02,2.1987446851e-01,4.6836420991e+00
1.4800000000e+02,5.3061475915e-02,1.3063547701e-02,3.6569843111e-01,1.2630452881e-01,1.6884253882e-01,5.4417411042e-02,2.1861206661e-01,4.6715088851e+00
1.4850000000e+02,5.2932285436e-02,1.3137864574e-02,3.6366178064e-01,1.2806315648e-01,1.7118574930e-01,5.1116461217e-02,2.1990270236e-01,4.6651051699e+00
1.4900000000e+02,5.2523733340e-02,1.3385970585e-02,3.6206526599e-01,1.2962268266e-01,1.7264049275e-01,4.8210234096e-02,2.2155162059e-01,4.6502695566e+00
1.4950000000e+02,5.1723432748e-02,1.3485463322e-02,3.5985819909e-01,1.3131437108e-01,1.7410823005e-01,4.5636841728e-02,2.2387346198e-01,4.6351041712e+00
1.5000000000e+02,5.1756460593e-02,1.3529986088e-02,3.5810978089e-01,1.3288820736e-01,1.7614984856e-01,4.2869309868e-02,2.2469640664e-01,4.6197202931e+00
1.5050000000e+02,5.1800346948e-02,1.3736087949e-02,3.5403999411e-01,1.3429068697e-01,1.7910312119e-01,4.0459051632e-02,2.2657071119e-01,4.6160282522e+00
1.5100000000e+02,5.1165820361e-02,1.3734311609e-02,3.5458955947e-01,1.3500796244e-01,1.7972271247e-01,3.7648300268e-02,2.2813133339e-01,4.5896211685e+00
1.5150000000e+02,5.0371743270e-02,1.3744073928e-02,3.5319835477e-01,1.3661061860e-01,1.8238173756e-01,3.4961644630e-02,2.2873182725e-01,4.5690407314e+00
1.5200000000e+02,5.0546021116e-02,1.3966097732e-02,3.4962363322e-01,1.3632309243e-01,1.8530566484e-01,3.2782812644e-02,2.3145267801e-01,4.5586947438e+00
1.5250000000e+02,5.0408830166e-02,1.4237943093e-02,3.4536577621e-01,1.3843419329e-01,1.8681329278e-01,3.0488752855e-02,2.3425121161e-01,4.5478483504e+00
1.5300000000e+02,5.0102027031e-02,1.4428169607e-02,3.4204683464e-01,1.4138645277e-01,1.8758658846e-01,2.8169747372e-02,2.3628018012e-01,4.5331111451e+00
1.5350000000e+02,4.9979015497e-02,1.4684941856e-02,3.3794021819e-01,1.4251133341e-01,1.9042321356e-01,2.6321514124e-02,2.3813976335e-01,4.5211758756e+00
1.5400000000e+02,4.9997725951e-02,1.4673036058e-02,3.3847254416e-01,1.4338779406e-01,1.9062600559e-01,2.4216965405e-02,2.3862592878e-01,4.4985933879e+00
1.5450000000e+02,4.9835585812e-02,1.4796471001e-02,3.3351758902e-01,1.4556825846e-01,1.9311334262e-01,2.2537097125e-02,2.4063165596e-01,4.4815372286e+00
1.5500000000e+02,4.9934892498e-02,1.4955595016e-02,3.3222670941e-01,1.4592494373e-01,1.9405939399e-01,2.0490968353e-02,2.4240749701e-01,4.4584517362e+00
1.5550000000e+02,4.9640458640e-02,1.5173113872e-02,3.3073979218e-01,1.4737666475e-01,1.9496157816e-01,1.8754575346e-02,2.4335381704e-01,4.4408992954e+00
1.5600000000e+02,4.9736528915e-02,1.5421519286e-02,3.2796073546e-01,1.4788469192e-01,1.9659286292e-01,1.6937325758e-02,2.4546633574e-01,4.4247686655e+00
1.5650000000e+02,4.9879727612e-02,1.5678893271e-02,3.2416950471e-01,1.4810391080e-01,1.9942830707e-01,1.5468829403e-02,2.4727082713e-01,4.4079690869e+00
1.5700000000e+02,4.9334891927e-02,1.5635954082e-02,3.2220228524e-01,1.4756012528e-01,1.9988707688e-01,1.3774702300e-02,2.5160496428e-01,4.3774537384e+00
1.5750000000e+02,4.8700150027e-02,1.5757290693e-02,3.2104325178e-01,1.4761724684e-01,2.0213419296e-01,1.2348476494e-02,2.5239939122e-01,4.3453521789e+00
1.5800000000e+02,4.8694242295e-02,1.5990433386e-02,3.1856854250e-01,1.4887645175e-01,2.0499694933e-01,1.1166206378e-02,2.5170717437e-01,4.3286111303e+00
1.5850000000e+02,4.9357359760e-02,1.6340628391e-02,3.1556046255e-01,1.4991945358e-01,2.0617918785e-01,1.0023945599e-02,2.5261896228e-01,4.3103747750e+00
1.5900000000e+02,4.9631688583e-02,1.6474826051e-02,3.1336001702e-01,1.5029650793e-01,2.0916839493e-01,8.9839070988e-03,2.5208465839e-01,4.2900952444e+00
1.5950000000e+02,5.0357053522e-02,1.6752867169e-02,3.1091750692e-01,1.5048948195e-01,2.1162377736e-01,8.0161611933e-03,2.5184315189e-01,4.2728927295e+00
1.6000000000e+02,5.0680499370e-02,1.6912528085e-02,3.0687030071e-01,1.5115324698e-01,2.1391020175e-01,7.2155922738e-03,2.5325763083e-01,4.2516224221e+00
1.6050000000e+02,5.0251493763e-02,1.7209869298e-02,3.0431661129e-01,1.5098026683e-01,2.1671760024e-01,6.5305216037e-03,2.5399363698e-01,4.2235713613e+00
1.6100000000e+02,4.9889965793e-02,1.7392878825e-02,3.0271829125e-01,1.5121998868e-01,2.1835908690e-01,5.8650338866e-03,2.5455475467e-01,4.1951595209e+00
1.6150000000e+02,4.9811364107e-02,1.7549654719e-02,3.0059265830e-01,1.5063360072e-01,2.2171659330e-01,5.2807486957e-03,2.5441538017e-01,4.1687921010e+00
1.6200000000e+02,4.9776803006e-02,1.7766769120e-02,2.9962400753e-01,1.4937823355e-01,2.2451304932e-01,4.8204010823e-03,2.5412073639e-01,4.1409269256e+00
1.6250000000e+02,4.9612476313e-02,1.7762612121e-02,2.9599958733e-01,1.4795326847e-01,2.2793296151e-01,4.5330219078e-03,2.5620607235e-01,4.1096204386e+00
1.6300000000e+02,4.9449851655e-02,1.7910841864e-02,2.9318312765e-01,1.4705395267e-01,2.3039216498e-01,4.3375841915e-03,2.5767247699e-01,4.0830873656e+00
1.6350000000e+02,4.9420829045e-02,1.8036111648e-02,2.9048182011e-01,1.4574562810e-01,2.3180860227e-01,4.2344013607e-03,2.6027260746e-01,4.0609294083e+00
1.6400000000e+02,4.9540425192e-02,1.8162577014e-02,2.8616318670e-01,1.4565537283e-01,2.3401951534e-01,4.2944135231e-03,2.6216450939e-01,4.0673319346e+00
1.6450000000e+02,4.9186196409e-02,1.8043527641e-02,2.8453947513e-01,1.4448264859e-01,2.3586063220e-01,4.3996157973e-03,2.6348790423e-01,4.0817888826e+00
1.6500000000e+02,4.9150780840e-02,1.8169896710e-02,2.8319600597e-01,1.4449974528e-01,2.3632601981e-01,4.5637077431e-03,2.6409384365e-01,4.1091108468e+00
1.6550000000e+02,4.8435706134e-02,1.8368734765e-02,2.8064404466e-01,1.4300405351e-01,2.4046156077e-01,4.9040609185e-03,2.6418183924e-01,4.1336443724e+00
1.6600000000e+02,4.8081545804e-02,1.8551855916e-02,2.8041549666e-01,1.4197786917e-01,2.4169211606e-01,5.3591453106e-03,2.6392197108e-01,4.1556149091e+00
1.6650000000e+02,4.8229350086e-02,1.8605189208e-02,2.7794379439e-01,1.4113436791e-01,2.4289228684e-01,5.9191868738e-03,2.6527582470e-01,4.1830215845e+00
1.6700000000e+02,4.8282372225e-02,1.8786584087e-02,2.7643846786e-01,1.3892284624e-01,2.4472897771e-01,6.5647732287e-03,2.6627597864e-01,4.2090272066e+00
1.6750000000e+02,4.8867803104e-02,1.8852676345e-02,2.7413899811e-01,1.3759139523e-01,2.4711403348e-01,7.2752784379e-03,2.6615981530e-01,4.2385063909e+00
1.6800000000e+02,4.8548313638e-02,1.9017064404e-02,2.7369556482e-01,1.3564004687e-01,2.5009130505e-01,8.2623527556e-03,2.6474535246e-01,4.2633555205e+00
1.6850000000e+02,4.8441728989e-02,1.9100991666e-02,2.7271838475e-01,1.3469681757e-01,2.4977345875e-01,9.2490422443e-03,2.6601957603e-01,4.2882046880e+00
1.6900000000e+02,4.8726304469e-02,1.9065893815e-02,2.7017756093e-01,1.3290114801e-01,2.5188611038e-01,1.0347901170e-02,2.6689508123e-01,4.3129644222e+00
1.6950000000e+02,4.8523217479e-02,1.9316330656e-02,2.6787571925e-01,1.3135951617e-01,2.5296724056e-01,1.1484407975e-02,2.6847356792e-01,4.3338937709e+00
1.7000000000e+02,4.8289077930e-02,1.9391083628e-02,2.6663852685e-01,1.2970901437e-01,2.5333041846e-01,1.2707180278e-02,2.6993469848e-01,4.3545294165e+00
1.7050000000e+02,4.8108214852e-02,1.9245673427e-02,2.6475127945e-01,1.2733853014e-01,2.5292030415e-01,1.3981626043e-02,2.7365437194e-01,4.3670991225e+00
1.7100000000e+02,4.8056446336e-02,1.9136603168e-02,2.6414823957e-01,1.2523108077e-01,2.5403281034e-01,1.5349965976e-02,2.7404485383e-01,4.3807673842e+00
1.7150000000e+02,4.8109013888e-02,1.9076438314e-02,2.6402934284e-01,1.2282040152e-01,2.5508266144e-01,1.6868781338e-02,2.7401336066e-01,4.3962754246e+00
1.7200000000e+02,4.8378523520e-02,1.9317556462e-02,2.6381735207e-01,1.2060984565e-01,2.5516758812e-01,1.8858441703e-02,2.7385069248e-01,4.4204564466e+00
1.7250000000e+02,4.7898328568e-02,1.9166082424e-02,2.6135159934e-01,1.1768328624e-01,2.5847776171e-01,2.0756208855e-02,2.7466673287e-01,4.4284989259e+00
1.7300000000e+02,4.7882789444e-02,1.9053873474e-02,2.5983207829e-01,1.1521774864e-01,2.5951461886e-01,2.2652890065e-02,2.7584600123e-01,4.4420119876e+00
1.7350000000e+02,4.7569060895e-02,1.9149987302e-02,2.6006397338e-01,1.1231596383e-01,2.6088826500e-01,2.4626733262e-02,2.7538601633e-01,4.4553083105e+00
1.7400000000e+02,4.7508925979e-02,1.9152745949e-02,2.5602289414e-01,1.1058520064e-01,2.6342791742e-01,2.6282919326e-02,2.7701939654e-01,4.4645066938e+00
1.7450000000e+02,4.7312813247e-02,1.9219216495e-02,2.5460816275e-01,1.0791029309e-01,2.6570901239e-01,2.8337184758e-02,2.7690331727e-01,4.4749834278e+00
1.7500000000e+02,4.7210728444e-02,1.9397431068e-02,2.5412772865e-01,1.0503629035e-01,2.6666162716e-01,3.0131131678e-02,2.7743506265e-01,4.4826939064e+00
1.7550000000e+02,4.7550840796e-02,1.9448577630e-02,2.5159589749e-01,1.0304066759e-01,2.6822228478e-01,3.2223812872e-02,2.7791791884e-01,4.4946062538e+00
1.7600000000e+02,4.7455793114e-02,1.9308085008e-02,2.5033084960e-01,1.0097251598e-01,2.6835395873e-01,3.4567442875e-02,2.7901135469e-01,4.4993742391e+00
1.7650000000e+02,4.7203220443e-02,1.9255585593e-02,2.4812084474e-01,9.8587852286e-02,2.6946672808e-01,3.6636057994e-02,2.8072971087e-01,4.4990399906e+00
1.7700000000e+02,4.7360656037e-02,1.9152370436e-02,2.4662350237e-01,9.6162759348e-02,2.7101711624e-01,3.9284548663e-02,2.8039904690e-01,4.5082014724e+00
1.7750000000e+02,4.6793820097e-02,1.9035014667e-02,2.4252429994e-01,9.3518523043e-02,2.7349740222e-01,4.1156430000e-02,2.8347451003e-01,4.5065197233e+00
1.7800000000e+02,4.6543902473e-02,1.9080918640e-02,2.4223769302e-01,8.9953584957e-02,2.7475446313e-01,4.3378796796e-02,2.8405064099e-01,4.5042812633e+00
1.7850000000e+02,4.6507120435e-02,1.8999078723e-02,2.4130959058e-01,8.6622742344e-02,2.7519080428e-01,4.5943129450e-02,2.8542753419e-01,4.5001093088e+00
1.7900000000e+02,4.6591780850e-02,1.8916100781e-02,2.3982955780e-01,8.5633025439e-02,2.7463843526e-01,4.8644971683e-02,2.8574612819e-01,4.5048657652e+00
1.7950000000e+02,4.6183215602e-02,1.8981487217e-02,2.4042720446e-01,8.3020443937e-02,2.7569473564e-01,5.1376252123e-02,2.8431666102e-01,4.5014491717e+00
1.8000000000e+02,4.6213966084e-02,1.8949629822e-02,2.3918169851e-01,8.0565430298e-02,2.7675963091e-01,5.4412914078e-02,2.8391673030e-01,4.5083952877e+00
1.8050000000e+02,4.6045299503e-02,1.8946762151e-02,2.3719022120e-01,7.8383458399e-02,2.7737095420e-01,5.6852384669e-02,2.8521091987e-01,4.4996570456e+00
1.8100000000e+02,4.5619414932e-02,1.8849541093e-02,2.3527864796e-01,7.5614023210e-02,2.7966594879e-01,5.9578989037e-02,2.8539343498e-01,4.4957521262e+00
1.8150000000e+02,4.4995756629e-02,1.8757184254e-02,2.3580611269e-01,7.1822361180e-02,2.8028844542e-01,6.1957429113e-02,2.8637271071e-01,4.4814055920e+00
1.8200000000e+02,4.4125385572e-02,1.8588810473e-02,2.3353669067e-01,6.9233929602e-02,2.8265021203e-01,6.4914063044e-02,2.8695090861e-01,4.4632065171e+00
1.8250000000e+02,4.3507376130e-02,1.8667083350e-02,2.3402949172e-01,6.5701159904e-02,2.8305277983e-01,6.7631076028e-02,2.8741103304e-01,4.4477479115e+00
1.8300000000e+02,4.3110273380e-02,1.8597589663e-02,2.3189037313e-01,6.2764127605e-02,2.8282531793e-01,7.1449567187e-02,2.8936275111e-01,4.4366931589e+00
1.8350000000e+02,4.2710094865e-02,1.8508810170e-02,2.3114298606e-01,6.0010413139e-02,2.8362639298e-01,7.5313293630e-02,2.8868800916e-01,4.4286820388e+00
1.8400000000e+02,4.2607921651e-02,1.8603484776e-02,2.3131276531e-01,5.7944267649e-02,2.8342190114e-01,7.8565450543e-02,2.8754420893e-01,4.4206701926e+00
1.8450000000e+02,4.2396606347e-02,1.8714008662e-02,2.2954685417e-01,5.5996499013e-02,2.8330935901e-01,8.1473226700e-02,2.8856344609e-01,4.4125004556e+00
1.8500000000e+02,4.2124783024e-02,1.8570287304e-02,2.2906328834e-01,5.2911859042e-02,2.8373338606e-01,8.4417536937e-02,2.8917885930e-01,4.3894820497e+00
1.8550000000e+02,4.1999819452e-02,1.8520490665e-02,2.2762661670e-01,5.0097165908e-02,2.8393603957e-01,8.7767065285e-02,2.9005280242e-01,4.3713872038e+00
1.8600000000e+02,4.1864494921e-02,1.8510085212e-02,2.2804201443e-01,4.7560140719e-02,2.8266450977e-01,9.2074063882e-02,2.8928469106e-01,4.3589775550e+00
1.8650000000e+02,4.1558483770e-02,1.8508438250e-02,2.2645379306e-01,4.5494336487e-02,2.8209538984e-01,9.6082678804e-02,2.8980687978e-01,4.3399045767e+00
1.8700000000e+02,4.2061840558e-02,1.8502104868e-02,2.2494414629e-01,4.3601131965e-02,2.8107252986e-01,1.0099837496e-01,2.8881987150e-01,4.3309121841e+00
1.8750000000e+02,4.1952916468e-02,1.8599310934e-02,2.2370959643e-01,4.1360491203e-02,2.8178478238e-01,1.0493055395e-01,2.8766234864e-01,4.3176152550e+00
1.8800000000e+02,4.2111518324e-02,1.8703550638e-02,2.2229180846e-01,3.9988069859e-02,2.8071453785e-01,1.0954190447e-01,2.8664861040e-01,4.3041373182e+00
1.8850000000e+02,4.1622652196e-02,1.8734258931e-02,2.2305972535e-01,3.7977142738e-02,2.7829073029e-01,1.1376103063e-01,2.8655445987e-01,4.2762297632e+00
1.8900000000e+02,4.1384861449e-02,1.8874615731e-02,2.2281260823e-01,3.6691762206e-02,2.7608339759e-01,1.1925084547e-01,2.8490190932e-01,4.2648503716e+00
1.8950000000e+02,4.1053515018e-02,1.8949526671e-02,2.2259148271e-01,3.5446867215e-02,2.7703426428e-01,1.2384575531e-01,2.8107858879e-01,4.2472107976e+00
1.9000000000e+02,4.0872838650e-02,1.9036086163e-02,2.2097719685e-01,3.4416618484e-02,2.7520878492e-01,1.2812743102e-01,2.8136104392e-01,4.2220698880e+00
1.9050000000e+02,4.0495594497e-02,1.8934890730e-02,2.2180707058e-01,3.3149299590e-02,2.7478938927e-01,1.3243266822e-01,2.7839108711e-01,4.1946413458e+00
1.9100000000e+02,4.0217381469e-02,1.8905199998e-02,2.2120394912e-01,3.2062762787e-02,2.7340428737e-01,1.3529180510e-01,2.7891461416e-01,4.1663759236e+00
1.9150000000e+02,3.9826799702e-02,1.8955979888e-02,2.2087346322e-01,3.1512283034e-02,2.7314006461e-01,1.3876831155e-01,2.7692309801e-01,4.1428909235e+00
1.9200000000e+02,3.9678377879e-02,1.9078525242e-02,2.2004853594e-01,3.0853760947e-02,2.7191417525e-01,1.4401720850e-01,2.7440941624e-01,4.1283311038e+00
1.9250000000e+02,3.9082159454e-02,1.9172492900e-02,2.1903512623e-01,3.0578557512e-02,2.6968304473e-01,1.4841690732e-01,2.7403171186e-01,4.1128347686e+00
1.9300000000e+02,3.8740960852e-02,1.9484076340e-02,2.1871498742e-01,3.0075307044e-02,2.6655636962e-01,1.5255419325e-01,2.7387410547e-01,4.1029189603e+00
1.9350000000e+02,3.8368825034e-02,1.9784903537e-02,2.1809910658e-01,2.9701306884e-02,2.6492509014e-01,1.5695165285e-01,2.7216911497e-01,4.0928689257e+00
1.9400000000e+02,3.7598736453e-02,2.0017018549e-02,2.1869357115e-01,2.9452954511e-02,2.6132417684e-01,1.6080236236e-01,2.7211118014e-01,4.0815777886e+00
1.9450000000e+02,3.6942618947e-02,2.0183863764e-02,2.1906746286e-01,2.9730862937e-02,2.5991872493e-01,1.6315822226e-01,2.7099824430e-01,4.0771142499e+00
1.9500000000e+02,3.6626185118e-02,2.0271655808e-02,2.1848375487e-01,3.0509150940e-02,2.5646212544e-01,1.6774647934e-01,2.6990064848e-01,4.0804948470e+00
1.9550000000e+02,3.6285573811e-02,1.9987488776e-02,2.1757864842e-01,3.0943847323e-02,2.5435575457e-01,1.7298331560e-01,2.6786537150e-01,4.0848581115e+00
1.9600000000e+02,3.5898084914e-02,2.0186977315e-02,2.1822652632e-01,3.1136411980e-02,2.5051681867e-01,1.7700994453e-01,2.6702523627e-01,4.0943355779e+00
1.9650000000e+02,3.5748140665e-02,2.0219916542e-02,2.2020132613e-01,3.2249281549e-02,2.4781637734e-01,1.8048613583e-01,2.6327882194e-01,4.1004349998e+00
1.9700000000e+02,3.5548772895e-02,2.0479746590e-02,2.2031266162e-01,3.3445910470e-02,2.4589965990e-01,1.8419206490e-01,2.6012118363e-01,4.1256145240e+00
1.9750000000e+02,3.5289993952e-02,2.0694668925e-02,2.1817538024e-01,3.4318448985e-02,2.4269749227e-01,1.8777634203e-01,2.6104767360e-01,4.1471725667e+00
1.9800000000e+02,3.4939556176e-02,2.0853975008e-02,2.1782946252e-01,3.5269397772e-02,2.3941973778e-01,1.9273033610e-01,2.5895753464e-01,4.1674067004e+00
1.9850000000e+02,3.4218369966e-02,2.1218316727e-02,2.1662745161e-01,3.6768122226e-02,2.3738477524e-01,1.9740407738e-01,2.5637888685e-01,4.1884688181e+00
1.9900000000e+02,3.3941534485e-02,2.1500475768e-02,2.1578754031e-01,3.8201249671e-02,2.3437856364e-01,2.0098586341e-01,2.5520477272e-01,4.2104419069e+00
1.9950000000e+02,3.3503923703e-02,2.1595497159e-02,2.1475868162e-01,4.0107123686e-02,2.3060405269e-01,2.0483627391e-01,2.5459444723e-01,4.2335805833e+00
2.0000000000e+02,3.3206795503e-02,2.1493766579e-02,2.1445034557e-01,4.1390852656e-02,2.2726028791e-01,2.1005078290e-01,2.5214716889e-01,4.2502532246e+00
2.0050000000e+02,3.2607888512e-02,2.1349575351e-02,2.1722726894e-01,4.3100189609e-02,2.2469883140e-01,2.1434874636e-01,2.4666749984e-01,4.2664497272e+00
2.0100000000e+02,3.2328732309e-02,2.1728219339e-02,2.1538539433e-01,4.5188278176e-02,2.2086156384e-01,2.2063228989e-01,2.4387552211e-01,4.2955116671e+00
2.0150000000e+02,3.1905356374e-02,2.1936135184e-02,2.1415006681e-01,4.8022075233e-02,2.1857272653e-01,2.2459055669e-01,2.4082308317e-01,4.3155869784e+00
2.0200000000e+02,3.1499355400e-02,2.1979562316e-02,2.1547020335e-01,5.0982169210e-02,2.1488354439e-01,2.2781312980e-01,2.3737203554e-01,4.3285827801e+00
2.0250000000e+02,3.0853469363e-02,2.2004086354e-02,2.1515672298e-01,5.3621659900e-02,2.1305078033e-01,2.3152792477e-01,2.3378535631e-01,4.3476084787e+00
2.0300000000e+02,3.0444454112e-02,2.2182805185e-02,2.1501084371e-01,5.6150920445e-02,2.1048236980e-01,2.3595253016e-01,2.2977607659e-01,4.3645192776e+00
2.0350000000e+02,3.0085202784e-02,2.2447638367e-02,2.1472186004e-01,5.9190279824e-02,2.0671210523e-01,2.3908272689e-01,2.2776018686e-01,4.3861966004e+00
2.0400000000e+02,2.9205437205e-02,2.2562809460e-02,2.1724758284e-01,6.2199413722e-02,2.0215459085e-01,2.4235677750e-01,2.2427338842e-01,4.3974947504e+00
2.0450000000e+02,2.8388147721e-02,2.2745325546e-02,2.1839516436e-01,6.5238080728e-02,1.9862712758e-01,2.4569731152e-01,2.2090884254e-01,4.4054678880e+00
2.0500000000e+02,2.8027340775e-02,2.2919844571e-02,2.1787837021e-01,6.9048608920e-02,1.9380075682e-01,2.4875663450e-01,2.1956844420e-01,4.4264073105e+00
2.0550000000e+02,2.7808995469e-02,2.3115639934e-02,2.1917886420e-01,7.1944991605e-02,1.8927736435e-01,2.5276233657e-01,2.1591180788e-01,4.4406029627e+00
2.0600000000e+02,2.7474380879e-02,2.3621929570e-02,2.1735880524e-01,7.5945677457e-02,1.8495264923e-01,2.5735380685e-01,2.1329275078e-01,4.4565889590e+00
2.0650000000e+02,2.6979672677e-02,2.3893003288e-02,2.1774295688e-01,8.0030228690e-02,1.7899188705e-01,2.6095281269e-01,2.1140943873e-01,4.4695043704e+00
2.0700000000e+02,2.6711370072e-02,2.4091318889e-02,2.1682509941e-01,8.3871888842e-02,1.7535730268e-01,2.6449262700e-01,2.0865039310e-01,4.4811949504e+00
2.0750000000e+02,2.6292314228e-02,2.4329390515e-02,2.1440238568e-01,8.7788966410e-02,1.7159832916e-01,2.7077810744e-01,2.0481050657e-01,4.4871695094e+00
2.0800000000e+02,2.5925620027e-02,2.4184099879e-02,2.1313360492e-01,9.1948176264e-02,1.6767895632e-01,2.7570160209e-01,2.0142794050e-01,4.4851165068e+00
2.0850000000e+02,2.5408309483e-02,2.4632141964e-02,2.1242723079e-01,9.6156789006e-02,1.6352819928e-01,2.7774587055e-01,2.0010145893e-01,4.4902807467e+00
2.0900000000e+02,2.4782573947e-02,2.4848648913e-02,2.1215011625e-01,1.0068164892e-01,1.5911022399e-01,2.8175305019e-01,1.9667373778e-01,4.4892278764e+00
2.0950000000e+02,2.4448744338e-02,2.4841314573e-02,2.1357578126e-01,1.0530520371e-01,1.5259604131e-01,2.8645586854e-01,1.9277704627e-01,4.4861665067e+00
2.1000000000e+02,2.4151662489e-02,2.4835939767e-02,2.1174341860e-01,1.0907264833e-01,1.4905371839e-01,2.9078716586e-01,1.9035544656e-01,4.4857348341e+00
2.1050000000e+02,2.3755175346e-02,2.4831234913e-02,2.1317925885e-01,1.1385697097e-01,1.4536007587e-01,2.9339624602e-01,1.8562103803e-01,4.4797257784e+00
2.1100000000e+02,2.3245903197e-02,2.4855234458e-02,2.1391349231e-01,1.1780304069e-01,1.4174380569e-01,2.9768026831e-01,1.8075825534e-01,4.4646683512e+00
2.1150000000e+02,2.3049682515e-02,2.5098992780e-02,2.1106413524e-01,1.2366740854e-01,1.3686724991e-01,3.0243316294e-01,1.7781936809e-01,4.4684875930e+00
2.1200000000e+02,2.2293213404e-02,2.5119602097e-02,2.1081628574e-01,1.2782375337e-01,1.3365384785e-01,3.0717562268e-01,1.7311767486e-01,4.4506995568e+00
2.1250000000e+02,2.1885617270e-02,2.5501159006e-02,2.0930255220e-01,1.3317308982e-01,1.3032510260e-01,3.0925177436e-01,1.7056070473e-01,4.4521956888e+00
2.1300000000e+02,2.1395790299e-02,2.5463111711e-02,2.0914798095e-01,1.3931849750e-01,1.2560845485e-01,3.1384278097e-01,1.6522338372e-01,4.4393440174e+00
2.1350000000e+02,2.1033038507e-02,2.5655094940e-02,2.0905605571e-01,1.4435417071e-01,1.2211455357e-01,3.1736202782e-01,1.6042505874e-01,4.4318930874e+00
2.1400000000e+02,2.0433604143e-02,2.5639343472e-02,2.0927642870e-01,1.4946507988e-01,1.1843184684e-01,3.1902438781e-01,1.5772930917e-01,4.4199441638e+00
2.1450000000e+02,1.9796132716e-02,2.5600078854e-02,2.0843703819e-01,1.5426670746e-01,1.1497462282e-01,3.2320002011e-01,1.5372539985e-01,4.3949746260e+00
2.1500000000e+02,1.9377742962e-02,2.5691470737e-02,2.0825278740e-01,1.5864177232e-01,1.1114931419e-01,3.2577963867e-01,1.5110727372e-01,4.3731849353e+00
2.1550000000e+02,1.8896941033e-02,2.5866337370e-02,2.0669167596e-01,1.6285488280e-01,1.0730219158e-01,3.3065405267e-01,1.4773391859e-01,4.3556587777e+00
2.1600000000e+02,1.8676238715e-02,2.5921831327e-02,2.0526911941e-01,1.6856207387e-01,1.0323047888e-01,3.3200172915e-01,1.4633852865e-01,4.3476218416e+00
2.1650000000e+02,1.8303171037e-02,2.5951936863e-02,2.0562467242e-01,1.7402942179e-01,1.0000952014e-01,3.3277460813e-01,1.4330666963e-01,4.3316887575e+00
2.1700000000e+02,1.7894130761e-02,2.6337387972e-02,2.0657213119e-01,1.7765476515e-01,9.6320642075e-02,3.3448286456e-01,1.4073807829e-01,4.3160469403e+00
2.1750000000e+02,1.7565136604e-02,2.6572377900e-02,2.0488357250e-01,1.8256935654e-01,9.3875263401e-02,3.3708118985e-01,1.3745310321e-01,4.3040603492e+00
2.1800000000e+02,1.7315638873e-02,2.6509441864e-02,2.0468818839e-01,1.8609639264e-01,9.0502731039e-02,3.3979992877e-01,1.3508767842e-01,4.2855977048e+00
2.1850000000e+02,1.6932850657e-02,2.6498163596e-02,2.0256918990e-01,1.9046210945e-01,8.7216855982e-02,3.4261394548e-01,1.3370688494e-01,4.2653967664e+00
2.1900000000e+02,1.6650441039e-02,2.6334139497e-02,2.0224560839e-01,1.9620164977e-01,8.4345041373e-02,3.4460391089e-01,1.2961920904e-01,4.2433429957e+00
2.1950000000e+02,1.6290534269e-02,2.6000728982e-02,2.0067602932e-01,2.0076376312e-01,8.2305466885e-02,3.4638749954e-01,1.2757597788e-01,4.2205349884e+00
2.2000000000e+02,1.5894608875e-02,2.5942953517e-02,1.9827256136e-01,2.0593589876e-01,7.9309739214e-02,3.4923648495e-01,1.2540775333e-01,4.2007871343e+00
2.2050000000e+02,1.5442972356e-02,2.5830085947e-02,1.9735012283e-01,2.1242688673e-01,7.5944030513e-02,3.4910848048e-01,1.2389742113e-01,4.1764815269e+00
2.2100000000e+02,1.5198167090e-02,2.5797454633e-02,1.9607389579e-01,2.1731581696e-01,7.4238540050e-02,3.4897744299e-01,1.2239868248e-01,4.1644947128e+00
2.2150000000e+02,1.4878933413e-02,2.5544933198e-02,1.9585056070e-01,2.2266290420e-01,7.0904432549e-02,3.4936994510e-01,1.2078829083e-01,4.1361787006e+00
2.2200000000e+02,1.4718555102e-02,2.5656407142e-02,1.9342718855e-01,2.2652930064e-01,6.8880320581e-02,3.5189931784e-01,1.1888891015e-01,4.1192004789e+00
2.2250000000e+02,1.4608733683e-02,2.5795864924e-02,1.9087261448e-01,2.3201828121e-01,6.7058705007e-02,3.5267152683e-01,1.1697427386e-01,4.1085530124e+00
2.2300000000e+02,1.4331393097e-02,2.5992376174e-02,1.8935169235e-01,2.3750955690e-01,6.5627139807e-02,3.5109897798e-01,1.1608886369e-01,4.0972252456e+00
2.2350000000e+02,1.4037504374e-02,2.5867406138e-02,1.8600601035e-01,2.4252913079e-01,6.4134328350e-02,3.5171124459e-01,1.1571437542e-01,4.0804089943e+00
2.2400000000e+02,1.3932481370e-02,2.5705962950e-02,1.8470238551e-01,2.4772957840e-01,6.2667907733e-02,3.5076616871e-01,1.1449551533e-01,4.0600561409e+00
2.2450000000e+02,1.3770766074e-02,2.5416278954e-02,1.8347958782e-01,2.5177199418e-01,6.0590303517e-02,3.5163082088e-01,1.1334024857e-01,4.0418814142e+00
2.2500000000e+02,1.3679403814e-02,2.5225398139e-02,1.8215211741e-01,2.5607466245e-01,5.9464094954e-02,3.5216305891e-01,1.1124126433e-01,4.0227363938e+00
2.2550000000e+02,1.3587915047e-02,2.4889605311e-02,1.8028156629e-01,2.6137703515e-01,5.8001479428e-02,3.5296210395e-01,1.0890029482e-01,4.0053476894e+00
2.2600000000e+02,1.3494951340e-02,2.4558324497e-02,1.7739709894e-01,2.6640691217e-01,5.7277333693e-02,3.5338547139e-01,1.0747990796e-01,3.9825934681e+00
2.2650000000e+02,1.3445141315e-02,2.4108598616e-02,1.7511968515e-01,2.7139359703e-01,5.6332438504e-02,3.5470160977e-01,1.0489892962e-01,3.9646879231e+00
2.2700000000e+02,1.3207494782e-02,2.3892020860e-02,1.7413618582e-01,2.7494019976e-01,5.4835760228e-02,3.5531248851e-01,1.0367585004e-01,3.9435547862e+00
2.2750000000e+02,1.3141343784e-02,2.3759472790e-02,1.7348456561e-01,2.7774847392e-01,5.4188427525e-02,3.5465684634e-01,1.0302087004e-01,3.9287712895e+00
2.2800000000e+02,1.3104284263e-02,2.3650942712e-02,1.7116073812e-01,2.8309563594e-01,5.3436638295e-02,3.5356256132e-01,1.0198919936e-01,3.9114652700e+00
2.2850000000e+02,1.3090695147e-02,2.3487030999e-02,1.6818272198e-01,2.8824495162e-01,5.2813381269e-02,3.5356656773e-01,1.0061465125e-01,3.8928117927e+00
2.2900000000e+02,1.2940493104e-02,2.3400073482e-02,1.6657176374e-01,2.9440003923e-01,5.1362014196e-02,3.5212742417e-01,9.9198192089e-02,3.8687509922e+00
2.2950000000e+02,1.2942167272e-02,2.3361840816e-02,1.6648865469e-01,2.9734056008e-01,5.0819381682e-02,3.5118186489e-01,9.7865530578e-02,3.8617756026e+00
2.3000000000e+02,1.2928897593e-02,2.3122488877e-02,1.6390296179e-01,3.0201396841e-01,4.9972611018e-02,3.5211735120e-01,9.5941721111e-02,3.8458773445e+00
2.3050000000e+02,1.2882303511e-02,2.2883339185e-02,1.6199847139e-01,3.0572324771e-01,4.9195707959e-02,3.5244438583e-01,9.4872544423e-02,3.8285614893e+00
2.3100000000e+02,1.2888126875e-02,2.2684415770e-02,1.6133296410e-01,3.0902770317e-01,4.8705408175e-02,3.5114558486e-01,9.4215797059e-02,3.8116990775e+00
2.3150000000e+02,1.2914578294e-02,2.2528717119e-02,1.5962458515e-01,3.1154989451e-01,4.8967695974e-02,3.5153215472e-01,9.2882374231e-02,3.7972426680e+00
2.3200000000e+02,1.2975093060e-02,2.1987934534e-02,1.5742729492e-01,3.1544959292e-01,4.8834309973e-02,3.5141415506e-01,9.1911619540e-02,3.7840262576e+00
2.3250000000e+02,1.2998955557e-02,2.1846057511e-02,1.5546831148e-01,3.1884717279e-01,4.9145514779e-02,3.5083228036e-01,9.0861707531e-02,3.7746022074e+00
2.3300000000e+02,1.3074764644e-02,2.1536818245e-02,1.5138358601e-01,3.2493835565e-01,4.9731010577e-02,3.4937300655e-01,8.9962458322e-02,3.7601882695e+00
2.3350000000e+02,1.3102838843e-02,2.1072222031e-02,1.4819489775e-01,3.3206380733e-01,5.0094660383e-02,3.4709957258e-01,8.8372001088e-02,3.7444559226e+00
2.3400000000e+02,1.3274144077e-02,2.0441188013e-02,1.4487192623e-01,3.3722704259e-01,5.0803914310e-02,3.4543789810e-01,8.7943886682e-02,3.7311285212e+00
2.3450000000e+02,1.3388032645e-02,1.9825844517e-02,1.4215686442e-01,3.4407322455e-01,5.1398627261e-02,3.4246283493e-01,8.6694571667e-02,3.7140266633e+00
2.3500000000e+02,1.3749371756e-02,1.9483303225e-02,1.4088861943e-01,3.4708191227e-01,5.1622691309e-02,3.4077316220e-01,8.6400939817e-02,3.7162136005e+00
2.3550000000e+02,1.4035966656e-02,1.9224974231e-02,1.4050049653e-01,3.4719234489e-01,5.2164638983e-02,3.4090742809e-01,8.5974150613e-02,3.7138700898e+00
2.3600000000e+02,1.4276801556e-02,1.8874968792e-02,1.3774749083e-01,3.5289115512e-01,5.3138322381e-02,3.3772346930e-01,8.5347792027e-02,3.7087601424e+00
2.3650000000e+02,1.4481077562e-02,1.8388019962e-02,1.3561068229e-01,3.5617892237e-01,5.3857093371e-02,3.3557834241e-01,8.5905862035e-02,3.6958516267e+00
2.3700000000e+02,1.4694995409e-02,1.7912809438e-02,1.3336065540e-01,3.5688175181e-01,5.5461366282e-02,3.3518322997e-01,8.6505191686e-02,3.6937525582e+00
2.3750000000e+02,1.4838893078e-02,1.7438675332e-02,1.3018860930e-01,3.6101415079e-01,5.6628569044e-02,3.3300550846e-01,8.6885594002e-02,3.6836682136e+00
2.3800000000e+02,1.5020918038e-02,1.6973135523e-02,1.2939866566e-01,3.6217227418e-01,5.7535519325e-02,3.3274787175e-01,8.6151615519e-02,3.6701097783e+00
2.3850000000e+02,1.5252999276e-02,1.6558480874e-02,1.2800559938e-01,3.6533689301e-01,5.8155402890e-02,3.3033364637e-01,8.6356978196e-02,3.6651577023e+00
2.3900000000e+02,1.5623444832e-02,1.6164310386e-02,1.2701966264e-01,3.6800701392e-01,5.9225160992e-02,3.2792850875e-01,8.6031898478e-02,3.6636178861e+00
2.3950000000e+02,1.5914933753e-02,1.5725593227e-02,1.2436323959e-01,3.7396355404e-01,6.0525512314e-02,3.2391291169e-01,8.5594255398e-02,3.6571979473e+00
2.4000000000e+02,1.6070050609e-02,1.5139115054e-02,1.2214637646e-01,3.7852907699e-01,6.0912698197e-02,3.2169595630e-01,8.5506726396e-02,3.6423789175e+00
2.4050000000e+02,1.6536264998e-02,1.4769715821e-02,1.2112420427e-01,3.8132863775e-01,6.1573280878e-02,3.1870201869e-01,8.5965877589e-02,3.6391042268e+00
2.4100000000e+02,1.6980705585e-02,1.4457788539e-02,1.1816393538e-01,3.8380349445e-01,6.2953978261e-02,3.1718784301e-01,8.6452254781e-02,3.6375909806e+00
2.4150000000e+02,1.7225602894e-02,1.4024715219e-02,1.1541854121e-01,3.8888605499e-01,6.4312038358e-02,3.1310699692e-01,8.7026050415e-02,3.6296078870e+00
2.4200000000e+02,1.7645176807e-02,1.3463226487e-02,1.1341262476e-01,3.9348031532e-01,6.4774681610e-02,3.1029949991e-01,8.6924475106e-02,3.6156634151e+00
2.4250000000e+02,1.7935062710e-02,1.3003273062e-02,1.1080033793e-01,3.9752967757e-01,6.6071486901e-02,3.0743796641e-01,8.7222195418e-02,3.6057473496e+00
2.4300000000e+02,1.8299961118e-02,1.2627126383e-02,1.0996970665e-01,4.0050196144e-01,6.7152112077e-02,3.0392841733e-01,8.7520714997e-02,3.5987422527e+00
2.4350000000e+02,1.8606125206e-02,1.2159989062e-02,1.0731340141e-01,4.0393059125e-01,6.8243907348e-02,3.0167181495e-01,8.8074170766e-02,3.5834689573e+00
2.4400000000e+02,1.8736713205e-02,1.1778948684e-02,1.0468781391e-01,4.0741367155e-01,6.9377457160e-02,2.9955584259e-01,8.8449552892e-02,3.5630449251e+00
2.4450000000e+02,1.9077481488e-02,1.1254095678e-02,1.0323787773e-01,4.1064636463e-01,7.0101921091e-02,2.9704082544e-01,8.8641433948e-02,3.5512723388e+00
2.4500000000e+02,1.9242570347e-02,1.0869626125e-02,1.0271043415e-01,4.1259753927e-01,7.1847563302e-02,2.9479949368e-01,8.7932773129e-02,3.5348476409e+00
2.4550000000e+02,1.9388341741e-02,1.0528929700e-02,1.0010664265e-01,4.1527028042e-01,7.3158863645e-02,2.9358825878e-01,8.7958683065e-02,3.5206640086e+00
2.4600000000e+02,1.9863584607e-02,1.0129583876e-02,9.7773727523e-02,4.1698820574e-01,7.4175158658e-02,2.9237063944e-01,8.8699100153e-02,3.5116793273e+00
2.4650000000e+02,2.0277762343e-02,9.8644273877e-03,9.5963955182e-02,4.1846132532e-01,7.5141702951e-02,2.9042251137e-01,8.9868315450e-02,3.4995341387e+00
2.4700000000e+02,2.0829234816e-02,9.5859262028e-03,9.5279529543e-02,4.1855139793e-01,7.6480400660e-02,2.8846422107e-01,9.0809289782e-02,3.4908193771e+00
2.4750000000e+02,2.1334574204e-02,9.2451201135e-03,9.2979784101e-02,4.2087045660e-01,7.7354423999e-02,2.8680707657e-01,9.1408564420e-02,3.4727970577e+00
2.4800000000e+02,2.1786978893e-02,8.9318867801e-03,9.0724099567e-02,4.2571768657e-01,7.9114102506e-02,2.8214159532e-01,9.1583650361e-02,3.4604583232e+00
2.4850000000e+02,2.2071439712e-02,8.5528757387e-03,8.8968111781e-02,4.2865453595e-01,7.9851795582e-02,2.7989224593e-01,9.2008995299e-02,3.4356800585e+00
2.4900000000e+02,2.2500402295e-02,8.3751608215e-03,8.7255347366e-02,4.3359524085e-01,8.0788070714e-02,2.7582151846e-01,9.1664259503e-02,3.4186991020e+00
2.4950000000e+02,2.2854744435e-02,8.1395610051e-03,8.5324212512e-02,4.3937970410e-01,8.1995547528e-02,2.7061465994e-01,9.1691570481e-02,3.3997798773e+00
2.5000000000e+02,2.3245345137e-02,7.8670962899e-03,8.4202502128e-02,4.4229555873e-01,8.4059053273e-02,2.6658872217e-01,9.1741722263e-02,3.3904537814e+00
2.5050000000e+02,2.3571916217e-02,7.5228510859e-03,8.2461697204e-02,4.4650749590e-01,8.4176705383e-02,2.6443151530e-01,9.1327818917e-02,3.3647398278e+00
2.5100000000e+02,2.3704627139e-02,7.2228745002e-03,8.1003043702e-02,4.5260683694e-01,8.4394714159e-02,2.6017567013e-01,9.0892233429e-02,3.3305522147e+00
2.5150000000e+02,2.3693137338e-02,6.9818167730e-03,7.8445327670e-02,4.5750949183e-01,8.5166726733e-02,2.5756508413e-01,9.0638415530e-02,3.3017155111e+00
2.5200000000e+02,2.3816434921e-02,6.7247039735e-03,7.5278897796e-02,4.6333429837e-01,8.4634904426e-02,2.5545683775e-01,9.0753922770e-02,3.2643904092e+00
2.5250000000e+02,2.4029536969e-02,6.4613720593e-03,7.3663648039e-02,4.6809725682e-01,8.4786396971e-02,2.5232142486e-01,9.0640364280e-02,3.2326098408e+00
2.5300000000e+02,2.4264935059e-02,6.2787933463e-03,7.1869373251e-02,4.7181132053e-01,8.5164452807e-02,2.4957949821e-01,9.1031626803e-02,3.2076137879e+00
2.5350000000e+02,2.4623625575e-02,6.1286373944e-03,6.9688081768e-02,4.7603028233e-01,8.5718465849e-02,2.4720458944e-01,9.0606317637e-02,3.1887629633e+00
2.5400000000e+02,2.5145527871e-02,6.0040366245e-03,6.7198040423e-02,4.8065019250e-01,8.5633838369e-02,2.4435273460e-01,9.1015629611e-02,3.1691442727e+00
2.5450000000e+02,2.5710698953e-02,5.9281610844e-03,6.5672567600e-02,4.8488684400e-01,8.7782161867e-02,2.3857839755e-01,9.1441168945e-02,3.1537201110e+00
2.5500000000e+02,2.6034553639e-02,5.8290222758e-03,6.4879509505e-02,4.8752990087e-01,8.8177192884e-02,2.3516927889e-01,9.2380541928e-02,3.1356202836e+00
2.5550000000e+02,2.6208032349e-02,5.6785815943e-03,6.3037186129e-02,4.9125275052e-01,8.7327704360e-02,2.3444611884e-01,9.2049626207e-02,3.1028772236e+00
2.5600000000e+02,2.6379257316e-02,5.4914916066e-03,6.1966256392e-02,4.9375655829e-01,8.7058908750e-02,2.3258505482e-01,9.2762472827e-02,3.0788915059e+00
2.5650000000e+02,2.6659613521e-02,5.4278344107e-03,6.0890426660e-02,4.9855072579e-01,8.7446728726e-02,2.2774474397e-01,9.3279926928e-02,3.0610754149e+00
2.5700000000e+02,2.6879636578e-02,5.2859587294e-03,5.9387216283e-02,5.0628443965e-01,8.6570460169e-02,2.2314664805e-01,9.2445640541e-02,3.0325307570e+00
2.5750000000e+02,2.7356915300e-02,5.1620992920e-03,5.7584373858e-02,5.0876863113e-01,8.6656794006e-02,2.2289300257e-01,9.1578183843e-02,3.0101675426e+00
2.5800000000e+02,2.7978994349e-02,5.1089624536e-03,5.6795729695e-02,5.1089290179e-01,8.7242703675e-02,2.1992375917e-01,9.2056948864e-02,2.9997360081e+00
2.5850000000e+02,2.7773884990e-02,5.0724071949e-03,5.5183222389e-02,5.1663082903e-01,8.6611557853e-02,2.1750450743e-01,9.1223591110e-02,2.9670827334e+00
2.5900000000e+02,2.7921439050e-02,5.0212979620e-03,5.3769891943e-02,5.2315730644e-01,8.7087288699e-02,2.1197967932e-01,9.1063096591e-02,2.9468236548e+00
2.5950000000e+02,2.7935077513e-02,5.0288254836e-03,5.2414488829e-02,5.3023979092e-01,8.6297013204e-02,2.0835968440e-01,8.9725119650e-02,2.9225338857e+00
2.6000000000e+02,2.7936662342e-02,5.0458389266e-03,5.0684928392e-02,5.3713981711e-01,8.5651069413e-02,2.0582815038e-01,8.7713533435e-02,2.8893821711e+00
2.6050000000e+02,2.8190952787e-02,5.1081108863e-03,4.9245392229e-02,5.4168915610e-01,8.5914729253e-02,2.0145292775e-01,8.8398730992e-02,2.8774939876e+00
2.6100000000e+02,2.8450861707e-02,5.0729450039e-03,4.8451489746e-02,5.4445033641e-01,8.4795221121e-02,2.0030449540e-01,8.8474650613e-02,2.8601442243e+00
2.6150000000e+02,2.8521671980e-02,5.0989263406e-03,4.7617082036e-02,5.4791890228e-01,8.3941247357e-02,1.9859505876e-01,8.8307111240e-02,2.8396786384e+00
2.6200000000e+02,2.8688610812e-02,5.0827657825e-03,4.6513060885e-02,5.5072378219e-01,8.3943396707e-02,1.9654642547e-01,8.8501958157e-02,2.8237232144e+00
2.6250000000e+02,2.8677897812e-02,5.1094046938e-03,4.5852990478e-02,5.5663478015e-01,8.3120041192e-02,1.9245789992e-01,8.8146985757e-02,2.8006160281e+00
2.6300000000e+02,2.8834900574e-02,5.1049075614e-03,4.4997835647e-02,5.6200485462e-01,8.2922592009e-02,1.8858428040e-01,8.7550629188e-02,2.7821214888e+00
2.6350000000e+02,2.9108726575e-02,5.2267810837e-03,4.3857545699e-02,5.6634112286e-01,8.2942861414e-02,1.8510229331e-01,8.7420669057e-02,2.7709213486e+00
2.6400000000e+02,2.9003034470e-02,5.3577507470e-03,4.2808615182e-02,5.7266324942e-01,8.2314318733e-02,1.8096667507e-01,8.6886356374e-02,2.7478625827e+00
2.6450000000e+02,2.9078661551e-02,5.3668195481e-03,4.2068713122e-02,5.7652159558e-01,8.2089328814e-02,1.7917686782e-01,8.5698013569e-02,2.7257742722e+00
2.6500000000e+02,2.8952435414e-02,5.4539333667e-03,4.1278586402e-02,5.8208221623e-01,8.1840567342e-02,1.7582654559e-01,8.4565715663e-02,2.7047219332e+00
2.6550000000e+02,2.9431127459e-02,5.5674692795e-03,4.0870678614e-02,5.8497751671e-01,8.1482185474e-02,1.7354932226e-01,8.4121700197e-02,2.6901733411e+00
2.6600000000e+02,2.9434143154e-02,5.7038396471e-03,4.0594011821e-02,5.8774855630e-01,8.1279002656e-02,1.7230883396e-01,8.2931612457e-02,2.6762054676e+00
2.6650000000e+02,2.9339707452e-02,5.7890282118e-03,4.0395470324e-02,5.9264381032e-01,8.1097087142e-02,1.6832940924e-01,8.2405487314e-02,2.6637072460e+00
2.6700000000e+02,2.9282522211e-02,5.8421129354e-03,4.0227120856e-02,5.9837223945e-01,7.9492746649e-02,1.6541844508e-01,8.1364812815e-02,2.6410964901e+00
2.6750000000e+02,2.9303320520e-02,5.9649825691e-03,4.0070753633e-02,6.0236799007e-01,7.8917638326e-02,1.6265571897e-01,8.0719595919e-02,2.6269824005e+00
2.6800000000e+02,2.9151118414e-02,6.1063753243e-03,3.9636652439e-02,6.0732569459e-01,7.8950389764e-02,1.5904418950e-01,7.9785579967e-02,2.6152058576e+00
2.6850000000e+02,2.8941970905e-02,6.2249928947e-03,4.0227262256e-02,6.0831825146e-01,7.7913819590e-02,1.5808796873e-01,8.0285734164e-02,2.6029935055e+00
2.6900000000e+02,2.8782678052e-02,6.3271006711e-03,3.9828816348e-02,6.1434737243e-01,7.5313410414e-02,1.5626686829e-01,7.9133753797e-02,2.5769966730e+00
2.6950000000e+02,2.8589581828e-02,6.4176553560e-03,3.9678412777e-02,6.1869683766e-01,7.5018192168e-02,1.5283189353e-01,7.8767426677e-02,2.5591803499e+00
2.7000000000e+02,2.8280915885e-02,6.5108013208e-03,3.9786655514e-02,6.2104543148e-01,7.3736142660e-02,1.5170192599e-01,7.8938127152e-02,2.5464265607e+00
2.7050000000e+02,2.8175592995e-02,6.6546694749e-03,4.0278161194e-02,6.2440352106e-01,7.3497085599e-02,1.4847333794e-01,7.8517631740e-02,2.5301805934e+00
2.7100000000e+02,2.7815332843e-02,6.8193330405e-03,4.0476977413e-02,6.2863276384e-01,7.2347207396e-02,1.4646077843e-01,7.7447607039e-02,2.5083988599e+00
2.7150000000e+02,2.7737168748e-02,6.9859677583e-03,4.1059142438e-02,6.3147362598e-01,7.2151605218e-02,1.4428264427e-01,7.6309845591e-02,2.4998998396e+00
2.7200000000e+02,2.7381848734e-02,7.0771166768e-03,4.1638705115e-02,6.3513454707e-01,7.0822694047e-02,1.4300760075e-01,7.4937487605e-02,2.4772547127e+00
2.7250000000e+02,2.7091531174e-02,7.2130731607e-03,4.2283673085e-02,6.3967416115e-01,6.9973734759e-02,1.4049271323e-01,7.3271113446e-02,2.4557492373e+00
2.7300000000e+02,2.7311930411e-02,7.5008042573e-03,4.3048604621e-02,6.4090875034e-01,6.9786600481e-02,1.3821876925e-01,7.3224540641e-02,2.4478367533e+00
2.7350000000e+02,2.7218618424e-02,7.6848854044e-03,4.3961670785e-02,6.4217708139e-01,6.9761998368e-02,1.3626079893e-01,7.2934946691e-02,2.4377101479e+00
2.7400000000e+02,2.6743586469e-02,7.8117936332e-03,4.4282815836e-02,6.4523848590e-01,6.9501345362e-02,1.3309479145e-01,7.3327181356e-02,2.4178508255e+00
2.7450000000e+02,2.6443181313e-02,7.9576055860e-03,4.4592866616e-02,6.4949282432e-01,6.8558169706e-02,1.3077564822e-01,7.2179704237e-02,2.3999109134e+00
2.7500000000e+02,2.6137506446e-02,8.1414144904e-03,4.5311133946e-02,6.5268565580e-01,6.8056250153e-02,1.2797752020e-01,7.1690518964e-02,2.3774470452e+00
2.7550000000e+02,2.5900359484e-02,8.2632900843e-03,4.5888441160e-02,6.5459732613e-01,6.8422918838e-02,1.2551889770e-01,7.1408766602e-02,2.3606082675e+00
2.7600000000e+02,2.5475503824e-02,8.3962208735e-03,4.6669582240e-02,6.5597284774e-01,6.8487100227e-02,1.2411077209e-01,7.0887973008e-02,2.3436508198e+00
2.7650000000e+02,2.5264993124e-02,8.6852231196e-03,4.7764014036e-02,6.5919322581e-01,6.8280260357e-02,1.2104128039e-01,6.9771003170e-02,2.3285892208e+00
2.7700000000e+02,2.4868423277e-02,8.6666638315e-03,4.8585703874e-02,6.6196353491e-01,6.7844676107e-02,1.1836961754e-01,6.9701380460e-02,2.3091920946e+00
2.7750000000e+02,2.4634551307e-02,8.7782413387e-03,4.9542799859e-02,6.6329948701e-01,6.7748554805e-02,1.1560878818e-01,7.0387577506e-02,2.2934065454e+00
2.7800000000e+02,2.4311819928e-02,8.9963243363e-03,5.0620006636e-02,6.6468651139e-01,6.7481887867e-02,1.1344168665e-01,7.0461763185e-02,2.2812362688e+00
2.7850000000e+02,2.4031124120e-02,9.2405701797e-03,5.2281029296e-02,6.6348090268e-01,6.7618531939e-02,1.1160530585e-01,7.1742535937e-02,2.2804463554e+00
2.7900000000e+02,2.3670451499e-02,9.4584383340e-03,5.3992185469e-02,6.6184630144e-01,6.8153115210e-02,1.1006416140e-01,7.2815346646e-02,2.2772275135e+00
2.7950000000e+02,2.3435278905e-02,9.6364195981e-03,5.4799303615e-02,6.6297288748e-01,6.8595468346e-02,1.0801941863e-01,7.2541223430e-02,2.2652207711e+00
2.8000000000e+02,2.3030252758e-02,9.7586558052e-03,5.5708359100e-02,6.6631681419e-01,6.7952107896e-02,1.0528043462e-01,7.1953375628e-02,2.2482700331e+00
2.8050000000e+02,2.2659167938e-02,9.9815863631e-03,5.6835534665e-02,6.6729475231e-01,6.8895818613e-02,1.0211852270e-01,7.2214617416e-02,2.2508107664e+00
2.8100000000e+02,2.2131062410e-02,1.0065940817e-02,5.7933664015e-02,6.6852509852e-01,7.0006379852e-02,9.9182799792e-02,7.2155054592e-02,2.2490013774e+00
2.8150000000e+02,2.1906812894e-02,1.0036129862e-02,5.9814321034e-02,6.6893085980e-01,6.9974797535e-02,9.7636777484e-02,7.1700301395e-02,2.2590279386e+00
2.8200000000e+02,2.1395658886e-02,1.0126780610e-02,6.0840962896e-02,6.7034690030e-01,7.0958458985e-02,9.4819730943e-02,7.1511507379e-02,2.2695548466e+00
2.8250000000e+02,2.0997024170e-02,1.0222315095e-02,6.2716820150e-02,6.7041290586e-01,7.2121312966e-02,9.2326267608e-02,7.1203354154e-02,2.2799547200e+00
2.8300000000e+02,2.0736596422e-02,1.0374933952e-02,6.3796056917e-02,6.6940287959e-01,7.3579098223e-02,9.0098222357e-02,7.2012212543e-02,2.2981436554e+00
2.8350000000e+02,2.0019176324e-02,1.0275625448e-02,6.4500145163e-02,6.7182234625e-01,7.4123848852e-02,8.8505505808e-02,7.0753352160e-02,2.3026879806e+00
2.8400000000e+02,1.9601483008e-02,1.0292524435e-02,6.6488295860e-02,6.7071871007e-01,7.4673544534e-02,8.6714166855e-02,7.1511275242e-02,2.3210645720e+00
2.8450000000e+02,1.9108368486e-02,1.0277723512e-02,6.8153843958e-02,6.6921731967e-01,7.5706644805e-02,8.6040777891e-02,7.1495321681e-02,2.3384956118e+00
2.8500000000e+02,1.8865640455e-02,1.0418315138e-02,6.9485354104e-02,6.6721137834e-01,7.5849233145e-02,8.5535260293e-02,7.2634818522e-02,2.3592397990e+00
2.8550000000e+02,1.8551749760e-02,1.0556577041e-02,6.9941746831e-02,6.6761742162e-01,7.7191958444e-02,8.3227466153e-02,7.2913080154e-02,2.3749005721e+00
2.8600000000e+02,1.8208223053e-02,1.0601930514e-02,7.1320738966e-02,6.6788113392e-01,7.9113915116e-02,8.0005714379e-02,7.2868344054e-02,2.3896519223e+00
2.8650000000e+02,1.8043914111e-02,1.0636254699e-02,7.3767996620e-02,6.6359875200e-01,8.1103413833e-02,7.9041428140e-02,7.3808240601e-02,2.4161117638e+00
2.8700000000e+02,1.7773197621e-02,1.0776678343e-02,7.5371886451e-02,6.6126367191e-01,8.3464784479e-02,7.7495956211e-02,7.3853824983e-02,2.4416739981e+00
2.8750000000e+02,1.7222904811e-02,1.0854832785e-02,7.7145576299e-02,6.5842116083e-01,8.5671390131e-02,7.6347191095e-02,7.4336944049e-02,2.4597292835e+00
2.8800000000e+02,1.7026074858e-02,1.1078886196e-02,7.8325732997e-02,6.5608219604e-01,8.7533549874e-02,7.4315732915e-02,7.5637827117e-02,2.4867758582e+00
2.8850000000e+02,1.6824832119e-02,1.1189362126e-02,7.9433503756e-02,6.5356611837e-01,8.9513936097e-02,7.2835924528e-02,7.6636323002e-02,2.5156234968e+00
2.8900000000e+02,1.6625539867e-02,1.1198318102e-02,8.0802396396e-02,6.5022343041e-01,9.1792174859e-02,7.1053085626e-02,7.8305054744e-02,2.5455117701e+00
2.8950000000e+02,1.6254383435e-02,1.1341144927e-02,8.1495429175e-02,6.4853012796e-01,9.3869917820e-02,6.8761292098e-02,7.9747704583e-02,2.5651448139e+00
2.9000000000e+02,1.5934216086e-02,1.1483425128e-02,8.2359452171e-02,6.4562209482e-01,9.6773148837e-02,6.6356866569e-02,8.1470796392e-02,2.5858106766e+00
2.9050000000e+02,1.5560548791e-02,1.1591255881e-02,8.5027863483e-02,6.4248824325e-01,9.9567487703e-02,6.3896519812e-02,8.1868081078e-02,2.6118025133e+00
2.9100000000e+02,1.5295496724e-02,1.1577914942e-02,8.6369190067e-02,6.3977763335e-01,1.0129057543e-01,6.2718533367e-02,8.2970656114e-02,2.6347198663e+00
2.9150000000e+02,1.4962552702e-02,1.1652284909e-02,8.7595449662e-02,6.3821523659e-01,1.0351532458e-01,6.1022792888e-02,8.3036358667e-02,2.6565488884e+00
2.9200000000e+02,1.4580981428e-02,1.1457222944e-02,8.8571189179e-02,6.3622084662e-01,1.0657520128e-01,5.9105124684e-02,8.3489433868e-02,2.6690757224e+00
2.9250000000e+02,1.4390008159e-02,1.1422822429e-02,8.8899721345e-02,6.3398427050e-01,1.1000483570e-01,5.6566435420e-02,8.4731906447e-02,2.6883864580e+00
2.9300000000e+02,1.3929824381e-02,1.1400395664e-02,8.9963724865e-02,6.3058393391e-01,1.1236580108e-01,5.5591390219e-02,8.6164929884e-02,2.7138601212e+00
2.9350000000e+02,1.3449341541e-02,1.1351063611e-02,9.1556008553e-02,6.2654018055e-01,1.1525398682e-01,5.4415555647e-02,8.7433863282e-02,2.7345494917e+00
2.9400000000e+02,1.3024404103e-02,1.1492627575e-02,9.2673140875e-02,6.2566492162e-01,1.1683292613e-01,5.2718902793e-02,8.7593076906e-02,2.7579625366e+00
2.9450000000e+02,1.2618041572e-02,1.1407003853e-02,9.5035294201e-02,6.2175660013e-01,1.1875543416e-01,5.1323553953e-02,8.9104072127e-02,2.7858545415e+00
2.9500000000e+02,1.2328466725e-02,1.1400036025e-02,9.6984682606e-02,6.1606340702e-01,1.2209950821e-01,5.0358488301e-02,9.0765411113e-02,2.8163051890e+00
2.9550000000e+02,1.2059512075e-02,1.1482824383e-02,9.9328060835e-02,6.1043735651e-01,1.2551523046e-01,4.9058450578e-02,9.2118565161e-02,2.8399574743e+00
2.9600000000e+02,1.1771871740e-02,1.1525555911e-02,1.0101869689e-01,6.0683618314e-01,1.2883027950e-01,4.7175245924e-02,9.2842166900e-02,2.8516987472e+00
2.9650000000e+02,1.1470328601e-02,1.1511608495e-02,1.0307610547e-01,6.0026461545e-01,1.3220365259e-01,4.6408446604e-02,9.5065242784e-02,2.8724761810e+00
2.9700000000e+02,1.1226004311e-02,1.1483183061e-02,1.0509631540e-01,5.9466806579e-01,1.3625444765e-01,4.5028379257e-02,9.6243604531e-02,2.8858334171e+00
2.9750000000e+02,1.0972865991e-02,1.1492358848e-02,1.0640790426e-01,5.9035391791e-01,1.3955130884e-01,4.3658103345e-02,9.7563540808e-02,2.9032646872e+00
2.9800000000e+02,1.0673335913e-02,1.1603380857e-02,1.0810927860e-01,5.8423134479e-01,1.4231680205e-01,4.2680773750e-02,1.0038508404e-01,2.9240314128e+00
2.9850000000e+02,1.0296133176e-02,1.1656650770e-02,1.1054792780e-01,5.8100669390e-01,1.4560162171e-01,4.0745251156e-02,1.0014572149e-01,2.9290446362e+00
2.9900000000e+02,1.0075277973e-02,1.1803802811e-02,1.1256739171e-01,5.7626118822e-01,1.4821689670e-01,3.9213489165e-02,1.0186195342e-01,2.9459757905e+00
2.9950000000e+02,9.7449586772e-03,1.1804211385e-02,1.1410160455e-01,5.7369664875e-01,1.4866144089e-01,3.8237617835e-02,1.0375351791e-01,2.9582328205e+00
3.0000000000e+02,9.4424752897e-03,1.1803479417e-02,1.1500125203e-01,5.6915111773e-01,1.5266819972e-01,3.7040165334e-02,1.0489331048e-01,2.9712722201e+00
3.0050000000e+02,9.2091492903e-03,1.1904550420e-02,1.1567881337e-01,5.6558501291e-01,1.5494803692e-01,3.6015993554e-02,1.0665844354e-01,2.9865281052e+00
3.0100000000e+02,9.0253384557e-03,1.1947916005e-02,1.1740383248e-01,5.5969476664e-01,1.5848753732e-01,3.5032336443e-02,1.0840827266e-01,3.0083894380e+00
3.0150000000e+02,8.7924768298e-03,1.1893156485e-02,1.1834769916e-01,5.5585808283e-01,1.6091858884e-01,3.4195345903e-02,1.0999464995e-01,3.0160467385e+00
3.0200000000e+02,8.5352258379e-03,1.1822827755e-02,1.1941447340e-01,5.5188631346e-01,1.6311399189e-01,3.3578877285e-02,1.1164829037e-01,3.0287206234e+00
3.0250000000e+02,8.2686467634e-03,1.1748140620e-02,1.2084853960e-01,5.4837645613e-01,1.6547618690e-01,3.2307741561e-02,1.1297428843e-01,3.0353021634e+00
3.0300000000e+02,8.1470785485e-03,1.1887049460e-02,1.2156616043e-01,5.4324593663e-01,1.6910260502e-01,3.1377430572e-02,1.1467373934e-01,3.0433243122e+00
3.0350000000e+02,7.9753171996e-03,1.1891561055e-02,1.2378883769e-01,5.3514342017e-01,1.7350906755e-01,3.0791241372e-02,1.1690055497e-01,3.0649238731e+00
3.0400000000e+02,7.7942306663e-03,1.1941913804e-02,1.2691289274e-01,5.2972036901e-01,1.7575842488e-01,2.9683672860e-02,1.1818849604e-01,3.0813394599e+00
3.0450000000e+02,7.6240569475e-03,1.1791669804e-02,1.2722469182e-01,5.2582184438e-01,1.7954391818e-01,2.8597477479e-02,1.1939634139e-01,3.0831368094e+00
3.0500000000e+02,7.3446617977e-03,1.1979406257e-02,1.2772915100e-01,5.2305739971e-01,1.8140970069e-01,2.7566117936e-02,1.2091356262e-01,3.0796609176e+00
3.0550000000e+02,7.1038765439e-03,1.1994784415e-02,1.2963101311e-01,5.1760093425e-01,1.8397102535e-01,2.6819573539e-02,1.2287879280e-01,3.0864601449e+00
3.0600000000e+02,6.8657212557e-03,1.2017341369e-02,1.3117767688e-01,5.1080230837e-01,1.8779781441e-01,2.6374927346e-02,1.2496421037e-01,3.0967981087e+00
3.0650000000e+02,6.6062944741e-03,1.1918573195e-02,1.3221927626e-01,5.0642790693e-01,1.9009267684e-01,2.5668012610e-02,1.2706725969e-01,3.1085278337e+00
3.0700000000e+02,6.4821255541e-03,1.1940223873e-02,1.3413757191e-01,5.0089268502e-01,1.9309562911e-01,2.5120908500e-02,1.2833085603e-01,3.1163681542e+00
3.0750000000e+02,6.3822383248e-03,1.1876713228e-02,1.3702686915e-01,4.9303862698e-01,1.9688371050e-01,2.4585778945e-02,1.3020606287e-01,3.1297823190e+00
3.0800000000e+02,6.2596025177e-03,1.1755446735e-02,1.3838721921e-01,4.8707499333e-01,2.0127847823e-01,2.4132468184e-02,1.3111179179e-01,3.1348471549e+00
3.0850000000e+02,6.0725442615e-03,1.1822133597e-02,1.3887353838e-01,4.8280171886e-01,2.0344069368e-01,2.3814063651e-02,1.3317530757e-01,3.1388367930e+00
3.0900000000e+02,5.9608571266e-03,1.1714660447e-02,1.3906663988e-01,4.7703155840e-01,2.0618351492e-01,2.3594228702e-02,1.3644854052e-01,3.1436571961e+00
3.0950000000e+02,5.7459879512e-03,1.1727181045e-02,1.4116743401e-01,4.7154186368e-01,2.0911138576e-01,2.2928071689e-02,1.3777807587e-01,3.1461846479e+00
3.1000000000e+02,5.6198268938e-03,1.1632073595e-02,1.4288150916e-01,4.6687079731e-01,2.1114425415e-01,2.2528441248e-02,1.3932309764e-01,3.1479792549e+00
3.1050000000e+02,5.5451638135e-03,1.1527204089e-02,1.4483085171e-01,4.5972197011e-01,2.1407052084e-01,2.2350391819e-02,1.4195389761e-01,3.1566331220e+00
3.1100000000e+02,5.4419358050e-03,1.1549854720e-02,1.4502061441e-01,4.5450207734e-01,2.1720622741e-01,2.2096769586e-02,1.4418252073e-01,3.1681723856e+00
3.1150000000e+02,5.3361428150e-03,1.1573824057e-02,1.4595008613e-01,4.4890143487e-01,2.1980951104e-01,2.2039268235e-02,1.4638973285e-01,3.1871822428e+00
3.1200000000e+02,5.2486766043e-03,1.1460182840e-02,1.4732594327e-01,4.4130595014e-01,2.2538791958e-01,2.1882342302e-02,1.4738898526e-01,3.1957433256e+00
3.1250000000e+02,5.1375285307e-03,1.1533775706e-02,1.4922465284e-01,4.3639716500e-01,2.2706778050e-01,2.1852095612e-02,1.4878700182e-01,3.2009520563e+00
3.1300000000e+02,5.0121334594e-03,1.1353103979e-02,1.4969665930e-01,4.3138548955e-01,2.3020057079e-01,2.1693082931e-02,1.5065895999e-01,3.2043584182e+00
3.1350000000e+02,4.9244054432e-03,1.1330181892e-02,1.5012985491e-01,4.2411962242e-01,2.3361950231e-01,2.1701304134e-02,1.5417512889e-01,3.2175082671e+00
3.1400000000e+02,4.8494319374e-03,1.1305566483e-02,1.5000542416e-01,4.1918882525e-01,2.3557013744e-01,2.1778882547e-02,1.5730173219e-01,3.2247011128e+00
3.1450000000e+02,4.7725888031e-03,1.1286340295e-02,1.5111913125e-01,4.1157161276e-01,2.3901719939e-01,2.1898588908e-02,1.6033453859e-01,3.2346532155e+00
3.1500000000e+02,4.7531647190e-03,1.1397111857e-02,1.5179957902e-01,4.0417723874e-01,2.4322470431e-01,2.1765168476e-02,1.6288303288e-01,3.2450466455e+00
3.1550000000e+02,4.7267828173e-03,1.1390007746e-02,1.5189078843e-01,3.9899524970e-01,2.4660948711e-01,2.1872857804e-02,1.6451482639e-01,3.2574718699e+00
3.1600000000e+02,4.6984091849e-03,1.1374801198e-02,1.5271615009e-01,3.9321616962e-01,2.4986277567e-01,2.2258580659e-02,1.6587311358e-01,3.2665655873e+00
3.1650000000e+02,4.6384192465e-03,1.1425777042e-02,1.5316640338e-01,3.8503543644e-01,2.5501374349e-01,2.2613546139e-02,1.6810667425e-01,3.2812473791e+00
3.1700000000e+02,4.6058747977e-03,1.1411934119e-02,1.5646855936e-01,3.7562321091e-01,2.5775694192e-01,2.2897321008e-02,1.7123615788e-01,3.3004095584e+00
3.1750000000e+02,4.5421033637e-03,1.1368227467e-02,1.5811278284e-01,3.6997038140e-01,2.5964078624e-01,2.3308117819e-02,1.7305760087e-01,3.3108680669e+00
3.1800000000e+02,4.4490910125e-03,1.1359966850e-02,1.5900641588e-01,3.6464161914e-01,2.6122141761e-01,2.3394221720e-02,1.7592726778e-01,3.3173733659e+00
3.1850000000e+02,4.4262887842e-03,1.1270670649e-02,1.5908122299e-01,3.6037284669e-01,2.6272705859e-01,2.3636214830e-02,1.7848569747e-01,3.3301486386e+00
3.1900000000e+02,4.4081590442e-03,1.1332049462e-02,1.6025942308e-01,3.5503983145e-01,2.6354957385e-01,2.4183812408e-02,1.8122715070e-01,3.3374319161e+00
3.1950000000e+02,4.3789880775e-03,1.1301546629e-02,1.6053346097e-01,3.5187757273e-01,2.6458646042e-01,2.4589501757e-02,1.8273246942e-01,3.3445219772e+00
3.2000000000e+02,4.3858329833e-03,1.1272184303e-02,1.6049597347e-01,3.4696600098e-01,2.6590085575e-01,2.5164715535e-02,1.8581443697e-01,3.3576777558e+00
3.2050000000e+02,4.4462700466e-03,1.1264734081e-02,1.6164196880e-01,3.4081816126e-01,2.6925138993e-01,2.5915015009e-02,1.8666246088e-01,3.3697107886e+00
3.2100000000e+02,4.4265057830e-03,1.1297104158e-02,1.6273562909e-01,3.3720271997e-01,2.7006828929e-01,2.6474803010e-02,1.8779494871e-01,3.3734375550e+00
3.2150000000e+02,4.4540406788e-03,1.1140877361e-02,1.6470294679e-01,3.3068305779e-01,2.7255956272e-01,2.7037018740e-02,1.8942249592e-01,3.3821856948e+00
3.2200000000e+02,4.4181498063e-03,1.1135827583e-02,1.6646397792e-01,3.2386906794e-01,2.7367905690e-01,2.7676241657e-02,1.9275767819e-01,3.3931631337e+00
3.2250000000e+02,4.3674114101e-03,1.1282341310e-02,1.6689958679e-01,3.1860639286e-01,2.7398024167e-01,2.8413959165e-02,1.9645006680e-01,3.4021526309e+00
3.2300000000e+02,4.3671158536e-03,1.1214582435e-02,1.6743782303e-01,3.1520251554e-01,2.7489853809e-01,2.9518499213e-02,1.9736092583e-01,3.4098716910e+00
3.2350000000e+02,4.4193340485e-03,1.1111504547e-02,1.6847131495e-01,3.1066839778e-01,2.7467805108e-01,3.0656583148e-02,1.9999481444e-01,3.4255461804e+00
3.2400000000e+02,4.4290965420e-03,1.1157406081e-02,1.6852405850e-01,3.0701068256e-01,2.7656024848e-01,3.1774083878e-02,2.0054442396e-01,3.4309536378e+00
3.2450000000e+02,4.4261105254e-03,1.1158057279e-02,1.6915648796e-01,3.0332925930e-01,2.7851111405e-01,3.2863104982e-02,2.0055586591e-01,3.4387088745e+00
3.2500000000e+02,4.4451843027e-03,1.1016956621e-02,1.7042019622e-01,2.9782616112e-01,2.8056746957e-01,3.4175435576e-02,2.0154859659e-01,3.4433915020e+00
3.2550000000e+02,4.4867632219e-03,1.0936119038e-02,1.7122108749e-01,2.9133492348e-01,2.8411932657e-01,3.5309457511e-02,2.0259232269e-01,3.4506034292e+00
3.2600000000e+02,4.4858643703e-03,1.0835162466e-02,1.7135429667e-01,2.8591798035e-01,2.8637011635e-01,3.6582417511e-02,2.0445416228e-01,3.4559430768e+00
3.2650000000e+02,4.5130048982e-03,1.0893896664e-02,1.7115741426e-01,2.8239067571e-01,2.8711830151e-01,3.8054652379e-02,2.0587205459e-01,3.4647558575e+00
3.2700000000e+02,4.5364259609e-03,1.0919382630e-02,1.7162829653e-01,2.7918890712e-01,2.8709321396e-01,3.9130096363e-02,2.0750367744e-01,3.4673476257e+00
3.2750000000e+02,4.5770002818e-03,1.0838854535e-02,1.7282432041e-01,2.7452197331e-01,2.8920731580e-01,4.0014355885e-02,2.0801617977e-01,3.4668278427e+00
3.2800000000e+02,4.5801279929e-03,1.0939354949e-02,1.7432372887e-01,2.6922303572e-01,2.9194570226e-01,4.1314727298e-02,2.0767332291e-01,3.4729144993e+00
3.2850000000e+02,4.6655029807e-03,1.0854672673e-02,1.7628038208e-01,2.6326266792e-01,2.9591453537e-01,4.1948029808e-02,2.0707420917e-01,3.4766787472e+00
3.2900000000e+02,4.6947070857e-03,1.0950230044e-02,1.7614594703e-01,2.5859337126e-01,2.9638579315e-01,4.3035030019e-02,2.1019492141e-01,3.4842957466e+00
3.2950000000e+02,4.7575159875e-03,1.1077018588e-02,1.7615385108e-01,2.5513406545e-01,2.9724587431e-01,4.4593698208e-02,2.1103797637e-01,3.4915069002e+00
3.3000000000e+02,4.8047703528e-03,1.1061874522e-02,1.7622275458e-01,2.5026596550e-01,2.9914521822e-01,4.5995397909e-02,2.1250401892e-01,3.5014360010e+00
3.3050000000e+02,4.9010309220e-03,1.0992536616e-02,1.7673843021e-01,2.4537887457e-01,2.9970284070e-01,4.6940042778e-02,2.1534624421e-01,3.5080832158e+00
3.3100000000e+02,4.9461386953e-03,1.1068191598e-02,1.7711811304e-01,2.3908813279e-01,3.0248654289e-01,4.8408857182e-02,2.1688402380e-01,3.5207827717e+00
3.3150000000e+02,4.9926516031e-03,1.1075288573e-02,1.7731960325e-01,2.3477218103e-01,3.0285295089e-01,4.9941631864e-02,2.1904569279e-01,3.5353152526e+00
3.3200000000e+02,5.0062414002e-03,1.0994868396e-02,1.7856501734e-01,2.2944028032e-01,3.0310609754e-01,5.1579952849e-02,2.2130754216e-01,3.5428528628e+00
3.3250000000e+02,5.0430689705e-03,1.0921064808e-02,1.7891436022e-01,2.2594007061e-01,3.0490601280e-01,5.2355988415e-02,2.2191943417e-01,3.5440438423e+00
3.3300000000e+02,5.0684321744e-03,1.0738774882e-02,1.7829248097e-01,2.2142943753e-01,3.0701018612e-01,5.2971127838e-02,2.2448956048e-01,3.5458268213e+00
3.3350000000e+02,5.1274519964e-03,1.0688492235e-02,1.7791050132e-01,2.1686667899e-01,3.1003082076e-01,5.4133818174e-02,2.2524223653e-01,3.5489013397e+00
3.3400000000e+02,5.2332338279e-03,1.0525365666e-02,1.7904647874e-01,2.1342933822e-01,3.1143180411e-01,5.5127346075e-02,2.2520643336e-01,3.5547093708e+00
3.3450000000e+02,5.3136167055e-03,1.0511034163e-02,1.7874999488e-01,2.0923610623e-01,3.1304218496e-01,5.7325519397e-02,2.2582154367e-01,3.5553760356e+00
3.3500000000e+02,5.3518002289e-03,1.0488342164e-02,1.7840632659e-01,2.0712253590e-01,3.1186634732e-01,6.0262693162e-02,2.2650195464e-01,3.5549316435e+00
3.3550000000e+02,5.4304947843e-03,1.0476619561e-02,1.7916881127e-01,2.0270602089e-01,3.1219163828e-01,6.1876402958e-02,2.2815001226e-01,3.5644872615e+00
3.3600000000e+02,5.5128919130e-03,1.0437126400e-02,1.7880883445e-01,1.9888166991e-01,3.1358199819e-01,6.3092039105e-02,2.2968544003e-01,3.5607900088e+00
3.3650000000e+02,5.5771392588e-03,1.0450741632e-02,1.7976266253e-01,1.9581801323e-01,3.1281962761e-01,6.4792507380e-02,2.3077930837e-01,3.5659711389e+00
3.3700000000e+02,5.6995262896e-03,1.0537421479e-02,1.8162194710e-01,1.9109336092e-01,3.1411304944e-01,6.6390980534e-02,2.3054371423e-01,3.5701610351e+00
3.3750000000e+02,5.7298885193e-03,1.0583627956e-02,1.7971904432e-01,1.8880258133e-01,3.1780892987e-01,6.8039190969e-02,2.2931673702e-01,3.5712459121e+00
3.3800000000e+02,5.8390861367e-03,1.0646086178e-02,1.7979752687e-01,1.8609845753e-01,3.1809979146e-01,6.9969116609e-02,2.2954993522e-01,3.5725813916e+00
3.3850000000e+02,5.9440244293e-03,1.0638340284e-02,1.8026211659e-01,1.8259239258e-01,3.1930063814e-01,7.2378413918e-02,2.2888407406e-01,3.5734701222e+00
3.3900000000e+02,6.0509827350e-03,1.0513474160e-02,1.8100448468e-01,1.7818976542e-01,3.2067835403e-01,7.4112748925e-02,2.2945019004e-01,3.5736579247e+00
3.3950000000e+02,6.1670757735e-03,1.0486012355e-02,1.8317063676e-01,1.7392177780e-01,3.2000011140e-01,7.5644566765e-02,2.3060981915e-01,3.5784533768e+00
3.4000000000e+02,6.2796811134e-03,1.0468984035e-02,1.8381967213e-01,1.6946587196e-01,3.2054314038e-01,7.8096692227e-02,2.3132595815e-01,3.5850672674e+00
3.4050000000e+02,6.3845807072e-03,1.0578174139e-02,1.8585071806e-01,1.6561031997e-01,3.2019251358e-01,8.0617087922e-02,2.3076660562e-01,3.5886540368e+00
3.4100000000e+02,6.5230939007e-03,1.0509224223e-02,1.8645603829e-01,1.6374212216e-01,3.1826904618e-01,8.2995762732e-02,2.3150471251e-01,3.5949589159e+00
3.4150000000e+02,6.6560754042e-03,1.0456649493e-02,1.8776137311e-01,1.5882780854e-01,3.1773524922e-01,8.5409650959e-02,2.3315319328e-01,3.5957666282e+00
3.4200000000e+02,6.7651181405e-03,1.0334372989e-02,1.8695639099e-01,1.5507756169e-01,3.1885917525e-01,8.7107200915e-02,2.3490018002e-01,3.5968643240e+00
3.4250000000e+02,6.8984351451e-03,1.0197410540e-02,1.8852455807e-01,1.5202860069e-01,3.1745509718e-01,9.0766849657e-02,2.3412904871e-01,3.6062553144e+00
3.4300000000e+02,6.9829726062e-03,1.0142788963e-02,1.8917257773e-01,1.4940469154e-01,3.1883969592e-01,9.2802491305e-02,2.3265478193e-01,3.6077578347e+00
3.4350000000e+02,7.0539309085e-03,1.0062617385e-02,1.9052540702e-01,1.4639819444e-01,3.1764307947e-01,9.5153497703e-02,2.3316327307e-01,3.6062860635e+00
3.4400000000e+02,7.1583120604e-03,9.9976589802e-03,1.8934809651e-01,1.4569651116e-01,3.1598400937e-01,9.6705505713e-02,2.3510990621e-01,3.6045837424e+00
3.4450000000e+02,7.3104101857e-03,9.9318807769e-03,1.8960539961e-01,1.4334783641e-01,3.1488408634e-01,9.9514180420e-02,2.3540620626e-01,3.6074698225e+00
3.4500000000e+02,7.4196993778e-03,9.9783296042e-03,1.8994004476e-01,1.3979252214e-01,3.1505044842e-01,1.0022518630e-01,2.3759376938e-01,3.6123074453e+00
3.4550000000e+02,7.5325904028e-03,9.8443666851e-03,1.9055146445e-01,1.3802073948e-01,3.1611953111e-01,1.0162190941e-01,2.3630939845e-01,3.6114095064e+00
3.4600000000e+02,7.6713455350e-03,9.7846225099e-03,1.9142883564e-01,1.3438633127e-01,3.1662316592e-01,1.0429835121e-01,2.3580734793e-01,3.6113553326e+00
3.4650000000e+02,7.6987252312e-03,9.7262143368e-03,1.9061381593e-01,1.3179838259e-01,3.1738682194e-01,1.0665306523e-01,2.3612297474e-01,3.6118457659e+00
3.4700000000e+02,7.8328095585e-03,9.6912649651e-03,1.9192182221e-01,1.3020947960e-01,3.1573920278e-01,1.0857006476e-01,2.3603535614e-01,3.6115327310e+00
3.4750000000e+02,7.8614057970e-03,9.5694187938e-03,1.9136274059e-01,1.2813258228e-01,3.1815327352e-01,1.0927131116e-01,2.3564926786e-01,3.6105175034e+00
3.4800000000e+02,7.9351211767e-03,9.4995301189e-03,1.9199547595e-01,1.2587111532e-01,3.1825355976e-01,1.1161293788e-01,2.3483225980e-01,3.6112270290e+00
3.4850000000e+02,8.0284845370e-03,9.5653661852e-03,1.9112807927e-01,1.2452170321e-01,3.1733025873e-01,1.1469246857e-01,2.3473363949e-01,3.6158205385e+00
3.4900000000e+02,8.1513875632e-03,9.6223198365e-03,1.8999860690e-01,1.2343797475e-01,3.1840825454e-01,1.1730538916e-01,2.3307606725e-01,3.6259933573e+00
3.4950000000e+02,8.2307002755e-03,9.5798938992e-03,1.9024575215e-01,1.2119275485e-01,3.1747695116e-01,1.1988222299e-01,2.3339172468e-01,3.6255176653e+00
3.5000000000e+02,8.3050566534e-03,9.5944265301e-03,1.9120331793e-01,1.1954830192e-01,3.1794883458e-01,1.2190430302e-01,2.3149575936e-01,3.6255464361e+00
3.5050000000e+02,8.2919952710e-03,9.5706127041e-03,1.9157847859e-01,1.1940985721e-01,3.1581502562e-01,1.2513865038e-01,2.3019538022e-01,3.6253168514e+00
3.5100000000e+02,8.3750236610e-03,9.5188789875e-03,1.9320055231e-01,1.1747674366e-01,3.1660187405e-01,1.2677077296e-01,2.2805615436e-01,3.6261659845e+00
3.5150000000e+02,8.5136275502e-03,9.4854554579e-03,1.9324167044e-01,1.1781192800e-01,3.1396936268e-01,1.3011114321e-01,2.2686681267e-01,3.6325002738e+00
3.5200000000e+02,8.5828899127e-03,9.4635278524e-03,1.9374394467e-01,1.1663859352e-01,3.1141925200e-01,1.3276012633e-01,2.2739166571e-01,3.6387527870e+00
3.5250000000e+02,8.8247178206e-03,9.3678883680e-03,1.9228193349e-01,1.1600954514e-01,3.1085031657e-01,1.3527724308e-01,2.2738835554e-01,3.6453069844e+00
3.5300000000e+02,8.8840696451e-03,9.3625543537e-03,1.9417680418e-01,1.1432047208e-01,3.0648961971e-01,1.3784544017e-01,2.2892103986e-01,3.6519085776e+00
3.5350000000e+02,9.0661986862e-03,9.5076436239e-03,1.9609645735e-01,1.1384630065e-01,3.0627809077e-01,1.3908958257e-01,2.2611572635e-01,3.6653972740e+00
3.5400000000e+02,9.1888366485e-03,9.4662692247e-03,1.9666186414e-01,1.1377020314e-01,3.0278217458e-01,1.4187483619e-01,2.2625581607e-01,3.6694418691e+00
3.5450000000e+02,9.3920729335e-03,9.4441778297e-03,1.9692958219e-01,1.1372720713e-01,3.0346036582e-01,1.4317922078e-01,2.2386737332e-01,3.6718655011e+00
3.5500000000e+02,9.5422408726e-03,9.4365910293e-03,1.9820082282e-01,1.1369156869e-01,2.9980994675e-01,1.4660535559e-01,2.2271347425e-01,3.6800210157e+00
3.5550000000e+02,9.6441080916e-03,9.4471617796e-03,1.9733598905e-01,1.1374071437e-01,2.9910664230e-01,1.5018330298e-01,2.2054208143e-01,3.6877085392e+00
3.5600000000e+02,9.6898889950e-03,9.3184804460e-03,1.9904996833e-01,1.1324720144e-01,2.9894002753e-01,1.5175475875e-01,2.1799967451e-01,3.6893550466e+00
3.5650000000e+02,9.7886581383e-03,9.2960293375e-03,1.9789714991e-01,1.1333398391e-01,2.9721492443e-01,1.5425398214e-01,2.1821527213e-01,3.6957981727e+00
3.5700000000e+02,9.7314507802e-03,9.4133324058e-03,1.9827066373e-01,1.1338686893e-01,2.9606628266e-01,1.5694068045e-01,2.1619072105e-01,3.7036224073e+00
3.5750000000e+02,9.6716459497e-03,9.3141324691e-03,1.9888668825e-01,1.1393895884e-01,2.9393200192e-01,1.5909697408e-01,2.1515959849e-01,3.6997609438e+00
3.5800000000e+02,9.7337324543e-03,9.2364145310e-03,1.9998404985e-01,1.1493638227e-01,2.8929277480e-01,1.6178132456e-01,2.1503532153e-01,3.7010546468e+00
3.5850000000e+02,9.8654464897e-03,9.2469134484e-03,2.0038141910e-01,1.1525542394e-01,2.8534490957e-01,1.6522200723e-01,2.1468388022e-01,3.7095833867e+00
3.5900000000e+02,9.9556614642e-03,9.2042710714e-03,2.0127337659e-01,1.1589131138e-01,2.8452008464e-01,1.6778149298e-01,2.1137380187e-01,3.7142492082e+00
3.5950000000e+02,1.0013486733e-02,9.1751788184e-03,2.0308387150e-01,1.1542170841e-01,2.8421947970e-01,1.6942415327e-01,2.0866212158e-01,3.7161399783e+00
3.6000000000e+02,1.0141847560e-02,9.1809530066e-03,2.0428904455e-01,1.1566220479e-01,2.8344581630e-01,1.7053756174e-01,2.0674257205e-01,3.7226036110e+00
3.6050000000e+02,1.0248200464e-02,9.2251051980e-03,2.0378023270e-01,1.1686084204e-01,2.8124858215e-01,1.7383733531e-01,2.0479970213e-01,3.7258226911e+00
3.6100000000e+02,1.0320899317e-02,9.1385011461e-03,2.0440042254e-01,1.1676654762e-01,2.7891369243e-01,1.7739369373e-01,2.0306624322e-01,3.7259649486e+00
3.6150000000e+02,1.0348957138e-02,9.1415661644e-03,2.0514295497e-01,1.1606314670e-01,2.7752563439e-01,1.7874142566e-01,2.0303631498e-01,3.7254582740e+00
3.6200000000e+02,1.0397121160e-02,9.1234251957e-03,2.0728688952e-01,1.1519197556e-01,2.7372646608e-01,1.8145130868e-01,2.0282281381e-01,3.7240363979e+00
3.6250000000e+02,1.0414638325e-02,9.1280826900e-03,2.0970499751e-01,1.1556999544e-01,2.7067801765e-01,1.8308406336e-01,2.0142020502e-01,3.7240287013e+00
3.6300000000e+02,1.0478586744e-02,9.2216562242e-03,2.1129195212e-01,1.1645629496e-01,2.6597079199e-01,1.8639214286e-01,2.0018857509e-01,3.7297589335e+00
3.6350000000e+02,1.0631872167e-02,9.3542071640e-03,2.1112715833e-01,1.1856272924e-01,2.6354419562e-01,1.9018923546e-01,1.9659060203e-01,3.7423602027e+00
3.6400000000e+02,1.0656697823e-02,9.3579938120e-03,2.1273848709e-01,1.1847238026e-01,2.6003920285e-01,1.9349482069e-01,1.9524041748e-01,3.7444314253e+00
3.6450000000e+02,1.0703933676e-02,9.3003234693e-03,2.1404653926e-01,1.1837002875e-01,2.5706610179e-01,1.9693140486e-01,1.9358166819e-01,3.7397976808e+00
3.6500000000e+02,1.0807493061e-02,9.3411183259e-03,2.1592514405e-01,1.1717818528e-01,2.5617714692e-01,1.9871921175e-01,1.9185170062e-01,3.7404616495e+00
3.6550000000e+02,1.0903568813e-02,9.4665703589e-03,2.1824095993e-01,1.1683059304e-01,2.5266412518e-01,2.0320383888e-01,1.8869034380e-01,3.7469524050e+00
3.6600000000e+02,1.0992886094e-02,9.5135384356e-03,2.2085441408e-01,1.1771034238e-01,2.4871057721e-01,2.0488409806e-01,1.8733414375e-01,3.7479879769e+00
3.6650000000e+02,1.1090462543e-02,9.4844712021e-03,2.2452455201e-01,1.1772281967e-01,2.4571234128e-01,2.0774760260e-01,1.8371775069e-01,3.7441815449e+00
3.6700000000e+02,1.1111625962e-02,9.4976760875e-03,2.2688200694e-01,1.1873010658e-01,2.4024891158e-01,2.1027359472e-01,1.8325607814e-01,3.7450462615e+00
3.6750000000e+02,1.1142839286e-02,9.6186452238e-03,2.3019278468e-01,1.1845946260e-01,2.3530052508e-01,2.1382824841e-01,1.8145749472e-01,3.7404836350e+00
3.6800000000e+02,1.1160625343e-02,9.7763737989e-03,2.3080031920e-01,1.1788263850e-01,2.3328627288e-01,2.1666955955e-01,1.8042421073e-01,3.7435419627e+00
3.6850000000e+02,1.1211121299e-02,9.8897267941e-03,2.3160174537e-01,1.1857206094e-01,2.3161204073e-01,2.2035958290e-01,1.7675372197e-01,3.7432867458e+00
3.6900000000e+02,1.1239004540e-02,9.9890359340e-03,2.3358639634e-01,1.1880173105e-01,2.2805859886e-01,2.2306521078e-01,1.7526002251e-01,3.7385648766e+00
3.6950000000e+02,1.1333999415e-02,1.0009704944e-02,2.3432652001e-01,1.2019108558e-01,2.2479534781e-01,2.2669323321e-01,1.7265010902e-01,3.7424258419e+00
3.7000000000e+02,1.1418502496e-02,1.0011180463e-02,2.3416634021e-01,1.2080266972e-01,2.2220910508e-01,2.3032726524e-01,1.7106493680e-01,3.7428534246e+00
3.7050000000e+02,1.1557476490e-02,1.0157956825e-02,2.3505440171e-01,1.2254350327e-01,2.1944302142e-01,2.3215180036e-01,1.6909183992e-01,3.7498150916e+00
3.7100000000e+02,1.1644862883e-02,1.0153789031e-02,2.3603802348e-01,1.2373065494e-01,2.1697059943e-01,2.3416643473e-01,1.6729563550e-01,3.7497386669e+00
3.7150000000e+02,1.1599688829e-02,1.0174354451e-02,2.3767189078e-01,1.2395505538e-01,2.1302544211e-01,2.3724113752e-01,1.6633243092e-01,3.7437267677e+00
3.7200000000e+02,1.1575155886e-02,1.0191610291e-02,2.3863182290e-01,1.2419237515e-01,2.1085167811e-01,2.3969193139e-01,1.6486542626e-01,3.7409248785e+00
3.7250000000e+02,1.1552011822e-02,1.0223907751e-02,2.4127487416e-01,1.2351375522e-01,2.0786714979e-01,2.4086042969e-01,1.6470787157e-01,3.7359260499e+00
3.7300000000e+02,1.1621595842e-02,1.0346975009e-02,2.4438151864e-01,1.2322524122e-01,2.0474967129e-01,2.4301738789e-01,1.6265761012e-01,3.7296424130e+00
3.7350000000e+02,1.1774182972e-02,1.0594307216e-02,2.4638201432e-01,1.2451985655e-01,2.0455619551e-01,2.4420919957e-01,1.5796424385e-01,3.7345489626e+00
3.7400000000e+02,1.1807347170e-02,1.0660806881e-02,2.4715490936e-01,1.2569178688e-01,2.0160624109e-01,2.4741442737e-01,1.5566448125e-01,3.7256371363e+00
3.7450000000e+02,1.1885813693e-02,1.0768065688e-02,2.4877241429e-01,1.2587557436e-01,1.9924005718e-01,2.4863355971e-01,1.5482451508e-01,3.7203460669e+00
3.7500000000e+02,1.1812620369e-02,1.0857998016e-02,2.4998348503e-01,1.2547619770e-01,1.9674554181e-01,2.5163261086e-01,1.5349154621e-01,3.7149878634e+00
3.7550000000e+02,1.1857613063e-02,1.0975419823e-02,2.5292472727e-01,1.2493173373e-01,1.9477221586e-01,2.5387202970e-01,1.5066626056e-01,3.7062232770e+00
3.7600000000e+02,1.1702086138e-02,1.1014033568e-02,2.5566058460e-01,1.2596838254e-01,1.9312439509e-01,2.5497070867e-01,1.4755980939e-01,3.6925749173e+00
3.7650000000e+02,1.1731501226e-02,1.1066941435e-02,2.5784557348e-01,1.2627138086e-01,1.9090443126e-01,2.5661902462e-01,1.4556114713e-01,3.6842821670e+00
3.7700000000e+02,1.1634204802e-02,1.1151168373e-02,2.6055578898e-01,1.2612238820e-01,1.8830920100e-01,2.5823463765e-01,1.4399261100e-01,3.6791545825e+00
3.7750000000e+02,1.1590141628e-02,1.1379633226e-02,2.6073590641e-01,1.2702194715e-01,1.8588737499e-01,2.6029824346e-01,1.4308675313e-01,3.6791447955e+00
3.7800000000e+02,1.1553242110e-02,1.1562885087e-02,2.6050512941e-01,1.2730509365e-01,1.8434746136e-01,2.6411553399e-01,1.4061065440e-01,3.6681839320e+00
3.7850000000e+02,1.1611471184e-02,1.1690697446e-02,2.6337031988e-01,1.2768328166e-01,1.7998735751e-01,2.6730480135e-01,1.3835207097e-01,3.6557715790e+00
3.7900000000e+02,1.1539326074e-02,1.1922041751e-02,2.6559976354e-01,1.2849862296e-01,1.7772828994e-01,2.6739523532e-01,1.3731672041e-01,3.6531746619e+00
3.7950000000e+02,1.1511001316e-02,1.2154080843e-02,2.6802976036e-01,1.3023582938e-01,1.7488964775e-01,2.6774697028e-01,1.3543271006e-01,3.6448392164e+00
3.8000000000e+02,1.1480921138e-02,1.2214128432e-02,2.7042192088e-01,1.3098170834e-01,1.7411380680e-01,2.6850688379e-01,1.3228063062e-01,3.6309677854e+00
3.8050000000e+02,1.1433107881e-02,1.2463171882e-02,2.7037732918e-01,1.3192681992e-01,1.7359930202e-01,2.6912796944e-01,1.3107229968e-01,3.6277545487e+00
3.8100000000e+02,1.1438898868e-02,1.2648523183e-02,2.7111281784e-01,1.3378620803e-01,1.7136468112e-01,2.7099685217e-01,1.2865201879e-01,3.6212765269e+00
3.8150000000e+02,1.1437874227e-02,1.2708502435e-02,2.7407758537e-01,1.3342821947e-01,1.6833830604e-01,2.7271209196e-01,1.2729742050e-01,3.6089692486e+00
3.8200000000e+02,1.1469770653e-02,1.2835508313e-02,2.7605972165e-01,1.3415540111e-01,1.6576967519e-01,2.7358955642e-01,1.2612036666e-01,3.6025112535e+00
3.8250000000e+02,1.1444376016e-02,1.2919418590e-02,2.7953801125e-01,1.3434262780e-01,1.6280303196e-01,2.7570226514e-01,1.2325026924e-01,3.5892985151e+00
3.8300000000e+02,1.1394035777e-02,1.3108096920e-02,2.8388642472e-01,1.3492619787e-01,1.5972585492e-01,2.7699130717e-01,1.1996808262e-01,3.5756790653e+00
3.8350000000e+02,1.1451227178e-02,1.3488791242e-02,2.8523828634e-01,1.3486276503e-01,1.5940614891e-01,2.7735604882e-01,1.1819673248e-01,3.5755669605e+00
3.8400000000e+02,1.1546746556e-02,1.3645625218e-02,2.8693746664e-01,1.3741826156e-01,1.5671034142e-01,2.7720304466e-01,1.1653851394e-01,3.5691596557e+00
3.8450000000e+02,1.1303877889e-02,1.3974749684e-02,2.8901478388e-01,1.3677778850e-01,1.5513016348e-01,2.7815774788e-01,1.1564088868e-01,3.5572570723e+00
3.8500000000e+02,1.1233769638e-02,1.4185086906e-02,2.9064115122e-01,1.3708151672e-01,1.5299038621e-01,2.8036582016e-01,1.1350226914e-01,3.5522733076e+00
3.8550000000e+02,1.1202628684e-02,1.4348926908e-02,2.9223945077e-01,1.3715032909e-01,1.5213619550e-01,2.8102330794e-01,1.1189916110e-01,3.5439168926e+00
3.8600000000e+02,1.1184032755e-02,1.4581112231e-02,2.9505859457e-01,1.3668940639e-01,1.5044459079e-01,2.8218036213e-01,1.0986190115e-01,3.5323416796e+00
3.8650000000e+02,1.1187639713e-02,1.4856910613e-02,2.9822999067e-01,1.3549387459e-01,1.4940178851e-01,2.8249343927e-01,1.0833635663e-01,3.5226550358e+00
3.8700000000e+02,1.1092941258e-02,1.5093270221e-02,3.0226834970e-01,1.3503991000e-01,1.4724335241e-01,2.8332653581e-01,1.0593564060e-01,3.5040210107e+00
3.8750000000e+02,1.1030346293e-02,1.5325219412e-02,3.0473713084e-01,1.3627755120e-01,1.4582536005e-01,2.8199223612e-01,1.0481215609e-01,3.4936319813e+00
3.8800000000e+02,1.1029588558e-02,1.5353222031e-02,3.0691026862e-01,1.3576030640e-01,1.4404293318e-01,2.8358782248e-01,1.0331585874e-01,3.4838568935e+00
3.8850000000e+02,1.0966228860e-02,1.5492854413e-02,3.0903324393e-01,1.3746878427e-01,1.4250776780e-01,2.8389387544e-01,1.0063724529e-01,3.4672244487e+00
3.8900000000e+02,1.0856409626e-02,1.5680169903e-02,3.1266393859e-01,1.3652543368e-01,1.4192202103e-01,2.8353812169e-01,9.8813905483e-02,3.4588753695e+00
3.8950000000e+02,1.0757031574e-02,1.5721252312e-02,3.1603652136e-01,1.3713071857e-01,1.3985505384e-01,2.8407711355e-01,9.6422308794e-02,3.4339995844e+00
3.9000000000e+02,1.0797710671e-02,1.6032977943e-02,3.2035691764e-01,1.3659220844e-01,1.3929190009e-01,2.8320850713e-01,9.3719778089e-02,3.4246248114e+00
3.9050000000e+02,1.0719065428e-02,1.6217831873e-02,3.2207187565e-01,1.3699374024e-01,1.3899945267e-01,2.8324007477e-01,9.1757959372e-02,3.4103958368e+00
3.9100000000e+02,1.0652709236e-02,1.6318972123e-02,3.2508017968e-01,1.3712142200e-01,1.3903581658e-01,2.8220867691e-01,8.9582223469e-02,3.3937104044e+00
3.9150000000e+02,1.0630007441e-02,1.6701093584e-02,3.2676895753e-01,1.3846157037e-01,1.3936705100e-01,2.8068138723e-01,8.7389932849e-02,3.3869573635e+00
3.9200000000e+02,1.0615984729e-02,1.6704072062e-02,3.2917185990e-01,1.3971168082e-01,1.3895592485e-01,2.7947159919e-01,8.5368878451e-02,3.3725714404e+00
3.9250000000e+02,1.0575570572e-02,1.6888023113e-02,3.3165524904e-01,1.4038347762e-01,1.3755598993e-01,2.7925759301e-01,8.3684096715e-02,3.3603667756e+00
3.9300000000e+02,1.0539107734e-02,1.6917039049e-02,3.3436465762e-01,1.4097675716e-01,1.3630686139e-01,2.7903410866e-01,8.1861468389e-02,3.3433986672e+00
3.9350000000e+02,1.0431754887e-02,1.7188139542e-02,3.3634139048e-01,1.3987433441e-01,1.3703150607e-01,2.7879186911e-01,8.0341005507e-02,3.3361391625e+00
3.9400000000e+02,1.0457201467e-02,1.7356913714e-02,3.3828396824e-01,1.4065226638e-01,1.3637652459e-01,2.7754504575e-01,7.9328079857e-02,3.3290029750e+00
3.9450000000e+02,1.0231114865e-02,1.7626713733e-02,3.4072681794e-01,1.4147294324e-01,1.3565921574e-01,2.7668787785e-01,7.7595316629e-02,3.3137653718e+00
3.9500000000e+02,1.0124475318e-02,1.7842651159e-02,3.4459259664e-01,1.4073202456e-01,1.3505392293e-01,2.7553539887e-01,7.6118930527e-02,3.2984304175e+00
3.9550000000e+02,1.0045779906e-02,1.8098506922e-02,3.4675970473e-01,1.3884928089e-01,1.3553505082e-01,2.7541460283e-01,7.5297073900e-02,3.2903781703e+00
3.9600000000e+02,1.0071538657e-02,1.8320699673e-02,3.5075748233e-01,1.3816118901e-01,1.3435757079e-01,2.7473545699e-01,7.3596062554e-02,3.2716305230e+00
3.9650000000e+02,9.9764246167e-03,1.8497329619e-02,3.5509879287e-01,1.3800159794e-01,1.3304322863e-01,2.7275014701e-01,7.2632479328e-02,3.2507514100e+00
3.9700000000e+02,9.8953025064e-03,1.8850594748e-02,3.5888374540e-01,1.3838077420e-01,1.3196137664e-01,2.7103558675e-01,7.0992619754e-02,3.2336347029e+00
3.9750000000e+02,9.9565318721e-03,1.9079565225e-02,3.6261549261e-01,1.3776374374e-01,1.3155128694e-01,2.6867781324e-01,7.0355566374e-02,3.2178853225e+00
3.9800000000e+02,9.8967576137e-03,1.9110822395e-02,3.6553208679e-01,1.3820430469e-01,1.3171286600e-01,2.6619395700e-01,6.9349205521e-02,3.2004478025e+00
3.9850000000e+02,9.8840800024e-03,1.9156484222e-02,3.6869297477e-01,1.3839745855e-01,1.3178165191e-01,2.6411390926e-01,6.7973441286e-02,3.1849957962e+00
3.9900000000e+02,9.8982350702e-03,1.9408972386e-02,3.7247650233e-01,1.3856585948e-01,1.3257886089e-01,2.6035574535e-01,6.6715824494e-02,3.1711181150e+00
3.9950000000e+02,9.9141422594e-03,1.9549787752e-02,3.7500908125e-01,1.3795701582e-01,1.3235063232e-01,2.5865945469e-01,6.6559885900e-02,3.1565880458e+00
4.0000000000e+02,9.8857749283e-03,1.9547928488e-02,3.7924217972e-01,1.3697157862e-01,1.3332042660e-01,2.5540161783e-01,6.5630493809e-02,3.1454176512e+00
4.0050000000e+02,9.8525887005e-03,1.9672097337e-02,3.8203834186e-01,1.3569090093e-01,1.3401067612e-01,2.5367937789e-01,6.5056017168e-02,3.1407589627e+00
4.0100000000e+02,9.9481349433e-03,1.9772193429e-02,3.8376405909e-01,1.3570541616e-01,1.3409996397e-01,2.5274790718e-01,6.3962325221e-02,3.1274426869e+00
4.0150000000e+02,9.9714013445e-03,1.9767571007e-02,3.8577517380e-01,1.3492482508e-01,1.3396865249e-01,2.5150359703e-01,6.4088779243e-02,3.1193661958e+00
4.0200000000e+02,9.9478000493e-03,1.9871128729e-02,3.8772579351e-01,1.3494935224e-01,1.3409553049e-01,2.4982931025e-01,6.3581084730e-02,3.1069584379e+00
4.0250000000e+02,9.9117045505e-03,1.9906108427e-02,3.9001724117e-01,1.3569473697e-01,1.3356236988e-01,2.4756446162e-01,6.3343377374e-02,3.0935137057e+00
4.0300000000e+02,9.8504128428e-03,2.0132976230e-02,3.9153432149e-01,1.3698401894e-01,1.3395753589e-01,2.4487303595e-01,6.2667698657e-02,3.0806215808e+00
4.0350000000e+02,9.8970571766e-03,2.0323434589e-02,3.9512539537e-01,1.3668288368e-01,1.3423347738e-01,2.4226697213e-01,6.1470779667e-02,3.0671744592e+00
4.0400000000e+02,9.8394385229e-03,2.0505319625e-02,3.9705010378e-01,1.3800979406e-01,1.3349139084e-01,2.4075297736e-01,6.0350975814e-02,3.0505401365e+00
4.0450000000e+02,9.6963243127e-03,2.0715157910e-02,3.9907288578e-01,1.3958501302e-01,1.3383077974e-01,2.3773585817e-01,5.9363981065e-02,3.0363314145e+00
4.0500000000e+02,9.7447097854e-03,2.0780094760e-02,4.0211941880e-01,1.4062447866e-01,1.3492044268e-01,2.3353833577e-01,5.8272519538e-02,3.0236684858e+00
4.0550000000e+02,9.7148775953e-03,2.0847384003e-02,4.0582687778e-01,1.3952843929e-01,1.3506834026e-01,2.3128444357e-01,5.7729637505e-02,3.0088003686e+00
4.0600000000e+02,9.6097576190e-03,2.0961990155e-02,4.0778691067e-01,1.4067230458e-01,1.3546772711e-01,2.2871754099e-01,5.6783768881e-02,2.9940605635e+00
4.0650000000e+02,9.5502745728e-03,2.0906212996e-02,4.0977640693e-01,1.4282495688e-01,1.3469824184e-01,2.2630753893e-01,5.5936367852e-02,2.9719753426e+00
4.0700000000e+02,9.4457586000e-03,2.0844370440e-02,4.1212384044e-01,1.4356764094e-01,1.3525900024e-01,2.2349778024e-01,5.5261609105e-02,2.9557093050e+00
4.0750000000e+02,9.4359288313e-03,2.0842582857e-02,4.1474257631e-01,1.4521639303e-01,1.3395599935e-01,2.2137128732e-01,5.4435232301e-02,2.9397602754e+00
4.0800000000e+02,9.4618956106e-03,2.0938056375e-02,4.1854721867e-01,1.4349901653e-01,1.3366901366e-01,2.2020115834e-01,5.3683640812e-02,2.9230321779e+00
4.0850000000e+02,9.4891710905e-03,2.1028048710e-02,4.2208729539e-01,1.4255812599e-01,1.3405864911e-01,2.1802563758e-01,5.2753072120e-02,2.9070103740e+00
4.0900000000e+02,9.6371230178e-03,2.1085381846e-02,4.2210260655e-01,1.4279813087e-01,1.3562338186e-01,2.1574754324e-01,5.3005832618e-02,2.9015414211e+00
4.0950000000e+02,9.7387428584e-03,2.0981331397e-02,4.2488772485e-01,1.4214535445e-01,1.3558228974e-01,2.1413348002e-01,5.2531076690e-02,2.8892424491e+00
4.1000000000e+02,9.7659014523e-03,2.1173903881e-02,4.2624084386e-01,1.4353818350e-01,1.3611012397e-01,2.1065505398e-01,5.2515989344e-02,2.8859834766e+00
4.1050000000e+02,9.8286742386e-03,2.1196026716e-02,4.2856861013e-01,1.4557584643e-01,1.3579536915e-01,2.0720879757e-01,5.1826675763e-02,2.8756867652e+00
4.1100000000e+02,9.8029180250e-03,2.1343013947e-02,4.2980479844e-01,1.4646030798e-01,1.3679043035e-01,2.0467220790e-01,5.1126323361e-02,2.8658601962e+00
4.1150000000e+02,9.8608104081e-03,2.1345782993e-02,4.3227921329e-01,1.4662228335e-01,1.3522190508e-01,2.0392445541e-01,5.0745549466e-02,2.8456978677e+00
4.1200000000e+02,9.8917141460e-03,2.1309292367e-02,4.3538988184e-01,1.4730808849e-01,1.3604506547e-01,2.0002989718e-01,5.0026060505e-02,2.8304814410e+00
4.1250000000e+02,9.9760836167e-03,2.1239226558e-02,4.3827445598e-01,1.4881832003e-01,1.3624452790e-01,1.9647469502e-01,4.8972690886e-02,2.8136239795e+00
4.1300000000e+02,1.0086912956e-02,2.1342268662e-02,4.3930646587e-01,1.5020876790e-01,1.3687973924e-01,1.9366992008e-01,4.8505925286e-02,2.8039801079e+00
4.1350000000e+02,1.0250491261e-02,2.1279770924e-02,4.4148387690e-01,1.5118200932e-01,1.3573651989e-01,1.9201801658e-01,4.8049315123e-02,2.7918313851e+00
4.1400000000e+02,1.0363980121e-02,2.1197756349e-02,4.4442100950e-01,1.5179967520e-01,1.3655588957e-01,1.8839128585e-01,4.7270403413e-02,2.7749672728e+00
4.1450000000e+02,1.0368491279e-02,2.0812256585e-02,4.4579433425e-01,1.5445739791e-01,1.3629019157e-01,1.8537688207e-01,4.6900446342e-02,2.7553863019e+00
4.1500000000e+02,1.0432198352e-02,2.0889325709e-02,4.4625901392e-01,1.5616928973e-01,1.3562080477e-01,1.8358845636e-01,4.7040911161e-02,2.7487050567e+00
4.1550000000e+02,1.0474376936e-02,2.0920580020e-02,4.4594068934e-01,1.5660290772e-01,1.3754933192e-01,1.8105739750e-01,4.7454716560e-02,2.7422697714e+00
4.1600000000e+02,1.0684482540e-02,2.1092323707e-02,4.4860615547e-01,1.5722519066e-01,1.3792186121e-01,1.7744485843e-01,4.7025127989e-02,2.7314235794e+00
4.1650000000e+02,1.0737466249e-02,2.1116973118e-02,4.5027701827e-01,1.5694469150e-01,1.3895949997e-01,1.7466603277e-01,4.7298318130e-02,2.7196185872e+00
4.1700000000e+02,1.0748378626e-02,2.1095673358e-02,4.5286250152e-01,1.5561869007e-01,1.4102383447e-01,1.7138331608e-01,4.7267605876e-02,2.7152310822e+00
4.1750000000e+02,1.0828136386e-02,2.0835197234e-02,4.5619394849e-01,1.5559330033e-01,1.4119861299e-01,1.6872285777e-01,4.6627946799e-02,2.7043926523e+00
4.1800000000e+02,1.0842144311e-02,2.0561981627e-02,4.5927479830e-01,1.5646877458e-01,1.4216272344e-01,1.6479293018e-01,4.5896647556e-02,2.6935085723e+00
4.1850000000e+02,1.0832777737e-02,2.0460007180e-02,4.6237731329e-01,1.5638802175e-01,1.4327295623e-01,1.6139295529e-01,4.5275968514e-02,2.6838900319e+00
4.1900000000e+02,1.0865722405e-02,2.0309560440e-02,4.6625257254e-01,1.5715439937e-01,1.4239960664e-01,1.5840553273e-01,4.4612605874e-02,2.6647016698e+00
4.1950000000e+02,1.0992455974e-02,2.0099476594e-02,4.6894868336e-01,1.5732285504e-01,1.4211269469e-01,1.5605469479e-01,4.4469139548e-02,2.6512042786e+00
4.2000000000e+02,1.1106325437e-02,2.0057107346e-02,4.7188441781e-01,1.5790694962e-01,1.4158572274e-01,1.5343448027e-01,4.4024996776e-02,2.6339907832e+00
4.2050000000e+02,1.1294077391e-02,2.0058174129e-02,4.7230262521e-01,1.6002622882e-01,1.4224385308e-01,1.5044260176e-01,4.3632439610e-02,2.6282179303e+00
4.2100000000e+02,1.1267105588e-02,1.9761889487e-02,4.7617955755e-01,1.5869606069e-01,1.4280884049e-01,1.4812811562e-01,4.3158430563e-02,2.6080988552e+00
4.2150000000e+02,1.1377443182e-02,1.9555902437e-02,4.7954833694e-01,1.5876185302e-01,1.4322555998e-01,1.4496583491e-01,4.2565069538e-02,2.5920029344e+00
4.2200000000e+02,1.1507794379e-02,1.9242827318e-02,4.8251219892e-01,1.5918477081e-01,1.4168668051e-01,1.4330724194e-01,4.2558486130e-02,2.5755354279e+00
4.2250000000e+02,1.1772721403e-02,1.9330030652e-02,4.8377096756e-01,1.6058661366e-01,1.4208877396e-01,1.3995706057e-01,4.2493832202e-02,2.5693138369e+00
4.2300000000e+02,1.1900788968e-02,1.9220248696e-02,4.8458326735e-01,1.6091935492e-01,1.4330556166e-01,1.3800803230e-01,4.2062746097e-02,2.5587320076e+00
4.2350000000e+02,1.2007358855e-02,1.9034264720e-02,4.8773402377e-01,1.6003335631e-01,1.4223165006e-01,1.3700556027e-01,4.1953786012e-02,2.5498909710e+00
4.2400000000e+02,1.2038897487e-02,1.8969306746e-02,4.9149362795e-01,1.5934223707e-01,1.4188502086e-01,1.3474368773e-01,4.1527222154e-02,2.5380305608e+00
4.2450000000e+02,1.2145229546e-02,1.8744533157e-02,4.9299939309e-01,1.6164620527e-01,1.4146152775e-01,1.3159289531e-01,4.1410215884e-02,2.5165488808e+00
4.2500000000e+02,1.2407991895e-02,1.8559900548e-02,4.9296133292e-01,1.6304933375e-01,1.4251343349e-01,1.2912067553e-01,4.1387331870e-02,2.5123793320e+00
4.2550000000e+02,1.2529697322e-02,1.8564682390e-02,4.9422866501e-01,1.6411589166e-01,1.4145689520e-01,1.2759490666e-01,4.1509261756e-02,2.5070932661e+00
4.2600000000e+02,1.2772498125e-02,1.8688727478e-02,4.9476125612e-01,1.6556561307e-01,1.4209207702e-01,1.2456472942e-01,4.1555098776e-02,2.4998137903e+00
4.2650000000e+02,1.2755687142e-02,1.8652050993e-02,4.9797540574e-01,1.6568471346e-01,1.4169105489e-01,1.2234260588e-01,4.0898481890e-02,2.4837113942e+00
4.2700000000e+02,1.2914815062e-02,1.8546034333e-02,5.0097799042e-01,1.6539417384e-01,1.4183298431e-01,1.1968696280e-01,4.0647039242e-02,2.4660167752e+00
4.2750000000e+02,1.3085991539e-02,1.8136957352e-02,5.0284369505e-01,1.6677200767e-01,1.4164824643e-01,1.1698700888e-01,4.0526093084e-02,2.4510326807e+00
4.2800000000e+02,1.3278792071e-02,1.7884801959e-02,5.0416865167e-01,1.6865276731e-01,1.4232180603e-01,1.1373749673e-01,3.9955684235e-02,2.4327318512e+00
4.2850000000e+02,1.3287799986e-02,1.7756239127e-02,5.0627004230e-01,1.6896924843e-01,1.4399178139e-01,1.1068968671e-01,3.9035202053e-02,2.4213390869e+00
4.2900000000e+02,1.3435946114e-02,1.7589473085e-02,5.0809143359e-01,1.6953568609e-01,1.4407906348e-01,1.0866881811e-01,3.8599579532e-02,2.4060750311e+00
4.2950000000e+02,1.3553056334e-02,1.7467841588e-02,5.0922871408e-01,1.6982843611e-01,1.4509380557e-01,1.0637896368e-01,3.8449182635e-02,2.3970443707e+00
4.3000000000e+02,1.3576592739e-02,1.7283721373e-02,5.0995096936e-01,1.7167559202e-01,1.4531110270e-01,1.0389689113e-01,3.8305130667e-02,2.3840490919e+00
4.3050000000e+02,1.3826393284e-02,1.6974700002e-02,5.1184906120e-01,1.7127429610e-01,1.4563220026e-01,1.0204768539e-01,3.8395663754e-02,2.3747849299e+00
4.3100000000e+02,1.3972347410e-02,1.6945490283e-02,5.1362728419e-01,1.7174814668e-01,1.4612183101e-01,9.9513304574e-02,3.8071595847e-02,2.3630113221e+00
4.3150000000e+02,1.3959572815e-02,1.6806865797e-02,5.1682252008e-01,1.7127127066e-01,1.4805072243e-01,9.5518141623e-02,3.7570906589e-02,2.3446335514e+00
4.3200000000e+02,1.4088385974e-02,1.6708302697e-02,5.1767482352e-01,1.7269937037e-01,1.4895432661e-01,9.2441308738e-02,3.7433482101e-02,2.3324324630e+00
4.3250000000e+02,1.4222499541e-02,1.6628141323e-02,5.1712842920e-01,1.7447861245e-01,1.4971808495e-01,9.0315081199e-02,3.7509151340e-02,2.3312347605e+00
4.3300000000e+02,1.4175895125e-02,1.6397260568e-02,5.1788872693e-01,1.7619121985e-01,1.5151661038e-01,8.6545933641e-02,3.7284353515e-02,2.3135104227e+00
4.3350000000e+02,1.4146384904e-02,1.6170295937e-02,5.1929537646e-01,1.7839666380e-01,1.5142785454e-01,8.3841544396e-02,3.6721879968e-02,2.2938000287e+00
4.3400000000e+02,1.4139729583e-02,1.5975329307e-02,5.2222688026e-01,1.7795412832e-01,1.5068268297e-01,8.2376637752e-02,3.6644611816e-02,2.2820248689e+00
4.3450000000e+02,1.4189277574e-02,1.5811576867e-02,5.2549811373e-01,1.7759051065e-01,1.5105022596e-01,7.9194022513e-02,3.6666272713e-02,2.2687157990e+00
4.3500000000e+02,1.4307771763e-02,1.5646164697e-02,5.2605318225e-01,1.7974194089e-01,1.5174102161e-01,7.6446694007e-02,3.6063224780e-02,2.2547311510e+00
4.3550000000e+02,1.4354133663e-02,1.5565681744e-02,5.2758416189e-01,1.7981443837e-01,1.5255502615e-01,7.3875385263e-02,3.6251172916e-02,2.2471626237e+00
4.3600000000e+02,1.4431721513e-02,1.5451912341e-02,5.2999249530e-01,1.7940344270e-01,1.5350042980e-01,7.0855203882e-02,3.6364794467e-02,2.2317102686e+00
4.3650000000e+02,1.4693846444e-02,1.5531744121e-02,5.3132809252e-01,1.7920484746e-01,1.5532717568e-01,6.7397208071e-02,3.6517085701e-02,2.2281051720e+00
4.3700000000e+02,1.4870463462e-02,1.5444356628e-02,5.3045644466e-01,1.8143412240e-01,1.5658584815e-01,6.4890417297e-02,3.6318347403e-02,2.2194919705e+00
4.3750000000e+02,1.4929810073e-02,1.5514987904e-02,5.3017699869e-01,1.8243188924e-01,1.5694443035e-01,6.3350124553e-02,3.6651759177e-02,2.2126779462e+00
4.3800000000e+02,1.5053542524e-02,1.5292149276e-02,5.3071590851e-01,1.8350052688e-01,1.5772872514e-01,6.1036281590e-02,3.6672866087e-02,2.2037405591e+00
4.3850000000e+02,1.5009500106e-02,1.5007046593e-02,5.3019478671e-01,1.8544708537e-01,1.5936022364e-01,5.8292375010e-02,3.6688982570e-02,2.1901002791e+00
4.3900000000e+02,1.4860731758e-02,1.4753611872e-02,5.3254649156e-01,1.8499294392e-01,1.6091154346e-01,5.5609049188e-02,3.6325628234e-02,2.1680341184e+00
4.3950000000e+02,1.4964527405e-02,1.4663736646e-02,5.3265686652e-01,1.8577468161e-01,1.6186810760e-01,5.3437535571e-02,3.6634544649e-02,2.1613120391e+00
4.4000000000e+02,1.4906295515e-02,1.4595949204e-02,5.3462510407e-01,1.8652897002e-01,1.6176790988e-01,5.0981358554e-02,3.6594412760e-02,2.1464044550e+00
4.4050000000e+02,1.4799893226e-02,1.4455465564e-02,5.3616276432e-01,1.8696120390e-01,1.6293922306e-01,4.8296516226e-02,3.6384933703e-02,2.1281239619e+00
4.4100000000e+02,1.4925875336e-02,1.4402149132e-02,5.3745711208e-01,1.8628214315e-01,1.6388306103e-01,4.6261395915e-02,3.6788263361e-02,2.1183879789e+00
4.4150000000e+02,1.5163475185e-02,1.4243736324e-02,5.3578099619e-01,1.8787889031e-01,1.6543737292e-01,4.4792195058e-02,3.6703334013e-02,2.1098278598e+00
4.4200000000e+02,1.5182390974e-02,1.4094634314e-02,5.3508557805e-01,1.8988940708e-01,1.6629038445e-01,4.3038422692e-02,3.6419182441e-02,2.0972117728e+00
4.4250000000e+02,1.5099084262e-02,1.3915180238e-02,5.3588842438e-01,1.9097261788e-01,1.6682537708e-01,4.1134849464e-02,3.6164466699e-02,2.0825045807e+00
4.4300000000e+02,1.4985891286e-02,1.3864206758e-02,5.3561803275e-01,1.9308539530e-01,1.6590175208e-01,3.9792424678e-02,3.6752297155e-02,2.0754451986e+00
4.4350000000e+02,1.4907086798e-02,1.3838467630e-02,5.3622950538e-01,1.9437023475e-01,1.6572108013e-01,3.8135306122e-02,3.6798319190e-02,2.0606346164e+00
4.4400000000e+02,1.4997974987e-02,1.3790649535e-02,5.3379190955e-01,1.9654809007e-01,1.6702667264e-01,3.6285916953e-02,3.7558786267e-02,2.0565022820e+00
4.4450000000e+02,1.4810453487e-02,1.3559717769e-02,5.3436318523e-01,1.9743344862e-01,1.6862180859e-01,3.3999678318e-02,3.7211707981e-02,2.0394632770e+00
4.4500000000e+02,1.4599388523e-02,1.3472919350e-02,5.3591330534e-01,1.9756173142e-01,1.6896577442e-01,3.2412719952e-02,3.7074160990e-02,2.0259647337e+00
4.4550000000e+02,1.4681496524e-02,1.3568571000e-02,5.3595117510e-01,1.9886256026e-01,1.6903742332e-01,3.0716769867e-02,3.7182003931e-02,2.0169534953e+00
4.4600000000e+02,1.4601053552e-02,1.3636898495e-02,5.3525461095e-01,1.9989591848e-01,1.6982193918e-01,2.9520083363e-02,3.7269495979e-02,2.0126881150e+00
4.4650000000e+02,1.4544837700e-02,1.3625740028e-02,5.3598865824e-01,2.0105770072e-01,1.6976011749e-01,2.8273301498e-02,3.6749644317e-02,2.0053155754e+00
4.4700000000e+02,1.4537959167e-02,1.3787251090e-02,5.3476142619e-01,2.0245852471e-01,1.7065729269e-01,2.6599839318e-02,3.7197706846e-02,1.9991940498e+00
4.4750000000e+02,1.4600802313e-02,1.3824975711e-02,5.3377263226e-01,2.0433194219e-01,1.7119596488e-01,2.5172359250e-02,3.7101323393e-02,1.9926475355e+00
4.4800000000e+02,1.4703091940e-02,1.3822042713e-02,5.3341657618e-01,2.0482491476e-01,1.7202676754e-01,2.3697853491e-02,3.7508753385e-02,1.9859909118e+00
4.4850000000e+02,1.4696897854e-02,1.3785544265e-02,5.3073067670e-01,2.0877837462e-01,1.7245531922e-01,2.2251516378e-02,3.7301670968e-02,1.9772054465e+00
4.4900000000e+02,1.4724575359e-02,1.3794344946e-02,5.2873703725e-01,2.1189146343e-01,1.7266876575e-01,2.0904610834e-02,3.7279202430e-02,1.9709526049e+00
4.4950000000e+02,1.4506006564e-02,1.3671732389e-02,5.2894639214e-01,2.1310494625e-01,1.7276378880e-01,1.9699573974e-02,3.7307559880e-02,1.9598514353e+00
4.5000000000e+02,1.4348505172e-02,1.3538415239e-02,5.2772512854e-01,2.1493523758e-01,1.7385967631e-01,1.8368439152e-02,3.7224598001e-02,1.9533798559e+00
4.5050000000e+02,1.4513092727e-02,1.3369375885e-02,5.2523594340e-01,2.1723646154e-01,1.7518680058e-01,1.7292952684e-02,3.7165373186e-02,1.9475514828e+00
4.5100000000e+02,1.4504647900e-02,1.3334153099e-02,5.2655964999e-01,2.1634478886e-01,1.7605597219e-01,1.6326940377e-02,3.6873847581e-02,1.9400635922e+00
4.5150000000e+02,1.4534528104e-02,1.3375146558e-02,5.2614299056e-01,2.1632618739e-01,1.7704794105e-01,1.5417966686e-02,3.7155239654e-02,1.9364525203e+00
4.5200000000e+02,1.4543224396e-02,1.3512541423e-02,5.2497359626e-01,2.1852299975e-01,1.7669468471e-01,1.4525286639e-02,3.7227666823e-02,1.9320154237e+00
4.5250000000e+02,1.4552051313e-02,1.3407866192e-02,5.2354220993e-01,2.2012633104e-01,1.7781037633e-01,1.3516414202e-02,3.7044750997e-02,1.9306417693e+00
4.5300000000e+02,1.4488024857e-02,1.3323240244e-02,5.2121631348e-01,2.2328314907e-01,1.7817911724e-01,1.2722260622e-02,3.6787894495e-02,1.9297494161e+00
4.5350000000e+02,1.4552616498e-02,1.3572830837e-02,5.1939791553e-01,2.2612985673e-01,1.7744714404e-01,1.2165218159e-02,3.6734418207e-02,1.9333828401e+00
4.5400000000e+02,1.4578691170e-02,1.3719719684e-02,5.2024541159e-01,2.2623362355e-01,1.7697581745e-01,1.1523668595e-02,3.6723067972e-02,1.9298622737e+00
4.5450000000e+02,1.4491825592e-02,1.3710870474e-02,5.1762251921e-01,2.2972114185e-01,1.7670204178e-01,1.0897311139e-02,3.6854289957e-02,1.9288937284e+00
4.5500000000e+02,1.4602820969e-02,1.3804047705e-02,5.1759788604e-01,2.2983329502e-01,1.7628570309e-01,1.0273144348e-02,3.7603102830e-02,1.9329036182e+00
4.5550000000e+02,1.4647644002e-02,1.3663894620e-02,5.1616617271e-01,2.3136569146e-01,1.7684034414e-01,9.6552378586e-03,3.7661015207e-02,1.9353233762e+00
4.5600000000e+02,1.4527654951e-02,1.3536667032e-02,5.1544061364e-01,2.3309920928e-01,1.7677173618e-01,9.2104272531e-03,3.7413691652e-02,1.9346959317e+00
4.5650000000e+02,1.4569584829e-02,1.3568320578e-02,5.1496172455e-01,2.3357571979e-01,1.7672757236e-01,8.8358279160e-03,3.7761249977e-02,1.9379039221e+00
4.5700000000e+02,1.4510765355e-02,1.3421476914e-02,5.1287547773e-01,2.3595634097e-01,1.7699743112e-01,8.3202257397e-03,3.7918282174e-02,1.9293516540e+00
4.5750000000e+02,1.4262046226e-02,1.3382655422e-02,5.1281166255e-01,2.3620833452e-01,1.7670079382e-01,8.0636026387e-03,3.8570904826e-02,1.9305497412e+00
4.5800000000e+02,1.4349050699e-02,1.3202508456e-02,5.1280250568e-01,2.3656629295e-01,1.7657853074e-01,7.7824945883e-03,3.8718616891e-02,1.9328646871e+00
4.5850000000e+02,1.4380468977e-02,1.3438502514e-02,5.1007823646e-01,2.3899406269e-01,1.7604564159e-01,7.6912531175e-03,3.9371834648e-02,1.9445208163e+00
4.5900000000e+02,1.4331696937e-02,1.3578343964e-02,5.0676303333e-01,2.4249689509e-01,1.7608892332e-01,7.4664493277e-03,3.9274658034e-02,1.9499901160e+00
4.5950000000e+02,1.4283674789e-02,1.3535148698e-02,5.0585616118e-01,2.4353029243e-01,1.7585093070e-01,7.3867970467e-03,3.9556995149e-02,1.9568866632e+00
4.6000000000e+02,1.4379933255e-02,1.3715373666e-02,5.0359841568e-01,2.4600760709e-01,1.7501357466e-01,7.3593857533e-03,3.9925709895e-02,1.9674415817e+00
4.6050000000e+02,1.4125642358e-02,1.3710791982e-02,5.0226233080e-01,2.4765844259e-01,1.7530935576e-01,7.4214267457e-03,3.9512009770e-02,1.9672052622e+00
4.6100000000e+02,1.3896358811e-02,1.3799846255e-02,5.0098383702e-01,2.4933733859e-01,1.7457909283e-01,7.5615654728e-03,3.9841961012e-02,1.9740765471e+00
4.6150000000e+02,1.3782511670e-02,1.3852846611e-02,4.9877796989e-01,2.5221316028e-01,1.7376913439e-01,7.8454655840e-03,3.9758911577e-02,1.9799673275e+00
4.6200000000e+02,1.3541841649e-02,1.3948732692e-02,4.9507543713e-01,2.5535632661e-01,1.7424981162e-01,7.9392162534e-03,3.9888634054e-02,1.9833831886e+00
4.6250000000e+02,1.3503625415e-02,1.4139242715e-02,4.9147565006e-01,2.5933111267e-01,1.7313795438e-01,8.2045591647e-03,4.0207855596e-02,1.9926213740e+00
4.6300000000e+02,1.3444305414e-02,1.4263952572e-02,4.8874899216e-01,2.6187004697e-01,1.7286743266e-01,8.4670915554e-03,4.0338178667e-02,1.9994032177e+00
4.6350000000e+02,1.3217029484e-02,1.4394457485e-02,4.8939394529e-01,2.6172164578e-01,1.7203834284e-01,8.7634552471e-03,4.0471123871e-02,1.9993449174e+00
4.6400000000e+02,1.3128504156e-02,1.4531707540e-02,4.8747888431e-01,2.6345086282e-01,1.7142424396e-01,9.2475916294e-03,4.0738205581e-02,2.0053054720e+00
4.6450000000e+02,1.3083522752e-02,1.4622785657e-02,4.8680526625e-01,2.6429487108e-01,1.7042778004e-01,9.7882103058e-03,4.0977563916e-02,2.0147398013e+00
4.6500000000e+02,1.3098774708e-02,1.4599262694e-02,4.8410944560e-01,2.6625603601e-01,1.7010352702e-01,1.0260062923e-02,4.1572891044e-02,2.0186823043e+00
4.6550000000e+02,1.3112478916e-02,1.4583466811e-02,4.8167860350e-01,2.6798688018e-01,1.6980372755e-01,1.0667168422e-02,4.2167674615e-02,2.0240182166e+00
4.6600000000e+02,1.3042200315e-02,1.4615761273e-02,4.8206733838e-01,2.6760268337e-01,1.6913386235e-01,1.1110073854e-02,4.2428080456e-02,2.0297348879e+00
4.6650000000e+02,1.3021453214e-02,1.4719806347e-02,4.7962186252e-01,2.6935226958e-01,1.6865181901e-01,1.1591872807e-02,4.3040916514e-02,2.0374380487e+00
4.6700000000e+02,1.2847780742e-02,1.4738110003e-02,4.7974731433e-01,2.7063403440e-01,1.6679186601e-01,1.2125419164e-02,4.3115475351e-02,2.0406784846e+00
4.6750000000e+02,1.2652556830e-02,1.4779790088e-02,4.7663189483e-01,2.7254468710e-01,1.6703887193e-01,1.2699211223e-02,4.3652987996e-02,2.0434224691e+00
4.6800000000e+02,1.2586736340e-02,1.4923669376e-02,4.7234463151e-01,2.7648065656e-01,1.6558277190e-01,1.3563620098e-02,4.4517914217e-02,2.0502644900e+00
4.6850000000e+02,1.2601756345e-02,1.5062862899e-02,4.6825812391e-01,2.8036624812e-01,1.6459682974e-01,1.4386297292e-02,4.4727881693e-02,2.0609237358e+00
4.6900000000e+02,1.2590381252e-02,1.5129507350e-02,4.6556469074e-01,2.8204232180e-01,1.6413532275e-01,1.5202379024e-02,4.5335397084e-02,2.0701268681e+00
4.6950000000e+02,1.2484021472e-02,1.5176916219e-02,4.6171299583e-01,2.8486287838e-01,1.6373370266e-01,1.6071903848e-02,4.5957581589e-02,2.0742114665e+00
4.7000000000e+02,1.2453782043e-02,1.5213374150e-02,4.6060215149e-01,2.8551287840e-01,1.6326760454e-01,1.6635811102e-02,4.6314398268e-02,2.0805078178e+00
4.7050000000e+02,1.2429980498e-02,1.5371798266e-02,4.5449907129e-01,2.9022560110e-01,1.6314682991e-01,1.7574981751e-02,4.6751737182e-02,2.0899547457e+00
4.7100000000e+02,1.2257521839e-02,1.5567544343e-02,4.5015018810e-01,2.9298269534e-01,1.6316687652e-01,1.8720759208e-02,4.7154414651e-02,2.0978065598e+00
4.7150000000e+02,1.2167505063e-02,1.5659847982e-02,4.4693763055e-01,2.9423325999e-01,1.6267616968e-01,1.9739325475e-02,4.8586261253e-02,2.1101128237e+00
4.7200000000e+02,1.2258509759e-02,1.5846903389e-02,4.4421688010e-01,2.9513504168e-01,1.6235172581e-01,2.0659627657e-02,4.9531311609e-02,2.1194087753e+00
4.7250000000e+02,1.2113971353e-02,1.5685402060e-02,4.3958975680e-01,2.9929847772e-01,1.6148811834e-01,2.1658059485e-02,5.0166214248e-02,2.1223133495e+00
4.7300000000e+02,1.1994654901e-02,1.5705815776e-02,4.3619751805e-01,3.0235418572e-01,1.6006077501e-01,2.2972972448e-02,5.0714078089e-02,2.1311346916e+00
4.7350000000e+02,1.1998076739e-02,1.5687448891e-02,4.3349143322e-01,3.0324116585e-01,1.6016812329e-01,2.3647741746e-02,5.1766010255e-02,2.1389339937e+00
4.7400000000e+02,1.1810353592e-02,1.5699673634e-02,4.3214291619e-01,3.0340768942e-01,1.5980593939e-01,2.4926968869e-02,5.2206458900e-02,2.1483775039e+00
4.7450000000e+02,1.1786802407e-02,1.5633818761e-02,4.3157158617e-01,3.0342381939e-01,1.5829307106e-01,2.6616988922e-02,5.2673913282e-02,2.1579232980e+00
4.7500000000e+02,1.1724672132e-02,1.5545262543e-02,4.3422405456e-01,3.0041269445e-01,1.5752942104e-01,2.7606331759e-02,5.2957563513e-02,2.1561302857e+00
4.7550000000e+02,1.1699044683e-02,1.5545502391e-02,4.3284899033e-01,3.0136781134e-01,1.5735752076e-01,2.7915207978e-02,5.3265922518e-02,2.1588543695e+00
4.7600000000e+02,1.1564506643e-02,1.5437869301e-02,4.3288648527e-01,3.0204852023e-01,1.5496240538e-01,2.9167595999e-02,5.3932617177e-02,2.1626283877e+00
4.7650000000e+02,1.1573624850e-02,1.5541148815e-02,4.2936167419e-01,3.0382491605e-01,1.5502136349e-01,3.0015487926e-02,5.4661784676e-02,2.1775273959e+00
4.7700000000e+02,1.1534443953e-02,1.5476417391e-02,4.2904196320e-01,3.0244129313e-01,1.5463644985e-01,3.1427579585e-02,5.5441852893e-02,2.1886686076e+00
4.7750000000e+02,1.1573325093e-02,1.5705937257e-02,4.2544249141e-01,3.0417120777e-01,1.5493677684e-01,3.2439863776e-02,5.5730397857e-02,2.2050302441e+00
4.7800000000e+02,1.1510776812e-02,1.5807692442e-02,4.2251115118e-01,3.0707053219e-01,1.5341609230e-01,3.3553613557e-02,5.6130141525e-02,2.2194436281e+00
4.7850000000e+02,1.1580007153e-02,1.5929534121e-02,4.1903502973e-01,3.0867012030e-01,1.5251563020e-01,3.4963283845e-02,5.7306394651e-02,2.2328209485e+00
4.7900000000e+02,1.1647292783e-02,1.6014812844e-02,4.1701006103e-01,3.0920969247e-01,1.5163901158e-01,3.6030036854e-02,5.8449092444e-02,2.2499473161e+00
4.7950000000e+02,1.1713536877e-02,1.5903147308e-02,4.1480748334e-01,3.1130017692e-01,1.5060581950e-01,3.6592668965e-02,5.9077167092e-02,2.2587858239e+00
4.8000000000e+02,1.1558508015e-02,1.5918439944e-02,4.0946184228e-01,3.1423752260e-01,1.5064064732e-01,3.7488638434e-02,6.0694401410e-02,2.2706796995e+00
4.8050000000e+02,1.1579161484e-02,1.5918999053e-02,4.0676813301e-01,3.1498975603e-01,1.5046203600e-01,3.8664602503e-02,6.1617311922e-02,2.2857617188e+00
4.8100000000e+02,1.1389551967e-02,1.5838591057e-02,4.0419777108e-01,3.1666120046e-01,1.5129476234e-01,3.8784440299e-02,6.1833682789e-02,2.2915299033e+00
4.8150000000e+02,1.1417758182e-02,1.5964730387e-02,4.0245738829e-01,3.1696303621e-01,1.5167981496e-01,3.9486292862e-02,6.2030979118e-02,2.3009188675e+00
4.8200000000e+02,1.1362870762e-02,1.6179644243e-02,4.0111023187e-01,3.1602137764e-01,1.5163722444e-01,4.1070610267e-02,6.2618040778e-02,2.3139977743e+00
4.8250000000e+02,1.1378588292e-02,1.6140828889e-02,3.9820826136e-01,3.1804061406e-01,1.4980475837e-01,4.2931367092e-02,6.3495581938e-02,2.3218870526e+00
4.8300000000e+02,1.1407372514e-02,1.6092451595e-02,3.9572749284e-01,3.2014138423e-01,1.4955007606e-01,4.3144097285e-02,6.3937125481e-02,2.3311413198e+00
4.8350000000e+02,1.1429016720e-02,1.6196328263e-02,3.9327470095e-01,3.2025510355e-01,1.4918885148e-01,4.3820435633e-02,6.5835563405e-02,2.3485464907e+00
4.8400000000e+02,1.1470300224e-02,1.6103094684e-02,3.9025514272e-01,3.2098883745e-01,1.4917791109e-01,4.4990984072e-02,6.7013729769e-02,2.3649525163e+00
4.8450000000e+02,1.1507597615e-02,1.6125278799e-02,3.8743716787e-01,3.2214338669e-01,1.4853198875e-01,4.6403854258e-02,6.7850726019e-02,2.3754634568e+00
4.8500000000e+02,1.1414686888e-02,1.6102782754e-02,3.8541585482e-01,3.2306699304e-01,1.4759422711e-01,4.7842562439e-02,6.8562892950e-02,2.3875679860e+00
4.8550000000e+02,1.1526783091e-02,1.6357144249e-02,3.8085824596e-01,3.2542040879e-01,1.4694301253e-01,4.9131798503e-02,6.9762606882e-02,2.4085555693e+00
4.8600000000e+02,1.1564228486e-02,1.6240344813e-02,3.7851823983e-01,3.2675034897e-01,1.4630434758e-01,5.0359325638e-02,7.0263164680e-02,2.4201688718e+00
4.8650000000e+02,1.1485374354e-02,1.6282289035e-02,3.7351727442e-01,3.2849115142e-01,1.4801480951e-01,5.0441986547e-02,7.1767114722e-02,2.4314595442e+00
4.8700000000e+02,1.1643932454e-02,1.6434306587e-02,3.6606522130e-01,3.3201826405e-01,1.4841137172e-01,5.1653688862e-02,7.3773215027e-02,2.4496765819e+00
4.8750000000e+02,1.1767004704e-02,1.6384645272e-02,3.6414834885e-01,3.3008409577e-01,1.4999390434e-01,5.2306161296e-02,7.5315839769e-02,2.4622642021e+00
4.8800000000e+02,1.1877602656e-02,1.6431630847e-02,3.6043378939e-01,3.3098119244e-01,1.4965280045e-01,5.3695122239e-02,7.6927861983e-02,2.4754760943e+00
4.8850000000e+02,1.1970122739e-02,1.6474800946e-02,3.5523196106e-01,3.3283358767e-01,1.4945637007e-01,5.5322631473e-02,7.8710526040e-02,2.4899803949e+00
4.8900000000e+02,1.1844542150e-02,1.6466109967e-02,3.5306014810e-01,3.3349579431e-01,1.4901310199e-01,5.6258778144e-02,7.9861525333e-02,2.4944579329e+00
4.8950000000e+02,1.1859684781e-02,1.6573527062e-02,3.4988588109e-01,3.3393173885e-01,1.4919783500e-01,5.6952928499e-02,8.1598404717e-02,2.5072794016e+00
4.9000000000e+02,1.1980636296e-02,1.6592597459e-02,3.4671376920e-01,3.3418987261e-01,1.4969008990e-01,5.8259226423e-02,8.2573808118e-02,2.5213203553e+00
4.9050000000e+02,1.1978394723e-02,1.6380670352e-02,3.4236091174e-01,3.3517503009e-01,1.4965557362e-01,5.9837336850e-02,8.4612082623e-02,2.5335569467e+00
4.9100000000e+02,1.1915102694e-02,1.6647497601e-02,3.4101820597e-01,3.3489593668e-01,1.5054232011e-01,5.9720102336e-02,8.5260834612e-02,2.5448900374e+00
4.9150000000e+02,1.2082648651e-02,1.6820488984e-02,3.3845160861e-01,3.3445582713e-01,1.5055608736e-01,6.0738396439e-02,8.6894942830e-02,2.5646353402e+00
4.9200000000e+02,1.2100891722e-02,1.6964082019e-02,3.3581927221e-01,3.3396351113e-01,1.5056234667e-01,6.1720805459e-02,8.8869090793e-02,2.5793271188e+00
4.9250000000e+02,1.2195244194e-02,1.6844931845e-02,3.3434414283e-01,3.3494939640e-01,1.4905547063e-01,6.3200015834e-02,8.9410798261e-02,2.5857795419e+00
4.9300000000e+02,1.2136336234e-02,1.6744880951e-02,3.3136654191e-01,3.3745596109e-01,1.4843521969e-01,6.3828221278e-02,9.0032838854e-02,2.5890974118e+00
4.9350000000e+02,1.2266205580e-02,1.6645146645e-02,3.2904665446e-01,3.3619916025e-01,1.4876660461e-01,6.5402996618e-02,9.1673231837e-02,2.6016541098e+00
4.9400000000e+02,1.2316313868e-02,1.6613862973e-02,3.2641933705e-01,3.3583960014e-01,1.4738384991e-01,6.8279391875e-02,9.3147644183e-02,2.6178160828e+00
4.9450000000e+02,1.2397867472e-02,1.6750748034e-02,3.2304860282e-01,3.3739757133e-01,1.4689483645e-01,6.9464915029e-02,9.4045458861e-02,2.6314878266e+00
4.9500000000e+02,1.2300904787e-02,1.6653388977e-02,3.2056849574e-01,3.3685303095e-01,1.4758514470e-01,7.0398660976e-02,9.5640373868e-02,2.6413487981e+00
4.9550000000e+02,1.2304684538e-02,1.6834614153e-02,3.1406855364e-01,3.4093040323e-01,1.4674253893e-01,7.2076286281e-02,9.7042919226e-02,2.6530387767e+00
4.9600000000e+02,1.2451416186e-02,1.6861716250e-02,3.0933787137e-01,3.4265790218e-01,1.4543266479e-01,7.4457926747e-02,9.8800502474e-02,2.6685599797e+00
4.9650000000e+02,1.2563947406e-02,1.6825467326e-02,3.0543449948e-01,3.4384007105e-01,1.4532538451e-01,7.5944336162e-02,1.0006629407e-01,2.6849807473e+00
4.9700000000e+02,1.2581087760e-02,1.6763849367e-02,2.9875320418e-01,3.4878656332e-01,1.4524862005e-01,7.7195847977e-02,1.0067082734e-01,2.6855417716e+00
4.9750000000e+02,1.2651155139e-02,1.6709463249e-02,2.9447338198e-01,3.5025444979e-01,1.4485160847e-01,7.9471726229e-02,1.0158821515e-01,2.6872761323e+00
4.9800000000e+02,1.2663627606e-02,1.6574106947e-02,2.9185489635e-01,3.5226081207e-01,1.4494309009e-01,8.0480806727e-02,1.0122266022e-01,2.6855048276e+00
4.9850000000e+02,1.2673976394e-02,1.6495892768e-02,2.8949462372e-01,3.5316632342e-01,1.4396138091e-01,8.2037479782e-02,1.0217032301e-01,2.6904285594e+00
4.9900000000e+02,1.2724352710e-02,1.6611027163e-02,2.8596139521e-01,3.5425222154e-01,1.4255516180e-01,8.3865402076e-02,1.0403043950e-01,2.6969788893e+00
4.9950000000e+02,1.2756586527e-02,1.6420313005e-02,2.8299283188e-01,3.5572980637e-01,1.4171987925e-01,8.5122772010e-02,1.0525781095e-01,2.7022841059e+00
5.0000000000e+02,1.2976927038e-02,1.6500956078e-02,2.8082664403e-01,3.5574688007e-01,1.4078681236e-01,8.6723097747e-02,1.0643868268e-01,2.7142454553e+00
5.0050000000e+02,1.3031841219e-02,1.6458067279e-02,2.7583507383e-01,3.5780189020e-01,1.4221984834e-01,8.7091388552e-02,1.0756189057e-01,2.7202400130e+00
5.0100000000e+02,1.2939384824e-02,1.6442903590e-02,2.7173926208e-01,3.5972003474e-01,1.4111379145e-01,8.8216181903e-02,1.0982844141e-01,2.7261748614e+00
5.0150000000e+02,1.2870425980e-02,1.6521669702e-02,2.6594937386e-01,3.6192918150e-01,1.4105897308e-01,9.1387079953e-02,1.1028329592e-01,2.7334771066e+00
5.0200000000e+02,1.2867620737e-02,1.6453577468e-02,2.6366577483e-01,3.6355396309e-01,1.4031738740e-01,9.2828759700e-02,1.1031291678e-01,2.7399233716e+00
5.0250000000e+02,1.3084451986e-02,1.6346550662e-02,2.6062810926e-01,3.6456084484e-01,1.4067507477e-01,9.4525764719e-02,1.1017920377e-01,2.7503020589e+00
5.0300000000e+02,1.3146638936e-02,1.6376535579e-02,2.5645167651e-01,3.6661770266e-01,1.3897307054e-01,9.7513785772e-02,1.1092059001e-01,2.7603845558e+00
5.0350000000e+02,1.3237266951e-02,1.6304871082e-02,2.5123782461e-01,3.6979968118e-01,1.3868991541e-01,9.8311471253e-02,1.1241896952e-01,2.7667481920e+00
5.0400000000e+02,1.3349052330e-02,1.6288652171e-02,2.4696793437e-01,3.7047442578e-01,1.3934964288e-01,9.9864544448e-02,1.1370574803e-01,2.7750252404e+00
5.0450000000e+02,1.3437519476e-02,1.6084096760e-02,2.4491191503e-01,3.7057580581e-01,1.4006783514e-01,1.0063718256e-01,1.1428564522e-01,2.7823864922e+00
5.0500000000e+02,1.3553062314e-02,1.5960575323e-02,2.4065232177e-01,3.7226901685e-01,1.3968722345e-01,1.0258853826e-01,1.1528926203e-01,2.7889837452e+00
5.0550000000e+02,1.3551468614e-02,1.5889902893e-02,2.3781381338e-01,3.7212050666e-01,1.3985046613e-01,1.0450514365e-01,1.1626869867e-01,2.7956853521e+00
5.0600000000e+02,1.3477333423e-02,1.5917185046e-02,2.3484919748e-01,3.7295677335e-01,1.4120636152e-01,1.0530369774e-01,1.1628945145e-01,2.7990069654e+00
5.0650000000e+02,1.3644504656e-02,1.5831069286e-02,2.3226470196e-01,3.7306544655e-01,1.4068618833e-01,1.0697936990e-01,1.1752871932e-01,2.8017747651e+00
5.0700000000e+02,1.3670765329e-02,1.5795338799e-02,2.2804965933e-01,3.7495288669e-01,1.4030367064e-01,1.0843604210e-01,1.1879163711e-01,2.7997637572e+00
5.0750000000e+02,1.3669553825e-02,1.5583498587e-02,2.2369646324e-01,3.7656793116e-01,1.4047933473e-01,1.0969642287e-01,1.2030679559e-01,2.8033890668e+00
5.0800000000e+02,1.3872721272e-02,1.5764937665e-02,2.1828812454e-01,3.7967761823e-01,1.4128936028e-01,1.1009371448e-01,1.2101352353e-01,2.8049749083e+00
5.0850000000e+02,1.4030752946e-02,1.5708744210e-02,2.1549881021e-01,3.8058191983e-01,1.4073056221e-01,1.1167492945e-01,1.2177428115e-01,2.8081837076e+00
5.0900000000e+02,1.4136084040e-02,1.5757218476e-02,2.1279658970e-01,3.8139593344e-01,1.3984701563e-01,1.1324596250e-01,1.2282119621e-01,2.8152215532e+00
5.0950000000e+02,1.4127557492e-02,1.5689564275e-02,2.0858060387e-01,3.8350847005e-01,1.3859599693e-01,1.1549956855e-01,1.2399823883e-01,2.8229350448e+00
5.1000000000e+02,1.4123395966e-02,1.5607532077e-02,2.0569074000e-01,3.8400165561e-01,1.3779715817e-01,1.1757828387e-01,1.2520123431e-01,2.8250905358e+00
5.1050000000e+02,1.4078278436e-02,1.5499814334e-02,2.0061795607e-01,3.8573080109e-01,1.3723190829e-01,1.1914402053e-01,1.2769722124e-01,2.8220914824e+00
5.1100000000e+02,1.4098814214e-02,1.5314427440e-02,1.9847306964e-01,3.8719959807e-01,1.3673836872e-01,1.2040146769e-01,1.2777425423e-01,2.8263750845e+00
5.1150000000e+02,1.4060031087e-02,1.5204015261e-02,1.9500310738e-01,3.9010296146e-01,1.3631485776e-01,1.2154308693e-01,1.2777194012e-01,2.8200628770e+00
5.1200000000e+02,1.3968698536e-02,1.5007055043e-02,1.9133940437e-01,3.9203429145e-01,1.3517091466e-01,1.2340217346e-01,1.2907746248e-01,2.8102427828e+00
5.1250000000e+02,1.3907042677e-02,1.4900449917e-02,1.8573107050e-01,3.9505067375e-01,1.3493529436e-01,1.2475574322e-01,1.3071972557e-01,2.8088299854e+00
5.1300000000e+02,1.3822327773e-02,1.4845106190e-02,1.8214462584e-01,3.9668151775e-01,1.3477099646e-01,1.2662989709e-01,1.3110552890e-01,2.8069485324e+00
5.1350000000e+02,1.3825070077e-02,1.4634503134e-02,1.7816357329e-01,3.9986771319e-01,1.3310966630e-01,1.2864060658e-01,1.3175886743e-01,2.8008235586e+00
5.1400000000e+02,1.3775735325e-02,1.4613034067e-02,1.7579962819e-01,4.0050065270e-01,1.3227167728e-01,1.3043683651e-01,1.3260243594e-01,2.7966614913e+00
5.1450000000e+02,1.3805947176e-02,1.4402993809e-02,1.7136215307e-01,4.0190078809e-01,1.3076093535e-01,1.3348274532e-01,1.3428443719e-01,2.7981397021e+00
5.1500000000e+02,1.3733894444e-02,1.4403546202e-02,1.6679643348e-01,4.0466182745e-01,1.2953545450e-01,1.3499782851e-01,1.3587101542e-01,2.7977179033e+00
5.1550000000e+02,1.3829603785e-02,1.4438509501e-02,1.6483396175e-01,4.0345420480e-01,1.2803253341e-01,1.3856651864e-01,1.3684466812e-01,2.7977599084e+00
5.1600000000e+02,1.3768346588e-02,1.4408598802e-02,1.6036634052e-01,4.0574879062e-01,1.2749082676e-01,1.4091758462e-01,1.3729951209e-01,2.7934933061e+00
5.1650000000e+02,1.3919810815e-02,1.4356594562e-02,1.5724862506e-01,4.0423920084e-01,1.2880334888e-01,1.4204305673e-01,1.3938936311e-01,2.8018824942e+00
5.1700000000e+02,1.3841524073e-02,1.4102872641e-02,1.5416293353e-01,4.0570974108e-01,1.2847441657e-01,1.4383029884e-01,1.3987821327e-01,2.7906364209e+00
5.1750000000e+02,1.3868996220e-02,1.4072010094e-02,1.5152893258e-01,4.0590794107e-01,1.2958136084e-01,1.4387747084e-01,1.4116328836e-01,2.7833982599e+00
5.1800000000e+02,1.3844057739e-02,1.4064046135e-02,1.4843361684e-01,4.0748550990e-01,1.2955566086e-01,1.4460409639e-01,1.4201301213e-01,2.7789331025e+00
5.1850000000e+02,1.3960336323e-02,1.3891804297e-02,1.4639544320e-01,4.0678798777e-01,1.3024285535e-01,1.4581916276e-01,1.4290241031e-01,2.7808724320e+00
5.1900000000e+02,1.4019869012e-02,1.3790581473e-02,1.4217531344e-01,4.0684066585e-01,1.3176604487e-01,1.4701978757e-01,1.4438773779e-01,2.7827434844e+00
5.1950000000e+02,1.4050375289e-02,1.3676907205e-02,1.4049979001e-01,4.0519634746e-01,1.3163263922e-01,1.4901385716e-01,1.4593008366e-01,2.7840355974e+00
5.2000000000e+02,1.3953175225e-02,1.3423361615e-02,1.3707170542e-01,4.0528515021e-01,1.3210965811e-01,1.5031750064e-01,1.4783944878e-01,2.7724449022e+00
5.2050000000e+02,1.3876870202e-02,1.3217632802e-02,1.3559440331e-01,4.0421868672e-01,1.3126303479e-01,1.5204170637e-01,1.4978766581e-01,2.7665715685e+00
5.2100000000e+02,1.3774662049e-02,1.3126386483e-02,1.3264300467e-01,4.0255040786e-01,1.3128969939e-01,1.5419298041e-01,1.5242285913e-01,2.7633112430e+00
5.2150000000e+02,1.3847583662e-02,1.2996780203e-02,1.3050164132e-01,4.0270134427e-01,1.3065674451e-01,1.5654450098e-01,1.5275140505e-01,2.7623051324e+00
5.2200000000e+02,1.4080712144e-02,1.3070564986e-02,1.2737252362e-01,4.0153976631e-01,1.3101432167e-01,1.5916385881e-01,1.5375825246e-01,2.7651001038e+00
5.2250000000e+02,1.4135376447e-02,1.2939674773e-02,1.2412852518e-01,4.0219801497e-01,1.2990278818e-01,1.6074976608e-01,1.5594585437e-01,2.7571291163e+00
5.2300000000e+02,1.4088195586e-02,1.2876840790e-02,1.2159821432e-01,4.0196887004e-01,1.3012537058e-01,1.6245013384e-01,1.5689237484e-01,2.7482722830e+00
5.2350000000e+02,1.4091732169e-02,1.2712804305e-02,1.1970626611e-01,4.0006366235e-01,1.3100479192e-01,1.6337210466e-01,1.5904863849e-01,2.7421229312e+00
5.2400000000e+02,1.3996086845e-02,1.2872391333e-02,1.1687197665e-01,3.9754514680e-01,1.3125960459e-01,1.6575066984e-01,1.6170412394e-01,2.7387518238e+00
5.2450000000e+02,1.4114438181e-02,1.2869482763e-02,1.1462694665e-01,3.9599028675e-01,1.3206574446e-01,1.6724398907e-01,1.6308911212e-01,2.7334430741e+00
5.2500000000e+02,1.4207877992e-02,1.2806362290e-02,1.1177235829e-01,3.9484353646e-01,1.3316261041e-01,1.6779616225e-01,1.6541109231e-01,2.7293565085e+00
5.2550000000e+02,1.4256754336e-02,1.2734506066e-02,1.1039464124e-01,3.9273583987e-01,1.3415267926e-01,1.6995716928e-01,1.6576840994e-01,2.7169606572e+00
5.2600000000e+02,1.4271344114e-02,1.2732174466e-02,1.0741005692e-01,3.9148685561e-01,1.3558583074e-01,1.7079267359e-01,1.6772106457e-01,2.7090593576e+00
5.2650000000e+02,1.4323220681e-02,1.2632615391e-02,1.0550215788e-01,3.9000421879e-01,1.3599730852e-01,1.7156973833e-01,1.6997074041e-01,2.6984085833e+00
5.2700000000e+02,1.4293582761e-02,1.2454603670e-02,1.0255554827e-01,3.9071664309e-01,1.3574238055e-01,1.7290465654e-01,1.7133258511e-01,2.6853898210e+00
5.2750000000e+02,1.4352168288e-02,1.2456867543e-02,1.0068631615e-01,3.9018586026e-01,1.3606815743e-01,1.7371883483e-01,1.7253179549e-01,2.6774775562e+00
5.2800000000e+02,1.4438005549e-02,1.2273978109e-02,9.7969420478e-02,3.9080895478e-01,1.3595492111e-01,1.7556890092e-01,1.7298581905e-01,2.6720335544e+00
5.2850000000e+02,1.4238782541e-02,1.2205432227e-02,9.6119288370e-02,3.9101788688e-01,1.3504405914e-01,1.7778476856e-01,1.7358978228e-01,2.6563069184e+00
5.2900000000e+02,1.4199495807e-02,1.1984802569e-02,9.4411335949e-02,3.9084642825e-01,1.3554287861e-01,1.7922658053e-01,1.7378847828e-01,2.6500580325e+00
5.2950000000e+02,1.4333665131e-02,1.1733496251e-02,9.2262014519e-02,3.9026730562e-01,1.3543127764e-01,1.8118051043e-01,1.7479173041e-01,2.6424471639e+00
5.3000000000e+02,1.4502296030e-02,1.1755517565e-02,9.1413036606e-02,3.8611154483e-01,1.3718118280e-01,1.8213897906e-01,1.7689744311e-01,2.6440912734e+00
5.3050000000e+02,1.4592037153e-02,1.1698345487e-02,8.9245019031e-02,3.8592966431e-01,1.3780462844e-01,1.8295702993e-01,1.7777327565e-01,2.6326739305e+00
5.3100000000e+02,1.4509517798e-02,1.1674741843e-02,8.7512921647e-02,3.8492614077e-01,1.3793718743e-01,1.8307726505e-01,1.8036222546e-01,2.6184979981e+00
5.3150000000e+02,1.4629258809e-02,1.1503154665e-02,8.6133367250e-02,3.8588216294e-01,1.3808991667e-01,1.8415024704e-01,1.7961189262e-01,2.6061024706e+00
5.3200000000e+02,1.4460177242e-02,1.1402382596e-02,8.4140034278e-02,3.8749823853e-01,1.3792897218e-01,1.8509513640e-01,1.7947505877e-01,2.5823935992e+00
5.3250000000e+02,1.4523960035e-02,1.1218910079e-02,8.2547327561e-02,3.8690264632e-01,1.3869770542e-01,1.8529290315e-01,1.8081654744e-01,2.5655123560e+00
5.3300000000e+02,1.4604890801e-02,1.1168163004e-02,8.1077508078e-02,3.8585035762e-01,1.3909919807e-01,1.8619163960e-01,1.8200824282e-01,2.5525977953e+00
5.3350000000e+02,1.4616826965e-02,1.1159672524e-02,7.8356673649e-02,3.8536501907e-01,1.4102552988e-01,1.8671765709e-01,1.8275862082e-01,2.5413612125e+00
5.3400000000e+02,1.4753307591e-02,1.1102619141e-02,7.7638509887e-02,3.8362160461e-01,1.4252520903e-01,1.8775174880e-01,1.8260700094e-01,2.5358080128e+00
5.3450000000e+02,1.4968922384e-02,1.1189966637e-02,7.5626163759e-02,3.8457431010e-01,1.4358669137e-01,1.8809328775e-01,1.8196065800e-01,2.5280234367e+00
5.3500000000e+02,1.4941142743e-02,1.1077699205e-02,7.3976396591e-02,3.8514316132e-01,1.4371877779e-01,1.8933069711e-01,1.8181212524e-01,2.5150354289e+00
5.3550000000e+02,1.4785444891e-02,1.1027873058e-02,7.2026082886e-02,3.8679968468e-01,1.4349995097e-01,1.9107948132e-01,1.8078148220e-01,2.4985100152e+00
5.3600000000e+02,1.4597834119e-02,1.0855236809e-02,7.0701942472e-02,3.8588476812e-01,1.4375825726e-01,1.9230531163e-01,1.8189664959e-01,2.4860678692e+00
5.3650000000e+02,1.4581354491e-02,1.0783436878e-02,6.9529015598e-02,3.8605529575e-01,1.4322718063e-01,1.9344461391e-01,1.8237910274e-01,2.4695021283e+00
5.3700000000e+02,1.4679052561e-02,1.0753639237e-02,6.8227953577e-02,3.8620109551e-01,1.4262082962e-01,1.9436912140e-01,1.8314830809e-01,2.4573402162e+00
5.3750000000e+02,1.4778916624e-02,1.0661455996e-02,6.7455556231e-02,3.8440918109e-01,1.4271885060e-01,1.9573065539e-01,1.8424538407e-01,2.4492443505e+00
5.3800000000e+02,1.4777722191e-02,1.0582265618e-02,6.7057772472e-02,3.8321870541e-01,1.4262223357e-01,1.9700767986e-01,1.8473362088e-01,2.4383527198e+00
5.3850000000e+02,1.4860560905e-02,1.0662346003e-02,6.7032262142e-02,3.8206084322e-01,1.4302378345e-01,1.9728113435e-01,1.8507906992e-01,2.4354997023e+00
5.3900000000e+02,1.4572604735e-02,1.0499266219e-02,6.7192341338e-02,3.8231229531e-01,1.4327155477e-01,1.9839218236e-01,1.8375975527e-01,2.4196839510e+00
5.3950000000e+02,1.4507646993e-02,1.0345851382e-02,6.5272115850e-02,3.8460204394e-01,1.4389948599e-01,1.9798780592e-01,1.8338504993e-01,2.4067020217e+00
5.4000000000e+02,1.4563742770e-02,1.0246548956e-02,6.4139747948e-02,3.8483047420e-01,1.4484823645e-01,1.9836310310e-01,1.8300814658e-01,2.3963086246e+00
5.4050000000e+02,1.4662883560e-02,1.0232144138e-02,6.3737431724e-02,3.8397154603e-01,1.4474924257e-01,1.9755357619e-01,1.8509317578e-01,2.3856238224e+00
5.4100000000e+02,1.4728498092e-02,1.0120980602e-02,6.3529132563e-02,3.8517988122e-01,1.4483679679e-01,1.9688828036e-01,1.8471643037e-01,2.3737495791e+00
5.4150000000e+02,1.4651882185e-02,1.0011777302e-02,6.2613767629e-02,3.8417995122e-01,1.4504151517e-01,1.9711971171e-01,1.8638139479e-01,2.3656616716e+00
5.4200000000e+02,1.4574646905e-02,9.9098421911e-03,6.1987082644e-02,3.8243441538e-01,1.4665580396e-01,1.9670695469e-01,1.8773125424e-01,2.3661348738e+00
5.4250000000e+02,1.4291372491e-02,9.7137072348e-03,6.1497973491e-02,3.7879702873e-01,1.4728262622e-01,1.9683412550e-01,1.9158316634e-01,2.3677968146e+00
5.4300000000e+02,1.4030478494e-02,9.4797178945e-03,6.1521694733e-02,3.7852179392e-01,1.4836354208e-01,1.9619232063e-01,1.9189045226e-01,2.3624548375e+00
5.4350000000e+02,1.3812749876e-02,9.3988822949e-03,6.1693148547e-02,3.7621246857e-01,1.4852372563e-01,1.9644853982e-01,1.9391048526e-01,2.3622050836e+00
5.4400000000e+02,1.3752189244e-02,9.2953435560e-03,6.1611182986e-02,3.7754798547e-01,1.4817431012e-01,1.9633523573e-01,1.9328375290e-01,2.3639467368e+00
5.4450000000e+02,1.3689971343e-02,9.2172546720e-03,6.0983121932e-02,3.7903821386e-01,1.4859137937e-01,1.9638485387e-01,1.9209520496e-01,2.3682007685e+00
5.4500000000e+02,1.3727609569e-02,9.2608690821e-03,6.0636843058e-02,3.7844514442e-01,1.4878103775e-01,1.9583129387e-01,1.9331720225e-01,2.3763226326e+00
5.4550000000e+02,1.3580214607e-02,9.1231340166e-03,6.0423247257e-02,3.8098518076e-01,1.4793643659e-01,1.9542623339e-01,1.9252555338e-01,2.3756680508e+00
5.4600000000e+02,1.3559878436e-02,8.9553793467e-03,5.9857721200e-02,3.8269913107e-01,1.4874166293e-01,1.9467985137e-01,1.9150637565e-01,2.3787378358e+00
5.4650000000e+02,1.3441025012e-02,8.8452225210e-03,5.9804393178e-02,3.8343450958e-01,1.4933006554e-01,1.9425689143e-01,1.9088789274e-01,2.3832125295e+00
5.4700000000e+02,1.3262579593e-02,8.8601687670e-03,6.0057922082e-02,3.8506587552e-01,1.4996916432e-01,1.9360490396e-01,1.8917938576e-01,2.3855736089e+00
5.4750000000e+02,1.3141226536e-02,8.8563101335e-03,6.0584367393e-02,3.8568318736e-01,1.5115111347e-01,1.9324514304e-01,1.8733865207e-01,2.3926721177e+00
5.4800000000e+02,1.2872742550e-02,8.7267587191e-03,6.0690501450e-02,3.8473730945e-01,1.5079006974e-01,1.9321779413e-01,1.8896482396e-01,2.4000988790e+00
5.4850000000e+02,1.2778317964e-02,8.6784282404e-03,6.0244138801e-02,3.8435842259e-01,1.5062984208e-01,1.9250390475e-01,1.9080694558e-01,2.4079019134e+00
5.4900000000e+02,1.2806782351e-02,8.6296959982e-03,6.0949515045e-02,3.8373469640e-01,1.5207647938e-01,1.9207210272e-01,1.8973072810e-01,2.4181669915e+00
5.4950000000e+02,1.2817645475e-02,8.6665706312e-03,6.1595699172e-02,3.8297986214e-01,1.5263122990e-01,1.9056065958e-01,1.9074833310e-01,2.4304589066e+00
5.5000000000e+02,1.2829578814e-02,8.7115140549e-03,6.1852735459e-02,3.8374188719e-01,1.5315243143e-01,1.8957219908e-01,1.9013965398e-01,2.4399882590e+00
5.5050000000e+02,1.2759640843e-02,8.7084780331e-03,6.2772413022e-02,3.8582815803e-01,1.5438061351e-01,1.8802699753e-01,1.8752369903e-01,2.4474608324e+00
5.5100000000e+02,1.2729483903e-02,8.7392138824e-03,6.3169079792e-02,3.8746397112e-01,1.5440342211e-01,1.8667464108e-01,1.8682018812e-01,2.4552348872e+00
5.5150000000e+02,1.2603828535e-02,8.6597186249e-03,6.3541846895e-02,3.8908075673e-01,1.5398955227e-01,1.8601673167e-01,1.8610756528e-01,2.4648711252e+00
5.5200000000e+02,1.2624261974e-02,8.7142267798e-03,6.4722702831e-02,3.8930668529e-01,1.5530683352e-01,1.8358120861e-01,1.8574408099e-01,2.4710917542e+00
5.5250000000e+02,1.2559796606e-02,8.6032096763e-03,6.5303023538e-02,3.9045201614e-01,1.5534194251e-01,1.8319009155e-01,1.8454991998e-01,2.4804368701e+00
5.5300000000e+02,1.2285193318e-02,8.4496090629e-03,6.6313341098e-02,3.9042382450e-01,1.5515217129e-01,1.8262788775e-01,1.8474797298e-01,2.4913272940e+00
5.5350000000e+02,1.2218742167e-02,8.3162496745e-03,6.6873223987e-02,3.9110721315e-01,1.5581093252e-01,1.8228215011e-01,1.8339148839e-01,2.4994617203e+00
5.5400000000e+02,1.2120653634e-02,8.1748143045e-03,6.7029967102e-02,3.9324336033e-01,1.5597049971e-01,1.8296593320e-01,1.8049477171e-01,2.5078382684e+00
5.5450000000e+02,1.2090438910e-02,8.1477968107e-03,6.8007556956e-02,3.9587230605e-01,1.5602143692e-01,1.8131420225e-01,1.7854626210e-01,2.5126890554e+00
5.5500000000e+02,1.1780926043e-02,8.1672409952e-03,6.9226603624e-02,3.9618478249e-01,1.5470635468e-01,1.8055380591e-01,1.7938028626e-01,2.5191846102e+00
5.5550000000e+02,1.1589527010e-02,8.0438306485e-03,6.9431756048e-02,3.9649610457e-01,1.5537474532e-01,1.8013727842e-01,1.7892675798e-01,2.5226982890e+00
5.5600000000e+02,1.1452652948e-02,8.0688616429e-03,7.0427108062e-02,3.9573620826e-01,1.5486196792e-01,1.7804464635e-01,1.8140855481e-01,2.5294427114e+00
5.5650000000e+02,1.1377857485e-02,8.1108643744e-03,7.1529321032e-02,3.9356421412e-01,1.5556906246e-01,1.7770807883e-01,1.8214060169e-01,2.5404456974e+00
5.5700000000e+02,1.1198591072e-02,7.9802095052e-03,7.2912384256e-02,3.9365812621e-01,1.5624259039e-01,1.7569283121e-01,1.8231526736e-01,2.5465082575e+00
5.5750000000e+02,1.1159624281e-02,7.8883029109e-03,7.4484394264e-02,3.9353778980e-01,1.5671783557e-01,1.7417105915e-01,1.8204099402e-01,2.5513035447e+00
5.5800000000e+02,1.1190945649e-02,7.8720074575e-03,7.4866490876e-02,3.9327725559e-01,1.5727980096e-01,1.7370631542e-01,1.8180718406e-01,2.5665367311e+00
5.5850000000e+02,1.1211557437e-02,8.0241210504e-03,7.5792215380e-02,3.9343681037e-01,1.5946622664e-01,1.7176753260e-01,1.8030153652e-01,2.5775927769e+00
5.5900000000e+02,1.1062141877e-02,7.9804915756e-03,7.7128208798e-02,3.9326019683e-01,1.5996994276e-01,1.7050356990e-01,1.8009544825e-01,2.5885446150e+00
5.5950000000e+02,1.0976553494e-02,7.9386290224e-03,7.8857145461e-02,3.9287385061e-01,1.5974457644e-01,1.6983446691e-01,1.7977477806e-01,2.5940037700e+00
5.6000000000e+02,1.0862831309e-02,7.8441700958e-03,7.9664526218e-02,3.9278272720e-01,1.6023207651e-01,1.6932447667e-01,1.7928919199e-01,2.5954441956e+00
5.6050000000e+02,1.0778436236e-02,7.8156006093e-03,8.0638078227e-02,3.9158886604e-01,1.6299062513e-01,1.6671819625e-01,1.7947019750e-01,2.6065225797e+00
5.6100000000e+02,1.0645931494e-02,7.7356604633e-03,8.2513094279e-02,3.9109243446e-01,1.6320795061e-01,1.6591460255e-01,1.7889032615e-01,2.6118118771e+00
5.6150000000e+02,1.0613874780e-02,7.5547796463e-03,8.3353705399e-02,3.9161308194e-01,1.6586466793e-01,1.6371811696e-01,1.7728177334e-01,2.6179486899e+00
5.6200000000e+02,1.0486766839e-02,7.4877203651e-03,8.3918028384e-02,3.9359943066e-01,1.6653017870e-01,1.6147271403e-01,1.7650516102e-01,2.6168026007e+00
5.6250000000e+02,1.0395818222e-02,7.4766603637e-03,8.6457186466e-02,3.9219132676e-01,1.6842906729e-01,1.5803598831e-01,1.7701395259e-01,2.6210911900e+00
5.6300000000e+02,1.0253956483e-02,7.5163670956e-03,8.7784982469e-02,3.9230168593e-01,1.6989443956e-01,1.5536717056e-01,1.7688139790e-01,2.6270091486e+00
5.6350000000e+02,1.0237547592e-02,7.4895363320e-03,8.9028324946e-02,3.8987754920e-01,1.7194731033e-01,1.5389536202e-01,1.7752436958e-01,2.6361653584e+00
5.6400000000e+02,1.0243252994e-02,7.4904888051e-03,9.0129943831e-02,3.9004180820e-01,1.7294104867e-01,1.5228178103e-01,1.7687167647e-01,2.6371935474e+00
5.6450000000e+02,1.0131355574e-02,7.5556530226e-03,9.1531651016e-02,3.9030941843e-01,1.7444091483e-01,1.5039757608e-01,1.7563343105e-01,2.6387145355e+00
5.6500000000e+02,1.0083974368e-02,7.4955590069e-03,9.2477751953e-02,3.9107841519e-01,1.7643785817e-01,1.4801373873e-01,1.7441270259e-01,2.6432322169e+00
5.6550000000e+02,1.0149081918e-02,7.5275949911e-03,9.2836899309e-02,3.9185403006e-01,1.7762217446e-01,1.4497073874e-01,1.7503948052e-01,2.6453572347e+00
5.6600000000e+02,1.0048684988e-02,7.6070326702e-03,9.4128234714e-02,3.9363095592e-01,1.7652199403e-01,1.4498487288e-01,1.7307822479e-01,2.6519154179e+00
5.6650000000e+02,1.0015355804e-02,7.5535214786e-03,9.5919443288e-02,3.9153020184e-01,1.7897998173e-01,1.4313759984e-01,1.7286389602e-01,2.6604418387e+00
5.6700000000e+02,1.0022407428e-02,7.6092750371e-03,9.6686399051e-02,3.9162427274e-01,1.8140734516e-01,1.4156053489e-01,1.7108976569e-01,2.6683276851e+00
5.6750000000e+02,9.9482284263e-03,7.6363286791e-03,9.8356971488e-02,3.9175256440e-01,1.8167883752e-01,1.3975808647e-01,1.7086898301e-01,2.6710888280e+00
5.6800000000e+02,9.9208546768e-03,7.6502094404e-03,1.0048264074e-01,3.9087418737e-01,1.8448312428e-01,1.3679722312e-01,1.6979176037e-01,2.6772383241e+00
5.6850000000e+02,9.8200244130e-03,7.7582856872e-03,1.0227991243e-01,3.8972991889e-01,1.8602509555e-01,1.3472286643e-01,1.6966389660e-01,2.6843282538e+00
5.6900000000e+02,9.8151243664e-03,7.9228304463e-03,1.0444630015e-01,3.9017694042e-01,1.8710606220e-01,1.3310810591e-01,1.6742463651e-01,2.6904490256e+00
5.6950000000e+02,9.7956182619e-03,8.0052463081e-03,1.0535689579e-01,3.9093175802e-01,1.8892469285e-01,1.3203853568e-01,1.6494725308e-01,2.6941296979e+00
5.7000000000e+02,9.7467046405e-03,8.0034993409e-03,1.0698155496e-01,3.9090712905e-01,1.9083894763e-01,1.3039526349e-01,1.6312690090e-01,2.6929560548e+00
5.7050000000e+02,9.6713260955e-03,8.1077716769e-03,1.0753535694e-01,3.9243117203e-01,1.9295397308e-01,1.2706022689e-01,1.6224017329e-01,2.6925688221e+00
5.7100000000e+02,9.5868306784e-03,8.0323896620e-03,1.0892592713e-01,3.9237640305e-01,1.9335397097e-01,1.2593785445e-01,1.6178662406e-01,2.6943358039e+00
5.7150000000e+02,9.4619849892e-03,8.1683119538e-03,1.0983118743e-01,3.9268195366e-01,1.9322738811e-01,1.2550126491e-01,1.6112790895e-01,2.6984856085e+00
5.7200000000e+02,9.4516060602e-03,8.1259891556e-03,1.1143740039e-01,3.9267517072e-01,1.9339914458e-01,1.2501711182e-01,1.5989357727e-01,2.7010345910e+00
5.7250000000e+02,9.3846233383e-03,8.1290317572e-03,1.1386027558e-01,3.9000772817e-01,1.9463780666e-01,1.2365386245e-01,1.6032667205e-01,2.7093646927e+00
5.7300000000e+02,9.3068042649e-03,7.9998930907e-03,1.1399479150e-01,3.9191876384e-01,1.9555886975e-01,1.2292177327e-01,1.5829910428e-01,2.7122683286e+00
5.7350000000e+02,9.2523192776e-03,8.0667232236e-03,1.1475567439e-01,3.9316480951e-01,1.9671826051e-01,1.2114054396e-01,1.5690166912e-01,2.7130344639e+00
5.7400000000e+02,9.1367148251e-03,7.8974336189e-03,1.1601955128e-01,3.9248011372e-01,1.9641873616e-01,1.2078524468e-01,1.5726220571e-01,2.7151841747e+00
5.7450000000e+02,9.0675951407e-03,7.9160551710e-03,1.1753548182e-01,3.9144992183e-01,1.9724553270e-01,1.1812294334e-01,1.5866247001e-01,2.7166411209e+00
5.7500000000e+02,8.9745208462e-03,7.8035660800e-03,1.2013991084e-01,3.9088444487e-01,1.9823675361e-01,1.1602632294e-01,1.5793448082e-01,2.7232974305e+00
5.7550000000e+02,8.9291651818e-03,7.8389158009e-03,1.2132535612e-01,3.9109868649e-01,1.9920826779e-01,1.1447158550e-01,1.5712802312e-01,2.7315888465e+00
5.7600000000e+02,8.8444180890e-03,7.6898425815e-03,1.2282065889e-01,3.8929623460e-01,2.0207875290e-01,1.1232454944e-01,1.5694554350e-01,2.7372996223e+00
5.7650000000e+02,8.6724077002e-03,7.4877984957e-03,1.2400890369e-01,3.8999203130e-01,2.0444159468e-01,1.0972343915e-01,1.5567382498e-01,2.7303310926e+00
5.7700000000e+02,8.5633976218e-03,7.4777942412e-03,1.2476944007e-01,3.8953813659e-01,2.0561951541e-01,1.0761011242e-01,1.5642160364e-01,2.7329206241e+00
5.7750000000e+02,8.5220077251e-03,7.4854790805e-03,1.2589303336e-01,3.9095288670e-01,2.0533179359e-01,1.0503195121e-01,1.5678284834e-01,2.7282483223e+00
5.7800000000e+02,8.5603364755e-03,7.3694778908e-03,1.2727374292e-01,3.9269331207e-01,2.0571942818e-01,1.0322258359e-01,1.5516111887e-01,2.7251603109e+00
5.7850000000e+02,8.4610221184e-03,7.5125285021e-03,1.2856635568e-01,3.9459238318e-01,2.0598694024e-01,1.0181476617e-01,1.5306600411e-01,2.7294918789e+00
5.7900000000e+02,8.4070169532e-03,7.5143212829e-03,1.3091159185e-01,3.9523317793e-01,2.0694262797e-01,9.8826951943e-02,1.5216431208e-01,2.7272956959e+00
5.7950000000e+02,8.3125227458e-03,7.5949993684e-03,1.3110161100e-01,3.9431170978e-01,2.0863433994e-01,9.7375150020e-02,1.5266966714e-01,2.7298146009e+00
5.8000000000e+02,8.2723046829e-03,7.4951374984e-03,1.3267994746e-01,3.9497415954e-01,2.0965081532e-01,9.5617315375e-02,1.5131032012e-01,2.7302109638e+00
5.8050000000e+02,8.2082749663e-03,7.5521744762e-03,1.3415631716e-01,3.9436604432e-01,2.1168752799e-01,9.3476822745e-02,1.5055283834e-01,2.7344982131e+00
5.8100000000e+02,8.1150671652e-03,7.6023367262e-03,1.3579871186e-01,3.9332368351e-01,2.1379572401e-01,9.1071494689e-02,1.5029298203e-01,2.7391042116e+00
5.8150000000e+02,8.0972752155e-03,7.7024358133e-03,1.3733535009e-01,3.9176208287e-01,2.1579988949e-01,8.9678933515e-02,1.4962403300e-01,2.7452821456e+00
5.8200000000e+02,8.0305627529e-03,7.9251999167e-03,1.3868893737e-01,3.9328625705e-01,2.1615570717e-01,8.8123986849e-02,1.4778934889e-01,2.7443711333e+00
5.8250000000e+02,7.9309689204e-03,7.9674228462e-03,1.4220196242e-01,3.9239288367e-01,2.1747226130e-01,8.6141261778e-02,1.4589323906e-01,2.7465282973e+00
5.8300000000e+02,7.8556485731e-03,8.0538374602e-03,1.4430496333e-01,3.9213218662e-01,2.1860887901e-01,8.4676455390e-02,1.4436802961e-01,2.7465614125e+00
5.8350000000e+02,7.7432950895e-03,8.0570027365e-03,1.4571021198e-01,3.9318906478e-01,2.1917402279e-01,8.2934323450e-02,1.4319207918e-01,2.7470267200e+00
5.8400000000e+02,7.7058866846e-03,8.1283171101e-03,1.4610356675e-01,3.9412878145e-01,2.2030759763e-01,8.0226169035e-02,1.4339968134e-01,2.7475461682e+00
5.8450000000e+02,7.5992056637e-03,8.2665749501e-03,1.4638453219e-01,3.9495914478e-01,2.2008093574e-01,7.8744956825e-02,1.4396464985e-01,2.7480494498e+00
5.8500000000e+02,7.5250572646e-03,8.1637514161e-03,1.4850234660e-01,3.9406827760e-01,2.2032760267e-01,7.8180369357e-02,1.4323259510e-01,2.7482676887e+00
5.8550000000e+02,7.3855160580e-03,7.9703917950e-03,1.5092892666e-01,3.9392385848e-01,2.2061317268e-01,7.5472963342e-02,1.4370517099e-01,2.7444538506e+00
5.8600000000e+02,7.4460507120e-03,8.0701200484e-03,1.5310659496e-01,3.9308051510e-01,2.2013154636e-01,7.4139765566e-02,1.4402540725e-01,2.7496769185e+00
5.8650000000e+02,7.3702914852e-03,8.0466035566e-03,1.5505872808e-01,3.9350638535e-01,2.1917572025e-01,7.2797397060e-02,1.4404487421e-01,2.7460551007e+00
5.8700000000e+02,7.3776720539e-03,8.0948226108e-03,1.5659581567e-01,3.9369315396e-01,2.1796803789e-01,7.1746048307e-02,1.4452444951e-01,2.7494783509e+00
5.8750000000e+02,7.3724611127e-03,8.0335514471e-03,1.5834114499e-01,3.9408075271e-01,2.1882456565e-01,6.9478604480e-02,1.4386891961e-01,2.7459022280e+00
5.8800000000e+02,7.4320675810e-03,8.0297115753e-03,1.5947893131e-01,3.9238364752e-01,2.2189075150e-01,6.6648732813e-02,1.4413615770e-01,2.7528755127e+00
5.8850000000e+02,7.4275955961e-03,8.1288978640e-03,1.6143640420e-01,3.9273135742e-01,2.2213782723e-01,6.4912443922e-02,1.4322547377e-01,2.7528204769e+00
5.8900000000e+02,7.4004059504e-03,8.2628402857e-03,1.6242465367e-01,3.9411720658e-01,2.2194238251e-01,6.3309011297e-02,1.4254349971e-01,2.7540400976e+00
5.8950000000e+02,7.3853556220e-03,8.3748067321e-03,1.6335121751e-01,3.9492270947e-01,2.2251524371e-01,6.1002079564e-02,1.4244858739e-01,2.7494106799e+00
5.9000000000e+02,7.3795358562e-03,8.3309138713e-03,1.6594608676e-01,3.9391000743e-01,2.2335106667e-01,5.9109291389e-02,1.4197309802e-01,2.7500097601e+00
5.9050000000e+02,7.3272937953e-03,8.2161583935e-03,1.6709784402e-01,3.9451913053e-01,2.2329739846e-01,5.8252125463e-02,1.4129004935e-01,2.7486706515e+00
5.9100000000e+02,7.2573912801e-03,8.1137059582e-03,1.6762074806e-01,3.9534383270e-01,2.2446742477e-01,5.6319701915e-02,1.4087719532e-01,2.7447730685e+00
5.9150000000e+02,7.3121126316e-03,8.2908863407e-03,1.6864500810e-01,3.9588356893e-01,2.2440349978e-01,5.4446830309e-02,1.4101809390e-01,2.7414427959e+00
5.9200000000e+02,7.2130652256e-03,8.1656211134e-03,1.6788866100e-01,3.9835813467e-01,2.2692388950e-01,5.1903912075e-02,1.3954671641e-01,2.7315276281e+00
5.9250000000e+02,7.1898715209e-03,8.3279261516e-03,1.6946693549e-01,3.9764277630e-01,2.2808256600e-01,5.0695934216e-02,1.3859399033e-01,2.7348192126e+00
5.9300000000e+02,7.1606302350e-03,8.3709938416e-03,1.7122830972e-01,3.9804917391e-01,2.2769161329e-01,4.9392891935e-02,1.3810638707e-01,2.7337666897e+00
5.9350000000e+02,7.1603518411e-03,8.4260662281e-03,1.7354673153e-01,3.9586770084e-01,2.2956774257e-01,4.7420454204e-02,1.3801095279e-01,2.7376719889e+00
5.9400000000e+02,7.0050471504e-03,8.3270123303e-03,1.7427458521e-01,3.9797017684e-01,2.3105267344e-01,4.4603342050e-02,1.3676716297e-01,2.7281749202e+00
5.9450000000e+02,6.9782129086e-03,8.2493490823e-03,1.7441709616e-01,4.0058406670e-01,2.3218729564e-01,4.2604370466e-02,1.3497960905e-01,2.7230891723e+00
5.9500000000e+02,6.9072279304e-03,8.1666787324e-03,1.7603213121e-01,4.0073097582e-01,2.3292309569e-01,4.1315672266e-02,1.3392421835e-01,2.7244338717e+00
5.9550000000e+02,6.9115531848e-03,8.2139868039e-03,1.7826517030e-01,4.0112361862e-01,2.3447167368e-01,3.9566232284e-02,1.3144776513e-01,2.7238384705e+00
5.9600000000e+02,6.9395517539e-03,8.2425887292e-03,1.8051485123e-01,4.0107441882e-01,2.3343521108e-01,3.8368504166e-02,1.3142487423e-01,2.7200247359e+00
5.9650000000e+02,6.8795970293e-03,8.3407919651e-03,1.8144604128e-01,4.0127152243e-01,2.3432332614e-01,3.6990438529e-02,1.3074828263e-01,2.7220743609e+00
5.9700000000e+02,6.8000886899e-03,8.3878099115e-03,1.8307954735e-01,4.0259129797e-01,2.3408296305e-01,3.5580138246e-02,1.2947815479e-01,2.7180093633e+00
5.9750000000e+02,6.7669486685e-03,8.2409169144e-03,1.8546597252e-01,4.0159715666e-01,2.3552225289e-01,3.3230813214e-02,1.2917593913e-01,2.7116889826e+00
5.9800000000e+02,6.6953404920e-03,8.1716627707e-03,1.8804471639e-01,4.0106274272e-01,2.3594183128e-01,3.1127637871e-02,1.2895606847e-01,2.7079473403e+00
5.9850000000e+02,6.7248914295e-03,8.1049599462e-03,1.9029018300e-01,4.0055423054e-01,2.3597279600e-01,2.9860598605e-02,1.2849234047e-01,2.7046777464e+00
5.9900000000e+02,6.6185504397e-03,8.1042790477e-03,1.9287629868e-01,4.0112601261e-01,2.3560713453e-01,2.8375195710e-02,1.2729252898e-01,2.6939030355e+00
5.9950000000e+02,6.5197219570e-03,8.1363836060e-03,1.9494289048e-01,4.0148386708e-01,2.3629833414e-01,2.7131853934e-02,1.2548694880e-01,2.6856739720e+00
6.0000000000e+02,6.4935783175e-03,8.1385952858e-03,1.9871195103e-01,3.9892980580e-01,2.3712900452e-01,2.5858870435e-02,1.2473819461e-01,2.6841289279e+00
6.0050000000e+02,6.4186498329e-03,8.1971590545e-03,2.0073003251e-01,3.9924713306e-01,2.3700712476e-01,2.4683237070e-02,1.2371666371e-01,2.6740922271e+00
6.0100000000e+02,6.4735494297e-03,8.2273186179e-03,2.0407673905e-01,3.9682093912e-01,2.3804756690e-01,2.3885628508e-02,1.2246825838e-01,2.6780575999e+00
6.0150000000e+02,6.5078505230e-03,8.1296586083e-03,2.0602479534e-01,3.9777611376e-01,2.3836266576e-01,2.2707744500e-02,1.2049117151e-01,2.6681616833e+00
6.0200000000e+02,6.4495523981e-03,8.0450856687e-03,2.0791598409e-01,3.9826148060e-01,2.3902021764e-01,2.1572648712e-02,1.1873503089e-01,2.6646975391e+00
6.0250000000e+02,6.4389890903e-03,8.0091659596e-03,2.0948565055e-01,3.9952659461e-01,2.3900513038e-01,2.0455609190e-02,1.1707886022e-01,2.6547443335e+00
6.0300000000e+02,6.4450017185e-03,8.0548073535e-03,2.1184308694e-01,3.9856164262e-01,2.3964829236e-01,1.9575579411e-02,1.1587158960e-01,2.6560953951e+00
6.0350000000e+02,6.4652345703e-03,7.9013752241e-03,2.1369988400e-01,3.9560238171e-01,2.4042914784e-01,1.8765051990e-02,1.1713692466e-01,2.6596835704e+00
6.0400000000e+02,6.5142635853e-03,7.8966477823e-03,2.1606648298e-01,3.9490197876e-01,2.4088565024e-01,1.7694405207e-02,1.1604057145e-01,2.6532495385e+00
6.0450000000e+02,6.5226205324e-03,7.8596193821e-03,2.1887234283e-01,3.9170033592e-01,2.4149947619e-01,1.7034176060e-02,1.1651142908e-01,2.6578020991e+00
6.0500000000e+02,6.4839236025e-03,7.9002013757e-03,2.1997158962e-01,3.9306843666e-01,2.4066022994e-01,1.6309379856e-02,1.1560623895e-01,2.6543910261e+00
6.0550000000e+02,6.3720448723e-03,7.7691231722e-03,2.2158381079e-01,3.9291491646e-01,2.4048559547e-01,1.5551709470e-02,1.1532279977e-01,2.6419463712e+00
6.0600000000e+02,6.3246026864e-03,7.7889591007e-03,2.2261748379e-01,3.9247697412e-01,2.4093838758e-01,1.4866451641e-02,1.1498714108e-01,2.6382343060e+00
6.0650000000e+02,6.2880213649e-03,7.5940738202e-03,2.2611084966e-01,3.8968963440e-01,2.4203381179e-01,1.4126149078e-02,1.1415745989e-01,2.6305428964e+00
6.0700000000e+02,6.3464646747e-03,7.6559943687e-03,2.2845264926e-01,3.8865401859e-01,2.4110424860e-01,1.3599748144e-02,1.1418687636e-01,2.6294242968e+00
6.0750000000e+02,6.3684565422e-03,7.6266395742e-03,2.3060044509e-01,3.8692951825e-01,2.4133426231e-01,1.3254281241e-02,1.1388639699e-01,2.6300056293e+00
6.0800000000e+02,6.3694708590e-03,7.4944206490e-03,2.3156249623e-01,3.8598830226e-01,2.4208377250e-01,1.3006996568e-02,1.1349454094e-01,2.6292112326e+00
6.0850000000e+02,6.4191225862e-03,7.3445018066e-03,2.3294184630e-01,3.8490856795e-01,2.4287316715e-01,1.2538222827e-02,1.1297457138e-01,2.6284263994e+00
6.0900000000e+02,6.3882097031e-03,7.1401236415e-03,2.3520131928e-01,3.8431382400e-01,2.4381310264e-01,1.2186709339e-02,1.1095671139e-01,2.6231175104e+00
6.0950000000e+02,6.3970800392e-03,7.1973712672e-03,2.3743959630e-01,3.8378546210e-01,2.4309813502e-01,1.1994395888e-02,1.1008795939e-01,2.6187281154e+00
6.1000000000e+02,6.4053420136e-03,7.3889278425e-03,2.3902039534e-01,3.8455108871e-01,2.4062490031e-01,1.1961423655e-02,1.1004792214e-01,2.6141130909e+00
6.1050000000e+02,6.4582543716e-03,7.4368816788e-03,2.4101890213e-01,3.8457204786e-01,2.3908518123e-01,1.1822075655e-02,1.0960665707e-01,2.6125097273e+00
6.1100000000e+02,6.3854846362e-03,7.3056581558e-03,2.4269149021e-01,3.8421973110e-01,2.3950522588e-01,1.1657921940e-02,1.0823448808e-01,2.6032650522e+00
6.1150000000e+02,6.3778840347e-03,7.1953973254e-03,2.4589636660e-01,3.8138329021e-01,2.3962666801e-01,1.1648354796e-02,1.0787203902e-01,2.6053116026e+00
6.1200000000e+02,6.3566041008e-03,7.1903808045e-03,2.4875270870e-01,3.7869071446e-01,2.3947034328e-01,1.1708927879e-02,1.0783032078e-01,2.6109625253e+00
6.1250000000e+02,6.3409846479e-03,7.1689486385e-03,2.5088163312e-01,3.7827285237e-01,2.3808984441e-01,1.1873715149e-02,1.0737202167e-01,2.6102206923e+00
6.1300000000e+02,6.2842465441e-03,7.0757561495e-03,2.5162914693e-01,3.8103122264e-01,2.3579639874e-01,1.1872299547e-02,1.0631092946e-01,2.5984669551e+00
6.1350000000e+02,6.2116822988e-03,6.9725979414e-03,2.5180287491e-01,3.8346001137e-01,2.3436092452e-01,1.2154706697e-02,1.0503720226e-01,2.5983782868e+00
6.1400000000e+02,6.2443172350e-03,6.9239980020e-03,2.5381985678e-01,3.8382772278e-01,2.3319362014e-01,1.2399169870e-02,1.0359131520e-01,2.5989931588e+00
6.1450000000e+02,6.2971153435e-03,6.8157675431e-03,2.5667380360e-01,3.8195801626e-01,2.3269269081e-01,1.2718895166e-02,1.0284371127e-01,2.6071643814e+00
6.1500000000e+02,6.3357399927e-03,6.7687234037e-03,2.5983550830e-01,3.7752122682e-01,2.3385046899e-01,1.3030801134e-02,1.0265753136e-01,2.6173119252e+00
6.1550000000e+02,6.2914968971e-03,6.7442618432e-03,2.6416931764e-01,3.7446784732e-01,2.3229839598e-01,1.3498216926e-02,1.0253046339e-01,2.6215779474e+00
6.1600000000e+02,6.3487795454e-03,6.7761642784e-03,2.6616862269e-01,3.7418091577e-01,2.3037468671e-01,1.3950192029e-02,1.0220063898e-01,2.6286025867e+00
6.1650000000e+02,6.3229929434e-03,6.6914355028e-03,2.6756351967e-01,3.7461569592e-01,2.2941206731e-01,1.4473587503e-02,1.0092070115e-01,2.6289465011e+00
6.1700000000e+02,6.2859565102e-03,6.5552017953e-03,2.6901022600e-01,3.7433801297e-01,2.2900759443e-01,1.4919242327e-02,9.9883765964e-02,2.6304331332e+00
6.1750000000e+02,6.2404038807e-03,6.5600378658e-03,2.7157600544e-01,3.7344312407e-01,2.2703231014e-01,1.5494537175e-02,9.9653581427e-02,2.6348094539e+00
6.1800000000e+02,6.2318952508e-03,6.4917124179e-03,2.7315119044e-01,3.7358499066e-01,2.2608983554e-01,1.6061772395e-02,9.8388603291e-02,2.6361656761e+00
6.1850000000e+02,6.2535239750e-03,6.4983825617e-03,2.7488693608e-01,3.7252041234e-01,2.2533717905e-01,1.6763040197e-02,9.7740525801e-02,2.6409592829e+00
6.1900000000e+02,6.2181772388e-03,6.4384441338e-03,2.7820055327e-01,3.7027893011e-01,2.2499315984e-01,1.7205169840e-02,9.6665565565e-02,2.6346500302e+00
6.1950000000e+02,6.1992974900e-03,6.4290851131e-03,2.7946473562e-01,3.6965005424e-01,2.2465780843e-01,1.7976957072e-02,9.5622062033e-02,2.6411017099e+00
6.2000000000e+02,6.1833919583e-03,6.3970016938e-03,2.8344821343e-01,3.6781890812e-01,2.2265086513e-01,1.8655620121e-02,9.4845999551e-02,2.6367944993e+00
6.2050000000e+02,6.1950642322e-03,6.2916983679e-03,2.8507385449e-01,3.6726498971e-01,2.2167654730e-01,1.9306233812e-02,9.4191612092e-02,2.6339135723e+00
6.2100000000e+02,6.1973199054e-03,6.2200097571e-03,2.8846244015e-01,3.6349556578e-01,2.2183524308e-01,1.9993943039e-02,9.3795478289e-02,2.6376258321e+00
6.2150000000e+02,6.3066399007e-03,6.2652548799e-03,2.9178996583e-01,3.6011933352e-01,2.2129234722e-01,2.0959679810e-02,9.3266778837e-02,2.6488361398e+00
6.2200000000e+02,6.2567263516e-03,6.1949427855e-03,2.9590051816e-01,3.5785669634e-01,2.2069502878e-01,2.1845363410e-02,9.1250724176e-02,2.6479103011e+00
6.2250000000e+02,6.2657423971e-03,6.2104163214e-03,2.9848728506e-01,3.5776581715e-01,2.1809765751e-01,2.2803154097e-02,9.0369927472e-02,2.6428988007e+00
6.2300000000e+02,6.3065886589e-03,6.1435358906e-03,3.0024267940e-01,3.5749421460e-01,2.1621905512e-01,2.3643324682e-02,8.9950601643e-02,2.6417580435e+00
6.2350000000e+02,6.3352004786e-03,6.0224941788e-03,3.0177390634e-01,3.5677214250e-01,2.1551671387e-01,2.4127889082e-02,8.9451653558e-02,2.6391928220e+00
6.2400000000e+02,6.3352076106e-03,5.9940980971e-03,3.0444042840e-01,3.5501099388e-01,2.1455132945e-01,2.4786999011e-02,8.8880943540e-02,2.6322327375e+00
6.2450000000e+02,6.3249749572e-03,5.9717448804e-03,3.0655984733e-01,3.5540766321e-01,2.1252842010e-01,2.5740239926e-02,8.7467109590e-02,2.6258966132e+00
6.2500000000e+02,6.3595329858e-03,5.9803523866e-03,3.0800590989e-01,3.5451345866e-01,2.1192842590e-01,2.6311616676e-02,8.6900703509e-02,2.6239019837e+00
6.2550000000e+02,6.4229891262e-03,6.0242422235e-03,3.0885566220e-01,3.5287793573e-01,2.1223367550e-01,2.7354638362e-02,8.6230856850e-02,2.6345305442e+00
6.2600000000e+02,6.4387755611e-03,6.0512358451e-03,3.1249718784e-01,3.4937632141e-01,2.1214260687e-01,2.8213803373e-02,8.5280069110e-02,2.6352709227e+00
6.2650000000e+02,6.3768044710e-03,6.0534364204e-03,3.1490351760e-01,3.4820392796e-01,2.1096513127e-01,2.9232966905e-02,8.4264215369e-02,2.6281122128e+00
6.2700000000e+02,6.3892583984e-03,6.0202602124e-03,3.1873786622e-01,3.4496391526e-01,2.0906371047e-01,3.0427307536e-02,8.4397681899e-02,2.6255567795e+00
6.2750000000e+02,6.3972003279e-03,6.0080140846e-03,3.2127955606e-01,3.4345912632e-01,2.0756683205e-01,3.1490314833e-02,8.3798956326e-02,2.6261584315e+00
6.2800000000e+02,6.3962659262e-03,5.9415339309e-03,3.2318636004e-01,3.4056697018e-01,2.0739997147e-01,3.2259283301e-02,8.4249615154e-02,2.6308535611e+00
6.2850000000e+02,6.4229087308e-03,5.9075574678e-03,3.2604843402e-01,3.3819371584e-01,2.0632536047e-01,3.3213348044e-02,8.3888675422e-02,2.6313028384e+00
6.2900000000e+02,6.4424638032e-03,5.8751390657e-03,3.2993067210e-01,3.3451568396e-01,2.0635295413e-01,3.3556663822e-02,8.3326423114e-02,2.6262624973e+00
6.2950000000e+02,6.4735789012e-03,5.8866646716e-03,3.3356436512e-01,3.3198286812e-01,2.0456140232e-01,3.4848725389e-02,8.2682395482e-02,2.6232152841e+00
6.3000000000e+02,6.5270380515e-03,5.9125014981e-03,3.3788345910e-01,3.2934448477e-01,2.0298527007e-01,3.5908741242e-02,8.1438505266e-02,2.6182126305e+00
6.3050000000e+02,6.5409173132e-03,5.9296589182e-03,3.3997135327e-01,3.2932232920e-01,2.0158680134e-01,3.6578746904e-02,8.0070193067e-02,2.6126785921e+00
6.3100000000e+02,6.5456468966e-03,5.9756007303e-03,3.4276883304e-01,3.2660208880e-01,2.0012222250e-01,3.7682892303e-02,8.0302715723e-02,2.6157578025e+00
6.3150000000e+02,6.6508008129e-03,6.0373698750e-03,3.4587477857e-01,3.2165642226e-01,1.9945029705e-01,3.9208215269e-02,8.1122116151e-02,2.6264857824e+00
6.3200000000e+02,6.7152219903e-03,6.1519747759e-03,3.4755008886e-01,3.1925487120e-01,1.9791183250e-01,4.0525130871e-02,8.1890879801e-02,2.6314429793e+00
6.3250000000e+02,6.7298197466e-03,6.1695171391e-03,3.5228930322e-01,3.1586189187e-01,1.9618378271e-01,4.1194645320e-02,8.1571040000e-02,2.6240830689e+00
6.3300000000e+02,6.7283250201e-03,6.2395153082e-03,3.5448512240e-01,3.1607700190e-01,1.9348397446e-01,4.2375975623e-02,8.0610085292e-02,2.6163495542e+00
6.3350000000e+02,6.7211276712e-03,6.2926328121e-03,3.6071477356e-01,3.1091805523e-01,1.9187353734e-01,4.3952544479e-02,7.9527328914e-02,2.6104647819e+00
6.3400000000e+02,6.7775642181e-03,6.3460670275e-03,3.6478666092e-01,3.0724841974e-01,1.9073803231e-01,4.5158502257e-02,7.8944753521e-02,2.6094922773e+00
6.3450000000e+02,6.9033073553e-03,6.4362158765e-03,3.6843155996e-01,3.0328776737e-01,1.9085381482e-01,4.6136377323e-02,7.7950957297e-02,2.6126713575e+00
6.3500000000e+02,6.9638971018e-03,6.4261881676e-03,3.7166307429e-01,3.0058233364e-01,1.8872019379e-01,4.8045610014e-02,7.7598702996e-02,2.6077508767e+00
6.3550000000e+02,6.9968836418e-03,6.4387413184e-03,3.7531479524e-01,2.9809343601e-01,1.8752100449e-01,4.9131532436e-02,7.6503606868e-02,2.5977566062e+00
6.3600000000e+02,7.0563938411e-03,6.4993236507e-03,3.7971539425e-01,2.9288327105e-01,1.8666061360e-01,5.0257776165e-02,7.6927227444e-02,2.5964572811e+00
6.3650000000e+02,7.0870439182e-03,6.5436823052e-03,3.8304961980e-01,2.8961941498e-01,1.8667786657e-01,5.0238516912e-02,7.6783855523e-02,2.5932055835e+00
6.3700000000e+02,7.0515622365e-03,6.6459165541e-03,3.8509948843e-01,2.8698783893e-01,1.8639911024e-01,5.1162067979e-02,7.6654015635e-02,2.5942551454e+00
6.3750000000e+02,7.1365101866e-03,6.6722029439e-03,3.8807394495e-01,2.8320598925e-01,1.8659722341e-01,5.1514244798e-02,7.6799884461e-02,2.5924131653e+00
6.3800000000e+02,7.2149031556e-03,6.6972877016e-03,3.9103991005e-01,2.8012841612e-01,1.8539550481e-01,5.2422316282e-02,7.7101661880e-02,2.5932296669e+00
6.3850000000e+02,7.2420655740e-03,6.7993450277e-03,3.9477970858e-01,2.7749187577e-01,1.8403100738e-01,5.3372444322e-02,7.6283553347e-02,2.5882822464e+00
6.3900000000e+02,7.2905663403e-03,6.8270367019e-03,3.9801661280e-01,2.7374150298e-01,1.8304167188e-01,5.4749789784e-02,7.6332819509e-02,2.5871664195e+00
6.3950000000e+02,7.3780881593e-03,6.9648297250e-03,3.9984992390e-01,2.7064339913e-01,1.8264081064e-01,5.6061325767e-02,7.6461622678e-02,2.5918960281e+00
6.4000000000e+02,7.3864252351e-03,7.0384892898e-03,4.0229663993e-01,2.6798416842e-01,1.8096251391e-01,5.7120277603e-02,7.7211485619e-02,2.5900263114e+00
6.4050000000e+02,7.5434404672e-03,7.0873841624e-03,4.0583917942e-01,2.6438014637e-01,1.7925834425e-01,5.8836159739e-02,7.7055345589e-02,2.5895647047e+00
6.4100000000e+02,7.6557269319e-03,7.1637241312e-03,4.0971763655e-01,2.6165484594e-01,1.7763283763e-01,5.9574294638e-02,7.6600934176e-02,2.5831439867e+00
6.4150000000e+02,7.6841788522e-03,7.2513460456e-03,4.1315767384e-01,2.5853457842e-01,1.7687232385e-01,5.9673113397e-02,7.6826785603e-02,2.5741227672e+00
6.4200000000e+02,7.7305265481e-03,7.3288592900e-03,4.1538229459e-01,2.5530383244e-01,1.7524296901e-01,6.1488502145e-02,7.7523015979e-02,2.5745470850e+00
6.4250000000e+02,7.8028071068e-03,7.5367837518e-03,4.1656179712e-01,2.5199443545e-01,1.7527847810e-01,6.3027869875e-02,7.7797828595e-02,2.5828075989e+00
6.4300000000e+02,7.8475346563e-03,7.6195703304e-03,4.1879145775e-01,2.4862930956e-01,1.7525602310e-01,6.3311482664e-02,7.8544621936e-02,2.5800428120e+00
6.4350000000e+02,7.8529780236e-03,7.6851804295e-03,4.2313058933e-01,2.4601313630e-01,1.7409476935e-01,6.3948180774e-02,7.7275165794e-02,2.5643715389e+00
6.4400000000e+02,7.9457069025e-03,7.8593804823e-03,4.2504921573e-01,2.4513500439e-01,1.7281466066e-01,6.4865247703e-02,7.6330784134e-02,2.5541443371e+00
6.4450000000e+02,8.0282622091e-03,7.9882661192e-03,4.2855094942e-01,2.4175674463e-01,1.7223083608e-01,6.5914836144e-02,7.5530105396e-02,2.5485330919e+00
6.4500000000e+02,8.0363148367e-03,8.0423506458e-03,4.3221202273e-01,2.3774689651e-01,1.6977801858e-01,6.8902979110e-02,7.5281417586e-02,2.5469263563e+00
6.4550000000e+02,7.9939998717e-03,8.1474054522e-03,4.3576029199e-01,2.3477981484e-01,1.6759603554e-01,7.1032457956e-02,7.4689994347e-02,2.5376967981e+00
6.4600000000e+02,7.9817380075e-03,8.3305943127e-03,4.3727720949e-01,2.3249982310e-01,1.6854214581e-01,7.1249130685e-02,7.4119358593e-02,2.5300985143e+00
6.4650000000e+02,8.0080172271e-03,8.3908229432e-03,4.4005169792e-01,2.2919733604e-01,1.6801942052e-01,7.1904535392e-02,7.4428169958e-02,2.5260736993e+00
6.4700000000e+02,8.1443057055e-03,8.5306589708e-03,4.4230696703e-01,2.2556545801e-01,1.6714674241e-01,7.3589775691e-02,7.4716092181e-02,2.5262554980e+00
6.4750000000e+02,8.1321553702e-03,8.7263821660e-03,4.4524558908e-01,2.2204199778e-01,1.6526070299e-01,7.5537245101e-02,7.5055927514e-02,2.5212878980e+00
6.4800000000e+02,8.1162599380e-03,8.7841177893e-03,4.4893937134e-01,2.1814840380e-01,1.6363145039e-01,7.7394991931e-02,7.4985404807e-02,2.5125595950e+00
6.4850000000e+02,8.1390624586e-03,8.7596357343e-03,4.5284786888e-01,2.1472766223e-01,1.6275258479e-01,7.8393992967e-02,7.4379192939e-02,2.4997287663e+00
6.4900000000e+02,8.2902287023e-03,8.7889366729e-03,4.5457599880e-01,2.1304051672e-01,1.6090825840e-01,8.0086060667e-02,7.4310000040e-02,2.4945179064e+00
6.4950000000e+02,8.4139842444e-03,8.9159422226e-03,4.6019485014e-01,2.0814121445e-01,1.5772714918e-01,8.2204321323e-02,7.4402538435e-02,2.4865190700e+00
6.5000000000e+02,8.5334576410e-03,8.9835078304e-03,4.6261153226e-01,2.0577362763e-01,1.5685010218e-01,8.3137955469e-02,7.4109816986e-02,2.4845338704e+00
6.5050000000e+02,8.5948340400e-03,9.0259376605e-03,4.6568089133e-01,2.0379486375e-01,1.5461009906e-01,8.5046440926e-02,7.3246933236e-02,2.4722002545e+00
6.5100000000e+02,8.6589531800e-03,9.0882992131e-03,4.6809024015e-01,2.0176332974e-01,1.5159664631e-01,8.7617298095e-02,7.3185233319e-02,2.4652503462e+00
6.5150000000e+02,8.7753496012e-03,9.1174535213e-03,4.6950284067e-01,2.0045762136e-01,1.5055421009e-01,8.7813896490e-02,7.3778628271e-02,2.4560712415e+00
6.5200000000e+02,8.7607424661e-03,9.1982484136e-03,4.7247519840e-01,1.9768668897e-01,1.4979424670e-01,8.8788185637e-02,7.3296689407e-02,2.4484508655e+00
6.5250000000e+02,8.8441834469e-03,9.2390427376e-03,4.7529829718e-01,1.9456578378e-01,1.4778024540e-01,9.1781775421e-02,7.2490672026e-02,2.4403511084e+00
6.5300000000e+02,8.8504396991e-03,9.2543699472e-03,4.8006359335e-01,1.9126730001e-01,1.4482304251e-01,9.3687100454e-02,7.2054154035e-02,2.4237169317e+00
6.5350000000e+02,9.0571809648e-03,9.4652725418e-03,4.8231159299e-01,1.8848004113e-01,1.4361184888e-01,9.4873632508e-02,7.2200430977e-02,2.4184479251e+00
6.5400000000e+02,9.0945329117e-03,9.5649795846e-03,4.8471827232e-01,1.8620456956e-01,1.4126175455e-01,9.7938480095e-02,7.1217410976e-02,2.4051515309e+00
6.5450000000e+02,9.2319207360e-03,9.7525684650e-03,4.8699592283e-01,1.8313985912e-01,1.4092677723e-01,9.9028629014e-02,7.0924322610e-02,2.4021760743e+00
6.5500000000e+02,9.2125770055e-03,9.7072552278e-03,4.9002918066e-01,1.8037789778e-01,1.3913765033e-01,1.0122472934e-01,7.0310709659e-02,2.3879861336e+00
6.5550000000e+02,9.2223276505e-03,9.7526666314e-03,4.9232211668e-01,1.7823030356e-01,1.3642404313e-01,1.0373023129e-01,7.0318311061e-02,2.3748367393e+00
6.5600000000e+02,9.3372569002e-03,9.7678842277e-03,4.9592434233e-01,1.7536880184e-01,1.3512428454e-01,1.0465350247e-01,6.9823927697e-02,2.3603927749e+00
6.5650000000e+02,9.3672252007e-03,9.8688905379e-03,4.9974080486e-01,1.7254130067e-01,1.3397069801e-01,1.0617396595e-01,6.8337114779e-02,2.3476821989e+00
6.5700000000e+02,9.3289858222e-03,9.8560262720e-03,5.0112926462e-01,1.7068070191e-01,1.3238268205e-01,1.0844755045e-01,6.8174788880e-02,2.3374245983e+00
6.5750000000e+02,9.3679291435e-03,9.9947060654e-03,5.0219500647e-01,1.6832459047e-01,1.3143188953e-01,1.0961441461e-01,6.9071463709e-02,2.3362800660e+00
6.5800000000e+02,9.4318638400e-03,1.0088768228e-02,5.0455118375e-01,1.6540817666e-01,1.3185399572e-01,1.0987608642e-01,6.8789925374e-02,2.3284379758e+00
6.5850000000e+02,9.5427281556e-03,1.0162166376e-02,5.0785733433e-01,1.6193624036e-01,1.3109255791e-01,1.1059005358e-01,6.8818919279e-02,2.3180503305e+00
6.5900000000e+02,9.5297455937e-03,1.0251390891e-02,5.0989716325e-01,1.5941638206e-01,1.3000431690e-01,1.1148886071e-01,6.9412140591e-02,2.3076811972e+00
6.5950000000e+02,9.5974810383e-03,1.0358038096e-02,5.1116045998e-01,1.5807167699e-01,1.2748553938e-01,1.1396373222e-01,6.9363072291e-02,2.3022627917e+00
6.6000000000e+02,9.6702040002e-03,1.0378443905e-02,5.1464295168e-01,1.5585998267e-01,1.2478015900e-01,1.1557413325e-01,6.9094125490e-02,2.2868942094e+00
6.6050000000e+02,9.8531033547e-03,1.0480779672e-02,5.1641329971e-01,1.5389261978e-01,1.2240517958e-01,1.1788981606e-01,6.9065201846e-02,2.2785670171e+00
6.6100000000e+02,1.0070219119e-02,1.0598903290e-02,5.1621274607e-01,1.5241199970e-01,1.2085704901e-01,1.2010022121e-01,6.9748861593e-02,2.2784124543e+00
6.6150000000e+02,1.0170250235e-02,1.0798985769e-02,5.1716312009e-01,1.5073519810e-01,1.1987688457e-01,1.2103531094e-01,7.0220250304e-02,2.2759279928e+00
6.6200000000e+02,1.0127177499e-02,1.0788890241e-02,5.2193996713e-01,1.4676135681e-01,1.1803585807e-01,1.2257393377e-01,6.9772816474e-02,2.2588684433e+00
6.6250000000e+02,1.0252038988e-02,1.0664928297e-02,5.2499389594e-01,1.4487009342e-01,1.1694540141e-01,1.2341467671e-01,6.8858965232e-02,2.2415291391e+00
6.6300000000e+02,1.0305834596e-02,1.0702721651e-02,5.2703202539e-01,1.4254658354e-01,1.1666745824e-01,1.2441199758e-01,6.8333379003e-02,2.2317974966e+00
6.6350000000e+02,1.0416249026e-02,1.0737306181e-02,5.2969443851e-01,1.3919818018e-01,1.1522304181e-01,1.2623087423e-01,6.8499910060e-02,2.2241787629e+00
6.6400000000e+02,1.0544519521e-02,1.0933803255e-02,5.3152265878e-01,1.3672599710e-01,1.1409341480e-01,1.2689711460e-01,6.9282491948e-02,2.2162842389e+00
6.6450000000e+02,1.0588683643e-02,1.1062170193e-02,5.3414790645e-01,1.3469954158e-01,1.1226657649e-01,1.2856147823e-01,6.8673643410e-02,2.1998893527e+00
6.6500000000e+02,1.0599782330e-02,1.0985051298e-02,5.3641343515e-01,1.3286972109e-01,1.1060887389e-01,1.2974456308e-01,6.8778573159e-02,2.1818710639e+00
6.6550000000e+02,1.0658535528e-02,1.0958661334e-02,5.3715014492e-01,1.3207576416e-01,1.0825880843e-01,1.3222231078e-01,6.8675774845e-02,2.1697546089e+00
6.6600000000e+02,1.0704796161e-02,1.1141655143e-02,5.3925531564e-01,1.3023958834e-01,1.0577839763e-01,1.3427918223e-01,6.8601064851e-02,2.1558529935e+00
6.6650000000e+02,1.0783851417e-02,1.1171920080e-02,5.4129676334e-01,1.2770477569e-01,1.0385057758e-01,1.3644164076e-01,6.8750471131e-02,2.1425209960e+00
6.6700000000e+02,1.0830476688e-02,1.1369934707e-02,5.4186192612e-01,1.2726579774e-01,1.0187185364e-01,1.3828655890e-01,6.8513452199e-02,2.1355647236e+00
6.6750000000e+02,1.0840104812e-02,1.1461788837e-02,5.4360973155e-01,1.2580402580e-01,1.0073326137e-01,1.3886382114e-01,6.8687266494e-02,2.1261530810e+00
6.6800000000e+02,1.0783560290e-02,1.1558252340e-02,5.4577991909e-01,1.2450987977e-01,9.9098551116e-02,1.4076987197e-01,6.7499965426e-02,2.1112591540e+00
6.6850000000e+02,1.0714583441e-02,1.1535110071e-02,5.4706162461e-01,1.2447346222e-01,9.6836542246e-02,1.4255625481e-01,6.6822422606e-02,2.0945162795e+00
6.6900000000e+02,1.0672210006e-02,1.1529489142e-02,5.5045469939e-01,1.2138368077e-01,9.4957598645e-02,1.4420432919e-01,6.6797992853e-02,2.0778279616e+00
6.6950000000e+02,1.0637371249e-02,1.1610211160e-02,5.5200819594e-01,1.2038651203e-01,9.3178215700e-02,1.4555268600e-01,6.6626807913e-02,2.0664838679e+00
6.7000000000e+02,1.0722077098e-02,1.1790437704e-02,5.5277863954e-01,1.1922225728e-01,9.2417385550e-02,1.4676420067e-01,6.6305002160e-02,2.0570516098e+00
6.7050000000e+02,1.0685742136e-02,1.1822529569e-02,5.5370695206e-01,1.1852628699e-01,9.0401861840e-02,1.4828247914e-01,6.6574148271e-02,2.0482772046e+00
6.7100000000e+02,1.0764104970e-02,1.1711533789e-02,5.5566957233e-01,1.1653904583e-01,8.9218796594e-02,1.4973435660e-01,6.6362589887e-02,2.0369961337e+00
6.7150000000e+02,1.0825451824e-02,1.1932141074e-02,5.5699473511e-01,1.1470147541e-01,8.8364296767e-02,1.5100585527e-01,6.6176044539e-02,2.0290608728e+00
6.7200000000e+02,1.0968579892e-02,1.2030747083e-02,5.5694269618e-01,1.1347137376e-01,8.7631138173e-02,1.5236815965e-01,6.6587305259e-02,2.0291976850e+00
6.7250000000e+02,1.1079016112e-02,1.2119051203e-02,5.5708336477e-01,1.1381204363e-01,8.5732066098e-02,1.5380948130e-01,6.6364976883e-02,2.0205130301e+00
6.7300000000e+02,1.0953255599e-02,1.2196567003e-02,5.5885411948e-01,1.1245064863e-01,8.4133095860e-02,1.5510523670e-01,6.6307076739e-02,2.0046328940e+00
6.7350000000e+02,1.0958870375e-02,1.2221451421e-02,5.6038538152e-01,1.1138273865e-01,8.2307236753e-02,1.5712551983e-01,6.5618801452e-02,1.9902058419e+00
6.7400000000e+02,1.1100003030e-02,1.2326157863e-02,5.6106951738e-01,1.0988796279e-01,8.0465569990e-02,1.5930650446e-01,6.5844284481e-02,1.9801337889e+00
6.7450000000e+02,1.1198078080e-02,1.2621803845e-02,5.6011655125e-01,1.1006255801e-01,7.9555664339e-02,1.6095894309e-01,6.5486401378e-02,1.9815483022e+00
6.7500000000e+02,1.1175982887e-02,1.2858076611e-02,5.6067209377e-01,1.0984806637e-01,7.7932469303e-02,1.6226308181e-01,6.5250229243e-02,1.9673855662e+00
6.7550000000e+02,1.1209688243e-02,1.3083349057e-02,5.6005429541e-01,1.0886050608e-01,7.7415911205e-02,1.6339950621e-01,6.5976743792e-02,1.9623227453e+00
6.7600000000e+02,1.1122489425e-02,1.2997769517e-02,5.6057274453e-01,1.0798276995e-01,7.6118212592e-02,1.6472094719e-01,6.6485066791e-02,1.9554101795e+00
6.7650000000e+02,1.1132555204e-02,1.3075918827e-02,5.6067951652e-01,1.0659185856e-01,7.4315202055e-02,1.6688579349e-01,6.7319155351e-02,1.9468889981e+00
6.7700000000e+02,1.1132136101e-02,1.2987563199e-02,5.6050359040e-01,1.0729883709e-01,7.2336357379e-02,1.6805865945e-01,6.7682856380e-02,1.9364677130e+00
6.7750000000e+02,1.1029966663e-02,1.3028927091e-02,5.5947094016e-01,1.0789400612e-01,7.2433801880e-02,1.6843158743e-01,6.7710770661e-02,1.9302674362e+00
6.7800000000e+02,1.1122378035e-02,1.3211508855e-02,5.5874910054e-01,1.0888149237e-01,7.1885115711e-02,1.6890247869e-01,6.7247925801e-02,1.9303793694e+00
6.7850000000e+02,1.1102606478e-02,1.3356027106e-02,5.5814614472e-01,1.0993874239e-01,6.9865567528e-02,1.7064949534e-01,6.6941416440e-02,1.9211030442e+00
6.7900000000e+02,1.1207417106e-02,1.3663387465e-02,5.5655232521e-01,1.1036770917e-01,6.9251943793e-02,1.7177056746e-01,6.7186649786e-02,1.9197017529e+00
6.7950000000e+02,1.1130882067e-02,1.3758577495e-02,5.5699862957e-01,1.0962655441e-01,6.8411420533e-02,1.7310847590e-01,6.6965460019e-02,1.9158473632e+00
6.8000000000e+02,1.1080020986e-02,1.3897092016e-02,5.5757115826e-01,1.0892670734e-01,6.7213297455e-02,1.7350126148e-01,6.7810462459e-02,1.9139262873e+00
6.8050000000e+02,1.1110769622e-02,1.4104590244e-02,5.5771279749e-01,1.0832930428e-01,6.6252103855e-02,1.7333389613e-01,6.9156538380e-02,1.9169742522e+00
6.8100000000e+02,1.0955522530e-02,1.4218087842e-02,5.5698035757e-01,1.0831301266e-01,6.5334375419e-02,1.7481671455e-01,6.9381929424e-02,1.9120993661e+00
6.8150000000e+02,1.1024052900e-02,1.4283162553e-02,5.5706719771e-01,1.0754822087e-01,6.4325496401e-02,1.7561052945e-01,7.0141340107e-02,1.9079175170e+00
6.8200000000e+02,1.1100561332e-02,1.4309730093e-02,5.5824515501e-01,1.0721058890e-01,6.2950941410e-02,1.7655551298e-01,6.9627510276e-02,1.9016183326e+00
6.8250000000e+02,1.1107382798e-02,1.4331825004e-02,5.5894937146e-01,1.0687894509e-01,6.1927757125e-02,1.7782755033e-01,6.8977168191e-02,1.8963115885e+00
6.8300000000e+02,1.1029192925e-02,1.4436231346e-02,5.5975917361e-01,1.0618185903e-01,6.1595289502e-02,1.7790192111e-01,6.9096332464e-02,1.8907597452e+00
6.8350000000e+02,1.0943143594e-02,1.4553292296e-02,5.5930065107e-01,1.0635782878e-01,6.1008555273e-02,1.7845113547e-01,6.9385393523e-02,1.8840067099e+00
6.8400000000e+02,1.0983037524e-02,1.4626322218e-02,5.5944060845e-01,1.0546857306e-01,6.0317107418e-02,1.7910976215e-01,7.0054589173e-02,1.8863668125e+00
6.8450000000e+02,1.0910199022e-02,1.4649642185e-02,5.6033449607e-01,1.0526144025e-01,6.0125933008e-02,1.7935258731e-01,6.9365702151e-02,1.8832537737e+00
6.8500000000e+02,1.0804209220e-02,1.4500138516e-02,5.6148168030e-01,1.0478734803e-01,5.9768843497e-02,1.7979518756e-01,6.8862592876e-02,1.8727866079e+00
6.8550000000e+02,1.0868514990e-02,1.4539855361e-02,5.6169451983e-01,1.0485938429e-01,5.9521376265e-02,1.8014896595e-01,6.8367383311e-02,1.8783145645e+00
6.8600000000e+02,1.0855783003e-02,1.4511672986e-02,5.6270162774e-01,1.0377868944e-01,5.9143209093e-02,1.8076206465e-01,6.8246953083e-02,1.8756080581e+00
6.8650000000e+02,1.0898270418e-02,1.4554055661e-02,5.6336975932e-01,1.0434881094e-01,5.8465942351e-02,1.8080533497e-01,6.7557826348e-02,1.8743578051e+00
6.8700000000e+02,1.0874279089e-02,1.4588535792e-02,5.6325039720e-01,1.0421921551e-01,5.9366414883e-02,1.8051667439e-01,6.7184483139e-02,1.8793556007e+00
6.8750000000e+02,1.0940001255e-02,1.4715253524e-02,5.6202274501e-01,1.0424198779e-01,5.9488215056e-02,1.8054615618e-01,6.8045641181e-02,1.8869426155e+00
6.8800000000e+02,1.0870771046e-02,1.4777686538e-02,5.6200990585e-01,1.0374874296e-01,5.9844739153e-02,1.8011136346e-01,6.8636790989e-02,1.8931279729e+00
6.8850000000e+02,1.0961173562e-02,1.4762747507e-02,5.6116636602e-01,1.0484428934e-01,5.9368702996e-02,1.7997303457e-01,6.8923685997e-02,1.8945971801e+00
6.8900000000e+02,1.1064765805e-02,1.4810653678e-02,5.6141331318e-01,1.0536677880e-01,5.8835221413e-02,1.7968859635e-01,6.8820670782e-02,1.8962108480e+00
6.8950000000e+02,1.1047544823e-02,1.4816112324e-02,5.6260192118e-01,1.0495593073e-01,5.8422933374e-02,1.7943924323e-01,6.8716314336e-02,1.8995269525e+00
6.9000000000e+02,1.1156735198e-02,1.4947012255e-02,5.6152912210e-01,1.0502806680e-01,5.8456822838e-02,1.7962335165e-01,6.9258889161e-02,1.9079590594e+00
6.9050000000e+02,1.1146738324e-02,1.4984287163e-02,5.6261490196e-01,1.0469703724e-01,5.8422198932e-02,1.7897089169e-01,6.9163944689e-02,1.9045755015e+00
6.9100000000e+02,1.1067258399e-02,1.4926697742e-02,5.6379073816e-01,1.0351366091e-01,5.8515576297e-02,1.7898827665e-01,6.9197791840e-02,1.9075668294e+00
6.9150000000e+02,1.1027270213e-02,1.4912235197e-02,5.6244820159e-01,1.0325843875e-01,5.8811957373e-02,1.7926365264e-01,7.0278244233e-02,1.9126645288e+00
6.9200000000e+02,1.1050172686e-02,1.5088059887e-02,5.6274107185e-01,1.0271010609e-01,5.9608502678e-02,1.7857596104e-01,7.0226125772e-02,1.9166529903e+00
6.9250000000e+02,1.1047525229e-02,1.5216883698e-02,5.6252675296e-01,1.0343609107e-01,6.0836156348e-02,1.7757652453e-01,6.9360066160e-02,1.9267926265e+00
6.9300000000e+02,1.0968706075e-02,1.5262800417e-02,5.6199775053e-01,1.0409470286e-01,6.0925957825e-02,1.7696472435e-01,6.9785357938e-02,1.9300531642e+00
6.9350000000e+02,1.0968355149e-02,1.5121051267e-02,5.6121309919e-01,1.0555482331e-01,6.0722041002e-02,1.7696332262e-01,6.9457307454e-02,1.9315324700e+00
6.9400000000e+02,1.0984881397e-02,1.5149796736e-02,5.6020865221e-01,1.0602523507e-01,6.1183046989e-02,1.7655537650e-01,6.9893011096e-02,1.9349842743e+00
6.9450000000e+02,1.0960733587e-02,1.5179784135e-02,5.5955508581e-01,1.0649100875e-01,6.1868481755e-02,1.7531930632e-01,7.0625599640e-02,1.9408816126e+00
6.9500000000e+02,1.0928664119e-02,1.5301990245e-02,5.5840487592e-01,1.0778690573e-01,6.2419082515e-02,1.7461138132e-01,7.0547100146e-02,1.9530862011e+00
6.9550000000e+02,1.0999854077e-02,1.5351339137e-02,5.5847300165e-01,1.0848308997e-01,6.3120869975e-02,1.7347694837e-01,7.0094896815e-02,1.9503689055e+00
6.9600000000e+02,1.1062859346e-02,1.5467003804e-02,5.5825962844e-01,1.0816328204e-01,6.4592336053e-02,1.7313709270e-01,6.9317797613e-02,1.9616540332e+00
6.9650000000e+02,1.1041548334e-02,1.5734050911e-02,5.5682057569e-01,1.0911215015e-01,6.6005113738e-02,1.7149399426e-01,6.9792566922e-02,1.9739732013e+00
6.9700000000e+02,1.1138082929e-02,1.5828574124e-02,5.5721812486e-01,1.0908683499e-01,6.6960085309e-02,1.7015839248e-01,6.9609905308e-02,1.9764415300e+00
6.9750000000e+02,1.1159974342e-02,1.5956914774e-02,5.5606835895e-01,1.0993004016e-01,6.7666667780e-02,1.6908495052e-01,7.0133093471e-02,1.9885293963e+00
6.9800000000e+02,1.1168059037e-02,1.6192264972e-02,5.5532145986e-01,1.1003963870e-01,6.7826942391e-02,1.6912876364e-01,7.0322871408e-02,2.0000898102e+00
6.9850000000e+02,1.1205801767e-02,1.6424198360e-02,5.5248537846e-01,1.1131405237e-01,6.9646847543e-02,1.6811015196e-01,7.0813569537e-02,2.0149084812e+00
6.9900000000e+02,1.1195615752e-02,1.6490924271e-02,5.5148053089e-01,1.1191152419e-01,7.0898403170e-02,1.6722980052e-01,7.0793201211e-02,2.0234542000e+00
6.9950000000e+02,1.1081338754e-02,1.6278469350e-02,5.5144547550e-01,1.1307380115e-01,7.0697174015e-02,1.6749762838e-01,6.9926112861e-02,2.0204135412e+00
7.0000000000e+02,1.1030653660e-02,1.6203063343e-02,5.5112023229e-01,1.1371867359e-01,7.1982801198e-02,1.6620959876e-01,6.9734977154e-02,2.0212941701e+00
7.0050000000e+02,1.1093304601e-02,1.6214393561e-02,5.5038438124e-01,1.1412376413e-01,7.2607231034e-02,1.6519828481e-01,7.0378640631e-02,2.0295280117e+00
7.0100000000e+02,1.1161893908e-02,1.6093339847e-02,5.4915933018e-01,1.1510142663e-01,7.3998130930e-02,1.6451289272e-01,6.9972985782e-02,2.0319020437e+00
7.0150000000e+02,1.1080099140e-02,1.5974324025e-02,5.4939120279e-01,1.1548486113e-01,7.5420743631e-02,1.6230667858e-01,7.0342090706e-02,2.0303828707e+00
7.0200000000e+02,1.1030050531e-02,1.5901275186e-02,5.4883728476e-01,1.1724535952e-01,7.7434703912e-02,1.5988945017e-01,6.9661875916e-02,2.0350714671e+00
7.0250000000e+02,1.1081848793e-02,1.6060905074e-02,5.4850177174e-01,1.1821298755e-01,7.7984997889e-02,1.5901022085e-01,6.9147268104e-02,2.0420559939e+00
7.0300000000e+02,1.1004653702e-02,1.6276553060e-02,5.4807482893e-01,1.1846745777e-01,7.9246566934e-02,1.5783544055e-01,6.9094499047e-02,2.0463613171e+00
7.0350000000e+02,1.1055954220e-02,1.6168623375e-02,5.4772988435e-01,1.1922070429e-01,7.9151013033e-02,1.5792892915e-01,6.8744891579e-02,2.0502181098e+00
7.0400000000e+02,1.1249331328e-02,1.6271316311e-02,5.4709377629e-01,1.2014587146e-01,8.1036878427e-02,1.5567890940e-01,6.8523916788e-02,2.0630569701e+00
7.0450000000e+02,1.1157462901e-02,1.6175117847e-02,5.4675155078e-01,1.2106467030e-01,8.1429717895e-02,1.5502957651e-01,6.8391903760e-02,2.0643078338e+00
7.0500000000e+02,1.1138811647e-02,1.6182574317e-02,5.4461912319e-01,1.2354310765e-01,8.3079681689e-02,1.5316605871e-01,6.8270642802e-02,2.0776289273e+00
7.0550000000e+02,1.1143135630e-02,1.6270320769e-02,5.4502108260e-01,1.2302610145e-01,8.5135973027e-02,1.5101936768e-01,6.8384018852e-02,2.0900689326e+00
7.0600000000e+02,1.1310665585e-02,1.6377089575e-02,5.4492631741e-01,1.2296590660e-01,8.7479197152e-02,1.4902187985e-01,6.7918943833e-02,2.1045301221e+00
7.0650000000e+02,1.1390799973e-02,1.6402045276e-02,5.4454964207e-01,1.2315890647e-01,8.8195076268e-02,1.4813896138e-01,6.8164568566e-02,2.1136996114e+00
7.0700000000e+02,1.1443864223e-02,1.6462587931e-02,5.4317174331e-01,1.2348149910e-01,8.9083605897e-02,1.4762179958e-01,6.8734899954e-02,2.1265845171e+00
7.0750000000e+02,1.1459743363e-02,1.6401103559e-02,5.4200592301e-01,1.2431585119e-01,9.0988701064e-02,1.4614902745e-01,6.8679650361e-02,2.1303255334e+00
7.0800000000e+02,1.1446671374e-02,1.6321513937e-02,5.4084041032e-01,1.2532162202e-01,9.3330460770e-02,1.4476834890e-01,6.7970972682e-02,2.1323761300e+00
7.0850000000e+02,1.1493201119e-02,1.6411204174e-02,5.3903824080e-01,1.2741327343e-01,9.3689291818e-02,1.4326573129e-01,6.8689057370e-02,2.1383727770e+00
7.0900000000e+02,1.1383754924e-02,1.6285797305e-02,5.3952880788e-01,1.2785917458e-01,9.4912197143e-02,1.4200894082e-01,6.8021327352e-02,2.1382083799e+00
7.0950000000e+02,1.1328138685e-02,1.6455988908e-02,5.3898183014e-01,1.2845939675e-01,9.6032733851e-02,1.4063003935e-01,6.8111872321e-02,2.1476860474e+00
7.1000000000e+02,1.1344347915e-02,1.6482349141e-02,5.3793417504e-01,1.2942115100e-01,9.7318133767e-02,1.3923049051e-01,6.8269352631e-02,2.1491919380e+00
7.1050000000e+02,1.1349522096e-02,1.6612652716e-02,5.3841609110e-01,1.3064296520e-01,9.7728739569e-02,1.3772740951e-01,6.7522619815e-02,2.1539092358e+00
7.1100000000e+02,1.1244468981e-02,1.6643721998e-02,5.3701792557e-01,1.3164384969e-01,9.9366788905e-02,1.3552534633e-01,6.8557898537e-02,2.1595341713e+00
7.1150000000e+02,1.1206654888e-02,1.6665193996e-02,5.3644731396e-01,1.3256928700e-01,1.0066451307e-01,1.3374397044e-01,6.8703066643e-02,2.1698238087e+00
7.1200000000e+02,1.1098157501e-02,1.6747322352e-02,5.3553827667e-01,1.3346706109e-01,1.0095046801e-01,1.3317397137e-01,6.9024743011e-02,2.1694871491e+00
7.1250000000e+02,1.1207509847e-02,1.6960026904e-02,5.3405351817e-01,1.3550636056e-01,1.0280222925e-01,1.3111950559e-01,6.8350849679e-02,2.1818605919e+00
7.1300000000e+02,1.1223450805e-02,1.6746529725e-02,5.3430694269e-01,1.3618175831e-01,1.0373568109e-01,1.2966279092e-01,6.8142846453e-02,2.1820335782e+00
7.1350000000e+02,1.1270273957e-02,1.6931100407e-02,5.3409585583e-01,1.3787680173e-01,1.0448544572e-01,1.2799804580e-01,6.7342476546e-02,2.1808367408e+00
7.1400000000e+02,1.1255549261e-02,1.7005977830e-02,5.3345665664e-01,1.3911977890e-01,1.0630587946e-01,1.2576699219e-01,6.7089165726e-02,2.1826222670e+00
7.1450000000e+02,1.1187901401e-02,1.6989239891e-02,5.3212191037e-01,1.4029273459e-01,1.0682495844e-01,1.2477146416e-01,6.7811791160e-02,2.1883523425e+00
7.1500000000e+02,1.1174796398e-02,1.6974209552e-02,5.3163257503e-01,1.4140325350e-01,1.0797891698e-01,1.2355578969e-01,6.7280458847e-02,2.1972965389e+00
7.1550000000e+02,1.1107749021e-02,1.7129105704e-02,5.3097615508e-01,1.4212102808e-01,1.0926428530e-01,1.2243894623e-01,6.6962730578e-02,2.2032168161e+00
7.1600000000e+02,1.1082251122e-02,1.7293937271e-02,5.2929137493e-01,1.4368697805e-01,1.1106340383e-01,1.2053209187e-01,6.7049962924e-02,2.2058428741e+00
7.1650000000e+02,1.1053534073e-02,1.7492518287e-02,5.2789008803e-01,1.4518512036e-01,1.1247115376e-01,1.1829411933e-01,6.7613466156e-02,2.2116399577e+00
7.1700000000e+02,1.1166365688e-02,1.7732410663e-02,5.2609166999e-01,1.4731403205e-01,1.1405381681e-01,1.1598368451e-01,6.7658020277e-02,2.2162365807e+00
7.1750000000e+02,1.1172634077e-02,1.7775628805e-02,5.2580721463e-01,1.4683001727e-01,1.1498483493e-01,1.1544407217e-01,6.7985598117e-02,2.2189296694e+00
7.1800000000e+02,1.1200653412e-02,1.7875137887e-02,5.2338464444e-01,1.4829589218e-01,1.1686506962e-01,1.1318674603e-01,6.9191856427e-02,2.2283226852e+00
7.1850000000e+02,1.1155386882e-02,1.7894950652e-02,5.2162618900e-01,1.5104903646e-01,1.1761807675e-01,1.1143280006e-01,6.9223560198e-02,2.2366388367e+00
7.1900000000e+02,1.1162151380e-02,1.8105460106e-02,5.1955600477e-01,1.5217452891e-01,1.1799832255e-01,1.1014192010e-01,7.0861612180e-02,2.2405650664e+00
7.1950000000e+02,1.1225142436e-02,1.8082185268e-02,5.1897699059e-01,1.5447281355e-01,1.1850595183e-01,1.0870311134e-01,7.0033804977e-02,2.2355753158e+00
7.2000000000e+02,1.1177172238e-02,1.8144633354e-02,5.1915819272e-01,1.5508189371e-01,1.1940823695e-01,1.0683812227e-01,7.0191748760e-02,2.2300803626e+00
7.2050000000e+02,1.1205413460e-02,1.8323760677e-02,5.1843254729e-01,1.5690968584e-01,1.1960784653e-01,1.0552969551e-01,6.9991050701e-02,2.2310663460e+00
7.2100000000e+02,1.1281624513e-02,1.8531282229e-02,5.1764342453e-01,1.5841654211e-01,1.2059639410e-01,1.0309457187e-01,7.0436160644e-02,2.2341421826e+00
7.2150000000e+02,1.1238466900e-02,1.8710522472e-02,5.1673965734e-01,1.5935607385e-01,1.2331707530e-01,1.0031552388e-01,7.0322680255e-02,2.2432953855e+00
7.2200000000e+02,1.1263676843e-02,1.8471108049e-02,5.1719041516e-01,1.5895130113e-01,1.2470357668e-01,9.9126692928e-02,7.0293229205e-02,2.2492944823e+00
7.2250000000e+02,1.1176089176e-02,1.8395400243e-02,5.1543547154e-01,1.6066965392e-01,1.2598227250e-01,9.7297549795e-02,7.1043562828e-02,2.2521317329e+00
7.2300000000e+02,1.1266235894e-02,1.8562061573e-02,5.1332833507e-01,1.6328774527e-01,1.2619806782e-01,9.6415149671e-02,7.0942404694e-02,2.2620734902e+00
7.2350000000e+02,1.1198315873e-02,1.8745670551e-02,5.1276457553e-01,1.6345123012e-01,1.2683674241e-01,9.5885872744e-02,7.1117592769e-02,2.2710017430e+00
7.2400000000e+02,1.1072913772e-02,1.8822909599e-02,5.1241607092e-01,1.6405029338e-01,1.2937541719e-01,9.3436273998e-02,7.0826121142e-02,2.2716588781e+00
7.2450000000e+02,1.1081293997e-02,1.9003748441e-02,5.1129445142e-01,1.6482867054e-01,1.3199209546e-01,9.0542542916e-02,7.1257197231e-02,2.2783130188e+00
7.2500000000e+02,1.1058027175e-02,1.8896503366e-02,5.1101933134e-01,1.6505188041e-01,1.3351400928e-01,8.8361405426e-02,7.2098843002e-02,2.2779827587e+00
7.2550000000e+02,1.1070205778e-02,1.8815029563e-02,5.0938028955e-01,1.6591206419e-01,1.3465991901e-01,8.7056525746e-02,7.3105966165e-02,2.2830899684e+00
7.2600000000e+02,1.1067244575e-02,1.8770872382e-02,5.1151601413e-01,1.6482783583e-01,1.3531412869e-01,8.6056070943e-02,7.2447833453e-02,2.2810406327e+00
7.2650000000e+02,1.0915752515e-02,1.8560677781e-02,5.1231144729e-01,1.6589448887e-01,1.3689260683e-01,8.4011869910e-02,7.1413156797e-02,2.2771925923e+00
7.2700000000e+02,1.0849515308e-02,1.8490972983e-02,5.1093427929e-01,1.6756792784e-01,1.3863624638e-01,8.1695383245e-02,7.1825674955e-02,2.2737988337e+00
7.2750000000e+02,1.0917789898e-02,1.8710336444e-02,5.0805599835e-01,1.6985617404e-01,1.3992242262e-01,8.0073997688e-02,7.2463280957e-02,2.2821771800e+00
7.2800000000e+02,1.0910339288e-02,1.8945629016e-02,5.0603388818e-01,1.7105115797e-01,1.4133203956e-01,7.8687323103e-02,7.3039622876e-02,2.2979755145e+00
7.2850000000e+02,1.0903242568e-02,1.9005820791e-02,5.0308846022e-01,1.7350965250e-01,1.4283799296e-01,7.6927718110e-02,7.3727112842e-02,2.3067473258e+00
7.2900000000e+02,1.1004344183e-02,1.9090717068e-02,5.0333889898e-01,1.7399816812e-01,1.4402846369e-01,7.5772671347e-02,7.2766736611e-02,2.3075711169e+00
7.2950000000e+02,1.1013267038e-02,1.9102274690e-02,5.0299482369e-01,1.7476751841e-01,1.4564004594e-01,7.4311269964e-02,7.2170800267e-02,2.3143903086e+00
7.3000000000e+02,1.1019601125e-02,1.9284076534e-02,5.0085639705e-01,1.7690050432e-01,1.4624099049e-01,7.3382146035e-02,7.2316284447e-02,2.3280279042e+00
7.3050000000e+02,1.1052950811e-02,1.9541173381e-02,4.9925516142e-01,1.7829810044e-01,1.4761595320e-01,7.1716533090e-02,7.2520127656e-02,2.3385836884e+00
7.3100000000e+02,1.1011617093e-02,1.9756007191e-02,4.9878387896e-01,1.7885830147e-01,1.4872802251e-01,7.0096017618e-02,7.2766155154e-02,2.3472753796e+00
7.3150000000e+02,1.0945980612e-02,1.9682570627e-02,4.9651474336e-01,1.8144735724e-01,1.5101115575e-01,6.7635625979e-02,7.2762566439e-02,2.3424648745e+00
7.3200000000e+02,1.0922379962e-02,1.9908217325e-02,4.9318203571e-01,1.8454963358e-01,1.5345675143e-01,6.4867187831e-02,7.3113794158e-02,2.3483019986e+00
7.3250000000e+02,1.0922630855e-02,2.0050142604e-02,4.9215420300e-01,1.8529563303e-01,1.5543331278e-01,6.2783061852e-02,7.3361015876e-02,2.3518366236e+00
7.3300000000e+02,1.0949633921e-02,2.0220691236e-02,4.8865062633e-01,1.8832201170e-01,1.5739179195e-01,6.1252625736e-02,7.3212619127e-02,2.3624185595e+00
7.3350000000e+02,1.0934799561e-02,2.0172369800e-02,4.8663179189e-01,1.9035715219e-01,1.5869053531e-01,5.9830119943e-02,7.3383231298e-02,2.3687962966e+00
7.3400000000e+02,1.1023966359e-02,2.0375398929e-02,4.8436605529e-01,1.9208143585e-01,1.6040485650e-01,5.8031614448e-02,7.3716672615e-02,2.3775148324e+00
7.3450000000e+02,1.1070874222e-02,2.0525111976e-02,4.8224420061e-01,1.9400919924e-01,1.6144487280e-01,5.6593246157e-02,7.4112495001e-02,2.3840947892e+00
7.3500000000e+02,1.1031869056e-02,2.0532979585e-02,4.8191385667e-01,1.9519730754e-01,1.6146300701e-01,5.5242624053e-02,7.4618356085e-02,2.3785498332e+00
7.3550000000e+02,1.0982992087e-02,2.0779573582e-02,4.8132204795e-01,1.9683973085e-01,1.6288337101e-01,5.3121920719e-02,7.4070363798e-02,2.3730676830e+00
7.3600000000e+02,1.0921965543e-02,2.0678789475e-02,4.8192061597e-01,1.9710491108e-01,1.6407729771e-01,5.1766588628e-02,7.3529831595e-02,2.3693286711e+00
7.3650000000e+02,1.0940258954e-02,2.0888600794e-02,4.8257557533e-01,1.9735967204e-01,1.6478470040e-01,5.0684235321e-02,7.2766957160e-02,2.3670274042e+00
7.3700000000e+02,1.0908177010e-02,2.1168569737e-02,4.8238470638e-01,1.9707057839e-01,1.6683729253e-01,4.9425535844e-02,7.2205140107e-02,2.3719975787e+00
7.3750000000e+02,1.0860247184e-02,2.1286284320e-02,4.8162955733e-01,1.9821885622e-01,1.6809515262e-01,4.7577575704e-02,7.2332326622e-02,2.3730887006e+00
7.3800000000e+02,1.0793291472e-02,2.1371033782e-02,4.8197231879e-01,1.9956579332e-01,1.6789717881e-01,4.6616765492e-02,7.1783618330e-02,2.3708425320e+00
7.3850000000e+02,1.0803298961e-02,2.1653902924e-02,4.8237767837e-01,1.9939592175e-01,1.6881797351e-01,4.5427996935e-02,7.1523227549e-02,2.3753018481e+00
7.3900000000e+02,1.0653093937e-02,2.1720898411e-02,4.8280467097e-01,2.0079639644e-01,1.6958921043e-01,4.3542141188e-02,7.0893588621e-02,2.3688505939e+00
7.3950000000e+02,1.0662290715e-02,2.1513197096e-02,4.8022780409e-01,2.0286211404e-01,1.7220710954e-01,4.1733033401e-02,7.0794451120e-02,2.3745120870e+00
7.4000000000e+02,1.0681435773e-02,2.1670240278e-02,4.7664300277e-01,2.0602703532e-01,1.7397881149e-01,3.9546709637e-02,7.1452764728e-02,2.3762349119e+00
7.4050000000e+02,1.0673496246e-02,2.1891970715e-02,4.7569458850e-01,2.0746779325e-01,1.7487620420e-01,3.8337969122e-02,7.1057977965e-02,2.3800371378e+00
7.4100000000e+02,1.0673634525e-02,2.2039416146e-02,4.7506900691e-01,2.0817361215e-01,1.7620225240e-01,3.6825052042e-02,7.1017025827e-02,2.3818436707e+00
7.4150000000e+02,1.0683667279e-02,2.2313390924e-02,4.7514975097e-01,2.0888115132e-01,1.7600025567e-01,3.5811634981e-02,7.1160148863e-02,2.3844885982e+00
7.4200000000e+02,1.0593799773e-02,2.2269940209e-02,4.7334036431e-01,2.1032434062e-01,1.7746988263e-01,3.4662739346e-02,7.1338933109e-02,2.3811609597e+00
7.4250000000e+02,1.0612669708e-02,2.2175398247e-02,4.7077947000e-01,2.1281258460e-01,1.7955851264e-01,3.2923463383e-02,7.1137901420e-02,2.3837039379e+00
7.4300000000e+02,1.0612067643e-02,2.2292446666e-02,4.7015545415e-01,2.1485541931e-01,1.7990248395e-01,3.0955047496e-02,7.1227080777e-02,2.3782167617e+00
7.4350000000e+02,1.0553393247e-02,2.2342322633e-02,4.7003800775e-01,2.1583034739e-01,1.8090871839e-01,2.9638235215e-02,7.0688975376e-02,2.3752194758e+00
7.4400000000e+02,1.0451595782e-02,2.2289970410e-02,4.6895374154e-01,2.1784725129e-01,1.8119250047e-01,2.8437619090e-02,7.0827321422e-02,2.3660199307e+00
7.4450000000e+02,1.0340201608e-02,2.2368865784e-02,4.6778061988e-01,2.1985175079e-01,1.8170719724e-01,2.7204434557e-02,7.0746930146e-02,2.3644425446e+00
7.4500000000e+02,1.0343297116e-02,2.2197894760e-02,4.6653150574e-01,2.2159931753e-01,1.8311890828e-01,2.5758999515e-02,7.0450077059e-02,2.3626674404e+00
7.4550000000e+02,1.0295412073e-02,2.2154440249e-02,4.6634819495e-01,2.2355581808e-01,1.8414678622e-01,2.4027633767e-02,6.9471714660e-02,2.3489163149e+00
7.4600000000e+02,1.0238958490e-02,2.2145536758e-02,4.6547866908e-01,2.2474305290e-01,1.8551882956e-01,2.2847594005e-02,6.9027359214e-02,2.3515805187e+00
7.4650000000e+02,1.0298582771e-02,2.1854545514e-02,4.6185010784e-01,2.2740263687e-01,1.8818684966e-01,2.1576957890e-02,6.8830319449e-02,2.3535714751e+00
7.4700000000e+02,1.0282332964e-02,2.1887180051e-02,4.5951591210e-01,2.2841956855e-01,1.8933746517e-01,2.0626816512e-02,6.9930724650e-02,2.3550539914e+00
7.4750000000e+02,1.0219779497e-02,2.1870372914e-02,4.5828862992e-01,2.2911599541e-01,1.9129529755e-01,1.9536424847e-02,6.9673499860e-02,2.3527189209e+00
7.4800000000e+02,1.0322508455e-02,2.2027365751e-02,4.5400342134e-01,2.3343647574e-01,1.9159324789e-01,1.8656301792e-02,6.9960679028e-02,2.3640862798e+00
7.4850000000e+02,1.0383177526e-02,2.1914332366e-02,4.5217416175e-01,2.3594088507e-01,1.9294804898e-01,1.7823409205e-02,6.8815985099e-02,2.3691726963e+00
7.4900000000e+02,1.0459103581e-02,2.1872091579e-02,4.5059164980e-01,2.3783435688e-01,1.9278186463e-01,1.7218987763e-02,6.9241945760e-02,2.3694846192e+00
7.4950000000e+02,1.0477039536e-02,2.1934310863e-02,4.5108955089e-01,2.3769221745e-01,1.9359727641e-01,1.6658396252e-02,6.8551208598e-02,2.3692088131e+00
7.5000000000e+02,1.0471986405e-02,2.1716006728e-02,4.4951262024e-01,2.3963478111e-01,1.9484858212e-01,1.5884466322e-02,6.7931557075e-02,2.3697431205e+00
7.5050000000e+02,1.0626864428e-02,2.1973894989e-02,4.4750491441e-01,2.4048786082e-01,1.9573176864e-01,1.5201252723e-02,6.8473443992e-02,2.3765608746e+00
7.5100000000e+02,1.0689881756e-02,2.2111407989e-02,4.4716323447e-01,2.4042248519e-01,1.9620258619e-01,1.4672230301e-02,6.8738174107e-02,2.3746846618e+00
7.5150000000e+02,1.0489826076e-02,2.2168662814e-02,4.4592723325e-01,2.4200972275e-01,1.9712376361e-01,1.4321303773e-02,6.7959487730e-02,2.3743293663e+00
7.5200000000e+02,1.0448411742e-02,2.2085796643e-02,4.4423880458e-01,2.4472241378e-01,1.9757626454e-01,1.3570590459e-02,6.7357718256e-02,2.3676179416e+00
7.5250000000e+02,1.0423635770e-02,2.2089209223e-02,4.4146680056e-01,2.4774728716e-01,1.9807519539e-01,1.3194427694e-02,6.7003444208e-02,2.3673838435e+00
7.5300000000e+02,1.0427721615e-02,2.2102697490e-02,4.3841130477e-01,2.5088035278e-01,1.9847632245e-01,1.2914625898e-02,6.6786974991e-02,2.3745618032e+00
7.5350000000e+02,1.0435924609e-02,2.2108703929e-02,4.3547676131e-01,2.5277618691e-01,1.9918018305e-01,1.2620301104e-02,6.7401939088e-02,2.3790216760e+00
7.5400000000e+02,1.0438980265e-02,2.2062958490e-02,4.3176704100e-01,2.5623831274e-01,1.9941545716e-01,1.2286320815e-02,6.7790929535e-02,2.3936757515e+00
7.5450000000e+02,1.0617187416e-02,2.1851720546e-02,4.3273122429e-01,2.5577683150e-01,2.0013008536e-01,1.1954854166e-02,6.6938096717e-02,2.3997675497e+00
7.5500000000e+02,1.0622922911e-02,2.1664688471e-02,4.2989555927e-01,2.5963782131e-01,1.9983979771e-01,1.1562203311e-02,6.6777007022e-02,2.4022160334e+00
7.5550000000e+02,1.0649184092e-02,2.1807316863e-02,4.2625157916e-01,2.6297645523e-01,1.9980716591e-01,1.1483823261e-02,6.7024475485e-02,2.4114193794e+00
7.5600000000e+02,1.0728929281e-02,2.1596935911e-02,4.2282784066e-01,2.6556351256e-01,2.0120495693e-01,1.1262591839e-02,6.6815232819e-02,2.4173914155e+00
7.5650000000e+02,1.0825365094e-02,2.1238231291e-02,4.2008365893e-01,2.6850874983e-01,2.0177069546e-01,1.1151323213e-02,6.6421976185e-02,2.4239109314e+00
7.5700000000e+02,1.0861604313e-02,2.1011023900e-02,4.1884614797e-01,2.7029812565e-01,2.0184891254e-01,1.1093253540e-02,6.6040932090e-02,2.4299352971e+00
7.5750000000e+02,1.0955822904e-02,2.0879466358e-02,4.1583390455e-01,2.7375371093e-01,2.0139040028e-01,1.1104970257e-02,6.6081724722e-02,2.4353444992e+00
7.5800000000e+02,1.1026240008e-02,2.0944029546e-02,4.1286786578e-01,2.7505437725e-01,2.0250618119e-01,1.1282439510e-02,6.6318866708e-02,2.4508930354e+00
7.5850000000e+02,1.1075088999e-02,2.0905552297e-02,4.1026847197e-01,2.7750406356e-01,2.0233370239e-01,1.1638632486e-02,6.6274488300e-02,2.4549745017e+00
7.5900000000e+02,1.1345206449e-02,2.0820946087e-02,4.0735302028e-01,2.7966114272e-01,2.0162943557e-01,1.1754296103e-02,6.7435952787e-02,2.4662404550e+00
7.5950000000e+02,1.1419558303e-02,2.0512755559e-02,4.0470154643e-01,2.8050032999e-01,2.0268737558e-01,1.2007535795e-02,6.8170898351e-02,2.4740726290e+00
7.6000000000e+02,1.1396527202e-02,2.0410301413e-02,4.0204583472e-01,2.8290215186e-01,2.0221884362e-01,1.2319502855e-02,6.8706838330e-02,2.4785263088e+00
7.6050000000e+02,1.1303576874e-02,2.0287620617e-02,3.9581117566e-01,2.8887306565e-01,2.0178638139e-01,1.2637215617e-02,6.9300964201e-02,2.4932712214e+00
7.6100000000e+02,1.1441204520e-02,2.0182633282e-02,3.9161171422e-01,2.9031168830e-01,2.0295500209e-01,1.3048337192e-02,7.0449420396e-02,2.5062581947e+00
7.6150000000e+02,1.1518456788e-02,2.0214736478e-02,3.8559762182e-01,2.9486901850e-01,2.0346871087e-01,1.3362084801e-02,7.0969370732e-02,2.5145348717e+00
7.6200000000e+02,1.1534146774e-02,2.0002873751e-02,3.8015442795e-01,3.0035127799e-01,2.0289387783e-01,1.3760400789e-02,7.1302994921e-02,2.5174256056e+00
7.6250000000e+02,1.1604804609e-02,1.9880067631e-02,3.7716082640e-01,3.0349290220e-01,2.0277141120e-01,1.3895541807e-02,7.1194446148e-02,2.5224942229e+00
7.6300000000e+02,1.1677380723e-02,1.9717983077e-02,3.7430294758e-01,3.0575136683e-01,2.0198579898e-01,1.4296599491e-02,7.2267923322e-02,2.5258359545e+00
7.6350000000e+02,1.1849037821e-02,1.9621878796e-02,3.7185903916e-01,3.0605246941e-01,2.0241252623e-01,1.4843884656e-02,7.3361163932e-02,2.5438634028e+00
7.6400000000e+02,1.1963924804e-02,1.9376600984e-02,3.6901436475e-01,3.0748502139e-01,2.0263346162e-01,1.5289711347e-02,7.4236915108e-02,2.5513896366e+00
7.6450000000e+02,1.1939470766e-02,1.9125274670e-02,3.6494013461e-01,3.1122034362e-01,2.0322901530e-01,1.5549567108e-02,7.3996193930e-02,2.5517424153e+00
7.6500000000e+02,1.1910434601e-02,1.8922528483e-02,3.6323087135e-01,3.1320071533e-01,2.0293241768e-01,1.6080343461e-02,7.3722689091e-02,2.5556486611e+00
7.6550000000e+02,1.1890366841e-02,1.8733852794e-02,3.6029732720e-01,3.1569355064e-01,2.0326955873e-01,1.6660069233e-02,7.3455274566e-02,2.5596518332e+00
7.6600000000e+02,1.2077542341e-02,1.8562826866e-02,3.5610579024e-01,3.1987796029e-01,2.0238463004e-01,1.7411356526e-02,7.3579893688e-02,2.5615298446e+00
7.6650000000e+02,1.2428824400e-02,1.8517474922e-02,3.5463267294e-01,3.2059179858e-01,2.0186543164e-01,1.8205484545e-02,7.3758312982e-02,2.5728086951e+00
7.6700000000e+02,1.2516865663e-02,1.8283589702e-02,3.5218410414e-01,3.2314044523e-01,2.0172761964e-01,1.8648727758e-02,7.3498647853e-02,2.5763219631e+00
7.6750000000e+02,1.2579694457e-02,1.8061865901e-02,3.5001830882e-01,3.2512806101e-01,2.0137455911e-01,1.9378520314e-02,7.3458990384e-02,2.5702959265e+00
7.6800000000e+02,1.2630657264e-02,1.7748359894e-02,3.4664046674e-01,3.2754567223e-01,2.0132541298e-01,2.0040614995e-02,7.4068815893e-02,2.5722940126e+00
7.6850000000e+02,1.2649781956e-02,1.7532896588e-02,3.4353230433e-01,3.3065237539e-01,2.0017765335e-01,2.0819090301e-02,7.4635898091e-02,2.5788361549e+00
7.6900000000e+02,1.2679052355e-02,1.7504565490e-02,3.4029112303e-01,3.3257417064e-01,2.0023234766e-01,2.1317642380e-02,7.5401098444e-02,2.5830284605e+00
7.6950000000e+02,1.2752505371e-02,1.7384914022e-02,3.3512938326e-01,3.3688156053e-01,2.0028964053e-01,2.1925046228e-02,7.5636950053e-02,2.5878957314e+00
7.7000000000e+02,1.2711282552e-02,1.7268192082e-02,3.3039354827e-01,3.4264504270e-01,1.9892175333e-01,2.2889400346e-02,7.5170780727e-02,2.5850205982e+00
7.7050000000e+02,1.2668368306e-02,1.7194374211e-02,3.2695572753e-01,3.4487354903e-01,1.9894443180e-01,2.3842051466e-02,7.5521497666e-02,2.5904214669e+00
7.7100000000e+02,1.2673314361e-02,1.6930325465e-02,3.2337643649e-01,3.4595066227e-01,1.9946481034e-01,2.4413497976e-02,7.7190953098e-02,2.5995271386e+00
7.7150000000e+02,1.2718807456e-02,1.6670369497e-02,3.1795619575e-01,3.4799846727e-01,2.0102566714e-01,2.5312272154e-02,7.8318220742e-02,2.6109023817e+00
7.7200000000e+02,1.2690056058e-02,1.6379207348e-02,3.1565454681e-01,3.4953780690e-01,2.0207496426e-01,2.5564620028e-02,7.8098798596e-02,2.6071683235e+00
7.7250000000e+02,1.2781716267e-02,1.6112931421e-02,3.1232432159e-01,3.5227015728e-01,2.0209070790e-01,2.6706927743e-02,7.7713237789e-02,2.6087014530e+00
7.7300000000e+02,1.2748324082e-02,1.5686041551e-02,3.1049476514e-01,3.5302799954e-01,2.0231649870e-01,2.7461339550e-02,7.8265031443e-02,2.6101110836e+00
7.7350000000e+02,1.2842815872e-02,1.5554246193e-02,3.0811934836e-01,3.5322684123e-01,2.0284827926e-01,2.8087686221e-02,7.9320782868e-02,2.6131634634e+00
7.7400000000e+02,1.2808970798e-02,1.5487552134e-02,3.0487099629e-01,3.5500461598e-01,2.0344563627e-01,2.8872986048e-02,7.9509242476e-02,2.6174204653e+00
7.7450000000e+02,1.2707563362e-02,1.5417970935e-02,3.0236181645e-01,3.5529820534e-01,2.0393084113e-01,3.0017785040e-02,8.0265817739e-02,2.6240594561e+00
7.7500000000e+02,1.2769227519e-02,1.4991459047e-02,2.9859669356e-01,3.5795098963e-01,2.0314476073e-01,3.1367891321e-02,8.1178978187e-02,2.6280035376e+00
7.7550000000e+02,1.2725748400e-02,1.4722038558e-02,2.9566553389e-01,3.5931297950e-01,2.0297719095e-01,3.2325407507e-02,8.2271101195e-02,2.6299664423e+00
7.7600000000e+02,1.2678569458e-02,1.4425600573e-02,2.9168988660e-01,3.6138664379e-01,2.0444403599e-01,3.3027005452e-02,8.2348258134e-02,2.6326725302e+00
7.7650000000e+02,1.2406044085e-02,1.4173770584e-02,2.8897793820e-01,3.6428245801e-01,2.0235426422e-01,3.4866129596e-02,8.2939395308e-02,2.6321468455e+00
7.7700000000e+02,1.2263878128e-02,1.3909798446e-02,2.8647480573e-01,3.6635756050e-01,2.0196100537e-01,3.5867786962e-02,8.3165164859e-02,2.6312315910e+00
7.7750000000e+02,1.2219659507e-02,1.3700258030e-02,2.8311335111e-01,3.7074908264e-01,2.0068725840e-01,3.6166004474e-02,8.3364385835e-02,2.6171474608e+00
7.7800000000e+02,1.2330504829e-02,1.3474455979e-02,2.8107274443e-01,3.7300310125e-01,1.9845356480e-01,3.7204986799e-02,8.4460641915e-02,2.6185280750e+00
7.7850000000e+02,1.2390429145e-02,1.3255218924e-02,2.7826539222e-01,3.7414121148e-01,1.9896542183e-01,3.7894956630e-02,8.5087369760e-02,2.6129514665e+00
7.7900000000e+02,1.2437955878e-02,1.3094577560e-02,2.7247106042e-01,3.7793740000e-01,1.9920044796e-01,3.9153852587e-02,8.5704705593e-02,2.6129826242e+00
7.7950000000e+02,1.2361104418e-02,1.2845146874e-02,2.6948998218e-01,3.8158719486e-01,1.9724580041e-01,4.0560446258e-02,8.5910325003e-02,2.6004656157e+00
7.8000000000e+02,1.2299947411e-02,1.2645516984e-02,2.6706330952e-01,3.8220995306e-01,1.9724029068e-01,4.1600681897e-02,8.6940300457e-02,2.6038154531e+00
7.8050000000e+02,1.2132407183e-02,1.2432862148e-02,2.6526464409e-01,3.8414558784e-01,1.9614072440e-01,4.2518909386e-02,8.7364864959e-02,2.5931711728e+00
7.8100000000e+02,1.2107477043e-02,1.2218556355e-02,2.6346361275e-01,3.8529588787e-01,1.9507610402e-01,4.3740870564e-02,8.8097491401e-02,2.5880052165e+00
7.8150000000e+02,1.2028318686e-02,1.2028428675e-02,2.5926377388e-01,3.8815725058e-01,1.9504589971e-01,4.5141585160e-02,8.8334743306e-02,2.5821568978e+00
7.8200000000e+02,1.1906490356e-02,1.1880693892e-02,2.5697890192e-01,3.8886810347e-01,1.9552981542e-01,4.5740606850e-02,8.9095388087e-02,2.5758890910e+00
7.8250000000e+02,1.1876593695e-02,1.1622498630e-02,2.5288398429e-01,3.9318143736e-01,1.9493760239e-01,4.6157668552e-02,8.9340215082e-02,2.5625000046e+00
7.8300000000e+02,1.1755804333e-02,1.1493453022e-02,2.4969381387e-01,3.9715702052e-01,1.9392277280e-01,4.6869230288e-02,8.9107905162e-02,2.5527220947e+00
7.8350000000e+02,1.1658739128e-02,1.1283066280e-02,2.4584041359e-01,3.9946225821e-01,1.9423976877e-01,4.7893699702e-02,8.9622054323e-02,2.5461549522e+00
7.8400000000e+02,1.1576670597e-02,1.1234113370e-02,2.4292027665e-01,4.0228223789e-01,1.9292878028e-01,4.8909323655e-02,9.0148597552e-02,2.5367098282e+00
7.8450000000e+02,1.1588820048e-02,1.1143822510e-02,2.4087115420e-01,4.0316862207e-01,1.9251448579e-01,4.9843104632e-02,9.0869990754e-02,2.5311149784e+00
7.8500000000e+02,1.1514115214e-02,1.1052130379e-02,2.3776671070e-01,4.0469326139e-01,1.9139643747e-01,5.0710998146e-02,9.2866346696e-02,2.5276509324e+00
7.8550000000e+02,1.1446471609e-02,1.0918071517e-02,2.3330942677e-01,4.0888793016e-01,1.8953235984e-01,5.2728202922e-02,9.3177537183e-02,2.5203551137e+00
7.8600000000e+02,1.1439716617e-02,1.0782173768e-02,2.3012041483e-01,4.0895568170e-01,1.8901881311e-01,5.5120988723e-02,9.4562211249e-02,2.5196980659e+00
7.8650000000e+02,1.1330615141e-02,1.0593164059e-02,2.2713313480e-01,4.1171442017e-01,1.8738742214e-01,5.6842828194e-02,9.4998415493e-02,2.5071652759e+00
7.8700000000e+02,1.1321090289e-02,1.0373639456e-02,2.2581937631e-01,4.1108846034e-01,1.8644623930e-01,5.9213718638e-02,9.5737475671e-02,2.5046157280e+00
7.8750000000e+02,1.1278109260e-02,1.0243022467e-02,2.2233879468e-01,4.1284161588e-01,1.8505989902e-01,6.0932388324e-02,9.7306170370e-02,2.5024653115e+00
7.8800000000e+02,1.1067579646e-02,1.0015591185e-02,2.1947814735e-01,4.1488240616e-01,1.8473656458e-01,6.2006950782e-02,9.7812760294e-02,2.4941944937e+00
7.8850000000e+02,1.1069671882e-02,9.7731658848e-03,2.1768562360e-01,4.1640591342e-01,1.8499838633e-01,6.2707032764e-02,9.7360206111e-02,2.4841875284e+00
7.8900000000e+02,1.1145853332e-02,9.6002614691e-03,2.1583043151e-01,4.1608623509e-01,1.8537324526e-01,6.3514071918e-02,9.8449901415e-02,2.4796841722e+00
7.8950000000e+02,1.1125221240e-02,9.3403246146e-03,2.1192062947e-01,4.2165841767e-01,1.8333365268e-01,6.5225117574e-02,9.7396636743e-02,2.4642868862e+00
7.9000000000e+02,1.1117292035e-02,9.1995005047e-03,2.0983170215e-01,4.2212800832e-01,1.8227958747e-01,6.7305734096e-02,9.8138175418e-02,2.4548056216e+00
7.9050000000e+02,1.1119447805e-02,8.9733995131e-03,2.0833937210e-01,4.2403890044e-01,1.8159581696e-01,6.7467086168e-02,9.8465977002e-02,2.4372806096e+00
7.9100000000e+02,1.0951196476e-02,8.7903635385e-03,2.0565790600e-01,4.2707412084e-01,1.8050183353e-01,6.8270398799e-02,9.8754180810e-02,2.4204003608e+00
7.9150000000e+02,1.0737011176e-02,8.5332106550e-03,2.0281800963e-01,4.3010524255e-01,1.7868285665e-01,6.9942071266e-02,9.9181598070e-02,2.4051813440e+00
7.9200000000e+02,1.0717617762e-02,8.4730062664e-03,2.0074799447e-01,4.2875742614e-01,1.7949356021e-01,7.0828875676e-02,1.0098151948e-01,2.4015850515e+00
7.9250000000e+02,1.0698678490e-02,8.3544945612e-03,1.9881891668e-01,4.2991389105e-01,1.7863259706e-01,7.2319502904e-02,1.0126191926e-01,2.3930243571e+00
7.9300000000e+02,1.0670944969e-02,8.2803354988e-03,1.9823711366e-01,4.3154656408e-01,1.7630663540e-01,7.3728784283e-02,1.0122962211e-01,2.3772470073e+00
7.9350000000e+02,1.0598951420e-02,8.1283472738e-03,1.9598025859e-01,4.3314309786e-01,1.7391852781e-01,7.5514006317e-02,1.0271681073e-01,2.3635378461e+00
7.9400000000e+02,1.0480255605e-02,7.9093177893e-03,1.9312965535e-01,4.3735015869e-01,1.7276283700e-01,7.6030058467e-02,1.0233771710e-01,2.3389027482e+00
7.9450000000e+02,1.0548271169e-02,7.7873462558e-03,1.9034274851e-01,4.3933383011e-01,1.7214878238e-01,7.7632007729e-02,1.0220701385e-01,2.3293228049e+00
7.9500000000e+02,1.0526902644e-02,7.6399174020e-03,1.8607461705e-01,4.4373417561e-01,1.7098557283e-01,7.8460381236e-02,1.0257843323e-01,2.3145299638e+00
7.9550000000e+02,1.0574578495e-02,7.6493579136e-03,1.8329584631e-01,4.4610516382e-01,1.6947125901e-01,8.0323908663e-02,1.0257988579e-01,2.2996417457e+00
7.9600000000e+02,1.0633264459e-02,7.5601559106e-03,1.8026303056e-01,4.4799788341e-01,1.6882695183e-01,8.1460342425e-02,1.0325837140e-01,2.2882391192e+00
7.9650000000e+02,1.0479000572e-02,7.4234476648e-03,1.7829968213e-01,4.4828840968e-01,1.6882785258e-01,8.2665496903e-02,1.0401611047e-01,2.2730541234e+00
7.9700000000e+02,1.0433346692e-02,7.2778014388e-03,1.7579280389e-01,4.4955539395e-01,1.6780817384e-01,8.3633101960e-02,1.0549937822e-01,2.2588913225e+00
7.9750000000e+02,1.0401599020e-02,7.0587048648e-03,1.7413351216e-01,4.5004018864e-01,1.6773312796e-01,8.4648133370e-02,1.0598473399e-01,2.2481375144e+00
7.9800000000e+02,1.0370386567e-02,7.0598714806e-03,1.7367729238e-01,4.5102181942e-01,1.6633124715e-01,8.5257640206e-02,1.0628174279e-01,2.2373284598e+00
7.9850000000e+02,1.0419262093e-02,6.9907173384e-03,1.7136752318e-01,4.5046702798e-01,1.6603825439e-01,8.7227236357e-02,1.0748997867e-01,2.2352663360e+00
7.9900000000e+02,1.0443542164e-02,6.9382719171e-03,1.7083042815e-01,4.5096762731e-01,1.6391723905e-01,8.9448484409e-02,1.0745440700e-01,2.2248661913e+00
7.9950000000e+02,1.0453381957e-02,6.8174441689e-03,1.6759434184e-01,4.5405392693e-01,1.6152084822e-01,9.1355389408e-02,1.0820466748e-01,2.2147351668e+00
8.0000000000e+02,1.0335177874e-02,6.7391552710e-03,1.6565907715e-01,4.5469181815e-01,1.6160452064e-01,9.2790650273e-02,1.0817960064e-01,2.2019344927e+00
8.0050000000e+02,1.0235086172e-02,6.5702597679e-03,1.6273806663e-01,4.5699482941e-01,1.6106800197e-01,9.4925144825e-02,1.0746861123e-01,2.1876296561e+00
8.0100000000e+02,1.0141367276e-02,6.5056400533e-03,1.6057854630e-01,4.5813562608e-01,1.5919267905e-01,9.7951010215e-02,1.0749513103e-01,2.1720351087e+00
8.0150000000e+02,1.0035784099e-02,6.4027762129e-03,1.5957565307e-01,4.5860687736e-01,1.5707082898e-01,1.0058133433e-01,1.0772674595e-01,2.1612163139e+00
8.0200000000e+02,9.9349419987e-03,6.2825437705e-03,1.5834689033e-01,4.5851126056e-01,1.5574323093e-01,1.0288659353e-01,1.0829453887e-01,2.1463111507e+00
8.0250000000e+02,9.9338295756e-03,6.2047710137e-03,1.5894726854e-01,4.5557323028e-01,1.5496413602e-01,1.0543715738e-01,1.0893960718e-01,2.1376959151e+00
8.0300000000e+02,9.8367141762e-03,6.2021296388e-03,1.5980374881e-01,4.5446755423e-01,1.5368574596e-01,1.0753077445e-01,1.0847333274e-01,2.1173204193e+00
8.0350000000e+02,9.6715159519e-03,6.1714242347e-03,1.5895840421e-01,4.5579164074e-01,1.5226642645e-01,1.0824423647e-01,1.0889635195e-01,2.0964170806e+00
8.0400000000e+02,9.6897780827e-03,6.2328789729e-03,1.5599824818e-01,4.5793571332e-01,1.5071892378e-01,1.0973820516e-01,1.0968625251e-01,2.0840653639e+00
8.0450000000e+02,9.6456098281e-03,6.2402638479e-03,1.5377754643e-01,4.6018589028e-01,1.4819590896e-01,1.1125023560e-01,1.1070454505e-01,2.0684557245e+00
8.0500000000e+02,9.6756099784e-03,6.1186413822e-03,1.5399914088e-01,4.5988390571e-01,1.4760601760e-01,1.1132114700e-01,1.1139553744e-01,2.0497937855e+00
8.0550000000e+02,9.7410465840e-03,6.1339524474e-03,1.5425940953e-01,4.5885967206e-01,1.4663013908e-01,1.1302201244e-01,1.1135376785e-01,2.0433322148e+00
8.0600000000e+02,9.7335002900e-03,6.1852299593e-03,1.5281094395e-01,4.5995143415e-01,1.4483853181e-01,1.1495064941e-01,1.1152971043e-01,2.0368317535e+00
8.0650000000e+02,9.6201601856e-03,6.2140800486e-03,1.5049384640e-01,4.6237036882e-01,1.4253692287e-01,1.1698310427e-01,1.1178151740e-01,2.0230353831e+00
8.0700000000e+02,9.5206520828e-03,6.1242997251e-03,1.4918842202e-01,4.6357625140e-01,1.4085677768e-01,1.1940505825e-01,1.1132853884e-01,2.0080914024e+00
8.0750000000e+02,9.5038526012e-03,6.0761134664e-03,1.4907223505e-01,4.6451259578e-01,1.3880390105e-01,1.2098249485e-01,1.1104880721e-01,1.9918694135e+00
8.0800000000e+02,9.3792316125e-03,6.0791218607e-03,1.4810069029e-01,4.6305915405e-01,1.3862403722e-01,1.2325696465e-01,1.1150080032e-01,1.9814335662e+00
8.0850000000e+02,9.4064368202e-03,6.0463754826e-03,1.4763168757e-01,4.6047967962e-01,1.3892770214e-01,1.2512295964e-01,1.1238515874e-01,1.9710345552e+00
8.0900000000e+02,9.3573531546e-03,5.9884178717e-03,1.4797197277e-01,4.5823445022e-01,1.3788197144e-01,1.2782601082e-01,1.1273982373e-01,1.9606045951e+00
8.0950000000e+02,9.3996753867e-03,5.8362200098e-03,1.4833760248e-01,4.5807435639e-01,1.3645783594e-01,1.2955196479e-01,1.1234234501e-01,1.9503577717e+00
8.1000000000e+02,9.4620972359e-03,5.8646970748e-03,1.4840877395e-01,4.5655533367e-01,1.3560225134e-01,1.3230817985e-01,1.1179866689e-01,1.9443717227e+00
8.1050000000e+02,9.3868183125e-03,5.8271980338e-03,1.4788774310e-01,4.5692070081e-01,1.3319695618e-01,1.3418835146e-01,1.1259223210e-01,1.9268363090e+00
8.1100000000e+02,9.4068071710e-03,5.8255644211e-03,1.4831992857e-01,4.5574892099e-01,1.3160235462e-01,1.3653958486e-01,1.1255683937e-01,1.9152666635e+00
8.1150000000e+02,9.4943462669e-03,5.8592711811e-03,1.4881737681e-01,4.5396280169e-01,1.3134100858e-01,1.3770417750e-01,1.1282101797e-01,1.9042777904e+00
8.1200000000e+02,9.5803644081e-03,5.7426317488e-03,1.4870522766e-01,4.5525029381e-01,1.2943091963e-01,1.3874710114e-01,1.1254346160e-01,1.8933497825e+00
8.1250000000e+02,9.5768870840e-03,5.7068158371e-03,1.4872915001e-01,4.5323858682e-01,1.2861307325e-01,1.4098121402e-01,1.1315427299e-01,1.8868511456e+00
8.1300000000e+02,9.2968122293e-03,5.6491211865e-03,1.4679916688e-01,4.5631722635e-01,1.2648784512e-01,1.4335660334e-01,1.1209322490e-01,1.8817628338e+00
8.1350000000e+02,9.2584837780e-03,5.5343040992e-03,1.4743344517e-01,4.5508329619e-01,1.2615274731e-01,1.4407574671e-01,1.1246197674e-01,1.8749268188e+00
8.1400000000e+02,9.0740066853e-03,5.3920453187e-03,1.4791131948e-01,4.5556629286e-01,1.2500002268e-01,1.4601562886e-01,1.1104068411e-01,1.8616821202e+00
8.1450000000e+02,8.9550458905e-03,5.4020305277e-03,1.4514171135e-01,4.5850918289e-01,1.2389721697e-01,1.4727789550e-01,1.1081691687e-01,1.8556031222e+00
8.1500000000e+02,8.9442741504e-03,5.3689654176e-03,1.4419041863e-01,4.5866062852e-01,1.2374088981e-01,1.4921920870e-01,1.0987561477e-01,1.8549231247e+00
8.1550000000e+02,8.8361244910e-03,5.3475364853e-03,1.4470289246e-01,4.5709436400e-01,1.2333203909e-01,1.5086464829e-01,1.0982239518e-01,1.8474390695e+00
8.1600000000e+02,8.8645419540e-03,5.3302613728e-03,1.4492556348e-01,4.5340214502e-01,1.2268445900e-01,1.5250357629e-01,1.1228945289e-01,1.8565616321e+00
8.1650000000e+02,8.8604744149e-03,5.3476445065e-03,1.4458949081e-01,4.5322929547e-01,1.2183679623e-01,1.5455667567e-01,1.1157962290e-01,1.8544955938e+00
8.1700000000e+02,8.8713419457e-03,5.3851255828e-03,1.4469354863e-01,4.5323603441e-01,1.1968897497e-01,1.5654505254e-01,1.1157992193e-01,1.8565811007e+00
8.1750000000e+02,8.7368073134e-03,5.3653560987e-03,1.4635660035e-01,4.5196877805e-01,1.1738637683e-01,1.5880919763e-01,1.1137688373e-01,1.8519893772e+00
8.1800000000e+02,8.7572545407e-03,5.3731983629e-03,1.4781427006e-01,4.5137723449e-01,1.1595641231e-01,1.5987342908e-01,1.1084820116e-01,1.8510646830e+00
8.1850000000e+02,8.7071213056e-03,5.3677725244e-03,1.4838801528e-01,4.5188690033e-01,1.1427733163e-01,1.6084163010e-01,1.1053122882e-01,1.8503172169e+00
8.1900000000e+02,8.6640335634e-03,5.3560225625e-03,1.4873262031e-01,4.4998271871e-01,1.1402687416e-01,1.6181308516e-01,1.1142464553e-01,1.8502920006e+00
8.1950000000e+02,8.6658089507e-03,5.4123426061e-03,1.4980080712e-01,4.4773508536e-01,1.1292631048e-01,1.6361964406e-01,1.1184000143e-01,1.8535207498e+00
8.2000000000e+02,8.6075110658e-03,5.3799652902e-03,1.5052126588e-01,4.4808763428e-01,1.1209447892e-01,1.6399019877e-01,1.1131894580e-01,1.8503501428e+00
8.2050000000e+02,8.5613832363e-03,5.3585714676e-03,1.4983047564e-01,4.4922355473e-01,1.1112514810e-01,1.6512342200e-01,1.1077744483e-01,1.8492434459e+00
8.2100000000e+02,8.5630579438e-03,5.3663242388e-03,1.5031652859e-01,4.5058389216e-01,1.0943361367e-01,1.6601639618e-01,1.0972018721e-01,1.8471822926e+00
8.2150000000e+02,8.4219763112e-03,5.3684169004e-03,1.5076661698e-01,4.4936699255e-01,1.0868230371e-01,1.6701228216e-01,1.1038141139e-01,1.8533114901e+00
8.2200000000e+02,8.4401552310e-03,5.3847739289e-03,1.5056487712e-01,4.5001814905e-01,1.0774512100e-01,1.6727692576e-01,1.1056999792e-01,1.8590082251e+00
8.2250000000e+02,8.3509498071e-03,5.3445929411e-03,1.5221517158e-01,4.4926849884e-01,1.0694135112e-01,1.6818890844e-01,1.0969052727e-01,1.8586405209e+00
8.2300000000e+02,8.4778579910e-03,5.3557120403e-03,1.5253817092e-01,4.4794035688e-01,1.0601743657e-01,1.6948063205e-01,1.1018983356e-01,1.8648008335e+00
8.2350000000e+02,8.4266933502e-03,5.3379827066e-03,1.5271552893e-01,4.4638516563e-01,1.0629435306e-01,1.7013558409e-01,1.1070469223e-01,1.8688375045e+00
8.2400000000e+02,8.4735105850e-03,5.4113172589e-03,1.5387785754e-01,4.4463001591e-01,1.0534759756e-01,1.7157875475e-01,1.1068094639e-01,1.8726488941e+00
8.2450000000e+02,8.4425154641e-03,5.4476544186e-03,1.5549548897e-01,4.4188835986e-01,1.0497179819e-01,1.7261040566e-01,1.1114377743e-01,1.8808598792e+00
8.2500000000e+02,8.4111617487e-03,5.5628876713e-03,1.5625445995e-01,4.4092705770e-01,1.0378544065e-01,1.7376219023e-01,1.1129680206e-01,1.8891077343e+00
8.2550000000e+02,8.4429634776e-03,5.6975956513e-03,1.5787105241e-01,4.3720118841e-01,1.0376017868e-01,1.7470517285e-01,1.1232184852e-01,1.9001678389e+00
8.2600000000e+02,8.3709940799e-03,5.7499157284e-03,1.5806315192e-01,4.3617073703e-01,1.0364829318e-01,1.7566683052e-01,1.1233007754e-01,1.9012570984e+00
8.2650000000e+02,8.2955713763e-03,5.7424843308e-03,1.5933234388e-01,4.3410173708e-01,1.0308541655e-01,1.7686949362e-01,1.1257295316e-01,1.9065306523e+00
8.2700000000e+02,8.2414879124e-03,5.7377675456e-03,1.5971295260e-01,4.3266552970e-01,1.0256087384e-01,1.7794597194e-01,1.1313541646e-01,1.9137991310e+00
8.2750000000e+02,8.2501496388e-03,5.7343103590e-03,1.6078098948e-01,4.3199934755e-01,1.0130750863e-01,1.7904612597e-01,1.1288156837e-01,1.9173214660e+00
8.2800000000e+02,8.2502920239e-03,5.7636781883e-03,1.6110667324e-01,4.3282081054e-01,9.9690035159e-02,1.7973743663e-01,1.1263107421e-01,1.9212111533e+00
8.2850000000e+02,8.1230965497e-03,5.7755267910e-03,1.6293549750e-01,4.3137397997e-01,9.8878195554e-02,1.8003700115e-01,1.1287670248e-01,1.9231277849e+00
8.2900000000e+02,8.1069982023e-03,5.8364366713e-03,1.6397957489e-01,4.3068425713e-01,9.8954259097e-02,1.8073678080e-01,1.1170169322e-01,1.9243520108e+00
8.2950000000e+02,8.0033045004e-03,5.9205089752e-03,1.6496112653e-01,4.2761370104e-01,1.0000620820e-01,1.8118520059e-01,1.1230995018e-01,1.9346123795e+00
8.3000000000e+02,8.0470112943e-03,5.9245077718e-03,1.6411112898e-01,4.2799885290e-01,9.9449045742e-02,1.8178693668e-01,1.1268251663e-01,1.9381013140e+00
8.3050000000e+02,7.9358851597e-03,5.9190123069e-03,1.6461850947e-01,4.2741096904e-01,9.9244586404e-02,1.8252479799e-01,1.1234623963e-01,1.9383322800e+00
8.3100000000e+02,7.7887985321e-03,5.8820518498e-03,1.6426623744e-01,4.2827041431e-01,9.8570040016e-02,1.8320319250e-01,1.1201926536e-01,1.9426264217e+00
8.3150000000e+02,7.7766245675e-03,5.9722884777e-03,1.6526419701e-01,4.2688903351e-01,9.8425301568e-02,1.8317178368e-01,1.1250077119e-01,1.9462313774e+00
8.3200000000e+02,7.7143272139e-03,6.0561040536e-03,1.6698375565e-01,4.2481662252e-01,9.8064354286e-02,1.8338270110e-01,1.1298213519e-01,1.9529437337e+00
8.3250000000e+02,7.6960532260e-03,6.0371727816e-03,1.6890846652e-01,4.2422070757e-01,9.8036311683e-02,1.8292189490e-01,1.1217939333e-01,1.9552973141e+00
8.3300000000e+02,7.7263742382e-03,6.1146108750e-03,1.7036191800e-01,4.2348812699e-01,9.7392224287e-02,1.8288241770e-01,1.1203432791e-01,1.9623703407e+00
8.3350000000e+02,7.6991782082e-03,6.0958144991e-03,1.7199055107e-01,4.2131119734e-01,9.6671443284e-02,1.8303232941e-01,1.1319948619e-01,1.9713697285e+00
8.3400000000e+02,7.7479338178e-03,6.0604897633e-03,1.7252153316e-01,4.2034700350e-01,9.7351127488e-02,1.8332737061e-01,1.1264454166e-01,1.9747923433e+00
8.3450000000e+02,7.6938788723e-03,6.0826570173e-03,1.7478846198e-01,4.1838120577e-01,9.7456264440e-02,1.8329206293e-01,1.1230546899e-01,1.9751453457e+00
8.3500000000e+02,7.6755820840e-03,6.2017508509e-03,1.7700851074e-01,4.1624174932e-01,9.8304836170e-02,1.8298232323e-01,1.1158524761e-01,1.9775071835e+00
8.3550000000e+02,7.7212048160e-03,6.3756744346e-03,1.7699511011e-01,4.1520889311e-01,9.8569050081e-02,1.8229806192e-01,1.1283200552e-01,1.9850936752e+00
8.3600000000e+02,7.6991669654e-03,6.4499479967e-03,1.7900875948e-01,4.1220504517e-01,9.9649920951e-02,1.8164148920e-01,1.1334567024e-01,1.9905276139e+00
8.3650000000e+02,7.6597863795e-03,6.4731839026e-03,1.7985562289e-01,4.1016307076e-01,9.9863407124e-02,1.8173338780e-01,1.1425154114e-01,1.9992436242e+00
8.3700000000e+02,7.6912820390e-03,6.5687758340e-03,1.8069994155e-01,4.0967682556e-01,9.9541257303e-02,1.8144159441e-01,1.1438032330e-01,2.0063392365e+00
8.3750000000e+02,7.5660807847e-03,6.5132779881e-03,1.8248358537e-01,4.0764749753e-01,9.9365099069e-02,1.8131461341e-01,1.1510984585e-01,2.0166318820e+00
8.3800000000e+02,7.4851562120e-03,6.4010238592e-03,1.8166823639e-01,4.0832177752e-01,1.0032683118e-01,1.8096462586e-01,1.1483234898e-01,2.0259977778e+00
8.3850000000e+02,7.5460490115e-03,6.4986192648e-03,1.8179091605e-01,4.0792590558e-01,9.9945876900e-02,1.8048353907e-01,1.1580909412e-01,2.0344054800e+00
8.3900000000e+02,7.5289852868e-03,6.5303944511e-03,1.8181959655e-01,4.0808549287e-01,1.0036546287e-01,1.7967678699e-01,1.1599328098e-01,2.0436966419e+00
8.3950000000e+02,7.6505215158e-03,6.6206778287e-03,1.8358202617e-01,4.0448902006e-01,1.0164919011e-01,1.7876377509e-01,1.1724478922e-01,2.0608301954e+00
8.4000000000e+02,7.6495431672e-03,6.6693294120e-03,1.8452872203e-01,4.0226727390e-01,1.0194156222e-01,1.7862578276e-01,1.1831778652e-01,2.0723989124e+00
8.4050000000e+02,7.5671371297e-03,6.7171090968e-03,1.8605912624e-01,3.9988114332e-01,1.0260689777e-01,1.7841208516e-01,1.1875650128e-01,2.0853749135e+00
8.4100000000e+02,7.5424422123e-03,6.7573258081e-03,1.8638657749e-01,4.0008661592e-01,1.0318638151e-01,1.7815212375e-01,1.1788853331e-01,2.0993174670e+00
8.4150000000e+02,7.5104468256e-03,6.8141650815e-03,1.8893358250e-01,3.9725098880e-01,1.0410738721e-01,1.7790464713e-01,1.1747878245e-01,2.1083742509e+00
8.4200000000e+02,7.3572250475e-03,6.8874942390e-03,1.8985812601e-01,3.9627929023e-01,1.0482943797e-01,1.7742699834e-01,1.1736142816e-01,2.1143217775e+00
8.4250000000e+02,7.2826642182e-03,6.9695665771e-03,1.8781060176e-01,3.9800548851e-01,1.0606925959e-01,1.7718632933e-01,1.1667609001e-01,2.1246230122e+00
8.4300000000e+02,7.3237344608e-03,7.1887344285e-03,1.8887081772e-01,3.9645261546e-01,1.0734331285e-01,1.7611667022e-01,1.1670411486e-01,2.1467521261e+00
8.4350000000e+02,7.3209324136e-03,7.3220719916e-03,1.8792632128e-01,3.9662446728e-01,1.0948341977e-01,1.7473274956e-01,1.1659003771e-01,2.1558829947e+00
8.4400000000e+02,7.1971378516e-03,7.2295716317e-03,1.8882227548e-01,3.9481277857e-01,1.1081940949e-01,1.7440012445e-01,1.1671870253e-01,2.1637057460e+00
8.4450000000e+02,7.2286506284e-03,7.2355597928e-03,1.9014533347e-01,3.9372655460e-01,1.1146769981e-01,1.7363155830e-01,1.1656464340e-01,2.1761202622e+00
8.4500000000e+02,7.1386255600e-03,7.2829112094e-03,1.9111754224e-01,3.9283327547e-01,1.1254315691e-01,1.7248610559e-01,1.1659838302e-01,2.1872039089e+00
8.4550000000e+02,7.1704795876e-03,7.2826639730e-03,1.9352614725e-01,3.9087037951e-01,1.1286726527e-01,1.7176889888e-01,1.1651416554e-01,2.2005193140e+00
8.4600000000e+02,7.1554252684e-03,7.3090268386e-03,1.9566431983e-01,3.8997972105e-01,1.1267465840e-01,1.7134580789e-01,1.1587104073e-01,2.2046651814e+00
8.4650000000e+02,7.1348242809e-03,7.4801262447e-03,1.9685667091e-01,3.8957762542e-01,1.1329137004e-01,1.7004315118e-01,1.1561623192e-01,2.2120805909e+00
8.4700000000e+02,7.0954758810e-03,7.5360008689e-03,1.9885750279e-01,3.8748760902e-01,1.1376611302e-01,1.6939231006e-01,1.1586498837e-01,2.2205765466e+00
8.4750000000e+02,6.9854892043e-03,7.6257107913e-03,2.0165097909e-01,3.8493733480e-01,1.1428684806e-01,1.6825760335e-01,1.1625603470e-01,2.2326268138e+00
8.4800000000e+02,6.9634254696e-03,7.7513461923e-03,2.0340766619e-01,3.8274937451e-01,1.1566521663e-01,1.6721933289e-01,1.1624363812e-01,2.2470877534e+00
8.4850000000e+02,6.9999198875e-03,7.7676746128e-03,2.0279512784e-01,3.8354372192e-01,1.1668684169e-01,1.6571064680e-01,1.1649606725e-01,2.2599114033e+00
8.4900000000e+02,6.9970726295e-03,7.6889741159e-03,2.0328393806e-01,3.8278592230e-01,1.1686834043e-01,1.6554739676e-01,1.1682835571e-01,2.2677251891e+00
8.4950000000e+02,7.0378919570e-03,7.7569821697e-03,2.0522195752e-01,3.8232945888e-01,1.1645735919e-01,1.6479138369e-01,1.1640496659e-01,2.2758050195e+00
8.5000000000e+02,7.1115963815e-03,7.7838721171e-03,2.0689328390e-01,3.8057876360e-01,1.1786076803e-01,1.6404216160e-01,1.1572955437e-01,2.2799745095e+00
8.5050000000e+02,7.1771849795e-03,7.8762009657e-03,2.0892256930e-01,3.7969800663e-01,1.1908054065e-01,1.6191345218e-01,1.1533204530e-01,2.2905495792e+00
8.5100000000e+02,7.1764386037e-03,7.9249238874e-03,2.0934390813e-01,3.8003266979e-01,1.2020107544e-01,1.6043681317e-01,1.1488417098e-01,2.3014464357e+00
8.5150000000e+02,7.1329890806e-03,7.8986877388e-03,2.1063878254e-01,3.7950243302e-01,1.2125256769e-01,1.5963389397e-01,1.1394064596e-01,2.3120782463e+00
8.5200000000e+02,7.1222833490e-03,7.9286325041e-03,2.1161671744e-01,3.7910503420e-01,1.2209093041e-01,1.5863351304e-01,1.1350288907e-01,2.3199385787e+00
8.5250000000e+02,7.0520162678e-03,8.0688275594e-03,2.1451160559e-01,3.7375314451e-01,1.2367571673e-01,1.5776665363e-01,1.1517203571e-01,2.3383504937e+00
8.5300000000e+02,7.0472081463e-03,8.1774624504e-03,2.1505187893e-01,3.7306159397e-01,1.2493497662e-01,1.5607485707e-01,1.1565202283e-01,2.3444094052e+00
8.5350000000e+02,6.9060120293e-03,8.0083382361e-03,2.1576026519e-01,3.7389863820e-01,1.2481426141e-01,1.5567548119e-01,1.1493700375e-01,2.3493376824e+00
8.5400000000e+02,6.8577586889e-03,8.0678617592e-03,2.1583263336e-01,3.7428047490e-01,1.2485348538e-01,1.5448388072e-01,1.1562390521e-01,2.3556351750e+00
8.5450000000e+02,6.8892036952e-03,8.1228485787e-03,2.1674786056e-01,3.7293135435e-01,1.2602578292e-01,1.5303873680e-01,1.1624421310e-01,2.3676343383e+00
8.5500000000e+02,6.9335291744e-03,8.0527986529e-03,2.1789710527e-01,3.7326768112e-01,1.2642173182e-01,1.5177970157e-01,1.1564745239e-01,2.3752550704e+00
8.5550000000e+02,6.9008690333e-03,8.1498144463e-03,2.1981050202e-01,3.7221642382e-01,1.2685472914e-01,1.5013792726e-01,1.1592973427e-01,2.3830689330e+00
8.5600000000e+02,6.9043006239e-03,8.1808125281e-03,2.2277511920e-01,3.7007756698e-01,1.2737125328e-01,1.4961535629e-01,1.1507559111e-01,2.3934425444e+00
8.5650000000e+02,6.9195377464e-03,8.0649642586e-03,2.2472539443e-01,3.6801425861e-01,1.2872551585e-01,1.4813146550e-01,1.1541886361e-01,2.3961192273e+00
8.5700000000e+02,7.0489847765e-03,8.0662941931e-03,2.2811891814e-01,3.6488485344e-01,1.3186785631e-01,1.4531847480e-01,1.1469461834e-01,2.4113094420e+00
8.5750000000e+02,7.0783662267e-03,7.9524295038e-03,2.2935361617e-01,3.6378012349e-01,1.3359164584e-01,1.4291799590e-01,1.1532582287e-01,2.4205140109e+00
8.5800000000e+02,7.0145983042e-03,7.9909887076e-03,2.3166348928e-01,3.6212149991e-01,1.3367461079e-01,1.4152753189e-01,1.1600728113e-01,2.4240617163e+00
8.5850000000e+02,7.0006095495e-03,8.0029761495e-03,2.3360515946e-01,3.6010396903e-01,1.3549852590e-01,1.4015583331e-01,1.1563292661e-01,2.4327231988e+00
8.5900000000e+02,7.0534189072e-03,7.9391281755e-03,2.3627529266e-01,3.5821474210e-01,1.3710619424e-01,1.3858836829e-01,1.1482285562e-01,2.4352805855e+00
8.5950000000e+02,6.9929110440e-03,7.9980516878e-03,2.3798613619e-01,3.5706807140e-01,1.3737617531e-01,1.3726595533e-01,1.1531269903e-01,2.4404822744e+00
8.6000000000e+02,6.9981422526e-03,7.9785063535e-03,2.4085931154e-01,3.5485755097e-01,1.4073382950e-01,1.3431386873e-01,1.1425879065e-01,2.4443029060e+00
8.6050000000e+02,6.9277891867e-03,8.1110057373e-03,2.4121771054e-01,3.5515930859e-01,1.4171485591e-01,1.3268973350e-01,1.1417959654e-01,2.4486230002e+00
8.6100000000e+02,6.9522197842e-03,8.1636336963e-03,2.4013257852e-01,3.5774889465e-01,1.4142989191e-01,1.3160919317e-01,1.1396358826e-01,2.4549356096e+00
8.6150000000e+02,6.9026276077e-03,8.1933242595e-03,2.4019730273e-01,3.5970082459e-01,1.4086549875e-01,1.3144884540e-01,1.1269157666e-01,2.4606673527e+00
8.6200000000e+02,6.9449560349e-03,8.2092699345e-03,2.4373615635e-01,3.5705559474e-01,1.4242839836e-01,1.2922303832e-01,1.1240258626e-01,2.4642520287e+00
8.6250000000e+02,6.8663552485e-03,8.2224918019e-03,2.4473367157e-01,3.5637383179e-01,1.4562612984e-01,1.2618425806e-01,1.1199326168e-01,2.4676472536e+00
8.6300000000e+02,6.8770729922e-03,8.2012703382e-03,2.4669157824e-01,3.5589381872e-01,1.4680653965e-01,1.2405824603e-01,1.1147147403e-01,2.4704033705e+00
8.6350000000e+02,6.8862646849e-03,8.2344331146e-03,2.4904608805e-01,3.5401721198e-01,1.4858317378e-01,1.2196783514e-01,1.1126499325e-01,2.4760726843e+00
8.6400000000e+02,6.8283844532e-03,8.1492852370e-03,2.5077338253e-01,3.5334681087e-01,1.4936903808e-01,1.2099444202e-01,1.1053865681e-01,2.4805110340e+00
8.6450000000e+02,6.8672117401e-03,8.1063585754e-03,2.5326874711e-01,3.5110603296e-01,1.5091467718e-01,1.1914702274e-01,1.1058994969e-01,2.4792352417e+00
8.6500000000e+02,6.8477520573e-03,8.1455678721e-03,2.5500134093e-01,3.5001871828e-01,1.5187421929e-01,1.1725076148e-01,1.1086164009e-01,2.4832491645e+00
8.6550000000e+02,6.8190778584e-03,8.1966705989e-03,2.5861726657e-01,3.4700023372e-01,1.5131595505e-01,1.1740405765e-01,1.1064673856e-01,2.4848865954e+00
8.6600000000e+02,6.7883871574e-03,8.3039156045e-03,2.5891087957e-01,3.4663955201e-01,1.5102324594e-01,1.1699118764e-01,1.1134283208e-01,2.4899090949e+00
8.6650000000e+02,6.7325832753e-03,8.4136518716e-03,2.6306399124e-01,3.4320576148e-01,1.5131733978e-01,1.1624126602e-01,1.1102540634e-01,2.4940523906e+00
8.6700000000e+02,6.6347740731e-03,8.3405793272e-03,2.6479507709e-01,3.4168578069e-01,1.5152457771e-01,1.1586779037e-01,1.1115142075e-01,2.4971899542e+00
8.6750000000e+02,6.6275643919e-03,8.4245539380e-03,2.6730699296e-01,3.4091675122e-01,1.5049589048e-01,1.1486929921e-01,1.1135894780e-01,2.4941760679e+00
8.6800000000e+02,6.6271041019e-03,8.4385631552e-03,2.7026644236e-01,3.3828793385e-01,1.5157322197e-01,1.1350608411e-01,1.1130065046e-01,2.4938379863e+00
8.6850000000e+02,6.6467468954e-03,8.3319910199e-03,2.7095190436e-01,3.3865602892e-01,1.5115593896e-01,1.1277912629e-01,1.1147826355e-01,2.4936158797e+00
8.6900000000e+02,6.6057361001e-03,8.3692384008e-03,2.7238004050e-01,3.3684697279e-01,1.5136699118e-01,1.1263007788e-01,1.1180094314e-01,2.5011542147e+00
8.6950000000e+02,6.6648179978e-03,8.4270140798e-03,2.7386168061e-01,3.3509263302e-01,1.5315797297e-01,1.1065885320e-01,1.1213702812e-01,2.5119611096e+00
8.7000000000e+02,6.5927476293e-03,8.2433960017e-03,2.7364953205e-01,3.3524814407e-01,1.5413297501e-01,1.0947867369e-01,1.1265453155e-01,2.5155845222e+00
8.7050000000e+02,6.6126208810e-03,8.2196867394e-03,2.7550988585e-01,3.3491805193e-01,1.5488850010e-01,1.0742080927e-01,1.1243044524e-01,2.5138355106e+00
8.7100000000e+02,6.5979235717e-03,8.3200285149e-03,2.7689457298e-01,3.3405896309e-01,1.5653933005e-01,1.0559686675e-01,1.1199231504e-01,2.5165748650e+00
8.7150000000e+02,6.6517916240e-03,8.4763055812e-03,2.7952703989e-01,3.3061137930e-01,1.5874629779e-01,1.0274575921e-01,1.1324142661e-01,2.5239401437e+00
8.7200000000e+02,6.7003489998e-03,8.5648157720e-03,2.8021375044e-01,3.3136330120e-01,1.5904313657e-01,1.0227866595e-01,1.1183598105e-01,2.5256690204e+00
8.7250000000e+02,6.7042614146e-03,8.6264498112e-03,2.8174053281e-01,3.3096564516e-01,1.6119987313e-01,9.9555452324e-02,1.1120778535e-01,2.5245710387e+00
8.7300000000e+02,6.7030518911e-03,8.7154180776e-03,2.8440008208e-01,3.2923260885e-01,1.6004415472e-01,9.9456478833e-02,1.1144820556e-01,2.5289010400e+00
8.7350000000e+02,6.8045181081e-03,8.8097176030e-03,2.8475672074e-01,3.2928485888e-01,1.6009917071e-01,9.9055902469e-02,1.1118911149e-01,2.5314824184e+00
8.7400000000e+02,6.8585978229e-03,8.8238988923e-03,2.8647885569e-01,3.2755522016e-01,1.6161442732e-01,9.7217563998e-02,1.1145143613e-01,2.5349521271e+00
8.7450000000e+02,6.9039617951e-03,8.9351451837e-03,2.8950181882e-01,3.2557555292e-01,1.6297021058e-01,9.5266046520e-02,1.1084726418e-01,2.5337380696e+00
8.7500000000e+02,6.9672217233e-03,9.0214474600e-03,2.9278857079e-01,3.2504094222e-01,1.6300800270e-01,9.3072088782e-02,1.1010172633e-01,2.5277723082e+00
8.7550000000e+02,6.9917665783e-03,9.1021801325e-03,2.9446566964e-01,3.2295772788e-01,1.6333318633e-01,9.2624692273e-02,1.1052477716e-01,2.5297078749e+00
8.7600000000e+02,6.9036938161e-03,9.2143334520e-03,2.9654847821e-01,3.2148921940e-01,1.6473850782e-01,9.0505989693e-02,1.1059977761e-01,2.5296158299e+00
8.7650000000e+02,6.9397658139e-03,9.3152160948e-03,2.9850967046e-01,3.1972076050e-01,1.6643554902e-01,8.8735320568e-02,1.1034371755e-01,2.5293763160e+00
8.7700000000e+02,6.9401687269e-03,9.3970637871e-03,3.0341573419e-01,3.1792203412e-01,1.6595583699e-01,8.7000990906e-02,1.0936817129e-01,2.5220587708e+00
8.7750000000e+02,6.9012393439e-03,9.5367164877e-03,3.0663479186e-01,3.1620920589e-01,1.6659729278e-01,8.5595692282e-02,1.0852506135e-01,2.5166010232e+00
8.7800000000e+02,6.8429698098e-03,9.6739428359e-03,3.0927074737e-01,3.1414188751e-01,1.6817309212e-01,8.2821838541e-02,1.0907552182e-01,2.5108968482e+00
8.7850000000e+02,6.8654145763e-03,9.7445119930e-03,3.1215770562e-01,3.1180119669e-01,1.6978599417e-01,8.1281306476e-02,1.0836387048e-01,2.5130255829e+00
8.7900000000e+02,6.8385892495e-03,9.7468539255e-03,3.1502702655e-01,3.0846640712e-01,1.7172400085e-01,7.9984829483e-02,1.0821229282e-01,2.5138425310e+00
8.7950000000e+02,6.8251897028e-03,1.0013303412e-02,3.1720008833e-01,3.0814949950e-01,1.7192387914e-01,7.8776948821e-02,1.0711109110e-01,2.5096579623e+00
8.8000000000e+02,6.8371612678e-03,1.0226633484e-02,3.1822632332e-01,3.0753849542e-01,1.7219612920e-01,7.7946860920e-02,1.0702839639e-01,2.5141106504e+00
8.8050000000e+02,6.8082901373e-03,1.0215482771e-02,3.2140815695e-01,3.0408238176e-01,1.7378914450e-01,7.6428466438e-02,1.0726807744e-01,2.5104117346e+00
8.8100000000e+02,6.8390916729e-03,1.0351187813e-02,3.2549118121e-01,2.9984851328e-01,1.7489784825e-01,7.4434565618e-02,1.0813761215e-01,2.5090188150e+00
8.8150000000e+02,6.8656955301e-03,1.0554899790e-02,3.3067738871e-01,2.9556809441e-01,1.7568317286e-01,7.2674973442e-02,1.0797577526e-01,2.5010525559e+00
8.8200000000e+02,6.8395714278e-03,1.0634545273e-02,3.3262657052e-01,2.9621351922e-01,1.7660288189e-01,7.0246686440e-02,1.0683622523e-01,2.4889096732e+00
8.8250000000e+02,6.8236122485e-03,1.0774493612e-02,3.3514675901e-01,2.9575592206e-01,1.7680403583e-01,6.9128282162e-02,1.0556689507e-01,2.4825608781e+00
8.8300000000e+02,6.8204764431e-03,1.0907594560e-02,3.3957608184e-01,2.9269798479e-01,1.7763333258e-01,6.7753094583e-02,1.0461143521e-01,2.4788323917e+00
8.8350000000e+02,6.8729177320e-03,1.1055095396e-02,3.4105370048e-01,2.9068010196e-01,1.8082254069e-01,6.5138130995e-02,1.0437751274e-01,2.4756190630e+00
8.8400000000e+02,6.9661515900e-03,1.1137138102e-02,3.4629454936e-01,2.8674471801e-01,1.8209081227e-01,6.3014207144e-02,1.0375242353e-01,2.4665455616e+00
8.8450000000e+02,6.9311494188e-03,1.1106462725e-02,3.4935935656e-01,2.8600291322e-01,1.8283620885e-01,6.1160609556e-02,1.0260329967e-01,2.4602542323e+00
8.8500000000e+02,6.9267161688e-03,1.1162170511e-02,3.5141213581e-01,2.8478338966e-01,1.8326830647e-01,5.9767694821e-02,1.0267958656e-01,2.4513155238e+00
8.8550000000e+02,6.7998479081e-03,1.1047580360e-02,3.5348321670e-01,2.8445519995e-01,1.8381187626e-01,5.7971214247e-02,1.0243106457e-01,2.4374343447e+00
8.8600000000e+02,6.8314411265e-03,1.1055282505e-02,3.5472599935e-01,2.8525787180e-01,1.8546580431e-01,5.5680891211e-02,1.0098270969e-01,2.4264071935e+00
8.8650000000e+02,6.8244991650e-03,1.0976858085e-02,3.5809978377e-01,2.8347273714e-01,1.8697635872e-01,5.3849400031e-02,9.9800363088e-02,2.4197970581e+00
8.8700000000e+02,6.8362428819e-03,1.0918973491e-02,3.6072850270e-01,2.8247012722e-01,1.8745453252e-01,5.2637764356e-02,9.8953856831e-02,2.4116166751e+00
8.8750000000e+02,6.8214303849e-03,1.0933669612e-02,3.6473573553e-01,2.7806854769e-01,1.9004694852e-01,5.0971795741e-02,9.8421872515e-02,2.4080374089e+00
8.8800000000e+02,6.7448264521e-03,1.0919339908e-02,3.6666864912e-01,2.7773770267e-01,1.9121414009e-01,4.8748947998e-02,9.7966393757e-02,2.3959681803e+00
8.8850000000e+02,6.7530955842e-03,1.1144724581e-02,3.6877170750e-01,2.7579025744e-01,1.9240333345e-01,4.7335747119e-02,9.7801134326e-02,2.3977782554e+00
8.8900000000e+02,6.7625354414e-03,1.1154126302e-02,3.7248182325e-01,2.7299309281e-01,1.9321567029e-01,4.5605172789e-02,9.7787579116e-02,2.3916738092e+00
8.8950000000e+02,6.7160954055e-03,1.1023454953e-02,3.7485681274e-01,2.7200974972e-01,1.9282705844e-01,4.4577014876e-02,9.7989813873e-02,2.3796646748e+00
8.9000000000e+02,6.7597695297e-03,1.1058055732e-02,3.7760070844e-01,2.7035506785e-01,1.9482813538e-01,4.2535464839e-02,9.6862798225e-02,2.3729952636e+00
8.9050000000e+02,6.7450754090e-03,1.1205975803e-02,3.7894925990e-01,2.6973093667e-01,1.9490966352e-01,4.1662938016e-02,9.6796150682e-02,2.3664431089e+00
8.9100000000e+02,6.7600369916e-03,1.1139781598e-02,3.8114992558e-01,2.6895184020e-01,1.9610101492e-01,3.9917133746e-02,9.5980266964e-02,2.3565375031e+00
8.9150000000e+02,6.7495271639e-03,1.1198101175e-02,3.8274829048e-01,2.6686244886e-01,1.9794713013e-01,3.8415390925e-02,9.6079111263e-02,2.3540380996e+00
8.9200000000e+02,6.8015392455e-03,1.1354616610e-02,3.8720933657e-01,2.6393271935e-01,1.9831645081e-01,3.7489565198e-02,9.4895772223e-02,2.3463124527e+00
8.9250000000e+02,6.7433878540e-03,1.1462822913e-02,3.9260932424e-01,2.6154990570e-01,1.9722641205e-01,3.6885433572e-02,9.3522713674e-02,2.3276080584e+00
8.9300000000e+02,6.7154732966e-03,1.1613630329e-02,3.9586095987e-01,2.5795962348e-01,1.9918088679e-01,3.5100675036e-02,9.3568751199e-02,2.3161372062e+00
8.9350000000e+02,6.7481198860e-03,1.1645456677e-02,4.0074120916e-01,2.5435724047e-01,1.9905499765e-01,3.4269463299e-02,9.3183512870e-02,2.3063642794e+00
8.9400000000e+02,6.7566989196e-03,1.1742841647e-02,4.0364947563e-01,2.5185064917e-01,2.0002537733e-01,3.3190350337e-02,9.2784606967e-02,2.2974085022e+00
8.9450000000e+02,6.8078083843e-03,1.1922239646e-02,4.0510700875e-01,2.5169759158e-01,2.0077594045e-01,3.1498512564e-02,9.2190898633e-02,2.2896258434e+00
8.9500000000e+02,6.8174704957e-03,1.1832822299e-02,4.1006438541e-01,2.4805382481e-01,2.0132963926e-01,3.0208457628e-02,9.1693400100e-02,2.2714262119e+00
8.9550000000e+02,6.8971452686e-03,1.1909366668e-02,4.1206002808e-01,2.4669717954e-01,2.0140782020e-01,2.9383660938e-02,9.1644799309e-02,2.2645983125e+00
8.9600000000e+02,6.9235335463e-03,1.1922002456e-02,4.1401932081e-01,2.4648568509e-01,2.0185832422e-01,2.8103709983e-02,9.0687423897e-02,2.2535712275e+00
8.9650000000e+02,6.9248025786e-03,1.1926835961e-02,4.1800330301e-01,2.4316827775e-01,2.0278153476e-01,2.7075524935e-02,9.0119721007e-02,2.2400002199e+00
8.9700000000e+02,6.9153681815e-03,1.2057880749e-02,4.2204179711e-01,2.4011989774e-01,2.0271555832e-01,2.6094271252e-02,9.0055226651e-02,2.2264102239e+00
8.9750000000e+02,6.9785274818e-03,1.2160341362e-02,4.2424080698e-01,2.3794481686e-01,2.0265681549e-01,2.5493110838e-02,9.0525580996e-02,2.2220608337e+00
8.9800000000e+02,7.0581469020e-03,1.2311021339e-02,4.2513476049e-01,2.3665761839e-01,2.0401044076e-01,2.4426646276e-02,9.0401365840e-02,2.2135849425e+00
8.9850000000e+02,7.1259333406e-03,1.2612886445e-02,4.2708741654e-01,2.3603579268e-01,2.0462885100e-01,2.3756531799e-02,8.8752588201e-02,2.2087631545e+00
8.9900000000e+02,7.0859849543e-03,1.2692223617e-02,4.3108548705e-01,2.3161435631e-01,2.0504156014e-01,2.3427410840e-02,8.9052977082e-02,2.2001440616e+00
8.9950000000e+02,7.1125947421e-03,1.2827320983e-02,4.3528163754e-01,2.2771187901e-01,2.0506389702e-01,2.3128622606e-02,8.8874048097e-02,2.1885029392e+00
9.0000000000e+02,7.1603800279e-03,1.2790741774e-02,4.3725539046e-01,2.2698545932e-01,2.0534189126e-01,2.2439684065e-02,8.8026453103e-02,2.1790212626e+00
9.0050000000e+02,7.0258804444e-03,1.2763623565e-02,4.4060397586e-01,2.2456339185e-01,2.0594931624e-01,2.1744944080e-02,8.7348867962e-02,2.1634610413e+00
9.0100000000e+02,6.9603314992e-03,1.2602993799e-02,4.4609910142e-01,2.2218731101e-01,2.0516307910e-01,2.1049914210e-02,8.5937268964e-02,2.1430362938e+00
9.0150000000e+02,6.9939314196e-03,1.2603905346e-02,4.4860700155e-01,2.2151605136e-01,2.0442464282e-01,2.0875095802e-02,8.4979371710e-02,2.1295618533e+00
9.0200000000e+02,7.0193290456e-03,1.2575142690e-02,4.5062334967e-01,2.2053991631e-01,2.0466762108e-01,2.0284961495e-02,8.4289679716e-02,2.1144797314e+00
9.0250000000e+02,7.0141148756e-03,1.2503184331e-02,4.5475825143e-01,2.1647873489e-01,2.0494612637e-01,1.9928801972e-02,8.4370786133e-02,2.1022571742e+00
9.0300000000e+02,7.0159449514e-03,1.2502473096e-02,4.5841356699e-01,2.1405541451e-01,2.0551383517e-01,1.9570114353e-02,8.2928650935e-02,2.0889786209e+00
9.0350000000e+02,7.0811166444e-03,1.2519281044e-02,4.6141972799e-01,2.1236750527e-01,2.0572888794e-01,1.9329491376e-02,8.1553989743e-02,2.0832967990e+00
9.0400000000e+02,7.1330113662e-03,1.2568372599e-02,4.6445442979e-01,2.1110038656e-01,2.0504160006e-01,1.9475779985e-02,8.0226419632e-02,2.0803209880e+00
9.0450000000e+02,7.2480664122e-03,1.2626876653e-02,4.6773139971e-01,2.0818887348e-01,2.0378777485e-01,1.9562657037e-02,8.0854351847e-02,2.0749866979e+00
9.0500000000e+02,7.1871259185e-03,1.2714849256e-02,4.7098486304e-01,2.0531357372e-01,2.0344133087e-01,1.9589546884e-02,8.0768710316e-02,2.0651564712e+00
9.0550000000e+02,7.2697905135e-03,1.2692127620e-02,4.7325508914e-01,2.0359024286e-01,2.0308973774e-01,1.9708218514e-02,8.0394793609e-02,2.0613964407e+00
9.0600000000e+02,7.3858919169e-03,1.2830931330e-02,4.7328661479e-01,2.0291333407e-01,2.0298208034e-01,1.9945735021e-02,8.0655412534e-02,2.0671610439e+00
9.0650000000e+02,7.4459261964e-03,1.2760831909e-02,4.7671688925e-01,2.0115824708e-01,2.0228571463e-01,1.9992225421e-02,7.9640165509e-02,2.0566148178e+00
9.0700000000e+02,7.5338323547e-03,1.2775526041e-02,4.7997692452e-01,1.9939255318e-01,2.0158960024e-01,1.9824445988e-02,7.8907117683e-02,2.0516100711e+00
9.0750000000e+02,7.5634270428e-03,1.2793884587e-02,4.8441950806e-01,1.9665239792e-01,2.0046097123e-01,1.9676259198e-02,7.8433551960e-02,2.0341918662e+00
9.0800000000e+02,7.5078473379e-03,1.2911493178e-02,4.8754508358e-01,1.9295178863e-01,2.0053736173e-01,1.9714466306e-02,7.8831959245e-02,2.0323432675e+00
9.0850000000e+02,7.5527487695e-03,1.3027953889e-02,4.9015107672e-01,1.9124272157e-01,1.9888080918e-01,2.0324720328e-02,7.8819969537e-02,2.0289099676e+00
9.0900000000e+02,7.4809578196e-03,1.3051736143e-02,4.9262086428e-01,1.9100522341e-01,1.9859352569e-01,2.0385691091e-02,7.6862001564e-02,2.0150429861e+00
9.0950000000e+02,7.5256405634e-03,1.3212072377e-02,4.9540775366e-01,1.8918472342e-01,1.9706968194e-01,2.0977562318e-02,7.6622565721e-02,2.0118717611e+00
9.1000000000e+02,7.5025061832e-03,1.3350574524e-02,4.9773228411e-01,1.8969995721e-01,1.9604057389e-01,2.0956142974e-02,7.4717961112e-02,1.9932508938e+00
9.1050000000e+02,7.6411127119e-03,1.3454462303e-02,4.9945428853e-01,1.8791791112e-01,1.9556259565e-01,2.1202431159e-02,7.4767198535e-02,1.9885885159e+00
9.1100000000e+02,7.5980454837e-03,1.3442713100e-02,5.0330196377e-01,1.8473079061e-01,1.9431978209e-01,2.1873307607e-02,7.4733397335e-02,1.9743906271e+00
9.1150000000e+02,7.6465287001e-03,1.3546628098e-02,5.0623797980e-01,1.8272579566e-01,1.9291894153e-01,2.2685790961e-02,7.4238335250e-02,1.9669881346e+00
9.1200000000e+02,7.6815553191e-03,1.3723905334e-02,5.0858329668e-01,1.8089029703e-01,1.9166102331e-01,2.3454213443e-02,7.4005708887e-02,1.9591759388e+00
9.1250000000e+02,7.6317505132e-03,1.3599815084e-02,5.1320231332e-01,1.7880292357e-01,1.8941534535e-01,2.4265199646e-02,7.3082652525e-02,1.9421504800e+00
9.1300000000e+02,7.7226525339e-03,1.3737668093e-02,5.1475707051e-01,1.7918537575e-01,1.8700887888e-01,2.5195290065e-02,7.2393064162e-02,1.9352250166e+00
9.1350000000e+02,7.7879165989e-03,1.3715361011e-02,5.1700943859e-01,1.7740481572e-01,1.8675157896e-01,2.5949276282e-02,7.1381612844e-02,1.9251246002e+00
9.1400000000e+02,7.8447060989e-03,1.3853779395e-02,5.1910740968e-01,1.7389461441e-01,1.8705131927e-01,2.6497755912e-02,7.1750415243e-02,1.9152962176e+00
9.1450000000e+02,7.8584976868e-03,1.3807659701e-02,5.2065831922e-01,1.7220726657e-01,1.8623661585e-01,2.7368229069e-02,7.1863411905e-02,1.9120491974e+00
9.1500000000e+02,7.8992098230e-03,1.3725426261e-02,5.2403932789e-01,1.6978773943e-01,1.8434663954e-01,2.8262500656e-02,7.1939156391e-02,1.8965751851e+00
9.1550000000e+02,8.0411112710e-03,1.3577608473e-02,5.2653782198e-01,1.6733020944e-01,1.8382636205e-01,2.9151200683e-02,7.1535686103e-02,1.8889051648e+00
9.1600000000e+02,8.1042801218e-03,1.3544455580e-02,5.2916426939e-01,1.6653383960e-01,1.8199746225e-01,3.0264999417e-02,7.0390693640e-02,1.8762578702e+00
9.1650000000e+02,8.1724554482e-03,1.3564800188e-02,5.3156201781e-01,1.6393111692e-01,1.8250423718e-01,3.1049596862e-02,6.9215775589e-02,1.8725056138e+00
9.1700000000e+02,8.3609873278e-03,1.3734012117e-02,5.3307278435e-01,1.6333688257e-01,1.8104507810e-01,3.2129699426e-02,6.8320556102e-02,1.8665810331e+00
9.1750000000e+02,8.2792390695e-03,1.3779135147e-02,5.3621645463e-01,1.6224848119e-01,1.7854280226e-01,3.3925673638e-02,6.7008214071e-02,1.8496027623e+00
9.1800000000e+02,8.3223933005e-03,1.3862397772e-02,5.3768542155e-01,1.6151328698e-01,1.7697753994e-01,3.4912810284e-02,6.6726150168e-02,1.8400574313e+00
9.1850000000e+02,8.3125394578e-03,1.3731858753e-02,5.3990903921e-01,1.6074370641e-01,1.7553880184e-01,3.5717871521e-02,6.6046182813e-02,1.8162383802e+00
9.1900000000e+02,8.3556560378e-03,1.3800534104e-02,5.4214088112e-01,1.5935123750e-01,1.7478436425e-01,3.6843916846e-02,6.4723410140e-02,1.7972537152e+00
9.1950000000e+02,8.2883566118e-03,1.3841143309e-02,5.4420875072e-01,1.5797655441e-01,1.7427999988e-01,3.7436624492e-02,6.3968570572e-02,1.7749537711e+00
9.2000000000e+02,8.2068255854e-03,1.3663110586e-02,5.4661007100e-01,1.5668898918e-01,1.7368990254e-01,3.7865152585e-02,6.3275948527e-02,1.7519377822e+00
9.2050000000e+02,8.3295986070e-03,1.3680440673e-02,5.4873080238e-01,1.5524118834e-01,1.7324238826e-01,3.8696474887e-02,6.2079106854e-02,1.7424406557e+00
9.2100000000e+02,8.2024493404e-03,1.3755544686e-02,5.5089790003e-01,1.5409511861e-01,1.7169334179e-01,4.0200700827e-02,6.1154944719e-02,1.7325992412e+00
9.2150000000e+02,8.1691994728e-03,1.3740635081e-02,5.5331396295e-01,1.5297513777e-01,1.7210583177e-01,3.9942259729e-02,5.9752973235e-02,1.7114841264e+00
9.2200000000e+02,8.2798939730e-03,1.3849277026e-02,5.5441713332e-01,1.5153571540e-01,1.7123933862e-01,4.0837663352e-02,5.9840978298e-02,1.7050730183e+00
9.2250000000e+02,8.4363327964e-03,1.3921374147e-02,5.5512054391e-01,1.5142801478e-01,1.6992527570e-01,4.1896479723e-02,5.9271978943e-02,1.6927640305e+00
9.2300000000e+02,8.5480072583e-03,1.3764049752e-02,5.5662721982e-01,1.5116840398e-01,1.6819389641e-01,4.2941225239e-02,5.8757197545e-02,1.6799377118e+00
9.2350000000e+02,8.6561696987e-03,1.3606892858e-02,5.5887479460e-01,1.4946032243e-01,1.6729264534e-01,4.3917600504e-02,5.8191574569e-02,1.6678802278e+00
9.2400000000e+02,8.6747371728e-03,1.3478258210e-02,5.6038130839e-01,1.4920361778e-01,1.6601130269e-01,4.5197964572e-02,5.7052811183e-02,1.6542317656e+00
9.2450000000e+02,8.6448145109e-03,1.3492896686e-02,5.6019755487e-01,1.5006359460e-01,1.6495495706e-01,4.6107952352e-02,5.6538229915e-02,1.6397498169e+00
9.2500000000e+02,8.7559875113e-03,1.3482817535e-02,5.6113237296e-01,1.4903878390e-01,1.6461081603e-01,4.6961078606e-02,5.6018143460e-02,1.6266786500e+00
9.2550000000e+02,8.7906305976e-03,1.3348744704e-02,5.6212036126e-01,1.4807301962e-01,1.6353074268e-01,4.8207776679e-02,5.5928724467e-02,1.6115319523e+00
9.2600000000e+02,8.8726316570e-03,1.3246770382e-02,5.6334645984e-01,1.4653332530e-01,1.6398402156e-01,4.8830269991e-02,5.5186521266e-02,1.5991819729e+00
9.2650000000e+02,9.0171633672e-03,1.3505649878e-02,5.6325228557e-01,1.4636497925e-01,1.6254175890e-01,4.9960083466e-02,5.5358079562e-02,1.5937753462e+00
9.2700000000e+02,9.0548800333e-03,1.3360494115e-02,5.6445664720e-01,1.4539494744e-01,1.6117798516e-01,5.1692672398e-02,5.4862373642e-02,1.5829593435e+00
9.2750000000e+02,9.0587254548e-03,1.3300011403e-02,5.6448974960e-01,1.4613929056e-01,1.6013741651e-01,5.2351470527e-02,5.4523335945e-02,1.5678487663e+00
9.2800000000e+02,9.0616445484e-03,1.3253984373e-02,5.6647533093e-01,1.4505042357e-01,1.5835322973e-01,5.4270942667e-02,5.3534444189e-02,1.5543886220e+00
9.2850000000e+02,9.1024370953e-03,1.3336308026e-02,5.6552727300e-01,1.4628341844e-01,1.5774844033e-01,5.5206985184e-02,5.2795137926e-02,1.5411440812e+00
9.2900000000e+02,9.2075212684e-03,1.3351793734e-02,5.6635481254e-01,1.4623311590e-01,1.5692882551e-01,5.5988282723e-02,5.1935648320e-02,1.5252570890e+00
9.2950000000e+02,9.1824896075e-03,1.3291462857e-02,5.6722046840e-01,1.4562009300e-01,1.5590135535e-01,5.7461160850e-02,5.1322969934e-02,1.5094943193e+00
9.3000000000e+02,9.0613285374e-03,1.3279816377e-02,5.6823743469e-01,1.4565310292e-01,1.5420020819e-01,5.9169747267e-02,5.0398362018e-02,1.4916392915e+00
9.3050000000e+02,8.9689227706e-03,1.3252188978e-02,5.7009183593e-01,1.4435444056e-01,1.5364963751e-01,6.0157884871e-02,4.9525089379e-02,1.4755193901e+00
9.3100000000e+02,8.9172405959e-03,1.3119238421e-02,5.7182649252e-01,1.4298768125e-01,1.5278460539e-01,6.0923201488e-02,4.9441540335e-02,1.4629152920e+00
9.3150000000e+02,8.9224238345e-03,1.3126765713e-02,5.7244623967e-01,1.4273782006e-01,1.5130005097e-01,6.2154708177e-02,4.9311991576e-02,1.4504995246e+00
9.3200000000e+02,8.9197606307e-03,1.2949276708e-02,5.7284765675e-01,1.4287037992e-01,1.5078951922e-01,6.2136063778e-02,4.9487342999e-02,1.4401553224e+00
9.3250000000e+02,8.9127388397e-03,1.2883953146e-02,5.7344193435e-01,1.4235305924e-01,1.4838420955e-01,6.3919169515e-02,5.0104935367e-02,1.4349231825e+00
9.3300000000e+02,8.8848865246e-03,1.3033787936e-02,5.7336192349e-01,1.4334392700e-01,1.4608871105e-01,6.5373745307e-02,4.9913018695e-02,1.4274625332e+00
9.3350000000e+02,8.7484921555e-03,1.2962708478e-02,5.7292966966e-01,1.4365970383e-01,1.4588526173e-01,6.5832819737e-02,4.9981344408e-02,1.4209777383e+00
9.3400000000e+02,8.6922025514e-03,1.2940919702e-02,5.7307722758e-01,1.4379692783e-01,1.4481489038e-01,6.6231853987e-02,5.0445977975e-02,1.4176432000e+00
9.3450000000e+02,8.5440489257e-03,1.2972863705e-02,5.7340347576e-01,1.4453842407e-01,1.4376148824e-01,6.7173291441e-02,4.9606407856e-02,1.4094136096e+00
9.3500000000e+02,8.5303919667e-03,1.2868125958e-02,5.7507061077e-01,1.4346147454e-01,1.4258954956e-01,6.8187184861e-02,4.9292662340e-02,1.4075848749e+00
9.3550000000e+02,8.4682833639e-03,1.2755427049e-02,5.7581101711e-01,1.4293825832e-01,1.4286747400e-01,6.8252761375e-02,4.8906778783e-02,1.4074835637e+00
9.3600000000e+02,8.4675162585e-03,1.2814826510e-02,5.7643839752e-01,1.4217738052e-01,1.4244406746e-01,6.9094724036e-02,4.8563087685e-02,1.4088779531e+00
9.3650000000e+02,8.4765744302e-03,1.2739896641e-02,5.7707373246e-01,1.4215168161e-01,1.4230934892e-01,6.9198815819e-02,4.8049950118e-02,1.4018592797e+00
9.3700000000e+02,8.4173757580e-03,1.2720057538e-02,5.7745387513e-01,1.4158951130e-01,1.4113101946e-01,7.1083166071e-02,4.7604994739e-02,1.4018922032e+00
9.3750000000e+02,8.3408113004e-03,1.2688527685e-02,5.7769622182e-01,1.4169602913e-01,1.3970112411e-01,7.2785656980e-02,4.7091628972e-02,1.4011133410e+00
9.3800000000e+02,8.3106541461e-03,1.2674659093e-02,5.7864911928e-01,1.4100100611e-01,1.3886270032e-01,7.3621758975e-02,4.6880102071e-02,1.4026755588e+00
9.3850000000e+02,8.3584867902e-03,1.2741933701e-02,5.7780153986e-01,1.4144974982e-01,1.3794919904e-01,7.4694624595e-02,4.7004466200e-02,1.4077891409e+00
9.3900000000e+02,8.3180421456e-03,1.2880701925e-02,5.7776767682e-01,1.4194505250e-01,1.3639513691e-01,7.5732658383e-02,4.6960731317e-02,1.4095014383e+00
9.3950000000e+02,8.2611929682e-03,1.2822828291e-02,5.7812228332e-01,1.4117377284e-01,1.3609876853e-01,7.6409334099e-02,4.7111819948e-02,1.4118992596e+00
9.4000000000e+02,8.3417831798e-03,1.2875370063e-02,5.7835529778e-01,1.4165383951e-01,1.3483044721e-01,7.6804099256e-02,4.7139163007e-02,1.4175203534e+00
9.4050000000e+02,8.2100410494e-03,1.2762593570e-02,5.7892978217e-01,1.4073306164e-01,1.3368605860e-01,7.8067245349e-02,4.7611217617e-02,1.4227866006e+00
9.4100000000e+02,8.1107270582e-03,1.2750947469e-02,5.7949607836e-01,1.4105789032e-01,1.3113572056e-01,8.0053880689e-02,4.7394755542e-02,1.4235666973e+00
9.4150000000e+02,8.1547036387e-03,1.2681270747e-02,5.7820391824e-01,1.4196502864e-01,1.2892097787e-01,8.1989347411e-02,4.8084753444e-02,1.4270871141e+00
9.4200000000e+02,8.1481042443e-03,1.2688784841e-02,5.7964381445e-01,1.4009245375e-01,1.2919322804e-01,8.1881810683e-02,4.8351803992e-02,1.4310316298e+00
9.4250000000e+02,8.2045801267e-03,1.2786704165e-02,5.7969636968e-01,1.4004766477e-01,1.2752572190e-01,8.3530179628e-02,4.8208779723e-02,1.4338606665e+00
9.4300000000e+02,8.1948571814e-03,1.2938786699e-02,5.7863581674e-01,1.4098667034e-01,1.2563961164e-01,8.5295436642e-02,4.8308820756e-02,1.4391154425e+00
9.4350000000e+02,8.1752440878e-03,1.3041214577e-02,5.7829634861e-01,1.4132446374e-01,1.2401963878e-01,8.6845208019e-02,4.8297882188e-02,1.4437144905e+00
9.4400000000e+02,8.0488479036e-03,1.3027206919e-02,5.7804341359e-01,1.4168922748e-01,1.2219368540e-01,8.9179512181e-02,4.7818106522e-02,1.4470003414e+00
9.4450000000e+02,7.9791354413e-03,1.2938688218e-02,5.7883591632e-01,1.4086580774e-01,1.2011027957e-01,9.1598979967e-02,4.7671192741e-02,1.4512235539e+00
9.4500000000e+02,7.8479281225e-03,1.2869972914e-02,5.7837244999e-01,1.4248387026e-01,1.1710085389e-01,9.3944829642e-02,4.7380095180e-02,1.4493861272e+00
9.4550000000e+02,7.8645535101e-03,1.2804321380e-02,5.7802470189e-01,1.4238764170e-01,1.1556433774e-01,9.5938933626e-02,4.7415510163e-02,1.4546349161e+00
9.4600000000e+02,7.8938435718e-03,1.2632280947e-02,5.7948649473e-01,1.4165840889e-01,1.1254302634e-01,9.8628856878e-02,4.7157088636e-02,1.4542635067e+00
9.4650000000e+02,7.9095719044e-03,1.2642774758e-02,5.7886826228e-01,1.4142122511e-01,1.1196101191e-01,1.0070102509e-01,4.6496128943e-02,1.4630652970e+00
9.4700000000e+02,7.9020033082e-03,1.2538022104e-02,5.7810678709e-01,1.4208236814e-01,1.1081979128e-01,1.0205247146e-01,4.6498556621e-02,1.4659511876e+00
9.4750000000e+02,7.8952849114e-03,1.2494403643e-02,5.7704457488e-01,1.4369242420e-01,1.0849653065e-01,1.0408039831e-01,4.6296383414e-02,1.4701160959e+00
9.4800000000e+02,7.8911723464e-03,1.2501236746e-02,5.7711720848e-01,1.4397086393e-01,1.0847214592e-01,1.0477917160e-01,4.5268200983e-02,1.4702691300e+00
9.4850000000e+02,7.8201167690e-03,1.2537976880e-02,5.7778292062e-01,1.4352857928e-01,1.0639238732e-01,1.0721229949e-01,4.4725719646e-02,1.4727702016e+00
9.4900000000e+02,7.8713977610e-03,1.2494944672e-02,5.7615356836e-01,1.4523511014e-01,1.0597957657e-01,1.0821620248e-01,4.4049200012e-02,1.4756879264e+00
9.4950000000e+02,7.8786708043e-03,1.2626034295e-02,5.7444619304e-01,1.4630449041e-01,1.0500800089e-01,1.0976061219e-01,4.3975998373e-02,1.4845001890e+00
9.5000000000e+02,7.9485169725e-03,1.2645535230e-02,5.7283845650e-01,1.4771762692e-01,1.0449195990e-01,1.1029894108e-01,4.4058963395e-02,1.4927493761e+00
9.5050000000e+02,7.9807759031e-03,1.2813805331e-02,5.7177912817e-01,1.4733965621e-01,1.0258410173e-01,1.1282532455e-01,4.4677208105e-02,1.5035193337e+00
9.5100000000e+02,7.9853934919e-03,1.2730440966e-02,5.7239790125e-01,1.4646391055e-01,1.0043149004e-01,1.1541180090e-01,4.4579062801e-02,1.5015886311e+00
9.5150000000e+02,7.9421997201e-03,1.2746775491e-02,5.7191376043e-01,1.4668122468e-01,9.8712838681e-02,1.1736672386e-01,4.4636477137e-02,1.5060413288e+00
9.5200000000e+02,7.8937069118e-03,1.2690383068e-02,5.7079853912e-01,1.4822416797e-01,9.8587316977e-02,1.1781470118e-01,4.3991184771e-02,1.5072981769e+00
9.5250000000e+02,7.9132732399e-03,1.2568420026e-02,5.6954190038e-01,1.4964619365e-01,9.6349710238e-02,1.2008554660e-01,4.3894955870e-02,1.5150577084e+00
9.5300000000e+02,8.0369881436e-03,1.2652405985e-02,5.6741598607e-01,1.5111968516e-01,9.4331917290e-02,1.2156847806e-01,4.4874539292e-02,1.5231852894e+00
9.5350000000e+02,7.9791528821e-03,1.2641365651e-02,5.6687023903e-01,1.5243992512e-01,9.2755561596e-02,1.2280534930e-01,4.4508406413e-02,1.5209904789e+00
9.5400000000e+02,7.9903958900e-03,1.2650494772e-02,5.6592752468e-01,1.5443176028e-01,9.1842726353e-02,1.2317763466e-01,4.3979463355e-02,1.5225786100e+00
9.5450000000e+02,8.1558409483e-03,1.2694634650e-02,5.6515869581e-01,1.5468317177e-01,9.0542605185e-02,1.2524970561e-01,4.3515346028e-02,1.5247522601e+00
9.5500000000e+02,8.1053239676e-03,1.2668168209e-02,5.6392606695e-01,1.5543660131e-01,8.8716123121e-02,1.2726372171e-01,4.3883994727e-02,1.5293777801e+00
9.5550000000e+02,8.0609805779e-03,1.2605280839e-02,5.6374722136e-01,1.5487652046e-01,8.7714447018e-02,1.2922345371e-01,4.3772096031e-02,1.5340281769e+00
9.5600000000e+02,8.1236994169e-03,1.2695382026e-02,5.6397239270e-01,1.5291633846e-01,8.6389417069e-02,1.3090428321e-01,4.4998487112e-02,1.5381873056e+00
9.5650000000e+02,8.1856324640e-03,1.2533854682e-02,5.6455667352e-01,1.5244122727e-01,8.3817195302e-02,1.3365772903e-01,4.4807687734e-02,1.5345664841e+00
9.5700000000e+02,8.2399200063e-03,1.2334022082e-02,5.6458216195e-01,1.5198184714e-01,8.2372725276e-02,1.3527919466e-01,4.5210128883e-02,1.5364906098e+00
9.5750000000e+02,8.3626437310e-03,1.2453920555e-02,5.6362234735e-01,1.5152879724e-01,8.2090271600e-02,1.3616747482e-01,4.5774544703e-02,1.5429964061e+00
9.5800000000e+02,8.4678196706e-03,1.2554316242e-02,5.6131135481e-01,1.5307511518e-01,8.0191379179e-02,1.3817388453e-01,4.6226130385e-02,1.5485173752e+00
9.5850000000e+02,8.5464400280e-03,1.2619070828e-02,5.6108021931e-01,1.5332095697e-01,7.9577930661e-02,1.3862933831e-01,4.6226043889e-02,1.5504943144e+00
9.5900000000e+02,8.4115744070e-03,1.2400808392e-02,5.6203332452e-01,1.5326974969e-01,7.7114836969e-02,1.4078647952e-01,4.5983226504e-02,1.5461430338e+00
9.5950000000e+02,8.4593451675e-03,1.2210487441e-02,5.6224082289e-01,1.5201144967e-01,7.4900576148e-02,1.4400022729e-01,4.6177091388e-02,1.5418379542e+00
9.6000000000e+02,8.6007640536e-03,1.2272047482e-02,5.6020336426e-01,1.5278246378e-01,7.2791645161e-02,1.4651704472e-01,4.6832670536e-02,1.5523822761e+00
9.6050000000e+02,8.5821711456e-03,1.2200994531e-02,5.5850482202e-01,1.5391398254e-01,7.1553544966e-02,1.4869075927e-01,4.6553725523e-02,1.5527841730e+00
9.6100000000e+02,8.6406562258e-03,1.2232949076e-02,5.5708352451e-01,1.5495984508e-01,6.9844699757e-02,1.5007305007e-01,4.7165275282e-02,1.5573984454e+00
9.6150000000e+02,8.7456112728e-03,1.2333067566e-02,5.5606435646e-01,1.5509860586e-01,6.7898759193e-02,1.5219931211e-01,4.7660287542e-02,1.5589534934e+00
9.6200000000e+02,8.7933745669e-03,1.2486293400e-02,5.5488985539e-01,1.5594071357e-01,6.6996049089e-02,1.5358366971e-01,4.7310044273e-02,1.5623529736e+00
9.6250000000e+02,8.7415062883e-03,1.2506198616e-02,5.5567794891e-01,1.5469326092e-01,6.4618428755e-02,1.5640453670e-01,4.7358119811e-02,1.5603315592e+00
9.6300000000e+02,8.7449167911e-03,1.2589962094e-02,5.5515095966e-01,1.5521726332e-01,6.2605222022e-02,1.5874758007e-01,4.6944096043e-02,1.5621841967e+00
9.6350000000e+02,8.8252869947e-03,1.2532986524e-02,5.5499355409e-01,1.5625662771e-01,6.0997053727e-02,1.6060209484e-01,4.5792396116e-02,1.5582683880e+00
9.6400000000e+02,8.8429764805e-03,1.2459445375e-02,5.5453542054e-01,1.5643371602e-01,6.0086048036e-02,1.6199165138e-01,4.5650742155e-02,1.5590213731e+00
9.6450000000e+02,8.8177317843e-03,1.2377643159e-02,5.5486799851e-01,1.5649045815e-01,5.7990830024e-02,1.6385901674e-01,4.5596321624e-02,1.5555198288e+00
9.6500000000e+02,8.8201192026e-03,1.2432351147e-02,5.5408163550e-01,1.5700870858e-01,5.6800084976e-02,1.6519680643e-01,4.5660294160e-02,1.5541432361e+00
9.6550000000e+02,8.8199506860e-03,1.2388418751e-02,5.5348397208e-01,1.5752125846e-01,5.5019374830e-02,1.6715812501e-01,4.5608900186e-02,1.5546643171e+00
9.6600000000e+02,8.8378343329e-03,1.2411584589e-02,5.5281140351e-01,1.5744723975e-01,5.3379152964e-02,1.6890117850e-01,4.6211606346e-02,1.5512469806e+00
9.6650000000e+02,8.8344363131e-03,1.2235999449e-02,5.5428915140e-01,1.5665010588e-01,5.1613345996e-02,1.7060795907e-01,4.5769001893e-02,1.5391435421e+00
9.6700000000e+02,8.9358627824e-03,1.2293343267e-02,5.5358726564e-01,1.5655495204e-01,5.0266632898e-02,1.7229169613e-01,4.6070247238e-02,1.5464792407e+00
9.6750000000e+02,8.9838522555e-03,1.2268242495e-02,5.5271568198e-01,1.5725363616e-01,4.9566009210e-02,1.7325897878e-01,4.5953599107e-02,1.5445957740e+00
9.6800000000e+02,8.9877133312e-03,1.2394862916e-02,5.5096160179e-01,1.5809594672e-01,4.8326317438e-02,1.7492171218e-01,4.6311845628e-02,1.5485048127e+00
9.6850000000e+02,9.0067444647e-03,1.2473900528e-02,5.4979232070e-01,1.5988983506e-01,4.7665863772e-02,1.7525312433e-01,4.5918211144e-02,1.5508840798e+00
9.6900000000e+02,9.0139416955e-03,1.2459749221e-02,5.4862921625e-01,1.6178005152e-01,4.6484187073e-02,1.7635102321e-01,4.5281831025e-02,1.5484519289e+00
9.6950000000e+02,9.0839481328e-03,1.2428163354e-02,5.4863344662e-01,1.6139075236e-01,4.5633042976e-02,1.7740640180e-01,4.5424244751e-02,1.5497546975e+00
9.7000000000e+02,9.1432341596e-03,1.2533097239e-02,5.4758183790e-01,1.6146972685e-01,4.5072007244e-02,1.7863143390e-01,4.5568662716e-02,1.5508796020e+00
9.7050000000e+02,9.2194349626e-03,1.2621504124e-02,5.4666535006e-01,1.6252102447e-01,4.4084351891e-02,1.7979421596e-01,4.5094118531e-02,1.5516757189e+00
9.7100000000e+02,9.2081242881e-03,1.2717041937e-02,5.4540781098e-01,1.6302905757e-01,4.3695780798e-02,1.8076595649e-01,4.5176227942e-02,1.5529766453e+00
9.7150000000e+02,9.2492330484e-03,1.2737011462e-02,5.4587877774e-01,1.6233682546e-01,4.3221665787e-02,1.8133815854e-01,4.5238327964e-02,1.5541668079e+00
9.7200000000e+02,9.2611560824e-03,1.2732178495e-02,5.4716017554e-01,1.6077290121e-01,4.2477743571e-02,1.8211396322e-01,4.5481881882e-02,1.5546773330e+00
9.7250000000e+02,9.1801173458e-03,1.2741265428e-02,5.4588135330e-01,1.6137711677e-01,4.1864479388e-02,1.8307468292e-01,4.5880984853e-02,1.5531790235e+00
9.7300000000e+02,9.1882685453e-03,1.2776988850e-02,5.4561223014e-01,1.6219373913e-01,4.1386848417e-02,1.8367143796e-01,4.5170486967e-02,1.5458673323e+00
9.7350000000e+02,9.2104308420e-03,1.2837834945e-02,5.4560526327e-01,1.6271627000e-01,4.0638921947e-02,1.8408619270e-01,4.4905086296e-02,1.5440700753e+00
9.7400000000e+02,9.1712435465e-03,1.2876839947e-02,5.4503300177e-01,1.6299334433e-01,4.0103139147e-02,1.8485069408e-01,4.4971737181e-02,1.5433535896e+00
9.7450000000e+02,9.1740817717e-03,1.2926449559e-02,5.4410792720e-01,1.6237596309e-01,4.0394059681e-02,1.8585754542e-01,4.5163973272e-02,1.5454801394e+00
9.7500000000e+02,9.1948257543e-03,1.3092291686e-02,5.4431506438e-01,1.6188050923e-01,4.0139877608e-02,1.8633382578e-01,4.5043605555e-02,1.5484723739e+00
9.7550000000e+02,9.2576601252e-03,1.3152089626e-02,5.4444320085e-01,1.6176736670e-01,3.9702124724e-02,1.8661139444e-01,4.5066163538e-02,1.5484216267e+00
9.7600000000e+02,9.3044677858e-03,1.3382515213e-02,5.4464606235e-01,1.6172125061e-01,3.9429509477e-02,1.8684843795e-01,4.4667756609e-02,1.5438493918e+00
9.7650000000e+02,9.3801127787e-03,1.3534088471e-02,5.4338142128e-01,1.6223482101e-01,3.9174554684e-02,1.8713761993e-01,4.5157381844e-02,1.5531508605e+00
9.7700000000e+02,9.3896641738e-03,1.3633725648e-02,5.4324647295e-01,1.6279947982e-01,3.8580999115e-02,1.8695156795e-01,4.5398090343e-02,1.5575496807e+00
9.7750000000e+02,9.3638030203e-03,1.3615458642e-02,5.4198790495e-01,1.6393871725e-01,3.8342253379e-02,1.8738889355e-01,4.5362969206e-02,1.5625778749e+00
9.7800000000e+02,9.3714770046e-03,1.3628129245e-02,5.4048597437e-01,1.6520267173e-01,3.8255960669e-02,1.8781917902e-01,4.5236607960e-02,1.5672011065e+00
9.7850000000e+02,9.3591446271e-03,1.3507388214e-02,5.4160283727e-01,1.6416405971e-01,3.8034023747e-02,1.8811972062e-01,4.5212825811e-02,1.5651972695e+00
9.7900000000e+02,9.3732784821e-03,1.3553414813e-02,5.4056301393e-01,1.6448715672e-01,3.8027088415e-02,1.8840590149e-01,4.5590146148e-02,1.5662862659e+00
9.7950000000e+02,9.3693530397e-03,1.3599036968e-02,5.4068594927e-01,1.6496197651e-01,3.7530647555e-02,1.8853909488e-01,4.5313941772e-02,1.5623544177e+00
9.8000000000e+02,9.2688026218e-03,1.3572149163e-02,5.3868555330e-01,1.6619398949e-01,3.7697640825e-02,1.8857318655e-01,4.6008678047e-02,1.5730955652e+00
9.8050000000e+02,9.4002154483e-03,1.3629810866e-02,5.3717509418e-01,1.6752995322e-01,3.7965979243e-02,1.8862326918e-01,4.5675677874e-02,1.5785064469e+00
9.8100000000e+02,9.3800673048e-03,1.3634848672e-02,5.3591303142e-01,1.6862457901e-01,3.8125391321e-02,1.8834981314e-01,4.5972269122e-02,1.5829206424e+00
9.8150000000e+02,9.4356234875e-03,1.3732226564e-02,5.3567609041e-01,1.6776979152e-01,3.8548286245e-02,1.8812182864e-01,4.6716153130e-02,1.5931977888e+00
9.8200000000e+02,9.4384545779e-03,1.3890930148e-02,5.3300294790e-01,1.6891180892e-01,3.9014779939e-02,1.8819667414e-01,4.7544404372e-02,1.6077526477e+00
9.8250000000e+02,9.3652904080e-03,1.4124195962e-02,5.3192058298e-01,1.6968705452e-01,3.9100342448e-02,1.8826678981e-01,4.7535743864e-02,1.6124283398e+00
9.8300000000e+02,9.3563229824e-03,1.4226876760e-02,5.3149292998e-01,1.7008962470e-01,3.9499467299e-02,1.8787318005e-01,4.7461598220e-02,1.6153689489e+00
9.8350000000e+02,9.3944893096e-03,1.4271182664e-02,5.3140020717e-01,1.6999373251e-01,3.9806577352e-02,1.8717694318e-01,4.7956867814e-02,1.6197696054e+00
9.8400000000e+02,9.4133129958e-03,1.4217146768e-02,5.3014322722e-01,1.7138154372e-01,4.0353151753e-02,1.8673895865e-01,4.7752658899e-02,1.6252815292e+00
9.8450000000e+02,9.3912261011e-03,1.4212461617e-02,5.3305942580e-01,1.6971373803e-01,4.0138792213e-02,1.8639068487e-01,4.7093671367e-02,1.6250586489e+00
9.8500000000e+02,9.4350401411e-03,1.4415969182e-02,5.3311468634e-01,1.6943786217e-01,4.0766509189e-02,1.8581473460e-01,4.7015198376e-02,1.6331460709e+00
9.8550000000e+02,9.4061374717e-03,1.4466083273e-02,5.3597072849e-01,1.6680237379e-01,4.1180264420e-02,1.8513010730e-01,4.7044305248e-02,1.6365787285e+00
9.8600000000e+02,9.5594835684e-03,1.4462766257e-02,5.3636994638e-01,1.6593228956e-01,4.1625753879e-02,1.8451822837e-01,4.7531531989e-02,1.6459245974e+00
9.8650000000e+02,9.6145176632e-03,1.4494273093e-02,5.3807810314e-01,1.6469080918e-01,4.2247602888e-02,1.8371646990e-01,4.7158224131e-02,1.6477706346e+00
9.8700000000e+02,9.6335072707e-03,1.4544566086e-02,5.3759694817e-01,1.6455705109e-01,4.2942024923e-02,1.8312375239e-01,4.7602150076e-02,1.6553247886e+00
9.8750000000e+02,9.6368216570e-03,1.4804727773e-02,5.3640190964e-01,1.6547098910e-01,4.3767257968e-02,1.8225129935e-01,4.7666994508e-02,1.6656240597e+00
9.8800000000e+02,9.7022248933e-03,1.4739291007e-02,5.3591728389e-01,1.6629900694e-01,4.3988561665e-02,1.8179123095e-01,4.7562400657e-02,1.6670554587e+00
9.8850000000e+02,9.7464834818e-03,1.4926541128e-02,5.3498150435e-01,1.6621556274e-01,4.4419149253e-02,1.8140014811e-01,4.8310610939e-02,1.6813476958e+00
9.8900000000e+02,9.7867804306e-03,1.5046931402e-02,5.3485066060e-01,1.6657768883e-01,4.4451825231e-02,1.8093826240e-01,4.8347851100e-02,1.6883201976e+00
9.8950000000e+02,9.8568179027e-03,1.5239089517e-02,5.3321142666e-01,1.6812694612e-01,4.5266877350e-02,1.8042093966e-01,4.7877902796e-02,1.6967460416e+00
9.9000000000e+02,9.8754746199e-03,1.5317924416e-02,5.3307101225e-01,1.6843652218e-01,4.6184043842e-02,1.7926723217e-01,4.7847790528e-02,1.7023495755e+00
9.9050000000e+02,9.9464159047e-03,1.5353430851e-02,5.3176553547e-01,1.6890122225e-01,4.7407296671e-02,1.7866592637e-01,4.7960172489e-02,1.7101943615e+00
9.9100000000e+02,9.9990939132e-03,1.5406176700e-02,5.2948837100e-01,1.7007997109e-01,4.8569372622e-02,1.7778420165e-01,4.8672813020e-02,1.7306090960e+00
9.9150000000e+02,9.9401651721e-03,1.5340028561e-02,5.3055093796e-01,1.6914860069e-01,4.9433209148e-02,1.7711923312e-01,4.8467825342e-02,1.7379150694e+00
9.9200000000e+02,1.0002798308e-02,1.5418649607e-02,5.2920155529e-01,1.6952055138e-01,5.0420459302e-02,1.7641956896e-01,4.9016417154e-02,1.7449423961e+00
9.9250000000e+02,9.8922687400e-03,1.5420297192e-02,5.2988443322e-01,1.6958351502e-01,5.1036665274e-02,1.7555114235e-01,4.8631678197e-02,1.7436764572e+00
9.9300000000e+02,9.9049453107e-03,1.5583828852e-02,5.3166340389e-01,1.6848364442e-01,5.2006142663e-02,1.7375818072e-01,4.8599854138e-02,1.7546158033e+00
9.9350000000e+02,9.8977168816e-03,1.5614478840e-02,5.3333710836e-01,1.6711450730e-01,5.2795953114e-02,1.7248987396e-01,4.8750361547e-02,1.7548131821e+00
9.9400000000e+02,9.8922023800e-03,1.5852362395e-02,5.3220840839e-01,1.6725270093e-01,5.3890273376e-02,1.7166861884e-01,4.9235433688e-02,1.7656597772e+00
9.9450000000e+02,9.8968875436e-03,1.5912282852e-02,5.3347738107e-01,1.6595408963e-01,5.4766253873e-02,1.7032364212e-01,4.9669462911e-02,1.7709446554e+00
9.9500000000e+02,9.9479929862e-03,1.6115649637e-02,5.3063305099e-01,1.6779085556e-01,5.5712437180e-02,1.6963041809e-01,5.0169595553e-02,1.7831301014e+00
9.9550000000e+02,1.0059533786e-02,1.6223589914e-02,5.2944263945e-01,1.6829906480e-01,5.7124470697e-02,1.6793884252e-01,5.0911858826e-02,1.8012526535e+00
9.9600000000e+02,1.0096086924e-02,1.6273343168e-02,5.2766451020e-01,1.7019037125e-01,5.8168161703e-02,1.6657485047e-01,5.1032676293e-02,1.8152395269e+00
9.9650000000e+02,1.0040122997e-02,1.6067653108e-02,5.2891408808e-01,1.6916930234e-01,5.9217020411e-02,1.6538104691e-01,5.1210766167e-02,1.8188893813e+00
9.9700000000e+02,9.9753488797e-03,1.6158028486e-02,5.2977894094e-01,1.6818022853e-01,5.9431932309e-02,1.6476786024e-01,5.1707660621e-02,1.8238207929e+00
9.9750000000e+02,9.9235651793e-03,1.6015245422e-02,5.3012100109e-01,1.6845051384e-01,6.0003233861e-02,1.6361972712e-01,5.1866713478e-02,1.8274360998e+00
9.9800000000e+02,1.0018727255e-02,1.6105252131e-02,5.2998374959e-01,1.6852038258e-01,6.1225685054e-02,1.6226640884e-01,5.1879794552e-02,1.8381503996e+00
9.9850000000e+02,9.9510917749e-03,1.6207155527e-02,5.3022172990e-01,1.6856538993e-01,6.2296309062e-02,1.6054265243e-01,5.2215671379e-02,1.8425626502e+00
9.9900000000e+02,9.9358213552e-03,1.6135096808e-02,5.2940842081e-01,1.6869286387e-01,6.3827857461e-02,1.5955013194e-01,5.2449807754e-02,1.8523506592e+00
9.9950000000e+02,9.9365124420e-03,1.6274122317e-02,5.2797694675e-01,1.6960874533e-01,6.4402108319e-02,1.5883077312e-01,5.2970791721e-02,1.8628103571e+00

# METADATA: {"config_sha256": "07511ea139e5", "provenance": "Hardened_JPCL_Resubmission_v1.3", "git_commit_sha": "4883ee974158"}
