time_fs,population_site_1,population_site_2,population_site_3,population_site_4,population_site_5,population_site_6,population_site_7,coherences
0.0000000000e+00,1.2515233277e-01,3.4441630796e-02,3.8988769700e-02,5.3020137469e-01,1.1135823251e-01,1.3126085563e-02,1.4673157397e-01,4.2729333340e+00
5.0000000000e-01,1.2474661524e-01,3.4293599549e-02,3.9286855253e-02,5.2998508507e-01,1.1115197174e-01,1.3146644241e-02,1.4738922891e-01,4.2738125454e+00
1.0000000000e+00,1.2472122969e-01,3.4274251225e-02,3.9315174152e-02,5.2954572053e-01,1.1126251493e-01,1.3055712109e-02,1.4782539737e-01,4.2736339553e+00
1.5000000000e+00,1.2382325239e-01,3.4331449623e-02,3.9250217502e-02,5.3113285330e-01,1.1073870119e-01,1.3037986282e-02,1.4768553971e-01,4.2677392163e+00
2.0000000000e+00,1.2422256260e-01,3.4489232598e-02,3.9765007033e-02,5.2873063486e-01,1.1087482191e-01,1.3119496629e-02,1.4879824437e-01,4.2796062369e+00
2.5000000000e+00,1.2417255077e-01,3.4460618302e-02,3.9734440109e-02,5.2750546055e-01,1.1121886823e-01,1.3130825736e-02,1.4977723631e-01,4.2827488554e+00
3.0000000000e+00,1.2307140682e-01,3.4182188768e-02,3.9843545410e-02,5.2863879894e-01,1.1106995845e-01,1.3045213710e-02,1.5014888790e-01,4.2761590516e+00
3.5000000000e+00,1.2308611564e-01,3.4086454118e-02,3.9752837233e-02,5.2857224559e-01,1.1074757866e-01,1.3048884179e-02,1.5070588457e-01,4.2745078727e+00
4.0000000000e+00,1.2331662290e-01,3.3969075492e-02,4.0162076826e-02,5.2661910154e-01,1.1217056550e-01,1.2960446249e-02,1.5080211149e-01,4.2816690864e+00
4.5000000000e+00,1.2281380973e-01,3.3800774241e-02,4.0309956474e-02,5.2824596403e-01,1.1109550846e-01,1.2982177562e-02,1.5075180950e-01,4.2755503736e+00
5.0000000000e+00,1.2300366720e-01,3.3773069271e-02,4.0244672569e-02,5.2832943297e-01,1.1142506434e-01,1.2880569638e-02,1.5034352401e-01,4.2737055146e+00
5.5000000000e+00,1.2331890289e-01,3.3851301491e-02,4.0431141193e-02,5.2847413421e-01,1.1088296732e-01,1.2807007801e-02,1.5023454509e-01,4.2729328794e+00
6.0000000000e+00,1.2307239245e-01,3.3726375676e-02,4.0723568695e-02,5.2997823747e-01,1.1063310187e-01,1.2843776611e-02,1.4902254723e-01,4.2692696052e+00
6.5000000000e+00,1.2201290952e-01,3.3610085176e-02,4.1044526902e-02,5.3179796952e-01,1.1023670863e-01,1.2813776747e-02,1.4848402350e-01,4.2633800990e+00
7.0000000000e+00,1.2160611188e-01,3.3448402637e-02,4.1361514281e-02,5.3231428922e-01,1.1048787344e-01,1.2813958720e-02,1.4796784983e-01,4.2621183163e+00
7.5000000000e+00,1.2232422245e-01,3.3531461385e-02,4.1777650106e-02,5.3174702925e-01,1.0980483695e-01,1.2768424657e-02,1.4804637520e-01,4.2650901362e+00
8.0000000000e+00,1.2238828196e-01,3.3377677254e-02,4.2525836049e-02,5.3209850008e-01,1.1005406279e-01,1.2730585565e-02,1.4682505630e-01,4.2663507908e+00
8.5000000000e+00,1.2219885675e-01,3.3432766270e-02,4.2755331671e-02,5.3280600703e-01,1.0920869204e-01,1.2732288629e-02,1.4686605761e-01,4.2645426886e+00
9.0000000000e+00,1.2222499493e-01,3.3327576967e-02,4.3155069605e-02,5.3424046918e-01,1.0867533950e-01,1.2701359904e-02,1.4567518992e-01,4.2599002504e+00
9.5000000000e+00,1.2173342594e-01,3.3306707082e-02,4.3569283366e-02,5.3474616860e-01,1.0929805643e-01,1.2630781167e-02,1.4471557742e-01,4.2595325415e+00
1.0000000000e+01,1.2137802908e-01,3.3092966826e-02,4.3864420777e-02,5.3667693208e-01,1.0862053579e-01,1.2581575639e-02,1.4378553982e-01,4.2519510855e+00
1.0500000000e+01,1.2086965329e-01,3.3043320508e-02,4.3999405534e-02,5.3753350237e-01,1.0885213272e-01,1.2529549218e-02,1.4317243636e-01,4.2487332084e+00
1.1000000000e+01,1.2064824364e-01,3.2859692466e-02,4.4150242058e-02,5.3742811977e-01,1.0881363208e-01,1.2394498209e-02,1.4370557177e-01,4.2452930847e+00
1.1500000000e+01,1.1949846244e-01,3.2478159105e-02,4.4550783938e-02,5.4015333714e-01,1.0825781137e-01,1.2279253106e-02,1.4278219290e-01,4.2336857884e+00
1.2000000000e+01,1.1911196610e-01,3.2152445216e-02,4.4960955030e-02,5.4087322520e-01,1.0863635413e-01,1.2215083181e-02,1.4204997114e-01,4.2307758317e+00
1.2500000000e+01,1.1870925239e-01,3.2144269161e-02,4.5497472614e-02,5.4055753541e-01,1.0864996530e-01,1.2165629225e-02,1.4227587590e-01,4.2329339518e+00
1.3000000000e+01,1.1808963416e-01,3.1919406062e-02,4.5937972403e-02,5.4216771005e-01,1.0810493149e-01,1.2088530717e-02,1.4169181511e-01,4.2255948049e+00
1.3500000000e+01,1.1796354119e-01,3.1751270541e-02,4.6707695928e-02,5.4239252831e-01,1.0814002673e-01,1.2050897926e-02,1.4099403937e-01,4.2255675468e+00
1.4000000000e+01,1.1755647904e-01,3.1558384397e-02,4.7031347600e-02,5.4416650624e-01,1.0751723670e-01,1.1999755178e-02,1.4017029084e-01,4.2182749343e+00
1.4500000000e+01,1.1623881176e-01,3.1312262122e-02,4.7710362319e-02,5.4704042746e-01,1.0677548374e-01,1.2006174783e-02,1.3891647781e-01,4.2095654604e+00
1.5000000000e+01,1.1603712867e-01,3.1013000422e-02,4.8036216307e-02,5.4893447365e-01,1.0606645235e-01,1.1926372875e-02,1.3798635572e-01,4.2007663864e+00
1.5500000000e+01,1.1607948051e-01,3.0859326752e-02,4.8643089169e-02,5.4950812840e-01,1.0560102301e-01,1.1857996104e-02,1.3745095605e-01,4.1986087789e+00
1.6000000000e+01,1.1455227639e-01,3.0746191360e-02,4.9273412259e-02,5.5213347204e-01,1.0551201572e-01,1.1839757098e-02,1.3594287513e-01,4.1907330240e+00
1.6500000000e+01,1.1407983553e-01,3.0568885109e-02,4.9790513214e-02,5.5409728199e-01,1.0517504492e-01,1.1756378213e-02,1.3453206103e-01,4.1834374863e+00
1.7000000000e+01,1.1402265361e-01,3.0630040267e-02,5.0530362108e-02,5.5471245153e-01,1.0497494578e-01,1.1667961190e-02,1.3346158551e-01,4.1827863612e+00
1.7500000000e+01,1.1319429032e-01,3.0389400020e-02,5.1541001654e-02,5.5730703438e-01,1.0399429804e-01,1.1574021691e-02,1.3199995390e-01,4.1735243378e+00
1.8000000000e+01,1.1247614606e-01,3.0351215730e-02,5.2432927148e-02,5.5937076688e-01,1.0367717966e-01,1.1536465915e-02,1.3015529861e-01,4.1678477658e+00
1.8500000000e+01,1.1137454420e-01,3.0195475263e-02,5.3112052263e-02,5.6041584451e-01,1.0417268110e-01,1.1510635886e-02,1.2921876678e-01,4.1648791732e+00
1.9000000000e+01,1.0983243471e-01,2.9905507041e-02,5.3920576484e-02,5.6411883808e-01,1.0326608005e-01,1.1388171150e-02,1.2756839248e-01,4.1504911233e+00
1.9500000000e+01,1.0950629344e-01,2.9729595510e-02,5.4779337994e-02,5.6544521310e-01,1.0277723275e-01,1.1229646383e-02,1.2653268082e-01,4.1440367918e+00
2.0000000000e+01,1.0852061554e-01,2.9380943333e-02,5.5093163035e-02,5.6875619370e-01,1.0165789278e-01,1.1208366359e-02,1.2538282526e-01,4.1292201911e+00
2.0500000000e+01,1.0795162443e-01,2.9135547830e-02,5.5578023009e-02,5.7055840063e-01,1.0128214267e-01,1.1087603742e-02,1.2440665769e-01,4.1203249470e+00
2.1000000000e+01,1.0740488592e-01,2.8907955889e-02,5.6532311685e-02,5.7169090795e-01,1.0076358642e-01,1.1020163733e-02,1.2368018839e-01,4.1162955639e+00
2.1500000000e+01,1.0716151009e-01,2.8617637447e-02,5.7721640418e-02,5.7305594159e-01,1.0013375987e-01,1.0991790789e-02,1.2231771980e-01,4.1124862009e+00
2.2000000000e+01,1.0640868917e-01,2.8552984304e-02,5.8562449365e-02,5.7459914846e-01,9.9483295174e-02,1.0885162054e-02,1.2150827148e-01,4.1055372111e+00
2.2500000000e+01,1.0631777877e-01,2.8512375498e-02,5.9371318924e-02,5.7544050677e-01,9.8811735958e-02,1.0793779955e-02,1.2075250413e-01,4.1020646306e+00
2.3000000000e+01,1.0634616997e-01,2.8334457385e-02,6.0739708224e-02,5.7628551039e-01,9.7806010563e-02,1.0768722654e-02,1.1971942081e-01,4.1005121325e+00
2.3500000000e+01,1.0553439592e-01,2.8229063118e-02,6.1473489790e-02,5.7770907862e-01,9.7647387191e-02,1.0645432506e-02,1.1876115285e-01,4.0942449393e+00
2.4000000000e+01,1.0463666358e-01,2.7847774048e-02,6.2264795814e-02,5.8018186270e-01,9.7488804354e-02,1.0566134849e-02,1.1701396466e-01,4.0820554883e+00
2.4500000000e+01,1.0485956271e-01,2.7541831441e-02,6.2707805498e-02,5.8115427893e-01,9.7504422543e-02,1.0468027740e-02,1.1576407114e-01,4.0750186708e+00
2.5000000000e+01,1.0421465508e-01,2.7365281322e-02,6.3851113857e-02,5.8170650905e-01,9.7129125784e-02,1.0392926096e-02,1.1534038882e-01,4.0731601805e+00
2.5500000000e+01,1.0359720689e-01,2.7366542397e-02,6.4627993317e-02,5.8341646747e-01,9.6574665387e-02,1.0306166246e-02,1.1411095829e-01,4.0663318160e+00
2.6000000000e+01,1.0299181322e-01,2.7183946880e-02,6.5707127375e-02,5.8516975143e-01,9.5992959082e-02,1.0185864337e-02,1.1276853768e-01,4.0583049572e+00
2.6500000000e+01,1.0253688610e-01,2.6972836357e-02,6.7038082068e-02,5.8522279590e-01,9.6391653366e-02,1.0024156672e-02,1.1181358953e-01,4.0570289938e+00
2.7000000000e+01,1.0157346615e-01,2.6513498661e-02,6.8335359698e-02,5.8721050273e-01,9.6172826761e-02,9.8935528931e-03,1.1030079310e-01,4.0463774172e+00
2.7500000000e+01,1.0059388556e-01,2.6099882178e-02,6.9517353703e-02,5.8894487939e-01,9.6331261017e-02,9.7349158531e-03,1.0877782229e-01,4.0356692987e+00
2.8000000000e+01,9.9431354936e-02,2.5939121394e-02,7.0357607007e-02,5.9051539328e-01,9.6193560647e-02,9.5902760214e-03,1.0797268672e-01,4.0269094787e+00
2.8500000000e+01,9.8181917533e-02,2.5665234689e-02,7.0929286314e-02,5.9220166720e-01,9.6670723891e-02,9.4608035267e-03,1.0689036685e-01,4.0158449528e+00
2.9000000000e+01,9.7478570980e-02,2.5450097103e-02,7.1685479224e-02,5.9422955588e-01,9.6566323374e-02,9.3060151384e-03,1.0528395830e-01,4.0043880667e+00
2.9500000000e+01,9.6686654494e-02,2.5390392730e-02,7.2900705149e-02,5.9503181872e-01,9.6735885536e-02,9.1546561293e-03,1.0409988724e-01,3.9990504734e+00
3.0000000000e+01,9.5772637108e-02,2.5159800084e-02,7.3433359303e-02,5.9763848787e-01,9.6629406070e-02,9.0146744146e-03,1.0235163515e-01,3.9847967668e+00
3.0500000000e+01,9.4538631030e-02,2.4841920040e-02,7.4867958267e-02,5.9872051383e-01,9.6257498715e-02,8.8792006595e-03,1.0189427746e-01,3.9770734624e+00
3.1000000000e+01,9.3547558187e-02,2.4735130978e-02,7.5684755235e-02,5.9999832226e-01,9.5992535138e-02,8.7625464857e-03,1.0127915171e-01,3.9681133895e+00
3.1500000000e+01,9.2581840799e-02,2.4463612666e-02,7.6807119695e-02,6.0109245784e-01,9.6022602783e-02,8.6999515616e-03,1.0033241466e-01,3.9597768164e+00
3.2000000000e+01,9.1732355063e-02,2.4257525264e-02,7.7905117316e-02,6.0220233751e-01,9.5460896725e-02,8.6008537404e-03,9.9840914379e-02,3.9515241574e+00
3.2500000000e+01,9.0826431713e-02,2.3988500386e-02,7.9175111494e-02,6.0266199349e-01,9.5593650021e-02,8.5027365140e-03,9.9251576379e-02,3.9467906222e+00
3.3000000000e+01,8.9636894607e-02,2.3666006070e-02,8.0512140786e-02,6.0359385381e-01,9.5614022008e-02,8.3544825306e-03,9.8622600188e-02,3.9383845139e+00
3.3500000000e+01,8.8949707913e-02,2.3409065600e-02,8.1869413362e-02,6.0342996748e-01,9.6292201794e-02,8.2427145689e-03,9.7806929287e-02,3.9349597172e+00
3.4000000000e+01,8.8203131979e-02,2.3185421930e-02,8.3448596717e-02,6.0377053764e-01,9.6298615770e-02,8.1290891813e-03,9.6964606778e-02,3.9294723409e+00
3.4500000000e+01,8.7100930215e-02,2.2896204814e-02,8.4248020437e-02,6.0551433768e-01,9.6442735228e-02,7.9658598270e-03,9.5831911804e-02,3.9173687821e+00
3.5000000000e+01,8.5989991549e-02,2.2395183656e-02,8.5105925362e-02,6.0832834727e-01,9.5817200156e-02,7.8202005227e-03,9.4543151487e-02,3.8982389433e+00
3.5500000000e+01,8.4903882482e-02,2.2065032815e-02,8.6363397244e-02,6.0851552179e-01,9.6493086016e-02,7.6045806868e-03,9.4054498970e-02,3.8911419496e+00
3.6000000000e+01,8.4359369454e-02,2.1624352164e-02,8.7616178670e-02,6.0826834878e-01,9.6890059898e-02,7.4635069093e-03,9.3778184127e-02,3.8859548388e+00
3.6500000000e+01,8.3501708867e-02,2.1354003306e-02,8.9052457632e-02,6.0906401950e-01,9.6359887617e-02,7.3316150478e-03,9.3336308028e-02,3.8774396443e+00
3.7000000000e+01,8.2228509335e-02,2.1128690470e-02,9.0526111279e-02,6.1068292497e-01,9.6131955773e-02,7.1942990862e-03,9.2107509087e-02,3.8640833726e+00
3.7500000000e+01,8.1045900535e-02,2.0919932376e-02,9.1870185274e-02,6.1212101802e-01,9.6064312481e-02,7.0558426988e-03,9.0922808612e-02,3.8530229987e+00
3.8000000000e+01,8.0345599695e-02,2.0616252013e-02,9.3154937159e-02,6.1238897215e-01,9.6170550211e-02,6.9739209155e-03,9.0349767861e-02,3.8477606903e+00
3.8500000000e+01,8.0039272307e-02,2.0518583010e-02,9.4942745511e-02,6.1099693171e-01,9.6636572617e-02,6.8804470190e-03,8.9985447830e-02,3.8508476298e+00
3.9000000000e+01,7.8999298327e-02,2.0221732504e-02,9.6473149223e-02,6.1139771605e-01,9.6742254703e-02,6.7812897905e-03,8.9384559401e-02,3.8431821264e+00
3.9500000000e+01,7.8167357031e-02,1.9880014697e-02,9.8269371443e-02,6.1160206211e-01,9.7155770604e-02,6.6438176157e-03,8.8281606501e-02,3.8354726670e+00
4.0000000000e+01,7.6859905319e-02,1.9641081570e-02,1.0016522660e-01,6.1212950024e-01,9.7345600346e-02,6.5709340636e-03,8.7287751868e-02,3.8268916874e+00
4.0500000000e+01,7.5579034214e-02,1.9395722146e-02,1.0149862792e-01,6.1313652803e-01,9.7100755958e-02,6.4046584125e-03,8.6884673314e-02,3.8142299671e+00
4.1000000000e+01,7.4453756731e-02,1.9131088417e-02,1.0315845186e-01,6.1428347311e-01,9.6892513631e-02,6.2451590204e-03,8.5835557231e-02,3.8015197127e+00
4.1500000000e+01,7.4070212185e-02,1.8848348234e-02,1.0457233039e-01,6.1448996216e-01,9.6890192623e-02,6.1378400776e-03,8.4991114330e-02,3.7946072838e+00
4.2000000000e+01,7.3414437261e-02,1.8517477621e-02,1.0672010654e-01,6.1348887408e-01,9.7280736086e-02,6.0112624973e-03,8.4567105917e-02,3.7916329447e+00
4.2500000000e+01,7.2111073388e-02,1.8255550444e-02,1.0788105487e-01,6.1569880533e-01,9.7143233276e-02,5.8281659248e-03,8.3082116764e-02,3.7732665402e+00
4.3000000000e+01,7.1108909503e-02,1.8138950056e-02,1.0870956939e-01,6.1712065163e-01,9.7098893689e-02,5.7104183550e-03,8.2112607373e-02,3.7606423012e+00
4.3500000000e+01,6.9956454222e-02,1.7977601401e-02,1.1041757945e-01,6.1741047809e-01,9.7026742503e-02,5.5703210148e-03,8.1640823317e-02,3.7518876953e+00
4.4000000000e+01,6.8934330932e-02,1.7718971213e-02,1.1246564306e-01,6.1608266783e-01,9.7841033740e-02,5.4682933250e-03,8.1489059905e-02,3.7500003550e+00
4.4500000000e+01,6.7955300450e-02,1.7420383980e-02,1.1405839892e-01,6.1556520292e-01,9.8804915854e-02,5.3470352748e-03,8.0848762603e-02,3.7442590187e+00
4.5000000000e+01,6.7062321989e-02,1.7300830809e-02,1.1563535136e-01,6.1528961102e-01,9.8758853752e-02,5.2412054641e-03,8.0711825604e-02,3.7398113995e+00
4.5500000000e+01,6.5933215549e-02,1.7058449357e-02,1.1716707143e-01,6.1505145677e-01,9.8994350032e-02,5.1195987462e-03,8.0675858114e-02,3.7322531884e+00
4.6000000000e+01,6.4371264324e-02,1.6797951448e-02,1.1875053916e-01,6.1652958471e-01,9.8633782238e-02,4.9580197461e-03,7.9958858373e-02,3.7164681641e+00
4.6500000000e+01,6.3320901059e-02,1.6577171680e-02,1.2060576306e-01,6.1697784283e-01,9.8324691107e-02,4.8288245961e-03,7.9364805666e-02,3.7049018838e+00
4.7000000000e+01,6.2462615388e-02,1.6404646029e-02,1.2288579308e-01,6.1576095889e-01,9.8472946059e-02,4.7102734744e-03,7.9302767084e-02,3.7017376536e+00
4.7500000000e+01,6.1351292978e-02,1.6160448991e-02,1.2480309698e-01,6.1493821232e-01,9.8789883228e-02,4.6016536582e-03,7.9355411843e-02,3.6964530060e+00
4.8000000000e+01,6.0865220778e-02,1.5910506186e-02,1.2657685888e-01,6.1434559332e-01,9.9026505665e-02,4.4822990410e-03,7.8793016127e-02,3.6913092293e+00
4.8500000000e+01,6.0023300824e-02,1.5600586081e-02,1.2762166664e-01,6.1417280396e-01,9.9878090611e-02,4.3585679335e-03,7.8344983953e-02,3.6832587861e+00
4.9000000000e+01,5.8935492687e-02,1.5446820325e-02,1.2925549877e-01,6.1289603067e-01,1.0066432325e-01,4.2397415319e-03,7.8562092765e-02,3.6798523694e+00
4.9500000000e+01,5.7874136045e-02,1.5393707917e-02,1.3158704286e-01,6.1011561266e-01,1.0175638373e-01,4.2036048427e-03,7.9069511948e-02,3.6849833280e+00
5.0000000000e+01,5.6772418411e-02,1.5146172940e-02,1.3392574902e-01,6.0734398399e-01,1.0252147061e-01,4.1083400657e-03,8.0181864967e-02,3.6872521265e+00
5.0500000000e+01,5.5468985013e-02,1.4913068640e-02,1.3471988385e-01,6.0755744818e-01,1.0311550130e-01,4.0828194968e-03,8.0142293515e-02,3.6783309450e+00
5.1000000000e+01,5.4793143395e-02,1.4763575675e-02,1.3714128417e-01,6.0537860522e-01,1.0341754740e-01,4.0232151744e-03,8.0482628960e-02,3.6811402551e+00
5.1500000000e+01,5.3829054481e-02,1.4701987662e-02,1.3834202381e-01,6.0372372524e-01,1.0416305242e-01,3.9428696465e-03,8.1297286741e-02,3.6818159880e+00
5.2000000000e+01,5.2765217070e-02,1.4473676046e-02,1.3947429212e-01,6.0357480337e-01,1.0435340132e-01,3.8911117656e-03,8.1467498317e-02,3.6740012328e+00
5.2500000000e+01,5.2072707137e-02,1.4257264245e-02,1.4104148956e-01,6.0067349763e-01,1.0638365390e-01,3.8308027535e-03,8.1740584768e-02,3.6761958808e+00
5.3000000000e+01,5.1146719069e-02,1.4096594950e-02,1.4303905954e-01,5.9887198772e-01,1.0665755214e-01,3.7877447557e-03,8.2400341830e-02,3.6751530820e+00
5.3500000000e+01,5.0444433678e-02,1.3905626986e-02,1.4329997893e-01,5.9809693732e-01,1.0756190740e-01,3.7302077377e-03,8.2960907957e-02,3.6730050852e+00
5.4000000000e+01,4.9417937815e-02,1.3672204788e-02,1.4480585813e-01,5.9737312946e-01,1.0828901367e-01,3.6629787836e-03,8.2778877354e-02,3.6669153867e+00
5.4500000000e+01,4.8159441156e-02,1.3499374890e-02,1.4629110430e-01,5.9620601464e-01,1.0901374628e-01,3.6053625159e-03,8.3224956216e-02,3.6619403319e+00
5.5000000000e+01,4.7112774860e-02,1.3295931243e-02,1.4847636333e-01,5.9405093793e-01,1.0980452977e-01,3.5809460599e-03,8.3678516803e-02,3.6616920878e+00
5.5500000000e+01,4.6205767252e-02,1.3044213658e-02,1.4971797908e-01,5.9329118408e-01,1.1049653803e-01,3.5470264764e-03,8.3697291418e-02,3.6566051169e+00
5.6000000000e+01,4.5148016756e-02,1.2805394878e-02,1.5119849653e-01,5.9235449576e-01,1.1117672698e-01,3.5346190687e-03,8.3782250029e-02,3.6514353405e+00
5.6500000000e+01,4.4436506415e-02,1.2657542663e-02,1.5299215128e-01,5.8944451175e-01,1.1188176960e-01,3.5390602782e-03,8.5048458018e-02,3.6561937097e+00
5.7000000000e+01,4.3674179476e-02,1.2475448106e-02,1.5447170898e-01,5.8712485941e-01,1.1261100591e-01,3.5192315048e-03,8.6123566621e-02,3.6585331002e+00
5.7500000000e+01,4.2627241660e-02,1.2263537609e-02,1.5613747485e-01,5.8650811082e-01,1.1286779262e-01,3.4811117099e-03,8.6114730728e-02,3.6505048213e+00
5.8000000000e+01,4.1652827561e-02,1.2017344608e-02,1.5798901230e-01,5.8474254311e-01,1.1362142554e-01,3.4959346694e-03,8.6480912205e-02,3.6486043831e+00
5.8500000000e+01,4.1105207752e-02,1.1762741960e-02,1.5962668439e-01,5.8187641974e-01,1.1443471732e-01,3.5192957407e-03,8.7674933092e-02,3.6532551718e+00
5.9000000000e+01,4.0626882087e-02,1.1514023475e-02,1.6105795477e-01,5.7839619915e-01,1.1588840533e-01,3.5246795781e-03,8.8991855607e-02,3.6598639859e+00
5.9500000000e+01,3.9737962885e-02,1.1336217285e-02,1.6210634340e-01,5.7632145097e-01,1.1696880822e-01,3.5475839362e-03,8.9981633316e-02,3.6621563154e+00
6.0000000000e+01,3.8839627938e-02,1.1052482245e-02,1.6361990736e-01,5.7444878778e-01,1.1763166193e-01,3.5589433415e-03,9.0848589407e-02,3.6609771876e+00
6.0500000000e+01,3.8205231526e-02,1.0883608662e-02,1.6558981759e-01,5.7108022061e-01,1.1885986845e-01,3.5816315366e-03,9.1799621627e-02,3.6661920077e+00
6.1000000000e+01,3.7651107191e-02,1.0683780596e-02,1.6669272925e-01,5.6839922452e-01,1.2018308008e-01,3.6451471393e-03,9.2744931223e-02,3.6708498238e+00
6.1500000000e+01,3.6798451985e-02,1.0533666571e-02,1.6900370513e-01,5.6598346607e-01,1.2070296972e-01,3.6943648159e-03,9.3283375704e-02,3.6721717297e+00
6.2000000000e+01,3.6330035739e-02,1.0313143813e-02,1.7114134141e-01,5.6192655217e-01,1.2195344371e-01,3.7540649099e-03,9.4581418258e-02,3.6813680719e+00
6.2500000000e+01,3.5613150418e-02,1.0162095660e-02,1.7229706922e-01,5.5961879546e-01,1.2274510379e-01,3.8132778355e-03,9.5750507618e-02,3.6847567691e+00
6.3000000000e+01,3.4804856697e-02,9.9762296611e-03,1.7543973610e-01,5.5541329125e-01,1.2403733386e-01,3.8660670627e-03,9.6462485370e-02,3.6904233537e+00
6.3500000000e+01,3.4189226514e-02,9.7613393715e-03,1.7641640425e-01,5.5301381614e-01,1.2497798556e-01,3.9774240511e-03,9.7663804111e-02,3.6947948743e+00
6.4000000000e+01,3.3460806353e-02,9.6102651155e-03,1.7823877513e-01,5.5059765833e-01,1.2572051385e-01,4.0851776637e-03,9.8286803558e-02,3.6986363592e+00
6.4500000000e+01,3.2959817665e-02,9.4331913511e-03,1.8141785888e-01,5.4549663114e-01,1.2733703574e-01,4.2009411761e-03,9.9154524038e-02,3.7100867524e+00
6.5000000000e+01,3.2531795775e-02,9.3411532275e-03,1.8399743294e-01,5.4141743897e-01,1.2824200297e-01,4.3208118306e-03,1.0014936429e-01,3.7194252776e+00
6.5500000000e+01,3.1985078484e-02,9.1292938532e-03,1.8584420316e-01,5.3841890414e-01,1.2858716387e-01,4.4458050905e-03,1.0158955139e-01,3.7239936288e+00
6.6000000000e+01,3.1491110785e-02,8.9777689842e-03,1.8751964477e-01,5.3407406455e-01,1.3015375216e-01,4.5852389332e-03,1.0319841981e-01,3.7350591132e+00
6.6500000000e+01,3.0872503318e-02,8.7567550914e-03,1.8947482352e-01,5.3112135879e-01,1.3101851817e-01,4.7148042498e-03,1.0404123687e-01,3.7390841854e+00
6.7000000000e+01,3.0173768342e-02,8.5731374934e-03,1.9203420062e-01,5.2858917095e-01,1.3114420614e-01,4.8606051091e-03,1.0462491135e-01,3.7418607361e+00
6.7500000000e+01,2.9551023043e-02,8.4178450073e-03,1.9379949705e-01,5.2427668813e-01,1.3278147710e-01,5.0195066910e-03,1.0615396299e-01,3.7505082614e+00
6.8000000000e+01,2.9145320542e-02,8.2271536568e-03,1.9513526855e-01,5.2099918207e-01,1.3357680051e-01,5.2059519347e-03,1.0771032274e-01,3.7589622876e+00
6.8500000000e+01,2.8761915659e-02,8.0234527797e-03,1.9711293367e-01,5.1776037334e-01,1.3423077756e-01,5.3998903068e-03,1.0871065668e-01,3.7657296352e+00
6.9000000000e+01,2.8384614296e-02,7.8550186566e-03,1.9941342931e-01,5.1345449802e-01,1.3534793680e-01,5.6334656103e-03,1.0991103731e-01,3.7767780311e+00
6.9500000000e+01,2.8119056809e-02,7.6855111635e-03,2.0245305698e-01,5.0885302495e-01,1.3551660764e-01,5.8666276527e-03,1.1150611480e-01,3.7883681348e+00
7.0000000000e+01,2.7725551757e-02,7.5487028480e-03,2.0456690972e-01,5.0510716549e-01,1.3637623714e-01,6.1363186554e-03,1.1253911438e-01,3.7973802864e+00
7.0500000000e+01,2.7073899584e-02,7.2996240776e-03,2.0634920249e-01,5.0296904827e-01,1.3619271916e-01,6.3462555322e-03,1.1376925089e-01,3.7973193816e+00
7.1000000000e+01,2.6597669102e-02,7.1902300142e-03,2.0977313682e-01,4.9925732073e-01,1.3583298930e-01,6.6035848669e-03,1.1474506916e-01,3.8052445492e+00
7.1500000000e+01,2.6345435517e-02,7.0619409429e-03,2.1284923098e-01,4.9408792513e-01,1.3631635253e-01,6.8754081845e-03,1.1646370671e-01,3.8183069073e+00
7.2000000000e+01,2.5958845786e-02,6.9375132271e-03,2.1542332823e-01,4.8937912417e-01,1.3732598077e-01,7.1745141957e-03,1.1780069362e-01,3.8302068808e+00
7.2500000000e+01,2.5584539007e-02,6.7572272277e-03,2.1805127428e-01,4.8582617529e-01,1.3793633123e-01,7.5104070590e-03,1.1833404590e-01,3.8367862331e+00
7.3000000000e+01,2.5130809429e-02,6.6288480793e-03,2.2152407273e-01,4.8118564603e-01,1.3817708923e-01,7.8036381233e-03,1.1954989637e-01,3.8448021600e+00
7.3500000000e+01,2.4738347588e-02,6.5280544704e-03,2.2325594899e-01,4.7788506897e-01,1.3924920359e-01,8.1381256207e-03,1.2020525076e-01,3.8526607351e+00
7.4000000000e+01,2.4344231502e-02,6.4316563170e-03,2.2664381761e-01,4.7248058349e-01,1.3995864400e-01,8.4494500738e-03,1.2169161701e-01,3.8646126670e+00
7.4500000000e+01,2.3999995996e-02,6.3052446669e-03,2.2903776401e-01,4.6963523603e-01,1.4007105866e-01,8.8188525701e-03,1.2213184806e-01,3.8699448866e+00
7.5000000000e+01,2.3740515326e-02,6.1999748080e-03,2.3141841468e-01,4.6498289708e-01,1.3998683550e-01,9.1915400946e-03,1.2447982251e-01,3.8818120681e+00
7.5500000000e+01,2.3349674844e-02,6.0858888802e-03,2.3438341238e-01,4.6247306522e-01,1.3973882728e-01,9.5133178035e-03,1.2445581360e-01,3.8835738660e+00
7.6000000000e+01,2.2997916289e-02,5.9850590490e-03,2.3526850522e-01,4.5984162116e-01,1.4083700770e-01,9.8425937059e-03,1.2522729687e-01,3.8889288515e+00
7.6500000000e+01,2.2540645847e-02,5.8960504618e-03,2.3761033281e-01,4.5558151036e-01,1.4195323256e-01,1.0134731045e-02,1.2628349692e-01,3.8971103567e+00
7.7000000000e+01,2.2040380188e-02,5.7835935337e-03,2.3893769500e-01,4.5313750992e-01,1.4242572999e-01,1.0436735400e-02,1.2723835598e-01,3.8992165040e+00
7.7500000000e+01,2.1725085159e-02,5.6866149042e-03,2.4160807442e-01,4.4891229406e-01,1.4229127383e-01,1.0817625751e-02,1.2895903187e-01,3.9077556003e+00
7.8000000000e+01,2.1479582748e-02,5.5860315618e-03,2.4288818823e-01,4.4598762609e-01,1.4256147494e-01,1.1151690469e-02,1.3034540596e-01,3.9156532660e+00
7.8500000000e+01,2.1126578217e-02,5.5084830750e-03,2.4676883851e-01,4.4228825956e-01,1.4264560294e-01,1.1438213538e-02,1.3022402416e-01,3.9179772708e+00
7.9000000000e+01,2.0876828781e-02,5.4334865325e-03,2.4899460248e-01,4.3770437551e-01,1.4301017221e-01,1.1849564771e-02,1.3213096972e-01,3.9290742109e+00
7.9500000000e+01,2.0766772277e-02,5.3612983079e-03,2.5128037319e-01,4.3373690023e-01,1.4264467782e-01,1.2237432027e-02,1.3397254615e-01,3.9388087822e+00
8.0000000000e+01,2.0623320596e-02,5.3201876768e-03,2.5353663902e-01,4.2819010397e-01,1.4372453062e-01,1.2663295594e-02,1.3594192252e-01,3.9529903593e+00
8.0500000000e+01,2.0400889880e-02,5.2878392640e-03,2.5705110624e-01,4.2335381478e-01,1.4331953001e-01,1.3075598810e-02,1.3751122102e-01,3.9625779320e+00
8.1000000000e+01,2.0229577408e-02,5.2454338670e-03,2.5910391782e-01,4.1965926848e-01,1.4386462298e-01,1.3494219273e-02,1.3840296017e-01,3.9713817898e+00
8.1500000000e+01,2.0040144526e-02,5.1638759527e-03,2.6149930824e-01,4.1536610279e-01,1.4456140886e-01,1.3915245453e-02,1.3945391418e-01,3.9809445387e+00
8.2000000000e+01,1.9891306368e-02,5.1085300734e-03,2.6387335579e-01,4.1034134224e-01,1.4551732943e-01,1.4330884694e-02,1.4093725141e-01,3.9922198802e+00
8.2500000000e+01,1.9572860026e-02,5.0259235625e-03,2.6628228837e-01,4.0665975991e-01,1.4547452577e-01,1.4721279278e-02,1.4226336308e-01,3.9982917672e+00
8.3000000000e+01,1.9635560023e-02,5.0171496389e-03,2.6898176883e-01,4.0203262545e-01,1.4628553078e-01,1.5274727954e-02,1.4277263732e-01,4.0114803078e+00
8.3500000000e+01,1.9607088090e-02,4.9937913960e-03,2.7083448958e-01,3.9803307505e-01,1.4657418010e-01,1.5757209415e-02,1.4420016637e-01,4.0222175787e+00
8.4000000000e+01,1.9396617445e-02,4.9691453670e-03,2.7325793907e-01,3.9369981999e-01,1.4732685557e-01,1.6291906142e-02,1.4505771641e-01,4.0320523951e+00
8.4500000000e+01,1.8968226195e-02,4.9598217511e-03,2.7576986522e-01,3.9011297477e-01,1.4770945947e-01,1.6757922989e-02,1.4572172960e-01,4.0363743366e+00
8.5000000000e+01,1.8856463960e-02,4.9446872737e-03,2.7730328964e-01,3.8508980170e-01,1.4905466368e-01,1.7256585972e-02,1.4749450778e-01,4.0495182793e+00
8.5500000000e+01,1.8647701812e-02,4.9108885715e-03,2.7840074577e-01,3.8225642757e-01,1.4971960074e-01,1.7704561684e-02,1.4836007386e-01,4.0559822254e+00
8.6000000000e+01,1.8496093557e-02,4.8877787831e-03,2.8064500987e-01,3.7862315056e-01,1.4938262265e-01,1.8224872196e-02,1.4974047239e-01,4.0641157366e+00
8.6500000000e+01,1.8344056312e-02,4.8464407105e-03,2.8383982648e-01,3.7509727958e-01,1.4912807981e-01,1.8751636490e-02,1.4999268062e-01,4.0685495193e+00
8.7000000000e+01,1.8313003447e-02,4.8367818485e-03,2.8673808392e-01,3.7197275688e-01,1.4806223705e-01,1.9241952858e-02,1.5083518400e-01,4.0749231773e+00
8.7500000000e+01,1.8277428508e-02,4.8699926361e-03,2.8992077825e-01,3.6599671750e-01,1.4910289101e-01,1.9811817157e-02,1.5202037494e-01,4.0882976111e+00
8.8000000000e+01,1.8151763077e-02,4.8873206967e-03,2.9336115669e-01,3.6168766588e-01,1.4893556963e-01,2.0253171972e-02,1.5272335205e-01,4.0949058922e+00
8.8500000000e+01,1.7909243820e-02,4.8756578304e-03,2.9676196932e-01,3.5763103238e-01,1.4826152965e-01,2.0733869901e-02,1.5382669710e-01,4.0988092411e+00
8.9000000000e+01,1.7812533331e-02,4.9173735941e-03,2.9881636983e-01,3.5306407247e-01,1.4900428618e-01,2.1323130968e-02,1.5506223363e-01,4.1104996309e+00
8.9500000000e+01,1.7795810885e-02,4.9576477190e-03,3.0154397069e-01,3.4699458103e-01,1.5036391539e-01,2.1874649913e-02,1.5646942437e-01,4.1243820627e+00
9.0000000000e+01,1.7734199796e-02,4.9630302973e-03,3.0296983765e-01,3.4331762243e-01,1.5014195988e-01,2.2501900022e-02,1.5837144992e-01,4.1338543884e+00
9.0500000000e+01,1.7592525043e-02,5.0017727472e-03,3.0395130837e-01,3.4068103347e-01,1.5004393947e-01,2.3014569539e-02,1.5971485136e-01,4.1413278299e+00
9.1000000000e+01,1.7517588448e-02,5.0279045873e-03,3.0729978082e-01,3.3516791512e-01,1.5065648996e-01,2.3732721752e-02,1.6059759930e-01,4.1513967143e+00
9.1500000000e+01,1.7334302858e-02,5.0641353041e-03,3.1062619848e-01,3.2962235336e-01,1.5111454095e-01,2.4279781229e-02,1.6195868782e-01,4.1588405622e+00
9.2000000000e+01,1.7130843761e-02,5.1166226298e-03,3.1345698423e-01,3.2490956454e-01,1.5199697747e-01,2.4796426651e-02,1.6259258072e-01,4.1657777855e+00
9.2500000000e+01,1.7009702817e-02,5.2208735210e-03,3.1595586581e-01,3.2049530236e-01,1.5225064625e-01,2.5371146191e-02,1.6369646306e-01,4.1739744884e+00
9.3000000000e+01,1.6996189557e-02,5.2425115897e-03,3.1892044379e-01,3.1603934994e-01,1.5168712758e-01,2.5873440871e-02,1.6524093668e-01,4.1815944887e+00
9.3500000000e+01,1.6913635004e-02,5.2909503287e-03,3.2151424660e-01,3.1277197297e-01,1.5131628664e-01,2.6478695752e-02,1.6571421271e-01,4.1874117961e+00
9.4000000000e+01,1.6858334622e-02,5.3344205376e-03,3.2513150952e-01,3.0758055084e-01,1.5127736006e-01,2.7100518867e-02,1.6671730556e-01,4.1947521156e+00
9.4500000000e+01,1.6894151310e-02,5.4430221910e-03,3.2844663110e-01,3.0260955749e-01,1.5165476139e-01,2.7647456324e-02,1.6730442019e-01,4.2042279664e+00
9.5000000000e+01,1.6846808413e-02,5.4921758509e-03,3.3223720461e-01,2.9765044369e-01,1.5150409766e-01,2.8210404647e-02,1.6805886513e-01,4.2115833782e+00
9.5500000000e+01,1.6843748059e-02,5.6330748017e-03,3.3526807620e-01,2.9329530942e-01,1.5043252900e-01,2.8713674501e-02,1.6981358802e-01,4.2203405456e+00
9.6000000000e+01,1.6777622607e-02,5.7292282621e-03,3.3781628274e-01,2.8903076546e-01,1.5138414014e-01,2.9070721883e-02,1.7019123891e-01,4.2254921411e+00
9.6500000000e+01,1.6708106339e-02,5.8031618308e-03,3.3943426176e-01,2.8622501896e-01,1.5186951392e-01,2.9464075839e-02,1.7049586135e-01,4.2295816803e+00
9.7000000000e+01,1.6603080394e-02,5.9249530267e-03,3.4328515223e-01,2.8160632407e-01,1.5153238553e-01,2.9764895663e-02,1.7128320908e-01,4.2323064031e+00
9.7500000000e+01,1.6596107589e-02,6.0143934845e-03,3.4641678625e-01,2.7677687321e-01,1.5145959119e-01,3.0499889858e-02,1.7223635842e-01,4.2400502104e+00
9.8000000000e+01,1.6510264045e-02,6.1108215709e-03,3.4903782528e-01,2.7294106791e-01,1.5162148183e-01,3.0982798556e-02,1.7279574082e-01,4.2441291430e+00
9.8500000000e+01,1.6591377362e-02,6.2088932193e-03,3.5337817339e-01,2.6772428676e-01,1.5132434274e-01,3.1749859432e-02,1.7302306711e-01,4.2504548416e+00
9.9000000000e+01,1.6556968335e-02,6.3662957361e-03,3.5641437217e-01,2.6397512898e-01,1.5062402614e-01,3.2211403188e-02,1.7385180546e-01,4.2555967898e+00
9.9500000000e+01,1.6554895487e-02,6.4675437646e-03,3.5908326551e-01,2.5934916114e-01,1.5068144346e-01,3.2878823414e-02,1.7498486722e-01,4.2640755619e+00
1.0000000000e+02,1.6493333406e-02,6.6397623401e-03,3.6381338487e-01,2.5396099194e-01,1.5030471320e-01,3.3502555697e-02,1.7528525855e-01,4.2690801986e+00
1.0050000000e+02,1.6436667583e-02,6.8437158452e-03,3.6614815589e-01,2.5166210616e-01,1.4942506219e-01,3.4235347097e-02,1.7524894523e-01,4.2761512332e+00
1.0100000000e+02,1.6421664733e-02,6.9823175088e-03,3.7007947776e-01,2.4676409509e-01,1.4905150543e-01,3.4844391037e-02,1.7585654844e-01,4.2805926777e+00
1.0150000000e+02,1.6452788419e-02,7.1101604665e-03,3.7409878719e-01,2.4222620393e-01,1.4879026361e-01,3.5458621558e-02,1.7586317483e-01,4.2842493759e+00
1.0200000000e+02,1.6428157195e-02,7.2421476505e-03,3.7837611002e-01,2.3677185098e-01,1.4836239174e-01,3.5980153800e-02,1.7683918861e-01,4.2867302471e+00
1.0250000000e+02,1.6481084853e-02,7.3848994827e-03,3.8090227389e-01,2.3307643666e-01,1.4703759395e-01,3.6612657671e-02,1.7850505349e-01,4.2922018710e+00
1.0300000000e+02,1.6472347658e-02,7.5464056595e-03,3.8487578633e-01,2.2829881704e-01,1.4605069844e-01,3.7165154689e-02,1.7959079019e-01,4.2940666452e+00
1.0350000000e+02,1.6607341770e-02,7.6859219740e-03,3.8874530386e-01,2.2441647198e-01,1.4470278395e-01,3.7797223541e-02,1.8004495293e-01,4.2974646928e+00
1.0400000000e+02,1.6611190660e-02,7.8859574252e-03,3.9163550741e-01,2.2094179635e-01,1.4412896271e-01,3.8358573439e-02,1.8043801200e-01,4.3020772206e+00
1.0450000000e+02,1.6721066592e-02,8.0550161593e-03,3.9480514716e-01,2.1711713005e-01,1.4357930253e-01,3.8995990241e-02,1.8072634726e-01,4.3061594208e+00
1.0500000000e+02,1.6744221003e-02,8.3035791398e-03,3.9644486851e-01,2.1445633477e-01,1.4345921526e-01,3.9754380765e-02,1.8083740056e-01,4.3133966496e+00
1.0550000000e+02,1.6874866807e-02,8.5072215677e-03,4.0131036445e-01,2.0907488237e-01,1.4288535837e-01,4.0562708759e-02,1.8078459767e-01,4.3165620637e+00
1.0600000000e+02,1.6851826993e-02,8.7715209697e-03,4.0520753580e-01,2.0610042464e-01,1.4173832711e-01,4.1133615336e-02,1.8019674915e-01,4.3169946950e+00
1.0650000000e+02,1.6994449650e-02,9.0057932545e-03,4.0763719165e-01,2.0249214285e-01,1.4155991490e-01,4.1683955692e-02,1.8062655201e-01,4.3209050151e+00
1.0700000000e+02,1.7029271733e-02,9.1885386136e-03,4.1062051418e-01,1.9821528343e-01,1.4033845942e-01,4.2251992711e-02,1.8235593992e-01,4.3221932743e+00
1.0750000000e+02,1.7065721133e-02,9.3904749433e-03,4.1342292665e-01,1.9516359372e-01,1.3879322580e-01,4.2846906257e-02,1.8331715149e-01,4.3230409286e+00
1.0800000000e+02,1.7082022973e-02,9.5772546430e-03,4.1629298065e-01,1.9202214871e-01,1.3752668812e-01,4.3486086714e-02,1.8401281820e-01,4.3241570369e+00
1.0850000000e+02,1.6984216125e-02,9.7403149447e-03,4.1939144654e-01,1.8944832361e-01,1.3656362731e-01,4.4041747328e-02,1.8383032415e-01,4.3228875452e+00
1.0900000000e+02,1.7073212650e-02,1.0004445305e-02,4.2113352945e-01,1.8790295407e-01,1.3541226481e-01,4.4541914049e-02,1.8393167967e-01,4.3256457920e+00
1.0950000000e+02,1.7159247628e-02,1.0228441906e-02,4.2412962842e-01,1.8458842029e-01,1.3548943688e-01,4.5046353987e-02,1.8335847089e-01,4.3266970712e+00
1.1000000000e+02,1.7182636481e-02,1.0381350435e-02,4.2859911129e-01,1.8099368876e-01,1.3482321896e-01,4.5402890845e-02,1.8261710322e-01,4.3233531670e+00
1.1050000000e+02,1.7346213662e-02,1.0535485675e-02,4.3129709763e-01,1.7794365859e-01,1.3461288112e-01,4.6161034951e-02,1.8210362837e-01,4.3262026855e+00
1.1100000000e+02,1.7386039890e-02,1.0808004176e-02,4.3364770293e-01,1.7507866429e-01,1.3415818250e-01,4.6836724006e-02,1.8208468221e-01,4.3288521403e+00
1.1150000000e+02,1.7392249554e-02,1.1085916371e-02,4.3788350432e-01,1.7121121629e-01,1.3369475996e-01,4.7046747925e-02,1.8168560557e-01,4.3269976307e+00
1.1200000000e+02,1.7427759187e-02,1.1405624765e-02,4.4202561280e-01,1.6723617482e-01,1.3279013603e-01,4.7550933225e-02,1.8156375918e-01,4.3239063920e+00
1.1250000000e+02,1.7453733011e-02,1.1666427585e-02,4.4619639209e-01,1.6312426193e-01,1.3194430588e-01,4.7751134805e-02,1.8186374469e-01,4.3197764707e+00
1.1300000000e+02,1.7527130674e-02,1.1962488699e-02,4.4859942339e-01,1.6040002722e-01,1.3110778618e-01,4.8222030884e-02,1.8218111296e-01,4.3211508637e+00
1.1350000000e+02,1.7603023517e-02,1.2247747701e-02,4.5151488252e-01,1.5813125845e-01,1.2974282638e-01,4.8688676538e-02,1.8207158489e-01,4.3207935332e+00
1.1400000000e+02,1.7799131372e-02,1.2524367330e-02,4.5438905897e-01,1.5546718390e-01,1.2864764927e-01,4.8819156087e-02,1.8235345307e-01,4.3191584137e+00
1.1450000000e+02,1.7958090839e-02,1.2796356720e-02,4.5847630239e-01,1.5219374837e-01,1.2719234355e-01,4.9114235599e-02,1.8226892253e-01,4.3150524831e+00
1.1500000000e+02,1.8154303954e-02,1.3052285407e-02,4.6037271847e-01,1.4932124864e-01,1.2648553864e-01,4.9547250764e-02,1.8306665412e-01,4.3173035860e+00
1.1550000000e+02,1.8221568510e-02,1.3415595506e-02,4.6390235196e-01,1.4534702857e-01,1.2610088243e-01,4.9880688000e-02,1.8313188502e-01,4.3134983563e+00
1.1600000000e+02,1.8271262864e-02,1.3569266419e-02,4.6699357593e-01,1.4265907866e-01,1.2499234725e-01,5.0387534556e-02,1.8312693432e-01,4.3084098861e+00
1.1650000000e+02,1.8512022053e-02,1.3796346014e-02,4.6934122513e-01,1.3975327232e-01,1.2464480591e-01,5.0930382523e-02,1.8302194605e-01,4.3091089730e+00
1.1700000000e+02,1.8708037073e-02,1.4114487808e-02,4.7245115328e-01,1.3730545084e-01,1.2290672772e-01,5.1180816604e-02,1.8333332667e-01,4.3038890414e+00
1.1750000000e+02,1.8833307443e-02,1.4381955619e-02,4.7567149140e-01,1.3421906289e-01,1.2260916503e-01,5.1460055196e-02,1.8282496242e-01,4.3006277695e+00
1.1800000000e+02,1.8858658472e-02,1.4677265716e-02,4.7878628912e-01,1.3153388023e-01,1.2160240884e-01,5.1600416065e-02,1.8294108156e-01,4.2940847166e+00
1.1850000000e+02,1.9073806721e-02,1.5060087029e-02,4.8144621495e-01,1.2946058082e-01,1.2037754192e-01,5.1676249986e-02,1.8290551857e-01,4.2898016807e+00
1.1900000000e+02,1.9215079837e-02,1.5482978840e-02,4.8377402186e-01,1.2616397575e-01,1.1982634049e-01,5.2174176734e-02,1.8336342649e-01,4.2908169944e+00
1.1950000000e+02,1.9313617360e-02,1.5820320588e-02,4.8781130646e-01,1.2355983790e-01,1.1804984542e-01,5.2435252855e-02,1.8300981942e-01,4.2809857186e+00
1.2000000000e+02,1.9353935937e-02,1.6103660841e-02,4.9134131736e-01,1.2080811896e-01,1.1706788400e-01,5.2925373450e-02,1.8239970946e-01,4.2730603950e+00
1.2050000000e+02,1.9525823795e-02,1.6465232386e-02,4.9393777923e-01,1.1863412667e-01,1.1604638147e-01,5.3398290101e-02,1.8199236635e-01,4.2712484441e+00
1.2100000000e+02,1.9549876489e-02,1.6793620295e-02,4.9926201965e-01,1.1534451779e-01,1.1423381346e-01,5.3373627127e-02,1.8144252519e-01,4.2570391405e+00
1.2150000000e+02,1.9547737107e-02,1.7034047785e-02,5.0401875066e-01,1.1237746282e-01,1.1295307241e-01,5.3416449673e-02,1.8065247954e-01,4.2427566005e+00
1.2200000000e+02,1.9712738517e-02,1.7327421453e-02,5.0706166023e-01,1.1027034472e-01,1.1202194711e-01,5.3751850703e-02,1.7985403727e-01,4.2373160247e+00
1.2250000000e+02,1.9807789851e-02,1.7695115599e-02,5.1024957137e-01,1.0795945721e-01,1.1136697306e-01,5.4364140190e-02,1.7855695272e-01,4.2306305811e+00
1.2300000000e+02,2.0023065231e-02,1.8052151699e-02,5.1339165147e-01,1.0523850458e-01,1.1089209152e-01,5.4364480037e-02,1.7803805547e-01,4.2236578926e+00
1.2350000000e+02,2.0026613110e-02,1.8532492462e-02,5.1550159949e-01,1.0317000845e-01,1.0935527283e-01,5.4706079590e-02,1.7870793407e-01,4.2192793288e+00
1.2400000000e+02,2.0115904524e-02,1.8846155445e-02,5.1922308270e-01,1.0087917461e-01,1.0775593447e-01,5.4944061545e-02,1.7823568671e-01,4.2088844820e+00
1.2450000000e+02,2.0327977941e-02,1.9047766841e-02,5.2380743334e-01,9.7683523960e-02,1.0684404412e-01,5.5070444496e-02,1.7721880931e-01,4.1948385781e+00
1.2500000000e+02,2.0489925855e-02,1.9331396214e-02,5.2773661070e-01,9.5241027870e-02,1.0607741544e-01,5.5108768062e-02,1.7601485585e-01,4.1840046382e+00
1.2550000000e+02,2.0648204889e-02,1.9576554226e-02,5.3002418917e-01,9.3303909749e-02,1.0545674928e-01,5.5102946556e-02,1.7588744613e-01,4.1757807561e+00
1.2600000000e+02,2.0797192435e-02,1.9787744794e-02,5.3374564785e-01,9.1122937930e-02,1.0468811662e-01,5.4978709607e-02,1.7487965077e-01,4.1642956048e+00
1.2650000000e+02,2.0874624281e-02,2.0174054403e-02,5.3711891342e-01,8.8324201274e-02,1.0358442359e-01,5.5169111903e-02,1.7475467112e-01,4.1523067372e+00
1.2700000000e+02,2.1000112474e-02,2.0377467368e-02,5.4102640636e-01,8.5594397856e-02,1.0225482071e-01,5.5280653731e-02,1.7446614150e-01,4.1375939776e+00
1.2750000000e+02,2.1086504899e-02,2.0647382414e-02,5.4540907936e-01,8.2751240420e-02,1.0076693370e-01,5.5556819435e-02,1.7378203977e-01,4.1232310905e+00
1.2800000000e+02,2.1163190517e-02,2.1020527241e-02,5.5005776971e-01,8.0223835075e-02,9.9842617222e-02,5.5523614528e-02,1.7216844571e-01,4.1060094348e+00
1.2850000000e+02,2.1422044307e-02,2.1071132778e-02,5.5479049864e-01,7.7681642356e-02,9.8578356157e-02,5.4923478780e-02,1.7153284698e-01,4.0856628010e+00
1.2900000000e+02,2.1606791724e-02,2.1387072701e-02,5.5957970131e-01,7.5259143654e-02,9.7335289172e-02,5.4925007457e-02,1.6990699398e-01,4.0676042709e+00
1.2950000000e+02,2.1843429104e-02,2.1776498254e-02,5.6150265468e-01,7.3295638304e-02,9.6976497383e-02,5.5004915873e-02,1.6960036641e-01,4.0605568908e+00
1.3000000000e+02,2.2077410328e-02,2.2005527192e-02,5.6504679930e-01,7.1042810590e-02,9.6173718192e-02,5.5149468382e-02,1.6850426602e-01,4.0460990755e+00
1.3050000000e+02,2.2026421393e-02,2.2223851930e-02,5.7049631378e-01,6.8836891120e-02,9.4459676021e-02,5.4745278401e-02,1.6721156735e-01,4.0208310617e+00
1.3100000000e+02,2.2083288120e-02,2.2355182528e-02,5.7581689390e-01,6.6877274030e-02,9.3007905679e-02,5.4580193362e-02,1.6527926238e-01,3.9975997691e+00
1.3150000000e+02,2.2086036741e-02,2.2627977587e-02,5.7982876372e-01,6.4444647602e-02,9.2219769245e-02,5.4405104565e-02,1.6438770054e-01,3.9794080263e+00
1.3200000000e+02,2.2037725278e-02,2.2875995527e-02,5.8227654585e-01,6.2165635735e-02,9.1994707188e-02,5.4039703634e-02,1.6460968679e-01,3.9618204491e+00
1.3250000000e+02,2.2069618363e-02,2.3062257525e-02,5.8630889957e-01,6.0097442704e-02,9.0087906877e-02,5.3719968101e-02,1.6465390686e-01,3.9397314139e+00
1.3300000000e+02,2.2236488439e-02,2.3288528001e-02,5.9085535046e-01,5.7583158251e-02,8.8859828538e-02,5.3479333517e-02,1.6369731279e-01,3.9174097395e+00
1.3350000000e+02,2.2308534027e-02,2.3577037056e-02,5.9482447130e-01,5.5567478344e-02,8.7710733409e-02,5.3472845636e-02,1.6253890023e-01,3.8986916770e+00
1.3400000000e+02,2.2578420436e-02,2.3959256881e-02,5.9803586997e-01,5.3745760839e-02,8.6785916946e-02,5.3010355580e-02,1.6188441935e-01,3.8819257757e+00
1.3450000000e+02,2.2704529386e-02,2.4189086851e-02,6.0090399219e-01,5.1965721072e-02,8.6530254948e-02,5.2795745097e-02,1.6091067045e-01,3.8632262418e+00
1.3500000000e+02,2.2985704846e-02,2.4553649262e-02,6.0280271353e-01,5.0301423145e-02,8.6069995536e-02,5.2832448287e-02,1.6045406539e-01,3.8517963296e+00
1.3550000000e+02,2.3183993135e-02,2.4823984093e-02,6.0536013390e-01,4.8719656734e-02,8.4978828360e-02,5.2728431047e-02,1.6020497273e-01,3.8345565262e+00
1.3600000000e+02,2.3281944834e-02,2.5194416068e-02,6.1044252070e-01,4.6368106132e-02,8.3859641706e-02,5.2375799477e-02,1.5847757109e-01,3.8084991452e+00
1.3650000000e+02,2.3362615509e-02,2.5427323527e-02,6.1483710075e-01,4.4714664272e-02,8.2219641939e-02,5.1847963215e-02,1.5759069079e-01,3.7824857193e+00
1.3700000000e+02,2.3379394326e-02,2.5592956328e-02,6.1909725149e-01,4.2962495853e-02,8.1206895541e-02,5.1346860468e-02,1.5641414599e-01,3.7564325379e+00
1.3750000000e+02,2.3454813680e-02,2.5799176828e-02,6.2322947319e-01,4.1580074728e-02,8.0142848388e-02,5.0922711610e-02,1.5487090157e-01,3.7320190061e+00
1.3800000000e+02,2.3680957969e-02,2.6263502812e-02,6.2683270976e-01,3.9989549210e-02,7.9489190214e-02,5.0843420897e-02,1.5290066914e-01,3.7141079225e+00
1.3850000000e+02,2.3689520990e-02,2.6736566155e-02,6.3046430337e-01,3.8651504673e-02,7.8321592402e-02,5.0623318275e-02,1.5151319414e-01,3.6928586584e+00
1.3900000000e+02,2.3763715746e-02,2.7031217813e-02,6.3436206856e-01,3.6609790159e-02,7.7590405662e-02,5.0055944740e-02,1.5058685731e-01,3.6670439808e+00
1.3950000000e+02,2.3858040239e-02,2.7294719351e-02,6.3751982683e-01,3.5267444267e-02,7.6442083861e-02,4.9894504127e-02,1.4972338132e-01,3.6469063209e+00
1.4000000000e+02,2.3973524452e-02,2.7531731792e-02,6.4043781440e-01,3.3811832811e-02,7.5807121544e-02,4.9637777152e-02,1.4880019785e-01,3.6253791485e+00
1.4050000000e+02,2.4063959681e-02,2.7906760632e-02,6.4284669432e-01,3.2704610814e-02,7.4747468067e-02,4.9371716947e-02,1.4835878954e-01,3.6067703534e+00
1.4100000000e+02,2.4267464645e-02,2.8085726683e-02,6.4665922394e-01,3.1541646794e-02,7.3994026971e-02,4.8885192901e-02,1.4656671807e-01,3.5825502847e+00
1.4150000000e+02,2.4447902241e-02,2.8542764288e-02,6.4923091596e-01,3.0194967365e-02,7.3575712797e-02,4.8504274424e-02,1.4550346292e-01,3.5650559800e+00
1.4200000000e+02,2.4461451805e-02,2.8794384074e-02,6.5274710605e-01,2.8799992528e-02,7.2625917738e-02,4.7683849069e-02,1.4488729874e-01,3.5379590096e+00
1.4250000000e+02,2.4440928859e-02,2.8931944675e-02,6.5684528695e-01,2.7646859158e-02,7.1566444218e-02,4.7304180256e-02,1.4326435589e-01,3.5104108651e+00
1.4300000000e+02,2.4671777250e-02,2.9232197359e-02,6.5999783698e-01,2.6735700346e-02,7.0758347784e-02,4.6764496279e-02,1.4183964400e-01,3.4886329000e+00
1.4350000000e+02,2.4845134645e-02,2.9500808517e-02,6.6420302765e-01,2.5736954047e-02,6.9662470157e-02,4.6733876379e-02,1.3931772861e-01,3.4646126534e+00
1.4400000000e+02,2.5028078060e-02,2.9685157082e-02,6.6651177172e-01,2.4635725435e-02,6.9018034594e-02,4.6497436604e-02,1.3862379651e-01,3.4454243664e+00
1.4450000000e+02,2.4990290148e-02,2.9873167359e-02,6.7058788837e-01,2.3638843463e-02,6.7912499049e-02,4.6182269945e-02,1.3681504167e-01,3.4166205138e+00
1.4500000000e+02,2.4980395236e-02,3.0158846417e-02,6.7394626505e-01,2.2718853710e-02,6.7255836351e-02,4.5436859054e-02,1.3550294418e-01,3.3902807237e+00
1.4550000000e+02,2.4898249043e-02,3.0347538740e-02,6.7774720362e-01,2.2202781325e-02,6.6138210960e-02,4.5050531411e-02,1.3361548490e-01,3.3625542840e+00
1.4600000000e+02,2.4958194302e-02,3.0382783052e-02,6.8082215704e-01,2.1292305765e-02,6.5336332883e-02,4.4573495224e-02,1.3263473174e-01,3.3352037111e+00
1.4650000000e+02,2.5051886031e-02,3.0455308839e-02,6.8465458194e-01,2.0429652816e-02,6.4374969986e-02,4.3728515556e-02,1.3130508483e-01,3.3052613628e+00
1.4700000000e+02,2.5040785219e-02,3.0808480480e-02,6.8766904073e-01,1.9574716566e-02,6.3860045665e-02,4.3376299463e-02,1.2967063188e-01,3.2810274339e+00
1.4750000000e+02,2.4918470320e-02,3.0678793420e-02,6.9166483974e-01,1.8622013231e-02,6.3108318731e-02,4.2830262178e-02,1.2817730238e-01,3.2482961837e+00
1.4800000000e+02,2.4910198686e-02,3.0903919386e-02,6.9596786104e-01,1.8003238547e-02,6.2458319693e-02,4.2324841060e-02,1.2543162159e-01,3.2190905454e+00
1.4850000000e+02,2.5032984204e-02,3.1036121023e-02,6.9860967426e-01,1.7422188257e-02,6.1980660673e-02,4.1901361238e-02,1.2401701035e-01,3.1961808699e+00
1.4900000000e+02,2.5065894418e-02,3.1274810606e-02,7.0107205767e-01,1.6668140018e-02,6.1238893220e-02,4.1473955503e-02,1.2320624857e-01,3.1709378855e+00
1.4950000000e+02,2.5074583862e-02,3.1306736313e-02,7.0359741534e-01,1.6185800738e-02,6.0341805090e-02,4.1041732830e-02,1.2245192583e-01,3.1477992232e+00
1.5000000000e+02,2.5091223317e-02,3.1166725500e-02,7.0607528847e-01,1.5629240029e-02,5.9762241102e-02,4.0621350449e-02,1.2165393114e-01,3.1219361859e+00
1.5050000000e+02,2.5052794410e-02,3.1386935306e-02,7.0791827260e-01,1.5185809351e-02,5.9448194976e-02,4.0206303906e-02,1.2080168945e-01,3.1023752807e+00
1.5100000000e+02,2.4837228244e-02,3.1302681729e-02,7.1177564988e-01,1.4591275545e-02,5.8612287176e-02,3.9422494806e-02,1.1945838262e-01,3.0697153770e+00
1.5150000000e+02,2.4774346508e-02,3.1102863477e-02,7.1486270726e-01,1.4171503684e-02,5.7944167559e-02,3.8875152244e-02,1.1826925926e-01,3.0429461913e+00
1.5200000000e+02,2.4954766219e-02,3.1289675748e-02,7.1587412003e-01,1.3783291387e-02,5.7915463867e-02,3.8716854349e-02,1.1746582840e-01,3.0307022980e+00
1.5250000000e+02,2.5268670890e-02,3.1600150171e-02,7.1628585100e-01,1.3709070755e-02,5.7639510839e-02,3.8255232139e-02,1.1724151421e-01,3.0220630390e+00
1.5300000000e+02,2.5285241109e-02,3.1536964668e-02,7.1926088421e-01,1.3567558325e-02,5.6875079782e-02,3.7549244526e-02,1.1592502738e-01,2.9995350748e+00
1.5350000000e+02,2.5267017297e-02,3.1518891260e-02,7.2180043723e-01,1.3352520448e-02,5.6285569490e-02,3.7040767828e-02,1.1473479645e-01,2.9822434368e+00
1.5400000000e+02,2.5278933317e-02,3.1251158831e-02,7.2565014245e-01,1.3253012412e-02,5.5333677204e-02,3.6418597578e-02,1.1281447821e-01,2.9580020170e+00
1.5450000000e+02,2.5233445181e-02,3.1076986152e-02,7.2788017365e-01,1.3329633062e-02,5.4849142657e-02,3.5856424136e-02,1.1177419516e-01,2.9413083301e+00
1.5500000000e+02,2.5261844375e-02,3.1009230479e-02,7.3091752787e-01,1.3264554780e-02,5.4465700551e-02,3.4836673801e-02,1.1024446814e-01,2.9239303318e+00
1.5550000000e+02,2.5122893563e-02,3.0751967839e-02,7.3397715275e-01,1.3273975520e-02,5.3743424083e-02,3.4188282969e-02,1.0894230328e-01,2.9066131413e+00
1.5600000000e+02,2.5170849561e-02,3.0667188436e-02,7.3649149497e-01,1.3282710437e-02,5.3082377595e-02,3.3445004131e-02,1.0786037487e-01,2.8952520365e+00
1.5650000000e+02,2.5319478158e-02,3.0768257752e-02,7.3726592673e-01,1.3466203309e-02,5.3012503575e-02,3.3160106270e-02,1.0700752420e-01,2.8964404522e+00
1.5700000000e+02,2.5233293747e-02,3.0305635455e-02,7.3897671124e-01,1.3577839873e-02,5.2617324866e-02,3.2539744681e-02,1.0674945014e-01,2.8886111074e+00
1.5750000000e+02,2.5001246138e-02,3.0111926905e-02,7.4142543540e-01,1.3756113306e-02,5.2232072269e-02,3.1897612836e-02,1.0557559315e-01,2.8804221239e+00
1.5800000000e+02,2.5195372767e-02,3.0015695676e-02,7.4374643435e-01,1.4172767407e-02,5.1753322536e-02,3.1271282143e-02,1.0384512512e-01,2.8770748274e+00
1.5850000000e+02,2.5340820990e-02,3.0072742510e-02,7.4522840547e-01,1.4605151853e-02,5.1225654666e-02,3.0841755005e-02,1.0268546950e-01,2.8776177432e+00
1.5900000000e+02,2.5363689895e-02,2.9856004310e-02,7.4775213840e-01,1.4981967832e-02,5.0960933318e-02,3.0250786664e-02,1.0083447958e-01,2.8732131110e+00
1.5950000000e+02,2.5594353250e-02,3.0026189892e-02,7.4880084185e-01,1.5494524168e-02,5.0912399424e-02,2.9615915801e-02,9.9555775613e-02,2.8790277863e+00
1.6000000000e+02,2.5762712466e-02,3.0145334441e-02,7.4842396285e-01,1.6052088533e-02,5.0876570182e-02,2.9315066210e-02,9.9424265316e-02,2.8935153399e+00
1.6050000000e+02,2.5834137350e-02,3.0158641407e-02,7.4955254075e-01,1.6689336564e-02,5.0513626924e-02,2.8953626045e-02,9.8298090957e-02,2.8998014649e+00
1.6100000000e+02,2.5765396481e-02,3.0142734623e-02,7.5081794142e-01,1.7359934835e-02,5.0294869944e-02,2.8304128071e-02,9.7314994628e-02,2.9045872579e+00
1.6150000000e+02,2.5902551355e-02,3.0184584837e-02,7.5140162017e-01,1.7991897412e-02,5.0448672968e-02,2.7788383205e-02,9.6282290051e-02,2.9131063426e+00
1.6200000000e+02,2.5750790420e-02,2.9974267049e-02,7.5404640946e-01,1.8564987512e-02,4.9976910172e-02,2.7068561057e-02,9.4618074329e-02,2.9062809615e+00
1.6250000000e+02,2.5786365212e-02,2.9746597201e-02,7.5437992166e-01,1.9210857527e-02,4.9838060013e-02,2.6723988555e-02,9.4314209828e-02,2.9133904155e+00
1.6300000000e+02,2.5610393493e-02,2.9558816774e-02,7.5596081454e-01,1.9813165024e-02,4.9485202517e-02,2.6205579183e-02,9.3366028473e-02,2.9154086859e+00
1.6350000000e+02,2.5676711885e-02,2.9345371297e-02,7.5747333349e-01,2.0525121607e-02,4.9011849969e-02,2.5586225788e-02,9.2381385966e-02,2.9145901550e+00
1.6400000000e+02,2.5729091894e-02,2.9151403526e-02,7.5854650997e-01,2.1477414036e-02,4.8533262724e-02,2.5160952301e-02,9.1401365547e-02,2.9184374189e+00
1.6450000000e+02,2.5654671859e-02,2.8721304218e-02,7.5957274382e-01,2.2532112314e-02,4.8520511154e-02,2.4551764773e-02,9.0446891863e-02,2.9198338999e+00
1.6500000000e+02,2.5669816932e-02,2.8607261783e-02,7.6045087339e-01,2.3681198906e-02,4.8088798012e-02,2.3961057314e-02,8.9540993666e-02,2.9241824719e+00
1.6550000000e+02,2.5654181484e-02,2.8453837942e-02,7.6017397611e-01,2.4730258234e-02,4.8408724546e-02,2.3566187636e-02,8.9012834048e-02,2.9341887571e+00
1.6600000000e+02,2.5309634565e-02,2.8297461450e-02,7.6192129455e-01,2.5844350333e-02,4.8084338640e-02,2.3030222310e-02,8.7512698154e-02,2.9302190917e+00
1.6650000000e+02,2.5406402501e-02,2.8161807984e-02,7.6201359526e-01,2.7057561107e-02,4.8075408586e-02,2.2600438513e-02,8.6684786050e-02,2.9356378259e+00
1.6700000000e+02,2.5450762038e-02,2.8155152653e-02,7.6224414939e-01,2.8288499210e-02,4.8024605380e-02,2.2144519679e-02,8.5692311650e-02,2.9443287420e+00
1.6750000000e+02,2.5736796196e-02,2.8155994153e-02,7.6236149678e-01,2.9670021420e-02,4.7863963711e-02,2.1619134362e-02,8.4592593374e-02,2.9531761593e+00
1.6800000000e+02,2.5468233626e-02,2.7716944763e-02,7.6384514171e-01,3.0949322740e-02,4.7554507292e-02,2.1156903249e-02,8.3308946615e-02,2.9501178410e+00
1.6850000000e+02,2.5322531505e-02,2.7273616266e-02,7.6600511576e-01,3.2015932513e-02,4.6886414442e-02,2.0737740092e-02,8.1758649424e-02,2.9433173665e+00
1.6900000000e+02,2.5267186015e-02,2.6908122472e-02,7.6614715288e-01,3.3509860770e-02,4.6687743021e-02,2.0376366698e-02,8.1103568144e-02,2.9466697258e+00
1.6950000000e+02,2.5066555007e-02,2.6858241709e-02,7.6689855194e-01,3.4940981337e-02,4.5980245304e-02,1.9859987677e-02,8.0395437026e-02,2.9444440311e+00
1.7000000000e+02,2.5059203828e-02,2.6713277961e-02,7.6679379384e-01,3.6897763926e-02,4.5616206832e-02,1.9421083638e-02,7.9498669974e-02,2.9494870922e+00
1.7050000000e+02,2.4948658255e-02,2.6538616485e-02,7.6736346530e-01,3.8378814561e-02,4.4869078798e-02,1.8969348300e-02,7.8932018304e-02,2.9482444838e+00
1.7100000000e+02,2.4928251662e-02,2.6271034694e-02,7.6800029863e-01,3.9976468774e-02,4.4361655864e-02,1.8532390532e-02,7.7929899843e-02,2.9465739192e+00
1.7150000000e+02,2.4852247490e-02,2.5974501184e-02,7.6884690501e-01,4.1447658973e-02,4.3868353585e-02,1.8017923064e-02,7.6992410695e-02,2.9425203511e+00
1.7200000000e+02,2.4790430249e-02,2.5931485848e-02,7.6859080944e-01,4.3429095018e-02,4.3342782482e-02,1.7819267032e-02,7.6096129932e-02,2.9480386298e+00
1.7250000000e+02,2.4682884594e-02,2.5708898085e-02,7.6784263198e-01,4.5172121473e-02,4.3559250288e-02,1.7586523696e-02,7.5447689888e-02,2.9546148850e+00
1.7300000000e+02,2.4607193485e-02,2.5452668994e-02,7.6788553798e-01,4.6730759628e-02,4.3139353575e-02,1.7301539593e-02,7.4882946747e-02,2.9562765859e+00
1.7350000000e+02,2.4413586699e-02,2.5166400419e-02,7.6898368325e-01,4.8520855216e-02,4.2596518185e-02,1.6892896652e-02,7.3426059583e-02,2.9495752816e+00
1.7400000000e+02,2.4358011357e-02,2.4994788764e-02,7.6822497704e-01,5.0491838820e-02,4.2479243917e-02,1.6423552520e-02,7.3027587584e-02,2.9537237513e+00
1.7450000000e+02,2.4097705782e-02,2.4720284544e-02,7.6908279584e-01,5.2067945509e-02,4.2081987322e-02,1.5872094520e-02,7.2077186478e-02,2.9460724641e+00
1.7500000000e+02,2.3870962199e-02,2.4457983024e-02,7.6955641910e-01,5.4086849082e-02,4.1543895174e-02,1.5384820782e-02,7.1099070640e-02,2.9400613149e+00
1.7550000000e+02,2.3778622017e-02,2.4338284265e-02,7.6853033555e-01,5.6360684211e-02,4.1555948782e-02,1.5042649296e-02,7.0393475876e-02,2.9452230105e+00
1.7600000000e+02,2.3564477220e-02,2.4040553670e-02,7.6804984676e-01,5.8634950022e-02,4.1350640196e-02,1.4639453841e-02,6.9720078287e-02,2.9457438994e+00
1.7650000000e+02,2.3384940050e-02,2.3960366011e-02,7.6709260275e-01,6.0532728228e-02,4.1335603377e-02,1.4270146152e-02,6.9423613433e-02,2.9501289091e+00
1.7700000000e+02,2.3264627141e-02,2.3716290002e-02,7.6708020583e-01,6.2584871585e-02,4.1216840750e-02,1.3927649101e-02,6.8209515592e-02,2.9481606045e+00
1.7750000000e+02,2.3301491933e-02,2.3608920843e-02,7.6508073157e-01,6.4867383851e-02,4.1378171608e-02,1.3651454742e-02,6.8111845450e-02,2.9593332071e+00
1.7800000000e+02,2.3298618901e-02,2.3561156738e-02,7.6390069669e-01,6.6591105816e-02,4.1250768552e-02,1.3354467086e-02,6.8043186215e-02,2.9661461678e+00
1.7850000000e+02,2.3324150817e-02,2.3284878864e-02,7.6392996242e-01,6.8319559094e-02,4.0838431837e-02,1.3034819702e-02,6.7268197267e-02,2.9629486814e+00
1.7900000000e+02,2.3291471914e-02,2.3125557712e-02,7.6283022071e-01,7.0809131992e-02,4.0610231903e-02,1.2758759379e-02,6.6574626392e-02,2.9655252024e+00
1.7950000000e+02,2.2950593078e-02,2.2954941103e-02,7.6333016872e-01,7.2573375952e-02,4.0505176380e-02,1.2420713528e-02,6.5265031237e-02,2.9596073984e+00
1.8000000000e+02,2.2929426466e-02,2.2674827142e-02,7.6341060695e-01,7.4749854164e-02,4.0207813635e-02,1.2094672923e-02,6.3932798718e-02,2.9546401770e+00
1.8050000000e+02,2.2814060811e-02,2.2382368818e-02,7.6195109684e-01,7.7186093118e-02,4.0192776554e-02,1.1757746202e-02,6.3715857660e-02,2.9565474977e+00
1.8100000000e+02,2.2628518606e-02,2.2154749966e-02,7.6002467673e-01,7.9897541383e-02,4.0305883425e-02,1.1465361435e-02,6.3523268459e-02,2.9619707740e+00
1.8150000000e+02,2.2334875820e-02,2.1926537986e-02,7.5907781404e-01,8.2027558276e-02,4.0121651174e-02,1.1187889319e-02,6.3323673383e-02,2.9609175772e+00
1.8200000000e+02,2.2088768998e-02,2.1811875908e-02,7.5729634309e-01,8.4528682185e-02,4.0290169612e-02,1.0902985470e-02,6.3081174740e-02,2.9643782748e+00
1.8250000000e+02,2.1785252367e-02,2.1668040199e-02,7.5649012103e-01,8.6749366901e-02,4.0194944860e-02,1.0597913184e-02,6.2514361459e-02,2.9610644961e+00
1.8300000000e+02,2.1637551765e-02,2.1485423816e-02,7.5561072012e-01,8.8635518371e-02,4.0026038813e-02,1.0389006666e-02,6.2215740448e-02,2.9585458310e+00
1.8350000000e+02,2.1406328433e-02,2.1171957560e-02,7.5466732499e-01,9.1239802561e-02,3.9770179892e-02,1.0191723128e-02,6.1552683438e-02,2.9574351772e+00
1.8400000000e+02,2.1176665119e-02,2.0915526428e-02,7.5515578848e-01,9.2814436071e-02,3.9496919001e-02,9.8933609294e-03,6.0547303970e-02,2.9482357801e+00
1.8450000000e+02,2.0992566592e-02,2.0882361801e-02,7.5330093146e-01,9.5365888769e-02,3.9424257192e-02,9.6585932228e-03,6.0375400962e-02,2.9526023114e+00
1.8500000000e+02,2.0845289152e-02,2.0628380576e-02,7.5262664216e-01,9.7272295342e-02,3.9552524124e-02,9.3627392267e-03,5.9712129422e-02,2.9482437106e+00
1.8550000000e+02,2.0795100265e-02,2.0331238002e-02,7.5212126984e-01,9.8630772735e-02,3.9586215991e-02,9.0584730350e-03,5.9476930137e-02,2.9453215153e+00
1.8600000000e+02,2.0657057545e-02,2.0243891429e-02,7.5117009922e-01,1.0062822465e-01,3.9411849934e-02,8.8512342566e-03,5.9037642971e-02,2.9446059094e+00
1.8650000000e+02,2.0578960985e-02,2.0180698921e-02,7.4877379820e-01,1.0344016719e-01,3.9337211565e-02,8.7144440323e-03,5.8974719109e-02,2.9512657844e+00
1.8700000000e+02,2.0700928684e-02,2.0084311936e-02,7.4659760598e-01,1.0624989264e-01,3.9320096734e-02,8.5879705517e-03,5.8459193474e-02,2.9572386380e+00
1.8750000000e+02,2.0684531515e-02,2.0113591155e-02,7.4457064701e-01,1.0824220843e-01,3.9553239404e-02,8.4604591145e-03,5.8375323367e-02,2.9655797424e+00
1.8800000000e+02,2.0708838264e-02,2.0001080968e-02,7.4320553108e-01,1.1071538606e-01,3.9312293993e-02,8.3454566391e-03,5.7711412988e-02,2.9671010533e+00
1.8850000000e+02,2.0526000620e-02,1.9958469445e-02,7.4219352744e-01,1.1277945479e-01,3.9026602896e-02,8.2177611371e-03,5.7298183675e-02,2.9657856293e+00
1.8900000000e+02,2.0432868301e-02,1.9918973326e-02,7.4085393009e-01,1.1529864600e-01,3.8904592581e-02,8.0800382681e-03,5.6510951425e-02,2.9662204459e+00
1.8950000000e+02,2.0425214679e-02,1.9870651801e-02,7.3851207191e-01,1.1823014538e-01,3.9101341330e-02,7.9702183258e-03,5.5890356572e-02,2.9726871024e+00
1.9000000000e+02,2.0402557376e-02,1.9977847450e-02,7.3577929036e-01,1.2117496228e-01,3.8884228783e-02,7.7884225759e-03,5.5992691179e-02,2.9798377020e+00
1.9050000000e+02,2.0364271695e-02,1.9864509768e-02,7.3350604219e-01,1.2401187364e-01,3.8951439761e-02,7.6623068177e-03,5.5639556129e-02,2.9825729100e+00
1.9100000000e+02,2.0254036907e-02,1.9827784150e-02,7.3174631152e-01,1.2596423455e-01,3.9112161640e-02,7.4880820767e-03,5.5607389156e-02,2.9856661847e+00
1.9150000000e+02,2.0145287790e-02,1.9841926965e-02,7.2986764351e-01,1.2836723366e-01,3.9257322181e-02,7.3631860615e-03,5.5157399829e-02,2.9881816846e+00
1.9200000000e+02,2.0009226506e-02,1.9797601619e-02,7.2811379327e-01,1.3108817142e-01,3.9116533520e-02,7.2326091233e-03,5.4642064548e-02,2.9885027201e+00
1.9250000000e+02,1.9761914012e-02,1.9753097496e-02,7.2760216246e-01,1.3273629988e-01,3.8960310439e-02,7.0693545678e-03,5.4116861149e-02,2.9842315509e+00
1.9300000000e+02,1.9686975040e-02,1.9774013804e-02,7.2613579487e-01,1.3493320903e-01,3.8680956013e-02,6.8903021823e-03,5.3898749065e-02,2.9825935695e+00
1.9350000000e+02,1.9465288448e-02,1.9869186141e-02,7.2459909678e-01,1.3711694154e-01,3.8700300330e-02,6.7472567594e-03,5.3501930008e-02,2.9836418914e+00
1.9400000000e+02,1.9184329268e-02,1.9996546243e-02,7.2249512887e-01,1.3957513779e-01,3.8786528258e-02,6.6052192961e-03,5.3357110272e-02,2.9841550471e+00
1.9450000000e+02,1.9065329002e-02,2.0043825677e-02,7.1937733910e-01,1.4305468736e-01,3.8862102499e-02,6.4714243517e-03,5.3125292016e-02,2.9906755720e+00
1.9500000000e+02,1.8941207637e-02,1.9865954638e-02,7.1701378887e-01,1.4635318737e-01,3.8509627570e-02,6.3591673710e-03,5.2957066537e-02,2.9925938607e+00
1.9550000000e+02,1.8761380164e-02,1.9640572262e-02,7.1579996506e-01,1.4883170204e-01,3.8424422676e-02,6.2110662355e-03,5.2330891567e-02,2.9882267090e+00
1.9600000000e+02,1.8597761790e-02,1.9627585097e-02,7.1584799695e-01,1.4995323985e-01,3.8193273952e-02,6.0803268382e-03,5.1699815521e-02,2.9816374371e+00
1.9650000000e+02,1.8548013304e-02,1.9536739958e-02,7.1267493391e-01,1.5373715928e-01,3.8187763467e-02,5.9543992433e-03,5.1360990845e-02,2.9843159249e+00
1.9700000000e+02,1.8488436358e-02,1.9525984153e-02,7.1093842261e-01,1.5604286379e-01,3.8338729269e-02,5.8382517191e-03,5.0827312107e-02,2.9865341028e+00
1.9750000000e+02,1.8291551459e-02,1.9491988522e-02,7.0979217527e-01,1.5765503861e-01,3.8050324180e-02,5.7324895349e-03,5.0986432419e-02,2.9838894429e+00
1.9800000000e+02,1.8095047480e-02,1.9574506607e-02,7.0877659725e-01,1.5910962281e-01,3.8057775297e-02,5.6514192697e-03,5.0735031293e-02,2.9828590369e+00
1.9850000000e+02,1.7998831367e-02,1.9763392080e-02,7.0591082728e-01,1.6203282805e-01,3.8131765445e-02,5.5526368782e-03,5.0609718897e-02,2.9897825745e+00
1.9900000000e+02,1.7984601803e-02,1.9871875907e-02,7.0285831539e-01,1.6464726881e-01,3.8400543837e-02,5.4204997952e-03,5.0816894467e-02,2.9987311330e+00
1.9950000000e+02,1.7810418425e-02,1.9927486407e-02,6.9947525226e-01,1.6851736727e-01,3.8356946067e-02,5.3402852142e-03,5.0572244352e-02,3.0026159603e+00
2.0000000000e+02,1.7762708586e-02,1.9815713898e-02,6.9716193203e-01,1.7114506706e-01,3.8183851895e-02,5.3040969419e-03,5.0626629587e-02,3.0048002633e+00
2.0050000000e+02,1.7524730281e-02,1.9669344752e-02,6.9730564812e-01,1.7280712622e-01,3.7914559668e-02,5.1855416218e-03,4.9593049334e-02,2.9929723897e+00
2.0100000000e+02,1.7504322408e-02,1.9864819552e-02,6.9463540803e-01,1.7564396276e-01,3.7969446099e-02,5.1284202807e-03,4.9253620871e-02,2.9982259109e+00
2.0150000000e+02,1.7388776279e-02,1.9982846892e-02,6.9113356335e-01,1.7943806291e-01,3.7979251035e-02,5.0535605448e-03,4.9023938991e-02,3.0034950406e+00
2.0200000000e+02,1.7171920717e-02,1.9931978356e-02,6.8820230781e-01,1.8328571594e-01,3.7798880938e-02,4.9364966894e-03,4.8672699557e-02,3.0016026242e+00
2.0250000000e+02,1.6960800804e-02,1.9758459558e-02,6.8625174054e-01,1.8591057999e-01,3.7847803052e-02,4.8572727075e-03,4.8413343347e-02,3.0004676700e+00
2.0300000000e+02,1.6783936352e-02,1.9853310254e-02,6.8437104661e-01,1.8831510891e-01,3.7812647397e-02,4.7847364015e-03,4.8079214078e-02,3.0007948394e+00
2.0350000000e+02,1.6653605713e-02,1.9796607841e-02,6.8342142769e-01,1.8980383856e-01,3.7780413784e-02,4.6668146352e-03,4.7877291777e-02,2.9973310051e+00
2.0400000000e+02,1.6278419300e-02,1.9719957686e-02,6.8320571139e-01,1.9143493264e-01,3.7554025991e-02,4.5563073669e-03,4.7250645627e-02,2.9858050963e+00
2.0450000000e+02,1.6033652569e-02,1.9639989406e-02,6.8205430165e-01,1.9350617337e-01,3.7460936318e-02,4.4502239040e-03,4.6854722788e-02,2.9779996702e+00
2.0500000000e+02,1.5967942264e-02,1.9682653328e-02,6.7951087403e-01,1.9621670146e-01,3.7405134477e-02,4.3828324962e-03,4.6833861949e-02,2.9811116233e+00
2.0550000000e+02,1.5916747880e-02,1.9642064966e-02,6.7848503716e-01,1.9781332942e-01,3.7374754797e-02,4.3130733779e-03,4.6454992398e-02,2.9779862633e+00
2.0600000000e+02,1.5935689768e-02,1.9806624704e-02,6.7585792962e-01,2.0046384257e-01,3.7359239484e-02,4.2491037200e-03,4.6327570143e-02,2.9832417332e+00
2.0650000000e+02,1.5759331398e-02,1.9986209270e-02,6.7389087279e-01,2.0282758645e-01,3.7159649005e-02,4.2042109086e-03,4.6172140180e-02,2.9840463333e+00
2.0700000000e+02,1.5672729379e-02,2.0023222377e-02,6.7198335420e-01,2.0505671735e-01,3.7200317596e-02,4.1431590682e-03,4.5920500030e-02,2.9845088365e+00
2.0750000000e+02,1.5592198509e-02,2.0070570726e-02,6.6963122340e-01,2.0738026663e-01,3.7381147280e-02,4.1017649997e-03,4.5842828458e-02,2.9896740774e+00
2.0800000000e+02,1.5612329043e-02,2.0022282501e-02,6.6575361230e-01,2.1133159717e-01,3.7418774950e-02,4.0566390926e-03,4.5804764944e-02,2.9957715883e+00
2.0850000000e+02,1.5500714675e-02,2.0210948871e-02,6.6289356383e-01,2.1406398499e-01,3.7466609584e-02,3.9810255236e-03,4.5883152528e-02,3.0000038152e+00
2.0900000000e+02,1.5402635501e-02,2.0278546334e-02,6.6115845119e-01,2.1656248894e-01,3.7265303152e-02,3.9153679601e-03,4.5417206921e-02,2.9974037888e+00
2.0950000000e+02,1.5356585107e-02,2.0301404162e-02,6.5889353537e-01,2.1969132575e-01,3.6923323382e-02,3.8569566576e-03,4.4976869570e-02,2.9944526931e+00
2.1000000000e+02,1.5417827199e-02,2.0403746301e-02,6.5627684240e-01,2.2218565521e-01,3.7092623198e-02,3.8413589166e-03,4.4781946771e-02,3.0002742084e+00
2.1050000000e+02,1.5316447703e-02,2.0332233298e-02,6.5530565748e-01,2.2409240227e-01,3.6883986882e-02,3.7776001389e-03,4.4291672231e-02,2.9945250082e+00
2.1100000000e+02,1.5283386589e-02,2.0405378683e-02,6.5335939618e-01,2.2595288620e-01,3.7086262151e-02,3.7384569786e-03,4.4174233214e-02,2.9979141740e+00
2.1150000000e+02,1.5228145684e-02,2.0428846163e-02,6.4870459511e-01,2.3089572305e-01,3.7081099334e-02,3.7155395162e-03,4.3946051149e-02,3.0036444021e+00
2.1200000000e+02,1.5127611370e-02,2.0450111403e-02,6.4562895527e-01,2.3366613108e-01,3.7387921426e-02,3.6898194517e-03,4.4049449998e-02,3.0101113529e+00
2.1250000000e+02,1.4952788254e-02,2.0542648051e-02,6.4221310962e-01,2.3672049186e-01,3.7683143519e-02,3.6555381992e-03,4.4232280497e-02,3.0170155521e+00
2.1300000000e+02,1.4826337165e-02,2.0435324395e-02,6.3992242746e-01,2.3974090535e-01,3.7601130558e-02,3.6175003788e-03,4.3856374693e-02,3.0161745499e+00
2.1350000000e+02,1.4716123385e-02,2.0475728162e-02,6.3970794224e-01,2.4072605062e-01,3.7602474113e-02,3.5485855736e-03,4.3223095913e-02,3.0106654389e+00
2.1400000000e+02,1.4589643775e-02,2.0515234428e-02,6.3683638756e-01,2.4367698803e-01,3.7731375171e-02,3.4941323322e-03,4.3156238705e-02,3.0110696158e+00
2.1450000000e+02,1.4505988581e-02,2.0653638526e-02,6.3262581404e-01,2.4765620297e-01,3.7887784762e-02,3.4681127602e-03,4.3202458362e-02,3.0178260537e+00
2.1500000000e+02,1.4519013361e-02,2.0668808981e-02,6.2928541417e-01,2.5115037285e-01,3.7768976192e-02,3.4252087223e-03,4.3182205724e-02,3.0197650000e+00
2.1550000000e+02,1.4461261090e-02,2.0680913901e-02,6.2683343924e-01,2.5392991815e-01,3.7734850164e-02,3.4033811531e-03,4.2956236303e-02,3.0221562724e+00
2.1600000000e+02,1.4396365963e-02,2.0729815971e-02,6.2223129445e-01,2.5802293298e-01,3.7871745654e-02,3.3636342648e-03,4.3384210713e-02,3.0306549198e+00
2.1650000000e+02,1.4341275384e-02,2.0747777144e-02,6.1939994570e-01,2.6095393522e-01,3.8031122478e-02,3.3355358471e-03,4.3190408225e-02,3.0327877460e+00
2.1700000000e+02,1.4252506835e-02,2.0978351565e-02,6.1753975901e-01,2.6266376251e-01,3.8018132199e-02,3.3000032928e-03,4.3247484582e-02,3.0342799116e+00
2.1750000000e+02,1.4233906003e-02,2.1012447142e-02,6.1526249916e-01,2.6477909376e-01,3.8232116452e-02,3.2824356346e-03,4.3197501843e-02,3.0381946953e+00
2.1800000000e+02,1.4115187534e-02,2.1093916558e-02,6.1443304828e-01,2.6548623902e-01,3.8197367337e-02,3.2474988541e-03,4.3426742423e-02,3.0379746707e+00
2.1850000000e+02,1.4024211220e-02,2.1174800517e-02,6.1108904469e-01,2.6828480672e-01,3.8437108210e-02,3.2123866413e-03,4.3777642004e-02,3.0437061079e+00
2.1900000000e+02,1.3944380235e-02,2.1029199595e-02,6.0945314253e-01,2.7037953726e-01,3.8510638156e-02,3.1727063097e-03,4.3510395915e-02,3.0418324015e+00
2.1950000000e+02,1.3901435539e-02,2.1080835306e-02,6.0524589468e-01,2.7376439265e-01,3.9031326343e-02,3.1556015526e-03,4.3820513920e-02,3.0518551154e+00
2.2000000000e+02,1.3748317638e-02,2.1005817740e-02,6.0220428057e-01,2.7718326077e-01,3.9018584651e-02,3.1414509012e-03,4.3698287734e-02,3.0522037670e+00
2.2050000000e+02,1.3635705955e-02,2.0974495669e-02,5.9853499882e-01,2.8079874211e-01,3.9121949539e-02,3.0962043087e-03,4.3837903594e-02,3.0548380752e+00
2.2100000000e+02,1.3615241180e-02,2.0907287874e-02,5.9639624434e-01,2.8240363542e-01,3.9541823208e-02,3.0660596625e-03,4.4069708322e-02,3.0605853767e+00
2.2150000000e+02,1.3515148418e-02,2.0922775662e-02,5.9300709765e-01,2.8593929354e-01,3.9433351947e-02,3.0397036572e-03,4.4142629124e-02,3.0619234759e+00
2.2200000000e+02,1.3486006963e-02,2.0978138079e-02,5.9130759628e-01,2.8763270933e-01,3.9387073126e-02,3.0125882648e-03,4.4195887964e-02,3.0641594029e+00
2.2250000000e+02,1.3441937851e-02,2.0970441149e-02,5.8825424569e-01,2.9021070014e-01,3.9780275356e-02,2.9883200981e-03,4.4354079719e-02,3.0702116991e+00
2.2300000000e+02,1.3353044542e-02,2.1029618004e-02,5.8443551313e-01,2.9338079509e-01,4.0067482161e-02,2.9716831190e-03,4.4761863961e-02,3.0779425569e+00
2.2350000000e+02,1.3315201119e-02,2.1181522775e-02,5.7797211691e-01,2.9879316219e-01,4.0527092968e-02,2.9708516795e-03,4.5240052365e-02,3.0895840788e+00
2.2400000000e+02,1.3342918564e-02,2.1137500092e-02,5.7425280146e-01,3.0199067157e-01,4.0803336288e-02,2.9442908532e-03,4.5528481167e-02,3.0945854342e+00
2.2450000000e+02,1.3339576824e-02,2.1107591734e-02,5.7017831889e-01,3.0570475046e-01,4.0903067182e-02,2.9441795726e-03,4.5822515340e-02,3.1001884064e+00
2.2500000000e+02,1.3318819302e-02,2.1062081087e-02,5.6705018433e-01,3.0841433221e-01,4.1228309130e-02,2.9292127013e-03,4.5997061237e-02,3.1048280837e+00
2.2550000000e+02,1.3339906477e-02,2.1022434562e-02,5.6252952233e-01,3.1277774214e-01,4.1368712696e-02,2.9279864338e-03,4.6033695363e-02,3.1095329373e+00
2.2600000000e+02,1.3325409632e-02,2.0967527039e-02,5.5885249771e-01,3.1564322898e-01,4.1713383635e-02,2.9294153184e-03,4.6568537685e-02,3.1178565653e+00
2.2650000000e+02,1.3310930443e-02,2.0884128922e-02,5.5645320531e-01,3.1797074183e-01,4.1829931768e-02,2.9292771411e-03,4.6621784591e-02,3.1210905543e+00
2.2700000000e+02,1.3183227825e-02,2.0754789713e-02,5.5421149080e-01,3.1997269073e-01,4.2029112525e-02,2.9304381747e-03,4.6918250228e-02,3.1227590955e+00
2.2750000000e+02,1.3188949995e-02,2.0784804190e-02,5.5292934457e-01,3.2060137578e-01,4.2330504124e-02,2.9358676611e-03,4.7229153680e-02,3.1269786616e+00
2.2800000000e+02,1.3166940115e-02,2.0857531857e-02,5.5009779648e-01,3.2269316738e-01,4.2907336225e-02,2.9156757760e-03,4.7361552165e-02,3.1329014264e+00
2.2850000000e+02,1.3162804069e-02,2.0947158456e-02,5.4523468394e-01,3.2634316503e-01,4.3469108962e-02,2.9360754601e-03,4.7907004081e-02,3.1453290828e+00
2.2900000000e+02,1.3163568618e-02,2.0971508018e-02,5.4196964842e-01,3.2923185401e-01,4.3583981191e-02,2.9314204874e-03,4.8148019258e-02,3.1496203366e+00
2.2950000000e+02,1.3118030079e-02,2.0979436384e-02,5.4210579060e-01,3.2872562316e-01,4.3894771155e-02,2.9403781490e-03,4.8235970474e-02,3.1508463049e+00
2.3000000000e+02,1.3025210764e-02,2.1008610481e-02,5.3856825033e-01,3.3223006227e-01,4.4111713872e-02,2.9450754279e-03,4.8111076858e-02,3.1531104207e+00
2.3050000000e+02,1.3042973004e-02,2.0911561378e-02,5.3440785998e-01,3.3575416183e-01,4.4275154860e-02,2.9715664305e-03,4.8636722511e-02,3.1603652730e+00
2.3100000000e+02,1.3019734520e-02,2.0954735595e-02,5.3136970064e-01,3.3767920355e-01,4.4825433194e-02,2.9896859303e-03,4.9161506572e-02,3.1675426653e+00
2.3150000000e+02,1.3048462358e-02,2.1124955233e-02,5.2784479782e-01,3.4007772756e-01,4.5178875361e-02,3.0015443776e-03,4.9723637288e-02,3.1765792488e+00
2.3200000000e+02,1.3121270154e-02,2.0988024820e-02,5.2436866387e-01,3.4319930648e-01,4.5502573744e-02,3.0132911219e-03,4.9806869810e-02,3.1794648454e+00
2.3250000000e+02,1.3094911606e-02,2.1129815072e-02,5.2055548293e-01,3.4618447836e-01,4.5993857442e-02,3.0369108924e-03,5.0004543696e-02,3.1877862183e+00
2.3300000000e+02,1.3104239196e-02,2.1140136870e-02,5.1501239240e-01,3.5055965920e-01,4.6632182745e-02,3.0570077325e-03,5.0494381848e-02,3.1993342191e+00
2.3350000000e+02,1.3053853762e-02,2.1065926379e-02,5.1021365243e-01,3.5482552243e-01,4.7017613034e-02,3.0710138178e-03,5.0752418144e-02,3.2043274867e+00
2.3400000000e+02,1.2993945414e-02,2.0932114457e-02,5.0539921447e-01,3.5849730064e-01,4.7579732161e-02,3.0782723788e-03,5.1519420472e-02,3.2139125543e+00
2.3450000000e+02,1.2925503672e-02,2.0674896531e-02,4.9993809820e-01,3.6320610401e-01,4.8247215166e-02,3.0862333517e-03,5.1921949078e-02,3.2185239161e+00
2.3500000000e+02,1.3071448327e-02,2.0707352384e-02,4.9796987046e-01,3.6376477088e-01,4.8876705285e-02,3.1111130019e-03,5.2498739663e-02,3.2283111399e+00
2.3550000000e+02,1.3099811915e-02,2.0717366834e-02,4.9621304297e-01,3.6458357132e-01,4.9554325912e-02,3.1226157028e-03,5.2709265339e-02,3.2342264716e+00
2.3600000000e+02,1.3147993496e-02,2.0691634479e-02,4.9122515303e-01,3.6888930893e-01,5.0040230604e-02,3.1542692249e-03,5.2851410239e-02,3.2402543585e+00
2.3650000000e+02,1.3177220795e-02,2.0590378099e-02,4.8742103752e-01,3.7144239378e-01,5.0551309394e-02,3.1787766560e-03,5.3638883747e-02,3.2482586100e+00
2.3700000000e+02,1.3186351422e-02,2.0437907315e-02,4.8453069172e-01,3.7316113195e-01,5.1284620249e-02,3.2248680607e-03,5.4174429289e-02,3.2553142210e+00
2.3750000000e+02,1.3190999815e-02,2.0345042104e-02,4.7910080178e-01,3.7710721761e-01,5.2051875946e-02,3.2577402667e-03,5.4946322486e-02,3.2644274854e+00
2.3800000000e+02,1.3161495002e-02,2.0269691059e-02,4.7517434150e-01,3.7993085477e-01,5.2569808956e-02,3.2923087660e-03,5.5601499955e-02,3.2696194219e+00
2.3850000000e+02,1.3106210881e-02,2.0131143340e-02,4.7252467914e-01,3.8132742749e-01,5.3309246876e-02,3.3379328129e-03,5.6263359462e-02,3.2746998892e+00
2.3900000000e+02,1.3106137434e-02,1.9961251049e-02,4.6961755137e-01,3.8320544619e-01,5.3685474311e-02,3.3782646257e-03,5.7045875019e-02,3.2801680488e+00
2.3950000000e+02,1.3093065648e-02,1.9890990191e-02,4.6403713195e-01,3.8709484682e-01,5.4525310688e-02,3.4082976381e-03,5.7950357061e-02,3.2915523455e+00
2.4000000000e+02,1.3025413387e-02,1.9694965084e-02,4.5982007761e-01,3.9069831850e-01,5.4629799068e-02,3.4331987296e-03,5.8698227621e-02,3.2926903041e+00
2.4050000000e+02,1.3018600889e-02,1.9628888902e-02,4.5752949317e-01,3.9213604512e-01,5.4816296765e-02,3.4900751196e-03,5.9380600030e-02,3.2958298212e+00
2.4100000000e+02,1.2992640985e-02,1.9474391605e-02,4.5465802511e-01,3.9424060031e-01,5.5351607438e-02,3.5264439681e-03,5.9756290580e-02,3.3001899483e+00
2.4150000000e+02,1.2966735616e-02,1.9375847516e-02,4.5102085665e-01,3.9657981705e-01,5.5872102415e-02,3.5597694619e-03,6.0624871296e-02,3.3072321992e+00
2.4200000000e+02,1.2956356307e-02,1.9207648481e-02,4.4600424539e-01,4.0085807980e-01,5.6134975378e-02,3.6032939932e-03,6.1235400645e-02,3.3098016801e+00
2.4250000000e+02,1.2912852919e-02,1.9121525883e-02,4.4155409950e-01,4.0353009795e-01,5.6943299302e-02,3.6526451396e-03,6.2285479305e-02,3.3179883575e+00
2.4300000000e+02,1.2902026122e-02,1.8984283684e-02,4.3777208219e-01,4.0670171414e-01,5.7176493277e-02,3.6820637166e-03,6.2781336872e-02,3.3187040295e+00
2.4350000000e+02,1.2949054986e-02,1.8831294450e-02,4.3450871266e-01,4.0847236048e-01,5.7885441750e-02,3.7541007668e-03,6.3599034909e-02,3.3278943049e+00
2.4400000000e+02,1.2943396343e-02,1.8881237474e-02,4.2912437068e-01,4.1238009554e-01,5.8677412665e-02,3.8246193053e-03,6.4168867987e-02,3.3371105753e+00
2.4450000000e+02,1.2907981975e-02,1.8761153437e-02,4.2504538099e-01,4.1557854338e-01,5.8953208873e-02,3.8677224496e-03,6.4886008899e-02,3.3385135360e+00
2.4500000000e+02,1.2813495776e-02,1.8588077671e-02,4.2331189563e-01,4.1632760318e-01,5.9854836786e-02,3.9211235723e-03,6.5182967387e-02,3.3413860446e+00
2.4550000000e+02,1.2779881147e-02,1.8524223738e-02,4.1889691121e-01,4.1932642227e-01,6.0374602086e-02,3.9983868667e-03,6.6099572688e-02,3.3474448182e+00
2.4600000000e+02,1.2836508220e-02,1.8407197259e-02,4.1465803946e-01,4.2174275960e-01,6.1038072464e-02,4.0656063585e-03,6.7251816636e-02,3.3540769279e+00
2.4650000000e+02,1.2856894051e-02,1.8417225481e-02,4.1031972878e-01,4.2365206513e-01,6.1786450809e-02,4.1558083154e-03,6.8811827438e-02,3.3649434782e+00
2.4700000000e+02,1.2948891796e-02,1.8407400581e-02,4.0786230023e-01,4.2419005448e-01,6.2475521737e-02,4.2162928448e-03,6.9899538328e-02,3.3745570566e+00
2.4750000000e+02,1.3047519657e-02,1.8301785982e-02,4.0360247641e-01,4.2656964605e-01,6.3233893001e-02,4.3246355435e-03,7.0920043354e-02,3.3849454994e+00
2.4800000000e+02,1.3140549481e-02,1.8247814352e-02,3.9901700917e-01,4.2965038253e-01,6.4004219010e-02,4.3996494870e-03,7.1540375962e-02,3.3911543376e+00
2.4850000000e+02,1.3115167525e-02,1.8050835448e-02,3.9461622769e-01,4.3328745304e-01,6.4629042970e-02,4.4559174778e-03,7.1845355850e-02,3.3925795847e+00
2.4900000000e+02,1.3060316278e-02,1.8003165513e-02,3.8875156359e-01,4.3802404431e-01,6.5428341405e-02,4.5352792542e-03,7.2197289654e-02,3.3958528071e+00
2.4950000000e+02,1.3021767700e-02,1.8018971579e-02,3.8360567280e-01,4.4152784196e-01,6.6187807846e-02,4.5929924197e-03,7.3044945695e-02,3.3996829391e+00
2.5000000000e+02,1.2993781294e-02,1.7973837637e-02,3.7934094241e-01,4.4358752585e-01,6.7410022917e-02,4.6738103944e-03,7.4020079498e-02,3.4089993309e+00
2.5050000000e+02,1.2960530447e-02,1.7805257746e-02,3.7342371893e-01,4.4863785544e-01,6.7768254582e-02,4.7591550870e-03,7.4645227772e-02,3.4080761695e+00
2.5100000000e+02,1.2857535096e-02,1.7561491742e-02,3.6873670239e-01,4.5239256103e-01,6.8254895177e-02,4.8263431448e-03,7.5370471419e-02,3.4059588731e+00
2.5150000000e+02,1.2750290033e-02,1.7531472607e-02,3.6288427031e-01,4.5626744589e-01,6.9348312657e-02,4.9253873850e-03,7.6292821120e-02,3.4105817655e+00
2.5200000000e+02,1.2781963082e-02,1.7442118925e-02,3.5647616261e-01,4.6031695815e-01,7.0177013441e-02,5.0487078349e-03,7.7757075953e-02,3.4173164618e+00
2.5250000000e+02,1.2773885019e-02,1.7379455860e-02,3.5140744935e-01,4.6451567185e-01,7.0511324112e-02,5.1260486885e-03,7.8286165126e-02,3.4177507947e+00
2.5300000000e+02,1.2861494202e-02,1.7252138416e-02,3.4558560979e-01,4.6855515022e-01,7.1048938224e-02,5.2090791168e-03,7.9487590031e-02,3.4223648520e+00
2.5350000000e+02,1.2837261528e-02,1.7211350776e-02,3.4095189160e-01,4.7134665561e-01,7.2118452466e-02,5.2971482202e-03,8.0237239806e-02,3.4276711368e+00
2.5400000000e+02,1.2894256147e-02,1.7124879240e-02,3.3460079112e-01,4.7611623286e-01,7.2775326967e-02,5.3931512418e-03,8.1095362423e-02,3.4313711586e+00
2.5450000000e+02,1.3037031463e-02,1.7110660879e-02,3.2837452455e-01,4.8007788086e-01,7.4103370706e-02,5.5022795249e-03,8.1794252017e-02,3.4399155222e+00
2.5500000000e+02,1.2932149836e-02,1.6850173365e-02,3.2365879782e-01,4.8327402140e-01,7.4717970877e-02,5.5785343094e-03,8.2988352394e-02,3.4394583088e+00
2.5550000000e+02,1.2887492273e-02,1.6545936555e-02,3.1888959331e-01,4.8701108070e-01,7.4798503273e-02,5.7177916587e-03,8.4149602236e-02,3.4369389375e+00
2.5600000000e+02,1.2879655443e-02,1.6420772932e-02,3.1450965078e-01,4.8908325811e-01,7.6002413638e-02,5.8401539793e-03,8.5264095119e-02,3.4404253533e+00
2.5650000000e+02,1.2793705034e-02,1.6271854428e-02,3.1092346648e-01,4.9156049363e-01,7.6468558251e-02,5.9255685805e-03,8.6056353597e-02,3.4366559574e+00
2.5700000000e+02,1.2763909648e-02,1.6099108411e-02,3.0608724983e-01,4.9586184402e-01,7.6902232147e-02,6.0224319227e-03,8.6263224018e-02,3.4331219019e+00
2.5750000000e+02,1.2824857564e-02,1.5946126477e-02,2.9934251759e-01,5.0079348270e-01,7.7984892670e-02,6.1125968264e-03,8.6995526169e-02,3.4310723206e+00
2.5800000000e+02,1.2919951528e-02,1.5733391269e-02,2.9491348035e-01,5.0337342139e-01,7.8724470062e-02,6.2171097650e-03,8.8118175634e-02,3.4311581731e+00
2.5850000000e+02,1.2844570983e-02,1.5635181195e-02,2.8836688137e-01,5.0815545002e-01,7.9927828422e-02,6.3480416381e-03,8.8722046374e-02,3.4301055361e+00
2.5900000000e+02,1.2768048802e-02,1.5491687960e-02,2.8139957794e-01,5.1333704222e-01,8.1004964385e-02,6.3962777886e-03,8.9602400905e-02,3.4260214277e+00
2.5950000000e+02,1.2648846107e-02,1.5337667543e-02,2.7599728404e-01,5.1831072331e-01,8.1074903608e-02,6.4817517333e-03,9.0148823659e-02,3.4169190453e+00
2.6000000000e+02,1.2573829302e-02,1.5260907213e-02,2.7050399658e-01,5.2264250198e-01,8.1740435203e-02,6.6234721620e-03,9.0654857565e-02,3.4118839902e+00
2.6050000000e+02,1.2504654603e-02,1.5132453706e-02,2.6549458069e-01,5.2676504091e-01,8.1776043997e-02,6.6876363048e-03,9.1639589789e-02,3.4046788623e+00
2.6100000000e+02,1.2526546384e-02,1.4934822997e-02,2.6172432808e-01,5.2843027608e-01,8.2704482160e-02,6.8085741502e-03,9.2870970146e-02,3.4020196911e+00
2.6150000000e+02,1.2482867841e-02,1.4785037626e-02,2.5668073627e-01,5.3130553490e-01,8.3698754606e-02,6.9321634350e-03,9.4114905322e-02,3.4017635320e+00
2.6200000000e+02,1.2461792405e-02,1.4628490971e-02,2.5193748635e-01,5.3278078998e-01,8.4864032891e-02,7.0750345359e-03,9.6252372871e-02,3.4074589166e+00
2.6250000000e+02,1.2329861976e-02,1.4411650191e-02,2.4768510669e-01,5.3567325868e-01,8.5547430679e-02,7.1443198413e-03,9.7208371942e-02,3.4015704470e+00
2.6300000000e+02,1.2319093805e-02,1.4203015454e-02,2.4300810728e-01,5.3872306866e-01,8.6335086050e-02,7.2459366465e-03,9.8165692098e-02,3.3971060509e+00
2.6350000000e+02,1.2355345371e-02,1.4020724315e-02,2.3775687690e-01,5.4227603775e-01,8.6851710504e-02,7.3696313739e-03,9.9369673787e-02,3.3926876341e+00
2.6400000000e+02,1.2304304334e-02,1.3822293543e-02,2.3233099778e-01,5.4539985210e-01,8.8103737807e-02,7.4282915278e-03,1.0061052291e-01,3.3888045592e+00
2.6450000000e+02,1.2246891317e-02,1.3645606827e-02,2.2705032596e-01,5.4802185495e-01,8.9444730845e-02,7.5930482653e-03,1.0199754183e-01,3.3900135546e+00
2.6500000000e+02,1.2208784108e-02,1.3532166992e-02,2.2179975216e-01,5.5214470442e-01,9.0139019475e-02,7.7002384536e-03,1.0247533439e-01,3.3833462515e+00
2.6550000000e+02,1.2225789026e-02,1.3289339914e-02,2.1705708700e-01,5.5512925184e-01,9.0955526476e-02,7.8420502346e-03,1.0350095551e-01,3.3780252013e+00
2.6600000000e+02,1.2126861791e-02,1.3183250410e-02,2.1301908270e-01,5.5714130905e-01,9.2025985177e-02,8.0054264562e-03,1.0449808442e-01,3.3750172072e+00
2.6650000000e+02,1.1980392326e-02,1.2895468406e-02,2.0834002023e-01,5.6041410975e-01,9.2578435791e-02,8.0823631838e-03,1.0570921032e-01,3.3621162032e+00
2.6700000000e+02,1.1873124140e-02,1.2630303103e-02,2.0338303617e-01,5.6564586523e-01,9.2575854036e-02,8.1282124393e-03,1.0576360488e-01,3.3434839391e+00
2.6750000000e+02,1.1772536766e-02,1.2382439242e-02,2.0043250021e-01,5.6696765293e-01,9.3957412832e-02,8.2945001099e-03,1.0619295790e-01,3.3378773263e+00
2.6800000000e+02,1.1693941810e-02,1.2169862922e-02,1.9617866081e-01,5.6914698598e-01,9.5490407061e-02,8.3303494566e-03,1.0698979196e-01,3.3299191129e+00
2.6850000000e+02,1.1539780427e-02,1.2024215156e-02,1.9306367037e-01,5.7072540985e-01,9.6370380466e-02,8.5005117625e-03,1.0777603197e-01,3.3243334922e+00
2.6900000000e+02,1.1481983007e-02,1.1878235516e-02,1.8834239274e-01,5.7466188053e-01,9.6285323107e-02,8.6101474588e-03,1.0874003764e-01,3.3122450511e+00
2.6950000000e+02,1.1397890076e-02,1.1631182560e-02,1.8360981058e-01,5.7693253634e-01,9.7411610430e-02,8.6777796671e-03,1.1033919035e-01,3.3023659722e+00
2.7000000000e+02,1.1294220842e-02,1.1424720610e-02,1.7952584744e-01,5.7941641349e-01,9.7810164855e-02,8.8605262467e-03,1.1166810651e-01,3.2945428705e+00
2.7050000000e+02,1.1240234742e-02,1.1202344338e-02,1.7609580398e-01,5.8127204638e-01,9.8330873819e-02,8.9196480485e-03,1.1293904869e-01,3.2833057239e+00
2.7100000000e+02,1.1134056056e-02,1.1040341581e-02,1.7155059450e-01,5.8364429105e-01,9.8759699132e-02,9.0349029734e-03,1.1483611471e-01,3.2764924577e+00
2.7150000000e+02,1.1018031898e-02,1.0885790930e-02,1.6715385999e-01,5.8644456820e-01,9.9831319118e-02,9.1532037998e-03,1.1551322607e-01,3.2662764583e+00
2.7200000000e+02,1.0892786108e-02,1.0642051855e-02,1.6342597038e-01,5.8938588442e-01,1.0086109896e-01,9.2551475057e-03,1.1553706077e-01,3.2519324568e+00
2.7250000000e+02,1.0716891499e-02,1.0385181058e-02,1.5871300710e-01,5.9407554109e-01,1.0135470025e-01,9.2756472564e-03,1.1547903175e-01,3.2306902161e+00
2.7300000000e+02,1.0679606153e-02,1.0199281763e-02,1.5570299596e-01,5.9602162176e-01,1.0153871491e-01,9.3732497875e-03,1.1648452967e-01,3.2193375192e+00
2.7350000000e+02,1.0571920439e-02,1.0055211789e-02,1.5252686592e-01,5.9764079093e-01,1.0223509557e-01,9.4693168967e-03,1.1750079845e-01,3.2118051439e+00
2.7400000000e+02,1.0453487086e-02,9.8935858996e-03,1.4816830992e-01,5.9855610327e-01,1.0307417106e-01,9.6106034642e-03,1.2024373930e-01,3.2044464321e+00
2.7450000000e+02,1.0361189644e-02,9.7259161980e-03,1.4495735774e-01,6.0090229363e-01,1.0350725961e-01,9.6934253757e-03,1.2085255780e-01,3.1924223715e+00
2.7500000000e+02,1.0227287087e-02,9.5661642871e-03,1.4113756026e-01,6.0386220869e-01,1.0335865877e-01,9.6703392463e-03,1.2217778165e-01,3.1781337978e+00
2.7550000000e+02,1.0150381796e-02,9.4076395158e-03,1.3862675945e-01,6.0540736227e-01,1.0363939378e-01,9.7563476158e-03,1.2301211558e-01,3.1653065173e+00
2.7600000000e+02,9.9924837478e-03,9.2933068199e-03,1.3510563606e-01,6.0827317301e-01,1.0376221198e-01,9.8432321863e-03,1.2372995620e-01,3.1518977259e+00
2.7650000000e+02,9.8790020311e-03,9.1337132136e-03,1.3088660735e-01,6.1095768863e-01,1.0431944286e-01,9.8609510137e-03,1.2496259490e-01,3.1345176279e+00
2.7700000000e+02,9.7194915159e-03,8.8786228730e-03,1.2799032385e-01,6.1301160341e-01,1.0467576116e-01,9.9326765200e-03,1.2579152068e-01,3.1203877594e+00
2.7750000000e+02,9.6296394150e-03,8.6668900235e-03,1.2439818209e-01,6.1570572182e-01,1.0482494418e-01,9.9942502172e-03,1.2678037225e-01,3.1049169117e+00
2.7800000000e+02,9.4765443809e-03,8.3871320657e-03,1.2203220197e-01,6.1765920783e-01,1.0475720801e-01,1.0051756236e-02,1.2763594950e-01,3.0876258531e+00
2.7850000000e+02,9.3665870472e-03,8.1847127322e-03,1.1969994172e-01,6.1853408332e-01,1.0533238721e-01,1.0124668028e-02,1.2875761994e-01,3.0764077208e+00
2.7900000000e+02,9.2626834543e-03,8.0302076065e-03,1.1791989380e-01,6.1836189313e-01,1.0567985499e-01,1.0282634225e-02,1.3046283280e-01,3.0671405859e+00
2.7950000000e+02,9.2164107957e-03,7.8848432050e-03,1.1521043473e-01,6.1941045884e-01,1.0659419584e-01,1.0357176605e-02,1.3132647998e-01,3.0568838339e+00
2.8000000000e+02,9.0617239871e-03,7.7057948314e-03,1.1295206383e-01,6.2147829587e-01,1.0672629547e-01,1.0438017347e-02,1.3163780866e-01,3.0418151409e+00
2.8050000000e+02,8.9563975032e-03,7.5328219149e-03,1.1117834445e-01,6.2110022623e-01,1.0769690296e-01,1.0523204424e-02,1.3301210252e-01,3.0364291790e+00
2.8100000000e+02,8.8397190409e-03,7.3694776096e-03,1.0928613315e-01,6.2288393729e-01,1.0812597111e-01,1.0515969513e-02,1.3297879229e-01,3.0239992386e+00
2.8150000000e+02,8.6961051611e-03,7.1208196554e-03,1.0684735113e-01,6.2456434952e-01,1.0874200603e-01,1.0601687661e-02,1.3342768083e-01,3.0112063089e+00
2.8200000000e+02,8.4874867519e-03,6.9287055262e-03,1.0462146074e-01,6.2667241994e-01,1.0855777167e-01,1.0611200085e-02,1.3412095529e-01,2.9953844931e+00
2.8250000000e+02,8.3592059371e-03,6.7945317748e-03,1.0316295104e-01,6.2758403466e-01,1.0902070328e-01,1.0687744595e-02,1.3439082871e-01,2.9816956214e+00
2.8300000000e+02,8.2480359174e-03,6.6199806859e-03,1.0223573445e-01,6.2661337230e-01,1.0958361740e-01,1.0792877622e-02,1.3590638163e-01,2.9753060761e+00
2.8350000000e+02,8.0395173798e-03,6.3828178095e-03,1.0032412330e-01,6.2867193107e-01,1.0996056789e-01,1.0841077817e-02,1.3577996472e-01,2.9593570067e+00
2.8400000000e+02,7.9507237511e-03,6.2436100240e-03,9.9356721714e-02,6.2785807254e-01,1.1084587094e-01,1.0918144485e-02,1.3682685654e-01,2.9545758809e+00
2.8450000000e+02,7.8413139856e-03,6.0507851415e-03,9.7759887149e-02,6.2769050716e-01,1.1171347275e-01,1.1102904391e-02,1.3784112942e-01,2.9506375557e+00
2.8500000000e+02,7.7492122636e-03,5.9100192840e-03,9.6870045376e-02,6.2732925158e-01,1.1181370451e-01,1.1323388196e-02,1.3900437879e-01,2.9447152904e+00
2.8550000000e+02,7.6555044047e-03,5.7483105924e-03,9.5295900261e-02,6.2836248409e-01,1.1195672608e-01,1.1346950328e-02,1.3963412425e-01,2.9338616877e+00
2.8600000000e+02,7.5331019392e-03,5.5926821619e-03,9.4990220751e-02,6.2907660391e-01,1.1253380815e-01,1.1338785485e-02,1.3893479760e-01,2.9240582641e+00
2.8650000000e+02,7.4667384478e-03,5.4300260220e-03,9.4666182222e-02,6.2706256927e-01,1.1412222767e-01,1.1422337336e-02,1.3982991903e-01,2.9260814492e+00
2.8700000000e+02,7.3513251867e-03,5.2892593324e-03,9.3603241883e-02,6.2695602198e-01,1.1516001197e-01,1.1476731101e-02,1.4016340855e-01,2.9229648259e+00
2.8750000000e+02,7.1293989064e-03,5.1323384825e-03,9.2784991672e-02,6.2685730994e-01,1.1645589429e-01,1.1566379838e-02,1.4007368687e-01,2.9171189053e+00
2.8800000000e+02,7.0601017734e-03,5.0179195286e-03,9.2628835225e-02,6.2499077179e-01,1.1709786478e-01,1.1623947514e-02,1.4158055939e-01,2.9173576113e+00
2.8850000000e+02,7.0143418681e-03,4.9398611913e-03,9.2345680280e-02,6.2424500052e-01,1.1777066465e-01,1.1691184819e-02,1.4199326667e-01,2.9173991516e+00
2.8900000000e+02,6.9463339291e-03,4.7822844703e-03,9.1785706139e-02,6.2437970817e-01,1.1777198332e-01,1.1642127794e-02,1.4269185618e-01,2.9128022099e+00
2.8950000000e+02,6.8512018289e-03,4.6541778552e-03,9.1648684081e-02,6.2464841268e-01,1.1732540326e-01,1.1648720350e-02,1.4322339995e-01,2.9097752167e+00
2.9000000000e+02,6.7803342676e-03,4.5076551872e-03,9.1202772447e-02,6.2454129658e-01,1.1762761148e-01,1.1639668111e-02,1.4370066193e-01,2.9032044111e+00
2.9050000000e+02,6.6313659944e-03,4.3976539441e-03,9.1459703307e-02,6.2414544855e-01,1.1772383562e-01,1.1602316027e-02,1.4403967656e-01,2.8986508522e+00
2.9100000000e+02,6.5415378118e-03,4.2638662493e-03,9.1846998318e-02,6.2316223215e-01,1.1798971690e-01,1.1664993402e-02,1.4453065517e-01,2.9016934271e+00
2.9150000000e+02,6.4361133113e-03,4.1185504634e-03,9.2016069130e-02,6.2276037761e-01,1.1833089848e-01,1.1730508591e-02,1.4460748242e-01,2.9012899997e+00
2.9200000000e+02,6.3598569795e-03,3.9584390792e-03,9.2863467264e-02,6.2067509512e-01,1.1970361649e-01,1.1807912460e-02,1.4463161261e-01,2.9077820526e+00
2.9250000000e+02,6.2735971047e-03,3.7966528625e-03,9.2924414777e-02,6.1915261506e-01,1.2088070144e-01,1.1726251916e-02,1.4524576685e-01,2.9107857612e+00
2.9300000000e+02,6.1530860887e-03,3.6913930471e-03,9.3203064360e-02,6.1723759481e-01,1.2192281550e-01,1.1783426920e-02,1.4600861928e-01,2.9154993375e+00
2.9350000000e+02,6.0069135604e-03,3.5607934329e-03,9.3555846168e-02,6.1634969496e-01,1.2239733335e-01,1.1824423713e-02,1.4630499481e-01,2.9157813469e+00
2.9400000000e+02,5.8431284794e-03,3.4462767466e-03,9.3790397465e-02,6.1607471782e-01,1.2209386804e-01,1.1947794359e-02,1.4680381709e-01,2.9176204942e+00
2.9450000000e+02,5.6865024329e-03,3.2924746282e-03,9.4750953263e-02,6.1469837484e-01,1.2198285802e-01,1.1950496491e-02,1.4763834032e-01,2.9197283711e+00
2.9500000000e+02,5.5587773175e-03,3.1699847420e-03,9.6534027527e-02,6.1197651743e-01,1.2263955593e-01,1.2068406451e-02,1.4805273061e-01,2.9285902884e+00
2.9550000000e+02,5.4384682354e-03,3.0488367313e-03,9.7751890430e-02,6.0951853969e-01,1.2364053694e-01,1.2058450245e-02,1.4854327773e-01,2.9339125465e+00
2.9600000000e+02,5.3271688722e-03,2.9230027559e-03,9.7990075768e-02,6.1018667023e-01,1.2377984331e-01,1.1991680637e-02,1.4780155843e-01,2.9301525398e+00
2.9650000000e+02,5.2495506139e-03,2.7988139860e-03,9.9028050754e-02,6.0782260895e-01,1.2430404863e-01,1.2026124115e-02,1.4877080295e-01,2.9367487499e+00
2.9700000000e+02,5.1494508380e-03,2.6860732912e-03,1.0057104139e-01,6.0554568880e-01,1.2572290805e-01,1.2072041041e-02,1.4825279659e-01,2.9420769117e+00
2.9750000000e+02,5.0592337221e-03,2.5813957931e-03,1.0164576823e-01,6.0335387858e-01,1.2684647073e-01,1.2163809582e-02,1.4834944336e-01,2.9478376585e+00
2.9800000000e+02,4.9603646520e-03,2.4942069833e-03,1.0266415421e-01,6.0148551300e-01,1.2733241205e-01,1.2229734839e-02,1.4883361427e-01,2.9498588178e+00
2.9850000000e+02,4.8276715395e-03,2.4062170941e-03,1.0422456594e-01,6.0083766274e-01,1.2774704094e-01,1.2170091881e-02,1.4778674986e-01,2.9475016316e+00
2.9900000000e+02,4.7619990002e-03,2.3218858776e-03,1.0517053501e-01,5.9814530330e-01,1.2851265133e-01,1.2112286296e-02,1.4897533919e-01,2.9549574780e+00
2.9950000000e+02,4.6648811223e-03,2.2226666249e-03,1.0696429072e-01,5.9703224696e-01,1.2788460792e-01,1.2111948350e-02,1.4911935831e-01,2.9579459303e+00
3.0000000000e+02,4.5944027087e-03,2.1368503430e-03,1.0865884985e-01,5.9472510327e-01,1.2909177794e-01,1.2141381090e-02,1.4865163480e-01,2.9626978263e+00
3.0050000000e+02,4.5273710106e-03,2.0668445991e-03,1.1006578581e-01,5.9317032327e-01,1.2939137009e-01,1.2126343249e-02,1.4865196197e-01,2.9672660986e+00
3.0100000000e+02,4.4449786755e-03,1.9798881953e-03,1.1277199733e-01,5.8953860326e-01,1.2954914018e-01,1.2144058542e-02,1.4957133382e-01,2.9754555086e+00
3.0150000000e+02,4.3779028728e-03,1.8985074481e-03,1.1403061132e-01,5.8792129570e-01,1.2961763249e-01,1.2158401668e-02,1.4999564850e-01,2.9794248532e+00
3.0200000000e+02,4.2989783439e-03,1.8109517239e-03,1.1588680251e-01,5.8653918060e-01,1.2900590165e-01,1.2178576619e-02,1.5027960855e-01,2.9842122954e+00
3.0250000000e+02,4.1907525060e-03,1.7304137175e-03,1.1724856158e-01,5.8561487542e-01,1.2908298165e-01,1.2118425363e-02,1.5001398977e-01,2.9855843310e+00
3.0300000000e+02,4.1534428203e-03,1.6754563767e-03,1.1878169711e-01,5.8418107061e-01,1.2866774025e-01,1.2104615939e-02,1.5043597689e-01,2.9890354769e+00
3.0350000000e+02,4.1013008871e-03,1.6164941348e-03,1.2167366017e-01,5.8010692166e-01,1.2890189931e-01,1.2239323732e-02,1.5136040010e-01,3.0025127220e+00
3.0400000000e+02,4.0437385100e-03,1.5357685127e-03,1.2411811637e-01,5.7840631398e-01,1.2900490873e-01,1.2258407454e-02,1.5063274645e-01,3.0066986596e+00
3.0450000000e+02,3.9458854170e-03,1.4594446407e-03,1.2493080377e-01,5.7803756149e-01,1.2893205734e-01,1.2123386049e-02,1.5057086129e-01,3.0045057770e+00
3.0500000000e+02,3.8407739650e-03,1.4103734422e-03,1.2651259237e-01,5.7776552288e-01,1.2804212135e-01,1.2020537891e-02,1.5040807810e-01,3.0015744927e+00
3.0550000000e+02,3.7430402334e-03,1.3430694603e-03,1.2872907896e-01,5.7621161898e-01,1.2768623367e-01,1.1960469299e-02,1.5032648941e-01,3.0035575342e+00
3.0600000000e+02,3.7033449263e-03,1.3002290743e-03,1.3121776932e-01,5.7283222918e-01,1.2787497168e-01,1.2041912617e-02,1.5102954320e-01,3.0116147563e+00
3.0650000000e+02,3.6138500798e-03,1.2366155375e-03,1.3368421716e-01,5.7101525696e-01,1.2758425689e-01,1.2052404704e-02,1.5081339867e-01,3.0150021757e+00
3.0700000000e+02,3.5745410481e-03,1.1992974141e-03,1.3689078834e-01,5.6752805169e-01,1.2804270792e-01,1.2070016122e-02,1.5069459747e-01,3.0230142012e+00
3.0750000000e+02,3.5340222171e-03,1.1481687135e-03,1.4031437879e-01,5.6300059276e-01,1.2891873695e-01,1.2098552332e-02,1.5098554824e-01,3.0328455228e+00
3.0800000000e+02,3.5079087611e-03,1.1072753881e-03,1.4284942749e-01,5.6036029067e-01,1.2944577363e-01,1.2141775672e-02,1.5058754839e-01,3.0401927971e+00
3.0850000000e+02,3.4420676296e-03,1.0710449183e-03,1.4535857788e-01,5.5785313992e-01,1.2932311245e-01,1.2180088658e-02,1.5077196855e-01,3.0460385396e+00
3.0900000000e+02,3.3979923649e-03,1.0237557407e-03,1.4766232929e-01,5.5431395031e-01,1.2984001353e-01,1.2249416596e-02,1.5151254217e-01,3.0537745065e+00
3.0950000000e+02,3.3286389014e-03,9.9184256840e-04,1.5012093532e-01,5.5365466384e-01,1.2893764623e-01,1.2125957207e-02,1.5084031593e-01,3.0511785436e+00
3.1000000000e+02,3.2867689607e-03,9.5726041903e-04,1.5283157158e-01,5.5280733405e-01,1.2783490514e-01,1.2082262638e-02,1.5019989721e-01,3.0477725865e+00
3.1050000000e+02,3.2462758067e-03,9.2567343297e-04,1.5498481654e-01,5.4946600343e-01,1.2800714083e-01,1.2111435852e-02,1.5125865411e-01,3.0544838352e+00
3.1100000000e+02,3.2005549775e-03,8.9716576110e-04,1.5742629603e-01,5.4698774204e-01,1.2815352104e-01,1.2100616332e-02,1.5123410382e-01,3.0582560752e+00
3.1150000000e+02,3.1717209041e-03,8.7880300030e-04,1.6091247771e-01,5.4346674537e-01,1.2855262437e-01,1.2163258135e-02,1.5085437050e-01,3.0666655741e+00
3.1200000000e+02,3.1241868432e-03,8.5774407217e-04,1.6350681157e-01,5.4094826768e-01,1.2925976206e-01,1.2132248138e-02,1.5017097964e-01,3.0706731453e+00
3.1250000000e+02,3.0902362992e-03,8.4552744070e-04,1.6564343230e-01,5.4052277203e-01,1.2826116040e-01,1.2054457741e-02,1.4958241380e-01,3.0707268113e+00
3.1300000000e+02,3.0283155393e-03,8.2212970045e-04,1.6752859205e-01,5.3917088206e-01,1.2837505693e-01,1.2013441086e-02,1.4906158263e-01,3.0719224545e+00
3.1350000000e+02,3.0011149050e-03,8.1120928518e-04,1.7033968465e-01,5.3535138734e-01,1.2869625332e-01,1.2027429402e-02,1.4977292109e-01,3.0822683254e+00
3.1400000000e+02,2.9863797232e-03,8.0150583753e-04,1.7193168449e-01,5.3240804530e-01,1.2896017732e-01,1.2039970105e-02,1.5087223722e-01,3.0921289892e+00
3.1450000000e+02,2.9622289281e-03,7.9499556640e-04,1.7508253008e-01,5.2921353859e-01,1.2928910065e-01,1.2032411247e-02,1.5062519493e-01,3.1009790280e+00
3.1500000000e+02,2.9453109789e-03,7.9818979318e-04,1.7737872624e-01,5.2657507718e-01,1.3001742642e-01,1.1938944950e-02,1.5034632444e-01,3.1105942109e+00
3.1550000000e+02,2.9299828868e-03,7.9380431480e-04,1.7905965084e-01,5.2527702621e-01,1.3017692099e-01,1.1890052934e-02,1.4987256182e-01,3.1177600583e+00
3.1600000000e+02,2.9161140211e-03,7.9400623908e-04,1.8239667825e-01,5.2124155597e-01,1.3098752849e-01,1.1972575957e-02,1.4969154108e-01,3.1329034065e+00
3.1650000000e+02,2.8927859831e-03,8.0279906568e-04,1.8495564325e-01,5.1708941175e-01,1.3156833383e-01,1.2062975944e-02,1.5062805019e-01,3.1481093150e+00
3.1700000000e+02,2.8832217275e-03,8.0741206002e-04,1.8851911157e-01,5.1253230355e-01,1.3148383354e-01,1.2095717907e-02,1.5167839964e-01,3.1637210603e+00
3.1750000000e+02,2.8776906868e-03,8.1879319150e-04,1.9270281308e-01,5.0923497193e-01,1.3078107509e-01,1.2189277685e-02,1.5139537834e-01,3.1722373362e+00
3.1800000000e+02,2.8447084186e-03,8.2214503947e-04,1.9550392710e-01,5.0632702074e-01,1.3086047818e-01,1.2088676359e-02,1.5155304417e-01,3.1800386632e+00
3.1850000000e+02,2.8318182615e-03,8.3096471811e-04,1.9799000219e-01,5.0316765885e-01,1.3073834078e-01,1.2073851607e-02,1.5236736359e-01,3.1917150035e+00
3.1900000000e+02,2.8324780710e-03,8.4283831775e-04,2.0087070466e-01,5.0040308786e-01,1.2997030167e-01,1.2091482772e-02,1.5298910665e-01,3.2004061864e+00
3.1950000000e+02,2.8280615207e-03,8.5669306658e-04,2.0324955340e-01,4.9899472774e-01,1.2944164098e-01,1.2057053650e-02,1.5257226964e-01,3.2071783121e+00
3.2000000000e+02,2.8228058512e-03,8.7289704641e-04,2.0498938727e-01,4.9798862467e-01,1.2880656827e-01,1.2093331695e-02,1.5242638520e-01,3.2142195190e+00
3.2050000000e+02,2.8477048029e-03,8.9713069013e-04,2.0747834629e-01,4.9585152252e-01,1.2892284045e-01,1.2237807918e-02,1.5176464734e-01,3.2268270872e+00
3.2100000000e+02,2.8387174927e-03,9.1634294399e-04,2.1023340383e-01,4.9389446286e-01,1.2763723592e-01,1.2194946430e-02,1.5228489051e-01,3.2320457980e+00
3.2150000000e+02,2.8418732911e-03,9.3338563849e-04,2.1325734405e-01,4.9176148770e-01,1.2686693593e-01,1.2210818016e-02,1.5212815538e-01,3.2390629956e+00
3.2200000000e+02,2.8242132171e-03,9.6006942369e-04,2.1677374736e-01,4.8732764926e-01,1.2688989572e-01,1.2223040395e-02,1.5300138461e-01,3.2516452659e+00
3.2250000000e+02,2.8212715353e-03,9.9057862697e-04,2.2069767696e-01,4.8455569513e-01,1.2594417538e-01,1.2185755136e-02,1.5280484723e-01,3.2570444373e+00
3.2300000000e+02,2.8141836238e-03,1.0146452056e-03,2.2337948260e-01,4.8346737232e-01,1.2572136805e-01,1.2268890617e-02,1.5133405758e-01,3.2638134800e+00
3.2350000000e+02,2.8300926790e-03,1.0343660969e-03,2.2672419424e-01,4.8097773383e-01,1.2488036869e-01,1.2332950415e-02,1.5122029405e-01,3.2719907612e+00
3.2400000000e+02,2.8356322642e-03,1.0579387907e-03,2.2857800584e-01,4.8010738037e-01,1.2475735429e-01,1.2398367446e-02,1.5026532099e-01,3.2785361429e+00
3.2450000000e+02,2.8469116658e-03,1.0864793998e-03,2.3124082387e-01,4.7940709990e-01,1.2434134092e-01,1.2485581170e-02,1.4859176308e-01,3.2834433129e+00
3.2500000000e+02,2.8518886946e-03,1.1180933440e-03,2.3455880267e-01,4.7726605221e-01,1.2367043214e-01,1.2577895225e-02,1.4795683573e-01,3.2905226335e+00
3.2550000000e+02,2.8781648371e-03,1.1567495112e-03,2.3879090249e-01,4.7331148179e-01,1.2406182178e-01,1.2639799664e-02,1.4716107992e-01,3.2998500627e+00
3.2600000000e+02,2.8696757231e-03,1.1840459415e-03,2.4109146440e-01,4.7110162236e-01,1.2430424739e-01,1.2791352257e-02,1.4665759193e-01,3.3087545806e+00
3.2650000000e+02,2.8741117521e-03,1.2196696180e-03,2.4419266925e-01,4.6958469208e-01,1.2348125313e-01,1.2920105254e-02,1.4572749892e-01,3.3147780076e+00
3.2700000000e+02,2.8758891440e-03,1.2530829487e-03,2.4603645954e-01,4.6906090809e-01,1.2249911933e-01,1.2924486332e-02,1.4535005461e-01,3.3167904776e+00
3.2750000000e+02,2.8640269799e-03,1.2885030984e-03,2.4843222635e-01,4.6692261303e-01,1.2246755137e-01,1.2902065807e-02,1.4512301337e-01,3.3206338693e+00
3.2800000000e+02,2.8688798632e-03,1.3328045782e-03,2.5153964795e-01,4.6473283100e-01,1.2197817182e-01,1.2919781994e-02,1.4462788279e-01,3.3273960634e+00
3.2850000000e+02,2.9068375923e-03,1.3922466457e-03,2.5489612380e-01,4.6199955814e-01,1.2209062325e-01,1.2842393043e-02,1.4387221753e-01,3.3342157657e+00
3.2900000000e+02,2.9170505065e-03,1.4371708302e-03,2.5733125229e-01,4.6054195021e-01,1.2163294631e-01,1.2849700590e-02,1.4328992927e-01,3.3389979101e+00
3.2950000000e+02,2.9482558549e-03,1.4765536863e-03,2.5884090802e-01,4.5966801443e-01,1.2142220993e-01,1.2920437381e-02,1.4272362070e-01,3.3460891759e+00
3.3000000000e+02,2.9613902262e-03,1.5297092377e-03,2.6053046939e-01,4.5841697116e-01,1.2115163000e-01,1.2991191395e-02,1.4241863858e-01,3.3523759645e+00
3.3050000000e+02,2.9926506865e-03,1.5812306461e-03,2.6291784547e-01,4.5653635488e-01,1.2008027632e-01,1.3016499630e-02,1.4287514237e-01,3.3595894267e+00
3.3100000000e+02,3.0112656565e-03,1.6288279723e-03,2.6668278153e-01,4.5306845517e-01,1.1972164976e-01,1.3108288613e-02,1.4277873130e-01,3.3683511105e+00
3.3150000000e+02,3.0234821330e-03,1.6813578985e-03,2.6973120708e-01,4.5061930346e-01,1.1917398477e-01,1.3148290484e-02,1.4262237418e-01,3.3745370864e+00
3.3200000000e+02,3.0328229783e-03,1.7300362885e-03,2.7339646248e-01,4.4659311133e-01,1.1917737143e-01,1.3235310604e-02,1.4283488489e-01,3.3847442071e+00
3.3250000000e+02,3.0393840009e-03,1.7797526152e-03,2.7648355377e-01,4.4507673605e-01,1.1859271456e-01,1.3165159059e-02,1.4186269994e-01,3.3866596888e+00
3.3300000000e+02,3.0667640848e-03,1.8236306187e-03,2.7960072548e-01,4.4113778936e-01,1.1886135429e-01,1.3113744262e-02,1.4239599191e-01,3.3967441605e+00
3.3350000000e+02,3.0920273735e-03,1.8742092357e-03,2.8116150825e-01,4.3971213710e-01,1.1929749528e-01,1.3121118969e-02,1.4174150378e-01,3.4048073388e+00
3.3400000000e+02,3.1107732939e-03,1.9099985336e-03,2.8514782655e-01,4.3738193835e-01,1.1875105363e-01,1.3114846663e-02,1.4058356298e-01,3.4068089629e+00
3.3450000000e+02,3.1327511940e-03,1.9839490735e-03,2.8747788117e-01,4.3484648479e-01,1.1876871369e-01,1.3290185555e-02,1.4050003453e-01,3.4154665032e+00
3.3500000000e+02,3.1715542678e-03,2.0436281458e-03,2.9126821310e-01,4.3258394609e-01,1.1812465807e-01,1.3466553140e-02,1.3934144719e-01,3.4171510712e+00
3.3550000000e+02,3.2039963503e-03,2.0864872917e-03,2.9528013487e-01,4.2901118591e-01,1.1752347665e-01,1.3475770523e-02,1.3941894841e-01,3.4228071711e+00
3.3600000000e+02,3.2473893100e-03,2.1611517461e-03,2.9709321933e-01,4.2706034349e-01,1.1729189848e-01,1.3517325588e-02,1.3962867205e-01,3.4302738690e+00
3.3650000000e+02,3.2580372986e-03,2.2295048490e-03,3.0062626235e-01,4.2456773883e-01,1.1635280631e-01,1.3443956900e-02,1.3952169346e-01,3.4314985696e+00
3.3700000000e+02,3.2993885906e-03,2.3018580813e-03,3.0533394778e-01,4.2102640488e-01,1.1640532972e-01,1.3455601181e-02,1.3817746977e-01,3.4372990059e+00
3.3750000000e+02,3.3187893146e-03,2.3792830278e-03,3.0631334162e-01,4.2081211489e-01,1.1679126868e-01,1.3550451586e-02,1.3683475088e-01,3.4420959864e+00
3.3800000000e+02,3.3485444821e-03,2.4414530812e-03,3.1000799739e-01,4.1867356797e-01,1.1578897140e-01,1.3610030938e-02,1.3612943473e-01,3.4432243403e+00
3.3850000000e+02,3.3851420465e-03,2.5187184547e-03,3.1392225330e-01,4.1517956907e-01,1.1563913934e-01,1.3763667676e-02,1.3559151011e-01,3.4502516077e+00
3.3900000000e+02,3.4250114392e-03,2.5720578208e-03,3.1872414572e-01,4.1079799963e-01,1.1546809811e-01,1.3821754420e-02,1.3519093286e-01,3.4540056424e+00
3.3950000000e+02,3.4749453627e-03,2.6406008080e-03,3.2173071200e-01,4.0767378066e-01,1.1513887934e-01,1.3909231234e-02,1.3543185060e-01,3.4615955688e+00
3.4000000000e+02,3.5308266438e-03,2.7236490804e-03,3.2550070908e-01,4.0343806998e-01,1.1482686631e-01,1.4003006867e-02,1.3597687203e-01,3.4709505421e+00
3.4050000000e+02,3.5725607642e-03,2.8156418687e-03,3.2881599327e-01,4.0113452038e-01,1.1387051944e-01,1.4101015878e-02,1.3568974840e-01,3.4742365169e+00
3.4100000000e+02,3.6184635743e-03,2.9003997260e-03,3.3263786572e-01,3.9941856868e-01,1.1269858583e-01,1.4140326328e-02,1.3458579015e-01,3.4747306162e+00
3.4150000000e+02,3.6687268629e-03,2.9808473319e-03,3.3824421435e-01,3.9350542909e-01,1.1236218619e-01,1.4269756888e-02,1.3496883929e-01,3.4843974720e+00
3.4200000000e+02,3.7303918373e-03,3.0661970200e-03,3.4126037081e-01,3.9026463160e-01,1.1224438158e-01,1.4307979126e-02,1.3512604803e-01,3.4916035220e+00
3.4250000000e+02,3.7787953060e-03,3.1418172723e-03,3.4489653636e-01,3.8806127048e-01,1.1139179133e-01,1.4472949576e-02,1.3425683968e-01,3.4955615665e+00
3.4300000000e+02,3.8440442951e-03,3.2236588659e-03,3.4830144153e-01,3.8633073814e-01,1.1060997254e-01,1.4477476255e-02,1.3321266837e-01,3.4966970764e+00
3.4350000000e+02,3.8813089464e-03,3.2966672502e-03,3.5206552130e-01,3.8266350656e-01,1.0994198064e-01,1.4580591893e-02,1.3357042341e-01,3.5031169344e+00
3.4400000000e+02,3.9125998405e-03,3.3623886385e-03,3.5267002678e-01,3.8275510772e-01,1.0874365212e-01,1.4588747772e-02,1.3396747713e-01,3.5042766808e+00
3.4450000000e+02,3.9693938998e-03,3.4578727764e-03,3.5570864215e-01,3.7980071222e-01,1.0839355256e-01,1.4644336264e-02,1.3402549014e-01,3.5093338190e+00
3.4500000000e+02,4.0601016205e-03,3.5670495218e-03,3.5807540395e-01,3.7649395853e-01,1.0803719836e-01,1.4621345343e-02,1.3514494268e-01,3.5185059788e+00
3.4550000000e+02,4.1363598512e-03,3.6484495657e-03,3.6213185447e-01,3.7368727824e-01,1.0747496157e-01,1.4688178534e-02,1.3423291777e-01,3.5198948543e+00
3.4600000000e+02,4.2182370937e-03,3.7258328742e-03,3.6618576149e-01,3.6932233428e-01,1.0755429902e-01,1.4842454543e-02,1.3415108070e-01,3.5263429028e+00
3.4650000000e+02,4.2872322617e-03,3.8530255529e-03,3.6935869824e-01,3.6637001679e-01,1.0714865252e-01,1.4909243867e-02,1.3407313077e-01,3.5309039503e+00
3.4700000000e+02,4.3422474903e-03,3.9270703338e-03,3.7171064739e-01,3.6522803530e-01,1.0646314028e-01,1.4868664563e-02,1.3346019464e-01,3.5303732095e+00
3.4750000000e+02,4.3889841499e-03,4.0149806118e-03,3.7601444756e-01,3.6055396001e-01,1.0636437010e-01,1.4800628124e-02,1.3386262945e-01,3.5326477429e+00
3.4800000000e+02,4.4175633558e-03,4.0789522737e-03,3.8054721574e-01,3.5713336077e-01,1.0598808834e-01,1.4808189570e-02,1.3302662995e-01,3.5328339598e+00
3.4850000000e+02,4.4760355838e-03,4.1692376825e-03,3.8406503613e-01,3.5399807496e-01,1.0555733963e-01,1.4987606622e-02,1.3274666939e-01,3.5370302815e+00
3.4900000000e+02,4.5300598993e-03,4.2824299836e-03,3.8743908110e-01,3.5128195965e-01,1.0586184480e-01,1.5193659684e-02,1.3141096488e-01,3.5407082869e+00
3.4950000000e+02,4.5771836992e-03,4.3974003818e-03,3.9081389932e-01,3.4723861392e-01,1.0632886567e-01,1.5268297823e-02,1.3137573919e-01,3.5463596647e+00
3.5000000000e+02,4.6708077334e-03,4.5071965312e-03,3.9321041777e-01,3.4553776063e-01,1.0644771250e-01,1.5224152973e-02,1.3040195186e-01,3.5491241972e+00
3.5050000000e+02,4.7261269889e-03,4.6083748472e-03,3.9484588079e-01,3.4577866171e-01,1.0581394705e-01,1.5287756368e-02,1.2893925224e-01,3.5483738021e+00
3.5100000000e+02,4.8014133099e-03,4.6872739567e-03,3.9933990272e-01,3.4237616374e-01,1.0582883934e-01,1.5276728444e-02,1.2768967849e-01,3.5476357487e+00
3.5150000000e+02,4.9112986083e-03,4.7713322953e-03,4.0175032346e-01,3.4186375501e-01,1.0466000592e-01,1.5486675236e-02,1.2655660947e-01,3.5473705958e+00
3.5200000000e+02,4.9710526087e-03,4.8520675284e-03,4.0453745792e-01,3.4002051544e-01,1.0413344574e-01,1.5592825997e-02,1.2589263476e-01,3.5502916030e+00
3.5250000000e+02,5.0510243149e-03,4.9501692070e-03,4.0711273052e-01,3.3747180625e-01,1.0433149713e-01,1.5685669403e-02,1.2539710317e-01,3.5534438515e+00
3.5300000000e+02,5.0563854225e-03,4.9937977559e-03,4.1231197252e-01,3.3274718555e-01,1.0351389862e-01,1.5648778669e-02,1.2572798146e-01,3.5508790997e+00
3.5350000000e+02,5.1192272899e-03,5.1111777959e-03,4.1720410277e-01,3.3059160000e-01,1.0309664122e-01,1.5448069398e-02,1.2342918153e-01,3.5447094638e+00
3.5400000000e+02,5.1433466257e-03,5.1731550397e-03,4.2120012809e-01,3.2833767254e-01,1.0213302386e-01,1.5402116314e-02,1.2261055753e-01,3.5380786861e+00
3.5450000000e+02,5.2259413277e-03,5.2699825332e-03,4.2601233149e-01,3.2476536470e-01,1.0217272184e-01,1.5319151737e-02,1.2123450637e-01,3.5375709489e+00
3.5500000000e+02,5.3533949374e-03,5.3996209689e-03,4.2897518251e-01,3.2308076116e-01,1.0096195270e-01,1.5311305449e-02,1.2091778228e-01,3.5359239832e+00
3.5550000000e+02,5.4226918808e-03,5.5067848464e-03,4.3087661913e-01,3.2189921836e-01,1.0074866885e-01,1.5380012810e-02,1.2016600412e-01,3.5358668725e+00
3.5600000000e+02,5.4607437516e-03,5.6050930774e-03,4.3642001304e-01,3.1789557408e-01,1.0005635504e-01,1.5387433778e-02,1.1917478723e-01,3.5292222578e+00
3.5650000000e+02,5.5458614346e-03,5.7228817103e-03,4.4121568482e-01,3.1417969034e-01,9.9274716182e-02,1.5374234013e-02,1.1868693151e-01,3.5266353839e+00
3.5700000000e+02,5.5949408458e-03,5.8804627620e-03,4.4495354865e-01,3.1089824658e-01,9.8999408604e-02,1.5345814451e-02,1.1832757811e-01,3.5261348573e+00
3.5750000000e+02,5.6705091020e-03,6.0156673581e-03,4.4775745487e-01,3.0882894787e-01,9.8611764131e-02,1.5264368984e-02,1.1785128769e-01,3.5252300119e+00
3.5800000000e+02,5.7071105212e-03,6.0782424493e-03,4.5173212811e-01,3.0657422974e-01,9.7180041684e-02,1.5239377958e-02,1.1748886953e-01,3.5157223774e+00
3.5850000000e+02,5.8049257710e-03,6.1757035511e-03,4.5626894645e-01,3.0411622554e-01,9.5778224064e-02,1.5144715343e-02,1.1671125927e-01,3.5108202286e+00
3.5900000000e+02,5.8811509168e-03,6.2772436166e-03,4.6034185487e-01,3.0171360442e-01,9.5303595827e-02,1.5048709836e-02,1.1543384051e-01,3.5061709651e+00
3.5950000000e+02,5.9722658954e-03,6.3814849751e-03,4.6642669255e-01,2.9647935932e-01,9.5128649096e-02,1.5058755078e-02,1.1455279309e-01,3.5028322363e+00
3.6000000000e+02,6.0492473550e-03,6.4896063042e-03,4.7032177224e-01,2.9338817202e-01,9.4726819105e-02,1.5108158172e-02,1.1391622481e-01,3.5008575435e+00
3.6050000000e+02,6.1575722913e-03,6.6373239781e-03,4.7422686200e-01,2.9095860868e-01,9.3846234579e-02,1.5135073503e-02,1.1303832496e-01,3.4981135331e+00
3.6100000000e+02,6.2207771359e-03,6.7137636341e-03,4.7955277068e-01,2.8729716008e-01,9.2896531117e-02,1.5219459649e-02,1.1209953770e-01,3.4884483173e+00
3.6150000000e+02,6.3383919363e-03,6.8540135394e-03,4.8396711146e-01,2.8291290653e-01,9.2537269394e-02,1.5278945684e-02,1.1211136145e-01,3.4872097279e+00
3.6200000000e+02,6.3859823296e-03,6.9526385322e-03,4.8939623941e-01,2.7855241500e-01,9.1387104434e-02,1.5305611134e-02,1.1202000916e-01,3.4783680588e+00
3.6250000000e+02,6.4549282262e-03,7.0800759416e-03,4.9441798401e-01,2.7481918524e-01,9.0780221710e-02,1.5242617099e-02,1.1120498778e-01,3.4718505488e+00
3.6300000000e+02,6.5373554261e-03,7.2165306238e-03,4.9872107271e-01,2.7169844902e-01,9.0171879666e-02,1.5304639840e-02,1.1035007271e-01,3.4697911443e+00
3.6350000000e+02,6.6282525905e-03,7.3628242321e-03,5.0207530660e-01,2.7049005954e-01,8.9414334374e-02,1.5396698905e-02,1.0863252376e-01,3.4642157434e+00
3.6400000000e+02,6.7288195716e-03,7.5142349948e-03,5.0638772536e-01,2.6700577643e-01,8.8815086490e-02,1.5483761436e-02,1.0806459573e-01,3.4608160998e+00
3.6450000000e+02,6.8051176302e-03,7.6673153927e-03,5.1154549034e-01,2.6310351963e-01,8.7985711338e-02,1.5603302964e-02,1.0728954271e-01,3.4572398163e+00
3.6500000000e+02,6.8788963921e-03,7.7687244331e-03,5.1667229744e-01,2.5826540723e-01,8.7778604613e-02,1.5625201294e-02,1.0701086859e-01,3.4531929381e+00
3.6550000000e+02,6.9304787018e-03,7.9119868432e-03,5.2250192994e-01,2.5385069445e-01,8.6723831851e-02,1.5700020668e-02,1.0638105755e-01,3.4458359298e+00
3.6600000000e+02,7.0006792819e-03,8.0080375869e-03,5.2663696285e-01,2.5148223549e-01,8.5530891759e-02,1.5671873092e-02,1.0566931994e-01,3.4363514107e+00
3.6650000000e+02,7.0821533183e-03,8.1268234157e-03,5.3125977121e-01,2.4862506892e-01,8.4634506145e-02,1.5637966978e-02,1.0463371001e-01,3.4279316074e+00
3.6700000000e+02,7.1066103732e-03,8.2696583551e-03,5.3741749329e-01,2.4492721050e-01,8.2677990011e-02,1.5504196064e-02,1.0409684140e-01,3.4143264348e+00
3.6750000000e+02,7.1334450371e-03,8.4060166156e-03,5.4441726114e-01,2.4023024400e-01,8.1300801004e-02,1.5465902038e-02,1.0304633016e-01,3.3983632431e+00
3.6800000000e+02,7.2059238592e-03,8.5361308402e-03,5.5063419815e-01,2.3575570224e-01,8.0688120063e-02,1.5477407916e-02,1.0170251694e-01,3.3862148372e+00
3.6850000000e+02,7.2578298492e-03,8.6218017835e-03,5.5718941798e-01,2.3152305937e-01,7.9897269014e-02,1.5434400806e-02,1.0007622120e-01,3.3686507972e+00
3.6900000000e+02,7.3362991716e-03,8.7566097984e-03,5.6331952302e-01,2.2727131826e-01,7.8817504059e-02,1.5399152950e-02,9.9099592737e-02,3.3549151703e+00
3.6950000000e+02,7.4346930245e-03,8.8663678375e-03,5.6817395377e-01,2.2460340108e-01,7.7792569616e-02,1.5275391399e-02,9.7853623268e-02,3.3405478513e+00
3.7000000000e+02,7.5047652824e-03,8.9705023446e-03,5.7262861464e-01,2.2155883246e-01,7.7006583135e-02,1.5299934534e-02,9.7030767602e-02,3.3288061597e+00
3.7050000000e+02,7.6060292775e-03,9.1144645552e-03,5.7559976625e-01,2.1921951061e-01,7.6350816915e-02,1.5246973336e-02,9.6862439059e-02,3.3225705616e+00
3.7100000000e+02,7.6685752178e-03,9.1551946787e-03,5.8057933160e-01,2.1576550906e-01,7.5657916381e-02,1.5127947767e-02,9.6045525292e-02,3.3076433323e+00
3.7150000000e+02,7.7458182330e-03,9.2137028394e-03,5.8682286031e-01,2.1207982892e-01,7.4194272368e-02,1.5085827876e-02,9.4857689453e-02,3.2891932503e+00
3.7200000000e+02,7.8156537861e-03,9.3432575379e-03,5.9162909819e-01,2.0743162774e-01,7.4014110934e-02,1.5146676242e-02,9.4619575572e-02,3.2816661372e+00
3.7250000000e+02,7.8917574062e-03,9.4548242819e-03,5.9814529276e-01,2.0277651273e-01,7.2747758409e-02,1.5038155550e-02,9.3945698860e-02,3.2655873237e+00
3.7300000000e+02,7.9404319354e-03,9.5415527694e-03,6.0406416567e-01,1.9899083456e-01,7.1553280127e-02,1.4966679019e-02,9.2943055925e-02,3.2444898469e+00
3.7350000000e+02,7.9960180850e-03,9.6604074265e-03,6.1114749262e-01,1.9454681109e-01,7.0753742860e-02,1.4898802328e-02,9.0996725589e-02,3.2254367248e+00
3.7400000000e+02,8.1154532357e-03,9.8436158780e-03,6.1521748751e-01,1.9138179095e-01,6.9889879982e-02,1.4931324583e-02,9.0620447868e-02,3.2155905075e+00
3.7450000000e+02,8.2071991507e-03,9.9980663207e-03,6.1980096595e-01,1.8809402219e-01,6.8574168725e-02,1.4826441727e-02,9.0499135933e-02,3.1999492424e+00
3.7500000000e+02,8.3104509754e-03,1.0183422179e-02,6.2434670149e-01,1.8439274377e-01,6.7618879135e-02,1.4913131880e-02,9.0234670575e-02,3.1891916709e+00
3.7550000000e+02,8.4747367613e-03,1.0357800556e-02,6.3082889629e-01,1.7972871512e-01,6.6698137059e-02,1.4818953917e-02,8.9092760292e-02,3.1694315417e+00
3.7600000000e+02,8.4786487282e-03,1.0439496615e-02,6.3661274106e-01,1.7661937911e-01,6.5739053369e-02,1.4705828281e-02,8.7404852843e-02,3.1442727266e+00
3.7650000000e+02,8.5894183846e-03,1.0587596422e-02,6.4163650697e-01,1.7328858231e-01,6.4989091220e-02,1.4564506014e-02,8.6344298673e-02,3.1277191428e+00
3.7700000000e+02,8.6605943665e-03,1.0693219811e-02,6.4749505620e-01,1.6896134195e-01,6.3874636214e-02,1.4512556114e-02,8.5802595345e-02,3.1093200294e+00
3.7750000000e+02,8.7000013273e-03,1.0889498917e-02,6.5142954818e-01,1.6641103402e-01,6.2952222517e-02,1.4584220136e-02,8.5033474901e-02,3.0948932799e+00
3.7800000000e+02,8.7643910102e-03,1.1056177946e-02,6.5655657592e-01,1.6245875377e-01,6.2409720344e-02,1.4653010008e-02,8.4101371000e-02,3.0794597159e+00
3.7850000000e+02,8.8937414564e-03,1.1162800166e-02,6.6308751668e-01,1.5839648114e-01,6.1163330777e-02,1.4708563023e-02,8.2587566757e-02,3.0558691003e+00
3.7900000000e+02,8.9500257736e-03,1.1374088669e-02,6.6800559116e-01,1.5452098305e-01,6.0545328157e-02,1.4634074572e-02,8.1969908619e-02,3.0418671812e+00
3.7950000000e+02,9.0208041571e-03,1.1543136475e-02,6.7219944131e-01,1.5226679842e-01,5.9727984211e-02,1.4573456269e-02,8.0668379154e-02,3.0211715081e+00
3.8000000000e+02,9.1067527132e-03,1.1605931598e-02,6.7793285624e-01,1.4849425921e-01,5.8992397265e-02,1.4506336145e-02,7.9361466830e-02,2.9981659482e+00
3.8050000000e+02,9.1786173571e-03,1.1679557470e-02,6.8267527494e-01,1.4533166254e-01,5.8389548433e-02,1.4435092204e-02,7.8310247051e-02,2.9754622162e+00
3.8100000000e+02,9.2849815872e-03,1.1901608101e-02,6.8602533865e-01,1.4359235873e-01,5.7505842025e-02,1.4487049759e-02,7.7202821152e-02,2.9605281175e+00
3.8150000000e+02,9.3712885643e-03,1.2000804422e-02,6.9093799461e-01,1.4063693963e-01,5.6359934452e-02,1.4444922424e-02,7.6248115901e-02,2.9397003789e+00
3.8200000000e+02,9.4397423723e-03,1.2060652140e-02,6.9597872663e-01,1.3758275666e-01,5.5114409793e-02,1.4352001800e-02,7.5471710610e-02,2.9181897428e+00
3.8250000000e+02,9.5286188034e-03,1.2108586596e-02,7.0234388188e-01,1.3399934412e-01,5.3832341904e-02,1.4238363084e-02,7.3948863611e-02,2.8866386088e+00
3.8300000000e+02,9.5554074061e-03,1.2203368710e-02,7.0786997792e-01,1.3099969218e-01,5.2724013108e-02,1.4149806787e-02,7.2497733880e-02,2.8589727566e+00
3.8350000000e+02,9.6729792212e-03,1.2444089420e-02,7.1213388060e-01,1.2767151709e-01,5.2146649756e-02,1.4037485825e-02,7.1893398091e-02,2.8410437473e+00
3.8400000000e+02,9.7331488573e-03,1.2531575744e-02,7.1818965065e-01,1.2462401726e-01,5.0774930538e-02,1.3751983342e-02,7.0394693608e-02,2.8094594930e+00
3.8450000000e+02,9.7051360315e-03,1.2618115254e-02,7.2459244833e-01,1.2010409797e-01,4.9818071373e-02,1.3692288319e-02,6.9469842725e-02,2.7785412148e+00
3.8500000000e+02,9.8233237560e-03,1.2731755992e-02,7.2910949764e-01,1.1708942152e-01,4.9097779328e-02,1.3742765971e-02,6.8405455790e-02,2.7556503800e+00
3.8550000000e+02,9.9138816398e-03,1.2812893016e-02,7.3403654919e-01,1.1395645249e-01,4.8366035803e-02,1.3694720473e-02,6.7219467391e-02,2.7312833364e+00
3.8600000000e+02,9.9614620446e-03,1.2906051300e-02,7.3929360130e-01,1.1060685677e-01,4.7359462083e-02,1.3747527704e-02,6.6125038795e-02,2.7062233622e+00
3.8650000000e+02,9.9749218950e-03,1.2967197886e-02,7.4595305413e-01,1.0659820429e-01,4.6083085833e-02,1.3560599674e-02,6.4862936290e-02,2.6707488839e+00
3.8700000000e+02,9.9614782962e-03,1.3030943943e-02,7.5232530663e-01,1.0296635734e-01,4.4926305528e-02,1.3401473033e-02,6.3388135232e-02,2.6351436076e+00
3.8750000000e+02,9.9702823615e-03,1.3107462120e-02,7.5781593940e-01,9.9715805831e-02,4.3834811962e-02,1.3250609547e-02,6.2305088781e-02,2.6044810887e+00
3.8800000000e+02,1.0068574963e-02,1.3152564671e-02,7.6315480452e-01,9.6569460596e-02,4.2523566489e-02,1.3181466432e-02,6.1349562327e-02,2.5748390961e+00
3.8850000000e+02,1.0105649415e-02,1.3313624498e-02,7.6713511817e-01,9.4665579582e-02,4.1588707665e-02,1.3113997540e-02,6.0077323130e-02,2.5477372910e+00
3.8900000000e+02,1.0125253102e-02,1.3370096532e-02,7.7282991650e-01,9.1137879605e-02,4.0594027455e-02,1.2983661863e-02,5.8959164940e-02,2.5157297191e+00
3.8950000000e+02,1.0145642049e-02,1.3475316074e-02,7.7757953160e-01,8.8463238691e-02,3.9720765502e-02,1.2935306010e-02,5.7680200076e-02,2.4856825386e+00
3.9000000000e+02,1.0170244891e-02,1.3599767695e-02,7.8329115742e-01,8.5194318367e-02,3.8632124524e-02,1.2735911890e-02,5.6376475217e-02,2.4507406523e+00
3.9050000000e+02,1.0196043422e-02,1.3749563740e-02,7.8767777259e-01,8.2670206783e-02,3.7675727729e-02,1.2629180614e-02,5.5401505122e-02,2.4198127315e+00
3.9100000000e+02,1.0210707351e-02,1.3954764908e-02,7.9218395235e-01,8.0212915672e-02,3.6889535292e-02,1.2499355154e-02,5.4048769270e-02,2.3876705186e+00
3.9150000000e+02,1.0224648640e-02,1.4246434927e-02,7.9565300245e-01,7.8321072498e-02,3.6188848117e-02,1.2370211360e-02,5.2995782011e-02,2.3634400008e+00
3.9200000000e+02,1.0249145711e-02,1.4298498806e-02,7.9909951687e-01,7.6316480272e-02,3.5520692614e-02,1.2261404465e-02,5.2254261266e-02,2.3360377762e+00
3.9250000000e+02,1.0245995083e-02,1.4454902993e-02,8.0279401641e-01,7.3993572892e-02,3.4870875134e-02,1.2200761756e-02,5.1439875738e-02,2.3075286196e+00
3.9300000000e+02,1.0268182047e-02,1.4506735938e-02,8.0745411323e-01,7.1592049244e-02,3.3944504732e-02,1.2115697281e-02,5.0118717524e-02,2.2750136969e+00
3.9350000000e+02,1.0248268679e-02,1.4658384645e-02,8.1193945473e-01,6.8890850810e-02,3.3303514363e-02,1.2027664576e-02,4.8931862198e-02,2.2435517195e+00
3.9400000000e+02,1.0327311944e-02,1.4776639078e-02,8.1543551332e-01,6.6664265709e-02,3.2472443890e-02,1.1986171442e-02,4.8337654621e-02,2.2174157395e+00
3.9450000000e+02,1.0353209239e-02,1.4928973956e-02,8.1861477047e-01,6.4955122063e-02,3.1775383396e-02,1.1896110736e-02,4.7476430144e-02,2.1894895840e+00
3.9500000000e+02,1.0370456400e-02,1.5086818486e-02,8.2238327727e-01,6.2371677610e-02,3.1139478517e-02,1.1825554119e-02,4.6822737602e-02,2.1605725733e+00
3.9550000000e+02,1.0402595993e-02,1.5300746833e-02,8.2501761175e-01,6.0397778786e-02,3.0604760088e-02,1.1851536899e-02,4.6424969648e-02,2.1370318819e+00
3.9600000000e+02,1.0447876118e-02,1.5416987283e-02,8.2955499576e-01,5.7915377469e-02,2.9511293204e-02,1.1736419625e-02,4.5417050543e-02,2.1032429918e+00
3.9650000000e+02,1.0454585233e-02,1.5477287716e-02,8.3369359159e-01,5.5789534482e-02,2.8526707179e-02,1.1544528070e-02,4.4513765731e-02,2.0657893109e+00
3.9700000000e+02,1.0519628732e-02,1.5742942588e-02,8.3685927883e-01,5.3952340252e-02,2.7722945314e-02,1.1420323884e-02,4.3782540397e-02,2.0385263660e+00
3.9750000000e+02,1.0491630534e-02,1.5949858914e-02,8.4051370880e-01,5.2237105639e-02,2.6890729502e-02,1.1196609284e-02,4.2720357323e-02,2.0034647070e+00
3.9800000000e+02,1.0456831841e-02,1.6026681168e-02,8.4427259706e-01,5.0340099914e-02,2.6165027251e-02,1.0977646844e-02,4.1761115928e-02,1.9665825469e+00
3.9850000000e+02,1.0512862369e-02,1.6074039733e-02,8.4824092598e-01,4.8295469420e-02,2.5375491376e-02,1.0838880182e-02,4.0662330940e-02,1.9309326874e+00
3.9900000000e+02,1.0479722771e-02,1.6175259119e-02,8.5153561979e-01,4.6767539111e-02,2.4670871768e-02,1.0548156097e-02,3.9822831342e-02,1.8963424660e+00
3.9950000000e+02,1.0526122623e-02,1.6351998934e-02,8.5356634736e-01,4.5577403337e-02,2.4209005288e-02,1.0455871247e-02,3.9313251215e-02,1.8720738404e+00
4.0000000000e+02,1.0486583148e-02,1.6328227924e-02,8.5697586083e-01,4.3827041641e-02,2.3602770241e-02,1.0261384353e-02,3.8518131859e-02,1.8384252058e+00
4.0050000000e+02,1.0449862211e-02,1.6494753548e-02,8.5931107813e-01,4.2386799703e-02,2.3148156517e-02,1.0211381967e-02,3.7997967920e-02,1.8144202572e+00
4.0100000000e+02,1.0516356762e-02,1.6619694057e-02,8.6123105748e-01,4.1437396064e-02,2.2694118708e-02,1.0132531691e-02,3.7368845236e-02,1.7902272600e+00
4.0150000000e+02,1.0529347878e-02,1.6653592880e-02,8.6379808218e-01,4.0155355028e-02,2.2119188777e-02,1.0024186648e-02,3.6720246605e-02,1.7615107367e+00
4.0200000000e+02,1.0481119345e-02,1.6761496776e-02,8.6660001347e-01,3.8860309724e-02,2.1529799125e-02,9.8755186504e-03,3.5891742906e-02,1.7322856494e+00
4.0250000000e+02,1.0499200872e-02,1.6853247292e-02,8.6900861915e-01,3.7510854003e-02,2.0848856745e-02,9.7678474988e-03,3.5511374442e-02,1.7047681741e+00
4.0300000000e+02,1.0530284326e-02,1.7080886330e-02,8.6983372729e-01,3.7181929664e-02,2.0545012600e-02,9.7238004562e-03,3.5104359337e-02,1.6863621345e+00
4.0350000000e+02,1.0534221770e-02,1.7128037432e-02,8.7234121909e-01,3.6056912106e-02,2.0127366252e-02,9.5998533941e-03,3.4212389960e-02,1.6577513493e+00
4.0400000000e+02,1.0539799356e-02,1.7352346155e-02,8.7362123405e-01,3.5563033715e-02,1.9656001387e-02,9.4822055228e-03,3.3785379811e-02,1.6352985689e+00
4.0450000000e+02,1.0478734168e-02,1.7482625566e-02,8.7594259856e-01,3.4656231613e-02,1.9087066791e-02,9.3212707499e-03,3.3031472553e-02,1.6083313993e+00
4.0500000000e+02,1.0492870925e-02,1.7524950820e-02,8.7805344973e-01,3.3853433999e-02,1.8620846241e-02,9.1533187719e-03,3.2301129515e-02,1.5838503691e+00
4.0550000000e+02,1.0559908594e-02,1.7630448076e-02,8.7976808354e-01,3.3103958737e-02,1.8120860892e-02,9.0203513604e-03,3.1796388800e-02,1.5629865404e+00
4.0600000000e+02,1.0535034172e-02,1.7696287852e-02,8.8086571539e-01,3.2833832039e-02,1.7900596295e-02,8.9040492769e-03,3.1264484970e-02,1.5446428668e+00
4.0650000000e+02,1.0587162053e-02,1.7856830132e-02,8.8201308739e-01,3.2555304818e-02,1.7515500441e-02,8.8220780158e-03,3.0650037150e-02,1.5272517348e+00
4.0700000000e+02,1.0522521488e-02,1.7948034998e-02,8.8324210449e-01,3.2021064375e-02,1.7162872360e-02,8.7198821932e-03,3.0383520092e-02,1.5132722800e+00
4.0750000000e+02,1.0481386067e-02,1.7903616631e-02,8.8546383780e-01,3.1240761791e-02,1.6645041418e-02,8.6327939255e-03,2.9632562368e-02,1.4968102011e+00
4.0800000000e+02,1.0449076036e-02,1.7942621831e-02,8.8689734748e-01,3.0699750019e-02,1.6291708677e-02,8.5217690990e-03,2.9197726854e-02,1.4870950387e+00
4.0850000000e+02,1.0430007856e-02,1.8006240671e-02,8.8828523180e-01,3.0174990676e-02,1.6039867850e-02,8.3843984485e-03,2.8679262702e-02,1.4800357159e+00
4.0900000000e+02,1.0524161104e-02,1.8296625638e-02,8.8850838546e-01,3.0023093898e-02,1.5825721854e-02,8.3426312454e-03,2.8479380804e-02,1.4847332467e+00
4.0950000000e+02,1.0547412199e-02,1.8239089771e-02,8.9003892080e-01,2.9642747402e-02,1.5581918045e-02,8.2264508067e-03,2.7723460976e-02,1.4818446593e+00
4.1000000000e+02,1.0514210409e-02,1.8339594566e-02,8.9079425623e-01,2.9466422508e-02,1.5331414890e-02,8.1193624756e-03,2.7434738923e-02,1.4848079338e+00
4.1050000000e+02,1.0462696836e-02,1.8359147470e-02,8.9161878661e-01,2.9477857536e-02,1.5064721376e-02,7.9463876512e-03,2.7070402517e-02,1.4858393982e+00
4.1100000000e+02,1.0533505726e-02,1.8649709768e-02,8.9143163711e-01,2.9815613757e-02,1.4896007256e-02,7.9252920190e-03,2.6748234365e-02,1.4967511136e+00
4.1150000000e+02,1.0559471065e-02,1.8728872623e-02,8.9234601635e-01,2.9896770461e-02,1.4567118473e-02,7.8168336793e-03,2.6084917346e-02,1.5016400430e+00
4.1200000000e+02,1.0478369079e-02,1.8742826683e-02,8.9350569652e-01,2.9937493157e-02,1.4233198971e-02,7.6655368345e-03,2.5436878757e-02,1.5040514864e+00
4.1250000000e+02,1.0486339523e-02,1.8708641416e-02,8.9445407746e-01,3.0094407344e-02,1.3888843184e-02,7.5811709333e-03,2.4786520137e-02,1.5080008253e+00
4.1300000000e+02,1.0541116103e-02,1.8702407705e-02,8.9438996751e-01,3.0359887606e-02,1.3756749161e-02,7.4968005181e-03,2.4753071399e-02,1.5195541867e+00
4.1350000000e+02,1.0544880461e-02,1.8625531243e-02,8.9549840220e-01,3.0494970416e-02,1.3403678344e-02,7.3637485223e-03,2.4068788819e-02,1.5247626321e+00
4.1400000000e+02,1.0486038839e-02,1.8638141624e-02,8.9590524072e-01,3.0892107498e-02,1.3188158878e-02,7.2594263171e-03,2.3630886129e-02,1.5327298544e+00
4.1450000000e+02,1.0458014139e-02,1.8595798384e-02,8.9580209503e-01,3.1506303626e-02,1.3039450254e-02,7.1643253351e-03,2.3434013231e-02,1.5409871205e+00
4.1500000000e+02,1.0347436367e-02,1.8657380441e-02,8.9593864302e-01,3.2083281463e-02,1.2806238451e-02,7.0358892306e-03,2.3131131026e-02,1.5503108150e+00
4.1550000000e+02,1.0378301200e-02,1.8911735026e-02,8.9497850381e-01,3.3104735376e-02,1.2720930285e-02,6.9715896415e-03,2.2934204658e-02,1.5683018240e+00
4.1600000000e+02,1.0447267687e-02,1.9092840442e-02,8.9439476671e-01,3.3887634457e-02,1.2643505213e-02,6.8942752231e-03,2.2639710269e-02,1.5838205509e+00
4.1650000000e+02,1.0446451208e-02,1.9202322825e-02,8.9360637364e-01,3.4752978004e-02,1.2620299245e-02,6.8405746847e-03,2.2531000389e-02,1.5993047012e+00
4.1700000000e+02,1.0409300935e-02,1.9170826300e-02,8.9367902086e-01,3.5319839886e-02,1.2554242493e-02,6.7070380246e-03,2.2159731499e-02,1.6086203006e+00
4.1750000000e+02,1.0406302716e-02,1.9155388535e-02,8.9392859511e-01,3.5872870812e-02,1.2340269293e-02,6.6067053742e-03,2.1689868160e-02,1.6171056276e+00
4.1800000000e+02,1.0342598382e-02,1.9099435627e-02,8.9368363492e-01,3.6877310485e-02,1.2160173888e-02,6.4765095365e-03,2.1360337163e-02,1.6235042591e+00
4.1850000000e+02,1.0310974696e-02,1.9183620228e-02,8.9352093903e-01,3.7629871451e-02,1.1963580573e-02,6.3667035096e-03,2.1024310509e-02,1.6327250464e+00
4.1900000000e+02,1.0219193667e-02,1.9087852343e-02,8.9358035552e-01,3.8327134211e-02,1.1718007965e-02,6.2711749994e-03,2.0796281297e-02,1.6379110786e+00
4.1950000000e+02,1.0163165789e-02,1.8929067544e-02,8.9329299508e-01,3.9196326369e-02,1.1591395452e-02,6.2096044647e-03,2.0617445300e-02,1.6468036028e+00
4.2000000000e+02,1.0202197443e-02,1.8965217973e-02,8.9266121826e-01,4.0205633556e-02,1.1492210006e-02,6.0944448985e-03,2.0379077862e-02,1.6571018097e+00
4.2050000000e+02,1.0304242600e-02,1.9078810665e-02,8.9152134345e-01,4.1591195049e-02,1.1462335049e-02,6.0384743769e-03,2.0003598813e-02,1.6723907209e+00
4.2100000000e+02,1.0267136097e-02,1.9063258302e-02,8.9081437251e-01,4.2542501129e-02,1.1483146324e-02,5.9524725105e-03,1.9877113130e-02,1.6832189686e+00
4.2150000000e+02,1.0303643284e-02,1.9060572866e-02,8.8995724963e-01,4.3768437210e-02,1.1425899604e-02,5.8661207784e-03,1.9618076630e-02,1.6938238887e+00
4.2200000000e+02,1.0291244154e-02,1.8817247509e-02,8.8930304639e-01,4.4911332078e-02,1.1332273030e-02,5.8190068136e-03,1.9525850027e-02,1.7021742808e+00
4.2250000000e+02,1.0261070751e-02,1.8735848435e-02,8.8883212995e-01,4.5938633165e-02,1.1282766153e-02,5.7192934848e-03,1.9230258065e-02,1.7089419917e+00
4.2300000000e+02,1.0276911708e-02,1.8923275973e-02,8.8737782821e-01,4.7183904613e-02,1.1370998670e-02,5.7129178049e-03,1.9154163023e-02,1.7244398141e+00
4.2350000000e+02,1.0240842879e-02,1.8829104596e-02,8.8643037203e-01,4.8471696885e-02,1.1309227618e-02,5.6383671606e-03,1.9080388836e-02,1.7328199364e+00
4.2400000000e+02,1.0136203173e-02,1.8800152200e-02,8.8510362250e-01,5.0162038905e-02,1.1256042488e-02,5.5503754698e-03,1.8991565269e-02,1.7449128600e+00
4.2450000000e+02,1.0084500741e-02,1.8775891214e-02,8.8460081339e-01,5.0947941070e-02,1.1188660677e-02,5.4871095958e-03,1.8915083313e-02,1.7533405789e+00
4.2500000000e+02,1.0156663419e-02,1.8688747984e-02,8.8341813445e-01,5.2421325103e-02,1.1197994099e-02,5.4098431524e-03,1.8707291792e-02,1.7659944802e+00
4.2550000000e+02,1.0142000990e-02,1.8726952448e-02,8.8202735895e-01,5.4177693532e-02,1.1071312591e-02,5.3736324058e-03,1.8481049085e-02,1.7780342180e+00
4.2600000000e+02,1.0149727930e-02,1.8796947348e-02,8.8046439916e-01,5.5796558731e-02,1.1087243020e-02,5.2904853141e-03,1.8414638500e-02,1.7916645134e+00
4.2650000000e+02,1.0102286783e-02,1.8769929336e-02,8.7986804548e-01,5.6839997861e-02,1.1118605421e-02,5.2114109511e-03,1.8089724172e-02,1.7986813262e+00
4.2700000000e+02,1.0090269676e-02,1.8725709395e-02,8.7908967776e-01,5.7811304460e-02,1.1153020065e-02,5.1408086968e-03,1.7989209942e-02,1.8068981980e+00
4.2750000000e+02,1.0158351857e-02,1.8622326327e-02,8.7764992229e-01,5.9494374205e-02,1.1085268277e-02,5.0798082226e-03,1.7909948820e-02,1.8177283851e+00
4.2800000000e+02,1.0172379459e-02,1.8573202266e-02,8.7629572489e-01,6.1240549419e-02,1.1075552720e-02,5.0069235973e-03,1.7635667651e-02,1.8288546194e+00
4.2850000000e+02,1.0093185351e-02,1.8476431717e-02,8.7578262440e-01,6.2232284559e-02,1.1140416749e-02,4.9558260175e-03,1.7319231204e-02,1.8329374330e+00
4.2900000000e+02,1.0062135647e-02,1.8557650899e-02,8.7441802665e-01,6.3850533655e-02,1.1167616256e-02,4.8964478817e-03,1.7047589015e-02,1.8431026535e+00
4.2950000000e+02,1.0116772022e-02,1.8607028337e-02,8.7224635775e-01,6.5880944191e-02,1.1272628851e-02,4.8604956556e-03,1.7015773197e-02,1.8593440989e+00
4.3000000000e+02,1.0041199173e-02,1.8510430900e-02,8.7099737137e-01,6.7367549402e-02,1.1278619588e-02,4.8179487125e-03,1.6986880857e-02,1.8676230767e+00
4.3050000000e+02,1.0080560039e-02,1.8454626855e-02,8.6866881044e-01,6.9562997390e-02,1.1363276150e-02,4.7929834330e-03,1.7076745698e-02,1.8829711597e+00
4.3100000000e+02,1.0130891861e-02,1.8571767156e-02,8.6657080172e-01,7.1504034807e-02,1.1479506877e-02,4.7170243108e-03,1.7025973263e-02,1.8973977836e+00
4.3150000000e+02,1.0054668605e-02,1.8576923084e-02,8.6546415606e-01,7.2752060042e-02,1.1520798417e-02,4.6542420585e-03,1.6977151737e-02,1.9046411993e+00
4.3200000000e+02,1.0002047240e-02,1.8613309061e-02,8.6352928848e-01,7.4583502867e-02,1.1625042696e-02,4.6500813561e-03,1.6996728300e-02,1.9181783593e+00
4.3250000000e+02,1.0020885906e-02,1.8900012562e-02,8.6044602635e-01,7.7047756804e-02,1.1850481534e-02,4.6706084125e-03,1.7064228428e-02,1.9394490098e+00
4.3300000000e+02,9.9738831705e-03,1.8765981778e-02,8.5972764806e-01,7.8093329758e-02,1.1911691650e-02,4.6222136571e-03,1.6905251930e-02,1.9439326111e+00
4.3350000000e+02,9.9372725217e-03,1.8606255064e-02,8.5870998836e-01,7.9472509862e-02,1.1893571650e-02,4.5843660296e-03,1.6796036513e-02,1.9504447745e+00
4.3400000000e+02,9.9772817086e-03,1.8736543230e-02,8.5725626515e-01,8.0704121071e-02,1.1991857004e-02,4.5554573882e-03,1.6778474446e-02,1.9625750692e+00
4.3450000000e+02,9.8600977156e-03,1.8719193446e-02,8.5626438022e-01,8.1957064180e-02,1.2031631677e-02,4.4629687126e-03,1.6704664044e-02,1.9670525307e+00
4.3500000000e+02,9.8268221162e-03,1.8718087267e-02,8.5468419838e-01,8.3717141246e-02,1.2113357524e-02,4.4050941554e-03,1.6535299311e-02,1.9754781199e+00
4.3550000000e+02,9.7447491366e-03,1.8728476027e-02,8.5260177381e-01,8.5920582978e-02,1.2162806860e-02,4.3852178950e-03,1.6456393290e-02,1.9866265946e+00
4.3600000000e+02,9.7285706688e-03,1.8751980996e-02,8.5129449215e-01,8.7063845716e-02,1.2262392399e-02,4.3637516733e-03,1.6534966401e-02,1.9960786293e+00
4.3650000000e+02,9.7392275160e-03,1.8862361890e-02,8.4845167030e-01,8.9675775961e-02,1.2416660623e-02,4.3252192848e-03,1.6529084420e-02,2.0099353918e+00
4.3700000000e+02,9.7374561312e-03,1.8979153078e-02,8.4627444268e-01,9.1837033343e-02,1.2477957633e-02,4.2723998257e-03,1.6421557305e-02,2.0203194497e+00
4.3750000000e+02,9.7651511684e-03,1.9002677871e-02,8.4372896169e-01,9.4088258315e-02,1.2636857457e-02,4.2746289016e-03,1.6503464593e-02,2.0343329938e+00
4.3800000000e+02,9.7993426628e-03,1.9001173990e-02,8.4174402710e-01,9.5907380049e-02,1.2723413056e-02,4.2814512133e-03,1.6543211934e-02,2.0461059430e+00
4.3850000000e+02,9.7327961186e-03,1.8827708702e-02,8.4078175265e-01,9.6932462001e-02,1.2840145502e-02,4.2539204908e-03,1.6631214535e-02,2.0520865347e+00
4.3900000000e+02,9.6808216850e-03,1.8773271959e-02,8.3892089283e-01,9.8895025870e-02,1.2934860869e-02,4.2200475143e-03,1.6575079272e-02,2.0595705220e+00
4.3950000000e+02,9.6950919075e-03,1.8864558216e-02,8.3686425274e-01,1.0050977370e-01,1.3113202633e-02,4.2086730840e-03,1.6744447720e-02,2.0727612504e+00
4.4000000000e+02,9.6196232357e-03,1.8646400013e-02,8.3621729615e-01,1.0150090664e-01,1.3172564557e-02,4.1449021871e-03,1.6698307217e-02,2.0726595882e+00
4.4050000000e+02,9.6067574141e-03,1.8634161479e-02,8.3429251804e-01,1.0327897330e-01,1.3384026702e-02,4.0811876374e-03,1.6722375422e-02,2.0803037501e+00
4.4100000000e+02,9.6091736813e-03,1.8682508533e-02,8.3309933461e-01,1.0418737199e-01,1.3510368160e-02,4.0536897756e-03,1.6857553249e-02,2.0873366459e+00
4.4150000000e+02,9.6354698553e-03,1.8727622019e-02,8.3099113612e-01,1.0586272048e-01,1.3792542836e-02,4.0271416030e-03,1.6963367085e-02,2.1004334319e+00
4.4200000000e+02,9.6068438870e-03,1.8684208483e-02,8.2937823279e-01,1.0760075942e-01,1.3912377549e-02,3.9994262267e-03,1.6818151648e-02,2.1059800215e+00
4.4250000000e+02,9.6226763158e-03,1.8650455325e-02,8.2758559466e-01,1.0929223252e-01,1.4050570463e-02,3.9880302930e-03,1.6810440426e-02,2.1136783208e+00
4.4300000000e+02,9.5167699370e-03,1.8501887246e-02,8.2701210409e-01,1.0995256865e-01,1.4128020884e-02,3.9511626380e-03,1.6937486563e-02,2.1168010197e+00
4.4350000000e+02,9.4313287592e-03,1.8385160855e-02,8.2587616307e-01,1.1118068187e-01,1.4265309088e-02,3.8874478903e-03,1.6973908474e-02,2.1204135176e+00
4.4400000000e+02,9.3688802246e-03,1.8439962784e-02,8.2361425164e-01,1.1304526213e-01,1.4457800089e-02,3.8672971754e-03,1.7206545960e-02,2.1307193491e+00
4.4450000000e+02,9.2854363195e-03,1.8330766333e-02,8.2307128168e-01,1.1383267192e-01,1.4534211256e-02,3.8362804015e-03,1.7109352090e-02,2.1323016730e+00
4.4500000000e+02,9.1643835383e-03,1.8318447958e-02,8.2245137443e-01,1.1448273228e-01,1.4581740610e-02,3.8217274190e-03,1.7179593766e-02,2.1348549276e+00
4.4550000000e+02,9.1743528427e-03,1.8344375549e-02,8.2112335616e-01,1.1549387444e-01,1.4782540220e-02,3.8153860141e-03,1.7266114778e-02,2.1441663493e+00
4.4600000000e+02,9.1445993129e-03,1.8375769665e-02,8.1892486395e-01,1.1733765997e-01,1.5034378462e-02,3.8291324785e-03,1.7353596153e-02,2.1556880621e+00
4.4650000000e+02,9.1447599582e-03,1.8234857391e-02,8.1814359764e-01,1.1825269841e-01,1.5166448963e-02,3.8158042464e-03,1.7241833394e-02,2.1587773460e+00
4.4700000000e+02,9.1390823253e-03,1.8289966433e-02,8.1642405210e-01,1.1974106331e-01,1.5291312845e-02,3.8078361469e-03,1.7306686839e-02,2.1669014332e+00
4.4750000000e+02,9.1129907225e-03,1.8219839378e-02,8.1532990225e-01,1.2100924893e-01,1.5332288386e-02,3.7652533253e-03,1.7230477016e-02,2.1694573255e+00
4.4800000000e+02,9.1124014979e-03,1.8257078074e-02,8.1281656228e-01,1.2320608522e-01,1.5424409791e-02,3.7443265479e-03,1.7439136586e-02,2.1797393781e+00
4.4850000000e+02,9.1784760343e-03,1.8372442623e-02,8.0989577809e-01,1.2554967896e-01,1.5600211670e-02,3.7721631919e-03,1.7631249432e-02,2.1958925821e+00
4.4900000000e+02,9.1920095003e-03,1.8293429275e-02,8.0760339344e-01,1.2782151902e-01,1.5739226387e-02,3.7370857357e-03,1.7613336643e-02,2.2040219679e+00
4.4950000000e+02,9.1143722139e-03,1.8136309643e-02,8.0624063638e-01,1.2928489152e-01,1.5759900339e-02,3.7104823018e-03,1.7753407600e-02,2.2082477475e+00
4.5000000000e+02,9.0652356074e-03,1.8106933987e-02,8.0345742948e-01,1.3182307630e-01,1.6023160759e-02,3.7058210868e-03,1.7818342780e-02,2.2202715259e+00
4.5050000000e+02,9.1297608936e-03,1.8036587583e-02,8.0129696986e-01,1.3379849434e-01,1.6211773254e-02,3.6897730840e-03,1.7836640983e-02,2.2293415640e+00
4.5100000000e+02,9.0998074793e-03,1.7892614048e-02,8.0155756790e-01,1.3369079027e-01,1.6302425887e-02,3.6590655815e-03,1.7797728838e-02,2.2279713929e+00
4.5150000000e+02,9.0856572012e-03,1.7848674868e-02,7.9947504721e-01,1.3557834870e-01,1.6494475327e-02,3.6414385980e-03,1.7876358095e-02,2.2350631551e+00
4.5200000000e+02,9.1006081407e-03,1.8023494547e-02,7.9679764484e-01,1.3791003976e-01,1.6602770789e-02,3.6409270305e-03,1.7924514889e-02,2.2445565175e+00
4.5250000000e+02,9.1408065750e-03,1.7885572894e-02,7.9587928878e-01,1.3867102472e-01,1.6820992691e-02,3.6313218349e-03,1.7970992500e-02,2.2499549869e+00
4.5300000000e+02,9.2144005393e-03,1.7871656192e-02,7.9305587804e-01,1.4128092963e-01,1.6973683567e-02,3.6322445248e-03,1.7971207506e-02,2.2613170326e+00
4.5350000000e+02,9.1826226947e-03,1.7953792463e-02,7.9081723628e-01,1.4339227773e-01,1.7075946854e-02,3.6232064816e-03,1.7954917497e-02,2.2695417155e+00
4.5400000000e+02,9.1922190539e-03,1.8009033601e-02,7.8879767128e-01,1.4527771162e-01,1.7049367524e-02,3.6240955114e-03,1.8049901414e-02,2.2764563626e+00
4.5450000000e+02,9.1803773619e-03,1.7979006454e-02,7.8538412834e-01,1.4858522218e-01,1.7138450114e-02,3.5864658221e-03,1.8146349727e-02,2.2859807315e+00
4.5500000000e+02,9.2161709937e-03,1.7902845515e-02,7.8363825652e-01,1.5000847621e-01,1.7227308601e-02,3.5642819261e-03,1.8442660231e-02,2.2941962902e+00
4.5550000000e+02,9.2221395299e-03,1.7841452101e-02,7.8107637973e-01,1.5213742297e-01,1.7516656658e-02,3.5741691136e-03,1.8631779895e-02,2.3050987696e+00
4.5600000000e+02,9.1462910859e-03,1.7693115038e-02,7.7964088450e-01,1.5362281505e-01,1.7611564354e-02,3.5358328526e-03,1.8749497122e-02,2.3066947675e+00
4.5650000000e+02,9.1523294470e-03,1.7650481141e-02,7.7769610631e-01,1.5512848580e-01,1.7877468704e-02,3.5206197666e-03,1.8974508828e-02,2.3150763582e+00
4.5700000000e+02,9.1218797859e-03,1.7535687604e-02,7.7560507242e-01,1.5729715981e-01,1.7988981616e-02,3.4915102153e-03,1.8959708550e-02,2.3182916779e+00
4.5750000000e+02,9.0658876320e-03,1.7433577321e-02,7.7430852460e-01,1.5838591834e-01,1.8147549350e-02,3.4636385687e-03,1.9194904191e-02,2.3238511386e+00
4.5800000000e+02,9.0928558106e-03,1.7331219446e-02,7.7317384937e-01,1.5939218368e-01,1.8218732199e-02,3.4414149095e-03,1.9349744589e-02,2.3285119745e+00
4.5850000000e+02,9.1530009977e-03,1.7477275601e-02,7.7013546078e-01,1.6164222841e-01,1.8504622334e-02,3.4614414332e-03,1.9625970445e-02,2.3440166830e+00
4.5900000000e+02,9.1236364346e-03,1.7543248442e-02,7.6801134909e-01,1.6359448826e-01,1.8629388576e-02,3.4326116093e-03,1.9665277589e-02,2.3503208119e+00
4.5950000000e+02,9.1438031184e-03,1.7474275022e-02,7.6586150747e-01,1.6540301326e-01,1.8852013845e-02,3.4255497491e-03,1.9839837530e-02,2.3584947466e+00
4.6000000000e+02,9.1533124719e-03,1.7467601583e-02,7.6470384948e-01,1.6631683812e-01,1.8984981316e-02,3.3965777015e-03,1.9976839327e-02,2.3631725676e+00
4.6050000000e+02,9.0332434334e-03,1.7363923434e-02,7.6298016009e-01,1.6811005196e-01,1.9139484162e-02,3.3814710023e-03,1.9991665925e-02,2.3652466541e+00
4.6100000000e+02,8.9340266760e-03,1.7359098092e-02,7.6209449570e-01,1.6882656386e-01,1.9402081934e-02,3.3512982355e-03,2.0032435499e-02,2.3678778540e+00
4.6150000000e+02,8.8874364949e-03,1.7369223314e-02,7.5996090688e-01,1.7058791570e-01,1.9712872778e-02,3.3782547879e-03,2.0103390048e-02,2.3759877460e+00
4.6200000000e+02,8.8157185736e-03,1.7354723175e-02,7.5844361005e-01,1.7203015209e-01,1.9876882386e-02,3.3755005443e-03,2.0103413184e-02,2.3805571556e+00
4.6250000000e+02,8.7542848193e-03,1.7376990656e-02,7.5632783288e-01,1.7410984243e-01,1.9919606358e-02,3.3691123227e-03,2.0142330534e-02,2.3861569707e+00
4.6300000000e+02,8.7623378039e-03,1.7499175842e-02,7.5394375924e-01,1.7576545604e-01,2.0317976749e-02,3.3640964626e-03,2.0347197864e-02,2.3981556101e+00
4.6350000000e+02,8.6939168174e-03,1.7507478027e-02,7.5304880824e-01,1.7657966708e-01,2.0384042795e-02,3.3566565969e-03,2.0429430441e-02,2.4004655265e+00
4.6400000000e+02,8.7434460193e-03,1.7624755280e-02,7.5040543134e-01,1.7856650173e-01,2.0633512026e-02,3.3613683286e-03,2.0664985281e-02,2.4138702498e+00
4.6450000000e+02,8.6920489058e-03,1.7535380864e-02,7.4865579684e-01,1.8039457975e-01,2.0597869042e-02,3.3571992950e-03,2.0767125307e-02,2.4158536506e+00
4.6500000000e+02,8.6830848337e-03,1.7473194245e-02,7.4780287911e-01,1.8119688162e-01,2.0684371377e-02,3.3211861749e-03,2.0838402638e-02,2.4186761804e+00
4.6550000000e+02,8.7740660685e-03,1.7441970119e-02,7.4531464801e-01,1.8317537565e-01,2.0813393443e-02,3.3201717949e-03,2.1160374917e-02,2.4286550250e+00
4.6600000000e+02,8.7536080860e-03,1.7317618686e-02,7.4424429537e-01,1.8421215332e-01,2.0967823218e-02,3.2697521665e-03,2.1234749154e-02,2.4301310411e+00
4.6650000000e+02,8.7965521596e-03,1.7434463023e-02,7.4201278038e-01,1.8615520334e-01,2.1048066481e-02,3.2611114103e-03,2.1291823212e-02,2.4378686636e+00
4.6700000000e+02,8.7704678121e-03,1.7359300932e-02,7.4146080443e-01,1.8693534524e-01,2.0985831676e-02,3.2481767110e-03,2.1240073194e-02,2.4358792892e+00
4.6750000000e+02,8.7343515931e-03,1.7338388234e-02,7.3980806693e-01,1.8840829966e-01,2.1049874351e-02,3.2194181013e-03,2.1441601122e-02,2.4390364835e+00
4.6800000000e+02,8.7464349315e-03,1.7464795327e-02,7.3695275006e-01,1.9072259075e-01,2.1166337069e-02,3.2285002189e-03,2.1718591642e-02,2.4493821938e+00
4.6850000000e+02,8.7504123036e-03,1.7528998385e-02,7.3418064030e-01,1.9301593794e-01,2.1387378624e-02,3.2500125775e-03,2.1886619864e-02,2.4596609551e+00
4.6900000000e+02,8.7767951493e-03,1.7574751825e-02,7.3301276181e-01,1.9382691055e-01,2.1565380002e-02,3.2444985690e-03,2.1998902096e-02,2.4647044910e+00
4.6950000000e+02,8.8348202793e-03,1.7679992128e-02,7.2908433940e-01,1.9660480344e-01,2.2154166771e-02,3.2733915172e-03,2.2368486458e-02,2.4825438238e+00
4.7000000000e+02,8.8021054946e-03,1.7662942842e-02,7.2694583260e-01,1.9837197528e-01,2.2269514553e-02,3.2569026168e-03,2.2690726613e-02,2.4880542560e+00
4.7050000000e+02,8.8391565173e-03,1.7815075024e-02,7.2257613894e-01,2.0180111118e-01,2.2700158632e-02,3.2675664749e-03,2.3000793231e-02,2.5048453879e+00
4.7100000000e+02,8.7851836711e-03,1.8010729929e-02,7.1983707047e-01,2.0378839647e-01,2.2998403954e-02,3.2861462602e-03,2.3294069252e-02,2.5159845748e+00
4.7150000000e+02,8.7707909265e-03,1.8109046743e-02,7.1760499904e-01,2.0554731800e-01,2.3029483029e-02,3.2764799864e-03,2.3661882267e-02,2.5249863074e+00
4.7200000000e+02,8.7992892403e-03,1.8121275527e-02,7.1567853751e-01,2.0691758639e-01,2.3244045878e-02,3.2863304644e-03,2.3952934993e-02,2.5333404515e+00
4.7250000000e+02,8.7223548790e-03,1.7937944909e-02,7.1256960248e-01,2.1021455019e-01,2.3194118635e-02,3.2926851637e-03,2.4068743743e-02,2.5374637293e+00
4.7300000000e+02,8.6824903170e-03,1.7935244286e-02,7.0950420156e-01,2.1281917522e-01,2.3386979490e-02,3.3126400996e-03,2.4359269020e-02,2.5461721083e+00
4.7350000000e+02,8.6886865353e-03,1.7940209736e-02,7.0696363841e-01,2.1487611721e-01,2.3654848415e-02,3.3174405540e-03,2.4559059142e-02,2.5542085785e+00
4.7400000000e+02,8.5643252694e-03,1.7791653486e-02,7.0764914925e-01,2.1454128928e-01,2.3677609823e-02,3.2997144079e-03,2.4476258478e-02,2.5497308183e+00
4.7450000000e+02,8.5493909209e-03,1.7767366536e-02,7.0671917663e-01,2.1525797770e-01,2.3759448414e-02,3.2822593890e-03,2.4664380414e-02,2.5521944217e+00
4.7500000000e+02,8.5398748200e-03,1.7667607092e-02,7.0683299985e-01,2.1483457931e-01,2.3960503538e-02,3.2905229726e-03,2.4873912411e-02,2.5528744356e+00
4.7550000000e+02,8.5550371890e-03,1.7630487423e-02,7.0439418321e-01,2.1699298167e-01,2.4183787153e-02,3.2758622056e-03,2.4967661152e-02,2.5568862486e+00
4.7600000000e+02,8.5072316641e-03,1.7492334145e-02,7.0234398293e-01,2.1934656652e-01,2.4184730811e-02,3.2627935174e-03,2.4862360411e-02,2.5578878654e+00
4.7650000000e+02,8.5438172227e-03,1.7589052298e-02,7.0026011734e-01,2.2085676580e-01,2.4355088825e-02,3.2827067165e-03,2.5112451794e-02,2.5674448040e+00
4.7700000000e+02,8.5361592041e-03,1.7512285921e-02,6.9907884004e-01,2.2178477412e-01,2.4531288518e-02,3.2913576805e-03,2.5265294516e-02,2.5712679656e+00
4.7750000000e+02,8.5479165935e-03,1.7628584282e-02,6.9652618152e-01,2.2376126814e-01,2.4772169291e-02,3.3058966922e-03,2.5457983489e-02,2.5816974532e+00
4.7800000000e+02,8.5706149311e-03,1.7688437599e-02,6.9295972566e-01,2.2676415582e-01,2.5065699986e-02,3.3134055876e-03,2.5637960415e-02,2.5925612767e+00
4.7850000000e+02,8.6294882336e-03,1.7764718906e-02,6.9054744893e-01,2.2835351144e-01,2.5349782177e-02,3.3266182472e-03,2.6028432068e-02,2.6036991810e+00
4.7900000000e+02,8.6537740040e-03,1.7878168768e-02,6.8697401756e-01,2.3118541040e-01,2.5757163356e-02,3.3180345210e-03,2.6233431393e-02,2.6156820396e+00
4.7950000000e+02,8.7243749823e-03,1.7856722435e-02,6.8352800632e-01,2.3398311583e-01,2.6081245172e-02,3.3060302021e-03,2.6520505064e-02,2.6257456982e+00
4.8000000000e+02,8.6812686406e-03,1.7848344648e-02,6.8014406352e-01,2.3683822224e-01,2.6343290937e-02,3.3246230193e-03,2.6820186994e-02,2.6360395120e+00
4.8050000000e+02,8.6805356495e-03,1.7724904872e-02,6.7937366312e-01,2.3760921943e-01,2.6461175387e-02,3.2934789241e-03,2.6857022622e-02,2.6363400126e+00
4.8100000000e+02,8.6636955511e-03,1.7706609488e-02,6.7733152427e-01,2.3958106829e-01,2.6626356753e-02,3.2973134648e-03,2.6793432181e-02,2.6399592092e+00
4.8150000000e+02,8.6666434728e-03,1.7699480065e-02,6.7645574936e-01,2.4002117852e-01,2.6935911111e-02,3.3028161780e-03,2.6918221295e-02,2.6444096362e+00
4.8200000000e+02,8.6790556768e-03,1.7889046537e-02,6.7516022862e-01,2.4051749405e-01,2.7298467048e-02,3.3108278220e-03,2.7144880252e-02,2.6528508383e+00
4.8250000000e+02,8.7627529601e-03,1.7753869279e-02,6.7272612715e-01,2.4252592617e-01,2.7522090808e-02,3.3081836677e-03,2.7401049968e-02,2.6592487751e+00
4.8300000000e+02,8.7632561906e-03,1.7648966238e-02,6.7044301526e-01,2.4464678017e-01,2.7785546380e-02,3.2970196446e-03,2.7415416124e-02,2.6634502788e+00
4.8350000000e+02,8.7067589637e-03,1.7738612569e-02,6.6838608935e-01,2.4616985527e-01,2.7944242530e-02,3.2721522347e-03,2.7782289076e-02,2.6693781153e+00
4.8400000000e+02,8.7477267446e-03,1.7718391192e-02,6.6601950264e-01,2.4807958857e-01,2.8188130725e-02,3.2739274326e-03,2.7972732696e-02,2.6765709146e+00
4.8450000000e+02,8.7178444694e-03,1.7557696141e-02,6.6313286345e-01,2.5056207041e-01,2.8550600248e-02,3.2692012025e-03,2.8209724077e-02,2.6820774658e+00
4.8500000000e+02,8.6856470925e-03,1.7408807252e-02,6.6131398063e-01,2.5232642396e-01,2.8738712014e-02,3.2524215363e-03,2.8274007521e-02,2.6826605283e+00
4.8550000000e+02,8.7797929576e-03,1.7624678083e-02,6.5774732602e-01,2.5462660824e-01,2.9132138029e-02,3.2837736644e-03,2.8805683007e-02,2.6981361119e+00
4.8600000000e+02,8.8106724126e-03,1.7597034902e-02,6.5493932170e-01,2.5690623794e-01,2.9422684049e-02,3.2866634183e-03,2.9037385579e-02,2.7051017263e+00
4.8650000000e+02,8.8286073873e-03,1.7658871173e-02,6.5002102133e-01,2.6060960429e-01,3.0054885210e-02,3.3131456366e-03,2.9513864973e-02,2.7191755917e+00
4.8700000000e+02,8.8861843310e-03,1.7880169747e-02,6.4483583392e-01,2.6447925256e-01,3.0484621430e-02,3.3478966103e-03,3.0086041401e-02,2.7391943627e+00
4.8750000000e+02,8.9016104684e-03,1.7868452166e-02,6.4421006129e-01,2.6449655513e-01,3.0795621740e-02,3.3653224150e-03,3.0362376783e-02,2.7427748724e+00
4.8800000000e+02,8.9440054231e-03,1.7796146424e-02,6.4171966012e-01,2.6618749438e-01,3.1235744102e-02,3.4128597229e-03,3.0704089831e-02,2.7521769009e+00
4.8850000000e+02,9.0193659490e-03,1.7763854478e-02,6.3979224472e-01,2.6740841603e-01,3.1511540954e-02,3.4246427914e-03,3.1079935080e-02,2.7595743368e+00
4.8900000000e+02,9.0060648968e-03,1.7714420854e-02,6.3722113680e-01,2.6951261483e-01,3.1784775486e-02,3.4345328844e-03,3.1326454251e-02,2.7643283836e+00
4.8950000000e+02,9.0701135270e-03,1.7865656024e-02,6.3467628821e-01,2.7087114360e-01,3.2336236895e-02,3.4727963027e-03,3.1707765443e-02,2.7778984817e+00
4.9000000000e+02,9.1415642194e-03,1.7920691640e-02,6.3211447652e-01,2.7261539049e-01,3.2626678161e-02,3.4860736848e-03,3.2095125289e-02,2.7876385725e+00
4.9050000000e+02,9.1137745587e-03,1.7792579614e-02,6.2917337380e-01,2.7513077493e-01,3.2863596718e-02,3.4896232640e-03,3.2436277114e-02,2.7920909481e+00
4.9100000000e+02,9.1068447864e-03,1.7865091398e-02,6.2792291862e-01,2.7615459869e-01,3.2933047381e-02,3.4993556094e-03,3.2518143516e-02,2.7963802218e+00
4.9150000000e+02,9.1976787699e-03,1.7859291881e-02,6.2426618888e-01,2.7885602488e-01,3.3429907007e-02,3.5180188137e-03,3.2872889770e-02,2.8074506881e+00
4.9200000000e+02,9.1864538141e-03,1.7839318100e-02,6.2233749994e-01,2.8008012819e-01,3.3713038105e-02,3.5019188031e-03,3.3341643045e-02,2.8119146106e+00
4.9250000000e+02,9.2078427072e-03,1.7613566601e-02,6.2179551054e-01,2.8115793291e-01,3.3601575828e-02,3.4907686933e-03,3.3132802716e-02,2.8076133466e+00
4.9300000000e+02,9.2298458559e-03,1.7613544824e-02,6.1933158679e-01,2.8312213907e-01,3.3769608015e-02,3.4919218257e-03,3.3441353615e-02,2.8136491207e+00
4.9350000000e+02,9.3092343803e-03,1.7515323962e-02,6.1741445233e-01,2.8437415904e-01,3.4111684295e-02,3.5118213745e-03,3.3763324619e-02,2.8205431246e+00
4.9400000000e+02,9.3909673236e-03,1.7585935484e-02,6.1506342549e-01,2.8579329099e-01,3.4470304512e-02,3.5617321503e-03,3.4134344049e-02,2.8299434064e+00
4.9450000000e+02,9.4671430035e-03,1.7736079140e-02,6.1141714195e-01,2.8830558947e-01,3.4951701551e-02,3.5933774166e-03,3.4528967463e-02,2.8429911974e+00
4.9500000000e+02,9.4133322264e-03,1.7643491070e-02,6.0956402816e-01,2.8957349856e-01,3.5284977098e-02,3.5906593975e-03,3.4930013484e-02,2.8476668932e+00
4.9550000000e+02,9.4454607216e-03,1.7755422579e-02,6.0543447551e-01,2.9277459443e-01,3.5687016208e-02,3.6358586149e-03,3.5267171930e-02,2.8602341751e+00
4.9600000000e+02,9.5611027011e-03,1.7746734922e-02,6.0237596029e-01,2.9450186747e-01,3.6338184242e-02,3.6889856063e-03,3.5787164765e-02,2.8733912034e+00
4.9650000000e+02,9.6390404069e-03,1.7731544432e-02,6.0005995871e-01,2.9584433374e-01,3.6848248711e-02,3.7241198167e-03,3.6152754183e-02,2.8826927527e+00
4.9700000000e+02,9.6128097146e-03,1.7576676458e-02,5.9583937181e-01,2.9961208149e-01,3.7261449062e-02,3.7345878194e-03,3.6363023652e-02,2.8871376244e+00
4.9750000000e+02,9.6191095603e-03,1.7509064182e-02,5.9268729040e-01,3.0221349135e-01,3.7548242323e-02,3.7825878273e-03,3.6640214359e-02,2.8938311308e+00
4.9800000000e+02,9.6526057632e-03,1.7401162441e-02,5.9008970880e-01,3.0450149557e-01,3.7885142976e-02,3.7976952502e-03,3.6672189205e-02,2.8997257468e+00
4.9850000000e+02,9.6451610119e-03,1.7366314531e-02,5.8607121879e-01,3.0751977420e-01,3.8403657396e-02,3.8399334235e-03,3.7153940649e-02,2.9088154286e+00
4.9900000000e+02,9.6637641353e-03,1.7465750469e-02,5.8355251254e-01,3.0937922335e-01,3.8601608428e-02,3.8762221284e-03,3.7460918949e-02,2.9162844569e+00
4.9950000000e+02,9.6799796260e-03,1.7370005120e-02,5.8008417323e-01,3.1262708140e-01,3.8704160773e-02,3.8887853654e-03,3.7645814489e-02,2.9190769915e+00
5.0000000000e+02,9.7341336964e-03,1.7488871921e-02,5.7672629241e-01,3.1510344306e-01,3.9007668455e-02,3.9161963765e-03,3.8023394083e-02,2.9273196980e+00
5.0050000000e+02,9.7177122180e-03,1.7520479288e-02,5.7193633408e-01,3.1891680217e-01,3.9575055556e-02,3.9639515312e-03,3.8369665156e-02,2.9360143149e+00
5.0100000000e+02,9.7029294248e-03,1.7455511097e-02,5.6797375154e-01,3.2216646454e-01,3.9881341396e-02,3.9802563295e-03,3.8839745672e-02,2.9410368890e+00
5.0150000000e+02,9.6873925124e-03,1.7493990610e-02,5.6308503745e-01,3.2586682668e-01,4.0529125055e-02,4.0097992770e-03,3.9327828422e-02,2.9508827997e+00
5.0200000000e+02,9.6867519090e-03,1.7340737672e-02,5.6133212573e-01,3.2702290896e-01,4.0967988698e-02,4.0409962310e-03,3.9608490804e-02,2.9528388741e+00
5.0250000000e+02,9.7244139882e-03,1.7260725932e-02,5.5929925774e-01,3.2855905300e-01,4.1454699740e-02,4.0529540262e-03,3.9648895570e-02,2.9578582617e+00
5.0300000000e+02,9.7732122469e-03,1.7307377840e-02,5.5593949888e-01,3.3121615952e-01,4.1766102318e-02,4.0986994953e-03,3.9898949696e-02,2.9657527085e+00
5.0350000000e+02,9.7871939862e-03,1.7232798224e-02,5.5174648725e-01,3.3514314225e-01,4.2070197782e-02,4.1176056323e-03,3.9902574880e-02,2.9700178728e+00
5.0400000000e+02,9.8068361962e-03,1.7155093489e-02,5.4736355725e-01,3.3888387771e-01,4.2312874322e-02,4.1333165127e-03,4.0344444522e-02,2.9751939762e+00
5.0450000000e+02,9.8268717876e-03,1.7068972189e-02,5.4510747009e-01,3.4023281259e-01,4.2808872081e-02,4.1524954805e-03,4.0802505780e-02,2.9792037364e+00
5.0500000000e+02,9.8902034613e-03,1.7032471106e-02,5.4043830410e-01,3.4404373547e-01,4.3200727561e-02,4.1874799670e-03,4.1207078340e-02,2.9863534485e+00
5.0550000000e+02,9.7978707324e-03,1.6935836337e-02,5.3814369749e-01,3.4608399708e-01,4.3500257746e-02,4.1707394092e-03,4.1367601207e-02,2.9868205561e+00
5.0600000000e+02,9.7660853193e-03,1.7098344490e-02,5.3589541455e-01,3.4695018394e-01,4.4284942188e-02,4.2146162250e-03,4.1790413290e-02,2.9949690398e+00
5.0650000000e+02,9.8248017754e-03,1.7021781015e-02,5.3454425831e-01,3.4741181209e-01,4.4660336139e-02,4.1973937722e-03,4.2339616895e-02,2.9983527462e+00
5.0700000000e+02,9.8525344477e-03,1.6924591491e-02,5.3042253030e-01,3.5051745594e-01,4.5196589755e-02,4.2414711158e-03,4.2844826946e-02,3.0054769418e+00
5.0750000000e+02,9.8678926340e-03,1.6948013261e-02,5.2611736041e-01,3.5385202849e-01,4.5850475729e-02,4.2608914296e-03,4.3103338054e-02,3.0122389691e+00
5.0800000000e+02,9.9333889859e-03,1.7034193610e-02,5.2205809533e-01,3.5669503508e-01,4.6256827529e-02,4.3010616872e-03,4.3721397778e-02,3.0184314346e+00
5.0850000000e+02,9.8853374823e-03,1.7031064618e-02,5.1939224726e-01,3.5854414392e-01,4.6582256123e-02,4.3256858834e-03,4.4239264709e-02,3.0246645139e+00
5.0900000000e+02,9.8647679678e-03,1.6993052215e-02,5.1743168118e-01,3.5991571341e-01,4.6816139072e-02,4.3323121545e-03,4.4646333993e-02,3.0256041367e+00
5.0950000000e+02,9.7914852811e-03,1.6900197926e-02,5.1440807627e-01,3.6249562799e-01,4.7068347026e-02,4.3397636369e-03,4.4996501877e-02,3.0275074743e+00
5.1000000000e+02,9.6989936471e-03,1.6779419851e-02,5.1227241419e-01,3.6426044316e-01,4.7370944897e-02,4.3239230137e-03,4.5293861242e-02,3.0252298907e+00
5.1050000000e+02,9.6552824457e-03,1.6813811452e-02,5.0708797695e-01,3.6812901751e-01,4.8043740307e-02,4.3546908390e-03,4.5915480494e-02,3.0329785420e+00
5.1100000000e+02,9.6447617512e-03,1.6764445102e-02,5.0333989559e-01,3.7137597651e-01,4.8145443328e-02,4.4062129511e-03,4.6323264767e-02,3.0372345199e+00
5.1150000000e+02,9.5898468127e-03,1.6764859759e-02,4.9874248066e-01,3.7546702317e-01,4.8538440502e-02,4.4161206863e-03,4.6481228411e-02,3.0411497988e+00
5.1200000000e+02,9.5330073410e-03,1.6700807075e-02,4.9362305993e-01,3.7905527107e-01,4.9317453890e-02,4.4574065251e-03,4.7312994169e-02,3.0480863995e+00
5.1250000000e+02,9.5191508145e-03,1.6735086065e-02,4.8779303725e-01,3.8286433122e-01,5.0435559473e-02,4.4773518090e-03,4.8175483374e-02,3.0626189430e+00
5.1300000000e+02,9.5085310952e-03,1.6663433177e-02,4.8502892707e-01,3.8450692151e-01,5.0964612712e-02,4.5276908839e-03,4.8799883551e-02,3.0700695989e+00
5.1350000000e+02,9.4542280448e-03,1.6515494165e-02,4.8202572005e-01,3.8673708121e-01,5.1257621437e-02,4.4981818019e-03,4.9511673296e-02,3.0708959341e+00
5.1400000000e+02,9.4587653547e-03,1.6543393747e-02,4.7716557040e-01,3.9088284748e-01,5.2005410933e-02,4.4893869099e-03,4.9454625177e-02,3.0751521480e+00
5.1450000000e+02,9.4223780376e-03,1.6435901768e-02,4.7316244596e-01,3.9397841904e-01,5.2200330909e-02,4.5177156044e-03,5.0282808678e-02,3.0784857801e+00
5.1500000000e+02,9.3054492696e-03,1.6373118693e-02,4.7001264224e-01,3.9648978616e-01,5.2671289360e-02,4.5182487966e-03,5.0629465486e-02,3.0794072530e+00
5.1550000000e+02,9.2709424199e-03,1.6397775725e-02,4.6771895478e-01,3.9746136709e-01,5.3472597596e-02,4.5128601568e-03,5.1165502230e-02,3.0835475000e+00
5.1600000000e+02,9.2291983093e-03,1.6447759588e-02,4.6396361375e-01,3.9996998648e-01,5.4263454214e-02,4.5349170491e-03,5.1591070604e-02,3.0886806327e+00
5.1650000000e+02,9.2460797440e-03,1.6510947064e-02,4.5999386529e-01,4.0260864337e-01,5.4853787166e-02,4.5876200279e-03,5.2199057343e-02,3.0957375832e+00
5.1700000000e+02,9.1917448752e-03,1.6317061810e-02,4.5719679919e-01,4.0509328681e-01,5.5030774949e-02,4.6004010292e-03,5.2569931342e-02,3.0925138716e+00
5.1750000000e+02,9.2073047484e-03,1.6325417598e-02,4.5243951007e-01,4.0874931318e-01,5.5611747141e-02,4.5908632627e-03,5.3075844005e-02,3.0962374635e+00
5.1800000000e+02,9.1265200034e-03,1.6242693056e-02,4.4826137745e-01,4.1220029606e-01,5.6062346414e-02,4.5837499035e-03,5.3523017117e-02,3.0951879963e+00
5.1850000000e+02,9.1021717947e-03,1.6134966075e-02,4.4592119789e-01,4.1316312172e-01,5.6991776590e-02,4.6177080799e-03,5.4069057848e-02,3.0999991167e+00
5.1900000000e+02,9.1043009292e-03,1.6104409425e-02,4.4231412569e-01,4.1487114423e-01,5.8141651019e-02,4.6616562689e-03,5.4802712434e-02,3.1082689753e+00
5.1950000000e+02,9.0101027009e-03,1.5968183152e-02,4.4102159386e-01,4.1527533332e-01,5.8713981180e-02,4.6394469276e-03,5.5371358859e-02,3.1060507797e+00
5.2000000000e+02,8.9073063605e-03,1.5839663893e-02,4.3598737511e-01,4.1897904140e-01,5.9384458642e-02,4.7067209059e-03,5.6195433687e-02,3.1102479486e+00
5.2050000000e+02,8.8036915392e-03,1.5740373374e-02,4.3301083582e-01,4.2100271986e-01,6.0012055111e-02,4.7099614622e-03,5.6720362828e-02,3.1107786485e+00
5.2100000000e+02,8.7027194491e-03,1.5697255041e-02,4.3026630510e-01,4.2317469179e-01,6.0163535956e-02,4.7176970944e-03,5.7277795567e-02,3.1076501979e+00
5.2150000000e+02,8.6713565692e-03,1.5676120842e-02,4.2824760525e-01,4.2428709170e-01,6.0829644502e-02,4.7688839954e-03,5.7519297144e-02,3.1111829316e+00
5.2200000000e+02,8.7005217369e-03,1.5694281313e-02,4.2308540410e-01,4.2764249854e-01,6.1717341257e-02,4.8174152432e-03,5.8342537806e-02,3.1191892348e+00
5.2250000000e+02,8.6664855835e-03,1.5515488969e-02,4.1832138210e-01,4.3116354744e-01,6.2319039199e-02,4.8328435574e-03,5.9181213143e-02,3.1198252414e+00
5.2300000000e+02,8.5628382501e-03,1.5430292443e-02,4.1404814917e-01,4.3420246184e-01,6.2985717051e-02,4.8589856252e-03,5.9911555621e-02,3.1219863171e+00
5.2350000000e+02,8.5373029614e-03,1.5310718475e-02,4.1259903701e-01,4.3401076066e-01,6.3653134229e-02,4.8529294391e-03,6.1036117230e-02,3.1255776402e+00
5.2400000000e+02,8.4767025202e-03,1.5344217054e-02,4.0966841473e-01,4.3531772970e-01,6.4112963215e-02,4.9070529204e-03,6.2172919863e-02,3.1306634826e+00
5.2450000000e+02,8.4522353562e-03,1.5298457405e-02,4.0600867970e-01,4.3826309979e-01,6.4508577811e-02,4.9310827610e-03,6.2537867174e-02,3.1315251342e+00
5.2500000000e+02,8.4401349628e-03,1.5222929787e-02,4.0169074007e-01,4.4048605626e-01,6.5712595516e-02,4.9694871117e-03,6.3478056295e-02,3.1369185204e+00
5.2550000000e+02,8.4462233582e-03,1.5088350259e-02,3.9871025537e-01,4.4257685860e-01,6.6199142326e-02,4.9598976940e-03,6.4019272387e-02,3.1366528591e+00
5.2600000000e+02,8.4170614673e-03,1.5084008160e-02,3.9442149319e-01,4.4426783109e-01,6.7227074375e-02,5.0532049428e-03,6.5529326778e-02,3.1439332461e+00
5.2650000000e+02,8.3460438728e-03,1.4917156103e-02,3.9291819013e-01,4.4481119808e-01,6.7699091921e-02,5.1005924694e-03,6.6207727427e-02,3.1443458293e+00
5.2700000000e+02,8.2811064378e-03,1.4714820379e-02,3.9087267569e-01,4.4628455602e-01,6.7976383480e-02,5.1107867745e-03,6.6759671221e-02,3.1403808580e+00
5.2750000000e+02,8.2649285004e-03,1.4682082869e-02,3.8921604301e-01,4.4696316960e-01,6.8628066206e-02,5.1053870008e-03,6.7140322816e-02,3.1397325785e+00
5.2800000000e+02,8.2070105034e-03,1.4528855779e-02,3.8496366083e-01,4.4974425633e-01,6.9871366545e-02,5.1016552278e-03,6.7583194776e-02,3.1410749498e+00
5.2850000000e+02,8.1065017373e-03,1.4509150175e-02,3.8100773237e-01,4.5283211252e-01,7.0418972708e-02,5.1597692684e-03,6.7965761226e-02,3.1398496801e+00
5.2900000000e+02,8.0571941180e-03,1.4270363835e-02,3.7717340076e-01,4.5518571172e-01,7.1263933625e-02,5.2374592987e-03,6.8811936638e-02,3.1422571617e+00
5.2950000000e+02,8.0435418130e-03,1.4120730811e-02,3.7436951378e-01,4.5655567608e-01,7.1973176349e-02,5.2887958784e-03,6.9648565288e-02,3.1460721377e+00
5.3000000000e+02,8.0548569369e-03,1.4056382966e-02,3.7211008411e-01,4.5684179634e-01,7.3005862334e-02,5.3545289488e-03,7.0576488362e-02,3.1525325840e+00
5.3050000000e+02,8.0553001099e-03,1.3951306569e-02,3.6991048242e-01,4.5801893156e-01,7.3934934497e-02,5.3939535169e-03,7.0735091325e-02,3.1516104618e+00
5.3100000000e+02,7.9918859629e-03,1.3838639201e-02,3.6641206239e-01,4.6014326101e-01,7.4541942034e-02,5.3987500423e-03,7.1673459366e-02,3.1505856243e+00
5.3150000000e+02,7.9651815683e-03,1.3683330115e-02,3.6468352060e-01,4.6107444382e-01,7.4785178140e-02,5.4442649829e-03,7.2364080773e-02,3.1474547726e+00
5.3200000000e+02,7.8935374368e-03,1.3554198568e-02,3.5938083937e-01,4.6559963606e-01,7.5264683554e-02,5.4745844051e-03,7.2832520611e-02,3.1451033988e+00
5.3250000000e+02,7.8363081542e-03,1.3361186287e-02,3.5708865730e-01,4.6683344743e-01,7.5738698813e-02,5.5344275001e-03,7.3607274512e-02,3.1436855330e+00
5.3300000000e+02,7.8039049002e-03,1.3247956631e-02,3.5596936874e-01,4.6730043511e-01,7.6041788979e-02,5.5915161732e-03,7.4045029471e-02,3.1426546847e+00
5.3350000000e+02,7.7456980763e-03,1.3146037292e-02,3.5213783300e-01,4.7004365829e-01,7.6686906081e-02,5.6136949931e-03,7.4626172276e-02,3.1412658822e+00
5.3400000000e+02,7.7141825395e-03,1.2982582349e-02,3.5045420188e-01,4.7091962984e-01,7.7349850611e-02,5.6870234299e-03,7.4892529349e-02,3.1401198696e+00
5.3450000000e+02,7.7169665190e-03,1.2900540183e-02,3.4687964606e-01,4.7333894899e-01,7.8161754833e-02,5.7528323486e-03,7.5249311061e-02,3.1420666704e+00
5.3500000000e+02,7.6767555124e-03,1.2713023267e-02,3.4338345618e-01,4.7627130824e-01,7.8345088929e-02,5.7983517842e-03,7.5812016089e-02,3.1367925294e+00
5.3550000000e+02,7.5874075289e-03,1.2646583351e-02,3.4068893056e-01,4.7789237501e-01,7.8894184192e-02,5.8583397166e-03,7.6432179649e-02,3.1342056166e+00
5.3600000000e+02,7.5466518639e-03,1.2494835160e-02,3.3754538931e-01,4.7993970432e-01,7.9256853466e-02,5.9498682188e-03,7.7266697657e-02,3.1349594488e+00
5.3650000000e+02,7.5435502376e-03,1.2394809338e-02,3.3434994589e-01,4.8200102309e-01,7.9966015437e-02,5.9791139112e-03,7.7765542094e-02,3.1343828772e+00
5.3700000000e+02,7.5361910317e-03,1.2358623192e-02,3.3254714779e-01,4.8262853999e-01,8.0419515521e-02,6.0317978357e-03,7.8478184639e-02,3.1321092186e+00
5.3750000000e+02,7.5317311694e-03,1.2260288875e-02,3.2977423325e-01,4.8429507166e-01,8.0942492188e-02,6.1175205561e-03,7.9078662310e-02,3.1328590552e+00
5.3800000000e+02,7.4899974567e-03,1.2110520171e-02,3.2759789516e-01,4.8582797604e-01,8.1105610512e-02,6.2095055256e-03,7.9658495129e-02,3.1286797611e+00
5.3850000000e+02,7.4320055984e-03,1.1973075427e-02,3.2662280724e-01,4.8646144023e-01,8.1197344227e-02,6.2806376212e-03,8.0032689656e-02,3.1248203890e+00
5.3900000000e+02,7.3163285694e-03,1.1721349376e-02,3.2415588973e-01,4.8850737436e-01,8.1762375288e-02,6.3279821694e-03,8.0208700510e-02,3.1173635599e+00
5.3950000000e+02,7.2311705755e-03,1.1492676470e-02,3.1959641880e-01,4.9234470275e-01,8.2283518554e-02,6.3406339217e-03,8.0710878925e-02,3.1091131154e+00
5.4000000000e+02,7.1854773656e-03,1.1342269081e-02,3.1565628844e-01,4.9614330949e-01,8.2611131732e-02,6.3666321201e-03,8.0694891772e-02,3.1010899386e+00
5.4050000000e+02,7.1585075222e-03,1.1170082798e-02,3.1400896802e-01,4.9639949001e-01,8.2931342404e-02,6.4273772651e-03,8.1904231981e-02,3.0995535116e+00
5.4100000000e+02,7.0985386356e-03,1.0987477943e-02,3.1169674760e-01,4.9770579657e-01,8.3577290452e-02,6.4623611346e-03,8.2471787664e-02,3.0958901735e+00
5.4150000000e+02,7.0277971813e-03,1.0797971882e-02,3.0930177231e-01,4.9887740334e-01,8.3881461216e-02,6.4843490259e-03,8.3629245052e-02,3.0944173500e+00
5.4200000000e+02,6.9307025868e-03,1.0663134868e-02,3.0669155605e-01,4.9981476894e-01,8.4696711250e-02,6.5494255016e-03,8.4653700809e-02,3.0954687628e+00
5.4250000000e+02,6.7933272513e-03,1.0473588099e-02,3.0512505224e-01,4.9930019971e-01,8.5630010505e-02,6.6112607119e-03,8.6066561483e-02,3.0982661722e+00
5.4300000000e+02,6.6685489761e-03,1.0227211675e-02,3.0392974170e-01,5.0040729803e-01,8.5865350688e-02,6.6174898932e-03,8.6284359042e-02,3.0891369701e+00
5.4350000000e+02,6.5459957040e-03,1.0021628477e-02,3.0339806413e-01,4.9967519565e-01,8.6336559002e-02,6.6912020291e-03,8.7331355005e-02,3.0885707579e+00
5.4400000000e+02,6.4493119113e-03,9.9153024492e-03,3.0176006206e-01,5.0120061062e-01,8.6497553036e-02,6.7652810066e-03,8.7411878925e-02,3.0841567248e+00
5.4450000000e+02,6.3644416851e-03,9.7747083120e-03,2.9891975338e-01,5.0383600593e-01,8.6955455839e-02,6.8328382902e-03,8.7316796565e-02,3.0806552676e+00
5.4500000000e+02,6.2986310672e-03,9.6353716485e-03,2.9753862527e-01,5.0411912010e-01,8.7299085691e-02,6.8668754455e-03,8.8242290777e-02,3.0783688751e+00
5.4550000000e+02,6.2018340105e-03,9.4265408331e-03,2.9656975359e-01,5.0521656881e-01,8.7216853732e-02,6.9016037683e-03,8.8466845259e-02,3.0691614905e+00
5.4600000000e+02,6.1063986833e-03,9.1920280286e-03,2.9506617317e-01,5.0672321060e-01,8.7253550346e-02,6.9198628865e-03,8.8738776287e-02,3.0591808267e+00
5.4650000000e+02,5.9945956576e-03,8.9956285438e-03,2.9233697297e-01,5.0958562239e-01,8.7056378196e-02,7.0187248639e-03,8.9012077379e-02,3.0520068043e+00
5.4700000000e+02,5.9041198853e-03,8.8584253801e-03,2.8985860682e-01,5.1177102490e-01,8.7533424470e-02,7.0346732432e-03,8.9039725301e-02,3.0461185974e+00
5.4750000000e+02,5.7719480268e-03,8.7260387281e-03,2.8782830090e-01,5.1411389475e-01,8.7546213221e-02,7.0836527744e-03,8.8929951598e-02,3.0359692434e+00
5.4800000000e+02,5.6562493984e-03,8.6157820681e-03,2.8741944030e-01,5.1345254145e-01,8.7463486616e-02,7.1686813417e-03,9.0223818822e-02,3.0370449411e+00
5.4850000000e+02,5.5933671111e-03,8.5439037895e-03,2.8564788684e-01,5.1402533164e-01,8.7467666622e-02,7.2146779493e-03,9.1507166046e-02,3.0376805554e+00
5.4900000000e+02,5.5465779775e-03,8.3981445005e-03,2.8398609506e-01,5.1437476356e-01,8.7818861413e-02,7.2918395001e-03,9.2583717989e-02,3.0354148311e+00
5.4950000000e+02,5.4519597671e-03,8.2469704238e-03,2.8287713074e-01,5.1487399387e-01,8.7709073584e-02,7.3356934997e-03,9.3505178111e-02,3.0285612511e+00
5.5000000000e+02,5.3794893787e-03,8.1286565481e-03,2.8194388137e-01,5.1536071480e-01,8.8025070402e-02,7.3967466415e-03,9.3765440855e-02,3.0222528879e+00
5.5050000000e+02,5.3034821145e-03,7.9994180783e-03,2.7961880702e-01,5.1777150266e-01,8.7931137944e-02,7.4560726700e-03,9.3919579515e-02,3.0134790065e+00
5.5100000000e+02,5.2168096366e-03,7.7800248621e-03,2.7676420838e-01,5.2169661587e-01,8.7346139073e-02,7.4493330249e-03,9.3746869150e-02,2.9980410861e+00
5.5150000000e+02,5.1215895328e-03,7.5818120279e-03,2.7391939584e-01,5.2556510251e-01,8.6524496533e-02,7.4980536596e-03,9.3789549901e-02,2.9887414377e+00
5.5200000000e+02,5.0563139638e-03,7.4728826839e-03,2.7298802537e-01,5.2581543693e-01,8.6890377024e-02,7.5636214384e-03,9.4213342588e-02,2.9864990553e+00
5.5250000000e+02,4.9527490439e-03,7.2871460918e-03,2.7231669781e-01,5.2674477504e-01,8.7040550971e-02,7.5887628600e-03,9.4069318189e-02,2.9784172024e+00
5.5300000000e+02,4.8546630079e-03,7.1170581912e-03,2.7212349376e-01,5.2668399054e-01,8.6802252911e-02,7.6186373105e-03,9.4799904271e-02,2.9731983668e+00
5.5350000000e+02,4.7980396474e-03,7.0301054021e-03,2.7033084503e-01,5.2843027013e-01,8.6735465508e-02,7.6911409514e-03,9.4984133334e-02,2.9681896623e+00
5.5400000000e+02,4.7401432013e-03,6.8737326699e-03,2.6911586805e-01,5.2956740457e-01,8.7114271936e-02,7.7352738592e-03,9.4853305717e-02,2.9634423476e+00
5.5450000000e+02,4.6665251102e-03,6.6912387628e-03,2.6806890438e-01,5.3103959829e-01,8.7010020516e-02,7.7052029617e-03,9.4818509986e-02,2.9517990977e+00
5.5500000000e+02,4.5596209079e-03,6.5322756906e-03,2.6733252585e-01,5.3179786148e-01,8.6459196170e-02,7.7388306686e-03,9.5579689239e-02,2.9454379358e+00
5.5550000000e+02,4.4738708160e-03,6.3519746802e-03,2.6563587184e-01,5.3359521361e-01,8.6768388551e-02,7.7625050157e-03,9.5412175489e-02,2.9351057571e+00
5.5600000000e+02,4.3901368023e-03,6.2190909829e-03,2.6410293280e-01,5.3488355413e-01,8.6077943000e-02,7.8106096282e-03,9.6515732650e-02,2.9298047692e+00
5.5650000000e+02,4.3116309844e-03,6.1565224700e-03,2.6457506559e-01,5.3313264622e-01,8.6615252498e-02,7.8856733681e-03,9.7323208870e-02,2.9303568239e+00
5.5700000000e+02,4.2016904411e-03,6.0162755372e-03,2.6371348614e-01,5.3436906663e-01,8.6413241801e-02,7.8958111964e-03,9.7390428261e-02,2.9206915603e+00
5.5750000000e+02,4.1346177408e-03,5.9024316040e-03,2.6225292498e-01,5.3507292000e-01,8.6530949266e-02,7.9314969415e-03,9.8174659464e-02,2.9223701035e+00
5.5800000000e+02,4.0859454655e-03,5.8256874438e-03,2.6229465761e-01,5.3493012389e-01,8.6899271543e-02,7.9563228579e-03,9.8007991184e-02,2.9194812351e+00
5.5850000000e+02,4.0252186512e-03,5.7337512781e-03,2.6157904780e-01,5.3599239383e-01,8.7222673214e-02,7.9645544135e-03,9.7482360811e-02,2.9151838982e+00
5.5900000000e+02,3.9043175853e-03,5.5708244231e-03,2.6088618382e-01,5.3707977234e-01,8.6913529425e-02,8.0434493020e-03,9.7601923109e-02,2.9090316680e+00
5.5950000000e+02,3.8043559475e-03,5.4673303031e-03,2.6153541006e-01,5.3716186244e-01,8.6582834626e-02,8.0656141958e-03,9.7382592429e-02,2.9013544539e+00
5.6000000000e+02,3.7218085191e-03,5.3552772639e-03,2.5982587929e-01,5.3850437463e-01,8.6557336695e-02,8.0718514173e-03,9.7963472186e-02,2.8957584487e+00
5.6050000000e+02,3.6425978628e-03,5.2841687163e-03,2.5908636521e-01,5.3842701571e-01,8.7090247191e-02,8.1253691746e-03,9.8344236135e-02,2.8962298372e+00
5.6100000000e+02,3.5719500478e-03,5.1606596827e-03,2.6109239943e-01,5.3633164761e-01,8.7225176171e-02,8.0699527143e-03,9.8548214336e-02,2.8925233845e+00
5.6150000000e+02,3.4989127600e-03,5.0332391709e-03,2.5982523394e-01,5.3816158502e-01,8.7503156646e-02,8.0435116289e-03,9.7934360831e-02,2.8821687737e+00
5.6200000000e+02,3.4126025846e-03,4.9058929363e-03,2.5849240988e-01,5.4006862662e-01,8.7382470063e-02,8.0565991550e-03,9.7681398765e-02,2.8744814092e+00
5.6250000000e+02,3.2987706277e-03,4.7852189897e-03,2.5814645711e-01,5.3998769678e-01,8.7599880299e-02,8.0202650839e-03,9.8161711115e-02,2.8670873903e+00
5.6300000000e+02,3.1951540272e-03,4.6937155094e-03,2.5878865565e-01,5.3926891665e-01,8.7884869695e-02,8.0005691160e-03,9.8168119353e-02,2.8640288717e+00
5.6350000000e+02,3.1231260591e-03,4.6095366962e-03,2.5981743731e-01,5.3743840613e-01,8.8903160032e-02,7.9685344690e-03,9.8139799304e-02,2.8649055245e+00
5.6400000000e+02,3.0640334114e-03,4.5232248437e-03,2.6085828808e-01,5.3537833899e-01,8.9480054474e-02,7.9512288389e-03,9.8744831359e-02,2.8667578031e+00
5.6450000000e+02,3.0054039246e-03,4.4417432491e-03,2.6165344910e-01,5.3456748705e-01,8.9787469494e-02,7.9102822444e-03,9.8634164934e-02,2.8628521250e+00
5.6500000000e+02,2.9380982868e-03,4.3323622748e-03,2.6169916053e-01,5.3447620859e-01,8.9876707217e-02,7.8670450267e-03,9.8810418075e-02,2.8609323693e+00
5.6550000000e+02,2.8894014241e-03,4.2390782493e-03,2.6033598584e-01,5.3593329095e-01,8.9602631501e-02,7.8552998019e-03,9.9144312232e-02,2.8591474467e+00
5.6600000000e+02,2.8067365677e-03,4.2101635223e-03,2.6041072343e-01,5.3594705569e-01,8.9586326454e-02,7.8502118072e-03,9.9188782530e-02,2.8573015058e+00
5.6650000000e+02,2.7358754832e-03,4.1047385985e-03,2.6089605487e-01,5.3362816683e-01,9.0907149841e-02,7.8055891462e-03,9.9922425232e-02,2.8600081150e+00
5.6700000000e+02,2.6814218677e-03,4.0562357102e-03,2.6190330315e-01,5.3113880743e-01,9.1824637020e-02,7.8158443174e-03,1.0057975050e-01,2.8611010688e+00
5.6750000000e+02,2.6295129801e-03,4.0027302420e-03,2.6402280256e-01,5.2907067488e-01,9.1700362872e-02,7.8047716722e-03,1.0076914479e-01,2.8631004227e+00
5.6800000000e+02,2.5711589373e-03,3.9498449968e-03,2.6637228961e-01,5.2557809372e-01,9.2501096755e-02,7.7919785575e-03,1.0123553742e-01,2.8636473027e+00
5.6850000000e+02,2.5028615424e-03,3.8809838026e-03,2.6845196686e-01,5.2290791383e-01,9.2427212001e-02,7.8083445100e-03,1.0202071745e-01,2.8642519576e+00
5.6900000000e+02,2.4272970431e-03,3.8374280099e-03,2.7043715012e-01,5.2222184731e-01,9.2071508852e-02,7.7945461992e-03,1.0121022247e-01,2.8575909856e+00
5.6950000000e+02,2.3749008299e-03,3.7855181699e-03,2.7131978525e-01,5.2102440301e-01,9.2912593268e-02,7.7815997218e-03,1.0080119975e-01,2.8553996373e+00
5.7000000000e+02,2.3194416012e-03,3.7243608396e-03,2.7291898367e-01,5.2040825681e-01,9.2533710376e-02,7.6949052501e-03,1.0040034146e-01,2.8457860659e+00
5.7050000000e+02,2.2538486855e-03,3.6760706622e-03,2.7501171445e-01,5.1809086367e-01,9.2893451751e-02,7.5602520559e-03,1.0051379873e-01,2.8450239589e+00
5.7100000000e+02,2.1995686447e-03,3.5569601496e-03,2.7629238909e-01,5.1668981855e-01,9.2592400376e-02,7.5594670225e-03,1.0110939617e-01,2.8416546817e+00
5.7150000000e+02,2.1615766982e-03,3.5277446767e-03,2.7662319072e-01,5.1570587514e-01,9.2955080959e-02,7.5631416904e-03,1.0146339012e-01,2.8433120356e+00
5.7200000000e+02,2.1104295098e-03,3.4981118171e-03,2.7869928892e-01,5.1416404621e-01,9.2904420005e-02,7.5683795481e-03,1.0105532399e-01,2.8410244520e+00
5.7250000000e+02,2.0494752737e-03,3.4665846234e-03,2.7980003254e-01,5.1287002653e-01,9.2804060965e-02,7.6131472321e-03,1.0139667283e-01,2.8413833321e+00
5.7300000000e+02,2.0105509406e-03,3.4212706286e-03,2.7983361915e-01,5.1305225357e-01,9.2939891442e-02,7.5687523636e-03,1.0117366191e-01,2.8373539096e+00
5.7350000000e+02,1.9635210137e-03,3.4111423212e-03,2.8012033951e-01,5.1276479645e-01,9.2829601306e-02,7.5252950820e-03,1.0138530431e-01,2.8323075557e+00
5.7400000000e+02,1.9204643831e-03,3.3926947482e-03,2.8069589260e-01,5.1199351440e-01,9.3025717578e-02,7.5261135922e-03,1.0144560270e-01,2.8285377895e+00
5.7450000000e+02,1.8835283614e-03,3.3463191012e-03,2.8229716180e-01,5.1015063819e-01,9.3151710067e-02,7.4856830242e-03,1.0168495945e-01,2.8294851529e+00
5.7500000000e+02,1.8331532313e-03,3.3491029332e-03,2.8410625519e-01,5.0884687492e-01,9.2985075159e-02,7.4799915025e-03,1.0139954707e-01,2.8256012898e+00
5.7550000000e+02,1.7982478446e-03,3.3295344871e-03,2.8648851459e-01,5.0568999635e-01,9.3747063600e-02,7.5043157216e-03,1.0144232740e-01,2.8289635794e+00
5.7600000000e+02,1.7635935834e-03,3.2524335971e-03,2.8863140124e-01,5.0358776331e-01,9.4073978295e-02,7.4963983746e-03,1.0119443160e-01,2.8273867658e+00
5.7650000000e+02,1.7224621113e-03,3.2063260454e-03,2.9107733740e-01,5.0189151771e-01,9.3824765026e-02,7.3747823762e-03,1.0090280933e-01,2.8242301134e+00
5.7700000000e+02,1.6799880284e-03,3.1749369673e-03,2.9163622914e-01,5.0096964470e-01,9.3581135134e-02,7.3572116116e-03,1.0160085441e-01,2.8259138132e+00
5.7750000000e+02,1.6322497492e-03,3.1294965099e-03,2.9273933417e-01,5.0023159509e-01,9.2973497468e-02,7.2556725023e-03,1.0203815451e-01,2.8246514998e+00
5.7800000000e+02,1.6064539516e-03,3.0765091801e-03,2.9459941461e-01,4.9857774100e-01,9.2868419858e-02,7.1953889094e-03,1.0207607250e-01,2.8219399185e+00
5.7850000000e+02,1.5759570643e-03,3.0667021647e-03,2.9579101082e-01,4.9836913837e-01,9.2624314231e-02,7.1588638751e-03,1.0141401347e-01,2.8185268703e+00
5.7900000000e+02,1.5492745530e-03,3.0369192761e-03,2.9810134997e-01,4.9582979663e-01,9.2562654792e-02,7.1282364043e-03,1.0179176837e-01,2.8209266398e+00
5.7950000000e+02,1.5061943814e-03,3.0111650637e-03,2.9897500960e-01,4.9448162157e-01,9.2627588240e-02,7.0922947628e-03,1.0230612638e-01,2.8206705791e+00
5.8000000000e+02,1.4745693717e-03,2.9897445609e-03,3.0203662201e-01,4.9151973961e-01,9.2797078621e-02,7.1007779732e-03,1.0208146786e-01,2.8197172687e+00
5.8050000000e+02,1.4355582103e-03,2.9918403506e-03,3.0397908349e-01,4.8979104552e-01,9.3016101264e-02,7.0702418473e-03,1.0171612932e-01,2.8200499110e+00
5.8100000000e+02,1.4091678004e-03,2.9804614992e-03,3.0571293238e-01,4.8749753970e-01,9.3466572474e-02,7.0299046667e-03,1.0190342148e-01,2.8218953678e+00
5.8150000000e+02,1.3917670877e-03,3.0164808640e-03,3.0845973920e-01,4.8494048334e-01,9.3902490234e-02,7.0409325375e-03,1.0124810673e-01,2.8238657436e+00
5.8200000000e+02,1.3638853969e-03,3.0138296734e-03,3.0997445999e-01,4.8406256102e-01,9.3682440267e-02,6.9914308847e-03,1.0091139277e-01,2.8211699225e+00
5.8250000000e+02,1.3401280381e-03,3.0133422406e-03,3.1338411414e-01,4.8086678844e-01,9.3440816399e-02,6.9872917994e-03,1.0096751894e-01,2.8223845347e+00
5.8300000000e+02,1.3156902649e-03,3.0317275348e-03,3.1534480909e-01,4.7898289014e-01,9.3530754486e-02,7.0056581280e-03,1.0078847036e-01,2.8238761664e+00
5.8350000000e+02,1.2921522264e-03,3.0240086257e-03,3.1867027210e-01,4.7591840250e-01,9.3254905206e-02,6.9694037663e-03,1.0087085557e-01,2.8273537839e+00
5.8400000000e+02,1.2698324040e-03,3.0281276831e-03,3.1885041845e-01,4.7551475033e-01,9.3381579924e-02,6.9515392897e-03,1.0100375192e-01,2.8315067874e+00
5.8450000000e+02,1.2474765221e-03,3.0214711741e-03,3.1940159969e-01,4.7571742277e-01,9.2791618519e-02,6.8767850099e-03,1.0094362632e-01,2.8316273576e+00
5.8500000000e+02,1.2295096896e-03,3.0322440005e-03,3.2306166492e-01,4.7193086442e-01,9.2732824357e-02,6.8661490004e-03,1.0114674361e-01,2.8340045654e+00
5.8550000000e+02,1.2058025343e-03,3.0115430597e-03,3.2590210428e-01,4.7010060677e-01,9.1987283109e-02,6.8319551055e-03,1.0096070514e-01,2.8305493710e+00
5.8600000000e+02,1.1879157042e-03,3.0147286167e-03,3.2802655656e-01,4.6818318988e-01,9.1336801488e-02,6.8232314501e-03,1.0142757630e-01,2.8352414122e+00
5.8650000000e+02,1.1605223054e-03,3.0233938432e-03,3.3075641033e-01,4.6701508288e-01,9.0370592385e-02,6.7550947032e-03,1.0091890355e-01,2.8320363778e+00
5.8700000000e+02,1.1504022830e-03,3.0210071600e-03,3.3276305189e-01,4.6554193708e-01,9.0213401144e-02,6.7582184522e-03,1.0055198200e-01,2.8353768980e+00
5.8750000000e+02,1.1341998420e-03,3.0251203430e-03,3.3569664910e-01,4.6270518258e-01,9.0033412353e-02,6.7390584183e-03,1.0066637736e-01,2.8379230396e+00
5.8800000000e+02,1.1405598045e-03,3.0415552500e-03,3.3786876555e-01,4.5931955909e-01,9.0557438609e-02,6.7685673213e-03,1.0130355438e-01,2.8459447820e+00
5.8850000000e+02,1.1343852186e-03,3.0305227294e-03,3.3977062203e-01,4.5802004781e-01,8.9790869385e-02,6.7942079231e-03,1.0145934490e-01,2.8474294419e+00
5.8900000000e+02,1.1307063214e-03,3.0461803784e-03,3.4299087776e-01,4.5589946151e-01,8.9256956200e-02,6.7564037679e-03,1.0091941406e-01,2.8463244602e+00
5.8950000000e+02,1.1334314837e-03,3.0967726771e-03,3.4554023805e-01,4.5361616663e-01,8.8834205161e-02,6.7750323893e-03,1.0100415361e-01,2.8472462195e+00
5.9000000000e+02,1.1336092064e-03,3.1094349548e-03,3.4881837961e-01,4.5055475801e-01,8.8853152026e-02,6.8177257064e-03,1.0071294048e-01,2.8511770462e+00
5.9050000000e+02,1.1295658698e-03,3.1121420176e-03,3.5030583078e-01,4.4945974625e-01,8.8375551482e-02,6.8824946107e-03,1.0073466899e-01,2.8530746192e+00
5.9100000000e+02,1.1346104710e-03,3.1262316614e-03,3.5107392598e-01,4.4876455262e-01,8.8276838062e-02,6.8843247444e-03,1.0073951646e-01,2.8595090692e+00
5.9150000000e+02,1.1417767016e-03,3.1758361271e-03,3.5187425109e-01,4.4848555501e-01,8.8224808686e-02,6.8266467033e-03,1.0027112568e-01,2.8637958072e+00
5.9200000000e+02,1.1383180774e-03,3.1936731138e-03,3.5302859105e-01,4.4791138136e-01,8.8312286182e-02,6.8496979250e-03,9.9566052295e-02,2.8673264450e+00
5.9250000000e+02,1.1276121758e-03,3.2228834339e-03,3.5626825016e-01,4.4516681041e-01,8.8114324110e-02,6.9061013403e-03,9.9194018367e-02,2.8733410812e+00
5.9300000000e+02,1.1285679471e-03,3.2501718352e-03,3.5915082078e-01,4.4283809550e-01,8.7400122627e-02,6.9227820451e-03,9.9309439270e-02,2.8771568951e+00
5.9350000000e+02,1.1265772090e-03,3.2932409154e-03,3.6248704240e-01,4.3897359557e-01,8.7645927882e-02,6.8925743988e-03,9.9581041629e-02,2.8825102242e+00
5.9400000000e+02,1.1328221619e-03,3.3069077167e-03,3.6487502285e-01,4.3716624241e-01,8.7340620205e-02,6.8465174609e-03,9.9331867197e-02,2.8833147528e+00
5.9450000000e+02,1.1457986286e-03,3.3392610126e-03,3.6845837680e-01,4.3435745040e-01,8.6751316330e-02,6.8209810321e-03,9.9126815790e-02,2.8872521788e+00
5.9500000000e+02,1.1565197465e-03,3.3657429073e-03,3.7004530727e-01,4.3319021745e-01,8.6586618305e-02,6.8506366219e-03,9.8804957696e-02,2.8923461560e+00
5.9550000000e+02,1.1548299171e-03,3.3867063498e-03,3.7435200453e-01,4.3072323086e-01,8.5951073059e-02,6.8236066424e-03,9.7608548639e-02,2.8902724603e+00
5.9600000000e+02,1.1721509182e-03,3.3972120921e-03,3.7863444920e-01,4.2742396674e-01,8.5441903991e-02,6.8172564908e-03,9.7113060563e-02,2.8898519627e+00
5.9650000000e+02,1.1907081807e-03,3.4653442205e-03,3.8148976518e-01,4.2428348519e-01,8.5561363451e-02,6.8926934343e-03,9.7116640344e-02,2.8988973952e+00
5.9700000000e+02,1.2066933776e-03,3.4824155665e-03,3.8447063716e-01,4.2238515178e-01,8.4915073094e-02,6.8902191369e-03,9.6649809892e-02,2.9002414170e+00
5.9750000000e+02,1.2290221154e-03,3.4842905610e-03,3.8599034649e-01,4.2085288561e-01,8.4794580591e-02,6.8601267650e-03,9.6788747874e-02,2.9032108572e+00
5.9800000000e+02,1.2503517781e-03,3.5104793996e-03,3.8849363246e-01,4.1918609817e-01,8.4002783011e-02,6.8362482891e-03,9.6720406890e-02,2.9024995411e+00
5.9850000000e+02,1.2653587549e-03,3.5431772262e-03,3.9323997330e-01,4.1601433820e-01,8.3296623663e-02,6.8230396104e-03,9.5817489253e-02,2.9034383618e+00
5.9900000000e+02,1.2757288856e-03,3.5983745063e-03,3.9635175370e-01,4.1351940886e-01,8.2830263919e-02,6.8741558792e-03,9.5550314252e-02,2.9036943881e+00
5.9950000000e+02,1.2771804358e-03,3.6494905792e-03,4.0105890863e-01,4.0974339834e-01,8.2409248125e-02,6.8594219502e-03,9.5002351938e-02,2.9039548000e+00
6.0000000000e+02,1.2880010185e-03,3.6537978082e-03,4.0694804628e-01,4.0473584849e-01,8.1595347826e-02,6.8154364236e-03,9.4963522156e-02,2.9038592346e+00
6.0050000000e+02,1.3141515315e-03,3.7134173406e-03,4.0997536741e-01,4.0245735420e-01,8.1350421680e-02,6.8493866132e-03,9.4339901224e-02,2.9057053478e+00
6.0100000000e+02,1.3486001928e-03,3.7586174590e-03,4.1497955526e-01,3.9780673251e-01,8.1351279047e-02,6.9118727586e-03,9.3843342772e-02,2.9073097161e+00
6.0150000000e+02,1.3737123673e-03,3.7797372057e-03,4.2007542306e-01,3.9395221514e-01,8.0767073475e-02,6.9475053896e-03,9.3104333362e-02,2.9044956919e+00
6.0200000000e+02,1.3923317911e-03,3.8110710585e-03,4.2406736822e-01,3.9102033954e-01,8.0369327107e-02,6.9324040679e-03,9.2407158220e-02,2.9069261454e+00
6.0250000000e+02,1.4212433537e-03,3.8522800952e-03,4.2795082489e-01,3.8862494266e-01,7.9840886986e-02,6.9915392022e-03,9.1318282809e-02,2.9071191662e+00
6.0300000000e+02,1.4583612373e-03,3.8887804335e-03,4.3231715007e-01,3.8549351818e-01,7.9555911317e-02,7.0336305978e-03,9.0252648161e-02,2.9067796767e+00
6.0350000000e+02,1.4900683863e-03,3.9412231897e-03,4.3533315248e-01,3.8235010273e-01,7.9343941426e-02,7.1147875221e-03,9.0426724266e-02,2.9102041145e+00
6.0400000000e+02,1.5307229436e-03,4.0147465220e-03,4.3892680036e-01,3.7978878702e-01,7.8756583165e-02,7.1111851472e-03,8.9871174840e-02,2.9100111025e+00
6.0450000000e+02,1.5676409312e-03,4.0893052262e-03,4.4418975821e-01,3.7432983954e-01,7.8841599809e-02,7.1919214202e-03,8.9789934865e-02,2.9147830182e+00
6.0500000000e+02,1.5917890108e-03,4.1546623830e-03,4.4673953317e-01,3.7315521841e-01,7.8174125408e-02,7.2092257340e-03,8.8975445879e-02,2.9143054503e+00
6.0550000000e+02,1.6102523245e-03,4.1973155979e-03,4.4976390282e-01,3.7062303256e-01,7.7767219583e-02,7.2563265057e-03,8.8781950613e-02,2.9177644523e+00
6.0600000000e+02,1.6284031435e-03,4.2950089844e-03,4.5330834241e-01,3.6753288166e-01,7.7427879899e-02,7.2561907304e-03,8.8551293169e-02,2.9179086652e+00
6.0650000000e+02,1.6655025652e-03,4.3451966186e-03,4.5921589473e-01,3.6240634389e-01,7.6974676452e-02,7.2282217092e-03,8.8164164038e-02,2.9167377589e+00
6.0700000000e+02,1.7028013668e-03,4.4149573310e-03,4.6214354164e-01,3.6079325800e-01,7.6277713496e-02,7.2100474324e-03,8.7457680731e-02,2.9147322086e+00
6.0750000000e+02,1.7494286295e-03,4.4724295587e-03,4.6581076605e-01,3.5829374816e-01,7.5627324445e-02,7.2589607899e-03,8.6787342373e-02,2.9179238551e+00
6.0800000000e+02,1.7979119635e-03,4.5506759381e-03,4.6780828396e-01,3.5612876039e-01,7.5898469242e-02,7.3001102014e-03,8.6515788300e-02,2.9229781511e+00
6.0850000000e+02,1.8458484126e-03,4.6156603739e-03,4.7155187303e-01,3.5280696052e-01,7.5766481964e-02,7.3022850399e-03,8.6110890664e-02,2.9266857350e+00
6.0900000000e+02,1.8615460449e-03,4.6664716952e-03,4.7689895641e-01,3.4905292744e-01,7.5217563279e-02,7.2655903723e-03,8.5036944761e-02,2.9221557072e+00
6.0950000000e+02,1.9169084704e-03,4.7458537694e-03,4.8169270385e-01,3.4480007420e-01,7.4719986533e-02,7.3293279028e-03,8.4795145271e-02,2.9237140903e+00
6.1000000000e+02,1.9628758004e-03,4.8508994403e-03,4.8669006787e-01,3.4101386598e-01,7.3505373228e-02,7.3823685168e-03,8.4594549171e-02,2.9209155490e+00
6.1050000000e+02,2.0179046122e-03,4.9373021285e-03,4.9021219956e-01,3.3858979037e-01,7.2881537820e-02,7.4659635542e-03,8.3895301960e-02,2.9215351047e+00
6.1100000000e+02,2.0370108020e-03,4.9896247487e-03,4.9424224087e-01,3.3512983260e-01,7.2863250362e-02,7.4530177381e-03,8.3285022885e-02,2.9200226130e+00
6.1150000000e+02,2.0654897060e-03,5.0383448700e-03,4.9926861162e-01,3.3174972840e-01,7.2172468927e-02,7.4532744767e-03,8.2252082001e-02,2.9131505773e+00
6.1200000000e+02,2.1245962564e-03,5.1437901035e-03,5.0379188543e-01,3.2784238299e-01,7.1542969193e-02,7.4749222759e-03,8.2079453755e-02,2.9113056595e+00
6.1250000000e+02,2.1635538934e-03,5.2349377771e-03,5.0711107555e-01,3.2606645559e-01,7.0397978318e-02,7.4743622659e-03,8.1551636605e-02,2.9041619235e+00
6.1300000000e+02,2.2049261061e-03,5.2873630883e-03,5.1032286879e-01,3.2501860925e-01,6.9015238338e-02,7.4773549983e-03,8.0673639429e-02,2.8972993775e+00
6.1350000000e+02,2.2276768152e-03,5.3878225945e-03,5.1398095348e-01,3.2293817437e-01,6.8000095063e-02,7.5455881756e-03,7.9919689506e-02,2.8922146338e+00
6.1400000000e+02,2.2707790474e-03,5.5148108672e-03,5.1823899494e-01,3.1972620095e-01,6.7246568443e-02,7.5295797750e-03,7.9473065973e-02,2.8869645114e+00
6.1450000000e+02,2.3166278426e-03,5.5739660415e-03,5.2295504030e-01,3.1612246953e-01,6.6658437273e-02,7.5533602464e-03,7.8820098765e-02,2.8815631338e+00
6.1500000000e+02,2.3606372161e-03,5.6680408392e-03,5.2724704560e-01,3.1281019168e-01,6.6429157274e-02,7.5524158893e-03,7.7932511500e-02,2.8780085196e+00
6.1550000000e+02,2.3885266132e-03,5.7589637197e-03,5.3322016761e-01,3.0847516989e-01,6.5404217167e-02,7.5517886477e-03,7.7201166343e-02,2.8693003991e+00
6.1600000000e+02,2.4320958550e-03,5.8506629198e-03,5.3749313591e-01,3.0563824522e-01,6.4565842959e-02,7.5252226524e-03,7.6494794486e-02,2.8656514527e+00
6.1650000000e+02,2.4740157248e-03,5.9120454408e-03,5.4281609890e-01,3.0184967392e-01,6.3609578298e-02,7.4689997852e-03,7.5869587934e-02,2.8572152897e+00
6.1700000000e+02,2.5377900109e-03,5.9529050569e-03,5.4816081831e-01,2.9822246288e-01,6.2878555656e-02,7.3964168188e-03,7.4851051266e-02,2.8487567897e+00
6.1750000000e+02,2.5687148151e-03,6.0979205308e-03,5.5281777130e-01,2.9453250908e-01,6.2047199254e-02,7.4016656452e-03,7.4534219381e-02,2.8462211716e+00
6.1800000000e+02,2.6086553983e-03,6.2024253101e-03,5.5631176349e-01,2.9194956080e-01,6.1467448301e-02,7.4071544479e-03,7.4052992255e-02,2.8428795922e+00
6.1850000000e+02,2.6505637260e-03,6.2700714243e-03,5.6065389532e-01,2.8895464611e-01,6.0591299861e-02,7.3805584130e-03,7.3498965144e-02,2.8336341978e+00
6.1900000000e+02,2.6887392554e-03,6.4151026431e-03,5.6536014272e-01,2.8520151713e-01,5.9874187149e-02,7.4146189594e-03,7.3045692142e-02,2.8275233784e+00
6.1950000000e+02,2.6994092516e-03,6.5128838663e-03,5.6991660620e-01,2.8234861651e-01,5.8979368127e-02,7.4167507498e-03,7.2126365298e-02,2.8199878767e+00
6.2000000000e+02,2.7536443074e-03,6.5906769215e-03,5.7552695221e-01,2.7853342344e-01,5.7950648773e-02,7.4362339060e-03,7.1208420444e-02,2.8081430982e+00
6.2050000000e+02,2.7925601721e-03,6.6322550590e-03,5.7950049103e-01,2.7614954748e-01,5.7020645916e-02,7.4006200150e-03,7.0503880328e-02,2.7961837688e+00
6.2100000000e+02,2.8137019035e-03,6.6495037414e-03,5.8697958313e-01,2.7095741415e-01,5.5898031447e-02,7.3572541350e-03,6.9344511495e-02,2.7762766758e+00
6.2150000000e+02,2.8649496584e-03,6.7713441060e-03,5.9259310217e-01,2.6656063271e-01,5.5509778117e-02,7.3478897059e-03,6.8352303533e-02,2.7676455610e+00
6.2200000000e+02,2.8960693620e-03,6.8684815471e-03,5.9834244530e-01,2.6209447461e-01,5.4892824200e-02,7.4345486174e-03,6.7471156366e-02,2.7573100959e+00
6.2250000000e+02,2.9161289578e-03,6.9400350642e-03,6.0399667017e-01,2.5815380363e-01,5.3619040474e-02,7.3670517621e-03,6.7007269940e-02,2.7445306226e+00
6.2300000000e+02,2.9723312551e-03,7.0148420378e-03,6.0880831374e-01,2.5525251360e-01,5.2965237361e-02,7.2546471000e-03,6.5732114909e-02,2.7302950598e+00
6.2350000000e+02,3.0047096150e-03,7.0373959401e-03,6.1385901257e-01,2.5178851067e-01,5.2298832682e-02,7.2093088415e-03,6.4802229682e-02,2.7163826601e+00
6.2400000000e+02,3.0560678317e-03,7.1436361269e-03,6.1941824421e-01,2.4734542383e-01,5.1430637449e-02,7.2034312985e-03,6.4402559258e-02,2.7053628799e+00
6.2450000000e+02,3.0731449279e-03,7.2221018335e-03,6.2505086581e-01,2.4381510335e-01,5.0341893375e-02,7.1539715825e-03,6.3342919126e-02,2.6895173109e+00
6.2500000000e+02,3.1402501603e-03,7.3100943300e-03,6.2921849995e-01,2.4081735995e-01,4.9659759761e-02,7.1495260901e-03,6.2704509761e-02,2.6797677867e+00
6.2550000000e+02,3.1611839155e-03,7.4807325100e-03,6.3382444607e-01,2.3693661037e-01,4.9130451413e-02,7.1713293534e-03,6.2295246371e-02,2.6714926499e+00
6.2600000000e+02,3.2211447421e-03,7.6368075128e-03,6.3811313433e-01,2.3371485736e-01,4.8602184198e-02,7.1761977520e-03,6.1535674109e-02,2.6621577713e+00
6.2650000000e+02,3.2640045570e-03,7.7170870802e-03,6.4400343464e-01,2.2956813593e-01,4.7560901761e-02,7.1833298757e-03,6.0703106162e-02,2.6444557340e+00
6.2700000000e+02,3.3208494514e-03,7.8564562279e-03,6.4944194354e-01,2.2525117720e-01,4.6688869190e-02,7.2124114419e-03,6.0228292950e-02,2.6313650925e+00
6.2750000000e+02,3.3330172105e-03,7.9586802850e-03,6.5423691102e-01,2.2248854593e-01,4.5607042585e-02,7.1899614610e-03,5.9185841510e-02,2.6148096265e+00
6.2800000000e+02,3.3745487162e-03,8.0266659948e-03,6.5853218622e-01,2.1907320390e-01,4.4957321546e-02,7.1418069014e-03,5.8894266715e-02,2.6051332123e+00
6.2850000000e+02,3.4108790464e-03,8.0887325130e-03,6.6332690506e-01,2.1587517603e-01,4.4065311468e-02,7.0987461428e-03,5.8134249736e-02,2.5896840005e+00
6.2900000000e+02,3.4397314951e-03,8.1602523462e-03,6.6918014539e-01,2.1130913296e-01,4.3525930788e-02,7.0303621719e-03,5.7354444856e-02,2.5730694291e+00
6.2950000000e+02,3.4788259463e-03,8.3173032252e-03,6.7371343870e-01,2.0822188314e-01,4.2741200907e-02,7.0333635371e-03,5.6493984550e-02,2.5574490357e+00
6.3000000000e+02,3.5216276518e-03,8.3635230577e-03,6.7949523991e-01,2.0435066625e-01,4.1724353890e-02,6.9746477146e-03,5.5569941526e-02,2.5356438013e+00
6.3050000000e+02,3.5430331504e-03,8.4473799465e-03,6.8467949640e-01,2.0079697841e-01,4.0714195270e-02,6.9771371822e-03,5.4841779639e-02,2.5159048460e+00
6.3100000000e+02,3.5882293026e-03,8.5507251801e-03,6.9027457198e-01,1.9639792438e-01,3.9883895942e-02,6.9095137982e-03,5.4395139423e-02,2.5001893536e+00
6.3150000000e+02,3.6529505685e-03,8.7306253785e-03,6.9466835147e-01,1.9290425103e-01,3.9229714702e-02,6.8869534499e-03,5.3927153399e-02,2.4897299617e+00
6.3200000000e+02,3.6970355994e-03,8.9418454556e-03,6.9833980212e-01,1.9034422209e-01,3.8474039229e-02,6.8964688797e-03,5.3306586626e-02,2.4770303788e+00
6.3250000000e+02,3.7323995786e-03,9.0170889947e-03,7.0302204025e-01,1.8732238437e-01,3.7570622051e-02,6.8063611801e-03,5.2529103569e-02,2.4570454915e+00
6.3300000000e+02,3.7704987358e-03,9.1480458991e-03,7.0723092467e-01,1.8511135972e-01,3.6635938795e-02,6.7797318566e-03,5.1323500322e-02,2.4360335973e+00
6.3350000000e+02,3.8221544998e-03,9.2510340746e-03,7.1188455930e-01,1.8169565774e-01,3.5939714939e-02,6.7636594392e-03,5.0643220012e-02,2.4178770406e+00
6.3400000000e+02,3.8791569918e-03,9.3576233416e-03,7.1576094151e-01,1.7916488378e-01,3.5174169640e-02,6.7442912171e-03,4.9918933525e-02,2.4047626854e+00
6.3450000000e+02,3.9669879788e-03,9.5208324962e-03,7.2037932322e-01,1.7631558819e-01,3.4556191542e-02,6.7075352493e-03,4.8553541316e-02,2.3896095913e+00
6.3500000000e+02,4.0533368681e-03,9.6082184918e-03,7.2469440972e-01,1.7355205073e-01,3.3713238169e-02,6.6699394728e-03,4.7708806543e-02,2.3735064069e+00
6.3550000000e+02,4.1025707859e-03,9.6505424901e-03,7.2951905755e-01,1.7054836267e-01,3.2785423871e-02,6.6182644939e-03,4.6775778139e-02,2.3522574639e+00
6.3600000000e+02,4.1569977658e-03,9.8324169996e-03,7.3388115676e-01,1.6698790288e-01,3.1965956693e-02,6.6348835582e-03,4.6540685339e-02,2.3373004327e+00
6.3650000000e+02,4.2234444278e-03,9.8721124360e-03,7.3693671053e-01,1.6507412247e-01,3.1358188874e-02,6.5717201918e-03,4.5963701073e-02,2.3203613493e+00
6.3700000000e+02,4.2642874306e-03,1.0012352067e-02,7.4011901359e-01,1.6255797502e-01,3.0972569923e-02,6.5126004879e-03,4.5561201483e-02,2.3055615972e+00
6.3750000000e+02,4.2783095853e-03,1.0101566395e-02,7.4467801773e-01,1.5918911183e-01,3.0502993752e-02,6.4413641807e-03,4.4808636530e-02,2.2888952766e+00
6.3800000000e+02,4.2993565923e-03,1.0116555299e-02,7.4929924298e-01,1.5632862559e-01,2.9668965932e-02,6.3698702431e-03,4.3917383358e-02,2.2679877668e+00
6.3850000000e+02,4.3239140712e-03,1.0287462614e-02,7.5355678467e-01,1.5334997666e-01,2.8923717490e-02,6.2995824142e-03,4.3258562076e-02,2.2499709964e+00
6.3900000000e+02,4.3992121425e-03,1.0358493444e-02,7.5702734205e-01,1.5077833831e-01,2.8305442399e-02,6.2599110666e-03,4.2871260595e-02,2.2349376215e+00
6.3950000000e+02,4.4366638885e-03,1.0502255120e-02,7.6079400900e-01,1.4853785525e-01,2.7658503120e-02,6.1486335119e-03,4.1922080113e-02,2.2173389866e+00
6.4000000000e+02,4.5075637628e-03,1.0627724318e-02,7.6453101513e-01,1.4640083760e-01,2.6850095406e-02,6.0894646352e-03,4.0993299143e-02,2.1996585591e+00
6.4050000000e+02,4.5744837699e-03,1.0746385066e-02,7.6884205426e-01,1.4363713274e-01,2.6150638551e-02,6.0002999789e-03,4.0049005638e-02,2.1804217883e+00
6.4100000000e+02,4.6308786494e-03,1.0923839803e-02,7.7238782551e-01,1.4125026640e-01,2.5518039521e-02,5.9658747339e-03,3.9323275388e-02,2.1613250721e+00
6.4150000000e+02,4.6554657374e-03,1.1088678024e-02,7.7608501156e-01,1.3871601395e-01,2.4781930169e-02,5.8866937874e-03,3.8786206777e-02,2.1424763578e+00
6.4200000000e+02,4.6727328527e-03,1.1108240533e-02,7.7944923541e-01,1.3671405795e-01,2.4179352719e-02,5.8366222564e-03,3.8039758275e-02,2.1248493234e+00
6.4250000000e+02,4.7281209082e-03,1.1268472244e-02,7.8245522767e-01,1.3475344653e-01,2.3805201619e-02,5.8196263436e-03,3.7169904683e-02,2.1096125158e+00
6.4300000000e+02,4.7507492950e-03,1.1351088821e-02,7.8598356113e-01,1.3243653476e-01,2.3309503606e-02,5.7195056340e-03,3.6449056757e-02,2.0916444860e+00
6.4350000000e+02,4.7599853321e-03,1.1417678366e-02,7.9045823128e-01,1.2971338971e-01,2.2660282159e-02,5.6488275475e-03,3.5341605603e-02,2.0664577637e+00
6.4400000000e+02,4.7858753118e-03,1.1609969451e-02,7.9389000630e-01,1.2790474785e-01,2.2021039612e-02,5.5581952870e-03,3.4230166181e-02,2.0470536866e+00
6.4450000000e+02,4.8320653087e-03,1.1659177170e-02,7.9750666413e-01,1.2587821500e-01,2.1360778036e-02,5.4514129490e-03,3.3311687402e-02,2.0254194101e+00
6.4500000000e+02,4.8285171649e-03,1.1717458084e-02,8.0187385366e-01,1.2286928194e-01,2.0864103646e-02,5.4133569845e-03,3.2433428522e-02,2.0047083967e+00
6.4550000000e+02,4.8579091080e-03,1.1781673683e-02,8.0591742185e-01,1.2034588920e-01,2.0395845635e-02,5.3641635590e-03,3.1337096964e-02,1.9837347909e+00
6.4600000000e+02,4.8344312680e-03,1.1877041704e-02,8.0969769471e-01,1.1764966032e-01,1.9978332872e-02,5.3134924170e-03,3.0649346709e-02,1.9617641901e+00
6.4650000000e+02,4.8873811001e-03,1.1914913847e-02,8.1264651635e-01,1.1583975341e-01,1.9505246674e-02,5.2523858168e-03,2.9953802802e-02,1.9418065393e+00
6.4700000000e+02,4.9512212358e-03,1.2106362646e-02,8.1576076780e-01,1.1347650432e-01,1.9060979178e-02,5.2135751440e-03,2.9430589682e-02,1.9259329878e+00
6.4750000000e+02,4.9693180305e-03,1.2227494442e-02,8.1878570359e-01,1.1168054683e-01,1.8424840615e-02,5.1225343709e-03,2.8789562126e-02,1.9075762861e+00
6.4800000000e+02,4.9698246981e-03,1.2241851150e-02,8.2274909643e-01,1.0919798837e-01,1.7835475858e-02,5.0269991356e-03,2.7978764365e-02,1.8846086369e+00
6.4850000000e+02,5.0043570280e-03,1.2233888129e-02,8.2564580678e-01,1.0736903889e-01,1.7337838574e-02,4.9492398569e-03,2.7459830740e-02,1.8656157753e+00
6.4900000000e+02,5.0600749823e-03,1.2245972345e-02,8.2929277903e-01,1.0535934390e-01,1.6711088414e-02,4.8501290631e-03,2.6480612267e-02,1.8436223750e+00
6.4950000000e+02,5.0925240108e-03,1.2325545489e-02,8.3268127890e-01,1.0322188442e-01,1.6226163920e-02,4.7942114893e-03,2.5658391768e-02,1.8215184340e+00
6.5000000000e+02,5.1430281071e-03,1.2469758868e-02,8.3546942735e-01,1.0130386127e-01,1.5811695811e-02,4.7467656770e-03,2.5055462919e-02,1.8061844494e+00
6.5050000000e+02,5.2108014114e-03,1.2557490488e-02,8.3854211778e-01,9.9546805735e-02,1.5314607166e-02,4.6791865971e-03,2.4148990825e-02,1.7835890613e+00
6.5100000000e+02,5.2402422420e-03,1.2657318228e-02,8.4057656648e-01,9.8496757686e-02,1.4835390190e-02,4.6465663537e-03,2.3547158821e-02,1.7661161749e+00
6.5150000000e+02,5.2788178275e-03,1.2693868079e-02,8.4427726302e-01,9.6162170042e-02,1.4198004206e-02,4.5497210395e-03,2.2840155786e-02,1.7409549339e+00
6.5200000000e+02,5.3384201360e-03,1.2773063598e-02,8.4713081288e-01,9.4098458883e-02,1.3838357545e-02,4.4961092334e-03,2.2324777721e-02,1.7214872794e+00
6.5250000000e+02,5.4153778431e-03,1.2932079053e-02,8.4945047526e-01,9.2550904741e-02,1.3460630052e-02,4.4850691068e-03,2.1705463941e-02,1.7054847823e+00
6.5300000000e+02,5.4254726757e-03,1.2938540727e-02,8.5192215876e-01,9.1164864907e-02,1.3006988539e-02,4.4272396795e-03,2.1114734710e-02,1.6847863462e+00
6.5350000000e+02,5.5293613224e-03,1.3109999238e-02,8.5458623643e-01,8.9545300523e-02,1.2527785964e-02,4.3573070251e-03,2.0344009496e-02,1.6673257679e+00
6.5400000000e+02,5.5670600792e-03,1.3216819516e-02,8.5658769306e-01,8.8461647614e-02,1.2146339513e-02,4.3402200719e-03,1.9680220141e-02,1.6506435042e+00
6.5450000000e+02,5.5896030458e-03,1.3296708945e-02,8.5798954655e-01,8.7801472627e-02,1.1781650377e-02,4.2695559398e-03,1.9271462517e-02,1.6370738824e+00
6.5500000000e+02,5.6566029965e-03,1.3387114812e-02,8.5962239028e-01,8.6592353677e-02,1.1567047655e-02,4.2668966765e-03,1.8907593900e-02,1.6229391063e+00
6.5550000000e+02,5.6715654695e-03,1.3477513355e-02,8.6230699824e-01,8.4917634956e-02,1.1127928209e-02,4.1831059133e-03,1.8315253858e-02,1.6024969712e+00
6.5600000000e+02,5.7213034253e-03,1.3529814946e-02,8.6445207937e-01,8.3696602446e-02,1.0717273838e-02,4.1256463146e-03,1.7757279661e-02,1.5838195397e+00
6.5650000000e+02,5.8228052059e-03,1.3646133772e-02,8.6600172753e-01,8.2755608653e-02,1.0378622810e-02,4.0840920107e-03,1.7311010023e-02,1.5671667528e+00
6.5700000000e+02,5.8634231869e-03,1.3726858100e-02,8.6847792068e-01,8.1014817885e-02,1.0119721082e-02,4.0561892625e-03,1.6741069800e-02,1.5503865351e+00
6.5750000000e+02,5.9174462002e-03,1.3864606838e-02,8.7002841935e-01,7.9945166281e-02,9.8012955177e-03,4.0241256589e-03,1.6418940153e-02,1.5371386397e+00
6.5800000000e+02,5.9011008509e-03,1.3867602752e-02,8.7175194345e-01,7.9211154617e-02,9.4958121988e-03,3.9437611566e-03,1.5828624976e-02,1.5198259394e+00
6.5850000000e+02,5.9108551500e-03,1.3866445935e-02,8.7375629632e-01,7.8223715867e-02,9.1444273047e-03,3.8755598889e-03,1.5222699538e-02,1.5002816839e+00
6.5900000000e+02,5.9542524434e-03,1.4021706777e-02,8.7524959503e-01,7.7228080678e-02,8.9488513920e-03,3.8410626410e-03,1.4756451035e-02,1.4883504509e+00
6.5950000000e+02,5.9757735376e-03,1.4153931875e-02,8.7620081804e-01,7.6969618459e-02,8.6666931262e-03,3.7813011304e-03,1.4251863834e-02,1.4733692777e+00
6.6000000000e+02,6.0209251047e-03,1.4151573846e-02,8.7829781065e-01,7.5818286217e-02,8.2794271118e-03,3.7071265638e-03,1.3724850502e-02,1.4556490994e+00
6.6050000000e+02,6.1286826135e-03,1.4317669533e-02,8.7944269866e-01,7.5179818545e-02,8.0084764735e-03,3.6820640465e-03,1.3240590125e-02,1.4444407244e+00
6.6100000000e+02,6.2310028433e-03,1.4561761904e-02,8.8013709095e-01,7.4863222872e-02,7.7635698071e-03,3.6578445151e-03,1.2785507109e-02,1.4351622617e+00
6.6150000000e+02,6.2084281179e-03,1.4726783720e-02,8.8165417488e-01,7.3877885037e-02,7.4786252320e-03,3.5801585860e-03,1.2473944422e-02,1.4207099010e+00
6.6200000000e+02,6.2193878226e-03,1.4862315607e-02,8.8366622103e-01,7.2424125265e-02,7.2257078485e-03,3.5160056156e-03,1.2086236814e-02,1.4040281584e+00
6.6250000000e+02,6.2709400212e-03,1.4868240750e-02,8.8465012349e-01,7.2017761011e-02,7.0363005174e-03,3.4763978431e-03,1.1680236363e-02,1.3923103253e+00
6.6300000000e+02,6.3153299912e-03,1.4932467517e-02,8.8641331537e-01,7.0700012583e-02,6.8436472708e-03,3.4386571867e-03,1.1356570077e-02,1.3778480152e+00
6.6350000000e+02,6.3477331342e-03,1.4976123335e-02,8.8793116116e-01,6.9768969217e-02,6.5749606738e-03,3.3876295025e-03,1.1013422981e-02,1.3626101165e+00
6.6400000000e+02,6.3799426911e-03,1.5032624957e-02,8.8955582015e-01,6.8781724129e-02,6.2914629870e-03,3.3285688334e-03,1.0629856256e-02,1.3477909565e+00
6.6450000000e+02,6.3821988824e-03,1.5113478850e-02,8.9036523703e-01,6.8465490372e-02,6.1060475253e-03,3.2886510047e-03,1.0278896331e-02,1.3366775519e+00
6.6500000000e+02,6.3919372981e-03,1.5059859088e-02,8.9097737166e-01,6.8317509276e-02,5.9161901716e-03,3.2905368188e-03,1.0046595691e-02,1.3269325181e+00
6.6550000000e+02,6.4412021201e-03,1.5063384290e-02,8.9138831898e-01,6.8393058927e-02,5.6935048082e-03,3.2778616668e-03,9.7426692080e-03,1.3172751069e+00
6.6600000000e+02,6.4317466319e-03,1.5017844974e-02,8.9221481579e-01,6.8215546930e-02,5.5023773776e-03,3.2397468235e-03,9.3779214757e-03,1.3062970161e+00
6.6650000000e+02,6.4238947612e-03,1.4863001199e-02,8.9292248203e-01,6.8176781723e-02,5.2967818009e-03,3.2227511585e-03,9.0943073243e-03,1.2947387766e+00
6.6700000000e+02,6.4226026104e-03,1.5020916572e-02,8.9313788069e-01,6.8447491705e-02,5.0918327889e-03,3.1989268346e-03,8.6803487969e-03,1.2853324032e+00
6.6750000000e+02,6.4280554208e-03,1.4980288907e-02,8.9361545630e-01,6.8474452673e-02,4.9718379208e-03,3.1482437075e-03,8.3816650694e-03,1.2746297381e+00
6.6800000000e+02,6.4356486330e-03,1.5040510797e-02,8.9444655229e-01,6.8028126300e-02,4.8212972839e-03,3.1171589731e-03,8.1107057208e-03,1.2655539891e+00
6.6850000000e+02,6.4651962493e-03,1.5135499002e-02,8.9452930022e-01,6.8237019118e-02,4.6832439255e-03,3.1063483576e-03,7.8433931268e-03,1.2605103469e+00
6.6900000000e+02,6.4653714684e-03,1.5141327522e-02,8.9494351553e-01,6.8238172092e-02,4.5598432533e-03,3.0784507608e-03,7.5733193687e-03,1.2515366468e+00
6.6950000000e+02,6.4876450063e-03,1.5150444402e-02,8.9496279993e-01,6.8577362628e-02,4.4543681890e-03,3.0304586299e-03,7.3369212188e-03,1.2425894749e+00
6.7000000000e+02,6.5118217995e-03,1.5296755421e-02,8.9480639525e-01,6.8857574135e-02,4.3867711972e-03,2.9885716812e-03,7.1521105186e-03,1.2380986478e+00
6.7050000000e+02,6.5063319665e-03,1.5306164725e-02,8.9499230330e-01,6.9057871242e-02,4.2516784048e-03,2.9475194231e-03,6.9381309359e-03,1.2299190566e+00
6.7100000000e+02,6.5182405351e-03,1.5175956900e-02,8.9536020114e-01,6.9266169589e-02,4.1028623978e-03,2.9119600869e-03,6.6646093527e-03,1.2224978527e+00
6.7150000000e+02,6.5341198789e-03,1.5229192036e-02,8.9546177829e-01,6.9380035347e-02,4.0215835252e-03,2.8901184317e-03,6.4831724870e-03,1.2156177207e+00
6.7200000000e+02,6.6044778926e-03,1.5280402073e-02,8.9494098416e-01,6.9977458820e-02,3.9415106258e-03,2.8798918743e-03,6.3752745534e-03,1.2115757348e+00
6.7250000000e+02,6.6563088976e-03,1.5299116497e-02,8.9415613247e-01,7.0976612451e-02,3.8655213278e-03,2.8693922377e-03,6.1769161182e-03,1.2107817401e+00
6.7300000000e+02,6.6276819611e-03,1.5319538815e-02,8.9436089515e-01,7.1020074083e-02,3.7764734655e-03,2.8342201200e-03,6.0611164003e-03,1.2049419007e+00
6.7350000000e+02,6.6196320597e-03,1.5338783668e-02,8.9450368415e-01,7.1089474715e-02,3.7224899183e-03,2.8090677784e-03,5.9168677096e-03,1.2010910339e+00
6.7400000000e+02,6.6622389986e-03,1.5365802446e-02,8.9401811508e-01,7.1675214800e-02,3.6553233990e-03,2.7855653572e-03,5.8377399202e-03,1.2019516099e+00
6.7450000000e+02,6.6992644355e-03,1.5388834750e-02,8.9376633176e-01,7.2105933113e-02,3.6165740959e-03,2.7501982243e-03,5.6728636185e-03,1.2042112158e+00
6.7500000000e+02,6.6632600545e-03,1.5483987026e-02,8.9327519387e-01,7.2820491076e-02,3.5473571029e-03,2.7358756862e-03,5.4738351804e-03,1.2083598153e+00
6.7550000000e+02,6.6301504358e-03,1.5486809881e-02,8.9337746091e-01,7.2993778301e-02,3.4712971739e-03,2.7065088785e-03,5.3339944240e-03,1.2105000227e+00
6.7600000000e+02,6.5575613753e-03,1.5415871220e-02,8.9332648162e-01,7.3387298276e-02,3.4212785927e-03,2.6786715739e-03,5.2128373377e-03,1.2142303320e+00
6.7650000000e+02,6.6344394095e-03,1.5534964269e-02,8.9216116555e-01,7.4483865545e-02,3.3869875040e-03,2.6624422316e-03,5.1361354958e-03,1.2254757076e+00
6.7700000000e+02,6.6422411372e-03,1.5576317691e-02,8.9146819423e-01,7.5247040161e-02,3.3639763808e-03,2.6456755328e-03,5.0565548708e-03,1.2361285986e+00
6.7750000000e+02,6.6250066717e-03,1.5535819444e-02,8.9128489437e-01,7.5648142961e-02,3.3620045631e-03,2.5943625622e-03,4.9497694259e-03,1.2441957809e+00
6.7800000000e+02,6.6799737156e-03,1.5680229597e-02,8.8943864709e-01,7.7355206681e-02,3.3973579347e-03,2.5939587251e-03,4.8546262599e-03,1.2601986391e+00
6.7850000000e+02,6.6645220348e-03,1.5757749001e-02,8.8829229483e-01,7.8549948935e-02,3.3798299715e-03,2.5830529642e-03,4.7726022590e-03,1.2708021593e+00
6.7900000000e+02,6.7402163933e-03,1.5869861458e-02,8.8706889654e-01,7.9642226970e-02,3.3947489353e-03,2.5644950755e-03,4.7195546273e-03,1.2847864840e+00
6.7950000000e+02,6.7545676657e-03,1.5879105328e-02,8.8639580044e-01,8.0322534950e-02,3.4398986892e-03,2.5406922133e-03,4.6674007176e-03,1.2962628394e+00
6.8000000000e+02,6.7381284518e-03,1.5780494990e-02,8.8655187453e-01,8.0329095278e-02,3.4503449983e-03,2.5065717423e-03,4.6434900108e-03,1.3017633584e+00
6.8050000000e+02,6.7507028228e-03,1.5821428313e-02,8.8572880263e-01,8.1140724560e-02,3.4665647267e-03,2.4687819159e-03,4.6229950280e-03,1.3127917554e+00
6.8100000000e+02,6.6954152452e-03,1.5881507548e-02,8.8519144286e-01,8.1710144054e-02,3.5028828500e-03,2.4460733847e-03,4.5725340603e-03,1.3227113418e+00
6.8150000000e+02,6.7554250841e-03,1.5876732783e-02,8.8472488408e-01,8.2161488690e-02,3.4912114901e-03,2.4344205961e-03,4.5558372805e-03,1.3332546705e+00
6.8200000000e+02,6.7792908558e-03,1.5800011878e-02,8.8489540681e-01,8.2118129550e-02,3.5014081928e-03,2.4084513920e-03,4.4973013219e-03,1.3397222795e+00
6.8250000000e+02,6.7811828343e-03,1.5752824970e-02,8.8446712299e-01,8.2690143551e-02,3.5026259774e-03,2.3808276965e-03,4.4252719842e-03,1.3477151803e+00
6.8300000000e+02,6.7449419037e-03,1.5797850040e-02,8.8438447003e-01,8.2761872868e-02,3.5593926060e-03,2.3495855880e-03,4.4018869609e-03,1.3556650111e+00
6.8350000000e+02,6.7268904238e-03,1.5811551565e-02,8.8341595113e-01,8.3697780649e-02,3.6109584942e-03,2.3294771161e-03,4.4073906190e-03,1.3675593184e+00
6.8400000000e+02,6.7491024353e-03,1.5806434363e-02,8.8247180821e-01,8.4537720416e-02,3.6935442846e-03,2.3297432010e-03,4.4116470876e-03,1.3791540455e+00
6.8450000000e+02,6.6549339830e-03,1.5756624373e-02,8.8147057947e-01,8.5662975776e-02,3.7490799913e-03,2.3172332477e-03,4.3885731563e-03,1.3884038177e+00
6.8500000000e+02,6.6120431873e-03,1.5637519224e-02,8.8129079574e-01,8.6066183430e-02,3.7496582760e-03,2.2870573179e-03,4.3567428228e-03,1.3943959040e+00
6.8550000000e+02,6.5788644360e-03,1.5547472585e-02,8.8061870653e-01,8.6829590336e-02,3.7938658141e-03,2.2765412417e-03,4.3549590556e-03,1.4022589828e+00
6.8600000000e+02,6.5632729201e-03,1.5585868100e-02,8.8024963026e-01,8.7122213151e-02,3.8652675581e-03,2.2639083080e-03,4.3498397064e-03,1.4107131714e+00
6.8650000000e+02,6.6135357755e-03,1.5665430168e-02,8.7902390662e-01,8.8129242990e-02,3.9344435542e-03,2.2563748823e-03,4.3770660107e-03,1.4239477204e+00
6.8700000000e+02,6.6057511981e-03,1.5650121362e-02,8.7729902054e-01,8.9744798609e-02,4.0301096394e-03,2.2517246128e-03,4.4184740417e-03,1.4384863216e+00
6.8750000000e+02,6.5951264306e-03,1.5583580056e-02,8.7728088949e-01,8.9770357691e-02,4.0924804382e-03,2.2296241624e-03,4.4479417356e-03,1.4456445950e+00
6.8800000000e+02,6.5409740954e-03,1.5539180124e-02,8.7699751032e-01,9.0112310279e-02,4.1538197450e-03,2.2036225797e-03,4.4525828594e-03,1.4520030916e+00
6.8850000000e+02,6.5484366057e-03,1.5524185067e-02,8.7547371991e-01,9.1575956286e-02,4.2244761869e-03,2.1757826851e-03,4.4774432592e-03,1.4645731989e+00
6.8900000000e+02,6.5491556138e-03,1.5379253877e-02,8.7518142958e-01,9.1940932561e-02,4.2851533931e-03,2.1530701498e-03,4.5110048296e-03,1.4714932090e+00
6.8950000000e+02,6.4716661903e-03,1.5287041008e-02,8.7509869605e-01,9.2199081480e-02,4.3194836150e-03,2.1289239478e-03,4.4951077054e-03,1.4745071591e+00
6.9000000000e+02,6.4699322386e-03,1.5294895611e-02,8.7451822198e-01,9.2542942981e-02,4.4530337013e-03,2.1301549423e-03,4.5908185494e-03,1.4847673212e+00
6.9050000000e+02,6.4693785153e-03,1.5245049949e-02,8.7446046575e-01,9.2545975825e-02,4.5431341475e-03,2.0939162547e-03,4.6420795591e-03,1.4906086991e+00
6.9100000000e+02,6.4231562363e-03,1.5154232692e-02,8.7418310188e-01,9.2820316606e-02,4.6419064993e-03,2.0871754176e-03,4.6901106735e-03,1.4964652094e+00
6.9150000000e+02,6.4382962133e-03,1.5184448671e-02,8.7266584830e-01,9.4044679542e-02,4.7709976295e-03,2.0859916613e-03,4.8097379818e-03,1.5108997938e+00
6.9200000000e+02,6.4578399858e-03,1.5310678832e-02,8.7081779424e-01,9.5574262248e-02,4.8537020186e-03,2.0854703390e-03,4.9002523414e-03,1.5245239104e+00
6.9250000000e+02,6.4968364469e-03,1.5324572781e-02,8.6988862708e-01,9.6303569768e-02,4.9920258773e-03,2.0759385169e-03,4.9184295285e-03,1.5346527485e+00
6.9300000000e+02,6.5127361865e-03,1.5365188026e-02,8.6856658274e-01,9.7426323644e-02,5.0661658769e-03,2.0697330719e-03,4.9932704572e-03,1.5452826011e+00
6.9350000000e+02,6.5350927966e-03,1.5337499579e-02,8.6700590798e-01,9.8855094659e-02,5.1786883855e-03,2.0646063176e-03,5.0231102788e-03,1.5571227781e+00
6.9400000000e+02,6.5592965349e-03,1.5363118241e-02,8.6545009398e-01,1.0016691478e-01,5.2705558360e-03,2.0649755983e-03,5.1250450332e-03,1.5694444982e+00
6.9450000000e+02,6.5662320666e-03,1.5413421595e-02,8.6366157877e-01,1.0158698686e-01,5.4274481299e-03,2.0634817327e-03,5.2808508522e-03,1.5836797244e+00
6.9500000000e+02,6.5295112351e-03,1.5380978512e-02,8.6285389185e-01,1.0229097511e-01,5.5383259995e-03,2.0507343140e-03,5.3555829796e-03,1.5914146453e+00
6.9550000000e+02,6.5021297022e-03,1.5427799021e-02,8.6199375407e-01,1.0304221704e-01,5.6203167939e-03,2.0305951334e-03,5.3831882423e-03,1.5992386706e+00
6.9600000000e+02,6.5046129046e-03,1.5503910660e-02,8.6086016947e-01,1.0380066763e-01,5.7984103312e-03,2.0486413176e-03,5.4835876830e-03,1.6109879142e+00
6.9650000000e+02,6.4812503587e-03,1.5554406137e-02,8.6032047951e-01,1.0407277785e-01,5.9432332147e-03,2.0306423854e-03,5.5972105503e-03,1.6200966945e+00
6.9700000000e+02,6.4741308365e-03,1.5519548717e-02,8.5985376000e-01,1.0440902162e-01,6.0589103415e-03,2.0140009735e-03,5.6706275145e-03,1.6276151601e+00
6.9750000000e+02,6.4648343981e-03,1.5497322752e-02,8.5842247286e-01,1.0565282627e-01,6.1999646606e-03,1.9925243267e-03,5.7700547330e-03,1.6381244471e+00
6.9800000000e+02,6.4889314599e-03,1.5525650918e-02,8.5710244328e-01,1.0673386647e-01,6.3204324322e-03,1.9859996277e-03,5.8426758118e-03,1.6487009123e+00
6.9850000000e+02,6.5016518024e-03,1.5642490874e-02,8.5512316472e-01,1.0836313156e-01,6.4594533856e-03,1.9861639509e-03,5.9239437065e-03,1.6617541847e+00
6.9900000000e+02,6.4969903279e-03,1.5601758707e-02,8.5413771155e-01,1.0927163401e-01,6.5332047953e-03,1.9868447705e-03,5.9718558378e-03,1.6694072667e+00
6.9950000000e+02,6.4367039481e-03,1.5507093311e-02,8.5338640662e-01,1.1014490999e-01,6.5968797873e-03,1.9770521853e-03,5.9509541556e-03,1.6741690629e+00
7.0000000000e+02,6.4263857838e-03,1.5445134349e-02,8.5263546777e-01,1.1075781408e-01,6.7362174381e-03,1.9810876955e-03,6.0178928751e-03,1.6812965947e+00
7.0050000000e+02,6.4662780975e-03,1.5477441351e-02,8.5103005017e-01,1.1203209681e-01,6.8576646658e-03,1.9866281737e-03,6.1498407335e-03,1.6932382514e+00
7.0100000000e+02,6.4600805188e-03,1.5436186070e-02,8.4967720321e-01,1.1313086291e-01,7.0466892667e-03,1.9769671205e-03,6.2720109064e-03,1.7019254092e+00
7.0150000000e+02,6.4217906381e-03,1.5401393137e-02,8.4850857633e-01,1.1412892930e-01,7.1941354675e-03,1.9687245107e-03,6.3764506109e-03,1.7088749344e+00
7.0200000000e+02,6.3763908329e-03,1.5316322546e-02,8.4714974865e-01,1.1536407881e-01,7.3705407283e-03,1.9405573622e-03,6.4823610783e-03,1.7176821281e+00
7.0250000000e+02,6.3941942524e-03,1.5408948374e-02,8.4566560312e-01,1.1652405487e-01,7.4611755191e-03,1.9369488146e-03,6.6090750533e-03,1.7281991272e+00
7.0300000000e+02,6.3566813764e-03,1.5377813032e-02,8.4529478800e-01,1.1681731679e-01,7.5562076478e-03,1.9323290613e-03,6.6648640850e-03,1.7318949857e+00
7.0350000000e+02,6.3614244391e-03,1.5312861104e-02,8.4436521303e-01,1.1762048485e-01,7.6688267203e-03,1.9308368885e-03,6.7403529646e-03,1.7380227890e+00
7.0400000000e+02,6.4091707671e-03,1.5322216776e-02,8.4307610053e-01,1.1853144697e-01,7.8378759973e-03,1.9279025922e-03,6.8952863679e-03,1.7492738346e+00
7.0450000000e+02,6.3905653453e-03,1.5273214043e-02,8.4147954507e-01,1.1999867012e-01,7.9860672966e-03,1.9295900773e-03,6.9423480443e-03,1.7584714103e+00
7.0500000000e+02,6.4078122907e-03,1.5206507656e-02,8.3955541241e-01,1.2187245529e-01,8.0411494865e-03,1.9144945935e-03,7.0021682735e-03,1.7670550508e+00
7.0550000000e+02,6.4430922519e-03,1.5199961256e-02,8.3837585903e-01,1.2279154105e-01,8.1582171929e-03,1.9099051912e-03,7.1214240269e-03,1.7764038754e+00
7.0600000000e+02,6.5142038425e-03,1.5204161232e-02,8.3741657340e-01,1.2338808107e-01,8.3073810596e-03,1.8992579152e-03,7.2703414750e-03,1.7868404728e+00
7.0650000000e+02,6.5425343871e-03,1.5196482550e-02,8.3674532445e-01,1.2399528771e-01,8.3428940882e-03,1.8933820918e-03,7.2840947231e-03,1.7921006564e+00
7.0700000000e+02,6.5819981415e-03,1.5263630326e-02,8.3562717688e-01,1.2476610270e-01,8.4653661355e-03,1.9056453464e-03,7.3900804655e-03,1.8020964632e+00
7.0750000000e+02,6.5967044120e-03,1.5134170752e-02,8.3503580624e-01,1.2516448640e-01,8.6739583851e-03,1.9070047959e-03,7.4878690203e-03,1.8081868257e+00
7.0800000000e+02,6.5731894463e-03,1.5038208087e-02,8.3389416594e-01,1.2610976049e-01,8.8706120665e-03,1.9179520861e-03,7.5961118807e-03,1.8164954519e+00
7.0850000000e+02,6.5888753994e-03,1.5082307064e-02,8.3135045546e-01,1.2833486761e-01,9.0196279241e-03,1.9166436935e-03,7.7072228466e-03,1.8298289161e+00
7.0900000000e+02,6.5582049473e-03,1.5034125984e-02,8.3000828406e-01,1.2951790204e-01,9.1790186593e-03,1.9127494702e-03,7.7897148428e-03,1.8368216034e+00
7.0950000000e+02,6.5417645104e-03,1.5091220773e-02,8.2845718887e-01,1.3076396059e-01,9.3391461105e-03,1.9125644870e-03,7.8941546618e-03,1.8464031150e+00
7.1000000000e+02,6.5545919059e-03,1.5230789781e-02,8.2668734575e-01,1.3210431386e-01,9.4984547121e-03,1.9222999314e-03,8.0022040515e-03,1.8579255393e+00
7.1050000000e+02,6.4968904132e-03,1.5163481839e-02,8.2552240179e-01,1.3333435680e-01,9.5621060759e-03,1.9180878109e-03,8.0026752721e-03,1.8606671300e+00
7.1100000000e+02,6.4392701986e-03,1.5089345810e-02,8.2446587321e-01,1.3434021345e-01,9.6561295151e-03,1.9139266215e-03,8.0952412006e-03,1.8653944389e+00
7.1150000000e+02,6.4064070915e-03,1.5054584636e-02,8.2407238209e-01,1.3457181368e-01,9.7497949583e-03,1.9088213632e-03,8.2361961845e-03,1.8695920452e+00
7.1200000000e+02,6.4164577489e-03,1.5150629431e-02,8.2264762374e-01,1.3574065547e-01,9.8283823070e-03,1.9213774163e-03,8.2948738900e-03,1.8786368764e+00
7.1250000000e+02,6.4224572545e-03,1.5191197764e-02,8.2079216934e-01,1.3718877309e-01,1.0012281126e-02,1.9172482195e-03,8.4758731992e-03,1.8891999207e+00
7.1300000000e+02,6.3886168693e-03,1.5067986496e-02,8.1955993433e-01,1.3834573300e-01,1.0140608694e-02,1.9048966598e-03,8.5922239476e-03,1.8936758697e+00
7.1350000000e+02,6.3764087336e-03,1.5089311782e-02,8.1834939120e-01,1.3936708888e-01,1.0271554849e-02,1.9062712853e-03,8.6399732728e-03,1.9005112911e+00
7.1400000000e+02,6.3959813163e-03,1.5197768227e-02,8.1654898834e-01,1.4084077032e-01,1.0408542202e-02,1.9068634081e-03,8.7010861861e-03,1.9104586464e+00
7.1450000000e+02,6.4096057554e-03,1.5220563988e-02,8.1464720010e-01,1.4234223447e-01,1.0553878873e-02,1.9128922769e-03,8.9136245346e-03,1.9207119042e+00
7.1500000000e+02,6.3803065185e-03,1.5243920002e-02,8.1361330042e-01,1.4310001835e-01,1.0716518631e-02,1.9076157379e-03,9.0383203396e-03,1.9266137826e+00
7.1550000000e+02,6.3527102079e-03,1.5364062224e-02,8.1225864341e-01,1.4401990268e-01,1.0917862499e-02,1.9158505058e-03,9.1709684730e-03,1.9362010461e+00
7.1600000000e+02,6.3425393091e-03,1.5384757997e-02,8.1086938864e-01,1.4506703607e-01,1.1115145953e-02,1.9153648349e-03,9.3057671985e-03,1.9453323238e+00
7.1650000000e+02,6.3309738130e-03,1.5413854098e-02,8.0984306739e-01,1.4568653388e-01,1.1274939663e-02,1.9069139394e-03,9.5437172147e-03,1.9526514398e+00
7.1700000000e+02,6.3643056638e-03,1.5603959892e-02,8.0744887367e-01,1.4768156931e-01,1.1368203791e-02,1.9076079367e-03,9.6254797416e-03,1.9642813922e+00
7.1750000000e+02,6.4127931381e-03,1.5679371658e-02,8.0574820791e-01,1.4887751318e-01,1.1593495871e-02,1.9111498862e-03,9.7774683552e-03,1.9744736664e+00
7.1800000000e+02,6.4628912916e-03,1.5795892164e-02,8.0389373936e-01,1.5012868631e-01,1.1818802996e-02,1.9236507394e-03,9.9763371343e-03,1.9875617587e+00
7.1850000000e+02,6.4857915268e-03,1.5812899110e-02,8.0139718626e-01,1.5219186580e-01,1.2000350780e-02,1.9281589023e-03,1.0183747622e-02,1.9986540666e+00
7.1900000000e+02,6.4976750168e-03,1.5980204153e-02,7.9991937456e-01,1.5331809455e-01,1.2034827155e-02,1.9371052827e-03,1.0312719283e-02,2.0076747925e+00
7.1950000000e+02,6.4806408944e-03,1.5867792589e-02,7.9911272773e-01,1.5414447441e-01,1.2177042041e-02,1.9180078696e-03,1.0299314467e-02,2.0085855739e+00
7.2000000000e+02,6.4627533508e-03,1.5859985180e-02,7.9808329843e-01,1.5506250124e-01,1.2255422272e-02,1.9045376212e-03,1.0371501908e-02,2.0129583924e+00
7.2050000000e+02,6.4387188866e-03,1.5913498697e-02,7.9688310501e-01,1.5612014935e-01,1.2347892212e-02,1.8874430541e-03,1.0409192785e-02,2.0177254474e+00
7.2100000000e+02,6.5002863516e-03,1.6074188562e-02,7.9511232691e-01,1.5730726401e-01,1.2489606563e-02,1.8900980867e-03,1.0626229517e-02,2.0295259123e+00
7.2150000000e+02,6.4604650996e-03,1.6121850988e-02,7.9471959390e-01,1.5751663977e-01,1.2584114403e-02,1.8891498811e-03,1.0708185960e-02,2.0328108577e+00
7.2200000000e+02,6.4882849678e-03,1.6067798114e-02,7.9379196473e-01,1.5813130714e-01,1.2802505786e-02,1.8963769790e-03,1.0821762284e-02,2.0392402071e+00
7.2250000000e+02,6.4630593628e-03,1.6052588939e-02,7.9214629116e-01,1.5970562553e-01,1.2891118762e-02,1.8937122382e-03,1.0847604005e-02,2.0447451475e+00
7.2300000000e+02,6.4945905027e-03,1.6114501407e-02,7.8998785404e-01,1.6158411367e-01,1.3007031441e-02,1.8955098428e-03,1.0916399092e-02,2.0541449711e+00
7.2350000000e+02,6.5241145595e-03,1.6202234805e-02,7.8830795818e-01,1.6286479862e-01,1.3168192654e-02,1.9115390651e-03,1.1021162119e-02,2.0646008239e+00
7.2400000000e+02,6.4885253721e-03,1.6214006520e-02,7.8808821896e-01,1.6290609822e-01,1.3307709129e-02,1.9143992652e-03,1.1081042525e-02,2.0673670842e+00
7.2450000000e+02,6.4965847973e-03,1.6332012740e-02,7.8690656960e-01,1.6364723829e-01,1.3425968892e-02,1.9085965652e-03,1.1283029118e-02,2.0749870026e+00
7.2500000000e+02,6.5113585449e-03,1.6244436719e-02,7.8555755213e-01,1.6476370244e-01,1.3619776452e-02,1.9191854370e-03,1.1383988273e-02,2.0812146021e+00
7.2550000000e+02,6.5458908401e-03,1.6281121018e-02,7.8304060380e-01,1.6672031439e-01,1.3869457961e-02,1.9427133558e-03,1.1599898630e-02,2.0933716814e+00
7.2600000000e+02,6.5275742316e-03,1.6326357061e-02,7.8213371394e-01,1.6726037674e-01,1.4061098838e-02,1.9529815787e-03,1.1737897610e-02,2.0990491308e+00
7.2650000000e+02,6.4579418725e-03,1.6229243044e-02,7.8074441039e-01,1.6855997194e-01,1.4205672007e-02,1.9450523303e-03,1.1857708417e-02,2.1026434578e+00
7.2700000000e+02,6.4679365706e-03,1.6243507801e-02,7.7914207129e-01,1.6989443415e-01,1.4311160713e-02,1.9515837786e-03,1.1989305698e-02,2.1098871917e+00
7.2750000000e+02,6.4711870919e-03,1.6242629712e-02,7.7833318231e-01,1.7053220079e-01,1.4373204383e-02,1.9511188148e-03,1.2096476906e-02,2.1144608930e+00
7.2800000000e+02,6.4924239420e-03,1.6349725800e-02,7.7675123099e-01,1.7160668411e-01,1.4559224664e-02,1.9560880622e-03,1.2284622435e-02,2.1243291268e+00
7.2850000000e+02,6.5320019767e-03,1.6347120789e-02,7.7428462449e-01,1.7359684430e-01,1.4765627081e-02,1.9597831027e-03,1.2513998261e-02,2.1350496476e+00
7.2900000000e+02,6.5791370014e-03,1.6380746450e-02,7.7430133188e-01,1.7324045830e-01,1.4924979504e-02,1.9654252811e-03,1.2607921580e-02,2.1391143482e+00
7.2950000000e+02,6.6049448258e-03,1.6360176087e-02,7.7342696419e-01,1.7385519566e-01,1.5109222599e-02,1.9674981406e-03,1.2675998501e-02,2.1448313755e+00
7.3000000000e+02,6.6583385503e-03,1.6504587714e-02,7.6983343088e-01,1.7675004965e-01,1.5337047546e-02,1.9727165815e-03,1.2943829084e-02,2.1599051464e+00
7.3050000000e+02,6.7312432202e-03,1.6570734829e-02,7.6789461258e-01,1.7800911505e-01,1.5681302323e-02,1.9953177707e-03,1.3117674230e-02,2.1724400587e+00
7.3100000000e+02,6.7460781852e-03,1.6647201814e-02,7.6702413317e-01,1.7845654819e-01,1.5818209895e-02,1.9962225960e-03,1.3311606155e-02,2.1783801299e+00
7.3150000000e+02,6.7037605397e-03,1.6570015239e-02,7.6475166982e-01,1.8054072207e-01,1.5948209004e-02,2.0183522586e-03,1.3467271066e-02,2.1852043070e+00
7.3200000000e+02,6.7162049450e-03,1.6695955563e-02,7.6229262309e-01,1.8236351296e-01,1.6192002114e-02,2.0326294131e-03,1.3707071910e-02,2.1970152570e+00
7.3250000000e+02,6.7130417780e-03,1.6669563963e-02,7.6028739067e-01,1.8412941319e-01,1.6320298326e-02,2.0278685600e-03,1.3852423514e-02,2.2039348716e+00
7.3300000000e+02,6.7076983098e-03,1.6746311958e-02,7.5755297459e-01,1.8666722213e-01,1.6516332220e-02,2.0196604119e-03,1.3789800375e-02,2.2118592199e+00
7.3350000000e+02,6.7383962444e-03,1.6831857560e-02,7.5398020629e-01,1.8970700671e-01,1.6753710263e-02,2.0327218515e-03,1.3956101082e-02,2.2256231186e+00
7.3400000000e+02,6.7464390168e-03,1.6903595180e-02,7.5320549586e-01,1.9021838563e-01,1.6817147670e-02,2.0544916230e-03,1.4054445019e-02,2.2305862609e+00
7.3450000000e+02,6.7757648951e-03,1.7037232587e-02,7.5108269072e-01,1.9174043131e-01,1.7013124171e-02,2.0806733692e-03,1.4270082951e-02,2.2419384293e+00
7.3500000000e+02,6.7848332095e-03,1.6989525936e-02,7.5092501269e-01,1.9179565160e-01,1.7085299307e-02,2.0899123572e-03,1.4329764898e-02,2.2444283697e+00
7.3550000000e+02,6.7382766828e-03,1.7042630093e-02,7.5085762926e-01,1.9175845867e-01,1.7160669715e-02,2.0831221105e-03,1.4359213474e-02,2.2446944952e+00
7.3600000000e+02,6.7237685494e-03,1.6930330490e-02,7.5060994122e-01,1.9177912450e-01,1.7328117627e-02,2.0870247886e-03,1.4541692830e-02,2.2474089665e+00
7.3650000000e+02,6.7280449598e-03,1.6967019686e-02,7.5031555294e-01,1.9175646493e-01,1.7554697222e-02,2.0883375169e-03,1.4589882752e-02,2.2503627117e+00
7.3700000000e+02,6.6827683931e-03,1.7064537112e-02,7.4955639764e-01,1.9224602083e-01,1.7705111900e-02,2.1036143858e-03,1.4641549737e-02,2.2549582215e+00
7.3750000000e+02,6.7152072008e-03,1.7059236624e-02,7.4747076897e-01,1.9388168969e-01,1.7836570083e-02,2.1098263787e-03,1.4926701056e-02,2.2629902660e+00
7.3800000000e+02,6.7046596370e-03,1.7081805314e-02,7.4565086703e-01,1.9546165570e-01,1.7848370020e-02,2.1098504264e-03,1.5142791868e-02,2.2695143551e+00
7.3850000000e+02,6.7156065845e-03,1.7260176986e-02,7.4419025552e-01,1.9628611154e-01,1.8080941917e-02,2.1391025003e-03,1.5327804953e-02,2.2788973772e+00
7.3900000000e+02,6.6738880080e-03,1.7275869934e-02,7.4296679949e-01,1.9733029059e-01,1.8130361664e-02,2.1472902141e-03,1.5475500096e-02,2.2831501900e+00
7.3950000000e+02,6.6960057405e-03,1.7186931261e-02,7.4147340652e-01,1.9840338211e-01,1.8356815230e-02,2.1583554377e-03,1.5725103704e-02,2.2899964849e+00
7.4000000000e+02,6.6821164559e-03,1.7278479256e-02,7.3986053910e-01,1.9940450033e-01,1.8653010688e-02,2.1728901474e-03,1.5948464024e-02,2.2992249178e+00
7.4050000000e+02,6.6820745966e-03,1.7330140821e-02,7.3877532569e-01,1.9996145350e-01,1.8869587104e-02,2.1975512483e-03,1.6183867040e-02,2.3069707882e+00
7.4100000000e+02,6.6744309952e-03,1.7319045249e-02,7.3749903664e-01,2.0097855317e-01,1.8914287018e-02,2.2063613886e-03,1.6408285541e-02,2.3115032956e+00
7.4150000000e+02,6.6782990501e-03,1.7385798677e-02,7.3788644274e-01,2.0019838587e-01,1.9065479201e-02,2.2046335946e-03,1.6580960868e-02,2.3145565788e+00
7.4200000000e+02,6.6624855360e-03,1.7345019372e-02,7.3678643686e-01,2.0119025838e-01,1.9134728428e-02,2.1992768989e-03,1.6681794516e-02,2.3182958028e+00
7.4250000000e+02,6.6747409141e-03,1.7343567136e-02,7.3499664725e-01,2.0269953590e-01,1.9354089957e-02,2.2116452241e-03,1.6719773620e-02,2.3254825594e+00
7.4300000000e+02,6.7029023189e-03,1.7435281103e-02,7.3345768655e-01,2.0380849172e-01,1.9537493219e-02,2.2016495585e-03,1.6856495526e-02,2.3326007340e+00
7.4350000000e+02,6.7345168273e-03,1.7444387414e-02,7.3232080647e-01,2.0454785534e-01,1.9759385037e-02,2.1982599772e-03,1.6994788933e-02,2.3377258397e+00
7.4400000000e+02,6.7147196500e-03,1.7409403179e-02,7.3048738639e-01,2.0622039168e-01,1.9810093714e-02,2.2035436590e-03,1.7154461725e-02,2.3429286075e+00
7.4450000000e+02,6.7253297502e-03,1.7432500615e-02,7.2781038609e-01,2.0833181881e-01,2.0046765000e-02,2.2177611461e-03,1.7435438584e-02,2.3516541775e+00
7.4500000000e+02,6.7318164299e-03,1.7279050025e-02,7.2674516649e-01,2.0928747130e-01,2.0166003004e-02,2.2066043519e-03,1.7583888399e-02,2.3535257383e+00
7.4550000000e+02,6.7158867374e-03,1.7236876983e-02,7.2592390225e-01,2.0989215115e-01,2.0402808661e-02,2.1814248897e-03,1.7646949329e-02,2.3549089823e+00
7.4600000000e+02,6.6306687434e-03,1.7210880760e-02,7.2484192608e-01,2.1069174287e-01,2.0687131291e-02,2.1966442499e-03,1.7741006009e-02,2.3592479994e+00
7.4650000000e+02,6.6859849009e-03,1.7247388873e-02,7.2128369017e-01,2.1336899208e-01,2.1232975825e-02,2.2117287502e-03,1.7969239408e-02,2.3736337002e+00
7.4700000000e+02,6.6693468378e-03,1.7266475701e-02,7.1985487557e-01,2.1449741261e-01,2.1357950853e-02,2.2154523983e-03,1.8138486036e-02,2.3789016811e+00
7.4750000000e+02,6.6709933401e-03,1.7268583709e-02,7.1803572540e-01,2.1592168230e-01,2.1590617285e-02,2.2254758987e-03,1.8286922066e-02,2.3843257983e+00
7.4800000000e+02,6.7517219179e-03,1.7375643670e-02,7.1519044874e-01,2.1811696581e-01,2.1758669657e-02,2.2308389348e-03,1.8575711273e-02,2.3957144616e+00
7.4850000000e+02,6.7434249088e-03,1.7316124443e-02,7.1414569073e-01,2.1896645249e-01,2.1953452225e-02,2.2444090772e-03,1.8630446132e-02,2.3996802747e+00
7.4900000000e+02,6.7658705938e-03,1.7195306946e-02,7.1316643990e-01,2.1979008936e-01,2.2017818787e-02,2.2599510702e-03,1.8804523346e-02,2.4031299565e+00
7.4950000000e+02,6.7965362582e-03,1.7162231455e-02,7.1255544423e-01,2.1996783795e-01,2.2315511223e-02,2.2592731950e-03,1.8943165693e-02,2.4052266472e+00
7.5000000000e+02,6.8458040115e-03,1.6998226446e-02,7.1153737838e-01,2.2085443454e-01,2.2523444885e-02,2.2648821786e-03,1.8975829556e-02,2.4087621962e+00
7.5050000000e+02,6.9317871787e-03,1.7133461850e-02,7.0987474203e-01,2.2165209985e-01,2.2846814014e-02,2.2927846825e-03,1.9268310399e-02,2.4210220844e+00
7.5100000000e+02,6.9195041189e-03,1.7232010856e-02,7.0974582477e-01,2.2129010820e-01,2.3017789039e-02,2.3158634941e-03,1.9478899528e-02,2.4257758450e+00
7.5150000000e+02,6.8286975415e-03,1.7194365810e-02,7.0937415070e-01,2.2177771598e-01,2.3024826451e-02,2.3264728215e-03,1.9473770704e-02,2.4250766266e+00
7.5200000000e+02,6.8405692035e-03,1.7184762910e-02,7.0805482325e-01,2.2262001179e-01,2.3212794181e-02,2.3305450065e-03,1.9756493662e-02,2.4311519593e+00
7.5250000000e+02,6.8931427181e-03,1.7195796811e-02,7.0509084335e-01,2.2501797909e-01,2.3484957347e-02,2.3535845980e-03,1.9963696088e-02,2.4417980008e+00
7.5300000000e+02,6.9139825014e-03,1.7196128021e-02,7.0401193125e-01,2.2568591474e-01,2.3689237032e-02,2.3597639362e-03,2.0143042520e-02,2.4471157630e+00
7.5350000000e+02,6.9244961865e-03,1.7257643270e-02,7.0133483248e-01,2.2787067016e-01,2.3825498879e-02,2.3717679495e-03,2.0415091077e-02,2.4547535699e+00
7.5400000000e+02,6.9568204160e-03,1.7405329095e-02,6.9872685644e-01,2.3013040012e-01,2.3882084999e-02,2.3825746221e-03,2.0515934306e-02,2.4626443842e+00
7.5450000000e+02,6.9955390141e-03,1.7278316104e-02,6.9798569534e-01,2.3089806547e-01,2.3979517987e-02,2.3794780470e-03,2.0483388038e-02,2.4638824276e+00
7.5500000000e+02,6.9667752288e-03,1.7186904571e-02,6.9667602893e-01,2.3209977297e-01,2.4032765825e-02,2.3771450080e-03,2.0660607470e-02,2.4657366513e+00
7.5550000000e+02,7.0155187770e-03,1.7238704886e-02,6.9399729972e-01,2.3428937397e-01,2.4193458454e-02,2.3941740761e-03,2.0871470116e-02,2.4737612771e+00
7.5600000000e+02,7.0569590020e-03,1.7208065771e-02,6.9164503282e-01,2.3645283704e-01,2.4246072920e-02,2.3847900608e-03,2.1006242381e-02,2.4783711451e+00
7.5650000000e+02,7.0824818903e-03,1.7030274602e-02,6.8903938261e-01,2.3894356860e-01,2.4338834445e-02,2.3860878664e-03,2.1179369986e-02,2.4817686719e+00
7.5700000000e+02,7.1114529485e-03,1.6989387251e-02,6.8784674320e-01,2.3991136730e-01,2.4390013453e-02,2.3887246721e-03,2.1362311178e-02,2.4856867762e+00
7.5750000000e+02,7.1746767621e-03,1.7002739324e-02,6.8498119559e-01,2.4226235905e-01,2.4617330694e-02,2.3909167829e-03,2.1570781789e-02,2.4947573519e+00
7.5800000000e+02,7.2003655638e-03,1.6964985905e-02,6.8372834525e-01,2.4296171090e-01,2.4863306117e-02,2.4096186889e-03,2.1871667576e-02,2.4994554536e+00
7.5850000000e+02,7.2070973187e-03,1.6974191351e-02,6.8255928377e-01,2.4356637959e-01,2.5184015183e-02,2.4252403477e-03,2.2083792440e-02,2.5050865360e+00
7.5900000000e+02,7.2705713844e-03,1.6977855659e-02,6.8208339914e-01,2.4365960450e-01,2.5224999625e-02,2.4190966992e-03,2.2364472993e-02,2.5106626259e+00
7.5950000000e+02,7.2591911289e-03,1.6830172627e-02,6.8094967700e-01,2.4454821197e-01,2.5424799510e-02,2.4130923856e-03,2.2574855385e-02,2.5115960723e+00
7.6000000000e+02,7.2063118879e-03,1.6820559506e-02,6.8009136967e-01,2.4503543316e-01,2.5566669683e-02,2.4371045510e-03,2.2842551534e-02,2.5144920202e+00
7.6050000000e+02,7.2001882336e-03,1.6776957957e-02,6.7652777470e-01,2.4823413536e-01,2.5660521424e-02,2.4546862844e-03,2.3145736047e-02,2.5226817878e+00
7.6100000000e+02,7.2359215432e-03,1.6673692682e-02,6.7460940292e-01,2.4953110922e-01,2.5971979312e-02,2.4657277478e-03,2.3512166574e-02,2.5286101000e+00
7.6150000000e+02,7.2665812865e-03,1.6722445867e-02,6.7101604368e-01,2.5249568459e-01,2.6248890323e-02,2.4760251600e-03,2.3774329089e-02,2.5387559455e+00
7.6200000000e+02,7.2606489209e-03,1.6658030534e-02,6.6829827352e-01,2.5490488451e-01,2.6559643615e-02,2.4837041125e-03,2.3834814787e-02,2.5443562246e+00
7.6250000000e+02,7.2369573194e-03,1.6572004489e-02,6.6718437562e-01,2.5600222375e-01,2.6623463222e-02,2.4792605175e-03,2.3901715089e-02,2.5447996413e+00
7.6300000000e+02,7.2577906789e-03,1.6462626311e-02,6.6518254666e-01,2.5784670898e-01,2.6706376237e-02,2.4832272651e-03,2.4060723873e-02,2.5484858867e+00
7.6350000000e+02,7.3392342312e-03,1.6447730532e-02,6.6430509666e-01,2.5819102119e-01,2.6956790104e-02,2.5006563607e-03,2.4259470917e-02,2.5540957101e+00
7.6400000000e+02,7.4041532731e-03,1.6393516931e-02,6.6220782026e-01,2.5972171757e-01,2.7091113729e-02,2.5217095924e-03,2.4659968646e-02,2.5621285316e+00
7.6450000000e+02,7.4365617068e-03,1.6396908202e-02,6.5829109383e-01,2.6321139466e-01,2.7257257668e-02,2.5023556848e-03,2.4904428247e-02,2.5710661507e+00
7.6500000000e+02,7.4396064712e-03,1.6372528413e-02,6.5611726523e-01,2.6512496489e-01,2.7359166102e-02,2.4995603713e-03,2.5086908530e-02,2.5755836814e+00
7.6550000000e+02,7.4235319538e-03,1.6314344200e-02,6.5298833585e-01,2.6782219627e-01,2.7717680767e-02,2.4845000551e-03,2.5249410905e-02,2.5809459543e+00
7.6600000000e+02,7.4784637590e-03,1.6348700803e-02,6.5122481875e-01,2.6897032891e-01,2.8072792317e-02,2.4963418446e-03,2.5408553623e-02,2.5882497490e+00
7.6650000000e+02,7.5648401438e-03,1.6374503111e-02,6.4994329897e-01,2.6977751262e-01,2.8332515861e-02,2.5119440977e-03,2.5495385198e-02,2.5932047614e+00
7.6700000000e+02,7.5684807724e-03,1.6270347894e-02,6.5010364066e-01,2.6956075962e-01,2.8523733733e-02,2.5140988729e-03,2.5458938441e-02,2.5934585333e+00
7.6750000000e+02,7.5902349219e-03,1.6200842657e-02,6.4808846228e-01,2.7131646447e-01,2.8793556254e-02,2.4874717596e-03,2.5522967659e-02,2.5951179670e+00
7.6800000000e+02,7.6025735984e-03,1.6101072386e-02,6.4680118881e-01,2.7191462844e-01,2.9333887427e-02,2.4878845860e-03,2.5758764752e-02,2.5996498231e+00
7.6850000000e+02,7.5753279526e-03,1.5934162076e-02,6.4594576543e-01,2.7270795584e-01,2.9292695365e-02,2.4802913315e-03,2.6063802003e-02,2.5998527492e+00
7.6900000000e+02,7.5913776786e-03,1.5977870159e-02,6.4312062128e-01,2.7482305940e-01,2.9543141701e-02,2.4867540799e-03,2.6457175699e-02,2.6089822675e+00
7.6950000000e+02,7.5936140817e-03,1.6003388931e-02,6.3832458868e-01,2.7873130623e-01,3.0065302483e-02,2.4935401825e-03,2.6788259412e-02,2.6200641639e+00
7.7000000000e+02,7.5190203664e-03,1.5968905921e-02,6.3566231648e-01,2.8128064854e-01,3.0165360848e-02,2.5010791134e-03,2.6902668737e-02,2.6206262738e+00
7.7050000000e+02,7.4701305622e-03,1.5939125368e-02,6.3614635921e-01,2.8072933402e-01,3.0224692579e-02,2.4940908983e-03,2.6996267361e-02,2.6198242706e+00
7.7100000000e+02,7.4554515761e-03,1.5823941152e-02,6.3470526353e-01,2.8131985964e-01,3.0670020365e-02,2.5035959108e-03,2.7521867818e-02,2.6241336778e+00
7.7150000000e+02,7.4873684190e-03,1.5831334416e-02,6.3145221247e-01,2.8315039267e-01,3.1453684995e-02,2.5402935333e-03,2.8084713502e-02,2.6391939611e+00
7.7200000000e+02,7.5053542510e-03,1.5663069327e-02,6.3134400743e-01,2.8284924245e-01,3.1982528974e-02,2.5547036730e-03,2.8101093892e-02,2.6400657448e+00
7.7250000000e+02,7.4813693832e-03,1.5494459612e-02,6.2961018247e-01,2.8439037939e-01,3.2329334472e-02,2.5629251588e-03,2.8131349515e-02,2.6409346155e+00
7.7300000000e+02,7.4666236270e-03,1.5319284112e-02,6.2956219709e-01,2.8390601753e-01,3.2843365240e-02,2.5725204168e-03,2.8329991988e-02,2.6417493607e+00
7.7350000000e+02,7.4523175381e-03,1.5253378009e-02,6.2920409052e-01,2.8361509327e-01,3.3244010561e-02,2.5734951104e-03,2.8657614988e-02,2.6445135066e+00
7.7400000000e+02,7.4244405643e-03,1.5208874482e-02,6.2837528108e-01,2.8394157707e-01,3.3670097969e-02,2.5751782178e-03,2.8804550620e-02,2.6459054507e+00
7.7450000000e+02,7.3929494146e-03,1.5187946162e-02,6.2816548642e-01,2.8381072377e-01,3.3936734463e-02,2.5603839089e-03,2.8945775857e-02,2.6452112961e+00
7.7500000000e+02,7.4361417566e-03,1.5094011851e-02,6.2508351065e-01,2.8657204508e-01,3.4186774985e-02,2.5599686943e-03,2.9067546987e-02,2.6500890031e+00
7.7550000000e+02,7.4212275135e-03,1.5045638867e-02,6.2337727878e-01,2.8748607176e-01,3.4573363989e-02,2.5743954469e-03,2.9522023647e-02,2.6563066357e+00
7.7600000000e+02,7.3744624196e-03,1.4917863791e-02,6.2140671079e-01,2.8898663633e-01,3.4788239114e-02,2.5875733752e-03,2.9938514175e-02,2.6580854577e+00
7.7650000000e+02,7.3108714023e-03,1.4815606778e-02,6.2009006176e-01,2.9005690225e-01,3.4933241756e-02,2.5810378195e-03,3.0212278241e-02,2.6582715076e+00
7.7700000000e+02,7.2535159804e-03,1.4742484944e-02,6.1952775444e-01,2.9043405148e-01,3.5191800107e-02,2.5798667042e-03,3.0270526343e-02,2.6578977556e+00
7.7750000000e+02,7.2163313435e-03,1.4705452892e-02,6.1794092457e-01,2.9195499723e-01,3.5102878294e-02,2.5826130233e-03,3.0496802649e-02,2.6559129474e+00
7.7800000000e+02,7.1818851088e-03,1.4568252617e-02,6.1624483538e-01,2.9357144553e-01,3.5163864090e-02,2.5894141124e-03,3.0680303163e-02,2.6536436477e+00
7.7850000000e+02,7.1743976706e-03,1.4587250375e-02,6.1438589489e-01,2.9466424502e-01,3.5557324779e-02,2.5887558564e-03,3.1042131407e-02,2.6582794415e+00
7.7900000000e+02,7.2146011593e-03,1.4562399853e-02,6.1067086427e-01,2.9746953709e-01,3.5951689330e-02,2.6056640453e-03,3.1525244249e-02,2.6686831543e+00
7.7950000000e+02,7.1911226174e-03,1.4439684013e-02,6.0938507597e-01,2.9860286937e-01,3.6028747884e-02,2.6102215790e-03,3.1742278566e-02,2.6689816904e+00
7.8000000000e+02,7.1631525463e-03,1.4344605582e-02,6.0778189650e-01,2.9955840107e-01,3.6590633566e-02,2.6120204678e-03,3.1949290265e-02,2.6737016342e+00
7.8050000000e+02,7.1158987901e-03,1.4302034005e-02,6.0595922687e-01,3.0132238949e-01,3.6684501648e-02,2.5829618669e-03,3.2032987322e-02,2.6723455152e+00
7.8100000000e+02,7.1484074267e-03,1.4320906885e-02,6.0440510585e-01,3.0229140845e-01,3.6916113214e-02,2.5831652740e-03,3.2334892898e-02,2.6770167835e+00
7.8150000000e+02,7.1748357725e-03,1.4375472738e-02,6.0059112427e-01,3.0543513258e-01,3.7352025236e-02,2.5957034749e-03,3.2475705925e-02,2.6870833347e+00
7.8200000000e+02,7.0929726444e-03,1.4332882268e-02,5.9853209948e-01,3.0725023777e-01,3.7604284348e-02,2.5823506047e-03,3.2605172886e-02,2.6869215180e+00
7.8250000000e+02,7.0217035897e-03,1.4239844731e-02,5.9548276251e-01,3.1021848146e-01,3.7846674129e-02,2.5768729766e-03,3.2613660606e-02,2.6870308978e+00
7.8300000000e+02,6.9499269053e-03,1.4257275364e-02,5.9374186004e-01,3.1186792444e-01,3.7957756304e-02,2.5731193167e-03,3.2652137634e-02,2.6871368038e+00
7.8350000000e+02,6.8932598518e-03,1.4103414689e-02,5.9128751771e-01,3.1408008342e-01,3.8243248281e-02,2.5826504245e-03,3.2809825623e-02,2.6862147071e+00
7.8400000000e+02,6.8287091891e-03,1.4030644918e-02,5.8960748906e-01,3.1584952878e-01,3.8372527674e-02,2.5748319805e-03,3.2736268393e-02,2.6834367451e+00
7.8450000000e+02,6.8146715280e-03,1.3962190523e-02,5.8801410864e-01,3.1669354082e-01,3.8910840486e-02,2.6027842713e-03,3.3001863734e-02,2.6855715985e+00
7.8500000000e+02,6.7679669393e-03,1.3819915738e-02,5.8693335985e-01,3.1742670584e-01,3.9093382527e-02,2.5975594865e-03,3.3361109616e-02,2.6839584283e+00
7.8550000000e+02,6.7449140078e-03,1.3753135891e-02,5.8426780978e-01,3.2012845138e-01,3.9228097537e-02,2.6015213205e-03,3.3276070079e-02,2.6825392731e+00
7.8600000000e+02,6.7234588239e-03,1.3732520644e-02,5.8284386906e-01,3.2095547047e-01,3.9519954273e-02,2.6118570214e-03,3.3612869713e-02,2.6847281254e+00
7.8650000000e+02,6.6736278863e-03,1.3550562256e-02,5.8175635167e-01,3.2210275662e-01,3.9450032694e-02,2.6252287324e-03,3.3841440136e-02,2.6808491514e+00
7.8700000000e+02,6.6325945379e-03,1.3427290665e-02,5.8155910639e-01,3.2223138024e-01,3.9641771074e-02,2.6538315152e-03,3.3854025576e-02,2.6785386385e+00
7.8750000000e+02,6.5761209832e-03,1.3290416414e-02,5.7779225211e-01,3.2608937741e-01,3.9306158441e-02,2.6631164183e-03,3.4282558231e-02,2.6786807472e+00
7.8800000000e+02,6.5258437867e-03,1.3157863280e-02,5.7719736972e-01,3.2674514815e-01,3.9274758395e-02,2.6472315966e-03,3.4451785071e-02,2.6742266346e+00
7.8850000000e+02,6.5135097117e-03,1.3024631696e-02,5.7768902099e-01,3.2608229098e-01,3.9567146201e-02,2.6301135117e-03,3.4493286910e-02,2.6690108986e+00
7.8900000000e+02,6.5129072290e-03,1.3010319493e-02,5.7715815852e-01,3.2674866794e-01,3.9366964285e-02,2.6164037916e-03,3.4586578750e-02,2.6672728615e+00
7.8950000000e+02,6.4866791541e-03,1.2869007842e-02,5.7362866159e-01,3.3052498262e-01,3.9344290878e-02,2.6290744814e-03,3.4517303431e-02,2.6649217655e+00
7.9000000000e+02,6.4983832716e-03,1.2933646670e-02,5.7205768783e-01,3.3130366528e-01,3.9509991777e-02,2.6564817646e-03,3.5040143406e-02,2.6693045706e+00
7.9050000000e+02,6.4429475559e-03,1.2862549972e-02,5.7133828523e-01,3.3194332681e-01,3.9503716971e-02,2.6517756808e-03,3.5257397783e-02,2.6662443737e+00
7.9100000000e+02,6.3854539943e-03,1.2820610051e-02,5.7015123819e-01,3.3286708623e-01,3.9589485788e-02,2.6511061880e-03,3.5535019560e-02,2.6653606747e+00
7.9150000000e+02,6.2814913626e-03,1.2703345836e-02,5.6795027612e-01,3.3471091743e-01,3.9634769068e-02,2.6626068826e-03,3.6056593295e-02,2.6637405292e+00
7.9200000000e+02,6.2691405406e-03,1.2659040159e-02,5.6593058364e-01,3.3542539443e-01,4.0497049295e-02,2.6694422274e-03,3.6549349704e-02,2.6706759292e+00
7.9250000000e+02,6.2571912439e-03,1.2649650074e-02,5.6405263913e-01,3.3681162675e-01,4.0841737249e-02,2.6447189115e-03,3.6742436641e-02,2.6732967407e+00
7.9300000000e+02,6.2316322789e-03,1.2642513011e-02,5.6364973108e-01,3.3725340186e-01,4.0586511244e-02,2.6540043687e-03,3.6982206156e-02,2.6702636752e+00
7.9350000000e+02,6.1920397324e-03,1.2608049409e-02,5.6247108389e-01,3.3792232101e-01,4.0615039649e-02,2.6785642125e-03,3.7512902093e-02,2.6739274957e+00
7.9400000000e+02,6.1293575379e-03,1.2581424494e-02,5.5863928869e-01,3.4181529399e-01,4.0462893133e-02,2.6801557466e-03,3.7691586410e-02,2.6724854598e+00
7.9450000000e+02,6.1222783449e-03,1.2461782923e-02,5.5675975158e-01,3.4332773934e-01,4.0519937666e-02,2.7014394018e-03,3.8107070744e-02,2.6715402577e+00
7.9500000000e+02,6.1244456090e-03,1.2423533159e-02,5.5334313622e-01,3.4624999563e-01,4.0610257649e-02,2.7068569121e-03,3.8541774823e-02,2.6720530455e+00
7.9550000000e+02,6.1105968420e-03,1.2485085754e-02,5.5043059093e-01,3.4899482870e-01,4.0763396320e-02,2.7005635338e-03,3.8514937918e-02,2.6731012153e+00
7.9600000000e+02,6.1147988088e-03,1.2464749307e-02,5.4956504122e-01,3.4909548700e-01,4.1135324294e-02,2.6913612190e-03,3.8933238146e-02,2.6747385562e+00
7.9650000000e+02,6.0576990563e-03,1.2341267316e-02,5.4827913752e-01,3.4977715751e-01,4.1446814495e-02,2.7039544445e-03,3.9393969660e-02,2.6747395126e+00
7.9700000000e+02,6.0352201378e-03,1.2268765372e-02,5.4532684904e-01,3.5234344721e-01,4.1542327828e-02,2.6898066973e-03,3.9793583721e-02,2.6759397029e+00
7.9750000000e+02,6.0317981937e-03,1.2179875845e-02,5.4442808961e-01,3.5232844357e-01,4.2054439724e-02,2.7262734741e-03,4.0251079581e-02,2.6804021392e+00
7.9800000000e+02,5.9894006397e-03,1.2257329049e-02,5.4456334700e-01,3.5184995538e-01,4.2255596706e-02,2.7427144856e-03,4.0341656733e-02,2.6817714221e+00
7.9850000000e+02,5.9514299616e-03,1.2215846208e-02,5.4415175115e-01,3.5171568869e-01,4.2662261447e-02,2.7669156800e-03,4.0536106865e-02,2.6825756082e+00
7.9900000000e+02,5.9017495667e-03,1.2174944595e-02,5.4435946924e-01,3.5152603271e-01,4.2494085859e-02,2.7617919642e-03,4.0781926067e-02,2.6794905377e+00
7.9950000000e+02,5.8694881043e-03,1.2092160856e-02,5.4250076456e-01,3.5330770559e-01,4.2520654526e-02,2.7757791759e-03,4.0933447183e-02,2.6767093443e+00
8.0000000000e+02,5.8450808941e-03,1.2060695340e-02,5.4180714113e-01,3.5370188869e-01,4.2794682080e-02,2.7611552583e-03,4.1029356609e-02,2.6769494527e+00
8.0050000000e+02,5.8185568404e-03,1.2085599685e-02,5.3889272201e-01,3.5570879237e-01,4.3555535814e-02,2.7743592218e-03,4.1164434062e-02,2.6814278982e+00
8.0100000000e+02,5.7481188981e-03,1.2057427534e-02,5.3743338925e-01,3.5681080172e-01,4.3882523163e-02,2.7881092100e-03,4.1279630225e-02,2.6790800790e+00
8.0150000000e+02,5.7096451978e-03,1.1957014175e-02,5.3823180728e-01,3.5573607838e-01,4.3930243370e-02,2.7959373919e-03,4.1639274209e-02,2.6783880055e+00
8.0200000000e+02,5.6623727895e-03,1.1781444041e-02,5.3858196804e-01,3.5496743574e-01,4.4464748965e-02,2.8098830236e-03,4.1732147404e-02,2.6751836086e+00
8.0250000000e+02,5.6162400986e-03,1.1804716418e-02,5.3871250007e-01,3.5428412121e-01,4.5029644136e-02,2.8233751827e-03,4.1729402884e-02,2.6740808527e+00
8.0300000000e+02,5.5851764131e-03,1.1860791841e-02,5.3755110959e-01,3.5486950146e-01,4.5547596673e-02,2.8442576180e-03,4.1741566408e-02,2.6782008650e+00
8.0350000000e+02,5.5173252311e-03,1.1805183456e-02,5.3490857414e-01,3.5704556380e-01,4.5805817421e-02,2.8467919920e-03,4.2070743965e-02,2.6771592331e+00
8.0400000000e+02,5.5005189057e-03,1.1816538604e-02,5.3148687539e-01,3.5971058917e-01,4.6052558347e-02,2.8592014738e-03,4.2573718103e-02,2.6796934035e+00
8.0450000000e+02,5.4250425970e-03,1.1715819118e-02,5.3079102727e-01,3.5996659211e-01,4.6163837492e-02,2.8561581461e-03,4.3081523273e-02,2.6778104533e+00
8.0500000000e+02,5.3879963563e-03,1.1629638356e-02,5.3014396686e-01,3.6074825464e-01,4.6069357448e-02,2.8603097787e-03,4.3160476558e-02,2.6727478650e+00
8.0550000000e+02,5.3904128795e-03,1.1645241676e-02,5.2952462418e-01,3.6096710970e-01,4.6335130254e-02,2.8671087115e-03,4.3270372601e-02,2.6741360973e+00
8.0600000000e+02,5.3354672178e-03,1.1748803324e-02,5.2610482378e-01,3.6369801325e-01,4.6757013225e-02,2.8918019579e-03,4.3464077244e-02,2.6766333375e+00
8.0650000000e+02,5.2788666233e-03,1.1764710878e-02,5.2361113533e-01,3.6553219743e-01,4.7044566798e-02,2.9143592796e-03,4.3854163670e-02,2.6807964113e+00
8.0700000000e+02,5.2286393284e-03,1.1703549899e-02,5.2184067132e-01,3.6742924217e-01,4.6912243716e-02,2.9215555639e-03,4.3964098004e-02,2.6788170157e+00
8.0750000000e+02,5.1864210480e-03,1.1838320660e-02,5.2188306455e-01,3.6721080335e-01,4.7048976733e-02,2.9394585417e-03,4.3892955120e-02,2.6797537417e+00
8.0800000000e+02,5.1086518383e-03,1.1817616685e-02,5.2154627985e-01,3.6731915576e-01,4.7083793077e-02,2.9670451846e-03,4.4157457604e-02,2.6776426602e+00
8.0850000000e+02,5.0938023661e-03,1.1802318964e-02,5.2188061925e-01,3.6622095727e-01,4.7705321658e-02,3.0091718649e-03,4.4287808628e-02,2.6787492737e+00
8.0900000000e+02,5.0178170753e-03,1.1772321938e-02,5.2085888772e-01,3.6673711062e-01,4.8136735966e-02,3.0371144364e-03,4.4440012250e-02,2.6809827724e+00
8.0950000000e+02,4.9839125467e-03,1.1751821926e-02,5.1993582361e-01,3.6721602138e-01,4.8386516654e-02,3.0429389507e-03,4.4682964930e-02,2.6799682674e+00
8.1000000000e+02,4.9791044954e-03,1.1699721909e-02,5.2093505499e-01,3.6554273201e-01,4.8961014733e-02,3.0431006009e-03,4.4839271265e-02,2.6799227504e+00
8.1050000000e+02,4.9355012803e-03,1.1661519006e-02,5.1944491468e-01,3.6680419804e-01,4.9019826155e-02,3.0573397716e-03,4.5076701074e-02,2.6802491493e+00
8.1100000000e+02,4.9143832161e-03,1.1696435021e-02,5.1765716776e-01,3.6857784430e-01,4.8965758933e-02,3.0554882804e-03,4.5132922494e-02,2.6793573168e+00
8.1150000000e+02,4.9136746675e-03,1.1723320267e-02,5.1646568093e-01,3.6921452010e-01,4.9163237309e-02,3.0261418458e-03,4.5493424880e-02,2.6807313358e+00
8.1200000000e+02,4.9030187520e-03,1.1662257637e-02,5.1388928080e-01,3.7150354481e-01,4.9129756665e-02,3.0174864379e-03,4.5894654902e-02,2.6791618208e+00
8.1250000000e+02,4.8792917555e-03,1.1648260401e-02,5.1135986802e-01,3.7382960060e-01,4.9074724490e-02,3.0400808696e-03,4.6168173867e-02,2.6794841097e+00
8.1300000000e+02,4.7808644157e-03,1.1636562994e-02,5.0940077298e-01,3.7568987714e-01,4.9074876861e-02,3.0231264689e-03,4.6393919137e-02,2.6763951304e+00
8.1350000000e+02,4.7691934903e-03,1.1638211107e-02,5.0806340966e-01,3.7668048838e-01,4.9332273077e-02,2.9861976659e-03,4.6530226621e-02,2.6767748070e+00
8.1400000000e+02,4.6947017356e-03,1.1494481184e-02,5.0681110361e-01,3.7800113323e-01,4.9764563842e-02,2.9823607630e-03,4.6251655634e-02,2.6754103917e+00
8.1450000000e+02,4.6579263889e-03,1.1492345484e-02,5.0347989466e-01,3.8099695576e-01,4.9952574293e-02,2.9962964341e-03,4.6424006983e-02,2.6768214605e+00
8.1500000000e+02,4.6474261365e-03,1.1456331898e-02,5.0177792764e-01,3.8294196241e-01,5.0202967239e-02,2.9908186757e-03,4.5982566004e-02,2.6772306928e+00
8.1550000000e+02,4.5826815989e-03,1.1346334882e-02,5.0209828982e-01,3.8268338045e-01,5.0376722676e-02,2.9704952790e-03,4.5942095293e-02,2.6717156626e+00
8.1600000000e+02,4.5611831966e-03,1.1297016316e-02,5.0085419180e-01,3.8303430360e-01,5.0636814621e-02,2.9765091004e-03,4.6639981363e-02,2.6761132037e+00
8.1650000000e+02,4.5472037182e-03,1.1281532802e-02,5.0043713080e-01,3.8318233806e-01,5.0889336907e-02,2.9926012281e-03,4.6669856482e-02,2.6751875094e+00
8.1700000000e+02,4.5080176650e-03,1.1258055779e-02,5.0104419927e-01,3.8261759976e-01,5.0680237692e-02,3.0016034630e-03,4.6890286367e-02,2.6693988332e+00
8.1750000000e+02,4.4548416594e-03,1.1216605383e-02,5.0024249504e-01,3.8313797276e-01,5.0928732619e-02,2.9604103557e-03,4.7058942185e-02,2.6677066231e+00
8.1800000000e+02,4.4331584016e-03,1.1146258078e-02,5.0064625721e-01,3.8241067725e-01,5.1063310301e-02,2.9490858716e-03,4.7351252888e-02,2.6686864519e+00
8.1850000000e+02,4.3625841392e-03,1.0998533112e-02,5.0022854929e-01,3.8301128989e-01,5.1092557295e-02,2.9489130843e-03,4.7357573192e-02,2.6643950567e+00
8.1900000000e+02,4.3566623323e-03,1.0926938901e-02,4.9950029737e-01,3.8265728704e-01,5.1693043116e-02,2.9536602258e-03,4.7912111015e-02,2.6680963196e+00
8.1950000000e+02,4.3497717366e-03,1.0875567105e-02,4.9993971109e-01,3.8150054815e-01,5.2162645850e-02,2.9774012283e-03,4.8194354838e-02,2.6716759652e+00
8.2000000000e+02,4.2840329222e-03,1.0767517084e-02,5.0127956423e-01,3.8057729637e-01,5.2048165320e-02,2.9735273791e-03,4.8069896690e-02,2.6651898608e+00
8.2050000000e+02,4.2357097791e-03,1.0625161170e-02,4.9983390385e-01,3.8179459595e-01,5.2590310593e-02,2.9554235434e-03,4.7964895118e-02,2.6598144204e+00
8.2100000000e+02,4.2075706156e-03,1.0465251891e-02,4.9828611632e-01,3.8352140002e-01,5.2691124787e-02,2.9283252315e-03,4.7900211142e-02,2.6549202814e+00
8.2150000000e+02,4.1442149791e-03,1.0319233646e-02,4.9830783291e-01,3.8367552219e-01,5.2593172371e-02,2.9032151033e-03,4.8056808797e-02,2.6515529207e+00
8.2200000000e+02,4.0800657569e-03,1.0150309448e-02,4.9883844300e-01,3.8331154882e-01,5.2678199215e-02,2.8836831128e-03,4.8057750650e-02,2.6456867459e+00
8.2250000000e+02,4.0335578969e-03,1.0109270593e-02,4.9986485134e-01,3.8260376209e-01,5.2591500903e-02,2.8726990781e-03,4.7924358097e-02,2.6404737947e+00
8.2300000000e+02,4.0435144046e-03,1.0130854633e-02,4.9878208969e-01,3.8290766670e-01,5.2901979835e-02,2.8752756306e-03,4.8358619102e-02,2.6447994387e+00
8.2350000000e+02,4.0048337136e-03,1.0051004588e-02,4.9794732211e-01,3.8306274482e-01,5.3314749639e-02,2.8522649087e-03,4.8767080222e-02,2.6426417450e+00
8.2400000000e+02,3.9796785431e-03,9.9989163681e-03,4.9821105609e-01,3.8255583291e-01,5.3449749928e-02,2.8422976959e-03,4.8962468464e-02,2.6401070458e+00
8.2450000000e+02,3.9178893205e-03,9.9011659148e-03,4.9874454840e-01,3.8189194569e-01,5.3497268305e-02,2.8446811399e-03,4.9202501234e-02,2.6361776031e+00
8.2500000000e+02,3.8671650068e-03,9.8792405666e-03,5.0057752231e-01,3.8046945141e-01,5.3211824887e-02,2.8280513952e-03,4.9166744421e-02,2.6293134110e+00
8.2550000000e+02,3.8710463157e-03,9.9223528867e-03,5.0152522597e-01,3.7867001345e-01,5.3628704518e-02,2.8034741957e-03,4.9579182664e-02,2.6320915591e+00
8.2600000000e+02,3.8333016839e-03,9.8061477757e-03,5.0359103299e-01,3.7652635379e-01,5.3722123306e-02,2.8124181755e-03,4.9708622277e-02,2.6243628802e+00
8.2650000000e+02,3.7949724555e-03,9.8222821957e-03,5.0419083658e-01,3.7567323076e-01,5.3908466281e-02,2.8056860171e-03,4.9804525713e-02,2.6225201008e+00
8.2700000000e+02,3.7378768224e-03,9.8000365742e-03,5.0442885265e-01,3.7542820342e-01,5.3793339600e-02,2.7910913092e-03,5.0020599628e-02,2.6202085267e+00
8.2750000000e+02,3.7130491074e-03,9.6881965904e-03,5.0517695747e-01,3.7559381256e-01,5.3185182973e-02,2.7754196545e-03,4.9867381643e-02,2.6088776632e+00
8.2800000000e+02,3.6946534465e-03,9.6254035462e-03,5.0569031201e-01,3.7571225852e-01,5.2703882812e-02,2.7549275618e-03,4.9818562101e-02,2.6023548237e+00
8.2850000000e+02,3.6182363126e-03,9.5267257018e-03,5.0653200518e-01,3.7565668955e-01,5.2254490777e-02,2.7451697237e-03,4.9666682761e-02,2.5908180689e+00
8.2900000000e+02,3.5681243647e-03,9.4849588637e-03,5.0775021072e-01,3.7478967781e-01,5.2177192403e-02,2.7589000372e-03,4.9470935800e-02,2.5847745859e+00
8.2950000000e+02,3.5320517727e-03,9.5078030996e-03,5.0716271173e-01,3.7462676180e-01,5.2486118696e-02,2.7517306222e-03,4.9932822277e-02,2.5888857333e+00
8.3000000000e+02,3.5246159880e-03,9.4681226629e-03,5.0615980364e-01,3.7568543356e-01,5.2277307971e-02,2.7579662698e-03,5.0126749903e-02,2.5881861396e+00
8.3050000000e+02,3.4533064710e-03,9.3297031337e-03,5.0706427864e-01,3.7502328244e-01,5.2412478650e-02,2.7734763122e-03,4.9943474355e-02,2.5809377202e+00
8.3100000000e+02,3.4254162077e-03,9.2955539612e-03,5.0640249111e-01,3.7569094870e-01,5.2567960725e-02,2.7562193641e-03,4.9861409938e-02,2.5773865004e+00
8.3150000000e+02,3.3939991102e-03,9.2862243889e-03,5.0553989917e-01,3.7640511931e-01,5.2410428725e-02,2.7625290532e-03,5.0201800241e-02,2.5783284479e+00
8.3200000000e+02,3.3387824700e-03,9.2526928098e-03,5.0652387410e-01,3.7576416211e-01,5.2541111449e-02,2.7420720932e-03,4.9837304970e-02,2.5742497678e+00
8.3250000000e+02,3.3049578721e-03,9.1254320974e-03,5.0761117646e-01,3.7542786583e-01,5.2445094350e-02,2.6901483154e-03,4.9395325081e-02,2.5672387162e+00
8.3300000000e+02,3.2743924491e-03,9.0619030093e-03,5.0732269535e-01,3.7631377529e-01,5.2241358006e-02,2.6534685697e-03,4.9132407332e-02,2.5619009345e+00
8.3350000000e+02,3.2358882386e-03,8.9762219613e-03,5.0838535900e-01,3.7546869373e-01,5.2015492691e-02,2.6309967978e-03,4.9287347577e-02,2.5585957456e+00
8.3400000000e+02,3.2233425856e-03,8.9426962565e-03,5.0769823744e-01,3.7636487869e-01,5.1902727832e-02,2.6176354543e-03,4.9250481742e-02,2.5564218326e+00
8.3450000000e+02,3.1660665872e-03,8.8050796956e-03,5.0886697111e-01,3.7580616834e-01,5.1775797286e-02,2.6043147025e-03,4.8975602282e-02,2.5496720368e+00
8.3500000000e+02,3.1269375026e-03,8.7193588087e-03,5.1134717523e-01,3.7389037932e-01,5.1495994973e-02,2.5896874473e-03,4.8830466716e-02,2.5391569090e+00
8.3550000000e+02,3.1371778579e-03,8.7594068176e-03,5.1068343092e-01,3.7385442627e-01,5.1568111432e-02,2.5726745804e-03,4.9424772115e-02,2.5363695779e+00
8.3600000000e+02,3.0932256272e-03,8.6416155092e-03,5.1102065912e-01,3.7375948684e-01,5.1510723107e-02,2.5530006389e-03,4.9421289154e-02,2.5273592079e+00
8.3650000000e+02,3.0725850402e-03,8.5766299080e-03,5.1256592140e-01,3.7183769516e-01,5.1578193697e-02,2.5797889531e-03,4.9789185845e-02,2.5288484654e+00
8.3700000000e+02,3.0543206800e-03,8.5268401346e-03,5.1339870781e-01,3.7141790982e-01,5.1110183102e-02,2.5483483044e-03,4.9943690145e-02,2.5219250642e+00
8.3750000000e+02,3.0123272750e-03,8.4294955743e-03,5.1196903524e-01,3.7261977283e-01,5.1058605435e-02,2.5340745450e-03,5.0376689097e-02,2.5190667588e+00
8.3800000000e+02,2.9992896631e-03,8.3357363535e-03,5.1106247942e-01,3.7349744793e-01,5.1042295229e-02,2.5017007883e-03,5.0561050614e-02,2.5172250953e+00
8.3850000000e+02,3.0078801212e-03,8.3167492769e-03,5.1130945904e-01,3.7360832008e-01,5.0689073097e-02,2.5125520633e-03,5.0555966322e-02,2.5132987079e+00
8.3900000000e+02,2.9778903615e-03,8.3023257765e-03,5.1240934094e-01,3.7270217749e-01,5.0612311997e-02,2.4825216496e-03,5.0513431782e-02,2.5105746898e+00
8.3950000000e+02,2.9556756143e-03,8.2145787704e-03,5.1388866424e-01,3.7098969080e-01,5.0761773849e-02,2.4840152939e-03,5.0705601437e-02,2.5109767615e+00
8.4000000000e+02,2.9529678877e-03,8.1544768886e-03,5.1478662863e-01,3.7003209129e-01,5.0824280971e-02,2.5004360778e-03,5.0749118253e-02,2.5100513546e+00
8.4050000000e+02,2.9504332664e-03,8.1744486471e-03,5.1531793256e-01,3.6984713989e-01,5.0561715002e-02,2.5110617320e-03,5.0637268901e-02,2.5104276619e+00
8.4100000000e+02,2.9490214832e-03,8.1508027021e-03,5.1482466846e-01,3.7052935740e-01,5.0539436153e-02,2.5233047745e-03,5.0483409025e-02,2.5113534932e+00
8.4150000000e+02,2.9336955337e-03,8.1443687767e-03,5.1644394521e-01,3.6958813979e-01,5.0314545843e-02,2.5092083770e-03,5.0066096469e-02,2.5073633267e+00
8.4200000000e+02,2.9111304413e-03,8.1228864815e-03,5.1709697903e-01,3.6921745104e-01,5.0169216397e-02,2.4921763048e-03,4.9990160301e-02,2.5050288876e+00
8.4250000000e+02,2.8783741913e-03,8.1061406672e-03,5.1548032437e-01,3.7089512372e-01,5.0189501661e-02,2.4956125326e-03,4.9954922860e-02,2.5069001988e+00
8.4300000000e+02,2.8817229232e-03,8.0929902835e-03,5.1784999090e-01,3.6915911017e-01,4.9993471061e-02,2.4764945676e-03,4.9546220095e-02,2.5012105440e+00
8.4350000000e+02,2.8705475126e-03,8.0629080317e-03,5.1744907604e-01,3.6958009328e-01,5.0224432181e-02,2.4773292565e-03,4.9335613697e-02,2.4998023113e+00
8.4400000000e+02,2.8412111959e-03,8.0159989624e-03,5.1842573686e-01,3.6901583277e-01,5.0026101084e-02,2.4729248930e-03,4.9202194237e-02,2.4981584129e+00
8.4450000000e+02,2.8329500575e-03,8.0270372959e-03,5.1947251350e-01,3.6790465755e-01,4.9807214191e-02,2.4603568608e-03,4.9495270542e-02,2.4970372924e+00
8.4500000000e+02,2.8227645082e-03,8.0180755711e-03,5.2106335479e-01,3.6601434824e-01,4.9828764024e-02,2.4651828823e-03,4.9787509986e-02,2.4976627884e+00
8.4550000000e+02,2.8112364002e-03,8.0357510482e-03,5.2300299784e-01,3.6444836254e-01,4.9749124283e-02,2.4601266786e-03,4.9492401210e-02,2.4934585072e+00
8.4600000000e+02,2.7856605299e-03,8.0371918093e-03,5.2386428306e-01,3.6407879747e-01,4.9675995655e-02,2.4590121981e-03,4.9099059276e-02,2.4893155798e+00
8.4650000000e+02,2.7634231362e-03,7.9563624738e-03,5.2462878403e-01,3.6401825796e-01,4.9264191358e-02,2.4548866661e-03,4.8914094381e-02,2.4817861285e+00
8.4700000000e+02,2.7364359174e-03,7.9050246883e-03,5.2596203994e-01,3.6299121032e-01,4.9078475981e-02,2.4364568627e-03,4.8890356296e-02,2.4761487939e+00
8.4750000000e+02,2.7025401515e-03,7.9060158102e-03,5.2713672688e-01,3.6222550167e-01,4.8979167230e-02,2.4126057142e-03,4.8637442550e-02,2.4741850102e+00
8.4800000000e+02,2.6791272232e-03,7.8955475871e-03,5.2774767724e-01,3.6177299308e-01,4.8878377801e-02,2.4186813204e-03,4.8607595743e-02,2.4708157356e+00
8.4850000000e+02,2.6438100222e-03,7.8581633310e-03,5.2771306439e-01,3.6169180365e-01,4.8757042133e-02,2.4108246538e-03,4.8925291825e-02,2.4713589042e+00
8.4900000000e+02,2.6244323037e-03,7.8563735622e-03,5.2839758190e-01,3.6100267363e-01,4.8792447594e-02,2.4044632180e-03,4.8922027785e-02,2.4689704535e+00
8.4950000000e+02,2.5721418728e-03,7.8362617791e-03,5.2971284323e-01,3.6002704038e-01,4.8481835779e-02,2.4037300131e-03,4.8966146941e-02,2.4652747671e+00
8.5000000000e+02,2.5493572089e-03,7.8262116882e-03,5.3260447639e-01,3.5753673088e-01,4.8279784352e-02,2.4147330282e-03,4.8788706453e-02,2.4602361142e+00
8.5050000000e+02,2.5221392224e-03,7.7433306699e-03,5.3467346163e-01,3.5620562347e-01,4.7905515907e-02,2.3753439289e-03,4.8574585171e-02,2.4513246778e+00
8.5100000000e+02,2.5044213914e-03,7.7034173671e-03,5.3475571779e-01,3.5666439767e-01,4.7847068292e-02,2.3514965622e-03,4.8173480931e-02,2.4437731922e+00
8.5150000000e+02,2.4804884157e-03,7.7364463691e-03,5.3533588710e-01,3.5645419050e-01,4.7817912410e-02,2.3524045432e-03,4.7822670666e-02,2.4434817047e+00
8.5200000000e+02,2.4931556614e-03,7.7272559237e-03,5.3717839377e-01,3.5503011081e-01,4.7757318076e-02,2.3510974581e-03,4.7462668299e-02,2.4402194726e+00
8.5250000000e+02,2.4496714259e-03,7.7176581569e-03,5.4016803500e-01,3.5249982819e-01,4.7528054530e-02,2.3443106372e-03,4.7292442060e-02,2.4373948867e+00
8.5300000000e+02,2.4132136027e-03,7.6870006107e-03,5.4225351091e-01,3.5073038455e-01,4.7462337149e-02,2.3096168981e-03,4.7143936280e-02,2.4319534834e+00
8.5350000000e+02,2.3800113182e-03,7.6422223504e-03,5.4290894195e-01,3.5074184189e-01,4.7374585305e-02,2.3026515361e-03,4.6649745644e-02,2.4269997072e+00
8.5400000000e+02,2.3655461582e-03,7.6229824334e-03,5.4432548606e-01,3.4983770188e-01,4.7050802889e-02,2.2775978500e-03,4.6519882737e-02,2.4210213264e+00
8.5450000000e+02,2.3279535096e-03,7.6542415968e-03,5.4596082246e-01,3.4842723779e-01,4.6821376223e-02,2.2740728450e-03,4.6534295582e-02,2.4216479547e+00
8.5500000000e+02,2.3145022451e-03,7.6252143249e-03,5.4752709732e-01,3.4764563247e-01,4.6456221696e-02,2.2489060907e-03,4.6182425860e-02,2.4191874796e+00
8.5550000000e+02,2.3228492307e-03,7.6965641689e-03,5.4953151471e-01,3.4565190954e-01,4.6415373054e-02,2.2256099618e-03,4.6156179333e-02,2.4160735007e+00
8.5600000000e+02,2.3221537809e-03,7.7535133476e-03,5.5111628027e-01,3.4421041056e-01,4.6443248584e-02,2.2182397917e-03,4.5936153667e-02,2.4131293652e+00
8.5650000000e+02,2.3027471081e-03,7.7256327084e-03,5.5220349105e-01,3.4349287136e-01,4.6180103622e-02,2.2118569870e-03,4.5883297160e-02,2.4098403174e+00
8.5700000000e+02,2.2897245177e-03,7.7282743271e-03,5.5485559501e-01,3.4125925199e-01,4.6209743520e-02,2.2053777169e-03,4.5452032918e-02,2.4058889310e+00
8.5750000000e+02,2.2775766837e-03,7.6747826294e-03,5.5728216005e-01,3.3914513063e-01,4.6171549838e-02,2.1904070169e-03,4.5258393153e-02,2.4025944031e+00
8.5800000000e+02,2.2742425225e-03,7.7396233675e-03,5.5867192519e-01,3.3781578181e-01,4.5846654719e-02,2.1812717724e-03,4.5470500616e-02,2.4009630463e+00
8.5850000000e+02,2.2328399046e-03,7.6849361123e-03,5.6171373832e-01,3.3578937463e-01,4.5700305165e-02,2.1572317387e-03,4.4721574131e-02,2.3914184474e+00
8.5900000000e+02,2.2206200147e-03,7.6440005226e-03,5.6405763452e-01,3.3407969754e-01,4.5587763538e-02,2.1301183508e-03,4.4280165515e-02,2.3849779816e+00
8.5950000000e+02,2.2084177446e-03,7.6314162090e-03,5.6504061887e-01,3.3324430579e-01,4.5467702401e-02,2.1243397678e-03,4.4283199213e-02,2.3844298341e+00
8.6000000000e+02,2.1868537462e-03,7.6811154941e-03,5.6753112711e-01,3.3129307693e-01,4.5477014126e-02,2.1025469538e-03,4.3728265641e-02,2.3804742546e+00
8.6050000000e+02,2.1943288784e-03,7.7335235747e-03,5.6754639025e-01,3.3134719897e-01,4.5454658992e-02,2.0898364620e-03,4.3634062877e-02,2.3820811005e+00
8.6100000000e+02,2.2047854919e-03,7.7511495417e-03,5.6717169503e-01,3.3220558783e-01,4.5144898746e-02,2.0787385385e-03,4.3443144815e-02,2.3784641855e+00
8.6150000000e+02,2.1888033799e-03,7.8123114068e-03,5.6711821911e-01,3.3286462954e-01,4.4822204068e-02,2.0915941978e-03,4.3102238295e-02,2.3758842034e+00
8.6200000000e+02,2.1613872659e-03,7.7704493756e-03,5.6956890025e-01,3.3087496424e-01,4.4732811833e-02,2.0619123430e-03,4.2829574696e-02,2.3695426102e+00
8.6250000000e+02,2.1414708298e-03,7.8324486752e-03,5.7127949668e-01,3.2887636998e-01,4.5126516122e-02,2.0679823078e-03,4.2675715404e-02,2.3702244985e+00
8.6300000000e+02,2.1506301528e-03,7.7843205033e-03,5.7474203269e-01,3.2550185872e-01,4.5131966398e-02,2.0759397399e-03,4.2613251796e-02,2.3694549117e+00
8.6350000000e+02,2.1342197735e-03,7.8148578991e-03,5.7719857167e-01,3.2327846142e-01,4.4975796612e-02,2.0719528360e-03,4.2526139787e-02,2.3666909337e+00
8.6400000000e+02,2.1173432840e-03,7.7742664980e-03,5.7947325652e-01,3.2212619366e-01,4.4497814670e-02,2.0538388852e-03,4.1957286486e-02,2.3551916126e+00
8.6450000000e+02,2.1154574202e-03,7.7704120593e-03,5.8030479403e-01,3.2152805119e-01,4.4512599757e-02,2.0471886104e-03,4.1721496933e-02,2.3530099730e+00
8.6500000000e+02,2.1315294139e-03,7.8299149588e-03,5.8144543333e-01,3.2059261069e-01,4.4249903885e-02,2.0336672769e-03,4.1716940449e-02,2.3537109587e+00
8.6550000000e+02,2.1279052337e-03,7.8467781294e-03,5.8403836773e-01,3.1828992529e-01,4.4208354225e-02,2.0068307471e-03,4.1481838647e-02,2.3506076680e+00
8.6600000000e+02,2.1192784402e-03,7.8961832677e-03,5.8515369093e-01,3.1734397427e-01,4.3996786219e-02,2.0095373234e-03,4.1480549555e-02,2.3503087879e+00
8.6650000000e+02,2.1165924222e-03,7.9125193945e-03,5.8931494595e-01,3.1355125015e-01,4.3730104886e-02,1.9871353634e-03,4.1387451832e-02,2.3437089924e+00
8.6700000000e+02,2.0989512565e-03,7.8656829127e-03,5.9048335997e-01,3.1270927700e-01,4.3624654709e-02,1.9665605699e-03,4.1251513590e-02,2.3400817643e+00
8.6750000000e+02,2.0874699082e-03,7.9024106947e-03,5.9234245004e-01,3.1163351551e-01,4.3147732435e-02,1.9533342057e-03,4.0933087204e-02,2.3348101229e+00
8.6800000000e+02,2.0639908195e-03,7.8862440601e-03,5.9529906110e-01,3.0940978452e-01,4.3018413765e-02,1.9355606107e-03,4.0386945128e-02,2.3279554472e+00
8.6850000000e+02,2.0441217045e-03,7.8469835996e-03,5.9774709980e-01,3.0783937875e-01,4.2555469617e-02,1.9241894860e-03,4.0042757039e-02,2.3205421685e+00
8.6900000000e+02,2.0315259210e-03,7.8744641214e-03,6.0097285613e-01,3.0500849174e-01,4.2349154605e-02,1.9126153864e-03,3.9850892100e-02,2.3158304642e+00
8.6950000000e+02,2.0272090421e-03,7.8968371228e-03,6.0272541259e-01,3.0368947143e-01,4.1982996706e-02,1.9149014723e-03,3.9763171635e-02,2.3139259939e+00
8.7000000000e+02,2.0271023693e-03,7.8888553103e-03,6.0322824742e-01,3.0399226580e-01,4.1558358028e-02,1.8971004165e-03,3.9408070656e-02,2.3117800290e+00
8.7050000000e+02,2.0254099227e-03,7.8725549215e-03,6.0690304042e-01,3.0084738254e-01,4.1207963854e-02,1.8981725480e-03,3.9245475796e-02,2.3057394326e+00
8.7100000000e+02,2.0109709005e-03,7.9252992071e-03,6.0844319467e-01,2.9967026257e-01,4.0909274206e-02,1.8954575737e-03,3.9145540875e-02,2.3035643084e+00
8.7150000000e+02,2.0066304822e-03,7.9735550269e-03,6.1090182547e-01,2.9736560020e-01,4.0732511172e-02,1.8977636680e-03,3.9122113989e-02,2.3021210385e+00
8.7200000000e+02,1.9994318412e-03,7.9465310078e-03,6.1295741951e-01,2.9609277587e-01,4.0321805984e-02,1.8900173813e-03,3.8792018404e-02,2.2948283721e+00
8.7250000000e+02,1.9781080933e-03,7.9488170938e-03,6.1599650241e-01,2.9392640461e-01,3.9862422052e-02,1.8689905475e-03,3.8418755190e-02,2.2862960878e+00
8.7300000000e+02,1.9877823438e-03,8.0209440747e-03,6.1812271669e-01,2.9219490392e-01,3.9424323893e-02,1.8746496354e-03,3.8374679445e-02,2.2834034531e+00
8.7350000000e+02,1.9954813379e-03,8.0454169953e-03,6.1961305860e-01,2.9116000945e-01,3.9202401297e-02,1.8646629950e-03,3.8118969315e-02,2.2791875190e+00
8.7400000000e+02,1.9976746433e-03,8.1569495060e-03,6.1904485977e-01,2.9142944930e-01,3.9094898225e-02,1.8720909810e-03,3.8404077571e-02,2.2838510728e+00
8.7450000000e+02,2.0017818336e-03,8.2301214715e-03,6.2218711055e-01,2.8880904418e-01,3.8915558447e-02,1.8544947877e-03,3.8001888730e-02,2.2776996423e+00
8.7500000000e+02,2.0129830457e-03,8.2556525974e-03,6.2508633056e-01,2.8658483777e-01,3.8567623834e-02,1.8415498013e-03,3.7651022390e-02,2.2709329663e+00
8.7550000000e+02,2.0173518453e-03,8.3327405448e-03,6.2619444194e-01,2.8561627337e-01,3.8452451495e-02,1.8446020078e-03,3.7542138802e-02,2.2677775832e+00
8.7600000000e+02,2.0177518361e-03,8.3523867381e-03,6.2881726159e-01,2.8374289257e-01,3.8008999640e-02,1.8217144027e-03,3.7238993218e-02,2.2605219987e+00
8.7650000000e+02,2.0179855575e-03,8.3734810026e-03,6.3167968431e-01,2.8120989032e-01,3.7832345661e-02,1.8044174436e-03,3.7082195705e-02,2.2577812370e+00
8.7700000000e+02,2.0160322253e-03,8.3418945816e-03,6.3530066007e-01,2.7886479091e-01,3.7282644268e-02,1.7766765861e-03,3.6417301362e-02,2.2483595766e+00
8.7750000000e+02,2.0074633784e-03,8.3839007052e-03,6.3839221830e-01,2.7698099262e-01,3.6561510644e-02,1.7688640588e-03,3.5905050287e-02,2.2365428491e+00
8.7800000000e+02,2.0071706686e-03,8.3973260276e-03,6.4162644878e-01,2.7428215772e-01,3.6170563525e-02,1.7679316473e-03,3.5748401635e-02,2.2282142791e+00
8.7850000000e+02,2.0076629012e-03,8.4561311964e-03,6.4389669556e-01,2.7252492312e-01,3.5968899427e-02,1.7635946300e-03,3.5382093165e-02,2.2249209221e+00
8.7900000000e+02,2.0014083186e-03,8.4579014215e-03,6.4597419164e-01,2.7076726270e-01,3.5805969336e-02,1.7655995711e-03,3.5227667020e-02,2.2211905380e+00
8.7950000000e+02,2.0040177486e-03,8.4917891821e-03,6.4678238610e-01,2.7066139744e-01,3.5372227288e-02,1.7749616879e-03,3.4913220552e-02,2.2171519287e+00
8.8000000000e+02,1.9934630273e-03,8.5480437034e-03,6.4993183823e-01,2.6848860173e-01,3.4762570602e-02,1.7494677965e-03,3.4526014918e-02,2.2071923204e+00
8.8050000000e+02,1.9978525962e-03,8.5656564548e-03,6.5285063962e-01,2.6579341063e-01,3.4677614579e-02,1.7395457742e-03,3.4375280347e-02,2.2032474125e+00
8.8100000000e+02,2.0127663142e-03,8.6045392331e-03,6.5668356296e-01,2.6252397651e-01,3.4142140977e-02,1.7307451544e-03,3.4302268851e-02,2.1967518353e+00
8.8150000000e+02,2.0102906641e-03,8.6561278010e-03,6.6052940241e-01,2.5953812488e-01,3.3721116607e-02,1.7030556388e-03,3.3841881998e-02,2.1867451847e+00
8.8200000000e+02,1.9954735059e-03,8.5986798200e-03,6.6193106885e-01,2.5928271272e-01,3.3226355785e-02,1.6755795353e-03,3.3290129782e-02,2.1755786925e+00
8.8250000000e+02,1.9882393290e-03,8.6203930080e-03,6.6425585858e-01,2.5797736778e-01,3.2808818836e-02,1.6602793645e-03,3.2689043096e-02,2.1675237498e+00
8.8300000000e+02,1.9870789116e-03,8.6553175456e-03,6.6801665458e-01,2.5509409306e-01,3.2269439256e-02,1.6548405567e-03,3.2322576092e-02,2.1576808703e+00
8.8350000000e+02,2.0129821873e-03,8.7957710658e-03,6.7022226606e-01,2.5313746101e-01,3.2158138232e-02,1.6626230978e-03,3.2010758352e-02,2.1546314559e+00
8.8400000000e+02,2.0271057503e-03,8.8865150648e-03,6.7424881720e-01,2.4968178400e-01,3.1809791928e-02,1.6522600084e-03,3.1693726047e-02,2.1458545148e+00
8.8450000000e+02,2.0135085501e-03,8.8326574138e-03,6.7852873976e-01,2.4638372426e-01,3.1330937089e-02,1.6335922081e-03,3.1276840712e-02,2.1350394541e+00
8.8500000000e+02,2.0393767986e-03,8.8484019653e-03,6.8184603432e-01,2.4378484463e-01,3.0951045980e-02,1.6333340619e-03,3.0896962243e-02,2.1278136089e+00
8.8550000000e+02,2.0270069131e-03,8.8611573569e-03,6.8281932930e-01,2.4322585286e-01,3.0571396835e-02,1.6243518893e-03,3.0870904844e-02,2.1252422150e+00
8.8600000000e+02,2.0175969708e-03,8.8310880204e-03,6.8580465455e-01,2.4143845333e-01,3.0090404537e-02,1.6252106843e-03,3.0192591910e-02,2.1137456682e+00
8.8650000000e+02,2.0057246341e-03,8.7670349596e-03,6.8958005608e-01,2.3883777187e-01,2.9733754323e-02,1.5957576161e-03,2.9479900514e-02,2.0996646771e+00
8.8700000000e+02,2.0233168585e-03,8.8059594169e-03,6.9276986502e-01,2.3619885181e-01,2.9442544458e-02,1.6004492379e-03,2.9159013192e-02,2.0920911149e+00
8.8750000000e+02,2.0370868392e-03,8.9038030446e-03,6.9536105638e-01,2.3410549862e-01,2.9183067167e-02,1.5933830707e-03,2.8816104879e-02,2.0856068306e+00
8.8800000000e+02,2.0448248725e-03,8.8919410456e-03,6.9629253004e-01,2.3363595684e-01,2.8906817187e-02,1.5838435669e-03,2.8644086451e-02,2.0804188646e+00
8.8850000000e+02,2.0537534318e-03,8.9938305908e-03,6.9766932681e-01,2.3263875996e-01,2.8786913710e-02,1.5766960396e-03,2.8280719458e-02,2.0778203602e+00
8.8900000000e+02,2.0546141312e-03,8.9970736060e-03,6.9987602861e-01,2.3090507052e-01,2.8650303333e-02,1.5517286146e-03,2.7965181185e-02,2.0707243674e+00
8.8950000000e+02,2.0551288644e-03,8.8898413780e-03,7.0120375040e-01,2.3040129200e-01,2.8302482971e-02,1.5495607943e-03,2.7597943597e-02,2.0622241263e+00
8.9000000000e+02,2.0784889138e-03,8.9380237963e-03,7.0460376461e-01,2.2747184851e-01,2.8177145536e-02,1.5233749669e-03,2.7207353661e-02,2.0569923593e+00
8.9050000000e+02,2.0813713569e-03,9.0333427907e-03,7.0500444047e-01,2.2770815402e-01,2.7792332257e-02,1.5021101660e-03,2.6878248935e-02,2.0537754263e+00
8.9100000000e+02,2.0816411176e-03,9.0957678570e-03,7.0561214514e-01,2.2783541663e-01,2.7452067224e-02,1.4847798516e-03,2.6438182185e-02,2.0477511041e+00
8.9150000000e+02,2.1144450022e-03,9.1611021536e-03,7.0625439364e-01,2.2724942548e-01,2.7317234116e-02,1.4948980421e-03,2.6408501563e-02,2.0480691752e+00
8.9200000000e+02,2.1431090219e-03,9.2215484298e-03,7.0893292641e-01,2.2499239517e-01,2.7165087757e-02,1.4856722097e-03,2.6059261004e-02,2.0413421388e+00
8.9250000000e+02,2.1261994933e-03,9.2150301306e-03,7.1170520770e-01,2.2334523199e-01,2.6642956880e-02,1.4723667750e-03,2.5493007032e-02,2.0286302531e+00
8.9300000000e+02,2.1293417693e-03,9.2967319592e-03,7.1409082902e-01,2.2151689227e-01,2.6245087142e-02,1.4550154293e-03,2.5266102417e-02,2.0201880014e+00
8.9350000000e+02,2.1458002531e-03,9.2764633670e-03,7.1729519349e-01,2.1892400419e-01,2.5953000634e-02,1.4428397476e-03,2.4962698317e-02,2.0113738081e+00
8.9400000000e+02,2.1623452794e-03,9.3483323607e-03,7.1968331108e-01,2.1694229388e-01,2.5688495197e-02,1.4252961769e-03,2.4749926032e-02,2.0058814528e+00
8.9450000000e+02,2.1726595857e-03,9.3874205254e-03,7.2031365534e-01,2.1686591353e-01,2.5376765415e-02,1.4137044378e-03,2.4469881167e-02,2.0017766409e+00
8.9500000000e+02,2.1802708677e-03,9.3460740738e-03,7.2321069978e-01,2.1466026960e-01,2.5092878554e-02,1.4023103882e-03,2.4107496743e-02,1.9914857390e+00
8.9550000000e+02,2.2137803473e-03,9.3634501433e-03,7.2448054951e-01,2.1383773493e-01,2.4841793075e-02,1.3986211274e-03,2.3864070864e-02,1.9877403015e+00
8.9600000000e+02,2.2301286464e-03,9.3540609340e-03,7.2631932017e-01,2.1263727597e-01,2.4561081710e-02,1.3858403267e-03,2.3512292243e-02,1.9808284838e+00
8.9650000000e+02,2.2461795743e-03,9.3858974982e-03,7.2908457044e-01,2.1035350365e-01,2.4465228361e-02,1.3766227501e-03,2.3087997722e-02,1.9741017782e+00
8.9700000000e+02,2.2607520577e-03,9.5244006908e-03,7.3080827849e-01,2.0879982566e-01,2.4189548544e-02,1.3626983465e-03,2.3054496206e-02,1.9714963640e+00
8.9750000000e+02,2.2849451514e-03,9.5888807206e-03,7.3192625849e-01,2.0793432971e-01,2.4051302028e-02,1.3637343983e-03,2.2850549501e-02,1.9679340910e+00
8.9800000000e+02,2.2882857823e-03,9.6966420177e-03,7.3236958159e-01,2.0785556859e-01,2.3818272373e-02,1.3471652869e-03,2.2624484369e-02,1.9656047939e+00
8.9850000000e+02,2.3316977575e-03,9.8590505002e-03,7.3161369566e-01,2.0896823679e-01,2.3683900044e-02,1.3332301885e-03,2.2210189057e-02,1.9657925782e+00
8.9900000000e+02,2.3512449912e-03,9.9496593994e-03,7.3297275007e-01,2.0795454277e-01,2.3572735110e-02,1.3329206539e-03,2.1866147004e-02,1.9613949627e+00
8.9950000000e+02,2.3590121367e-03,1.0093498784e-02,7.3527687242e-01,2.0558815680e-01,2.3659793268e-02,1.3300074749e-03,2.1692659123e-02,1.9584494411e+00
9.0000000000e+02,2.3778354784e-03,1.0137045105e-02,7.3667946346e-01,2.0480015232e-01,2.3471758623e-02,1.3322245394e-03,2.1201520475e-02,1.9519650661e+00
9.0050000000e+02,2.3733408144e-03,1.0188116198e-02,7.3904332640e-01,2.0281301368e-01,2.3375471999e-02,1.3145772342e-03,2.0892153668e-02,1.9462479505e+00
9.0100000000e+02,2.3790394526e-03,1.0170636184e-02,7.4161239204e-01,2.0085737580e-01,2.3142061109e-02,1.3062195861e-03,2.0532275829e-02,1.9385505666e+00
9.0150000000e+02,2.3771597362e-03,1.0174004316e-02,7.4339974112e-01,1.9970553265e-01,2.2826020071e-02,1.2957565332e-03,2.0221785575e-02,1.9316212299e+00
9.0200000000e+02,2.3901687317e-03,1.0187549634e-02,7.4425925966e-01,1.9936034251e-01,2.2679091692e-02,1.2847233914e-03,1.9838864383e-02,1.9265432781e+00
9.0250000000e+02,2.4137632179e-03,1.0199147590e-02,7.4599966980e-01,1.9801289150e-01,2.2491617482e-02,1.2578382085e-03,1.9625072204e-02,1.9214034959e+00
9.0300000000e+02,2.4340679360e-03,1.0256787696e-02,7.4669551033e-01,1.9768843390e-01,2.2531330079e-02,1.2397362161e-03,1.9154133844e-02,1.9160346640e+00
9.0350000000e+02,2.4404464819e-03,1.0322455340e-02,7.4930624983e-01,1.9548683920e-01,2.2390378552e-02,1.2246991362e-03,1.8828931454e-02,1.9103288020e+00
9.0400000000e+02,2.4516303391e-03,1.0414258734e-02,7.5042720698e-01,1.9489961487e-01,2.2052946222e-02,1.2093381210e-03,1.8545004729e-02,1.9054757640e+00
9.0450000000e+02,2.5058047765e-03,1.0505860230e-02,7.5305967349e-01,1.9257389656e-01,2.1761704647e-02,1.2107911280e-03,1.8382269166e-02,1.8993560997e+00
9.0500000000e+02,2.5088454390e-03,1.0563376170e-02,7.5488033359e-01,1.9117747655e-01,2.1541583250e-02,1.2021169035e-03,1.8126268102e-02,1.8924120565e+00
9.0550000000e+02,2.5598717534e-03,1.0600047717e-02,7.5581184288e-01,1.9049928031e-01,2.1450773844e-02,1.2014398244e-03,1.7876743669e-02,1.8903116846e+00
9.0600000000e+02,2.5930792976e-03,1.0655999126e-02,7.5489286365e-01,1.9173214994e-01,2.1302741020e-02,1.1942093806e-03,1.7628957583e-02,1.8920742614e+00
9.0650000000e+02,2.6106105707e-03,1.0609070554e-02,7.5669205324e-01,1.9055043022e-01,2.1005035875e-02,1.1647568363e-03,1.7368042704e-02,1.8844397643e+00
9.0700000000e+02,2.6217044440e-03,1.0633504561e-02,7.5802799630e-01,1.8965500661e-01,2.0837102772e-02,1.1479818494e-03,1.7076703463e-02,1.8787725789e+00
9.0750000000e+02,2.6306979121e-03,1.0726167107e-02,7.5993565268e-01,1.8824191808e-01,2.0590309593e-02,1.1379152475e-03,1.6737339378e-02,1.8697335400e+00
9.0800000000e+02,2.6551248429e-03,1.0811346603e-02,7.6137126944e-01,1.8704004690e-01,2.0467850527e-02,1.1240733860e-03,1.6530288302e-02,1.8641637521e+00
9.0850000000e+02,2.6616216958e-03,1.0884545075e-02,7.6300215134e-01,1.8591044855e-01,2.0214584179e-02,1.1179947052e-03,1.6208654454e-02,1.8586416373e+00
9.0900000000e+02,2.6663049792e-03,1.0944842652e-02,7.6364169807e-01,1.8582204759e-01,1.9903842380e-02,1.1105560715e-03,1.5910708265e-02,1.8539064951e+00
9.0950000000e+02,2.6670674130e-03,1.0995975953e-02,7.6446892328e-01,1.8557143515e-01,1.9584155042e-02,1.0899417561e-03,1.5622501408e-02,1.8464385441e+00
9.1000000000e+02,2.6997011200e-03,1.1116566527e-02,7.6507334572e-01,1.8558772216e-01,1.9107064303e-02,1.0818101097e-03,1.5333790066e-02,1.8416079655e+00
9.1050000000e+02,2.7287230679e-03,1.1201113414e-02,7.6506859061e-01,1.8567995490e-01,1.8993925674e-02,1.0675413874e-03,1.5260150952e-02,1.8420405750e+00
9.1100000000e+02,2.7525747043e-03,1.1190626724e-02,7.6747926421e-01,1.8376462788e-01,1.8689324203e-02,1.0574356073e-03,1.5066146673e-02,1.8336071480e+00
9.1150000000e+02,2.7663089964e-03,1.1207074959e-02,7.6934144929e-01,1.8250222332e-01,1.8418091947e-02,1.0450019650e-03,1.4719849524e-02,1.8265405474e+00
9.1200000000e+02,2.8004953783e-03,1.1296015548e-02,7.6972947360e-01,1.8232180379e-01,1.8262884765e-02,1.0390599602e-03,1.4550266962e-02,1.8247868831e+00
9.1250000000e+02,2.8111722462e-03,1.1280220327e-02,7.7238096741e-01,1.8046728862e-01,1.7868798316e-02,1.0358216965e-03,1.4155731379e-02,1.8130773717e+00
9.1300000000e+02,2.8601587948e-03,1.1356984066e-02,7.7272109162e-01,1.8073727198e-01,1.7485384510e-02,1.0320471373e-03,1.3807061886e-02,1.8067236787e+00
9.1350000000e+02,2.9012522726e-03,1.1411286286e-02,7.7368991763e-01,1.8018667588e-01,1.7304351393e-02,1.0273707136e-03,1.3479145824e-02,1.8014515889e+00
9.1400000000e+02,2.9441254768e-03,1.1552224925e-02,7.7527250407e-01,1.7879984145e-01,1.7094202974e-02,1.0269868188e-03,1.3310114292e-02,1.7977156355e+00
9.1450000000e+02,2.9661773945e-03,1.1556022479e-02,7.7553527649e-01,1.7881017070e-01,1.6996884507e-02,1.0254414805e-03,1.3110026950e-02,1.7951481329e+00
9.1500000000e+02,2.9941678438e-03,1.1512339210e-02,7.7692246095e-01,1.7785494143e-01,1.6716914395e-02,1.0204837084e-03,1.2978692462e-02,1.7888263303e+00
9.1550000000e+02,3.0540136374e-03,1.1484003907e-02,7.7888331659e-01,1.7608420219e-01,1.6745905869e-02,1.0171792053e-03,1.2731378605e-02,1.7843906367e+00
9.1600000000e+02,3.0787066453e-03,1.1483264014e-02,7.7971957276e-01,1.7582888694e-01,1.6478207735e-02,9.9980003921e-04,1.2411561867e-02,1.7757472535e+00
9.1650000000e+02,3.0855771362e-03,1.1507316002e-02,7.8077763541e-01,1.7518184955e-01,1.6307584080e-02,9.9145173754e-04,1.2148586081e-02,1.7704482735e+00
9.1700000000e+02,3.0994089427e-03,1.1584114619e-02,7.8148870156e-01,1.7463868771e-01,1.6154666013e-02,9.9030004803e-04,1.2044121113e-02,1.7682803981e+00
9.1750000000e+02,3.1173735760e-03,1.1667082556e-02,7.8158990261e-01,1.7464646070e-01,1.5999115996e-02,9.8446570417e-04,1.1995598850e-02,1.7657238700e+00
9.1800000000e+02,3.1481726822e-03,1.1748008809e-02,7.8064122090e-01,1.7596120322e-01,1.5682356783e-02,9.8246943804e-04,1.1836568169e-02,1.7645560400e+00
9.1850000000e+02,3.1479430058e-03,1.1779831557e-02,7.8128297755e-01,1.7564168984e-01,1.5514307671e-02,9.8589163025e-04,1.1647358744e-02,1.7607108002e+00
9.1900000000e+02,3.1964555505e-03,1.1842666751e-02,7.8239507019e-01,1.7460574073e-01,1.5457422655e-02,9.8387182959e-04,1.1518772296e-02,1.7584231915e+00
9.1950000000e+02,3.1902580610e-03,1.1878525910e-02,7.8381106271e-01,1.7342962115e-01,1.5342162720e-02,9.6597359794e-04,1.1382395850e-02,1.7537157819e+00
9.2000000000e+02,3.2094271327e-03,1.1921959086e-02,7.8430635800e-01,1.7303117925e-01,1.5265850617e-02,9.6074117386e-04,1.1304484742e-02,1.7512771301e+00
9.2050000000e+02,3.2492861267e-03,1.1959794389e-02,7.8489054336e-01,1.7268380679e-01,1.5113397962e-02,9.5650749521e-04,1.1146663874e-02,1.7475448376e+00
9.2100000000e+02,3.2436110078e-03,1.1979820364e-02,7.8738022358e-01,1.7064197524e-01,1.4871917947e-02,9.4820000260e-04,1.0934251851e-02,1.7392864415e+00
9.2150000000e+02,3.2658782336e-03,1.1982228298e-02,7.8861859951e-01,1.6983161252e-01,1.4658509402e-02,9.5064910020e-04,1.0692522930e-02,1.7307085858e+00
9.2200000000e+02,3.2847399895e-03,1.2043944782e-02,7.8951579917e-01,1.6917340926e-01,1.4528448027e-02,9.5041889694e-04,1.0503239879e-02,1.7268186337e+00
9.2250000000e+02,3.3457563271e-03,1.2110135068e-02,7.8882072109e-01,1.6993857940e-01,1.4477571257e-02,9.5104324614e-04,1.0356193613e-02,1.7288396121e+00
9.2300000000e+02,3.4078502460e-03,1.2056220438e-02,7.8931115259e-01,1.6986343465e-01,1.4273785231e-02,9.5475928256e-04,1.0132797564e-02,1.7254007334e+00
9.2350000000e+02,3.4439597166e-03,1.2024699069e-02,7.9247348238e-01,1.6716032742e-01,1.4070454880e-02,9.4855815829e-04,9.8785183808e-03,1.7145191260e+00
9.2400000000e+02,3.4446969455e-03,1.1989496704e-02,7.9425908722e-01,1.6579009285e-01,1.3848920214e-02,9.4730743339e-04,9.7203986330e-03,1.7070899193e+00
9.2450000000e+02,3.4462201281e-03,1.1910251877e-02,7.9363793616e-01,1.6675969267e-01,1.3690890072e-02,9.4245346808e-04,9.6125556336e-03,1.7071235406e+00
9.2500000000e+02,3.4725712732e-03,1.1921297355e-02,7.9445858807e-01,1.6625130219e-01,1.3515694123e-02,9.3428043536e-04,9.4462665589e-03,1.7036719738e+00
9.2550000000e+02,3.5011968930e-03,1.1923123784e-02,7.9489697573e-01,1.6608629394e-01,1.3330969150e-02,9.3669876804e-04,9.3247417397e-03,1.7009856437e+00
9.2600000000e+02,3.5449901418e-03,1.1859451434e-02,7.9551881728e-01,1.6583904398e-01,1.3135915581e-02,9.3939373054e-04,9.1623878442e-03,1.6976824061e+00
9.2650000000e+02,3.5651623102e-03,1.1970275136e-02,7.9608418533e-01,1.6547555563e-01,1.2885013140e-02,9.4498025160e-04,9.0748281934e-03,1.6955443394e+00
9.2700000000e+02,3.5502184773e-03,1.1895356553e-02,7.9720523345e-01,1.6466148485e-01,1.2787292085e-02,9.3768124013e-04,8.9627333490e-03,1.6892425803e+00
9.2750000000e+02,3.5559060191e-03,1.1960571022e-02,7.9611478475e-01,1.6592199309e-01,1.2699664094e-02,9.4010745707e-04,8.8069735657e-03,1.6890889443e+00
9.2800000000e+02,3.5520659711e-03,1.1935739496e-02,7.9801023381e-01,1.6448299676e-01,1.2479483580e-02,9.2771924443e-04,8.6117611342e-03,1.6818899872e+00
9.2850000000e+02,3.5724040068e-03,1.2001479404e-02,7.9789747713e-01,1.6466539668e-01,1.2391631021e-02,9.3187203702e-04,8.5397397177e-03,1.6806992708e+00
9.2900000000e+02,3.6118096815e-03,1.2095485677e-02,7.9724458588e-01,1.6508159670e-01,1.2484760852e-02,9.3263462675e-04,8.5491265854e-03,1.6836537341e+00
9.2950000000e+02,3.6119338688e-03,1.2039489586e-02,7.9896975476e-01,1.6346745600e-01,1.2508198870e-02,9.1888402262e-04,8.4842828892e-03,1.6785849112e+00
9.3000000000e+02,3.6092752596e-03,1.2142287878e-02,7.9929568824e-01,1.6321414349e-01,1.2438885393e-02,9.1434076307e-04,8.3853789756e-03,1.6768240897e+00
9.3050000000e+02,3.6199789108e-03,1.2275574412e-02,7.9997162322e-01,1.6260029817e-01,1.2353917586e-02,9.1130083966e-04,8.2673068689e-03,1.6772379023e+00
9.3100000000e+02,3.6241154160e-03,1.2311499761e-02,8.0088765231e-01,1.6186206220e-01,1.2249321244e-02,8.9828633340e-04,8.1670627354e-03,1.6726516457e+00
9.3150000000e+02,3.6351433438e-03,1.2358262357e-02,8.0141390029e-01,1.6164994787e-01,1.2051823043e-02,8.9508252707e-04,7.9958405661e-03,1.6695148867e+00
9.3200000000e+02,3.6756867879e-03,1.2295501210e-02,8.0210777000e-01,1.6124480444e-01,1.1867750116e-02,8.9339282180e-04,7.9150946239e-03,1.6660607319e+00
9.3250000000e+02,3.6868491460e-03,1.2385525846e-02,8.0378248087e-01,1.5960404311e-01,1.1744868635e-02,8.9260695494e-04,7.9036254331e-03,1.6627856143e+00
9.3300000000e+02,3.6931438584e-03,1.2341218483e-02,8.0409207606e-01,1.5960461126e-01,1.1583125223e-02,8.8598445606e-04,7.7998406586e-03,1.6604277371e+00
9.3350000000e+02,3.6981840605e-03,1.2351820365e-02,8.0378327712e-01,1.5993978861e-01,1.1545481811e-02,8.8196303606e-04,7.7994849925e-03,1.6597236424e+00
9.3400000000e+02,3.7217170651e-03,1.2422203177e-02,8.0264544122e-01,1.6106475279e-01,1.1541266009e-02,8.9018242511e-04,7.7144373126e-03,1.6636572606e+00
9.3450000000e+02,3.7119235782e-03,1.2489959179e-02,8.0353777556e-01,1.6038251159e-01,1.1427421790e-02,8.8391059065e-04,7.5664977173e-03,1.6594412948e+00
9.3500000000e+02,3.7062005086e-03,1.2335888616e-02,8.0498616725e-01,1.5944673049e-01,1.1267335769e-02,8.7687777097e-04,7.3807995917e-03,1.6506751335e+00
9.3550000000e+02,3.7284567911e-03,1.2323108863e-02,8.0562126155e-01,1.5908586960e-01,1.1098023645e-02,8.7577370392e-04,7.2675058518e-03,1.6490612978e+00
9.3600000000e+02,3.7326954215e-03,1.2402325002e-02,8.0623549758e-01,1.5866420602e-01,1.0973151412e-02,8.6915305226e-04,7.1229715103e-03,1.6466345388e+00
9.3650000000e+02,3.7708337933e-03,1.2499616401e-02,8.0648771475e-01,1.5853345896e-01,1.0863141187e-02,8.6059238240e-04,6.9846425286e-03,1.6450022981e+00
9.3700000000e+02,3.7746377828e-03,1.2534295484e-02,8.0786087821e-01,1.5729855450e-01,1.0844749843e-02,8.4592314149e-04,6.8409610360e-03,1.6407114858e+00
9.3750000000e+02,3.7859293970e-03,1.2602041906e-02,8.0820210413e-01,1.5715360751e-01,1.0648023847e-02,8.4670917988e-04,6.7615840280e-03,1.6398558882e+00
9.3800000000e+02,3.7783517599e-03,1.2526397342e-02,8.0986762255e-01,1.5579406934e-01,1.0509391079e-02,8.3346286521e-04,6.6907050614e-03,1.6351157127e+00
9.3850000000e+02,3.7885341506e-03,1.2674424690e-02,8.0939819240e-01,1.5624498132e-01,1.0403217102e-02,8.3196595797e-04,6.6586843749e-03,1.6365199135e+00
9.3900000000e+02,3.7855352359e-03,1.2799481790e-02,8.0946212220e-01,1.5615125363e-01,1.0331651350e-02,8.3504129092e-04,6.6349145003e-03,1.6366245479e+00
9.3950000000e+02,3.7872190574e-03,1.2853436813e-02,8.0970095617e-01,1.5592875399e-01,1.0289899674e-02,8.4165859282e-04,6.5980756994e-03,1.6374543319e+00
9.4000000000e+02,3.8306419163e-03,1.2999545663e-02,8.1006758958e-01,1.5561985207e-01,1.0102719625e-02,8.4600577005e-04,6.5336453738e-03,1.6391722480e+00
9.4050000000e+02,3.8326543093e-03,1.3030912354e-02,8.1007324608e-01,1.5562125343e-01,1.0076246315e-02,8.4781682172e-04,6.5178706888e-03,1.6417131499e+00
9.4100000000e+02,3.8462809474e-03,1.3183120062e-02,8.0951049082e-01,1.5605736964e-01,1.0068773087e-02,8.4960255876e-04,6.4843628869e-03,1.6464253154e+00
9.4150000000e+02,3.8719198024e-03,1.3211152244e-02,8.0954228038e-01,1.5610937895e-01,1.0028663398e-02,8.4921778959e-04,6.3873874382e-03,1.6467404764e+00
9.4200000000e+02,3.8614367188e-03,1.3235350278e-02,8.1147433889e-01,1.5431711011e-01,9.9574050243e-03,8.3720625602e-04,6.3171527181e-03,1.6421414268e+00
9.4250000000e+02,3.8743340234e-03,1.3261054620e-02,8.1221836632e-01,1.5370297586e-01,9.8515573191e-03,8.2889707915e-04,6.2628147756e-03,1.6392765429e+00
9.4300000000e+02,3.8778247890e-03,1.3372132169e-02,8.1195311187e-01,1.5389764302e-01,9.8025640012e-03,8.2538605039e-04,6.2713380921e-03,1.6429603408e+00
9.4350000000e+02,3.8854396603e-03,1.3487665362e-02,8.1098337387e-01,1.5485393804e-01,9.6914414752e-03,8.2594583472e-04,6.2721957507e-03,1.6466810200e+00
9.4400000000e+02,3.8780832157e-03,1.3622976045e-02,8.1049244015e-01,1.5518716995e-01,9.7363368545e-03,8.2957207946e-04,6.2534217103e-03,1.6512169277e+00
9.4450000000e+02,3.8636675253e-03,1.3572075570e-02,8.1164700393e-01,1.5415466746e-01,9.7096838736e-03,8.2692227405e-04,6.2259793656e-03,1.6476843654e+00
9.4500000000e+02,3.8560895569e-03,1.3582454759e-02,8.1078351135e-01,1.5512654127e-01,9.6488406310e-03,8.2449027708e-04,6.1780721485e-03,1.6500664974e+00
9.4550000000e+02,3.9097904822e-03,1.3617881117e-02,8.1060865958e-01,1.5525460650e-01,9.6092758958e-03,8.2800928525e-04,6.1717771433e-03,1.6527902480e+00
9.4600000000e+02,3.9281361037e-03,1.3553253079e-02,8.1194243482e-01,1.5421728540e-01,9.4355932392e-03,8.2849175447e-04,6.0948056021e-03,1.6492542877e+00
9.4650000000e+02,3.9372694806e-03,1.3559473688e-02,8.1211819269e-01,1.5406379410e-01,9.3996820110e-03,8.2161741242e-04,6.0999706198e-03,1.6505832434e+00
9.4700000000e+02,3.9222115256e-03,1.3608914383e-02,8.1152954105e-01,1.5470998623e-01,9.3626929554e-03,8.2411035123e-04,6.0425435037e-03,1.6521001685e+00
9.4750000000e+02,3.9531167110e-03,1.3637405241e-02,8.1122983930e-01,1.5498781736e-01,9.3019022408e-03,8.3502313265e-04,6.0548960095e-03,1.6573953649e+00
9.4800000000e+02,3.9719041163e-03,1.3656548475e-02,8.1157550470e-01,1.5461633579e-01,9.3612536273e-03,8.3567901469e-04,5.9827742695e-03,1.6578829830e+00
9.4850000000e+02,3.9727776258e-03,1.3719937853e-02,8.1215177337e-01,1.5403985372e-01,9.3344212691e-03,8.3330178901e-04,5.9479343656e-03,1.6572128996e+00
9.4900000000e+02,3.9982740586e-03,1.3734951581e-02,8.1120908153e-01,1.5489903947e-01,9.4109765262e-03,8.2669750786e-04,5.9209793187e-03,1.6629156621e+00
9.4950000000e+02,3.9913451966e-03,1.3808080044e-02,8.1135766270e-01,1.5477675621e-01,9.3727959928e-03,8.2703330117e-04,5.8663265564e-03,1.6655667020e+00
9.5000000000e+02,4.0277429301e-03,1.3945730730e-02,8.1080054089e-01,1.5524205695e-01,9.3010737860e-03,8.2693727523e-04,5.8559174380e-03,1.6692284958e+00
9.5050000000e+02,4.0682726849e-03,1.4113338893e-02,8.0944295671e-01,1.5631677201e-01,9.3480645768e-03,8.3919072637e-04,5.8714044019e-03,1.6761120011e+00
9.5100000000e+02,4.0764688226e-03,1.4086668605e-02,8.1005882566e-01,1.5584731226e-01,9.2636534453e-03,8.3752008852e-04,5.8295511207e-03,1.6749074030e+00
9.5150000000e+02,4.0783155303e-03,1.4084082645e-02,8.1046420659e-01,1.5548813337e-01,9.2485029843e-03,8.4578128663e-04,5.7909775908e-03,1.6736949711e+00
9.5200000000e+02,4.0904335679e-03,1.4092328973e-02,8.1013174209e-01,1.5584871769e-01,9.2449251967e-03,8.4319578999e-04,5.7486566921e-03,1.6766758510e+00
9.5250000000e+02,4.1033306679e-03,1.4026558536e-02,8.0993307919e-01,1.5609170106e-01,9.2636246651e-03,8.4272632460e-04,5.7389795602e-03,1.6777407388e+00
9.5300000000e+02,4.1563537593e-03,1.4203389666e-02,8.0912030103e-01,1.5667731117e-01,9.2430535294e-03,8.4401393573e-04,5.7555769115e-03,1.6846257312e+00
9.5350000000e+02,4.1678173247e-03,1.4241855885e-02,8.0970363152e-01,1.5605467356e-01,9.2128466009e-03,8.3899064806e-04,5.7801844583e-03,1.6864000709e+00
9.5400000000e+02,4.1826275555e-03,1.4184058780e-02,8.1010911309e-01,1.5568892835e-01,9.2203308874e-03,8.3269493871e-04,5.7822463979e-03,1.6882947935e+00
9.5450000000e+02,4.2292403117e-03,1.4302397349e-02,8.0994825221e-01,1.5555300889e-01,9.3201280576e-03,8.2429135578e-04,5.8226818270e-03,1.6949026063e+00
9.5500000000e+02,4.2403307950e-03,1.4279175396e-02,8.0985532546e-01,1.5562642222e-01,9.3611467598e-03,8.1906248666e-04,5.8185368745e-03,1.6981189261e+00
9.5550000000e+02,4.2694561671e-03,1.4294724320e-02,8.0875644487e-01,1.5665556714e-01,9.4003111833e-03,8.2512545067e-04,5.7983708623e-03,1.7041865274e+00
9.5600000000e+02,4.2923011810e-03,1.4334842138e-02,8.0937174687e-01,1.5595907871e-01,9.3882645342e-03,8.3496595619e-04,5.8188006069e-03,1.7053331831e+00
9.5650000000e+02,4.3005100433e-03,1.4267718417e-02,8.0932387479e-01,1.5616269410e-01,9.3017913886e-03,8.3761721860e-04,5.8057940384e-03,1.7044648056e+00
9.5700000000e+02,4.3429216048e-03,1.4131693401e-02,8.0966914238e-01,1.5595198307e-01,9.2631464308e-03,8.4394594837e-04,5.7971671609e-03,1.7050164208e+00
9.5750000000e+02,4.3771626210e-03,1.4169327592e-02,8.0975649386e-01,1.5570966834e-01,9.3197692482e-03,8.3951321616e-04,5.8280651278e-03,1.7083514987e+00
9.5800000000e+02,4.4221519838e-03,1.4219646563e-02,8.0891843172e-01,1.5643695620e-01,9.2984705881e-03,8.4085110275e-04,5.8634918496e-03,1.7124536101e+00
9.5850000000e+02,4.4282029067e-03,1.4318619813e-02,8.0956289189e-01,1.5569028558e-01,9.2900089326e-03,8.4566766542e-04,5.8643232141e-03,1.7130294373e+00
9.5900000000e+02,4.3940084339e-03,1.4257597958e-02,8.0991336718e-01,1.5544397063e-01,9.2891949241e-03,8.4880359407e-04,5.8530572830e-03,1.7137878702e+00
9.5950000000e+02,4.4408969114e-03,1.4199161359e-02,8.1039909618e-01,1.5493807596e-01,9.2749074015e-03,8.6052357738e-04,5.8873386150e-03,1.7158968427e+00
9.6000000000e+02,4.4764467787e-03,1.4259173644e-02,8.0967917808e-01,1.5548839737e-01,9.3170691950e-03,8.6579043801e-04,5.9139444899e-03,1.7218947532e+00
9.6050000000e+02,4.4754695102e-03,1.4250537610e-02,8.0878757688e-01,1.5634842996e-01,9.3482489508e-03,8.6496581331e-04,5.9247712760e-03,1.7253884448e+00
9.6100000000e+02,4.5180035811e-03,1.4257213288e-02,8.0828896782e-01,1.5674603198e-01,9.3597750344e-03,8.6211214927e-04,5.9678961548e-03,1.7310800475e+00
9.6150000000e+02,4.5638931907e-03,1.4316721173e-02,8.0743438079e-01,1.5746651162e-01,9.3816890596e-03,8.6034688951e-04,5.9764572830e-03,1.7365437057e+00
9.6200000000e+02,4.5807628422e-03,1.4386110752e-02,8.0693173350e-01,1.5787282268e-01,9.3835793632e-03,8.5886666239e-04,5.9861242028e-03,1.7408633085e+00
9.6250000000e+02,4.5586769927e-03,1.4389304466e-02,8.0798779823e-01,1.5687388272e-01,9.3466363345e-03,8.5906615756e-04,5.9846351015e-03,1.7402450601e+00
9.6300000000e+02,4.5582323621e-03,1.4537482172e-02,8.0770924400e-01,1.5702847170e-01,9.2816775718e-03,8.6397927353e-04,6.0209129227e-03,1.7443083842e+00
9.6350000000e+02,4.5888146837e-03,1.4568314307e-02,8.0659359180e-01,1.5808497494e-01,9.2822649260e-03,8.6029425234e-04,6.0217450908e-03,1.7481226652e+00
9.6400000000e+02,4.5660380867e-03,1.4505934497e-02,8.0646964690e-01,1.5829098977e-01,9.2767266172e-03,8.5345058537e-04,6.0372135486e-03,1.7480295698e+00
9.6450000000e+02,4.6117703452e-03,1.4602150786e-02,8.0605275404e-01,1.5847746995e-01,9.3249963324e-03,8.5685285912e-04,6.0740056933e-03,1.7529255822e+00
9.6500000000e+02,4.6455102417e-03,1.4667875481e-02,8.0547848539e-01,1.5882679339e-01,9.3686788253e-03,8.6222369490e-04,6.1504329732e-03,1.7590546242e+00
9.6550000000e+02,4.6401969354e-03,1.4655949872e-02,8.0604011667e-01,1.5817515301e-01,9.4379209765e-03,8.6910874366e-04,6.1815537921e-03,1.7619634338e+00
9.6600000000e+02,4.6599441533e-03,1.4702950314e-02,8.0521881628e-01,1.5884470034e-01,9.4850222936e-03,8.7880286934e-04,6.2097637505e-03,1.7667620436e+00
9.6650000000e+02,4.6627433131e-03,1.4539865707e-02,8.0573422524e-01,1.5847863365e-01,9.4872698469e-03,8.8110471480e-04,6.2161575231e-03,1.7658157854e+00
9.6700000000e+02,4.7233420889e-03,1.4581441860e-02,8.0419106652e-01,1.5970493286e-01,9.5851829832e-03,8.9008969175e-04,6.3239440049e-03,1.7741875945e+00
9.6750000000e+02,4.7507071328e-03,1.4610649787e-02,8.0322053043e-01,1.6048288442e-01,9.6076903553e-03,8.9892970567e-04,6.4286081673e-03,1.7803222141e+00
9.6800000000e+02,4.8015870617e-03,1.4823992198e-02,8.0059834318e-01,1.6256590678e-01,9.7370766876e-03,9.0759596355e-04,6.5654981290e-03,1.7930872729e+00
9.6850000000e+02,4.8363449712e-03,1.4940357862e-02,7.9880102504e-01,1.6407010151e-01,9.8054876038e-03,9.0532481752e-04,6.6413581951e-03,1.8025274330e+00
9.6900000000e+02,4.8591354565e-03,1.5013724893e-02,7.9766593688e-01,1.6498535904e-01,9.8392602852e-03,9.0692620979e-04,6.7296572317e-03,1.8088469574e+00
9.6950000000e+02,4.8659963195e-03,1.4978827152e-02,7.9744789831e-01,1.6505524536e-01,9.9401044364e-03,9.0860881811e-04,6.8033196002e-03,1.8120687105e+00
9.7000000000e+02,4.9140364267e-03,1.4967607445e-02,7.9749769017e-01,1.6476647404e-01,1.0041206073e-02,9.2009247622e-04,6.8928933672e-03,1.8175893822e+00
9.7050000000e+02,4.9498794972e-03,1.4960428545e-02,7.9711082232e-01,1.6500016269e-01,1.0099580083e-02,9.2105301630e-04,6.9580738449e-03,1.8226459342e+00
9.7100000000e+02,4.9440847141e-03,1.5029961812e-02,7.9651460842e-01,1.6546572446e-01,1.0128583599e-02,9.2084151630e-04,6.9961954758e-03,1.8262365378e+00
9.7150000000e+02,4.9783239200e-03,1.5164226377e-02,7.9563799377e-01,1.6604229002e-01,1.0195641705e-02,9.2051598170e-04,7.0610082312e-03,1.8331675419e+00
9.7200000000e+02,4.9625528816e-03,1.5208408255e-02,7.9556318265e-01,1.6593332615e-01,1.0265151130e-02,9.2478672326e-04,7.1425922077e-03,1.8361870211e+00
9.7250000000e+02,4.9497821328e-03,1.5198731338e-02,7.9526513688e-01,1.6604207409e-01,1.0400127983e-02,9.3025297779e-04,7.2138946000e-03,1.8414996249e+00
9.7300000000e+02,4.9609731198e-03,1.5232989681e-02,7.9514376309e-01,1.6600233467e-01,1.0496429910e-02,9.2803225694e-04,7.2354772693e-03,1.8438656064e+00
9.7350000000e+02,4.9889514393e-03,1.5183949591e-02,7.9470628934e-01,1.6642621095e-01,1.0492116933e-02,9.2918040612e-04,7.2733013367e-03,1.8454388903e+00
9.7400000000e+02,5.0094311708e-03,1.5190961835e-02,7.9347874999e-01,1.6745868200e-01,1.0591259750e-02,9.3905238325e-04,7.3318628756e-03,1.8517128429e+00
9.7450000000e+02,5.0139052200e-03,1.5210594802e-02,7.9213448194e-01,1.6855788520e-01,1.0698723462e-02,9.4730701142e-04,7.4371023639e-03,1.8580768197e+00
9.7500000000e+02,5.0296897266e-03,1.5145793552e-02,7.9210189258e-01,1.6835993342e-01,1.0848322586e-02,9.6108080821e-04,7.5532873320e-03,1.8636521708e+00
9.7550000000e+02,5.0327051559e-03,1.5126905317e-02,7.9253868088e-01,1.6781931771e-01,1.0922309911e-02,9.5749591304e-04,7.6025851102e-03,1.8644024863e+00
9.7600000000e+02,5.0282023143e-03,1.5169116746e-02,7.9268029215e-01,1.6756913296e-01,1.1009292818e-02,9.5603902007e-04,7.5879239876e-03,1.8657372794e+00
9.7650000000e+02,5.0603951383e-03,1.5131134261e-02,7.9214585155e-01,1.6792625401e-01,1.1087270193e-02,9.6418986508e-04,7.6849049781e-03,1.8695215796e+00
9.7700000000e+02,5.0748759674e-03,1.5192457068e-02,7.9140235675e-01,1.6848373684e-01,1.1126252608e-02,9.7420031616e-04,7.7461204497e-03,1.8764641824e+00
9.7750000000e+02,5.0997311153e-03,1.5194184971e-02,7.8991245488e-01,1.6980715529e-01,1.1151338669e-02,9.6959395368e-04,7.8655411216e-03,1.8829208634e+00
9.7800000000e+02,5.1094331281e-03,1.5117941288e-02,7.8844970910e-01,1.7113837924e-01,1.1271490662e-02,9.8123651491e-04,7.9318100753e-03,1.8889449126e+00
9.7850000000e+02,5.0635607090e-03,1.4992014817e-02,7.8995781196e-01,1.6969850650e-01,1.1296696393e-02,9.6666287337e-04,8.0247467478e-03,1.8862545212e+00
9.7900000000e+02,5.0783817483e-03,1.4958807980e-02,7.9014881966e-01,1.6941164995e-01,1.1350751244e-02,9.6416889252e-04,8.0874205236e-03,1.8875395380e+00
9.7950000000e+02,5.0680993785e-03,1.4921196196e-02,7.9000937105e-01,1.6955322287e-01,1.1348524915e-02,9.7183557933e-04,8.1277500053e-03,1.8892809441e+00
9.8000000000e+02,5.0234687054e-03,1.4829038562e-02,7.8880477572e-01,1.7063685055e-01,1.1471135197e-02,9.7519523383e-04,8.2595360348e-03,1.8953511348e+00
9.8050000000e+02,5.0665730717e-03,1.4833943434e-02,7.8741928381e-01,1.7176222277e-01,1.1582949748e-02,9.7785509064e-04,8.3571720744e-03,1.9026480198e+00
9.8100000000e+02,5.0886369967e-03,1.4850493533e-02,7.8645183680e-01,1.7254486642e-01,1.1643637465e-02,9.8137147547e-04,8.4391573196e-03,1.9081200462e+00
9.8150000000e+02,5.0916615934e-03,1.4833235072e-02,7.8612676744e-01,1.7271904704e-01,1.1731068999e-02,9.9353589044e-04,8.5046839653e-03,1.9134344397e+00
9.8200000000e+02,5.1011491043e-03,1.4903215197e-02,7.8393063924e-01,1.7461443204e-01,1.1849200581e-02,1.0012379733e-03,8.6001258669e-03,1.9229224040e+00
9.8250000000e+02,5.1007924255e-03,1.4978692937e-02,7.8409775843e-01,1.7420670172e-01,1.1890661098e-02,1.0040429972e-03,8.7213503910e-03,1.9246091204e+00
9.8300000000e+02,5.1274607074e-03,1.4934294128e-02,7.8282123588e-01,1.7534172797e-01,1.1964443178e-02,1.0072290382e-03,8.8036091054e-03,1.9311450044e+00
9.8350000000e+02,5.1203455808e-03,1.4888436166e-02,7.8274339357e-01,1.7530509854e-01,1.2022539782e-02,1.0068808645e-03,8.9133054982e-03,1.9323715402e+00
9.8400000000e+02,5.1475426991e-03,1.4814481050e-02,7.8094280033e-01,1.7686687901e-01,1.2202892400e-02,1.0104964599e-03,9.0149080567e-03,1.9392944596e+00
9.8450000000e+02,5.1438151686e-03,1.4707759136e-02,7.8262823896e-01,1.7530444691e-01,1.2193084330e-02,1.0043728912e-03,9.0182826010e-03,1.9352284975e+00
9.8500000000e+02,5.1494794334e-03,1.4743176975e-02,7.8226491761e-01,1.7546336924e-01,1.2247603554e-02,1.0059109467e-03,9.1255422388e-03,1.9391936014e+00
9.8550000000e+02,5.1174394535e-03,1.4702004330e-02,7.8267502663e-01,1.7502994715e-01,1.2275001444e-02,1.0106931910e-03,9.1898878010e-03,1.9396954546e+00
9.8600000000e+02,5.1572750469e-03,1.4677398113e-02,7.8253319711e-01,1.7505513308e-01,1.2288431287e-02,1.0129937192e-03,9.2755716392e-03,1.9434859640e+00
9.8650000000e+02,5.1508528181e-03,1.4598755387e-02,7.8301891409e-01,1.7462840578e-01,1.2321683110e-02,9.9860389968e-04,9.2827849130e-03,1.9423308840e+00
9.8700000000e+02,5.1716412211e-03,1.4607114250e-02,7.8201010496e-01,1.7541024052e-01,1.2367550527e-02,1.0085426092e-03,9.4248059182e-03,1.9482360510e+00
9.8750000000e+02,5.1728281047e-03,1.4675588987e-02,7.8170697774e-01,1.7545550510e-01,1.2444037318e-02,1.0182509407e-03,9.5268118070e-03,1.9514866925e+00
9.8800000000e+02,5.1842675003e-03,1.4583358323e-02,7.8115212943e-01,1.7588953484e-01,1.2520590952e-02,1.0172937598e-03,9.6528251960e-03,1.9546756554e+00
9.8850000000e+02,5.2341685415e-03,1.4683258093e-02,7.7965751906e-01,1.7696134376e-01,1.2632688473e-02,1.0289176265e-03,9.8021044508e-03,1.9628055426e+00
9.8900000000e+02,5.2823481561e-03,1.4706094093e-02,7.7855436042e-01,1.7780516584e-01,1.2712522310e-02,1.0325741254e-03,9.9069350529e-03,1.9696464876e+00
9.8950000000e+02,5.3226695724e-03,1.4798086447e-02,7.7663805292e-01,1.7921899948e-01,1.2922183084e-02,1.0418091373e-03,1.0058199362e-02,1.9806633189e+00
9.9000000000e+02,5.3012669703e-03,1.4779851314e-02,7.7613557179e-01,1.7974311142e-01,1.2922065957e-02,1.0404692335e-03,1.0077663318e-02,1.9816485794e+00
9.9050000000e+02,5.3150465191e-03,1.4814444713e-02,7.7625605654e-01,1.7929101335e-01,1.3128032060e-02,1.0481834229e-03,1.0147223395e-02,1.9877751190e+00
9.9100000000e+02,5.3331765365e-03,1.4845365106e-02,7.7466458416e-01,1.8049949708e-01,1.3329364283e-02,1.0594249564e-03,1.0268587877e-02,1.9973435868e+00
9.9150000000e+02,5.3083585038e-03,1.4841254363e-02,7.7443470492e-01,1.8060508130e-01,1.3459845172e-02,1.0744578377e-03,1.0276297899e-02,2.0007221107e+00
9.9200000000e+02,5.3254422514e-03,1.4817927046e-02,7.7349271341e-01,1.8137771007e-01,1.3498097397e-02,1.0791769931e-03,1.0408932832e-02,2.0044626530e+00
9.9250000000e+02,5.3041763322e-03,1.4860899639e-02,7.7386861113e-01,1.8089819271e-01,1.3498020544e-02,1.0764753487e-03,1.0493624301e-02,2.0048582763e+00
9.9300000000e+02,5.2817055239e-03,1.4893618802e-02,7.7425909787e-01,1.8043738887e-01,1.3514446638e-02,1.0776818028e-03,1.0536060494e-02,2.0051230883e+00
9.9350000000e+02,5.2685347681e-03,1.4900985141e-02,7.7390113733e-01,1.8059311187e-01,1.3636214905e-02,1.0747256835e-03,1.0625290296e-02,2.0074101347e+00
9.9400000000e+02,5.3007680790e-03,1.5016188731e-02,7.7345069791e-01,1.8056048232e-01,1.3840705754e-02,1.0853501707e-03,1.0745807042e-02,2.0155200461e+00
9.9450000000e+02,5.2998168409e-03,1.5024810526e-02,7.7327502832e-01,1.8052336209e-01,1.3972366984e-02,1.0937031604e-03,1.0810912077e-02,2.0180198320e+00
9.9500000000e+02,5.3296475207e-03,1.5120622903e-02,7.7168676742e-01,1.8160470912e-01,1.4205693379e-02,1.1056352145e-03,1.0946924445e-02,2.0269826200e+00
9.9550000000e+02,5.3741646503e-03,1.5165548958e-02,7.7111289912e-01,1.8179996651e-01,1.4378146394e-02,1.1138908767e-03,1.1055383490e-02,2.0337845076e+00
9.9600000000e+02,5.3885191005e-03,1.5135673499e-02,7.6984453812e-01,1.8295921956e-01,1.4389598458e-02,1.1151483582e-03,1.1167302898e-02,2.0380781478e+00
9.9650000000e+02,5.3628223865e-03,1.5011261587e-02,7.7015935179e-01,1.8244950005e-01,1.4546723908e-02,1.1262077367e-03,1.1344132540e-02,2.0406494286e+00
9.9700000000e+02,5.3525629958e-03,1.5059555423e-02,7.7107786850e-01,1.8131258645e-01,1.4648702154e-02,1.1336112689e-03,1.1415113214e-02,2.0417850965e+00
9.9750000000e+02,5.3811815763e-03,1.4990985152e-02,7.7066357892e-01,1.8157284019e-01,1.4746088082e-02,1.1420185257e-03,1.1503307549e-02,2.0445495901e+00
9.9800000000e+02,5.3839465279e-03,1.4971582852e-02,7.7078200650e-01,1.8135523088e-01,1.4831326611e-02,1.1508643384e-03,1.1525042297e-02,2.0457471253e+00
9.9850000000e+02,5.3773312252e-03,1.4982314256e-02,7.6979539220e-01,1.8220223418e-01,1.4901656741e-02,1.1529399588e-03,1.1588131441e-02,2.0491725666e+00
9.9900000000e+02,5.3973632581e-03,1.4911221728e-02,7.6872083173e-01,1.8281361488e-01,1.5220940993e-02,1.1688473602e-03,1.1767180051e-02,2.0563929746e+00
9.9950000000e+02,5.4234132905e-03,1.4915932196e-02,7.6711695279e-01,1.8398787459e-01,1.5459037033e-02,1.1811420930e-03,1.1915648014e-02,2.0645911829e+00

# METADATA: {"config_sha256": "dbd0332771fb", "provenance": "Hardened_JPCL_Resubmission_v1.3", "git_commit_sha": "4883ee974158"}
