time_fs,population_site_1,population_site_2,population_site_3,population_site_4,population_site_5,population_site_6,population_site_7,coherences
0.0000000000e+00,3.7806362608e-08,3.7525974653e-03,3.5098932029e-01,5.2939634568e-01,5.6285165795e-02,1.0929796027e-03,5.8483553366e-02,2.5858406530e+00
5.0000000000e-01,2.0065708160e-07,3.7278186849e-03,3.5269603018e-01,5.2784883563e-01,5.6040327902e-02,1.0919431061e-03,5.8594843833e-02,2.5860792558e+00
1.0000000000e+00,6.8924275538e-07,3.7271986710e-03,3.5285535363e-01,5.2745666301e-01,5.6100544738e-02,1.0847889137e-03,5.8774761796e-02,2.5883221000e+00
1.5000000000e+00,1.4930248975e-06,3.7335431768e-03,3.5190836969e-01,5.2876747187e-01,5.5809706034e-02,1.0830359611e-03,5.8696380243e-02,2.5872475258e+00
2.0000000000e+00,2.6350997797e-06,3.7442255739e-03,3.5522211761e-01,5.2520646012e-01,5.5742470424e-02,1.0876398631e-03,5.8994451308e-02,2.5922556625e+00
2.5000000000e+00,4.1096842548e-06,3.7508798602e-03,3.5494652070e-01,5.2475889621e-01,5.5989717525e-02,1.0908426809e-03,5.9459033344e-02,2.5975666224e+00
3.0000000000e+00,5.8552883078e-06,3.7206137480e-03,3.5473716687e-01,5.2511204919e-01,5.5827753554e-02,1.0834849433e-03,5.9513076412e-02,2.5969215699e+00
3.5000000000e+00,7.9707160545e-06,3.7222331898e-03,3.5373871286e-01,5.2587109106e-01,5.5746109245e-02,1.0871726049e-03,5.9826710325e-02,2.5991534056e+00
4.0000000000e+00,1.0407253995e-05,3.7120581963e-03,3.5590469098e-01,5.2316630512e-01,5.6352324366e-02,1.0802991847e-03,5.9773914895e-02,2.6042410308e+00
4.5000000000e+00,1.3104239574e-05,3.6986366198e-03,3.5570837918e-01,5.2408180903e-01,5.5736874336e-02,1.0824954690e-03,5.9678701126e-02,2.6014372721e+00
5.0000000000e+00,1.6219662986e-05,3.7127636992e-03,3.5456840310e-01,5.2502699705e-01,5.5976182054e-02,1.0773764703e-03,5.9622057955e-02,2.6034540021e+00
5.5000000000e+00,1.9675287398e-05,3.7325852143e-03,3.5485077347e-01,5.2506976148e-01,5.5678167260e-02,1.0730488424e-03,5.9575988447e-02,2.6032111564e+00
6.0000000000e+00,2.3325480399e-05,3.7241708043e-03,3.5529247167e-01,5.2547556920e-01,5.5424397579e-02,1.0760949322e-03,5.8983970340e-02,2.6001154879e+00
6.5000000000e+00,2.7089754010e-05,3.7154214688e-03,3.5570323916e-01,5.2578605707e-01,5.5065871974e-02,1.0731871497e-03,5.8629133422e-02,2.5974832659e+00
7.0000000000e+00,3.1304778998e-05,3.7068974166e-03,3.5628372691e-01,5.2546764834e-01,5.5097673863e-02,1.0740081189e-03,5.8338740576e-02,2.5973681079e+00
7.5000000000e+00,3.6176336329e-05,3.7299105296e-03,3.5769886984e-01,5.2442333296e-01,5.4713167795e-02,1.0714848155e-03,5.8327057716e-02,2.5975730514e+00
8.0000000000e+00,4.1070420617e-05,3.7149427673e-03,3.6056325786e-01,5.2244389633e-01,5.4569025926e-02,1.0656460245e-03,5.7602160670e-02,2.5948789401e+00
8.5000000000e+00,4.6393889462e-05,3.7410834983e-03,3.6049070812e-01,5.2289706497e-01,5.4131132831e-02,1.0675811018e-03,5.7626035592e-02,2.5946130806e+00
9.0000000000e+00,5.2056946513e-05,3.7441381611e-03,3.6108996501e-01,5.2323374668e-01,5.3747288106e-02,1.0653000819e-03,5.7067505021e-02,2.5908818611e+00
9.5000000000e+00,5.7832514912e-05,3.7585471548e-03,3.6175083799e-01,5.2283438249e-01,5.3936614419e-02,1.0599988069e-03,5.6601786628e-02,2.5911435540e+00
1.0000000000e+01,6.4027558531e-05,3.7548277427e-03,3.6155314649e-01,5.2388879289e-01,5.3505674128e-02,1.0568681793e-03,5.6176663003e-02,2.5874229645e+00
1.0500000000e+01,7.0558778301e-05,3.7786708861e-03,3.6060659805e-01,5.2485523940e-01,5.3648121783e-02,1.0555706501e-03,5.5985240453e-02,2.5887202776e+00
1.1000000000e+01,7.7633179481e-05,3.7893123670e-03,3.5976432446e-01,5.2534731047e-01,5.3690723750e-02,1.0481274469e-03,5.6282568331e-02,2.5906382317e+00
1.1500000000e+01,8.4034302777e-05,3.7645225520e-03,3.5957233691e-01,5.2648553167e-01,5.3269710665e-02,1.0381713922e-03,5.5785692514e-02,2.5853965260e+00
1.2000000000e+01,9.1288297620e-05,3.7545474438e-03,3.5987566564e-01,5.2641875601e-01,5.3376564070e-02,1.0338269198e-03,5.5449351625e-02,2.5853304200e+00
1.2500000000e+01,9.8809860121e-05,3.7829401894e-03,3.6089670672e-01,5.2539140642e-01,5.3306176631e-02,1.0304315824e-03,5.5493528595e-02,2.5873474266e+00
1.3000000000e+01,1.0640430080e-04,3.7865850374e-03,3.6093163151e-01,5.2600120418e-01,5.2949623586e-02,1.0243191599e-03,5.5200232225e-02,2.5841013507e+00
1.3500000000e+01,1.1455051329e-04,3.7935389589e-03,3.6277074406e-01,5.2466064431e-01,5.2826896919e-02,1.0200794647e-03,5.4813545769e-02,2.5825868257e+00
1.4000000000e+01,1.2302617832e-04,3.8085980720e-03,3.6212827984e-01,5.2591576279e-01,5.2516314686e-02,1.0175078771e-03,5.4490510551e-02,2.5804105661e+00
1.4500000000e+01,1.3030864726e-04,3.8075222521e-03,3.6281511752e-01,5.2642195581e-01,5.1970373674e-02,1.0157210795e-03,5.3839001016e-02,2.5748666208e+00
1.5000000000e+01,1.3952088272e-04,3.8155481806e-03,3.6199153021e-01,5.2788943840e-01,5.1640436443e-02,1.0107229283e-03,5.3512802964e-02,2.5719320335e+00
1.5500000000e+01,1.4924503487e-04,3.8387518382e-03,3.6287790499e-01,5.2749867177e-01,5.1359092731e-02,1.0051793870e-03,5.3271154249e-02,2.5710790309e+00
1.6000000000e+01,1.5692918722e-04,3.8621098444e-03,3.6313871553e-01,5.2804522299e-01,5.1197627484e-02,1.0018336586e-03,5.2597561312e-02,2.5681635694e+00
1.6500000000e+01,1.6644320374e-04,3.8863260361e-03,3.6300792625e-01,5.2893848168e-01,5.0979797891e-02,9.9444710915e-04,5.2026577833e-02,2.5649452523e+00
1.7000000000e+01,1.7682440521e-04,3.9396445651e-03,3.6418289481e-01,5.2835137534e-01,5.0800844530e-02,9.8600106181e-04,5.1562415288e-02,2.5641448538e+00
1.7500000000e+01,1.8571551685e-04,3.9461732018e-03,3.6598322633e-01,5.2799126893e-01,5.0110876393e-02,9.7381270981e-04,5.0808926918e-02,2.5569334469e+00
1.8000000000e+01,1.9530117294e-04,3.9846954052e-03,3.6733065933e-01,5.2771564538e-01,4.9808887913e-02,9.6759194755e-04,4.9997218855e-02,2.5528587673e+00
1.8500000000e+01,2.0489223982e-04,4.0210949382e-03,3.6769639292e-01,5.2750197605e-01,4.9983550111e-02,9.6393596043e-04,4.9628157783e-02,2.5537052858e+00
1.9000000000e+01,2.1320110802e-04,4.0290975023e-03,3.6799265357e-01,5.2856482670e-01,4.9382936013e-02,9.4978879728e-04,4.8867496303e-02,2.5458311796e+00
1.9500000000e+01,2.2442439199e-04,4.0623885362e-03,3.6914227241e-01,5.2817633463e-01,4.9048849432e-02,9.3381706687e-04,4.8411913532e-02,2.5422192322e+00
2.0000000000e+01,2.3505835907e-04,4.0846615364e-03,3.6740492374e-01,5.3069147677e-01,4.8567384952e-02,9.3078360308e-04,4.8085711043e-02,2.5377239842e+00
2.0500000000e+01,2.4661898153e-04,4.1226770103e-03,3.6671710404e-01,5.3174706285e-01,4.8438112692e-02,9.2049029628e-04,4.7807934132e-02,2.5363348339e+00
2.1000000000e+01,2.5799906954e-04,4.1545730533e-03,3.6821242459e-01,5.3086254452e-01,4.8118720699e-02,9.1096604570e-04,4.7482772020e-02,2.5348155391e+00
2.1500000000e+01,2.6994581651e-04,4.1751734041e-03,3.7050942599e-01,5.2956160754e-01,4.7702291132e-02,9.0321386498e-04,4.6878342250e-02,2.5312502215e+00
2.2000000000e+01,2.8164044962e-04,4.2400973322e-03,3.7122568850e-01,5.2936671173e-01,4.7379194579e-02,8.9031588725e-04,4.6616351521e-02,2.5296137966e+00
2.2500000000e+01,2.9565440430e-04,4.3126262096e-03,3.7200479289e-01,5.2898557479e-01,4.7092686841e-02,8.7948196364e-04,4.6429182900e-02,2.5295251478e+00
2.3000000000e+01,3.0959107994e-04,4.3576351341e-03,3.7493488851e-01,5.2701420723e-01,4.6519248099e-02,8.7111504254e-04,4.5993314898e-02,2.5266455347e+00
2.3500000000e+01,3.2231519704e-04,4.4265808431e-03,3.7513165293e-01,5.2710572817e-01,4.6468348771e-02,8.5670143731e-04,4.5688672652e-02,2.5263683025e+00
2.4000000000e+01,3.3465096923e-04,4.4520275731e-03,3.7522033503e-01,5.2766577726e-01,4.6388502008e-02,8.4564402320e-04,4.5093063138e-02,2.5225300758e+00
2.4500000000e+01,3.5215216203e-04,4.5058525204e-03,3.7433937932e-01,5.2853681098e-01,4.6585509846e-02,8.3537840259e-04,4.4844916769e-02,2.5236174259e+00
2.5000000000e+01,3.6571309747e-04,4.5663281297e-03,3.7607217864e-01,5.2701716315e-01,4.6411200919e-02,8.2283986140e-04,4.4744576203e-02,2.5250451555e+00
2.5500000000e+01,3.8051858719e-04,4.6621512340e-03,3.7623969885e-01,5.2731985532e-01,4.6212817150e-02,8.1022115142e-04,4.4374737706e-02,2.5243699351e+00
2.6000000000e+01,3.9466634171e-04,4.7259165979e-03,3.7729330566e-01,5.2689844494e-01,4.5959124051e-02,7.9398633257e-04,4.3934556069e-02,2.5221083431e+00
2.6500000000e+01,4.0980725089e-04,4.7845256285e-03,3.7956262250e-01,5.2468927077e-01,4.6142842857e-02,7.7403558350e-04,4.3636895404e-02,2.5236619341e+00
2.7000000000e+01,4.2305271266e-04,4.7952697588e-03,3.8134661016e-01,5.2363607373e-01,4.5965332503e-02,7.5514068639e-04,4.3078520444e-02,2.5197569271e+00
2.7500000000e+01,4.3639402008e-04,4.8173156008e-03,3.8263211452e-01,5.2279899778e-01,4.6015411871e-02,7.3476668044e-04,4.2564999523e-02,2.5167096282e+00
2.8000000000e+01,4.5020427692e-04,4.8983381501e-03,3.8270369694e-01,5.2273192555e-01,4.6053915922e-02,7.1682593454e-04,4.2445093226e-02,2.5175269986e+00
2.8500000000e+01,4.6474294707e-04,4.9607647718e-03,3.8193045100e-01,5.2324364815e-01,4.6418934930e-02,6.9993298171e-04,4.2281525215e-02,2.5192443432e+00
2.9000000000e+01,4.8154674503e-04,5.0364937275e-03,3.8181087466e-01,5.2365485462e-01,4.6472437382e-02,6.8113915744e-04,4.1862653714e-02,2.5184460862e+00
2.9500000000e+01,4.9774852888e-04,5.1325153724e-03,3.8342740598e-01,5.2210985132e-01,4.6619120472e-02,6.6133472435e-04,4.1552023607e-02,2.5197224848e+00
3.0000000000e+01,5.1500259630e-04,5.2090752875e-03,3.8231535893e-01,5.2344600420e-01,4.6740020060e-02,6.4366914557e-04,4.1130869781e-02,2.5182822933e+00
3.0500000000e+01,5.2912444952e-04,5.2555790048e-03,3.8445650627e-01,5.2148599880e-01,4.6561490039e-02,6.2483031025e-04,4.1086471127e-02,2.5178923787e+00
3.1000000000e+01,5.4603728762e-04,5.3566645674e-03,3.8461680348e-01,5.2121163142e-01,4.6572771099e-02,6.0828294634e-04,4.1087809194e-02,2.5187388718e+00
3.1500000000e+01,5.6277841775e-04,5.4187385183e-03,3.8570458210e-01,5.2015050711e-01,4.6635695617e-02,5.9510850106e-04,4.0932589737e-02,2.5184994455e+00
3.2000000000e+01,5.8080854012e-04,5.5026397700e-03,3.8670595491e-01,5.1918881705e-01,4.6477551292e-02,5.7986987214e-04,4.0964358566e-02,2.5191661560e+00
3.2500000000e+01,5.9846659686e-04,5.5697586949e-03,3.8835471169e-01,5.1734681033e-01,4.6613564424e-02,5.6311308467e-04,4.0953575177e-02,2.5218880501e+00
3.3000000000e+01,6.1478777912e-04,5.6249916820e-03,3.8999087640e-01,5.1559926615e-01,4.6692516425e-02,5.4356978992e-04,4.0933991774e-02,2.5237164780e+00
3.3500000000e+01,6.3434303062e-04,5.6922808872e-03,3.9197384856e-01,5.1317830999e-01,4.7124624573e-02,5.2709325160e-04,4.0869499713e-02,2.5268748469e+00
3.4000000000e+01,6.5425798524e-04,5.7602301664e-03,3.9465855264e-01,5.1055870262e-01,4.7144469066e-02,5.0784342157e-04,4.0715944095e-02,2.5276585324e+00
3.4500000000e+01,6.7406384747e-04,5.8343707448e-03,3.9445325643e-01,5.1052225341e-01,4.7410959743e-02,4.8808288770e-04,4.0617012940e-02,2.5299513810e+00
3.5000000000e+01,6.9286081441e-04,5.8504713914e-03,3.9438215503e-01,5.1095322312e-01,4.7257784964e-02,4.7063691093e-04,4.0392867771e-02,2.5268315039e+00
3.5500000000e+01,7.1224279761e-04,5.9088129115e-03,3.9581999532e-01,5.0883297189e-01,4.7756538136e-02,4.4701907799e-04,4.0522419861e-02,2.5315955425e+00
3.6000000000e+01,7.3675502372e-04,5.9438625849e-03,3.9745999531e-01,5.0665528712e-01,4.8059369179e-02,4.2894339321e-04,4.0715787389e-02,2.5352701112e+00
3.6500000000e+01,7.5785551005e-04,6.0157211374e-03,3.9930096821e-01,5.0482720292e-01,4.7869324130e-02,4.1326490983e-04,4.0815663184e-02,2.5360056082e+00
3.7000000000e+01,7.7573189680e-04,6.0902012381e-03,4.0112338338e-01,5.0327493134e-01,4.7813684216e-02,3.9697137517e-04,4.0525096551e-02,2.5347462740e+00
3.7500000000e+01,7.9423621640e-04,6.1752506376e-03,4.0253242965e-01,5.0190429107e-01,4.7901739275e-02,3.8180932536e-04,4.0310243826e-02,2.5349850466e+00
3.8000000000e+01,8.2001050759e-04,6.2396255889e-03,4.0421874963e-01,4.9985337127e-01,4.8091691069e-02,3.6972218704e-04,4.0406829748e-02,2.5386982496e+00
3.8500000000e+01,8.5015065551e-04,6.3564219272e-03,4.0734983814e-01,4.9616149029e-01,4.8367569909e-02,3.5631667252e-04,4.0558212406e-02,2.5442328236e+00
3.9000000000e+01,8.7277895397e-04,6.4141294568e-03,4.0944277222e-01,4.9390636675e-01,4.8449978214e-02,3.4614543927e-04,4.0567828967e-02,2.5455095791e+00
3.9500000000e+01,8.9724368846e-04,6.4576249857e-03,4.1218543722e-01,4.9102154784e-01,4.8712747464e-02,3.3255156820e-04,4.0392847234e-02,2.5461934819e+00
4.0000000000e+01,9.1710630455e-04,6.5277821916e-03,4.1514332411e-01,4.8811662972e-01,4.8782910447e-02,3.2333694050e-04,4.0188910291e-02,2.5461151883e+00
4.0500000000e+01,9.3942565851e-04,6.6036784950e-03,4.1647464013e-01,4.8661111058e-01,4.8718519759e-02,3.1081054267e-04,4.0341814840e-02,2.5465105729e+00
4.1000000000e+01,9.6247892490e-04,6.6640802825e-03,4.1875875252e-01,4.8448208085e-01,4.8652057674e-02,2.9880597354e-04,4.0181743768e-02,2.5453192105e+00
4.1500000000e+01,9.9792115934e-04,6.7309438784e-03,4.2066309202e-01,4.8241557954e-01,4.8763644235e-02,2.9095690696e-04,4.0137862265e-02,2.5473192293e+00
4.2000000000e+01,1.0290301364e-03,6.7692296456e-03,4.2449988385e-01,4.7827325349e-01,4.8931024635e-02,2.8126840512e-04,4.0216309838e-02,2.5492686542e+00
4.2500000000e+01,1.0521040003e-03,6.8309983252e-03,4.2552462661e-01,4.7760267120e-01,4.8895286984e-02,2.7128872398e-04,3.9823024152e-02,2.5459362855e+00
4.3000000000e+01,1.0822144009e-03,6.9644725578e-03,4.2584896701e-01,4.7709214902e-01,4.9003861297e-02,2.6822244903e-04,3.9740113272e-02,2.5479162385e+00
4.3500000000e+01,1.1079186492e-03,7.0628829174e-03,4.2835810727e-01,4.7446321124e-01,4.8972920216e-02,2.6201265113e-04,3.9772947052e-02,2.5493936720e+00
4.4000000000e+01,1.1349615142e-03,7.1142893966e-03,4.3196687021e-01,4.7022923457e-01,4.9355072187e-02,2.5879229483e-04,3.9940779831e-02,2.5540203570e+00
4.4500000000e+01,1.1647178199e-03,7.1585999700e-03,4.3438608246e-01,4.6732235100e-01,4.9855443091e-02,2.5590044984e-04,3.9856905210e-02,2.5583700120e+00
4.5000000000e+01,1.1969677751e-03,7.2712322688e-03,4.3690539018e-01,4.6444857344e-01,4.9877480914e-02,2.5336803976e-04,4.0046987378e-02,2.5618482853e+00
4.5500000000e+01,1.2264186092e-03,7.3427771735e-03,4.3886055343e-01,4.6186076452e-01,5.0083988261e-02,2.5545895707e-04,4.0370039055e-02,2.5672985444e+00
4.6000000000e+01,1.2480119416e-03,7.4052002369e-03,4.4065197480e-01,4.6023204198e-01,4.9920646715e-02,2.5393498889e-04,4.0288189339e-02,2.5668150142e+00
4.6500000000e+01,1.2764984740e-03,7.4544116468e-03,4.4383242587e-01,4.5732441033e-01,4.9689331629e-02,2.5638922009e-04,4.0166532835e-02,2.5659751475e+00
4.7000000000e+01,1.3091054065e-03,7.5384998006e-03,4.4780638053e-01,4.5305922185e-01,4.9675183468e-02,2.6045110251e-04,4.0351157844e-02,2.5685978602e+00
4.7500000000e+01,1.3386055834e-03,7.5906693644e-03,4.5102885837e-01,4.4947645311e-01,4.9750175208e-02,2.6571331566e-04,4.0549525052e-02,2.5719370955e+00
4.8000000000e+01,1.3838816374e-03,7.6405329524e-03,4.5411387915e-01,4.4634234229e-01,4.9801384328e-02,2.7222109619e-04,4.0445758545e-02,2.5751458115e+00
4.8500000000e+01,1.4225428064e-03,7.6809434783e-03,4.5556891455e-01,4.4428517485e-01,5.0277223207e-02,2.7997517247e-04,4.0485225939e-02,2.5805634310e+00
4.9000000000e+01,1.4583547336e-03,7.7741462692e-03,4.5823340581e-01,4.4086459844e-01,5.0598695335e-02,2.9027915402e-04,4.0780520263e-02,2.5890451289e+00
4.9500000000e+01,1.4898422987e-03,7.8993518608e-03,4.6248280065e-01,4.3567622707e-01,5.0983603281e-02,3.0669213136e-04,4.1161482702e-02,2.5977324479e+00
5.0000000000e+01,1.5214381844e-03,7.9119188320e-03,4.6707781867e-01,4.3032960208e-01,5.1102588346e-02,3.1904351773e-04,4.1737590365e-02,2.6050052715e+00
5.0500000000e+01,1.5540016282e-03,7.9875167998e-03,4.6805081728e-01,4.2882164948e-01,5.1352514762e-02,3.3929839493e-04,4.1894201661e-02,2.6116372461e+00
5.1000000000e+01,1.5948468947e-03,8.0655543617e-03,4.7272936047e-01,4.2392941664e-01,5.1253862321e-02,3.5730262557e-04,4.2069656689e-02,2.6165617865e+00
5.1500000000e+01,1.6348836124e-03,8.2226870551e-03,4.7478975500e-01,4.2075936685e-01,5.1588448197e-02,3.7689426862e-04,4.2627965018e-02,2.6281442666e+00
5.2000000000e+01,1.6733375126e-03,8.2820644803e-03,4.7655154134e-01,4.1869730211e-01,5.1593850843e-02,3.9895244930e-04,4.2802951273e-02,2.6330376995e+00
5.2500000000e+01,1.7237987539e-03,8.3491763325e-03,4.7950942482e-01,4.1452002385e-01,5.2490695214e-02,4.2332718748e-04,4.2983553846e-02,2.6428296757e+00
5.3000000000e+01,1.7671935416e-03,8.4461594638e-03,4.8310945656e-01,4.1047935826e-01,5.2444930248e-02,4.5138620283e-04,4.3301515723e-02,2.6496927937e+00
5.3500000000e+01,1.8261677733e-03,8.5543299231e-03,4.8343486801e-01,4.0905612566e-01,5.2917696329e-02,4.7902921374e-04,4.3731783090e-02,2.6628235352e+00
5.4000000000e+01,1.8712716937e-03,8.6006199427e-03,4.8606890068e-01,4.0621115574e-01,5.3095573815e-02,5.0498358211e-04,4.3647494548e-02,2.6680022672e+00
5.4500000000e+01,1.9044346568e-03,8.6573288378e-03,4.8874174655e-01,4.0306835797e-01,5.3212476428e-02,5.3617446371e-04,4.3879481094e-02,2.6737727248e+00
5.5000000000e+01,1.9412153124e-03,8.6779498329e-03,4.9289855895e-01,3.9863311715e-01,5.3303167609e-02,5.6862281436e-04,4.3977368332e-02,2.6780725042e+00
5.5500000000e+01,1.9915166117e-03,8.7375763162e-03,4.9513947136e-01,3.9610588455e-01,5.3478061800e-02,6.0128309899e-04,4.3946206261e-02,2.6846859193e+00
5.6000000000e+01,2.0310570521e-03,8.7582292559e-03,4.9782789552e-01,3.9321157078e-01,5.3595689201e-02,6.3921043105e-04,4.3936347757e-02,2.6900505690e+00
5.6500000000e+01,2.0873658758e-03,8.8437886700e-03,5.0134654099e-01,3.8887015102e-01,5.3702856007e-02,6.8499550617e-04,4.4464301924e-02,2.6993542727e+00
5.7000000000e+01,2.1432749980e-03,8.9168691385e-03,5.0429422600e-01,3.8522499956e-01,5.3760117455e-02,7.2242243646e-04,4.4938090417e-02,2.7083603643e+00
5.7500000000e+01,2.1845437058e-03,8.9480719414e-03,5.0741515762e-01,3.8239180218e-01,5.3525520839e-02,7.5752980887e-04,4.4777373904e-02,2.7091700425e+00
5.8000000000e+01,2.2277128036e-03,8.9564114610e-03,5.1089463758e-01,3.7876748003e-01,5.3589378133e-02,8.0037338371e-04,4.4764006606e-02,2.7117571342e+00
5.8500000000e+01,2.2963288701e-03,8.9866329636e-03,5.1429830724e-01,3.7479217385e-01,5.3613356589e-02,8.4910285934e-04,4.5164097628e-02,2.7192556210e+00
5.9000000000e+01,2.3721229722e-03,9.0196913043e-03,5.1734933539e-01,3.7062532405e-01,5.4037412187e-02,8.9390984275e-04,4.5702204255e-02,2.7300415151e+00
5.9500000000e+01,2.4241528930e-03,9.0885283533e-03,5.1976629544e-01,3.6757695709e-01,5.4198382543e-02,9.4333174471e-04,4.6002351940e-02,2.7377564763e+00
6.0000000000e+01,2.4713543349e-03,9.0710546932e-03,5.2281248590e-01,3.6432027520e-01,5.4106464467e-02,9.9584383017e-04,4.6222521580e-02,2.7418286699e+00
6.0500000000e+01,2.5299572936e-03,9.1164432463e-03,5.2684574347e-01,3.5989184426e-01,5.4195899065e-02,1.0428364237e-03,4.6377276245e-02,2.7457687936e+00
6.1000000000e+01,2.5990508664e-03,9.1583612934e-03,5.2946103757e-01,3.5655664645e-01,5.4502621633e-02,1.0936922538e-03,4.6628589933e-02,2.7525476446e+00
6.1500000000e+01,2.6472860842e-03,9.2201541691e-03,5.3405477897e-01,3.5216515361e-01,5.4262351487e-02,1.1420679000e-03,4.6508207782e-02,2.7532099685e+00
6.2000000000e+01,2.7240618072e-03,9.2477480687e-03,5.3854259846e-01,3.4715868657e-01,5.4331791445e-02,1.1971505341e-03,4.6797963116e-02,2.7584000350e+00
6.2500000000e+01,2.7860750603e-03,9.3285822019e-03,5.4127495604e-01,3.4395852827e-01,5.4300623253e-02,1.2526707608e-03,4.7098564411e-02,2.7640405654e+00
6.3000000000e+01,2.8233142255e-03,9.3205904465e-03,5.4743166922e-01,3.3809745589e-01,5.4127194824e-02,1.2954169461e-03,4.6904358445e-02,2.7600961936e+00
6.3500000000e+01,2.8905365160e-03,9.3597952252e-03,5.5007103487e-01,3.3500319109e-01,5.4158816527e-02,1.3588842269e-03,4.7157741537e-02,2.7655052448e+00
6.4000000000e+01,2.9443749556e-03,9.4400561212e-03,5.5393070996e-01,3.3138075958e-01,5.3945471728e-02,1.4179122627e-03,4.6940715392e-02,2.7657129003e+00
6.4500000000e+01,3.0070811948e-03,9.4288550003e-03,5.6033202347e-01,3.2517652745e-01,5.3835831605e-02,1.4748545382e-03,4.6744826749e-02,2.7626137363e+00
6.5000000000e+01,3.0818506343e-03,9.5029578590e-03,5.6549587698e-01,3.2013250504e-01,5.3588802760e-02,1.5344024499e-03,4.6663604282e-02,2.7611713862e+00
6.5500000000e+01,3.1574583532e-03,9.5121463921e-03,5.6949407855e-01,3.1619473532e-01,5.3220318287e-02,1.5942723956e-03,4.6826990710e-02,2.7619573494e+00
6.6000000000e+01,3.2339690972e-03,9.5586002579e-03,5.7344400590e-01,3.1180912125e-01,5.3278102294e-02,1.6565296355e-03,4.7019671562e-02,2.7647636099e+00
6.6500000000e+01,3.2918091238e-03,9.5329301909e-03,5.7760668984e-01,3.0799083119e-01,5.2987596940e-02,1.7136768228e-03,4.6876465892e-02,2.7611575314e+00
6.7000000000e+01,3.3361937604e-03,9.5222949752e-03,5.8262548796e-01,3.0386388438e-01,5.2391283621e-02,1.7764233954e-03,4.6484431913e-02,2.7553938804e+00
6.7500000000e+01,3.3937965673e-03,9.5379129676e-03,5.8666164583e-01,2.9961727980e-01,5.2418447397e-02,1.8330822608e-03,4.6537835181e-02,2.7557678076e+00
6.8000000000e+01,3.4802673377e-03,9.5590493541e-03,5.9000235710e-01,2.9611197227e-01,5.2195997285e-02,1.9043006926e-03,4.6746055963e-02,2.7574768434e+00
6.8500000000e+01,3.5623456637e-03,9.5301269839e-03,5.9439837293e-01,2.9216954943e-01,5.1752529871e-02,1.9720123458e-03,4.6615062783e-02,2.7540757483e+00
6.9000000000e+01,3.6462554391e-03,9.5167975539e-03,5.9938558050e-01,2.8751147560e-01,5.1449955662e-02,2.0496892374e-03,4.6440246003e-02,2.7508582196e+00
6.9500000000e+01,3.7371691877e-03,9.4783074456e-03,6.0532226003e-01,2.8228386293e-01,5.0759539230e-02,2.1233736270e-03,4.6295487544e-02,2.7439827051e+00
7.0000000000e+01,3.8123977256e-03,9.5051954414e-03,6.0979591961e-01,2.7829869468e-01,5.0348204719e-02,2.2072584065e-03,4.6032329416e-02,2.7388369803e+00
7.0500000000e+01,3.8572268281e-03,9.3717860665e-03,6.1358584550e-01,2.7542811076e-01,4.9599262017e-02,2.2558345504e-03,4.5901934276e-02,2.7289138372e+00
7.1000000000e+01,3.9058131133e-03,9.3937532024e-03,6.1992848508e-01,2.7053478387e-01,4.8573290718e-02,2.3216991143e-03,4.5342174902e-02,2.7175650219e+00
7.1500000000e+01,3.9940004609e-03,9.4066781758e-03,6.2595767344e-01,2.6523981505e-01,4.7873053253e-02,2.3924171733e-03,4.5136362443e-02,2.7105760945e+00
7.2000000000e+01,4.0635626230e-03,9.3979026402e-03,6.3099990982e-01,2.6074498175e-01,4.7413418944e-02,2.4714824855e-03,4.4908741742e-02,2.7033736479e+00
7.2500000000e+01,4.1352924544e-03,9.3510439440e-03,6.3610198815e-01,2.5661280442e-01,4.6884108398e-02,2.5567522442e-03,4.4358010391e-02,2.6947091035e+00
7.3000000000e+01,4.1789297494e-03,9.3305826040e-03,6.4232102252e-01,2.5150830363e-01,4.6072699900e-02,2.6133276704e-03,4.3975133930e-02,2.6816211918e+00
7.3500000000e+01,4.2448685198e-03,9.3746382312e-03,6.4612296234e-01,2.4836300534e-01,4.5696589288e-02,2.6849565279e-03,4.3512979753e-02,2.6737923625e+00
7.4000000000e+01,4.2938430548e-03,9.3897104739e-03,6.5232830098e-01,2.4320622159e-01,4.4903475865e-02,2.7456491488e-03,4.3132798883e-02,2.6597245569e+00
7.4500000000e+01,4.3572961043e-03,9.4024072770e-03,6.5667112619e-01,2.4012397997e-01,4.4183292175e-02,2.8190346838e-03,4.2442863602e-02,2.6482992724e+00
7.5000000000e+01,4.4374796088e-03,9.4190880436e-03,6.6130556388e-01,2.3633027226e-01,4.3202339614e-02,2.8990320559e-03,4.2406224537e-02,2.6396615327e+00
7.5500000000e+01,4.4804840660e-03,9.3953488604e-03,6.6668447792e-01,2.3290677407e-01,4.2127646454e-02,2.9329546871e-03,4.1472313944e-02,2.6209237191e+00
7.6000000000e+01,4.5552256118e-03,9.4489528816e-03,6.6939944847e-01,2.3085918791e-01,4.1776919952e-02,2.9929377819e-03,4.0967327395e-02,2.6141541934e+00
7.6500000000e+01,4.5880204962e-03,9.4625175557e-03,6.7407720990e-01,2.2704164296e-01,4.1339852512e-02,3.0406347216e-03,4.0450121860e-02,2.6021591915e+00
7.7000000000e+01,4.6231971563e-03,9.4956674609e-03,6.7719130463e-01,2.2491525689e-01,4.0742359371e-02,3.0667934438e-03,3.9965421041e-02,2.5923032575e+00
7.7500000000e+01,4.6761952657e-03,9.4929554960e-03,6.8184204225e-01,2.2144031721e-01,3.9877327136e-02,3.1120713499e-03,3.9559091294e-02,2.5791107768e+00
7.8000000000e+01,4.7528137532e-03,9.5148125667e-03,6.8495911959e-01,2.1908384250e-01,3.9298838814e-02,3.1600444839e-03,3.9230528296e-02,2.5705763684e+00
7.8500000000e+01,4.7727545938e-03,9.4925083881e-03,6.9071123175e-01,2.1521059289e-01,3.8400595139e-02,3.1807633824e-03,3.8231553859e-02,2.5489224641e+00
7.9000000000e+01,4.8325170541e-03,9.5103308145e-03,6.9513333155e-01,2.1168463250e-01,3.7612332836e-02,3.2345102430e-03,3.7992345004e-02,2.5371227810e+00
7.9500000000e+01,4.9243179915e-03,9.5401820884e-03,6.9928021864e-01,2.0867517502e-01,3.6672461396e-02,3.2822349153e-03,3.7625409945e-02,2.5249220497e+00
8.0000000000e+01,5.0076148398e-03,9.6331410937e-03,7.0370708136e-01,2.0501068298e-01,3.6113717609e-02,3.3340699942e-03,3.7193692117e-02,2.5137800732e+00
8.0500000000e+01,5.0562427642e-03,9.7065617241e-03,7.0902593615e-01,2.0101291939e-01,3.5106079492e-02,3.3641949971e-03,3.6728065479e-02,2.4957299879e+00
8.1000000000e+01,5.1276408198e-03,9.7928297226e-03,7.1305842428e-01,1.9807236733e-01,3.4401704380e-02,3.4080990400e-03,3.6138934426e-02,2.4833880540e+00
8.1500000000e+01,5.1895257397e-03,9.7907856909e-03,7.1733240264e-01,1.9481581052e-01,3.3828465857e-02,3.4543600121e-03,3.5588649546e-02,2.4699549038e+00
8.2000000000e+01,5.2610907527e-03,9.8283618594e-03,7.2154006818e-01,1.9154708021e-01,3.3332024776e-02,3.4937076754e-03,3.4997666544e-02,2.4559794116e+00
8.2500000000e+01,5.2825163581e-03,9.8024700130e-03,7.2568863997e-01,1.8863164355e-01,3.2568241811e-02,3.5346105345e-03,3.4491877770e-02,2.4399276224e+00
8.3000000000e+01,5.3942466927e-03,9.9040282593e-03,7.2966738551e-01,1.8576028259e-01,3.1927280185e-02,3.6086033280e-03,3.3738173433e-02,2.4275484433e+00
8.3500000000e+01,5.4958896802e-03,1.0002986370e-02,7.3287957862e-01,1.8351159688e-01,3.1262265893e-02,3.6448097447e-03,3.3202872805e-02,2.4169598997e+00
8.4000000000e+01,5.5383855256e-03,1.0078213870e-02,7.3642328426e-01,1.8105581807e-01,3.0657968774e-02,3.6911354165e-03,3.2555194085e-02,2.4031864432e+00
8.4500000000e+01,5.5152946671e-03,1.0173003603e-02,7.4018269449e-01,1.7872378433e-01,2.9887984860e-02,3.7219615184e-03,3.1795276531e-02,2.3861197740e+00
8.5000000000e+01,5.5903705074e-03,1.0263003367e-02,7.4320482638e-01,1.7654264633e-01,2.9371853228e-02,3.7677364933e-03,3.1259563698e-02,2.3736583273e+00
8.5500000000e+01,5.6341566443e-03,1.0316050502e-02,7.4572678067e-01,1.7532442121e-01,2.8682128038e-02,3.7863122374e-03,3.0530150703e-02,2.3601898239e+00
8.6000000000e+01,5.6747810678e-03,1.0368027640e-02,7.4932864253e-01,1.7310835797e-01,2.7722836008e-02,3.8113235300e-03,2.9986031247e-02,2.3438443794e+00
8.6500000000e+01,5.7081790106e-03,1.0356899163e-02,7.5331674395e-01,1.7099933769e-01,2.6763479105e-02,3.8197726388e-03,2.9035588448e-02,2.3214776914e+00
8.7000000000e+01,5.7729505048e-03,1.0408324488e-02,7.5673956820e-01,1.6919263060e-01,2.5767723634e-02,3.8194223986e-03,2.8299380179e-02,2.3024703889e+00
8.7500000000e+01,5.8370372136e-03,1.0506628839e-02,7.6090174993e-01,1.6612972798e-01,2.5183204489e-02,3.8374593605e-03,2.7604192183e-02,2.2849610298e+00
8.8000000000e+01,5.8549114034e-03,1.0541498492e-02,7.6480134357e-01,1.6372716910e-01,2.4391216771e-02,3.8354940309e-03,2.6848366633e-02,2.2634860254e+00
8.8500000000e+01,5.8487180970e-03,1.0540854763e-02,7.6863246253e-01,1.6161020339e-01,2.3495573289e-02,3.8431918090e-03,2.6028996116e-02,2.2419715346e+00
8.9000000000e+01,5.8987272591e-03,1.0672926979e-02,7.7150593279e-01,1.5966727233e-01,2.2919913461e-02,3.8642210559e-03,2.5471006129e-02,2.2277059942e+00
8.9500000000e+01,5.9627093897e-03,1.0787761078e-02,7.7505090568e-01,1.5701911336e-01,2.2467731287e-02,3.8784283535e-03,2.4833350855e-02,2.2120245646e+00
9.0000000000e+01,6.0250591656e-03,1.0837677074e-02,7.7731664619e-01,1.5571717165e-01,2.1859057285e-02,3.9269324916e-03,2.4317456140e-02,2.1988593412e+00
9.0500000000e+01,6.0500225455e-03,1.0942931329e-02,7.7898714230e-01,1.5518975662e-01,2.1182578350e-02,3.9530796388e-03,2.3694489225e-02,2.1855393404e+00
9.1000000000e+01,6.0792820970e-03,1.1012872163e-02,7.8258132356e-01,1.5294058462e-01,2.0467884982e-02,3.9723260897e-03,2.2945726484e-02,2.1663350426e+00
9.1500000000e+01,6.0653079988e-03,1.1049364769e-02,7.8605954067e-01,1.5055803472e-01,1.9955739031e-02,3.9576972588e-03,2.2354315555e-02,2.1459891054e+00
9.2000000000e+01,6.0426985464e-03,1.1133320972e-02,7.8916934710e-01,1.4879527602e-01,1.9368456345e-02,3.9445928735e-03,2.1546308152e-02,2.1266935105e+00
9.2500000000e+01,6.0505350444e-03,1.1315024049e-02,7.9155930153e-01,1.4743621305e-01,1.8754902542e-02,3.9466227970e-03,2.0937400989e-02,2.1110829344e+00
9.3000000000e+01,6.0861635952e-03,1.1313915439e-02,7.9445065847e-01,1.4571260044e-01,1.8085397216e-02,3.9419580389e-03,2.0409306799e-02,2.0927507469e+00
9.3500000000e+01,6.1062771697e-03,1.1417143789e-02,7.9675429369e-01,1.4475108034e-01,1.7347951705e-02,3.9277420921e-03,1.9695511211e-02,2.0741574998e+00
9.4000000000e+01,6.1044358408e-03,1.1447448353e-02,7.9994668932e-01,1.4270717236e-01,1.6742964654e-02,3.9329829893e-03,1.9118306482e-02,2.0534169642e+00
9.4500000000e+01,6.1390783088e-03,1.1595284511e-02,8.0274225396e-01,1.4083534516e-01,1.6286534132e-02,3.9381138027e-03,1.8463390128e-02,2.0373974062e+00
9.5000000000e+01,6.1313931140e-03,1.1570414633e-02,8.0590644509e-01,1.3889316624e-01,1.5677468432e-02,3.9372344551e-03,1.7883878034e-02,2.0163411032e+00
9.5500000000e+01,6.1425561046e-03,1.1765386537e-02,8.0848144553e-01,1.3733794670e-01,1.4978420685e-02,3.9314270320e-03,1.7362817414e-02,1.9980047271e+00
9.6000000000e+01,6.1412191105e-03,1.1854555026e-02,8.1047955057e-01,1.3626682161e-01,1.4636260912e-02,3.9001108597e-03,1.6721481908e-02,1.9812807610e+00
9.6500000000e+01,6.1666026485e-03,1.1958643792e-02,8.1167188141e-01,1.3601413030e-01,1.4261674422e-02,3.8695213495e-03,1.6057546075e-02,1.9682195536e+00
9.7000000000e+01,6.1313428646e-03,1.2029262571e-02,8.1413566203e-01,1.3460081248e-01,1.3751120983e-02,3.8255662595e-03,1.5526232812e-02,1.9478969056e+00
9.7500000000e+01,6.1460199148e-03,1.2084669974e-02,8.1669461242e-01,1.3307592714e-01,1.3219041401e-02,3.8339129316e-03,1.4945816218e-02,1.9298346588e+00
9.8000000000e+01,6.1282904699e-03,1.2141675123e-02,8.1871680000e-01,1.3216652338e-01,1.2768477620e-02,3.8214695504e-03,1.4256763857e-02,1.9116821354e+00
9.8500000000e+01,6.1502375622e-03,1.2202415547e-02,8.2161736662e-01,1.3049089414e-01,1.2205888435e-02,3.8025572639e-03,1.3530640431e-02,1.8901243070e+00
9.9000000000e+01,6.1276978673e-03,1.2342206079e-02,8.2320843806e-01,1.2986226052e-01,1.1669197391e-02,3.7650947565e-03,1.3025105332e-02,1.8736748472e+00
9.9500000000e+01,6.1271876460e-03,1.2394229606e-02,8.2498937888e-01,1.2889674042e-01,1.1266468252e-02,3.7626800066e-03,1.2563315197e-02,1.8585735816e+00
1.0000000000e+02,6.0839169771e-03,1.2550172933e-02,8.2765549322e-01,1.2712293612e-01,1.0850725548e-02,3.7542204544e-03,1.1982534741e-02,1.8393644169e+00
1.0050000000e+02,6.0616101286e-03,1.2753858432e-02,8.2799494085e-01,1.2748890470e-01,1.0449581928e-02,3.7499785005e-03,1.1501125455e-02,1.8278373487e+00
1.0100000000e+02,6.0336346537e-03,1.2801418485e-02,8.3015501462e-01,1.2627105933e-01,9.9964918391e-03,3.7235124745e-03,1.1018868601e-02,1.8083967893e+00
1.0150000000e+02,6.0309758479e-03,1.2851311865e-02,8.3201909461e-01,1.2526886112e-01,9.5720114900e-03,3.6953770620e-03,1.0562368009e-02,1.7899995557e+00
1.0200000000e+02,6.0069326751e-03,1.2878673417e-02,8.3423247874e-01,1.2384949081e-01,9.2083484622e-03,3.6767657737e-03,1.0147310126e-02,1.7723074063e+00
1.0250000000e+02,6.0167928014e-03,1.2958548880e-02,8.3495012242e-01,1.2375693433e-01,8.8394297275e-03,3.6749749896e-03,9.8031968485e-03,1.7598942181e+00
1.0300000000e+02,5.9903415059e-03,1.3041054659e-02,8.3679764626e-01,1.2273191929e-01,8.4340202647e-03,3.6488884884e-03,9.3561295356e-03,1.7423500550e+00
1.0350000000e+02,6.0130130502e-03,1.3091578927e-02,8.3805481928e-01,1.2214457524e-01,8.0498514760e-03,3.6263364844e-03,9.0198255441e-03,1.7263495142e+00
1.0400000000e+02,6.0067211860e-03,1.3249474244e-02,8.3892381912e-01,1.2198262953e-01,7.7021937324e-03,3.5911998693e-03,8.5439623266e-03,1.7143862038e+00
1.0450000000e+02,6.0169279857e-03,1.3280103075e-02,8.4000751382e-01,1.2155352478e-01,7.4268923974e-03,3.5936245147e-03,8.1214134203e-03,1.7015725350e+00
1.0500000000e+02,6.0210312083e-03,1.3524190160e-02,8.3934450818e-01,1.2251427078e-01,7.2424273908e-03,3.6077053373e-03,7.7458669333e-03,1.6950382224e+00
1.0550000000e+02,6.0367221404e-03,1.3594480456e-02,8.4129482768e-01,1.2122350214e-01,6.9236015951e-03,3.5969548254e-03,7.3299111658e-03,1.6782691226e+00
1.0600000000e+02,5.9973185278e-03,1.3777947096e-02,8.4177738545e-01,1.2131850811e-01,6.6284364703e-03,3.5699303079e-03,6.9304740428e-03,1.6648625844e+00
1.0650000000e+02,6.0286774767e-03,1.3960508091e-02,8.4196899508e-01,1.2153116568e-01,6.4072969135e-03,3.5412751340e-03,6.5620816272e-03,1.6551889396e+00
1.0700000000e+02,6.0100733277e-03,1.4020476301e-02,8.4275830623e-01,1.2130171785e-01,6.1454325884e-03,3.5130151454e-03,6.2509785584e-03,1.6421065534e+00
1.0750000000e+02,5.9949387061e-03,1.4100019576e-02,8.4281251627e-01,1.2170378266e-01,5.9044198000e-03,3.4885962204e-03,5.9957267752e-03,1.6315720270e+00
1.0800000000e+02,5.9685512727e-03,1.4149796629e-02,8.4301923138e-01,1.2209155653e-01,5.6344717802e-03,3.4657455043e-03,5.6706468981e-03,1.6204988002e+00
1.0850000000e+02,5.9078211716e-03,1.4150197876e-02,8.4289260164e-01,1.2277975746e-01,5.4028948586e-03,3.4534516094e-03,5.4132753861e-03,1.6077129540e+00
1.0900000000e+02,5.9185275138e-03,1.4326817448e-02,8.4137022154e-01,1.2455625099e-01,5.2011615032e-03,3.4328438843e-03,5.1941771203e-03,1.6032623889e+00
1.0950000000e+02,5.9156471218e-03,1.4424625571e-02,8.4114947029e-01,1.2500215205e-01,5.1274267460e-03,3.4254386729e-03,4.9552395507e-03,1.5951129730e+00
1.1000000000e+02,5.8714928371e-03,1.4342437264e-02,8.4191723452e-01,1.2485016252e-01,4.9604203278e-03,3.3874675746e-03,4.6707849569e-03,1.5815176206e+00
1.1050000000e+02,5.8946305431e-03,1.4332922625e-02,8.4181761153e-01,1.2526227586e-01,4.8601221434e-03,3.3853385385e-03,4.4470987598e-03,1.5738814185e+00
1.1100000000e+02,5.8738481617e-03,1.4464620600e-02,8.4130470256e-01,1.2603032118e-01,4.6857399960e-03,3.3831439997e-03,4.2576235015e-03,1.5668721571e+00
1.1150000000e+02,5.8294103064e-03,1.4561116862e-02,8.4175710883e-01,1.2593985474e-01,4.5533983593e-03,3.3393361640e-03,4.0197747329e-03,1.5565685657e+00
1.1200000000e+02,5.7896384908e-03,1.4693853959e-02,8.4220540714e-01,1.2573274297e-01,4.4124195975e-03,3.3222871023e-03,3.8436507428e-03,1.5464333836e+00
1.1250000000e+02,5.7439203585e-03,1.4774889124e-02,8.4282866619e-01,1.2540749407e-01,4.2873935236e-03,3.2880787835e-03,3.6695579559e-03,1.5355653296e+00
1.1300000000e+02,5.7350940923e-03,1.4888809855e-02,8.4197157633e-01,1.2645279581e-01,4.1878169141e-03,3.2683318377e-03,3.4955751550e-03,1.5299476923e+00
1.1350000000e+02,5.7177694473e-03,1.4988272220e-02,8.4098264950e-01,1.2766017389e-01,4.0872205377e-03,3.2458720622e-03,3.3180423411e-03,1.5246695848e+00
1.1400000000e+02,5.7500472003e-03,1.5133355215e-02,8.4021533924e-01,1.2855107382e-01,4.0111385904e-03,3.2064315786e-03,3.1326143571e-03,1.5193478327e+00
1.1450000000e+02,5.7555397422e-03,1.5197336298e-02,8.4034163772e-01,1.2860161327e-01,3.9200074677e-03,3.1747091658e-03,3.0091563330e-03,1.5114873437e+00
1.1500000000e+02,5.7798710890e-03,1.5290950319e-02,8.3923953747e-01,1.2979508770e-01,3.8555276879e-03,3.1500838209e-03,2.8889419232e-03,1.5100114461e+00
1.1550000000e+02,5.7626347118e-03,1.5467515851e-02,8.3949670217e-01,1.2961906325e-01,3.7918659859e-03,3.1102176310e-03,2.7520003939e-03,1.5044706455e+00
1.1600000000e+02,5.7391709052e-03,1.5410140903e-02,8.3887218909e-01,1.3047689540e-01,3.7443495755e-03,3.1031913888e-03,2.6540627403e-03,1.4989746056e+00
1.1650000000e+02,5.7840216429e-03,1.5454865645e-02,8.3807803112e-01,1.3131630004e-01,3.6998790315e-03,3.1007379324e-03,2.5661645865e-03,1.4971819502e+00
1.1700000000e+02,5.8098420335e-03,1.5559126487e-02,8.3734982439e-01,1.3208884502e-01,3.6477450456e-03,3.0654735668e-03,2.4791434595e-03,1.4966366142e+00
1.1750000000e+02,5.8009940081e-03,1.5594632350e-02,8.3685584371e-01,1.3263880343e-01,3.6656860948e-03,3.0468437772e-03,2.3971966213e-03,1.4961253547e+00
1.1800000000e+02,5.7632581510e-03,1.5671475003e-02,8.3600835669e-01,1.3355268129e-01,3.6503167223e-03,3.0236279413e-03,2.3302841950e-03,1.4962757856e+00
1.1850000000e+02,5.7931901838e-03,1.5872441621e-02,8.3447662000e-01,1.3494688197e-01,3.6451513118e-03,3.0006041408e-03,2.2651107745e-03,1.5006967871e+00
1.1900000000e+02,5.8041406535e-03,1.6109209433e-02,8.3374789860e-01,1.3544115987e-01,3.6684077651e-03,2.9982764609e-03,2.2309072183e-03,1.5070286829e+00
1.1950000000e+02,5.7852513459e-03,1.6191718167e-02,8.3313179466e-01,1.3605670271e-01,3.6756805007e-03,2.9586628026e-03,2.2001898215e-03,1.5108788793e+00
1.2000000000e+02,5.7504078135e-03,1.6234034060e-02,8.3248054839e-01,1.3674035123e-01,3.7031347892e-03,2.9324088949e-03,2.1591148242e-03,1.5159688700e+00
1.2050000000e+02,5.7672279974e-03,1.6343906298e-02,8.3105232796e-01,1.3805308899e-01,3.7178826300e-03,2.9301144152e-03,2.1354517062e-03,1.5267430736e+00
1.2100000000e+02,5.7127872378e-03,1.6352841272e-02,8.3151436721e-01,1.3771535350e-01,3.7108016820e-03,2.8848963013e-03,2.1089527911e-03,1.5305072119e+00
1.2150000000e+02,5.6602505520e-03,1.6311789929e-02,8.3153272745e-01,1.3780114379e-01,3.7434164170e-03,2.8476312142e-03,2.1030406550e-03,1.5357229339e+00
1.2200000000e+02,5.6725892274e-03,1.6372219359e-02,8.2993443975e-01,1.3926754683e-01,3.8119551627e-03,2.8324770745e-03,2.1087725937e-03,1.5485950744e+00
1.2250000000e+02,5.6593748506e-03,1.6485771664e-02,8.2905925004e-01,1.3995002437e-01,3.8967414710e-03,2.8381458400e-03,2.1106917622e-03,1.5593363768e+00
1.2300000000e+02,5.6774466551e-03,1.6571727745e-02,8.2806104109e-01,1.4074882912e-01,3.9910883646e-03,2.8076838595e-03,2.1421831632e-03,1.5708366363e+00
1.2350000000e+02,5.6446104348e-03,1.6776420620e-02,8.2589814715e-01,1.4264978668e-01,4.0483666522e-03,2.7971068051e-03,2.1855616628e-03,1.5863228876e+00
1.2400000000e+02,5.6229185744e-03,1.6791475452e-02,8.2470175669e-01,1.4376236303e-01,4.1110402183e-03,2.7837230559e-03,2.2267229738e-03,1.5982935574e+00
1.2450000000e+02,5.6343881591e-03,1.6712935109e-02,8.2510968222e-01,1.4332133581e-01,4.1952252702e-03,2.7508829411e-03,2.2755504948e-03,1.6058737982e+00
1.2500000000e+02,5.6373682841e-03,1.6706421932e-02,8.2408800146e-01,1.4420959128e-01,4.3157595883e-03,2.7170533786e-03,2.3258040741e-03,1.6175945871e+00
1.2550000000e+02,5.6476586625e-03,1.6712214214e-02,8.2232913725e-01,1.4577364127e-01,4.4458232556e-03,2.6858514146e-03,2.4056739416e-03,1.6318919819e+00
1.2600000000e+02,5.6419062599e-03,1.6668245877e-02,8.2100480236e-01,1.4698566722e-01,4.5701726850e-03,2.6587819236e-03,2.4704236720e-03,1.6419703336e+00
1.2650000000e+02,5.6300993834e-03,1.6744936040e-02,8.2048904533e-01,1.4724563862e-01,4.6813739538e-03,2.6428631538e-03,2.5660435154e-03,1.6527858975e+00
1.2700000000e+02,5.6230668553e-03,1.6707049108e-02,8.2019384246e-01,1.4741939081e-01,4.7874961114e-03,2.6259973587e-03,2.6431572920e-03,1.6618511797e+00
1.2750000000e+02,5.6016980377e-03,1.6670934280e-02,8.2002659963e-01,1.4746634484e-01,4.8876045723e-03,2.6140631015e-03,2.7327555468e-03,1.6699090565e+00
1.2800000000e+02,5.5866612460e-03,1.6745868005e-02,8.1973327926e-01,1.4752016529e-01,5.0055700158e-03,2.5882810124e-03,2.8201751703e-03,1.6798548656e+00
1.2850000000e+02,5.6127151369e-03,1.6561345715e-02,8.1965267202e-01,1.4760158166e-01,5.1209323122e-03,2.5321636866e-03,2.9185894761e-03,1.6854971965e+00
1.2900000000e+02,5.6111270839e-03,1.6556039752e-02,8.1911412431e-01,1.4795098858e-01,5.2566402924e-03,2.5078230442e-03,3.0032569355e-03,1.6941899706e+00
1.2950000000e+02,5.6429666737e-03,1.6662423018e-02,8.1742588517e-01,1.4918548720e-01,5.4476739388e-03,2.5052161537e-03,3.1303478452e-03,1.7094243200e+00
1.3000000000e+02,5.6684861853e-03,1.6635152002e-02,8.1668163940e-01,1.4966108476e-01,5.6123518221e-03,2.5010627900e-03,3.2402230350e-03,1.7205424566e+00
1.3050000000e+02,5.6108266375e-03,1.6553916109e-02,8.1633881726e-01,1.4997315802e-01,5.7116462438e-03,2.4660467340e-03,3.3455889884e-03,1.7260262703e+00
1.3100000000e+02,5.5784885792e-03,1.6418606268e-02,8.1574523663e-01,1.5057447686e-01,5.8278253184e-03,2.4230849753e-03,3.4322813674e-03,1.7308931563e+00
1.3150000000e+02,5.5563041408e-03,1.6421488408e-02,8.1511204195e-01,1.5096635432e-01,5.9745436768e-03,2.4046855586e-03,3.5645819467e-03,1.7406072099e+00
1.3200000000e+02,5.5352715358e-03,1.6466212041e-02,8.1434010719e-01,1.5134381120e-01,6.1973546319e-03,2.3815232446e-03,3.7357201562e-03,1.7513670977e+00
1.3250000000e+02,5.5081855735e-03,1.6409934896e-02,8.1372724688e-01,1.5185259961e-01,6.2662624143e-03,2.3505469874e-03,3.8852236458e-03,1.7584284859e+00
1.3300000000e+02,5.5161317213e-03,1.6357503625e-02,8.1355600240e-01,1.5184309851e-01,6.3777914321e-03,2.3292627115e-03,4.0202095969e-03,1.7661489787e+00
1.3350000000e+02,5.5017114963e-03,1.6355197146e-02,8.1238817654e-01,1.5273915843e-01,6.5301756585e-03,2.3155378322e-03,4.1700428950e-03,1.7757923020e+00
1.3400000000e+02,5.5428075451e-03,1.6469055473e-02,8.1136729601e-01,1.5337111739e-01,6.6770749343e-03,2.2920940479e-03,4.2805546056e-03,1.7872694404e+00
1.3450000000e+02,5.5622076360e-03,1.6489807438e-02,8.1010815778e-01,1.5422567907e-01,6.9105743493e-03,2.2775301068e-03,4.4260436219e-03,1.7994005008e+00
1.3500000000e+02,5.6233754947e-03,1.6562083293e-02,8.0831214979e-01,1.5548259071e-01,7.1318988020e-03,2.2706529157e-03,4.6172489966e-03,1.8145765301e+00
1.3550000000e+02,5.6521661251e-03,1.6590657264e-02,8.0680457152e-01,1.5656920092e-01,7.3018826566e-03,2.2543945110e-03,4.8271270105e-03,1.8268932688e+00
1.3600000000e+02,5.6460927849e-03,1.6686037021e-02,8.0791835643e-01,1.5512870547e-01,7.4446879197e-03,2.2287045236e-03,4.9474158545e-03,1.8310173889e+00
1.3650000000e+02,5.6376553204e-03,1.6664120389e-02,8.0708302993e-01,1.5574421349e-01,7.5468244436e-03,2.1994778185e-03,5.1246786042e-03,1.8382762649e+00
1.3700000000e+02,5.6154534293e-03,1.6586577779e-02,8.0634246768e-01,1.5630142573e-01,7.6856773375e-03,2.1732481831e-03,5.2951498639e-03,1.8452661092e+00
1.3750000000e+02,5.6021490968e-03,1.6531506309e-02,8.0538594430e-01,1.5705934473e-01,7.8386158341e-03,2.1508094448e-03,5.4316302784e-03,1.8522080556e+00
1.3800000000e+02,5.6354059338e-03,1.6666358398e-02,8.0428372411e-01,1.5764346757e-01,8.0303435832e-03,2.1379653365e-03,5.6027350661e-03,1.8632280459e+00
1.3850000000e+02,5.6066299844e-03,1.6771311406e-02,8.0301724263e-01,1.5858557958e-01,8.1745188761e-03,2.1247850471e-03,5.7199324703e-03,1.8716504667e+00
1.3900000000e+02,5.6098983762e-03,1.6843682165e-02,8.0364308206e-01,1.5755611590e-01,8.3518955625e-03,2.1079327480e-03,5.8873931905e-03,1.8771990780e+00
1.3950000000e+02,5.6188603641e-03,1.6872950253e-02,8.0261791611e-01,1.5821450184e-01,8.5052728398e-03,2.0981270137e-03,6.0723715755e-03,1.8861315331e+00
1.4000000000e+02,5.6313024476e-03,1.6913097689e-02,8.0199886516e-01,1.5842857656e-01,8.7049850172e-03,2.0825787313e-03,6.2405944011e-03,1.8960747533e+00
1.4050000000e+02,5.6358870902e-03,1.7023480931e-02,8.0046015041e-01,1.5948865357e-01,8.8591081645e-03,2.0853713238e-03,6.4473485167e-03,1.9078972210e+00
1.4100000000e+02,5.6634454812e-03,1.6989855107e-02,7.9939012510e-01,1.6023839909e-01,9.0381095848e-03,2.0734853507e-03,6.6065802899e-03,1.9164699904e+00
1.4150000000e+02,5.6844627770e-03,1.7117519018e-02,7.9756748261e-01,1.6154492717e-01,9.2653357736e-03,2.0580152686e-03,6.7622573782e-03,1.9285903842e+00
1.4200000000e+02,5.6725719644e-03,1.7124855039e-02,7.9633208056e-01,1.6245448119e-01,9.4226158257e-03,2.0198906284e-03,6.9735047920e-03,1.9367510376e+00
1.4250000000e+02,5.6384091519e-03,1.7030349520e-02,7.9509346783e-01,1.6356355539e-01,9.5863734292e-03,1.9914722627e-03,7.0963724248e-03,1.9425146983e+00
1.4300000000e+02,5.6740782034e-03,1.7063234957e-02,7.9371115041e-01,1.6455159356e-01,9.7795145261e-03,1.9691225261e-03,7.2513058175e-03,1.9517336179e+00
1.4350000000e+02,5.6882653384e-03,1.7042523667e-02,7.9205316183e-01,1.6598648491e-01,9.8873095309e-03,1.9638564197e-03,7.3783983102e-03,1.9590253904e+00
1.4400000000e+02,5.7274051964e-03,1.7045606429e-02,7.9081514157e-01,1.6675391022e-01,1.0094065852e-02,1.9606783555e-03,7.6031923783e-03,1.9685858923e+00
1.4450000000e+02,5.6927179001e-03,1.7006431573e-02,7.8936334544e-01,1.6806279128e-01,1.0198883658e-02,1.9466907325e-03,7.7291394080e-03,1.9748134840e+00
1.4500000000e+02,5.6850116576e-03,1.7065865531e-02,7.8884642878e-01,1.6820618508e-01,1.0385203893e-02,1.9166947436e-03,7.8946103210e-03,1.9803622796e+00
1.4550000000e+02,5.6448820017e-03,1.7053412725e-02,7.8701391026e-01,1.6991473115e-01,1.0473698332e-02,1.8943190678e-03,8.0050464687e-03,1.9864914522e+00
1.4600000000e+02,5.6545188476e-03,1.6984790775e-02,7.8623815371e-01,1.7046186507e-01,1.0621805067e-02,1.8776731004e-03,8.1611934325e-03,1.9923903045e+00
1.4650000000e+02,5.6673962809e-03,1.6937708571e-02,7.8605970139e-01,1.7046927794e-01,1.0738527578e-02,1.8380750410e-03,8.2893132024e-03,1.9967436878e+00
1.4700000000e+02,5.6565146537e-03,1.7024299948e-02,7.8466760296e-01,1.7144799921e-01,1.0961313037e-02,1.8253056904e-03,8.4169645031e-03,2.0051448133e+00
1.4750000000e+02,5.6225404392e-03,1.6880452848e-02,7.8496219590e-01,1.7098706523e-01,1.1155645805e-02,1.8067178683e-03,8.5853819138e-03,2.0067782714e+00
1.4800000000e+02,5.6054101592e-03,1.6903828413e-02,7.8456100922e-01,1.7118353619e-01,1.1304434372e-02,1.7893171681e-03,8.6524644795e-03,2.0104989794e+00
1.4850000000e+02,5.6210915624e-03,1.6893669383e-02,7.8269955956e-01,1.7268286736e-01,1.1494960027e-02,1.7753899788e-03,8.8324621286e-03,2.0194224680e+00
1.4900000000e+02,5.6274986770e-03,1.6961163204e-02,7.8191107010e-01,1.7301327720e-01,1.1672629438e-02,1.7659318324e-03,9.0484295523e-03,2.0274504263e+00
1.4950000000e+02,5.6255448431e-03,1.6911387814e-02,7.8039682093e-01,1.7421891109e-01,1.1820536772e-02,1.7572318911e-03,9.2695666598e-03,2.0335156353e+00
1.5000000000e+02,5.6290858076e-03,1.6785913664e-02,7.7968573701e-01,1.7468805120e-01,1.2010981180e-02,1.7416716598e-03,9.4585594758e-03,2.0386134013e+00
1.5050000000e+02,5.6193092108e-03,1.6850858900e-02,7.7799052664e-01,1.7591328667e-01,1.2224504263e-02,1.7325866337e-03,9.6689276794e-03,2.0481798788e+00
1.5100000000e+02,5.5649632350e-03,1.6742169583e-02,7.7778489043e-01,1.7614618575e-01,1.2293543745e-02,1.7080512350e-03,9.7601960137e-03,2.0485151365e+00
1.5150000000e+02,5.5472060958e-03,1.6577433349e-02,7.7712900302e-01,1.7673200323e-01,1.2438325610e-02,1.6862278816e-03,9.8898008152e-03,2.0511646297e+00
1.5200000000e+02,5.5974980639e-03,1.6672028784e-02,7.7637836455e-01,1.7687196213e-01,1.2714707732e-02,1.6879954063e-03,1.0077443329e-02,2.0611591909e+00
1.5250000000e+02,5.6724161326e-03,1.6800345177e-02,7.7355914529e-01,1.7902568463e-01,1.2932746140e-02,1.6869774504e-03,1.0322685173e-02,2.0759337676e+00
1.5300000000e+02,5.6697298086e-03,1.6724679483e-02,7.7245386890e-01,1.8001140743e-01,1.3006929459e-02,1.6668136442e-03,1.0466571271e-02,2.0798927863e+00
1.5350000000e+02,5.6705212890e-03,1.6697460327e-02,7.7237219646e-01,1.7979280585e-01,1.3161528589e-02,1.6598437181e-03,1.0645643769e-02,2.0839018374e+00
1.5400000000e+02,5.6687286438e-03,1.6518499554e-02,7.7238452392e-01,1.7991486501e-01,1.3182147058e-02,1.6424026322e-03,1.0688833186e-02,2.0832668153e+00
1.5450000000e+02,5.6591045954e-03,1.6389749678e-02,7.7103691694e-01,1.8111315306e-01,1.3351386770e-02,1.6308368310e-03,1.0818852125e-02,2.0876172617e+00
1.5500000000e+02,5.6683758202e-03,1.6333893617e-02,7.7116878661e-01,1.8082029191e-01,1.3511531476e-02,1.6050480461e-03,1.0892072520e-02,2.0898960012e+00
1.5550000000e+02,5.6377754042e-03,1.6161634520e-02,7.7048105977e-01,1.8158353462e-01,1.3558574382e-02,1.5877931421e-03,1.0989628162e-02,2.0907958253e+00
1.5600000000e+02,5.6543799555e-03,1.6110235904e-02,7.7055864172e-01,1.8132917107e-01,1.3692733036e-02,1.5646590009e-03,1.1090179317e-02,2.0930931269e+00
1.5650000000e+02,5.6904615953e-03,1.6171723314e-02,7.6847593971e-01,1.8286891978e-01,1.3939759964e-02,1.5668331635e-03,1.1286362474e-02,2.1039982829e+00
1.5700000000e+02,5.6791300604e-03,1.5925692368e-02,7.6766500083e-01,1.8361748357e-01,1.4083445308e-02,1.5530520071e-03,1.1476195858e-02,2.1067618263e+00
1.5750000000e+02,5.6367563095e-03,1.5823652339e-02,7.6749866876e-01,1.8365328685e-01,1.4260228679e-02,1.5402555490e-03,1.1587151516e-02,2.1087977897e+00
1.5800000000e+02,5.6830826021e-03,1.5744837719e-02,7.6569953057e-01,1.8533404707e-01,1.4396358801e-02,1.5268472951e-03,1.1615295940e-02,2.1138568484e+00
1.5850000000e+02,5.7176718837e-03,1.5762249835e-02,7.6392530608e-01,1.8682565293e-01,1.4514377525e-02,1.5178505298e-03,1.1736891213e-02,2.1208132519e+00
1.5900000000e+02,5.7300663932e-03,1.5645587879e-02,7.6314711349e-01,1.8755887214e-01,1.4661809043e-02,1.5041205568e-03,1.1752430504e-02,2.1221539687e+00
1.5950000000e+02,5.7869667589e-03,1.5738383773e-02,7.6119514354e-01,1.8907815351e-01,1.4888029378e-02,1.4875483328e-03,1.1825774705e-02,2.1308261450e+00
1.6000000000e+02,5.8370397683e-03,1.5813036052e-02,7.5877290068e-01,1.9088111255e-01,1.5124965821e-02,1.4919633903e-03,1.2078981737e-02,2.1431832341e+00
1.6050000000e+02,5.8638716965e-03,1.5838209853e-02,7.5720986252e-01,1.9210974379e-01,1.5276606405e-02,1.4957344328e-03,1.2205971308e-02,2.1503613098e+00
1.6100000000e+02,5.8598269332e-03,1.5855634960e-02,7.5608482329e-01,1.9293870670e-01,1.5434203859e-02,1.4801225075e-03,1.2346681747e-02,2.1557090392e+00
1.6150000000e+02,5.9018956847e-03,1.5913982988e-02,7.5489469764e-01,1.9357183969e-01,1.5746963271e-02,1.4699982687e-03,1.2500622456e-02,2.1641551426e+00
1.6200000000e+02,5.8793626553e-03,1.5831716055e-02,7.5517244812e-01,1.9327515237e-01,1.5848027159e-02,1.4489373550e-03,1.2544356286e-02,2.1631859346e+00
1.6250000000e+02,5.9047840882e-03,1.5759167395e-02,7.5419939335e-01,1.9387393318e-01,1.6049482137e-02,1.4530220658e-03,1.2760217781e-02,2.1705345213e+00
1.6300000000e+02,5.8756463855e-03,1.5697006312e-02,7.5382201696e-01,1.9414979709e-01,1.6176209315e-02,1.4438197818e-03,1.2835504155e-02,2.1721342566e+00
1.6350000000e+02,5.9064586762e-03,1.5633818321e-02,7.5376901092e-01,1.9410988426e-01,1.6205254635e-02,1.4282982306e-03,1.2947274952e-02,2.1729064684e+00
1.6400000000e+02,5.9298420281e-03,1.5563946703e-02,7.5262950286e-01,1.9517710491e-01,1.6266405834e-02,1.4196100518e-03,1.3013587614e-02,2.1767712061e+00
1.6450000000e+02,5.9286340976e-03,1.5380001673e-02,7.5175227031e-01,1.9598648561e-01,1.6448042905e-02,1.4057050340e-03,1.3098860370e-02,2.1787697149e+00
1.6500000000e+02,5.9459223082e-03,1.5355536871e-02,7.5018957798e-01,1.9738182792e-01,1.6505271463e-02,1.3905326417e-03,1.3231330818e-02,2.1831662141e+00
1.6550000000e+02,5.9671190956e-03,1.5340060315e-02,7.4899248000e-01,1.9812153162e-01,1.6838457591e-02,1.3905967302e-03,1.3349754651e-02,2.1909862307e+00
1.6600000000e+02,5.9007260448e-03,1.5306179788e-02,7.4894171604e-01,1.9819109858e-01,1.6918219871e-02,1.3808999178e-03,1.3361159756e-02,2.1908913153e+00
1.6650000000e+02,5.9377341390e-03,1.5276720664e-02,7.4708283111e-01,1.9976543975e-01,1.7091769155e-02,1.3792950219e-03,1.3466210161e-02,2.1976190463e+00
1.6700000000e+02,5.9689731735e-03,1.5334406754e-02,7.4615789158e-01,2.0027123159e-01,1.7304864405e-02,1.3771018038e-03,1.3585530692e-02,2.2041304458e+00
1.6750000000e+02,6.0481508157e-03,1.5377688127e-02,7.4448606739e-01,2.0165914133e-01,1.7429612432e-02,1.3684183413e-03,1.3630921567e-02,2.2109449208e+00
1.6800000000e+02,6.0068835124e-03,1.5209753875e-02,7.4465594421e-01,2.0158799691e-01,1.7521569621e-02,1.3578976227e-03,1.3659954245e-02,2.2098513046e+00
1.6850000000e+02,5.9925009138e-03,1.5029245925e-02,7.4532451024e-01,2.0121711797e-01,1.7464380072e-02,1.3560539096e-03,1.3616190974e-02,2.2059488764e+00
1.6900000000e+02,5.9990602513e-03,1.4882209609e-02,7.4423335594e-01,2.0224191244e-01,1.7577148608e-02,1.3551991365e-03,1.3711114018e-02,2.2093606332e+00
1.6950000000e+02,5.9717659792e-03,1.4904023723e-02,7.4351793838e-01,2.0296102687e-01,1.7492073565e-02,1.3441404068e-03,1.3809031077e-02,2.2102524151e+00
1.7000000000e+02,5.9868535573e-03,1.4868453111e-02,7.4138818867e-01,2.0502477984e-01,1.7522022196e-02,1.3387196789e-03,1.3870982947e-02,2.2145956892e+00
1.7050000000e+02,5.9809509176e-03,1.4834257990e-02,7.4076292471e-01,2.0567712056e-01,1.7408855009e-02,1.3287806077e-03,1.4007110204e-02,2.2146907918e+00
1.7100000000e+02,5.9938383354e-03,1.4743039487e-02,7.3991581702e-01,2.0664234191e-01,1.7359777439e-02,1.3199679249e-03,1.4025217885e-02,2.2154229751e+00
1.7150000000e+02,5.9973063835e-03,1.4651847928e-02,7.4009290218e-01,2.0652467502e-01,1.7357056670e-02,1.3078396840e-03,1.4068372140e-02,2.2139953604e+00
1.7200000000e+02,6.0042600456e-03,1.4700360358e-02,7.3893276052e-01,2.0756661357e-01,1.7342415157e-02,1.3167077305e-03,1.4136882619e-02,2.2181598157e+00
1.7250000000e+02,6.0014354180e-03,1.4641664153e-02,7.3737970996e-01,2.0880580126e-01,1.7620619526e-02,1.3186833447e-03,1.4232086341e-02,2.2236835141e+00
1.7300000000e+02,6.0044022836e-03,1.4567207029e-02,7.3680058951e-01,2.0935318334e-01,1.7622994470e-02,1.3174443584e-03,1.4334179013e-02,2.2251776121e+00
1.7350000000e+02,5.9840539079e-03,1.4480846078e-02,7.3708276108e-01,2.0924344942e-01,1.7596446186e-02,1.3134415813e-03,1.4299001743e-02,2.2223187027e+00
1.7400000000e+02,5.9869785910e-03,1.4453178404e-02,7.3523275086e-01,2.1089254706e-01,1.7713981305e-02,1.2995861781e-03,1.4420977593e-02,2.2270434468e+00
1.7450000000e+02,5.9442511452e-03,1.4378736150e-02,7.3580880118e-01,2.1036994272e-01,1.7770494581e-02,1.2806635024e-03,1.4447110720e-02,2.2249399379e+00
1.7500000000e+02,5.9191553186e-03,1.4313885881e-02,7.3612623507e-01,2.1013813395e-01,1.7732532867e-02,1.2710761487e-03,1.4498980769e-02,2.2224107955e+00
1.7550000000e+02,5.9118297045e-03,1.4304816383e-02,7.3401190626e-01,2.1206990443e-01,1.7878113554e-02,1.2634492628e-03,1.4559980404e-02,2.2283092375e+00
1.7600000000e+02,5.8809478124e-03,1.4201584587e-02,7.3267832796e-01,2.1340155286e-01,1.7944225009e-02,1.2488403577e-03,1.4644521406e-02,2.2300892882e+00
1.7650000000e+02,5.8668487302e-03,1.4239670593e-02,7.3172096838e-01,2.1397045639e-01,1.8145040556e-02,1.2452436166e-03,1.4811771733e-02,2.2347658533e+00
1.7700000000e+02,5.8533931303e-03,1.4151693718e-02,7.3064760766e-01,2.1506850206e-01,1.8238332911e-02,1.2362165020e-03,1.4804254026e-02,2.2355748194e+00
1.7750000000e+02,5.8859017599e-03,1.4151002393e-02,7.2801339019e-01,2.1723892414e-01,1.8484197598e-02,1.2374338029e-03,1.4989150121e-02,2.2445083431e+00
1.7800000000e+02,5.9166293492e-03,1.4197752842e-02,7.2705522480e-01,2.1783708067e-01,1.8568526247e-02,1.2336381940e-03,1.5191147899e-02,2.2503057567e+00
1.7850000000e+02,5.9455877052e-03,1.4113742722e-02,7.2732072943e-01,2.1755429486e-01,1.8587695494e-02,1.2251059713e-03,1.5252843815e-02,2.2501824203e+00
1.7900000000e+02,5.9604561449e-03,1.4083289083e-02,7.2562771918e-01,2.1911736258e-01,1.8653837378e-02,1.2201391650e-03,1.5337196467e-02,2.2538571250e+00
1.7950000000e+02,5.9025552733e-03,1.4054366490e-02,7.2579369419e-01,2.1899302401e-01,1.8781243004e-02,1.2096253615e-03,1.5265491665e-02,2.2519597701e+00
1.8000000000e+02,5.9241361486e-03,1.3943067543e-02,7.2538448785e-01,2.1957373153e-01,1.8809857056e-02,1.1979722682e-03,1.5166747604e-02,2.2505102723e+00
1.8050000000e+02,5.9184661332e-03,1.3832441770e-02,7.2390241988e-01,2.2087644585e-01,1.8955204592e-02,1.1851285272e-03,1.5329893246e-02,2.2532907899e+00
1.8100000000e+02,5.8975331549e-03,1.3760574426e-02,7.2174284529e-01,2.2273869279e-01,1.9191451988e-02,1.1763891175e-03,1.5492513236e-02,2.2593214157e+00
1.8150000000e+02,5.8493298161e-03,1.3696327310e-02,7.2101862274e-01,2.2333681573e-01,1.9263260940e-02,1.1678970823e-03,1.5667746384e-02,2.2618160297e+00
1.8200000000e+02,5.8216997282e-03,1.3703518851e-02,7.1960947540e-01,2.2433269647e-01,1.9518509774e-02,1.1627877610e-03,1.5851312015e-02,2.2675464973e+00
1.8250000000e+02,5.7765722164e-03,1.3691002629e-02,7.1939393485e-01,2.2439942180e-01,1.9640165813e-02,1.1521696644e-03,1.5946733025e-02,2.2679675080e+00
1.8300000000e+02,5.7748974857e-03,1.3661164289e-02,7.1968268229e-01,2.2385213530e-01,1.9748413543e-02,1.1538505353e-03,1.6126856560e-02,2.2695909228e+00
1.8350000000e+02,5.7313557959e-03,1.3519400521e-02,7.1839470984e-01,2.2526270725e-01,1.9777051501e-02,1.1529405776e-03,1.6161834518e-02,2.2704852579e+00
1.8400000000e+02,5.6969203283e-03,1.3426582664e-02,7.1925791431e-01,2.2453502225e-01,1.9808075801e-02,1.1425061303e-03,1.6132978517e-02,2.2671606122e+00
1.8450000000e+02,5.6678272175e-03,1.3458609559e-02,7.1722410459e-01,2.2628448599e-01,1.9931236267e-02,1.1373333190e-03,1.6296403057e-02,2.2722219076e+00
1.8500000000e+02,5.6572879462e-03,1.3364230944e-02,7.1730174047e-01,2.2602464170e-01,2.0198542717e-02,1.1254605149e-03,1.6328095708e-02,2.2733764908e+00
1.8550000000e+02,5.6740598802e-03,1.3251808553e-02,7.1809781167e-01,2.2495329092e-01,2.0431835631e-02,1.1154165684e-03,1.6475776784e-02,2.2739081800e+00
1.8600000000e+02,5.6651778087e-03,1.3252370645e-02,7.1777113981e-01,2.2510288140e-01,2.0520766112e-02,1.1152979726e-03,1.6572366252e-02,2.2761650137e+00
1.8650000000e+02,5.6708505907e-03,1.3264012326e-02,7.1570052816e-01,2.2684021968e-01,2.0674638907e-02,1.1214744261e-03,1.6728275905e-02,2.2826501485e+00
1.8700000000e+02,5.7308257931e-03,1.3263031279e-02,7.1409658256e-01,2.2812808550e-01,2.0862842391e-02,1.1305055071e-03,1.6788126974e-02,2.2889708852e+00
1.8750000000e+02,5.7559886149e-03,1.3347738701e-02,7.1313108949e-01,2.2850519242e-01,2.1135937302e-02,1.1387226984e-03,1.6985330770e-02,2.2969741936e+00
1.8800000000e+02,5.7843205967e-03,1.3327983068e-02,7.1199095676e-01,2.2958968643e-01,2.1166627814e-02,1.1481432711e-03,1.6992282054e-02,2.3003077848e+00
1.8850000000e+02,5.7605961723e-03,1.3359821878e-02,7.1180908012e-01,2.2970253797e-01,2.1130150547e-02,1.1550546031e-03,1.7082758708e-02,2.3012217850e+00
1.8900000000e+02,5.7620986938e-03,1.3376410821e-02,7.1065905835e-01,2.3074428664e-01,2.1238329320e-02,1.1576901060e-03,1.7062126069e-02,2.3043378331e+00
1.8950000000e+02,5.7847477281e-03,1.3393402434e-02,7.0887969008e-01,2.3219926983e-01,2.1496563859e-02,1.1682858805e-03,1.7078040184e-02,2.3113270407e+00
1.9000000000e+02,5.8031721866e-03,1.3508751603e-02,7.0656816844e-01,2.3412780380e-01,2.1550098859e-02,1.1646910989e-03,1.7277314015e-02,2.3188185665e+00
1.9050000000e+02,5.8275818606e-03,1.3487431817e-02,7.0513369926e-01,2.3526367786e-01,2.1748439065e-02,1.1708393074e-03,1.7368330827e-02,2.3232665137e+00
1.9100000000e+02,5.8315124891e-03,1.3520709793e-02,7.0459030099e-01,2.3531983089e-01,2.2004564477e-02,1.1729674192e-03,1.7560113938e-02,2.3280343729e+00
1.9150000000e+02,5.8283257876e-03,1.3573071608e-02,7.0338115552e-01,2.3617026351e-01,2.2252877937e-02,1.1761861808e-03,1.7618119458e-02,2.3325682050e+00
1.9200000000e+02,5.8134016112e-03,1.3584661721e-02,7.0220720233e-01,2.3720845992e-01,2.2349087449e-02,1.1840252076e-03,1.7653161761e-02,2.3354496196e+00
1.9250000000e+02,5.7733756212e-03,1.3588533613e-02,7.0245714228e-01,2.3684955696e-01,2.2435519367e-02,1.1883225005e-03,1.7707549661e-02,2.3358824108e+00
1.9300000000e+02,5.7860887444e-03,1.3649185256e-02,7.0201092919e-01,2.3709626851e-01,2.2415889285e-02,1.1848675535e-03,1.7856771460e-02,2.3386390970e+00
1.9350000000e+02,5.7483540302e-03,1.3750233378e-02,7.0121229599e-01,2.3760736615e-01,2.2561914854e-02,1.1871514583e-03,1.7932684140e-02,2.3422825298e+00
1.9400000000e+02,5.7003044990e-03,1.3884859168e-02,7.0051434066e-01,2.3785160903e-01,2.2760363367e-02,1.1918688773e-03,1.8096654393e-02,2.3469760208e+00
1.9450000000e+02,5.6936880715e-03,1.3950565499e-02,6.9802578886e-01,2.3997534734e-01,2.2954312814e-02,1.1976837344e-03,1.8202613673e-02,2.3541578150e+00
1.9500000000e+02,5.6671223419e-03,1.3843334910e-02,6.9581713046e-01,2.4228939786e-01,2.2862120496e-02,1.1996630345e-03,1.8321230893e-02,2.3563856569e+00
1.9550000000e+02,5.6340759433e-03,1.3716234915e-02,6.9526014439e-01,2.4294934721e-01,2.2952976829e-02,1.1913086986e-03,1.8295912009e-02,2.3554973957e+00
1.9600000000e+02,5.6172191320e-03,1.3744931031e-02,6.9663100805e-01,2.4156538530e-01,2.2967879678e-02,1.1972612799e-03,1.8276315525e-02,2.3538969584e+00
1.9650000000e+02,5.6241534616e-03,1.3702236675e-02,6.9415969763e-01,2.4391436327e-01,2.3066790893e-02,1.1973874930e-03,1.8335370580e-02,2.3574521306e+00
1.9700000000e+02,5.6314536921e-03,1.3719349863e-02,6.9334283458e-01,2.4446626711e-01,2.3287705778e-02,1.2016316461e-03,1.8350757329e-02,2.3614056744e+00
1.9750000000e+02,5.6019318901e-03,1.3728158012e-02,6.9351964160e-01,2.4406035901e-01,2.3278526739e-02,1.2066632124e-03,1.8604719542e-02,2.3632709559e+00
1.9800000000e+02,5.5647966633e-03,1.3808012931e-02,6.9379056935e-01,2.4349389470e-01,2.3415824830e-02,1.2178430016e-03,1.8709058521e-02,2.3651175315e+00
1.9850000000e+02,5.5574196427e-03,1.3955007369e-02,6.9173916407e-01,2.4509081944e-01,2.3599477009e-02,1.2184900490e-03,1.8839622423e-02,2.3722869823e+00
1.9900000000e+02,5.5791331720e-03,1.4052683808e-02,6.8988901039e-01,2.4626532917e-01,2.3887828789e-02,1.2142197838e-03,1.9111794887e-02,2.3804673427e+00
1.9950000000e+02,5.5466215474e-03,1.4110075150e-02,6.8736418496e-01,2.4861065947e-01,2.3953620921e-02,1.2232208427e-03,1.9191617108e-02,2.3859398694e+00
2.0000000000e+02,5.5541764653e-03,1.4058689725e-02,6.8645395901e-01,2.4931452682e-01,2.3964555959e-02,1.2420020457e-03,1.9412089973e-02,2.3891426998e+00
2.0050000000e+02,5.4963629636e-03,1.3967971074e-02,6.8740875236e-01,2.4883327145e-01,2.3882876520e-02,1.2370458452e-03,1.9173719790e-02,2.3826483295e+00
2.0100000000e+02,5.5087633206e-03,1.4123017788e-02,6.8608617692e-01,2.4975761364e-01,2.4039422670e-02,1.2485056562e-03,1.9236500004e-02,2.3886474297e+00
2.0150000000e+02,5.4940537635e-03,1.4215712521e-02,6.8336013634e-01,2.5222910211e-01,2.4127551128e-02,1.2520150587e-03,1.9321429080e-02,2.3952114334e+00
2.0200000000e+02,5.4401186646e-03,1.4183212460e-02,6.8114314235e-01,2.5453891181e-01,2.4118995879e-02,1.2465758138e-03,1.9329043025e-02,2.3956432988e+00
2.0250000000e+02,5.3878738098e-03,1.4068411750e-02,6.8015318185e-01,2.5547812302e-01,2.4267367644e-02,1.2480370753e-03,1.9397004850e-02,2.3964980351e+00
2.0300000000e+02,5.3547727347e-03,1.4142755615e-02,6.7941486075e-01,2.5605287803e-01,2.4347625637e-02,1.2519342834e-03,1.9435172941e-02,2.3994150040e+00
2.0350000000e+02,5.3329630579e-03,1.4110066165e-02,6.7995619013e-01,2.5539064899e-01,2.4441239739e-02,1.2400914514e-03,1.9528800467e-02,2.3990227330e+00
2.0400000000e+02,5.2345111078e-03,1.4060254168e-02,6.8084599508e-01,2.5484130735e-01,2.4346402941e-02,1.2313863052e-03,1.9440143054e-02,2.3930097575e+00
2.0450000000e+02,5.1734534787e-03,1.4001052903e-02,6.8103341329e-01,2.5476048316e-01,2.4386752689e-02,1.2212575104e-03,1.9423586967e-02,2.3896932325e+00
2.0500000000e+02,5.1715626434e-03,1.4031705641e-02,6.7981967682e-01,2.5573261275e-01,2.4455617829e-02,1.2251364966e-03,1.9563687825e-02,2.3931369717e+00
2.0550000000e+02,5.1771405408e-03,1.4004403061e-02,6.8026264772e-01,2.5522723739e-01,2.4528225942e-02,1.2227875640e-03,1.9577557788e-02,2.3926572869e+00
2.0600000000e+02,5.2058011131e-03,1.4116162796e-02,6.7894103053e-01,2.5625160731e-01,2.4586247823e-02,1.2180936058e-03,1.9681056815e-02,2.3976521822e+00
2.0650000000e+02,5.1752742371e-03,1.4243852581e-02,6.7826729698e-01,2.5682264201e-01,2.4509972323e-02,1.2237761652e-03,1.9757185699e-02,2.3994928511e+00
2.0700000000e+02,5.1676520285e-03,1.4254365640e-02,6.7762561267e-01,2.5731911353e-01,2.4613005826e-02,1.2202831429e-03,1.9799967161e-02,2.4011500857e+00
2.0750000000e+02,5.1587042063e-03,1.4275584194e-02,6.7656680058e-01,2.5809006607e-01,2.4786844717e-02,1.2249710909e-03,1.9897029139e-02,2.4055374541e+00
2.0800000000e+02,5.1859703710e-03,1.4230294047e-02,6.7387784025e-01,2.6062175018e-01,2.4857378884e-02,1.2235528886e-03,2.0003213380e-02,2.4106053625e+00
2.0850000000e+02,5.1691548722e-03,1.4342212539e-02,6.7234176876e-01,2.6183185422e-01,2.4936303849e-02,1.2166274839e-03,2.0162078281e-02,2.4148576004e+00
2.0900000000e+02,5.1559637812e-03,1.4377414261e-02,6.7185029090e-01,2.6242699554e-01,2.4881153242e-02,1.2082688907e-03,2.0099913383e-02,2.4141432830e+00
2.0950000000e+02,5.1649212883e-03,1.4388878149e-02,6.7102650362e-01,2.6348720139e-01,2.4700447174e-02,1.2063298929e-03,2.0025718487e-02,2.4133167652e+00
2.1000000000e+02,5.2091555334e-03,1.4444039261e-02,6.6995241558e-01,2.6424228395e-01,2.4873325671e-02,1.2136014945e-03,2.0065178515e-02,2.4182108789e+00
2.1050000000e+02,5.1908159151e-03,1.4369592033e-02,6.7020559006e-01,2.6425575305e-01,2.4800607566e-02,1.2051666042e-03,1.9972474766e-02,2.4143341039e+00
2.1100000000e+02,5.1994123932e-03,1.4405438341e-02,6.6982916001e-01,2.6434268246e-01,2.4980624896e-02,1.2029113804e-03,2.0039770510e-02,2.4171999013e+00
2.1150000000e+02,5.1905143718e-03,1.4401416040e-02,6.6636392626e-01,2.6778603265e-01,2.4998684058e-02,1.2025425743e-03,2.0056884042e-02,2.4227700534e+00
2.1200000000e+02,5.1742971443e-03,1.4395109624e-02,6.6489290802e-01,2.6886087213e-01,2.5264052441e-02,1.2039440655e-03,2.0208816582e-02,2.4282815033e+00
2.1250000000e+02,5.1329974079e-03,1.4448245309e-02,6.6310359298e-01,2.7022213618e-01,2.5508176763e-02,1.2043810510e-03,2.0380470305e-02,2.4343037704e+00
2.1300000000e+02,5.1097394374e-03,1.4340623616e-02,6.6194262814e-01,2.7164114924e-01,2.5481415453e-02,1.2007166567e-03,2.0283727454e-02,2.4327959623e+00
2.1350000000e+02,5.0916540507e-03,1.4339348414e-02,6.6320910701e-01,2.7054887956e-01,2.5510467245e-02,1.1875471310e-03,2.0112996585e-02,2.4284599865e+00
2.1400000000e+02,5.0641697856e-03,1.4340957454e-02,6.6185469559e-01,2.7174125770e-01,2.5634315472e-02,1.1758541194e-03,2.0188749873e-02,2.4297912941e+00
2.1450000000e+02,5.0509302917e-03,1.4418574583e-02,6.5931006065e-01,2.7398021262e-01,2.5776623230e-02,1.1738944856e-03,2.0289704137e-02,2.4353526386e+00
2.1500000000e+02,5.0744496307e-03,1.4412910341e-02,6.5778867513e-01,2.7548694244e-01,2.5708337133e-02,1.1657010552e-03,2.0362984268e-02,2.4369701556e+00
2.1550000000e+02,5.0688040806e-03,1.4387825499e-02,6.5696654674e-01,2.7632419677e-01,2.5736274152e-02,1.1619783431e-03,2.0354374415e-02,2.4385639673e+00
2.1600000000e+02,5.0709898634e-03,1.4407735225e-02,6.5432032113e-01,2.7858016289e-01,2.5828087481e-02,1.1552096793e-03,2.0637493736e-02,2.4452290995e+00
2.1650000000e+02,5.0672360559e-03,1.4400204612e-02,6.5325220781e-01,2.7958166258e-01,2.5923899961e-02,1.1528588558e-03,2.0621930119e-02,2.4467446600e+00
2.1700000000e+02,5.0500831225e-03,1.4533157893e-02,6.5328630456e-01,2.7933519423e-01,2.5908903405e-02,1.1448750882e-03,2.0741481704e-02,2.4472873127e+00
2.1750000000e+02,5.0627409206e-03,1.4521445900e-02,6.5287616013e-01,2.7958136068e-01,2.6039725071e-02,1.1445630010e-03,2.0774004294e-02,2.4493600290e+00
2.1800000000e+02,5.0324379473e-03,1.4547498532e-02,6.5397097202e-01,2.7829542247e-01,2.6059299014e-02,1.1346453084e-03,2.0959724706e-02,2.4487407343e+00
2.1850000000e+02,5.0128178259e-03,1.4584588663e-02,6.5277865803e-01,2.7901230070e-01,2.6280468654e-02,1.1240668543e-03,2.1207099273e-02,2.4538261009e+00
2.1900000000e+02,4.9932348242e-03,1.4447144675e-02,6.5282537059e-01,2.7918275381e-01,2.6307507162e-02,1.1129494978e-03,2.1131039438e-02,2.4508744813e+00
2.1950000000e+02,4.9846431535e-03,1.4451795022e-02,6.5049257652e-01,2.8093241119e-01,2.6669861017e-02,1.1082451007e-03,2.1360467990e-02,2.4570923980e+00
2.2000000000e+02,4.9419138371e-03,1.4356842555e-02,6.4927373400e-01,2.8232534224e-01,2.6635743164e-02,1.1036016489e-03,2.1362822554e-02,2.4561789046e+00
2.2050000000e+02,4.9226168986e-03,1.4312970591e-02,6.4761453764e-01,2.8391764444e-01,2.6668792985e-02,1.0883106818e-03,2.1475126766e-02,2.4572690668e+00
2.2100000000e+02,4.9255445621e-03,1.4229789844e-02,6.4759166785e-01,2.8365799196e-01,2.6907324859e-02,1.0808989586e-03,2.1606781966e-02,2.4590671514e+00
2.2150000000e+02,4.9001477689e-03,1.4210444774e-02,6.4612789858e-01,2.8528466911e-01,2.6748238710e-02,1.0733835874e-03,2.1655217468e-02,2.4586227580e+00
2.2200000000e+02,4.8974021484e-03,1.4213165521e-02,6.4662071641e-01,2.8482098244e-01,2.6668066516e-02,1.0609604995e-03,2.1718706464e-02,2.4576901580e+00
2.2250000000e+02,4.8961963698e-03,1.4179019576e-02,6.4574133516e-01,2.8545876869e-01,2.6844400740e-02,1.0492367622e-03,2.1831042704e-02,2.4606768823e+00
2.2300000000e+02,4.8814162541e-03,1.4191202147e-02,6.4428181945e-01,2.8652733056e-01,2.7019465276e-02,1.0450883901e-03,2.2053677927e-02,2.4653461990e+00
2.2350000000e+02,4.8806163623e-03,1.4266832518e-02,6.4016212617e-01,2.8996612710e-01,2.7319669378e-02,1.0433631002e-03,2.2361265363e-02,2.4748532314e+00
2.2400000000e+02,4.8980149328e-03,1.4213847420e-02,6.3874317687e-01,2.9114509154e-01,2.7446534242e-02,1.0315421112e-03,2.2521792882e-02,2.4766099602e+00
2.2450000000e+02,4.9022959178e-03,1.4170270404e-02,6.3698593378e-01,2.9274470990e-01,2.7456950931e-02,1.0265045778e-03,2.2713334492e-02,2.4794228327e+00
2.2500000000e+02,4.9012413489e-03,1.4113942840e-02,6.3611873254e-01,2.9342256197e-01,2.7610695032e-02,1.0202757989e-03,2.2812550471e-02,2.4806870683e+00
2.2550000000e+02,4.9127622838e-03,1.4062689513e-02,6.3382989142e-01,2.9562730343e-01,2.7702122509e-02,1.0167153100e-03,2.2848515533e-02,2.4832136357e+00
2.2600000000e+02,4.9148227043e-03,1.4001289140e-02,6.3260451036e-01,2.9646567180e-01,2.7867382519e-02,1.0157103870e-03,2.3130613083e-02,2.4873059576e+00
2.2650000000e+02,4.9072082678e-03,1.3899226668e-02,6.3233598587e-01,2.9684195910e-01,2.7848913342e-02,1.0086389736e-03,2.3158067770e-02,2.4850650172e+00
2.2700000000e+02,4.8693012823e-03,1.3783319897e-02,6.3248481857e-01,2.9664326604e-01,2.7940204779e-02,1.0042569553e-03,2.3274832476e-02,2.4831566393e+00
2.2750000000e+02,4.8704877529e-03,1.3766055895e-02,6.3389749251e-01,2.9498234725e-01,2.8069271923e-02,1.0016965395e-03,2.3412648124e-02,2.4831009808e+00
2.2800000000e+02,4.8700991117e-03,1.3783731271e-02,6.3385313507e-01,2.9470748880e-01,2.8365920509e-02,9.9002765240e-04,2.3429597587e-02,2.4863030388e+00
2.2850000000e+02,4.8780223848e-03,1.3818149069e-02,6.3178218155e-01,2.9619807438e-01,2.8650769641e-02,9.9377028328e-04,2.3679032688e-02,2.4939712606e+00
2.2900000000e+02,4.8843305301e-03,1.3805174175e-02,6.3113661883e-01,2.9679576516e-01,2.8611290913e-02,9.8809047911e-04,2.3778729918e-02,2.4950835996e+00
2.2950000000e+02,4.8624558877e-03,1.3762486245e-02,6.3388611564e-01,2.9400161325e-01,2.8716158214e-02,9.8661098662e-04,2.3784559782e-02,2.4906962569e+00
2.3000000000e+02,4.8306189904e-03,1.3743943759e-02,6.3300817955e-01,2.9503831546e-01,2.8749055220e-02,9.7759664532e-04,2.3652290383e-02,2.4892532123e+00
2.3050000000e+02,4.8417272055e-03,1.3659267281e-02,6.3174044871e-01,2.9619715717e-01,2.8722260893e-02,9.7864766564e-04,2.3860491071e-02,2.4908326558e+00
2.3100000000e+02,4.8331388359e-03,1.3663477146e-02,6.3167575890e-01,2.9583524431e-01,2.8956814336e-02,9.7928681708e-04,2.4056279653e-02,2.4932573059e+00
2.3150000000e+02,4.8388011908e-03,1.3744145155e-02,6.3113287469e-01,2.9594957574e-01,2.9086583657e-02,9.7486132520e-04,2.4273158246e-02,2.4976672917e+00
2.3200000000e+02,4.8672972674e-03,1.3635600776e-02,6.3057271276e-01,2.9652813476e-01,2.9173502819e-02,9.7176304116e-04,2.4250988574e-02,2.4977999512e+00
2.3250000000e+02,4.8603418372e-03,1.3708008935e-02,6.2985395384e-01,2.9696185903e-01,2.9365569291e-02,9.7269606149e-04,2.4277571005e-02,2.5015124951e+00
2.3300000000e+02,4.8727952670e-03,1.3704397680e-02,6.2747737213e-01,2.9887484048e-01,2.9662948049e-02,9.7283154859e-04,2.4434814840e-02,2.5088028822e+00
2.3350000000e+02,4.8566081568e-03,1.3641697962e-02,6.2564089057e-01,3.0060223327e-01,2.9754834045e-02,9.6930877619e-04,2.4534427227e-02,2.5105520598e+00
2.3400000000e+02,4.8350020826e-03,1.3547069517e-02,6.2417395080e-01,3.0170613765e-01,2.9956440977e-02,9.6397351510e-04,2.4817425460e-02,2.5142811102e+00
2.3450000000e+02,4.8143504659e-03,1.3373186417e-02,6.2183061688e-01,3.0387186160e-01,3.0208472083e-02,9.6018997509e-04,2.4941322574e-02,2.5159927993e+00
2.3500000000e+02,4.8528838594e-03,1.3368661643e-02,6.2325216790e-01,3.0205387789e-01,3.0405654220e-02,9.5923272099e-04,2.5107521769e-02,2.5176995379e+00
2.3550000000e+02,4.8575681640e-03,1.3351188923e-02,6.2481070318e-01,3.0025526655e-01,3.0618644948e-02,9.5427832667e-04,2.5152349915e-02,2.5175568637e+00
2.3600000000e+02,4.8714165382e-03,1.3326292686e-02,6.2301394440e-01,3.0199119918e-01,3.0711680838e-02,9.5248667962e-04,2.5132979681e-02,2.5186323060e+00
2.3650000000e+02,4.8780226407e-03,1.3251533206e-02,6.2271483088e-01,3.0193735244e-01,3.0856440345e-02,9.5109236539e-04,2.5410728120e-02,2.5201712119e+00
2.3700000000e+02,4.8701927667e-03,1.3133510675e-02,6.2328771938e-01,3.0105237389e-01,3.1171329392e-02,9.5404002563e-04,2.5530833867e-02,2.5214142845e+00
2.3750000000e+02,4.8725228793e-03,1.3074018617e-02,6.2134781658e-01,3.0244269226e-01,3.1486370379e-02,9.5491296771e-04,2.5821666318e-02,2.5271542224e+00
2.3800000000e+02,4.8556603438e-03,1.3029516743e-02,6.2083597624e-01,3.0259980723e-01,3.1684100220e-02,9.5849562679e-04,2.6036443593e-02,2.5293866087e+00
2.3850000000e+02,4.8190469952e-03,1.2918950821e-02,6.2155812420e-01,3.0151939399e-01,3.1961963148e-02,9.6228426187e-04,2.6260236588e-02,2.5282371433e+00
2.3900000000e+02,4.8098079235e-03,1.2804200482e-02,6.2232384119e-01,3.0066509575e-01,3.1945454630e-02,9.6406689133e-04,2.6487533138e-02,2.5268492235e+00
2.3950000000e+02,4.7991848330e-03,1.2760617563e-02,6.2041416321e-01,3.0196307991e-01,3.2262320560e-02,9.6516021610e-04,2.6835473713e-02,2.5325247029e+00
2.4000000000e+02,4.7667999080e-03,1.2646514446e-02,6.1969864991e-01,3.0269186828e-01,3.2176321427e-02,9.6312482972e-04,2.7056721202e-02,2.5307229776e+00
2.4050000000e+02,4.7497205938e-03,1.2592558480e-02,6.2093784057e-01,3.0153020943e-01,3.1999627168e-02,9.7034510686e-04,2.7219698646e-02,2.5283107752e+00
2.4100000000e+02,4.7226969433e-03,1.2474327777e-02,6.2184288326e-01,3.0077368324e-01,3.2041733216e-02,9.6873429375e-04,2.7175941270e-02,2.5257797757e+00
2.4150000000e+02,4.6973056238e-03,1.2410196350e-02,6.2233971246e-01,3.0015492610e-01,3.2070992485e-02,9.6805065205e-04,2.7358816323e-02,2.5256317783e+00
2.4200000000e+02,4.6873716467e-03,1.2319046527e-02,6.2116357676e-01,3.0131262548e-01,3.2038161498e-02,9.7260706335e-04,2.7506611023e-02,2.5258732360e+00
2.4250000000e+02,4.6574221712e-03,1.2271019413e-02,6.2029463897e-01,3.0169889756e-01,3.2278746722e-02,9.7899426255e-04,2.7820280901e-02,2.5275364755e+00
2.4300000000e+02,4.6458404689e-03,1.2195614949e-02,6.2047803583e-01,3.0167443648e-01,3.2163498545e-02,9.7761259875e-04,2.7864961134e-02,2.5250777647e+00
2.4350000000e+02,4.6472727707e-03,1.2091166061e-02,6.2143745744e-01,3.0053525688e-01,3.2292940495e-02,9.9136972108e-04,2.8004536627e-02,2.5248229228e+00
2.4400000000e+02,4.6357760985e-03,1.2148119760e-02,6.2056073938e-01,3.0106643776e-01,3.2507096205e-02,9.9995211203e-04,2.8081878688e-02,2.5283369686e+00
2.4450000000e+02,4.6061433779e-03,1.2090456307e-02,6.2054451353e-01,3.0112514282e-01,3.2421022584e-02,1.0031291886e-03,2.8209592190e-02,2.5267216661e+00
2.4500000000e+02,4.5448266927e-03,1.1976603430e-02,6.2310469145e-01,2.9869173824e-01,3.2600089312e-02,1.0058275167e-03,2.8076223355e-02,2.5218007784e+00
2.4550000000e+02,4.5236390515e-03,1.1953398734e-02,6.2292637833e-01,2.9873436859e-01,3.2581334942e-02,1.0140320436e-03,2.8266848306e-02,2.5227621318e+00
2.4600000000e+02,4.5285726571e-03,1.1901066493e-02,6.2295174680e-01,2.9835424589e-01,3.2680069223e-02,1.0183235999e-03,2.8565975331e-02,2.5246198277e+00
2.4650000000e+02,4.5294076366e-03,1.1921789109e-02,6.2304660724e-01,2.9760282273e-01,3.2835308067e-02,1.0322149776e-03,2.9031850236e-02,2.5284264334e+00
2.4700000000e+02,4.5502724464e-03,1.1941263305e-02,6.2515194795e-01,2.9525959061e-01,3.2865148031e-02,1.0364787518e-03,2.9195298901e-02,2.5291016790e+00
2.4750000000e+02,4.5747948088e-03,1.1898916161e-02,6.2557846858e-01,2.9463941489e-01,3.2930090498e-02,1.0504582565e-03,2.9327856801e-02,2.5308145225e+00
2.4800000000e+02,4.5934305382e-03,1.1894130729e-02,6.2522178285e-01,2.9478832168e-01,3.3079393854e-02,1.0611849425e-03,2.9361755406e-02,2.5326199394e+00
2.4850000000e+02,4.5736257964e-03,1.1799930584e-02,6.2531608909e-01,2.9491417373e-01,3.3123365190e-02,1.0634875383e-03,2.9209328068e-02,2.5307115577e+00
2.4900000000e+02,4.5455258551e-03,1.1813559533e-02,6.2370694462e-01,2.9637062764e-01,3.3326137804e-02,1.0733527763e-03,2.9163851768e-02,2.5331845599e+00
2.4950000000e+02,4.5230799802e-03,1.1880258802e-02,6.2316335679e-01,2.9669023301e-01,3.3406429533e-02,1.0772974014e-03,2.9259344488e-02,2.5359450412e+00
2.5000000000e+02,4.4924861436e-03,1.1891888521e-02,6.2380744433e-01,2.9577756130e-01,3.3619255319e-02,1.0797558079e-03,2.9331608572e-02,2.5362482877e+00
2.5050000000e+02,4.4755706194e-03,1.1851048117e-02,6.2192831917e-01,2.9770016154e-01,3.3536270010e-02,1.0933473604e-03,2.9415283181e-02,2.5365972775e+00
2.5100000000e+02,4.4274877777e-03,1.1759683032e-02,6.2171736735e-01,2.9815665960e-01,3.3430534186e-02,1.0928872119e-03,2.9415380844e-02,2.5350887309e+00
2.5150000000e+02,4.3845405816e-03,1.1801665708e-02,6.2058133850e-01,2.9895033973e-01,3.3632566959e-02,1.1052762781e-03,2.9544272253e-02,2.5388322550e+00
2.5200000000e+02,4.3864563592e-03,1.1813502233e-02,6.1912674848e-01,2.9992100491e-01,3.3813272200e-02,1.1221297864e-03,2.9816886029e-02,2.5438380239e+00
2.5250000000e+02,4.3678538530e-03,1.1839480594e-02,6.1906451966e-01,3.0026340223e-01,3.3620267596e-02,1.1253034791e-03,2.9719172591e-02,2.5433163640e+00
2.5300000000e+02,4.3835210065e-03,1.1807870322e-02,6.1835441703e-01,3.0078412166e-01,3.3647229036e-02,1.1311471143e-03,2.9891693829e-02,2.5458109493e+00
2.5350000000e+02,4.3597274381e-03,1.1836089421e-02,6.1850701514e-01,3.0047140696e-01,3.3826092734e-02,1.1389936124e-03,2.9860674688e-02,2.5457762438e+00
2.5400000000e+02,4.3704974634e-03,1.1858047888e-02,6.1718165077e-01,3.0171456516e-01,3.3863575566e-02,1.1458448519e-03,2.9865818298e-02,2.5485286085e+00
2.5450000000e+02,4.4114707693e-03,1.1921548963e-02,6.1605604260e-01,3.0238198803e-01,3.4184921079e-02,1.1564453051e-03,2.9887583251e-02,2.5534157869e+00
2.5500000000e+02,4.3637278085e-03,1.1817795116e-02,6.1667531340e-01,3.0190146553e-01,3.4067371049e-02,1.1564160669e-03,3.0017911025e-02,2.5504646263e+00
2.5550000000e+02,4.3376711724e-03,1.1668049728e-02,6.1691651894e-01,3.0199345147e-01,3.3794957784e-02,1.1691343491e-03,3.0120216554e-02,2.5466688535e+00
2.5600000000e+02,4.3260432156e-03,1.1671820959e-02,6.1715134641e-01,3.0130460382e-01,3.4050409155e-02,1.1821944479e-03,3.0313581989e-02,2.5498164924e+00
2.5650000000e+02,4.2731793449e-03,1.1622805532e-02,6.1826744827e-01,3.0053076136e-01,3.3902960940e-02,1.1859235247e-03,3.0216921019e-02,2.5434621185e+00
2.5700000000e+02,4.2426727350e-03,1.1577098217e-02,6.1796608568e-01,3.0124100227e-01,3.3830537660e-02,1.1895932778e-03,2.9953010164e-02,2.5407684968e+00
2.5750000000e+02,4.2658971089e-03,1.1590466016e-02,6.1540577157e-01,3.0339440147e-01,3.4139990274e-02,1.1934865936e-03,3.0009986971e-02,2.5462955600e+00
2.5800000000e+02,4.2920490814e-03,1.1549853230e-02,6.1515886821e-01,3.0347814637e-01,3.4167546082e-02,1.1973397172e-03,3.0156197311e-02,2.5476978850e+00
2.5850000000e+02,4.2684642412e-03,1.1586067191e-02,6.1305624623e-01,3.0531226216e-01,3.4476661784e-02,1.2060088743e-03,3.0094289514e-02,2.5531353075e+00
2.5900000000e+02,4.2513711844e-03,1.1611834961e-02,6.1022887454e-01,3.0773090460e-01,3.4753953647e-02,1.2019221204e-03,3.0221138944e-02,2.5577751482e+00
2.5950000000e+02,4.2066619477e-03,1.1595568444e-02,6.0920186710e-01,3.0904768106e-01,3.4509663702e-02,1.2043818558e-03,3.0234175888e-02,2.5550508286e+00
2.6000000000e+02,4.1747095401e-03,1.1625928869e-02,6.0810935926e-01,3.1018019242e-01,3.4514348710e-02,1.2191220085e-03,3.0176339199e-02,2.5540834545e+00
2.6050000000e+02,4.1431309563e-03,1.1605684114e-02,6.0757467495e-01,3.1098172934e-01,3.4262131112e-02,1.2149966816e-03,3.0217652853e-02,2.5511133718e+00
2.6100000000e+02,4.1405763832e-03,1.1558518810e-02,6.0848107283e-01,3.1006484099e-01,3.4259738102e-02,1.2189517118e-03,3.0276301178e-02,2.5495553127e+00
2.6150000000e+02,4.1247442711e-03,1.1549851231e-02,6.0798562795e-01,3.1023645521e-01,3.4365292250e-02,1.2266396812e-03,3.0511389407e-02,2.5519124178e+00
2.6200000000e+02,4.1058151827e-03,1.1509838854e-02,6.0857101823e-01,3.0920316422e-01,3.4481543019e-02,1.2302110191e-03,3.0898409475e-02,2.5536278108e+00
2.6250000000e+02,4.0437050452e-03,1.1426486577e-02,6.0988498331e-01,3.0823690417e-01,3.4353032506e-02,1.2179469501e-03,3.0836941444e-02,2.5472515383e+00
2.6300000000e+02,4.0314263387e-03,1.1392223744e-02,6.1001645205e-01,3.0821250856e-01,3.4336525917e-02,1.2122293788e-03,3.0798634017e-02,2.5466233447e+00
2.6350000000e+02,4.0363840404e-03,1.1359559559e-02,6.0938949590e-01,3.0880352749e-01,3.4309849810e-02,1.2153016199e-03,3.0885881586e-02,2.5465606504e+00
2.6400000000e+02,4.0135043852e-03,1.1335643377e-02,6.0845358917e-01,3.0943493279e-01,3.4516475395e-02,1.2131042812e-03,3.1032750603e-02,2.5480015782e+00
2.6450000000e+02,3.9867514200e-03,1.1306429512e-02,6.0848348328e-01,3.0905122809e-01,3.4776003099e-02,1.2240861790e-03,3.1172018418e-02,2.5499889024e+00
2.6500000000e+02,3.9719528005e-03,1.1328752751e-02,6.0745104855e-01,3.1014414081e-01,3.4781753902e-02,1.2259269907e-03,3.1096424194e-02,2.5509422618e+00
2.6550000000e+02,3.9658382736e-03,1.1252010138e-02,6.0690775727e-01,3.1061468057e-01,3.4856882765e-02,1.2303274815e-03,3.1172503502e-02,2.5523315745e+00
2.6600000000e+02,3.9207812268e-03,1.1301828705e-02,6.0772961462e-01,3.0983695813e-01,3.4857838015e-02,1.2320218546e-03,3.1120957455e-02,2.5513168937e+00
2.6650000000e+02,3.8846937096e-03,1.1210247677e-02,6.0701661369e-01,3.1066629748e-01,3.4769462380e-02,1.2344033684e-03,3.1218281697e-02,2.5498635805e+00
2.6700000000e+02,3.8406407399e-03,1.1109498791e-02,6.0646921486e-01,3.1187382400e-01,3.4494298928e-02,1.2244841053e-03,3.0988038580e-02,2.5436381456e+00
2.6750000000e+02,3.7905111047e-03,1.0957131019e-02,6.0887122984e-01,3.0986359479e-01,3.4552397018e-02,1.2277580224e-03,3.0737378212e-02,2.5340251750e+00
2.6800000000e+02,3.7699578023e-03,1.0920646706e-02,6.0871161250e-01,3.0979561879e-01,3.4860659857e-02,1.2142769280e-03,3.0727227409e-02,2.5337756560e+00
2.6850000000e+02,3.7146797087e-03,1.0890436299e-02,6.1080480097e-01,3.0799538476e-01,3.4798080734e-02,1.2211474060e-03,3.0575470124e-02,2.5282785741e+00
2.6900000000e+02,3.7027123022e-03,1.0893044473e-02,6.0974603075e-01,3.0931964245e-01,3.4469914726e-02,1.2221854115e-03,3.0646469887e-02,2.5268042871e+00
2.6950000000e+02,3.6736842203e-03,1.0809918848e-02,6.1012305850e-01,3.0887333012e-01,3.4525410767e-02,1.2131930832e-03,3.0781404461e-02,2.5229791687e+00
2.7000000000e+02,3.6432675500e-03,1.0793543151e-02,6.1063536690e-01,3.0853939537e-01,3.4338168596e-02,1.2199896482e-03,3.0830268786e-02,2.5208127467e+00
2.7050000000e+02,3.6312737565e-03,1.0757634442e-02,6.1091326516e-01,3.0833133241e-01,3.4253347492e-02,1.2104774774e-03,3.0902669264e-02,2.5181229330e+00
2.7100000000e+02,3.6005123849e-03,1.0724915899e-02,6.1106779513e-01,3.0818239976e-01,3.4117163326e-02,1.2067591434e-03,3.1100454360e-02,2.5158786249e+00
2.7150000000e+02,3.5666024385e-03,1.0716149804e-02,6.1106071786e-01,3.0839201789e-01,3.4152698938e-02,1.1994039303e-03,3.0912409142e-02,2.5125805173e+00
2.7200000000e+02,3.5311415345e-03,1.0634350131e-02,6.1170155686e-01,3.0818322052e-01,3.4187829650e-02,1.1910199794e-03,3.0570881325e-02,2.5075268606e+00
2.7250000000e+02,3.4859653410e-03,1.0584865469e-02,6.1089709820e-01,3.0960181147e-01,3.4033746475e-02,1.1750093214e-03,3.0221503724e-02,2.5027583753e+00
2.7300000000e+02,3.4647744096e-03,1.0540970224e-02,6.1169383657e-01,3.0903515121e-01,3.3846772839e-02,1.1704538785e-03,3.0248040865e-02,2.4997958410e+00
2.7350000000e+02,3.4387090025e-03,1.0553137116e-02,6.1238041265e-01,3.0853340682e-01,3.3753323141e-02,1.1631212260e-03,3.0177890045e-02,2.4968274449e+00
2.7400000000e+02,3.4243870232e-03,1.0607128294e-02,6.1223767957e-01,3.0818286271e-01,3.3779767978e-02,1.1580492991e-03,3.0610125122e-02,2.5001081243e+00
2.7450000000e+02,3.4065199957e-03,1.0605575471e-02,6.1255142738e-01,3.0821629200e-01,3.3593643400e-02,1.1541050200e-03,3.0472436737e-02,2.4954190445e+00
2.7500000000e+02,3.3674287062e-03,1.0589622376e-02,6.1214589578e-01,3.0886563271e-01,3.3361506107e-02,1.1303528144e-03,3.0539561507e-02,2.4917683004e+00
2.7550000000e+02,3.3423353135e-03,1.0602923283e-02,6.1306885322e-01,3.0816833502e-01,3.3234023721e-02,1.1223779740e-03,3.0461151476e-02,2.4872386980e+00
2.7600000000e+02,3.3059196867e-03,1.0655283328e-02,6.1255792965e-01,3.0881690865e-01,3.3096968497e-02,1.1153621134e-03,3.0451628070e-02,2.4842898685e+00
2.7650000000e+02,3.2901831060e-03,1.0703102747e-02,6.1082077364e-01,3.1042325464e-01,3.3154891136e-02,1.0988432225e-03,3.0508951511e-02,2.4862547822e+00
2.7700000000e+02,3.2437462924e-03,1.0640948029e-02,6.1112331185e-01,3.1043802912e-01,3.3004805866e-02,1.0901747949e-03,3.0458984054e-02,2.4823805471e+00
2.7750000000e+02,3.2300960940e-03,1.0622328509e-02,6.1069108051e-01,3.1102739919e-01,3.2916144183e-02,1.0806394572e-03,3.0432312055e-02,2.4799411716e+00
2.7800000000e+02,3.1923264346e-03,1.0558707714e-02,6.1079592140e-01,3.1137021428e-01,3.2635115579e-02,1.0680252585e-03,3.0379689338e-02,2.4758141049e+00
2.7850000000e+02,3.1593309872e-03,1.0538556265e-02,6.1190965176e-01,3.1043133775e-01,3.2516019882e-02,1.0532283469e-03,3.0391875005e-02,2.4695798795e+00
2.7900000000e+02,3.1361609311e-03,1.0520647902e-02,6.1439633063e-01,3.0818961833e-01,3.2281030835e-02,1.0454401452e-03,3.0430771224e-02,2.4638651628e+00
2.7950000000e+02,3.1305070326e-03,1.0551676168e-02,6.1443747045e-01,3.0810318676e-01,3.2404808714e-02,1.0362969720e-03,3.0336053897e-02,2.4633971142e+00
2.8000000000e+02,3.0944712478e-03,1.0552041747e-02,6.1454116193e-01,3.0843844561e-01,3.2201553801e-02,1.0279232074e-03,3.0144402450e-02,2.4590754851e+00
2.8050000000e+02,3.0763875250e-03,1.0520138340e-02,6.1638575623e-01,3.0674287552e-01,3.2172156069e-02,1.0118154243e-03,3.0090870885e-02,2.4549616914e+00
2.8100000000e+02,3.0474395564e-03,1.0485562397e-02,6.1735664220e-01,3.0627338412e-01,3.2070793454e-02,9.8686740577e-04,2.9779310869e-02,2.4485408997e+00
2.8150000000e+02,3.0301132102e-03,1.0395591434e-02,6.1734126354e-01,3.0666122461e-01,3.1968318067e-02,9.7765023006e-04,2.9625838914e-02,2.4448346944e+00
2.8200000000e+02,2.9832611638e-03,1.0354507667e-02,6.1670396885e-01,3.0759831533e-01,3.1818284945e-02,9.6144526307e-04,2.9580216781e-02,2.4408576630e+00
2.8250000000e+02,2.9447538236e-03,1.0332694421e-02,6.1847043031e-01,3.0630775469e-01,3.1674470847e-02,9.5573719249e-04,2.9314158720e-02,2.4323602539e+00
2.8300000000e+02,2.9070386695e-03,1.0203275493e-02,6.2040607384e-01,3.0454536719e-01,3.1608678964e-02,9.5144121552e-04,2.9378124628e-02,2.4261901275e+00
2.8350000000e+02,2.8706404871e-03,1.0116916032e-02,6.2024513595e-01,3.0514106022e-01,3.1549308128e-02,9.3719864982e-04,2.9139740539e-02,2.4208974083e+00
2.8400000000e+02,2.8547740891e-03,1.0109790410e-02,6.2276297503e-01,3.0284414917e-01,3.1450820163e-02,9.2230328106e-04,2.9055187851e-02,2.4152723722e+00
2.8450000000e+02,2.8306893408e-03,1.0067359926e-02,6.2376760863e-01,3.0196921638e-01,3.1482322252e-02,9.2137459239e-04,2.8961428880e-02,2.4123694467e+00
2.8500000000e+02,2.8074816335e-03,1.0078105922e-02,6.2526545030e-01,3.0062840304e-01,3.1345231707e-02,9.2273665445e-04,2.8952590743e-02,2.4085594760e+00
2.8550000000e+02,2.7975759197e-03,1.0088282479e-02,6.2407600904e-01,3.0183434355e-01,3.1317340308e-02,9.0633168077e-04,2.8980117023e-02,2.4085805949e+00
2.8600000000e+02,2.7858951343e-03,1.0040655856e-02,6.2490127241e-01,3.0149180512e-01,3.1311046615e-02,8.9244041465e-04,2.8576884449e-02,2.4026883614e+00
2.8650000000e+02,2.7740834788e-03,9.9796773079e-03,6.2732689739e-01,2.9911719203e-01,3.1463088450e-02,8.7913700780e-04,2.8459924331e-02,2.3978926924e+00
2.8700000000e+02,2.7659568770e-03,9.9847888489e-03,6.2790747214e-01,2.9854421893e-01,3.1599255181e-02,8.6804609054e-04,2.8330261934e-02,2.3958858808e+00
2.8750000000e+02,2.7074406581e-03,9.9364245654e-03,6.2865968345e-01,2.9793495083e-01,3.1769462876e-02,8.5806445907e-04,2.8133973163e-02,2.3892029536e+00
2.8800000000e+02,2.6941642373e-03,9.9707158076e-03,6.3025939507e-01,2.9630111553e-01,3.1739646559e-02,8.4376026649e-04,2.8191202534e-02,2.3861591652e+00
2.8850000000e+02,2.6876493091e-03,9.9910681554e-03,6.3126222840e-01,2.9536887086e-01,3.1743670728e-02,8.3170563537e-04,2.8114806907e-02,2.3838945630e+00
2.8900000000e+02,2.6842510447e-03,9.9797063934e-03,6.3168208407e-01,2.9512103958e-01,3.1614578790e-02,8.1236989334e-04,2.8105970232e-02,2.3805891809e+00
2.8950000000e+02,2.6817907871e-03,1.0010913274e-02,6.3143602354e-01,2.9551797877e-01,3.1399072188e-02,8.0195852964e-04,2.8152262913e-02,2.3793133322e+00
2.9000000000e+02,2.6755632593e-03,9.9690886369e-03,6.3071011372e-01,2.9617643255e-01,3.1492697198e-02,7.9427367768e-04,2.8181830956e-02,2.3798861985e+00
2.9050000000e+02,2.6427834319e-03,9.9544157322e-03,6.3264688982e-01,2.9476538671e-01,3.1248194458e-02,7.7489269743e-04,2.7967437153e-02,2.3727475502e+00
2.9100000000e+02,2.6339525252e-03,9.9608172695e-03,6.3349738125e-01,2.9416474558e-01,3.1167064021e-02,7.5977677485e-04,2.7816262572e-02,2.3698766378e+00
2.9150000000e+02,2.6269059778e-03,9.9697953870e-03,6.3426868662e-01,2.9375597400e-01,3.1073647788e-02,7.5052228987e-04,2.7554467939e-02,2.3651090696e+00
2.9200000000e+02,2.6256550598e-03,9.8953853174e-03,6.3647740320e-01,2.9175456605e-01,3.1213341923e-02,7.4255023363e-04,2.7291098215e-02,2.3598686059e+00
2.9250000000e+02,2.6285757411e-03,9.9005349527e-03,6.3577978987e-01,2.9209097629e-01,3.1531864620e-02,7.2816325261e-04,2.7340095275e-02,2.3617446999e+00
2.9300000000e+02,2.6127577867e-03,9.8970509905e-03,6.3647821116e-01,2.9133808273e-01,3.1645882874e-02,7.1600980563e-04,2.7312004657e-02,2.3608148796e+00
2.9350000000e+02,2.5959979655e-03,9.9195976204e-03,6.3622419811e-01,2.9158852986e-01,3.1705832489e-02,7.0632875581e-04,2.7259515193e-02,2.3598059981e+00
2.9400000000e+02,2.5697281002e-03,9.9672082596e-03,6.3601793757e-01,2.9200797460e-01,3.1545303376e-02,7.0266023005e-04,2.7189187860e-02,2.3582171112e+00
2.9450000000e+02,2.5421423413e-03,9.9386557431e-03,6.3703148175e-01,2.9127229896e-01,3.1351756984e-02,6.9153334714e-04,2.7172130883e-02,2.3533047219e+00
2.9500000000e+02,2.5067006706e-03,9.8969262236e-03,6.3983090449e-01,2.8885539144e-01,3.1244758796e-02,6.7862574912e-04,2.6986692629e-02,2.3451922006e+00
2.9550000000e+02,2.4732305765e-03,9.8777977007e-03,6.4189989529e-01,2.8696073210e-01,3.1287134472e-02,6.6125456393e-04,2.6839955300e-02,2.3390211261e+00
2.9600000000e+02,2.4692708400e-03,9.8666941440e-03,6.3994626055e-01,2.8902784549e-01,3.1353881937e-02,6.4698367506e-04,2.6689063366e-02,2.3392294171e+00
2.9650000000e+02,2.4630155383e-03,9.8081858335e-03,6.4113135478e-01,2.8793760823e-01,3.1352541830e-02,6.3514510307e-04,2.6672148686e-02,2.3360280644e+00
2.9700000000e+02,2.4527918905e-03,9.8096394703e-03,6.4241216439e-01,2.8665992476e-01,3.1574425237e-02,6.2700014381e-04,2.6464054109e-02,2.3319468894e+00
2.9750000000e+02,2.4522434561e-03,9.9000505963e-03,6.4303553620e-01,2.8589834786e-01,3.1747189206e-02,6.2179156442e-04,2.6344841124e-02,2.3327049791e+00
2.9800000000e+02,2.4522903181e-03,9.9136876385e-03,6.4297728098e-01,2.8586166816e-01,3.1827172606e-02,6.1580879642e-04,2.6352091505e-02,2.3318241217e+00
2.9850000000e+02,2.4254637842e-03,9.8424621392e-03,6.4419271074e-01,2.8520817846e-01,3.1766735807e-02,5.9823799130e-04,2.5966211079e-02,2.3225748621e+00
2.9900000000e+02,2.4259360471e-03,9.8172167016e-03,6.4487286636e-01,2.8440790612e-01,3.1861631980e-02,5.8290503442e-04,2.6031537758e-02,2.3224372213e+00
2.9950000000e+02,2.4168988714e-03,9.7999497809e-03,6.4637506304e-01,2.8341164933e-01,3.1538573722e-02,5.7018059252e-04,2.5887684668e-02,2.3162454005e+00
3.0000000000e+02,2.3951100406e-03,9.8049295275e-03,6.4770423515e-01,2.8215723964e-01,3.1682869057e-02,5.6288422037e-04,2.5692732373e-02,2.3116087456e+00
3.0050000000e+02,2.4027329167e-03,9.8498841536e-03,6.4805243222e-01,2.8185706739e-01,3.1685294092e-02,5.5445886695e-04,2.5598130358e-02,2.3103765577e+00
3.0100000000e+02,2.3867031547e-03,9.8791558175e-03,6.5104847127e-01,2.7917364332e-01,3.1500052475e-02,5.4575361373e-04,2.5466220354e-02,2.3034250424e+00
3.0150000000e+02,2.3833227821e-03,9.9082358918e-03,6.5164719528e-01,2.7872964870e-01,3.1397686678e-02,5.3716491805e-04,2.5396745751e-02,2.3005762422e+00
3.0200000000e+02,2.3794422590e-03,9.8653684820e-03,6.5268331765e-01,2.7814627772e-01,3.1092874970e-02,5.3018259630e-04,2.5302536324e-02,2.2952981698e+00
3.0250000000e+02,2.3690456512e-03,9.8593682338e-03,6.5294853651e-01,2.7817039016e-01,3.0996632418e-02,5.1831300380e-04,2.5137714017e-02,2.2919679958e+00
3.0300000000e+02,2.3748447129e-03,9.8356924872e-03,6.5401233141e-01,2.7752984597e-01,3.0689809483e-02,5.0921777715e-04,2.5048258162e-02,2.2870774522e+00
3.0350000000e+02,2.3699622714e-03,9.8278987273e-03,6.5744329860e-01,2.7448343158e-01,3.0445367289e-02,5.0544392272e-04,2.4924597604e-02,2.2794496034e+00
3.0400000000e+02,2.3624835070e-03,9.7973196300e-03,6.5930659498e-01,2.7318006011e-01,3.0284458240e-02,4.9292843347e-04,2.4576155103e-02,2.2717235361e+00
3.0450000000e+02,2.3567949814e-03,9.7306540937e-03,6.5747733612e-01,2.7496568660e-01,3.0385396209e-02,4.8480436987e-04,2.4599327623e-02,2.2724255378e+00
3.0500000000e+02,2.3371036775e-03,9.7552167313e-03,6.5721872278e-01,2.7557560945e-01,3.0148729101e-02,4.7522836112e-04,2.4489389894e-02,2.2693008619e+00
3.0550000000e+02,2.3251772306e-03,9.7022879865e-03,6.5809991512e-01,2.7512490332e-01,2.9946314427e-02,4.6562693604e-04,2.4335774984e-02,2.2635138678e+00
3.0600000000e+02,2.3130520993e-03,9.6894553274e-03,6.6047362888e-01,2.7298697190e-01,2.9784011143e-02,4.6068736213e-04,2.4292193293e-02,2.2580812486e+00
3.0650000000e+02,2.3151977769e-03,9.6971808905e-03,6.6136757758e-01,2.7241044094e-01,2.9627630670e-02,4.5677722607e-04,2.4125194914e-02,2.2539011187e+00
3.0700000000e+02,2.3049249794e-03,9.6894519540e-03,6.6369016821e-01,2.7033203871e-01,2.9581519131e-02,4.5144141895e-04,2.3950455591e-02,2.2486627873e+00
3.0750000000e+02,2.2926348425e-03,9.6315513564e-03,6.6726735004e-01,2.6712643388e-01,2.9508572848e-02,4.4224444780e-04,2.3731212578e-02,2.2392160433e+00
3.0800000000e+02,2.2991342871e-03,9.6265119883e-03,6.6892006968e-01,2.6576862962e-01,2.9429133422e-02,4.3627318673e-04,2.3520247813e-02,2.2353529601e+00
3.0850000000e+02,2.2852508024e-03,9.6283935984e-03,6.7038557250e-01,2.6461119652e-01,2.9266829331e-02,4.3025378797e-04,2.3392503457e-02,2.2306304983e+00
3.0900000000e+02,2.2841806601e-03,9.6144288140e-03,6.7122570340e-01,2.6363670841e-01,2.9370758846e-02,4.2929849595e-04,2.3438921367e-02,2.2290495762e+00
3.0950000000e+02,2.2504704280e-03,9.6018295277e-03,6.7146376495e-01,2.6392851067e-01,2.9084166090e-02,4.1983157501e-04,2.3251426761e-02,2.2229852804e+00
3.1000000000e+02,2.2353382187e-03,9.5613404451e-03,6.7221428316e-01,2.6377336630e-01,2.8742045666e-02,4.1557893349e-04,2.3058047280e-02,2.2157038917e+00
3.1050000000e+02,2.2536320280e-03,9.6171694861e-03,6.7316228552e-01,2.6272078864e-01,2.8695405517e-02,4.1421256854e-04,2.3136506247e-02,2.2160552497e+00
3.1100000000e+02,2.2480060350e-03,9.6203208356e-03,6.7360314151e-01,2.6236729992e-01,2.8697992652e-02,4.1101843460e-04,2.3052220616e-02,2.2139304215e+00
3.1150000000e+02,2.2484988314e-03,9.6563988221e-03,6.7571338415e-01,2.6045238144e-01,2.8680150097e-02,4.0928548215e-04,2.2839901182e-02,2.2098216582e+00
3.1200000000e+02,2.2481117012e-03,9.6717311698e-03,6.7677466981e-01,2.5960025873e-01,2.8707595945e-02,4.0329376585e-04,2.2594338884e-02,2.2062950454e+00
3.1250000000e+02,2.2424883140e-03,9.7204359425e-03,6.7700088643e-01,2.5986506305e-01,2.8399977781e-02,3.9649318655e-04,2.2374655304e-02,2.2028566253e+00
3.1300000000e+02,2.2318198692e-03,9.7413619870e-03,6.7640114616e-01,2.6044383532e-01,2.8484948559e-02,3.9295316153e-04,2.2303934944e-02,2.2034445913e+00
3.1350000000e+02,2.2197993860e-03,9.7699890856e-03,6.7812137758e-01,2.5878845740e-01,2.8448653075e-02,3.8747091811e-04,2.2264252561e-02,2.2005449421e+00
3.1400000000e+02,2.2331205970e-03,9.8063063532e-03,6.7815411000e-01,2.5852661441e-01,2.8500582546e-02,3.8378278651e-04,2.2395483305e-02,2.2033827167e+00
3.1450000000e+02,2.2332557489e-03,9.8281639425e-03,6.7974629388e-01,2.5714732659e-01,2.8472720067e-02,3.7847431496e-04,2.2193765454e-02,2.1984305335e+00
3.1500000000e+02,2.2255949500e-03,9.8948251217e-03,6.8042971375e-01,2.5650208547e-01,2.8540976210e-02,3.7143703043e-04,2.2035367467e-02,2.1974553370e+00
3.1550000000e+02,2.2398802140e-03,9.9110873972e-03,6.8014162392e-01,2.5690726952e-01,2.8541496812e-02,3.6883342444e-04,2.1889808710e-02,2.1973496263e+00
3.1600000000e+02,2.2404193036e-03,9.9152559139e-03,6.8229811529e-01,2.5485039009e-01,2.8601446882e-02,3.6761812911e-04,2.1726754393e-02,2.1938734578e+00
3.1650000000e+02,2.2391610847e-03,9.9755063175e-03,6.8323267839e-01,2.5372992636e-01,2.8662515860e-02,3.6804950749e-04,2.1792162484e-02,2.1949151622e+00
3.1700000000e+02,2.2407749390e-03,9.9686092736e-03,6.8596625556e-01,2.5128152698e-01,2.8421672973e-02,3.6369075613e-04,2.1757469518e-02,2.1900838053e+00
3.1750000000e+02,2.2462277433e-03,9.9443308552e-03,6.8877731101e-01,2.4907933597e-01,2.8068579013e-02,3.6002273810e-04,2.1524192668e-02,2.1810499018e+00
3.1800000000e+02,2.2335008371e-03,9.9346208103e-03,6.8999512658e-01,2.4802949731e-01,2.8026263866e-02,3.5516750519e-04,2.1425823093e-02,2.1768001581e+00
3.1850000000e+02,2.2471997685e-03,9.9597269473e-03,6.9041167363e-01,2.4751070723e-01,2.8005811105e-02,3.5384851759e-04,2.1511032795e-02,2.1780809461e+00
3.1900000000e+02,2.2565106573e-03,9.9822986872e-03,6.9181466849e-01,2.4637883275e-01,2.7753106580e-02,3.5191486534e-04,2.1462667972e-02,2.1731181919e+00
3.1950000000e+02,2.2626236931e-03,1.0033565357e-02,6.9228669974e-01,2.4619272549e-01,2.7566890206e-02,3.4830769797e-04,2.1309187812e-02,2.1699652634e+00
3.2000000000e+02,2.2700762923e-03,1.0064146505e-02,6.9204315600e-01,2.4667533143e-01,2.7382845328e-02,3.4806932749e-04,2.1216375115e-02,2.1689526656e+00
3.2050000000e+02,2.2968518128e-03,1.0146796470e-02,6.9256098282e-01,2.4628295112e-01,2.7311050107e-02,3.5022948224e-04,2.1051138185e-02,2.1690316576e+00
3.2100000000e+02,2.3069312467e-03,1.0123415196e-02,6.9345848736e-01,2.4576116625e-01,2.6964337364e-02,3.4578875033e-04,2.1039873827e-02,2.1639278324e+00
3.2150000000e+02,2.3024588450e-03,1.0089601156e-02,6.9495800789e-01,2.4480737138e-01,2.6624561218e-02,3.4310385043e-04,2.0874895658e-02,2.1573124326e+00
3.2200000000e+02,2.2847738695e-03,1.0096274188e-02,6.9750731931e-01,2.4246908584e-01,2.6494057279e-02,3.3974259659e-04,2.0808746913e-02,2.1512153795e+00
3.2250000000e+02,2.2739870470e-03,1.0143978081e-02,6.9976474452e-01,2.4077027564e-01,2.6109235535e-02,3.3480201758e-04,2.0602977158e-02,2.1425974212e+00
3.2300000000e+02,2.2591779064e-03,1.0116872863e-02,7.0073384556e-01,2.4037892944e-01,2.5915595055e-02,3.3386224930e-04,2.0261716925e-02,2.1366651427e+00
3.2350000000e+02,2.2619961484e-03,1.0037320444e-02,7.0235058581e-01,2.3929778454e-01,2.5610829213e-02,3.3149245696e-04,2.0109991391e-02,2.1313493881e+00
3.2400000000e+02,2.2724997428e-03,1.0032413729e-02,7.0193501165e-01,2.3988179743e-01,2.5596151996e-02,3.3133614855e-04,1.9950789304e-02,2.1299708159e+00
3.2450000000e+02,2.2722009640e-03,1.0026222379e-02,7.0248315934e-01,2.3991287577e-01,2.5395008611e-02,3.3023310433e-04,1.9580299838e-02,2.1249331950e+00
3.2500000000e+02,2.2770204420e-03,9.9960085487e-03,7.0356482266e-01,2.3933744936e-01,2.5145075559e-02,3.2990541174e-04,1.9349718019e-02,2.1204031234e+00
3.2550000000e+02,2.2840309520e-03,9.9859058943e-03,7.0615773894e-01,2.3713226586e-01,2.5050055763e-02,3.2864261270e-04,1.9061359974e-02,2.1117105378e+00
3.2600000000e+02,2.2788334416e-03,9.9879679393e-03,7.0645058431e-01,2.3693020727e-01,2.5089362438e-02,3.3236259552e-04,1.8930682011e-02,2.1095935208e+00
3.2650000000e+02,2.2818542325e-03,9.9968068802e-03,7.0718667298e-01,2.3663230648e-01,2.4855647182e-02,3.3394754074e-04,1.8712764709e-02,2.1050645748e+00
3.2700000000e+02,2.2818656373e-03,1.0027831055e-02,7.0695506319e-01,2.3720115965e-01,2.4617827218e-02,3.3274840280e-04,1.8583504849e-02,2.1025459213e+00
3.2750000000e+02,2.2794058194e-03,9.9900485990e-03,7.0722425482e-01,2.3710915229e-01,2.4581880985e-02,3.3025404652e-04,1.8485003448e-02,2.0987099427e+00
3.2800000000e+02,2.2715864502e-03,1.0052375321e-02,7.0820535685e-01,2.3638564960e-01,2.4409802526e-02,3.3049997231e-04,1.8344729284e-02,2.0951401606e+00
3.2850000000e+02,2.2932668176e-03,1.0081212867e-02,7.0968526228e-01,2.3521588554e-01,2.4284832176e-02,3.2642263117e-04,1.8113117690e-02,2.0898455339e+00
3.2900000000e+02,2.2874573511e-03,1.0137423817e-02,7.0984794926e-01,2.3535773991e-01,2.4124632557e-02,3.2447316183e-04,1.7920323947e-02,2.0872457699e+00
3.2950000000e+02,2.3137864403e-03,1.0157038092e-02,7.0924570707e-01,2.3609214139e-01,2.4082942991e-02,3.2537288104e-04,1.7783011143e-02,2.0879840474e+00
3.3000000000e+02,2.3326521240e-03,1.0222508867e-02,7.0903536520e-01,2.3646215076e-01,2.3952891596e-02,3.2557154714e-04,1.7668859912e-02,2.0872410645e+00
3.3050000000e+02,2.3552049925e-03,1.0246360336e-02,7.0965393063e-01,2.3611553185e-01,2.3670202025e-02,3.2484378059e-04,1.7633926382e-02,2.0850041710e+00
3.3100000000e+02,2.3591375018e-03,1.0261029484e-02,7.1153948803e-01,2.3456098749e-01,2.3464425384e-02,3.2690012426e-04,1.7488031980e-02,2.0792202993e+00
3.3150000000e+02,2.3613038532e-03,1.0334072495e-02,7.1264523004e-01,2.3374177797e-01,2.3245209379e-02,3.2470959541e-04,1.7347696660e-02,2.0759775149e+00
3.3200000000e+02,2.3534821506e-03,1.0299849350e-02,7.1480875975e-01,2.3182098357e-01,2.3160684969e-02,3.2497693366e-04,1.7231263274e-02,2.0691646577e+00
3.3250000000e+02,2.3525456599e-03,1.0293638764e-02,7.1581081320e-01,2.3129395666e-01,2.2931474955e-02,3.2206301410e-04,1.6995507741e-02,2.0616856390e+00
3.3300000000e+02,2.3595357680e-03,1.0263792978e-02,7.1719899471e-01,2.3000097565e-01,2.2900079640e-02,3.2051061238e-04,1.6956110645e-02,2.0577940965e+00
3.3350000000e+02,2.3783170171e-03,1.0266859279e-02,7.1701219955e-01,2.3024103161e-01,2.2969782389e-02,3.2181371816e-04,1.6809996430e-02,2.0571071913e+00
3.3400000000e+02,2.3853904712e-03,1.0169509081e-02,7.1852752900e-01,2.2925233323e-01,2.2779395118e-02,3.2120626890e-04,1.6564636825e-02,2.0489416160e+00
3.3450000000e+02,2.3901500451e-03,1.0274346730e-02,7.1856727503e-01,2.2909835878e-01,2.2826415558e-02,3.2563324712e-04,1.6517820614e-02,2.0498272843e+00
3.3500000000e+02,2.3977104886e-03,1.0299283844e-02,7.2003781822e-01,2.2809038156e-01,2.2622362064e-02,3.2766342826e-04,1.6224780398e-02,2.0420472454e+00
3.3550000000e+02,2.4094882620e-03,1.0268354604e-02,7.2208513486e-01,2.2638324100e-01,2.2410246249e-02,3.2644777970e-04,1.6117087246e-02,2.0362585025e+00
3.3600000000e+02,2.4337962026e-03,1.0370630367e-02,7.2205616428e-01,2.2634116224e-01,2.2381338696e-02,3.2944655850e-04,1.6087461660e-02,2.0366418890e+00
3.3650000000e+02,2.4324740553e-03,1.0410483271e-02,7.2333761367e-01,2.2535999222e-01,2.2162127483e-02,3.2862653241e-04,1.5968682771e-02,2.0311852561e+00
3.3700000000e+02,2.4482618637e-03,1.0463206620e-02,7.2582780740e-01,2.2313832608e-01,2.2071364857e-02,3.2622222988e-04,1.5724810947e-02,2.0235093982e+00
3.3750000000e+02,2.4515419809e-03,1.0576746373e-02,7.2447140259e-01,2.2446582235e-01,2.2141716213e-02,3.2940383766e-04,1.5563366650e-02,2.0257623662e+00
3.3800000000e+02,2.4583152590e-03,1.0575109825e-02,7.2567442009e-01,2.2369634683e-01,2.1899501109e-02,3.2952656398e-04,1.5366780319e-02,2.0188484006e+00
3.3850000000e+02,2.4655671283e-03,1.0647644639e-02,7.2732183956e-01,2.2218096768e-01,2.1808879400e-02,3.3193286420e-04,1.5243168730e-02,2.0145200838e+00
3.3900000000e+02,2.4734320955e-03,1.0616758664e-02,7.2972154145e-01,2.2005478540e-01,2.1674306583e-02,3.3194675716e-04,1.5127229049e-02,2.0069912903e+00
3.3950000000e+02,2.4915847030e-03,1.0653493424e-02,7.3064278084e-01,2.1914248490e-01,2.1610638777e-02,3.3497311782e-04,1.5124044229e-02,2.0056658286e+00
3.4000000000e+02,2.5062234994e-03,1.0711185041e-02,7.3248218050e-01,2.1740440075e-01,2.1468938504e-02,3.3686074873e-04,1.5090210958e-02,2.0017703604e+00
3.4050000000e+02,2.5206164263e-03,1.0785635040e-02,7.3344076589e-01,2.1669208113e-01,2.1254724078e-02,3.3811984997e-04,1.4968057587e-02,1.9973350650e+00
3.4100000000e+02,2.5244667308e-03,1.0782448180e-02,7.3468836975e-01,2.1597380981e-01,2.0956268102e-02,3.4070921675e-04,1.4733928212e-02,1.9888520314e+00
3.4150000000e+02,2.5390299234e-03,1.0771157117e-02,7.3819468002e-01,2.1272167976e-01,2.0786311973e-02,3.4256166086e-04,1.4644579540e-02,1.9808727374e+00
3.4200000000e+02,2.5663981144e-03,1.0805918227e-02,7.3924612024e-01,2.1176239464e-01,2.0639525259e-02,3.4368091915e-04,1.4635962596e-02,1.9793771280e+00
3.4250000000e+02,2.5748378408e-03,1.0788360268e-02,7.4010079651e-01,2.1128177590e-01,2.0453965358e-02,3.4801194060e-04,1.4452252180e-02,1.9737921402e+00
3.4300000000e+02,2.5912681381e-03,1.0808866921e-02,7.4082960326e-01,2.1088335533e-01,2.0248400995e-02,3.4877795203e-04,1.4289727406e-02,1.9699705459e+00
3.4350000000e+02,2.5951829575e-03,1.0826519526e-02,7.4232812099e-01,2.0953252862e-01,2.0116619359e-02,3.5066584284e-04,1.4250362707e-02,1.9656533333e+00
3.4400000000e+02,2.6172799077e-03,1.0869096696e-02,7.4068009501e-01,2.1125645051e-01,1.9944784806e-02,3.5307201895e-04,1.4279221056e-02,1.9679535135e+00
3.4450000000e+02,2.6430363171e-03,1.0916169170e-02,7.4148509917e-01,2.1047320515e-01,1.9868869983e-02,3.5568815176e-04,1.4257932061e-02,1.9660954696e+00
3.4500000000e+02,2.6753851344e-03,1.1032266037e-02,7.4180939458e-01,2.1001504504e-01,1.9786362621e-02,3.5497340046e-04,1.4326573186e-02,1.9674015759e+00
3.4550000000e+02,2.6962389454e-03,1.1009959073e-02,7.4304437296e-01,2.0914149822e-01,1.9587492326e-02,3.5751676030e-04,1.4162921714e-02,1.9612395552e+00
3.4600000000e+02,2.7262006789e-03,1.1018422273e-02,7.4464731942e-01,2.0754694321e-01,1.9590740889e-02,3.6188810162e-04,1.4108485429e-02,1.9570962121e+00
3.4650000000e+02,2.7437400940e-03,1.1152759118e-02,7.4521884095e-01,2.0695264337e-01,1.9468046480e-02,3.6505974826e-04,1.4098910240e-02,1.9560574269e+00
3.4700000000e+02,2.7600028895e-03,1.1155263650e-02,7.4481421332e-01,2.0757158275e-01,1.9329704690e-02,3.6475946664e-04,1.4004473236e-02,1.9538409098e+00
3.4750000000e+02,2.7613072940e-03,1.1185544339e-02,7.4681373254e-01,2.0572621519e-01,1.9182689916e-02,3.6314985422e-04,1.3967360862e-02,1.9490977041e+00
3.4800000000e+02,2.7518955389e-03,1.1139126910e-02,7.4837233410e-01,2.0450814493e-01,1.9059261226e-02,3.6406395303e-04,1.3805173343e-02,1.9420115060e+00
3.4850000000e+02,2.7725161272e-03,1.1200604562e-02,7.4924902183e-01,2.0367124606e-01,1.8997957731e-02,3.7013356511e-04,1.3738520122e-02,1.9398267984e+00
3.4900000000e+02,2.7908096931e-03,1.1304979279e-02,7.4963757800e-01,2.0332364991e-01,1.9025579325e-02,3.7789595680e-04,1.3539507830e-02,1.9389983431e+00
3.4950000000e+02,2.7978938012e-03,1.1382620232e-02,7.5044685907e-01,2.0236868224e-01,1.9118736953e-02,3.8093864412e-04,1.3504269065e-02,1.9384834466e+00
3.5000000000e+02,2.8222035823e-03,1.1457390555e-02,7.5008179087e-01,2.0273452886e-01,1.9120715017e-02,3.8251927862e-04,1.3400851835e-02,1.9394093013e+00
3.5050000000e+02,2.8323552441e-03,1.1523304487e-02,7.4881777055e-01,2.0409431149e-01,1.9073755622e-02,3.8768792371e-04,1.3270814690e-02,1.9417853314e+00
3.5100000000e+02,2.8441184389e-03,1.1508971541e-02,7.5030672757e-01,2.0287116845e-01,1.9014271192e-02,3.8843303121e-04,1.3066309784e-02,1.9371574294e+00
3.5150000000e+02,2.8791313488e-03,1.1532664550e-02,7.4963492288e-01,2.0382472161e-01,1.8815257907e-02,3.9460674921e-04,1.2918694960e-02,1.9370920937e+00
3.5200000000e+02,2.8886389590e-03,1.1559553102e-02,7.4951323454e-01,2.0408026105e-01,1.8765030885e-02,3.9818755132e-04,1.2795093907e-02,1.9370070439e+00
3.5250000000e+02,2.9305001914e-03,1.1610239230e-02,7.4954847239e-01,2.0390669971e-01,1.8852507065e-02,4.0398080763e-04,1.2747600601e-02,1.9405348368e+00
3.5300000000e+02,2.9187989645e-03,1.1538074751e-02,7.5170780300e-01,2.0196387900e-01,1.8779555928e-02,4.0256574745e-04,1.2689322611e-02,1.9349024710e+00
3.5350000000e+02,2.9301568598e-03,1.1589479022e-02,7.5254038453e-01,2.0135669042e-01,1.8707492861e-02,3.9844282002e-04,1.2477353491e-02,1.9317508462e+00
3.5400000000e+02,2.9237406346e-03,1.1552909931e-02,7.5301482856e-01,2.0115407059e-01,1.8560283884e-02,4.0335216992e-04,1.2390814230e-02,1.9286625935e+00
3.5450000000e+02,2.9502725654e-03,1.1591091934e-02,7.5450023285e-01,1.9981909564e-01,1.8516003990e-02,4.0399229585e-04,1.2219310720e-02,1.9264634891e+00
3.5500000000e+02,2.9933004489e-03,1.1684061184e-02,7.5433293974e-01,2.0006266380e-01,1.8345266360e-02,4.0537181490e-04,1.2176396649e-02,1.9278290339e+00
3.5550000000e+02,3.0189857648e-03,1.1775389366e-02,7.5309591985e-01,2.0121800405e-01,1.8394607007e-02,4.0911229629e-04,1.2087981674e-02,1.9319266482e+00
3.5600000000e+02,3.0108813239e-03,1.1748503964e-02,7.5491176876e-01,1.9962988251e-01,1.8293041366e-02,4.0824711049e-04,1.1997674966e-02,1.9259630966e+00
3.5650000000e+02,3.0334593027e-03,1.1810594515e-02,7.5631739895e-01,1.9835961073e-01,1.8118104953e-02,4.1046759191e-04,1.1950363959e-02,1.9233335848e+00
3.5700000000e+02,3.0404097819e-03,1.1968101122e-02,7.5673624750e-01,1.9785357251e-01,1.8096454058e-02,4.1169739612e-04,1.1893517633e-02,1.9232486424e+00
3.5750000000e+02,3.0592109287e-03,1.2086119967e-02,7.5631355331e-01,1.9822209688e-01,1.8067907637e-02,4.1130741676e-04,1.1839803869e-02,1.9260157709e+00
3.5800000000e+02,3.0598698719e-03,1.2015367236e-02,7.5672058978e-01,1.9807175807e-01,1.7901663248e-02,4.1097661496e-04,1.1819775182e-02,1.9231894713e+00
3.5850000000e+02,3.0833087654e-03,1.2020336075e-02,7.5746980452e-01,1.9767185340e-01,1.7635911544e-02,4.1009510183e-04,1.1708690593e-02,1.9207644584e+00
3.5900000000e+02,3.0994945966e-03,1.2025708608e-02,7.5787886994e-01,1.9749720734e-01,1.7560225029e-02,4.0712713909e-04,1.1531367342e-02,1.9200672016e+00
3.5950000000e+02,3.1172587210e-03,1.2026492763e-02,7.6015727998e-01,1.9533569186e-01,1.7500875426e-02,4.1066446524e-04,1.1451736777e-02,1.9150133562e+00
3.6000000000e+02,3.1370221728e-03,1.2045503660e-02,7.6032505439e-01,1.9534318046e-01,1.7405483016e-02,4.1152801836e-04,1.1332228279e-02,1.9133919472e+00
3.6050000000e+02,3.1641363830e-03,1.2127999827e-02,7.6032092274e-01,1.9540023683e-01,1.7319388912e-02,4.1181921894e-04,1.1255496092e-02,1.9130935807e+00
3.6100000000e+02,3.1808573176e-03,1.2097371395e-02,7.6171701805e-01,1.9426066760e-01,1.7170336321e-02,4.1391477740e-04,1.1159834540e-02,1.9081434664e+00
3.6150000000e+02,3.2186795335e-03,1.2159948833e-02,7.6267156277e-01,1.9320636142e-01,1.7203575249e-02,4.1558506181e-04,1.1124287138e-02,1.9086696846e+00
3.6200000000e+02,3.2256907998e-03,1.2166711899e-02,7.6410043960e-01,1.9199032813e-01,1.7013571920e-02,4.1667429679e-04,1.1086583355e-02,1.9045706756e+00
3.6250000000e+02,3.2296798451e-03,1.2189631362e-02,7.6518295912e-01,1.9102672496e-01,1.6916477335e-02,4.1595188100e-04,1.1038575494e-02,1.9019242112e+00
3.6300000000e+02,3.2433281189e-03,1.2241872449e-02,7.6543097393e-01,1.9080063984e-01,1.6857580782e-02,4.1927270932e-04,1.1006332176e-02,1.9011562980e+00
3.6350000000e+02,3.2731967223e-03,1.2320739535e-02,7.6447265081e-01,1.9186958040e-01,1.6756113478e-02,4.2596771296e-04,1.0881751343e-02,1.9018360208e+00
3.6400000000e+02,3.3046463112e-03,1.2364812975e-02,7.6505870518e-01,1.9133738714e-01,1.6702907752e-02,4.2746662546e-04,1.0804074017e-02,1.9015979126e+00
3.6450000000e+02,3.3139314257e-03,1.2384348371e-02,7.6609082318e-01,1.9041316888e-01,1.6620857367e-02,4.2907183848e-04,1.0747798938e-02,1.8983823250e+00
3.6500000000e+02,3.3334222024e-03,1.2360731372e-02,7.6735848243e-01,1.8922741356e-01,1.6574189776e-02,4.2908955043e-04,1.0716671113e-02,1.8962653293e+00
3.6550000000e+02,3.3344173759e-03,1.2376131981e-02,7.6881937590e-01,1.8802837927e-01,1.6390638446e-02,4.2913552266e-04,1.0621921506e-02,1.8916250299e+00
3.6600000000e+02,3.3420835941e-03,1.2348722090e-02,7.6836080223e-01,1.8860505407e-01,1.6291580663e-02,4.3049306293e-04,1.0621264292e-02,1.8909069681e+00
3.6650000000e+02,3.3548185134e-03,1.2338303570e-02,7.6806127423e-01,1.8908186107e-01,1.6202322093e-02,4.3006055177e-04,1.0531359972e-02,1.8891379990e+00
3.6700000000e+02,3.3387078495e-03,1.2347624093e-02,7.6940268476e-01,1.8808320657e-01,1.5921628859e-02,4.2697060910e-04,1.0479177260e-02,1.8831915302e+00
3.6750000000e+02,3.3257951006e-03,1.2346152784e-02,7.7131484406e-01,1.8646346040e-01,1.5723682377e-02,4.2597371025e-04,1.0400091563e-02,1.8753395943e+00
3.6800000000e+02,3.3380497545e-03,1.2372665927e-02,7.7294863085e-01,1.8495522685e-01,1.5669177859e-02,4.2772128172e-04,1.0288527476e-02,1.8708948197e+00
3.6850000000e+02,3.3394172225e-03,1.2325590789e-02,7.7486540968e-01,1.8324381114e-01,1.5607234885e-02,4.2615792495e-04,1.0192378360e-02,1.8647350069e+00
3.6900000000e+02,3.3468366385e-03,1.2293511523e-02,7.7623830819e-01,1.8204312971e-01,1.5526412949e-02,4.2466140120e-04,1.0127139589e-02,1.8597612843e+00
3.6950000000e+02,3.3691145732e-03,1.2272201815e-02,7.7624570202e-01,1.8217073101e-01,1.5485308985e-02,4.2387025222e-04,1.0033071346e-02,1.8581289323e+00
3.7000000000e+02,3.3955277625e-03,1.2274858767e-02,7.7668818755e-01,1.8177117342e-01,1.5432459119e-02,4.2651310224e-04,1.0011280277e-02,1.8575342014e+00
3.7050000000e+02,3.4276179486e-03,1.2298755335e-02,7.7588626593e-01,1.8239351244e-01,1.5498685257e-02,4.2579827539e-04,1.0069364809e-02,1.8617904974e+00
3.7100000000e+02,3.4361524568e-03,1.2175070360e-02,7.7658640157e-01,1.8189033838e-01,1.5454877048e-02,4.2423853461e-04,1.0032921652e-02,1.8590186318e+00
3.7150000000e+02,3.4401430975e-03,1.2076564045e-02,7.7770163980e-01,1.8121313659e-01,1.5239810341e-02,4.2204072162e-04,9.9066654091e-03,1.8516866499e+00
3.7200000000e+02,3.4548550883e-03,1.2095446874e-02,7.7839311305e-01,1.8044545094e-01,1.5299079246e-02,4.2448794367e-04,9.8875668566e-03,1.8517748346e+00
3.7250000000e+02,3.4607205225e-03,1.2056887596e-02,7.7995974412e-01,1.7918686395e-01,1.5103999825e-02,4.2324841460e-04,9.8085355688e-03,1.8446174946e+00
3.7300000000e+02,3.4677342758e-03,1.2000202354e-02,7.8111342427e-01,1.7824457293e-01,1.4978997583e-02,4.2310849295e-04,9.7719600923e-03,1.8391311887e+00
3.7350000000e+02,3.4734684971e-03,1.1976815597e-02,7.8308440354e-01,1.7656336249e-01,1.4869032719e-02,4.2034270522e-04,9.6125744541e-03,1.8315648392e+00
3.7400000000e+02,3.5078181480e-03,1.2028971124e-02,7.8255215960e-01,1.7700928643e-01,1.4837358868e-02,4.2170569655e-04,9.6427001370e-03,1.8339693209e+00
3.7450000000e+02,3.5265269283e-03,1.2071438301e-02,7.8254671300e-01,1.7717641704e-01,1.4596415360e-02,4.1820855132e-04,9.6642808230e-03,1.8323588488e+00
3.7500000000e+02,3.5569240992e-03,1.2132930021e-02,7.8265052313e-01,1.7709350753e-01,1.4547503661e-02,4.1843007337e-04,9.6001814864e-03,1.8326764744e+00
3.7550000000e+02,3.6082980072e-03,1.2168624854e-02,7.8460382530e-01,1.7517394892e-01,1.4454621112e-02,4.1537092771e-04,9.5753108803e-03,1.8284956729e+00
3.7600000000e+02,3.5896805056e-03,1.2081620612e-02,7.8557553830e-01,1.7451126032e-01,1.4391759738e-02,4.1190414045e-04,9.4382363865e-03,1.8237070527e+00
3.7650000000e+02,3.6146642490e-03,1.2069963221e-02,7.8569132487e-01,1.7437803701e-01,1.4416971460e-02,4.0733131371e-04,9.4217078775e-03,1.8222998742e+00
3.7700000000e+02,3.6245895583e-03,1.2006478990e-02,7.8665498800e-01,1.7358714832e-01,1.4270253807e-02,4.0361218573e-04,9.4529291470e-03,1.8173910056e+00
3.7750000000e+02,3.6280628392e-03,1.2092960261e-02,7.8585112088e-01,1.7440761864e-01,1.4153432458e-02,4.0455226868e-04,9.4622526567e-03,1.8211210798e+00
3.7800000000e+02,3.6362546236e-03,1.2138827603e-02,7.8639863826e-01,1.7387016419e-01,1.4116577648e-02,4.0712519439e-04,9.4324124828e-03,1.8214298384e+00
3.7850000000e+02,3.6729969107e-03,1.2081015544e-02,7.8776896306e-01,1.7274378580e-01,1.4006095243e-02,4.0747613775e-04,9.3196673068e-03,1.8160935129e+00
3.7900000000e+02,3.6828920272e-03,1.2137717811e-02,7.8778664038e-01,1.7259857801e-01,1.4028886195e-02,4.0608569266e-04,9.3591998824e-03,1.8177986074e+00
3.7950000000e+02,3.7000106634e-03,1.2216261111e-02,7.8713210720e-01,1.7330392268e-01,1.3953486721e-02,4.0592297433e-04,9.2882886503e-03,1.8185786641e+00
3.8000000000e+02,3.7165557704e-03,1.2125840848e-02,7.8789785092e-01,1.7265758701e-01,1.3930926451e-02,4.0619784404e-04,9.2650411575e-03,1.8154448013e+00
3.8050000000e+02,3.7356511876e-03,1.2090698350e-02,7.8852163181e-01,1.7213802814e-01,1.3923250195e-02,4.0540036624e-04,9.1853399541e-03,1.8137150235e+00
3.8100000000e+02,3.7610261035e-03,1.2167836198e-02,7.8721001607e-01,1.7337303218e-01,1.3871970315e-02,4.0867352085e-04,9.2074456179e-03,1.8175973620e+00
3.8150000000e+02,3.7796877970e-03,1.2120065100e-02,7.8746497228e-01,1.7319915305e-01,1.3798069866e-02,4.0676052950e-04,9.2312913751e-03,1.8158183584e+00
3.8200000000e+02,3.7904407073e-03,1.2018836209e-02,7.8718889052e-01,1.7369441113e-01,1.3689186108e-02,4.0466845590e-04,9.2135668675e-03,1.8134675040e+00
3.8250000000e+02,3.8142183084e-03,1.1955067029e-02,7.8845663030e-01,1.7274100982e-01,1.3521709523e-02,4.0169679501e-04,9.1096682271e-03,1.8085340552e+00
3.8300000000e+02,3.8160618737e-03,1.1914131935e-02,7.8922043106e-01,1.7210809620e-01,1.3505848256e-02,3.9997865902e-04,9.0354520138e-03,1.8053867915e+00
3.8350000000e+02,3.8562501089e-03,1.2039583337e-02,7.8953923407e-01,1.7167190009e-01,1.3495964194e-02,3.9776119363e-04,8.9993069985e-03,1.8075754044e+00
3.8400000000e+02,3.8620738546e-03,1.1984242868e-02,7.9028597187e-01,1.7131611644e-01,1.3349534931e-02,3.9101624440e-04,8.8110437851e-03,1.8008696647e+00
3.8450000000e+02,3.8417935512e-03,1.1931347375e-02,7.9237185646e-01,1.6934337426e-01,1.3326045559e-02,3.8931251886e-04,8.7962702780e-03,1.7952967363e+00
3.8500000000e+02,3.8822080828e-03,1.1936292717e-02,7.9287238616e-01,1.6883225859e-01,1.3328641431e-02,3.8966725179e-04,8.7585457723e-03,1.7951005717e+00
3.8550000000e+02,3.9097141666e-03,1.1914791729e-02,7.9326444447e-01,1.6855456968e-01,1.3305786528e-02,3.8802037265e-04,8.6626730574e-03,1.7950055615e+00
3.8600000000e+02,3.9209296181e-03,1.1910768385e-02,7.9395004373e-01,1.6805291225e-01,1.3185806167e-02,3.9222811231e-04,8.5873117418e-03,1.7911675613e+00
3.8650000000e+02,3.9173772561e-03,1.1847822974e-02,7.9628169249e-01,1.6598699073e-01,1.3081628334e-02,3.8848780109e-04,8.4960004118e-03,1.7827238483e+00
3.8700000000e+02,3.9017008598e-03,1.1814511818e-02,7.9803044019e-01,1.6455206091e-01,1.2909979556e-02,3.8621438931e-04,8.4050922800e-03,1.7752720870e+00
3.8750000000e+02,3.8986450164e-03,1.1780372164e-02,7.9908214530e-01,1.6382448855e-01,1.2750322038e-02,3.8506245515e-04,8.2789644734e-03,1.7697090427e+00
3.8800000000e+02,3.9265187503e-03,1.1680507679e-02,8.0007918065e-01,1.6307145115e-01,1.2634751324e-02,3.8547196609e-04,8.2221184775e-03,1.7643773439e+00
3.8850000000e+02,3.9371264198e-03,1.1722144978e-02,7.9976969125e-01,1.6352145368e-01,1.2532445945e-02,3.8596928437e-04,8.1311684464e-03,1.7643659877e+00
3.8900000000e+02,3.9260518267e-03,1.1636337327e-02,8.0041270657e-01,1.6310219076e-01,1.2441761296e-02,3.8347328089e-04,8.0974789420e-03,1.7607243736e+00
3.8950000000e+02,3.9229737162e-03,1.1609850562e-02,8.0037063160e-01,1.6333871533e-01,1.2395619563e-02,3.8254064099e-04,7.9796685906e-03,1.7591302399e+00
3.9000000000e+02,3.9304295644e-03,1.1620708156e-02,8.0219358455e-01,1.6175891969e-01,1.2256507841e-02,3.7802453046e-04,7.8618256683e-03,1.7524995190e+00
3.9050000000e+02,3.9333043125e-03,1.1641339935e-02,8.0285072104e-01,1.6120837921e-01,1.2167222304e-02,3.7709016125e-04,7.8219430393e-03,1.7509568219e+00
3.9100000000e+02,3.9255133466e-03,1.1686932849e-02,8.0253856150e-01,1.6162249727e-01,1.2096540626e-02,3.7659337923e-04,7.7533610305e-03,1.7506440470e+00
3.9150000000e+02,3.9198122635e-03,1.1819210531e-02,8.0139378599e-01,1.6272939506e-01,1.2063212925e-02,3.7529882689e-04,7.6992843972e-03,1.7543908361e+00
3.9200000000e+02,3.9249575644e-03,1.1777909854e-02,8.0092866190e-01,1.6337286521e-01,1.2006199214e-02,3.7359399939e-04,7.6158122604e-03,1.7537270348e+00
3.9250000000e+02,3.9172254559e-03,1.1831156158e-02,8.0105198005e-01,1.6334437778e-01,1.1966183851e-02,3.7321066276e-04,7.5158660393e-03,1.7526500062e+00
3.9300000000e+02,3.9197614661e-03,1.1802516290e-02,8.0131569615e-01,1.6328587896e-01,1.1913049326e-02,3.7444889509e-04,7.3886489061e-03,1.7508236487e+00
3.9350000000e+02,3.9027654847e-03,1.1843927300e-02,8.0182105252e-01,1.6290165178e-01,1.1833587996e-02,3.7508880447e-04,7.3219261185e-03,1.7494808400e+00
3.9400000000e+02,3.9283532239e-03,1.1853083981e-02,8.0169944819e-01,1.6296061862e-01,1.1844093359e-02,3.7949881883e-04,7.3349038074e-03,1.7512618222e+00
3.9450000000e+02,3.9347194212e-03,1.1914706175e-02,8.0106554225e-01,1.6359067287e-01,1.1816946892e-02,3.7907377094e-04,7.2983386244e-03,1.7537918956e+00
3.9500000000e+02,3.9383405066e-03,1.1966906511e-02,8.0122284023e-01,1.6347706944e-01,1.1739765139e-02,3.8013092116e-04,7.2749472540e-03,1.7541333290e+00
3.9550000000e+02,3.9490683918e-03,1.2062966140e-02,8.0056681889e-01,1.6397359580e-01,1.1739912380e-02,3.8396149881e-04,7.3236769030e-03,1.7583440825e+00
3.9600000000e+02,3.9583763967e-03,1.2069499432e-02,8.0169192626e-01,1.6299603808e-01,1.1636675957e-02,3.8148395390e-04,7.2659999163e-03,1.7538532648e+00
3.9650000000e+02,3.9559264694e-03,1.2046480988e-02,8.0278789898e-01,1.6199866692e-01,1.1556668987e-02,3.7800434398e-04,7.2763533161e-03,1.7505549811e+00
3.9700000000e+02,3.9710092548e-03,1.2163406535e-02,8.0228279803e-01,1.6242072979e-01,1.1533916992e-02,3.7725800900e-04,7.2508813870e-03,1.7510686501e+00
3.9750000000e+02,3.9578974071e-03,1.2246428434e-02,8.0301251932e-01,1.6181481218e-01,1.1421904971e-02,3.7452323851e-04,7.1719144531e-03,1.7481788760e+00
3.9800000000e+02,3.9443716301e-03,1.2246029326e-02,8.0386317133e-01,1.6107503725e-01,1.1370603924e-02,3.7300378848e-04,7.1277827470e-03,1.7458553872e+00
3.9850000000e+02,3.9576095464e-03,1.2204072290e-02,8.0440960433e-01,1.6068084668e-01,1.1308399263e-02,3.7003646334e-04,7.0694314311e-03,1.7431215491e+00
3.9900000000e+02,3.9473196111e-03,1.2233004015e-02,8.0527020989e-01,1.5983057663e-01,1.1300582186e-02,3.6456329996e-04,7.0537443691e-03,1.7407177103e+00
3.9950000000e+02,3.9624811782e-03,1.2317087838e-02,8.0468788376e-01,1.6018344038e-01,1.1379650593e-02,3.6701031284e-04,7.1024459476e-03,1.7455288373e+00
4.0000000000e+02,3.9478090933e-03,1.2282229490e-02,8.0627012157e-01,1.5870095583e-01,1.1348466955e-02,3.6405739956e-04,7.0863596549e-03,1.7421796225e+00
4.0050000000e+02,3.9343921072e-03,1.2369790080e-02,8.0665093154e-01,1.5810461254e-01,1.1399153835e-02,3.6699658978e-04,7.1741233119e-03,1.7430599725e+00
4.0100000000e+02,3.9583292134e-03,1.2417538042e-02,8.0549000706e-01,1.5919641749e-01,1.1386477846e-02,3.6991555422e-04,7.1813147933e-03,1.7468192488e+00
4.0150000000e+02,3.9688339701e-03,1.2400383547e-02,8.0615556770e-01,1.5856083640e-01,1.1350071607e-02,3.7210436882e-04,7.1922024071e-03,1.7449088899e+00
4.0200000000e+02,3.9599338020e-03,1.2470514132e-02,8.0729646008e-01,1.5752178673e-01,1.1276978651e-02,3.7637443641e-04,7.0979521725e-03,1.7411295045e+00
4.0250000000e+02,3.9662245038e-03,1.2496774904e-02,8.0766370972e-01,1.5707825205e-01,1.1256253692e-02,3.7859032465e-04,7.1601948091e-03,1.7417483904e+00
4.0300000000e+02,3.9790880557e-03,1.2639918221e-02,8.0598768826e-01,1.5853567508e-01,1.1304325492e-02,3.8265125263e-04,7.1706536373e-03,1.7493588520e+00
4.0350000000e+02,3.9830296664e-03,1.2654448456e-02,8.0656924788e-01,1.5806809394e-01,1.1237685289e-02,3.8462612014e-04,7.1028686509e-03,1.7478555245e+00
4.0400000000e+02,3.9863678554e-03,1.2794505633e-02,8.0501359141e-01,1.5948689930e-01,1.1223880833e-02,3.8848581234e-04,7.1062691549e-03,1.7536151490e+00
4.0450000000e+02,3.9597942222e-03,1.2861232936e-02,8.0484869588e-01,1.5964470176e-01,1.1226515754e-02,3.8773321043e-04,7.0713262295e-03,1.7533369599e+00
4.0500000000e+02,3.9641409528e-03,1.2858472084e-02,8.0442625928e-01,1.6018312161e-01,1.1152437015e-02,3.9033348926e-04,7.0252355613e-03,1.7540265466e+00
4.0550000000e+02,3.9934370931e-03,1.2921932136e-02,8.0461464478e-01,1.5994782046e-01,1.1070810795e-02,3.9383743785e-04,7.0575172993e-03,1.7547003854e+00
4.0600000000e+02,3.9882735175e-03,1.2950040735e-02,8.0375486336e-01,1.6078970698e-01,1.1068998043e-02,3.9698012228e-04,7.0511372418e-03,1.7580234708e+00
4.0650000000e+02,4.0111414971e-03,1.3014876457e-02,8.0232335356e-01,1.6210142000e-01,1.1079545698e-02,4.0255256506e-04,7.0671102274e-03,1.7627593288e+00
4.0700000000e+02,3.9897961359e-03,1.3056385766e-02,8.0219823733e-01,1.6221343544e-01,1.1059318084e-02,4.0616613823e-04,7.0766611100e-03,1.7637610870e+00
4.0750000000e+02,3.9828745708e-03,1.3012782111e-02,8.0339537093e-01,1.6124515919e-01,1.0915567004e-02,4.1154619502e-04,7.0367000040e-03,1.7599780814e+00
4.0800000000e+02,3.9795107262e-03,1.3045673881e-02,8.0410507842e-01,1.6046591153e-01,1.0941536074e-02,4.1418384088e-04,7.0481055326e-03,1.7602478838e+00
4.0850000000e+02,3.9811726120e-03,1.3093810229e-02,8.0506613244e-01,1.5940944869e-01,1.1010805414e-02,4.1837683216e-04,7.0202537825e-03,1.7596205703e+00
4.0900000000e+02,4.0234291913e-03,1.3272715976e-02,8.0362418046e-01,1.6046725145e-01,1.1108743720e-02,4.2808612180e-04,7.0755930849e-03,1.7695949215e+00
4.0950000000e+02,4.0414918576e-03,1.3220219271e-02,8.0398457192e-01,1.6010519556e-01,1.1151094652e-02,4.3158343406e-04,7.0658433067e-03,1.7698863136e+00
4.1000000000e+02,4.0373275715e-03,1.3283037571e-02,8.0376860659e-01,1.6017350099e-01,1.1168433625e-02,4.3661633527e-04,7.1324773180e-03,1.7726345591e+00
4.1050000000e+02,4.0240661288e-03,1.3284755371e-02,8.0326795360e-01,1.6071525177e-01,1.1147790147e-02,4.4089975236e-04,7.1192832303e-03,1.7743548133e+00
4.1100000000e+02,4.0530045932e-03,1.3463271257e-02,8.0135863429e-01,1.6232286100e-01,1.1220177467e-02,4.4987179187e-04,7.1321796029e-03,1.7842807683e+00
4.1150000000e+02,4.0770599706e-03,1.3512412314e-02,8.0157665829e-01,1.6205995819e-01,1.1232340082e-02,4.5660663126e-04,7.0849645210e-03,1.7854401204e+00
4.1200000000e+02,4.0536879919e-03,1.3509034277e-02,8.0186058979e-01,1.6189646224e-01,1.1223487461e-02,4.5956637863e-04,6.9971718616e-03,1.7840576699e+00
4.1250000000e+02,4.0646887891e-03,1.3464651191e-02,8.0187959772e-01,1.6199021257e-01,1.1190506583e-02,4.6835418201e-04,6.9419889624e-03,1.7840567813e+00
4.1300000000e+02,4.0952169599e-03,1.3468306860e-02,8.0135886111e-01,1.6238966828e-01,1.1227151241e-02,4.7881494125e-04,6.9819806016e-03,1.7884685785e+00
4.1350000000e+02,4.1148170810e-03,1.3409788958e-02,8.0208033299e-01,1.6185204418e-01,1.1127031847e-02,4.8492136115e-04,6.9310635826e-03,1.7850105789e+00
4.1400000000e+02,4.1041526867e-03,1.3396646293e-02,8.0148938173e-01,1.6247954080e-01,1.1134723461e-02,4.8928264867e-04,6.9062723788e-03,1.7863878429e+00
4.1450000000e+02,4.1043806804e-03,1.3351857732e-02,8.0034186149e-01,1.6371063402e-01,1.1087334305e-02,4.9369850409e-04,6.9102332628e-03,1.7880652413e+00
4.1500000000e+02,4.0785593848e-03,1.3393147576e-02,7.9999305745e-01,1.6408253058e-01,1.1036691820e-02,5.0265791672e-04,6.9133552734e-03,1.7903587795e+00
4.1550000000e+02,4.0971961867e-03,1.3544917992e-02,7.9786993470e-01,1.6585169176e-01,1.1163193909e-02,5.1071805778e-04,6.9623474010e-03,1.8017598450e+00
4.1600000000e+02,4.1409542860e-03,1.3666115733e-02,7.9701743697e-01,1.6653531918e-01,1.1157283847e-02,5.1876901002e-04,6.9641209691e-03,1.8083633383e+00
4.1650000000e+02,4.1534555154e-03,1.3738955504e-02,7.9606426226e-01,1.6729390809e-01,1.1206571538e-02,5.2667528605e-04,7.0161718090e-03,1.8143264687e+00
4.1700000000e+02,4.1571943463e-03,1.3724943465e-02,7.9660868871e-01,1.6667941610e-01,1.1262368287e-02,5.3421763207e-04,7.0331714669e-03,1.8152786248e+00
4.1750000000e+02,4.1756145655e-03,1.3717384795e-02,7.9745209467e-01,1.6585274117e-01,1.1231123611e-02,5.4375379487e-04,7.0272873971e-03,1.8145058276e+00
4.1800000000e+02,4.1619624202e-03,1.3673199194e-02,7.9704538896e-01,1.6636590427e-01,1.1188365209e-02,5.4750019866e-04,7.0176797453e-03,1.8146093913e+00
4.1850000000e+02,4.1678060900e-03,1.3734160172e-02,7.9705579448e-01,1.6627731737e-01,1.1171281076e-02,5.5472289903e-04,7.0389179067e-03,1.8151342401e+00
4.1900000000e+02,4.1474304512e-03,1.3682960732e-02,7.9767213668e-01,1.6586617852e-01,1.1034526471e-02,5.6224642709e-04,7.0345207121e-03,1.8119158379e+00
4.1950000000e+02,4.1443239060e-03,1.3574784807e-02,7.9762358432e-01,1.6599537934e-01,1.1010453424e-02,5.7347069663e-04,7.0780035085e-03,1.8126253548e+00
4.2000000000e+02,4.1780030774e-03,1.3603223097e-02,7.9709451611e-01,1.6642104677e-01,1.1019484852e-02,5.7921006803e-04,7.1045160257e-03,1.8168174935e+00
4.2050000000e+02,4.2351338928e-03,1.3675145070e-02,7.9565166895e-01,1.6765049429e-01,1.1093931103e-02,5.8941706600e-04,7.1042096344e-03,1.8248379302e+00
4.2100000000e+02,4.2315827769e-03,1.3684993705e-02,7.9554848554e-01,1.6761663305e-01,1.1191259122e-02,5.9170237847e-04,7.1353434328e-03,1.8286569928e+00
4.2150000000e+02,4.2671140629e-03,1.3688701482e-02,7.9523496712e-01,1.6783707955e-01,1.1241071967e-02,5.9548042252e-04,7.1355853937e-03,1.8313657378e+00
4.2200000000e+02,4.2850506727e-03,1.3521917982e-02,7.9538978532e-01,1.6780978471e-01,1.1211147837e-02,6.0727799621e-04,7.1750354742e-03,1.8317217984e+00
4.2250000000e+02,4.2903441608e-03,1.3470484403e-02,7.9554411901e-01,1.6770906044e-01,1.1217539319e-02,6.0999815745e-04,7.1584545148e-03,1.8309118823e+00
4.2300000000e+02,4.3167733895e-03,1.3611986468e-02,7.9511230911e-01,1.6776316495e-01,1.1362739279e-02,6.2355614428e-04,7.2094706643e-03,1.8372717879e+00
4.2350000000e+02,4.3220143480e-03,1.3561061987e-02,7.9541674847e-01,1.6752159650e-01,1.1308905547e-02,6.3139465075e-04,7.2382784970e-03,1.8373218329e+00
4.2400000000e+02,4.3014554054e-03,1.3555049717e-02,7.9483324084e-01,1.6809038335e-01,1.1293040909e-02,6.3772091409e-04,7.2891088594e-03,1.8398284109e+00
4.2450000000e+02,4.2930981044e-03,1.3544245222e-02,7.9499515084e-01,1.6790836228e-01,1.1268517469e-02,6.4295641673e-04,7.3476696693e-03,1.8411691337e+00
4.2500000000e+02,4.3374303587e-03,1.3488457638e-02,7.9428104643e-01,1.6853892934e-01,1.1328343244e-02,6.4714151880e-04,7.3786514650e-03,1.8455385049e+00
4.2550000000e+02,4.3471759485e-03,1.3521661328e-02,7.9330357178e-01,1.6950301245e-01,1.1250409746e-02,6.5789031417e-04,7.4162784260e-03,1.8476807007e+00
4.2600000000e+02,4.3642603375e-03,1.3565023125e-02,7.9176930670e-01,1.7081893230e-01,1.1331805807e-02,6.5878174118e-04,7.4918899917e-03,1.8539839612e+00
4.2650000000e+02,4.3664351940e-03,1.3563038818e-02,7.9265634531e-01,1.6990520722e-01,1.1383075991e-02,6.6558790505e-04,7.4603095670e-03,1.8533872282e+00
4.2700000000e+02,4.3836242383e-03,1.3551692978e-02,7.9338519951e-01,1.6910501723e-01,1.1408788444e-02,6.6970580158e-04,7.4959717988e-03,1.8537614240e+00
4.2750000000e+02,4.4364636914e-03,1.3495039179e-02,7.9297095394e-01,1.6955373622e-01,1.1334235094e-02,6.7650298575e-04,7.5330688924e-03,1.8567897491e+00
4.2800000000e+02,4.4653697828e-03,1.3468033890e-02,7.9229251190e-01,1.7023132582e-01,1.1344472545e-02,6.8128422237e-04,7.5170018422e-03,1.8597329299e+00
4.2850000000e+02,4.4504837962e-03,1.3416142548e-02,7.9286646276e-01,1.6968472749e-01,1.1421741514e-02,6.8907272418e-04,7.4713691640e-03,1.8575707535e+00
4.2900000000e+02,4.4565814089e-03,1.3487102113e-02,7.9260630114e-01,1.6983676686e-01,1.1463678653e-02,6.9571289530e-04,7.4538569259e-03,1.8597554245e+00
4.2950000000e+02,4.4985213072e-03,1.3530362676e-02,7.9125507729e-01,1.7091443564e-01,1.1587072989e-02,7.0106708722e-04,7.5134630173e-03,1.8663237931e+00
4.3000000000e+02,4.4893389122e-03,1.3472971232e-02,7.9129693967e-01,1.7092188362e-01,1.1559157693e-02,7.0766752392e-04,7.5520413536e-03,1.8665769781e+00
4.3050000000e+02,4.5265539769e-03,1.3441474385e-02,7.9005105540e-01,1.7198017508e-01,1.1625900478e-02,7.1762729433e-04,7.6572133879e-03,1.8725639443e+00
4.3100000000e+02,4.5666502257e-03,1.3531607863e-02,7.8895624501e-01,1.7284987894e-01,1.1668013715e-02,7.2110389891e-04,7.7065003461e-03,1.8780798704e+00
4.3150000000e+02,4.5525213792e-03,1.3549367945e-02,7.8911116069e-01,1.7265463775e-01,1.1674824074e-02,7.2398105227e-04,7.7335071082e-03,1.8786099473e+00
4.3200000000e+02,4.5534686931e-03,1.3588330605e-02,7.8837113886e-01,1.7317817632e-01,1.1771348470e-02,7.3689116112e-04,7.8006458910e-03,1.8837386555e+00
4.3250000000e+02,4.5740641263e-03,1.3782952679e-02,7.8543778733e-01,1.7564211326e-01,1.1937742215e-02,7.5131939550e-04,7.8740209921e-03,1.8965114008e+00
4.3300000000e+02,4.5696411752e-03,1.3702615868e-02,7.8596149587e-01,1.7518165996e-01,1.1942850581e-02,7.5408560581e-04,7.8876509367e-03,1.8950859541e+00
4.3350000000e+02,4.5642693812e-03,1.3598546162e-02,7.8573284883e-01,1.7555769684e-01,1.1907675204e-02,7.5927694880e-04,7.8796866312e-03,1.8949391857e+00
4.3400000000e+02,4.6038424916e-03,1.3714962593e-02,7.8565541534e-01,1.7531659612e-01,1.1978672946e-02,7.7079119963e-04,7.9597193047e-03,1.8998718882e+00
4.3450000000e+02,4.5661408228e-03,1.3714468422e-02,7.8602396404e-01,1.7498235839e-01,1.1958293485e-02,7.6973240013e-04,7.9850424423e-03,1.8983690285e+00
4.3500000000e+02,4.5664555408e-03,1.3722227818e-02,7.8520197349e-01,1.7577892100e-01,1.1988055810e-02,7.7314960714e-04,7.9692167369e-03,1.9009596039e+00
4.3550000000e+02,4.5453908993e-03,1.3743048784e-02,7.8423377329e-01,1.7668812940e-01,1.2002968172e-02,7.8168354590e-04,8.0050059167e-03,1.9054416897e+00
4.3600000000e+02,4.5529445282e-03,1.3773254337e-02,7.8415991104e-01,1.7658562080e-01,1.2078396329e-02,7.8853317336e-04,8.0613397885e-03,1.9080886508e+00
4.3650000000e+02,4.5774826649e-03,1.3868877664e-02,7.8255495186e-01,1.7791649094e-01,1.2173382262e-02,7.9474833761e-04,8.1140662652e-03,1.9151286862e+00
4.3700000000e+02,4.5963025133e-03,1.3975616317e-02,7.8156823061e-01,1.7878435428e-01,1.2164844886e-02,7.9530534608e-04,8.1153460404e-03,1.9188709257e+00
4.3750000000e+02,4.6237069100e-03,1.4009644823e-02,7.8029816046e-01,1.7980680113e-01,1.2251988710e-02,8.0407921846e-04,8.2056187492e-03,1.9249203034e+00
4.3800000000e+02,4.6580320400e-03,1.4020550040e-02,7.7967238511e-01,1.8025728197e-01,1.2297778600e-02,8.1616749054e-04,8.2778047472e-03,1.9296583728e+00
4.3850000000e+02,4.6417041537e-03,1.3911993549e-02,7.8016110701e-01,1.7975397560e-01,1.2347913488e-02,8.1809780134e-04,8.3652084044e-03,1.9301928023e+00
4.3900000000e+02,4.6339872956e-03,1.3885053314e-02,7.7926536061e-01,1.8058757849e-01,1.2411372373e-02,8.1848555156e-04,8.3981623657e-03,1.9322954548e+00
4.3950000000e+02,4.6543819271e-03,1.3962439271e-02,7.7871085067e-01,1.8082809107e-01,1.2499532081e-02,8.2420958840e-04,8.5204953936e-03,1.9384093725e+00
4.4000000000e+02,4.6384949978e-03,1.3823690506e-02,7.7993662233e-01,1.7974556384e-01,1.2487456001e-02,8.2161352949e-04,8.5465587937e-03,1.9348538018e+00
4.4050000000e+02,4.6475352305e-03,1.3832767996e-02,7.7938675821e-01,1.8015268136e-01,1.2596166150e-02,8.1761342567e-04,8.5664776253e-03,1.9377391655e+00
4.4100000000e+02,4.6706379308e-03,1.3904803877e-02,7.8018788954e-01,1.7908777372e-01,1.2639217641e-02,8.2073152903e-04,8.6889457657e-03,1.9394957672e+00
4.4150000000e+02,4.7045550899e-03,1.3950131668e-02,7.7963150667e-01,1.7927212685e-01,1.2832785901e-02,8.2557329220e-04,8.7833205363e-03,1.9467398632e+00
4.4200000000e+02,4.7053452736e-03,1.3927293370e-02,7.7939257466e-01,1.7952362322e-01,1.2874384113e-02,8.2862649997e-04,8.7481528580e-03,1.9468701400e+00
4.4250000000e+02,4.7309366114e-03,1.3927241506e-02,7.7913928711e-01,1.7965525061e-01,1.2919607231e-02,8.3562993759e-04,8.7920469951e-03,1.9495275227e+00
4.4300000000e+02,4.6993436650e-03,1.3843906428e-02,7.8031862102e-01,1.7847786445e-01,1.2930751575e-02,8.3564073335e-04,8.8938721279e-03,1.9481422163e+00
4.4350000000e+02,4.6711096874e-03,1.3776688141e-02,7.8053190282e-01,1.7827903775e-01,1.2966561308e-02,8.3075421358e-04,8.9439460808e-03,1.9475451691e+00
4.4400000000e+02,4.6623051262e-03,1.3840630443e-02,7.7988867369e-01,1.7862067079e-01,1.3059227265e-02,8.3763052374e-04,9.0908621636e-03,1.9528735230e+00
4.4450000000e+02,4.6351807493e-03,1.3773510064e-02,7.8076644856e-01,1.7785954012e-01,1.3061225662e-02,8.3636649385e-04,9.0677283497e-03,1.9501005667e+00
4.4500000000e+02,4.5908243098e-03,1.3780397649e-02,7.8162085989e-01,1.7700138005e-01,1.3042602340e-02,8.4349298726e-04,9.1204427812e-03,1.9485799882e+00
4.4550000000e+02,4.6077057623e-03,1.3807799933e-02,7.8148497793e-01,1.7691931115e-01,1.3148490969e-02,8.4888695951e-04,9.1828272990e-03,1.9523559705e+00
4.4600000000e+02,4.6046176058e-03,1.3840990397e-02,7.8062618356e-01,1.7750864033e-01,1.3308639832e-02,8.5705081068e-04,9.2538774615e-03,1.9584771904e+00
4.4650000000e+02,4.6190686231e-03,1.3747885695e-02,7.8109427674e-01,1.7708477476e-01,1.3374510925e-02,8.6248775898e-04,9.2169954947e-03,1.9575030701e+00
4.4700000000e+02,4.6274913729e-03,1.3809747208e-02,7.8083513500e-01,1.7718229772e-01,1.3416148486e-02,8.6889038954e-04,9.2602898206e-03,1.9607384621e+00
4.4750000000e+02,4.6270092013e-03,1.3769422536e-02,7.8107894559e-01,1.7699940195e-01,1.3410797937e-02,8.6561669495e-04,9.2488060887e-03,1.9597929059e+00
4.4800000000e+02,4.6421351490e-03,1.3803976401e-02,7.7978616215e-01,1.7809026143e-01,1.3442505485e-02,8.6813501334e-04,9.3668243658e-03,1.9644145719e+00
4.4850000000e+02,4.6856435915e-03,1.3895732075e-02,7.7775826823e-01,1.7971368777e-01,1.3570339770e-02,8.8232855078e-04,9.4940000093e-03,1.9743340923e+00
4.4900000000e+02,4.7009798235e-03,1.3840981326e-02,7.7621006470e-01,1.8121746892e-01,1.3645732873e-02,8.7924405105e-04,9.5055283043e-03,1.9787439593e+00
4.4950000000e+02,4.6719771524e-03,1.3731886467e-02,7.7602201258e-01,1.8148892810e-01,1.3604778505e-02,8.8228788703e-04,9.5981293108e-03,1.9788439186e+00
4.5000000000e+02,4.6555139833e-03,1.3718048492e-02,7.7433531402e-01,1.8296449240e-01,1.3781283269e-02,8.8781086943e-04,9.6575369641e-03,1.9860904850e+00
4.5050000000e+02,4.7034010923e-03,1.3675678957e-02,7.7358599492e-01,1.8356153372e-01,1.3888465337e-02,8.9242765500e-04,9.6924983250e-03,1.9905684684e+00
4.5100000000e+02,4.6995575909e-03,1.3584537698e-02,7.7543358985e-01,1.8177823289e-01,1.3927619537e-02,8.8989419641e-04,9.6865682379e-03,1.9862767956e+00
4.5150000000e+02,4.7061821759e-03,1.3565277335e-02,7.7486173411e-01,1.8221365858e-01,1.4032940852e-02,8.8950957790e-04,9.7306973653e-03,1.9891643064e+00
4.5200000000e+02,4.7235776846e-03,1.3703665446e-02,7.7351707684e-01,1.8333369139e-01,1.4060155663e-02,8.9348137476e-04,9.7683516013e-03,1.9944295760e+00
4.5250000000e+02,4.7537226312e-03,1.3607163771e-02,7.7383358981e-01,1.8288713473e-01,1.4190657990e-02,8.9826353942e-04,9.8294675295e-03,1.9957169254e+00
4.5300000000e+02,4.7985025101e-03,1.3600590414e-02,7.7204768790e-01,1.8452950861e-01,1.4267508690e-02,9.0506759626e-04,9.8511342757e-03,2.0019663661e+00
4.5350000000e+02,4.7942438286e-03,1.3669888438e-02,7.7097561996e-01,1.8550607614e-01,1.4288323201e-02,9.1022620716e-04,9.8556222337e-03,2.0059351396e+00
4.5400000000e+02,4.8103764883e-03,1.3719093466e-02,7.7025433192e-01,1.8617052555e-01,1.4216836497e-02,9.1590703536e-04,9.9129290393e-03,2.0084698694e+00
4.5450000000e+02,4.8120022065e-03,1.3693614448e-02,7.6794014997e-01,1.8844760006e-01,1.4221778019e-02,9.1126518850e-04,9.9735901023e-03,2.0136185472e+00
4.5500000000e+02,4.8388665485e-03,1.3641216588e-02,7.6753600881e-01,1.8870658380e-01,1.4243870675e-02,9.0950156537e-04,1.0123952017e-02,2.0170366224e+00
4.5550000000e+02,4.8531652814e-03,1.3600213809e-02,7.6631194307e-01,1.8965226960e-01,1.4430295653e-02,9.1815639858e-04,1.0233956183e-02,2.0230826516e+00
4.5600000000e+02,4.8227178805e-03,1.3495292107e-02,7.6627129282e-01,1.8974145995e-01,1.4456360072e-02,9.1498478146e-04,1.0297892391e-02,2.0213525068e+00
4.5650000000e+02,4.8350841892e-03,1.3477342498e-02,7.6583315132e-01,1.8991272614e-01,1.4606214754e-02,9.1591219610e-04,1.0419568900e-02,2.0252756797e+00
4.5700000000e+02,4.8239568510e-03,1.3393682437e-02,7.6505590737e-01,1.9075084314e-01,1.4637451114e-02,9.0958257776e-04,1.0428576514e-02,2.0257475266e+00
4.5750000000e+02,4.7987970592e-03,1.3324705048e-02,7.6505602576e-01,1.9065526894e-01,1.4713903152e-02,9.0790243527e-04,1.0543397602e-02,2.0278513500e+00
4.5800000000e+02,4.8197111072e-03,1.3252399207e-02,7.6521084777e-01,1.9046400058e-01,1.4723051264e-02,9.0849524108e-04,1.0621494827e-02,2.0290625712e+00
4.5850000000e+02,4.8595236728e-03,1.3370731575e-02,7.6351308841e-01,1.9166755589e-01,1.4892966499e-02,9.2282112164e-04,1.0773312832e-02,2.0391458914e+00
4.5900000000e+02,4.8507345584e-03,1.3423360937e-02,7.6251065979e-01,1.9256873540e-01,1.4936639287e-02,9.2320608605e-04,1.0786663937e-02,2.0418654385e+00
4.5950000000e+02,4.8669365715e-03,1.3374326963e-02,7.6157997799e-01,1.9332046206e-01,1.5054836935e-02,9.2695778272e-04,1.0876501695e-02,2.0459659256e+00
4.6000000000e+02,4.8780374649e-03,1.3374469288e-02,7.6176298198e-01,1.9301603919e-01,1.5094102696e-02,9.2514594711e-04,1.0949223441e-02,2.0474643350e+00
4.6050000000e+02,4.8218850885e-03,1.3308878752e-02,7.6139147023e-01,1.9341897291e-01,1.5163049694e-02,9.2818330123e-04,1.0967560026e-02,2.0472816190e+00
4.6100000000e+02,4.7749580614e-03,1.3310403030e-02,7.6183696054e-01,1.9286572497e-01,1.5299019003e-02,9.2742652100e-04,1.0985507873e-02,2.0466774007e+00
4.6150000000e+02,4.7547713018e-03,1.3320308378e-02,7.6098481895e-01,1.9350407314e-01,1.5470624594e-02,9.4225494014e-04,1.1023148695e-02,2.0503004394e+00
4.6200000000e+02,4.7176813496e-03,1.3312149747e-02,7.6075714337e-01,1.9369897091e-01,1.5552893464e-02,9.4449086379e-04,1.1016670294e-02,2.0513024704e+00
4.6250000000e+02,4.6881702796e-03,1.3326255985e-02,7.5979446970e-01,1.9469158586e-01,1.5523887814e-02,9.4557840888e-04,1.1030051951e-02,2.0529263276e+00
4.6300000000e+02,4.6970135462e-03,1.3421566721e-02,7.5870845856e-01,1.9529919091e-01,1.5778353877e-02,9.4886266026e-04,1.1146553716e-02,2.0604071312e+00
4.6350000000e+02,4.6635494963e-03,1.3428217812e-02,7.5904882173e-01,1.9495446890e-01,1.5772355278e-02,9.5086556175e-04,1.1181721221e-02,2.0594534994e+00
4.6400000000e+02,4.6915457738e-03,1.3515630107e-02,7.5752009578e-01,1.9611994546e-01,1.5905801525e-02,9.5574019464e-04,1.1291241163e-02,2.0673420639e+00
4.6450000000e+02,4.6669389375e-03,1.3452803260e-02,7.5714927640e-01,1.9660905397e-01,1.5821179902e-02,9.5703698098e-04,1.1343710548e-02,2.0663569739e+00
4.6500000000e+02,4.6661717792e-03,1.3405211059e-02,7.5751647893e-01,1.9625477268e-01,1.5836759394e-02,9.4730755149e-04,1.1373298604e-02,2.0658384748e+00
4.6550000000e+02,4.7164886700e-03,1.3383625167e-02,7.5637378061e-01,1.9715920064e-01,1.5887376277e-02,9.4890127121e-04,1.1530627370e-02,2.0714205837e+00
4.6600000000e+02,4.7076141095e-03,1.3292003185e-02,7.5651989938e-01,1.9702417970e-01,1.5953124924e-02,9.3908319318e-04,1.1564095505e-02,2.0710514846e+00
4.6650000000e+02,4.7332757337e-03,1.3379841981e-02,7.5549937651e-01,1.9789862108e-01,1.5960439862e-02,9.3961317900e-04,1.1588831648e-02,2.0750499175e+00
4.6700000000e+02,4.7211216685e-03,1.3323049988e-02,7.5621201497e-01,1.9741146387e-01,1.5848170579e-02,9.3686164190e-04,1.1547317283e-02,2.0706107398e+00
4.6750000000e+02,4.7072916099e-03,1.3313272567e-02,7.5593162226e-01,1.9761579265e-01,1.5845228377e-02,9.3226159798e-04,1.1654530930e-02,2.0711837173e+00
4.6800000000e+02,4.7129573357e-03,1.3411653525e-02,7.5445731443e-01,1.9884077142e-01,1.5859055889e-02,9.3597914576e-04,1.1782268247e-02,2.0769577376e+00
4.6850000000e+02,4.7180293243e-03,1.3460957559e-02,7.5294852047e-01,2.0012414104e-01,1.5958577792e-02,9.4388749653e-04,1.1845886309e-02,2.0828085096e+00
4.6900000000e+02,4.7354183445e-03,1.3494794789e-02,7.5314086220e-01,1.9976765616e-01,1.6019431125e-02,9.4601295124e-04,1.1895824431e-02,2.0842447375e+00
4.6950000000e+02,4.7668441106e-03,1.3578100228e-02,7.5065072722e-01,2.0160279195e-01,1.6375399169e-02,9.5824041502e-04,1.2067896910e-02,2.0963271651e+00
4.7000000000e+02,4.7499988529e-03,1.3566886516e-02,7.4996064683e-01,2.0217335345e-01,1.6385123377e-02,9.5572989321e-04,1.2208261085e-02,2.0983684783e+00
4.7050000000e+02,4.7702348286e-03,1.3686083790e-02,7.4701726824e-01,2.0456034688e-01,1.6635993335e-02,9.6163451151e-04,1.2368438420e-02,2.1099912175e+00
4.7100000000e+02,4.7409548001e-03,1.3836820509e-02,7.4575722952e-01,2.0540858601e-01,1.6790180291e-02,9.6872136147e-04,1.2497507510e-02,2.1164055778e+00
4.7150000000e+02,4.7326917622e-03,1.3908645206e-02,7.4490024491e-01,2.0606979194e-01,1.6753707564e-02,9.6685537668e-04,1.2668063244e-02,2.1209469025e+00
4.7200000000e+02,4.7478803669e-03,1.3920543749e-02,7.4446315908e-01,2.0626219295e-01,1.6841444035e-02,9.7011686329e-04,1.2794662955e-02,2.1246188549e+00
4.7250000000e+02,4.7063911092e-03,1.3777471982e-02,7.4254674698e-01,2.0839435109e-01,1.6762346896e-02,9.7344274536e-04,1.2839249204e-02,2.1258034468e+00
4.7300000000e+02,4.6850127568e-03,1.3780952439e-02,7.4094161053e-01,2.0980469120e-01,1.6837038209e-02,9.8321314275e-04,1.2967481720e-02,2.1305251755e+00
4.7350000000e+02,4.6895611777e-03,1.3787443720e-02,7.3985069997e-01,2.1065905494e-01,1.6965610058e-02,9.8756037033e-04,1.3060069761e-02,2.1349845844e+00
4.7400000000e+02,4.6213165422e-03,1.3678440914e-02,7.4186074421e-01,2.0896413765e-01,1.6912407313e-02,9.8329195256e-04,1.2979661425e-02,2.1280923597e+00
4.7450000000e+02,4.6114120328e-03,1.3661731274e-02,7.4234263596e-01,2.0846687286e-01,1.6887562287e-02,9.7764008817e-04,1.3052145500e-02,2.1273998359e+00
4.7500000000e+02,4.6029111381e-03,1.3585427718e-02,7.4389097685e-01,2.0686220083e-01,1.6946381488e-02,9.8045811459e-04,1.3131643862e-02,2.1246439902e+00
4.7550000000e+02,4.6090000467e-03,1.3566023033e-02,7.4299088164e-01,2.0766002044e-01,1.7037877758e-02,9.7450165250e-04,1.3161695428e-02,2.1261116865e+00
4.7600000000e+02,4.5844303804e-03,1.3463548582e-02,7.4219885476e-01,2.0872606823e-01,1.6966399142e-02,9.7044483645e-04,1.3090254079e-02,2.1250382882e+00
4.7650000000e+02,4.6050256857e-03,1.3539444538e-02,7.4161674144e-01,2.0903833739e-01,1.7032196325e-02,9.7682332138e-04,1.3191431300e-02,2.1299538332e+00
4.7700000000e+02,4.5954338344e-03,1.3478163861e-02,7.4186516230e-01,2.0874312323e-01,1.7093910843e-02,9.8017724868e-04,1.3244028683e-02,2.1299856114e+00
4.7750000000e+02,4.6008993450e-03,1.3566699809e-02,7.4084117679e-01,2.0947263256e-01,1.7207212835e-02,9.8260217029e-04,1.3328776493e-02,2.1357053183e+00
4.7800000000e+02,4.6091242676e-03,1.3618900255e-02,7.3885186180e-01,2.1120420517e-01,1.7344438711e-02,9.8389240499e-04,1.3387577388e-02,2.1423500126e+00
4.7850000000e+02,4.6378003877e-03,1.3675183264e-02,7.3799871799e-01,2.1167799933e-01,1.7471072199e-02,9.8774867487e-04,1.3551478147e-02,2.1486152537e+00
4.7900000000e+02,4.6499009446e-03,1.3763981741e-02,7.3602570398e-01,2.1325076121e-01,1.7683914793e-02,9.8725281833e-04,1.3638484516e-02,2.1565635968e+00
4.7950000000e+02,4.6868233394e-03,1.3752067157e-02,7.3420061699e-01,2.1478545378e-01,1.7831516571e-02,9.8290854173e-04,1.3760613621e-02,2.1625640276e+00
4.8000000000e+02,4.6591663265e-03,1.3751458399e-02,7.3244314471e-01,2.1632541275e-01,1.7946293104e-02,9.8848150944e-04,1.3886043204e-02,2.1686098863e+00
4.8050000000e+02,4.6514216793e-03,1.3653812914e-02,7.3315053995e-01,2.1573918860e-01,1.7959724634e-02,9.7904295864e-04,1.3866269264e-02,2.1659146536e+00
4.8100000000e+02,4.6342695652e-03,1.3636449542e-02,7.3253686773e-01,2.1640167867e-01,1.8018225886e-02,9.7812096269e-04,1.3794387647e-02,2.1663478032e+00
4.8150000000e+02,4.6328740205e-03,1.3627348356e-02,7.3312624786e-01,2.1567692558e-01,1.8146663137e-02,9.7872291108e-04,1.3811218134e-02,2.1665846919e+00
4.8200000000e+02,4.6373175700e-03,1.3768821562e-02,7.3334597702e-01,2.1505173203e-01,1.8323625200e-02,9.8329912368e-04,1.3889227492e-02,2.1704126142e+00
4.8250000000e+02,4.6770447283e-03,1.3665272786e-02,7.3263579922e-01,2.1568081320e-01,1.8382153190e-02,9.8097106721e-04,1.3977945810e-02,2.1727126616e+00
4.8300000000e+02,4.6759054519e-03,1.3581604831e-02,7.3188810638e-01,2.1646956224e-01,1.8461607568e-02,9.7542752625e-04,1.3947786009e-02,2.1734400057e+00
4.8350000000e+02,4.6473098319e-03,1.3652326471e-02,7.3147319256e-01,2.1667357986e-01,1.8486219354e-02,9.6816626858e-04,1.4099205661e-02,2.1758409756e+00
4.8400000000e+02,4.6701256864e-03,1.3642544374e-02,7.3082266240e-01,2.1716364163e-01,1.8571117834e-02,9.6971993602e-04,1.4160188140e-02,2.1790146452e+00
4.8450000000e+02,4.6531451117e-03,1.3524083378e-02,7.2970091136e-01,2.1818920634e-01,1.8733250721e-02,9.6645457140e-04,1.4232948510e-02,2.1814070879e+00
4.8500000000e+02,4.6309070342e-03,1.3410130406e-02,7.2949558247e-01,2.1850600281e-01,1.8775844667e-02,9.5981421891e-04,1.4221718394e-02,2.1792774366e+00
4.8550000000e+02,4.6758890862e-03,1.3586745544e-02,7.2789836878e-01,2.1948243787e-01,1.8947448369e-02,9.6623419335e-04,1.4442876151e-02,2.1890426795e+00
4.8600000000e+02,4.6883960838e-03,1.3570724114e-02,7.2686500199e-01,2.2034192814e-01,1.9050746839e-02,9.6583651285e-04,1.4517366325e-02,2.1919927358e+00
4.8650000000e+02,4.7013315998e-03,1.3635858587e-02,7.2402228818e-01,2.2256569928e-01,1.9385878301e-02,9.7224255166e-04,1.4716701499e-02,2.2022590536e+00
4.8700000000e+02,4.7325489629e-03,1.3815419355e-02,7.2098999523e-01,2.2493586200e-01,1.9584154537e-02,9.8038346367e-04,1.4961636458e-02,2.2159181911e+00
4.8750000000e+02,4.7319946957e-03,1.3801433891e-02,7.2198865317e-01,2.2374065110e-01,1.9711344398e-02,9.8465493013e-04,1.5041267816e-02,2.2151877127e+00
4.8800000000e+02,4.7537046035e-03,1.3754024933e-02,7.2137471862e-01,2.2405642379e-01,1.9890344750e-02,9.9655013335e-04,1.5174233171e-02,2.2197521390e+00
4.8850000000e+02,4.7900432110e-03,1.3731545989e-02,7.2126728995e-01,2.2393311773e-01,1.9983978498e-02,9.9943678468e-04,1.5294587832e-02,2.2226095851e+00
4.8900000000e+02,4.7814462366e-03,1.3699173346e-02,7.2044794895e-01,2.2463853222e-01,2.0064002566e-02,1.0010329329e-03,1.5367863754e-02,2.2244064532e+00
4.8950000000e+02,4.8109431627e-03,1.3813278104e-02,7.1981436981e-01,2.2474454986e-01,2.0308126065e-02,1.0110862560e-03,1.5497646737e-02,2.2314623018e+00
4.9000000000e+02,4.8481236688e-03,1.3858521394e-02,7.1914708560e-01,2.2511417574e-01,2.0411880060e-02,1.0151168242e-03,1.5605096708e-02,2.2358549706e+00
4.9050000000e+02,4.8314460278e-03,1.3767833498e-02,7.1819638391e-01,2.2599915931e-01,2.0469484244e-02,1.0195262004e-03,1.5716166813e-02,2.2369800213e+00
4.9100000000e+02,4.8212190093e-03,1.3818898247e-02,7.1871109879e-01,2.2553389713e-01,2.0423506547e-02,1.0178024610e-03,1.5673577817e-02,2.2361801805e+00
4.9150000000e+02,4.8657505611e-03,1.3830121834e-02,7.1715472537e-01,2.2671065930e-01,2.0621485849e-02,1.0225805915e-03,1.5794676500e-02,2.2428722653e+00
4.9200000000e+02,4.8593558075e-03,1.3823646973e-02,7.1722324554e-01,2.2646202481e-01,2.0686667211e-02,1.0157555582e-03,1.5929304094e-02,2.2437044096e+00
4.9250000000e+02,4.8595779189e-03,1.3644352205e-02,7.1836619343e-01,2.2586709057e-01,2.0492988054e-02,1.0093980930e-03,1.5760399735e-02,2.2363271918e+00
4.9300000000e+02,4.8595330688e-03,1.3644121472e-02,7.1787975574e-01,2.2630745077e-01,2.0479811164e-02,1.0056292823e-03,1.5823698504e-02,2.2375910532e+00
4.9350000000e+02,4.8979548974e-03,1.3574363145e-02,7.1804446751e-01,2.2597631991e-01,2.0592392858e-02,1.0091367429e-03,1.5905364935e-02,2.2397412965e+00
4.9400000000e+02,4.9369181520e-03,1.3637872130e-02,7.1772547382e-01,2.2599481365e-01,2.0687082837e-02,1.0211923943e-03,1.5996647022e-02,2.2440180285e+00
4.9450000000e+02,4.9748302327e-03,1.3762541022e-02,7.1622802146e-01,2.2704721994e-01,2.0864247198e-02,1.0252982116e-03,1.6097841937e-02,2.2515802154e+00
4.9500000000e+02,4.9442321684e-03,1.3695184819e-02,7.1654689556e-01,2.2669319514e-01,2.0926989198e-02,1.0183709443e-03,1.6175132164e-02,2.2513222069e+00
4.9550000000e+02,4.9564456615e-03,1.3789035850e-02,7.1481839692e-01,2.2812147644e-01,2.1043101718e-02,1.0264472064e-03,1.6245096204e-02,2.2578825697e+00
4.9600000000e+02,5.0084611129e-03,1.3788591010e-02,7.1389141623e-01,2.2857592803e-01,2.1278899706e-02,1.0403901906e-03,1.6416313724e-02,2.2643052467e+00
4.9650000000e+02,5.0418443199e-03,1.3779664783e-02,7.1372399555e-01,2.2848006778e-01,2.1443111121e-02,1.0473121980e-03,1.6484004246e-02,2.2672989615e+00
4.9700000000e+02,5.0258783229e-03,1.3682004326e-02,7.1163103472e-01,2.3050825041e-01,2.1573408472e-02,1.0489570181e-03,1.6530466725e-02,2.2700692639e+00
4.9750000000e+02,5.0270551257e-03,1.3643875989e-02,7.1066472489e-01,2.3140089773e-01,2.1633422896e-02,1.0574395862e-03,1.6572583786e-02,2.2729344828e+00
4.9800000000e+02,5.0376657606e-03,1.3565074004e-02,7.1010727751e-01,2.3197029768e-01,2.1734255252e-02,1.0584107683e-03,1.6527019025e-02,2.2744504245e+00
4.9850000000e+02,5.0338105113e-03,1.3559064594e-02,7.0851701114e-01,2.3328518425e-01,2.1883337628e-02,1.0661201940e-03,1.6655471676e-02,2.2795637290e+00
4.9900000000e+02,5.0404924491e-03,1.3643675852e-02,7.0829422471e-01,2.3337391387e-01,2.1855233858e-02,1.0734296312e-03,1.6719029622e-02,2.2816590383e+00
4.9950000000e+02,5.0485539084e-03,1.3592087522e-02,7.0695395675e-01,2.3474352441e-01,2.1811218361e-02,1.0751478373e-03,1.6775511217e-02,2.2833677326e+00
5.0000000000e+02,5.0729600076e-03,1.3705294201e-02,7.0590966581e-01,2.3552033808e-01,2.1854350095e-02,1.0792254656e-03,1.6858166341e-02,2.2878395427e+00
5.0050000000e+02,5.0701869870e-03,1.3770382647e-02,7.0351978537e-01,2.3751734917e-01,2.2093717591e-02,1.0885761055e-03,1.6940002122e-02,2.2946388905e+00
5.0100000000e+02,5.0652214542e-03,1.3748156771e-02,7.0186622599e-01,2.3899533917e-01,2.2158077830e-02,1.0876574584e-03,1.7079321326e-02,2.2980657594e+00
5.0150000000e+02,5.0631828096e-03,1.3813651557e-02,6.9954575342e-01,2.4085829079e-01,2.2419931177e-02,1.0953668389e-03,1.7203823405e-02,2.3057716214e+00
5.0200000000e+02,5.0553617505e-03,1.3705484654e-02,6.9996827776e-01,2.4047310004e-01,2.2490936230e-02,1.1002224955e-03,1.7206617072e-02,2.3036783718e+00
5.0250000000e+02,5.0671754416e-03,1.3648956020e-02,7.0056494554e-01,2.3996680341e-01,2.2576511169e-02,1.0960657932e-03,1.7079542625e-02,2.3026044790e+00
5.0300000000e+02,5.0844446549e-03,1.3701214687e-02,6.9967118029e-01,2.4074581391e-01,2.2591675568e-02,1.1031214511e-03,1.7102549438e-02,2.3057670196e+00
5.0350000000e+02,5.0905376635e-03,1.3670399191e-02,6.9777825925e-01,2.4264171705e-01,2.2647055462e-02,1.1048907434e-03,1.7067140643e-02,2.3088913747e+00
5.0400000000e+02,5.1025056462e-03,1.3643909206e-02,6.9595460887e-01,2.4430531098e-01,2.2710680035e-02,1.1082034220e-03,1.7174781833e-02,2.3128353163e+00
5.0450000000e+02,5.1076585069e-03,1.3597228751e-02,6.9618066522e-01,2.4394015041e-01,2.2828484889e-02,1.1069113118e-03,1.7238900913e-02,2.3133254858e+00
5.0500000000e+02,5.1440057500e-03,1.3608064007e-02,6.9410418422e-01,2.4575670790e-01,2.2928041938e-02,1.1124964084e-03,1.7346499782e-02,2.3194450166e+00
5.0550000000e+02,5.0867950675e-03,1.3542952486e-02,6.9453041143e-01,2.4553460499e-01,2.2916263126e-02,1.1018785254e-03,1.7287094368e-02,2.3163876842e+00
5.0600000000e+02,5.0680121542e-03,1.3684269079e-02,6.9480087923e-01,2.4482891077e-01,2.3174068685e-02,1.1060967280e-03,1.7337763358e-02,2.3192582190e+00
5.0650000000e+02,5.0890701701e-03,1.3627563763e-02,6.9584341558e-01,2.4367679783e-01,2.3206193821e-02,1.1000001842e-03,1.7456958653e-02,2.3179964730e+00
5.0700000000e+02,5.0994261368e-03,1.3579087554e-02,6.9467314313e-01,2.4467493750e-01,2.3318320333e-02,1.1019526157e-03,1.7553132728e-02,2.3210970550e+00
5.0750000000e+02,5.1083453498e-03,1.3627598174e-02,6.9304753604e-01,2.4597391929e-01,2.3543694418e-02,1.1018664455e-03,1.7597040279e-02,2.3262471831e+00
5.0800000000e+02,5.1454552248e-03,1.3740788791e-02,6.9168686073e-01,2.4692184587e-01,2.3655885049e-02,1.1056644538e-03,1.7743499877e-02,2.3312121826e+00
5.0850000000e+02,5.1112855449e-03,1.3749734072e-02,6.9197811343e-01,2.4663865549e-01,2.3627980049e-02,1.1040989310e-03,1.7790132482e-02,2.3315850105e+00
5.0900000000e+02,5.0927220750e-03,1.3740770483e-02,6.9246926825e-01,2.4619657777e-01,2.3578584736e-02,1.0964800212e-03,1.7825596659e-02,2.3292892558e+00
5.0950000000e+02,5.0563651854e-03,1.3689822526e-02,6.9200919652e-01,2.4678134318e-01,2.3519180083e-02,1.0932697271e-03,1.7850822782e-02,2.3283235568e+00
5.1000000000e+02,4.9994322967e-03,1.3621416790e-02,6.9242175506e-01,2.4653943549e-01,2.3493116881e-02,1.0781182166e-03,1.7846725258e-02,2.3241081313e+00
5.1050000000e+02,4.9844168550e-03,1.3690201127e-02,6.8999298746e-01,2.4849075264e-01,2.3713993669e-02,1.0807217056e-03,1.8046926544e-02,2.3311114017e+00
5.1100000000e+02,4.9765614034e-03,1.3680180725e-02,6.8901777111e-01,2.4950894294e-01,2.3645644117e-02,1.0839471333e-03,1.8086952563e-02,2.3323037645e+00
5.1150000000e+02,4.9471536538e-03,1.3720964394e-02,6.8728881716e-01,2.5116411443e-01,2.3729988931e-02,1.0757763937e-03,1.8073185038e-02,2.3353970357e+00
5.1200000000e+02,4.9208895253e-03,1.3729962339e-02,6.8536320560e-01,2.5267499962e-01,2.3948631008e-02,1.0747141657e-03,1.8287597752e-02,2.3410724081e+00
5.1250000000e+02,4.9148756848e-03,1.3809166986e-02,6.8317489706e-01,2.5422949408e-01,2.4313347053e-02,1.0676411371e-03,1.8490578002e-02,2.3510819726e+00
5.1300000000e+02,4.9056341792e-03,1.3770733353e-02,6.8354875832e-01,2.5379394593e-01,2.4362752127e-02,1.0654089560e-03,1.8552767142e-02,2.3519867378e+00
5.1350000000e+02,4.8784774200e-03,1.3686989896e-02,6.8357643734e-01,2.5383594391e-01,2.4288138602e-02,1.0476513200e-03,1.8686361513e-02,2.3505816401e+00
5.1400000000e+02,4.8915629092e-03,1.3767429944e-02,6.8155048217e-01,2.5558848906e-01,2.4523360635e-02,1.0416522291e-03,1.8637023051e-02,2.3559479748e+00
5.1450000000e+02,4.8775567719e-03,1.3717682625e-02,6.8074741531e-01,2.5632357337e-01,2.4453862871e-02,1.0437557717e-03,1.8836153277e-02,2.3577132076e+00
5.1500000000e+02,4.8138934778e-03,1.3691882414e-02,6.8063920359e-01,2.5651663675e-01,2.4468076093e-02,1.0299534382e-03,1.8840354239e-02,2.3554478215e+00
5.1550000000e+02,4.7948525226e-03,1.3742488622e-02,6.8099606429e-01,2.5588709525e-01,2.4644444965e-02,1.0191859647e-03,1.8915868378e-02,2.3565144379e+00
5.1600000000e+02,4.7738736248e-03,1.3823068766e-02,6.8015292217e-01,2.5642025518e-01,2.4830389041e-02,1.0164713727e-03,1.8983019851e-02,2.3598714147e+00
5.1650000000e+02,4.7823132511e-03,1.3930238494e-02,6.7888206449e-01,2.5723393768e-01,2.5014547418e-02,1.0204647641e-03,1.9136433900e-02,2.3653157818e+00
5.1700000000e+02,4.7566171088e-03,1.3807852344e-02,6.7867773516e-01,2.5759813872e-01,2.4986702049e-02,1.0105627524e-03,1.9162391873e-02,2.3625313340e+00
5.1750000000e+02,4.7807699966e-03,1.3892073902e-02,6.7638068404e-01,2.5939486250e-01,2.5213950156e-02,1.0043913044e-03,1.9333268100e-02,2.3694157558e+00
5.1800000000e+02,4.7459176656e-03,1.3888003680e-02,6.7505045602e-01,2.6060093710e-01,2.5316932161e-02,9.9831577719e-04,1.9399437591e-02,2.3706123364e+00
5.1850000000e+02,4.7299432676e-03,1.3846423192e-02,6.7569318834e-01,2.5968581564e-01,2.5545237007e-02,9.9845783245e-04,1.9500934719e-02,2.3711380269e+00
5.1900000000e+02,4.7414853489e-03,1.3878837252e-02,6.7504075488e-01,2.5978309876e-01,2.5924021209e-02,9.9781237421e-04,1.9633990182e-02,2.3766201943e+00
5.1950000000e+02,4.6948237085e-03,1.3803079469e-02,6.7641000563e-01,2.5841334996e-01,2.5986758956e-02,9.8517725503e-04,1.9706805021e-02,2.3725895816e+00
5.2000000000e+02,4.6548323062e-03,1.3757623488e-02,6.7478331191e-01,2.5973025120e-01,2.6166190431e-02,9.8991974231e-04,1.9917870922e-02,2.3772403099e+00
5.2050000000e+02,4.6096042474e-03,1.3746085411e-02,6.7408322504e-01,2.6019339894e-01,2.6322082269e-02,9.8421758032e-04,2.0061386510e-02,2.3783691184e+00
5.2100000000e+02,4.5653563640e-03,1.3765639766e-02,6.7395961628e-01,2.6030420777e-01,2.6265282658e-02,9.7946127719e-04,2.0160435883e-02,2.3764080545e+00
5.2150000000e+02,4.5470236635e-03,1.3776016139e-02,6.7516366015e-01,2.5911711495e-01,2.6323028970e-02,9.8300824596e-04,2.0090147874e-02,2.3746820044e+00
5.2200000000e+02,4.5758140137e-03,1.3865993933e-02,6.7321625001e-01,2.6044596823e-01,2.6615221998e-02,9.8801320034e-04,2.0292738619e-02,2.3831303645e+00
5.2250000000e+02,4.5732231557e-03,1.3784886779e-02,6.7160854147e-01,2.6181909835e-01,2.6738434356e-02,9.8567210507e-04,2.0490143788e-02,2.3861587951e+00
5.2300000000e+02,4.5320183651e-03,1.3810599789e-02,6.7027657525e-01,2.6281152869e-01,2.6919520454e-02,9.8148162603e-04,2.0668275827e-02,2.3903072935e+00
5.2350000000e+02,4.5149298799e-03,1.3732940971e-02,6.7235033509e-01,2.6063485863e-01,2.6937101332e-02,9.6629744390e-04,2.0863536652e-02,2.3872498717e+00
5.2400000000e+02,4.4894196833e-03,1.3775153006e-02,6.7289668480e-01,2.5981756457e-01,2.6955984544e-02,9.6898421265e-04,2.1096209179e-02,2.3888864740e+00
5.2450000000e+02,4.4902829647e-03,1.3793726336e-02,6.7182187539e-01,2.6075583727e-01,2.7014425071e-02,9.6916132559e-04,2.1154691641e-02,2.3916854663e+00
5.2500000000e+02,4.5063392625e-03,1.3832056974e-02,6.7023955039e-01,2.6161372024e-01,2.7407246167e-02,9.6984089320e-04,2.1431246075e-02,2.3987282090e+00
5.2550000000e+02,4.5233804630e-03,1.3794757123e-02,6.7009491710e-01,2.6169712338e-01,2.7481992157e-02,9.5991451062e-04,2.1447915260e-02,2.3982952300e+00
5.2600000000e+02,4.5253319353e-03,1.3881421428e-02,6.6947988677e-01,2.6162343091e-01,2.7741700829e-02,9.6999363887e-04,2.1778234490e-02,2.4054493030e+00
5.2650000000e+02,4.4889949194e-03,1.3754647148e-02,6.7089388188e-01,2.6028305411e-01,2.7758183647e-02,9.7238912844e-04,2.1848849174e-02,2.4019224323e+00
5.2700000000e+02,4.4660949597e-03,1.3628853567e-02,6.7127964975e-01,2.6002830725e-01,2.7714484291e-02,9.6559002687e-04,2.1917020151e-02,2.3975628515e+00
5.2750000000e+02,4.4620445670e-03,1.3633029707e-02,6.7280158898e-01,2.5851025981e-01,2.7756992624e-02,9.5586662519e-04,2.1880217691e-02,2.3949662652e+00
5.2800000000e+02,4.4465542546e-03,1.3593059266e-02,6.7185945880e-01,2.5920639396e-01,2.8074094023e-02,9.4927092997e-04,2.1871168762e-02,2.3977098499e+00
5.2850000000e+02,4.4121686374e-03,1.3660325789e-02,6.7059315373e-01,2.6031314889e-01,2.8149626916e-02,9.5363411085e-04,2.1917941936e-02,2.3995026192e+00
5.2900000000e+02,4.4057975970e-03,1.3558520464e-02,6.7027380813e-01,2.6054889069e-01,2.8254816233e-02,9.5678701585e-04,2.2001379866e-02,2.4013993737e+00
5.2950000000e+02,4.4062317873e-03,1.3530983573e-02,6.7072639894e-01,2.5996875017e-01,2.8311063842e-02,9.5688861731e-04,2.2099683065e-02,2.4022495553e+00
5.3000000000e+02,4.4207267198e-03,1.3521883995e-02,6.7173929367e-01,2.5866636646e-01,2.8489236211e-02,9.5773114859e-04,2.2204761793e-02,2.4024235381e+00
5.3050000000e+02,4.4329371156e-03,1.3472824208e-02,6.7261190272e-01,2.5782111392e-01,2.8624418417e-02,9.5424129978e-04,2.2082562316e-02,2.3994023828e+00
5.3100000000e+02,4.4214491101e-03,1.3467188928e-02,6.7213884570e-01,2.5805498406e-01,2.8725545797e-02,9.4904768503e-04,2.2242938721e-02,2.4009126838e+00
5.3150000000e+02,4.4249372446e-03,1.3439156729e-02,6.7300857341e-01,2.5734118060e-01,2.8588499647e-02,9.4739202409e-04,2.2250260348e-02,2.3976730690e+00
5.3200000000e+02,4.4217748582e-03,1.3447046520e-02,6.6974956111e-01,2.6018373613e-01,2.8835188716e-02,9.4819531210e-04,2.2414497356e-02,2.4037303453e+00
5.3250000000e+02,4.4027504898e-03,1.3337131194e-02,6.7033363813e-01,2.5959336021e-01,2.8831399897e-02,9.5148058391e-04,2.2550239500e-02,2.4005684189e+00
5.3300000000e+02,4.3941687473e-03,1.3259340363e-02,6.7225102733e-01,2.5802098899e-01,2.8665706409e-02,9.5017802177e-04,2.2458590141e-02,2.3935907321e+00
5.3350000000e+02,4.3873307722e-03,1.3262893577e-02,6.7118798694e-01,2.5887871277e-01,2.8804983549e-02,9.4794917295e-04,2.2530143223e-02,2.3951621777e+00
5.3400000000e+02,4.3815913975e-03,1.3179727769e-02,6.7245930005e-01,2.5773466754e-01,2.8837416970e-02,9.4799611093e-04,2.2459300157e-02,2.3913514224e+00
5.3450000000e+02,4.4031058209e-03,1.3184908631e-02,6.7200820534e-01,2.5802659774e-01,2.9010816401e-02,9.5125596268e-04,2.2415110106e-02,2.3941366740e+00
5.3500000000e+02,4.4094494450e-03,1.3081542768e-02,6.7117307719e-01,2.5889053138e-01,2.9018775961e-02,9.5380572691e-04,2.2472817528e-02,2.3930270588e+00
5.3550000000e+02,4.3866482106e-03,1.3084546577e-02,6.7138833250e-01,2.5863410273e-01,2.9076312046e-02,9.5512362263e-04,2.2474934312e-02,2.3917886243e+00
5.3600000000e+02,4.3930592806e-03,1.3033525246e-02,6.7107074115e-01,2.5887435608e-01,2.9074475822e-02,9.6201435566e-04,2.2591828064e-02,2.3929150229e+00
5.3650000000e+02,4.4178625350e-03,1.3050660951e-02,6.7048705032e-01,2.5928617520e-01,2.9149471232e-02,9.6031066399e-04,2.2648469094e-02,2.3949678169e+00
5.3700000000e+02,4.4351691482e-03,1.3077244349e-02,6.7142806842e-01,2.5836543277e-01,2.9065638277e-02,9.5823091459e-04,2.2670216120e-02,2.3929261579e+00
5.3750000000e+02,4.4559123857e-03,1.3094019846e-02,6.7106831711e-01,2.5851284001e-01,2.9140586224e-02,9.6335382200e-04,2.2764970604e-02,2.3947728719e+00
5.3800000000e+02,4.4595008922e-03,1.3053720161e-02,6.7152578485e-01,2.5824629216e-01,2.8994287954e-02,9.6778110067e-04,2.2752632880e-02,2.3918043403e+00
5.3850000000e+02,4.4448025539e-03,1.3023202498e-02,6.7347799317e-01,2.5668126075e-01,2.8755650477e-02,9.6807586014e-04,2.2649014686e-02,2.3856579647e+00
5.3900000000e+02,4.4185212225e-03,1.2878099085e-02,6.7312373304e-01,2.5712031960e-01,2.8886357501e-02,9.6815258740e-04,2.2604816966e-02,2.3834652205e+00
5.3950000000e+02,4.4138114023e-03,1.2801736496e-02,6.7105584559e-01,2.5913930380e-01,2.8972271879e-02,9.6383710042e-04,2.2653193728e-02,2.3851512665e+00
5.4000000000e+02,4.4226146840e-03,1.2764029832e-02,6.6923346037e-01,2.6104769232e-01,2.9020906924e-02,9.6212847179e-04,2.2549167401e-02,2.3858671357e+00
5.4050000000e+02,4.4271224001e-03,1.2694374899e-02,6.7058240393e-01,2.5975782296e-01,2.8895072057e-02,9.5914382499e-04,2.2684059924e-02,2.3830755325e+00
5.4100000000e+02,4.4184998915e-03,1.2630720042e-02,6.7098855125e-01,2.5948343956e-01,2.8897639244e-02,9.5245384574e-04,2.2628696164e-02,2.3815155403e+00
5.4150000000e+02,4.4125405135e-03,1.2582984761e-02,6.7099363091e-01,2.5937785338e-01,2.8871019094e-02,9.4727083926e-04,2.2814700506e-02,2.3815310378e+00
5.4200000000e+02,4.3945980198e-03,1.2562543656e-02,6.7076378090e-01,2.5934342314e-01,2.9014803806e-02,9.4622488470e-04,2.2974625593e-02,2.3834833267e+00
5.4250000000e+02,4.3361345919e-03,1.2462786184e-02,6.7183596285e-01,2.5806478503e-01,2.9175567653e-02,9.4375806084e-04,2.3181005631e-02,2.3813697959e+00
5.4300000000e+02,4.2925689345e-03,1.2311904674e-02,6.7276206757e-01,2.5753288368e-01,2.9084860346e-02,9.3813655230e-04,2.3077578245e-02,2.3745922220e+00
5.4350000000e+02,4.2407914705e-03,1.2212121132e-02,6.7433508918e-01,2.5603027485e-01,2.9056345973e-02,9.3930854417e-04,2.3186068855e-02,2.3701520705e+00
5.4400000000e+02,4.2116500151e-03,1.2225940020e-02,6.7454935866e-01,2.5600993767e-01,2.8975008465e-02,9.4096557740e-04,2.3087139586e-02,2.3679069912e+00
5.4450000000e+02,4.1985518679e-03,1.2232211184e-02,6.7408605394e-01,2.5667067663e-01,2.8951231967e-02,9.4099720836e-04,2.2920277206e-02,2.3680518093e+00
5.4500000000e+02,4.1875498220e-03,1.2209503937e-02,6.7464811316e-01,2.5612503335e-01,2.8906984434e-02,9.3625400030e-04,2.2986561296e-02,2.3661267922e+00
5.4550000000e+02,4.1448284102e-03,1.2092518696e-02,6.7531844290e-01,2.5585090337e-01,2.8755963045e-02,9.2854243155e-04,2.2908801149e-02,2.3600010851e+00
5.4600000000e+02,4.1114557715e-03,1.1963940808e-02,6.7574228369e-01,2.5580568968e-01,2.8599023685e-02,9.2214061987e-04,2.2855465739e-02,2.3540917582e+00
5.4650000000e+02,4.0815379214e-03,1.1896113635e-02,6.7464460082e-01,2.5716613560e-01,2.8448048648e-02,9.2641535669e-04,2.2837148014e-02,2.3527277766e+00
5.4700000000e+02,4.0657595030e-03,1.1920911786e-02,6.7374782979e-01,2.5804732363e-01,2.8525896766e-02,9.2266427639e-04,2.2769614255e-02,2.3529470623e+00
5.4750000000e+02,4.0266101621e-03,1.1915070787e-02,6.7336344007e-01,2.5884533633e-01,2.8358141078e-02,9.1873035219e-04,2.2572671226e-02,2.3492947492e+00
5.4800000000e+02,3.9922818061e-03,1.1862414045e-02,6.7455843033e-01,2.5770173110e-01,2.8209437716e-02,9.2293524155e-04,2.2752769767e-02,2.3457477424e+00
5.4850000000e+02,3.9863103310e-03,1.1913425830e-02,6.7453109058e-01,2.5759873015e-01,2.8083746946e-02,9.2189843583e-04,2.2964797722e-02,2.3464697276e+00
5.4900000000e+02,4.0070245231e-03,1.1880482862e-02,6.7418968021e-01,2.5772562094e-01,2.8121933099e-02,9.2125316126e-04,2.3154005202e-02,2.3470200725e+00
5.4950000000e+02,3.9945918179e-03,1.1830566373e-02,6.7413294524e-01,2.5796735217e-01,2.7966674898e-02,9.1531524672e-04,2.3192554255e-02,2.3439808167e+00
5.5000000000e+02,3.9833906342e-03,1.1787954533e-02,6.7431943924e-01,2.5791164098e-01,2.7962675081e-02,9.1384291418e-04,2.3121056620e-02,2.3406269465e+00
5.5050000000e+02,3.9830653410e-03,1.1784852139e-02,6.7344473731e-01,2.5902467933e-01,2.7831253485e-02,9.1138299882e-04,2.3020029391e-02,2.3395945161e+00
5.5100000000e+02,3.9796846365e-03,1.1678456843e-02,6.7082441286e-01,2.6200541754e-01,2.7628222430e-02,9.0178733154e-04,2.2982018364e-02,2.3388204611e+00
5.5150000000e+02,3.9770029709e-03,1.1604631430e-02,6.6947066482e-01,2.6387888728e-01,2.7278809678e-02,8.9821464441e-04,2.2891789169e-02,2.3369009396e+00
5.5200000000e+02,3.9793334962e-03,1.1623833276e-02,6.7023253100e-01,2.6321350903e-01,2.7236290306e-02,8.9153560159e-04,2.2822967287e-02,2.3347244978e+00
5.5250000000e+02,3.9434228122e-03,1.1518317143e-02,6.7051268103e-01,2.6331164953e-01,2.7145281939e-02,8.7914142651e-04,2.2689506125e-02,2.3305781805e+00
5.5300000000e+02,3.9194370089e-03,1.1434706877e-02,6.7223485428e-01,2.6208300577e-01,2.6847413251e-02,8.6365108773e-04,2.2616931728e-02,2.3235499519e+00
5.5350000000e+02,3.9277641218e-03,1.1509515017e-02,6.7154987219e-01,2.6285806079e-01,2.6732623023e-02,8.6257487210e-04,2.2559589986e-02,2.3244985947e+00
5.5400000000e+02,3.9255792181e-03,1.1471451369e-02,6.7137787283e-01,2.6319745382e-01,2.6730360976e-02,8.5876729261e-04,2.2438514503e-02,2.3226487927e+00
5.5450000000e+02,3.9119684016e-03,1.1421399978e-02,6.7125057064e-01,2.6364243006e-01,2.6598127618e-02,8.4433282625e-04,2.2331170472e-02,2.3172572695e+00
5.5500000000e+02,3.8813630977e-03,1.1375150151e-02,6.7128658081e-01,2.6388740862e-01,2.6335051597e-02,8.3802910022e-04,2.2396416616e-02,2.3127318204e+00
5.5550000000e+02,3.8739557657e-03,1.1296656162e-02,6.6974975619e-01,2.6560108590e-01,2.6378584325e-02,8.3228103695e-04,2.2267680621e-02,2.3108472747e+00
5.5600000000e+02,3.8637822509e-03,1.1297063874e-02,6.6875625758e-01,2.6661865549e-01,2.6160148581e-02,8.2890344121e-04,2.2475188780e-02,2.3110146638e+00
5.5650000000e+02,3.8569553851e-03,1.1349481134e-02,6.6995761036e-01,2.6532826322e-01,2.6179456827e-02,8.2262574940e-04,2.2505607331e-02,2.3082984157e+00
5.5700000000e+02,3.8224096741e-03,1.1299124142e-02,6.6931014326e-01,2.6613766213e-01,2.6104327927e-02,8.2042515427e-04,2.2505907713e-02,2.3059369714e+00
5.5750000000e+02,3.8242631298e-03,1.1321728571e-02,6.6860975278e-01,2.6677476620e-01,2.6077170742e-02,8.1472334118e-04,2.2577595236e-02,2.3082935205e+00
5.5800000000e+02,3.8545165396e-03,1.1368661861e-02,6.6920816427e-01,2.6629590330e-01,2.6076382788e-02,8.0278185797e-04,2.2393589386e-02,2.3068574072e+00
5.5850000000e+02,3.8449970270e-03,1.1395193634e-02,6.6923022120e-01,2.6654506538e-01,2.6064745100e-02,7.8725707599e-04,2.2132520584e-02,2.3035182735e+00
5.5900000000e+02,3.8046456234e-03,1.1285285874e-02,6.6893054648e-01,2.6722557767e-01,2.5925975959e-02,7.8340863359e-04,2.2044559760e-02,2.2995306218e+00
5.5950000000e+02,3.7661964887e-03,1.1251262290e-02,6.6957183308e-01,2.6699640983e-01,2.5760530442e-02,7.7201209562e-04,2.1881755776e-02,2.2931305486e+00
5.6000000000e+02,3.7698974864e-03,1.1297123334e-02,6.6809493622e-01,2.6835290856e-01,2.5732376535e-02,7.6219717339e-04,2.1990560699e-02,2.2945857081e+00
5.6050000000e+02,3.7708790016e-03,1.1353048210e-02,6.6745596057e-01,2.6885588773e-01,2.5843124342e-02,7.5543406455e-04,2.1965666085e-02,2.2966774488e+00
5.6100000000e+02,3.7421435517e-03,1.1250597414e-02,6.6995074033e-01,2.6678690914e-01,2.5715993531e-02,7.3563290150e-04,2.1817983132e-02,2.2874598895e+00
5.6150000000e+02,3.7480330062e-03,1.1217868484e-02,6.6832469433e-01,2.6853932572e-01,2.5818282281e-02,7.2132408007e-04,2.1630472106e-02,2.2868936729e+00
5.6200000000e+02,3.7428429777e-03,1.1136233559e-02,6.6701850192e-01,2.7004924735e-01,2.5784469408e-02,7.1568828926e-04,2.1553016497e-02,2.2850437880e+00
5.6250000000e+02,3.7153267822e-03,1.1115152245e-02,6.6623122617e-01,2.7076847828e-01,2.5843488524e-02,7.0538867441e-04,2.1620939325e-02,2.2836361912e+00
5.6300000000e+02,3.6726732080e-03,1.1139832052e-02,6.6670262550e-01,2.7038623901e-01,2.5878875230e-02,6.9368806338e-04,2.1526066935e-02,2.2814754254e+00
5.6350000000e+02,3.6546047385e-03,1.1100407571e-02,6.6790472482e-01,2.6927602433e-01,2.6009981563e-02,6.7744546786e-04,2.1376811515e-02,2.2773932243e+00
5.6400000000e+02,3.6258455726e-03,1.1031321785e-02,6.6925977266e-01,2.6790862482e-01,2.6075307195e-02,6.6856559989e-04,2.1430562361e-02,2.2737122135e+00
5.6450000000e+02,3.6151452764e-03,1.1016049389e-02,6.6990419309e-01,2.6748698341e-01,2.6050976229e-02,6.5254695432e-04,2.1274105653e-02,2.2697728040e+00
5.6500000000e+02,3.6079870156e-03,1.0965703663e-02,6.6984663467e-01,2.6772846434e-01,2.5983884647e-02,6.3728694353e-04,2.1230038727e-02,2.2677266373e+00
5.6550000000e+02,3.6165357627e-03,1.0919444337e-02,6.6840986671e-01,2.6923814864e-01,2.5913352093e-02,6.3179420705e-04,2.1270858253e-02,2.2691762920e+00
5.6600000000e+02,3.6037442792e-03,1.0990951297e-02,6.6804926384e-01,2.6960183963e-01,2.5902333320e-02,6.2339672697e-04,2.1228470907e-02,2.2682158513e+00
5.6650000000e+02,3.6167336488e-03,1.0928488528e-02,6.6816842549e-01,2.6906614146e-01,2.6272663470e-02,6.0964076887e-04,2.1337906635e-02,2.2690766449e+00
5.6700000000e+02,3.6187853466e-03,1.0963735124e-02,6.6892321662e-01,2.6798825063e-01,2.6477190393e-02,6.0110330896e-04,2.1427718583e-02,2.2694640091e+00
5.6750000000e+02,3.5919560041e-03,1.0960498594e-02,6.7095030638e-01,2.6624738446e-01,2.6318932585e-02,5.9622641645e-04,2.1334695562e-02,2.2633103665e+00
5.6800000000e+02,3.5740401787e-03,1.0927816301e-02,6.7331129436e-01,2.6388351160e-01,2.6421600035e-02,5.8754344479e-04,2.1294194078e-02,2.2573152696e+00
5.6850000000e+02,3.5425416324e-03,1.0870646673e-02,6.7506191218e-01,2.6228310321e-01,2.6287875633e-02,5.8062727554e-04,2.1373293395e-02,2.2528504747e+00
5.6900000000e+02,3.4979091355e-03,1.0891485137e-02,6.7621342665e-01,2.6162625908e-01,2.6086547742e-02,5.7107387126e-04,2.1113298386e-02,2.2451247373e+00
5.6950000000e+02,3.5040207837e-03,1.0913175262e-02,6.7632736990e-01,2.6141917533e-01,2.6287586528e-02,5.6099203984e-04,2.0987680155e-02,2.2441144062e+00
5.7000000000e+02,3.4904513241e-03,1.0868885074e-02,6.7687287556e-01,2.6126642760e-01,2.6130222122e-02,5.4760625493e-04,2.0823532066e-02,2.2372594197e+00
5.7050000000e+02,3.4695666969e-03,1.0857892021e-02,6.7837576403e-01,2.5981924738e-01,2.6178219105e-02,5.3576830038e-04,2.0763542466e-02,2.2331264946e+00
5.7100000000e+02,3.4572195330e-03,1.0686156120e-02,6.7897272520e-01,2.5940340235e-01,2.6060336920e-02,5.3251915309e-04,2.0887640722e-02,2.2290567756e+00
5.7150000000e+02,3.4550790028e-03,1.0795709041e-02,6.7816765833e-01,2.5987875869e-01,2.6197871057e-02,5.3038717045e-04,2.0974536706e-02,2.2311565317e+00
5.7200000000e+02,3.4296671909e-03,1.0877615341e-02,6.7928429735e-01,2.5900763762e-01,2.6076444523e-02,5.2402153584e-04,2.0800316444e-02,2.2262109503e+00
5.7250000000e+02,3.4189210518e-03,1.0946764039e-02,6.7901062508e-01,2.5917120807e-01,2.6059631835e-02,5.2360920804e-04,2.0869240725e-02,2.2258851243e+00
5.7300000000e+02,3.4254889664e-03,1.0968013935e-02,6.7791037433e-01,2.6023039894e-01,2.6129636752e-02,5.2018488537e-04,2.0815902186e-02,2.2266201567e+00
5.7350000000e+02,3.4343965524e-03,1.1068573758e-02,6.7679178628e-01,2.6117022614e-01,2.6152075441e-02,5.1611045492e-04,2.0866831370e-02,2.2283102288e+00
5.7400000000e+02,3.4300348046e-03,1.1106775825e-02,6.7614412942e-01,2.6172887351e-01,2.6215427112e-02,5.1233925840e-04,2.0862420071e-02,2.2275950176e+00
5.7450000000e+02,3.4217683976e-03,1.1094851311e-02,6.7663599731e-01,2.6123664721e-01,2.6236047727e-02,5.0832835074e-04,2.0866359692e-02,2.2261244247e+00
5.7500000000e+02,3.3961407735e-03,1.1116904678e-02,6.7670335900e-01,2.6124059381e-01,2.6220936029e-02,5.1084519994e-04,2.0811220504e-02,2.2226705394e+00
5.7550000000e+02,3.3729532507e-03,1.1170578908e-02,6.7789160728e-01,2.5990418070e-01,2.6388806507e-02,5.1069818983e-04,2.0761175173e-02,2.2217235340e+00
5.7600000000e+02,3.3612520479e-03,1.1099588809e-02,6.7891654221e-01,2.5903746115e-01,2.6428213300e-02,5.0539612201e-04,2.0651546363e-02,2.2168578486e+00
5.7650000000e+02,3.3444470891e-03,1.0994078231e-02,6.8004958284e-01,2.5829697724e-01,2.6283218143e-02,4.9536260153e-04,2.0536333855e-02,2.2112738204e+00
5.7700000000e+02,3.3519681908e-03,1.1011566073e-02,6.7920464841e-01,2.5898120525e-01,2.6270966644e-02,4.9373757934e-04,2.0685907854e-02,2.2135965651e+00
5.7750000000e+02,3.3306014579e-03,1.0939411246e-02,6.7880008481e-01,2.5958222433e-01,2.6140548716e-02,4.8499826280e-04,2.0722131176e-02,2.2123830516e+00
5.7800000000e+02,3.3503864441e-03,1.0870664331e-02,6.7903250253e-01,2.5943767723e-01,2.6108148560e-02,4.8016037253e-04,2.0720460529e-02,2.2114067654e+00
5.7850000000e+02,3.3455258408e-03,1.0934496123e-02,6.7835062620e-01,2.6023843725e-01,2.6075275753e-02,4.7739623163e-04,2.0578242598e-02,2.2115101487e+00
5.7900000000e+02,3.3572258767e-03,1.0935230939e-02,6.7900627936e-01,2.5952440278e-01,2.6086442221e-02,4.7600139349e-04,2.0614417426e-02,2.2112824767e+00
5.7950000000e+02,3.3434754976e-03,1.0972337045e-02,6.7820089850e-01,2.6014414065e-01,2.6141484189e-02,4.7190258344e-04,2.0725761535e-02,2.2136410881e+00
5.8000000000e+02,3.3113633529e-03,1.0919619105e-02,6.7980086303e-01,2.5876586971e-01,2.6113128016e-02,4.7068889671e-04,2.0618467891e-02,2.2069579922e+00
5.8050000000e+02,3.3218090267e-03,1.0991493633e-02,6.7996449340e-01,2.5857753541e-01,2.6161147796e-02,4.6928356154e-04,2.0514237175e-02,2.2076669424e+00
5.8100000000e+02,3.3284818610e-03,1.1013966442e-02,6.7997195647e-01,2.5836445545e-01,2.6283593944e-02,4.7246537906e-04,2.0565080450e-02,2.2088013989e+00
5.8150000000e+02,3.3476553622e-03,1.1151194805e-02,6.8069344719e-01,2.5754805534e-01,2.6382728615e-02,4.7190654414e-04,2.0405012138e-02,2.2098548998e+00
5.8200000000e+02,3.3436743038e-03,1.1211039071e-02,6.8007637186e-01,2.5820604134e-01,2.6332985605e-02,4.6622897499e-04,2.0363658841e-02,2.2105306654e+00
5.8250000000e+02,3.3310280476e-03,1.1227707410e-02,6.8148255621e-01,2.5691464070e-01,2.6217702829e-02,4.6476820654e-04,2.0361596595e-02,2.2077878890e+00
5.8300000000e+02,3.3038066917e-03,1.1280148331e-02,6.8167626639e-01,2.5674551757e-01,2.6203655057e-02,4.6835667880e-04,2.0322249281e-02,2.2068663311e+00
5.8350000000e+02,3.2907421092e-03,1.1264713844e-02,6.8320899861e-01,2.5538225399e-01,2.6075475580e-02,4.6960138416e-04,2.0308214484e-02,2.2053510260e+00
5.8400000000e+02,3.3243343493e-03,1.1327762665e-02,6.8157591507e-01,2.5673480303e-01,2.6179314551e-02,4.7440756016e-04,2.0383462771e-02,2.2116566891e+00
5.8450000000e+02,3.3071091225e-03,1.1352898248e-02,6.7985574092e-01,2.5847290336e-01,2.6096465366e-02,4.7350732059e-04,2.0441375663e-02,2.2143438494e+00
5.8500000000e+02,3.2890699171e-03,1.1317731078e-02,6.8155321897e-01,2.5685659281e-01,2.6046834116e-02,4.7315173508e-04,2.0463401373e-02,2.2117957942e+00
5.8550000000e+02,3.2583382856e-03,1.1203201871e-02,6.8202777996e-01,2.5676164975e-01,2.5877805623e-02,4.7537793765e-04,2.0395846573e-02,2.2061515858e+00
5.8600000000e+02,3.2556850210e-03,1.1241095807e-02,6.8184675058e-01,2.5692786356e-01,2.5749738467e-02,4.7342434870e-04,2.0505442208e-02,2.2074826380e+00
5.8650000000e+02,3.2382073697e-03,1.1244748913e-02,6.8187798146e-01,2.5726101781e-01,2.5504520935e-02,4.7178623947e-04,2.0401737279e-02,2.2048189639e+00
5.8700000000e+02,3.2144938786e-03,1.1217421807e-02,6.8147955788e-01,2.5777066220e-01,2.5521528618e-02,4.6843796135e-04,2.0327897661e-02,2.2038686431e+00
5.8750000000e+02,3.2018167919e-03,1.1171378672e-02,6.8230914806e-01,2.5701977924e-01,2.5488440730e-02,4.6602888143e-04,2.0343407625e-02,2.2015978709e+00
5.8800000000e+02,3.2357829199e-03,1.1214641971e-02,6.8258936498e-01,2.5629512311e-01,2.5686496274e-02,4.6842225880e-04,2.0510168486e-02,2.2055372463e+00
5.8850000000e+02,3.2316296786e-03,1.1179717244e-02,6.8206279225e-01,2.5696038172e-01,2.5506321077e-02,4.7176401458e-04,2.0587394024e-02,2.2055062343e+00
5.8900000000e+02,3.2189805902e-03,1.1217347557e-02,6.8276877764e-01,2.5648199184e-01,2.5395952204e-02,4.7060609931e-04,2.0446344067e-02,2.2028809705e+00
5.8950000000e+02,3.2365135848e-03,1.1297674914e-02,6.8288242514e-01,2.5633377599e-01,2.5302213932e-02,4.7220487559e-04,2.0475191569e-02,2.2029489955e+00
5.9000000000e+02,3.2434603530e-03,1.1286772705e-02,6.8366715082e-01,2.5559199327e-01,2.5341056952e-02,4.7637659704e-04,2.0393189305e-02,2.2016221432e+00
5.9050000000e+02,3.2290008829e-03,1.1248732404e-02,6.8261927763e-01,2.5664792886e-01,2.5324206203e-02,4.8260164612e-04,2.0448252372e-02,2.2028458802e+00
5.9100000000e+02,3.2356611803e-03,1.1263608308e-02,6.8128904892e-01,2.5787802106e-01,2.5347274674e-02,4.8289256795e-04,2.0503493289e-02,2.2066873033e+00
5.9150000000e+02,3.2700505968e-03,1.1400912781e-02,6.7955734000e-01,2.5939600525e-01,2.5452165019e-02,4.8566300988e-04,2.0437863340e-02,2.2134595816e+00
5.9200000000e+02,3.2344112889e-03,1.1390696552e-02,6.7831226063e-01,2.6070595903e-01,2.5545647723e-02,4.8549695724e-04,2.0325527817e-02,2.2145157755e+00
5.9250000000e+02,3.2132781904e-03,1.1426686934e-02,6.7913875197e-01,2.6001230608e-01,2.5489096497e-02,4.8841439860e-04,2.0231465930e-02,2.2138286777e+00
5.9300000000e+02,3.2184851364e-03,1.1461871452e-02,6.7945900358e-01,2.5973875118e-01,2.5370800352e-02,4.8973739191e-04,2.0261350901e-02,2.2131614355e+00
5.9350000000e+02,3.1888389079e-03,1.1526892209e-02,6.8019495983e-01,2.5873136189e-01,2.5500921190e-02,4.8902124157e-04,2.0368004725e-02,2.2137913041e+00
5.9400000000e+02,3.1748504455e-03,1.1445173685e-02,6.8009921817e-01,2.5898010882e-01,2.5477857375e-02,4.8657799462e-04,2.0336213515e-02,2.2117992740e+00
5.9450000000e+02,3.1694939264e-03,1.1422740264e-02,6.8113734884e-01,2.5809930129e-01,2.5334993240e-02,4.8495970930e-04,2.0351162723e-02,2.2106322050e+00
5.9500000000e+02,3.1635885877e-03,1.1411097267e-02,6.7986660447e-01,2.5931381804e-01,2.5423060338e-02,4.8713852612e-04,2.0334692773e-02,2.2137107272e+00
5.9550000000e+02,3.1208370149e-03,1.1343636599e-02,6.8094230949e-01,2.5872032744e-01,2.5282617709e-02,4.8789039909e-04,2.0102381346e-02,2.2071574964e+00
5.9600000000e+02,3.1382405399e-03,1.1264002223e-02,6.8235393441e-01,2.5753344299e-01,2.5189984918e-02,4.8622628850e-04,2.0034168636e-02,2.2035636015e+00
5.9650000000e+02,3.1507907605e-03,1.1383683578e-02,6.8256872551e-01,2.5701176475e-01,2.5288258529e-02,4.9360023719e-04,2.0103176630e-02,2.2072704503e+00
5.9700000000e+02,3.1576398431e-03,1.1339626671e-02,6.8251803421e-01,2.5725435714e-01,2.5194887563e-02,4.9610028198e-04,2.0039354296e-02,2.2068398125e+00
5.9750000000e+02,3.1479637833e-03,1.1270747210e-02,6.8132399812e-01,2.5836547210e-01,2.5299951394e-02,4.9335635955e-04,2.0098511032e-02,2.2094477290e+00
5.9800000000e+02,3.1568132482e-03,1.1251116830e-02,6.8079304480e-01,2.5903073231e-01,2.5161540916e-02,4.9673612505e-04,2.0110015768e-02,2.2079387943e+00
5.9850000000e+02,3.1213430452e-03,1.1196528557e-02,6.8237203718e-01,2.5786860885e-01,2.4972463694e-02,4.9195455703e-04,1.9977064125e-02,2.2021788089e+00
5.9900000000e+02,3.1006762002e-03,1.1237385248e-02,6.8263779682e-01,2.5761566066e-01,2.4924980903e-02,4.9177725259e-04,1.9991722918e-02,2.2008165667e+00
5.9950000000e+02,3.0619087119e-03,1.1232429101e-02,6.8422358656e-01,2.5627906076e-01,2.4806858768e-02,4.8633202185e-04,1.9909824074e-02,2.1961100498e+00
6.0000000000e+02,3.0352170535e-03,1.1083652960e-02,6.8706959007e-01,2.5384910260e-01,2.4558578643e-02,4.8044281248e-04,1.9923415861e-02,2.1876883143e+00
6.0050000000e+02,3.0357007453e-03,1.1116723622e-02,6.8719677659e-01,2.5379308730e-01,2.4583763095e-02,4.7901265550e-04,1.9794935995e-02,2.1872650232e+00
6.0100000000e+02,3.0468762325e-03,1.1114846577e-02,6.8909956582e-01,2.5193293646e-01,2.4638062186e-02,4.7872009126e-04,1.9688992636e-02,2.1836778050e+00
6.0150000000e+02,3.0460972540e-03,1.0980932049e-02,6.9103556726e-01,2.5030817383e-01,2.4567241708e-02,4.7914515251e-04,1.9582842746e-02,2.1774303740e+00
6.0200000000e+02,3.0371894139e-03,1.0910932841e-02,6.9188871078e-01,2.4970843693e-01,2.4493089234e-02,4.8090838145e-04,1.9480732428e-02,2.1748925294e+00
6.0250000000e+02,3.0273683245e-03,1.0895694045e-02,6.9244888249e-01,2.4942602703e-01,2.4373912460e-02,4.8316627638e-04,1.9344949378e-02,2.1716779587e+00
6.0300000000e+02,3.0175717095e-03,1.0828463608e-02,6.9351520273e-01,2.4872347703e-01,2.4317519841e-02,4.8093685259e-04,1.9116828231e-02,2.1667348401e+00
6.0350000000e+02,3.0314799607e-03,1.0843288760e-02,6.9346209396e-01,2.4855778611e-01,2.4385909432e-02,4.8386778848e-04,1.9235573985e-02,2.1677215185e+00
6.0400000000e+02,3.0494332714e-03,1.0899580157e-02,6.9354421535e-01,2.4844337984e-01,2.4383273046e-02,4.8379163726e-04,1.9196326701e-02,2.1677242873e+00
6.0450000000e+02,3.0549753303e-03,1.0882216385e-02,6.9589694820e-01,2.4606587084e-01,2.4451781606e-02,4.8652965688e-04,1.9161677980e-02,2.1648240575e+00
6.0500000000e+02,3.0515792796e-03,1.0912953135e-02,6.9491995272e-01,2.4711280333e-01,2.4398951546e-02,4.8321205181e-04,1.9120547938e-02,2.1648725889e+00
6.0550000000e+02,3.0367684821e-03,1.0863352508e-02,6.9484417274e-01,2.4719587097e-01,2.4430161413e-02,4.8214244981e-04,1.9147531438e-02,2.1649668702e+00
6.0600000000e+02,3.0305168472e-03,1.0938966997e-02,6.9534213254e-01,2.4669843052e-01,2.4385801936e-02,4.8546002522e-04,1.9118691125e-02,2.1649794190e+00
6.0650000000e+02,3.0121461939e-03,1.0859430720e-02,6.9785740686e-01,2.4440677909e-01,2.4346062225e-02,4.8486410074e-04,1.9033310816e-02,2.1594160879e+00
6.0700000000e+02,3.0222156653e-03,1.0884753219e-02,6.9711313374e-01,2.4525663435e-01,2.4281086178e-02,4.7993688761e-04,1.8962239960e-02,2.1594345235e+00
6.0750000000e+02,3.0273428539e-03,1.0873207376e-02,6.9720551874e-01,2.4529433711e-01,2.4234429333e-02,4.7947830939e-04,1.8885686276e-02,2.1593036994e+00
6.0800000000e+02,3.0431084585e-03,1.0949734016e-02,6.9617586571e-01,2.4611192548e-01,2.4354421689e-02,4.8097056781e-04,1.8883974077e-02,2.1637094578e+00
6.0850000000e+02,3.0508849951e-03,1.0934112486e-02,6.9666021352e-01,2.4555570263e-01,2.4457911628e-02,4.8506331153e-04,1.8856111423e-02,2.1647192544e+00
6.0900000000e+02,3.0387526944e-03,1.0866220769e-02,6.9815093493e-01,2.4438421060e-01,2.4388232280e-02,4.8637831215e-04,1.8685270416e-02,2.1589041575e+00
6.0950000000e+02,3.0539931568e-03,1.0895259661e-02,6.9937070603e-01,2.4303464427e-01,2.4408260842e-02,4.9194500677e-04,1.8745191036e-02,2.1587493770e+00
6.1000000000e+02,3.0562129856e-03,1.0973462609e-02,7.0077357653e-01,2.4184658456e-01,2.4111473863e-02,4.9136577833e-04,1.8747323670e-02,2.1550744606e+00
6.1050000000e+02,3.0405510077e-03,1.1008721705e-02,7.0077464245e-01,2.4205281500e-01,2.4044671020e-02,4.9026580909e-04,1.8588333001e-02,2.1536013668e+00
6.1100000000e+02,3.0269022645e-03,1.0976993470e-02,7.0137056091e-01,2.4150177999e-01,2.4116749392e-02,4.8703244623e-04,1.8519981527e-02,2.1530828667e+00
6.1150000000e+02,3.0157602310e-03,1.0905527963e-02,7.0261540355e-01,2.4068441023e-01,2.3949236564e-02,4.8051487257e-04,1.8349146597e-02,2.1467101750e+00
6.1200000000e+02,3.0430740208e-03,1.0977648688e-02,7.0352305984e-01,2.3972543417e-01,2.3892002066e-02,4.8311110191e-04,1.8355670111e-02,2.1462807547e+00
6.1250000000e+02,3.0375084926e-03,1.0994355950e-02,7.0315776489e-01,2.4035538320e-01,2.3668754610e-02,4.8302110613e-04,1.8303211746e-02,2.1441224153e+00
6.1300000000e+02,3.0132066679e-03,1.0925721573e-02,7.0246894838e-01,2.4150862659e-01,2.3401347553e-02,4.8563575657e-04,1.8196513476e-02,2.1398465639e+00
6.1350000000e+02,3.0021059258e-03,1.0950008636e-02,7.0233812427e-01,2.4185642270e-01,2.3225580132e-02,4.8856953547e-04,1.8139188799e-02,2.1373168880e+00
6.1400000000e+02,3.0045231650e-03,1.1012417050e-02,7.0271212434e-01,2.4142694140e-01,2.3164368535e-02,4.8887633229e-04,1.8190749173e-02,2.1362573292e+00
6.1450000000e+02,3.0108826498e-03,1.0994550818e-02,7.0366067097e-01,2.4062010626e-01,2.3120677867e-02,4.8314410739e-04,1.8109967334e-02,2.1332540211e+00
6.1500000000e+02,3.0099813497e-03,1.1010525438e-02,7.0411954684e-01,2.4022873337e-01,2.3191449236e-02,4.7939577458e-04,1.7960367986e-02,2.1314240052e+00
6.1550000000e+02,2.9942426004e-03,1.1004558545e-02,7.0592795113e-01,2.3880106604e-01,2.2982496658e-02,4.7567103685e-04,1.7814013993e-02,2.1248144027e+00
6.1600000000e+02,2.9741605531e-03,1.1032236493e-02,7.0617694379e-01,2.3870631143e-01,2.2903618843e-02,4.6779317456e-04,1.7738935712e-02,2.1228620556e+00
6.1650000000e+02,2.9497240903e-03,1.0980448489e-02,7.0757523951e-01,2.3771273572e-01,2.2717929979e-02,4.5755518396e-04,1.7606367033e-02,2.1173532717e+00
6.1700000000e+02,2.9362508019e-03,1.0914958221e-02,7.0890302295e-01,2.3667448134e-01,2.2616777485e-02,4.5276442768e-04,1.7501744772e-02,2.1128418736e+00
6.1750000000e+02,2.9201145446e-03,1.1032362745e-02,7.0964951771e-01,2.3593915746e-01,2.2459004314e-02,4.5222572339e-04,1.7547617507e-02,2.1120930861e+00
6.1800000000e+02,2.9214919972e-03,1.1051176085e-02,7.0946926172e-01,2.3603808749e-01,2.2515404037e-02,4.4953848043e-04,1.7555040190e-02,2.1123619067e+00
6.1850000000e+02,2.9249529593e-03,1.1027486680e-02,7.0997550477e-01,2.3558874816e-01,2.2446868216e-02,4.4963016885e-04,1.7586809046e-02,2.1111646533e+00
6.1900000000e+02,2.9182732668e-03,1.1107070582e-02,7.1084891503e-01,2.3484565822e-01,2.2335978451e-02,4.4693872830e-04,1.7497165721e-02,2.1091277437e+00
6.1950000000e+02,2.8890715143e-03,1.1097250159e-02,7.1130044050e-01,2.3478398044e-01,2.2143595043e-02,4.4133562520e-04,1.7344326718e-02,2.1042459786e+00
6.2000000000e+02,2.8830568326e-03,1.1050654003e-02,7.1258293642e-01,2.3382661013e-01,2.1957243847e-02,4.4030746231e-04,1.7259191311e-02,2.0969838785e+00
6.2050000000e+02,2.8744666119e-03,1.0977287678e-02,7.1250124736e-01,2.3421598238e-01,2.1809232629e-02,4.3578361236e-04,1.7185999725e-02,2.0930155462e+00
6.2100000000e+02,2.8746555666e-03,1.0895232774e-02,7.1567423607e-01,2.3155133600e-01,2.1584140126e-02,4.3032313200e-04,1.6990076328e-02,2.0824622692e+00
6.2150000000e+02,2.8908320116e-03,1.0957025089e-02,7.1696487981e-01,2.3021583557e-01,2.1657933393e-02,4.2696689834e-04,1.6886527228e-02,2.0806607158e+00
6.2200000000e+02,2.8703459568e-03,1.0948073280e-02,7.1850789080e-01,2.2883092948e-01,2.1623133017e-02,4.2758814826e-04,1.6792039319e-02,2.0745399730e+00
6.2250000000e+02,2.8748755510e-03,1.0948311889e-02,7.1986752134e-01,2.2773761266e-01,2.1394069010e-02,4.2394174352e-04,1.6753667812e-02,2.0698107408e+00
6.2300000000e+02,2.8799011958e-03,1.0920916202e-02,7.2051485999e-01,2.2739010623e-01,2.1360512669e-02,4.1442527646e-04,1.6519278439e-02,2.0656783460e+00
6.2350000000e+02,2.8644617960e-03,1.0816157063e-02,7.2145582160e-01,2.2686914670e-01,2.1270966583e-02,4.1239654097e-04,1.6311049716e-02,2.0602583121e+00
6.2400000000e+02,2.8579300922e-03,1.0821663570e-02,7.2287073044e-01,2.2564686659e-01,2.1090121674e-02,4.1109359096e-04,1.6301594038e-02,2.0556622546e+00
6.2450000000e+02,2.8295849824e-03,1.0786280071e-02,7.2406760298e-01,2.2476988111e-01,2.0918889574e-02,4.0370580040e-04,1.6224055489e-02,2.0495342164e+00
6.2500000000e+02,2.8348169559e-03,1.0791144469e-02,7.2403568618e-01,2.2482175463e-01,2.0863451400e-02,3.9885008132e-04,1.6254296282e-02,2.0500029918e+00
6.2550000000e+02,2.8256365696e-03,1.0888045306e-02,7.2476574328e-01,2.2399978673e-01,2.0850062836e-02,3.9890375253e-04,1.6271821524e-02,2.0506005128e+00
6.2600000000e+02,2.8427075914e-03,1.0970279915e-02,7.2480640224e-01,2.2387432705e-01,2.0896032983e-02,3.9549288729e-04,1.6214757334e-02,2.0510951774e+00
6.2650000000e+02,2.8310232088e-03,1.0939059045e-02,7.2627490584e-01,2.2281006023e-01,2.0639394529e-02,3.9403303714e-04,1.6111524103e-02,2.0450959128e+00
6.2700000000e+02,2.8431588679e-03,1.0994005169e-02,7.2781046097e-01,2.2139989050e-01,2.0499039893e-02,3.9479441899e-04,1.6058650178e-02,2.0421464140e+00
6.2750000000e+02,2.8331936485e-03,1.1018176407e-02,7.2819137200e-01,2.2135520704e-01,2.0242558253e-02,3.9190222161e-04,1.5967590429e-02,2.0385107063e+00
6.2800000000e+02,2.8270965094e-03,1.0979130581e-02,7.2864697104e-01,2.2087411188e-01,2.0197044784e-02,3.8682235643e-04,1.6088822855e-02,2.0372514194e+00
6.2850000000e+02,2.8165748984e-03,1.0905694303e-02,7.2934021818e-01,2.2053008592e-01,1.9994646099e-02,3.8420509462e-04,1.6028575499e-02,2.0326578021e+00
6.2900000000e+02,2.8087688607e-03,1.0884383502e-02,7.3128204481e-01,2.1882840110e-01,1.9880407825e-02,3.7810711012e-04,1.5937886784e-02,2.0272543237e+00
6.2950000000e+02,2.8023976254e-03,1.0938655655e-02,7.3163124665e-01,2.1860065564e-01,1.9779629853e-02,3.7506487688e-04,1.5872349701e-02,2.0250805506e+00
6.3000000000e+02,2.8048076554e-03,1.0888000122e-02,7.3342352732e-01,2.1721873728e-01,1.9526966722e-02,3.7294300264e-04,1.5765017900e-02,2.0179449102e+00
6.3050000000e+02,2.7830816490e-03,1.0849606240e-02,7.3445933355e-01,2.1644959904e-01,1.9326837789e-02,3.7207190968e-04,1.5759469816e-02,2.0126515601e+00
6.3100000000e+02,2.7955735628e-03,1.0866317786e-02,7.3631832790e-01,2.1468084403e-01,1.9195375042e-02,3.6659044863e-04,1.5776971229e-02,2.0088926962e+00
6.3150000000e+02,2.8103523724e-03,1.0937137123e-02,7.3687023283e-01,2.1397058259e-01,1.9219954823e-02,3.6547678409e-04,1.5826263475e-02,2.0088615097e+00
6.3200000000e+02,2.8205858958e-03,1.1083162350e-02,7.3658502152e-01,2.1409126895e-01,1.9184546371e-02,3.6489079146e-04,1.5870524116e-02,2.0104164129e+00
6.3250000000e+02,2.8187201626e-03,1.1067081649e-02,7.3755646851e-01,2.1341294330e-01,1.9006844377e-02,3.6009810781e-04,1.5777843898e-02,2.0054783263e+00
6.3300000000e+02,2.8130098454e-03,1.1103512759e-02,7.3786065327e-01,2.1336137185e-01,1.8876476573e-02,3.5781816663e-04,1.5627157536e-02,2.0011806159e+00
6.3350000000e+02,2.8107979550e-03,1.1126060730e-02,7.3902610311e-01,2.1230434025e-01,1.8805163566e-02,3.5439372830e-04,1.5573140662e-02,1.9968186340e+00
6.3400000000e+02,2.8063986467e-03,1.1113299483e-02,7.3865588601e-01,2.1281028551e-01,1.8714573784e-02,3.5141260532e-04,1.5548143962e-02,1.9950458794e+00
6.3450000000e+02,2.8308869530e-03,1.1158505399e-02,7.3905972748e-01,2.1258047115e-01,1.8686654170e-02,3.4905871682e-04,1.5334696134e-02,1.9928218686e+00
6.3500000000e+02,2.8541086649e-03,1.1119117712e-02,7.3890854159e-01,2.1301783779e-01,1.8503760585e-02,3.4326770223e-04,1.5253365962e-02,1.9904264490e+00
6.3550000000e+02,2.8603491970e-03,1.1051515745e-02,7.3950919424e-01,2.1275479877e-01,1.8279316645e-02,3.4298047974e-04,1.5201844920e-02,1.9858935033e+00
6.3600000000e+02,2.8757210625e-03,1.1159918933e-02,7.4044311843e-01,2.1171624162e-01,1.8153145682e-02,3.4595040869e-04,1.5305903868e-02,1.9853363665e+00
6.3650000000e+02,2.8898466890e-03,1.1125631494e-02,7.4008416087e-01,2.1230761412e-01,1.8030430632e-02,3.4253855411e-04,1.5219777644e-02,1.9835435132e+00
6.3700000000e+02,2.8928859032e-03,1.1184125652e-02,7.3961220957e-01,2.1250809885e-01,1.8149583140e-02,3.4041762443e-04,1.5312679260e-02,1.9863948131e+00
6.3750000000e+02,2.8899762493e-03,1.1179134474e-02,7.4057596384e-01,2.1165302757e-01,1.8187594458e-02,3.3872168763e-04,1.5175581728e-02,1.9840932127e+00
6.3800000000e+02,2.8926675745e-03,1.1109523923e-02,7.4157167672e-01,2.1102991019e-01,1.7995788567e-02,3.3328146450e-04,1.5067151555e-02,1.9779667891e+00
6.3850000000e+02,2.8904404785e-03,1.1186078993e-02,7.4255676833e-01,2.1015980580e-01,1.7851894261e-02,3.2851537551e-04,1.5026496758e-02,1.9749465221e+00
6.3900000000e+02,2.9166551438e-03,1.1162492552e-02,7.4230915074e-01,2.1025547577e-01,1.7889217227e-02,3.2867387523e-04,1.5138334698e-02,1.9759619904e+00
6.3950000000e+02,2.9250470395e-03,1.1224489204e-02,7.4249803186e-01,2.1019953532e-01,1.7853417766e-02,3.2343620123e-04,1.4976042610e-02,1.9744990718e+00
6.4000000000e+02,2.9425415825e-03,1.1226576319e-02,7.4237988629e-01,2.1054380791e-01,1.7709771560e-02,3.2164385508e-04,1.4875772492e-02,1.9726023970e+00
6.4050000000e+02,2.9527757187e-03,1.1236375399e-02,7.4296646908e-01,2.1015882327e-01,1.7612544364e-02,3.1542293483e-04,1.4757589230e-02,1.9702886676e+00
6.4100000000e+02,2.9668614163e-03,1.1310054614e-02,7.4322523698e-01,2.0995351270e-01,1.7544743542e-02,3.1580075467e-04,1.4683789985e-02,1.9695996499e+00
6.4150000000e+02,2.9669266001e-03,1.1386144416e-02,7.4359249442e-01,2.0965894155e-01,1.7429506511e-02,3.1170142405e-04,1.4654285078e-02,1.9685761950e+00
6.4200000000e+02,2.9641792267e-03,1.1323537571e-02,7.4339608407e-01,2.1009431249e-01,1.7371746249e-02,3.0988864269e-04,1.4540251751e-02,1.9663881163e+00
6.4250000000e+02,2.9825783819e-03,1.1397934210e-02,7.4287855926e-01,2.1046277156e-01,1.7499602922e-02,3.1043000818e-04,1.4468123654e-02,1.9690135952e+00
6.4300000000e+02,2.9795763427e-03,1.1377666824e-02,7.4324253530e-01,2.1007329914e-01,1.7626930790e-02,3.0563807600e-04,1.4394353531e-02,1.9682791950e+00
6.4350000000e+02,2.9692941566e-03,1.1351215349e-02,7.4441338885e-01,2.0924468525e-01,1.7517278614e-02,3.0010132612e-04,1.4204036459e-02,1.9629133681e+00
6.4400000000e+02,2.9653585703e-03,1.1437406170e-02,7.4430206145e-01,2.0955698778e-01,1.7453419063e-02,2.9558821629e-04,1.3989178741e-02,1.9620385729e+00
6.4450000000e+02,2.9734249177e-03,1.1405588279e-02,7.4477206211e-01,2.0928709060e-01,1.7397014325e-02,2.9281231300e-04,1.3872007451e-02,1.9589817730e+00
6.4500000000e+02,2.9640777449e-03,1.1386839964e-02,7.4652135096e-01,2.0767122922e-01,1.7417123115e-02,2.9172052724e-04,1.3747658471e-02,1.9552431537e+00
6.4550000000e+02,2.9642832200e-03,1.1378166808e-02,7.4759877156e-01,2.0680165403e-01,1.7415260144e-02,2.9146019639e-04,1.3550404041e-02,1.9510875340e+00
6.4600000000e+02,2.9364650903e-03,1.1403322895e-02,7.4896620152e-01,2.0550701759e-01,1.7435933806e-02,2.9000679078e-04,1.3461052301e-02,1.9474008950e+00
6.4650000000e+02,2.9506427894e-03,1.1356358677e-02,7.4950426310e-01,2.0507075404e-01,1.7419915318e-02,2.8989227225e-04,1.3408173812e-02,1.9456127449e+00
6.4700000000e+02,2.9764069392e-03,1.1457473792e-02,7.4987726175e-01,2.0455879583e-01,1.7445194077e-02,2.8748229094e-04,1.3397385317e-02,1.9472840017e+00
6.4750000000e+02,2.9763225101e-03,1.1499780404e-02,7.5033972579e-01,2.0418508461e-01,1.7336684406e-02,2.8476655843e-04,1.3377635715e-02,1.9456653467e+00
6.4800000000e+02,2.9685778342e-03,1.1470498773e-02,7.5209334241e-01,2.0265182135e-01,1.7232126337e-02,2.8131423238e-04,1.3302319060e-02,1.9402163216e+00
6.4850000000e+02,2.9773098892e-03,1.1399156329e-02,7.5232768004e-01,2.0250417654e-01,1.7202568813e-02,2.7985922635e-04,1.3309249165e-02,1.9388076895e+00
6.4900000000e+02,3.0030427781e-03,1.1346336374e-02,7.5309108726e-01,2.0205287519e-01,1.7067516491e-02,2.7840061943e-04,1.3160741290e-02,1.9335636553e+00
6.4950000000e+02,3.0145968834e-03,1.1377484861e-02,7.5460952867e-01,2.0062784461e-01,1.7024938972e-02,2.7815279182e-04,1.3067453208e-02,1.9293256036e+00
6.5000000000e+02,3.0343019142e-03,1.1421960160e-02,7.5466271906e-01,2.0048672112e-01,1.7065382584e-02,2.7821609973e-04,1.3050699065e-02,1.9305636685e+00
6.5050000000e+02,3.0629980950e-03,1.1431753887e-02,7.5538275340e-01,2.0000831130e-01,1.6981553968e-02,2.7713997904e-04,1.2855489373e-02,1.9279054548e+00
6.5100000000e+02,3.0613285831e-03,1.1436161378e-02,7.5468462132e-01,2.0085171685e-01,1.6910778294e-02,2.7841796335e-04,1.2776975616e-02,1.9274496793e+00
6.5150000000e+02,3.0703441344e-03,1.1403441969e-02,7.5605808497e-01,1.9979366588e-01,1.6720112573e-02,2.7965821195e-04,1.2674692259e-02,1.9239098524e+00
6.5200000000e+02,3.0888486984e-03,1.1419980814e-02,7.5665094583e-01,1.9925953236e-01,1.6754070604e-02,2.7956067406e-04,1.2547061013e-02,1.9229731383e+00
6.5250000000e+02,3.1219166711e-03,1.1501732280e-02,7.5725739156e-01,1.9863525434e-01,1.6773633409e-02,2.7985255922e-04,1.2430219186e-02,1.9237069564e+00
6.5300000000e+02,3.1158998860e-03,1.1447545897e-02,7.5774654399e-01,1.9844686177e-01,1.6669870643e-02,2.7971855266e-04,1.2293559264e-02,1.9200612556e+00
6.5350000000e+02,3.1593685885e-03,1.1539285919e-02,7.5827632582e-01,1.9803981698e-01,1.6609470359e-02,2.7845779748e-04,1.2097274533e-02,1.9184765749e+00
6.5400000000e+02,3.1739466708e-03,1.1581714958e-02,7.5821461599e-01,1.9825390293e-01,1.6553955910e-02,2.8139253869e-04,1.1940471000e-02,1.9178108539e+00
6.5450000000e+02,3.1751637515e-03,1.1594107706e-02,7.5734562118e-01,1.9901523603e-01,1.6611447483e-02,2.8212971067e-04,1.1976294137e-02,1.9203645607e+00
6.5500000000e+02,3.2050824407e-03,1.1632239283e-02,7.5729691592e-01,1.9894745316e-01,1.6661026626e-02,2.8589212502e-04,1.1971390445e-02,1.9225754064e+00
6.5550000000e+02,3.2038064841e-03,1.1663163598e-02,7.5870122562e-01,1.9765055549e-01,1.6567452611e-02,2.8592363942e-04,1.1927872559e-02,1.9180750691e+00
6.5600000000e+02,3.2295061133e-03,1.1680753746e-02,7.5952669480e-01,1.9691655420e-01,1.6484909515e-02,2.8911497544e-04,1.1872466643e-02,1.9162734377e+00
6.5650000000e+02,3.2706274125e-03,1.1733841965e-02,7.5927361946e-01,1.9711259704e-01,1.6443317446e-02,2.9212548096e-04,1.1873871198e-02,1.9189004128e+00
6.5700000000e+02,3.2805158759e-03,1.1733314069e-02,7.5999856814e-01,1.9622537515e-01,1.6598655785e-02,2.9563800126e-04,1.1867932983e-02,1.9199807258e+00
6.5750000000e+02,3.2993403523e-03,1.1793117434e-02,7.5957770919e-01,1.9646548879e-01,1.6618218060e-02,2.9727132218e-04,1.1948854852e-02,1.9236891464e+00
6.5800000000e+02,3.2861227897e-03,1.1754823180e-02,7.5970235855e-01,1.9643116587e-01,1.6661687563e-02,2.9855299174e-04,1.1865289054e-02,1.9211252873e+00
6.5850000000e+02,3.2948498764e-03,1.1718449835e-02,7.6091880302e-01,1.9541832766e-01,1.6620493976e-02,3.0019717148e-04,1.1728878465e-02,1.9164394998e+00
6.5900000000e+02,3.3149961397e-03,1.1801703450e-02,7.6096860749e-01,1.9508524409e-01,1.6772706446e-02,3.0234984410e-04,1.1754392541e-02,1.9192818554e+00
6.5950000000e+02,3.3149554494e-03,1.1865129912e-02,7.5993341854e-01,1.9607495942e-01,1.6808690735e-02,3.0429007843e-04,1.1698555873e-02,1.9226706678e+00
6.6000000000e+02,3.3278903214e-03,1.1824897526e-02,7.6098339400e-01,1.9518733237e-01,1.6726291787e-02,3.0238048490e-04,1.1647813515e-02,1.9190368807e+00
6.6050000000e+02,3.3803553842e-03,1.1924943753e-02,7.6103058006e-01,1.9508155038e-01,1.6696431080e-02,3.0805153466e-04,1.1578087806e-02,1.9214768715e+00
6.6100000000e+02,3.4270276948e-03,1.2070999981e-02,7.6008873995e-01,1.9585108177e-01,1.6710215556e-02,3.1134571162e-04,1.1540589342e-02,1.9264691777e+00
6.6150000000e+02,3.4177254638e-03,1.2185470035e-02,7.6086319848e-01,1.9490285224e-01,1.6670399155e-02,3.1184441170e-04,1.1648510217e-02,1.9267154667e+00
6.6200000000e+02,3.4284655132e-03,1.2294939406e-02,7.6289709186e-01,1.9282273718e-01,1.6610561694e-02,3.1342462209e-04,1.1632779732e-02,1.9240485433e+00
6.6250000000e+02,3.4559726985e-03,1.2271998615e-02,7.6280039079e-01,1.9301762411e-01,1.6606219373e-02,3.1522969164e-04,1.1532564715e-02,1.9245065055e+00
6.6300000000e+02,3.4828018051e-03,1.2317508930e-02,7.6456378165e-01,1.9114566035e-01,1.6682362753e-02,3.2005060449e-04,1.1487833907e-02,1.9234494250e+00
6.6350000000e+02,3.5019868424e-03,1.2336428028e-02,7.6576279430e-01,1.9005840617e-01,1.6578213880e-02,3.2322495265e-04,1.1438945830e-02,1.9220901547e+00
6.6400000000e+02,3.5243708939e-03,1.2380210220e-02,7.6772819230e-01,1.8830529769e-01,1.6381363243e-02,3.2457949167e-04,1.1355986168e-02,1.9176999897e+00
6.6450000000e+02,3.5256682305e-03,1.2426064659e-02,7.6789541161e-01,1.8818861171e-01,1.6388039315e-02,3.2568355631e-04,1.1250520921e-02,1.9187054744e+00
6.6500000000e+02,3.5270013706e-03,1.2352141554e-02,7.6785752400e-01,1.8833838885e-01,1.6319244117e-02,3.3084088709e-04,1.1274859215e-02,1.9173298717e+00
6.6550000000e+02,3.5481885981e-03,1.2329149734e-02,7.6751867928e-01,1.8879354745e-01,1.6241252055e-02,3.3799177204e-04,1.1231191106e-02,1.9181376524e+00
6.6600000000e+02,3.5424663220e-03,1.2279421761e-02,7.6804198571e-01,1.8852388403e-01,1.6145869100e-02,3.4023262294e-04,1.1126140454e-02,1.9145784922e+00
6.6650000000e+02,3.5370800412e-03,1.2122583977e-02,7.6826562716e-01,1.8859363747e-01,1.6067983782e-02,3.4445855579e-04,1.1068629014e-02,1.9110753431e+00
6.6700000000e+02,3.5361362274e-03,1.2209329545e-02,7.6758483905e-01,1.8939919215e-01,1.5987576724e-02,3.4915745693e-04,1.0933768851e-02,1.9112821098e+00
6.6750000000e+02,3.5420415139e-03,1.2170203716e-02,7.6773751080e-01,1.8931828465e-01,1.5992082961e-02,3.5292120824e-04,1.0886955149e-02,1.9103126092e+00
6.6800000000e+02,3.5484000072e-03,1.2220210627e-02,7.6863213244e-01,1.8842732937e-01,1.5989204114e-02,3.5527194713e-04,1.0827451492e-02,1.9095833338e+00
6.6850000000e+02,3.5626352676e-03,1.2263888300e-02,7.6804196714e-01,1.8902014868e-01,1.5985213482e-02,3.5796153646e-04,1.0768185599e-02,1.9106333578e+00
6.6900000000e+02,3.5647461771e-03,1.2251643528e-02,7.6869161410e-01,1.8848101900e-01,1.5908900108e-02,3.6178821093e-04,1.0740288879e-02,1.9077898313e+00
6.6950000000e+02,3.5780446304e-03,1.2246884130e-02,7.6860407273e-01,1.8862167704e-01,1.5905021335e-02,3.6261033268e-04,1.0681689805e-02,1.9074768279e+00
6.7000000000e+02,3.5948709570e-03,1.2347057032e-02,7.6830493861e-01,1.8866988735e-01,1.6032461409e-02,3.6610505867e-04,1.0684679583e-02,1.9107292069e+00
6.7050000000e+02,3.5915758678e-03,1.2327775334e-02,7.6827436367e-01,1.8874567510e-01,1.5993934316e-02,3.6803942119e-04,1.0698636287e-02,1.9097501481e+00
6.7100000000e+02,3.6037334114e-03,1.2205244609e-02,7.6844046955e-01,1.8880869281e-01,1.5956141475e-02,3.6856770117e-04,1.0617150445e-02,1.9067170533e+00
6.7150000000e+02,3.6141545317e-03,1.2247185133e-02,7.6885391508e-01,1.8831070955e-01,1.6013410155e-02,3.7408071756e-04,1.0586544831e-02,1.9066706719e+00
6.7200000000e+02,3.6538194773e-03,1.2277012270e-02,7.6815801716e-01,1.8883385957e-01,1.6007022988e-02,3.8231253709e-04,1.0687955996e-02,1.9106119823e+00
6.7250000000e+02,3.6844031454e-03,1.2264726788e-02,7.6661480759e-01,1.9044950490e-01,1.5937210840e-02,3.8765086593e-04,1.0661695876e-02,1.9137111748e+00
6.7300000000e+02,3.6755818715e-03,1.2275992240e-02,7.6733971267e-01,1.8975692412e-01,1.5913224212e-02,3.9004964747e-04,1.0648515230e-02,1.9120070679e+00
6.7350000000e+02,3.6775894480e-03,1.2288092352e-02,7.6780509129e-01,1.8929811135e-01,1.5920167049e-02,3.9378106959e-04,1.0617167439e-02,1.9116941196e+00
6.7400000000e+02,3.7058295071e-03,1.2301257221e-02,7.6738864823e-01,1.8964671382e-01,1.5863880367e-02,3.9612858913e-04,1.0697542272e-02,1.9135179788e+00
6.7450000000e+02,3.7324243117e-03,1.2318126102e-02,7.6727212542e-01,1.8976631329e-01,1.5886366598e-02,3.9717109592e-04,1.0627473185e-02,1.9154447575e+00
6.7500000000e+02,3.7179815363e-03,1.2380733351e-02,7.6653721827e-01,1.9055486007e-01,1.5877586051e-02,3.9931271912e-04,1.0532307996e-02,1.9160676347e+00
6.7550000000e+02,3.7086666715e-03,1.2384968162e-02,7.6747815703e-01,1.8975413608e-01,1.5749281224e-02,4.0169404202e-04,1.0523096792e-02,1.9141641305e+00
6.7600000000e+02,3.6688033710e-03,1.2307957691e-02,7.6753732993e-01,1.8984597008e-01,1.5717861528e-02,4.0311143903e-04,1.0518965958e-02,1.9114026388e+00
6.7650000000e+02,3.7099145946e-03,1.2382206571e-02,7.6645100616e-01,1.9079698994e-01,1.5662841204e-02,4.0742025316e-04,1.0589621272e-02,1.9161694818e+00
6.7700000000e+02,3.7113116335e-03,1.2387856717e-02,7.6572700040e-01,1.9149482695e-01,1.5677293477e-02,4.0986565316e-04,1.0591845166e-02,1.9187117405e+00
6.7750000000e+02,3.7046219722e-03,1.2351773063e-02,7.6620097786e-01,1.9110930461e-01,1.5747565381e-02,4.0762752432e-04,1.0478129593e-02,1.9181438373e+00
6.7800000000e+02,3.7326919037e-03,1.2440763452e-02,7.6404513224e-01,1.9316831643e-01,1.5781449918e-02,4.1478976499e-04,1.0416856300e-02,1.9242071625e+00
6.7850000000e+02,3.7281231365e-03,1.2487401287e-02,7.6309986315e-01,1.9409952666e-01,1.5736169546e-02,4.1900141666e-04,1.0429914805e-02,1.9263606887e+00
6.7900000000e+02,3.7669062891e-03,1.2553529176e-02,7.6187165816e-01,1.9525136374e-01,1.5747881014e-02,4.2233451993e-04,1.0386327095e-02,1.9300726778e+00
6.7950000000e+02,3.7789328840e-03,1.2560591252e-02,7.6189040432e-01,1.9511839838e-01,1.5811931380e-02,4.2357566028e-04,1.0416166125e-02,1.9323002802e+00
6.8000000000e+02,3.7823019225e-03,1.2503460073e-02,7.6365118484e-01,1.9348819920e-01,1.5717927242e-02,4.2690835153e-04,1.0430018373e-02,1.9292625990e+00
6.8050000000e+02,3.7952038227e-03,1.2533578821e-02,7.6362382034e-01,1.9338442700e-01,1.5721626611e-02,4.2526658849e-04,1.0516076810e-02,1.9316666549e+00
6.8100000000e+02,3.7716604705e-03,1.2574033477e-02,7.6351156233e-01,1.9351317958e-01,1.5726122167e-02,4.2603915988e-04,1.0477402816e-02,1.9305646520e+00
6.8150000000e+02,3.8109777825e-03,1.2573001904e-02,7.6406498132e-01,1.9307093896e-01,1.5545407514e-02,4.3148983316e-04,1.0503202681e-02,1.9299532073e+00
6.8200000000e+02,3.8370253423e-03,1.2527552701e-02,7.6581727467e-01,1.9149902918e-01,1.5461217045e-02,4.3419709161e-04,1.0423703976e-02,1.9253708663e+00
6.8250000000e+02,3.8458208153e-03,1.2490074252e-02,7.6615108552e-01,1.9133377381e-01,1.5360665132e-02,4.3402141964e-04,1.0384559047e-02,1.9227579992e+00
6.8300000000e+02,3.8363861572e-03,1.2538023279e-02,7.6767678635e-01,1.8976398013e-01,1.5405267501e-02,4.3339715754e-04,1.0346159426e-02,1.9205476194e+00
6.8350000000e+02,3.8277634769e-03,1.2543211326e-02,7.6741145471e-01,1.9004187546e-01,1.5403474901e-02,4.3429522793e-04,1.0337924901e-02,1.9210211409e+00
6.8400000000e+02,3.8472354390e-03,1.2542675210e-02,7.6767211609e-01,1.8971669491e-01,1.5449302220e-02,4.4035451567e-04,1.0331621612e-02,1.9211956216e+00
6.8450000000e+02,3.8040171915e-03,1.2505444459e-02,7.6777890916e-01,1.8984566332e-01,1.5379055363e-02,4.4196814386e-04,1.0244942360e-02,1.9193746887e+00
6.8500000000e+02,3.7830181007e-03,1.2411093685e-02,7.6856867738e-01,1.8933270623e-01,1.5247265870e-02,4.3868425515e-04,1.0218554480e-02,1.9150186023e+00
6.8550000000e+02,3.7733920521e-03,1.2341790699e-02,7.6882719261e-01,1.8918436727e-01,1.5261590844e-02,4.3949883676e-04,1.0172167684e-02,1.9122447945e+00
6.8600000000e+02,3.7770655444e-03,1.2380016334e-02,7.6989599995e-01,1.8803071884e-01,1.5308968093e-02,4.4266798714e-04,1.0164563252e-02,1.9111276596e+00
6.8650000000e+02,3.8097402358e-03,1.2439391924e-02,7.6966018598e-01,1.8820393303e-01,1.5245580312e-02,4.4489876325e-04,1.0196269755e-02,1.9125174100e+00
6.8700000000e+02,3.8116178206e-03,1.2423782151e-02,7.6874569067e-01,1.8909996240e-01,1.5295152571e-02,4.4711117087e-04,1.0176683219e-02,1.9155470017e+00
6.8750000000e+02,3.8178144710e-03,1.2379969056e-02,7.7035987544e-01,1.8751072768e-01,1.5272152623e-02,4.4470956141e-04,1.0214751169e-02,1.9120046523e+00
6.8800000000e+02,3.7937445758e-03,1.2349478308e-02,7.7138708139e-01,1.8665777310e-01,1.5168662171e-02,4.4423611774e-04,1.0199024340e-02,1.9073419435e+00
6.8850000000e+02,3.8046254011e-03,1.2322308774e-02,7.7029205282e-01,1.8780362897e-01,1.5164679446e-02,4.4094278435e-04,1.0171761799e-02,1.9100967505e+00
6.8900000000e+02,3.8172315425e-03,1.2219499555e-02,7.7171175782e-01,1.8659956697e-01,1.5057288925e-02,4.3729328270e-04,1.0157361912e-02,1.9054256743e+00
6.8950000000e+02,3.7913961590e-03,1.2164591990e-02,7.7351241809e-01,1.8510147221e-01,1.4886438616e-02,4.3541668784e-04,1.0108266242e-02,1.8984094017e+00
6.9000000000e+02,3.7999273247e-03,1.2182476410e-02,7.7441152185e-01,1.8405087481e-01,1.4968762098e-02,4.3949066497e-04,1.0146946845e-02,1.8976391117e+00
6.9050000000e+02,3.8070231486e-03,1.2150300554e-02,7.7619742522e-01,1.8237997356e-01,1.4940926219e-02,4.3529869484e-04,1.0089052604e-02,1.8921784559e+00
6.9100000000e+02,3.7870100381e-03,1.2082508794e-02,7.7761651988e-01,1.8105134467e-01,1.4966019816e-02,4.3730345180e-04,1.0059293355e-02,1.8885410902e+00
6.9150000000e+02,3.8003092945e-03,1.2092589015e-02,7.7691596300e-01,1.8156761013e-01,1.5060331089e-02,4.3973634630e-04,1.0123461132e-02,1.8928735064e+00
6.9200000000e+02,3.8183319801e-03,1.2190503550e-02,7.7605355693e-01,1.8227945326e-01,1.5014976458e-02,4.4424753634e-04,1.0198930285e-02,1.8964410099e+00
6.9250000000e+02,3.8508873563e-03,1.2204953109e-02,7.7662318194e-01,1.8168221268e-01,1.5044350520e-02,4.4719849921e-04,1.0147215890e-02,1.8966043195e+00
6.9300000000e+02,3.8641241587e-03,1.2236957743e-02,7.7656226762e-01,1.8178258502e-01,1.4957001745e-02,4.4795997088e-04,1.0149103748e-02,1.8968826178e+00
6.9350000000e+02,3.8811300769e-03,1.2203966409e-02,7.7597597769e-01,1.8250334071e-01,1.4930490181e-02,4.4893732499e-04,1.0056157616e-02,1.8971889797e+00
6.9400000000e+02,3.9018521745e-03,1.2224096963e-02,7.7579046987e-01,1.8266558895e-01,1.4895150297e-02,4.5224620929e-04,1.0070595537e-02,1.8991460195e+00
6.9450000000e+02,3.9136992754e-03,1.2265524589e-02,7.7530351401e-01,1.8307194335e-01,1.4889597398e-02,4.5673907609e-04,1.0098982301e-02,1.9017288787e+00
6.9500000000e+02,3.9019222763e-03,1.2246492389e-02,7.7574515138e-01,1.8263667167e-01,1.4912575870e-02,4.5762257734e-04,1.0099563842e-02,1.9009972312e+00
6.9550000000e+02,3.8912197132e-03,1.2281690715e-02,7.7611905287e-01,1.8232113577e-01,1.4897922363e-02,4.5381039137e-04,1.0035168179e-02,1.8988958023e+00
6.9600000000e+02,3.9032585985e-03,1.2347507479e-02,7.7646137724e-01,1.8179829187e-01,1.5009694745e-02,4.6092948171e-04,1.0018940584e-02,1.9009255040e+00
6.9650000000e+02,3.8963606143e-03,1.2393381770e-02,7.7738253073e-01,1.8075110088e-01,1.5039315033e-02,4.6087125571e-04,1.0076439720e-02,1.9005444010e+00
6.9700000000e+02,3.9075995883e-03,1.2378491994e-02,7.7867852228e-01,1.7953772425e-01,1.4958444134e-02,4.5956242337e-04,1.0079655335e-02,1.8984945644e+00
6.9750000000e+02,3.9129547703e-03,1.2363261655e-02,7.7827579785e-01,1.7993017880e-01,1.4983531897e-02,4.5728814530e-04,1.0076986880e-02,1.9002746871e+00
6.9800000000e+02,3.9393261406e-03,1.2398698039e-02,7.7865177690e-01,1.7952857872e-01,1.4949369384e-02,4.5979563522e-04,1.0072455182e-02,1.9011687330e+00
6.9850000000e+02,3.9511428287e-03,1.2489511881e-02,7.7760376436e-01,1.8035789912e-01,1.5019193923e-02,4.6106707042e-04,1.0117420815e-02,1.9056410096e+00
6.9900000000e+02,3.9551741881e-03,1.2458305700e-02,7.7785768055e-01,1.8014806421e-01,1.5016390128e-02,4.6312709804e-04,1.0101258129e-02,1.9045670805e+00
6.9950000000e+02,3.9240276421e-03,1.2379829456e-02,7.7799879984e-01,1.8032755521e-01,1.4926713695e-02,4.6170347133e-04,9.9813706763e-03,1.8991375033e+00
7.0000000000e+02,3.9213783559e-03,1.2332522439e-02,7.7843741029e-01,1.7994018464e-01,1.4956913714e-02,4.6571970018e-04,9.9458708609e-03,1.8970114433e+00
7.0050000000e+02,3.9539900794e-03,1.2361134066e-02,7.7807499305e-01,1.8029330972e-01,1.4884977865e-02,4.7038924122e-04,9.9612059770e-03,1.8992062111e+00
7.0100000000e+02,3.9612534206e-03,1.2328929472e-02,7.7799268194e-01,1.8035360514e-01,1.4943853391e-02,4.6984358355e-04,9.9498330493e-03,1.8985483601e+00
7.0150000000e+02,3.9450444910e-03,1.2310344907e-02,7.7824731947e-01,1.8018314057e-01,1.4919961012e-02,4.7021182858e-04,9.9239777226e-03,1.8965257978e+00
7.0200000000e+02,3.9196486236e-03,1.2247021353e-02,7.7810260387e-01,1.8038134959e-01,1.4997149182e-02,4.6582476382e-04,9.8864026215e-03,1.8958950132e+00
7.0250000000e+02,3.9344961197e-03,1.2326366573e-02,7.7788028227e-01,1.8055955030e-01,1.4941113124e-02,4.6771463081e-04,9.8904769855e-03,1.8981323805e+00
7.0300000000e+02,3.9185673811e-03,1.2312870109e-02,7.7910723615e-01,1.7947788426e-01,1.4891289817e-02,4.7018099730e-04,9.8219712864e-03,1.8929978790e+00
7.0350000000e+02,3.9327080071e-03,1.2269502315e-02,7.7973393520e-01,1.7899316595e-01,1.4843032338e-02,4.7208199429e-04,9.7555741899e-03,1.8902980931e+00
7.0400000000e+02,3.9652662397e-03,1.2276124587e-02,7.7954902062e-01,1.7901171410e-01,1.4928985840e-02,4.7226890700e-04,9.7966197071e-03,1.8937486839e+00
7.0450000000e+02,3.9576517106e-03,1.2236923390e-02,7.7885364156e-01,1.7976948731e-01,1.4953022815e-02,4.7160260620e-04,9.7576706101e-03,1.8948335048e+00
7.0500000000e+02,3.9705643127e-03,1.2185710344e-02,7.7803045720e-01,1.8083651914e-01,1.4842512092e-02,4.6904550586e-04,9.6651914056e-03,1.8948390938e+00
7.0550000000e+02,3.9989842628e-03,1.2189376888e-02,7.7827213538e-01,1.8050296051e-01,1.4873339580e-02,4.7038498827e-04,9.6928183968e-03,1.8952086436e+00
7.0600000000e+02,4.0524832651e-03,1.2198209087e-02,7.7867042524e-01,1.7997793933e-01,1.4915639037e-02,4.6855176467e-04,9.7167522807e-03,1.8980033372e+00
7.0650000000e+02,4.0798574208e-03,1.2207478597e-02,7.7962293740e-01,1.7915746316e-01,1.4793911954e-02,4.6913807379e-04,9.6692133954e-03,1.8967777973e+00
7.0700000000e+02,4.1111292847e-03,1.2262952516e-02,7.7970437537e-01,1.7891920659e-01,1.4808440128e-02,4.7367317089e-04,9.7202229454e-03,1.8991786378e+00
7.0750000000e+02,4.1278331115e-03,1.2174218936e-02,7.8051522410e-01,1.7810681115e-01,1.4889587839e-02,4.7799972311e-04,9.7083251464e-03,1.8988504614e+00
7.0800000000e+02,4.1145092509e-03,1.2093334543e-02,7.8026154741e-01,1.7831658168e-01,1.5008305123e-02,4.8434425184e-04,9.7213777340e-03,1.8996539988e+00
7.0850000000e+02,4.1285977792e-03,1.2128099479e-02,7.7861019077e-01,1.7992356977e-01,1.4967606604e-02,4.8626695449e-04,9.7556686432e-03,1.9055695776e+00
7.0900000000e+02,4.1159066728e-03,1.2096050539e-02,7.7849751499e-01,1.8009368864e-01,1.4992292461e-02,4.8698829011e-04,9.7175584123e-03,1.9056422645e+00
7.0950000000e+02,4.1121643173e-03,1.2148874007e-02,7.7813791392e-01,1.8041224621e-01,1.5004511529e-02,4.9103355093e-04,9.6932564696e-03,1.9076077934e+00
7.1000000000e+02,4.1254368889e-03,1.2268170319e-02,7.7758371882e-01,1.8077140048e-01,1.5037706268e-02,4.9599450699e-04,9.7175727177e-03,1.9123783215e+00
7.1050000000e+02,4.0998158483e-03,1.2226294564e-02,7.7770629930e-01,1.8096868147e-01,1.4901219649e-02,4.9845468906e-04,9.5992344796e-03,1.9082045197e+00
7.1100000000e+02,4.0677773740e-03,1.2180729055e-02,7.7790605330e-01,1.8091254519e-01,1.4866087800e-02,4.9910619646e-04,9.5677010836e-03,1.9060621552e+00
7.1150000000e+02,4.0526181044e-03,1.2162094062e-02,7.7884105605e-01,1.8010459418e-01,1.4746485561e-02,5.0176892480e-04,9.5913831137e-03,1.9037178157e+00
7.1200000000e+02,4.0602376018e-03,1.2241389769e-02,7.7844431470e-01,1.8054630418e-01,1.4652319949e-02,5.0797947537e-04,9.5474543303e-03,1.9058626571e+00
7.1250000000e+02,4.0687675843e-03,1.2277014778e-02,7.7762276651e-01,1.8120475937e-01,1.4710416260e-02,5.0892028683e-04,9.6073552097e-03,1.9087069080e+00
7.1300000000e+02,4.0546082762e-03,1.2193376427e-02,7.7771767628e-01,1.8128013711e-01,1.4633318315e-02,5.0877038456e-04,9.6121132103e-03,1.9061584788e+00
7.1350000000e+02,4.0541337864e-03,1.2212863240e-02,7.7752569129e-01,1.8153509429e-01,1.4606292245e-02,5.1270650348e-04,9.5532186443e-03,1.9062482740e+00
7.1400000000e+02,4.0679027411e-03,1.2297690693e-02,7.7663464602e-01,1.8232318159e-01,1.4648121711e-02,5.1432704856e-04,9.5141302038e-03,1.9095376989e+00
7.1450000000e+02,4.0803316814e-03,1.2319196523e-02,7.7586912594e-01,1.8295985676e-01,1.4650816056e-02,5.1879727330e-04,9.6018757635e-03,1.9124152889e+00
7.1500000000e+02,4.0732591793e-03,1.2350748949e-02,7.7620626142e-01,1.8252543053e-01,1.4674603997e-02,5.2219918830e-04,9.6474967299e-03,1.9123796968e+00
7.1550000000e+02,4.0588094417e-03,1.2453501296e-02,7.7606782859e-01,1.8243006905e-01,1.4777167740e-02,5.2851801823e-04,9.6841058641e-03,1.9161026448e+00
7.1600000000e+02,4.0561860589e-03,1.2480259268e-02,7.7567282280e-01,1.8267778319e-01,1.4844097999e-02,5.3042326536e-04,9.7384274159e-03,1.9197357234e+00
7.1650000000e+02,4.0530654607e-03,1.2517953409e-02,7.7609993012e-01,1.8210085226e-01,1.4835601617e-02,5.3039206256e-04,9.8622050733e-03,1.9204783600e+00
7.1700000000e+02,4.0746474483e-03,1.2676649834e-02,7.7476615346e-01,1.8329327065e-01,1.4812328221e-02,5.3333273630e-04,9.8436176508e-03,1.9255930650e+00
7.1750000000e+02,4.1073648456e-03,1.2754385763e-02,7.7445038250e-01,1.8337044462e-01,1.4898607006e-02,5.3815418293e-04,9.8806610832e-03,1.9303314771e+00
7.1800000000e+02,4.1387905019e-03,1.2855578105e-02,7.7353266062e-01,1.8394348594e-01,1.5007646850e-02,5.4398193947e-04,9.9778560464e-03,1.9362904226e+00
7.1850000000e+02,4.1544024956e-03,1.2877756362e-02,7.7205606469e-01,1.8528519961e-01,1.5038502855e-02,5.4957170421e-04,1.0038502275e-02,1.9409908269e+00
7.1900000000e+02,4.1650332578e-03,1.3028119983e-02,7.7165599498e-01,1.8562327200e-01,1.4915915047e-02,5.5545209482e-04,1.0056212639e-02,1.9435126310e+00
7.1950000000e+02,4.1623787102e-03,1.2950445980e-02,7.7205875367e-01,1.8547537982e-01,1.4855979449e-02,5.5277233215e-04,9.9442900403e-03,1.9399151097e+00
7.2000000000e+02,4.1523796436e-03,1.2960071838e-02,7.7211996983e-01,1.8558172641e-01,1.4754041808e-02,5.5183049600e-04,9.8799799715e-03,1.9384586912e+00
7.2050000000e+02,4.1391026061e-03,1.3004034998e-02,7.7185666660e-01,1.8589290049e-01,1.4707871583e-02,5.5082455749e-04,9.8485991677e-03,1.9384378868e+00
7.2100000000e+02,4.1771451341e-03,1.3138396439e-02,7.7106406692e-01,1.8639822957e-01,1.4720609066e-02,5.5489567978e-04,9.9466571922e-03,1.9440534342e+00
7.2150000000e+02,4.1556048057e-03,1.3191628389e-02,7.7184385527e-01,1.8565423168e-01,1.4701702086e-02,5.5621398569e-04,9.8967637873e-03,1.9420473433e+00
7.2200000000e+02,4.1786816242e-03,1.3165877657e-02,7.7220518511e-01,1.8519364679e-01,1.4789168599e-02,5.6097414975e-04,9.9064660708e-03,1.9430479173e+00
7.2250000000e+02,4.1608266707e-03,1.3157667406e-02,7.7162766078e-01,1.8584613976e-01,1.4761360916e-02,5.6177932816e-04,9.8845651362e-03,1.9434792806e+00
7.2300000000e+02,4.1868601722e-03,1.3214326192e-02,7.7035377742e-01,1.8703744458e-01,1.4753401792e-02,5.6808467516e-04,9.8861051717e-03,1.9480528396e+00
7.2350000000e+02,4.2113455407e-03,1.3297114112e-02,7.6975688785e-01,1.8749650091e-01,1.4775671334e-02,5.7478112616e-04,9.8876991330e-03,1.9527803038e+00
7.2400000000e+02,4.1932292192e-03,1.3320847876e-02,7.7067456584e-01,1.8661305270e-01,1.4779217371e-02,5.7938344677e-04,9.8397035454e-03,1.9507339379e+00
7.2450000000e+02,4.2009433731e-03,1.3429300471e-02,7.7068531263e-01,1.8640327000e-01,1.4795748310e-02,5.8142863124e-04,9.9039965922e-03,1.9532913684e+00
7.2500000000e+02,4.2086747887e-03,1.3364500806e-02,7.7040022929e-01,1.8669139805e-01,1.4827191029e-02,5.8595231187e-04,9.9220537203e-03,1.9542064827e+00
7.2550000000e+02,4.2347158115e-03,1.3403628637e-02,7.6905758149e-01,1.8776682099e-01,1.4929353757e-02,5.9656426830e-04,1.0011335042e-02,1.9610012053e+00
7.2600000000e+02,4.2263686899e-03,1.3450605714e-02,7.6938503606e-01,1.8733601510e-01,1.4974836840e-02,6.0087818010e-04,1.0026259412e-02,1.9611842346e+00
7.2650000000e+02,4.1831165286e-03,1.3380465398e-02,7.6911118150e-01,1.8774167955e-01,1.4965361298e-02,6.0063299043e-04,1.0017562738e-02,1.9602438933e+00
7.2700000000e+02,4.1909945606e-03,1.3396301352e-02,7.6843257716e-01,1.8836522331e-01,1.4951150063e-02,6.0449952924e-04,1.0059254028e-02,1.9623130669e+00
7.2750000000e+02,4.1939542212e-03,1.3398196121e-02,7.6859072694e-01,1.8820825811e-01,1.4916203075e-02,6.1021824552e-04,1.0082443289e-02,1.9622018577e+00
7.2800000000e+02,4.2083268209e-03,1.3488441802e-02,7.6797884221e-01,1.8854570590e-01,1.5010648689e-02,6.1651095062e-04,1.0151523630e-02,1.9672337598e+00
7.2850000000e+02,4.2328801568e-03,1.3490436440e-02,7.6662646800e-01,1.8971170884e-01,1.5071170424e-02,6.1652059388e-04,1.0250815541e-02,1.9728544504e+00
7.2900000000e+02,4.2653908147e-03,1.3523756328e-02,7.6772142768e-01,1.8852074554e-01,1.5096113500e-02,6.2071351037e-04,1.0251852629e-02,1.9719649277e+00
7.2950000000e+02,4.2813949907e-03,1.3511354681e-02,7.6772651616e-01,1.8845346340e-01,1.5173563249e-02,6.2465843873e-04,1.0229049079e-02,1.9732155986e+00
7.3000000000e+02,4.3237255286e-03,1.3638444982e-02,7.6527284691e-01,1.9053410920e-01,1.5254474321e-02,6.3020648147e-04,1.0346192582e-02,1.9828209690e+00
7.3050000000e+02,4.3755416541e-03,1.3701457939e-02,7.6439843336e-01,1.9104888222e-01,1.5431012412e-02,6.4208344779e-04,1.0402588972e-02,1.9901928092e+00
7.3100000000e+02,4.3878350736e-03,1.3774954833e-02,7.6470880633e-01,1.9057216027e-01,1.5453035775e-02,6.4570105168e-04,1.0457506672e-02,1.9913226139e+00
7.3150000000e+02,4.3627565337e-03,1.3716735310e-02,7.6342558114e-01,1.9186386004e-01,1.5468802077e-02,6.5759711166e-04,1.0504667787e-02,1.9946629107e+00
7.3200000000e+02,4.3666137908e-03,1.3822931574e-02,7.6199337640e-01,1.9294186304e-01,1.5578272272e-02,6.6554087185e-04,1.0631402053e-02,2.0016341711e+00
7.3250000000e+02,4.3656282193e-03,1.3807443691e-02,7.6098541330e-01,1.9390403783e-01,1.5587880935e-02,6.6707670083e-04,1.0682519326e-02,2.0045378742e+00
7.3300000000e+02,4.3629781805e-03,1.3873643264e-02,7.5926883464e-01,1.9557995940e-01,1.5680433967e-02,6.6817025735e-04,1.0565980290e-02,2.0086512891e+00
7.3350000000e+02,4.3884201543e-03,1.3953124158e-02,7.5678576608e-01,1.9780288036e-01,1.5777998409e-02,6.7693018620e-04,1.0614880656e-02,2.0181481112e+00
7.3400000000e+02,4.3949562685e-03,1.4014966214e-02,7.5694413443e-01,1.9758168184e-01,1.5754694530e-02,6.8895103602e-04,1.0620615683e-02,2.0191381455e+00
7.3450000000e+02,4.4211593339e-03,1.4133109825e-02,7.5590663634e-01,1.9832477768e-01,1.5813587243e-02,7.0199484265e-04,1.0698734732e-02,2.0258120658e+00
7.3500000000e+02,4.4269040245e-03,1.4093836805e-02,7.5670819730e-01,1.9762947668e-01,1.5753980013e-02,7.0637429920e-04,1.0681230877e-02,2.0246937855e+00
7.3550000000e+02,4.3955323233e-03,1.4137820626e-02,7.5772546632e-01,1.9673167843e-01,1.5692466842e-02,7.0292898207e-04,1.0614106475e-02,2.0211009719e+00
7.3600000000e+02,4.3881229631e-03,1.4053502392e-02,7.5857481262e-01,1.9588396751e-01,1.5745395246e-02,7.0574253914e-04,1.0648456730e-02,2.0199941441e+00
7.3650000000e+02,4.3920590396e-03,1.4087018937e-02,7.5935917943e-01,1.9503273499e-01,1.5812598000e-02,7.0839247247e-04,1.0608017130e-02,2.0189035588e+00
7.3700000000e+02,4.3618806648e-03,1.4165883154e-02,7.5962193917e-01,1.9466805094e-01,1.5871671178e-02,7.1536290423e-04,1.0595211985e-02,2.0200407252e+00
7.3750000000e+02,4.3861629630e-03,1.4168699213e-02,7.5864501555e-01,1.9546097573e-01,1.5898118518e-02,7.2143066580e-04,1.0719597364e-02,2.0245169429e+00
7.3800000000e+02,4.3826617528e-03,1.4187786595e-02,7.5803179579e-01,1.9607959018e-01,1.5799690540e-02,7.2425689728e-04,1.0794218245e-02,2.0271493239e+00
7.3850000000e+02,4.3959169578e-03,1.4340973052e-02,7.5780245178e-01,1.9593422255e-01,1.5915801342e-02,7.3616624561e-04,1.0874468081e-02,2.0325840300e+00
7.3900000000e+02,4.3743161222e-03,1.4357055279e-02,7.5770452548e-01,1.9605665011e-01,1.5849319519e-02,7.4026330135e-04,1.0917870183e-02,2.0334893072e+00
7.3950000000e+02,4.3919480215e-03,1.4290655857e-02,7.5730870765e-01,1.9628251377e-01,1.5957524413e-02,7.4629574415e-04,1.1022354540e-02,2.0358492357e+00
7.4000000000e+02,4.3811422442e-03,1.4363762658e-02,7.5672143050e-01,1.9652308130e-01,1.6117751376e-02,7.5422036707e-04,1.1138611557e-02,2.0407408439e+00
7.4050000000e+02,4.3799216495e-03,1.4404062851e-02,7.5678320249e-01,1.9624574985e-01,1.6166691184e-02,7.6841876352e-04,1.1251953213e-02,2.0439188613e+00
7.4100000000e+02,4.3757315162e-03,1.4400495929e-02,7.5675702449e-01,1.9622549458e-01,1.6127990937e-02,7.7081139420e-04,1.1342451156e-02,2.0455396920e+00
7.4150000000e+02,4.3792678351e-03,1.4450585370e-02,7.5815020138e-01,1.9470352435e-01,1.6155783405e-02,7.6941719392e-04,1.1391220464e-02,2.0447003536e+00
7.4200000000e+02,4.3693863201e-03,1.4414354763e-02,7.5804942213e-01,1.9484251870e-01,1.6138893550e-02,7.6702723654e-04,1.1418397296e-02,2.0452231661e+00
7.4250000000e+02,4.3748442200e-03,1.4410991291e-02,7.5733979858e-01,1.9545159512e-01,1.6252937709e-02,7.7179950860e-04,1.1398033569e-02,2.0485291171e+00
7.4300000000e+02,4.3924058270e-03,1.4488772513e-02,7.5689380420e-01,1.9573966806e-01,1.6280269172e-02,7.7006456306e-04,1.1435015665e-02,2.0523187857e+00
7.4350000000e+02,4.4172921085e-03,1.4506403588e-02,7.5695376581e-01,1.9553086849e-01,1.6368711021e-02,7.6919245974e-04,1.1453766521e-02,2.0545956958e+00
7.4400000000e+02,4.4030463090e-03,1.4476648411e-02,7.5621050639e-01,1.9632194424e-01,1.6313414028e-02,7.7193595201e-04,1.1502504668e-02,2.0564365914e+00
7.4450000000e+02,4.4105259864e-03,1.4498405133e-02,7.5475717972e-01,1.9754005727e-01,1.6397243306e-02,7.7953610719e-04,1.1617052479e-02,2.0617317456e+00
7.4500000000e+02,4.4172675621e-03,1.4380911392e-02,7.5482673607e-01,1.9754317857e-01,1.6414558689e-02,7.7496036932e-04,1.1642387343e-02,2.0607752911e+00
7.4550000000e+02,4.4071199623e-03,1.4348616964e-02,7.5509776488e-01,1.9727012919e-01,1.6493786399e-02,7.6665754664e-04,1.1615925055e-02,2.0596922374e+00
7.4600000000e+02,4.3495791286e-03,1.4322142795e-02,7.5509416139e-01,1.9721022176e-01,1.6616653176e-02,7.7264311516e-04,1.1634598635e-02,2.0599836229e+00
7.4650000000e+02,4.3846794394e-03,1.4357544253e-02,7.5280048962e-01,1.9897499684e-01,1.6964119081e-02,7.7951930566e-04,1.1738651462e-02,2.0697078295e+00
7.4700000000e+02,4.3729392092e-03,1.4370550032e-02,7.5243022806e-01,1.9925837004e-01,1.6963827853e-02,7.8092716521e-04,1.1823157641e-02,2.0714907654e+00
7.4750000000e+02,4.3750759978e-03,1.4375503520e-02,7.5187267766e-01,1.9967570339e-01,1.7040747587e-02,7.8646192838e-04,1.1873829920e-02,2.0733673842e+00
7.4800000000e+02,4.4320317593e-03,1.4467510310e-02,7.5040136995e-01,2.0082773147e-01,1.7071235895e-02,7.8960814552e-04,1.2010512473e-02,2.0808752558e+00
7.4850000000e+02,4.4252409994e-03,1.4413431584e-02,7.5045172488e-01,2.0076266121e-01,1.7159801309e-02,7.9608022560e-04,1.1991059795e-02,2.0810783404e+00
7.4900000000e+02,4.4391908203e-03,1.4314208095e-02,7.5064063232e-01,2.0061616446e-01,1.7127129124e-02,8.0280215454e-04,1.2059873027e-02,2.0812235152e+00
7.4950000000e+02,4.4641958271e-03,1.4297639648e-02,7.5132736092e-01,1.9977673045e-01,1.7252590646e-02,8.0414970027e-04,1.2077332807e-02,2.0806531801e+00
7.5000000000e+02,4.4962843755e-03,1.4156970254e-02,7.5145257403e-01,1.9975576535e-01,1.7305498510e-02,8.0528287678e-04,1.2027624607e-02,2.0800943483e+00
7.5050000000e+02,4.5481343028e-03,1.4266789500e-02,7.5100206056e-01,1.9973798185e-01,1.7469788935e-02,8.1406866411e-04,1.2161176185e-02,2.0874264106e+00
7.5100000000e+02,4.5374233429e-03,1.4343546410e-02,7.5198703541e-01,1.9858379511e-01,1.7486813764e-02,8.2332322402e-04,1.2238062744e-02,2.0885830374e+00
7.5150000000e+02,4.4808272532e-03,1.4303858216e-02,7.5266293118e-01,1.9816140676e-01,1.7410586840e-02,8.2623549397e-04,1.2154154256e-02,2.0845939200e+00
7.5200000000e+02,4.4889845374e-03,1.4294406290e-02,7.5258287816e-01,1.9810801860e-01,1.7447989986e-02,8.2813538296e-04,1.2249587042e-02,2.0867752445e+00
7.5250000000e+02,4.5272715779e-03,1.4319520355e-02,7.5107204781e-01,1.9937191131e-01,1.7553905610e-02,8.3803134596e-04,1.2317311994e-02,2.0941887207e+00
7.5300000000e+02,4.5391546710e-03,1.4316232348e-02,7.5119791411e-01,1.9913421997e-01,1.7586232399e-02,8.3922463354e-04,1.2387021869e-02,2.0956777478e+00
7.5350000000e+02,4.5487787058e-03,1.4373260037e-02,7.4985671671e-01,2.0026983329e-01,1.7627802347e-02,8.4386309242e-04,1.2479745818e-02,2.1005129709e+00
7.5400000000e+02,4.5701329497e-03,1.4499708963e-02,7.4851505602e-01,2.0148739104e-01,1.7600916115e-02,8.4817481212e-04,1.2478620098e-02,2.1048451942e+00
7.5450000000e+02,4.5973434752e-03,1.4395753672e-02,7.4893694350e-01,2.0126454207e-01,1.7572103554e-02,8.4529783143e-04,1.2388015899e-02,2.1030023343e+00
7.5500000000e+02,4.5803950042e-03,1.4323375201e-02,7.4879016712e-01,2.0153313271e-01,1.7503237061e-02,8.4545569114e-04,1.2424237211e-02,2.1023040562e+00
7.5550000000e+02,4.6164769907e-03,1.4372875682e-02,7.4737711990e-01,2.0271600759e-01,1.7565211300e-02,8.5150027880e-04,1.2500808256e-02,2.1077201474e+00
7.5600000000e+02,4.6479621266e-03,1.4359297473e-02,7.4621654174e-01,2.0383206522e-01,1.7556092814e-02,8.4704475884e-04,1.2540995872e-02,2.1105589428e+00
7.5650000000e+02,4.6667124619e-03,1.4224267728e-02,7.4491454947e-01,2.0524228156e-01,1.7556097455e-02,8.4566889848e-04,1.2550422430e-02,2.1112624874e+00
7.5700000000e+02,4.6857620558e-03,1.4193644470e-02,7.4494442359e-01,2.0525549304e-01,1.7483045473e-02,8.4381161956e-04,1.2593819748e-02,2.1112900044e+00
7.5750000000e+02,4.7270086435e-03,1.4215494853e-02,7.4344617748e-01,2.0660533536e-01,1.7532938187e-02,8.4403471350e-04,1.2629010762e-02,2.1168998084e+00
7.5800000000e+02,4.7453140160e-03,1.4190819105e-02,7.4337178994e-01,2.0640193652e-01,1.7670401497e-02,8.5013093805e-04,1.2769607982e-02,2.1190541229e+00
7.5850000000e+02,4.7503407366e-03,1.4196653960e-02,7.4347485805e-01,2.0609897311e-01,1.7787033973e-02,8.5231846455e-04,1.2839821704e-02,2.1209388243e+00
7.5900000000e+02,4.7887495906e-03,1.4193776567e-02,7.4425401206e-01,2.0531696351e-01,1.7683459709e-02,8.4670345666e-04,1.2916335105e-02,2.1210117083e+00
7.5950000000e+02,4.7835126076e-03,1.4079072977e-02,7.4446444371e-01,2.0510374775e-01,1.7728904253e-02,8.4187441213e-04,1.2998444288e-02,2.1201293427e+00
7.6000000000e+02,4.7493675749e-03,1.4076596798e-02,7.4485232993e-01,2.0468059559e-01,1.7718710279e-02,8.4591710241e-04,1.3076482732e-02,2.1197336387e+00
7.6050000000e+02,4.7513604393e-03,1.4053212786e-02,7.4272730614e-01,2.0673162787e-01,1.7706253780e-02,8.4966710483e-04,1.3180571879e-02,2.1248473066e+00
7.6100000000e+02,4.7772750089e-03,1.3976200164e-02,7.4215431197e-01,2.0706988971e-01,1.7840086158e-02,8.5148640102e-04,1.3330750584e-02,2.1278848020e+00
7.6150000000e+02,4.8014927814e-03,1.4032368440e-02,7.4004623247e-01,2.0886888423e-01,1.7943776954e-02,8.5291703000e-04,1.3454328101e-02,2.1353511119e+00
7.6200000000e+02,4.8002805247e-03,1.3993429025e-02,7.3868625060e-01,2.1018361324e-01,1.8044359297e-02,8.5339884919e-04,1.3438668454e-02,2.1382975760e+00
7.6250000000e+02,4.7818623513e-03,1.3922758458e-02,7.3885584743e-01,2.1020775294e-01,1.7978342197e-02,8.4889377687e-04,1.3404542846e-02,2.1360958173e+00
7.6300000000e+02,4.7962510224e-03,1.3838185441e-02,7.3818393152e-01,2.1091770016e-01,1.7953731374e-02,8.4665633251e-04,1.3463544150e-02,2.1374670943e+00
7.6350000000e+02,4.8449281998e-03,1.3827453547e-02,7.3851929198e-01,2.1043250239e-01,1.8010420471e-02,8.4948984397e-04,1.3515913571e-02,2.1384156250e+00
7.6400000000e+02,4.8881126733e-03,1.3793310044e-02,7.3781881846e-01,2.1095019776e-01,1.8033859195e-02,8.5231783402e-04,1.3663384028e-02,2.1424334026e+00
7.6450000000e+02,4.9169985898e-03,1.3819853909e-02,7.3551953799e-01,2.1304397512e-01,1.8119725494e-02,8.4312035065e-04,1.3736788545e-02,2.1492898237e+00
7.6500000000e+02,4.9188740473e-03,1.3808841703e-02,7.3485290300e-01,2.1372269716e-01,1.8106612978e-02,8.3883108048e-04,1.3751240031e-02,2.1504950967e+00
7.6550000000e+02,4.9138775812e-03,1.3780061284e-02,7.3329413387e-01,2.1519561583e-01,1.8240582244e-02,8.3068399985e-04,1.3745045192e-02,2.1530284739e+00
7.6600000000e+02,4.9484235276e-03,1.3813869004e-02,7.3295558501e-01,2.1532904898e-01,1.8357427862e-02,8.2923243544e-04,1.3766413183e-02,2.1558711985e+00
7.6650000000e+02,5.0058129608e-03,1.3848636050e-02,7.3298478008e-01,2.1512658727e-01,1.8442951158e-02,8.3082456147e-04,1.3760407921e-02,2.1579386951e+00
7.6700000000e+02,5.0018747715e-03,1.3756687535e-02,7.3431417104e-01,2.1401961472e-01,1.8421386810e-02,8.2527570118e-04,1.3660989421e-02,2.1533338809e+00
7.6750000000e+02,5.0179629587e-03,1.3713108386e-02,7.3372373429e-01,2.1464213299e-01,1.8467541734e-02,8.1331971865e-04,1.3622199924e-02,2.1537152310e+00
7.6800000000e+02,5.0210209177e-03,1.3638074882e-02,7.3391252005e-01,2.1431565727e-01,1.8654381603e-02,8.0809780222e-04,1.3650247477e-02,2.1533884902e+00
7.6850000000e+02,5.0009763761e-03,1.3504193749e-02,7.3436413633e-01,2.1408564440e-01,1.8522834050e-02,8.0101860821e-04,1.3721196492e-02,2.1500196410e+00
7.6900000000e+02,5.0131618749e-03,1.3559665202e-02,7.3312337122e-01,2.1507904202e-01,1.8582463849e-02,7.9893363839e-04,1.3843362196e-02,2.1555262416e+00
7.6950000000e+02,5.0242445599e-03,1.3616967231e-02,7.3012637994e-01,2.1763717897e-01,1.8843171775e-02,7.9940527038e-04,1.3952652254e-02,2.1653062015e+00
7.7000000000e+02,4.9798931344e-03,1.3607234542e-02,7.2885482185e-01,2.1896479297e-01,1.8835593938e-02,7.9796411855e-04,1.3959699449e-02,2.1656751283e+00
7.7050000000e+02,4.9430342575e-03,1.3586765606e-02,7.3049176907e-01,2.1749277511e-01,1.8779769688e-02,7.9009242150e-04,1.3915793847e-02,2.1608523578e+00
7.7100000000e+02,4.9391118317e-03,1.3522027026e-02,7.3046403925e-01,2.1723383916e-01,1.8950228023e-02,7.8903373129e-04,1.4101720980e-02,2.1631071378e+00
7.7150000000e+02,4.9583442149e-03,1.3548265254e-02,7.2914793328e-01,2.1795610797e-01,1.9315949888e-02,7.9447880583e-04,1.4278920590e-02,2.1715703570e+00
7.7200000000e+02,4.9701832484e-03,1.3412146410e-02,7.3031410018e-01,2.1683697468e-01,1.9471471037e-02,7.9286207857e-04,1.4202262365e-02,2.1679680140e+00
7.7250000000e+02,4.9558672547e-03,1.3288765240e-02,7.3005121782e-01,2.1722258441e-01,1.9546125261e-02,7.9075420492e-04,1.4144685813e-02,2.1670302198e+00
7.7300000000e+02,4.9446022719e-03,1.3158286472e-02,7.3127134690e-01,2.1596835603e-01,1.9706425542e-02,7.8836558107e-04,1.4162617207e-02,2.1640839812e+00
7.7350000000e+02,4.9344318513e-03,1.3123438441e-02,7.3233538522e-01,2.1479297092e-01,1.9792507654e-02,7.8398416317e-04,1.4237281754e-02,2.1639993484e+00
7.7400000000e+02,4.9142135240e-03,1.3101838172e-02,7.3290159617e-01,2.1418759810e-01,1.9901783717e-02,7.7804917798e-04,1.4214921143e-02,2.1622364656e+00
7.7450000000e+02,4.8956997550e-03,1.3103867052e-02,7.3391750149e-01,2.1314205582e-01,1.9954503928e-02,7.6947873707e-04,1.4216893219e-02,2.1598101971e+00
7.7500000000e+02,4.9347725829e-03,1.3068620753e-02,7.3235711700e-01,2.1452058979e-01,2.0069330253e-02,7.6633439375e-04,1.4283235224e-02,2.1647377287e+00
7.7550000000e+02,4.9267517529e-03,1.3054382315e-02,7.3218498798e-01,2.1445099060e-01,2.0186538757e-02,7.6715395382e-04,1.4429194642e-02,2.1675134048e+00
7.7600000000e+02,4.9006506699e-03,1.2977343418e-02,7.3172850761e-01,2.1485702645e-01,2.0255311355e-02,7.6597648568e-04,1.4515184019e-02,2.1675932372e+00
7.7650000000e+02,4.8650634100e-03,1.2918011340e-02,7.3187824230e-01,2.1481459484e-01,2.0201756540e-02,7.5983182431e-04,1.4562499747e-02,2.1655311673e+00
7.7700000000e+02,4.8290674503e-03,1.2868800721e-02,7.3260560513e-01,2.1423061334e-01,2.0200924382e-02,7.5379515784e-04,1.4511193823e-02,2.1621070924e+00
7.7750000000e+02,4.8108170407e-03,1.2861708839e-02,7.3229086294e-01,2.1466176082e-01,2.0065012751e-02,7.5143959612e-04,1.4558398012e-02,2.1606138619e+00
7.7800000000e+02,4.7942901390e-03,1.2785244154e-02,7.3189677954e-01,2.1519861562e-01,1.9993727624e-02,7.4833411344e-04,1.4583008810e-02,2.1583705347e+00
7.7850000000e+02,4.7917775089e-03,1.2831934193e-02,7.3170540156e-01,2.1516761553e-01,2.0100437740e-02,7.4282067605e-04,1.4660012784e-02,2.1606231481e+00
7.7900000000e+02,4.8241197808e-03,1.2846757548e-02,7.2986318994e-01,2.1666872445e-01,2.0244972162e-02,7.4340763119e-04,1.4808828484e-02,2.1685036318e+00
7.7950000000e+02,4.8065186610e-03,1.2764476059e-02,7.3007825857e-01,2.1667341717e-01,2.0149028913e-02,7.3719929561e-04,1.4791101335e-02,2.1657431646e+00
7.8000000000e+02,4.7919741561e-03,1.2704109310e-02,7.3006685945e-01,2.1660139915e-01,2.0306820357e-02,7.3217550748e-04,1.4796662068e-02,2.1666853287e+00
7.8050000000e+02,4.7683269709e-03,1.2710260447e-02,7.2964799773e-01,2.1714386153e-01,2.0245561468e-02,7.2250413296e-04,1.4761487726e-02,2.1657082606e+00
7.8100000000e+02,4.7936080259e-03,1.2755744489e-02,7.2966770649e-01,2.1703171036e-01,2.0227999228e-02,7.1640842607e-04,1.4806822983e-02,2.1675561697e+00
7.8150000000e+02,4.8156030628e-03,1.2839149396e-02,7.2782819736e-01,2.1859194657e-01,2.0380131105e-02,7.1501894133e-04,1.4829953562e-02,2.1745154825e+00
7.8200000000e+02,4.7665741827e-03,1.2831659578e-02,7.2724395634e-01,2.1919231668e-01,2.0429490959e-02,7.0761392701e-04,1.4828388337e-02,2.1744560811e+00
7.8250000000e+02,4.7245199971e-03,1.2781130578e-02,7.2591282420e-01,2.2067050024e-01,2.0439330721e-02,7.0054081667e-04,1.4771153447e-02,2.1743923587e+00
7.8300000000e+02,4.6786576313e-03,1.2820036936e-02,7.2564901957e-01,2.2104494474e-01,2.0396087905e-02,6.9491906472e-04,1.4716334146e-02,2.1730426310e+00
7.8350000000e+02,4.6492009764e-03,1.2731631454e-02,7.2474655857e-01,2.2197937725e-01,2.0459795380e-02,6.9144089260e-04,1.4741995472e-02,2.1728009328e+00
7.8400000000e+02,4.6104121730e-03,1.2702748606e-02,7.2438611432e-01,2.2253395418e-01,2.0420037580e-02,6.8487752613e-04,1.4661855622e-02,2.1706191101e+00
7.8450000000e+02,4.6065329413e-03,1.2666912727e-02,7.2428713134e-01,2.2251128491e-01,2.0553949180e-02,6.8783409791e-04,1.4686354805e-02,2.1711696592e+00
7.8500000000e+02,4.5791105791e-03,1.2575133062e-02,7.2460908497e-01,2.2231740343e-01,2.0477367601e-02,6.8091563489e-04,1.4760984723e-02,2.1678242238e+00
7.8550000000e+02,4.5742184072e-03,1.2555420498e-02,7.2352264294e-01,2.2357545800e-01,2.0427390593e-02,6.7878929978e-04,1.4666080261e-02,2.1673570864e+00
7.8600000000e+02,4.5653123272e-03,1.2573147866e-02,7.2353587012e-01,2.2343656444e-01,2.0474147100e-02,6.7580392107e-04,1.4739154222e-02,2.1677958604e+00
7.8650000000e+02,4.5367986174e-03,1.2435444618e-02,7.2386501704e-01,2.2339372830e-01,2.0351601087e-02,6.7434902192e-04,1.4743061323e-02,2.1636598634e+00
7.8700000000e+02,4.5099771794e-03,1.2368075689e-02,7.2496201740e-01,2.2243209372e-01,2.0339546196e-02,6.7488357460e-04,1.4713406239e-02,2.1596135685e+00
7.8750000000e+02,4.4827131823e-03,1.2293842878e-02,7.2303358267e-01,2.2449730869e-01,2.0144088555e-02,6.7253257751e-04,1.4875931448e-02,2.1614564794e+00
7.8800000000e+02,4.4549908149e-03,1.2200139118e-02,7.2383365879e-01,2.2394598694e-01,2.0016561577e-02,6.6171717729e-04,1.4886945579e-02,2.1559900464e+00
7.8850000000e+02,4.4524181678e-03,1.2102131903e-02,7.2531040005e-01,2.2255995882e-01,2.0088444176e-02,6.5239245567e-04,1.4834254432e-02,2.1500637118e+00
7.8900000000e+02,4.4544869888e-03,1.2117163350e-02,7.2600763523e-01,2.2202134851e-01,1.9944102993e-02,6.4513028482e-04,1.4810132647e-02,2.1473678437e+00
7.8950000000e+02,4.4507980430e-03,1.2035547181e-02,7.2410153975e-01,2.2414391993e-01,1.9926263708e-02,6.4617267229e-04,1.4695758714e-02,2.1482730561e+00
7.9000000000e+02,4.4659779003e-03,1.2128770978e-02,7.2401814457e-01,2.2398543774e-01,1.9944110473e-02,6.4675312658e-04,1.4810805211e-02,2.1508957472e+00
7.9050000000e+02,4.4321513106e-03,1.2099969868e-02,7.2445543080e-01,2.2369250896e-01,1.9858680357e-02,6.4087760795e-04,1.4820381094e-02,2.1475226997e+00
7.9100000000e+02,4.4089132781e-03,1.2097477078e-02,7.2447232624e-01,2.2369209654e-01,1.9805511283e-02,6.3622670266e-04,1.4887448875e-02,2.1469664150e+00
7.9150000000e+02,4.3534049185e-03,1.2039377997e-02,7.2369756480e-01,2.2448990659e-01,1.9774131759e-02,6.3295022525e-04,1.5012663713e-02,2.1463841848e+00
7.9200000000e+02,4.3557357245e-03,1.2047923096e-02,7.2318097113e-01,2.2450228363e-01,2.0122105713e-02,6.2952305023e-04,1.5161457657e-02,2.1514317050e+00
7.9250000000e+02,4.3594733694e-03,1.2098107740e-02,7.2254628148e-01,2.2490721349e-01,2.0227166662e-02,6.2195573058e-04,1.5239801528e-02,2.1538376177e+00
7.9300000000e+02,4.3503091287e-03,1.2124231304e-02,7.2332453267e-01,2.2432788592e-01,2.0009677068e-02,6.1654351999e-04,1.5246820389e-02,2.1497935228e+00
7.9350000000e+02,4.3301120020e-03,1.2131729743e-02,7.2353839752e-01,2.2406630814e-01,1.9909915457e-02,6.1696171796e-04,1.5406575416e-02,2.1508184046e+00
7.9400000000e+02,4.3037180398e-03,1.2163141972e-02,7.2123935574e-01,2.2642364720e-01,1.9805197027e-02,6.1299859821e-04,1.5451941418e-02,2.1526708391e+00
7.9450000000e+02,4.3096500015e-03,1.2105769840e-02,7.2063336572e-01,2.2701074281e-01,1.9796632174e-02,6.1211926684e-04,1.5531720189e-02,2.1529478237e+00
7.9500000000e+02,4.3237040571e-03,1.2131226647e-02,7.1869482684e-01,2.2878378529e-01,1.9790352109e-02,6.1020989133e-04,1.5665895162e-02,2.1562111771e+00
7.9550000000e+02,4.3229229592e-03,1.2231697417e-02,7.1717902654e-01,2.3019590277e-01,1.9822042650e-02,6.0848375284e-04,1.5639923908e-02,2.1589970613e+00
7.9600000000e+02,4.3364707539e-03,1.2247962075e-02,7.1763741943e-01,2.2957873234e-01,1.9885644335e-02,6.0139802173e-04,1.5712373044e-02,2.1594302606e+00
7.9650000000e+02,4.3124561539e-03,1.2187090758e-02,7.1758912793e-01,2.2952453892e-01,1.9956499844e-02,5.9920104262e-04,1.5831085348e-02,2.1596949277e+00
7.9700000000e+02,4.3093564541e-03,1.2164382915e-02,7.1602769465e-01,2.3089508340e-01,2.0013344690e-02,5.9555676487e-04,1.5994581125e-02,2.1626239329e+00
7.9750000000e+02,4.3191949402e-03,1.2125521725e-02,7.1654228636e-01,2.3015366517e-01,2.0152598329e-02,5.9623136630e-04,1.6110502111e-02,2.1638797016e+00
7.9800000000e+02,4.2945068118e-03,1.2243260674e-02,7.1784883935e-01,2.2882111824e-01,2.0111648051e-02,5.9734465871e-04,1.6083282220e-02,2.1625680266e+00
7.9850000000e+02,4.2775374278e-03,1.2257519394e-02,7.1870137939e-01,2.2784782087e-01,2.0236232458e-02,5.9737171858e-04,1.6082138747e-02,2.1621203626e+00
7.9900000000e+02,4.2464180524e-03,1.2249311656e-02,7.2003338662e-01,2.2672435227e-01,2.0057766519e-02,5.9408774917e-04,1.6094677128e-02,2.1569554976e+00
7.9950000000e+02,4.2378883255e-03,1.2214283205e-02,7.1939729496e-01,2.2743053700e-01,2.0005439685e-02,5.9569583321e-04,1.6118860990e-02,2.1560685089e+00
8.0000000000e+02,4.2358663903e-03,1.2229597295e-02,7.1994946988e-01,2.2682219002e-01,2.0077002770e-02,5.9082402223e-04,1.6095049618e-02,2.1564541598e+00
8.0050000000e+02,4.2358782145e-03,1.2317773333e-02,7.1852654837e-01,2.2784136652e-01,2.0363830747e-02,5.9391101429e-04,1.6120691802e-02,2.1625220396e+00
8.0100000000e+02,4.1992574557e-03,1.2345769364e-02,7.1832678221e-01,2.2798023429e-01,2.0423836215e-02,5.9067172036e-04,1.6133448745e-02,2.1614315591e+00
8.0150000000e+02,4.1837907303e-03,1.2290639532e-02,7.2008013232e-01,2.2634179201e-01,2.0340524886e-02,5.8821104173e-04,1.6174909482e-02,2.1575577754e+00
8.0200000000e+02,4.1600609003e-03,1.2153360669e-02,7.2143071938e-01,2.2506353074e-01,2.0452555331e-02,5.8619663253e-04,1.6153576342e-02,2.1533050921e+00
8.0250000000e+02,4.1392367866e-03,1.2211736335e-02,7.2235599318e-01,2.2393420090e-01,2.0637474254e-02,5.8810459594e-04,1.6133253952e-02,2.1521032787e+00
8.0300000000e+02,4.1388014291e-03,1.2324316752e-02,7.2235153823e-01,2.2375411339e-01,2.0764445216e-02,5.8759296483e-04,1.6079192019e-02,2.1558113851e+00
8.0350000000e+02,4.1132701402e-03,1.2323284302e-02,7.2107580211e-01,2.2488335901e-01,2.0857383128e-02,5.8565329934e-04,1.6161248001e-02,2.1577991995e+00
8.0400000000e+02,4.1228049646e-03,1.2390614396e-02,7.1927429255e-01,2.2641802067e-01,2.0915898460e-02,5.8701698499e-04,1.6291351975e-02,2.1628026920e+00
8.0450000000e+02,4.0817094149e-03,1.2332928008e-02,7.1952145223e-01,2.2616672922e-01,2.0882032286e-02,5.8589625272e-04,1.6429252579e-02,2.1610473990e+00
8.0500000000e+02,4.0653254194e-03,1.2288169082e-02,7.1971232897e-01,2.2615212943e-01,2.0795731523e-02,5.8501231610e-04,1.6401303265e-02,2.1579474206e+00
8.0550000000e+02,4.0869076202e-03,1.2368900946e-02,7.2016252884e-01,2.2564822572e-01,2.0808894417e-02,5.8337549171e-04,1.6341166970e-02,2.1582712953e+00
8.0600000000e+02,4.0694221536e-03,1.2545417788e-02,7.1830424395e-01,2.2720381154e-01,2.0919047440e-02,5.8588077905e-04,1.6372176354e-02,2.1636682113e+00
8.0650000000e+02,4.0598139143e-03,1.2657560507e-02,7.1713499566e-01,2.2810734442e-01,2.0973611510e-02,5.8674119317e-04,1.6479932801e-02,2.1690683580e+00
8.0700000000e+02,4.0431442747e-03,1.2642382840e-02,7.1657130939e-01,2.2881600421e-01,2.0866157178e-02,5.8770671873e-04,1.6473295384e-02,2.1681599601e+00
8.0750000000e+02,4.0275132071e-03,1.2791190622e-02,7.1752573036e-01,2.2789369057e-01,2.0808495209e-02,5.8864532491e-04,1.6364734706e-02,2.1666516853e+00
8.0800000000e+02,3.9887795186e-03,1.2823289157e-02,7.1813367476e-01,2.2728669101e-01,2.0803739091e-02,5.9293221470e-04,1.6370894245e-02,2.1648349537e+00
8.0850000000e+02,3.9927605677e-03,1.2856030466e-02,7.1936165109e-01,2.2588256993e-01,2.0951631995e-02,5.9616718475e-04,1.6359188760e-02,2.1642521330e+00
8.0900000000e+02,3.9596851460e-03,1.2868661881e-02,7.1927665923e-01,2.2586375948e-01,2.1088409434e-02,5.9861792240e-04,1.6344206907e-02,2.1651779972e+00
8.0950000000e+02,3.9529392929e-03,1.2888362892e-02,7.1936825266e-01,2.2565427892e-01,2.1158164237e-02,6.0062017103e-04,1.6377381829e-02,2.1653038864e+00
8.1000000000e+02,3.9667747742e-03,1.2866122026e-02,7.2113454258e-01,2.2378072842e-01,2.1295498619e-02,6.0127463926e-04,1.6355058943e-02,2.1638810284e+00
8.1050000000e+02,3.9558799094e-03,1.2877307549e-02,7.2068735978e-01,2.2424043373e-01,2.1252809100e-02,6.0153168634e-04,1.6384678252e-02,2.1649821303e+00
8.1100000000e+02,3.9596067002e-03,1.2946971185e-02,7.1992922059e-01,2.2501804958e-01,2.1176792963e-02,6.0206672855e-04,1.6367292250e-02,2.1653379713e+00
8.1150000000e+02,3.9800593903e-03,1.2982983159e-02,7.1954141333e-01,2.2519389177e-01,2.1238670942e-02,6.0107278904e-04,1.6461908619e-02,2.1669648562e+00
8.1200000000e+02,4.0002638045e-03,1.2976434120e-02,7.1814700345e-01,2.2654290142e-01,2.1185760733e-02,6.0000647564e-04,1.6547629994e-02,2.1689734644e+00
8.1250000000e+02,4.0064830928e-03,1.3026885273e-02,7.1677613435e-01,2.2783350521e-01,2.1152250210e-02,6.0161781659e-04,1.6603124052e-02,2.1725006453e+00
8.1300000000e+02,3.9609266590e-03,1.3074907240e-02,7.1579259249e-01,2.2877911909e-01,2.1130062168e-02,6.0184328013e-04,1.6660549074e-02,2.1735381454e+00
8.1350000000e+02,3.9784991295e-03,1.3129326236e-02,7.1528200377e-01,2.2910902435e-01,2.1196126672e-02,5.9863915234e-04,1.6706380683e-02,2.1757417628e+00
8.1400000000e+02,3.9572963474e-03,1.3044683918e-02,7.1485960883e-01,2.2966277081e-01,2.1302428890e-02,5.9499486061e-04,1.6578216346e-02,2.1759762719e+00
8.1450000000e+02,3.9639511700e-03,1.3107919761e-02,7.1265543731e-01,2.3161055393e-01,2.1429019478e-02,5.9956532526e-04,1.6633553026e-02,2.1817708421e+00
8.1500000000e+02,3.9890670841e-03,1.3118286966e-02,7.1179465923e-01,2.3251917929e-01,2.1528315437e-02,6.0468213170e-04,1.6445809870e-02,2.1845164519e+00
8.1550000000e+02,3.9637046598e-03,1.3060689635e-02,7.1281474086e-01,2.3174202576e-01,2.1493264824e-02,5.9816731230e-04,1.6327406946e-02,2.1797526312e+00
8.1600000000e+02,3.9723475589e-03,1.3048209181e-02,7.1253327139e-01,2.3174117306e-01,2.1593361619e-02,6.0120866177e-04,1.6510428533e-02,2.1834449028e+00
8.1650000000e+02,3.9803421300e-03,1.3059563775e-02,7.1288449314e-01,2.3141121026e-01,2.1618120343e-02,6.0398685859e-04,1.6442283499e-02,2.1835741053e+00
8.1700000000e+02,3.9802502920e-03,1.3096520383e-02,7.1385207620e-01,2.3062192976e-01,2.1453857272e-02,6.0232772055e-04,1.6393038368e-02,2.1800230753e+00
8.1750000000e+02,3.9699837393e-03,1.3109260042e-02,7.1367770387e-01,2.3075320024e-01,2.1506232863e-02,5.9869176692e-04,1.6384927479e-02,2.1794758599e+00
8.1800000000e+02,3.9699274406e-03,1.3081975700e-02,7.1467024719e-01,2.2979832185e-01,2.1487156393e-02,5.9908823169e-04,1.6393283200e-02,2.1783327628e+00
8.1850000000e+02,3.9400049654e-03,1.2957366921e-02,7.1496016256e-01,2.2981026062e-01,2.1395301089e-02,5.9479662591e-04,1.6342107219e-02,2.1734891823e+00
8.1900000000e+02,3.9631579713e-03,1.2960656100e-02,7.1496582654e-01,2.2947528229e-01,2.1568407858e-02,5.9117869433e-04,1.6475490545e-02,2.1768950363e+00
8.1950000000e+02,3.9803730973e-03,1.2939564734e-02,7.1585233902e-01,2.2844662226e-01,2.1695730052e-02,5.9095965287e-04,1.6494411180e-02,2.1772736665e+00
8.2000000000e+02,3.9555894938e-03,1.2848060653e-02,7.1741709667e-01,2.2729790437e-01,2.1547713999e-02,5.8664469829e-04,1.6346990123e-02,2.1694976226e+00
8.2050000000e+02,3.9473662265e-03,1.2755884678e-02,7.1661639761e-01,2.2809990528e-01,2.1722706398e-02,5.8217577283e-04,1.6275564033e-02,2.1683102026e+00
8.2100000000e+02,3.9567036373e-03,1.2657123509e-02,7.1578152440e-01,2.2911172242e-01,2.1696654346e-02,5.7929983418e-04,1.6216971856e-02,2.1678971406e+00
8.2150000000e+02,3.9353177808e-03,1.2562922317e-02,7.1624264210e-01,2.2883153345e-01,2.1630512005e-02,5.7771728675e-04,1.6219355062e-02,2.1655993683e+00
8.2200000000e+02,3.9153447738e-03,1.2442760614e-02,7.1702551727e-01,2.2827884873e-01,2.1588197694e-02,5.6895625551e-04,1.6180374661e-02,2.1614065067e+00
8.2250000000e+02,3.8994550488e-03,1.2427560807e-02,7.1828986930e-01,2.2726867261e-01,2.1478151354e-02,5.6497760978e-04,1.6071313266e-02,2.1562726481e+00
8.2300000000e+02,3.9375581648e-03,1.2513563383e-02,7.1768779652e-01,2.2749868719e-01,2.1608251261e-02,5.6640052858e-04,1.6187742951e-02,2.1620801488e+00
8.2350000000e+02,3.9338597272e-03,1.2501012355e-02,7.1743933157e-01,2.2750417123e-01,2.1750694470e-02,5.6423942007e-04,1.6306691228e-02,2.1636038383e+00
8.2400000000e+02,3.9450499742e-03,1.2482485727e-02,7.1802271370e-01,2.2694656886e-01,2.1706893901e-02,5.6344328669e-04,1.6332844545e-02,2.1615058517e+00
8.2450000000e+02,3.9214159025e-03,1.2413907362e-02,7.1876758049e-01,2.2633190047e-01,2.1661298085e-02,5.6211646282e-04,1.6341781228e-02,2.1580691702e+00
8.2500000000e+02,3.8998497787e-03,1.2410563409e-02,7.2042410613e-01,2.2501562332e-01,2.1453550236e-02,5.5933763582e-04,1.6236969484e-02,2.1513155667e+00
8.2550000000e+02,3.9297551654e-03,1.2465412189e-02,7.2141776359e-01,2.2372245532e-01,2.1591487741e-02,5.5986552491e-04,1.6313260472e-02,2.1522645911e+00
8.2600000000e+02,3.9189061308e-03,1.2363478376e-02,7.2321532095e-01,2.2212890086e-01,2.1541067665e-02,5.5689207169e-04,1.6275433947e-02,2.1456279579e+00
8.2650000000e+02,3.9128700218e-03,1.2417696146e-02,7.2399551027e-01,2.2130194629e-01,2.1561868699e-02,5.5641196138e-04,1.6253696608e-02,2.1441002263e+00
8.2700000000e+02,3.8961989317e-03,1.2454897170e-02,7.2442330388e-01,2.2099750841e-01,2.1430192484e-02,5.5250567848e-04,1.6245393442e-02,2.1424592874e+00
8.2750000000e+02,3.8963150435e-03,1.2356455171e-02,7.2510837296e-01,2.2081303681e-01,2.1137339185e-02,5.5075365414e-04,1.6137727186e-02,2.1351124159e+00
8.2800000000e+02,3.9045421044e-03,1.2325592877e-02,7.2549862248e-01,2.2075143197e-01,2.0901219590e-02,5.4229373276e-04,1.6076297242e-02,2.1303723194e+00
8.2850000000e+02,3.8608989907e-03,1.2257049242e-02,7.2621897627e-01,2.2048150180e-01,2.0667051890e-02,5.3373361160e-04,1.5980788200e-02,2.1232435501e+00
8.2900000000e+02,3.8397862749e-03,1.2251586184e-02,7.2715380018e-01,2.1975136702e-01,2.0596855683e-02,5.2688135068e-04,1.5879723314e-02,2.1191371564e+00
8.2950000000e+02,3.8361723308e-03,1.2330020115e-02,7.2678950935e-01,2.1980699578e-01,2.0719704265e-02,5.2714800735e-04,1.5990450147e-02,2.1233188981e+00
8.3000000000e+02,3.8620561121e-03,1.2346598165e-02,7.2594161718e-01,2.2064841397e-01,2.0641177455e-02,5.2461633926e-04,1.6035520774e-02,2.1255646587e+00
8.3050000000e+02,3.8340590015e-03,1.2263894198e-02,7.2659909846e-01,2.2019983445e-01,2.0633073147e-02,5.2202417672e-04,1.5948016564e-02,2.1217868449e+00
8.3100000000e+02,3.8324408242e-03,1.2292696874e-02,7.2597876075e-01,2.2081654165e-01,2.0685908258e-02,5.1502106374e-04,1.5878630577e-02,2.1219756956e+00
8.3150000000e+02,3.8380292352e-03,1.2358252297e-02,7.2521219251e-01,2.2149491520e-01,2.0633042507e-02,5.1134662484e-04,1.5952221625e-02,2.1253773366e+00
8.3200000000e+02,3.8238565103e-03,1.2367587841e-02,7.2586185044e-01,2.2097816411e-01,2.0654747848e-02,5.0494274218e-04,1.5808850515e-02,2.1227598478e+00
8.3250000000e+02,3.8060659098e-03,1.2243776168e-02,7.2657364164e-01,2.2065986189e-01,2.0576177181e-02,4.9620534338e-04,1.5644271871e-02,2.1169503359e+00
8.3300000000e+02,3.8034653839e-03,1.2218256450e-02,7.2616358864e-01,2.2134126758e-01,2.0443768787e-02,4.8901273296e-04,1.5540640429e-02,2.1154110064e+00
8.3350000000e+02,3.7917411455e-03,1.2188788208e-02,7.2679769652e-01,2.2088418783e-01,2.0314857338e-02,4.8784684810e-04,1.5534882113e-02,2.1128846983e+00
8.3400000000e+02,3.8104249271e-03,1.2196525489e-02,7.2594152255e-01,2.2176733743e-01,2.0270533097e-02,4.8527599374e-04,1.5528380505e-02,2.1140476963e+00
8.3450000000e+02,3.7803714405e-03,1.2087021673e-02,7.2657885215e-01,2.2148180465e-01,2.0175131580e-02,4.8114163862e-04,1.5415676873e-02,2.1090365004e+00
8.3500000000e+02,3.7670796622e-03,1.2017082870e-02,7.2832577304e-01,2.2014719056e-01,1.9969273932e-02,4.7387204702e-04,1.5299727883e-02,2.1003475538e+00
8.3550000000e+02,3.8099776423e-03,1.2146561625e-02,7.2750627234e-01,2.2058459309e-01,2.0017768415e-02,4.6847631129e-04,1.5466350576e-02,2.1032004938e+00
8.3600000000e+02,3.7965963194e-03,1.2077845565e-02,7.2732704789e-01,2.2091118029e-01,1.9981631629e-02,4.6116141269e-04,1.5444536895e-02,2.0987212167e+00
8.3650000000e+02,3.8165202062e-03,1.2057035416e-02,7.2840160254e-01,2.1978188859e-01,1.9978124276e-02,4.6449658807e-04,1.5500332388e-02,2.0988734731e+00
8.3700000000e+02,3.8254417856e-03,1.2048760550e-02,7.2865820139e-01,2.1973880580e-01,1.9772602206e-02,4.5774639298e-04,1.5498441877e-02,2.0951837972e+00
8.3750000000e+02,3.8187521001e-03,1.2003718854e-02,7.2712285170e-01,2.2117634624e-01,1.9785603906e-02,4.5470060880e-04,1.5638026591e-02,2.0978116076e+00
8.3800000000e+02,3.8348235048e-03,1.1962303453e-02,7.2605453127e-01,2.2217958399e-01,1.9806655266e-02,4.4981906893e-04,1.5712283449e-02,2.0995197753e+00
8.3850000000e+02,3.8655911260e-03,1.1995191046e-02,7.2580250645e-01,2.2255405893e-01,1.9662822224e-02,4.4570861278e-04,1.5674121617e-02,2.0982892562e+00
8.3900000000e+02,3.8622386815e-03,1.2028678423e-02,7.2619326787e-01,2.2217865892e-01,1.9628767915e-02,4.4100908540e-04,1.5667379099e-02,2.0976814927e+00
8.3950000000e+02,3.8730006363e-03,1.1956057347e-02,7.2701811352e-01,2.2136133554e-01,1.9668116244e-02,4.3598257243e-04,1.5687394142e-02,2.0967856754e+00
8.4000000000e+02,3.9011845018e-03,1.1940068666e-02,7.2722134232e-01,2.2116084842e-01,1.9678462311e-02,4.3551178249e-04,1.5662581995e-02,2.0965609631e+00
8.4050000000e+02,3.9337885477e-03,1.2006527876e-02,7.2696895825e-01,2.2145787767e-01,1.9584780586e-02,4.3911439685e-04,1.5608952678e-02,2.0971098721e+00
8.4100000000e+02,3.9733974281e-03,1.2029600703e-02,7.2598804340e-01,2.2238647284e-01,1.9601584429e-02,4.4260902029e-04,1.5578292182e-02,2.0999554126e+00
8.4150000000e+02,3.9914639387e-03,1.2064934118e-02,7.2663568679e-01,2.2197741654e-01,1.9492678018e-02,4.3806515362e-04,1.5399755437e-02,2.0970174233e+00
8.4200000000e+02,3.9934331386e-03,1.2074473208e-02,7.2658489097e-01,2.2210293089e-01,1.9439910872e-02,4.3544377706e-04,1.5368917144e-02,2.0965832803e+00
8.4250000000e+02,3.9908329945e-03,1.2124228610e-02,7.2455835042e-01,2.2403289680e-01,1.9484773526e-02,4.3653912389e-04,1.5372378522e-02,2.1017470129e+00
8.4300000000e+02,4.0272725276e-03,1.2160832699e-02,7.2560146113e-01,2.2312737029e-01,1.9398907956e-02,4.3004312112e-04,1.5254112273e-02,2.0977238101e+00
8.4350000000e+02,4.0604466996e-03,1.2195480069e-02,7.2452902783e-01,2.2408002359e-01,1.9509837017e-02,4.2791715067e-04,1.5197267651e-02,2.1005810796e+00
8.4400000000e+02,4.0521106285e-03,1.2172596537e-02,7.2451941337e-01,2.2426366880e-01,1.9432859418e-02,4.2746022508e-04,1.5131891015e-02,2.0992874171e+00
8.4450000000e+02,4.0704207141e-03,1.2224865407e-02,7.2471861966e-01,2.2401511107e-01,1.9358034828e-02,4.1810881700e-04,1.5194839502e-02,2.1005232461e+00
8.4500000000e+02,4.0812194923e-03,1.2236163219e-02,7.2539505231e-01,2.2321053759e-01,1.9386313546e-02,4.1947968280e-04,1.5271234156e-02,2.1006731832e+00
8.4550000000e+02,4.0938238513e-03,1.2283456588e-02,7.2616587460e-01,2.2249985323e-01,1.9363406001e-02,4.1750866408e-04,1.5176077062e-02,2.0982889839e+00
8.4600000000e+02,4.0975148366e-03,1.2327097497e-02,7.2570949437e-01,2.2294393606e-01,1.9387386114e-02,4.1938611987e-04,1.5115185003e-02,2.0987755607e+00
8.4650000000e+02,4.0927336559e-03,1.2273749341e-02,7.2536634474e-01,2.2349806306e-01,1.9276687026e-02,4.1876069722e-04,1.5073661482e-02,2.0964642938e+00
8.4700000000e+02,4.0987995161e-03,1.2243576286e-02,7.2556064062e-01,2.2336866563e-01,1.9230950885e-02,4.1651045984e-04,1.5080856606e-02,2.0949009513e+00
8.4750000000e+02,4.0862860597e-03,1.2275571655e-02,7.2557198187e-01,2.2343440246e-01,1.9222414426e-02,4.1306333319e-04,1.4996280201e-02,2.0945306967e+00
8.4800000000e+02,4.0918968069e-03,1.2307676018e-02,7.2513083017e-01,2.2383306751e-01,1.9215192574e-02,4.1134536466e-04,1.5009991562e-02,2.0950233526e+00
8.4850000000e+02,4.0978770146e-03,1.2297434568e-02,7.2413747442e-01,2.2467262118e-01,1.9244564895e-02,4.1098886388e-04,1.5139039060e-02,2.0980891280e+00
8.4900000000e+02,4.1112035253e-03,1.2320585001e-02,7.2385906956e-01,2.2485028756e-01,1.9311883710e-02,4.1074039345e-04,1.5136230255e-02,2.0997950003e+00
8.4950000000e+02,4.0823972970e-03,1.2317762290e-02,7.2405145087e-01,2.2476430390e-01,1.9219878892e-02,4.0572970839e-04,1.5158477046e-02,2.0983477923e+00
8.5000000000e+02,4.0847440068e-03,1.2340180545e-02,7.2546647752e-01,2.2343735337e-01,1.9148590835e-02,4.0564248968e-04,1.5117011235e-02,2.0951453775e+00
8.5050000000e+02,4.0695514938e-03,1.2254400254e-02,7.2609439191e-01,2.2309783658e-01,1.9033226520e-02,4.0261145500e-04,1.5047981787e-02,2.0908178899e+00
8.5100000000e+02,4.0755502965e-03,1.2252869390e-02,7.2503082327e-01,2.2421307116e-01,1.9066011212e-02,4.0001825368e-04,1.4961656420e-02,2.0910170523e+00
8.5150000000e+02,4.0905188683e-03,1.2344009277e-02,7.2425940401e-01,2.2487143666e-01,1.9127904598e-02,4.0357355435e-04,1.4903153034e-02,2.0945697141e+00
8.5200000000e+02,4.1244673170e-03,1.2341925884e-02,7.2467867793e-01,2.2446832524e-01,1.9160568076e-02,4.0487510053e-04,1.4821160445e-02,2.0947311829e+00
8.5250000000e+02,4.0946769599e-03,1.2335211409e-02,7.2581502382e-01,2.2343292454e-01,1.9101296049e-02,4.0901141684e-04,1.4811855798e-02,2.0918599496e+00
8.5300000000e+02,4.0795857323e-03,1.2336849651e-02,7.2637389080e-01,2.2288259945e-01,1.9118110095e-02,4.0799359490e-04,1.4800970678e-02,2.0906027657e+00
8.5350000000e+02,4.0612238294e-03,1.2311902773e-02,7.2567533782e-01,2.2366912029e-01,1.9177236691e-02,4.1127866358e-04,1.4693899933e-02,2.0904946406e+00
8.5400000000e+02,4.0593170559e-03,1.2309486920e-02,7.2559245280e-01,2.2382973088e-01,1.9117130553e-02,4.0963356015e-04,1.4682248226e-02,2.0897032042e+00
8.5450000000e+02,4.0437838298e-03,1.2360264966e-02,7.2573536220e-01,2.2365418556e-01,1.9086098749e-02,4.1034608481e-04,1.4709958613e-02,2.0908527330e+00
8.5500000000e+02,4.0484153461e-03,1.2337183112e-02,7.2575064772e-01,2.2381911279e-01,1.9007935787e-02,4.0888644356e-04,1.4627818808e-02,2.0905858075e+00
8.5550000000e+02,4.0620871612e-03,1.2442645924e-02,7.2613261885e-01,2.2323018282e-01,1.9056592618e-02,4.0976305634e-04,1.4666109565e-02,2.0927028528e+00
8.5600000000e+02,4.0783121150e-03,1.2533403415e-02,7.2603061553e-01,2.2308614162e-01,1.9175865261e-02,4.1736112303e-04,1.4678300930e-02,2.0947430086e+00
8.5650000000e+02,4.0773947730e-03,1.2521341338e-02,7.2558931189e-01,2.2353479032e-01,1.9136814891e-02,4.1821582298e-04,1.4722130964e-02,2.0961525835e+00
8.5700000000e+02,4.0877686969e-03,1.2508827475e-02,7.2636033692e-01,2.2278251923e-01,1.9206346651e-02,4.2593282213e-04,1.4628268200e-02,2.0949708647e+00
8.5750000000e+02,4.0934182717e-03,1.2411924429e-02,7.2700581962e-01,2.2221464506e-01,1.9270376401e-02,4.2936541379e-04,1.4574450802e-02,2.0937248079e+00
8.5800000000e+02,4.1085182757e-03,1.2488477552e-02,7.2672450907e-01,2.2227775569e-01,1.9254419085e-02,4.2966482370e-04,1.4716655507e-02,2.0967066195e+00
8.5850000000e+02,4.0672308929e-03,1.2392611269e-02,7.2771562816e-01,2.2165193679e-01,1.9245837750e-02,4.2594688191e-04,1.4500808249e-02,2.0907487018e+00
8.5900000000e+02,4.0749660884e-03,1.2330940269e-02,7.2812398115e-01,2.2135710106e-01,1.9278939585e-02,4.2865239910e-04,1.4405419452e-02,2.0896753637e+00
8.5950000000e+02,4.0819160963e-03,1.2330965059e-02,7.2760251299e-01,2.2178533124e-01,1.9332627085e-02,4.3071033353e-04,1.4435937197e-02,2.0929702069e+00
8.6000000000e+02,4.0654126978e-03,1.2380860679e-02,7.2806721022e-01,2.2132025180e-01,1.9418613321e-02,4.3601196092e-04,1.4311639321e-02,2.0928330601e+00
8.6050000000e+02,4.0848626631e-03,1.2471849954e-02,7.2664873316e-01,2.2248263182e-01,1.9530075886e-02,4.4280512319e-04,1.4339041391e-02,2.0990908369e+00
8.6100000000e+02,4.1348129185e-03,1.2543531357e-02,7.2488975887e-01,2.2411452881e-01,1.9532733145e-02,4.4794158275e-04,1.4336693314e-02,2.1042030945e+00
8.6150000000e+02,4.1288520950e-03,1.2639851540e-02,7.2320006398e-01,2.2574737265e-01,1.9524002280e-02,4.5657674466e-04,1.4303280708e-02,2.1083743524e+00
8.6200000000e+02,4.0949192608e-03,1.2554874394e-02,7.2354531757e-01,2.2548558051e-01,1.9589343667e-02,4.6235709976e-04,1.4267607497e-02,2.1063572659e+00
8.6250000000e+02,4.0816141387e-03,1.2646620319e-02,7.2337839503e-01,2.2522987375e-01,1.9883564447e-02,4.6552076223e-04,1.4314411555e-02,2.1110889793e+00
8.6300000000e+02,4.1202002917e-03,1.2558421486e-02,7.2463575576e-01,2.2381742422e-01,2.0005451178e-02,4.7671225860e-04,1.4386034808e-02,2.1110926151e+00
8.6350000000e+02,4.1298775340e-03,1.2585806527e-02,7.2505255338e-01,2.2327127370e-01,2.0047484958e-02,4.8486136905e-04,1.4428142534e-02,2.1127370392e+00
8.6400000000e+02,4.1328924898e-03,1.2521004824e-02,7.2516755211e-01,2.2342578665e-01,1.9949040143e-02,4.9015054757e-04,1.4313573231e-02,2.1091999813e+00
8.6450000000e+02,4.1538582235e-03,1.2495941783e-02,7.2415694497e-01,2.2432191359e-01,2.0074434742e-02,4.9872562379e-04,1.4298181066e-02,2.1131572985e+00
8.6500000000e+02,4.1851343862e-03,1.2555548111e-02,7.2348844757e-01,2.2481831427e-01,2.0067117430e-02,5.0348091250e-04,1.4381957323e-02,2.1180069008e+00
8.6550000000e+02,4.1910867014e-03,1.2570330869e-02,7.2390788650e-01,2.2425988856e-01,2.0169096847e-02,5.1285649360e-04,1.4388854032e-02,2.1199339644e+00
8.6600000000e+02,4.1874776154e-03,1.2647624570e-02,7.2312520095e-01,2.2487259287e-01,2.0195833661e-02,5.2093697452e-04,1.4450333356e-02,2.1244497184e+00
8.6650000000e+02,4.1719473439e-03,1.2638495123e-02,7.2499549919e-01,2.2297201749e-01,2.0182391418e-02,5.2613773479e-04,1.4513511700e-02,2.1218105944e+00
8.6700000000e+02,4.1640118270e-03,1.2567279185e-02,7.2424832255e-01,2.2364725217e-01,2.0277044061e-02,5.3016185304e-04,1.4565928360e-02,2.1238595111e+00
8.6750000000e+02,4.1580233678e-03,1.2596075210e-02,7.2395579480e-01,2.2404880740e-01,2.0176246700e-02,5.3630096281e-04,1.4528751559e-02,2.1245716481e+00
8.6800000000e+02,4.1483491970e-03,1.2552245017e-02,7.2478970840e-01,2.2332507676e-01,2.0236577480e-02,5.3752551982e-04,1.4410517632e-02,2.1228704162e+00
8.6850000000e+02,4.1226447473e-03,1.2452065633e-02,7.2498242365e-01,2.2339425130e-01,2.0146754252e-02,5.4448244823e-04,1.4357377971e-02,2.1202901753e+00
8.6900000000e+02,4.1268673887e-03,1.2452298793e-02,7.2595508626e-01,2.2238572983e-01,2.0162145253e-02,5.5268843090e-04,1.4365184053e-02,2.1196138887e+00
8.6950000000e+02,4.1402738083e-03,1.2457591981e-02,7.2554365754e-01,2.2273107147e-01,2.0124351170e-02,5.6212215730e-04,1.4440931876e-02,2.1225432437e+00
8.7000000000e+02,4.1440321390e-03,1.2419064523e-02,7.2424809858e-01,2.2412538413e-01,2.0059300009e-02,5.7144321652e-04,1.4432677407e-02,2.1252117999e+00
8.7050000000e+02,4.1531735434e-03,1.2361979736e-02,7.2574980335e-01,2.2268850599e-01,2.0008926697e-02,5.7240984021e-04,1.4465200844e-02,2.1223424314e+00
8.7100000000e+02,4.1544950090e-03,1.2398304982e-02,7.2510432499e-01,2.2322445247e-01,1.9990019268e-02,5.8308734754e-04,1.4545315934e-02,2.1256026199e+00
8.7150000000e+02,4.1551286954e-03,1.2440868639e-02,7.2553116386e-01,2.2263240881e-01,2.0028390387e-02,5.8779765746e-04,1.4624241950e-02,2.1279579793e+00
8.7200000000e+02,4.1631333949e-03,1.2368565178e-02,7.2545850930e-01,2.2280746928e-01,1.9963929361e-02,6.0093021325e-04,1.4637463277e-02,2.1269497140e+00
8.7250000000e+02,4.1276830532e-03,1.2326231632e-02,7.2628882552e-01,2.2215449014e-01,1.9877403083e-02,6.0434036031e-04,1.4621026207e-02,2.1239660642e+00
8.7300000000e+02,4.1312062283e-03,1.2403741151e-02,7.2639647780e-01,2.2192717272e-01,1.9806436460e-02,6.1484682681e-04,1.4720118815e-02,2.1261581018e+00
8.7350000000e+02,4.1510799410e-03,1.2419513785e-02,7.2586087677e-01,2.2235394533e-01,1.9851836733e-02,6.2005022810e-04,1.4742697211e-02,2.1287546077e+00
8.7400000000e+02,4.1839860317e-03,1.2549568028e-02,7.2375339766e-01,2.2391549301e-01,1.9963616555e-02,6.3179939279e-04,1.5002139321e-02,2.1398588422e+00
8.7450000000e+02,4.1772176062e-03,1.2611225091e-02,7.2453657239e-01,2.2306697074e-01,2.0028842171e-02,6.3130679329e-04,1.4947865205e-02,2.1399201271e+00
8.7500000000e+02,4.2019594270e-03,1.2594890912e-02,7.2517880693e-01,2.2247329017e-01,1.9988148181e-02,6.3830966413e-04,1.4924594726e-02,2.1392138421e+00
8.7550000000e+02,4.1984271275e-03,1.2661002919e-02,7.2408005578e-01,2.2330545408e-01,2.0098170670e-02,6.4746227579e-04,1.5009427144e-02,2.1436951971e+00
8.7600000000e+02,4.1757177299e-03,1.2613341827e-02,7.2438549042e-01,2.2313119300e-01,2.0028365099e-02,6.5126718564e-04,1.5014624739e-02,2.1427917496e+00
8.7650000000e+02,4.1657172395e-03,1.2605807828e-02,7.2490716015e-01,2.2253138765e-01,2.0074519143e-02,6.5199955321e-04,1.5063408435e-02,2.1432452874e+00
8.7700000000e+02,4.1463817873e-03,1.2499329539e-02,7.2604560942e-01,2.2177788075e-01,1.9951564263e-02,6.5176855044e-04,1.4927465682e-02,2.1374255377e+00
8.7750000000e+02,4.1165465998e-03,1.2493980632e-02,7.2679550263e-01,2.2137709879e-01,1.9714404474e-02,6.5298203699e-04,1.4849484841e-02,2.1323156699e+00
8.7800000000e+02,4.1069743082e-03,1.2466897606e-02,7.2790455482e-01,2.2031011951e-01,1.9660743589e-02,6.6283870256e-04,1.4887871458e-02,2.1299600101e+00
8.7850000000e+02,4.1029209033e-03,1.2498113921e-02,7.2796560112e-01,2.2019713117e-01,1.9709707406e-02,6.6725412817e-04,1.4859271355e-02,2.1311261077e+00
8.7900000000e+02,4.0897152188e-03,1.2465636716e-02,7.2805211983e-01,2.1999984608e-01,1.9793350516e-02,6.7561545277e-04,1.4923716190e-02,2.1332191590e+00
8.7950000000e+02,4.0935182243e-03,1.2474303559e-02,7.2697542215e-01,2.2107274932e-01,1.9745159653e-02,6.8690351692e-04,1.4951943579e-02,2.1359710861e+00
8.8000000000e+02,4.0742429643e-03,1.2502386636e-02,7.2758575364e-01,2.2066219292e-01,1.9568046734e-02,6.8480865124e-04,1.4922568457e-02,2.1327906462e+00
8.8050000000e+02,4.0817716535e-03,1.2490292023e-02,7.2817250623e-01,2.1989968786e-01,1.9678643209e-02,6.8612317783e-04,1.4990975845e-02,2.1341206184e+00
8.8100000000e+02,4.1021291078e-03,1.2476158662e-02,7.2952897719e-01,2.1860374630e-01,1.9531978338e-02,6.8389509437e-04,1.5073115302e-02,2.1323284581e+00
8.8150000000e+02,4.0823291026e-03,1.2473549052e-02,7.3079386528e-01,2.1751198349e-01,1.9454944398e-02,6.7986250635e-04,1.5003466169e-02,2.1287496205e+00
8.8200000000e+02,4.0602704930e-03,1.2366635065e-02,7.3038703128e-01,2.1825715889e-01,1.9342979373e-02,6.7504052764e-04,1.4910884369e-02,2.1257795755e+00
8.8250000000e+02,4.0263403071e-03,1.2351910293e-02,7.3052322506e-01,2.1836109134e-01,1.9277209712e-02,6.7343669809e-04,1.4786786597e-02,2.1233244074e+00
8.8300000000e+02,4.0094644973e-03,1.2336632646e-02,7.3187475055e-01,2.1720405078e-01,1.9144797053e-02,6.7290429959e-04,1.4757400170e-02,2.1193447511e+00
8.8350000000e+02,4.0344532371e-03,1.2460694149e-02,7.3189665947e-01,2.1689228286e-01,1.9271408369e-02,6.8221976049e-04,1.4762282151e-02,2.1242379461e+00
8.8400000000e+02,4.0207370499e-03,1.2487894718e-02,7.3329073387e-01,2.1551753300e-01,1.9231444605e-02,6.8140378059e-04,1.4770252971e-02,2.1223044201e+00
8.8450000000e+02,4.0010486734e-03,1.2359457828e-02,7.3524314574e-01,2.1388468324e-01,1.9134622219e-02,6.7746771089e-04,1.4699574592e-02,2.1154742393e+00
8.8500000000e+02,4.0082193254e-03,1.2338219275e-02,7.3618876388e-01,2.1306300170e-01,1.9078966287e-02,6.7626531808e-04,1.4646564222e-02,2.1138091786e+00
8.8550000000e+02,3.9773674268e-03,1.2302335266e-02,7.3474799659e-01,2.1445709109e-01,1.9074205754e-02,6.7331720656e-04,1.4767686669e-02,2.1173666846e+00
8.8600000000e+02,3.9496594546e-03,1.2239081923e-02,7.3549430362e-01,2.1409249358e-01,1.8966046904e-02,6.7103835123e-04,1.4587376161e-02,2.1118960002e+00
8.8650000000e+02,3.9227765976e-03,1.2131321469e-02,7.3720373398e-01,2.1278471653e-01,1.8906251597e-02,6.6387172745e-04,1.4387328101e-02,2.1035902062e+00
8.8700000000e+02,3.9226103793e-03,1.2100601846e-02,7.3770719835e-01,2.1232208208e-01,1.8914774322e-02,6.6261861049e-04,1.4370114414e-02,2.1022095341e+00
8.8750000000e+02,3.9209229866e-03,1.2170410370e-02,7.3789050681e-01,2.1202310601e-01,1.8968986351e-02,6.6292564157e-04,1.4363141838e-02,2.1036632007e+00
8.8800000000e+02,3.8805715672e-03,1.2093134178e-02,7.3672067388e-01,2.1327425205e-01,1.8957897946e-02,6.5989530220e-04,1.4413575081e-02,2.1042646682e+00
8.8850000000e+02,3.8740769461e-03,1.2175454111e-02,7.3598692730e-01,2.1385716713e-01,1.9067696937e-02,6.5594046419e-04,1.4382737104e-02,2.1074688689e+00
8.8900000000e+02,3.8459611161e-03,1.2137649159e-02,7.3633821823e-01,2.1351542072e-01,1.9155887305e-02,6.4653405666e-04,1.4360329419e-02,2.1056374821e+00
8.8950000000e+02,3.8348980316e-03,1.1950892682e-02,7.3569857946e-01,2.1441613761e-01,1.9109068016e-02,6.4688739089e-04,1.4343536815e-02,2.1044217713e+00
8.9000000000e+02,3.8455376229e-03,1.1957754127e-02,7.3689567178e-01,2.1315431133e-01,1.9217875909e-02,6.3681084227e-04,1.4292038390e-02,2.1034173215e+00
8.9050000000e+02,3.8414440775e-03,1.2034683894e-02,7.3515266438e-01,2.1489913437e-01,1.9158496342e-02,6.3797508085e-04,1.4275601860e-02,2.1073733759e+00
8.9100000000e+02,3.8129844251e-03,1.2077321675e-02,7.3395038676e-01,2.1615585088e-01,1.9164560274e-02,6.3540256205e-04,1.4203493426e-02,2.1092687086e+00
8.9150000000e+02,3.8259677876e-03,1.2118990220e-02,7.3253011651e-01,2.1722222241e-01,1.9320811231e-02,6.3540880014e-04,1.4346483044e-02,2.1158125428e+00
8.9200000000e+02,3.8452507776e-03,1.2152503386e-02,7.3335666242e-01,2.1628025056e-01,1.9398622932e-02,6.3523311748e-04,1.4331476811e-02,2.1151457114e+00
8.9250000000e+02,3.8060712819e-03,1.2110318410e-02,7.3393731010e-01,2.1613960909e-01,1.9186648382e-02,6.3323337342e-04,1.4186809356e-02,2.1087375981e+00
8.9300000000e+02,3.7885951248e-03,1.2167483746e-02,7.3470808882e-01,2.1538295191e-01,1.9106669574e-02,6.2716234138e-04,1.4219048485e-02,2.1064430238e+00
8.9350000000e+02,3.7866620016e-03,1.2100738664e-02,7.3611870306e-01,2.1408175061e-01,1.9084147612e-02,6.2466294245e-04,1.4203335105e-02,2.1029363240e+00
8.9400000000e+02,3.7717051700e-03,1.2149580816e-02,7.3669186059e-01,2.1346281182e-01,1.9081089603e-02,6.2020048302e-04,1.4222751517e-02,2.1022419579e+00
8.9450000000e+02,3.7895323334e-03,1.2143134023e-02,7.3549172842e-01,2.1469169238e-01,1.9042017399e-02,6.1446159127e-04,1.4227433853e-02,2.1042105944e+00
8.9500000000e+02,3.7883795061e-03,1.2058944592e-02,7.3672453422e-01,2.1362116483e-01,1.9022013134e-02,6.0954895584e-04,1.4175414762e-02,2.1002282494e+00
8.9550000000e+02,3.8255234366e-03,1.2045166414e-02,7.3619995820e-01,2.1411644453e-01,1.9025534831e-02,6.0246494074e-04,1.4184907649e-02,2.1013817946e+00
8.9600000000e+02,3.8119539680e-03,1.1974309544e-02,7.3593610217e-01,2.1451453637e-01,1.9014949274e-02,5.9528796037e-04,1.4152860715e-02,2.0999430301e+00
8.9650000000e+02,3.8106994556e-03,1.1972549649e-02,7.3666442901e-01,2.1377212275e-01,1.9116900368e-02,5.9268241005e-04,1.4070616357e-02,2.0989078343e+00
8.9700000000e+02,3.8174475848e-03,1.2082173519e-02,7.3660032927e-01,2.1357528374e-01,1.9138053770e-02,5.8954606041e-04,1.4197166056e-02,2.1026512509e+00
8.9750000000e+02,3.8275079884e-03,1.2114073199e-02,7.3598824382e-01,2.1399060941e-01,1.9222032212e-02,5.8694358226e-04,1.4270589783e-02,2.1059096005e+00
8.9800000000e+02,3.8249072970e-03,1.2192443728e-02,7.3462408561e-01,2.1524253733e-01,1.9229772271e-02,5.8031581432e-04,1.4305937947e-02,2.1093431966e+00
8.9850000000e+02,3.8475408438e-03,1.2334577908e-02,7.3173368466e-01,2.1798336494e-01,1.9298962994e-02,5.7551942557e-04,1.4226349227e-02,2.1162362180e+00
8.9900000000e+02,3.8445690733e-03,1.2375472205e-02,7.3125171529e-01,2.1830679825e-01,1.9409174038e-02,5.7864596613e-04,1.4233625183e-02,2.1190586843e+00
8.9950000000e+02,3.8546325526e-03,1.2509672866e-02,7.3180709573e-01,2.1731661379e-01,1.9638560320e-02,5.7865586047e-04,1.4294768888e-02,2.1226805032e+00
9.0000000000e+02,3.8305088616e-03,1.2501789687e-02,7.3119783518e-01,2.1800512865e-01,1.9703862658e-02,5.7582105397e-04,1.4185053909e-02,2.1224466822e+00
9.0050000000e+02,3.7895988304e-03,1.2480298142e-02,7.3147171835e-01,2.1771767352e-01,1.9810973042e-02,5.6656826998e-04,1.4163169842e-02,2.1216876607e+00
9.0100000000e+02,3.7854929440e-03,1.2412582771e-02,7.3197316696e-01,2.1735100938e-01,1.9826209219e-02,5.5839449958e-04,1.4093144230e-02,2.1188935456e+00
9.0150000000e+02,3.7608393745e-03,1.2366467472e-02,7.3196676344e-01,2.1754850627e-01,1.9747424272e-02,5.5213537877e-04,1.4057863784e-02,2.1164636590e+00
9.0200000000e+02,3.7549465869e-03,1.2340503000e-02,7.3083655107e-01,2.1873562837e-01,1.9782401771e-02,5.4664237356e-04,1.4003326827e-02,2.1175650532e+00
9.0250000000e+02,3.7726143611e-03,1.2334602797e-02,7.3082981710e-01,2.1868440731e-01,1.9794921327e-02,5.3682646161e-04,1.4046810652e-02,2.1179428902e+00
9.0300000000e+02,3.7743628933e-03,1.2373917611e-02,7.2993398588e-01,2.1951350822e-01,1.9957636357e-02,5.3349785760e-04,1.3913091180e-02,2.1193481150e+00
9.0350000000e+02,3.7756336296e-03,1.2407863866e-02,7.3106079537e-01,2.1831715776e-01,2.0052312760e-02,5.2732677826e-04,1.3858909837e-02,2.1188212927e+00
9.0400000000e+02,3.7653837796e-03,1.2485612249e-02,7.3024090172e-01,2.1912194287e-01,2.0006803382e-02,5.2209990178e-04,1.3857256099e-02,2.1206997874e+00
9.0450000000e+02,3.8005405087e-03,1.2527073357e-02,7.3082924944e-01,2.1838722309e-01,1.9962792437e-02,5.1957812911e-04,1.3973543038e-02,2.1218173026e+00
9.0500000000e+02,3.7616750476e-03,1.2524722148e-02,7.3068527300e-01,2.1848766336e-01,2.0005509346e-02,5.1297968556e-04,1.4022177410e-02,2.1216424680e+00
9.0550000000e+02,3.8038927352e-03,1.2527155858e-02,7.2981440425e-01,2.1915894623e-01,2.0117041229e-02,5.0970130581e-04,1.4068858395e-02,2.1255989517e+00
9.0600000000e+02,3.8266359663e-03,1.2558815754e-02,7.2734069880e-01,2.2143172958e-01,2.0237386640e-02,5.0963757952e-04,1.4095095684e-02,2.1318125483e+00
9.0650000000e+02,3.8322255933e-03,1.2496123334e-02,7.2781277792e-01,2.2110138866e-01,2.0177407100e-02,5.0167114678e-04,1.4078406249e-02,2.1291072524e+00
9.0700000000e+02,3.8238366392e-03,1.2478017470e-02,7.2747445221e-01,2.2145117968e-01,2.0225332120e-02,4.9509364451e-04,1.4052088230e-02,2.1289166626e+00
9.0750000000e+02,3.8020530173e-03,1.2544469992e-02,7.2795836341e-01,2.2110216205e-01,2.0139218801e-02,4.8910849554e-04,1.3964624238e-02,2.1257795270e+00
9.0800000000e+02,3.7903388825e-03,1.2586254010e-02,7.2767153700e-01,2.2120167107e-01,2.0235845996e-02,4.8448545069e-04,1.4029867598e-02,2.1280036872e+00
9.0850000000e+02,3.7766391351e-03,1.2639993393e-02,7.2762358209e-01,2.2127253446e-01,2.0188786258e-02,4.8389178258e-04,1.4014572882e-02,2.1279051323e+00
9.0900000000e+02,3.7523073803e-03,1.2674986657e-02,7.2664127467e-01,2.2241419631e-01,2.0089878633e-02,4.8043210805e-04,1.3946924238e-02,2.1278144127e+00
9.0950000000e+02,3.7203315282e-03,1.2672767460e-02,7.2577924315e-01,2.2341471992e-01,2.0038479632e-02,4.7784646044e-04,1.3896611848e-02,2.1271287395e+00
9.1000000000e+02,3.7083552281e-03,1.2732856069e-02,7.2443803104e-01,2.2495532858e-01,1.9857171099e-02,4.6940977558e-04,1.3838848201e-02,2.1277349996e+00
9.1050000000e+02,3.7280432801e-03,1.2787855586e-02,7.2296510505e-01,2.2614331079e-01,1.9946112778e-02,4.6482708623e-04,1.3964745435e-02,2.1329399870e+00
9.1100000000e+02,3.7271166737e-03,1.2731460875e-02,7.2396359820e-01,2.2523554120e-01,1.9888095407e-02,4.5908760718e-04,1.3995100043e-02,2.1301637679e+00
9.1150000000e+02,3.7257002147e-03,1.2729433073e-02,7.2458676835e-01,2.2466341891e-01,1.9912310860e-02,4.5288716215e-04,1.3929481436e-02,2.1284453984e+00
9.1200000000e+02,3.7351620840e-03,1.2771939179e-02,7.2333291526e-01,2.2569094562e-01,2.0024153395e-02,4.4964641418e-04,1.3995238043e-02,2.1331915605e+00
9.1250000000e+02,3.7201209633e-03,1.2718437885e-02,7.2471367274e-01,2.2472428063e-01,1.9810078818e-02,4.4660279542e-04,1.3866806171e-02,2.1269010160e+00
9.1300000000e+02,3.7378932408e-03,1.2726944393e-02,7.2352075556e-01,2.2611820437e-01,1.9647096813e-02,4.4416921795e-04,1.3804936404e-02,2.1273221377e+00
9.1350000000e+02,3.7508518286e-03,1.2744619630e-02,7.2292281309e-01,2.2676187316e-01,1.9631329999e-02,4.4204155510e-04,1.3746470734e-02,2.1277933809e+00
9.1400000000e+02,3.7684949403e-03,1.2841561719e-02,7.2299307701e-01,2.2644478967e-01,1.9683909677e-02,4.3859606049e-04,1.3829570927e-02,2.1301298709e+00
9.1450000000e+02,3.7625296301e-03,1.2815873499e-02,7.2155743192e-01,2.2775020904e-01,1.9825244438e-02,4.3659282887e-04,1.3852118647e-02,2.1329526244e+00
9.1500000000e+02,3.7832740939e-03,1.2753947430e-02,7.2201126184e-01,2.2734317323e-01,1.9724299506e-02,4.3320910678e-04,1.3950834793e-02,2.1325898045e+00
9.1550000000e+02,3.8338951572e-03,1.2667601460e-02,7.2308101993e-01,2.2602914998e-01,1.9997447004e-02,4.3369514086e-04,1.3957191326e-02,2.1341883309e+00
9.1600000000e+02,3.8286864152e-03,1.2620295809e-02,7.2281545614e-01,2.2648599890e-01,1.9969204572e-02,4.2832401129e-04,1.3852034161e-02,2.1319202418e+00
9.1650000000e+02,3.8084915827e-03,1.2602132102e-02,7.2250913740e-01,2.2676185634e-01,2.0088172740e-02,4.2433764683e-04,1.3805872185e-02,2.1321150432e+00
9.1700000000e+02,3.8237118245e-03,1.2667072871e-02,7.2215282056e-01,2.2687479826e-01,2.0161413526e-02,4.2697112039e-04,1.3893211836e-02,2.1347296083e+00
9.1750000000e+02,3.8351942368e-03,1.2736309517e-02,7.2122139422e-01,2.2766951470e-01,2.0162717901e-02,4.2722339026e-04,1.3947646034e-02,2.1381400279e+00
9.1800000000e+02,3.8473740268e-03,1.2782292187e-02,7.1873988430e-01,2.3016044726e-01,2.0053784791e-02,4.2652454593e-04,1.3989692893e-02,2.1431298978e+00
9.1850000000e+02,3.8268861009e-03,1.2760040549e-02,7.1811523255e-01,2.3079679088e-01,2.0071575532e-02,4.2443051520e-04,1.4005043875e-02,2.1438753234e+00
9.1900000000e+02,3.8686776639e-03,1.2793627868e-02,7.1824469209e-01,2.3044026917e-01,2.0185922908e-02,4.2361077852e-04,1.4043199519e-02,2.1461170383e+00
9.1950000000e+02,3.8546814469e-03,1.2796887859e-02,7.1854121447e-01,2.3008738008e-01,2.0235168574e-02,4.1984075992e-04,1.4064826815e-02,2.1449072882e+00
9.2000000000e+02,3.8445870730e-03,1.2810117490e-02,7.1782808106e-01,2.3062867310e-01,2.0328146537e-02,4.1688540396e-04,1.4143509341e-02,2.1463837266e+00
9.2050000000e+02,3.8691728965e-03,1.2791415607e-02,7.1722994393e-01,2.3118343292e-01,2.0386920828e-02,4.1413869545e-04,1.4124975126e-02,2.1469930097e+00
9.2100000000e+02,3.8453605908e-03,1.2775954624e-02,7.1914453743e-01,2.2943268139e-01,2.0293704645e-02,4.1164253901e-04,1.4096118783e-02,2.1422521241e+00
9.2150000000e+02,3.8335979172e-03,1.2737998407e-02,7.1957998842e-01,2.2922144679e-01,2.0222308040e-02,4.1039144970e-04,1.3994268975e-02,2.1388646288e+00
9.2200000000e+02,3.8358665703e-03,1.2750863956e-02,7.1924369604e-01,2.2951534005e-01,2.0225211580e-02,4.1228137825e-04,1.4016740422e-02,2.1404621434e+00
9.2250000000e+02,3.8819635218e-03,1.2760527656e-02,7.1726436972e-01,2.3120024484e-01,2.0397963558e-02,4.1521870917e-04,1.4079711997e-02,2.1475632324e+00
9.2300000000e+02,3.9118622046e-03,1.2656261283e-02,7.1646088521e-01,2.3210186620e-01,2.0401646925e-02,4.1521205607e-04,1.4052266119e-02,2.1479581768e+00
9.2350000000e+02,3.9312971591e-03,1.2594546802e-02,7.1919734464e-01,2.2942605819e-01,2.0441837400e-02,4.1414171731e-04,1.3994774093e-02,2.1423613628e+00
9.2400000000e+02,3.8989822834e-03,1.2532950454e-02,7.2030349377e-01,2.2843704175e-01,2.0425074437e-02,4.1070483621e-04,1.3991752470e-02,2.1381200323e+00
9.2450000000e+02,3.8800635015e-03,1.2418166186e-02,7.1857914736e-01,2.3021454741e-01,2.0456525103e-02,4.1283438851e-04,1.4038716057e-02,2.1397562899e+00
9.2500000000e+02,3.8843666048e-03,1.2383620833e-02,7.1839336616e-01,2.3040642726e-01,2.0439344657e-02,4.1000042202e-04,1.4082874070e-02,2.1401601961e+00
9.2550000000e+02,3.8937209360e-03,1.2333725992e-02,7.1784308753e-01,2.3094252727e-01,2.0371460615e-02,4.1127352632e-04,1.4204204126e-02,2.1419041236e+00
9.2600000000e+02,3.9152729247e-03,1.2231469872e-02,7.1745147220e-01,2.3140187082e-01,2.0336780738e-02,4.1503868783e-04,1.4248094751e-02,2.1421907427e+00
9.2650000000e+02,3.9184121023e-03,1.2295029834e-02,7.1698855958e-01,2.3178947132e-01,2.0240963032e-02,4.1701435030e-04,1.4350549781e-02,2.1442090939e+00
9.2700000000e+02,3.8915830377e-03,1.2192869333e-02,7.1732323226e-01,2.3147879762e-01,2.0304625195e-02,4.1691025859e-04,1.4391982295e-02,2.1422327036e+00
9.2750000000e+02,3.8733891334e-03,1.2207746436e-02,7.1501714319e-01,2.3374150422e-01,2.0371245841e-02,4.1978610732e-04,1.4369185079e-02,2.1453074063e+00
9.2800000000e+02,3.8442768992e-03,1.2157642488e-02,7.1663728139e-01,2.3239633510e-01,2.0275555641e-02,4.1758316211e-04,1.4271325318e-02,2.1391941108e+00
9.2850000000e+02,3.8426898386e-03,1.2182430794e-02,7.1567539286e-01,2.3317926537e-01,2.0361181366e-02,4.1574432650e-04,1.4343295450e-02,2.1414920164e+00
9.2900000000e+02,3.8712020523e-03,1.2243448042e-02,7.1414511386e-01,2.3427896262e-01,2.0565403331e-02,4.2166796086e-04,1.4474202129e-02,2.1482677470e+00
9.2950000000e+02,3.8605974331e-03,1.2172226801e-02,7.1569869773e-01,2.3255166795e-01,2.0777358013e-02,4.2075841704e-04,1.4518693655e-02,2.1465019789e+00
9.3000000000e+02,3.8367075525e-03,1.2240773036e-02,7.1550620222e-01,2.3262509455e-01,2.0825426609e-02,4.2609410954e-04,1.4539701920e-02,2.1474449394e+00
9.3050000000e+02,3.8233076826e-03,1.2333901912e-02,7.1570860867e-01,2.3226442321e-01,2.0895282445e-02,4.2510847826e-04,1.4549367597e-02,2.1494321496e+00
9.3100000000e+02,3.8146575761e-03,1.2362384355e-02,7.1647635389e-01,2.3144615503e-01,2.0918829336e-02,4.2390652116e-04,1.4557713288e-02,2.1480037704e+00
9.3150000000e+02,3.8117204848e-03,1.2360201378e-02,7.1638039263e-01,2.3175804510e-01,2.0786412138e-02,4.2337577474e-04,1.4479852493e-02,2.1455009152e+00
9.3200000000e+02,3.8216776240e-03,1.2248602745e-02,7.1622020916e-01,2.3207519803e-01,2.0669675779e-02,4.2127090722e-04,1.4543365749e-02,2.1441675805e+00
9.3250000000e+02,3.8086829437e-03,1.2283683276e-02,7.1732706163e-01,2.3079402970e-01,2.0637339494e-02,4.2583866764e-04,1.4723364283e-02,2.1441773538e+00
9.3300000000e+02,3.7992754533e-03,1.2209101506e-02,7.1710841621e-01,2.3121704536e-01,2.0527790981e-02,4.2768981414e-04,1.4710680678e-02,2.1423704725e+00
9.3350000000e+02,3.7812315051e-03,1.2196723049e-02,7.1622844667e-01,2.3185508763e-01,2.0628330253e-02,4.3013497426e-04,1.4880045918e-02,2.1456321907e+00
9.3400000000e+02,3.7886057405e-03,1.2214552590e-02,7.1412609982e-01,2.3370516657e-01,2.0782200244e-02,4.3335345338e-04,1.4950021575e-02,2.1518503144e+00
9.3450000000e+02,3.7707215646e-03,1.2260583970e-02,7.1478342005e-01,2.3311713244e-01,2.0786705753e-02,4.3642491093e-04,1.4845011313e-02,2.1493517816e+00
9.3500000000e+02,3.7497459792e-03,1.2088709356e-02,7.1617724429e-01,2.3214085883e-01,2.0685443677e-02,4.3556963613e-04,1.4722428228e-02,2.1421476367e+00
9.3550000000e+02,3.7624456760e-03,1.2047467955e-02,7.1644390818e-01,2.3195525574e-01,2.0656421579e-02,4.3523432791e-04,1.4699266544e-02,2.1413301425e+00
9.3600000000e+02,3.7504055874e-03,1.2082973364e-02,7.1656046657e-01,2.3179634429e-01,2.0672728236e-02,4.3356014487e-04,1.4703521802e-02,2.1416202371e+00
9.3650000000e+02,3.7710281496e-03,1.2138864253e-02,7.1632136339e-01,2.3205358430e-01,2.0629153401e-02,4.3529310163e-04,1.4650713401e-02,2.1415969378e+00
9.3700000000e+02,3.7520272975e-03,1.2152411151e-02,7.1774898095e-01,2.3062156744e-01,2.0710141316e-02,4.3674882338e-04,1.4578123020e-02,2.1387971566e+00
9.3750000000e+02,3.7508972517e-03,1.2197127696e-02,7.1778555976e-01,2.3068868310e-01,2.0547415141e-02,4.3906963343e-04,1.4591247409e-02,2.1391581147e+00
9.3800000000e+02,3.7395936910e-03,1.2103896326e-02,7.1954227358e-01,2.2911833292e-01,2.0466373607e-02,4.3423555294e-04,1.4595294324e-02,2.1344647380e+00
9.3850000000e+02,3.7297868893e-03,1.2211054570e-02,7.1879695929e-01,2.2962417068e-01,2.0491162087e-02,4.3802065940e-04,1.4708845828e-02,2.1373591903e+00
9.3900000000e+02,3.7200045404e-03,1.2306498647e-02,7.1884914010e-01,2.2945700473e-01,2.0478204367e-02,4.4269165184e-04,1.4746455968e-02,2.1390506313e+00
9.3950000000e+02,3.7116726260e-03,1.2320831720e-02,7.1871218459e-01,2.2945420115e-01,2.0538445741e-02,4.4614856598e-04,1.4816515603e-02,2.1416873269e+00
9.4000000000e+02,3.7213683471e-03,1.2419569466e-02,7.1871840243e-01,2.2946021202e-01,2.0349912136e-02,4.4716255513e-04,1.4883373042e-02,2.1437068158e+00
9.4050000000e+02,3.7012253760e-03,1.2401051400e-02,7.1804663683e-01,2.2997282995e-01,2.0431062285e-02,4.4904402923e-04,1.4998150127e-02,2.1463120212e+00
9.4100000000e+02,3.6972072014e-03,1.2507602880e-02,7.1714625574e-01,2.3064314164e-01,2.0496786967e-02,4.5205882363e-04,1.5056946742e-02,2.1508751330e+00
9.4150000000e+02,3.7070266744e-03,1.2501362416e-02,7.1676499873e-01,2.3088897455e-01,2.0561249847e-02,4.5313061996e-04,1.5123257158e-02,2.1522746143e+00
9.4200000000e+02,3.6923699713e-03,1.2515332805e-02,7.1891225280e-01,2.2869758129e-01,2.0591173825e-02,4.5379949458e-04,1.5137489822e-02,2.1481215588e+00
9.4250000000e+02,3.6944329350e-03,1.2524724062e-02,7.1969819718e-01,2.2800866334e-01,2.0488400978e-02,4.5408885029e-04,1.5131492650e-02,2.1462260015e+00
9.4300000000e+02,3.6813585240e-03,1.2594038385e-02,7.1923306410e-01,2.2829861205e-01,2.0492167916e-02,4.5488965859e-04,1.5245869359e-02,2.1504416623e+00
9.4350000000e+02,3.6685073248e-03,1.2652988433e-02,7.1769020877e-01,2.2984749208e-01,2.0375573511e-02,4.5590093913e-04,1.5309328936e-02,2.1527246789e+00
9.4400000000e+02,3.6468308797e-03,1.2744151775e-02,7.1669026940e-01,2.3051177831e-01,2.0588765040e-02,4.5997209446e-04,1.5358232507e-02,2.1567705685e+00
9.4450000000e+02,3.6281078216e-03,1.2674845093e-02,7.1817101491e-01,2.2908452192e-01,2.0632386081e-02,4.6119598268e-04,1.5347928200e-02,2.1534299135e+00
9.4500000000e+02,3.5999235014e-03,1.2647352187e-02,7.1693760461e-01,2.3050047474e-01,2.0539827252e-02,4.6179192915e-04,1.5313025774e-02,2.1536127279e+00
9.4550000000e+02,3.6309517720e-03,1.2640678913e-02,7.1642065272e-01,2.3077844602e-01,2.0637477067e-02,4.6157454925e-04,1.5430218966e-02,2.1571783623e+00
9.4600000000e+02,3.6326414386e-03,1.2554861690e-02,7.1802907649e-01,2.2955222001e-01,2.0424039012e-02,4.5913730325e-04,1.5348024057e-02,2.1501884982e+00
9.4650000000e+02,3.6319994269e-03,1.2538305687e-02,7.1805141820e-01,2.2952010230e-01,2.0424442104e-02,4.5780010871e-04,1.5375932169e-02,2.1494119307e+00
9.4700000000e+02,3.6114511314e-03,1.2555732420e-02,7.1715294443e-01,2.3049318942e-01,2.0419516448e-02,4.6107568291e-04,1.5306090465e-02,2.1495850484e+00
9.4750000000e+02,3.6219989917e-03,1.2544727356e-02,7.1640519247e-01,2.3118876156e-01,2.0346249643e-02,4.6632052496e-04,1.5426749457e-02,2.1525447316e+00
9.4800000000e+02,3.6235076036e-03,1.2537692640e-02,7.1665460546e-01,2.3090961879e-01,2.0523872818e-02,4.6850625129e-04,1.5282196445e-02,2.1521355251e+00
9.4850000000e+02,3.6049024794e-03,1.2569035701e-02,7.1730686778e-01,2.3025102132e-01,2.0563680091e-02,4.7173960198e-04,1.5232753031e-02,2.1502100333e+00
9.4900000000e+02,3.6129580289e-03,1.2556876062e-02,7.1614094801e-01,2.3122870678e-01,2.0796778806e-02,4.7052221097e-04,1.5193210099e-02,2.1536505050e+00
9.4950000000e+02,3.5951862305e-03,1.2598373275e-02,7.1617674758e-01,2.3121734644e-01,2.0778518795e-02,4.7102957757e-04,1.5162798111e-02,2.1539253114e+00
9.5000000000e+02,3.6135163450e-03,1.2696559864e-02,7.1543728025e-01,2.3201621705e-01,2.0587155521e-02,4.7128622642e-04,1.5177984744e-02,2.1552741357e+00
9.5050000000e+02,3.6316749052e-03,1.2807303613e-02,7.1384256627e-01,2.3333301353e-01,2.0672983943e-02,4.7722926605e-04,1.5235228469e-02,2.1609471171e+00
9.5100000000e+02,3.6254797277e-03,1.2761871617e-02,7.1473184162e-01,2.3267285404e-01,2.0540100522e-02,4.7507855695e-04,1.5192773912e-02,2.1572264816e+00
9.5150000000e+02,3.6033182731e-03,1.2732519675e-02,7.1532374419e-01,2.3219433704e-01,2.0528394942e-02,4.7713645597e-04,1.5140549415e-02,2.1544831483e+00
9.5200000000e+02,3.5964498884e-03,1.2719403342e-02,7.1488574196e-01,2.3270577684e-01,2.0538937670e-02,4.7717233720e-04,1.5076517967e-02,2.1547100724e+00
9.5250000000e+02,3.5939040903e-03,1.2638657628e-02,7.1465094611e-01,2.3299688382e-01,2.0587978419e-02,4.7814973653e-04,1.5053480193e-02,2.1539779809e+00
9.5300000000e+02,3.6217274756e-03,1.2769458948e-02,7.1368236015e-01,2.3373246394e-01,2.0511483390e-02,4.7973986796e-04,1.5202766223e-02,2.1582929894e+00
9.5350000000e+02,3.6178295799e-03,1.2785349065e-02,7.1448107876e-01,2.3295521361e-01,2.0458651481e-02,4.7756149274e-04,1.5224316013e-02,2.1567012627e+00
9.5400000000e+02,3.6258144626e-03,1.2717447069e-02,7.1514868809e-01,2.3238615772e-01,2.0447643559e-02,4.7599323987e-04,1.5198255852e-02,2.1550567810e+00
9.5450000000e+02,3.6550574294e-03,1.2798255712e-02,7.1502868424e-01,2.3204963175e-01,2.0690155015e-02,4.7474767003e-04,1.5303468185e-02,2.1600949682e+00
9.5500000000e+02,3.6452078469e-03,1.2743872633e-02,7.1495158503e-01,2.3211417425e-01,2.0758842595e-02,4.7250096653e-04,1.5313816678e-02,2.1605577674e+00
9.5550000000e+02,3.6552578946e-03,1.2726769557e-02,7.1372199499e-01,2.3328744041e-01,2.0863402905e-02,4.7469756683e-04,1.5270436682e-02,2.1635952402e+00
9.5600000000e+02,3.6659644477e-03,1.2739354461e-02,7.1476531168e-01,2.3216322769e-01,2.0861391224e-02,4.7465329456e-04,1.5330097202e-02,2.1630715098e+00
9.5650000000e+02,3.6632498964e-03,1.2674947175e-02,7.1517362724e-01,2.3213202027e-01,2.0642906017e-02,4.7422123370e-04,1.5239028164e-02,2.1593113640e+00
9.5700000000e+02,3.6745815324e-03,1.2530204632e-02,7.1572386930e-01,2.3176825100e-01,2.0595583817e-02,4.7184379707e-04,1.5235665919e-02,2.1567348541e+00
9.5750000000e+02,3.6928699679e-03,1.2543515741e-02,7.1601091011e-01,2.3131968444e-01,2.0698796712e-02,4.6935190136e-04,1.5264871122e-02,2.1576886176e+00
9.5800000000e+02,3.7161563066e-03,1.2554093194e-02,7.1506925342e-01,2.3224371446e-01,2.0597482028e-02,4.6849539628e-04,1.5350805195e-02,2.1587941669e+00
9.5850000000e+02,3.7156245674e-03,1.2627810881e-02,7.1627586449e-01,2.3107175515e-01,2.0513673314e-02,4.6777494741e-04,1.5327496647e-02,2.1571327701e+00
9.5900000000e+02,3.6756764039e-03,1.2558381490e-02,7.1702552784e-01,2.3054555044e-01,2.0445818288e-02,4.6606920585e-04,1.5282976330e-02,2.1531420862e+00
9.5950000000e+02,3.7003752750e-03,1.2496690940e-02,7.1790015376e-01,2.2975137524e-01,2.0386566292e-02,4.6909861524e-04,1.5295739877e-02,2.1512855584e+00
9.6000000000e+02,3.7144433542e-03,1.2523131087e-02,7.1726553720e-01,2.3020520582e-01,2.0446848629e-02,4.7099038534e-04,1.5373843525e-02,2.1550557205e+00
9.6050000000e+02,3.7061977084e-03,1.2498885715e-02,7.1642497434e-01,2.3109399854e-01,2.0466891015e-02,4.7120538001e-04,1.5337847299e-02,2.1546871552e+00
9.6100000000e+02,3.7304384964e-03,1.2490632363e-02,7.1618606488e-01,2.3139198054e-01,2.0373107468e-02,4.6766200526e-04,1.5360114247e-02,2.1552649212e+00
9.6150000000e+02,3.7532968933e-03,1.2509774837e-02,7.1553503437e-01,2.3192199941e-01,2.0439674179e-02,4.6394472370e-04,1.5376275587e-02,2.1570578940e+00
9.6200000000e+02,3.7568268809e-03,1.2553230115e-02,7.1533909064e-01,2.3210497146e-01,2.0434390646e-02,4.6043406403e-04,1.5351056200e-02,2.1571809214e+00
9.6250000000e+02,3.7316635084e-03,1.2550263249e-02,7.1702725425e-01,2.3053342905e-01,2.0365861837e-02,4.5700077203e-04,1.5334527331e-02,2.1527351136e+00
9.6300000000e+02,3.7210433079e-03,1.2660946815e-02,7.1711286635e-01,2.3050394044e-01,2.0189910656e-02,4.5555194504e-04,1.5355740479e-02,2.1521433537e+00
9.6350000000e+02,3.7310124946e-03,1.2663898257e-02,7.1611253352e-01,2.3159016103e-01,2.0151180510e-02,4.5057878173e-04,1.5300635401e-02,2.1519486234e+00
9.6400000000e+02,3.7051389315e-03,1.2600569835e-02,7.1639660044e-01,2.3156294930e-01,2.0036780768e-02,4.4581251950e-04,1.5252148208e-02,2.1481556333e+00
9.6450000000e+02,3.7279577072e-03,1.2667894289e-02,7.1633999580e-01,2.3148484249e-01,2.0044982506e-02,4.4471635528e-04,1.5289610846e-02,2.1492081529e+00
9.6500000000e+02,3.7429160227e-03,1.2711867684e-02,7.1625810249e-01,2.3148287909e-01,2.0037409043e-02,4.4289515521e-04,1.5323930512e-02,2.1511401049e+00
9.6550000000e+02,3.7278303270e-03,1.2693833792e-02,7.1742590349e-01,2.3039984509e-01,2.0058178023e-02,4.4186866894e-04,1.5252540615e-02,2.1487693474e+00
9.6600000000e+02,3.7259618596e-03,1.2728327278e-02,7.1696025859e-01,2.3080260967e-01,2.0051418661e-02,4.4296272271e-04,1.5288461225e-02,2.1500535577e+00
9.6650000000e+02,3.7225808164e-03,1.2588309823e-02,7.1818459334e-01,2.2990427488e-01,1.9961822113e-02,4.4206563131e-04,1.5196353395e-02,2.1451039487e+00
9.6700000000e+02,3.7566136323e-03,1.2612430923e-02,7.1696667494e-01,2.3088458953e-01,2.0054921710e-02,4.4298326869e-04,1.5281785997e-02,2.1498987803e+00
9.6750000000e+02,3.7639612554e-03,1.2611770017e-02,7.1639700403e-01,2.3149484993e-01,1.9982088873e-02,4.4218466237e-04,1.5308141233e-02,2.1511836337e+00
9.6800000000e+02,3.7966627984e-03,1.2764762549e-02,7.1384290933e-01,2.3354264279e-01,2.0117873701e-02,4.4388625465e-04,1.5491262575e-02,2.1608844412e+00
9.6850000000e+02,3.8143647608e-03,1.2837771367e-02,7.1193446864e-01,2.3519723260e-01,2.0187647950e-02,4.3748896209e-04,1.5591025721e-02,2.1660699920e+00
9.6900000000e+02,3.8197514898e-03,1.2886007291e-02,7.1096614655e-01,2.3606809029e-01,2.0153072644e-02,4.3469749200e-04,1.5672234243e-02,2.1678797016e+00
9.6950000000e+02,3.8175831685e-03,1.2844029092e-02,7.1135826130e-01,2.3556054490e-01,2.0204034279e-02,4.3118936627e-04,1.5784357891e-02,2.1677432430e+00
9.7000000000e+02,3.8374128734e-03,1.2827549150e-02,7.1212873419e-01,2.3459169422e-01,2.0276757773e-02,4.3321903830e-04,1.5904632747e-02,2.1695422871e+00
9.7050000000e+02,3.8564502766e-03,1.2811897474e-02,7.1223592358e-01,2.3440970562e-01,2.0300741353e-02,4.2984628034e-04,1.5955435413e-02,2.1710394835e+00
9.7100000000e+02,3.8395374641e-03,1.2854296215e-02,7.1195396007e-01,2.3462611302e-01,2.0332788804e-02,4.2709296969e-04,1.5966211455e-02,2.1708487379e+00
9.7150000000e+02,3.8580360266e-03,1.2945188852e-02,7.1140641142e-01,2.3490891972e-01,2.0426518129e-02,4.2405807568e-04,1.6030867774e-02,2.1737015641e+00
9.7200000000e+02,3.8396902297e-03,1.2977430632e-02,7.1197294905e-01,2.3427328458e-01,2.0431806601e-02,4.2286600234e-04,1.6081972902e-02,2.1730568265e+00
9.7250000000e+02,3.8294644317e-03,1.2965133869e-02,7.1209974825e-01,2.3399738469e-01,2.0565927215e-02,4.2366893877e-04,1.6118672603e-02,2.1741193278e+00
9.7300000000e+02,3.8283067578e-03,1.2977646011e-02,7.1252129399e-01,2.3353845747e-01,2.0651938019e-02,4.1840747142e-04,1.6063950282e-02,2.1728069048e+00
9.7350000000e+02,3.8419526393e-03,1.2930886793e-02,7.1284337978e-01,2.3338952550e-01,2.0525945725e-02,4.1566707474e-04,1.6052642495e-02,2.1705708805e+00
9.7400000000e+02,3.8506418930e-03,1.2919414584e-02,7.1200632548e-01,2.3408847896e-01,2.0610321607e-02,4.1785347778e-04,1.6106963998e-02,2.1722770889e+00
9.7450000000e+02,3.8466286360e-03,1.2916532867e-02,7.1108862763e-01,2.3480699876e-01,2.0693535571e-02,4.1864000951e-04,1.6229036531e-02,2.1752628373e+00
9.7500000000e+02,3.8533531297e-03,1.2859472214e-02,7.1166194338e-01,2.3403514343e-01,2.0826271755e-02,4.2117993897e-04,1.6342636149e-02,2.1762812200e+00
9.7550000000e+02,3.8535782309e-03,1.2835394397e-02,7.1293127061e-01,2.3278612033e-01,2.0855990598e-02,4.1635625088e-04,1.6321289582e-02,2.1737674065e+00
9.7600000000e+02,3.8395055625e-03,1.2856993005e-02,7.1368283218e-01,2.3210556463e-01,2.0876954552e-02,4.1407711563e-04,1.6224072954e-02,2.1712675193e+00
9.7650000000e+02,3.8558644072e-03,1.2819636954e-02,7.1377370121e-01,2.3196845493e-01,2.0887122445e-02,4.1498624045e-04,1.6280233815e-02,2.1711631360e+00
9.7700000000e+02,3.8479202320e-03,1.2859470969e-02,7.1351015486e-01,2.3223112209e-01,2.0825151111e-02,4.1444836361e-04,1.6311732369e-02,2.1720232136e+00
9.7750000000e+02,3.8627874376e-03,1.2848357509e-02,7.1244028796e-01,2.3317031081e-01,2.0807623171e-02,4.1317863307e-04,1.6457454477e-02,2.1746506759e+00
9.7800000000e+02,3.8637742527e-03,1.2778811729e-02,7.1146060090e-01,2.3414220709e-01,2.0909204192e-02,4.1790873875e-04,1.6427493106e-02,2.1763258422e+00
9.7850000000e+02,3.8297827684e-03,1.2675129874e-02,7.1399817957e-01,2.3175094588e-01,2.0886735366e-02,4.1164323075e-04,1.6447583315e-02,2.1702946111e+00
9.7900000000e+02,3.8346690498e-03,1.2639857377e-02,7.1486225125e-01,2.3098676353e-01,2.0831476616e-02,4.0988231102e-04,1.6435099866e-02,2.1671844871e+00
9.7950000000e+02,3.8225864398e-03,1.2603686302e-02,7.1546400518e-01,2.3057809574e-01,2.0729984668e-02,4.1137966875e-04,1.6390262007e-02,2.1638356217e+00
9.8000000000e+02,3.7805426325e-03,1.2511898028e-02,7.1461045968e-01,2.3135314124e-01,2.0847745013e-02,4.0996634388e-04,1.6486247062e-02,2.1649637523e+00
9.8050000000e+02,3.7985801072e-03,1.2505603632e-02,7.1370042580e-01,2.3216696976e-01,2.0884234994e-02,4.0897569964e-04,1.6535210006e-02,2.1683743541e+00
9.8100000000e+02,3.8044070119e-03,1.2509368737e-02,7.1334322519e-01,2.3255455454e-01,2.0851546798e-02,4.0770507993e-04,1.6529192645e-02,2.1692968499e+00
9.8150000000e+02,3.7962363049e-03,1.2480954163e-02,7.1363157561e-01,2.3224012351e-01,2.0885921643e-02,4.0912004021e-04,1.6556068736e-02,2.1693224129e+00
9.8200000000e+02,3.7946160827e-03,1.2528921293e-02,7.1206519219e-01,2.3365712267e-01,2.0993797695e-02,4.1128515856e-04,1.6549064914e-02,2.1737924217e+00
9.8250000000e+02,3.7900266992e-03,1.2589447726e-02,7.1318272989e-01,2.3251128658e-01,2.0921670455e-02,4.1280786565e-04,1.6592030788e-02,2.1709269102e+00
9.8300000000e+02,3.7992192921e-03,1.2544908297e-02,7.1237501125e-01,2.3330859982e-01,2.0954830914e-02,4.1353091938e-04,1.6603899505e-02,2.1727396479e+00
9.8350000000e+02,3.7930582642e-03,1.2510997025e-02,7.1324442469e-01,2.3237060347e-01,2.0938894732e-02,4.1185858552e-04,1.6730163233e-02,2.1714737163e+00
9.8400000000e+02,3.8072294801e-03,1.2441399252e-02,7.1192405155e-01,2.3355375661e-01,2.1094081306e-02,4.1265802775e-04,1.6766823769e-02,2.1745028182e+00
9.8450000000e+02,3.8020526918e-03,1.2359237398e-02,7.1482605386e-01,2.3100104688e-01,2.0944112333e-02,4.0894826551e-04,1.6658548569e-02,2.1667152270e+00
9.8500000000e+02,3.8017784238e-03,1.2383759037e-02,7.1530415642e-01,2.3057202381e-01,2.0892498560e-02,4.0799025368e-04,1.6637793502e-02,2.1652129878e+00
9.8550000000e+02,3.7710820633e-03,1.2350865850e-02,7.1680428172e-01,2.2919367795e-01,2.0838233841e-02,4.0564438526e-04,1.6636214191e-02,2.1623159951e+00
9.8600000000e+02,3.8001052894e-03,1.2329417727e-02,7.1737167544e-01,2.2861848482e-01,2.0787226893e-02,4.0688267906e-04,1.6686207152e-02,2.1619064953e+00
9.8650000000e+02,3.7897912965e-03,1.2265501609e-02,7.1887480207e-01,2.2738417428e-01,2.0702258291e-02,4.0084374666e-04,1.6582628709e-02,2.1562255142e+00
9.8700000000e+02,3.7987440277e-03,1.2270332897e-02,7.1870498414e-01,2.2756482167e-01,2.0659380480e-02,4.0443899309e-04,1.6597297789e-02,2.1578840991e+00
9.8750000000e+02,3.7894693605e-03,1.2323749687e-02,7.1924705274e-01,2.2697410289e-01,2.0660115042e-02,4.0660686450e-04,1.6598903422e-02,2.1575236950e+00
9.8800000000e+02,3.7849570393e-03,1.2248609648e-02,7.1956640236e-01,2.2680679047e-01,2.0606573655e-02,4.0465128559e-04,1.6582015547e-02,2.1559118896e+00
9.8850000000e+02,3.8188361049e-03,1.2333025670e-02,7.1896959812e-01,2.2726364317e-01,2.0561927474e-02,4.0986072905e-04,1.6643108723e-02,2.1588445326e+00
9.8900000000e+02,3.8477214189e-03,1.2349429728e-02,7.1853398698e-01,2.2756103880e-01,2.0559309837e-02,4.1271070178e-04,1.6735802530e-02,2.1617728630e+00
9.8950000000e+02,3.8700167506e-03,1.2412862478e-02,7.1714273154e-01,2.2865889913e-01,2.0724436555e-02,4.1471063418e-04,1.6776342908e-02,2.1679247701e+00
9.9000000000e+02,3.8520481397e-03,1.2396162223e-02,7.1749303329e-01,2.2856570404e-01,2.0625796084e-02,4.1490168323e-04,1.6652354534e-02,2.1657823956e+00
9.9050000000e+02,3.8544913411e-03,1.2417931319e-02,7.1846261869e-01,2.2738167319e-01,2.0796683459e-02,4.1690122039e-04,1.6669700788e-02,2.1676870592e+00
9.9100000000e+02,3.8587356269e-03,1.2428113971e-02,7.1748017884e-01,2.2811623648e-01,2.0980508819e-02,4.2127562364e-04,1.6714950634e-02,2.1717913906e+00
9.9150000000e+02,3.8324705702e-03,1.2419530665e-02,7.1808064625e-01,2.2756067773e-01,2.1046276332e-02,4.2707899439e-04,1.6633319458e-02,2.1704967228e+00
9.9200000000e+02,3.8389986277e-03,1.2400395716e-02,7.1811783529e-01,2.2753537573e-01,2.0995746630e-02,4.2881695966e-04,1.6682831052e-02,2.1702545579e+00
9.9250000000e+02,3.8126938609e-03,1.2432651354e-02,7.1950906426e-01,2.2633094136e-01,2.0868181701e-02,4.2594431322e-04,1.6620523155e-02,2.1656499597e+00
9.9300000000e+02,3.7967489053e-03,1.2462960282e-02,7.2103333302e-01,2.2500783681e-01,2.0733804898e-02,4.2510895077e-04,1.6540207134e-02,2.1619545646e+00
9.9350000000e+02,3.7832353743e-03,1.2470598748e-02,7.2153457078e-01,2.2456482995e-01,2.0714926719e-02,4.2360600140e-04,1.6508232423e-02,2.1601192024e+00
9.9400000000e+02,3.8062348922e-03,1.2567154986e-02,7.2182725154e-01,2.2393445350e-01,2.0861309350e-02,4.2928799358e-04,1.6574307736e-02,2.1636016860e+00
9.9450000000e+02,3.8012330450e-03,1.2580696414e-02,7.2267074131e-01,2.2314993090e-01,2.0849609035e-02,4.3105422014e-04,1.6516735075e-02,2.1614034746e+00
9.9500000000e+02,3.8146789103e-03,1.2658902985e-02,7.2187990626e-01,2.2365072178e-01,2.1012076881e-02,4.3591207104e-04,1.6547801112e-02,2.1658360693e+00
9.9550000000e+02,3.8465172604e-03,1.2700066100e-02,7.2217317202e-01,2.2311808263e-01,2.1101798410e-02,4.3995821654e-04,1.6620405366e-02,2.1682369686e+00
9.9600000000e+02,3.8504469892e-03,1.2671429709e-02,7.2157568805e-01,2.2379047605e-01,2.1006588624e-02,4.4063049368e-04,1.6664740086e-02,2.1678530471e+00
9.9650000000e+02,3.8301605734e-03,1.2571572602e-02,7.2276463138e-01,2.2259869647e-01,2.1047378303e-02,4.4453664342e-04,1.6743024026e-02,2.1666325073e+00
9.9700000000e+02,3.8185169552e-03,1.2613747513e-02,7.2472734276e-01,2.2068606003e-01,2.0996371494e-02,4.4634413603e-04,1.6711617114e-02,2.1641708170e+00
9.9750000000e+02,3.8327143863e-03,1.2564933900e-02,7.2546634489e-01,2.1999696975e-01,2.0962969818e-02,4.5047085992e-04,1.6725596391e-02,2.1632638092e+00
9.9800000000e+02,3.8335916866e-03,1.2551390996e-02,7.2672131777e-01,2.1889394789e-01,2.0924691970e-02,4.5232170730e-04,1.6622737976e-02,2.1606086725e+00
9.9850000000e+02,3.8240841636e-03,1.2558464750e-02,7.2664255123e-01,2.1911173443e-01,2.0846116320e-02,4.5390334410e-04,1.6563145758e-02,2.1597500116e+00
9.9900000000e+02,3.8322242716e-03,1.2497221789e-02,7.2639127902e-01,2.1903134741e-01,2.1141768853e-02,4.5804828787e-04,1.6648110376e-02,2.1628549222e+00
9.9950000000e+02,3.8443080886e-03,1.2500471064e-02,7.2567911022e-01,2.1958573555e-01,2.1248511602e-02,4.6212379640e-04,1.6679739675e-02,2.1661849140e+00

# METADATA: {"config_sha256": "d483c53f32c9", "provenance": "Hardened_JPCL_Resubmission_v1.3", "git_commit_sha": "4883ee974158"}
