time_fs,population_site_1,population_site_2,population_site_3,population_site_4,population_site_5,population_site_6,population_site_7,coherences
0.0000000000e+00,2.6653030282e-01,3.5687571535e-02,4.5799527455e-02,4.0010930148e-02,1.3283670100e-01,8.0375459269e-03,4.7109742112e-01,4.1062362492e+00
5.0000000000e-01,2.6711826901e-01,3.5209778859e-02,4.5849931899e-02,3.9853053822e-02,1.3175118611e-01,8.0640246283e-03,4.7215375568e-01,4.0989141077e+00
1.0000000000e+00,2.6634971099e-01,3.5404570161e-02,4.5522239607e-02,4.0159019166e-02,1.3093216254e-01,8.0909530555e-03,4.7354134448e-01,4.0977343308e+00
1.5000000000e+00,2.6554208314e-01,3.5686897148e-02,4.5423312993e-02,4.0571207644e-02,1.2994553099e-01,8.2702701449e-03,4.7456069793e-01,4.1027076880e+00
2.0000000000e+00,2.6666375015e-01,3.6154922962e-02,4.5706372327e-02,4.0529938932e-02,1.2910305072e-01,8.5143226322e-03,4.7332764228e-01,4.1119964900e+00
2.5000000000e+00,2.6591821130e-01,3.6467721028e-02,4.5316218240e-02,4.0635827297e-02,1.2869004401e-01,8.8238916812e-03,4.7414808645e-01,4.1169818772e+00
3.0000000000e+00,2.6459004194e-01,3.6568640274e-02,4.5608094521e-02,4.1307005577e-02,1.2822145489e-01,9.2212181081e-03,4.7448354469e-01,4.1305228798e+00
3.5000000000e+00,2.6248817220e-01,3.6843178511e-02,4.5184387205e-02,4.1658554043e-02,1.2763293526e-01,9.6496510596e-03,4.7654312172e-01,4.1366308324e+00
4.0000000000e+00,2.6013502029e-01,3.7324630171e-02,4.5237678579e-02,4.2003916321e-02,1.2855221770e-01,1.0162232560e-02,4.7658430439e-01,4.1540957313e+00
4.5000000000e+00,2.5896161464e-01,3.7804258122e-02,4.5037520688e-02,4.3320597475e-02,1.2766625292e-01,1.0777455455e-02,4.7643230070e-01,4.1742056914e+00
5.0000000000e+00,2.5883342520e-01,3.8310075214e-02,4.4383270811e-02,4.4583032537e-02,1.2665749892e-01,1.1308670185e-02,4.7592402713e-01,4.1893323756e+00
5.5000000000e+00,2.5784762853e-01,3.9345546368e-02,4.4228096166e-02,4.5850856057e-02,1.2547618839e-01,1.2070678544e-02,4.7518100594e-01,4.2145581260e+00
6.0000000000e+00,2.5746074791e-01,4.0404901755e-02,4.4164033837e-02,4.7010739741e-02,1.2423801129e-01,1.2998720659e-02,4.7372284481e-01,4.2421927022e+00
6.5000000000e+00,2.5594655486e-01,4.0963626703e-02,4.3938993680e-02,4.8875829591e-02,1.2319522856e-01,1.3930738743e-02,4.7314902786e-01,4.2684689241e+00
7.0000000000e+00,2.5375585417e-01,4.1758654020e-02,4.3524526905e-02,5.0050910081e-02,1.2266246021e-01,1.4886259890e-02,4.7336133473e-01,4.2902334046e+00
7.5000000000e+00,2.5424167838e-01,4.2930768660e-02,4.3157602239e-02,5.1474812950e-02,1.2097820296e-01,1.6083189082e-02,4.7113374573e-01,4.3191216456e+00
8.0000000000e+00,2.5367680640e-01,4.4174373894e-02,4.3570319709e-02,5.3388723161e-02,1.2043681182e-01,1.7154923895e-02,4.6759804113e-01,4.3575656734e+00
8.5000000000e+00,2.5272827946e-01,4.5382981373e-02,4.2978106137e-02,5.5538244561e-02,1.1895218926e-01,1.8373072921e-02,4.6604712629e-01,4.3867195451e+00
9.0000000000e+00,2.5139982618e-01,4.6651156012e-02,4.2447286898e-02,5.7813680333e-02,1.1713272225e-01,1.9680368650e-02,4.6487495968e-01,4.4150409464e+00
9.5000000000e+00,2.4897538035e-01,4.8181643855e-02,4.2309105642e-02,6.0265148221e-02,1.1610466619e-01,2.1140176311e-02,4.6302387943e-01,4.4526787992e+00
1.0000000000e+01,2.4707477361e-01,4.9726464371e-02,4.1946837221e-02,6.2575028047e-02,1.1359472316e-01,2.2466417620e-02,4.6261575597e-01,4.4796324750e+00
1.0500000000e+01,2.4464979770e-01,5.1284381066e-02,4.1333024185e-02,6.5016669904e-02,1.1246423306e-01,2.3816136761e-02,4.6143575732e-01,4.5083287119e+00
1.1000000000e+01,2.4195771882e-01,5.2499641149e-02,4.0607250837e-02,6.7009930002e-02,1.1064077090e-01,2.5140053197e-02,4.6214463510e-01,4.5268318836e+00
1.1500000000e+01,2.3875212027e-01,5.3639509073e-02,4.0060231737e-02,7.0051671070e-02,1.0826622939e-01,2.6819610349e-02,4.6241062811e-01,4.5519749644e+00
1.2000000000e+01,2.3625668885e-01,5.4656975576e-02,3.9223425142e-02,7.2868248496e-02,1.0673537912e-01,2.8369491174e-02,4.6188979164e-01,4.5746544906e+00
1.2500000000e+01,2.3315011063e-01,5.6050990877e-02,3.8641067405e-02,7.5484282401e-02,1.0474695176e-01,2.9796154046e-02,4.6213044288e-01,4.5952306274e+00
1.3000000000e+01,2.3039937572e-01,5.7415651116e-02,3.8260340955e-02,7.7808482990e-02,1.0202991274e-01,3.1418499427e-02,4.6266773705e-01,4.6137246653e+00
1.3500000000e+01,2.2808931823e-01,5.8515882164e-02,3.7954458541e-02,8.0174273562e-02,1.0045825349e-01,3.3056454540e-02,4.6175135947e-01,4.6357684340e+00
1.4000000000e+01,2.2621639816e-01,6.0187313125e-02,3.7169089268e-02,8.3044721456e-02,9.8123913661e-02,3.4863914902e-02,4.6039464943e-01,4.6577601126e+00
1.4500000000e+01,2.2451833272e-01,6.1730650606e-02,3.6770854015e-02,8.7533772831e-02,9.5958348200e-02,3.6991166804e-02,4.5649687482e-01,4.6920480098e+00
1.5000000000e+01,2.2192388129e-01,6.3180189099e-02,3.6124631304e-02,9.1342364439e-02,9.3009537184e-02,3.8701922475e-02,4.5571747421e-01,4.7102119797e+00
1.5500000000e+01,2.2049669183e-01,6.5034518559e-02,3.5306192201e-02,9.4183368473e-02,9.0484656559e-02,4.0773645934e-02,4.5372092645e-01,4.7291747926e+00
1.6000000000e+01,2.1942434780e-01,6.7575330705e-02,3.4712051786e-02,9.7993965899e-02,8.8814337793e-02,4.2862126023e-02,4.4861783999e-01,4.7620786136e+00
1.6500000000e+01,2.1829695466e-01,6.9685100093e-02,3.4170232710e-02,1.0144422671e-01,8.6578186793e-02,4.5178418832e-02,4.4464688020e-01,4.7885800929e+00
1.7000000000e+01,2.1720447513e-01,7.1987234979e-02,3.3612909476e-02,1.0497689286e-01,8.3851303340e-02,4.7219796628e-02,4.4114738759e-01,4.8091022741e+00
1.7500000000e+01,2.1502943988e-01,7.3802114953e-02,3.3364525360e-02,1.0876035135e-01,8.0786443161e-02,4.9485579725e-02,4.3877154557e-01,4.8292342687e+00
1.8000000000e+01,2.1312408013e-01,7.6454524822e-02,3.2970763746e-02,1.1321161929e-01,7.8241417482e-02,5.1837268161e-02,4.3416032637e-01,4.8547281830e+00
1.8500000000e+01,2.0996089335e-01,7.8650920626e-02,3.2188649393e-02,1.1708527444e-01,7.6634914394e-02,5.4253380843e-02,4.3122596695e-01,4.8741665718e+00
1.9000000000e+01,2.0636771860e-01,8.0617917302e-02,3.1917247455e-02,1.2109254741e-01,7.4295192966e-02,5.6828557796e-02,4.2888081847e-01,4.8929396647e+00
1.9500000000e+01,2.0433181104e-01,8.2268763106e-02,3.1403673499e-02,1.2479680238e-01,7.1777543948e-02,5.8746186303e-02,4.2667521972e-01,4.9024584442e+00
2.0000000000e+01,2.0245308864e-01,8.4231045467e-02,3.0445064831e-02,1.2972055079e-01,6.8858139621e-02,6.1308631138e-02,4.2298347952e-01,4.9132548562e+00
2.0500000000e+01,1.9810746290e-01,8.6661796036e-02,2.9818704820e-02,1.3387440605e-01,6.6621657166e-02,6.3509809899e-02,4.2140616313e-01,4.9226254082e+00
2.1000000000e+01,1.9633555799e-01,8.8010271658e-02,2.9082306753e-02,1.3626632799e-01,6.3636578094e-02,6.6213069600e-02,4.2045588792e-01,4.9218941827e+00
2.1500000000e+01,1.9483958333e-01,8.9810196745e-02,2.8695246714e-02,1.4025914408e-01,6.0546740976e-02,6.8913380645e-02,4.1693570750e-01,4.9303978480e+00
2.2000000000e+01,1.9245737038e-01,9.2032180157e-02,2.8109579437e-02,1.4450614071e-01,5.7620464393e-02,7.0753260195e-02,4.1452100473e-01,4.9307799822e+00
2.2500000000e+01,1.9228449944e-01,9.4684693955e-02,2.7389382407e-02,1.4778015925e-01,5.4994402394e-02,7.3015863797e-02,4.0985099876e-01,4.9380118596e+00
2.3000000000e+01,1.9049624184e-01,9.7871522980e-02,2.6974623158e-02,1.5116209787e-01,5.2102461190e-02,7.5853292847e-02,4.0553976011e-01,4.9460395253e+00
2.3500000000e+01,1.8814127366e-01,1.0023594084e-01,2.6496540122e-02,1.5453549326e-01,4.9634912159e-02,7.7850872500e-02,4.0310496746e-01,4.9472319322e+00
2.4000000000e+01,1.8530056983e-01,1.0197404514e-01,2.6144058942e-02,1.5937391856e-01,4.7571397303e-02,8.0714137909e-02,3.9892187232e-01,4.9546029332e+00
2.4500000000e+01,1.8336220698e-01,1.0394914948e-01,2.5454687055e-02,1.6423151963e-01,4.5414583547e-02,8.3286695777e-02,3.9430115753e-01,4.9566836487e+00
2.5000000000e+01,1.7981566681e-01,1.0661441748e-01,2.4916218888e-02,1.6817250685e-01,4.2576602822e-02,8.5873388917e-02,3.9203119824e-01,4.9519780107e+00
2.5500000000e+01,1.7791910258e-01,1.0915185314e-01,2.4408788175e-02,1.7074111197e-01,4.0188541134e-02,8.9019128096e-02,3.8857147491e-01,4.9500715103e+00
2.6000000000e+01,1.7429111222e-01,1.1218442539e-01,2.4025118482e-02,1.7545051495e-01,3.7759830137e-02,9.2054168597e-02,3.8423483022e-01,4.9494981643e+00
2.6500000000e+01,1.7192731102e-01,1.1381679496e-01,2.3871336284e-02,1.7842682278e-01,3.5383493096e-02,9.4944335759e-02,3.8162990611e-01,4.9450511666e+00
2.7000000000e+01,1.6998672885e-01,1.1530119354e-01,2.3822847154e-02,1.8082679752e-01,3.3350982465e-02,9.7693891822e-02,3.7901755865e-01,4.9414753352e+00
2.7500000000e+01,1.6707341549e-01,1.1704257815e-01,2.3451462609e-02,1.8431194917e-01,3.1439169326e-02,1.0052555530e-01,3.7615586996e-01,4.9348598226e+00
2.8000000000e+01,1.6303612856e-01,1.1949236290e-01,2.3058400718e-02,1.8922219687e-01,2.9417265662e-02,1.0329232561e-01,3.7248131967e-01,4.9278339403e+00
2.8500000000e+01,1.6019836308e-01,1.2214975812e-01,2.2627510969e-02,1.9344814644e-01,2.7572872496e-02,1.0733393949e-01,3.6666940942e-01,4.9249252058e+00
2.9000000000e+01,1.5734130049e-01,1.2454240661e-01,2.2178553797e-02,1.9870589589e-01,2.5740463570e-02,1.0974782524e-01,3.6174355440e-01,4.9158593518e+00
2.9500000000e+01,1.5482366906e-01,1.2810633948e-01,2.2021832885e-02,2.0198966901e-01,2.3775889111e-02,1.1180627432e-01,3.5747632614e-01,4.9078702432e+00
3.0000000000e+01,1.5216274199e-01,1.3049435982e-01,2.1685694257e-02,2.0694480576e-01,2.1961812012e-02,1.1469729704e-01,3.5205328912e-01,4.8961580144e+00
3.0500000000e+01,1.4825414661e-01,1.3201801241e-01,2.1591779187e-02,2.1127338481e-01,2.0181177836e-02,1.1705204351e-01,3.4962945563e-01,4.8795621942e+00
3.1000000000e+01,1.4506892193e-01,1.3488136260e-01,2.1449173881e-02,2.1440507303e-01,1.8463906293e-02,1.2018922430e-01,3.4554233797e-01,4.8676417849e+00
3.1500000000e+01,1.4100651657e-01,1.3657870252e-01,2.1440017999e-02,2.1644365683e-01,1.7039904441e-02,1.2373585353e-01,3.4375534811e-01,4.8519331143e+00
3.2000000000e+01,1.3814648897e-01,1.3822923423e-01,2.1356387933e-02,2.1960207625e-01,1.5365392744e-02,1.2676979469e-01,3.4053062518e-01,4.8329359634e+00
3.2500000000e+01,1.3457897085e-01,1.4044596548e-01,2.1384508663e-02,2.2173551841e-01,1.3905943331e-02,1.3003393332e-01,3.3791515994e-01,4.8173408462e+00
3.3000000000e+01,1.3115036093e-01,1.4249587381e-01,2.1521569410e-02,2.2365893865e-01,1.2572226439e-02,1.3287732388e-01,3.3572370690e-01,4.8016669840e+00
3.3500000000e+01,1.2815712516e-01,1.4392815811e-01,2.1666863453e-02,2.2654286826e-01,1.1309014747e-02,1.3606310538e-01,3.3233286490e-01,4.7863949618e+00
3.4000000000e+01,1.2548757469e-01,1.4633335462e-01,2.2060447304e-02,2.2932265508e-01,1.0057815733e-02,1.3913721019e-01,3.2760094239e-01,4.7742231190e+00
3.4500000000e+01,1.2208204414e-01,1.4849796656e-01,2.2063844471e-02,2.3401608965e-01,8.9720280378e-03,1.4194759249e-01,3.2242043465e-01,4.7577399655e+00
3.5000000000e+01,1.1828280326e-01,1.4927134534e-01,2.2262097849e-02,2.3898755321e-01,7.8920425644e-03,1.4461998122e-01,3.1868417656e-01,4.7356902739e+00
3.5500000000e+01,1.1485303693e-01,1.5048729773e-01,2.2675462927e-02,2.4379302459e-01,6.9724616286e-03,1.4573173809e-01,3.1548697809e-01,4.7162337900e+00
3.6000000000e+01,1.1238913449e-01,1.5080324629e-01,2.3024843661e-02,2.4718224838e-01,6.1659648521e-03,1.4808601468e-01,3.1234854765e-01,4.6986566526e+00
3.6500000000e+01,1.0944627902e-01,1.5261726523e-01,2.3401561578e-02,2.5102983321e-01,5.3891665051e-03,1.5045998273e-01,3.0765591173e-01,4.6817253088e+00
3.7000000000e+01,1.0579567992e-01,1.5560455360e-01,2.3956890002e-02,2.5358958053e-01,4.6966976064e-03,1.5334931351e-01,3.0300728484e-01,4.6662670007e+00
3.7500000000e+01,1.0234932315e-01,1.5706391562e-01,2.4501151550e-02,2.5834591420e-01,4.1347332053e-03,1.5585040307e-01,2.9775455920e-01,4.6519561365e+00
3.8000000000e+01,1.0018600637e-01,1.5828202328e-01,2.5182823158e-02,2.6186474714e-01,3.6397145781e-03,1.5924494514e-01,2.9159974034e-01,4.6443652564e+00
3.8500000000e+01,9.8211758971e-02,1.6142655676e-01,2.5696122115e-02,2.6269986719e-01,3.2807313119e-03,1.6221345732e-01,2.8647150633e-01,4.6408399412e+00
3.9000000000e+01,9.5285627929e-02,1.6402145806e-01,2.6504147807e-02,2.6480498848e-01,3.0188824647e-03,1.6491944742e-01,2.8144544784e-01,4.6364467367e+00
3.9500000000e+01,9.2310113801e-02,1.6523397357e-01,2.7324080809e-02,2.6993291467e-01,2.8810187702e-03,1.6746487792e-01,2.7485302046e-01,4.6331165105e+00
4.0000000000e+01,8.9429189184e-02,1.6722328388e-01,2.8167235875e-02,2.7267556742e-01,2.8433400953e-03,1.7161883112e-01,2.6804255242e-01,4.6358758808e+00
4.0500000000e+01,8.6087974015e-02,1.6793011547e-01,2.8895132323e-02,2.7679384022e-01,2.9134305349e-03,1.7438435690e-01,2.6299515054e-01,4.6389483729e+00
4.1000000000e+01,8.3006959504e-02,1.6970025652e-01,3.0040362896e-02,2.7944125013e-01,3.0671774229e-03,1.7798549753e-01,2.5675849600e-01,4.6508257165e+00
4.1500000000e+01,8.0980015992e-02,1.7052619678e-01,3.0835094918e-02,2.8133025073e-01,3.3573451118e-03,1.8161795188e-01,2.5135314459e-01,4.6659292008e+00
4.2000000000e+01,7.9326433763e-02,1.7116854630e-01,3.2054007635e-02,2.8405810744e-01,3.7286216162e-03,1.8354537798e-01,2.4611890527e-01,4.6870713258e+00
4.2500000000e+01,7.6652128678e-02,1.7359270836e-01,3.3242957365e-02,2.8953602512e-01,4.2354242048e-03,1.8378419045e-01,2.3895656583e-01,4.7049741085e+00
4.3000000000e+01,7.3991727260e-02,1.7594686816e-01,3.3981984557e-02,2.9157718200e-01,4.8909876152e-03,1.8577103071e-01,2.3384021970e-01,4.7232527049e+00
4.3500000000e+01,7.1073763573e-02,1.7800040087e-01,3.4968225626e-02,2.9534986648e-01,5.6196406790e-03,1.8679562434e-01,2.2819247844e-01,4.7406302988e+00
4.4000000000e+01,6.8280956260e-02,1.7764812483e-01,3.6489292614e-02,2.9717676086e-01,6.4742397100e-03,1.8972873678e-01,2.2420188894e-01,4.7629184773e+00
4.4500000000e+01,6.5227918139e-02,1.7853224514e-01,3.7898772213e-02,2.9784415275e-01,7.4219881168e-03,1.9270214906e-01,2.2037277458e-01,4.7850680897e+00
4.5000000000e+01,6.2617964679e-02,1.8031887884e-01,3.9233921214e-02,2.9839421705e-01,8.4169947806e-03,1.9554566677e-01,2.1547235666e-01,4.8063588795e+00
4.5500000000e+01,6.0044386113e-02,1.8044694366e-01,4.0615321467e-02,3.0260674233e-01,9.5409871030e-03,1.9666779465e-01,2.1007782467e-01,4.8228209945e+00
4.6000000000e+01,5.7055198184e-02,1.8173862719e-01,4.1878755328e-02,3.0761335076e-01,1.0603354360e-02,1.9779259306e-01,2.0331812111e-01,4.8341207911e+00
4.6500000000e+01,5.4631932828e-02,1.8263483825e-01,4.3631669153e-02,3.1139222644e-01,1.1855468930e-02,1.9841773918e-01,1.9743612523e-01,4.8512377271e+00
4.7000000000e+01,5.2126314615e-02,1.8353958395e-01,4.5650391411e-02,3.1444201436e-01,1.3143120566e-02,1.9939648630e-01,1.9170208879e-01,4.8696442213e+00
4.7500000000e+01,4.9691924744e-02,1.8413679867e-01,4.7245205025e-02,3.1757118840e-01,1.4562141420e-02,2.0029144697e-01,1.8650129477e-01,4.8842504389e+00
4.8000000000e+01,4.7587961377e-02,1.8594810081e-01,4.8960824141e-02,3.2018247820e-01,1.6009520792e-02,2.0069005489e-01,1.8062105978e-01,4.8987229089e+00
4.8500000000e+01,4.5215137420e-02,1.8549318151e-01,5.0636868067e-02,3.2371626671e-01,1.7713960489e-02,2.0136359852e-01,1.7586098728e-01,4.9107318400e+00
4.9000000000e+01,4.2889716205e-02,1.8821156904e-01,5.2515388194e-02,3.2420033283e-01,1.9481402548e-02,2.0126633534e-01,1.7143525583e-01,4.9260582237e+00
4.9500000000e+01,4.0178281547e-02,1.8928034164e-01,5.4308638649e-02,3.2351308954e-01,2.1208860736e-02,2.0413508925e-01,1.6737569863e-01,4.9365855793e+00
5.0000000000e+01,3.8079691305e-02,1.8972708742e-01,5.6610052047e-02,3.2374923662e-01,2.3055521835e-02,2.0469385728e-01,1.6408455349e-01,4.9520729517e+00
5.0500000000e+01,3.5531632828e-02,1.9149140400e-01,5.7642394548e-02,3.2363820716e-01,2.4883062338e-02,2.0780071661e-01,1.5901258251e-01,4.9540843079e+00
5.1000000000e+01,3.3414161099e-02,1.9289652235e-01,6.0171017705e-02,3.2287439468e-01,2.6792136500e-02,2.0969904639e-01,1.5415272128e-01,4.9656211649e+00
5.1500000000e+01,3.1267643327e-02,1.9425096243e-01,6.1701955249e-02,3.2199858960e-01,2.8800574116e-02,2.1157135375e-01,1.5040892154e-01,4.9721944872e+00
5.2000000000e+01,2.9056198349e-02,1.9404338837e-01,6.3487363805e-02,3.2400328035e-01,3.0713349695e-02,2.1322178836e-01,1.4547463107e-01,4.9702517058e+00
5.2500000000e+01,2.7444871415e-02,1.9390901430e-01,6.5813881855e-02,3.2285591840e-01,3.3684533225e-02,2.1487108043e-01,1.4142070037e-01,4.9855562443e+00
5.3000000000e+01,2.5761848901e-02,1.9397593288e-01,6.8121124007e-02,3.2276906452e-01,3.5776564065e-02,2.1636021606e-01,1.3723524957e-01,4.9893059214e+00
5.3500000000e+01,2.4126264476e-02,1.9457506160e-01,6.9625358987e-02,3.2311299501e-01,3.8362950892e-02,2.1672319682e-01,1.3347417221e-01,4.9922988034e+00
5.4000000000e+01,2.2542677477e-02,1.9437208378e-01,7.1899595620e-02,3.2321439566e-01,4.0921887038e-02,2.1814867292e-01,1.2890068751e-01,4.9960841652e+00
5.4500000000e+01,2.0813551012e-02,1.9400926054e-01,7.4660840046e-02,3.2360045298e-01,4.3602784278e-02,2.1870946398e-01,1.2460364716e-01,4.9964212842e+00
5.5000000000e+01,1.9216928963e-02,1.9287634961e-01,7.7531355201e-02,3.2361157419e-01,4.6202222709e-02,2.2035310813e-01,1.2020846120e-01,4.9945351555e+00
5.5500000000e+01,1.7726637161e-02,1.9168335011e-01,7.9228292401e-02,3.2602012495e-01,4.8412218479e-02,2.2120730529e-01,1.1572207161e-01,4.9837159342e+00
5.6000000000e+01,1.6129481707e-02,1.9149446193e-01,8.2129295672e-02,3.2499319194e-01,5.1076411600e-02,2.2383228303e-01,1.1034487412e-01,4.9770454793e+00
5.6500000000e+01,1.4758072384e-02,1.9156014294e-01,8.4262115948e-02,3.2372175779e-01,5.3527973275e-02,2.2564367720e-01,1.0652626047e-01,4.9704386097e+00
5.7000000000e+01,1.3478916523e-02,1.9068775576e-01,8.5867985469e-02,3.2460148584e-01,5.5941544453e-02,2.2629935536e-01,1.0312295659e-01,4.9588299338e+00
5.7500000000e+01,1.2234745354e-02,1.8990105388e-01,8.8818137772e-02,3.2661006842e-01,5.8821181571e-02,2.2496765495e-01,9.8647158051e-02,4.9457409203e+00
5.8000000000e+01,1.1034502173e-02,1.8871533727e-01,9.1314845453e-02,3.2729147593e-01,6.1673720022e-02,2.2543528084e-01,9.4534838307e-02,4.9324564812e+00
5.8500000000e+01,1.0003217640e-02,1.8744285536e-01,9.3048353326e-02,3.2763171752e-01,6.4760247998e-02,2.2643229876e-01,9.0681309398e-02,4.9197945166e+00
5.9000000000e+01,9.0125358256e-03,1.8661062426e-01,9.5730230496e-02,3.2605389495e-01,6.7831856490e-02,2.2707424969e-01,8.7686608278e-02,4.9126944013e+00
5.9500000000e+01,8.0076741270e-03,1.8677061389e-01,9.7885861787e-02,3.2511821447e-01,7.0535568956e-02,2.2744720881e-01,8.4234857958e-02,4.8975788206e+00
6.0000000000e+01,7.0911659547e-03,1.8439433175e-01,1.0146101871e-01,3.2685929644e-01,7.3329406408e-02,2.2659321768e-01,8.0271563068e-02,4.8807910586e+00
6.0500000000e+01,6.3004284333e-03,1.8419757478e-01,1.0384448451e-01,3.2653828410e-01,7.6150779123e-02,2.2627112487e-01,7.6697324186e-02,4.8631126182e+00
6.1000000000e+01,5.5721216985e-03,1.8277362375e-01,1.0633475687e-01,3.2614251686e-01,7.9212461590e-02,2.2725028180e-01,7.2714237432e-02,4.8429799997e+00
6.1500000000e+01,4.8084781127e-03,1.8313357102e-01,1.0893891090e-01,3.2636095508e-01,8.1280269554e-02,2.2672498465e-01,6.8752830687e-02,4.8184198940e+00
6.2000000000e+01,4.1498938803e-03,1.8155002431e-01,1.1133954418e-01,3.2636072095e-01,8.4127232014e-02,2.2680387924e-01,6.5668705437e-02,4.7978321747e+00
6.2500000000e+01,3.5196682086e-03,1.8066262619e-01,1.1365469273e-01,3.2635959242e-01,8.7439285811e-02,2.2595001963e-01,6.2414115016e-02,4.7768841786e+00
6.3000000000e+01,2.9467267270e-03,1.7997511556e-01,1.1810955614e-01,3.2595126380e-01,9.0730923417e-02,2.2344996661e-01,5.8836447745e-02,4.7553072753e+00
6.3500000000e+01,2.4559168274e-03,1.7752759559e-01,1.2044837610e-01,3.2604659462e-01,9.3255126750e-02,2.2432516480e-01,5.5941225320e-02,4.7294488820e+00
6.4000000000e+01,2.0272322941e-03,1.7735630700e-01,1.2216446063e-01,3.2432868047e-01,9.5290034044e-02,2.2559437457e-01,5.3238910983e-02,4.7034513426e+00
6.4500000000e+01,1.6493628966e-03,1.7615261341e-01,1.2617771568e-01,3.2229196644e-01,9.8582803105e-02,2.2443921532e-01,5.0706323149e-02,4.6832695895e+00
6.5000000000e+01,1.3330918271e-03,1.7580747828e-01,1.2986062990e-01,3.1922564137e-01,1.0144868461e-01,2.2415229218e-01,4.8172181834e-02,4.6608912244e+00
6.5500000000e+01,1.0854909761e-03,1.7391346116e-01,1.3240752746e-01,3.1931131285e-01,1.0357723161e-01,2.2386785474e-01,4.5837121208e-02,4.6341854897e+00
6.6000000000e+01,8.8651990514e-04,1.7197045948e-01,1.3471290590e-01,3.1868828719e-01,1.0694268186e-01,2.2304169277e-01,4.3757452890e-02,4.6113967767e+00
6.6500000000e+01,7.3650141117e-04,1.7016251011e-01,1.3764801761e-01,3.1967092998e-01,1.0943532033e-01,2.2084138427e-01,4.1505336293e-02,4.5876525253e+00
6.7000000000e+01,6.3518419927e-04,1.6930051386e-01,1.4151432854e-01,3.1946869651e-01,1.1101665115e-01,2.1878143622e-01,3.9283189519e-02,4.5694428421e+00
6.7500000000e+01,5.8345587487e-04,1.6818074745e-01,1.4378066338e-01,3.1703861869e-01,1.1449981753e-01,2.1863610658e-01,3.7280590492e-02,4.5586236840e+00
6.8000000000e+01,5.9122460692e-04,1.6709977533e-01,1.4684039042e-01,3.1614879006e-01,1.1606670695e-01,2.1802554871e-01,3.5227563932e-02,4.5518590813e+00
6.8500000000e+01,6.5038823310e-04,1.6518638419e-01,1.4900677219e-01,3.1486238187e-01,1.1853214780e-01,2.1858605129e-01,3.3175874424e-02,4.5506829167e+00
6.9000000000e+01,7.4910372576e-04,1.6316654296e-01,1.5168358901e-01,3.1085152139e-01,1.2116880598e-01,2.2116691013e-01,3.1213526802e-02,4.5582989448e+00
6.9500000000e+01,8.9818976575e-04,1.6094056599e-01,1.5530941621e-01,3.0828497744e-01,1.2231830220e-01,2.2232920259e-01,2.9919345806e-02,4.5695567965e+00
7.0000000000e+01,1.0924935352e-03,1.6026620702e-01,1.5728065745e-01,3.0792663704e-01,1.2381957607e-01,2.2151007616e-01,2.8104352734e-02,4.5748853578e+00
7.0500000000e+01,1.3024796568e-03,1.5679686962e-01,1.5998817674e-01,3.0907611707e-01,1.2467101504e-01,2.2176282345e-01,2.6402518420e-02,4.5765949247e+00
7.1000000000e+01,1.5629270978e-03,1.5476118147e-01,1.6289571576e-01,3.0817692375e-01,1.2519713485e-01,2.2247494773e-01,2.4931169354e-02,4.5824057533e+00
7.1500000000e+01,1.8810606282e-03,1.5293699776e-01,1.6666267504e-01,3.0643389166e-01,1.2567374220e-01,2.2275124144e-01,2.3660391274e-02,4.5913034582e+00
7.2000000000e+01,2.2317402824e-03,1.5140040857e-01,1.7011680956e-01,3.0414627875e-01,1.2628862628e-01,2.2358834723e-01,2.2227789341e-02,4.5987785503e+00
7.2500000000e+01,2.6243182363e-03,1.4898353986e-01,1.7359380481e-01,3.0298832843e-01,1.2653656744e-01,2.2426994152e-01,2.1003499693e-02,4.6032819775e+00
7.3000000000e+01,3.0307798650e-03,1.4623909621e-01,1.7722445750e-01,3.0204017627e-01,1.2689159685e-01,2.2480911570e-01,1.9764777607e-02,4.6063998814e+00
7.3500000000e+01,3.5005591160e-03,1.4529537194e-01,1.7866317720e-01,3.0056874149e-01,1.2895726014e-01,2.2447012802e-01,1.8544762107e-02,4.6117063186e+00
7.4000000000e+01,3.9672260636e-03,1.4469424498e-01,1.8226483831e-01,2.9783931349e-01,1.2977048668e-01,2.2382311217e-01,1.7640778300e-02,4.6224256362e+00
7.4500000000e+01,4.4790702361e-03,1.4215442368e-01,1.8483972920e-01,2.9762172164e-01,1.2947084774e-01,2.2499236713e-01,1.6441840381e-02,4.6196013640e+00
7.5000000000e+01,5.0173232832e-03,1.4078685405e-01,1.8840309240e-01,2.9562754105e-01,1.2956136980e-01,2.2491329297e-01,1.5690526452e-02,4.6271170712e+00
7.5500000000e+01,5.5772509446e-03,1.3794356222e-01,1.9173733952e-01,2.9811333252e-01,1.2864562958e-01,2.2335077293e-01,1.4632112278e-02,4.6200311639e+00
7.6000000000e+01,6.1948524261e-03,1.3704753524e-01,1.9343958631e-01,2.9663725976e-01,1.2932694710e-01,2.2354349124e-01,1.3810327933e-02,4.6234164609e+00
7.6500000000e+01,6.8305667167e-03,1.3555604260e-01,1.9718878302e-01,2.9480335135e-01,1.3032244874e-01,2.2198596696e-01,1.3312840608e-02,4.6316814980e+00
7.7000000000e+01,7.3985016536e-03,1.3530144337e-01,1.9902848333e-01,2.9441698416e-01,1.2997248663e-01,2.2115890564e-01,1.2723195222e-02,4.6337960469e+00
7.7500000000e+01,8.0403542915e-03,1.3406161125e-01,2.0244350677e-01,2.9120356177e-01,1.2926557185e-01,2.2266517882e-01,1.2320215250e-02,4.6400612011e+00
7.8000000000e+01,8.7264283670e-03,1.3227934398e-01,2.0396691464e-01,2.9171800835e-01,1.2887131314e-01,2.2248259015e-01,1.1955401371e-02,4.6442830555e+00
7.8500000000e+01,9.4106884492e-03,1.3054020815e-01,2.0875857211e-01,2.9249888522e-01,1.2809892799e-01,2.1937148295e-01,1.1321235131e-02,4.6432236833e+00
7.9000000000e+01,1.0149153924e-02,1.2884610259e-01,2.1173819514e-01,2.9174981650e-01,1.2769424266e-01,2.1871063840e-01,1.1111850790e-02,4.6495691419e+00
7.9500000000e+01,1.0922052177e-02,1.2708039721e-01,2.1364825901e-01,2.9113076102e-01,1.2689365465e-01,2.1944919699e-01,1.0875678940e-02,4.6550645992e+00
8.0000000000e+01,1.1698388265e-02,1.2623523558e-01,2.1589609460e-01,2.8938247180e-01,1.2680617685e-01,2.1931397056e-01,1.0667662340e-02,4.6630061261e+00
8.0500000000e+01,1.2401592380e-02,1.2515595360e-01,2.1984658326e-01,2.8817047488e-01,1.2491261429e-01,2.1903278055e-01,1.0480001044e-02,4.6659285405e+00
8.1000000000e+01,1.3243993354e-02,1.2466601101e-01,2.2152019071e-01,2.8743346076e-01,1.2371054324e-01,2.1910412970e-01,1.0321671225e-02,4.6733976452e+00
8.1500000000e+01,1.4084466801e-02,1.2224985550e-01,2.2383935069e-01,2.8803392232e-01,1.2238694309e-01,2.1918122031e-01,1.0224241284e-02,4.6783733297e+00
8.2000000000e+01,1.4968830820e-02,1.2119066554e-01,2.2688522323e-01,2.8660904636e-01,1.2106956774e-01,2.1902915422e-01,1.0247512089e-02,4.6865488260e+00
8.2500000000e+01,1.5740842650e-02,1.1859779929e-01,2.3122405331e-01,2.8594692068e-01,1.1959393107e-01,2.1867003501e-01,1.0226417994e-02,4.6902828010e+00
8.3000000000e+01,1.6770158152e-02,1.1808360698e-01,2.3414500777e-01,2.8401696752e-01,1.1825724102e-01,2.1848447206e-01,1.0242546498e-02,4.7016671862e+00
8.3500000000e+01,1.7606489612e-02,1.1744120745e-01,2.3676511236e-01,2.8398634708e-01,1.1591952571e-01,2.1792469226e-01,1.0356625541e-02,4.7064287933e+00
8.4000000000e+01,1.8555658309e-02,1.1628777704e-01,2.4040061268e-01,2.8292645744e-01,1.1500495491e-01,2.1625002910e-01,1.0574510521e-02,4.7178288628e+00
8.4500000000e+01,1.9207874669e-02,1.1543491016e-01,2.4275698559e-01,2.8294908004e-01,1.1320163522e-01,2.1578073920e-01,1.0668775120e-02,4.7234404139e+00
8.5000000000e+01,2.0001718591e-02,1.1393555894e-01,2.4661374961e-01,2.8032733361e-01,1.1229266639e-01,2.1594919996e-01,1.0879772905e-02,4.7306716492e+00
8.5500000000e+01,2.1024948155e-02,1.1267622054e-01,2.4923016161e-01,2.7944570573e-01,1.1070955068e-01,2.1584556094e-01,1.1067852345e-02,4.7392306233e+00
8.6000000000e+01,2.2037366543e-02,1.1152498424e-01,2.5336625566e-01,2.7727288379e-01,1.0814177568e-01,2.1633779955e-01,1.1318934533e-02,4.7469800893e+00
8.6500000000e+01,2.2801468724e-02,1.0957961882e-01,2.5620626295e-01,2.7648713024e-01,1.0611229884e-01,2.1730248834e-01,1.1510732087e-02,4.7466126613e+00
8.7000000000e+01,2.3717898256e-02,1.0856280716e-01,2.6005575620e-01,2.7426897877e-01,1.0330896571e-01,2.1829515502e-01,1.1790438884e-02,4.7497165946e+00
8.7500000000e+01,2.4591441716e-02,1.0823562667e-01,2.6251398638e-01,2.7122519938e-01,1.0199085472e-01,2.1925648633e-01,1.2186404804e-02,4.7589105412e+00
8.8000000000e+01,2.5592758962e-02,1.0684718508e-01,2.6631255515e-01,2.7021003142e-01,9.9708594810e-02,2.1885416086e-01,1.2474713717e-02,4.7614991492e+00
8.8500000000e+01,2.6239972637e-02,1.0491146139e-01,2.6995319717e-01,2.7031443066e-01,9.6512259453e-02,2.1925245943e-01,1.2816219255e-02,4.7583474983e+00
8.9000000000e+01,2.7113547088e-02,1.0400456026e-01,2.7172351676e-01,2.6986056535e-01,9.4520823976e-02,2.1958041747e-01,1.3196569090e-02,4.7629651782e+00
8.9500000000e+01,2.8254610371e-02,1.0281156550e-01,2.7395104442e-01,2.6702756035e-01,9.2847482573e-02,2.2137294263e-01,1.3734794155e-02,4.7737797352e+00
9.0000000000e+01,2.9123886453e-02,1.0103730343e-01,2.7725725449e-01,2.6518643406e-01,8.9599358435e-02,2.2339186951e-01,1.4403893624e-02,4.7759232064e+00
9.0500000000e+01,2.9867495237e-02,9.9494390975e-02,2.8055090896e-01,2.6486428915e-01,8.6544073923e-02,2.2374320530e-01,1.4935636447e-02,4.7755102790e+00
9.1000000000e+01,3.0990802601e-02,9.8474071687e-02,2.8345264170e-01,2.6255607823e-01,8.4550918969e-02,2.2441309033e-01,1.5562396487e-02,4.7815811800e+00
9.1500000000e+01,3.1906545829e-02,9.6959143677e-02,2.8649595196e-01,2.6178589471e-01,8.2124614791e-02,2.2462286723e-01,1.6104981800e-02,4.7821747387e+00
9.2000000000e+01,3.2616379530e-02,9.6119275609e-02,2.8867371254e-01,2.6075200253e-01,7.9950488840e-02,2.2523396273e-01,1.6654178216e-02,4.7817993787e+00
9.2500000000e+01,3.3240664836e-02,9.5714380215e-02,2.9041721182e-01,2.5984231910e-01,7.7578725382e-02,2.2590542045e-01,1.7301278198e-02,4.7826839129e+00
9.3000000000e+01,3.4107539996e-02,9.3985291691e-02,2.9398690443e-01,2.5915387417e-01,7.4369609807e-02,2.2630074537e-01,1.8096034537e-02,4.7792647734e+00
9.3500000000e+01,3.4840750447e-02,9.2249603064e-02,2.9483066936e-01,2.5926168727e-01,7.1649742339e-02,2.2839704621e-01,1.8770501308e-02,4.7769176089e+00
9.4000000000e+01,3.5518792658e-02,9.0988409845e-02,2.9760716601e-01,2.5795082130e-01,6.9459783581e-02,2.2897462424e-01,1.9500402372e-02,4.7758939264e+00
9.4500000000e+01,3.6565403539e-02,9.0460757777e-02,3.0027263586e-01,2.5739896249e-01,6.6953293827e-02,2.2822609055e-01,2.0122855951e-02,4.7768670106e+00
9.5000000000e+01,3.7320919374e-02,8.8293108661e-02,3.0556204133e-01,2.5628012607e-01,6.3932743681e-02,2.2774433100e-01,2.0866729885e-02,4.7675643791e+00
9.5500000000e+01,3.7937405424e-02,8.7272478980e-02,3.1104508943e-01,2.5358555381e-01,6.0872303781e-02,2.2766197171e-01,2.1625196859e-02,4.7592444922e+00
9.6000000000e+01,3.8800498469e-02,8.6788688418e-02,3.1204480168e-01,2.5380104277e-01,5.8477734010e-02,2.2763234947e-01,2.2454885176e-02,4.7571677762e+00
9.6500000000e+01,3.9534019797e-02,8.5269614066e-02,3.1262530837e-01,2.5582663140e-01,5.6336151341e-02,2.2698114009e-01,2.3427134939e-02,4.7534465772e+00
9.7000000000e+01,4.0018610446e-02,8.4510848442e-02,3.1595446255e-01,2.5397083971e-01,5.3839853457e-02,2.2721007943e-01,2.4495305961e-02,4.7460513594e+00
9.7500000000e+01,4.0751691436e-02,8.2813999092e-02,3.1741876967e-01,2.5184792875e-01,5.0996096289e-02,2.3059792934e-01,2.5573585418e-02,4.7358852017e+00
9.8000000000e+01,4.1355821229e-02,8.1718960056e-02,3.1919113848e-01,2.5097447347e-01,4.8157510983e-02,2.3213098410e-01,2.6471111687e-02,4.7254383476e+00
9.8500000000e+01,4.2263589655e-02,8.1155770130e-02,3.2153451129e-01,2.4833703072e-01,4.5472782253e-02,2.3374035660e-01,2.7495959354e-02,4.7176520831e+00
9.9000000000e+01,4.2749544936e-02,8.0697996866e-02,3.2462924012e-01,2.4732642239e-01,4.2670234635e-02,2.3360351618e-01,2.8323044872e-02,4.7061425299e+00
9.9500000000e+01,4.3399086350e-02,7.9713537420e-02,3.2769261670e-01,2.4500915210e-01,3.9917928191e-02,2.3489376926e-01,2.9373909972e-02,4.6943036035e+00
1.0000000000e+02,4.3778409374e-02,7.9357366579e-02,3.3083748347e-01,2.4259014539e-01,3.7391319500e-02,2.3554517998e-01,3.0500095711e-02,4.6835951490e+00
1.0050000000e+02,4.4113534903e-02,7.9055795522e-02,3.3321714052e-01,2.4036939071e-01,3.4607636423e-02,2.3690558692e-01,3.1730915002e-02,4.6700743494e+00
1.0100000000e+02,4.4592980329e-02,7.7565981218e-02,3.3607924630e-01,2.3749516353e-01,3.2108791151e-02,2.3922068738e-01,3.2937150102e-02,4.6516969914e+00
1.0150000000e+02,4.5437958410e-02,7.6518861770e-02,3.3838441349e-01,2.3397030164e-01,3.0180220947e-02,2.4127031141e-01,3.4237932331e-02,4.6383963347e+00
1.0200000000e+02,4.6040155174e-02,7.5098637986e-02,3.4260128503e-01,2.3137550328e-01,2.7940491721e-02,2.4132727106e-01,3.5616655744e-02,4.6184339270e+00
1.0250000000e+02,4.6746726078e-02,7.4228602161e-02,3.4505732489e-01,2.2828063179e-01,2.5930403362e-02,2.4235117184e-01,3.7405139871e-02,4.6027435270e+00
1.0300000000e+02,4.7103486195e-02,7.3118665707e-02,3.4901383864e-01,2.2592018324e-01,2.4154037515e-02,2.4181220453e-01,3.8877584167e-02,4.5840750499e+00
1.0350000000e+02,4.7700058649e-02,7.1784368088e-02,3.5204549594e-01,2.2296432761e-01,2.1934040118e-02,2.4348740242e-01,4.0084307168e-02,4.5588526342e+00
1.0400000000e+02,4.8202081226e-02,7.0814819405e-02,3.5402272683e-01,2.2027948198e-01,2.0129166795e-02,2.4513450047e-01,4.1417223290e-02,4.5370044819e+00
1.0450000000e+02,4.8945919931e-02,6.9726114790e-02,3.5677220457e-01,2.1681851813e-01,1.8467449749e-02,2.4631293348e-01,4.2956859355e-02,4.5159609776e+00
1.0500000000e+02,4.9328741327e-02,6.9596240637e-02,3.5519906260e-01,2.1685701688e-01,1.6985233707e-02,2.4725056301e-01,4.4783141834e-02,4.5020659570e+00
1.0550000000e+02,5.0337100029e-02,6.8967599696e-02,3.5806322783e-01,2.1125429123e-01,1.5621080550e-02,2.4934848967e-01,4.6408210997e-02,4.4794429312e+00
1.0600000000e+02,5.1003897780e-02,6.8484658714e-02,3.6096284295e-01,2.0932893398e-01,1.4261668363e-02,2.4820970506e-01,4.7748293153e-02,4.4561670077e+00
1.0650000000e+02,5.1827835717e-02,6.7749788152e-02,3.6137043156e-01,2.0686122923e-01,1.3094924514e-02,2.4954963167e-01,4.9546159148e-02,4.4367496702e+00
1.0700000000e+02,5.2532137196e-02,6.6609429210e-02,3.6397489848e-01,2.0239160027e-01,1.2139298486e-02,2.5024371899e-01,5.2108917381e-02,4.4189872616e+00
1.0750000000e+02,5.3170607590e-02,6.5195977349e-02,3.6466165979e-01,2.0016544651e-01,1.1189698992e-02,2.5128426754e-01,5.4332342226e-02,4.3975995927e+00
1.0800000000e+02,5.3624302632e-02,6.3642809952e-02,3.6590513248e-01,1.9866923232e-01,1.0276497229e-02,2.5134098037e-01,5.6541045008e-02,4.3753116839e+00
1.0850000000e+02,5.3517890500e-02,6.1953280073e-02,3.6917978182e-01,1.9626560980e-01,9.5871980528e-03,2.5137527271e-01,5.8120967048e-02,4.3447390475e+00
1.0900000000e+02,5.4346698193e-02,6.1282724254e-02,3.6991926277e-01,1.9560713324e-01,8.9526981052e-03,2.5048179059e-01,5.9409692840e-02,4.3236236868e+00
1.0950000000e+02,5.4633900910e-02,6.0355916929e-02,3.7060692962e-01,1.9392017469e-01,8.6005553143e-03,2.5084715616e-01,6.1035366377e-02,4.3070629968e+00
1.1000000000e+02,5.5164855639e-02,5.8794255769e-02,3.7467412063e-01,1.9037661588e-01,8.3102744224e-03,2.4963617397e-01,6.3043703695e-02,4.2925686171e+00
1.1050000000e+02,5.5377969273e-02,5.7213384455e-02,3.7756982054e-01,1.8615138122e-01,8.1393068864e-03,2.5066063964e-01,6.4887497983e-02,4.2783724145e+00
1.1100000000e+02,5.5451455554e-02,5.6675966620e-02,3.7836242525e-01,1.8327183395e-01,8.2758085623e-03,2.5172267012e-01,6.6239839941e-02,4.2755023475e+00
1.1150000000e+02,5.5469885487e-02,5.5752080760e-02,3.8264520338e-01,1.7897988250e-01,8.4859335805e-03,2.5064250605e-01,6.8024508247e-02,4.2778213342e+00
1.1200000000e+02,5.5212226161e-02,5.4685996949e-02,3.8626476220e-01,1.7546431898e-01,8.7407051010e-03,2.4953431886e-01,7.0097671753e-02,4.2856060876e+00
1.1250000000e+02,5.4935923419e-02,5.4265828442e-02,3.8976294084e-01,1.7085115309e-01,9.3063513041e-03,2.4842338072e-01,7.2454422183e-02,4.3041389073e+00
1.1300000000e+02,5.5807610449e-02,5.3018633049e-02,3.8977000647e-01,1.6815495891e-01,9.8752203799e-03,2.4865688841e-01,7.4716682340e-02,4.3270000478e+00
1.1350000000e+02,5.5962100589e-02,5.1978289025e-02,3.9310000058e-01,1.6545883076e-01,1.0405739509e-02,2.4668423059e-01,7.6410808958e-02,4.3444752201e+00
1.1400000000e+02,5.6922690180e-02,5.1301641564e-02,3.9123602251e-01,1.6394448060e-01,1.1093328799e-02,2.4627629070e-01,7.9225545653e-02,4.3815393618e+00
1.1450000000e+02,5.7120343854e-02,5.0169858461e-02,3.9356964965e-01,1.6028790363e-01,1.1925999781e-02,2.4487759783e-01,8.2048646799e-02,4.4045346586e+00
1.1500000000e+02,5.7640910588e-02,4.9444540612e-02,3.9326555464e-01,1.5614001568e-01,1.2981856890e-02,2.4561189845e-01,8.4915223143e-02,4.4375188039e+00
1.1550000000e+02,5.7792904246e-02,4.8750578750e-02,3.9480913645e-01,1.5151144070e-01,1.4243019433e-02,2.4545201619e-01,8.7440904240e-02,4.4641365102e+00
1.1600000000e+02,5.8148356496e-02,4.7441671483e-02,3.9576006904e-01,1.4921897061e-01,1.5424572525e-02,2.4323088758e-01,9.0775472268e-02,4.4907426663e+00
1.1650000000e+02,5.8976047781e-02,4.6356608955e-02,3.9580603599e-01,1.4587418403e-01,1.6852141552e-02,2.4300254730e-01,9.3132434391e-02,4.5149070598e+00
1.1700000000e+02,5.9571801766e-02,4.5175945632e-02,3.9479042729e-01,1.4378861694e-01,1.8208770972e-02,2.4222515300e-01,9.6239284407e-02,4.5408008784e+00
1.1750000000e+02,5.9567969198e-02,4.3901819105e-02,3.9682159276e-01,1.4058047445e-01,1.9872915676e-02,2.4063849549e-01,9.8616733324e-02,4.5597222187e+00
1.1800000000e+02,5.9544686702e-02,4.3157664520e-02,3.9973236506e-01,1.3759801598e-01,2.1615590883e-02,2.3699253419e-01,1.0135914267e-01,4.5778115667e+00
1.1850000000e+02,6.0122942874e-02,4.2534016260e-02,3.9877357803e-01,1.3529752975e-01,2.3284474749e-02,2.3519846994e-01,1.0478898840e-01,4.6028739599e+00
1.1900000000e+02,6.0544693305e-02,4.1974032186e-02,3.9879553305e-01,1.3160475224e-01,2.5123585037e-02,2.3444663237e-01,1.0751077180e-01,4.6279658881e+00
1.1950000000e+02,6.1204928350e-02,4.1155777531e-02,3.9809930122e-01,1.2877080813e-01,2.6975447697e-02,2.3371942422e-01,1.1007431286e-01,4.6491443265e+00
1.2000000000e+02,6.1064819757e-02,4.0056030540e-02,3.9931651405e-01,1.2589665539e-01,2.8881031550e-02,2.3203686267e-01,1.1274808603e-01,4.6590395222e+00
1.2050000000e+02,6.1440621004e-02,3.9008518587e-02,3.9985803083e-01,1.2384370073e-01,3.0879767563e-02,2.3023049918e-01,1.1473886211e-01,4.6726504329e+00
1.2100000000e+02,6.1019550487e-02,3.8031486130e-02,4.0218270253e-01,1.2061535991e-01,3.2912731642e-02,2.2811497544e-01,1.1712319385e-01,4.6799432199e+00
1.2150000000e+02,6.0796191125e-02,3.6916711998e-02,4.0581490945e-01,1.1725989410e-01,3.4922381094e-02,2.2540249385e-01,1.1888741839e-01,4.6791964525e+00
1.2200000000e+02,6.1179608955e-02,3.6011804863e-02,4.0551399655e-01,1.1467403020e-01,3.7121840382e-02,2.2442108069e-01,1.2107763836e-01,4.6933862543e+00
1.2250000000e+02,6.1445262162e-02,3.5133081007e-02,4.0581811592e-01,1.1215730644e-01,3.9533705399e-02,2.2357552278e-01,1.2233700630e-01,4.7025850894e+00
1.2300000000e+02,6.1676130415e-02,3.4199810349e-02,4.0759263422e-01,1.0982876112e-01,4.2003289409e-02,2.2106200645e-01,1.2363736804e-01,4.7108296059e+00
1.2350000000e+02,6.1173698729e-02,3.3670305491e-02,4.0672871682e-01,1.0799828321e-01,4.4106367163e-02,2.1855725777e-01,1.2776537081e-01,4.7225135813e+00
1.2400000000e+02,6.0944078025e-02,3.2754311607e-02,4.0640287691e-01,1.0637662925e-01,4.6396540953e-02,2.1592057223e-01,1.3120499103e-01,4.7339410106e+00
1.2450000000e+02,6.0854564067e-02,3.1596340510e-02,4.0792041346e-01,1.0344830859e-01,4.8744379458e-02,2.1355529069e-01,1.3388070323e-01,4.7360330630e+00
1.2500000000e+02,6.1342154957e-02,3.0573534470e-02,4.0723313340e-01,1.0165449714e-01,5.1516379700e-02,2.1147344501e-01,1.3620685531e-01,4.7509370181e+00
1.2550000000e+02,6.1516171660e-02,2.9667757253e-02,4.0617387712e-01,1.0050473400e-01,5.4249964708e-02,2.0882682393e-01,1.3906067132e-01,4.7620328781e+00
1.2600000000e+02,6.2144817625e-02,2.8767793420e-02,4.0566156505e-01,9.8404065551e-02,5.6984359760e-02,2.0759955547e-01,1.4043784312e-01,4.7687568217e+00
1.2650000000e+02,6.2144101686e-02,2.7898282702e-02,4.0433951023e-01,9.7246123284e-02,5.9707238353e-02,2.0421567452e-01,1.4444906922e-01,4.7793276172e+00
1.2700000000e+02,6.2087383703e-02,2.7056967886e-02,4.0586704901e-01,9.4813816871e-02,6.1856794341e-02,2.0172076208e-01,1.4659722611e-01,4.7724342997e+00
1.2750000000e+02,6.1540544236e-02,2.5867299831e-02,4.0790379490e-01,9.2602056615e-02,6.4762008828e-02,1.9885474610e-01,1.4846954949e-01,4.7670479045e+00
1.2800000000e+02,6.1511612835e-02,2.5203379033e-02,4.0782058724e-01,9.1002696007e-02,6.7293603780e-02,1.9721951174e-01,1.4994860936e-01,4.7678968524e+00
1.2850000000e+02,6.1519748838e-02,2.4245259909e-02,4.1020059854e-01,8.9405444126e-02,6.9818859413e-02,1.9240604649e-01,1.5240404269e-01,4.7630551987e+00
1.2900000000e+02,6.1298890994e-02,2.3571836433e-02,4.1139132350e-01,8.8446177079e-02,7.2540415484e-02,1.8789635784e-01,1.5485499867e-01,4.7610393310e+00
1.2950000000e+02,6.1305745617e-02,2.2730382190e-02,4.0872083451e-01,8.7730806579e-02,7.6181647336e-02,1.8478036854e-01,1.5855021522e-01,4.7692357997e+00
1.3000000000e+02,6.1617857109e-02,2.1995426916e-02,4.0674473599e-01,8.6590759649e-02,7.9524380049e-02,1.8373196510e-01,1.5979487519e-01,4.7758361508e+00
1.3050000000e+02,6.0810927898e-02,2.1394948422e-02,4.0783860081e-01,8.6158162003e-02,8.1846558018e-02,1.7883555502e-01,1.6311524784e-01,4.7702928845e+00
1.3100000000e+02,6.0680402110e-02,2.0721314355e-02,4.1005169487e-01,8.6013433573e-02,8.4109017651e-02,1.7460690171e-01,1.6381723572e-01,4.7640036694e+00
1.3150000000e+02,6.0880941854e-02,2.0167574799e-02,4.0891886908e-01,8.5389890521e-02,8.7004497264e-02,1.7175390713e-01,1.6588431935e-01,4.7661476697e+00
1.3200000000e+02,6.0409883814e-02,1.9559471625e-02,4.0728236729e-01,8.5627745658e-02,9.0066107394e-02,1.6762098136e-01,1.6943344286e-01,4.7686561369e+00
1.3250000000e+02,5.9920963737e-02,1.8895349358e-02,4.0748762196e-01,8.5431279939e-02,9.1793185334e-02,1.6368260133e-01,1.7278899835e-01,4.7599146975e+00
1.3300000000e+02,5.9925203812e-02,1.8098090069e-02,4.0607281482e-01,8.5399729378e-02,9.4110851888e-02,1.6063833454e-01,1.7575497550e-01,4.7598117648e+00
1.3350000000e+02,5.9495770915e-02,1.7529254775e-02,4.0471328002e-01,8.6032773901e-02,9.6577317108e-02,1.5740026951e-01,1.7825133377e-01,4.7594103581e+00
1.3400000000e+02,6.0255122788e-02,1.7084468978e-02,4.0428412191e-01,8.6450687431e-02,9.9484768080e-02,1.5209509620e-01,1.8034573462e-01,4.7635198473e+00
1.3450000000e+02,6.0593368853e-02,1.6480021515e-02,4.0119133057e-01,8.6858566884e-02,1.0333063879e-01,1.4876999164e-01,1.8277608175e-01,4.7655429553e+00
1.3500000000e+02,6.1154701157e-02,1.5942385099e-02,3.9868280027e-01,8.7433844097e-02,1.0574523541e-01,1.4564211506e-01,1.8539891891e-01,4.7698773606e+00
1.3550000000e+02,6.1168464910e-02,1.5509945283e-02,3.9543354628e-01,8.8015668260e-02,1.0857031741e-01,1.4264881680e-01,1.8865324106e-01,4.7709950250e+00
1.3600000000e+02,6.1121212460e-02,1.5163601967e-02,3.9740579043e-01,8.7388708584e-02,1.1079089500e-01,1.3797936477e-01,1.9015042678e-01,4.7612129961e+00
1.3650000000e+02,6.1461486550e-02,1.4886913213e-02,3.9653889280e-01,8.8286211031e-02,1.1256089196e-01,1.3341217236e-01,1.9285343208e-01,4.7589159195e+00
1.3700000000e+02,6.1119223189e-02,1.4411640869e-02,3.9503251324e-01,8.9233911378e-02,1.1550149090e-01,1.3009528965e-01,1.9460593078e-01,4.7554694640e+00
1.3750000000e+02,6.1111602260e-02,1.3961570754e-02,3.9506187079e-01,9.0643824143e-02,1.1748236055e-01,1.2688703542e-01,1.9485173608e-01,4.7498532652e+00
1.3800000000e+02,6.1325036014e-02,1.3764051336e-02,3.9275714904e-01,9.2075297039e-02,1.1934201073e-01,1.2363200067e-01,1.9710445517e-01,4.7545251789e+00
1.3850000000e+02,6.0722044391e-02,1.3543203558e-02,3.9211518587e-01,9.4091028290e-02,1.2092549936e-01,1.1972704520e-01,1.9887599334e-01,4.7496227054e+00
1.3900000000e+02,6.0390000556e-02,1.3342082201e-02,3.9154536677e-01,9.4127430684e-02,1.2346484279e-01,1.1599211611e-01,2.0113816089e-01,4.7469744750e+00
1.3950000000e+02,6.0576935243e-02,1.3147789792e-02,3.8782705232e-01,9.5368754463e-02,1.2545370090e-01,1.1352251065e-01,2.0410325663e-01,4.7523488748e+00
1.4000000000e+02,6.0389811335e-02,1.2910239200e-02,3.8604311177e-01,9.6238013793e-02,1.2781362660e-01,1.1014670625e-01,2.0645849106e-01,4.7507364261e+00
1.4050000000e+02,5.9960599480e-02,1.2802973004e-02,3.8274440719e-01,9.7621260550e-02,1.3080621650e-01,1.0656241325e-01,2.0950213003e-01,4.7522609281e+00
1.4100000000e+02,6.0197136227e-02,1.2642903781e-02,3.8165947028e-01,9.8606136987e-02,1.3403390609e-01,1.0276037660e-01,2.1010007004e-01,4.7512384222e+00
1.4150000000e+02,5.9819964395e-02,1.2410703047e-02,3.7954519940e-01,1.0053098158e-01,1.3744999664e-01,9.8932199595e-02,2.1131095534e-01,4.7487207879e+00
1.4200000000e+02,5.9575825265e-02,1.2203288305e-02,3.7780204303e-01,1.0279407156e-01,1.3953026685e-01,9.4678750049e-02,2.1341575494e-01,4.7437581422e+00
1.4250000000e+02,5.9057569482e-02,1.2084594936e-02,3.7695741931e-01,1.0482972305e-01,1.4144963388e-01,9.0921509208e-02,2.1469955013e-01,4.7370402241e+00
1.4300000000e+02,5.9200086797e-02,1.2017636161e-02,3.7377285543e-01,1.0746784933e-01,1.4425957473e-01,8.6997266129e-02,2.1628473142e-01,4.7387264335e+00
1.4350000000e+02,5.9255680233e-02,1.2005947139e-02,3.7175743287e-01,1.0990896749e-01,1.4686581567e-01,8.4059673059e-02,2.1614648354e-01,4.7437630834e+00
1.4400000000e+02,5.9262800009e-02,1.1940389563e-02,3.6958957512e-01,1.1070102588e-01,1.4913592134e-01,8.1264046584e-02,2.1810624150e-01,4.7448686566e+00
1.4450000000e+02,5.8557336575e-02,1.1808096566e-02,3.6931949229e-01,1.1316050159e-01,1.5062537918e-01,7.8185338324e-02,2.1834385548e-01,4.7366480877e+00
1.4500000000e+02,5.8400076577e-02,1.1806689958e-02,3.6779924315e-01,1.1446425819e-01,1.5382131320e-01,7.4277708955e-02,2.1943070997e-01,4.7303563147e+00
1.4550000000e+02,5.8095655526e-02,1.1820831839e-02,3.6791510088e-01,1.1689777298e-01,1.5472264629e-01,7.0810592809e-02,2.1973739967e-01,4.7219906257e+00
1.4600000000e+02,5.7544154050e-02,1.1816435446e-02,3.6565713640e-01,1.1843661424e-01,1.5719228166e-01,6.7364371447e-02,2.2198900675e-01,4.7143316254e+00
1.4650000000e+02,5.7380365033e-02,1.1968951905e-02,3.6532634953e-01,1.1987447820e-01,1.5931824623e-01,6.4021621154e-02,2.2210998794e-01,4.7088361695e+00
1.4700000000e+02,5.6943843881e-02,1.2071943008e-02,3.6445746475e-01,1.2152710146e-01,1.6259946454e-01,6.1086296746e-02,2.2131388562e-01,4.7016125109e+00
1.4750000000e+02,5.6777838666e-02,1.2047211447e-02,3.6192777719e-01,1.2347803145e-01,1.6561185338e-01,5.8298256254e-02,2.2185903162e-01,4.6968509903e+00
1.4800000000e+02,5.6632126917e-02,1.2093572202e-02,3.6242075770e-01,1.2496484243e-01,1.6785755255e-01,5.5338624728e-02,2.2069252347e-01,4.6845635425e+00
1.4850000000e+02,5.6494141190e-02,1.2130911563e-02,3.6036901915e-01,1.2666595230e-01,1.7025275423e-01,5.2032392134e-02,2.2205482943e-01,4.6777428441e+00
1.4900000000e+02,5.6064891055e-02,1.2331333108e-02,3.5876546130e-01,1.2817601274e-01,1.7177567365e-01,4.9121697611e-02,2.2376493054e-01,4.6629169344e+00
1.4950000000e+02,5.5221719892e-02,1.2396465523e-02,3.5656235522e-01,1.2981737631e-01,1.7331668283e-01,4.6530972975e-02,2.2615442725e-01,4.6476224439e+00
1.5000000000e+02,5.5251136910e-02,1.2417549869e-02,3.5479977283e-01,1.3134442441e-01,1.7540989859e-01,4.3744167106e-02,2.2703305029e-01,4.6323097042e+00
1.5050000000e+02,5.5290553055e-02,1.2584500367e-02,3.5075101115e-01,1.3270249177e-01,1.7839155563e-01,4.1315646269e-02,2.2896424176e-01,4.6282924634e+00
1.5100000000e+02,5.4620177557e-02,1.2567411943e-02,3.5124575733e-01,1.3340488679e-01,1.7909179186e-01,3.8484535066e-02,2.3058543945e-01,4.6023165018e+00
1.5150000000e+02,5.3781028165e-02,1.2564749530e-02,3.4984621200e-01,1.3496875567e-01,1.8180103185e-01,3.5776187849e-02,2.3126203493e-01,4.5819937488e+00
1.5200000000e+02,5.3955327377e-02,1.2753494075e-02,3.4626428183e-01,1.3468169830e-01,1.8475378706e-01,3.3574052123e-02,2.3401735924e-01,4.5714641578e+00
1.5250000000e+02,5.3803748356e-02,1.2990464094e-02,3.4203896386e-01,1.3673168231e-01,1.8633576890e-01,3.1249923311e-02,2.3684944917e-01,4.5604541559e+00
1.5300000000e+02,5.3470268085e-02,1.3156536684e-02,3.3873563059e-01,1.3960329270e-01,1.8719051795e-01,2.8899739911e-02,2.3894401408e-01,4.5457437521e+00
1.5350000000e+02,5.3326361884e-02,1.3385416606e-02,3.3466415232e-01,1.4069385344e-01,1.9005771824e-01,2.7021578627e-02,2.4085091888e-01,4.5337439400e+00
1.5400000000e+02,5.3333028332e-02,1.3373035147e-02,3.3512940682e-01,1.4154997455e-01,1.9033165550e-01,2.4884381018e-02,2.4139851863e-01,4.5116083616e+00
1.5450000000e+02,5.3149842262e-02,1.3489010756e-02,3.3022415065e-01,1.4367586474e-01,1.9284081160e-01,2.3175315259e-02,2.4344500473e-01,4.4949695987e+00
1.5500000000e+02,5.3241058177e-02,1.3637467732e-02,3.2890723653e-01,1.4402326679e-01,1.9384337098e-01,2.1095118183e-02,2.4525248161e-01,4.4721813009e+00
1.5550000000e+02,5.2919488393e-02,1.3839641264e-02,3.2741214194e-01,1.4543719805e-01,1.9482065920e-01,1.9324255337e-02,2.4624661580e-01,4.4549437356e+00
1.5600000000e+02,5.3004949452e-02,1.4072758492e-02,3.2463231430e-01,1.4592775745e-01,1.9650080818e-01,1.7469272826e-02,2.4839213930e-01,4.4388504251e+00
1.5650000000e+02,5.3139405143e-02,1.4313102319e-02,3.2083776255e-01,1.4613734335e-01,1.9935536089e-01,1.5967253373e-02,2.5024977237e-01,4.4222052444e+00
1.5700000000e+02,5.2549431133e-02,1.4289290577e-02,3.1884853134e-01,1.4560422735e-01,1.9986527324e-01,1.4238309380e-02,2.5460493698e-01,4.3920899171e+00
1.5750000000e+02,5.1864985364e-02,1.4412443519e-02,3.1766622846e-01,1.4567272585e-01,2.0215084891e-01,1.2773216035e-02,2.5545955186e-01,4.3606031564e+00
1.5800000000e+02,5.1838994837e-02,1.4636003893e-02,3.1519101611e-01,1.4689789838e-01,2.0505445830e-01,1.1545792141e-02,2.5483583634e-01,4.3441354722e+00
1.5850000000e+02,5.2514117850e-02,1.4969550722e-02,3.1217270094e-01,1.4790991320e-01,2.0626643051e-01,1.0364997405e-02,2.5580228937e-01,4.3263421664e+00
1.5900000000e+02,5.2776194802e-02,1.5110013269e-02,3.0996307277e-01,1.4826910013e-01,2.0927420325e-01,9.2832394116e-03,2.5532417636e-01,4.3065002360e+00
1.5950000000e+02,5.3512404461e-02,1.5379474820e-02,3.0750694699e-01,1.4845162040e-01,2.1175953102e-01,8.2738340574e-03,2.5511618825e-01,4.2897208455e+00
1.6000000000e+02,5.3826721705e-02,1.5543058959e-02,3.0346008648e-01,1.4909420894e-01,2.1406330706e-01,7.4395398670e-03,2.5657307698e-01,4.2691863924e+00
1.6050000000e+02,5.3358646304e-02,1.5835695837e-02,3.0090329072e-01,1.4893192968e-01,2.1689375305e-01,6.7184861622e-03,2.5735819825e-01,4.2421411834e+00
1.6100000000e+02,5.2960646004e-02,1.6025770495e-02,2.9928520609e-01,1.4916673433e-01,2.1856627062e-01,6.0125609060e-03,2.5798281156e-01,4.2147292368e+00
1.6150000000e+02,5.2861713978e-02,1.6192775829e-02,2.9714418730e-01,1.4859048137e-01,2.2193756564e-01,5.3883155241e-03,2.5788496037e-01,4.1895438743e+00
1.6200000000e+02,5.2802040046e-02,1.6416825626e-02,2.9613311288e-01,1.4736547340e-01,2.2474057322e-01,4.8914046514e-03,2.5765057018e-01,4.1631274233e+00
1.6250000000e+02,5.2604640600e-02,1.6435304472e-02,2.9251666830e-01,1.4597044320e-01,2.2813614314e-01,4.5655079907e-03,2.5977129230e-01,4.1337645269e+00
1.6300000000e+02,5.2412651696e-02,1.6596087958e-02,2.8968340186e-01,1.4508794517e-01,2.3061607107e-01,4.3318739258e-03,2.6127196833e-01,4.1094330909e+00
1.6350000000e+02,5.2357231362e-02,1.6737742218e-02,2.8696533507e-01,1.4380420295e-01,2.3203455812e-01,4.1871662990e-03,2.6391376398e-01,4.0882587019e+00
1.6400000000e+02,5.2453431473e-02,1.6881017010e-02,2.8267814642e-01,1.4369787595e-01,2.3426890300e-01,4.2077748239e-03,2.6581285132e-01,4.0890060771e+00
1.6450000000e+02,5.2059962978e-02,1.6800673223e-02,2.8102289120e-01,1.4254809369e-01,2.3613996801e-01,4.2656106861e-03,2.6716280021e-01,4.0935120542e+00
1.6500000000e+02,5.1997654076e-02,1.6944775053e-02,2.7964765333e-01,1.4255743353e-01,2.3664385915e-01,4.3944500169e-03,2.6781417485e-01,4.1149948172e+00
1.6550000000e+02,5.1227608965e-02,1.7159161063e-02,2.7710754640e-01,1.4109695355e-01,2.4079061206e-01,4.6965635520e-03,2.6792155440e-01,4.1364428950e+00
1.6600000000e+02,5.0835409442e-02,1.7359677557e-02,2.7683150647e-01,1.4009524489e-01,2.4205932438e-01,5.1071930469e-03,2.6771164422e-01,4.1567708058e+00
1.6650000000e+02,5.0959603998e-02,1.7438432633e-02,2.7435521616e-01,1.3925539551e-01,2.4327512550e-01,5.6273638793e-03,2.6908886231e-01,4.1831234069e+00
1.6700000000e+02,5.0985996606e-02,1.7636716790e-02,2.7280579904e-01,1.3708858119e-01,2.4512890802e-01,6.2332202030e-03,2.7012077815e-01,4.2085866591e+00
1.6750000000e+02,5.1565924541e-02,1.7728342606e-02,2.7049083756e-01,1.3576784944e-01,2.4752340616e-01,6.9103782295e-03,2.7001326145e-01,4.2377953640e+00
1.6800000000e+02,5.1206645861e-02,1.7916015708e-02,2.6999812863e-01,1.3385610406e-01,2.5052094136e-01,7.8552651044e-03,2.6864689927e-01,4.2628522232e+00
1.6850000000e+02,5.1062664841e-02,1.8028801664e-02,2.6900155944e-01,1.3291851768e-01,2.5023186381e-01,8.8062814110e-03,2.6995031116e-01,4.2878321307e+00
1.6900000000e+02,5.1321013322e-02,1.8027910063e-02,2.6646092690e-01,1.3114026255e-01,2.5234728765e-01,9.8673836923e-03,2.7083521582e-01,4.3125972297e+00
1.6950000000e+02,5.1075154434e-02,1.8294664670e-02,2.6414685356e-01,1.2961312304e-01,2.5346058255e-01,1.0971426543e-02,2.7243819521e-01,4.3338274731e+00
1.7000000000e+02,5.0797965585e-02,1.8398493441e-02,2.6288050369e-01,1.2797931151e-01,2.5385663308e-01,1.2164227393e-02,2.7392286530e-01,4.3548333482e+00
1.7050000000e+02,5.0575079320e-02,1.8298518729e-02,2.6096239024e-01,1.2563326127e-01,2.5346689922e-01,1.3410675979e-02,2.7765317525e-01,4.3679067534e+00
1.7100000000e+02,5.0493102372e-02,1.8230610223e-02,2.6030493693e-01,1.2355313670e-01,2.5458904991e-01,1.4747661835e-02,2.7808150202e-01,4.3822003963e+00
1.7150000000e+02,5.0518073690e-02,1.8210109032e-02,2.6012159745e-01,1.2117927629e-01,2.5566142299e-01,1.6238074180e-02,2.7807144637e-01,4.3983318973e+00
1.7200000000e+02,5.0771911830e-02,1.8475154739e-02,2.5985697135e-01,1.1899546377e-01,2.5577768233e-01,1.8178440629e-02,2.7794437535e-01,4.4230639179e+00
1.7250000000e+02,5.0246786304e-02,1.8368903138e-02,2.5737206555e-01,1.1611538620e-01,2.5905470471e-01,2.0038591745e-02,2.7880356235e-01,4.4317793868e+00
1.7300000000e+02,5.0198111793e-02,1.8300936390e-02,2.5581841976e-01,1.1367826788e-01,2.6009029342e-01,2.1902033540e-02,2.8001193722e-01,4.4458063365e+00
1.7350000000e+02,4.9842850917e-02,1.8429436891e-02,2.5600034609e-01,1.1081677460e-01,2.6149227400e-01,2.3847671261e-02,2.7957064625e-01,4.4597539807e+00
1.7400000000e+02,4.9744953308e-02,1.8468159382e-02,2.5198972078e-01,1.0908151336e-01,2.6401198854e-01,2.5495406669e-02,2.8120825797e-01,4.4695293850e+00
1.7450000000e+02,4.9515331699e-02,1.8568177821e-02,2.5055411367e-01,1.0643641860e-01,2.6629906228e-01,2.7525784889e-02,2.8110111104e-01,4.4806480833e+00
1.7500000000e+02,4.9381801623e-02,1.8776372418e-02,2.5002652505e-01,1.0359069676e-01,2.6725575825e-01,2.9307588519e-02,2.8166125738e-01,4.4890011512e+00
1.7550000000e+02,4.9701802102e-02,1.8863976407e-02,2.4749657234e-01,1.0159505724e-01,2.6881236307e-01,3.1378538449e-02,2.8215169040e-01,4.5015456893e+00
1.7600000000e+02,4.9571597557e-02,1.8767463421e-02,2.4620578039e-01,9.9527420192e-02,2.6896838413e-01,3.3697346443e-02,2.8326200786e-01,4.5070501198e+00
1.7650000000e+02,4.9275605738e-02,1.8755956717e-02,2.4397510418e-01,9.7151302564e-02,2.7008160640e-01,3.5753713718e-02,2.8500671068e-01,4.5075466544e+00
1.7700000000e+02,4.9406959973e-02,1.8695010714e-02,2.4245094482e-01,9.4734267329e-02,2.7163921202e-01,3.8370166219e-02,2.8470343892e-01,4.5173603540e+00
1.7750000000e+02,4.8787540702e-02,1.8617157998e-02,2.3838136198e-01,9.2095889965e-02,2.7406699551e-01,4.0253750083e-02,2.8779730376e-01,4.5161509061e+00
1.7800000000e+02,4.8500188599e-02,1.8699585553e-02,2.3802852540e-01,8.8570184851e-02,2.7531089612e-01,4.2477950999e-02,2.8841266848e-01,4.5147943648e+00
1.7850000000e+02,4.8437770486e-02,1.8660198995e-02,2.3706473450e-01,8.5266792670e-02,2.7574169271e-01,4.5036425455e-02,2.8979238518e-01,4.5115344371e+00
1.7900000000e+02,4.8491388449e-02,1.8614809259e-02,2.3556695296e-01,8.4229818817e-02,2.7522664018e-01,4.7728547088e-02,2.9014184324e-01,4.5170864048e+00
1.7950000000e+02,4.8046304570e-02,1.8718678318e-02,2.3609933187e-01,8.1626388994e-02,2.7630631845e-01,5.0456775068e-02,2.8874620273e-01,4.5147341204e+00
1.8000000000e+02,4.8047955600e-02,1.8725755221e-02,2.3484534266e-01,7.9166930734e-02,2.7737031029e-01,5.3480756835e-02,2.8836294866e-01,4.5222268953e+00
1.8050000000e+02,4.7845667115e-02,1.8760829381e-02,2.3286092012e-01,7.6970321315e-02,2.7796622168e-01,5.5916713186e-02,2.8967932720e-01,4.5142736550e+00
1.8100000000e+02,4.7375674735e-02,1.8702609685e-02,2.3094768894e-01,7.4203363059e-02,2.8024010532e-01,5.8638299168e-02,2.8989225910e-01,4.5109105134e+00
1.8150000000e+02,4.6708821781e-02,1.8650526720e-02,2.3139704530e-01,7.0455064100e-02,2.8086607871e-01,6.1032096476e-02,2.9089036691e-01,4.4974401506e+00
1.8200000000e+02,4.5785909233e-02,1.8521970200e-02,2.2913045917e-01,6.7857793993e-02,2.8319145128e-01,6.3991680828e-02,2.9152073529e-01,4.4800404531e+00
1.8250000000e+02,4.5129387022e-02,1.8637797837e-02,2.2955891933e-01,6.4356862276e-02,2.8357922764e-01,6.6714346875e-02,2.9202345902e-01,4.4654128820e+00
1.8300000000e+02,4.4692424281e-02,1.8604359465e-02,2.2741358481e-01,6.1422700927e-02,2.8333599343e-01,7.0512181311e-02,2.9401875578e-01,4.4548845500e+00
1.8350000000e+02,4.4257340061e-02,1.8554958199e-02,2.2665038591e-01,5.8671317816e-02,2.8410534829e-01,7.4361311144e-02,2.9339933858e-01,4.4475648780e+00
1.8400000000e+02,4.4130851291e-02,1.8679931720e-02,2.2677521832e-01,5.6577636962e-02,2.8390233026e-01,7.7611449806e-02,2.9232258164e-01,4.4403331574e+00
1.8450000000e+02,4.3885431918e-02,1.8822756863e-02,2.2499377477e-01,5.4596628274e-02,2.8377320799e-01,8.0533661422e-02,2.9339453876e-01,4.4326453350e+00
1.8500000000e+02,4.3576188225e-02,1.8710546277e-02,2.2446978109e-01,5.1531535261e-02,2.8417696808e-01,8.3487702477e-02,2.9404727859e-01,4.4103755885e+00
1.8550000000e+02,4.3418839029e-02,1.8691044235e-02,2.2302041765e-01,4.8715529799e-02,2.8437983013e-01,8.6844395190e-02,2.9492994397e-01,4.3927688779e+00
1.8600000000e+02,4.3255327070e-02,1.8714735670e-02,2.2337911928e-01,4.6172646029e-02,2.8312510603e-01,9.1128536764e-02,2.9422452915e-01,4.3810357821e+00
1.8650000000e+02,4.2915299144e-02,1.8743487907e-02,2.2180677211e-01,4.4077293209e-02,2.8256676757e-01,9.5139816319e-02,2.9475056374e-01,4.3624751109e+00
1.8700000000e+02,4.3402633970e-02,1.8766867881e-02,2.2030321359e-01,4.2146638331e-02,2.8155983690e-01,1.0003534088e-01,2.9378546844e-01,4.3539476358e+00
1.8750000000e+02,4.3268545064e-02,1.8891842441e-02,2.1907305451e-01,3.9881396427e-02,2.8223407994e-01,1.0397357435e-01,2.9267750727e-01,4.3409700767e+00
1.8800000000e+02,4.3411045747e-02,1.9024145422e-02,2.1767414211e-01,3.8454535771e-02,2.8115846788e-01,1.0856975292e-01,2.9170791015e-01,4.3278790115e+00
1.8850000000e+02,4.2885813105e-02,1.9082641012e-02,2.1840024346e-01,3.6430776865e-02,2.7874634206e-01,1.1277792544e-01,2.9167625806e-01,4.3004546327e+00
1.8900000000e+02,4.2624597858e-02,1.9249482085e-02,2.1811612188e-01,3.5093860244e-02,2.7656722412e-01,1.1823989537e-01,2.9010881844e-01,4.2891942025e+00
1.8950000000e+02,4.2262100936e-02,1.9356719171e-02,2.1787774008e-01,3.3801838900e-02,2.7749565241e-01,1.2284745878e-01,2.8635848973e-01,4.2720343909e+00
1.9000000000e+02,4.2049359420e-02,1.9467642298e-02,2.1626019842e-01,3.2713589629e-02,2.7567919044e-01,1.2714350016e-01,2.8668651964e-01,4.2470153911e+00
1.9050000000e+02,4.1647933978e-02,1.9394712785e-02,2.1705510886e-01,3.1408455414e-02,2.7525603153e-01,1.3146134889e-01,2.8377640854e-01,4.2196160097e+00
1.9100000000e+02,4.1341863485e-02,1.9391199016e-02,2.1645967493e-01,3.0272194702e-02,2.7384636208e-01,1.3435990367e-01,2.8432880211e-01,4.1909687022e+00
1.9150000000e+02,4.0925535513e-02,1.9465049822e-02,2.1611383056e-01,2.9653012191e-02,2.7358129614e-01,1.3786061944e-01,2.8240065633e-01,4.1670323694e+00
1.9200000000e+02,4.0753836896e-02,1.9610231278e-02,2.1528482052e-01,2.8928189564e-02,2.7234260654e-01,1.4313370121e-01,2.7994661399e-01,4.1514956705e+00
1.9250000000e+02,4.0135113437e-02,1.9734199533e-02,2.1426527280e-01,2.8566830456e-02,2.7011217737e-01,1.4754340350e-01,2.7964300290e-01,4.1348223755e+00
1.9300000000e+02,3.9766649111e-02,2.0068878137e-02,2.1395032719e-01,2.7999497724e-02,2.6697696252e-01,1.5170130875e-01,2.7953637657e-01,4.1233333818e+00
1.9350000000e+02,3.9369224987e-02,2.0389529581e-02,2.1334008663e-01,2.7563223756e-02,2.6533705214e-01,1.5610846409e-01,2.7789241882e-01,4.1115823686e+00
1.9400000000e+02,3.8573411182e-02,2.0648468966e-02,2.1390406884e-01,2.7260294543e-02,2.6174209864e-01,1.5997341004e-01,2.7789824779e-01,4.0986191578e+00
1.9450000000e+02,3.7893660518e-02,2.0832112949e-02,2.1424665869e-01,2.7448687421e-02,2.6032879457e-01,1.6239512262e-01,2.7685496323e-01,4.0921962849e+00
1.9500000000e+02,3.7565268227e-02,2.0939671423e-02,2.1364745034e-01,2.8108684237e-02,2.5690180793e-01,1.6701270671e-01,2.7582441114e-01,4.0937297363e+00
1.9550000000e+02,3.7203093325e-02,2.0671047591e-02,2.1274976487e-01,2.8457737626e-02,2.5480419931e-01,1.7224722811e-01,2.7386692917e-01,4.0967243431e+00
1.9600000000e+02,3.6796543036e-02,2.0891044532e-02,2.1336257299e-01,2.8609836666e-02,2.5095708550e-01,1.7628265319e-01,2.7310026408e-01,4.1055562876e+00
1.9650000000e+02,3.6641251764e-02,2.0950564412e-02,2.1530438336e-01,2.9623637526e-02,2.4825900346e-01,1.7979271195e-01,2.6942844753e-01,4.1120582411e+00
1.9700000000e+02,3.6423472615e-02,2.1234840604e-02,2.1541454381e-01,3.0708747058e-02,2.4633535033e-01,1.8353419652e-01,2.6634884906e-01,4.1370903696e+00
1.9750000000e+02,3.6135366845e-02,2.1461365805e-02,2.1330127556e-01,3.1501969061e-02,2.4311665330e-01,1.8716123794e-01,2.6732213149e-01,4.1586133313e+00
1.9800000000e+02,3.5761321038e-02,2.1643485373e-02,2.1294249355e-01,3.2392962774e-02,2.3983107661e-01,1.9211474624e-01,2.6531391441e-01,4.1794587832e+00
1.9850000000e+02,3.5015926554e-02,2.2025450907e-02,2.1178079104e-01,3.3787420753e-02,2.3779987116e-01,1.9679726414e-01,2.6279327545e-01,4.2013551816e+00
1.9900000000e+02,3.4717631688e-02,2.2330026781e-02,2.1095564870e-01,3.5134579570e-02,2.3477252735e-01,2.0039680212e-01,2.6169278378e-01,4.2241110137e+00
1.9950000000e+02,3.4260930216e-02,2.2437396516e-02,2.0994608706e-01,3.6933756952e-02,2.3098348832e-01,2.0426508160e-01,2.6117325934e-01,4.2479362856e+00
2.0000000000e+02,3.3947824828e-02,2.2346181915e-02,2.0962349512e-01,3.8179350633e-02,2.2761044345e-01,2.0945483000e-01,2.5883787406e-01,4.2655136300e+00
2.0050000000e+02,3.3336418003e-02,2.2217363773e-02,2.1235734786e-01,3.9836322249e-02,2.2502973769e-01,2.1379563277e-01,2.5342717765e-01,4.2832591960e+00
2.0100000000e+02,3.3043125402e-02,2.2603606835e-02,2.1055086993e-01,4.1833479396e-02,2.2118539346e-01,2.2008082208e-01,2.5070270290e-01,4.3131024245e+00
2.0150000000e+02,3.2601126871e-02,2.2824517130e-02,2.0937038317e-01,4.4546553302e-02,2.1886648144e-01,2.2406293052e-01,2.4772800756e-01,4.3343519642e+00
2.0200000000e+02,3.2184201731e-02,2.2880020461e-02,2.1069483191e-01,4.7391445709e-02,2.1517433424e-01,2.2733808499e-01,2.4433708095e-01,4.3488664663e+00
2.0250000000e+02,3.1524365881e-02,2.2910723208e-02,2.1040446237e-01,4.9942348607e-02,2.1330921963e-01,2.3109220194e-01,2.4081667837e-01,4.3687648899e+00
2.0300000000e+02,3.1098731891e-02,2.3104175409e-02,2.1026717113e-01,5.2415264154e-02,2.1068674602e-01,2.3556359278e-01,2.3686431861e-01,4.3865973856e+00
2.0350000000e+02,3.0725991465e-02,2.3382919435e-02,2.1000445348e-01,5.5352045628e-02,2.0688544849e-01,2.3873648550e-01,2.3491265600e-01,4.4091017310e+00
2.0400000000e+02,2.9827506123e-02,2.3522785975e-02,2.1249344429e-01,5.8286412136e-02,2.0230960429e-01,2.4208182211e-01,2.3147842508e-01,4.4217189793e+00
2.0450000000e+02,2.8995913259e-02,2.3718765144e-02,2.1364879455e-01,6.1267742752e-02,1.9875477158e-01,2.4544324647e-01,2.2817076624e-01,4.4309046935e+00
2.0500000000e+02,2.8620276045e-02,2.3896722142e-02,2.1312544556e-01,6.4962054753e-02,1.9393286606e-01,2.4858460518e-01,2.2687803025e-01,4.4525780907e+00
2.0550000000e+02,2.8383065510e-02,2.4103124476e-02,2.1439388428e-01,6.7821686886e-02,1.8937989838e-01,2.5266416339e-01,2.2325417708e-01,4.4678793098e+00
2.0600000000e+02,2.8034071372e-02,2.4622354468e-02,2.1263397228e-01,7.1699611617e-02,1.8503223573e-01,2.5729071865e-01,2.2068703589e-01,4.4846954160e+00
2.0650000000e+02,2.7523540484e-02,2.4904809760e-02,2.1302352526e-01,7.5673461978e-02,1.7907537227e-01,2.6093637996e-01,2.1886291029e-01,4.4985796218e+00
2.0700000000e+02,2.7241739209e-02,2.5113658550e-02,2.1214384329e-01,7.9431816797e-02,1.7541152360e-01,2.6451472166e-01,2.1614269690e-01,4.5112937606e+00
2.0750000000e+02,2.6805180695e-02,2.5363066580e-02,2.0977422232e-01,8.3282062774e-02,1.7161304969e-01,2.7083620692e-01,2.1232621102e-01,4.5183724791e+00
2.0800000000e+02,2.6429271834e-02,2.5218282410e-02,2.0858351448e-01,8.7367120108e-02,1.6765628681e-01,2.7577862767e-01,2.0896689669e-01,4.5175914326e+00
2.0850000000e+02,2.5896336421e-02,2.5686910254e-02,2.0791389999e-01,9.1497737490e-02,1.6345527593e-01,2.7787631452e-01,2.0767352540e-01,4.5236757578e+00
2.0900000000e+02,2.5256064995e-02,2.5913548991e-02,2.0771243639e-01,9.5943818063e-02,1.5902136267e-01,2.8188258082e-01,2.0427018808e-01,4.5237211631e+00
2.0950000000e+02,2.4911181925e-02,2.5915078473e-02,2.0913508359e-01,1.0050708625e-01,1.5250902678e-01,2.8663225722e-01,2.0039028576e-01,4.5217998653e+00
2.1000000000e+02,2.4600008648e-02,2.5910325919e-02,2.0734265559e-01,1.0424619026e-01,1.4891175699e-01,2.9099139880e-01,1.9799766379e-01,4.5220999148e+00
2.1050000000e+02,2.4196163708e-02,2.5911446830e-02,2.0879113119e-01,1.0897210171e-01,1.4517923007e-01,2.9368752312e-01,1.9326240338e-01,4.5174637965e+00
2.1100000000e+02,2.3675739871e-02,2.5950169475e-02,2.0957986811e-01,1.1291349541e-01,1.4150442773e-01,2.9801440929e-01,1.8836189011e-01,4.5038724887e+00
2.1150000000e+02,2.3466243431e-02,2.6201385096e-02,2.0682217140e-01,1.1863640451e-01,1.3659626765e-01,3.0281296968e-01,1.8546455823e-01,4.5083483347e+00
2.1200000000e+02,2.2699695705e-02,2.6225781752e-02,2.0660553114e-01,1.2279960373e-01,1.3332687138e-01,3.0758578898e-01,1.8075672732e-01,4.4917078724e+00
2.1250000000e+02,2.2277739864e-02,2.6617671488e-02,2.0512093227e-01,1.2806297672e-01,1.2993941633e-01,3.0976843865e-01,1.7821282468e-01,4.4940137662e+00
2.1300000000e+02,2.1783867274e-02,2.6585784234e-02,2.0504502650e-01,1.3412229874e-01,1.2521190084e-01,3.1442668430e-01,1.7282443812e-01,4.4823796554e+00
2.1350000000e+02,2.1410455853e-02,2.6790387579e-02,2.0499274920e-01,1.3912863741e-01,1.2166005037e-01,3.1802233501e-01,1.6799538457e-01,4.4758582029e+00
2.1400000000e+02,2.0804326117e-02,2.6782749532e-02,2.0523596375e-01,1.4419915068e-01,1.1792068873e-01,3.1975878692e-01,1.6529833427e-01,4.4648188146e+00
2.1450000000e+02,2.0157255264e-02,2.6753298381e-02,2.0447356472e-01,1.4900199855e-01,1.1440212455e-01,3.2395187176e-01,1.6125988678e-01,4.4408409581e+00
2.1500000000e+02,1.9723269000e-02,2.6855655723e-02,2.0433763731e-01,1.5340009081e-01,1.1050464398e-01,3.2656519621e-01,1.5861350697e-01,4.4199474328e+00
2.1550000000e+02,1.9230085882e-02,2.7041465916e-02,2.0284336088e-01,1.5762048903e-01,1.0659832619e-01,3.3147110166e-01,1.5519517044e-01,4.4030903737e+00
2.1600000000e+02,1.8993314981e-02,2.7105577223e-02,2.0147129217e-01,1.6327520579e-01,1.0246471719e-01,3.3287741633e-01,1.5381247632e-01,4.3953952759e+00
2.1650000000e+02,1.8610217153e-02,2.7153851394e-02,2.0185193823e-01,1.6872046532e-01,9.9180300302e-02,3.3371865845e-01,1.5076456915e-01,4.3801600056e+00
2.1700000000e+02,1.8192645854e-02,2.7556959514e-02,2.0280627445e-01,1.7240197388e-01,9.5417645753e-02,3.3543967379e-01,1.4818482675e-01,4.3649539916e+00
2.1750000000e+02,1.7849221879e-02,2.7804834011e-02,2.0120058626e-01,1.7733176959e-01,9.2873087348e-02,3.3812795831e-01,1.4481254260e-01,4.3534015867e+00
2.1800000000e+02,1.7581869175e-02,2.7752242541e-02,2.0103566040e-01,1.8092007696e-01,8.9441508502e-02,3.4085882993e-01,1.4240981249e-01,4.3351238650e+00
2.1850000000e+02,1.7191426598e-02,2.7746282346e-02,1.9899272095e-01,1.8529391780e-01,8.6099272196e-02,3.4365279699e-01,1.4102358312e-01,4.3150045392e+00
2.1900000000e+02,1.6894867606e-02,2.7585087571e-02,1.9871352096e-01,1.9103712681e-01,8.3172737148e-02,3.4573369639e-01,1.3686296351e-01,4.2933679828e+00
2.1950000000e+02,1.6520948884e-02,2.7250885766e-02,1.9720493017e-01,1.9564232462e-01,8.1028786499e-02,3.4758547825e-01,1.3476664581e-01,4.2707460770e+00
2.2000000000e+02,1.6106676105e-02,2.7201155409e-02,1.9489319054e-01,2.0081670386e-01,7.7946677122e-02,3.5052124258e-01,1.3251435438e-01,4.2508576572e+00
2.2050000000e+02,1.5642633081e-02,2.7093410082e-02,1.9402938611e-01,2.0727475246e-01,7.4538732740e-02,3.5046215946e-01,1.3095892607e-01,4.2267029644e+00
2.2100000000e+02,1.5384227370e-02,2.7068102693e-02,1.9279528492e-01,2.1219258140e-01,7.2728991320e-02,3.5039522724e-01,1.2943558506e-01,4.2145759987e+00
2.2150000000e+02,1.5051788110e-02,2.6822967851e-02,1.9261540311e-01,2.1756646550e-01,6.9336518908e-02,3.5083909742e-01,1.2776775910e-01,4.1862060120e+00
2.2200000000e+02,1.4877491879e-02,2.6943241259e-02,1.9026934484e-01,2.2149023456e-01,6.7212439406e-02,3.5342249496e-01,1.2578475309e-01,4.1689180446e+00
2.2250000000e+02,1.4755530438e-02,2.7094015497e-02,1.8781499796e-01,2.2698970918e-01,6.5290983923e-02,3.5423975484e-01,1.2381500817e-01,4.1577877611e+00
2.2300000000e+02,1.4468094655e-02,2.7306900501e-02,1.8634854270e-01,2.3248548956e-01,6.3760877659e-02,3.5276451718e-01,1.2286557774e-01,4.1462019937e+00
2.2350000000e+02,1.4162069383e-02,2.7188022553e-02,1.8306092663e-01,2.3751462304e-01,6.2170734897e-02,3.5341918300e-01,1.2248444050e-01,4.1288424356e+00
2.2400000000e+02,1.4047580826e-02,2.7027145131e-02,1.8181221025e-01,2.4275038068e-01,6.0617200456e-02,3.5253252234e-01,1.2121296030e-01,4.1081233517e+00
2.2450000000e+02,1.3871065598e-02,2.6736511403e-02,1.8062357399e-01,2.4684191310e-01,5.8476612952e-02,3.5342346054e-01,1.2002686240e-01,4.0893125400e+00
2.2500000000e+02,1.3764938241e-02,2.6555234940e-02,1.7935267976e-01,2.5121193522e-01,5.7256753991e-02,3.5403977044e-01,1.1781868741e-01,4.0700062322e+00
2.2550000000e+02,1.3661280320e-02,2.6227661110e-02,1.7757535816e-01,2.5657663922e-01,5.5720298529e-02,3.5491943930e-01,1.1531932335e-01,4.0520490697e+00
2.2600000000e+02,1.3552446351e-02,2.5896094196e-02,1.7477346041e-01,2.6166500696e-01,5.4903167760e-02,3.5540217368e-01,1.1380765064e-01,4.0287584924e+00
2.2650000000e+02,1.3487546553e-02,2.5432927658e-02,1.7257128063e-01,2.6671226058e-01,5.3874822465e-02,3.5683747224e-01,1.1108368987e-01,4.0102558242e+00
2.2700000000e+02,1.3242074298e-02,2.5216202126e-02,1.7161406846e-01,2.7033683927e-01,5.2324781399e-02,3.5751873947e-01,1.0974729497e-01,3.9886163122e+00
2.2750000000e+02,1.3161321874e-02,2.5088958587e-02,1.7097864687e-01,2.7323915667e-01,5.1595854090e-02,3.5695427126e-01,1.0898179065e-01,3.9731708679e+00
2.2800000000e+02,1.3110611968e-02,2.4990170928e-02,1.6872478041e-01,2.7860201336e-01,5.0769296642e-02,3.5598697979e-01,1.0781614691e-01,3.9554573403e+00
2.2850000000e+02,1.3083198308e-02,2.4831542086e-02,1.6581611812e-01,2.8378342688e-01,5.0073364954e-02,3.5611708191e-01,1.0629526773e-01,3.9363218275e+00
2.2900000000e+02,1.2927421083e-02,2.4748281897e-02,1.6425775896e-01,2.8993876795e-01,4.8613435883e-02,3.5477648096e-01,1.0473785326e-01,3.9122660549e+00
2.2950000000e+02,1.2918847618e-02,2.4725830829e-02,1.6419345214e-01,2.9298629486e-01,4.8010319191e-02,3.5388500931e-01,1.0328024606e-01,3.9046522305e+00
2.3000000000e+02,1.2892350800e-02,2.4494048661e-02,1.6167611411e-01,2.9770359202e-01,4.7122354272e-02,3.5490745790e-01,1.0120408223e-01,3.8882952845e+00
2.3050000000e+02,1.2837713474e-02,2.4251040175e-02,1.5983494439e-01,3.0147747790e-01,4.6308191962e-02,3.5527768296e-01,1.0001294914e-01,3.8703334043e+00
2.3100000000e+02,1.2833982203e-02,2.4056615570e-02,1.5919492101e-01,3.0487682728e-01,4.5775266928e-02,3.5403683235e-01,9.9225554650e-02,3.8532013717e+00
2.3150000000e+02,1.2852865631e-02,2.3911224356e-02,1.5753521825e-01,3.0751199991e-01,4.5955678397e-02,3.5449637491e-01,9.7736638549e-02,3.8384463338e+00
2.3200000000e+02,1.2904837074e-02,2.3361681499e-02,1.5540543732e-01,3.1147853588e-01,4.5772693426e-02,3.5449390371e-01,9.6582911097e-02,3.8249767785e+00
2.3250000000e+02,1.2923829047e-02,2.3224302262e-02,1.5349574643e-01,3.1493995753e-01,4.6018026791e-02,3.5400371484e-01,9.5394423098e-02,3.8153438617e+00
2.3300000000e+02,1.2994216980e-02,2.2906767663e-02,1.4951909178e-01,3.2105014118e-01,4.6531554336e-02,3.5263216288e-01,9.4366065183e-02,3.8009609298e+00
2.3350000000e+02,1.3020547846e-02,2.2426607259e-02,1.4641671186e-01,3.2819958748e-01,4.6850400502e-02,3.5045158568e-01,9.2634559369e-02,3.7853314005e+00
2.3400000000e+02,1.3186343359e-02,2.1777998110e-02,1.4318699994e-01,3.3341386318e-01,4.7495958036e-02,3.4888697398e-01,9.2051863391e-02,3.7720708909e+00
2.3450000000e+02,1.3297881859e-02,2.1143028644e-02,1.4056353860e-01,3.4029312902e-01,4.8047670438e-02,3.4599065638e-01,9.0664095063e-02,3.7551660226e+00
2.3500000000e+02,1.3648723447e-02,2.0799786188e-02,1.3933226077e-01,3.4337966033e-01,4.8248452851e-02,3.4437617630e-01,9.0214940116e-02,3.7572243935e+00
2.3550000000e+02,1.3928777912e-02,2.0535552431e-02,1.3893904877e-01,3.4362975943e-01,4.8742617497e-02,3.4459558616e-01,8.9628657804e-02,3.7545894863e+00
2.3600000000e+02,1.4165666675e-02,2.0172650030e-02,1.3624002701e-01,3.4936890692e-01,4.9664599719e-02,3.4149570399e-01,8.8892445657e-02,3.7496503900e+00
2.3650000000e+02,1.4366469294e-02,1.9664548396e-02,1.3414159445e-01,3.5272773605e-01,5.0359523744e-02,3.3943189866e-01,8.9308229402e-02,3.7371809036e+00
2.3700000000e+02,1.4577830062e-02,1.9177049417e-02,1.3192697650e-01,3.5350615810e-01,5.1875824755e-02,3.3917824573e-01,8.9757915437e-02,3.7354514750e+00
2.3750000000e+02,1.4723483959e-02,1.8682474090e-02,1.2882781544e-01,3.5768545423e-01,5.2997451022e-02,3.3708509512e-01,8.9998226141e-02,3.7256362843e+00
2.3800000000e+02,1.4907887414e-02,1.8198758533e-02,1.2802461983e-01,3.5894092550e-01,5.3888387021e-02,3.3691844229e-01,8.9120979416e-02,3.7125904061e+00
2.3850000000e+02,1.5141765580e-02,1.7766198660e-02,1.2665385922e-01,3.6213665371e-01,5.4513090279e-02,3.3456577687e-01,8.9222655686e-02,3.7079399090e+00
2.3900000000e+02,1.5512330938e-02,1.7350042586e-02,1.2566049682e-01,3.6489342857e-01,5.5559368654e-02,3.3222584637e-01,8.8798486059e-02,3.7067720597e+00
2.3950000000e+02,1.5806197374e-02,1.6891906756e-02,1.2304879295e-01,3.7089262563e-01,5.6825136626e-02,3.2827656161e-01,8.8258779046e-02,3.7010947824e+00
2.4000000000e+02,1.5966820559e-02,1.6275961731e-02,1.2086005609e-01,3.7549119839e-01,5.7249986799e-02,3.2613763212e-01,8.8018344314e-02,3.6868521854e+00
2.4050000000e+02,1.6435689227e-02,1.5884732449e-02,1.1983923955e-01,3.7834136850e-01,5.7939351031e-02,3.2320627898e-01,8.8353340262e-02,3.6842382025e+00
2.4100000000e+02,1.6878893585e-02,1.5557481179e-02,1.1693904818e-01,3.8088720084e-01,5.9294103996e-02,3.2174358734e-01,8.8699684870e-02,3.6830551432e+00
2.4150000000e+02,1.7129377462e-02,1.5098564283e-02,1.1424006571e-01,3.8600264811e-01,6.0637702890e-02,3.1770234093e-01,8.9189300613e-02,3.6758301621e+00
2.4200000000e+02,1.7553912379e-02,1.4510279769e-02,1.1226079329e-01,3.9062262742e-01,6.1150580633e-02,3.1494544318e-01,8.8956363328e-02,3.6626682607e+00
2.4250000000e+02,1.7851707052e-02,1.4027149709e-02,1.0969102211e-01,3.9474364222e-01,6.2440958916e-02,3.1215292703e-01,8.9092592964e-02,3.6532369962e+00
2.4300000000e+02,1.8227658034e-02,1.3630395354e-02,1.0887131097e-01,3.9778471455e-01,6.3525473719e-02,3.0867761581e-01,8.9282831560e-02,3.6469238349e+00
2.4350000000e+02,1.8544855354e-02,1.3136460132e-02,1.0625380779e-01,4.0124409034e-01,6.4622798390e-02,3.0648728147e-01,8.9710706512e-02,3.6323747790e+00
2.4400000000e+02,1.8691798910e-02,1.2721868338e-02,1.0365947702e-01,4.0475566652e-01,6.5784912004e-02,3.0441765366e-01,8.9968623546e-02,3.6128585560e+00
2.4450000000e+02,1.9045343873e-02,1.2170504267e-02,1.0222635005e-01,4.0802408666e-01,6.6534523610e-02,3.0194878635e-01,9.0050405195e-02,3.6016392415e+00
2.4500000000e+02,1.9228086680e-02,1.1760423818e-02,1.0168194084e-01,4.1006684025e-01,6.8257964585e-02,2.9979447297e-01,8.9210270869e-02,3.5860316744e+00
2.4550000000e+02,1.9389464817e-02,1.1387373619e-02,9.9105239245e-02,4.1276260590e-01,6.9564412698e-02,2.9865562888e-01,8.9135274839e-02,3.5722779515e+00
2.4600000000e+02,1.9875560671e-02,1.0962699480e-02,9.6790751130e-02,4.1451783565e-01,7.0595502917e-02,2.9749132856e-01,8.9766321595e-02,3.5637981335e+00
2.4650000000e+02,2.0308145990e-02,1.0673567033e-02,9.4978821892e-02,4.1603460984e-01,7.1591771623e-02,2.9558963699e-01,9.0823446637e-02,3.5524480130e+00
2.4700000000e+02,2.0875315326e-02,1.0367241175e-02,9.4283372356e-02,4.1618827729e-01,7.2940797715e-02,2.9368252046e-01,9.1662475671e-02,3.5445712625e+00
2.4750000000e+02,2.1400024027e-02,9.9861072557e-03,9.2005680870e-02,4.1852907450e-01,7.3853966490e-02,2.9209668101e-01,9.2128465857e-02,3.5273238475e+00
2.4800000000e+02,2.1871823483e-02,9.6482444474e-03,8.9783015776e-02,4.2343465527e-01,7.5604926359e-02,2.8746825853e-01,9.2189076143e-02,3.5159903199e+00
2.4850000000e+02,2.2176675941e-02,9.2239340879e-03,8.8029423917e-02,4.2640527507e-01,7.6391846031e-02,2.8527975995e-01,9.2493085001e-02,3.4919349456e+00
2.4900000000e+02,2.2623661132e-02,9.0170184714e-03,8.6316998033e-02,4.3137796778e-01,7.7345364849e-02,2.8125175588e-01,9.2067233850e-02,3.4757926822e+00
2.4950000000e+02,2.3001071099e-02,8.7643591919e-03,8.4412264393e-02,4.3719374559e-01,7.8564371386e-02,2.7605110941e-01,9.2013078936e-02,3.4579666698e+00
2.5000000000e+02,2.3414361170e-02,8.4625410075e-03,8.3261065927e-02,4.4022182034e-01,8.0598501907e-02,2.7204754661e-01,9.1994163034e-02,3.4493822842e+00
2.5050000000e+02,2.3765478608e-02,8.0782666464e-03,8.1530937410e-02,4.4442831727e-01,8.0778331884e-02,2.6992353088e-01,9.1495137299e-02,3.4241960378e+00
2.5100000000e+02,2.3926756631e-02,7.7322569604e-03,8.0072946632e-02,4.5054778983e-01,8.1048005801e-02,2.6570254020e-01,9.0969703945e-02,3.3908169069e+00
2.5150000000e+02,2.3943137001e-02,7.4640450983e-03,7.7527555145e-02,4.5547751999e-01,8.1855592251e-02,2.6311399233e-01,9.0618158180e-02,3.3625392693e+00
2.5200000000e+02,2.4091073322e-02,7.1757139761e-03,7.4403623178e-02,4.6125759438e-01,8.1402779113e-02,2.6104713688e-01,9.0622079149e-02,3.3259185247e+00
2.5250000000e+02,2.4331486862e-02,6.8819826022e-03,7.2777365635e-02,4.6605376293e-01,8.1625659286e-02,2.5789654998e-01,9.0433192701e-02,3.2949422094e+00
2.5300000000e+02,2.4595283523e-02,6.6663009145e-03,7.0979204615e-02,4.6976564104e-01,8.2028925905e-02,2.5523425117e-01,9.0730392837e-02,3.2706875943e+00
2.5350000000e+02,2.4979932446e-02,6.4845884659e-03,6.8821130588e-02,4.7398337165e-01,8.2622766237e-02,2.5286728553e-01,9.0240925083e-02,3.2524113820e+00
2.5400000000e+02,2.5528205591e-02,6.3267777267e-03,6.6348385515e-02,4.7863756165e-01,8.2552455003e-02,2.5006984551e-01,9.0536769010e-02,3.2329572578e+00
2.5450000000e+02,2.6125636987e-02,6.2182127051e-03,6.4812281388e-02,4.8300652429e-01,8.4627842860e-02,2.4433264796e-01,9.0876853812e-02,3.2181718623e+00
2.5500000000e+02,2.6485460005e-02,6.0871768307e-03,6.3972711575e-02,4.8575238114e-01,8.5078896482e-02,2.4090692133e-01,9.1716452633e-02,3.2007769409e+00
2.5550000000e+02,2.6687543830e-02,5.9016743646e-03,6.2121547139e-02,4.8944225549e-01,8.4298125188e-02,2.4024131035e-01,9.1307543643e-02,3.1680811828e+00
2.5600000000e+02,2.6888334160e-02,5.6857445788e-03,6.1039720755e-02,4.9200597116e-01,8.4092403946e-02,2.3837454370e-01,9.1913281694e-02,3.1440011557e+00
2.5650000000e+02,2.7196976759e-02,5.5914994423e-03,5.9949615389e-02,4.9692962891e-01,8.4481553456e-02,2.3353519559e-01,9.2315530456e-02,3.1257711968e+00
2.5700000000e+02,2.7447534026e-02,5.4214879223e-03,5.8433005512e-02,5.0470499718e-01,8.3634586101e-02,2.2893139276e-01,9.1426996497e-02,3.0963202992e+00
2.5750000000e+02,2.7956251980e-02,5.2725699017e-03,5.6626392421e-02,5.0721124771e-01,8.3757094969e-02,2.2870370135e-01,9.0472741667e-02,3.0723826890e+00
2.5800000000e+02,2.8614741288e-02,5.1864932715e-03,5.5815094739e-02,5.0944658231e-01,8.4354965786e-02,2.2571788413e-01,9.0864238472e-02,3.0607056469e+00
2.5850000000e+02,2.8438319112e-02,5.1248867866e-03,5.4180519873e-02,5.1520682024e-01,8.3746958833e-02,2.2333781902e-01,8.9964676135e-02,3.0268110042e+00
2.5900000000e+02,2.8615961287e-02,5.0507775963e-03,5.2763493393e-02,5.2187458955e-01,8.4184091955e-02,2.1779094608e-01,8.9720140143e-02,3.0056455793e+00
2.5950000000e+02,2.8659425985e-02,5.0310079640e-03,5.1399532251e-02,5.2897891333e-01,8.3401035590e-02,2.1417834678e-01,8.8351738101e-02,2.9801168594e+00
2.6000000000e+02,2.8691554029e-02,5.0216718958e-03,4.9676689981e-02,5.3587079871e-01,8.2779814839e-02,2.1164234288e-01,8.6317127658e-02,2.9461702293e+00
2.6050000000e+02,2.8980420612e-02,5.0555622370e-03,4.8240438013e-02,5.4053023204e-01,8.2984612304e-02,2.0730502119e-01,8.6903713599e-02,2.9331232765e+00
2.6100000000e+02,2.9270473671e-02,5.0034435300e-03,4.7425506198e-02,5.4333636129e-01,8.1900529950e-02,2.0618632341e-01,8.6877361951e-02,2.9146328667e+00
2.6150000000e+02,2.9372376023e-02,5.0063453319e-03,4.6557231659e-02,5.4690056207e-01,8.1084022501e-02,2.0445810302e-01,8.6621359400e-02,2.8931623951e+00
2.6200000000e+02,2.9571528061e-02,4.9707478610e-03,4.5428436132e-02,5.4979658138e-01,8.1059046754e-02,2.0245098353e-01,8.6722676283e-02,2.8762024590e+00
2.6250000000e+02,2.9593352953e-02,4.9790918546e-03,4.4728959541e-02,5.5588203459e-01,8.0257380005e-02,1.9827277715e-01,8.6286403901e-02,2.8522430390e+00
2.6300000000e+02,2.9784304414e-02,4.9601912407e-03,4.3850610296e-02,5.6139210683e-01,7.9995094036e-02,1.9440824263e-01,8.5609450554e-02,2.8327112540e+00
2.6350000000e+02,3.0093202057e-02,5.0618261929e-03,4.2701420291e-02,5.6584076110e-01,7.9916865165e-02,1.9101076540e-01,8.5375159798e-02,2.8203490502e+00
2.6400000000e+02,3.0020370523e-02,5.1780861745e-03,4.1632496887e-02,5.7231545750e-01,7.9269998292e-02,1.8680557994e-01,8.4778010689e-02,2.7966199717e+00
2.6450000000e+02,3.0128033691e-02,5.1733499029e-03,4.0865585159e-02,5.7627393531e-01,7.8991429740e-02,1.8503666490e-01,8.3531001302e-02,2.7736329221e+00
2.6500000000e+02,3.0031822467e-02,5.2520010690e-03,4.0043833156e-02,5.8199555267e-01,7.8687572091e-02,1.8165863981e-01,8.2330578739e-02,2.7518298077e+00
2.6550000000e+02,3.0551550912e-02,5.3519107907e-03,3.9612326309e-02,5.8500825004e-01,7.8267519498e-02,1.7942119812e-01,8.1787244329e-02,2.7364726668e+00
2.6600000000e+02,3.0584817301e-02,5.4745836784e-03,3.9297359900e-02,5.8787632350e-01,7.8041551927e-02,1.7818697308e-01,8.0538390611e-02,2.7216007242e+00
2.6650000000e+02,3.0516132673e-02,5.5524188365e-03,3.9085914996e-02,5.9294822570e-01,7.7792986983e-02,1.7417135031e-01,7.9932970510e-02,2.7081791373e+00
2.6700000000e+02,3.0489590989e-02,5.5979987338e-03,3.8873930488e-02,5.9887461243e-01,7.6193312725e-02,1.7115401411e-01,7.8816540529e-02,2.6845347769e+00
2.6750000000e+02,3.0540561434e-02,5.7098743523e-03,3.8684620413e-02,6.0305953657e-01,7.5573225115e-02,1.6834765381e-01,7.8084528304e-02,2.6694247911e+00
2.6800000000e+02,3.0412282331e-02,5.8497177795e-03,3.8248474778e-02,6.0819306073e-01,7.5525875906e-02,1.6469191373e-01,7.7078674746e-02,2.6566943024e+00
2.6850000000e+02,3.0228050703e-02,5.9625200023e-03,3.8754268096e-02,6.0941985937e-01,7.4479649411e-02,1.6372690454e-01,7.7428747875e-02,2.6436829931e+00
2.6900000000e+02,3.0092604125e-02,6.0601319791e-03,3.8313455900e-02,6.1562606174e-01,7.1965880700e-02,1.6173275486e-01,7.6209110701e-02,2.6164741487e+00
2.6950000000e+02,2.9925903591e-02,6.1521789915e-03,3.8110708404e-02,6.2025347764e-01,7.1555596419e-02,1.5826874164e-01,7.5733393313e-02,2.5976018311e+00
2.7000000000e+02,2.9633352769e-02,6.2516998425e-03,3.8178307381e-02,6.2280196398e-01,7.0252150424e-02,1.5711021711e-01,7.5772308497e-02,2.5836440200e+00
2.7050000000e+02,2.9552333139e-02,6.3916519864e-03,3.8615317242e-02,6.2644187660e-01,6.9929873673e-02,1.5382400605e-01,7.5244941307e-02,2.5665482405e+00
2.7100000000e+02,2.9206371072e-02,6.5527378829e-03,3.8770219133e-02,6.3088656671e-01,6.8745405528e-02,1.5175055112e-01,7.4088148551e-02,2.5436444733e+00
2.7150000000e+02,2.9150760520e-02,6.7183830747e-03,3.9292730615e-02,6.3392204598e-01,6.8474116633e-02,1.4956848950e-01,7.2873473676e-02,2.5338980391e+00
2.7200000000e+02,2.8808732156e-02,6.8116566484e-03,3.9812469661e-02,6.3779627911e-01,6.7147834718e-02,1.4817863235e-01,7.1444395357e-02,2.5100845548e+00
2.7250000000e+02,2.8533300097e-02,6.9548394015e-03,4.0393049007e-02,6.4254947513e-01,6.6266058936e-02,1.4554926231e-01,6.9754015122e-02,2.4876850343e+00
2.7300000000e+02,2.8793546116e-02,7.2348694055e-03,4.1116846980e-02,6.4409100840e-01,6.5958061317e-02,1.4323428229e-01,6.9571385493e-02,2.4784073206e+00
2.7350000000e+02,2.8723271942e-02,7.4212147357e-03,4.1954063818e-02,6.4563530387e-01,6.5803020958e-02,1.4130130441e-01,6.9161820257e-02,2.4673658119e+00
2.7400000000e+02,2.8255018155e-02,7.5573761461e-03,4.2240979506e-02,6.4904564035e-01,6.5420779798e-02,1.3808017104e-01,6.9400035007e-02,2.4463858387e+00
2.7450000000e+02,2.7962420885e-02,7.7072139826e-03,4.2533914455e-02,6.5351579575e-01,6.4408415910e-02,1.3570210010e-01,6.8170138914e-02,2.4271604016e+00
2.7500000000e+02,2.7670487751e-02,7.8967031283e-03,4.3202952861e-02,6.5702108786e-01,6.3810923714e-02,1.3279441400e-01,6.7603430681e-02,2.4036779416e+00
2.7550000000e+02,2.7448809582e-02,8.0300933391e-03,4.3732702971e-02,6.5926400512e-01,6.4019158275e-02,1.3028148474e-01,6.7223745970e-02,2.3856214343e+00
2.7600000000e+02,2.7030071799e-02,8.1716846377e-03,4.4484581148e-02,6.6094082007e-01,6.3971093111e-02,1.2877988999e-01,6.6621859250e-02,2.3674243060e+00
2.7650000000e+02,2.6832760429e-02,8.4619668624e-03,4.5539899701e-02,6.6444812929e-01,6.3665230145e-02,1.2559918662e-01,6.5452826961e-02,2.3511186001e+00
2.7700000000e+02,2.6435657518e-02,8.4617721493e-03,4.6344683299e-02,6.6749584631e-01,6.3148872793e-02,1.2281510308e-01,6.5298064850e-02,2.3305351219e+00
2.7750000000e+02,2.6211708762e-02,8.5832583770e-03,4.7263275796e-02,6.6921277778e-01,6.2933982699e-02,1.1995115335e-01,6.5843843241e-02,2.3137590750e+00
2.7800000000e+02,2.5894256651e-02,8.8114749477e-03,4.8288212962e-02,6.7089458706e-01,6.2589886233e-02,1.1770400979e-01,6.5817572353e-02,2.3009710769e+00
2.7850000000e+02,2.5623109642e-02,9.0696851579e-03,4.9870860150e-02,6.7010151114e-01,6.2637850943e-02,1.1577605550e-01,6.6920927470e-02,2.2994936822e+00
2.7900000000e+02,2.5266554749e-02,9.2962391775e-03,5.1509725100e-02,6.6883882257e-01,6.3064648582e-02,1.1418785776e-01,6.7836152065e-02,2.2959720308e+00
2.7950000000e+02,2.5036011955e-02,9.4846367256e-03,5.2303543729e-02,6.7024845364e-01,6.3412648056e-02,1.1200740647e-01,6.7507299419e-02,2.2842006659e+00
2.8000000000e+02,2.4621566460e-02,9.6150417114e-03,5.3194126338e-02,6.7384068707e-01,6.2741729457e-02,1.0910011754e-01,6.6886731423e-02,2.2675202880e+00
2.8050000000e+02,2.4246777643e-02,9.8468527115e-03,5.4274511115e-02,6.7514677650e-01,6.3533830069e-02,1.0589311880e-01,6.7058133163e-02,2.2656022783e+00
2.8100000000e+02,2.3708659634e-02,9.9478388994e-03,5.5327644217e-02,6.7675980412e-01,6.4492572275e-02,1.0281075561e-01,6.6952725248e-02,2.2592073455e+00
2.8150000000e+02,2.3483306831e-02,9.9360424515e-03,5.7112584590e-02,6.7743648252e-01,6.4429822416e-02,1.0112365857e-01,6.6478102621e-02,2.2659123247e+00
2.8200000000e+02,2.2956593275e-02,1.0039889906e-02,5.8132811342e-02,6.7912041750e-01,6.5275026858e-02,9.8245780083e-02,6.6229481036e-02,2.2745404522e+00
2.8250000000e+02,2.2546972321e-02,1.0146962497e-02,5.9958843808e-02,6.7947427228e-01,6.6303555952e-02,9.5670299584e-02,6.5899093555e-02,2.2843491663e+00
2.8300000000e+02,2.2285113107e-02,1.0309962187e-02,6.1031587151e-02,6.7874964915e-01,6.7631040050e-02,9.3378636200e-02,6.6614012156e-02,2.3018782845e+00
2.8350000000e+02,2.1535149116e-02,1.0233810680e-02,6.1745463732e-02,6.8131143355e-01,6.8101081315e-02,9.1674203699e-02,6.5398857904e-02,2.3062066199e+00
2.8400000000e+02,2.1103341866e-02,1.0266484100e-02,6.3672342990e-02,6.8048701601e-01,6.8630926229e-02,8.9737779287e-02,6.6102109513e-02,2.3244924054e+00
2.8450000000e+02,2.0591236446e-02,1.0274680139e-02,6.5281246672e-02,6.7923508336e-01,6.9593763551e-02,8.8987938263e-02,6.6036051574e-02,2.3419909993e+00
2.8500000000e+02,2.0341149988e-02,1.0428561437e-02,6.6600437544e-02,6.7744672820e-01,6.9766971926e-02,8.8340551633e-02,6.7075599275e-02,2.3628584374e+00
2.8550000000e+02,2.0014767581e-02,1.0579807974e-02,6.7064194604e-02,6.7802747827e-01,7.1022442612e-02,8.5960522572e-02,6.7330786387e-02,2.3792597276e+00
2.8600000000e+02,1.9658836753e-02,1.0637910189e-02,6.8429517185e-02,6.7853237564e-01,7.2812829917e-02,8.2636669315e-02,6.7291861005e-02,2.3947836394e+00
2.8650000000e+02,1.9497861599e-02,1.0692063020e-02,7.0822797744e-02,6.7449523802e-01,7.4726022647e-02,8.1580799585e-02,6.8185217384e-02,2.4220741770e+00
2.8700000000e+02,1.9219347828e-02,1.0846076947e-02,7.2405806946e-02,6.7233706703e-01,7.6985334319e-02,7.9958963736e-02,6.8247403191e-02,2.4488006561e+00
2.8750000000e+02,1.8642540584e-02,1.0941572077e-02,7.4151340901e-02,6.6971352180e-01,7.9125323843e-02,7.8699155249e-02,6.8726545546e-02,2.4680806915e+00
2.8800000000e+02,1.8437230614e-02,1.1176304573e-02,7.5328166541e-02,6.6758778297e-01,8.0935011971e-02,7.6563267086e-02,6.9972236242e-02,2.4963712844e+00
2.8850000000e+02,1.8228775428e-02,1.1298113029e-02,7.6431761034e-02,6.6522470353e-01,8.2863347882e-02,7.4986393915e-02,7.0966905177e-02,2.5266499309e+00
2.8900000000e+02,1.8020500766e-02,1.1325710804e-02,7.7804045792e-02,6.6207556407e-01,8.5084972342e-02,7.3109468087e-02,7.2579738139e-02,2.5577589529e+00
2.8950000000e+02,1.7626803897e-02,1.1480476361e-02,7.8519927855e-02,6.6051064627e-01,8.7114006271e-02,7.0748991804e-02,7.3999147544e-02,2.5789996090e+00
2.9000000000e+02,1.7289365203e-02,1.1635021973e-02,7.9417427784e-02,6.5779306342e-01,8.9923291097e-02,6.8277376971e-02,7.5664453555e-02,2.6014333923e+00
2.9050000000e+02,1.6895527216e-02,1.1761565335e-02,8.2002098336e-02,6.5482423354e-01,9.2613419252e-02,6.5777414288e-02,7.6125742028e-02,2.6291961921e+00
2.9100000000e+02,1.6612820269e-02,1.1762348632e-02,8.3332487414e-02,6.5222624517e-01,9.4338163442e-02,6.4501812381e-02,7.7226122696e-02,2.6534850751e+00
2.9150000000e+02,1.6255057933e-02,1.1849724645e-02,8.4545576416e-02,6.5071636400e-01,9.6558345136e-02,6.2727472590e-02,7.7347459276e-02,2.6767402284e+00
2.9200000000e+02,1.5848012996e-02,1.1671926350e-02,8.5529096751e-02,6.4877116215e-01,9.9558284804e-02,6.0719887550e-02,7.7901629398e-02,2.6913190099e+00
2.9250000000e+02,1.5645308347e-02,1.1657374426e-02,8.5902172626e-02,6.4662640091e-01,1.0289774103e-01,5.8121871136e-02,7.9149131526e-02,2.7124707198e+00
2.9300000000e+02,1.5152953296e-02,1.1647693644e-02,8.6984944245e-02,6.4327217345e-01,1.0528448559e-01,5.7055685597e-02,8.0602064176e-02,2.7394077664e+00
2.9350000000e+02,1.4638971044e-02,1.1611268568e-02,8.8572744380e-02,6.3927004308e-01,1.0818687033e-01,5.5789240862e-02,8.1930861734e-02,2.7616075787e+00
2.9400000000e+02,1.4179921969e-02,1.1758171750e-02,8.9691732887e-02,6.3838023293e-01,1.0982559095e-01,5.3992663282e-02,8.2171686232e-02,2.7861877002e+00
2.9450000000e+02,1.3741878609e-02,1.1688459321e-02,9.1998602430e-02,6.3455857332e-01,1.1182014046e-01,5.2483998972e-02,8.3708346884e-02,2.8153108050e+00
2.9500000000e+02,1.3431478189e-02,1.1699618129e-02,9.3922500258e-02,6.2891339932e-01,1.1517777894e-01,5.1452581910e-02,8.5402643256e-02,2.8475477441e+00
2.9550000000e+02,1.3140488670e-02,1.1790175819e-02,9.6245370353e-02,6.2332527772e-01,1.1862371096e-01,5.0064142976e-02,8.6810833501e-02,2.8730203120e+00
2.9600000000e+02,1.2830914601e-02,1.1846028427e-02,9.7917930122e-02,6.1970775379e-01,1.2195447738e-01,4.8091486602e-02,8.7651409072e-02,2.8864298603e+00
2.9650000000e+02,1.2508490388e-02,1.1845741893e-02,9.9974511126e-02,6.1317093935e-01,1.2535735950e-01,4.7243566328e-02,8.9899391420e-02,2.9090659124e+00
2.9700000000e+02,1.2241353702e-02,1.1831261888e-02,1.0196866227e-01,6.0757029440e-01,1.2942747449e-01,4.5770375688e-02,9.1190577557e-02,2.9242446679e+00
2.9750000000e+02,1.1961986299e-02,1.1854209682e-02,1.0327331039e-01,6.0326507586e-01,1.3274707342e-01,4.4330519745e-02,9.2567824601e-02,2.9431520740e+00
2.9800000000e+02,1.1638981851e-02,1.1979682805e-02,1.0497679611e-01,5.9715314473e-01,1.3556407399e-01,4.3282138885e-02,9.5405181625e-02,2.9655153882e+00
2.9850000000e+02,1.1229008846e-02,1.2039678526e-02,1.0735767720e-01,5.9387609410e-01,1.3888229840e-01,4.1256807450e-02,9.5358435487e-02,2.9720372421e+00
2.9900000000e+02,1.0990174841e-02,1.2190964667e-02,1.0937049802e-01,5.8906747874e-01,1.4160041592e-01,3.9625875615e-02,9.7154592207e-02,2.9905342566e+00
2.9950000000e+02,1.0628120041e-02,1.2191259454e-02,1.1089478102e-01,5.8638976428e-01,1.4225046541e-01,3.8521824378e-02,9.9123785414e-02,3.0035915337e+00
3.0000000000e+02,1.0300437825e-02,1.2199892505e-02,1.1182839452e-01,5.8173606705e-01,1.4630171172e-01,3.7236368173e-02,1.0039712820e-01,3.0179227277e+00
3.0050000000e+02,1.0042136154e-02,1.2305534122e-02,1.1253402888e-01,5.7805037076e-01,1.4872409237e-01,3.6102547217e-02,1.0224129051e-01,3.0338695143e+00
3.0100000000e+02,9.8357006863e-03,1.2361269309e-02,1.1424202440e-01,5.7209968811e-01,1.5238133818e-01,3.5020120534e-02,1.0405985878e-01,3.0567199918e+00
3.0150000000e+02,9.5797614301e-03,1.2320173951e-02,1.1521797408e-01,5.6812789305e-01,1.5491720773e-01,3.4094036025e-02,1.0574295373e-01,3.0657279713e+00
3.0200000000e+02,9.2987284134e-03,1.2261475403e-02,1.1630124707e-01,5.6402288796e-01,1.5725045904e-01,3.3374309912e-02,1.0749089220e-01,3.0796225241e+00
3.0250000000e+02,9.0085494402e-03,1.2187154837e-02,1.1773208046e-01,5.6038181297e-01,1.5975449013e-01,3.2014922415e-02,1.0892098975e-01,3.0870810823e+00
3.0300000000e+02,8.8760976491e-03,1.2340054017e-02,1.1849566325e-01,5.5508465202e-01,1.6346446928e-01,3.0998362693e-02,1.1074070109e-01,3.0967713904e+00
3.0350000000e+02,8.6831634143e-03,1.2359601264e-02,1.2066515119e-01,5.4692294609e-01,1.6797399886e-01,3.0334645234e-02,1.1306049394e-01,3.1196725802e+00
3.0400000000e+02,8.4815836464e-03,1.2414745593e-02,1.2370684144e-01,5.4136679002e-01,1.7039394257e-01,2.9146369390e-02,1.1448972734e-01,3.1367454027e+00
3.0450000000e+02,8.2857740953e-03,1.2268091726e-02,1.2405857436e-01,5.3730216748e-01,1.7425352644e-01,2.7996186385e-02,1.1583567952e-01,3.1392182829e+00
3.0500000000e+02,7.9758460087e-03,1.2461450575e-02,1.2459185043e-01,5.3435094962e-01,1.7626243310e-01,2.6891606152e-02,1.1746586412e-01,3.1364184408e+00
3.0550000000e+02,7.7108303382e-03,1.2481963739e-02,1.2646872816e-01,5.2876809496e-01,1.7897507182e-01,2.6054138143e-02,1.1954117284e-01,3.1437451840e+00
3.0600000000e+02,7.4487826418e-03,1.2522192416e-02,1.2802948367e-01,5.2182459644e-01,1.8290462568e-01,2.5524475498e-02,1.2174584365e-01,3.1550702361e+00
3.0650000000e+02,7.1615520671e-03,1.2429034635e-02,1.2907518378e-01,5.1730539754e-01,1.8536048173e-01,2.4734724611e-02,1.2393362564e-01,3.1669457355e+00
3.0700000000e+02,7.0208450035e-03,1.2459118559e-02,1.3097156849e-01,5.1161503838e-01,1.8849588390e-01,2.4107664623e-02,1.2532988104e-01,3.1754643112e+00
3.0750000000e+02,6.9034201708e-03,1.2406312465e-02,1.3380075753e-01,5.0364919604e-01,1.9244542760e-01,2.3477931936e-02,1.2731695426e-01,3.1896138426e+00
3.0800000000e+02,6.7644109571e-03,1.2297815393e-02,1.3514305759e-01,4.9752566780e-01,1.9696806045e-01,2.2950443092e-02,1.2835054472e-01,3.1951358647e+00
3.0850000000e+02,6.5567075328e-03,1.2369740222e-02,1.3566924803e-01,4.9304961539e-01,1.9930376175e-01,2.2529325830e-02,1.3052160125e-01,3.1994722844e+00
3.0900000000e+02,6.4252683478e-03,1.2267960513e-02,1.3591862594e-01,4.8708387211e-01,2.0219868555e-01,2.2230909208e-02,1.3387467832e-01,3.2044062092e+00
3.0950000000e+02,6.1889290274e-03,1.2292936399e-02,1.3797459507e-01,4.8140136499e-01,2.0526942355e-01,2.1515360094e-02,1.3535739087e-01,3.2070601780e+00
3.1000000000e+02,6.0447609699e-03,1.2200984679e-02,1.3967039351e-01,4.7654910705e-01,2.0745127426e-01,2.1056867521e-02,1.3702661201e-01,3.2089597482e+00
3.1050000000e+02,5.9534121978e-03,1.2104306484e-02,1.4158306808e-01,4.6923963041e-01,2.1053735828e-01,2.0819257416e-02,1.3976296713e-01,3.2174710568e+00
3.1100000000e+02,5.8319318375e-03,1.2136028017e-02,1.4179838165e-01,4.6378793933e-01,2.1383261091e-01,2.0499456841e-02,1.4211365142e-01,3.2286337225e+00
3.1150000000e+02,5.7090020141e-03,1.2166511121e-02,1.4273133260e-01,4.5801288817e-01,2.1660994404e-01,2.0363809750e-02,1.4440651231e-01,3.2471605829e+00
3.1200000000e+02,5.6052796719e-03,1.2067739390e-02,1.4406259168e-01,4.5023010365e-01,2.2234956097e-01,2.0105309131e-02,1.4557941550e-01,3.2559910908e+00
3.1250000000e+02,5.4774905338e-03,1.2152672564e-02,1.4592135675e-01,4.4513578243e-01,2.2418600393e-01,2.0010753577e-02,1.4711594021e-01,3.2611068683e+00
3.1300000000e+02,5.3303818679e-03,1.1970754655e-02,1.4639718932e-01,4.3991501488e-01,2.2749756618e-01,1.9785772780e-02,1.4910332031e-01,3.2639602210e+00
3.1350000000e+02,5.2234538464e-03,1.1957789398e-02,1.4684272370e-01,4.3246272116e-01,2.3109879308e-01,1.9722681303e-02,1.5269183752e-01,3.2764588617e+00
3.1400000000e+02,5.1343646454e-03,1.1938631449e-02,1.4675255598e-01,4.2728577533e-01,2.3323801411e-01,1.9714965554e-02,1.5593569293e-01,3.2830800371e+00
3.1450000000e+02,5.0433603412e-03,1.1927502709e-02,1.4782907862e-01,4.1947732956e-01,2.3686757569e-01,1.9765698132e-02,1.5908945495e-01,3.2926624152e+00
3.1500000000e+02,5.0094196691e-03,1.2051743016e-02,1.4852202857e-01,4.1185278695e-01,2.4123341014e-01,1.9577713957e-02,1.6175289771e-01,3.3025666104e+00
3.1550000000e+02,4.9680513780e-03,1.2055576768e-02,1.4864005308e-01,4.0642916613e-01,2.4475418261e-01,1.9626809677e-02,1.6352616036e-01,3.3145525027e+00
3.1600000000e+02,4.9237863958e-03,1.2046392837e-02,1.4948078901e-01,4.0045294799e-01,2.4820230066e-01,1.9915603531e-02,1.6497817958e-01,3.3231765302e+00
3.1650000000e+02,4.8496337447e-03,1.2109903908e-02,1.4991304042e-01,3.9205936965e-01,2.5352589787e-01,2.0213324260e-02,1.6732883015e-01,3.3373180490e+00
3.1700000000e+02,4.8047930913e-03,1.2110312106e-02,1.5312269969e-01,3.8247988425e-01,2.5646508311e-01,2.0447891238e-02,1.7056933651e-01,3.3566003382e+00
3.1750000000e+02,4.7296659094e-03,1.2071272353e-02,1.5473719750e-01,3.7659765509e-01,2.5852006933e-01,2.0781205475e-02,1.7256293435e-01,3.3671412584e+00
3.1800000000e+02,4.6233455766e-03,1.2069542540e-02,1.5560009211e-01,3.7104984545e-01,2.6026765008e-01,2.0859785865e-02,1.7552973838e-01,3.3736197763e+00
3.1850000000e+02,4.5873171984e-03,1.1982876013e-02,1.5565356960e-01,3.6655945304e-01,2.6191755048e-01,2.1111279202e-02,1.7818795446e-01,3.3859887598e+00
3.1900000000e+02,4.5572404142e-03,1.2055100283e-02,1.5682006063e-01,3.6103511116e-01,2.6293223407e-01,2.1569957072e-02,1.8103029636e-01,3.3937431430e+00
3.1950000000e+02,4.5163464973e-03,1.2031164521e-02,1.5711796453e-01,3.5763262844e-01,2.6411820691e-01,2.1935075243e-02,1.8264861386e-01,3.4010681248e+00
3.2000000000e+02,4.5112940132e-03,1.2006488037e-02,1.5711428780e-01,3.5249854523e-01,2.6560298106e-01,2.2445951209e-02,1.8582045266e-01,3.4146832472e+00
3.2050000000e+02,4.5614947414e-03,1.2009053015e-02,1.5820615937e-01,3.4614050622e-01,2.6909907047e-01,2.3169150161e-02,1.8681456602e-01,3.4269367693e+00
3.2100000000e+02,4.5310530951e-03,1.2050745583e-02,1.5924994882e-01,3.4229915879e-01,2.7009084628e-01,2.3672708957e-02,1.8810553848e-01,3.4309389051e+00
3.2150000000e+02,4.5480812732e-03,1.1896884019e-02,1.6115960684e-01,3.3557613231e-01,2.7273361792e-01,2.4229848929e-02,1.8985582871e-01,3.4400349959e+00
3.2200000000e+02,4.5023796493e-03,1.1901284057e-02,1.6287184851e-01,3.2857885805e-01,2.7403592408e-01,2.4832793893e-02,1.9327691177e-01,3.4515276889e+00
3.2250000000e+02,4.4424087251e-03,1.2062832671e-02,1.6330105862e-01,3.2309600883e-01,2.7452246805e-01,2.5506527784e-02,1.9706869532e-01,3.4610851050e+00
3.2300000000e+02,4.4334223603e-03,1.2001231023e-02,1.6385910776e-01,3.1943860748e-01,2.7559218711e-01,2.6546399498e-02,1.9812904477e-01,3.4692866289e+00
3.2350000000e+02,4.4781475817e-03,1.1902397877e-02,1.6484166569e-01,3.1468841136e-01,2.7559790048e-01,2.7573784430e-02,2.0091769258e-01,3.4856404055e+00
3.2400000000e+02,4.4796175045e-03,1.1957721119e-02,1.6487921868e-01,3.1080027367e-01,2.7768137796e-01,2.8612428183e-02,2.0158936288e-01,3.4917175535e+00
3.2450000000e+02,4.4692032248e-03,1.1965850477e-02,1.6549590410e-01,3.0689123231e-01,2.7979878629e-01,2.9653560794e-02,2.0172546280e-01,3.4999592979e+00
3.2500000000e+02,4.4824101992e-03,1.1827617486e-02,1.6670220635e-01,3.0118527156e-01,2.8208410229e-01,3.0871844849e-02,2.0284654727e-01,3.5051532173e+00
3.2550000000e+02,4.5182503289e-03,1.1747180172e-02,1.6747412228e-01,2.9446434331e-01,2.8581343628e-01,3.1965126035e-02,2.0401754160e-01,3.5128634391e+00
3.2600000000e+02,4.5119168223e-03,1.1645858568e-02,1.6759815643e-01,2.8882505518e-01,2.8824709952e-01,3.3190177235e-02,2.0598173624e-01,3.5188271430e+00
3.2650000000e+02,4.5321397914e-03,1.1715046552e-02,1.6741582492e-01,2.8505145987e-01,2.8919682630e-01,3.4581874952e-02,2.0750682762e-01,3.5283292422e+00
3.2700000000e+02,4.5503442373e-03,1.1749331979e-02,1.6786119317e-01,2.8162937581e-01,2.8933949428e-01,3.5646943216e-02,2.0922331730e-01,3.5317038760e+00
3.2750000000e+02,4.5850366391e-03,1.1669446243e-02,1.6898997541e-01,2.7673540031e-01,2.9159922347e-01,3.6531084939e-02,2.0988983299e-01,3.5315665043e+00
3.2800000000e+02,4.5830348942e-03,1.1782631774e-02,1.7041762977e-01,2.7121942856e-01,2.9449569636e-01,3.7812310027e-02,2.0968926862e-01,3.5381661218e+00
3.2850000000e+02,4.6632083167e-03,1.1696209845e-02,1.7226772669e-01,2.6505743539e-01,2.9862287980e-01,3.8480583866e-02,2.0921195609e-01,3.5420596830e+00
3.2900000000e+02,4.6886375100e-03,1.1801246900e-02,1.7212593342e-01,2.6017240938e-01,2.9921551260e-01,3.9570038929e-02,2.1242622126e-01,3.5499401090e+00
3.2950000000e+02,4.7481892540e-03,1.1945499747e-02,1.7210226776e-01,2.5646058314e-01,3.0031588633e-01,4.1039660788e-02,2.1338791298e-01,3.5579525006e+00
3.3000000000e+02,4.7919225091e-03,1.1927745889e-02,1.7213114622e-01,2.5137738169e-01,3.0239528442e-01,4.2409795972e-02,2.1496672331e-01,3.5682547786e+00
3.3050000000e+02,4.8862312962e-03,1.1855756047e-02,1.7259701921e-01,2.4627455684e-01,3.0312581815e-01,4.3378209037e-02,2.1788240942e-01,3.5752949301e+00
3.3100000000e+02,4.9288958136e-03,1.1940115477e-02,1.7290742672e-01,2.3978089947e-01,3.0609334939e-01,4.4827458467e-02,2.1952185466e-01,3.5882565940e+00
3.3150000000e+02,4.9742446512e-03,1.1951775119e-02,1.7305821084e-01,2.3528679168e-01,3.0660600918e-01,4.6360791743e-02,2.2176217679e-01,3.6030463828e+00
3.3200000000e+02,4.9882730830e-03,1.1864110359e-02,1.7424176626e-01,2.2976306023e-01,3.0705291511e-01,4.7988077849e-02,2.2410179711e-01,3.6109145649e+00
3.3250000000e+02,5.0243403513e-03,1.1789222171e-02,1.7454490538e-01,2.2610090704e-01,3.0902018213e-01,4.8776817192e-02,2.2474362574e-01,3.6120492023e+00
3.3300000000e+02,5.0490984926e-03,1.1599692080e-02,1.7391528325e-01,2.2140110605e-01,3.1122571449e-01,4.9480460846e-02,2.2732864480e-01,3.6134618361e+00
3.3350000000e+02,5.1063263553e-03,1.1551233008e-02,1.7350366164e-01,2.1667233107e-01,3.1438475885e-01,5.0644575071e-02,2.2813711400e-01,3.6162376942e+00
3.3400000000e+02,5.2115523091e-03,1.1374678449e-02,1.7455309626e-01,2.1304210353e-01,3.1591859265e-01,5.1689495752e-02,2.2821048105e-01,3.6221392229e+00
3.3450000000e+02,5.2914368234e-03,1.1364713348e-02,1.7422311056e-01,2.0865501787e-01,3.1772751016e-01,5.3842269461e-02,2.2889594178e-01,3.6228405917e+00
3.3500000000e+02,5.3298958473e-03,1.1342932003e-02,1.7386557820e-01,2.0631935328e-01,3.1673364853e-01,5.6681869398e-02,2.2972672274e-01,3.6231473204e+00
3.3550000000e+02,5.4095713975e-03,1.1329045706e-02,1.7454720775e-01,2.0174443928e-01,3.1717988657e-01,5.8303657085e-02,2.3148619221e-01,3.6325892329e+00
3.3600000000e+02,5.4925691402e-03,1.1279931569e-02,1.7412639632e-01,1.9780773745e-01,3.1871366448e-01,5.9530964921e-02,2.3304873611e-01,3.6279421817e+00
3.3650000000e+02,5.5598470427e-03,1.1293404768e-02,1.7500697189e-01,1.9455739738e-01,3.1811378409e-01,6.1236344884e-02,2.3423224995e-01,3.6335144288e+00
3.3700000000e+02,5.6840634412e-03,1.1388499396e-02,1.7674674028e-01,1.8974847489e-01,3.1954205886e-01,6.2845624462e-02,2.3404453868e-01,3.6376401858e+00
3.3750000000e+02,5.7173839378e-03,1.1437482913e-02,1.7485990153e-01,1.8725587407e-01,3.2335514971e-01,6.4536924955e-02,2.3283728288e-01,3.6383572177e+00
3.3800000000e+02,5.8278559560e-03,1.1497123016e-02,1.7491769934e-01,1.8441092053e-01,3.2376206729e-01,6.6446901055e-02,2.3313743281e-01,3.6393798517e+00
3.3850000000e+02,5.9345394588e-03,1.1486559773e-02,1.7530605160e-01,1.8080930978e-01,3.2509677580e-01,6.8833804912e-02,2.3253295868e-01,3.6398964009e+00
3.3900000000e+02,6.0438529975e-03,1.1351645615e-02,1.7594064061e-01,1.7632682359e-01,3.2662245327e-01,7.0616355572e-02,2.3309822834e-01,3.6396385288e+00
3.3950000000e+02,6.1632359170e-03,1.1317881185e-02,1.7795911188e-01,1.7196455395e-01,3.2606498627e-01,7.2199714001e-02,2.3433051679e-01,3.6442418185e+00
3.4000000000e+02,6.2788596072e-03,1.1289676702e-02,1.7852253719e-01,1.6742934965e-01,3.2675934517e-01,7.4613468941e-02,2.3510676273e-01,3.6503588133e+00
3.4050000000e+02,6.3869315389e-03,1.1396461364e-02,1.8040736912e-01,1.6351182931e-01,3.2656820439e-01,7.7121800195e-02,2.3460740408e-01,3.6538643809e+00
3.4100000000e+02,6.5282054008e-03,1.1312161536e-02,1.8097548219e-01,1.6151227638e-01,3.2482118383e-01,7.9518185917e-02,2.3533250474e-01,3.6600540603e+00
3.4150000000e+02,6.6648552225e-03,1.1257697581e-02,1.8218901001e-01,1.5656451549e-01,3.2439676100e-01,8.1922398383e-02,2.3700476232e-01,3.6607454225e+00
3.4200000000e+02,6.7777336614e-03,1.1124188113e-02,1.8136359408e-01,1.5269887417e-01,3.2559166182e-01,8.3682933101e-02,2.3876101506e-01,3.6610654465e+00
3.4250000000e+02,6.9152322933e-03,1.0975315261e-02,1.8282939268e-01,1.4957958495e-01,3.2432682514e-01,8.7334814402e-02,2.3803883527e-01,3.6697954098e+00
3.4300000000e+02,7.0025827606e-03,1.0909701420e-02,1.8338922953e-01,1.4686519999e-01,3.2581484909e-01,8.9423401081e-02,2.3659503613e-01,3.6706343065e+00
3.4350000000e+02,7.0786852943e-03,1.0817868538e-02,1.8463399544e-01,1.4378354690e-01,3.2477266350e-01,9.1751493069e-02,2.3716174726e-01,3.6687503031e+00
3.4400000000e+02,7.1886570584e-03,1.0750275171e-02,1.8343982455e-01,1.4294075214e-01,3.2322817189e-01,9.3333457384e-02,2.3911886181e-01,3.6666086244e+00
3.4450000000e+02,7.3457349208e-03,1.0664075035e-02,1.8363441921e-01,1.4053221504e-01,3.2223709915e-01,9.6131440370e-02,2.3945501627e-01,3.6695055028e+00
3.4500000000e+02,7.4586155825e-03,1.0701729141e-02,1.8390233557e-01,1.3693484853e-01,3.2243074044e-01,9.6908310733e-02,2.4166342001e-01,3.6741417168e+00
3.4550000000e+02,7.5769017991e-03,1.0546035441e-02,1.8442718209e-01,1.3513726627e-01,3.2361274281e-01,9.8371189727e-02,2.4032868186e-01,3.6725126691e+00
3.4600000000e+02,7.7200523466e-03,1.0472704233e-02,1.8519827405e-01,1.3151176617e-01,3.2424807221e-01,1.0102726015e-01,2.3982187083e-01,3.6718702740e+00
3.4650000000e+02,7.7517765382e-03,1.0396910558e-02,1.8433124455e-01,1.2890349788e-01,3.2510761003e-01,1.0343701901e-01,2.4007194143e-01,3.6716257776e+00
3.4700000000e+02,7.8911398245e-03,1.0358540565e-02,1.8553616370e-01,1.2723916640e-01,3.2356836784e-01,1.0539701129e-01,2.4000961039e-01,3.6713567666e+00
3.4750000000e+02,7.9226875241e-03,1.0214511555e-02,1.8490118620e-01,1.2515042371e-01,3.2600528023e-01,1.0622875766e-01,2.3957715312e-01,3.6690886465e+00
3.4800000000e+02,8.0002612583e-03,1.0130391052e-02,1.8542736372e-01,1.2289264059e-01,3.2619167448e-01,1.0858988574e-01,2.3876778315e-01,3.6693582757e+00
3.4850000000e+02,8.1005429686e-03,1.0191510520e-02,1.8453129137e-01,1.2148667189e-01,3.2537170583e-01,1.1164224142e-01,2.3867603599e-01,3.6738047103e+00
3.4900000000e+02,8.2291536015e-03,1.0236764275e-02,1.8334623887e-01,1.2040698825e-01,3.2651983855e-01,1.1428657450e-01,2.3697444195e-01,3.6830751906e+00
3.4950000000e+02,8.3151102073e-03,1.0178077529e-02,1.8349838702e-01,1.1818608895e-01,3.2568058450e-01,1.1688905833e-01,2.3725269346e-01,3.6821974832e+00
3.5000000000e+02,8.3942063008e-03,1.0177611049e-02,1.8433796421e-01,1.1656568810e-01,3.2628513650e-01,1.1894125414e-01,2.3529813969e-01,3.6819248697e+00
3.5050000000e+02,8.3864952650e-03,1.0135542656e-02,1.8464211481e-01,1.1639523055e-01,3.2429441908e-01,1.2217205533e-01,2.3397414231e-01,3.6815759431e+00
3.5100000000e+02,8.4743661796e-03,1.0066065460e-02,1.8611586519e-01,1.1453607332e-01,3.2516995160e-01,1.2388715671e-01,2.3175052154e-01,3.6820720179e+00
3.5150000000e+02,8.6160958251e-03,1.0018238827e-02,1.8607963969e-01,1.1486277293e-01,3.2258794911e-01,1.2729331564e-01,2.3054198798e-01,3.6883388943e+00
3.5200000000e+02,8.6893233238e-03,9.9882303060e-03,1.8648167206e-01,1.1370671250e-01,3.2011652644e-01,1.2996498525e-01,2.3105255011e-01,3.6945498823e+00
3.5250000000e+02,8.9343841734e-03,9.8658776643e-03,1.8497867967e-01,1.1311880545e-01,3.1967914238e-01,1.3251959793e-01,2.3090351273e-01,3.7004174107e+00
3.5300000000e+02,9.0002091315e-03,9.8549065079e-03,1.8671515932e-01,1.1146781177e-01,3.1541320465e-01,1.3506017137e-01,2.3248853725e-01,3.7074745734e+00
3.5350000000e+02,9.1875199327e-03,9.9881081726e-03,1.8848710558e-01,1.1101475460e-01,3.1526136048e-01,1.3639734642e-01,2.2966380482e-01,3.7210351415e+00
3.5400000000e+02,9.3144198817e-03,9.9332394890e-03,1.8897128315e-01,1.1097471409e-01,3.1179567689e-01,1.3921997710e-01,2.2979068940e-01,3.7255983351e+00
3.5450000000e+02,9.5217198289e-03,9.9001604214e-03,1.8913841452e-01,1.1098884909e-01,3.1250678301e-01,1.4060419203e-01,2.2733988110e-01,3.7278817800e+00
3.5500000000e+02,9.6751344086e-03,9.8785830466e-03,1.9026970570e-01,1.1096610908e-01,3.0894902517e-01,1.4406416966e-01,2.2619727295e-01,3.7362642330e+00
3.5550000000e+02,9.7814698098e-03,9.8681128814e-03,1.8933851913e-01,1.1107512451e-01,3.0837623925e-01,1.4760340342e-01,2.2395713100e-01,3.7436905744e+00
3.5600000000e+02,9.8296859118e-03,9.7209632382e-03,1.9088945784e-01,1.1066236564e-01,3.0832247576e-01,1.4919811675e-01,2.2137693485e-01,3.7456554347e+00
3.5650000000e+02,9.9285104576e-03,9.6786079810e-03,1.8970812397e-01,1.1087318770e-01,3.0664138135e-01,1.5170750618e-01,2.2146268236e-01,3.7518907521e+00
3.5700000000e+02,9.8743075610e-03,9.7811958164e-03,1.8996918170e-01,1.1103564773e-01,3.0554305898e-01,1.5441915630e-01,2.1937745191e-01,3.7596661731e+00
3.5750000000e+02,9.8184855388e-03,9.6702190401e-03,1.9048406929e-01,1.1166530478e-01,3.0346171197e-01,1.5657375540e-01,2.1832645399e-01,3.7564843041e+00
3.5800000000e+02,9.8842358402e-03,9.5704784523e-03,1.9147257415e-01,1.1271161903e-01,2.9888452967e-01,1.5929594675e-01,2.1818061611e-01,3.7585360844e+00
3.5850000000e+02,1.0018239662e-02,9.5624056049e-03,1.9178527982e-01,1.1310129813e-01,2.9501532602e-01,1.6276623153e-01,2.1775121923e-01,3.7677587977e+00
3.5900000000e+02,1.0110331682e-02,9.5008862910e-03,1.9254114119e-01,1.1384458202e-01,2.9428289927e-01,1.6532577553e-01,2.1439438402e-01,3.7728221960e+00
3.5950000000e+02,1.0169945789e-02,9.4542011775e-03,1.9418291629e-01,1.1354184267e-01,2.9404346181e-01,1.6702603913e-01,2.1158159314e-01,3.7752525487e+00
3.6000000000e+02,1.0298054456e-02,9.4386465527e-03,1.9527126212e-01,1.1391023018e-01,2.9332622327e-01,1.6820142930e-01,2.0955415413e-01,3.7821337964e+00
3.6050000000e+02,1.0403489310e-02,9.4652872641e-03,1.9470708437e-01,1.1521704409e-01,2.9117371054e-01,1.7151101046e-01,2.0752237396e-01,3.7859543236e+00
3.6100000000e+02,1.0477875232e-02,9.3611041927e-03,1.9521498626e-01,1.1522385343e-01,2.8891604144e-01,1.7508385310e-01,2.0572228636e-01,3.7867202350e+00
3.6150000000e+02,1.0504941557e-02,9.3428558930e-03,1.9584093089e-01,1.1467571408e-01,2.8757391912e-01,1.7646305475e-01,2.0559858371e-01,3.7867385420e+00
3.6200000000e+02,1.0555191132e-02,9.3106135482e-03,1.9782321525e-01,1.1398182671e-01,2.8380454238e-01,1.7918413269e-01,2.0534047830e-01,3.7865662608e+00
3.6250000000e+02,1.0570713871e-02,9.3012409404e-03,2.0007507411e-01,1.1449529444e-01,2.8082637133e-01,1.8086397615e-01,2.0386732917e-01,3.7875401979e+00
3.6300000000e+02,1.0633718151e-02,9.3728550256e-03,2.0150614792e-01,1.1549747545e-01,2.7619189157e-01,1.8423617543e-01,2.0256173645e-01,3.7937317896e+00
3.6350000000e+02,1.0783175835e-02,9.4820010883e-03,2.0125444998e-01,1.1768752466e-01,2.7383012919e-01,1.8809242026e-01,1.9887029898e-01,3.8058078864e+00
3.6400000000e+02,1.0807135755e-02,9.4617809571e-03,2.0268418136e-01,1.1775378423e-01,2.7040298354e-01,1.9141640948e-01,1.9747372469e-01,3.8080988710e+00
3.6450000000e+02,1.0851176406e-02,9.3826802391e-03,2.0388893565e-01,1.1785941295e-01,2.6745762668e-01,1.9486265052e-01,1.9569751755e-01,3.8038324635e+00
3.6500000000e+02,1.0951009928e-02,9.4006779808e-03,2.0563741043e-01,1.1687616292e-01,2.6660743909e-01,1.9664045190e-01,1.9388684776e-01,3.8053092539e+00
3.6550000000e+02,1.1044951929e-02,9.5019118511e-03,2.0775786879e-01,1.1670901846e-01,2.6316460962e-01,2.0114221024e-01,1.9067942911e-01,3.8125543169e+00
3.6600000000e+02,1.1129380054e-02,9.5329595813e-03,2.1020714224e-01,1.1774534327e-01,2.5920668155e-01,2.0288985458e-01,1.8928863872e-01,3.8147635991e+00
3.6650000000e+02,1.1225875216e-02,9.4896051232e-03,2.1365019380e-01,1.1795581829e-01,2.5626716243e-01,2.0578196869e-01,1.8562937646e-01,3.8121760550e+00
3.6700000000e+02,1.1244302970e-02,9.4873615712e-03,2.1585448250e-01,1.1912392656e-01,2.5083049872e-01,2.0833546202e-01,1.8512396567e-01,3.8143051144e+00
3.6750000000e+02,1.1275059100e-02,9.5902161636e-03,2.1898242333e-01,1.1907289727e-01,2.4587021228e-01,2.1193174852e-01,1.8327744333e-01,3.8109373715e+00
3.6800000000e+02,1.1285007310e-02,9.7249368650e-03,2.1950332325e-01,1.1863845245e-01,2.4392329001e-01,2.1480169126e-01,1.8212329886e-01,3.8139058310e+00
3.6850000000e+02,1.1329146245e-02,9.8173072377e-03,2.2013087448e-01,1.1950450126e-01,2.4227463075e-01,2.1854737536e-01,1.7839616466e-01,3.8141531511e+00
3.6900000000e+02,1.1353011704e-02,9.8986085335e-03,2.2199355188e-01,1.1991102682e-01,2.3874418334e-01,2.2127457653e-01,1.7682504118e-01,3.8105563262e+00
3.6950000000e+02,1.1438500284e-02,9.9013203514e-03,2.2260134397e-01,1.2146584659e-01,2.3547556953e-01,2.2498543241e-01,1.7413198686e-01,3.8142997982e+00
3.7000000000e+02,1.1515056579e-02,9.8848143756e-03,2.2235778732e-01,1.2226819450e-01,2.3287929822e-01,2.2865759903e-01,1.7243724996e-01,3.8145760748e+00
3.7050000000e+02,1.1643529812e-02,1.0011596327e-02,2.2312946378e-01,1.2417026615e-01,2.3012057988e-01,2.3051022145e-01,1.7041434260e-01,3.8222195823e+00
3.7100000000e+02,1.1721355132e-02,9.9932823246e-03,2.2398538570e-01,1.2553398008e-01,2.2763383200e-01,2.3257840509e-01,1.6855375968e-01,3.8225824597e+00
3.7150000000e+02,1.1671924334e-02,1.0001177335e-02,2.2549432645e-01,1.2592536327e-01,2.2367335926e-01,2.3569610014e-01,1.6753774920e-01,3.8172731030e+00
3.7200000000e+02,1.1639969176e-02,1.0005183192e-02,2.2637513964e-01,1.2631577653e-01,2.2151121045e-01,2.3816272392e-01,1.6598999709e-01,3.8152084923e+00
3.7250000000e+02,1.1610626611e-02,1.0025526698e-02,2.2887948238e-01,1.2580567254e-01,2.1855929077e-01,2.3933956303e-01,1.6577983797e-01,3.8110525519e+00
3.7300000000e+02,1.1672899161e-02,1.0134281984e-02,2.3176872238e-01,1.2575835559e-01,2.1540467909e-01,2.4157474444e-01,1.6368631736e-01,3.8057323090e+00
3.7350000000e+02,1.1815558219e-02,1.0360792470e-02,2.3357936554e-01,1.2721871817e-01,2.1529346210e-01,2.4274576090e-01,1.5898634260e-01,3.8109805588e+00
3.7400000000e+02,1.1839748475e-02,1.0414465780e-02,2.3424080915e-01,1.2858561603e-01,2.1221289121e-01,2.4605494633e-01,1.5665152302e-01,3.8025336664e+00
3.7450000000e+02,1.1908343957e-02,1.0507077856e-02,2.3575423039e-01,1.2896698142e-01,2.0979447242e-01,2.4730918186e-01,1.5575971209e-01,3.7986217097e+00
3.7500000000e+02,1.1826425316e-02,1.0583510282e-02,2.3690182570e-01,1.2877039169e-01,2.0722660575e-01,2.5034464551e-01,1.5434659576e-01,3.7940270759e+00
3.7550000000e+02,1.1864964400e-02,1.0688949043e-02,2.3968415283e-01,1.2841057286e-01,2.0525066203e-01,2.5262526643e-01,1.5147543240e-01,3.7861221053e+00
3.7600000000e+02,1.1704180315e-02,1.0718557395e-02,2.4228108557e-01,1.2965638985e-01,2.0360768225e-01,2.5370119151e-01,1.4833091311e-01,3.7733386233e+00
3.7650000000e+02,1.1725379026e-02,1.0762063716e-02,2.4435925900e-01,1.3014216097e-01,2.0139115458e-01,2.5534565520e-01,1.4627432752e-01,3.7658998620e+00
3.7700000000e+02,1.1620241283e-02,1.0835978229e-02,2.4688346686e-01,1.3019965911e-01,1.9882756048e-01,2.5696406126e-01,1.4466903279e-01,3.7613697765e+00
3.7750000000e+02,1.1567572054e-02,1.1048877809e-02,2.4697832215e-01,1.3124706296e-01,1.9642784933e-01,2.5901877943e-01,1.4371153627e-01,3.7618116305e+00
3.7800000000e+02,1.1519879337e-02,1.1217477242e-02,2.4667989105e-01,1.3168172338e-01,1.9479705872e-01,2.6296647545e-01,1.4113749480e-01,3.7510022292e+00
3.7850000000e+02,1.1567609150e-02,1.1338809371e-02,2.4939147137e-01,1.3219297894e-01,1.9030611392e-01,2.6633308527e-01,1.3886993198e-01,3.7391745976e+00
3.7900000000e+02,1.1484976869e-02,1.1559219342e-02,2.5155289456e-01,1.3307344798e-01,1.8810373141e-01,2.6641420513e-01,1.3781152471e-01,3.7373341219e+00
3.7950000000e+02,1.1444188561e-02,1.1777523161e-02,2.5383502800e-01,1.3502878852e-01,1.8528622540e-01,2.6674488944e-01,1.3588335692e-01,3.7304312437e+00
3.8000000000e+02,1.1399728245e-02,1.1829623214e-02,2.5607609943e-01,1.3598348314e-01,1.8447121075e-01,2.6756571750e-01,1.3267413772e-01,3.7174542211e+00
3.8050000000e+02,1.1337618537e-02,1.2064884328e-02,2.5595424666e-01,1.3707190502e-01,1.8395559533e-01,2.6817864078e-01,1.3143710935e-01,3.7148228432e+00
3.8100000000e+02,1.1331406200e-02,1.2240929389e-02,2.5663618058e-01,1.3910007167e-01,1.8164457853e-01,2.7010328452e-01,1.2894354911e-01,3.7083789990e+00
3.8150000000e+02,1.1325061821e-02,1.2302114035e-02,2.5952698421e-01,1.3884497200e-01,1.7852116458e-01,2.7193455969e-01,1.2754514367e-01,3.6972759989e+00
3.8200000000e+02,1.1342798573e-02,1.2424337517e-02,2.6139512095e-01,1.3970585298e-01,1.7595673372e-01,2.7282733467e-01,1.2634782159e-01,3.6916951952e+00
3.8250000000e+02,1.1307006967e-02,1.2508150530e-02,2.6475836797e-01,1.4003919769e-01,1.7280314958e-01,2.7513609063e-01,1.2344803663e-01,3.6794395095e+00
3.8300000000e+02,1.1251604871e-02,1.2694295481e-02,2.6891289976e-01,1.4078198171e-01,1.6964060711e-01,2.7654572423e-01,1.2017288683e-01,3.6669101575e+00
3.8350000000e+02,1.1295754982e-02,1.3060498519e-02,2.7005545677e-01,1.4088825409e-01,1.6924258600e-01,2.7706150050e-01,1.1839594915e-01,3.6676802672e+00
3.8400000000e+02,1.1377128314e-02,1.3214310824e-02,2.7172732116e-01,1.4354645696e-01,1.6638609541e-01,2.7704431489e-01,1.1670437243e-01,3.6622835681e+00
3.8450000000e+02,1.1127988123e-02,1.3534680784e-02,2.7370568391e-01,1.4302892273e-01,1.6464761483e-01,2.7817116923e-01,1.1578394039e-01,3.6515558606e+00
3.8500000000e+02,1.1045396319e-02,1.3739445325e-02,2.7515223606e-01,1.4348364671e-01,1.6237904824e-01,2.8055308461e-01,1.1364714274e-01,3.6466180620e+00
3.8550000000e+02,1.1003528279e-02,1.3902751906e-02,2.7667868596e-01,1.4360293835e-01,1.6145467752e-01,2.8131573507e-01,1.1204168292e-01,3.6389800553e+00
3.8600000000e+02,1.0972780702e-02,1.4135194543e-02,2.7942026874e-01,1.4327207679e-01,1.5960488924e-01,2.8264721561e-01,1.0994757439e-01,3.6275350987e+00
3.8650000000e+02,1.0964570106e-02,1.4409914380e-02,2.8253270497e-01,1.4212871721e-01,1.5842985140e-01,2.8309687116e-01,1.0843737077e-01,3.6187696309e+00
3.8700000000e+02,1.0864486058e-02,1.4649260868e-02,2.8646988588e-01,1.4170590827e-01,1.5611205475e-01,2.8413887701e-01,1.0605952717e-01,3.6008003716e+00
3.8750000000e+02,1.0790354273e-02,1.4880780750e-02,2.8887554145e-01,1.4305492455e-01,1.5464474485e-01,2.8286755189e-01,1.0488610223e-01,3.5912736953e+00
3.8800000000e+02,1.0775947520e-02,1.4918169154e-02,2.9094243200e-01,1.4259087831e-01,1.5269794089e-01,2.8470132686e-01,1.0337330526e-01,3.5818409455e+00
3.8850000000e+02,1.0700976660e-02,1.5062980069e-02,2.9306370457e-01,1.4435533196e-01,1.5101280849e-01,2.8513877080e-01,1.0066542745e-01,3.5657085773e+00
3.8900000000e+02,1.0584622119e-02,1.5252149876e-02,2.9661698840e-01,1.4353054212e-01,1.5032878642e-01,2.8488089203e-01,9.8806019043e-02,3.5578638363e+00
3.8950000000e+02,1.0477255178e-02,1.5307410979e-02,2.9996893653e-01,1.4414844289e-01,1.4810998820e-01,2.8557227958e-01,9.6415686646e-02,3.5334482015e+00
3.9000000000e+02,1.0505108240e-02,1.5624369565e-02,3.0406503549e-01,1.4365277628e-01,1.4747011124e-01,2.8488538302e-01,9.3797216164e-02,3.5250134662e+00
3.9050000000e+02,1.0409768709e-02,1.5810852221e-02,3.0571126462e-01,1.4410077945e-01,1.4706509589e-01,2.8508416055e-01,9.1818078556e-02,3.5115927558e+00
3.9100000000e+02,1.0338663725e-02,1.5926220487e-02,3.0867198132e-01,1.4420054351e-01,1.4695376947e-01,2.8422849007e-01,8.9680331409e-02,3.4955769047e+00
3.9150000000e+02,1.0304074564e-02,1.6305469220e-02,3.1026696026e-01,1.4563141134e-01,1.4714715306e-01,2.8283083086e-01,8.7514100698e-02,3.4894536986e+00
3.9200000000e+02,1.0278929810e-02,1.6323182233e-02,3.1258241423e-01,1.4688903281e-01,1.4662266985e-01,2.8178316071e-01,8.5520610367e-02,3.4753730473e+00
3.9250000000e+02,1.0233657287e-02,1.6514134757e-02,3.1499041243e-01,1.4752055416e-01,1.4510332485e-01,2.8176030188e-01,8.3877614636e-02,3.4638828440e+00
3.9300000000e+02,1.0185938342e-02,1.6555567877e-02,3.1764215308e-01,1.4813527218e-01,1.4369128488e-01,2.8172563206e-01,8.2064151578e-02,3.4471205870e+00
3.9350000000e+02,1.0070605807e-02,1.6826107788e-02,3.1956465258e-01,1.4705779424e-01,1.4433028756e-01,2.8162581837e-01,8.0524733666e-02,3.4398829234e+00
3.9400000000e+02,1.0084570578e-02,1.7000283618e-02,3.2146934231e-01,1.4786656122e-01,1.4358322590e-01,2.8049700997e-01,7.9499006410e-02,3.4335734057e+00
3.9450000000e+02,9.8636073626e-03,1.7276190471e-02,3.2385763638e-01,1.4864805410e-01,1.4275771873e-01,2.7979975129e-01,7.7797041671e-02,3.4185276005e+00
3.9500000000e+02,9.7520145749e-03,1.7500351873e-02,3.2766619988e-01,1.4798968054e-01,1.4204708779e-01,2.7875495773e-01,7.6289707612e-02,3.4039837567e+00
3.9550000000e+02,9.6643459713e-03,1.7758603313e-02,3.2988103692e-01,1.4611869488e-01,1.4239441749e-01,2.7877184516e-01,7.5411056255e-02,3.3956783061e+00
3.9600000000e+02,9.6781255451e-03,1.7993622328e-02,3.3390401144e-01,1.4538582296e-01,1.4104441317e-01,2.7827282619e-01,7.3721178365e-02,3.3772385059e+00
3.9650000000e+02,9.5773062126e-03,1.8188225831e-02,3.3839467632e-01,1.4506350781e-01,1.3961623161e-01,2.7641644871e-01,7.2743603505e-02,3.3572733570e+00
3.9700000000e+02,9.5023789373e-03,1.8553338903e-02,3.4217652681e-01,1.4536442622e-01,1.3842455439e-01,2.7485034728e-01,7.1128427458e-02,3.3410463507e+00
3.9750000000e+02,9.5573285750e-03,1.8797498283e-02,3.4596101139e-01,1.4477135398e-01,1.3786509058e-01,2.7253250078e-01,7.0515216416e-02,3.3262314324e+00
3.9800000000e+02,9.4881617659e-03,1.8844115274e-02,3.4904299682e-01,1.4509095050e-01,1.3793023672e-01,2.7013021005e-01,6.9473328870e-02,3.3089979891e+00
3.9850000000e+02,9.4723009998e-03,1.8906280659e-02,3.5223834486e-01,1.4524741277e-01,1.3789770218e-01,2.6814032801e-01,6.8097630528e-02,3.2941017367e+00
3.9900000000e+02,9.4846761872e-03,1.9171410424e-02,3.5596738220e-01,1.4537565032e-01,1.3869150756e-01,2.6445074664e-01,6.6858626675e-02,3.2814367718e+00
3.9950000000e+02,9.5024125809e-03,1.9327233720e-02,3.5849485109e-01,1.4470653299e-01,1.3840474421e-01,2.6284323420e-01,6.6720991212e-02,3.2674608636e+00
4.0000000000e+02,9.4804008249e-03,1.9344296512e-02,3.6262161503e-01,1.4376145158e-01,1.3935804342e-01,2.5957232063e-01,6.5861872014e-02,3.2574872834e+00
4.0050000000e+02,9.4441824216e-03,1.9480880254e-02,3.6540610804e-01,1.4246201910e-01,1.3998930472e-01,2.5791237730e-01,6.5305128173e-02,3.2532211382e+00
4.0100000000e+02,9.5274978101e-03,1.9593296334e-02,3.6724616017e-01,1.4240844193e-01,1.3997215550e-01,2.5706047458e-01,6.4191973688e-02,3.2396623780e+00
4.0150000000e+02,9.5500056357e-03,1.9603519929e-02,3.6929216863e-01,1.4155563919e-01,1.3978521877e-01,2.5590221500e-01,6.4311232847e-02,3.2315390984e+00
4.0200000000e+02,9.5219974470e-03,1.9720409927e-02,3.7135247148e-01,1.4145873550e-01,1.3987877578e-01,2.5430976310e-01,6.3757846770e-02,3.2188898534e+00
4.0250000000e+02,9.4742744771e-03,1.9770066192e-02,3.7370858319e-01,1.4215002088e-01,1.3931481564e-01,2.5208917848e-01,6.3493061129e-02,3.2059243356e+00
4.0300000000e+02,9.4079336882e-03,2.0004312702e-02,3.7530786604e-01,1.4337005566e-01,1.3967489147e-01,2.4943937150e-01,6.2795568937e-02,3.1933789683e+00
4.0350000000e+02,9.4510383463e-03,2.0207483766e-02,3.7897598023e-01,1.4301058987e-01,1.3989434036e-01,2.4684207144e-01,6.1618495982e-02,3.1803828942e+00
4.0400000000e+02,9.3955267411e-03,2.0400872917e-02,3.8101583825e-01,1.4426852532e-01,1.3909664904e-01,2.4534670527e-01,6.0475882458e-02,3.1640529303e+00
4.0450000000e+02,9.2640572053e-03,2.0619685944e-02,3.8315726308e-01,1.4579054220e-01,1.3940117337e-01,2.4229228609e-01,5.9474992105e-02,3.1495774732e+00
4.0500000000e+02,9.3064243742e-03,2.0698684070e-02,3.8631126205e-01,1.4682792043e-01,1.4044745363e-01,2.3804324265e-01,5.8365012802e-02,3.1369077051e+00
4.0550000000e+02,9.2794042013e-03,2.0782203444e-02,3.9003069351e-01,1.4567963209e-01,1.4056042784e-01,2.3582490614e-01,5.7842732771e-02,3.1223875768e+00
4.0600000000e+02,9.1777220533e-03,2.0904878727e-02,3.9211217089e-01,1.4678149331e-01,1.4092768997e-01,2.3321573630e-01,5.6880308740e-02,3.1074883224e+00
4.0650000000e+02,9.1138277834e-03,2.0864382041e-02,3.9433042126e-01,1.4886910610e-01,1.4009432864e-01,2.3076406364e-01,5.5963870534e-02,3.0841118853e+00
4.0700000000e+02,9.0141704229e-03,2.0817507317e-02,3.9682574401e-01,1.4952288495e-01,1.4062635521e-01,2.2792074252e-01,5.5272595567e-02,3.0677564588e+00
4.0750000000e+02,9.0116151697e-03,2.0828429478e-02,3.9949469219e-01,1.5108606154e-01,1.3928103421e-01,2.2582735511e-01,5.4470812308e-02,3.0520256762e+00
4.0800000000e+02,9.0350177453e-03,2.0937655903e-02,4.0332367877e-01,1.4928045650e-01,1.3898133746e-01,2.2473076486e-01,5.3711088759e-02,3.0360203221e+00
4.0850000000e+02,9.0629073443e-03,2.1039694904e-02,4.0690876752e-01,1.4823903590e-01,1.3937938958e-01,2.2260155706e-01,5.2768647698e-02,3.0202315109e+00
4.0900000000e+02,9.2046198792e-03,2.1102454889e-02,4.0702551075e-01,1.4836818471e-01,1.4096489322e-01,2.2032804684e-01,5.3006289710e-02,3.0144728781e+00
4.0950000000e+02,9.3119840642e-03,2.1009575118e-02,4.0981477848e-01,1.4765636827e-01,1.4092940364e-01,2.1872738169e-01,5.2550508731e-02,3.0028940014e+00
4.1000000000e+02,9.3462390994e-03,2.1207747205e-02,4.1122966669e-01,1.4902929854e-01,1.4145342061e-01,2.1521089777e-01,5.2522730079e-02,2.9992794707e+00
4.1050000000e+02,9.4025040539e-03,2.1240409068e-02,4.1363351565e-01,1.5105665264e-01,1.4112968525e-01,2.1169523027e-01,5.1842003072e-02,2.9885279090e+00
4.1100000000e+02,9.3857272084e-03,2.1392413990e-02,4.1495469884e-01,1.5182880023e-01,1.4213810722e-01,2.0915603824e-01,5.1144214270e-02,2.9787270167e+00
4.1150000000e+02,9.4509743567e-03,2.1402449807e-02,4.1753769962e-01,1.5188951349e-01,1.4056501908e-01,2.0839082742e-01,5.0763516228e-02,2.9584411430e+00
4.1200000000e+02,9.4868668814e-03,2.1374889719e-02,4.2073542746e-01,1.5254145812e-01,1.4138893741e-01,2.0441717173e-01,5.0055248675e-02,2.9436419561e+00
4.1250000000e+02,9.5772298637e-03,2.1310296305e-02,4.2370265584e-01,1.5406723506e-01,1.4152408779e-01,2.0083802271e-01,4.8980472428e-02,2.9267045775e+00
4.1300000000e+02,9.6877920433e-03,2.1416016372e-02,4.2483153926e-01,1.5541579939e-01,1.4212331476e-01,1.9800447296e-01,4.8521065222e-02,2.9170165363e+00
4.1350000000e+02,9.8533931153e-03,2.1358788649e-02,4.2707094542e-01,1.5639651729e-01,1.4096211148e-01,1.9632288181e-01,4.8035362240e-02,2.9051303037e+00
4.1400000000e+02,9.9684026222e-03,2.1278939447e-02,4.3008554131e-01,1.5709005214e-01,1.4176314086e-01,1.9258093118e-01,4.7232992442e-02,2.8883293519e+00
4.1450000000e+02,9.9686981156e-03,2.0899532219e-02,4.3165218717e-01,1.5979467477e-01,1.4143542985e-01,1.8945190598e-01,4.6797571886e-02,2.8683494581e+00
4.1500000000e+02,1.0035982663e-02,2.0979844869e-02,4.3221873352e-01,1.6148306831e-01,1.4075245162e-01,1.8762454388e-01,4.6905375135e-02,2.8626034139e+00
4.1550000000e+02,1.0075825822e-02,2.1005509180e-02,4.3198682415e-01,1.6196581682e-01,1.4271386464e-01,1.8499831288e-01,4.7253846505e-02,2.8564389421e+00
4.1600000000e+02,1.0295714370e-02,2.1181418976e-02,4.3472694514e-01,1.6258436047e-01,1.4313712777e-01,1.8124237274e-01,4.6832060530e-02,2.8468265548e+00
4.1650000000e+02,1.0363112978e-02,2.1209754697e-02,4.3651630537e-01,1.6222690130e-01,1.4419135128e-01,1.7838023443e-01,4.7112339938e-02,2.8347990037e+00
4.1700000000e+02,1.0387828828e-02,2.1190707100e-02,4.3921700706e-01,1.6084782460e-01,1.4627890964e-01,1.7504512819e-01,4.7032594569e-02,2.8305992068e+00
4.1750000000e+02,1.0469547753e-02,2.0933972349e-02,4.4261437857e-01,1.6087507171e-01,1.4644131462e-01,1.7229313926e-01,4.6372575732e-02,2.8203942294e+00
4.1800000000e+02,1.0494400589e-02,2.0662104016e-02,4.4575626096e-01,1.6187730283e-01,1.4735937236e-01,1.6825275616e-01,4.5597803086e-02,2.8083392593e+00
4.1850000000e+02,1.0496168274e-02,2.0562123338e-02,4.4893875735e-01,1.6177291392e-01,1.4847430453e-01,1.6479916314e-01,4.4956569446e-02,2.7986628034e+00
4.1900000000e+02,1.0544396849e-02,2.0417397743e-02,4.5288120560e-01,1.6263366545e-01,1.4753023476e-01,1.6171723276e-01,4.4275866848e-02,2.7794746293e+00
4.1950000000e+02,1.0687726698e-02,2.0210212231e-02,4.5558762431e-01,1.6287055421e-01,1.4724906612e-01,1.5928334550e-01,4.4111470934e-02,2.7664609557e+00
4.2000000000e+02,1.0812113319e-02,2.0171250307e-02,4.5863945937e-01,1.6348614833e-01,1.4672879352e-01,1.5653004258e-01,4.3632192572e-02,2.7493057689e+00
4.2050000000e+02,1.1001951741e-02,2.0162975494e-02,4.5912580701e-01,1.6569188444e-01,1.4734748217e-01,1.5346138209e-01,4.3208517064e-02,2.7431834355e+00
4.2100000000e+02,1.0995347440e-02,1.9870762553e-02,4.6302504064e-01,1.6439706822e-01,1.4794166433e-01,1.5107771899e-01,4.2692397832e-02,2.7229169734e+00
4.2150000000e+02,1.1112483244e-02,1.9657109504e-02,4.6647126251e-01,1.6453124321e-01,1.4831497676e-01,1.4782646141e-01,4.2086463354e-02,2.7064902974e+00
4.2200000000e+02,1.1250312141e-02,1.9342751323e-02,4.6954507465e-01,1.6501183939e-01,1.4673864191e-01,1.4608123465e-01,4.2030145935e-02,2.6895208304e+00
4.2250000000e+02,1.1510099205e-02,1.9417620503e-02,4.7087264459e-01,1.6653653922e-01,1.4708848301e-01,1.4264962812e-01,4.1924985347e-02,2.6831303287e+00
4.2300000000e+02,1.1644603057e-02,1.9295786095e-02,4.7170170518e-01,1.6696869199e-01,1.4829634435e-01,1.4063610701e-01,4.1456762321e-02,2.6714426145e+00
4.2350000000e+02,1.1761489684e-02,1.9104723396e-02,4.7488524656e-01,1.6618265355e-01,1.4720885849e-01,1.3955290754e-01,4.1304120771e-02,2.6614384750e+00
4.2400000000e+02,1.1802811449e-02,1.9039517836e-02,4.7874123043e-01,1.6550777453e-01,1.4689100951e-01,1.3716983880e-01,4.0847817438e-02,2.6494722625e+00
4.2450000000e+02,1.1918356302e-02,1.8808079063e-02,4.8042418513e-01,1.6786919437e-01,1.4637875060e-01,1.3395546508e-01,4.0645969453e-02,2.6272158247e+00
4.2500000000e+02,1.2182130697e-02,1.8612235589e-02,4.8050504560e-01,1.6930954527e-01,1.4744748360e-01,1.3136030545e-01,4.0583253795e-02,2.6221713345e+00
4.2550000000e+02,1.2313188638e-02,1.8610280273e-02,4.8190457168e-01,1.7039067024e-01,1.4633627741e-01,1.2978811523e-01,4.0656896522e-02,2.6166586915e+00
4.2600000000e+02,1.2567217490e-02,1.8718615385e-02,4.8255067384e-01,1.7189456467e-01,1.4695153842e-01,1.2664774086e-01,4.0669649337e-02,2.6090903186e+00
4.2650000000e+02,1.2567056940e-02,1.8672709400e-02,4.8581737806e-01,1.7213748347e-01,1.4650502239e-01,1.2430888402e-01,3.9991465719e-02,2.5923721411e+00
4.2700000000e+02,1.2743954444e-02,1.8556656312e-02,4.8896137395e-01,1.7186126066e-01,1.4660975013e-01,1.2154842840e-01,3.9718576103e-02,2.5738370791e+00
4.2750000000e+02,1.2923619254e-02,1.8140121268e-02,4.9093027232e-01,1.7334940370e-01,1.4635649703e-01,1.1875003754e-01,3.9550048889e-02,2.5573000744e+00
4.2800000000e+02,1.3128182727e-02,1.7879614208e-02,4.9240627452e-01,1.7530247873e-01,1.4695192315e-01,1.1539957037e-01,3.8931956289e-02,2.5378812750e+00
4.2850000000e+02,1.3153748798e-02,1.7737426717e-02,4.9451519271e-01,1.7572509035e-01,1.4855460106e-01,1.1231834902e-01,3.7995591348e-02,2.5251430901e+00
4.2900000000e+02,1.3309082136e-02,1.7552461542e-02,4.9637768046e-01,1.7643320639e-01,1.4854891761e-01,1.1024333563e-01,3.7535316242e-02,2.5085142830e+00
4.2950000000e+02,1.3445676002e-02,1.7419809920e-02,4.9763052688e-01,1.7671226939e-01,1.4952555053e-01,1.0790616999e-01,3.7359997287e-02,2.4980444992e+00
4.3000000000e+02,1.3479621283e-02,1.7218013716e-02,4.9843396901e-01,1.7869279353e-01,1.4962496123e-01,1.0536412096e-01,3.7186520282e-02,2.4836593168e+00
4.3050000000e+02,1.3737668403e-02,1.6896273204e-02,5.0037792381e-01,1.7840538011e-01,1.4987767416e-01,1.0348570472e-01,3.7219375598e-02,2.4728213936e+00
4.3100000000e+02,1.3895573925e-02,1.6845759278e-02,5.0216794611e-01,1.7908587522e-01,1.5028240867e-01,1.0085404055e-01,3.6868396242e-02,2.4589600495e+00
4.3150000000e+02,1.3902562378e-02,1.6692528559e-02,5.0542960200e-01,1.7871500627e-01,1.5209853773e-01,9.6840388504e-02,3.6321374557e-02,2.4393282355e+00
4.3200000000e+02,1.4049827616e-02,1.6580768772e-02,5.0647525704e-01,1.8012562673e-01,1.5290925243e-01,9.3686625817e-02,3.6172641595e-02,2.4246420871e+00
4.3250000000e+02,1.4193810517e-02,1.6477990140e-02,5.0599846945e-01,1.8202300393e-01,1.5357803214e-01,9.1505076122e-02,3.6223617710e-02,2.4201291613e+00
4.3300000000e+02,1.4163731342e-02,1.6229416109e-02,5.0693282361e-01,1.8373679731e-01,1.5525126324e-01,8.7701055833e-02,3.5984912553e-02,2.3990389702e+00
4.3350000000e+02,1.4151249374e-02,1.5986476586e-02,5.0852173136e-01,1.8597468507e-01,1.5505183741e-01,8.4907314192e-02,3.5406706006e-02,2.3758415813e+00
4.3400000000e+02,1.4169382611e-02,1.5777627936e-02,5.1155524413e-01,1.8561211219e-01,1.5423369841e-01,8.3355806634e-02,3.5296128087e-02,2.3603880105e+00
4.3450000000e+02,1.4234780444e-02,1.5596437083e-02,5.1488933061e-01,1.8540375009e-01,1.5447321275e-01,8.0100253806e-02,3.5302235212e-02,2.3428352950e+00
4.3500000000e+02,1.4366150442e-02,1.5413733929e-02,5.1549777384e-01,1.8770621404e-01,1.5501286808e-01,7.7306622299e-02,3.4696637371e-02,2.3255807603e+00
4.3550000000e+02,1.4426426567e-02,1.5310808340e-02,5.1709170347e-01,1.8789943933e-01,1.5568330263e-01,7.4714064098e-02,3.4874255566e-02,2.3160561224e+00
4.3600000000e+02,1.4518683073e-02,1.5185929064e-02,5.1959776109e-01,1.8757819635e-01,1.5651301774e-01,7.1652538891e-02,3.4953873792e-02,2.2986971851e+00
4.3650000000e+02,1.4795628991e-02,1.5242373418e-02,5.2100092835e-01,1.8743731653e-01,1.5821819263e-01,6.8212713025e-02,3.5092847052e-02,2.2940017509e+00
4.3700000000e+02,1.4987558824e-02,1.5141653182e-02,5.2030842277e-01,1.8967746020e-01,1.5933408315e-01,6.5667130321e-02,3.4883691555e-02,2.2836673445e+00
4.3750000000e+02,1.5063373531e-02,1.5191438379e-02,5.2019126495e-01,1.9069167737e-01,1.5960777633e-01,6.4057336630e-02,3.5197132817e-02,2.2754537055e+00
4.3800000000e+02,1.5199914150e-02,1.4948400243e-02,5.2087542811e-01,1.9180268129e-01,1.6026658219e-01,6.1712558443e-02,3.5194435571e-02,2.2651855769e+00
4.3850000000e+02,1.5166395432e-02,1.4648744745e-02,5.2050644634e-01,1.9378661157e-01,1.6174928254e-01,5.8969823031e-02,3.5172696333e-02,2.2500256559e+00
4.3900000000e+02,1.5037291071e-02,1.4387658590e-02,5.2295370060e-01,1.9336540368e-01,1.6315331234e-01,5.6283492650e-02,3.4819141071e-02,2.2266681854e+00
4.3950000000e+02,1.5155693380e-02,1.4285967012e-02,5.2326082164e-01,1.9414300358e-01,1.6397469139e-01,5.4072674200e-02,3.5107148793e-02,2.2186264662e+00
4.4000000000e+02,1.5112692674e-02,1.4204856421e-02,5.2536239146e-01,1.9499406781e-01,1.6372608629e-01,5.1556216354e-02,3.5043688992e-02,2.2023367151e+00
4.4050000000e+02,1.5020617445e-02,1.4059594409e-02,5.2707488386e-01,1.9540233990e-01,1.6472917723e-01,4.8878375629e-02,3.4835011527e-02,2.1827251326e+00
4.4100000000e+02,1.5164488882e-02,1.4001159696e-02,5.2855940816e-01,1.9465740993e-01,1.6559110234e-01,4.6822856075e-02,3.5203574919e-02,2.1714707660e+00
4.4150000000e+02,1.5412653708e-02,1.3822267476e-02,5.2710851494e-01,1.9615470502e-01,1.6706539572e-01,4.5324001668e-02,3.5112461468e-02,2.1610705832e+00
4.4200000000e+02,1.5439860642e-02,1.3660585634e-02,5.2648630578e-01,1.9823660052e-01,1.6781540891e-01,4.3544118281e-02,3.4817120231e-02,2.1466900179e+00
4.4250000000e+02,1.5373314248e-02,1.3477568859e-02,5.2746562396e-01,1.9929749509e-01,1.6823261624e-01,4.1595639133e-02,3.4557742466e-02,2.1306556805e+00
4.4300000000e+02,1.5272136931e-02,1.3423177337e-02,5.2731489321e-01,2.0150767829e-01,1.6717446328e-01,4.0194826404e-02,3.5112824554e-02,2.1225985979e+00
4.4350000000e+02,1.5202462020e-02,1.3401225576e-02,5.2807745790e-01,2.0279249059e-01,1.6687946261e-01,3.8501254480e-02,3.5145646829e-02,2.1067603237e+00
4.4400000000e+02,1.5303761675e-02,1.3328383102e-02,5.2579568672e-01,2.0501781095e-01,1.6806739470e-01,3.6628894613e-02,3.5858068236e-02,2.1012306222e+00
4.4450000000e+02,1.5125797469e-02,1.3102002652e-02,5.2646707290e-01,2.0590484801e-01,1.6949922474e-01,3.4352723198e-02,3.5548331028e-02,2.0830076482e+00
4.4500000000e+02,1.4927352478e-02,1.3010726539e-02,5.2823038844e-01,2.0595856853e-01,1.6971337867e-01,3.2725305018e-02,3.5434280331e-02,2.0681008592e+00
4.4550000000e+02,1.5018157217e-02,1.3093704370e-02,5.2839222506e-01,2.0729787067e-01,1.6967433035e-01,3.0995779130e-02,3.5527933205e-02,2.0576555150e+00
4.4600000000e+02,1.4944438636e-02,1.3148937197e-02,5.2778134745e-01,2.0837634644e-01,1.7035216661e-01,2.9793422731e-02,3.5603340943e-02,2.0520324515e+00
4.4650000000e+02,1.4899474053e-02,1.3143213644e-02,5.2859138061e-01,2.0957383388e-01,1.7013382143e-01,2.8510624235e-02,3.5147652153e-02,2.0436669372e+00
4.4700000000e+02,1.4898348724e-02,1.3295529065e-02,5.2748728427e-01,2.1099643749e-01,1.7089078130e-01,2.6819075791e-02,3.5612543363e-02,2.0362709406e+00
4.4750000000e+02,1.4968340831e-02,1.3325352863e-02,5.2665427437e-01,2.1282103719e-01,1.7130437982e-01,2.5398647885e-02,3.5527967028e-02,2.0288024798e+00
4.4800000000e+02,1.5079248797e-02,1.3310259001e-02,5.2640188770e-01,2.1335428730e-01,1.7200617479e-01,2.3909407464e-02,3.5938734944e-02,2.0207513986e+00
4.4850000000e+02,1.5078774819e-02,1.3265364496e-02,5.2385806402e-01,2.1732134156e-01,1.7228531249e-01,2.2422081423e-02,3.5769061191e-02,2.0105606746e+00
4.4900000000e+02,1.5109754395e-02,1.3275038099e-02,5.2196906217e-01,2.2047686089e-01,1.7237556457e-01,2.1030681527e-02,3.5763038352e-02,2.0023910599e+00
4.4950000000e+02,1.4894851315e-02,1.3151296277e-02,5.2230560242e-01,2.2167700913e-01,1.7235060188e-01,1.9811114890e-02,3.5809524090e-02,1.9902771703e+00
4.5000000000e+02,1.4739844155e-02,1.3026827852e-02,5.2118495732e-01,2.2346459150e-01,1.7333860695e-01,1.8478264542e-02,3.5766907684e-02,1.9828203527e+00
4.5050000000e+02,1.4912422142e-02,1.2851955046e-02,5.1876262025e-01,2.2577151937e-01,1.7457063145e-01,1.7406846192e-02,3.5724005546e-02,1.9759507165e+00
4.5100000000e+02,1.4905711504e-02,1.2823181547e-02,5.2014949314e-01,2.2487093653e-01,1.7535158850e-01,1.6417830897e-02,3.5481257887e-02,1.9676168755e+00
4.5150000000e+02,1.4942381168e-02,1.2845089272e-02,5.1979827445e-01,2.2491637445e-01,1.7621984840e-01,1.5484931760e-02,3.5793100496e-02,1.9630142470e+00
4.5200000000e+02,1.4953883359e-02,1.2975327881e-02,5.1870497465e-01,2.2716859828e-01,1.7576175563e-01,1.4561244510e-02,3.5874215683e-02,1.9568963885e+00
4.5250000000e+02,1.4965340019e-02,1.2873212462e-02,5.1726866217e-01,2.2885760567e-01,1.7678830011e-01,1.3520959456e-02,3.5725920110e-02,1.9518318951e+00
4.5300000000e+02,1.4903731793e-02,1.2789652029e-02,5.1498201977e-01,2.3205018195e-01,1.7706797077e-01,1.2690730491e-02,3.5515713196e-02,1.9473953813e+00
4.5350000000e+02,1.4973042693e-02,1.3035260164e-02,5.1322942659e-01,2.3492048919e-01,1.7629066299e-01,1.2062616087e-02,3.5488502284e-02,1.9463600818e+00
4.5400000000e+02,1.5001853414e-02,1.3177610184e-02,5.1412131696e-01,2.3506867676e-01,1.7574150250e-01,1.1374929004e-02,3.5514111168e-02,1.9380519442e+00
4.5450000000e+02,1.4911515263e-02,1.3169185525e-02,5.1155999306e-01,2.3859315927e-01,1.7538672580e-01,1.0714729212e-02,3.5664691871e-02,1.9341936843e+00
4.5500000000e+02,1.5029450913e-02,1.3270157396e-02,5.1160634741e-01,2.3874391339e-01,1.7487503986e-01,1.0039775381e-02,3.6435315649e-02,1.9362292458e+00
4.5550000000e+02,1.5074266370e-02,1.3134815491e-02,5.1019067016e-01,2.4031527945e-01,1.7536709068e-01,9.3734461068e-03,3.6544431741e-02,1.9364817798e+00
4.5600000000e+02,1.4947755834e-02,1.3013242838e-02,5.0949643605e-01,2.4210175374e-01,1.7524369393e-01,8.8601135095e-03,3.6337004090e-02,1.9347466117e+00
4.5650000000e+02,1.4985816898e-02,1.3055499441e-02,5.0901962486e-01,2.4263029912e-01,1.7515384730e-01,8.4456538280e-03,3.6709258555e-02,1.9362402191e+00
4.5700000000e+02,1.4924234793e-02,1.2913037810e-02,5.0694425605e-01,2.4505915883e-01,1.7536338678e-01,7.8970239638e-03,3.6898901768e-02,1.9257060147e+00
4.5750000000e+02,1.4669953574e-02,1.2893689783e-02,5.0694416087e-01,2.4528839866e-01,1.7505690579e-01,7.5731942621e-03,3.7573697067e-02,1.9244562606e+00
4.5800000000e+02,1.4755506782e-02,1.2739643605e-02,5.0695910009e-01,2.4563844103e-01,1.7491515473e-01,7.2302786880e-03,3.7761875066e-02,1.9240836520e+00
4.5850000000e+02,1.4789042675e-02,1.2980733054e-02,5.0432886870e-01,2.4804516325e-01,1.7436844642e-01,7.0531364753e-03,3.8434609421e-02,1.9329252887e+00
4.5900000000e+02,1.4734325251e-02,1.3128510670e-02,5.0102514649e-01,2.5155322126e-01,1.7440059705e-01,6.7701771072e-03,3.8388022176e-02,1.9363021352e+00
4.5950000000e+02,1.4680985024e-02,1.3098095512e-02,5.0017867539e-01,2.5259031038e-01,1.7411813504e-01,6.6260769661e-03,3.8707721676e-02,1.9420698161e+00
4.6000000000e+02,1.4773857193e-02,1.3278976482e-02,4.9793063768e-01,2.5511678251e-01,1.7324680207e-01,6.5347569657e-03,3.9118187098e-02,1.9521890662e+00
4.6050000000e+02,1.4516139084e-02,1.3297802547e-02,4.9660196866e-01,2.5674582324e-01,1.7354565586e-01,6.5094352377e-03,3.8783175379e-02,1.9524529760e+00
4.6100000000e+02,1.4280845093e-02,1.3401603866e-02,4.9534788298e-01,2.5839732785e-01,1.7283431666e-01,6.5766419892e-03,3.9161381564e-02,1.9598597188e+00
4.6150000000e+02,1.4161774615e-02,1.3468234304e-02,4.9310278132e-01,2.6134023173e-01,1.7205585113e-01,6.7362954888e-03,3.9134831410e-02,1.9659035061e+00
4.6200000000e+02,1.3914883524e-02,1.3577256219e-02,4.8944492350e-01,2.6444794540e-01,1.7253596294e-01,6.7581247523e-03,3.9320903665e-02,1.9696452930e+00
4.6250000000e+02,1.3870291414e-02,1.3769839710e-02,4.8584552880e-01,2.6846997882e-01,1.7144240358e-01,6.9244160245e-03,3.9677541645e-02,1.9784350904e+00
4.6300000000e+02,1.3806200476e-02,1.3905064562e-02,4.8314526442e-01,2.7104299856e-01,1.7117058901e-01,7.0801316595e-03,3.9849751308e-02,1.9850868226e+00
4.6350000000e+02,1.3569602208e-02,1.4041915611e-02,4.8374243742e-01,2.7096057458e-01,1.7036051693e-01,7.2958615228e-03,4.0029091736e-02,1.9852540662e+00
4.6400000000e+02,1.3471833246e-02,1.4189605276e-02,4.8184272602e-01,2.7264705178e-01,1.6980380637e-01,7.7039600093e-03,4.0341017294e-02,1.9914641571e+00
4.6450000000e+02,1.3423860767e-02,1.4295796993e-02,4.8117738592e-01,2.7347940380e-01,1.6888060147e-01,8.1081575162e-03,4.0634793533e-02,2.0006339129e+00
4.6500000000e+02,1.3431811785e-02,1.4293273710e-02,4.7849103469e-01,2.7540701344e-01,1.6859707185e-01,8.5110703774e-03,4.1268724146e-02,2.0049486302e+00
4.6550000000e+02,1.3434251699e-02,1.4278619195e-02,4.7604056947e-01,2.7713191722e-01,1.6832401254e-01,8.8933555755e-03,4.1897274295e-02,2.0101025729e+00
4.6600000000e+02,1.3360934898e-02,1.4324631823e-02,4.7637922956e-01,2.7679616156e-01,1.6766509463e-01,9.2547953289e-03,4.2219152195e-02,2.0153473575e+00
4.6650000000e+02,1.3332493194e-02,1.4437771752e-02,4.7390800759e-01,2.7854638021e-01,1.6721337208e-01,9.6720277961e-03,4.2889947377e-02,2.0229785181e+00
4.6700000000e+02,1.3155474676e-02,1.4475744737e-02,4.7400024593e-01,2.7982278351e-01,1.6540478414e-01,1.0120992756e-02,4.3019974244e-02,2.0262552862e+00
4.6750000000e+02,1.2954355820e-02,1.4535456303e-02,4.7084880098e-01,2.8172654553e-01,1.6569649974e-01,1.0634148644e-02,4.3604192982e-02,2.0292128925e+00
4.6800000000e+02,1.2879547243e-02,1.4696751882e-02,4.6655764327e-01,2.8567632232e-01,1.6431314283e-01,1.1375242192e-02,4.4501350262e-02,2.0359167675e+00
4.6850000000e+02,1.2885321496e-02,1.4842414421e-02,4.6242785542e-01,2.8957143035e-01,1.6341597289e-01,1.2103205534e-02,4.4753799885e-02,2.0462503662e+00
4.6900000000e+02,1.2867648167e-02,1.4926971605e-02,4.5973541892e-01,2.9120151462e-01,1.6303173340e-01,1.2806561213e-02,4.5430152064e-02,2.0550433678e+00
4.6950000000e+02,1.2752459226e-02,1.4991655434e-02,4.5593464460e-01,2.9397410271e-01,1.6268150955e-01,1.3563110843e-02,4.6102517633e-02,2.0588350528e+00
4.7000000000e+02,1.2713306135e-02,1.5040022138e-02,4.5477460009e-01,2.9462016210e-01,1.6222137790e-01,1.4095693638e-02,4.6534838003e-02,2.0651506384e+00
4.7050000000e+02,1.2679507413e-02,1.5209768493e-02,4.4868817230e-01,2.9930946715e-01,1.6215869331e-01,1.4931258737e-02,4.7023132597e-02,2.0743585742e+00
4.7100000000e+02,1.2496865903e-02,1.5410835316e-02,4.4434148942e-01,3.0204472133e-01,1.6231620063e-01,1.5913968588e-02,4.7475918824e-02,2.0817090140e+00
4.7150000000e+02,1.2397009728e-02,1.5515387041e-02,4.4114523267e-01,3.0324486022e-01,1.6192350663e-01,1.6825155974e-02,4.8948847730e-02,2.0937358909e+00
4.7200000000e+02,1.2478642836e-02,1.5708318160e-02,4.3836520868e-01,3.0419690694e-01,1.6164262457e-01,1.7663934867e-02,4.9944363944e-02,2.1027114785e+00
4.7250000000e+02,1.2323077514e-02,1.5560614260e-02,4.3370012262e-01,3.0835754478e-01,1.6085712953e-01,1.8575629527e-02,5.0625881763e-02,2.1049667037e+00
4.7300000000e+02,1.2196676242e-02,1.5602899884e-02,4.3029811782e-01,3.1138164290e-01,1.5955778459e-01,1.9738098564e-02,5.1224780007e-02,2.1132489859e+00
4.7350000000e+02,1.2194082457e-02,1.5605896149e-02,4.2756865784e-01,3.1219796980e-01,1.5970327766e-01,2.0397723527e-02,5.2332392566e-02,2.1206815003e+00
4.7400000000e+02,1.2000002709e-02,1.5638215212e-02,4.2617171266e-01,3.1233522056e-01,1.5946178514e-01,2.1539490510e-02,5.2853573205e-02,2.1288498351e+00
4.7450000000e+02,1.1972648951e-02,1.5593442262e-02,4.2555004972e-01,3.1234704067e-01,1.5814162997e-01,2.3013730127e-02,5.3381458307e-02,2.1373814675e+00
4.7500000000e+02,1.1907034961e-02,1.5515592686e-02,4.2812589177e-01,3.0928248052e-01,1.5749062038e-01,2.3931733550e-02,5.3746646128e-02,2.1362937087e+00
4.7550000000e+02,1.1875326963e-02,1.5528585068e-02,4.2669570682e-01,3.1024309735e-01,1.5728710693e-01,2.4254422549e-02,5.4115754323e-02,2.1388008346e+00
4.7600000000e+02,1.1737985838e-02,1.5443825588e-02,4.2665837340e-01,3.1095337131e-01,1.5497338279e-01,2.5383011178e-02,5.4850049889e-02,2.1430431484e+00
4.7650000000e+02,1.1740844039e-02,1.5562159406e-02,4.2307356737e-01,3.1268580669e-01,1.5509834501e-01,2.6200016739e-02,5.5639260746e-02,2.1567243281e+00
4.7700000000e+02,1.1692761153e-02,1.5509636851e-02,4.2267485723e-01,3.1131544321e-01,1.5485119023e-01,2.7480157024e-02,5.6475954305e-02,2.1672727346e+00
4.7750000000e+02,1.1723773016e-02,1.5745912001e-02,4.1904828416e-01,3.1296818363e-01,1.5525611431e-01,2.8443977121e-02,5.6813755753e-02,2.1829613989e+00
4.7800000000e+02,1.1658123295e-02,1.5855894227e-02,4.1601811920e-01,3.1589832877e-01,1.5381475161e-01,2.9466075532e-02,5.7288707360e-02,2.1970422815e+00
4.7850000000e+02,1.1721128737e-02,1.5986534048e-02,4.1253181830e-01,3.1745402402e-01,1.5303112320e-01,3.0749536647e-02,5.8525835051e-02,2.2099925637e+00
4.7900000000e+02,1.1781375132e-02,1.6079664240e-02,4.1045606773e-01,3.1792968368e-01,1.5226766156e-01,3.1756266925e-02,5.9729280741e-02,2.2275083740e+00
4.7950000000e+02,1.1841856332e-02,1.5975916244e-02,4.0819532775e-01,3.1996379206e-01,1.5130049088e-01,3.2312320720e-02,6.0410296015e-02,2.2368940466e+00
4.8000000000e+02,1.1679068145e-02,1.5998914986e-02,4.0283464449e-01,3.2281709254e-01,1.5141513817e-01,3.3169452331e-02,6.2085689340e-02,2.2486448165e+00
4.8050000000e+02,1.1691868941e-02,1.6011042446e-02,4.0011373472e-01,3.2350648461e-01,1.5134164777e-01,3.4269748774e-02,6.3065472737e-02,2.2635376996e+00
4.8100000000e+02,1.1496126907e-02,1.5934122791e-02,3.9752704988e-01,3.2510761508e-01,1.5218620425e-01,3.4428403387e-02,6.3320477698e-02,2.2697148678e+00
4.8150000000e+02,1.1519578794e-02,1.6067462634e-02,3.9576745024e-01,3.2535673926e-01,1.5262013395e-01,3.5118315361e-02,6.3550319763e-02,2.2794368409e+00
4.8200000000e+02,1.1457727310e-02,1.6281239143e-02,3.9437795068e-01,3.2435350535e-01,1.5274399261e-01,3.6594686475e-02,6.4190898431e-02,2.2927400601e+00
4.8250000000e+02,1.1469228773e-02,1.6250773706e-02,3.9143109158e-01,3.2630061873e-01,1.5111562706e-01,3.8290548149e-02,6.5142112010e-02,2.3010086919e+00
4.8300000000e+02,1.1494697118e-02,1.6204361632e-02,3.8891635993e-01,3.2834219165e-01,1.5087276363e-01,3.8532468190e-02,6.5637157840e-02,2.3109270434e+00
4.8350000000e+02,1.1511520470e-02,1.6317531561e-02,3.8641071861e-01,3.2839028979e-01,1.5057024490e-01,3.9194949821e-02,6.7604744849e-02,2.3291412284e+00
4.8400000000e+02,1.1550603010e-02,1.6235055183e-02,3.8335539345e-01,3.2902146470e-01,1.5068809797e-01,4.0302206774e-02,6.8847178913e-02,2.3460371909e+00
4.8450000000e+02,1.1583994879e-02,1.6260981511e-02,3.8051000660e-01,3.3016294736e-01,1.5015680115e-01,4.1598075364e-02,6.9727193137e-02,2.3566198869e+00
4.8500000000e+02,1.1489715607e-02,1.6244532583e-02,3.7842129859e-01,3.3105000588e-01,1.4934689625e-01,4.2927541586e-02,7.0520009506e-02,2.3698553086e+00
4.8550000000e+02,1.1594637224e-02,1.6503521530e-02,3.7386397506e-01,3.3333786448e-01,1.4880901641e-01,4.4118524412e-02,7.1772460876e-02,2.3914389787e+00
4.8600000000e+02,1.1628650492e-02,1.6400054719e-02,3.7147031338e-01,3.3459355816e-01,1.4831913295e-01,4.5269779461e-02,7.2318510839e-02,2.4041956291e+00
4.8650000000e+02,1.1545594515e-02,1.6442121972e-02,3.6648925277e-01,3.3620593463e-01,1.5005011414e-01,4.5393263603e-02,7.3873718365e-02,2.4149222626e+00
4.8700000000e+02,1.1695883163e-02,1.6593294798e-02,3.5908544083e-01,3.3962073818e-01,1.5054759545e-01,4.6529468959e-02,7.5927578615e-02,2.4323437826e+00
4.8750000000e+02,1.1813688062e-02,1.6545293996e-02,3.5714305656e-01,3.3758398367e-01,1.5220201905e-01,4.7184315639e-02,7.7527643012e-02,2.4454756834e+00
4.8800000000e+02,1.1919759775e-02,1.6592489659e-02,3.5345312927e-01,3.3839312395e-01,1.5196755131e-01,4.8477303932e-02,7.9196642105e-02,2.4589510422e+00
4.8850000000e+02,1.2005563561e-02,1.6635614860e-02,3.4827997793e-01,3.4012310984e-01,1.5192762952e-01,4.9996660023e-02,8.1031444264e-02,2.4743758479e+00
4.8900000000e+02,1.1881425767e-02,1.6628708248e-02,3.4608790517e-01,3.4071919411e-01,1.5158001928e-01,5.0885632522e-02,8.2217114899e-02,2.4796739781e+00
4.8950000000e+02,1.1895178160e-02,1.6735509725e-02,3.4290102264e-01,3.4102776259e-01,1.5185156435e-01,5.1567186381e-02,8.4021776153e-02,2.4934480505e+00
4.9000000000e+02,1.2011166889e-02,1.6752760781e-02,3.3971521178e-01,3.4118200168e-01,1.5248646785e-01,5.2802932833e-02,8.5049458184e-02,2.5087024550e+00
4.9050000000e+02,1.2004106547e-02,1.6544034093e-02,3.3538381655e-01,3.4205420186e-01,1.5259227399e-01,5.4298806930e-02,8.7122760032e-02,2.5213870709e+00
4.9100000000e+02,1.1944844416e-02,1.6810904332e-02,3.3394880268e-01,3.4170021762e-01,1.5351568082e-01,5.4230523386e-02,8.7849026741e-02,2.5332580370e+00
4.9150000000e+02,1.2108554569e-02,1.6981421552e-02,3.3134308239e-01,3.4119139516e-01,1.5363658726e-01,5.5202119553e-02,8.9536839515e-02,2.5550450301e+00
4.9200000000e+02,1.2129355661e-02,1.7123143098e-02,3.2865541112e-01,3.4060152612e-01,1.5376671391e-01,5.6145010192e-02,9.1578839892e-02,2.5726555868e+00
4.9250000000e+02,1.2223499979e-02,1.7007745765e-02,3.2713423133e-01,3.4152167243e-01,1.5241644223e-01,5.7515178791e-02,9.2181229478e-02,2.5805465152e+00
4.9300000000e+02,1.2165215111e-02,1.6912772593e-02,3.2414442734e-01,3.4394206454e-01,1.5187811526e-01,5.8100191666e-02,9.2857213488e-02,2.5855752153e+00
4.9350000000e+02,1.2294862743e-02,1.6814362828e-02,3.2178384118e-01,3.4257994630e-01,1.5236675200e-01,5.9580086865e-02,9.4580148083e-02,2.5997197346e+00
4.9400000000e+02,1.2345072406e-02,1.6783493115e-02,3.1912599301e-01,3.4215876183e-01,1.5121058765e-01,6.2247207745e-02,9.6128884245e-02,2.6162106478e+00
4.9450000000e+02,1.2426630699e-02,1.6918942770e-02,3.1576588607e-01,3.4361868701e-01,1.5084655770e-01,6.3356630695e-02,9.7066665050e-02,2.6317486354e+00
4.9500000000e+02,1.2333009322e-02,1.6823610452e-02,3.1330545941e-01,3.4294429909e-01,1.5164638067e-01,6.4223433480e-02,9.8723807576e-02,2.6431954080e+00
4.9550000000e+02,1.2335626991e-02,1.7003850569e-02,3.0689113075e-01,3.4689971577e-01,1.5089836803e-01,6.5807172145e-02,1.0016413575e-01,2.6566769353e+00
4.9600000000e+02,1.2479646079e-02,1.7028094915e-02,3.0221953311e-01,3.4854064472e-01,1.4974883385e-01,6.8031716370e-02,1.0195153095e-01,2.6728220605e+00
4.9650000000e+02,1.2591248394e-02,1.6988766906e-02,2.9832278568e-01,3.4962290515e-01,1.4975524059e-01,6.9425334943e-02,1.0329371834e-01,2.6889819674e+00
4.9700000000e+02,1.2606820160e-02,1.6918327070e-02,2.9173887673e-01,3.5440166334e-01,1.4981437605e-01,7.0607733373e-02,1.0391220328e-01,2.6891447396e+00
4.9750000000e+02,1.2674292980e-02,1.6861163727e-02,2.8752588181e-01,3.5570818710e-01,1.4959144392e-01,7.2756908592e-02,1.0488212186e-01,2.6931989265e+00
4.9800000000e+02,1.2689325857e-02,1.6728436867e-02,2.8489819148e-01,3.5758847295e-01,1.4984503149e-01,7.3702426984e-02,1.0454811438e-01,2.6916464496e+00
4.9850000000e+02,1.2703159185e-02,1.6648863512e-02,2.8252999129e-01,3.5840960467e-01,1.4899280296e-01,7.5175699095e-02,1.0553987929e-01,2.6982897269e+00
4.9900000000e+02,1.2753149009e-02,1.6761007106e-02,2.7903157618e-01,3.5932968284e-01,1.4775745147e-01,7.6892415437e-02,1.0747471796e-01,2.7055123886e+00
4.9950000000e+02,1.2785054404e-02,1.6573026125e-02,2.7610756549e-01,3.6062950734e-01,1.4708982674e-01,7.8086260689e-02,1.0872875921e-01,2.7155465835e+00
5.0000000000e+02,1.3004789236e-02,1.6653226493e-02,2.7389999786e-01,3.6056216335e-01,1.4631055950e-01,7.9579807049e-02,1.0998945652e-01,2.7288647342e+00
5.0050000000e+02,1.3057330105e-02,1.6608761937e-02,2.6905004146e-01,3.6237376169e-01,1.4786841360e-01,7.9930078405e-02,1.1111161280e-01,2.7366051042e+00
5.0100000000e+02,1.2969971562e-02,1.6589990965e-02,2.6496870998e-01,3.6420983624e-01,1.4690292934e-01,8.0960474733e-02,1.1339808718e-01,2.7430235128e+00
5.0150000000e+02,1.2904647449e-02,1.6660635786e-02,2.5924239234e-01,3.6630611675e-01,1.4704394578e-01,8.3935044996e-02,1.1390721690e-01,2.7511930469e+00
5.0200000000e+02,1.2905806677e-02,1.6589601917e-02,2.5695042350e-01,3.6784427388e-01,1.4645297908e-01,8.5288919817e-02,1.1396799513e-01,2.7586440259e+00
5.0250000000e+02,1.3121610032e-02,1.6480815435e-02,2.5395406941e-01,3.6869410028e-01,1.4701941736e-01,8.6877800838e-02,1.1385218664e-01,2.7698030985e+00
5.0300000000e+02,1.3186656708e-02,1.6505080523e-02,2.4983942592e-01,3.7063485382e-01,1.4548866282e-01,8.9714071292e-02,1.1463124892e-01,2.7805892722e+00
5.0350000000e+02,1.3275418585e-02,1.6433044519e-02,2.4470933884e-01,3.7365796215e-01,1.4529069510e-01,9.0451800653e-02,1.1618174016e-01,2.7873545227e+00
5.0400000000e+02,1.3388058967e-02,1.6413642054e-02,2.4049049200e-01,3.7414335366e-01,1.4614110877e-01,9.1915800382e-02,1.1750754418e-01,2.7965010617e+00
5.0450000000e+02,1.3479635036e-02,1.6213997163e-02,2.3839476291e-01,3.7409689693e-01,1.4703815538e-01,9.2634057187e-02,1.1814249540e-01,2.8047110808e+00
5.0500000000e+02,1.3594479834e-02,1.6087345059e-02,2.3420208852e-01,3.7560909481e-01,1.4678981985e-01,9.4488256224e-02,1.1922891570e-01,2.8116226210e+00
5.0550000000e+02,1.3594711647e-02,1.6016626370e-02,2.3146051348e-01,3.7530628831e-01,1.4709936598e-01,9.6290821070e-02,1.2023167315e-01,2.8184888191e+00
5.0600000000e+02,1.3524909960e-02,1.6042817420e-02,2.2857188275e-01,3.7595585988e-01,1.4863710855e-01,9.7022109647e-02,1.2024531179e-01,2.8222841588e+00
5.0650000000e+02,1.3693619703e-02,1.5954716712e-02,2.2600071927e-01,3.7586131425e-01,1.4833089465e-01,9.8605415643e-02,1.2155331977e-01,2.8251469721e+00
5.0700000000e+02,1.3722088104e-02,1.5911874777e-02,2.2184183600e-01,3.7759096538e-01,1.4810446890e-01,9.9959190560e-02,1.2286957628e-01,2.8231633167e+00
5.0750000000e+02,1.3723168372e-02,1.5699365612e-02,2.1754876273e-01,3.7906049999e-01,1.4844273382e-01,1.0111079160e-01,1.2441467788e-01,2.8271045671e+00
5.0800000000e+02,1.3924612802e-02,1.5871296032e-02,2.1221933518e-01,3.8193938567e-01,1.4945918239e-01,1.0144116139e-01,1.2514502653e-01,2.8286824691e+00
5.0850000000e+02,1.4082175768e-02,1.5813643237e-02,2.0940859509e-01,3.8274071281e-01,1.4906897956e-01,1.0291141389e-01,1.2597447963e-01,2.8325405894e+00
5.0900000000e+02,1.4192766317e-02,1.5862027129e-02,2.0676546674e-01,3.8343093407e-01,1.4830222900e-01,1.0436712712e-01,1.2707944963e-01,2.8401555853e+00
5.0950000000e+02,1.4190366456e-02,1.5793722486e-02,2.0265290852e-01,3.8532376235e-01,1.4721894798e-01,1.0649748639e-01,1.2832280580e-01,2.8484165100e+00
5.1000000000e+02,1.4189345789e-02,1.5708474963e-02,1.9985331620e-01,3.8567512285e-01,1.4656867817e-01,1.0844216924e-01,1.2956289278e-01,2.8507379584e+00
5.1050000000e+02,1.4146388583e-02,1.5597033296e-02,1.9487380872e-01,3.8728193927e-01,1.4608949123e-01,1.0990023160e-01,1.3211110730e-01,2.8484432129e+00
5.1100000000e+02,1.4170964596e-02,1.5417994649e-02,1.9277391543e-01,3.8855562723e-01,1.4579072932e-01,1.1106098514e-01,1.3222978363e-01,2.8539523824e+00
5.1150000000e+02,1.4136702105e-02,1.5306469014e-02,1.8938321755e-01,3.9128722802e-01,1.4555091630e-01,1.1208694184e-01,1.3224852518e-01,2.8482057579e+00
5.1200000000e+02,1.4049968036e-02,1.5107016032e-02,1.8573519418e-01,3.9305964035e-01,1.4458395885e-01,1.1383787982e-01,1.3362634272e-01,2.8389417864e+00
5.1250000000e+02,1.3992570375e-02,1.4995190385e-02,1.8011849462e-01,3.9591600909e-01,1.4454117469e-01,1.1506415246e-01,1.3537240837e-01,2.8374575870e+00
5.1300000000e+02,1.3913168770e-02,1.4939964669e-02,1.7655782170e-01,3.9738503224e-01,1.4456702829e-01,1.1683510531e-01,1.3580187901e-01,2.8360974180e+00
5.1350000000e+02,1.3922700979e-02,1.4729917592e-02,1.7258647727e-01,4.0042534943e-01,1.4305249965e-01,1.1873889950e-01,1.3654415558e-01,2.8309155656e+00
5.1400000000e+02,1.3878205184e-02,1.4704355807e-02,1.7022144363e-01,4.0096423943e-01,1.4237807462e-01,1.2041663879e-01,1.3743704254e-01,2.8277048981e+00
5.1450000000e+02,1.3912686058e-02,1.4491762643e-02,1.6590840161e-01,4.0220320646e-01,1.4093645025e-01,1.2339291096e-01,1.3915458202e-01,2.8298226737e+00
5.1500000000e+02,1.3843419373e-02,1.4490275448e-02,1.6145413945e-01,4.0477743334e-01,1.3985842358e-01,1.2478444033e-01,1.4079186847e-01,2.8298544363e+00
5.1550000000e+02,1.3946924030e-02,1.4523037440e-02,1.5940463490e-01,4.0356424276e-01,1.3838495402e-01,1.2831628000e-01,1.4185992685e-01,2.8308436357e+00
5.1600000000e+02,1.3889926452e-02,1.4490366622e-02,1.5502592826e-01,4.0565179983e-01,1.3796228850e-01,1.3060969114e-01,1.4236999921e-01,2.8271292082e+00
5.1650000000e+02,1.4042022843e-02,1.4436567851e-02,1.5189722092e-01,4.0402819184e-01,1.3947522449e-01,1.3162702569e-01,1.4449374636e-01,2.8363082825e+00
5.1700000000e+02,1.3969976120e-02,1.4182517554e-02,1.4889355792e-01,4.0533187862e-01,1.3928414578e-01,1.3330984880e-01,1.4502807520e-01,2.8259748943e+00
5.1750000000e+02,1.3997921589e-02,1.4149486605e-02,1.4622176118e-01,4.0546198599e-01,1.4063096431e-01,1.3320045824e-01,1.4633742209e-01,2.8187825249e+00
5.1800000000e+02,1.3975757373e-02,1.4137634442e-02,1.4311402376e-01,4.0690509680e-01,1.4082300260e-01,1.3378655984e-01,1.4725792519e-01,2.8151927260e+00
5.1850000000e+02,1.4095515185e-02,1.3964604044e-02,1.4105031586e-01,4.0614659490e-01,1.4166005838e-01,1.3490693290e-01,1.4817597872e-01,2.8176740079e+00
5.1900000000e+02,1.4158673497e-02,1.3862326479e-02,1.3692479429e-01,4.0601135887e-01,1.4340935972e-01,1.3594621702e-01,1.4968727012e-01,2.8200143485e+00
5.1950000000e+02,1.4192942137e-02,1.3748238251e-02,1.3521159614e-01,4.0428525595e-01,1.4334326144e-01,1.3789839448e-01,1.5132031159e-01,2.8216118864e+00
5.2000000000e+02,1.4095201410e-02,1.3493499566e-02,1.3181103579e-01,4.0429243936e-01,1.4390734546e-01,1.3912300451e-01,1.5327747390e-01,2.8102996558e+00
5.2050000000e+02,1.4024552702e-02,1.3287775384e-02,1.3027009834e-01,4.0319702758e-01,1.4307875439e-01,1.4082262814e-01,1.5531916346e-01,2.8051185518e+00
5.2100000000e+02,1.3924766016e-02,1.3195114343e-02,1.2737725313e-01,4.0138243583e-01,1.4317517198e-01,1.4291455999e-01,1.5803069871e-01,2.8022577649e+00
5.2150000000e+02,1.4005407203e-02,1.3068382673e-02,1.2523529497e-01,4.0134828720e-01,1.4263914396e-01,1.4526949200e-01,1.5843399200e-01,2.8021631411e+00
5.2200000000e+02,1.4245881977e-02,1.3137530340e-02,1.2210949990e-01,4.0007521006e-01,1.4303107019e-01,1.4791265614e-01,1.5948815139e-01,2.8055068248e+00
5.2250000000e+02,1.4306016923e-02,1.3005693627e-02,1.1889558857e-01,4.0072609932e-01,1.4188544198e-01,1.4948163002e-01,1.6169952957e-01,2.7978803121e+00
5.2300000000e+02,1.4266866650e-02,1.2946768501e-02,1.1638879098e-01,4.0032603787e-01,1.4223134838e-01,1.5115750845e-01,1.6268267917e-01,2.7900786400e+00
5.2350000000e+02,1.4271296854e-02,1.2784614819e-02,1.1450377422e-01,3.9836793734e-01,1.4320450030e-01,1.5200176023e-01,1.6486611623e-01,2.7843909234e+00
5.2400000000e+02,1.4181948039e-02,1.2942035366e-02,1.1168623856e-01,3.9576824753e-01,1.4349343923e-01,1.5440735288e-01,1.6752073840e-01,2.7810991891e+00
5.2450000000e+02,1.4304806977e-02,1.2938497598e-02,1.0946173328e-01,3.9414268977e-01,1.4431012181e-01,1.5590859346e-01,1.6893355710e-01,2.7761371953e+00
5.2500000000e+02,1.4399777892e-02,1.2873889694e-02,1.0666555616e-01,3.9287202233e-01,1.4556426326e-01,1.5634466002e-01,1.7127983065e-01,2.7725373382e+00
5.2550000000e+02,1.4460260869e-02,1.2810260710e-02,1.0528940953e-01,3.9071539219e-01,1.4650459669e-01,1.5855700446e-01,1.7166307556e-01,2.7610666756e+00
5.2600000000e+02,1.4469869370e-02,1.2803424628e-02,1.0236399786e-01,3.8938183406e-01,1.4809788518e-01,1.5927070601e-01,1.7361228289e-01,2.7530621530e+00
5.2650000000e+02,1.4521148857e-02,1.2702801619e-02,1.0046282008e-01,3.8783812532e-01,1.4868611649e-01,1.5994237281e-01,1.7584661482e-01,2.7427172520e+00
5.2700000000e+02,1.4497556250e-02,1.2527755899e-02,9.7608547929e-02,3.8837888190e-01,1.4837603313e-01,1.6133180394e-01,1.7727942096e-01,2.7301281744e+00
5.2750000000e+02,1.4556155081e-02,1.2527965778e-02,9.5768335489e-02,3.8772165984e-01,1.4882515245e-01,1.6209417468e-01,1.7850655668e-01,2.7225466011e+00
5.2800000000e+02,1.4650407875e-02,1.2351085602e-02,9.3133672405e-02,3.8818106520e-01,1.4866603406e-01,1.6403103529e-01,1.7898669957e-01,2.7178313475e+00
5.2850000000e+02,1.4466083386e-02,1.2288152929e-02,9.1299622309e-02,3.8823700197e-01,1.4760850094e-01,1.6644613881e-01,1.7965449966e-01,2.7030519679e+00
5.2900000000e+02,1.4437805326e-02,1.2077784270e-02,8.9612963701e-02,3.8796755226e-01,1.4796321428e-01,1.6800040744e-01,1.7994027272e-01,2.6977074973e+00
5.2950000000e+02,1.4581404110e-02,1.1833868627e-02,8.7505058229e-02,3.8729049830e-01,1.4762865944e-01,1.7016630230e-01,1.8099420899e-01,2.6911034174e+00
5.3000000000e+02,1.4751614971e-02,1.1855760384e-02,8.6611080205e-02,3.8311300569e-01,1.4949725832e-01,1.7104525623e-01,1.8312602420e-01,2.6933611383e+00
5.3050000000e+02,1.4853440652e-02,1.1804583920e-02,8.4472899533e-02,3.8275272148e-01,1.5012959663e-01,1.7189406573e-01,1.8409269205e-01,2.6830051094e+00
5.3100000000e+02,1.4778716518e-02,1.1781754763e-02,8.2764942750e-02,3.8165831417e-01,1.5031703381e-01,1.7197289166e-01,1.8672634633e-01,2.6693974862e+00
5.3150000000e+02,1.4912057686e-02,1.1621925870e-02,8.1422302686e-02,3.8241054102e-01,1.5038950633e-01,1.7321772856e-01,1.8602593785e-01,2.6583843236e+00
5.3200000000e+02,1.4747813110e-02,1.1522509150e-02,7.9460512799e-02,3.8395758668e-01,1.5017438243e-01,1.7424296795e-01,1.8589422788e-01,2.6346854421e+00
5.3250000000e+02,1.4814925309e-02,1.1342045634e-02,7.7877525269e-02,3.8333861583e-01,1.5081105390e-01,1.7453117941e-01,1.8728465465e-01,2.6180592467e+00
5.3300000000e+02,1.4911646467e-02,1.1295660649e-02,7.6415597284e-02,3.8217095682e-01,1.5114652340e-01,1.7554616786e-01,1.8851344753e-01,2.6062941991e+00
5.3350000000e+02,1.4931592188e-02,1.1290907206e-02,7.3795327892e-02,3.8156129225e-01,1.5297526555e-01,1.7619715286e-01,1.8924846206e-01,2.5956403851e+00
5.3400000000e+02,1.5076344065e-02,1.1239316718e-02,7.3026757423e-02,3.7976181833e-01,1.5445920313e-01,1.7735179313e-01,1.8908476720e-01,2.5908560479e+00
5.3450000000e+02,1.5292595470e-02,1.1330286450e-02,7.1067934441e-02,3.8059779180e-01,1.5569785779e-01,1.7760671238e-01,1.8840682168e-01,2.5835516490e+00
5.3500000000e+02,1.5269946280e-02,1.1222005915e-02,6.9422426960e-02,3.8104726472e-01,1.5579709578e-01,1.7902301684e-01,1.8821824350e-01,2.5707980307e+00
5.3550000000e+02,1.5132137154e-02,1.1180872033e-02,6.7505869047e-02,3.8258982776e-01,1.5527840966e-01,1.8113969419e-01,1.8717319015e-01,2.5549184340e+00
5.3600000000e+02,1.4959495455e-02,1.1016452934e-02,6.6177312237e-02,3.8154136101e-01,1.5534522406e-01,1.8264431465e-01,1.8831583966e-01,2.5429638192e+00
5.3650000000e+02,1.4961738723e-02,1.0959907522e-02,6.5008217985e-02,3.8158179900e-01,1.5450210378e-01,1.8416748433e-01,1.8881874865e-01,2.5273937873e+00
5.3700000000e+02,1.5074435267e-02,1.0942349135e-02,6.3715965391e-02,3.8157969996e-01,1.5366464024e-01,1.8539026725e-01,1.8963264275e-01,2.5154284938e+00
5.3750000000e+02,1.5188834725e-02,1.0860755790e-02,6.2910506844e-02,3.7968306655e-01,1.5348450846e-01,1.8712211411e-01,1.9075021353e-01,2.5074620577e+00
5.3800000000e+02,1.5205589306e-02,1.0790682136e-02,6.2453404169e-02,3.7842859659e-01,1.5309677080e-01,1.8875917437e-01,1.9126578264e-01,2.4968981922e+00
5.3850000000e+02,1.5301602967e-02,1.0880181501e-02,6.2388324945e-02,3.7715924723e-01,1.5338064285e-01,1.8924312248e-01,1.9164687803e-01,2.4946001278e+00
5.3900000000e+02,1.5023128255e-02,1.0730936861e-02,6.2430761188e-02,3.7733772570e-01,1.5349511531e-01,1.9068547088e-01,1.9029686180e-01,2.4782052307e+00
5.3950000000e+02,1.4970305155e-02,1.0590495581e-02,6.0612971861e-02,3.7943885008e-01,1.5396404472e-01,1.9049471552e-01,1.8992861709e-01,2.4644315177e+00
5.4000000000e+02,1.5034475588e-02,1.0497789790e-02,5.9536700941e-02,3.7960239395e-01,1.5469638727e-01,1.9113720362e-01,1.8949504884e-01,2.4533925529e+00
5.4050000000e+02,1.5141541987e-02,1.0488487675e-02,5.9184461692e-02,3.7876302219e-01,1.5444587516e-01,1.9044203970e-01,1.9153457160e-01,2.4405901645e+00
5.4100000000e+02,1.5217157566e-02,1.0387659661e-02,5.8970634203e-02,3.7996635268e-01,1.5444146506e-01,1.8987541184e-01,1.9114131900e-01,2.4258713251e+00
5.4150000000e+02,1.5156623010e-02,1.0292920879e-02,5.8044185861e-02,3.7888885003e-01,1.5432874570e-01,1.9046462579e-01,1.9282404873e-01,2.4142996363e+00
5.4200000000e+02,1.5089386412e-02,1.0199568429e-02,5.7436328275e-02,3.7702612792e-01,1.5583854819e-01,1.9023949870e-01,1.9417054207e-01,2.4130987811e+00
5.4250000000e+02,1.4807633525e-02,1.0007811821e-02,5.6918504037e-02,3.7344822723e-01,1.5621692176e-01,1.9063849874e-01,1.9796240288e-01,2.4152311237e+00
5.4300000000e+02,1.4554229981e-02,9.7808680785e-03,5.6868130686e-02,3.7309835988e-01,1.5721677425e-01,1.9019017246e-01,1.9829146467e-01,2.4116426362e+00
5.4350000000e+02,1.4342774514e-02,9.7139456325e-03,5.6933616687e-02,3.7086716094e-01,1.5707519287e-01,1.9079215938e-01,2.0027514998e-01,2.4122559085e+00
5.4400000000e+02,1.4290995836e-02,9.6230490209e-03,5.6816845161e-02,3.7205947484e-01,1.5655438825e-01,1.9098211876e-01,1.9967312812e-01,2.4154679290e+00
5.4450000000e+02,1.4242625260e-02,9.5602501479e-03,5.6212069434e-02,3.7341772614e-01,1.5674565582e-01,1.9136902616e-01,1.9845264703e-01,2.4204816127e+00
5.4500000000e+02,1.4288124745e-02,9.6137426624e-03,5.5874334769e-02,3.7277187714e-01,1.5677364986e-01,1.9104946363e-01,1.9962880718e-01,2.4284500325e+00
5.4550000000e+02,1.4150284920e-02,9.4870767728e-03,5.5683971194e-02,3.7521834553e-01,1.5571599548e-01,1.9094053928e-01,1.9880378682e-01,2.4272490242e+00
5.4600000000e+02,1.4136033215e-02,9.3290451179e-03,5.5219644968e-02,3.7683727368e-01,1.5630730332e-01,1.9046228608e-01,1.9770841362e-01,2.4299639542e+00
5.4650000000e+02,1.4026479655e-02,9.2316548787e-03,5.5199641200e-02,3.7740021012e-01,1.5672639109e-01,1.9032370862e-01,1.9709191443e-01,2.4345003188e+00
5.4700000000e+02,1.3855968107e-02,9.2632301128e-03,5.5415970563e-02,3.7894614425e-01,1.5721215792e-01,1.8994073246e-01,1.9536579659e-01,2.4362031858e+00
5.4750000000e+02,1.3746209857e-02,9.2712139644e-03,5.5906551651e-02,3.7955208348e-01,1.5820706527e-01,1.8985152975e-01,1.9346534603e-01,2.4429762541e+00
5.4800000000e+02,1.3484808085e-02,9.1517287303e-03,5.5955178310e-02,3.7853838210e-01,1.5762669781e-01,1.9016420590e-01,1.9507899906e-01,2.4495767199e+00
5.4850000000e+02,1.3394453960e-02,9.1154321253e-03,5.5521667076e-02,3.7810602512e-01,1.5728242379e-01,1.8969671285e-01,1.9688328508e-01,2.4562207649e+00
5.4900000000e+02,1.3430792085e-02,9.0751771570e-03,5.6121627597e-02,3.7759548193e-01,1.5856875165e-01,1.8949324695e-01,1.9571492263e-01,2.4653673617e+00
5.4950000000e+02,1.3452032301e-02,9.1239776596e-03,5.6723077254e-02,3.7682300100e-01,1.5904183875e-01,1.8814672283e-01,1.9668935021e-01,2.4762804478e+00
5.5000000000e+02,1.3478108007e-02,9.1846768084e-03,5.6962853901e-02,3.7747984451e-01,1.5946320562e-01,1.8738136042e-01,1.9604995073e-01,2.4855985850e+00
5.5050000000e+02,1.3415921358e-02,9.1918509112e-03,5.7778871209e-02,3.7966313884e-01,1.6060249972e-01,1.8599253448e-01,1.9335518349e-01,2.4920793638e+00
5.5100000000e+02,1.3391798824e-02,9.2362918567e-03,5.8137847524e-02,3.8132315833e-01,1.6049274355e-01,1.8479589626e-01,1.9262226366e-01,2.4982739847e+00
5.5150000000e+02,1.3267061150e-02,9.1662652510e-03,5.8508221691e-02,3.8294380098e-01,1.5992410457e-01,1.8432330300e-01,1.9186724335e-01,2.5069924950e+00
5.5200000000e+02,1.3295261999e-02,9.2317188843e-03,5.9623338258e-02,3.8328728455e-01,1.6115702086e-01,1.8197986801e-01,1.9142550743e-01,2.5117970151e+00
5.5250000000e+02,1.3233978572e-02,9.1283912244e-03,6.0217392496e-02,3.8443578311e-01,1.6104115713e-01,1.8178589727e-01,1.9015740019e-01,2.5206166452e+00
5.5300000000e+02,1.2957573335e-02,8.9790969820e-03,6.1199918724e-02,3.8444475818e-01,1.6071791328e-01,1.8140790270e-01,1.9029283679e-01,2.5302392319e+00
5.5350000000e+02,1.2896767626e-02,8.8529812118e-03,6.1732749403e-02,3.8511157481e-01,1.6126195337e-01,1.8126352968e-01,1.8888044390e-01,2.5376555285e+00
5.5400000000e+02,1.2799232335e-02,8.7207614613e-03,6.1946626696e-02,3.8717176195e-01,1.6129645400e-01,1.8218965958e-01,1.8587550398e-01,2.5458493932e+00
5.5450000000e+02,1.2776724729e-02,8.7054710461e-03,6.2856999891e-02,3.8986795321e-01,1.6126737736e-01,1.8067569330e-01,1.8384978047e-01,2.5501431375e+00
5.5500000000e+02,1.2468090873e-02,8.7400604853e-03,6.4006691255e-02,3.9020114933e-01,1.5984953412e-01,1.8008453976e-01,1.8464993418e-01,2.5559501044e+00
5.5550000000e+02,1.2278711960e-02,8.6248185985e-03,6.4227715297e-02,3.9048737252e-01,1.6042413437e-01,1.7978975752e-01,1.8416748973e-01,2.5590710038e+00
5.5600000000e+02,1.2137507941e-02,8.6599996531e-03,6.5125677297e-02,3.8989558466e-01,1.5979864290e-01,1.7778326356e-01,1.8659932400e-01,2.5643353659e+00
5.5650000000e+02,1.2064036583e-02,8.7134822195e-03,6.6135146152e-02,3.8780833651e-01,1.6041524028e-01,1.7759903371e-01,1.8726472455e-01,2.5753411429e+00
5.5700000000e+02,1.1884635866e-02,8.5837069753e-03,6.7377599956e-02,3.8803493221e-01,1.6104782851e-01,1.7565929840e-01,1.8741199808e-01,2.5804767153e+00
5.5750000000e+02,1.1848562393e-02,8.4948187305e-03,6.8876408294e-02,3.8806616348e-01,1.6144044342e-01,1.7424027563e-01,1.8703332806e-01,2.5842387955e+00
5.5800000000e+02,1.1888849805e-02,8.4883081471e-03,6.9233696611e-02,3.8779961280e-01,1.6195117235e-01,1.7388681449e-01,1.8675154580e-01,2.5989868907e+00
5.5850000000e+02,1.1909074217e-02,8.6550632857e-03,7.0202454311e-02,3.8804534835e-01,1.6407283466e-01,1.7197635245e-01,1.8513887273e-01,2.6090811365e+00
5.5900000000e+02,1.1754685966e-02,8.6151641748e-03,7.1457693100e-02,3.8800722394e-01,1.6451068530e-01,1.7079790143e-01,1.8485664609e-01,2.6189900890e+00
5.5950000000e+02,1.1665346759e-02,8.5809768049e-03,7.3050495980e-02,3.8771145863e-01,1.6427433856e-01,1.7021161652e-01,1.8450576675e-01,2.6238508255e+00
5.6000000000e+02,1.1548506540e-02,8.4901726993e-03,7.3830052132e-02,3.8779327556e-01,1.6469135668e-01,1.6975671215e-01,1.8388992424e-01,2.6244228803e+00
5.6050000000e+02,1.1464362099e-02,8.4646499236e-03,7.4766239186e-02,3.8672088406e-01,1.6741467338e-01,1.6718329747e-01,1.8398589388e-01,2.6347274832e+00
5.6100000000e+02,1.1328745721e-02,8.3849564190e-03,7.6542938670e-02,3.8640320903e-01,1.6761178658e-01,1.6639598370e-01,1.8333237988e-01,2.6392534995e+00
5.6150000000e+02,1.1301310132e-02,8.1990413702e-03,7.7318997192e-02,3.8700084797e-01,1.7028066130e-01,1.6422309978e-01,1.8167604225e-01,2.6450341108e+00
5.6200000000e+02,1.1172098597e-02,8.1319151523e-03,7.7931894514e-02,3.8904100804e-01,1.7090379938e-01,1.6197678011e-01,1.8084250420e-01,2.6430348788e+00
5.6250000000e+02,1.1080669755e-02,8.1240397448e-03,8.0298587337e-02,3.8789667566e-01,1.7278339957e-01,1.5855856089e-01,1.8125806704e-01,2.6460667768e+00
5.6300000000e+02,1.0939799673e-02,8.1726099778e-03,8.1538287200e-02,3.8816626339e-01,1.7424556041e-01,1.5587084339e-01,1.8106663596e-01,2.6511714756e+00
5.6350000000e+02,1.0924390369e-02,8.1470388220e-03,8.2748299072e-02,3.8590562923e-01,1.7626863941e-01,1.5437644547e-01,1.8162955763e-01,2.6592832595e+00
5.6400000000e+02,1.0927605925e-02,8.1490582551e-03,8.3805991407e-02,3.8622236461e-01,1.7722635298e-01,1.5275241040e-01,1.8091621644e-01,2.6593736323e+00
5.6450000000e+02,1.0812757411e-02,8.2223171347e-03,8.5155364708e-02,3.8660837097e-01,1.7871248467e-01,1.5083924890e-01,1.7964945620e-01,2.6600909848e+00
5.6500000000e+02,1.0766404440e-02,8.1603207997e-03,8.6126930412e-02,3.8746750023e-01,1.8068098397e-01,1.4847582999e-01,1.7832203016e-01,2.6635134423e+00
5.6550000000e+02,1.0835569825e-02,8.1943238795e-03,8.6608077486e-02,3.8830561675e-01,1.8181341070e-01,1.4543516402e-01,1.7880783734e-01,2.6647610785e+00
5.6600000000e+02,1.0735484444e-02,8.2847740988e-03,8.7900094915e-02,3.9016457035e-01,1.8069187265e-01,1.4545436033e-01,1.7676884322e-01,2.6714767224e+00
5.6650000000e+02,1.0704870763e-02,8.2285915694e-03,8.9601400382e-02,3.8832219883e-01,1.8312182639e-01,1.4357999820e-01,1.7644111386e-01,2.6794776474e+00
5.6700000000e+02,1.0714749174e-02,8.2892431442e-03,9.0362892502e-02,3.8855874506e-01,1.8552594049e-01,1.4204420236e-01,1.7450422726e-01,2.6868407247e+00
5.6750000000e+02,1.0630101648e-02,8.3188771784e-03,9.1996800448e-02,3.8884154857e-01,1.8577338470e-01,1.4026282245e-01,1.7417646501e-01,2.6887753116e+00
5.6800000000e+02,1.0603636932e-02,8.3323744375e-03,9.4066281631e-02,3.8811517057e-01,1.8856100163e-01,1.3731834470e-01,1.7300319010e-01,2.6943264599e+00
5.6850000000e+02,1.0498367571e-02,8.4468337934e-03,9.5788189901e-02,3.8717512758e-01,1.9006256277e-01,1.3525480400e-01,1.7277411438e-01,2.7006917867e+00
5.6900000000e+02,1.0496126747e-02,8.6212564198e-03,9.7862419343e-02,3.8783029601e-01,1.9113096244e-01,1.3362088863e-01,1.7043805041e-01,2.7060834266e+00
5.6950000000e+02,1.0476774744e-02,8.7108090456e-03,9.8750153921e-02,3.8869849167e-01,1.9296950006e-01,1.3251209737e-01,1.6788217319e-01,2.7096522764e+00
5.7000000000e+02,1.0423940098e-02,8.7077562707e-03,1.0033783771e-01,3.8884516378e-01,1.9489638218e-01,1.3083822199e-01,1.6595069796e-01,2.7078397358e+00
5.7050000000e+02,1.0347908564e-02,8.8187350589e-03,1.0090027897e-01,3.9049737236e-01,1.9702028242e-01,1.2746376188e-01,1.6495166074e-01,2.7068840676e+00
5.7100000000e+02,1.0263543648e-02,8.7381689635e-03,1.0220906703e-01,3.9063433659e-01,1.9746360147e-01,1.2628565929e-01,1.6440562300e-01,2.7086631327e+00
5.7150000000e+02,1.0133815491e-02,8.8841481610e-03,1.0304896551e-01,3.9117678833e-01,1.9733833323e-01,1.2576865310e-01,1.6364929618e-01,2.7123636803e+00
5.7200000000e+02,1.0117281906e-02,8.8391506395e-03,1.0457202793e-01,3.9139002038e-01,1.9751762703e-01,1.2524811772e-01,1.6231577439e-01,2.7145761626e+00
5.7250000000e+02,1.0052325262e-02,8.8422321723e-03,1.0677606289e-01,3.8895250234e-01,1.9880619978e-01,1.2384670747e-01,1.6272397008e-01,2.7225184329e+00
5.7300000000e+02,9.9723311141e-03,8.7043648593e-03,1.0693067621e-01,3.9099210841e-01,1.9974728681e-01,1.2304576883e-01,1.6060746377e-01,2.7249311848e+00
5.7350000000e+02,9.9192235297e-03,8.7727600138e-03,1.0764563599e-01,3.9240270552e-01,2.0090823438e-01,1.2117315066e-01,1.5917828991e-01,2.7248407906e+00
5.7400000000e+02,9.7968407218e-03,8.5857107421e-03,1.0886086118e-01,3.9195082882e-01,2.0059179457e-01,1.2072134642e-01,1.5949261754e-01,2.7264100192e+00
5.7450000000e+02,9.7211237173e-03,8.6008197527e-03,1.1034921526e-01,3.9109811953e-01,2.0139585044e-01,1.1798078278e-01,1.6085408852e-01,2.7269124013e+00
5.7500000000e+02,9.6252671170e-03,8.4750771614e-03,1.1277371971e-01,3.9077583703e-01,2.0242635901e-01,1.1584495014e-01,1.6007878984e-01,2.7334750058e+00
5.7550000000e+02,9.5733389040e-03,8.5093162322e-03,1.1389366553e-01,3.9119034385e-01,2.0339553707e-01,1.1424014153e-01,1.5919765688e-01,2.7414234154e+00
5.7600000000e+02,9.4838546088e-03,8.3468336791e-03,1.1530665804e-01,3.8959818554e-01,2.0623767183e-01,1.1205650495e-01,1.5897029135e-01,2.7463773369e+00
5.7650000000e+02,9.3042014540e-03,8.1248285602e-03,1.1648279675e-01,3.9050083993e-01,2.0858764072e-01,1.0937655827e-01,1.5762313431e-01,2.7378996975e+00
5.7700000000e+02,9.1937680535e-03,8.1120440116e-03,1.1719527197e-01,3.9022571213e-01,2.0975873809e-01,1.0722121944e-01,1.5829324631e-01,2.7400213278e+00
5.7750000000e+02,9.1538723536e-03,8.1158749687e-03,1.1824359806e-01,3.9184876127e-01,2.0948093542e-01,1.0458784308e-01,1.5856911485e-01,2.7350196305e+00
5.7800000000e+02,9.1979566507e-03,7.9892165436e-03,1.1951631212e-01,3.9379771591e-01,2.0990350340e-01,1.0271303306e-01,1.5688226231e-01,2.7317435303e+00
5.7850000000e+02,9.0966974495e-03,8.1379850228e-03,1.2075059894e-01,3.9587198078e-01,2.1018144796e-01,1.0122656428e-01,1.5473472556e-01,2.7351370666e+00
5.7900000000e+02,9.0398409574e-03,8.1359272236e-03,1.2295139955e-01,3.9677323302e-01,2.1113025086e-01,9.8197496982e-02,1.5377185140e-01,2.7320903633e+00
5.7950000000e+02,8.9398390568e-03,8.2178667879e-03,1.2312621562e-01,3.9604485311e-01,2.1282398786e-01,9.6655706785e-02,1.5419153077e-01,2.7338935825e+00
5.8000000000e+02,8.8948734869e-03,8.1037631805e-03,1.2465077995e-01,3.9695040287e-01,2.1382142998e-01,9.4843453804e-02,1.5273529673e-01,2.7337010321e+00
5.8050000000e+02,8.8324172503e-03,8.1576309394e-03,1.2606980520e-01,3.9657394755e-01,2.1585591279e-01,9.2652309574e-02,1.5185797668e-01,2.7373223249e+00
5.8100000000e+02,8.7352704948e-03,8.2043845778e-03,1.2764757423e-01,3.9576287842e-01,2.1795832857e-01,9.0173207547e-02,1.5151835616e-01,2.7412285080e+00
5.8150000000e+02,8.7156252806e-03,8.3038770054e-03,1.2912086846e-01,3.9445327788e-01,2.1997751587e-01,8.8698878279e-02,1.5072995723e-01,2.7465223872e+00
5.8200000000e+02,8.6463149420e-03,8.5360925335e-03,1.3038265051e-01,3.9621301655e-01,2.2031873479e-01,8.7070756880e-02,1.4883243380e-01,2.7447179722e+00
5.8250000000e+02,8.5439625398e-03,8.5749788579e-03,1.3370239479e-01,3.9562207434e-01,2.2166224439e-01,8.5047984600e-02,1.4684636048e-01,2.7469220980e+00
5.8300000000e+02,8.4615232786e-03,8.6593932954e-03,1.3570635564e-01,3.9563200438e-01,2.2277567044e-01,8.3509856181e-02,1.4525519677e-01,2.7458484060e+00
5.8350000000e+02,8.3435881828e-03,8.6578924331e-03,1.3703682413e-01,3.9692017780e-01,2.2333706210e-01,8.1701943053e-02,1.4400251230e-01,2.7454979725e+00
5.8400000000e+02,8.3062990906e-03,8.7259308369e-03,1.3741343552e-01,3.9803119827e-01,2.2443988777e-01,7.8976660684e-02,1.4410658783e-01,2.7453314897e+00
5.8450000000e+02,8.1910533914e-03,8.8673891159e-03,1.3769416750e-01,3.9907313076e-01,2.2418178682e-01,7.7407489352e-02,1.4458498306e-01,2.7448212784e+00
5.8500000000e+02,8.1110309270e-03,8.7529028706e-03,1.3969944168e-01,3.9842158100e-01,2.2447489293e-01,7.6767752204e-02,1.4377239838e-01,2.7444944574e+00
5.8550000000e+02,7.9610281762e-03,8.5365518911e-03,1.4203688816e-01,3.9851099444e-01,2.2474731550e-01,7.4051496722e-02,1.4415572512e-01,2.7398392080e+00
5.8600000000e+02,8.0235843837e-03,8.6367928905e-03,1.4409137482e-01,3.9791129925e-01,2.2425374331e-01,7.2660619693e-02,1.4442258565e-01,2.7444955109e+00
5.8650000000e+02,7.9412255977e-03,8.6082153277e-03,1.4595948493e-01,3.9855904935e-01,2.2328238286e-01,7.1246492318e-02,1.4440314962e-01,2.7400434158e+00
5.8700000000e+02,7.9459847548e-03,8.6538438546e-03,1.4745337016e-01,3.9899586555e-01,2.2206158328e-01,7.0128022962e-02,1.4476132944e-01,2.7421694797e+00
5.8750000000e+02,7.9391925954e-03,8.5817535538e-03,1.4913305144e-01,3.9959578508e-01,2.2288604126e-01,6.7856815982e-02,1.4400736010e-01,2.7386488427e+00
5.8800000000e+02,7.9989857810e-03,8.5676457405e-03,1.5022201175e-01,3.9808451214e-01,2.2590058302e-01,6.5054574142e-02,1.4417168743e-01,2.7452298542e+00
5.8850000000e+02,7.9927693859e-03,8.6675030559e-03,1.5204994329e-01,3.9868971971e-01,2.2612080128e-01,6.3305975462e-02,1.4317328782e-01,2.7448600309e+00
5.8900000000e+02,7.9625559373e-03,8.8019107784e-03,1.5296169633e-01,4.0027350440e-01,2.2586785734e-01,6.1666516081e-02,1.4246595913e-01,2.7462122916e+00
5.8950000000e+02,7.9482532583e-03,8.9115695127e-03,1.5382295510e-01,4.0129845671e-01,2.2638216177e-01,5.9346884561e-02,1.4228971909e-01,2.7406880976e+00
5.9000000000e+02,7.9402974567e-03,8.8591566402e-03,1.5628472724e-01,4.0054007158e-01,2.2717002718e-01,5.7447620545e-02,1.4175809936e-01,2.7406905473e+00
5.9050000000e+02,7.8843264370e-03,8.7339868515e-03,1.5732102034e-01,4.0138487350e-01,2.2712656277e-01,5.6538294730e-02,1.4101093538e-01,2.7392671632e+00
5.9100000000e+02,7.8068893156e-03,8.6178825622e-03,1.5783589829e-01,4.0238791603e-01,2.2820767134e-01,5.4589047608e-02,1.4055469486e-01,2.7343991463e+00
5.9150000000e+02,7.8610826786e-03,8.7964466651e-03,1.5880920267e-01,4.0316879027e-01,2.2806812538e-01,5.2699221423e-02,1.4059713092e-01,2.7303560466e+00
5.9200000000e+02,7.7513761223e-03,8.6562795436e-03,1.5809547327e-01,4.0577500152e-01,2.3048841494e-01,5.0196885688e-02,1.3903656891e-01,2.7196414643e+00
5.9250000000e+02,7.7256088084e-03,8.8193693288e-03,1.5960786734e-01,4.0531089020e-01,2.3158051129e-01,4.8956229089e-02,1.3799952394e-01,2.7225911182e+00
5.9300000000e+02,7.6951574356e-03,8.8564577510e-03,1.6132042610e-01,4.0594312185e-01,2.3113518013e-01,4.7632914498e-02,1.3741674223e-01,2.7208996013e+00
5.9350000000e+02,7.6929409110e-03,8.9060242457e-03,1.6349965601e-01,4.0401544375e-01,2.3294166896e-01,4.5683025697e-02,1.3726124043e-01,2.7249884858e+00
5.9400000000e+02,7.5272258635e-03,8.7934869584e-03,1.6421109402e-01,4.0631354593e-01,2.3429786673e-01,4.2939885107e-02,1.3591689539e-01,2.7152427786e+00
5.9450000000e+02,7.4948829787e-03,8.7044447261e-03,1.6433912451e-01,4.0909892961e-01,2.3535012263e-01,4.0970452002e-02,1.3404204354e-01,2.7102409682e+00
5.9500000000e+02,7.4191941471e-03,8.6093568727e-03,1.6586403656e-01,4.0952043865e-01,2.3601609395e-01,3.9668079064e-02,1.3290280076e-01,2.7110011943e+00
5.9550000000e+02,7.4229388715e-03,8.6521425995e-03,1.6795690725e-01,4.1016670411e-01,2.3745379490e-01,3.7924826655e-02,1.3042268562e-01,2.7104520974e+00
5.9600000000e+02,7.4515754136e-03,8.6804072747e-03,1.7006258705e-01,4.1036846271e-01,2.3636628263e-01,3.6704966363e-02,1.3036571855e-01,2.7064301523e+00
5.9650000000e+02,7.3866684182e-03,8.7762233926e-03,1.7087351054e-01,4.1080997961e-01,2.3718746472e-01,3.5314275330e-02,1.2965187799e-01,2.7089295040e+00
5.9700000000e+02,7.3011764710e-03,8.8199446547e-03,1.7239294253e-01,4.1239588202e-01,2.3685697785e-01,3.3907560784e-02,1.2832551570e-01,2.7047596458e+00
5.9750000000e+02,7.2640917217e-03,8.6582159379e-03,1.7457402363e-01,4.1170843060e-01,2.3820904545e-01,3.1640231318e-02,1.2794596134e-01,2.6996057667e+00
5.9800000000e+02,7.1875101212e-03,8.5769797564e-03,1.7701150812e-01,4.1139848558e-01,2.3853172365e-01,2.9597279347e-02,1.2769651343e-01,2.6963524272e+00
5.9850000000e+02,7.2166076587e-03,8.5010900148e-03,1.7914387841e-01,4.1109847913e-01,2.3849144107e-01,2.8327050874e-02,1.2722145285e-01,2.6933328493e+00
5.9900000000e+02,7.1046594021e-03,8.4930655507e-03,1.8152682448e-01,4.1192876162e-01,2.3808399048e-01,2.6863721246e-02,1.2599897722e-01,2.6833987094e+00
5.9950000000e+02,6.9988230691e-03,8.5223827254e-03,1.8346461850e-01,4.1254705300e-01,2.3868776041e-01,2.5618831300e-02,1.2416053100e-01,2.6751709783e+00
6.0000000000e+02,6.9684792375e-03,8.5192471942e-03,1.8708598687e-01,4.1026770053e-01,2.3946860059e-01,2.4357783528e-02,1.2333220205e-01,2.6739272495e+00
6.0050000000e+02,6.8862998647e-03,8.5738422621e-03,1.8903245431e-01,4.1079607059e-01,2.3926344484e-01,2.3183327103e-02,1.2226456103e-01,2.6639138847e+00
6.0100000000e+02,6.9428776728e-03,8.6010803330e-03,1.9221656467e-01,4.0863433683e-01,2.4027722583e-01,2.2360658797e-02,1.2096725587e-01,2.6687633230e+00
6.0150000000e+02,6.9762341637e-03,8.4954870521e-03,1.9406053214e-01,4.0979076880e-01,2.4052817546e-01,2.1182450970e-02,1.1896635141e-01,2.6591473513e+00
6.0200000000e+02,6.9099722304e-03,8.4020558124e-03,1.9583609363e-01,4.1049901403e-01,2.4114450623e-01,2.0045022222e-02,1.1716333584e-01,2.6562170029e+00
6.0250000000e+02,6.8916315335e-03,8.3594199810e-03,1.9732777251e-01,4.1196955392e-01,2.4101956646e-01,1.8933514472e-02,1.1549854112e-01,2.6467771747e+00
6.0300000000e+02,6.8953758460e-03,8.4000478790e-03,1.9952884236e-01,4.1129607951e-01,2.4163223988e-01,1.8042074775e-02,1.1420533975e-01,2.6484298322e+00
6.0350000000e+02,6.9147592226e-03,8.2355253276e-03,2.0126349225e-01,4.0859991143e-01,2.4230841235e-01,1.7225765196e-02,1.1545213423e-01,2.6528329648e+00
6.0400000000e+02,6.9646255390e-03,8.2255651084e-03,2.0349705236e-01,4.0812656462e-01,2.4269642185e-01,1.6172537102e-02,1.1431723342e-01,2.6470288311e+00
6.0450000000e+02,6.9720903379e-03,8.1848350357e-03,2.0620382469e-01,4.0518154082e-01,2.4328588437e-01,1.5487202716e-02,1.1468462203e-01,2.6526174412e+00
6.0500000000e+02,6.9295800856e-03,8.2228065473e-03,2.0722025521e-01,4.0677914018e-01,2.4239993895e-01,1.4722054755e-02,1.1372622428e-01,2.6498578238e+00
6.0550000000e+02,6.8098008996e-03,8.0845025709e-03,2.0864307493e-01,4.0684353058e-01,2.4219472439e-01,1.3947429103e-02,1.1347693753e-01,2.6386588589e+00
6.0600000000e+02,6.7561253902e-03,8.1014383851e-03,2.0959714712e-01,4.0659849491e-01,2.4260831786e-01,1.3232475866e-02,1.1310600047e-01,2.6357288401e+00
6.0650000000e+02,6.7126831316e-03,7.8899768112e-03,2.1296281594e-01,4.0405512922e-01,2.4365392812e-01,1.2486934743e-02,1.1223853203e-01,2.6297788539e+00
6.0700000000e+02,6.7711445823e-03,7.9536977029e-03,2.1516418811e-01,4.0323776395e-01,2.4272064692e-01,1.1893012003e-02,1.1225954674e-01,2.6301309740e+00
6.0750000000e+02,6.7896281558e-03,7.9221956977e-03,2.1717759908e-01,4.0172355824e-01,2.4298502132e-01,1.1467125364e-02,1.1193487214e-01,2.6317933040e+00
6.0800000000e+02,6.7885154874e-03,7.7783127122e-03,2.1805228441e-01,4.0103720661e-01,2.4368464792e-01,1.1163238308e-02,1.1149579456e-01,2.6321219402e+00
6.0850000000e+02,6.8363089997e-03,7.6148843731e-03,2.1927875133e-01,4.0023503699e-01,2.4444506601e-01,1.0669872267e-02,1.1092008003e-01,2.6322281140e+00
6.0900000000e+02,6.8031559964e-03,7.3954404542e-03,2.2135663895e-01,3.9989383945e-01,2.4537019349e-01,1.0283494104e-02,1.0889723756e-01,2.6278048997e+00
6.0950000000e+02,6.8112119744e-03,7.4542222811e-03,2.2344703623e-01,3.9963746395e-01,2.4470019465e-01,9.9814990477e-03,1.0796837186e-01,2.6244097092e+00
6.1000000000e+02,6.8179418607e-03,7.6591358290e-03,2.2493006753e-01,4.0066610176e-01,2.4222050006e-01,9.8588319603e-03,1.0784742099e-01,2.6200122051e+00
6.1050000000e+02,6.8691618544e-03,7.7059956121e-03,2.2679323096e-01,4.0098327053e-01,2.4066334135e-01,9.6441085916e-03,1.0734089111e-01,2.6182195598e+00
6.1100000000e+02,6.7871975136e-03,7.5661171956e-03,2.2831664056e-01,4.0085693218e-01,2.4110201096e-01,9.4084226872e-03,1.0596267890e-01,2.6085355737e+00
6.1150000000e+02,6.7775564838e-03,7.4489944743e-03,2.3136393275e-01,3.9830449092e-01,2.4120080813e-01,9.3261310858e-03,1.0557808617e-01,2.6092910161e+00
6.1200000000e+02,6.7571102401e-03,7.4401559114e-03,2.3403444771e-01,3.9585728296e-01,2.4104447585e-01,9.3473207118e-03,1.0551920662e-01,2.6132110670e+00
6.1250000000e+02,6.7359497676e-03,7.4152590647e-03,2.3605782803e-01,3.9568456422e-01,2.3968878424e-01,9.3968106888e-03,1.0502080400e-01,2.6099253939e+00
6.1300000000e+02,6.6698070252e-03,7.3160713736e-03,2.3675330247e-01,3.9861202762e-01,2.3739942985e-01,9.3176113041e-03,1.0393175035e-01,2.5953459313e+00
6.1350000000e+02,6.5847743287e-03,7.2045484310e-03,2.3682952352e-01,4.0126495545e-01,2.3604974136e-01,9.4837898836e-03,1.0258266702e-01,2.5921850239e+00
6.1400000000e+02,6.6126294945e-03,7.1534703941e-03,2.3860540262e-01,4.0187871948e-01,2.3498096671e-01,9.5883236166e-03,1.0118048769e-01,2.5901581551e+00
6.1450000000e+02,6.6631965319e-03,7.0335274846e-03,2.4122570039e-01,4.0026837151e-01,2.3447170773e-01,9.8533391375e-03,1.0048415722e-01,2.5965624063e+00
6.1500000000e+02,6.6996746552e-03,6.9786951404e-03,2.4421289826e-01,3.9605810717e-01,2.3568035592e-01,1.0047175404e-02,1.0032309345e-01,2.6055514331e+00
6.1550000000e+02,6.6507147856e-03,6.9447658424e-03,2.4835727874e-01,3.9323113488e-01,2.3422551465e-01,1.0400144730e-02,1.0019044636e-01,2.6085988564e+00
6.1600000000e+02,6.7037165922e-03,6.9727783463e-03,2.5020792095e-01,3.9320322908e-01,2.3238689223e-01,1.0700800837e-02,9.9824661966e-02,2.6133168639e+00
6.1650000000e+02,6.6671888370e-03,6.8806086641e-03,2.5140456080e-01,3.9384574379e-01,2.3156078326e-01,1.1070255451e-02,9.8570859200e-02,2.6114791929e+00
6.1700000000e+02,6.6212406525e-03,6.7317957457e-03,2.5264281904e-01,3.9381260643e-01,2.3123835162e-01,1.1390688175e-02,9.7562498333e-02,2.6114770572e+00
6.1750000000e+02,6.5698959888e-03,6.7256282708e-03,2.5502422731e-01,3.9316291640e-01,2.2933882444e-01,1.1816940610e-02,9.7361566988e-02,2.6145283378e+00
6.1800000000e+02,6.5554254792e-03,6.6461660170e-03,2.5637638833e-01,3.9349034269e-01,2.2854944575e-01,1.2242112666e-02,9.6140119060e-02,2.6148318477e+00
6.1850000000e+02,6.5743071930e-03,6.6462998676e-03,2.5792596403e-01,3.9273279481e-01,2.2791001592e-01,1.2765573086e-02,9.5445045092e-02,2.6183684705e+00
6.1900000000e+02,6.5305790315e-03,6.5823466344e-03,2.6105786956e-01,3.9067651330e-01,2.2766891024e-01,1.3120051319e-02,9.4363729921e-02,2.6122441066e+00
6.1950000000e+02,6.5031219665e-03,6.5637849205e-03,2.6214989097e-01,3.9026479809e-01,2.2745037555e-01,1.3721386503e-02,9.3346642009e-02,2.6176597574e+00
6.2000000000e+02,6.4825546173e-03,6.5342375703e-03,2.6591007314e-01,3.8860496493e-01,2.2563234443e-01,1.4241146901e-02,9.2594678408e-02,2.6131748461e+00
6.2050000000e+02,6.4883470084e-03,6.4195308416e-03,2.6735613023e-01,3.8824440367e-01,2.2476829266e-01,1.4773351506e-02,9.1949944084e-02,2.6100506914e+00
6.2100000000e+02,6.4865169181e-03,6.3415747318e-03,2.7056790266e-01,3.8466249595e-01,2.2504940005e-01,1.5334590263e-02,9.1557519421e-02,2.6138739331e+00
6.2150000000e+02,6.5903058096e-03,6.3807698076e-03,2.7369905920e-01,3.8145711578e-01,2.2463127242e-01,1.6120139789e-02,9.1121337192e-02,2.6249384672e+00
6.2200000000e+02,6.5388491999e-03,6.3044054146e-03,2.7761456298e-01,3.7940548392e-01,2.2410897485e-01,1.6855436576e-02,8.9172287059e-02,2.6240221768e+00
6.2250000000e+02,6.5436431155e-03,6.3195376470e-03,2.7998795768e-01,3.7952688069e-01,2.2172704549e-01,1.7620419988e-02,8.8274515385e-02,2.6186622965e+00
6.2300000000e+02,6.5754129881e-03,6.2472203567e-03,2.8157066872e-01,3.7942832716e-01,2.2002609865e-01,1.8286495926e-02,8.7865776195e-02,2.6172769294e+00
6.2350000000e+02,6.5952150788e-03,6.1125295048e-03,2.8289619249e-01,3.7893429688e-01,2.1942059177e-01,1.8711963978e-02,8.7329210300e-02,2.6144801861e+00
6.2400000000e+02,6.5886521892e-03,6.0828899035e-03,2.8541736730e-01,3.7739542523e-01,2.1854175553e-01,1.9264395326e-02,8.6709514517e-02,2.6080051066e+00
6.2450000000e+02,6.5692104445e-03,6.0513787452e-03,2.8724301782e-01,3.7793176190e-01,2.1671075457e-01,2.0044380490e-02,8.5449496034e-02,2.6021828649e+00
6.2500000000e+02,6.5967721437e-03,6.0485487303e-03,2.8851298410e-01,3.7720089886e-01,2.1616090996e-01,2.0553472685e-02,8.4926413517e-02,2.6002921463e+00
6.2550000000e+02,6.6520973301e-03,6.0777051708e-03,2.8921707920e-01,3.7574487896e-01,2.1662136683e-01,2.1420692061e-02,8.4266180447e-02,2.6104139710e+00
6.2600000000e+02,6.6669218942e-03,6.0965074199e-03,2.9258962352e-01,3.7241439028e-01,2.1669125649e-01,2.2156217557e-02,8.3385082837e-02,2.6121131925e+00
6.2650000000e+02,6.5969332340e-03,6.0939659491e-03,2.9477479554e-01,3.7142919588e-01,2.1569123515e-01,2.2981604020e-02,8.2432270227e-02,2.6051642683e+00
6.2700000000e+02,6.6059047054e-03,6.0494525920e-03,2.9839873147e-01,3.6835553146e-01,2.1400116052e-01,2.3974606634e-02,8.2614612614e-02,2.6037969290e+00
6.2750000000e+02,6.6069006782e-03,6.0166362302e-03,3.0069319010e-01,3.6698705730e-01,2.1269252747e-01,2.4872501002e-02,8.2131187222e-02,2.6049452931e+00
6.2800000000e+02,6.5972196958e-03,5.9407251355e-03,3.0243355933e-01,3.6423829809e-01,2.1265855695e-01,2.5541327193e-02,8.2590313601e-02,2.6103842895e+00
6.2850000000e+02,6.6180563213e-03,5.8934273785e-03,3.0508671628e-01,3.6206288203e-01,2.1173612418e-01,2.6344531810e-02,8.2258261999e-02,2.6116307553e+00
6.2900000000e+02,6.6337125202e-03,5.8535551751e-03,3.0876137720e-01,3.5841302336e-01,2.1183638515e-01,2.6693705016e-02,8.1808241585e-02,2.6088235374e+00
6.2950000000e+02,6.6603156062e-03,5.8637642752e-03,3.1212556259e-01,3.5600111188e-01,2.1031446263e-01,2.7752423411e-02,8.1282359618e-02,2.6067559249e+00
6.3000000000e+02,6.7074257836e-03,5.8848432821e-03,3.1611392724e-01,3.5350803725e-01,2.0893256440e-01,2.8639292132e-02,8.0213909916e-02,2.6038035272e+00
6.3050000000e+02,6.7147278156e-03,5.8897284014e-03,3.1788283914e-01,3.5377726921e-01,2.0761370241e-01,2.9223369013e-02,7.8898364012e-02,2.5986554305e+00
6.3100000000e+02,6.7190664313e-03,5.9273229443e-03,3.2040287577e-01,3.5121641289e-01,2.0636145481e-01,3.0164519253e-02,7.9208347907e-02,2.6029748373e+00
6.3150000000e+02,6.8227351648e-03,5.9851755658e-03,3.2331298936e-01,3.4647253322e-01,2.0588778044e-01,3.1428867331e-02,8.0089918916e-02,2.6154206660e+00
6.3200000000e+02,6.8829244133e-03,6.0948800847e-03,3.2477949430e-01,3.4422588260e-01,2.0452488492e-01,3.2544050930e-02,8.0947882751e-02,2.6216306054e+00
6.3250000000e+02,6.8934553485e-03,6.0990232294e-03,3.2921733826e-01,3.4097825695e-01,2.0293327825e-01,3.3148200118e-02,8.0730447847e-02,2.6162345346e+00
6.3300000000e+02,6.8847594681e-03,6.1659186214e-03,3.3104507773e-01,3.4144914690e-01,2.0043060114e-01,3.4141871366e-02,7.9882624780e-02,2.6095900341e+00
6.3350000000e+02,6.8794396606e-03,6.2154892102e-03,3.3691520936e-01,3.3642640187e-01,1.9913679528e-01,3.5469327206e-02,7.8957337418e-02,2.6071097146e+00
6.3400000000e+02,6.9315466403e-03,6.2549312328e-03,3.4081931174e-01,3.3282414289e-01,1.9821402568e-01,3.6492857852e-02,7.8463183969e-02,2.6078944446e+00
6.3450000000e+02,7.0529155698e-03,6.3245646145e-03,3.4428429642e-01,3.2895618385e-01,1.9848022096e-01,3.7342993728e-02,7.7558824854e-02,2.6129290235e+00
6.3500000000e+02,7.1110252136e-03,6.3144958637e-03,3.4741639585e-01,3.2631948319e-01,1.9658545388e-01,3.8927418095e-02,7.7325727908e-02,2.6096984392e+00
6.3550000000e+02,7.1372344631e-03,6.3215241643e-03,3.5086537822e-01,3.2391838007e-01,1.9557360237e-01,3.9842839750e-02,7.6341040963e-02,2.6015725848e+00
6.3600000000e+02,7.1951429690e-03,6.3724041539e-03,3.5509084034e-01,3.1876296445e-01,1.9491811902e-01,4.0808008856e-02,7.6852520209e-02,2.6028433943e+00
6.3650000000e+02,7.2217888922e-03,6.3927683907e-03,3.5808894592e-01,3.1562220460e-01,1.9503851154e-01,4.0815316829e-02,7.6820463828e-02,2.6018642869e+00
6.3700000000e+02,7.1801470521e-03,6.4836981733e-03,3.5995473549e-01,3.1307239497e-01,1.9494215117e-01,4.1601531509e-02,7.6765341632e-02,2.6043894452e+00
6.3750000000e+02,7.2618607052e-03,6.4987444410e-03,3.6293464753e-01,3.0920695128e-01,1.9524005958e-01,4.1914811548e-02,7.6942924913e-02,2.6040056839e+00
6.3800000000e+02,7.3333815706e-03,6.5153814253e-03,3.6566428679e-01,3.0625842278e-01,1.9421301586e-01,4.2693063146e-02,7.7322448432e-02,2.6066041026e+00
6.3850000000e+02,7.3586603821e-03,6.6143202258e-03,3.6912754647e-01,3.0365308296e-01,1.9305485161e-01,4.3510916372e-02,7.6680621972e-02,2.6043023772e+00
6.3900000000e+02,7.4027728466e-03,6.6327245974e-03,3.7217935179e-01,2.9992389814e-01,1.9236598885e-01,4.4669326561e-02,7.6825937217e-02,2.6051104753e+00
6.3950000000e+02,7.4860373348e-03,6.7588260479e-03,3.7385402219e-01,2.9690951823e-01,1.9222365376e-01,4.5779092185e-02,7.6988850244e-02,2.6117327984e+00
6.4000000000e+02,7.4882578906e-03,6.8139598388e-03,3.7625734667e-01,2.9421506278e-01,1.9076573315e-01,4.6664437406e-02,7.7795202264e-02,2.6113885876e+00
6.4050000000e+02,7.6350735326e-03,6.8550573432e-03,3.7966748167e-01,2.9065846461e-01,1.8933367211e-01,4.8110980814e-02,7.7739269915e-02,2.6129440713e+00
6.4100000000e+02,7.7440127961e-03,6.9168629350e-03,3.8350170047e-01,2.8788536978e-01,1.8783176340e-01,4.8745720281e-02,7.7374570329e-02,2.6085960879e+00
6.4150000000e+02,7.7714830880e-03,6.9989906147e-03,3.8684091369e-01,2.8471078687e-01,1.8717549843e-01,4.8828354139e-02,7.7673973168e-02,2.6021372148e+00
6.4200000000e+02,7.8114425160e-03,7.0559359877e-03,3.8896104902e-01,2.8155724080e-01,1.8584333269e-01,5.0361039262e-02,7.8409959720e-02,2.6039678497e+00
6.4250000000e+02,7.8769119870e-03,7.2373152477e-03,3.8998189236e-01,2.7823812249e-01,1.8617204063e-01,5.1669875819e-02,7.8823841466e-02,2.6138229760e+00
6.4300000000e+02,7.9195404768e-03,7.3052849129e-03,3.9208622420e-01,2.7487501685e-01,1.8628134869e-01,5.1890573060e-02,7.9642011809e-02,2.6128460199e+00
6.4350000000e+02,7.9247679462e-03,7.3613772264e-03,3.9630198207e-01,2.7213419089e-01,1.8530861262e-01,5.2413581355e-02,7.8555487899e-02,2.5998343874e+00
6.4400000000e+02,8.0132991804e-03,7.5271854657e-03,3.9808579386e-01,2.7129640982e-01,1.8419764463e-01,5.3176438306e-02,7.7703228737e-02,2.5917964621e+00
6.4450000000e+02,8.0920912870e-03,7.6427825053e-03,4.0150754926e-01,2.6784951155e-01,1.8381076240e-01,5.4057054429e-02,7.7040248568e-02,2.5882524917e+00
6.4500000000e+02,8.1008700719e-03,7.6869836850e-03,4.0514434212e-01,2.6381393702e-01,1.8174853213e-01,5.6609045277e-02,7.6896289698e-02,2.5890711229e+00
6.4550000000e+02,8.0605040952e-03,7.7865609267e-03,4.0860343426e-01,2.6080746740e-01,1.7989101805e-01,5.8414670673e-02,7.6436344590e-02,2.5823935845e+00
6.4600000000e+02,8.0418402628e-03,7.9469461853e-03,4.1004950972e-01,2.5838617433e-01,1.8108730100e-01,5.8566453981e-02,7.5921774521e-02,2.5767670361e+00
6.4650000000e+02,8.0687345291e-03,7.9961030368e-03,4.1273019490e-01,2.5496069295e-01,1.8077366365e-01,5.9096663893e-02,7.6373947037e-02,2.5757536323e+00
6.4700000000e+02,8.2034169041e-03,8.1246635278e-03,4.1494197612e-01,2.5112493515e-01,1.8026202474e-01,6.0527078032e-02,7.6815905533e-02,2.5789345094e+00
6.4750000000e+02,8.1931642445e-03,8.3066943370e-03,4.1780955575e-01,2.4751589710e-01,1.7871372059e-01,6.2195835431e-02,7.7265132545e-02,2.5768595384e+00
6.4800000000e+02,8.1807748016e-03,8.3605045729e-03,4.2143795308e-01,2.4345765929e-01,1.7740420828e-01,6.3780742238e-02,7.7378157740e-02,2.5712072763e+00
6.4850000000e+02,8.2011395586e-03,8.3411779661e-03,4.2533991939e-01,2.3989884716e-01,1.7676036710e-01,6.4609846390e-02,7.6848702440e-02,2.5608266803e+00
6.4900000000e+02,8.3475162827e-03,8.3688059639e-03,4.2700955192e-01,2.3809211366e-01,1.7524063973e-01,6.6052077881e-02,7.6889294567e-02,2.5575212393e+00
6.4950000000e+02,8.4715346718e-03,8.4961709818e-03,4.3258193448e-01,2.3302206335e-01,1.7240655417e-01,6.7872082350e-02,7.7149659993e-02,2.5529868069e+00
6.5000000000e+02,8.5862654480e-03,8.5494181019e-03,4.3491948127e-01,2.3064932593e-01,1.7173573749e-01,6.8619179312e-02,7.6940592445e-02,2.5519920712e+00
6.5050000000e+02,8.6434880696e-03,8.5826470044e-03,4.3802116979e-01,2.2864422200e-01,1.6976777045e-01,7.0243535135e-02,7.6097167547e-02,2.5412010640e+00
6.5100000000e+02,8.7042962804e-03,8.6336125795e-03,4.4035522633e-01,2.2658052187e-01,1.6712159555e-01,7.2470105215e-02,7.6134642172e-02,2.5369570574e+00
6.5150000000e+02,8.8138694002e-03,8.6558363004e-03,4.4182782290e-01,2.2518905073e-01,1.6623131399e-01,7.2542080002e-02,7.6740026683e-02,2.5286299661e+00
6.5200000000e+02,8.7951031506e-03,8.7340066020e-03,4.4466781827e-01,2.2245053464e-01,1.6571247770e-01,7.3311336605e-02,7.6328723033e-02,2.5229280194e+00
6.5250000000e+02,8.8788059691e-03,8.7715489755e-03,4.4746257716e-01,2.1921443285e-01,1.6411018775e-01,7.5925947476e-02,7.5636499822e-02,2.5175775458e+00
6.5300000000e+02,8.8937699659e-03,8.7926831270e-03,4.5229193870e-01,2.1576971561e-01,1.6139959966e-01,7.7564347508e-02,7.5287945426e-02,2.5038054512e+00
6.5350000000e+02,9.0949650187e-03,8.9896074812e-03,4.5467006913e-01,2.1275296633e-01,1.6048938305e-01,7.8530275530e-02,7.5472733464e-02,2.5008456017e+00
6.5400000000e+02,9.1376357914e-03,9.0864388025e-03,4.5714708044e-01,2.1033339268e-01,1.5847678589e-01,8.1235186184e-02,7.4583480205e-02,2.4905679010e+00
6.5450000000e+02,9.2712685206e-03,9.2635154698e-03,4.5938652963e-01,2.0712103841e-01,1.5844465335e-01,8.2104483769e-02,7.4408510855e-02,2.4906173211e+00
6.5500000000e+02,9.2548742144e-03,9.2287022761e-03,4.6245687250e-01,2.0410996461e-01,1.5699639575e-01,8.3998112755e-02,7.3955077890e-02,2.4795921285e+00
6.5550000000e+02,9.2638830274e-03,9.2667631802e-03,4.6488905822e-01,2.0180765957e-01,1.5455018108e-01,8.6204271057e-02,7.4018183867e-02,2.4686716523e+00
6.5600000000e+02,9.3761256035e-03,9.2914718102e-03,4.6862608068e-01,1.9872361342e-01,1.5346390550e-01,8.6913613594e-02,7.3605189402e-02,2.4564598281e+00
6.5650000000e+02,9.4113518642e-03,9.3911409113e-03,4.7247528057e-01,1.9567728592e-01,1.5262069346e-01,8.8176400276e-02,7.2247846994e-02,2.4473653212e+00
6.5700000000e+02,9.3715872693e-03,9.3744559175e-03,4.7399469442e-01,1.9365385303e-01,1.5128526142e-01,9.0161480673e-02,7.2158667269e-02,2.4390170439e+00
6.5750000000e+02,9.4071469456e-03,9.4957579929e-03,4.7498894337e-01,1.9132125624e-01,1.5055227910e-01,9.1093485117e-02,7.3141131223e-02,2.4390835408e+00
6.5800000000e+02,9.4657852279e-03,9.5783759012e-03,4.7735998435e-01,1.8818228467e-01,1.5133143673e-01,9.1123123529e-02,7.2959009595e-02,2.4333544595e+00
6.5850000000e+02,9.5869780359e-03,9.6425000120e-03,4.8083648895e-01,1.8432860005e-01,1.5089755150e-01,9.1606846444e-02,7.3101035013e-02,2.4253111183e+00
6.5900000000e+02,9.5771467754e-03,9.7246790295e-03,4.8308646011e-01,1.8141938914e-01,1.5015255484e-01,9.2255876135e-02,7.3783893973e-02,2.4168694661e+00
6.5950000000e+02,9.6430709178e-03,9.8232590220e-03,4.8431488092e-01,1.8002516868e-01,1.4792838428e-01,9.4422695562e-02,7.3842540616e-02,2.4132091355e+00
6.6000000000e+02,9.7139626623e-03,9.8380896298e-03,4.8799522991e-01,1.7758203572e-01,1.4543596673e-01,9.5770098667e-02,7.3664616684e-02,2.3990266145e+00
6.6050000000e+02,9.8951145224e-03,9.9389241227e-03,4.8999512927e-01,1.7538237068e-01,1.4325766525e-01,9.7828461706e-02,7.3702334455e-02,2.3931899535e+00
6.6100000000e+02,1.0105356721e-02,1.0034607058e-02,4.8993017971e-01,1.7361233859e-01,1.4202093085e-01,9.9758788307e-02,7.4537798768e-02,2.3956443130e+00
6.6150000000e+02,1.0196033875e-02,1.0212840096e-02,4.9081061285e-01,1.7181389435e-01,1.4139277291e-01,1.0041826589e-01,7.5155580021e-02,2.3950832360e+00
6.6200000000e+02,1.0161612196e-02,1.0217985535e-02,4.9585430888e-01,1.6734044489e-01,1.3992340380e-01,1.0169135249e-01,7.4810892213e-02,2.3803946040e+00
6.6250000000e+02,1.0285644059e-02,1.0116013969e-02,4.9910523323e-01,1.6506796095e-01,1.3927320157e-01,1.0222122237e-01,7.3930723856e-02,2.3659107059e+00
6.6300000000e+02,1.0336566661e-02,1.0157986622e-02,5.0126096204e-01,1.6240962155e-01,1.3943764130e-01,1.0290338120e-01,7.3493840614e-02,2.3584271908e+00
6.6350000000e+02,1.0447727677e-02,1.0193988004e-02,5.0405326169e-01,1.5882263400e-01,1.3831616382e-01,1.0444614082e-01,7.3720083987e-02,2.3522336731e+00
6.6400000000e+02,1.0582410142e-02,1.0383449256e-02,5.0608877892e-01,1.5592840422e-01,1.3759978877e-01,1.0479595574e-01,7.4621212952e-02,2.3472965683e+00
6.6450000000e+02,1.0645389724e-02,1.0527379243e-02,5.0910633091e-01,1.5342705327e-01,1.3599280084e-01,1.0623007631e-01,7.4070969706e-02,2.3340399050e+00
6.6500000000e+02,1.0664175845e-02,1.0462945032e-02,5.1170704163e-01,1.5114582293e-01,1.3464230702e-01,1.0713490319e-01,7.4242804346e-02,2.3179025762e+00
6.6550000000e+02,1.0730853044e-02,1.0452279513e-02,5.1262144214e-01,1.5003959446e-01,1.3256014316e-01,1.0938952712e-01,7.4206160561e-02,2.3084500791e+00
6.6600000000e+02,1.0788163106e-02,1.0629058205e-02,5.1505498269e-01,1.4791168693e-01,1.3013803443e-01,1.1125642494e-01,7.4221649706e-02,2.2963733791e+00
6.6650000000e+02,1.0876813110e-02,1.0658636070e-02,5.1753510471e-01,1.4490216245e-01,1.2839963787e-01,1.1323721701e-01,7.4390428790e-02,2.2848708647e+00
6.6700000000e+02,1.0925026656e-02,1.0840324270e-02,5.1828115672e-01,1.4420078679e-01,1.2666612788e-01,1.1486929447e-01,7.4217283225e-02,2.2798993476e+00
6.6750000000e+02,1.0936770993e-02,1.0926585086e-02,5.2021354469e-01,1.4244974071e-01,1.2585645299e-01,1.1514649183e-01,7.4470413706e-02,2.2707251297e+00
6.6800000000e+02,1.0889632668e-02,1.1029562071e-02,5.2257609764e-01,1.4081848911e-01,1.2455594624e-01,1.1682679542e-01,7.3303476847e-02,2.2564836723e+00
6.6850000000e+02,1.0835470866e-02,1.1021638533e-02,5.2428564938e-01,1.4038534650e-01,1.2239800876e-01,1.1843054575e-01,7.2643340220e-02,2.2412765403e+00
6.6900000000e+02,1.0806228471e-02,1.1025433543e-02,5.2826844326e-01,1.3668210465e-01,1.2061763660e-01,1.1986870179e-01,7.2731451680e-02,2.2270946191e+00
6.6950000000e+02,1.0776427026e-02,1.1102841525e-02,5.3001460101e-01,1.3546768788e-01,1.1904691376e-01,1.2100328002e-01,7.2588248775e-02,2.2178044749e+00
6.7000000000e+02,1.0877082075e-02,1.1278931229e-02,5.3111541681e-01,1.3385309737e-01,1.1858460300e-01,1.2198154908e-01,7.2309320431e-02,2.2092155281e+00
6.7050000000e+02,1.0845422956e-02,1.1305589126e-02,5.3235825707e-01,1.3282527327e-01,1.1664691081e-01,1.2334068839e-01,7.2677858376e-02,2.2005623561e+00
6.7100000000e+02,1.0934389335e-02,1.1206837380e-02,5.3460519587e-01,1.3053759460e-01,1.1563698147e-01,1.2459680842e-01,7.2482192923e-02,2.1899183283e+00
6.7150000000e+02,1.1013872177e-02,1.1431227082e-02,5.3637403476e-01,1.2816164395e-01,1.1505096894e-01,1.2561005461e-01,7.2358198467e-02,2.1823715069e+00
6.7200000000e+02,1.1156295487e-02,1.1532351009e-02,5.3640801932e-01,1.2679130517e-01,1.1453722036e-01,1.2678832063e-01,7.2786488021e-02,2.1837070141e+00
6.7250000000e+02,1.1269082257e-02,1.1619076816e-02,5.3674566397e-01,1.2699332960e-01,1.1260058429e-01,1.2816298305e-01,7.2609280024e-02,2.1758500452e+00
6.7300000000e+02,1.1150643906e-02,1.1707213049e-02,5.3897239844e-01,1.2516604763e-01,1.1115551085e-01,1.2926542270e-01,7.2582763430e-02,2.1614470306e+00
6.7350000000e+02,1.1173948199e-02,1.1741740494e-02,5.4095844174e-01,1.2369320230e-01,1.0917910279e-01,1.3130608350e-01,7.1947480969e-02,2.1480505692e+00
6.7400000000e+02,1.1342943295e-02,1.1868641720e-02,5.4216816317e-01,1.2161408957e-01,1.0717727918e-01,1.3360222832e-01,7.2226654748e-02,2.1398031168e+00
6.7450000000e+02,1.1448112180e-02,1.2144495018e-02,5.4136074339e-01,1.2150379883e-01,1.0635168430e-01,1.3523711883e-01,7.1954047455e-02,2.1418135424e+00
6.7500000000e+02,1.1442183028e-02,1.2395595856e-02,5.4239359022e-01,1.2086922754e-01,1.0466311516e-01,1.3651446108e-01,7.1721827116e-02,2.1291314522e+00
6.7550000000e+02,1.1482193659e-02,1.2619866677e-02,5.4219337851e-01,1.1928086521e-01,1.0436003115e-01,1.3750261550e-01,7.2561049299e-02,2.1253714306e+00
6.7600000000e+02,1.1401116547e-02,1.2539012375e-02,5.4299053000e-01,1.1819263261e-01,1.0294648313e-01,1.3878885435e-01,7.3141370995e-02,2.1185919834e+00
6.7650000000e+02,1.1428919597e-02,1.2633151313e-02,5.4345631204e-01,1.1642874564e-01,1.0061138421e-01,1.4135105390e-01,7.4090433303e-02,2.1114515094e+00
6.7700000000e+02,1.1434474428e-02,1.2549235003e-02,5.4365694034e-01,1.1668966936e-01,9.8672472460e-02,1.4247191657e-01,7.4525291844e-02,2.1020759877e+00
6.7750000000e+02,1.1330347572e-02,1.2584687953e-02,5.4295981007e-01,1.1702271237e-01,9.9093864974e-02,1.4250572437e-01,7.4502852690e-02,2.0952735818e+00
6.7800000000e+02,1.1421603316e-02,1.2759512544e-02,5.4252509847e-01,1.1783312381e-01,9.8656686115e-02,1.4274196543e-01,7.4062010313e-02,2.0946716682e+00
6.7850000000e+02,1.1423588481e-02,1.2917016424e-02,5.4232034851e-01,1.1852761657e-01,9.6096339771e-02,1.4490461498e-01,7.3810475267e-02,2.0858200205e+00
6.7900000000e+02,1.1539460932e-02,1.3220884683e-02,5.4119456457e-01,1.1846028039e-01,9.5280803119e-02,1.4617484913e-01,7.4129157173e-02,2.0845487618e+00
6.7950000000e+02,1.1480014515e-02,1.3334297160e-02,5.4208160852e-01,1.1737260512e-01,9.3813171255e-02,1.4797568055e-01,7.3942622868e-02,2.0790764726e+00
6.8000000000e+02,1.1438087018e-02,1.3485262964e-02,5.4311599447e-01,1.1634694987e-01,9.2404087694e-02,1.4839288569e-01,7.4816732282e-02,2.0742941702e+00
6.8050000000e+02,1.1468578971e-02,1.3687484053e-02,5.4346031484e-01,1.1562542794e-01,9.1409055864e-02,1.4808662703e-01,7.6262511298e-02,2.0743975519e+00
6.8100000000e+02,1.1330434028e-02,1.3815200925e-02,5.4306198939e-01,1.1518261751e-01,8.9987180155e-02,1.5006601297e-01,7.6556565022e-02,2.0696449277e+00
6.8150000000e+02,1.1411990110e-02,1.3901278512e-02,5.4360610587e-01,1.1407624590e-01,8.8388968694e-02,1.5126208248e-01,7.7353328430e-02,2.0633904243e+00
6.8200000000e+02,1.1505028245e-02,1.3943962256e-02,5.4505072222e-01,1.1353046678e-01,8.6469454734e-02,1.5265485090e-01,7.6845514866e-02,2.0567227833e+00
6.8250000000e+02,1.1532496117e-02,1.3992371759e-02,5.4615022456e-01,1.1288291637e-01,8.4673672032e-02,1.5459267343e-01,7.6175645736e-02,2.0516686213e+00
6.8300000000e+02,1.1455402063e-02,1.4107789392e-02,5.4727547397e-01,1.1183466678e-01,8.4365155123e-02,1.5464938807e-01,7.6312124613e-02,2.0439826908e+00
6.8350000000e+02,1.1376503315e-02,1.4244737540e-02,5.4727295870e-01,1.1155574034e-01,8.3435125203e-02,1.5550716458e-01,7.6607770318e-02,2.0351426596e+00
6.8400000000e+02,1.1429174060e-02,1.4327219962e-02,5.4766851425e-01,1.1024082776e-01,8.2431405935e-02,1.5653936214e-01,7.7363495890e-02,2.0366188630e+00
6.8450000000e+02,1.1363235380e-02,1.4371670374e-02,5.4889256270e-01,1.0978588149e-01,8.2000591302e-02,1.5701493594e-01,7.6571122815e-02,2.0295522056e+00
6.8500000000e+02,1.1270254418e-02,1.4253060469e-02,5.5054057411e-01,1.0904273700e-01,8.1022689080e-02,1.5790298479e-01,7.5967700133e-02,2.0152953592e+00
6.8550000000e+02,1.1346851742e-02,1.4306174920e-02,5.5101108403e-01,1.0880014195e-01,8.0474077110e-02,1.5857686942e-01,7.5484800820e-02,2.0172849423e+00
6.8600000000e+02,1.1350702763e-02,1.4303749516e-02,5.5227673825e-01,1.0736630691e-01,7.9531736086e-02,1.5977723092e-01,7.5393535556e-02,2.0131845317e+00
6.8650000000e+02,1.1406340114e-02,1.4364854124e-02,5.5327042968e-01,1.0767490971e-01,7.8352898301e-02,1.6026044958e-01,7.4670118490e-02,2.0082671861e+00
6.8700000000e+02,1.1385512114e-02,1.4413562588e-02,5.5341436712e-01,1.0729928200e-01,7.9220063033e-02,1.6003204237e-01,7.4235170773e-02,2.0077595165e+00
6.8750000000e+02,1.1463012354e-02,1.4550754217e-02,5.5242783132e-01,1.0700768774e-01,7.8969523586e-02,1.6043088906e-01,7.5150301719e-02,2.0119449135e+00
6.8800000000e+02,1.1396490969e-02,1.4625790608e-02,5.5272767381e-01,1.0643205295e-01,7.8951879316e-02,1.6016765075e-01,7.5698461600e-02,2.0147255980e+00
6.8850000000e+02,1.1504321391e-02,1.4633058193e-02,5.5223407968e-01,1.0731796695e-01,7.7859630301e-02,1.6050829038e-01,7.5942653115e-02,2.0136337373e+00
6.8900000000e+02,1.1623560508e-02,1.4701948898e-02,5.5289251392e-01,1.0751316068e-01,7.6933422149e-02,1.6059234565e-01,7.5743048195e-02,2.0100074742e+00
6.8950000000e+02,1.1621949902e-02,1.4730430113e-02,5.5430691966e-01,1.0681820020e-01,7.6189935055e-02,1.6071616276e-01,7.5616402313e-02,2.0086675829e+00
6.9000000000e+02,1.1747467886e-02,1.4882265735e-02,5.5348953960e-01,1.0655513145e-01,7.5625762438e-02,1.6152565757e-01,7.6174175315e-02,2.0136980420e+00
6.9050000000e+02,1.1742636032e-02,1.4933954550e-02,5.5479281993e-01,1.0615362832e-01,7.5267291049e-02,1.6108459435e-01,7.6025075766e-02,2.0077339680e+00
6.9100000000e+02,1.1668036975e-02,1.4895883701e-02,5.5606503991e-01,1.0470954874e-01,7.4966260352e-02,1.6163426654e-01,7.6060963784e-02,2.0081910195e+00
6.9150000000e+02,1.1639106926e-02,1.4897676790e-02,5.5489686494e-01,1.0414458373e-01,7.4741990292e-02,1.6249758715e-01,7.7182190168e-02,2.0128622045e+00
6.9200000000e+02,1.1669233250e-02,1.5093696586e-02,5.5534096692e-01,1.0346080139e-01,7.5211762258e-02,1.6210611618e-01,7.7117423412e-02,2.0144824294e+00
6.9250000000e+02,1.1671292479e-02,1.5237551031e-02,5.5541357759e-01,1.0395776051e-01,7.6232056618e-02,1.6132475071e-01,7.6163011057e-02,2.0201347324e+00
6.9300000000e+02,1.1599439847e-02,1.5303383724e-02,5.5519101040e-01,1.0446756934e-01,7.5799731997e-02,1.6110711255e-01,7.6531752137e-02,2.0206083587e+00
6.9350000000e+02,1.1612110698e-02,1.5184254377e-02,5.5461109234e-01,1.0564159966e-01,7.5041813060e-02,1.6171719968e-01,7.6191930185e-02,2.0196415566e+00
6.9400000000e+02,1.1636035950e-02,1.5229439858e-02,5.5380948657e-01,1.0594685218e-01,7.5052440575e-02,1.6171996005e-01,7.6605784817e-02,2.0218743004e+00
6.9450000000e+02,1.1619802688e-02,1.5276871148e-02,5.5342792130e-01,1.0615895639e-01,7.5371861265e-02,1.6085799642e-01,7.7286590790e-02,2.0238892233e+00
6.9500000000e+02,1.1595818756e-02,1.5414652314e-02,5.5241969687e-01,1.0734468377e-01,7.5496717642e-02,1.6054544990e-01,7.7182980754e-02,2.0331711434e+00
6.9550000000e+02,1.1673832485e-02,1.5477933404e-02,5.5271714769e-01,1.0804851007e-01,7.5746022967e-02,1.5971030532e-01,7.6626248059e-02,2.0277987635e+00
6.9600000000e+02,1.1746377881e-02,1.5611557631e-02,5.5250085600e-01,1.0754980660e-01,7.6869629223e-02,1.5988690166e-01,7.5834871004e-02,2.0376062629e+00
6.9650000000e+02,1.1723067115e-02,1.5887281942e-02,5.5113841607e-01,1.0832120754e-01,7.8147531352e-02,1.5849039163e-01,7.6292104350e-02,2.0479461279e+00
6.9700000000e+02,1.1831431935e-02,1.5998631889e-02,5.5163297985e-01,1.0815656998e-01,7.8835509295e-02,1.5753737088e-01,7.6007506171e-02,2.0475052141e+00
6.9750000000e+02,1.1864484237e-02,1.6145974880e-02,5.5058533420e-01,1.0886907556e-01,7.9159318358e-02,1.5685699026e-01,7.6518822504e-02,2.0571352320e+00
6.9800000000e+02,1.1886020512e-02,1.6403920090e-02,5.4995205859e-01,1.0863771309e-01,7.8839350639e-02,1.5754674532e-01,7.6734191760e-02,2.0678660437e+00
6.9850000000e+02,1.1929402595e-02,1.6652399143e-02,5.4735982002e-01,1.0959976359e-01,8.0364856733e-02,1.5692792906e-01,7.7165828870e-02,2.0802056735e+00
6.9900000000e+02,1.1927066294e-02,1.6733135400e-02,5.4646964030e-01,1.0995759505e-01,8.1297708638e-02,1.5648101665e-01,7.7133837672e-02,2.0874549486e+00
6.9950000000e+02,1.1817734308e-02,1.6544038811e-02,5.4655951099e-01,1.1105362116e-01,8.0565446087e-02,1.5726836777e-01,7.6191280867e-02,2.0835409500e+00
7.0000000000e+02,1.1769568380e-02,1.6486439249e-02,5.4638095057e-01,1.1157219436e-01,8.1567685781e-02,1.5630480943e-01,7.5918352232e-02,2.0821524611e+00
7.0050000000e+02,1.1840941752e-02,1.6511724476e-02,5.4577394363e-01,1.1185905509e-01,8.1853843415e-02,1.5563635104e-01,7.6524140602e-02,2.0884837410e+00
7.0100000000e+02,1.1918178530e-02,1.6403681337e-02,5.4464677914e-01,1.1261497354e-01,8.2982479765e-02,1.5534962660e-01,7.6084281092e-02,2.0901167988e+00
7.0150000000e+02,1.1832955132e-02,1.6300379178e-02,5.4495488090e-01,1.1301645637e-01,8.4179417454e-02,1.5331317858e-01,7.6402732379e-02,2.0866119694e+00
7.0200000000e+02,1.1781471805e-02,1.6239811564e-02,5.4452231386e-01,1.1475273090e-01,8.6001457671e-02,1.5105619436e-01,7.5646019836e-02,2.0893489518e+00
7.0250000000e+02,1.1840038435e-02,1.6415677844e-02,5.4427673073e-01,1.1563191292e-01,8.6273669878e-02,1.5052228732e-01,7.5039682885e-02,2.0950982569e+00
7.0300000000e+02,1.1762685247e-02,1.6647874540e-02,5.4393814687e-01,1.1585315474e-01,8.7257295031e-02,1.4966008723e-01,7.4880756345e-02,2.0977310322e+00
7.0350000000e+02,1.1823213029e-02,1.6555001568e-02,5.4366884830e-01,1.1644146347e-01,8.6892154934e-02,1.5009961285e-01,7.4519705852e-02,2.1024075866e+00
7.0400000000e+02,1.2024315350e-02,1.6664462985e-02,5.4298070306e-01,1.1745821110e-01,8.8611742208e-02,1.4802191165e-01,7.4238653640e-02,2.1139299104e+00
7.0450000000e+02,1.1933790986e-02,1.6582560859e-02,5.4266819065e-01,1.1831792668e-01,8.8777267711e-02,1.4765198750e-01,7.4068275616e-02,2.1149789312e+00
7.0500000000e+02,1.1913239114e-02,1.6601087063e-02,5.4068509118e-01,1.2065625787e-01,9.0270574858e-02,1.4596357724e-01,7.3910172677e-02,2.1273705573e+00
7.0550000000e+02,1.1922972623e-02,1.6699272948e-02,5.4103755402e-01,1.2006903356e-01,9.2201558822e-02,1.4405495726e-01,7.4014650770e-02,2.1385840773e+00
7.0600000000e+02,1.2096308055e-02,1.6811668046e-02,5.4083795043e-01,1.2009001181e-01,9.4410568043e-02,1.4225814267e-01,7.3495350954e-02,2.1527105062e+00
7.0650000000e+02,1.2185911620e-02,1.6847127363e-02,5.4051061861e-01,1.2022339371e-01,9.4944636353e-02,1.4158596569e-01,7.3702346656e-02,2.1617667075e+00
7.0700000000e+02,1.2246294348e-02,1.6910701706e-02,5.3909089312e-01,1.2050939109e-01,9.5668872606e-02,1.4129071268e-01,7.4283134451e-02,2.1748117922e+00
7.0750000000e+02,1.2258667323e-02,1.6855218012e-02,5.3799246609e-01,1.2121307648e-01,9.7494954449e-02,1.4005911345e-01,7.4126504188e-02,2.1778188944e+00
7.0800000000e+02,1.2239108857e-02,1.6777433561e-02,5.3679371286e-01,1.2229509522e-01,9.9737222884e-02,1.3886107112e-01,7.3296355497e-02,2.1791818566e+00
7.0850000000e+02,1.2291236601e-02,1.6876878194e-02,5.3506227871e-01,1.2427531821e-01,9.9948249773e-02,1.3752066730e-01,7.4025371207e-02,2.1849431600e+00
7.0900000000e+02,1.2179365228e-02,1.6756007793e-02,5.3554375274e-01,1.2473607258e-01,1.0107811832e-01,1.3645979831e-01,7.3246885032e-02,2.1844015707e+00
7.0950000000e+02,1.2121794818e-02,1.6934253137e-02,5.3498398487e-01,1.2526917056e-01,1.0210840568e-01,1.3524742810e-01,7.3334962830e-02,2.1938056655e+00
7.1000000000e+02,1.2138845648e-02,1.6957003231e-02,5.3391644067e-01,1.2622894031e-01,1.0329017816e-01,1.3402348126e-01,7.3445110716e-02,2.1953385384e+00
7.1050000000e+02,1.2144055637e-02,1.7096802718e-02,5.3440714823e-01,1.2750524223e-01,1.0358238629e-01,1.3261650403e-01,7.2647860872e-02,2.1999784980e+00
7.1100000000e+02,1.2028896394e-02,1.7129710010e-02,5.3304801374e-01,1.2852223277e-01,1.0509543651e-01,1.3051046237e-01,7.3665248207e-02,2.2048079792e+00
7.1150000000e+02,1.1985856723e-02,1.7155864101e-02,5.3237149210e-01,1.2948522063e-01,1.0631343535e-01,1.2882706018e-01,7.3861070905e-02,2.2152936810e+00
7.1200000000e+02,1.1865909862e-02,1.7237956876e-02,5.3142841610e-01,1.3050725221e-01,1.0649144410e-01,1.2835245017e-01,7.4116570689e-02,2.2148822429e+00
7.1250000000e+02,1.1979673255e-02,1.7453585114e-02,5.2993236981e-01,1.3253268691e-01,1.0830531144e-01,1.2640060091e-01,7.3395772568e-02,2.2270583498e+00
7.1300000000e+02,1.1995724890e-02,1.7240957900e-02,5.3012488841e-01,1.3321304098e-01,1.0919377118e-01,1.2503412121e-01,7.3197495431e-02,2.2271784498e+00
7.1350000000e+02,1.2058357809e-02,1.7437245920e-02,5.2991887129e-01,1.3490750260e-01,1.0989527396e-01,1.2347344731e-01,7.2309301113e-02,2.2258378368e+00
7.1400000000e+02,1.2040608406e-02,1.7508437024e-02,5.2931947196e-01,1.3619797953e-01,1.1162593116e-01,1.2133374378e-01,7.1973828135e-02,2.2266451255e+00
7.1450000000e+02,1.1969945390e-02,1.7496192362e-02,5.2798288591e-01,1.3736276920e-01,1.1208390995e-01,1.2041702487e-01,7.2687272313e-02,2.2312464043e+00
7.1500000000e+02,1.1956291207e-02,1.7481993872e-02,5.2746505122e-01,1.3846285841e-01,1.1320671035e-01,1.1930753417e-01,7.2119560768e-02,2.2401176482e+00
7.1550000000e+02,1.1879415324e-02,1.7643973071e-02,5.2675811668e-01,1.3919913709e-01,1.1446415797e-01,1.1829836494e-01,7.1756834927e-02,2.2459963904e+00
7.1600000000e+02,1.1846577669e-02,1.7816528564e-02,5.2505637981e-01,1.4089626666e-01,1.1619945525e-01,1.1646311500e-01,7.1721677051e-02,2.2481712541e+00
7.1650000000e+02,1.1822481113e-02,1.8021235909e-02,5.2367383472e-01,1.4239733198e-01,1.1754396544e-01,1.1429582754e-01,7.2245323282e-02,2.2531959841e+00
7.1700000000e+02,1.1938723348e-02,1.8266225295e-02,5.2190782618e-01,1.4454890821e-01,1.1904105001e-01,1.1204134561e-01,7.2255921354e-02,2.2575431496e+00
7.1750000000e+02,1.1935510886e-02,1.8304694100e-02,5.2151982452e-01,1.4416017355e-01,1.1995027505e-01,1.1152953642e-01,7.2599985483e-02,2.2596684097e+00
7.1800000000e+02,1.1956067415e-02,1.8399833355e-02,5.1909259736e-01,1.4565252151e-01,1.2174084827e-01,1.0935342132e-01,7.3804710762e-02,2.2687658817e+00
7.1850000000e+02,1.1913309969e-02,1.8428390910e-02,5.1739023341e-01,1.4840744479e-01,1.2246016549e-01,1.0766857839e-01,7.3731877028e-02,2.2761764509e+00
7.1900000000e+02,1.1913081167e-02,1.8641129939e-02,5.1530393048e-01,1.4966550492e-01,1.2275186651e-01,1.0640677881e-01,7.5317708180e-02,2.2795471004e+00
7.1950000000e+02,1.1987734746e-02,1.8629906227e-02,5.1477282995e-01,1.5196023822e-01,1.2324484885e-01,1.0505401398e-01,7.4350428034e-02,2.2739110408e+00
7.2000000000e+02,1.1931031023e-02,1.8701262932e-02,5.1491079954e-01,1.5271558257e-01,1.2408514475e-01,1.0322545973e-01,7.4430719448e-02,2.2679821258e+00
7.2050000000e+02,1.1956447250e-02,1.8888412072e-02,5.1411517136e-01,1.5471173760e-01,1.2421792180e-01,1.0194018659e-01,7.4170123333e-02,2.2684192071e+00
7.2100000000e+02,1.2026526600e-02,1.9100233595e-02,5.1328587553e-01,1.5638682977e-01,1.2510617676e-01,9.9552617156e-02,7.4541740594e-02,2.2704523309e+00
7.2150000000e+02,1.1973116811e-02,1.9281676690e-02,5.1238018449e-01,1.5730843963e-01,1.2778545346e-01,9.6911857623e-02,7.4359271298e-02,2.2792651013e+00
7.2200000000e+02,1.1999269102e-02,1.9030231039e-02,5.1275750657e-01,1.5687965617e-01,1.2919974286e-01,9.5821365022e-02,7.4312229244e-02,2.2848006795e+00
7.2250000000e+02,1.1905013602e-02,1.8951393723e-02,5.1110582738e-01,1.5850391624e-01,1.3047107615e-01,9.4049191881e-02,7.5013581023e-02,2.2873718849e+00
7.2300000000e+02,1.2003663852e-02,1.9127346036e-02,5.0903709789e-01,1.6110597219e-01,1.3068332076e-01,9.3161534849e-02,7.4881064418e-02,2.2968320182e+00
7.2350000000e+02,1.1929861065e-02,1.9319438072e-02,5.0836265926e-01,1.6133832596e-01,1.3133616630e-01,9.2633581249e-02,7.5079968090e-02,2.3051529365e+00
7.2400000000e+02,1.1787011180e-02,1.9391991906e-02,5.0793132223e-01,1.6199804814e-01,1.3384141431e-01,9.0255650231e-02,7.4794562001e-02,2.3055787730e+00
7.2450000000e+02,1.1793930216e-02,1.9580785976e-02,5.0676229532e-01,1.6280376945e-01,1.3641777797e-01,8.7444513203e-02,7.5196927859e-02,2.3121401663e+00
7.2500000000e+02,1.1763304333e-02,1.9464438224e-02,5.0644369928e-01,1.6312435233e-01,1.3785219446e-01,8.5310348815e-02,7.6041662563e-02,2.3107865540e+00
7.2550000000e+02,1.1771570205e-02,1.9383361533e-02,5.0479697112e-01,1.6396971161e-01,1.3898341057e-01,8.4053384929e-02,7.7041590034e-02,2.3147972735e+00
7.2600000000e+02,1.1759033825e-02,1.9331427530e-02,5.0679288786e-01,1.6305199764e-01,1.3958629135e-01,8.3075184793e-02,7.6403176998e-02,2.3129876236e+00
7.2650000000e+02,1.1603578903e-02,1.9125186461e-02,5.0756826906e-01,1.6418734513e-01,1.4115312069e-01,8.1122189964e-02,7.5240309801e-02,2.3078391048e+00
7.2700000000e+02,1.1530975148e-02,1.9056552861e-02,5.0620604072e-01,1.6589488978e-01,1.4285011684e-01,7.8892856254e-02,7.5568568395e-02,2.3039220418e+00
7.2750000000e+02,1.1597350949e-02,1.9268384605e-02,5.0335890228e-01,1.6818337949e-01,1.4408593956e-01,7.7307687305e-02,7.6198355816e-02,2.3109199147e+00
7.2800000000e+02,1.1590627334e-02,1.9496078172e-02,5.0131702629e-01,1.6937737954e-01,1.4545490280e-01,7.5941623264e-02,7.6822362605e-02,2.3260012906e+00
7.2850000000e+02,1.1579281364e-02,1.9552517538e-02,4.9840601651e-01,1.7179657181e-01,1.4689152498e-01,7.4220333546e-02,7.7553754250e-02,2.3346740908e+00
7.2900000000e+02,1.1681563086e-02,1.9634713517e-02,4.9861136235e-01,1.7235323390e-01,1.4810697780e-01,7.3112170217e-02,7.6499979130e-02,2.3350863500e+00
7.2950000000e+02,1.1683776970e-02,1.9640254231e-02,4.9819322739e-01,1.7323880326e-01,1.4969397611e-01,7.1698043487e-02,7.5851918547e-02,2.3407060059e+00
7.3000000000e+02,1.1691170488e-02,1.9822034662e-02,4.9608122946e-01,1.7535450462e-01,1.5029556414e-01,7.0780592617e-02,7.5974904017e-02,2.3533725410e+00
7.3050000000e+02,1.1718184238e-02,2.0069482408e-02,4.9440232953e-01,1.7688460038e-01,1.5159985950e-01,6.9157077742e-02,7.6168466201e-02,2.3633629701e+00
7.3100000000e+02,1.1664357661e-02,2.0282819238e-02,4.9391619492e-01,1.7746975392e-01,1.5265503760e-01,6.7587453726e-02,7.6424382940e-02,2.3713512393e+00
7.3150000000e+02,1.1586195587e-02,2.0204804710e-02,4.9166997026e-01,1.8008601891e-01,1.5483521048e-01,6.5243279652e-02,7.6374520409e-02,2.3659661239e+00
7.3200000000e+02,1.1558377994e-02,2.0423155562e-02,4.8839594462e-01,1.8315041085e-01,1.5714539123e-01,6.2602548637e-02,7.6724171099e-02,2.3712367881e+00
7.3250000000e+02,1.1554002112e-02,2.0554469453e-02,4.8735507675e-01,1.8399228534e-01,1.5902278756e-01,6.0602047945e-02,7.6919330843e-02,2.3738931453e+00
7.3300000000e+02,1.1567690694e-02,2.0724896958e-02,4.8394855512e-01,1.8693902911e-01,1.6092155257e-01,5.9106279331e-02,7.6791996222e-02,2.3841189510e+00
7.3350000000e+02,1.1550266101e-02,2.0677549194e-02,4.8194106675e-01,1.8898441118e-01,1.6216431918e-01,5.7762029538e-02,7.6920358056e-02,2.3907772614e+00
7.3400000000e+02,1.1638862738e-02,2.0872776954e-02,4.7963753436e-01,1.9077181891e-01,1.6378780887e-01,5.6047572305e-02,7.7243625858e-02,2.3990117802e+00
7.3450000000e+02,1.1682691077e-02,2.1021522746e-02,4.7755525412e-01,1.9270771343e-01,1.6476708391e-01,5.4679335844e-02,7.7586398875e-02,2.4048702499e+00
7.3500000000e+02,1.1633828197e-02,2.1028581457e-02,4.7723673796e-01,1.9391651817e-01,1.6466529242e-01,5.3396541194e-02,7.8122500601e-02,2.3983717600e+00
7.3550000000e+02,1.1578162825e-02,2.1271901258e-02,4.7670892041e-01,1.9552803572e-01,1.6596209318e-01,5.1385231772e-02,7.7565654827e-02,2.3923360015e+00
7.3600000000e+02,1.1512915102e-02,2.1159763249e-02,4.7728662675e-01,1.9583410894e-01,1.6707233354e-01,5.0073879668e-02,7.7060372746e-02,2.3886147381e+00
7.3650000000e+02,1.1527419905e-02,2.1367240272e-02,4.7790686460e-01,1.9617996745e-01,1.6768855457e-01,4.9033606871e-02,7.6296346338e-02,2.3861252753e+00
7.3700000000e+02,1.1481394644e-02,2.1628852271e-02,4.7767951569e-01,1.9596175004e-01,1.6972593391e-01,4.7861183603e-02,7.5661369832e-02,2.3907383504e+00
7.3750000000e+02,1.1425006795e-02,2.1733483150e-02,4.7692034890e-01,1.9718278933e-01,1.7084399515e-01,4.6122960521e-02,7.5771416149e-02,2.3916372632e+00
7.3800000000e+02,1.1361756529e-02,2.1811792976e-02,4.7729688154e-01,1.9864425657e-01,1.7061235056e-01,4.5185860416e-02,7.5087101411e-02,2.3887130403e+00
7.3850000000e+02,1.1376276165e-02,2.2094366321e-02,4.7767576062e-01,1.9851398309e-01,1.7148988619e-01,4.4035342306e-02,7.4814385310e-02,2.3932320810e+00
7.3900000000e+02,1.1227955459e-02,2.2155550698e-02,4.7812243169e-01,1.9994954175e-01,1.7214740481e-01,4.2217147069e-02,7.4179968526e-02,2.3862004378e+00
7.3950000000e+02,1.1233487195e-02,2.1931266888e-02,4.7559177953e-01,2.0195181921e-01,1.7467028541e-01,4.0502345550e-02,7.4119016222e-02,2.3919685539e+00
7.4000000000e+02,1.1237184414e-02,2.2081016620e-02,4.7211253355e-01,2.0506749434e-01,1.7626823651e-01,3.8443826728e-02,7.4789707839e-02,2.3935251432e+00
7.4050000000e+02,1.1232469856e-02,2.2295175279e-02,4.7122745896e-01,2.0646829945e-01,1.7712826227e-01,3.7314880664e-02,7.4333453518e-02,2.3969627189e+00
7.4100000000e+02,1.1236204112e-02,2.2441461394e-02,4.7066460388e-01,2.0712495268e-01,1.7834786206e-01,3.5901687341e-02,7.4283228532e-02,2.3985781868e+00
7.4150000000e+02,1.1250738830e-02,2.2717930409e-02,4.7078321104e-01,2.0786387917e-01,1.7807072348e-01,3.4911077252e-02,7.4402439822e-02,2.4009834342e+00
7.4200000000e+02,1.1154246658e-02,2.2674177338e-02,4.6907104675e-01,2.0918296970e-01,1.7948426740e-01,3.3808552805e-02,7.4624739356e-02,2.3965741876e+00
7.4250000000e+02,1.1169326978e-02,2.2571787192e-02,4.6660361365e-01,2.1157434150e-01,1.8150350679e-01,3.2201520181e-02,7.4375903710e-02,2.3996124454e+00
7.4300000000e+02,1.1164580707e-02,2.2686986232e-02,4.6608397275e-01,2.1361395774e-01,1.8167195745e-01,3.0359960423e-02,7.4418584692e-02,2.3940490863e+00
7.4350000000e+02,1.1108472335e-02,2.2741707626e-02,4.6604855243e-01,2.1457157679e-01,1.8256508422e-01,2.9105743581e-02,7.3858863014e-02,2.3911438307e+00
7.4400000000e+02,1.0994500539e-02,2.2679539935e-02,4.6506232267e-01,2.1654758332e-01,1.8271879737e-01,2.7980441426e-02,7.4016814737e-02,2.3815310235e+00
7.4450000000e+02,1.0881376164e-02,2.2745211825e-02,4.6395144663e-01,2.1861074640e-01,1.8307280606e-01,2.6866157999e-02,7.3872254917e-02,2.3797428300e+00
7.4500000000e+02,1.0885981223e-02,2.2567981446e-02,4.6283169446e-01,2.2023818724e-01,1.8434517495e-01,2.5504438048e-02,7.3626542637e-02,2.3786007066e+00
7.4550000000e+02,1.0845181914e-02,2.2522537889e-02,4.6277444733e-01,2.2218221370e-01,1.8530225158e-01,2.3859517698e-02,7.2513849887e-02,2.3656510035e+00
7.4600000000e+02,1.0786233833e-02,2.2508752207e-02,4.6198223089e-01,2.2328275733e-01,1.8660893230e-01,2.2756880837e-02,7.2074212591e-02,2.3698002769e+00
7.4650000000e+02,1.0846496874e-02,2.2211702779e-02,4.5848076625e-01,2.2576249104e-01,1.8922233508e-01,2.1562631332e-02,7.1913576638e-02,2.3735149865e+00
7.4700000000e+02,1.0822153234e-02,2.2233099017e-02,4.5622159988e-01,2.2673711635e-01,1.9028224968e-01,2.0644858440e-02,7.3058923397e-02,2.3754594283e+00
7.4750000000e+02,1.0751672684e-02,2.2211500186e-02,4.5510221870e-01,2.2732668457e-01,1.9217254101e-01,1.9597408192e-02,7.2837974647e-02,2.3744034224e+00
7.4800000000e+02,1.0864641852e-02,2.2376734460e-02,4.5103652340e-01,2.3146430279e-01,1.9246876012e-01,1.8719429152e-02,7.3069608233e-02,2.3862989098e+00
7.4850000000e+02,1.0929761652e-02,2.2261222522e-02,4.4938215669e-01,2.3383473471e-01,1.9379001557e-01,1.7909973372e-02,7.1892135486e-02,2.3935307139e+00
7.4900000000e+02,1.1011055677e-02,2.2225546743e-02,4.4795070992e-01,2.3565761051e-01,1.9359035374e-01,1.7290775079e-02,7.2273948333e-02,2.3954192348e+00
7.4950000000e+02,1.1034917697e-02,2.2286012152e-02,4.4861501029e-01,2.3541966538e-01,1.9437387341e-01,1.6711447856e-02,7.1559073222e-02,2.3964881953e+00
7.5000000000e+02,1.1031967127e-02,2.2072876838e-02,4.4718799734e-01,2.3731109180e-01,1.9559748716e-01,1.5914926924e-02,7.0883652810e-02,2.3978824655e+00
7.5050000000e+02,1.1183714040e-02,2.2341662784e-02,4.4525315591e-01,2.3814459893e-01,1.9644301028e-01,1.5199661604e-02,7.1434196452e-02,2.4059682723e+00
7.5100000000e+02,1.1254975568e-02,2.2481753249e-02,4.4500415391e-01,2.3803947061e-01,1.9692783788e-01,1.4627067982e-02,7.1664740799e-02,2.4050770499e+00
7.5150000000e+02,1.1057971480e-02,2.2539430159e-02,4.4391853941e-01,2.3954529458e-01,1.9783981444e-01,1.4227475811e-02,7.0871474117e-02,2.4063669332e+00
7.5200000000e+02,1.1024173825e-02,2.2467359016e-02,4.4243964874e-01,2.4211993643e-01,1.9829997009e-01,1.3433731144e-02,7.0215180760e-02,2.4010803359e+00
7.5250000000e+02,1.1004059651e-02,2.2489040556e-02,4.3988215515e-01,2.4499782423e-01,1.9883074513e-01,1.2990436779e-02,6.9805738501e-02,2.4022111924e+00
7.5300000000e+02,1.1018160314e-02,2.2509807532e-02,4.3705638836e-01,2.4794169547e-01,1.9929304971e-01,1.2637279265e-02,6.9543619346e-02,2.4096435054e+00
7.5350000000e+02,1.1024009814e-02,2.2502349503e-02,4.3430064523e-01,2.4972654495e-01,2.0001061288e-01,1.2253922140e-02,7.0181915493e-02,2.4124135469e+00
7.5400000000e+02,1.1017864634e-02,2.2443490660e-02,4.3079191166e-01,2.5301551291e-01,2.0022836600e-01,1.1846689547e-02,7.0656164583e-02,2.4236978442e+00
7.5450000000e+02,1.1197285491e-02,2.2238097981e-02,4.3189876862e-01,2.5251281841e-01,2.0099601936e-01,1.1419034111e-02,6.9737976027e-02,2.4259302448e+00
7.5500000000e+02,1.1209730093e-02,2.2063469698e-02,4.2928769336e-01,2.5619706957e-01,2.0069221536e-01,1.0956251980e-02,6.9593569945e-02,2.4256400577e+00
7.5550000000e+02,1.1241873970e-02,2.2214563129e-02,4.2583825724e-01,2.5940725062e-01,2.0074413661e-01,1.0758450916e-02,6.9795467515e-02,2.4317408930e+00
7.5600000000e+02,1.1321646291e-02,2.2000618386e-02,4.2262960201e-01,2.6182520857e-01,2.0221689514e-01,1.0428471204e-02,6.9577558393e-02,2.4339610211e+00
7.5650000000e+02,1.1416269384e-02,2.1631782623e-02,4.2010049817e-01,2.6465749361e-01,2.0277017663e-01,1.0226759359e-02,6.9197020220e-02,2.4376992169e+00
7.5700000000e+02,1.1457402759e-02,2.1406517669e-02,4.1905243822e-01,2.6637151479e-01,2.0291103960e-01,1.0052360096e-02,6.8748726874e-02,2.4411383322e+00
7.5750000000e+02,1.1547970857e-02,2.1272764283e-02,4.1622885510e-01,2.6976172707e-01,2.0242808499e-01,9.9480737648e-03,6.8812523935e-02,2.4434394155e+00
7.5800000000e+02,1.1624645432e-02,2.1344412404e-02,4.1343978635e-01,2.7095074662e-01,2.0363847414e-01,9.9872343238e-03,6.9014700738e-02,2.4563111761e+00
7.5850000000e+02,1.1679510378e-02,2.1314477175e-02,4.1104521040e-01,2.7324025104e-01,2.0357894390e-01,1.0196419993e-02,6.8945187119e-02,2.4584932782e+00
7.5900000000e+02,1.1954811634e-02,2.1236679286e-02,4.0830777616e-01,2.7527949320e-01,2.0292896828e-01,1.0172735383e-02,7.0119536053e-02,2.4671296485e+00
7.5950000000e+02,1.2031795656e-02,2.0941726963e-02,4.0584434981e-01,2.7597713374e-01,2.0413935909e-01,1.0222078156e-02,7.0843556582e-02,2.4729353152e+00
7.6000000000e+02,1.2006607167e-02,2.0846659817e-02,4.0341058739e-01,2.7823984962e-01,2.0376930408e-01,1.0377925527e-02,7.1349066402e-02,2.4749256830e+00
7.6050000000e+02,1.1913369086e-02,2.0738478698e-02,3.9740317053e-01,2.8405728178e-01,2.0337871659e-01,1.0553023862e-02,7.1955959450e-02,2.4884472940e+00
7.6100000000e+02,1.2052405766e-02,2.0646146388e-02,3.9341029777e-01,2.8539009371e-01,2.0460247098e-01,1.0817499995e-02,7.3081085394e-02,2.4998161821e+00
7.6150000000e+02,1.2130944598e-02,2.0689786940e-02,3.8766105771e-01,2.8975942016e-01,2.0523538473e-01,1.0964943365e-02,7.3558462499e-02,2.5067948421e+00
7.6200000000e+02,1.2156019041e-02,2.0489293025e-02,3.8244783302e-01,2.9507453528e-01,2.0475918538e-01,1.1174822912e-02,7.3898311338e-02,2.5089607211e+00
7.6250000000e+02,1.2224995080e-02,2.0379317539e-02,3.7971741024e-01,2.9807943734e-01,2.0468339708e-01,1.1203059202e-02,7.3712383528e-02,2.5130295895e+00
7.6300000000e+02,1.2299441544e-02,2.0224308495e-02,3.7705317314e-01,3.0020664051e-01,2.0395653241e-01,1.1486060623e-02,7.4773843288e-02,2.5155517311e+00
7.6350000000e+02,1.2469690553e-02,2.0112553838e-02,3.7481177791e-01,3.0045768332e-01,2.0445330100e-01,1.1839402306e-02,7.5855591073e-02,2.5315087890e+00
7.6400000000e+02,1.2587935981e-02,1.9869796392e-02,3.7218854962e-01,3.0175316919e-01,2.0477056268e-01,1.2128073645e-02,7.6701912492e-02,2.5379806475e+00
7.6450000000e+02,1.2569978036e-02,1.9624569786e-02,3.6831001822e-01,3.0533264395e-01,2.0546192455e-01,1.2307327226e-02,7.6393538232e-02,2.5385681625e+00
7.6500000000e+02,1.2544439682e-02,1.9422975653e-02,3.6685008462e-01,3.0723057036e-01,2.0527516596e-01,1.2645811243e-02,7.6030952484e-02,2.5417731652e+00
7.6550000000e+02,1.2525195481e-02,1.9250606112e-02,3.6414861912e-01,3.0961352444e-01,2.0572833625e-01,1.3003885072e-02,7.5729833526e-02,2.5458787913e+00
7.6600000000e+02,1.2720312582e-02,1.9094602327e-02,3.6014219420e-01,3.1372410711e-01,2.0505425808e-01,1.3484484837e-02,7.5780040862e-02,2.5474830269e+00
7.6650000000e+02,1.3076432844e-02,1.9050672020e-02,3.5896200326e-01,3.1433781159e-01,2.0470918155e-01,1.4021824085e-02,7.5842074663e-02,2.5569563477e+00
7.6700000000e+02,1.3168014584e-02,1.8829146650e-02,3.5676339351e-01,3.1679344785e-01,2.0462155220e-01,1.4336583958e-02,7.5487861243e-02,2.5609583593e+00
7.6750000000e+02,1.3238048389e-02,1.8617568051e-02,3.5479642834e-01,3.1873690526e-01,2.0445797756e-01,1.4815887193e-02,7.5337185216e-02,2.5543000041e+00
7.6800000000e+02,1.3295443502e-02,1.8305796986e-02,3.5163900154e-01,3.2100604252e-01,2.0458624147e-01,1.5254089883e-02,7.5913384101e-02,2.5561124123e+00
7.6850000000e+02,1.3316259625e-02,1.8097850086e-02,3.4875725985e-01,3.2400146127e-01,2.0354971235e-01,1.5809774712e-02,7.6467682108e-02,2.5625850080e+00
7.6900000000e+02,1.3344562635e-02,1.8075021236e-02,3.4574118332e-01,3.2581393071e-01,2.0368067148e-01,1.6177254498e-02,7.7167376123e-02,2.5666747132e+00
7.6950000000e+02,1.3423166701e-02,1.7962457553e-02,3.4075289744e-01,3.3002632566e-01,2.0384921977e-01,1.6614178678e-02,7.7371754199e-02,2.5721639993e+00
7.7000000000e+02,1.3388408921e-02,1.7871600065e-02,3.3624526414e-01,3.3563468708e-01,2.0270065080e-01,1.7264479686e-02,7.6894909306e-02,2.5698266962e+00
7.7050000000e+02,1.3345487028e-02,1.7809106639e-02,3.3303777033e-01,3.3779258807e-01,2.0289659916e-01,1.7925624471e-02,7.7192824306e-02,2.5748526700e+00
7.7100000000e+02,1.3349788827e-02,1.7546599261e-02,3.2962066433e-01,3.3878783779e-01,2.0348030495e-01,1.8401399704e-02,7.8813405141e-02,2.5845561155e+00
7.7150000000e+02,1.3402581114e-02,1.7298616502e-02,3.2424367120e-01,3.4082989026e-01,2.0528482791e-01,1.9062316547e-02,7.9878096465e-02,2.5975722379e+00
7.7200000000e+02,1.3379246110e-02,1.7020045412e-02,3.2214802564e-01,3.4226060285e-01,2.0633757639e-01,1.9305831315e-02,7.9548672280e-02,2.5952215716e+00
7.7250000000e+02,1.3470895822e-02,1.6735024565e-02,3.1910140426e-01,3.4490361757e-01,2.0656332605e-01,2.0114403132e-02,7.9111328602e-02,2.5958842605e+00
7.7300000000e+02,1.3434835872e-02,1.6313117260e-02,3.1753148892e-01,3.4556477062e-01,2.0690557422e-01,2.0683267082e-02,7.9566946029e-02,2.5975230653e+00
7.7350000000e+02,1.3539147450e-02,1.6187676618e-02,3.1535727864e-01,3.4570816294e-01,2.0747858604e-01,2.1163529209e-02,8.0565619095e-02,2.6009710701e+00
7.7400000000e+02,1.3503856197e-02,1.6123007805e-02,3.1235641242e-01,3.4741049910e-01,2.0819472817e-01,2.1779473861e-02,8.0632022445e-02,2.6056114031e+00
7.7450000000e+02,1.3408650944e-02,1.6075314501e-02,3.1002004738e-01,3.4770234435e-01,2.0889892348e-01,2.2608701413e-02,8.1286017938e-02,2.6129040310e+00
7.7500000000e+02,1.3487880157e-02,1.5651270981e-02,3.0634050989e-01,3.5037488977e-01,2.0841254832e-01,2.3579388401e-02,8.2153512482e-02,2.6175387250e+00
7.7550000000e+02,1.3451564413e-02,1.5387951413e-02,3.0347596411e-01,3.5178460849e-01,2.0843293369e-01,2.4284919588e-02,8.3182058305e-02,2.6207630506e+00
7.7600000000e+02,1.3407989251e-02,1.5094606202e-02,2.9958432974e-01,3.5387719983e-01,2.1000108419e-01,2.4846851279e-02,8.3187939509e-02,2.6252667869e+00
7.7650000000e+02,1.3149208145e-02,1.4881479866e-02,2.9685209889e-01,3.5692908885e-01,2.0828821036e-01,2.6174316135e-02,8.3725597749e-02,2.6274115613e+00
7.7700000000e+02,1.3010938936e-02,1.4632981669e-02,2.9446751148e-01,3.5904653083e-01,2.0806935353e-01,2.6908626070e-02,8.3864057486e-02,2.6278863895e+00
7.7750000000e+02,1.2975310710e-02,1.4423176849e-02,2.9114377192e-01,3.6335801044e-01,2.0688149904e-01,2.7155964851e-02,8.4062266194e-02,2.6158012294e+00
7.7800000000e+02,1.3099396511e-02,1.4207616573e-02,2.8920815136e-01,3.6573731410e-01,2.0472624525e-01,2.7957174424e-02,8.5064101786e-02,2.6182494777e+00
7.7850000000e+02,1.3173644094e-02,1.3990142000e-02,2.8633504442e-01,3.6696848156e-01,2.0539636541e-01,2.8489456817e-02,8.5646865699e-02,2.6147592511e+00
7.7900000000e+02,1.3231937727e-02,1.3834034872e-02,2.8058775666e-01,3.7083111283e-01,2.0586228992e-01,2.9446169724e-02,8.6206698270e-02,2.6156677875e+00
7.7950000000e+02,1.3162205289e-02,1.3620416747e-02,2.7751687125e-01,3.7464145334e-01,2.0420560023e-01,3.0497144170e-02,8.6356308967e-02,2.6053430893e+00
7.8000000000e+02,1.3101955195e-02,1.3435161534e-02,2.7524660648e-01,3.7536623178e-01,2.0435089849e-01,3.1279369404e-02,8.7219777115e-02,2.6093820194e+00
7.8050000000e+02,1.2937142173e-02,1.3224109788e-02,2.7357381598e-01,3.7734914126e-01,2.0344741045e-01,3.1933513813e-02,8.7534866541e-02,2.5998983327e+00
7.8100000000e+02,1.2918653005e-02,1.3016956865e-02,2.7188928261e-01,3.7853387204e-01,2.0265031985e-01,3.2846035639e-02,8.8144879999e-02,2.5965103736e+00
7.8150000000e+02,1.2844759046e-02,1.2839096159e-02,2.6758886530e-01,3.8146663497e-01,2.0296490424e-01,3.3904704069e-02,8.8391036210e-02,2.5926091243e+00
7.8200000000e+02,1.2726621244e-02,1.2698332230e-02,2.6520686265e-01,3.8232028326e-01,2.0358528548e-01,3.4391340395e-02,8.9071274748e-02,2.5885408838e+00
7.8250000000e+02,1.2701345982e-02,1.2444320413e-02,2.6088783579e-01,3.8678686975e-01,2.0312927596e-01,3.4718539887e-02,8.9331812219e-02,2.5778269220e+00
7.8300000000e+02,1.2586178486e-02,1.2318564265e-02,2.5753876111e-01,3.9092437412e-01,2.0233738857e-01,3.5247008442e-02,8.9047725016e-02,2.5701807666e+00
7.8350000000e+02,1.2497207029e-02,1.2126669577e-02,2.5354324566e-01,3.9340618148e-01,2.0292319275e-01,3.6012118743e-02,8.9491384764e-02,2.5654473321e+00
7.8400000000e+02,1.2415001622e-02,1.2080311670e-02,2.5048295949e-01,3.9650544146e-01,2.0184477884e-01,3.6749901318e-02,8.9921605596e-02,2.5577094680e+00
7.8450000000e+02,1.2438856368e-02,1.1996175018e-02,2.4837668687e-01,3.9759138067e-01,2.0160110657e-01,3.7444219234e-02,9.0551575264e-02,2.5541309039e+00
7.8500000000e+02,1.2372293383e-02,1.1897251168e-02,2.4518476779e-01,3.9941687602e-01,2.0061008999e-01,3.8086635481e-02,9.2432086173e-02,2.5524090152e+00
7.8550000000e+02,1.2309177793e-02,1.1766065021e-02,2.4064859556e-01,4.0388781740e-01,1.9913383284e-01,3.9578731339e-02,9.2675780041e-02,2.5469234604e+00
7.8600000000e+02,1.2312220574e-02,1.1641657333e-02,2.3734106230e-01,4.0425721122e-01,1.9905842544e-01,4.1411699639e-02,9.3977723498e-02,2.5480183857e+00
7.8650000000e+02,1.2207934702e-02,1.1452289094e-02,2.3414832600e-01,4.0732258282e-01,1.9777006808e-01,4.2723156821e-02,9.4375642494e-02,2.5370674487e+00
7.8700000000e+02,1.2214296901e-02,1.1236346884e-02,2.3243732535e-01,4.0707908248e-01,1.9730583287e-01,4.4546635628e-02,9.5180479889e-02,2.5367500448e+00
7.8750000000e+02,1.2177794736e-02,1.1104997184e-02,2.2866262932e-01,4.0911114893e-01,1.9631059889e-01,4.5864557106e-02,9.6768273834e-02,2.5364992104e+00
7.8800000000e+02,1.1966265204e-02,1.0882394077e-02,2.2547548813e-01,4.1144102671e-01,1.9628400078e-01,4.6649589571e-02,9.7301235527e-02,2.5303666245e+00
7.8850000000e+02,1.1973525813e-02,1.0639179542e-02,2.2348753058e-01,4.1318354276e-01,1.9671737218e-01,4.7139737421e-02,9.6859111700e-02,2.5224092356e+00
7.8900000000e+02,1.2060873301e-02,1.0469895658e-02,2.2116534457e-01,4.1330462992e-01,1.9727648374e-01,4.7741223504e-02,9.7981549309e-02,2.5197661536e+00
7.8950000000e+02,1.2052305838e-02,1.0203252503e-02,2.1677004971e-01,4.1938126687e-01,1.9558466311e-01,4.9039848336e-02,9.6968613628e-02,2.5053822562e+00
7.9000000000e+02,1.2055759769e-02,1.0068410446e-02,2.1425758575e-01,4.2030144131e-01,1.9492214941e-01,5.0640910952e-02,9.7753742356e-02,2.4981810466e+00
7.9050000000e+02,1.2058032005e-02,9.8432877979e-03,2.1236011572e-01,4.2252866305e-01,1.9442049995e-01,5.0711975067e-02,9.8077426407e-02,2.4823647252e+00
7.9100000000e+02,1.1878760052e-02,9.6615605613e-03,2.0944308481e-01,4.2579417433e-01,1.9354656820e-01,5.1284161799e-02,9.8391690257e-02,2.4666763798e+00
7.9150000000e+02,1.1660123744e-02,9.4088325684e-03,2.0613196641e-01,4.2941343722e-01,1.9197453986e-01,5.2564004733e-02,9.8847095464e-02,2.4525936431e+00
7.9200000000e+02,1.1641578376e-02,9.3515563763e-03,2.0357248848e-01,4.2855452237e-01,1.9305100307e-01,5.3188746404e-02,1.0064010493e-01,2.4508154595e+00
7.9250000000e+02,1.1623394957e-02,9.2388321264e-03,2.0111233071e-01,4.3019555986e-01,1.9258425710e-01,5.4289312958e-02,1.0095631228e-01,2.4439016310e+00
7.9300000000e+02,1.1597436747e-02,9.1596686415e-03,2.0009283282e-01,4.3221308852e-01,1.9065549885e-01,5.5347285653e-02,1.0093418877e-01,2.4304065347e+00
7.9350000000e+02,1.1519792934e-02,9.0144519138e-03,1.9743000583e-01,4.3430936614e-01,1.8856824831e-01,5.6709469444e-02,1.0244866543e-01,2.4174060088e+00
7.9400000000e+02,1.1392229020e-02,8.7919434769e-03,1.9411637544e-01,4.3890562245e-01,1.8764229097e-01,5.7013847652e-02,1.0213769099e-01,2.3932623236e+00
7.9450000000e+02,1.1461494592e-02,8.6601457502e-03,1.9092220897e-01,4.4129946476e-01,1.8741721379e-01,5.8202123569e-02,1.0203734858e-01,2.3853354763e+00
7.9500000000e+02,1.1433311526e-02,8.4966881599e-03,1.8621815021e-01,4.4611432405e-01,1.8652251646e-01,5.8770636365e-02,1.0244437323e-01,2.3712444099e+00
7.9550000000e+02,1.1489854678e-02,8.4895117406e-03,1.8299316024e-01,4.4895087835e-01,1.8538584324e-01,6.0193434627e-02,1.0249731712e-01,2.3565066920e+00
7.9600000000e+02,1.1553761884e-02,8.4056026662e-03,1.7959047084e-01,4.5117980746e-01,1.8508636359e-01,6.1000685368e-02,1.0318330819e-01,2.3464594235e+00
7.9650000000e+02,1.1388669493e-02,8.2624149448e-03,1.7710735754e-01,4.5186906312e-01,1.8553911983e-01,6.1860877429e-02,1.0397249765e-01,2.3314815428e+00
7.9700000000e+02,1.1329812153e-02,8.1131119398e-03,1.7409212981e-01,4.5362540073e-01,1.8485739173e-01,6.2520461235e-02,1.0546169240e-01,2.3172094300e+00
7.9750000000e+02,1.1296118317e-02,7.8831736417e-03,1.7197350566e-01,4.5446625651e-01,1.8517161267e-01,6.3215930043e-02,1.0599340316e-01,2.3056462645e+00
7.9800000000e+02,1.1258449084e-02,7.8766416697e-03,1.7088904927e-01,4.5591168740e-01,1.8416728320e-01,6.3581325207e-02,1.0631556418e-01,2.2939236152e+00
7.9850000000e+02,1.1313191948e-02,7.7993568034e-03,1.6810133243e-01,4.5581059584e-01,1.8432522212e-01,6.5077072047e-02,1.0757322881e-01,2.2928099264e+00
7.9900000000e+02,1.1337978730e-02,7.7325751597e-03,1.6699541591e-01,4.5684958667e-01,1.8264771103e-01,6.6809261519e-02,1.0762747099e-01,2.2822644983e+00
7.9950000000e+02,1.1343176103e-02,7.5866088308e-03,1.6331594782e-01,4.6035351991e-01,1.8069735590e-01,6.8263416363e-02,1.0843997507e-01,2.2736249755e+00
8.0000000000e+02,1.1215157407e-02,7.4867913982e-03,1.6087757201e-01,4.6139174701e-01,1.8121826679e-01,6.9296995759e-02,1.0851346962e-01,2.2612278389e+00
8.0050000000e+02,1.1107798626e-02,7.3066489878e-03,1.5752076980e-01,4.6402326810e-01,1.8127771163e-01,7.0936474244e-02,1.0782732861e-01,2.2457002587e+00
8.0100000000e+02,1.1007917252e-02,7.2175144183e-03,1.5493588575e-01,4.6558097932e-01,1.7994933818e-01,7.3343665850e-02,1.0796469923e-01,2.2298653897e+00
8.0150000000e+02,1.0896078477e-02,7.1172426296e-03,1.5346133276e-01,4.6648529589e-01,1.7836597592e-01,7.5448687157e-02,1.0822538717e-01,2.2183051458e+00
8.0200000000e+02,1.0776796110e-02,6.9833762542e-03,1.5179869503e-01,4.6686220251e-01,1.7748121788e-01,7.7266401819e-02,1.0883131039e-01,2.2021009212e+00
8.0250000000e+02,1.0784539962e-02,6.9108323047e-03,1.5185388298e-01,4.6442854060e-01,1.7716571337e-01,7.9323054974e-02,1.0953343581e-01,2.1932892845e+00
8.0300000000e+02,1.0690783253e-02,6.8981948818e-03,1.5220157157e-01,4.6391349567e-01,1.7619109021e-01,8.0973845229e-02,1.0913101919e-01,2.1709046060e+00
8.0350000000e+02,1.0505377382e-02,6.8391651282e-03,1.5098529350e-01,4.6566163441e-01,1.7508426732e-01,8.1345846510e-02,1.0957841575e-01,2.1471311668e+00
8.0400000000e+02,1.0512516559e-02,6.8687826500e-03,1.4769614706e-01,4.6821671153e-01,1.7389889517e-01,8.2421655364e-02,1.1038529167e-01,2.1333668495e+00
8.0450000000e+02,1.0454023262e-02,6.8536232824e-03,1.4520723778e-01,4.7087362437e-01,1.7165186507e-01,8.3549816729e-02,1.1140980951e-01,2.1170452932e+00
8.0500000000e+02,1.0467973673e-02,6.7200261966e-03,1.4496758722e-01,4.7087709511e-01,1.7160973011e-01,8.3273213285e-02,1.1208437440e-01,2.0962048539e+00
8.0550000000e+02,1.0529539643e-02,6.7236682888e-03,1.4479744937e-01,4.7031432862e-01,1.7101686224e-01,8.4507026666e-02,1.1211112517e-01,2.0869813515e+00
8.0600000000e+02,1.0501772483e-02,6.7613367273e-03,1.4294923985e-01,4.7194216151e-01,1.6948465474e-01,8.6034644424e-02,1.1232619026e-01,2.0775610254e+00
8.0650000000e+02,1.0372581927e-02,6.7592303280e-03,1.4044475722e-01,4.7468810275e-01,1.6747647532e-01,8.7646041200e-02,1.1261281126e-01,2.0612532418e+00
8.0700000000e+02,1.0261349582e-02,6.6450425185e-03,1.3885179750e-01,4.7618009797e-01,1.6628918854e-01,8.9563003472e-02,1.1220952042e-01,2.0453331848e+00
8.0750000000e+02,1.0235248865e-02,6.5957750268e-03,1.3835228835e-01,4.7758258998e-01,1.6457124970e-01,9.0720132497e-02,1.1194271558e-01,2.0262777947e+00
8.0800000000e+02,1.0101028244e-02,6.5827150920e-03,1.3700402285e-01,4.7647979395e-01,1.6487358836e-01,9.2527958178e-02,1.1243089333e-01,2.0150817676e+00
8.0850000000e+02,1.0118699228e-02,6.5251696560e-03,1.3620406587e-01,4.7413438401e-01,1.6577447648e-01,9.3881279555e-02,1.1336192520e-01,2.0024054123e+00
8.0900000000e+02,1.0067777088e-02,6.4541537151e-03,1.3610843524e-01,4.7235835201e-01,1.6513052005e-01,9.6122462090e-02,1.1375829981e-01,1.9900667061e+00
8.0950000000e+02,1.0094694830e-02,6.2980460967e-03,1.3627655080e-01,4.7241599055e-01,1.6411662423e-01,9.7436282456e-02,1.1336181104e-01,1.9770360761e+00
8.1000000000e+02,1.0150962891e-02,6.3101426077e-03,1.3610084301e-01,4.7116696853e-01,1.6357243585e-01,9.9811592323e-02,1.1288705480e-01,1.9687883801e+00
8.1050000000e+02,1.0058628935e-02,6.2559751838e-03,1.3543018286e-01,4.7184511905e-01,1.6143921646e-01,1.0124621840e-01,1.1372465911e-01,1.9488427105e+00
8.1100000000e+02,1.0063901864e-02,6.2405416535e-03,1.3562091797e-01,4.7105775357e-01,1.6000314920e-01,1.0326743547e-01,1.1374630027e-01,1.9344452772e+00
8.1150000000e+02,1.0143734627e-02,6.2546757552e-03,1.3587156763e-01,4.6948802357e-01,1.6024992239e-01,1.0398848546e-01,1.1400359057e-01,1.9196783607e+00
8.1200000000e+02,1.0220501352e-02,6.1324797915e-03,1.3554480244e-01,4.7100021020e-01,1.5872119494e-01,1.0463951625e-01,1.1374129502e-01,1.9034250374e+00
8.1250000000e+02,1.0208518721e-02,6.0797990821e-03,1.3547271629e-01,4.6924645408e-01,1.5803497193e-01,1.0657056896e-01,1.1438697094e-01,1.8954426858e+00
8.1300000000e+02,9.9166873841e-03,6.0074057717e-03,1.3353296585e-01,4.7238387198e-01,1.5603002846e-01,1.0875588416e-01,1.1337315640e-01,1.8857023077e+00
8.1350000000e+02,9.8530781084e-03,5.8864175300e-03,1.3393461981e-01,4.7142058254e-01,1.5608682313e-01,1.0904153944e-01,1.1377693944e-01,1.8725479420e+00
8.1400000000e+02,9.6574291487e-03,5.7313346942e-03,1.3426688275e-01,4.7203589047e-01,1.5524241657e-01,1.1066945689e-01,1.1239658948e-01,1.8534509850e+00
8.1450000000e+02,9.5134295368e-03,5.7192220517e-03,1.3167351153e-01,4.7499481049e-01,1.5444440486e-01,1.1154274246e-01,1.1211187907e-01,1.8435939475e+00
8.1500000000e+02,9.5019317820e-03,5.6727632953e-03,1.3059207681e-01,4.7531081565e-01,1.5450532990e-01,1.1317057347e-01,1.1124650909e-01,1.8367778092e+00
8.1550000000e+02,9.3854015090e-03,5.6357110815e-03,1.3102919377e-01,4.7395687591e-01,1.5426099309e-01,1.1449927867e-01,1.1123254597e-01,1.8255263205e+00
8.1600000000e+02,9.4088326545e-03,5.6046334519e-03,1.3110920950e-01,4.7048945425e-01,1.5382210159e-01,1.1580606558e-01,1.1375970297e-01,1.8289584835e+00
8.1650000000e+02,9.3963662704e-03,5.6064095454e-03,1.3078629843e-01,4.7034832063e-01,1.5313247849e-01,1.1764218080e-01,1.1308794584e-01,1.8263508131e+00
8.1700000000e+02,9.4132744515e-03,5.6295719196e-03,1.3064746328e-01,4.7079782408e-01,1.5090705078e-01,1.1945043873e-01,1.1315437675e-01,1.8279244907e+00
8.1750000000e+02,9.2656504245e-03,5.5915898362e-03,1.3217298691e-01,4.6969428099e-01,1.4852665422e-01,1.2177545565e-01,1.1297338198e-01,1.8241224685e+00
8.1800000000e+02,9.2717922845e-03,5.5854459858e-03,1.3363550610e-01,4.6914230241e-01,1.4743152602e-01,1.2253688249e-01,1.1239654472e-01,1.8242759208e+00
8.1850000000e+02,9.2077925608e-03,5.5635838145e-03,1.3407251912e-01,4.7000743334e-01,1.4582922676e-01,1.2317286499e-01,1.1214657942e-01,1.8242689950e+00
8.1900000000e+02,9.1449936261e-03,5.5355061308e-03,1.3456984113e-01,4.6809416180e-01,1.4589717175e-01,1.2375962686e-01,1.1299869870e-01,1.8265794367e+00
8.1950000000e+02,9.1381645581e-03,5.5816721988e-03,1.3554051497e-01,4.6607407887e-01,1.4462040328e-01,1.2556146150e-01,1.1348370463e-01,1.8326975424e+00
8.2000000000e+02,9.0682427173e-03,5.5407520162e-03,1.3625659006e-01,4.6672001790e-01,1.4412338874e-01,1.2536489244e-01,1.1292611612e-01,1.8306416386e+00
8.2050000000e+02,9.0098882824e-03,5.5052997111e-03,1.3569636487e-01,4.6799011236e-01,1.4312123230e-01,1.2632085304e-01,1.1235624944e-01,1.8316719421e+00
8.2100000000e+02,9.0000424208e-03,5.5032800696e-03,1.3626563819e-01,4.6965004208e-01,1.4108198846e-01,1.2720546450e-01,1.1129354428e-01,1.8307745956e+00
8.2150000000e+02,8.8436321348e-03,5.4888994203e-03,1.3672652145e-01,4.6863537789e-01,1.4036639463e-01,1.2795361660e-01,1.1198555788e-01,1.8386250909e+00
8.2200000000e+02,8.8455536440e-03,5.4856582686e-03,1.3656528130e-01,4.6935169970e-01,1.3991855654e-01,1.2768022747e-01,1.1215302309e-01,1.8448210841e+00
8.2250000000e+02,8.7399427711e-03,5.4345380920e-03,1.3811925316e-01,4.6883987670e-01,1.3916116080e-01,1.2838782087e-01,1.1131740760e-01,1.8464670559e+00
8.2300000000e+02,8.8597568987e-03,5.4395245625e-03,1.3860043153e-01,4.6738396878e-01,1.3815104401e-01,1.2972071692e-01,1.1184455731e-01,1.8550928606e+00
8.2350000000e+02,8.7941366496e-03,5.4108491005e-03,1.3883850742e-01,4.6579398300e-01,1.3862531769e-01,1.3017338264e-01,1.1236382350e-01,1.8609115385e+00
8.2400000000e+02,8.8469194963e-03,5.4807936151e-03,1.4012804001e-01,4.6407661227e-01,1.3708862034e-01,1.3200082997e-01,1.1237818430e-01,1.8674548050e+00
8.2450000000e+02,8.8130073965e-03,5.5171650685e-03,1.4172511691e-01,4.6144867036e-01,1.3646172990e-01,1.3316159560e-01,1.1287271477e-01,1.8787959171e+00
8.2500000000e+02,8.7857731349e-03,5.6307363931e-03,1.4250531967e-01,4.6055519194e-01,1.3483082132e-01,1.3462707160e-01,1.1306508594e-01,1.8900016803e+00
8.2550000000e+02,8.8144259797e-03,5.7569543826e-03,1.4408454843e-01,4.5679107611e-01,1.3482296306e-01,1.3564226689e-01,1.1408776514e-01,1.9044137168e+00
8.2600000000e+02,8.7426221086e-03,5.8124338354e-03,1.4439493721e-01,4.5586687546e-01,1.3400004282e-01,1.3704646136e-01,1.1413662721e-01,1.9084694320e+00
8.2650000000e+02,8.6720672272e-03,5.8059904815e-03,1.4569002719e-01,4.5364133925e-01,1.3297098472e-01,1.3876645003e-01,1.1445314110e-01,1.9170247075e+00
8.2700000000e+02,8.6218457037e-03,5.8065023269e-03,1.4600886538e-01,4.5225249192e-01,1.3211557749e-01,1.4013048681e-01,1.1506423037e-01,1.9269182878e+00
8.2750000000e+02,8.6327344216e-03,5.7974357069e-03,1.4703419596e-01,4.5159708878e-01,1.3052397113e-01,1.4155879407e-01,1.1485577994e-01,1.9329225703e+00
8.2800000000e+02,8.6402999449e-03,5.8301303751e-03,1.4749134087e-01,4.5232496799e-01,1.2814112824e-01,1.4293077211e-01,1.1464136048e-01,1.9379387458e+00
8.2850000000e+02,8.5081025069e-03,5.8398080935e-03,1.4937658723e-01,4.5074225306e-01,1.2708106618e-01,1.4350275546e-01,1.1494942746e-01,1.9419524614e+00
8.2900000000e+02,8.4956979492e-03,5.9005939420e-03,1.5051954856e-01,4.4986910975e-01,1.2680946275e-01,1.4459178429e-01,1.1381380275e-01,1.9436639772e+00
8.2950000000e+02,8.3919323398e-03,5.9792565960e-03,1.5147687508e-01,4.4670986287e-01,1.2779402018e-01,1.4522584187e-01,1.1442221107e-01,1.9550124043e+00
8.3000000000e+02,8.4431875483e-03,5.9840977413e-03,1.5082351538e-01,4.4701437161e-01,1.2640837246e-01,1.4651938798e-01,1.1480706728e-01,1.9599000379e+00
8.3050000000e+02,8.3441176241e-03,5.9893544989e-03,1.5140276620e-01,4.4628629030e-01,1.2537735738e-01,1.4806476876e-01,1.1453534524e-01,1.9605840912e+00
8.3100000000e+02,8.2113319622e-03,5.9617931196e-03,1.5117744197e-01,4.4684583605e-01,1.2402766377e-01,1.4956972582e-01,1.1420620731e-01,1.9663777853e+00
8.3150000000e+02,8.1968399450e-03,6.0529271745e-03,1.5230574173e-01,4.4539291305e-01,1.2352968021e-01,1.4986642319e-01,1.1465547470e-01,1.9683597586e+00
8.3200000000e+02,8.1371888864e-03,6.1408734002e-03,1.5405743574e-01,4.4317825908e-01,1.2280387499e-01,1.5049524215e-01,1.1518712574e-01,1.9758205951e+00
8.3250000000e+02,8.1164012170e-03,6.1253798884e-03,1.5606849043e-01,4.4265240225e-01,1.2223791310e-01,1.5040107755e-01,1.1439833558e-01,1.9763509349e+00
8.3300000000e+02,8.1564775743e-03,6.2177673156e-03,1.5744626324e-01,4.4206051724e-01,1.2065991190e-01,1.5120116085e-01,1.1425790187e-01,1.9822919769e+00
8.3350000000e+02,8.1406539246e-03,6.2097275824e-03,1.5897053992e-01,4.3978574478e-01,1.1928706729e-01,1.5212443034e-01,1.1548183616e-01,1.9903125862e+00
8.3400000000e+02,8.2052248125e-03,6.1860802942e-03,1.5961104059e-01,4.3857573680e-01,1.1908658434e-01,1.5340717657e-01,1.1492815659e-01,1.9935094681e+00
8.3450000000e+02,8.1549991350e-03,6.2175824997e-03,1.6206725550e-01,4.3658414615e-01,1.1829636531e-01,1.5415860578e-01,1.1452104563e-01,1.9926341100e+00
8.3500000000e+02,8.1319395922e-03,6.3430652227e-03,1.6435083615e-01,4.3457505289e-01,1.1864916775e-01,1.5419539052e-01,1.1375454787e-01,1.9939647608e+00
8.3550000000e+02,8.1821195865e-03,6.5282038439e-03,1.6461179793e-01,4.3335289097e-01,1.1829164346e-01,1.5408945359e-01,1.1494389063e-01,1.9988283394e+00
8.3600000000e+02,8.1540534620e-03,6.6091758968e-03,1.6689633675e-01,4.3009013062e-01,1.1910927024e-01,1.5376384116e-01,1.1537719186e-01,2.0012505221e+00
8.3650000000e+02,8.1242062321e-03,6.6563413348e-03,1.6790376426e-01,4.2783197301e-01,1.1841678357e-01,1.5481733966e-01,1.1624959194e-01,2.0077435175e+00
8.3700000000e+02,8.1673320739e-03,6.7744039498e-03,1.6866211232e-01,4.2732596718e-01,1.1737491840e-01,1.5531826356e-01,1.1637700251e-01,2.0126977202e+00
8.3750000000e+02,8.0507660949e-03,6.7332089944e-03,1.7035705603e-01,4.2503805390e-01,1.1665135700e-01,1.5602616802e-01,1.1714338996e-01,2.0229192779e+00
8.3800000000e+02,7.9812064841e-03,6.6312250022e-03,1.6966066863e-01,4.2546732038e-01,1.1693140140e-01,1.5646525197e-01,1.1686292614e-01,2.0302367383e+00
8.3850000000e+02,8.0506346441e-03,6.7493892809e-03,1.6988011848e-01,4.2493785272e-01,1.1581874276e-01,1.5674794042e-01,1.1781532170e-01,2.0361730388e+00
8.3900000000e+02,8.0408180580e-03,6.7881624162e-03,1.7000548868e-01,4.2487787124e-01,1.1591569956e-01,1.5641126264e-01,1.1796069741e-01,2.0411105236e+00
8.3950000000e+02,8.1727305145e-03,6.8907165124e-03,1.7168048664e-01,4.2134957051e-01,1.1679322790e-01,1.5595796728e-01,1.1915530063e-01,2.0550965889e+00
8.4000000000e+02,8.1839369833e-03,6.9601719595e-03,1.7265771169e-01,4.1903572536e-01,1.1631636612e-01,1.5670329028e-01,1.2014279760e-01,2.0640535194e+00
8.4050000000e+02,8.1119324211e-03,7.0260578212e-03,1.7426599618e-01,4.1650943802e-01,1.1624438867e-01,1.5733681875e-01,1.2050536814e-01,2.0751077666e+00
8.4100000000e+02,8.0979689851e-03,7.0906959892e-03,1.7465964699e-01,4.1653334725e-01,1.1602245348e-01,1.5799554619e-01,1.1960034110e-01,2.0856026513e+00
8.4150000000e+02,8.0719805759e-03,7.1665920418e-03,1.7718954064e-01,4.1361609115e-01,1.1629173978e-01,1.5854084339e-01,1.1912321242e-01,2.0924544537e+00
8.4200000000e+02,7.9247512563e-03,7.2669880116e-03,1.7805619427e-01,4.1244360622e-01,1.1642077572e-01,1.5888108579e-01,1.1900659873e-01,2.0986717514e+00
8.4250000000e+02,7.8528811873e-03,7.3783513975e-03,1.7625010785e-01,4.1390806872e-01,1.1686786807e-01,1.5952957855e-01,1.1821314422e-01,2.1059584057e+00
8.4300000000e+02,7.9026847909e-03,7.6291460647e-03,1.7724699124e-01,4.1216580235e-01,1.1776070347e-01,1.5907956693e-01,1.1821510515e-01,2.1269524460e+00
8.4350000000e+02,7.9062046255e-03,7.7881672448e-03,1.7648196948e-01,4.1220195934e-01,1.1947006355e-01,1.5815042818e-01,1.1800120757e-01,2.1333899871e+00
8.4400000000e+02,7.7900818960e-03,7.7062455667e-03,1.7744057211e-01,4.1014134097e-01,1.2024784364e-01,1.5861815381e-01,1.1805576201e-01,2.1417093352e+00
8.4450000000e+02,7.8340722969e-03,7.7319196198e-03,1.7857751031e-01,4.0912645291e-01,1.2038840197e-01,1.5845413837e-01,1.1788750453e-01,2.1504955563e+00
8.4500000000e+02,7.7470819832e-03,7.8068025913e-03,1.7953740793e-01,4.0806268197e-01,1.2113829669e-01,1.5786768289e-01,1.1784004594e-01,2.1591618334e+00
8.4550000000e+02,7.7877927442e-03,7.8266044826e-03,1.8170641736e-01,4.0619439120e-01,1.2105049571e-01,1.5769978334e-01,1.1773451517e-01,2.1719083379e+00
8.4600000000e+02,7.7765441639e-03,7.8777872180e-03,1.8385326587e-01,4.0506856036e-01,1.2039659725e-01,1.5795598821e-01,1.1707125694e-01,2.1764289909e+00
8.4650000000e+02,7.7578537876e-03,8.0812126870e-03,1.8517255251e-01,4.0457230295e-01,1.2060340668e-01,1.5708526499e-01,1.1672740639e-01,2.1823766357e+00
8.4700000000e+02,7.7221663794e-03,8.1594397739e-03,1.8712140984e-01,4.0241649873e-01,1.2064962679e-01,1.5700028349e-01,1.1693057499e-01,2.1902359995e+00
8.4750000000e+02,7.6128631168e-03,8.2795100792e-03,1.8974969778e-01,3.9990188454e-01,1.2079839107e-01,1.5637484435e-01,1.1728280907e-01,2.2013919150e+00
8.4800000000e+02,7.5942019210e-03,8.4350602140e-03,1.9136617792e-01,3.9778564470e-01,1.2186392033e-01,1.5573693996e-01,1.1721805495e-01,2.2144610567e+00
8.4850000000e+02,7.6291925634e-03,8.4685295086e-03,1.9078795322e-01,3.9851508959e-01,1.2263000293e-01,1.5461272927e-01,1.1735650292e-01,2.2261554586e+00
8.4900000000e+02,7.6305715282e-03,8.4026918489e-03,1.9123826796e-01,3.9768139315e-01,1.2245769912e-01,1.5500779720e-01,1.1758157919e-01,2.2341273493e+00
8.4950000000e+02,7.6847061319e-03,8.4992667509e-03,1.9294867534e-01,3.9738471848e-01,1.2172781809e-01,1.5461257349e-01,1.1714224172e-01,2.2419044761e+00
8.5000000000e+02,7.7696654445e-03,8.5433275048e-03,1.9459844408e-01,3.9554607343e-01,1.2284354188e-01,1.5430885442e-01,1.1639009325e-01,2.2459227170e+00
8.5050000000e+02,7.8544599271e-03,8.6613961740e-03,1.9634429828e-01,3.9487940321e-01,1.2386770568e-01,1.5244786257e-01,1.1594487416e-01,2.2570716687e+00
8.5100000000e+02,7.8566128828e-03,8.7264199955e-03,1.9660778596e-01,3.9521866687e-01,1.2478842839e-01,1.5131974724e-01,1.1548233866e-01,2.2689253885e+00
8.5150000000e+02,7.8069456038e-03,8.7042532592e-03,1.9776096044e-01,3.9463480903e-01,1.2565703239e-01,1.5092959306e-01,1.1450640622e-01,2.2802509499e+00
8.5200000000e+02,7.7999586106e-03,8.7552039083e-03,1.9861312144e-01,3.9432887198e-01,1.2632569741e-01,1.5023734131e-01,1.1393980534e-01,2.2884869626e+00
8.5250000000e+02,7.7191226231e-03,8.9290468664e-03,2.0129547822e-01,3.8889709202e-01,1.2780483558e-01,1.4978186368e-01,1.1557256101e-01,2.3081576000e+00
8.5300000000e+02,7.7109031758e-03,9.0652972799e-03,2.0172405551e-01,3.8829871198e-01,1.2889196618e-01,1.4835746409e-01,1.1595160179e-01,2.3133892409e+00
8.5350000000e+02,7.5602739041e-03,8.8809782295e-03,2.0229781229e-01,3.8905166359e-01,1.2869637199e-01,1.4830098028e-01,1.1521191970e-01,2.3193919420e+00
8.5400000000e+02,7.5161791278e-03,8.9570874451e-03,2.0237649856e-01,3.8944387966e-01,1.2858483835e-01,1.4732385664e-01,1.1579766022e-01,2.3255968663e+00
8.5450000000e+02,7.5484659360e-03,9.0178865164e-03,2.0344270567e-01,3.8810296160e-01,1.2958373560e-01,1.4604900393e-01,1.1625524076e-01,2.3371323710e+00
8.5500000000e+02,7.5991230464e-03,8.9449668679e-03,2.0453012875e-01,3.8840403491e-01,1.2988582206e-01,1.4502526686e-01,1.1561065751e-01,2.3458422576e+00
8.5550000000e+02,7.5680402329e-03,9.0588622775e-03,2.0622526655e-01,3.8739688311e-01,1.3028607907e-01,1.4356666229e-01,1.1589820647e-01,2.3547964803e+00
8.5600000000e+02,7.5769494166e-03,9.1037409761e-03,2.0909084377e-01,3.8526002337e-01,1.3072313853e-01,1.4314323612e-01,1.1510206782e-01,2.3668769183e+00
8.5650000000e+02,7.5931452488e-03,8.9784285206e-03,2.1097999129e-01,3.8328484242e-01,1.3200826983e-01,1.4187202138e-01,1.1528330131e-01,2.3691969141e+00
8.5700000000e+02,7.7352344165e-03,8.9801805159e-03,2.1403955760e-01,3.8039425401e-01,1.3511429417e-01,1.3920949437e-01,1.1452698491e-01,2.3852591885e+00
8.5750000000e+02,7.7658712698e-03,8.8595029684e-03,2.1518374633e-01,3.7935449707e-01,1.3680613736e-01,1.3698769724e-01,1.1504254776e-01,2.3946089591e+00
8.5800000000e+02,7.6975604060e-03,8.9058769757e-03,2.1736347831e-01,3.7774686670e-01,1.3687658604e-01,1.3573554710e-01,1.1567408447e-01,2.3985223284e+00
8.5850000000e+02,7.6816797428e-03,8.9309073390e-03,2.1922260940e-01,3.7588567205e-01,1.3866081518e-01,1.3443522070e-01,1.1518309559e-01,2.4074755577e+00
8.5900000000e+02,7.7402367246e-03,8.8519471977e-03,2.2168286224e-01,3.7411225706e-01,1.4029021567e-01,1.3302693980e-01,1.1429554131e-01,2.4104721373e+00
8.5950000000e+02,7.6805882434e-03,8.9257797745e-03,2.2294719922e-01,3.7329264254e-01,1.4061680068e-01,1.3178873010e-01,1.1474825944e-01,2.4165600771e+00
8.6000000000e+02,7.6835190529e-03,8.9014103290e-03,2.2564594751e-01,3.7116456827e-01,1.4398419882e-01,1.2894097646e-01,1.1367937956e-01,2.4213912540e+00
8.6050000000e+02,7.6102703154e-03,9.0563278415e-03,2.2577200846e-01,3.7166113418e-01,1.4496513148e-01,1.2733903156e-01,1.1359609616e-01,2.4264692913e+00
8.6100000000e+02,7.6358818511e-03,9.1162742901e-03,2.2450726128e-01,3.7436208437e-01,1.4470164887e-01,1.2632849205e-01,1.1334835729e-01,2.4327787164e+00
8.6150000000e+02,7.5819330636e-03,9.1533466130e-03,2.2433645200e-01,3.7635421946e-01,1.4424956178e-01,1.2623530961e-01,1.1208917748e-01,2.4388461522e+00
8.6200000000e+02,7.6333133479e-03,9.1755187692e-03,2.2756416731e-01,3.7381683201e-01,1.4591431631e-01,1.2413533385e-01,1.1176051840e-01,2.4430152614e+00
8.6250000000e+02,7.5461688425e-03,9.1890439486e-03,2.2851946627e-01,3.7307906819e-01,1.4914957844e-01,1.2116503760e-01,1.1135163672e-01,2.4457639642e+00
8.6300000000e+02,7.5526937341e-03,9.1736043885e-03,2.3042377523e-01,3.7254189865e-01,1.5040412006e-01,1.1916321701e-01,1.1074069093e-01,2.4484966104e+00
8.6350000000e+02,7.5577815150e-03,9.2025185672e-03,2.3257035188e-01,3.7070605949e-01,1.5225915455e-01,1.1711859688e-01,1.1058553712e-01,2.4551948427e+00
8.6400000000e+02,7.4891474391e-03,9.0954281631e-03,2.3398838908e-01,3.7017425794e-01,1.5314171605e-01,1.1614791616e-01,1.0996314517e-01,2.4601075965e+00
8.6450000000e+02,7.5302055052e-03,9.0416932786e-03,2.3630369440e-01,3.6803872010e-01,1.5477097195e-01,1.1436954635e-01,1.0994516841e-01,2.4583903215e+00
8.6500000000e+02,7.5137257089e-03,9.0792815498e-03,2.3779048339e-01,3.6705685752e-01,1.5579957121e-01,1.1249595674e-01,1.1026412387e-01,2.4635877919e+00
8.6550000000e+02,7.4788326896e-03,9.1326359100e-03,2.4108052922e-01,3.6419020333e-01,1.5541153266e-01,1.1262849781e-01,1.1007776838e-01,2.4664715179e+00
8.6600000000e+02,7.4459864722e-03,9.2410514094e-03,2.4117648819e-01,3.6393888714e-01,1.5521943547e-01,1.1217047917e-01,1.1080767215e-01,2.4713463528e+00
8.6650000000e+02,7.3795324620e-03,9.3553774834e-03,2.4507797868e-01,3.6065570096e-01,1.5564692817e-01,1.1143098833e-01,1.1045349392e-01,2.4759453959e+00
8.6700000000e+02,7.2599886631e-03,9.2627291157e-03,2.4661416479e-01,3.5912983480e-01,1.5601436740e-01,1.1104705069e-01,1.1067186453e-01,2.4804060838e+00
8.6750000000e+02,7.2489801789e-03,9.3597672042e-03,2.4887794402e-01,3.5855923123e-01,1.5509101023e-01,1.1001393880e-01,1.1084912833e-01,2.4787837119e+00
8.6800000000e+02,7.2457141434e-03,9.3620332600e-03,2.5146149797e-01,3.5607814248e-01,1.5637379407e-01,1.0869530639e-01,1.1078351170e-01,2.4801642118e+00
8.6850000000e+02,7.2678580083e-03,9.2233565187e-03,2.5198578200e-01,3.5663238243e-01,1.5606923130e-01,1.0795378394e-01,1.1086760581e-01,2.4798524131e+00
8.6900000000e+02,7.2164488407e-03,9.2711579280e-03,2.5327244433e-01,3.5483843399e-01,1.5643518667e-01,1.0778125327e-01,1.1118507497e-01,2.4864014067e+00
8.6950000000e+02,7.2726971215e-03,9.3102209130e-03,2.5463009106e-01,3.5313534196e-01,1.5834060917e-01,1.0582674318e-01,1.1148429659e-01,2.4968851665e+00
8.7000000000e+02,7.1850790102e-03,9.0740454253e-03,2.5439867919e-01,3.5335952323e-01,1.5937880690e-01,1.0462092615e-01,1.1198294009e-01,2.4998383421e+00
8.7050000000e+02,7.1912686932e-03,9.0295016702e-03,2.5612816529e-01,3.5314911461e-01,1.6019290814e-01,1.0253473198e-01,1.1177430961e-01,2.4991946197e+00
8.7100000000e+02,7.1603177089e-03,9.1308234456e-03,2.5729468568e-01,3.5241507404e-01,1.6198923182e-01,1.0071633760e-01,1.1129352971e-01,2.5028080847e+00
8.7150000000e+02,7.2184961547e-03,9.3042239090e-03,2.5957864817e-01,3.4916436870e-01,1.6428630513e-01,9.7866040067e-02,1.1258191787e-01,2.5120969354e+00
8.7200000000e+02,7.2691019652e-03,9.4017918273e-03,2.6021562036e-01,3.5004962664e-01,1.6464610113e-01,9.7333021099e-02,1.1108473697e-01,2.5140422785e+00
8.7250000000e+02,7.2699049083e-03,9.4636656697e-03,2.6153635888e-01,3.4974666055e-01,1.6687920721e-01,9.4613507296e-02,1.1049069548e-01,2.5134227230e+00
8.7300000000e+02,7.2620076193e-03,9.5519699554e-03,2.6375718761e-01,3.4811333779e-01,1.6595416670e-01,9.4432959757e-02,1.1092837056e-01,2.5207968113e+00
8.7350000000e+02,7.3714636119e-03,9.6380999163e-03,2.6384948209e-01,3.4828268992e-01,1.6620019909e-01,9.3964463813e-02,1.1069360156e-01,2.5246665287e+00
8.7400000000e+02,7.4196435466e-03,9.6207569341e-03,2.6538632051e-01,3.4673054819e-01,1.6783617215e-01,9.2075491474e-02,1.1093106719e-01,2.5283169538e+00
8.7450000000e+02,7.4605033839e-03,9.7229030489e-03,2.6813734142e-01,3.4490984220e-01,1.6936949896e-01,9.0120966675e-02,1.1027894431e-01,2.5281020450e+00
8.7500000000e+02,7.5241236637e-03,9.8024886917e-03,2.7107462586e-01,3.4460456215e-01,1.6955547814e-01,8.7931041759e-02,1.0950767973e-01,2.5227266801e+00
8.7550000000e+02,7.5448594318e-03,9.8820408126e-03,2.7251394172e-01,3.4266279768e-01,1.7009222352e-01,8.7385667780e-02,1.0991846906e-01,2.5255805272e+00
8.7600000000e+02,7.4434862913e-03,9.9982076955e-03,2.7429514669e-01,3.4139124718e-01,1.7163451546e-01,8.5247313337e-02,1.0999008335e-01,2.5275822678e+00
8.7650000000e+02,7.4740359443e-03,1.0113550789e-02,2.7606508486e-01,3.3976875977e-01,1.7347466701e-01,8.3439878549e-02,1.0966402308e-01,2.5277091511e+00
8.7700000000e+02,7.4677407407e-03,1.0206709473e-02,2.8057904972e-01,3.3819171422e-01,1.7312137429e-01,8.1642272567e-02,1.0879113899e-01,2.5225631702e+00
8.7750000000e+02,7.4192193188e-03,1.0328863516e-02,2.8344473192e-01,3.3667541047e-01,1.7389170786e-01,8.0139425713e-02,1.0810064121e-01,2.5190147554e+00
8.7800000000e+02,7.3474577463e-03,1.0479506200e-02,2.8571493194e-01,3.3478744956e-01,1.7560096684e-01,7.7352848744e-02,1.0871683897e-01,2.5150011768e+00
8.7850000000e+02,7.3662192877e-03,1.0523377005e-02,2.8831072489e-01,3.3262964141e-01,1.7735445873e-01,7.5765604075e-02,1.0804997461e-01,2.5189520991e+00
8.7900000000e+02,7.3353325103e-03,1.0498535904e-02,2.9079412329e-01,3.2943795532e-01,1.7954741560e-01,7.4441216223e-02,1.0794542115e-01,2.5221383172e+00
8.7950000000e+02,7.3129713432e-03,1.0792736197e-02,2.9258201510e-01,3.2934719915e-01,1.7987573822e-01,7.3148010109e-02,1.0694132988e-01,2.5199827397e+00
8.8000000000e+02,7.3221054586e-03,1.1009643993e-02,2.9338130862e-01,3.2888998363e-01,1.8031164489e-01,7.2219106874e-02,1.0686620654e-01,2.5254623125e+00
8.8050000000e+02,7.2932772894e-03,1.0994539567e-02,2.9623959666e-01,3.2552504526e-01,1.8210029018e-01,7.0676157554e-02,1.0717109349e-01,2.5233162131e+00
8.8100000000e+02,7.3156706762e-03,1.1117036204e-02,3.0005075528e-01,3.2137298744e-01,1.8338933744e-01,6.8670870380e-02,1.0808334258e-01,2.5232129596e+00
8.8150000000e+02,7.3483411095e-03,1.1347460072e-02,3.0480091139e-01,3.1733278098e-01,1.8440565760e-01,6.6911771235e-02,1.0785307762e-01,2.5173255654e+00
8.8200000000e+02,7.3133374013e-03,1.1432615092e-02,3.0640611664e-01,3.1829482794e-01,1.8533416695e-01,6.4484687487e-02,1.0673424849e-01,2.5061481700e+00
8.8250000000e+02,7.2881528592e-03,1.1588836140e-02,3.0864749192e-01,3.1806760324e-01,1.8568007412e-01,6.3306937272e-02,1.0542090445e-01,2.5008515036e+00
8.8300000000e+02,7.2739613247e-03,1.1698222109e-02,3.1277199792e-01,3.1517599925e-01,1.8661857612e-01,6.1874114875e-02,1.0458712839e-01,2.4984100625e+00
8.8350000000e+02,7.3158269936e-03,1.1802008993e-02,3.1395700063e-01,3.1324852970e-01,1.8991968021e-01,5.9320194800e-02,1.0443675866e-01,2.4964996532e+00
8.8400000000e+02,7.4090777187e-03,1.1865321179e-02,3.1882266337e-01,3.0946622937e-01,1.9123843905e-01,5.7210057803e-02,1.0398821152e-01,2.4888310776e+00
8.8450000000e+02,7.3691225916e-03,1.1823828470e-02,3.2151715079e-01,3.0899990157e-01,1.9203156081e-01,5.5341029189e-02,1.0291740658e-01,2.4824772291e+00
8.8500000000e+02,7.3571738035e-03,1.1891158819e-02,3.2328216506e-01,3.0804138639e-01,1.9251071647e-01,5.3920346316e-02,1.0299705314e-01,2.4737982864e+00
8.8550000000e+02,7.2072710369e-03,1.1761538367e-02,3.2502054788e-01,3.0803103267e-01,1.9313692850e-01,5.2111371887e-02,1.0273130966e-01,2.4592812018e+00
8.8600000000e+02,7.2307666105e-03,1.1744446751e-02,3.2600021126e-01,3.0911933291e-01,1.9476048515e-01,4.9870817517e-02,1.0127393980e-01,2.4479046245e+00
8.8650000000e+02,7.2158632438e-03,1.1621592137e-02,3.2901242405e-01,3.0761331656e-01,1.9640096708e-01,4.8065944567e-02,1.0006989236e-01,2.4426257592e+00
8.8700000000e+02,7.2213285114e-03,1.1543981326e-02,3.3133422062e-01,3.0691034040e-01,1.9699684726e-01,4.6822865137e-02,9.9170416744e-02,2.4356832105e+00
8.8750000000e+02,7.1997507804e-03,1.1523462844e-02,3.3499047678e-01,3.0262904315e-01,1.9970769993e-01,4.5157665513e-02,9.8791901000e-02,2.4344057550e+00
8.8800000000e+02,7.1066756229e-03,1.1484715737e-02,3.3655765051e-01,3.0249683861e-01,2.0093212907e-01,4.2982333176e-02,9.8439657270e-02,2.4233089198e+00
8.8850000000e+02,7.0990322671e-03,1.1695818134e-02,3.3827851815e-01,3.0077007982e-01,2.0225642388e-01,4.1553964357e-02,9.8346163395e-02,2.4271721050e+00
8.8900000000e+02,7.1007281929e-03,1.1677038542e-02,3.4154242026e-01,2.9823784725e-01,2.0316864730e-01,3.9848333295e-02,9.8424985168e-02,2.4242580816e+00
8.8950000000e+02,7.0529980883e-03,1.1529163987e-02,3.4357053300e-01,2.9756955315e-01,2.0287742715e-01,3.8752264840e-02,9.8648059781e-02,2.4141166098e+00
8.9000000000e+02,7.0857161571e-03,1.1529406978e-02,3.4596166336e-01,2.9606844242e-01,2.0499121887e-01,3.6764340559e-02,9.7599211656e-02,2.4092492321e+00
8.9050000000e+02,7.0651102654e-03,1.1658926072e-02,3.4697159573e-01,2.9566828949e-01,2.0524359118e-01,3.5768563419e-02,9.7623923854e-02,2.4038986315e+00
8.9100000000e+02,7.0743193071e-03,1.1556521080e-02,3.4882348215e-01,2.9513415793e-01,2.0645072528e-01,3.4028632457e-02,9.6932161804e-02,2.3943999047e+00
8.9150000000e+02,7.0514848830e-03,1.1589275375e-02,3.5006292349e-01,2.9320363333e-01,2.0840085300e-01,3.2533856697e-02,9.7157973230e-02,2.3943302586e+00
8.9200000000e+02,7.1069772588e-03,1.1746529238e-02,3.5414349691e-01,2.9034325558e-01,2.0906066508e-01,3.1496804791e-02,9.6102271146e-02,2.3905525616e+00
8.9250000000e+02,7.0595153820e-03,1.1862057476e-02,3.5910008210e-01,2.8820463992e-01,2.0822332066e-01,3.0700265808e-02,9.4850118661e-02,2.3761377765e+00
8.9300000000e+02,7.0256694319e-03,1.1998999689e-02,3.6198100997e-01,2.8482535715e-01,2.1023640543e-01,2.8969532504e-02,9.4963025828e-02,2.3656616705e+00
8.9350000000e+02,7.0602676960e-03,1.2032960604e-02,3.6646815975e-01,2.8146530995e-01,2.1017107240e-01,2.8016053712e-02,9.4786175882e-02,2.3593109748e+00
8.9400000000e+02,7.0620874626e-03,1.2125067642e-02,3.6895798580e-01,2.7920789023e-01,2.1135847079e-01,2.6900125512e-02,9.4388372573e-02,2.3532204693e+00
8.9450000000e+02,7.1132612179e-03,1.2304666924e-02,3.6999281119e-01,2.7931551977e-01,2.1217645395e-01,2.5289218503e-02,9.3808068453e-02,2.3469297592e+00
8.9500000000e+02,7.1213725163e-03,1.2190811303e-02,3.7454253158e-01,2.7586929876e-01,2.1280990204e-01,2.4008334746e-02,9.3457749060e-02,2.3325334625e+00
8.9550000000e+02,7.1903848476e-03,1.2230024258e-02,3.7615304854e-01,2.7485476263e-01,2.1309107116e-01,2.3060687890e-02,9.3420020670e-02,2.3271114647e+00
8.9600000000e+02,7.2012187564e-03,1.2212556869e-02,3.7766867725e-01,2.7504513490e-01,2.1351006067e-01,2.1823243092e-02,9.2539108458e-02,2.3169972281e+00
8.9650000000e+02,7.1983058769e-03,1.2188368743e-02,3.8132588402e-01,2.7177050189e-01,2.1457860986e-01,2.0814269724e-02,9.2124059882e-02,2.3068429425e+00
8.9700000000e+02,7.1934933008e-03,1.2300780978e-02,3.8508164982e-01,2.6858879999e-01,2.1475430910e-01,1.9810738767e-02,9.2270228045e-02,2.2993600872e+00
8.9750000000e+02,7.2484757551e-03,1.2375398974e-02,3.8690623249e-01,2.6661932419e-01,2.1490980913e-01,1.9039118688e-02,9.2901640774e-02,2.2968551208e+00
8.9800000000e+02,7.3128557006e-03,1.2491955343e-02,3.8740501265e-01,2.6560459137e-01,2.1626394746e-01,1.7996526750e-02,9.2925110719e-02,2.2920512340e+00
8.9850000000e+02,7.3743033236e-03,1.2768938237e-02,3.8884844509e-01,2.6544547465e-01,2.1687243642e-01,1.7242141342e-02,9.1448260930e-02,2.2893670945e+00
8.9900000000e+02,7.3406179891e-03,1.2832670958e-02,3.9254841820e-01,2.6097884526e-01,2.1754925980e-01,1.6725908495e-02,9.2024279295e-02,2.2846440066e+00
8.9950000000e+02,7.3667424050e-03,1.2943919554e-02,3.9655704627e-01,2.5696066645e-01,2.1789308071e-01,1.6170292392e-02,9.2108252222e-02,2.2774701391e+00
9.0000000000e+02,7.4055245760e-03,1.2860514836e-02,3.9816779282e-01,2.5643878246e-01,2.1822340202e-01,1.5500243650e-02,9.1403739634e-02,2.2709740760e+00
9.0050000000e+02,7.2769277461e-03,1.2809650850e-02,4.0101874022e-01,2.5439937273e-01,2.1890468780e-01,1.4747111158e-02,9.0843509488e-02,2.2585315961e+00
9.0100000000e+02,7.2154429221e-03,1.2626241193e-02,4.0614694682e-01,2.5224373868e-01,2.1818123661e-01,1.3997683584e-02,8.9588710180e-02,2.2414512297e+00
9.0150000000e+02,7.2471911240e-03,1.2616051814e-02,4.0832252235e-01,2.5186695800e-01,2.1765440940e-01,1.3526095473e-02,8.8766771838e-02,2.2290467445e+00
9.0200000000e+02,7.2752274044e-03,1.2565295263e-02,4.0996210045e-01,2.5114360799e-01,2.1782114710e-01,1.2947571348e-02,8.8285050445e-02,2.2171119464e+00
9.0250000000e+02,7.2731547475e-03,1.2480375832e-02,4.1378535832e-01,2.4720927977e-01,2.1831230961e-01,1.2459488798e-02,8.8480032918e-02,2.2086094379e+00
9.0300000000e+02,7.2767107581e-03,1.2486545192e-02,4.1700256201e-01,2.4503567880e-01,2.1899271599e-01,1.2041426921e-02,8.7164360329e-02,2.1984180926e+00
9.0350000000e+02,7.3410172250e-03,1.2457908900e-02,4.1949754071e-01,2.4364397133e-01,2.1942693511e-01,1.1639863845e-02,8.5992762877e-02,2.1941800204e+00
9.0400000000e+02,7.3896931405e-03,1.2482316566e-02,4.2208481346e-01,2.4269204619e-01,2.1919382767e-01,1.1374726219e-02,8.4782576754e-02,2.1899645215e+00
9.0450000000e+02,7.5038559767e-03,1.2551701181e-02,4.2508402701e-01,2.3985670472e-01,2.1827473541e-01,1.1169517497e-02,8.5559458212e-02,2.1851811434e+00
9.0500000000e+02,7.4365058745e-03,1.2630765765e-02,4.2814433442e-01,2.3695768944e-01,2.1827443849e-01,1.0939145191e-02,8.5617120812e-02,2.1772013931e+00
9.0550000000e+02,7.5293553130e-03,1.2592670669e-02,4.3020871851e-01,2.3515133269e-01,2.1824634581e-01,1.0802062793e-02,8.5469514216e-02,2.1754841151e+00
9.0600000000e+02,7.6305633861e-03,1.2695762592e-02,4.2971497954e-01,2.3492799175e-01,2.1827892523e-01,1.0882047817e-02,8.5869729681e-02,2.1808094314e+00
9.0650000000e+02,7.6938717486e-03,1.2624384327e-02,4.3295880083e-01,2.3308778667e-01,2.1779794407e-01,1.0777183760e-02,8.5060028586e-02,2.1723074409e+00
9.0700000000e+02,7.7694365880e-03,1.2601727019e-02,4.3581484353e-01,2.3150232172e-01,2.1714100536e-01,1.0671990246e-02,8.4498675539e-02,2.1681837911e+00
9.0750000000e+02,7.7892584826e-03,1.2593854592e-02,4.4003116655e-01,2.2884947838e-01,2.1590755002e-01,1.0613331626e-02,8.4215360349e-02,2.1532837268e+00
9.0800000000e+02,7.7315854248e-03,1.2661353341e-02,4.4292153650e-01,2.2502312324e-01,2.1610136799e-01,1.0670242382e-02,8.4890791130e-02,2.1536274263e+00
9.0850000000e+02,7.7770765986e-03,1.2766443473e-02,4.4547550609e-01,2.2324751074e-01,2.1482152655e-01,1.0813362655e-02,8.5098573893e-02,2.1497988226e+00
9.0900000000e+02,7.7125870310e-03,1.2753034622e-02,4.4781119946e-01,2.2303234313e-01,2.1462384745e-01,1.0830159865e-02,8.3236828439e-02,2.1383662857e+00
9.0950000000e+02,7.7509398194e-03,1.2898424374e-02,4.5061743085e-01,2.2103635364e-01,2.1355975894e-01,1.1080354285e-02,8.3056738094e-02,2.1365821161e+00
9.1000000000e+02,7.7368014228e-03,1.3014828101e-02,4.5283735407e-01,2.2161335220e-01,2.1243168266e-01,1.1183044724e-02,8.1182936820e-02,2.1211975771e+00
9.1050000000e+02,7.8625866107e-03,1.3090492907e-02,4.5444049710e-01,2.1981591504e-01,2.1212697145e-01,1.1317180917e-02,8.1346355970e-02,2.1193558964e+00
9.1100000000e+02,7.8313710476e-03,1.3098507794e-02,4.5831453046e-01,2.1652739871e-01,2.1124599625e-01,1.1537193444e-02,8.1445002297e-02,2.1073188602e+00
9.1150000000e+02,7.8817626781e-03,1.3208422075e-02,4.6127221708e-01,2.1437892117e-01,2.1034544060e-01,1.1834589163e-02,8.1078647229e-02,2.1023713644e+00
9.1200000000e+02,7.9288476511e-03,1.3380030126e-02,4.6360797453e-01,2.1249989462e-01,2.0956180552e-01,1.2125750368e-02,8.0895697183e-02,2.0971343267e+00
9.1250000000e+02,7.9024123654e-03,1.3277089922e-02,4.6860075488e-01,2.0991764375e-01,2.0760492889e-01,1.2574741888e-02,8.0122428302e-02,2.0834598685e+00
9.1300000000e+02,7.9939007535e-03,1.3423336985e-02,4.7021510056e-01,2.1034404154e-01,2.0553107762e-01,1.2951764765e-02,7.9540777784e-02,2.0782113680e+00
9.1350000000e+02,8.0656419089e-03,1.3410329111e-02,4.7257911268e-01,2.0825135196e-01,2.0563397797e-01,1.3365689513e-02,7.8693896852e-02,2.0724252116e+00
9.1400000000e+02,8.1251708872e-03,1.3544250145e-02,4.7497468226e-01,2.0409413656e-01,2.0608745235e-01,1.3887736820e-02,7.9286570976e-02,2.0678697458e+00
9.1450000000e+02,8.1433075714e-03,1.3522601264e-02,4.7639017223e-01,2.0234727942e-01,2.0557286150e-01,1.4471939810e-02,7.9551838204e-02,2.0676628102e+00
9.1500000000e+02,8.2083741718e-03,1.3498237199e-02,4.8018759143e-01,1.9939779516e-01,2.0389710762e-01,1.4996198494e-02,7.9814695928e-02,2.0555828586e+00
9.1550000000e+02,8.3605434103e-03,1.3362925232e-02,4.8276970839e-01,1.9657991058e-01,2.0381501842e-01,1.5545959415e-02,7.9565934558e-02,2.0524777539e+00
9.1600000000e+02,8.4354106859e-03,1.3347513841e-02,4.8584574690e-01,1.9522086354e-01,2.0249274016e-01,1.6137535381e-02,7.8520189489e-02,2.0437798528e+00
9.1650000000e+02,8.4948651705e-03,1.3374775738e-02,4.8827430648e-01,1.9241444753e-01,2.0341474066e-01,1.6651104772e-02,7.7375759659e-02,2.0441626359e+00
9.1700000000e+02,8.6871847934e-03,1.3553750877e-02,4.9010359869e-01,1.9141140931e-01,2.0237100923e-01,1.7304883878e-02,7.6568163215e-02,2.0423826138e+00
9.1750000000e+02,8.6357441891e-03,1.3652314956e-02,4.9388994607e-01,1.8995787350e-01,2.0053048032e-01,1.8180592780e-02,7.5153048187e-02,2.0285982421e+00
9.1800000000e+02,8.6897825558e-03,1.3717897152e-02,4.9562011759e-01,1.8886992229e-01,1.9918285792e-01,1.8868954564e-02,7.5050467932e-02,2.0229452869e+00
9.1850000000e+02,8.6999885671e-03,1.3626651261e-02,4.9866166529e-01,1.8731473074e-01,1.9788260361e-01,1.9471230158e-02,7.4343130364e-02,2.0037088708e+00
9.1900000000e+02,8.7622343414e-03,1.3723594662e-02,5.0158167460e-01,1.8544577374e-01,1.9741824324e-01,2.0081774293e-02,7.2986705125e-02,1.9893001584e+00
9.1950000000e+02,8.7150433304e-03,1.3751055612e-02,5.0447566178e-01,1.8323294644e-01,1.9696521243e-01,2.0610046165e-02,7.2250034250e-02,1.9713000298e+00
9.2000000000e+02,8.6571154896e-03,1.3609336716e-02,5.0788011672e-01,1.8099364944e-01,1.9635588220e-01,2.0964477034e-02,7.1539422400e-02,1.9517423426e+00
9.2050000000e+02,8.7889896195e-03,1.3620391901e-02,5.1030499708e-01,1.7932559646e-01,1.9612238203e-01,2.1589385558e-02,7.0248257351e-02,1.9466112912e+00
9.2100000000e+02,8.6927551614e-03,1.3727114608e-02,5.1335121292e-01,1.7737570430e-01,1.9497519861e-01,2.2530483609e-02,6.9347530788e-02,1.9395772944e+00
9.2150000000e+02,8.6794066908e-03,1.3701350831e-02,5.1674106667e-01,1.7511669912e-01,1.9506401917e-01,2.2796088969e-02,6.7901368542e-02,1.9221967457e+00
9.2200000000e+02,8.8002045221e-03,1.3799884956e-02,5.1851035631e-01,1.7294763877e-01,1.9429010574e-01,2.3539854883e-02,6.8111954824e-02,1.9190766400e+00
9.2250000000e+02,8.9723921443e-03,1.3886179646e-02,5.1998500016e-01,1.7201838174e-01,1.9327727049e-01,2.4276219931e-02,6.7584555890e-02,1.9103271865e+00
9.2300000000e+02,9.1019907265e-03,1.3743318062e-02,5.2218553803e-01,1.7116883861e-01,1.9177680905e-01,2.4984717878e-02,6.7038787650e-02,1.9007524496e+00
9.2350000000e+02,9.2344420496e-03,1.3618624162e-02,5.2549749323e-01,1.6839559839e-01,1.9107024123e-01,2.5704766965e-02,6.6478833975e-02,1.8908387167e+00
9.2400000000e+02,9.2687016687e-03,1.3537920523e-02,5.2794999147e-01,1.6730056049e-01,1.9010907887e-01,2.6578014755e-02,6.5255732226e-02,1.8791179540e+00
9.2450000000e+02,9.2413932600e-03,1.3558579270e-02,5.2851702732e-01,1.6752943232e-01,1.8921373611e-01,2.7219833101e-02,6.4719998622e-02,1.8673029601e+00
9.2500000000e+02,9.3661680330e-03,1.3548279607e-02,5.3000661144e-01,1.6606620716e-01,1.8897865409e-01,2.7786268771e-02,6.4247810898e-02,1.8578083780e+00
9.2550000000e+02,9.4156003113e-03,1.3452696276e-02,5.3198941311e-01,1.6423201950e-01,1.8812611297e-01,2.8634709636e-02,6.4149448192e-02,1.8432758846e+00
9.2600000000e+02,9.5112060895e-03,1.3356604405e-02,5.3392873889e-01,1.6191527218e-01,1.8870543815e-01,2.9153078446e-02,6.3429661845e-02,1.8337052011e+00
9.2650000000e+02,9.6702961282e-03,1.3597313163e-02,5.3449615058e-01,1.6118627339e-01,1.8743610136e-01,2.9989084937e-02,6.3624780448e-02,1.8311774437e+00
9.2700000000e+02,9.7154714650e-03,1.3478072331e-02,5.3635872339e-01,1.5959661569e-01,1.8655762998e-01,3.1108772431e-02,6.3184714710e-02,1.8217807688e+00
9.2750000000e+02,9.7322612835e-03,1.3440845334e-02,5.3743091988e-01,1.5958710079e-01,1.8553295554e-01,3.1645064488e-02,6.2630852682e-02,1.8064472195e+00
9.2800000000e+02,9.7480137806e-03,1.3420700760e-02,5.4057115655e-01,1.5768758087e-01,1.8424417238e-01,3.2865180950e-02,6.1463194717e-02,1.7920101981e+00
9.2850000000e+02,9.8040818189e-03,1.3513170648e-02,5.4087041878e-01,1.5789119243e-01,1.8386416472e-01,3.3505749029e-02,6.0551222568e-02,1.7761900358e+00
9.2900000000e+02,9.9228456537e-03,1.3547580868e-02,5.4273574872e-01,1.5704591942e-01,1.8318276804e-01,3.4059009342e-02,5.9506127963e-02,1.7599558777e+00
9.2950000000e+02,9.9143217752e-03,1.3524997382e-02,5.4464755726e-01,1.5563964781e-01,1.8249889660e-01,3.5032264404e-02,5.8742314768e-02,1.7420475142e+00
9.3000000000e+02,9.8069985963e-03,1.3544945148e-02,5.4690989789e-01,1.5477966272e-01,1.8117007874e-01,3.6078757741e-02,5.7709659174e-02,1.7202304240e+00
9.3050000000e+02,9.7259778483e-03,1.3545016269e-02,5.4973301984e-01,1.5277738688e-01,1.8079437419e-01,3.6717745575e-02,5.6706479395e-02,1.7025814283e+00
9.3100000000e+02,9.6891072257e-03,1.3425441615e-02,5.5257262714e-01,1.5067134392e-01,1.7994704474e-01,3.7233221745e-02,5.6461213606e-02,1.6864090637e+00
9.3150000000e+02,9.7106311263e-03,1.3448128223e-02,5.5434662189e-01,1.4966794968e-01,1.7867872763e-01,3.8024281037e-02,5.6123660417e-02,1.6681885563e+00
9.3200000000e+02,9.7164808050e-03,1.3273229204e-02,5.5566885045e-01,1.4897329512e-01,1.7809778394e-01,3.8047000622e-02,5.6223359852e-02,1.6525227825e+00
9.3250000000e+02,9.7193271442e-03,1.3229224184e-02,5.5721057559e-01,1.4782599287e-01,1.7606317777e-01,3.9236359069e-02,5.6715343372e-02,1.6419854659e+00
9.3300000000e+02,9.7019895745e-03,1.3374996612e-02,5.5809588907e-01,1.4823140823e-01,1.7402756867e-01,4.0175044315e-02,5.6393103524e-02,1.6287300727e+00
9.3350000000e+02,9.5678146411e-03,1.3339540827e-02,5.5880070009e-01,1.4770851752e-01,1.7384269503e-01,4.0503410996e-02,5.6237320900e-02,1.6082008665e+00
9.3400000000e+02,9.5202276163e-03,1.3341971881e-02,5.5987389012e-01,1.4714847015e-01,1.7281208165e-01,4.0800824066e-02,5.6502534522e-02,1.5934858844e+00
9.3450000000e+02,9.3712467974e-03,1.3405014735e-02,5.6125037900e-01,1.4720169455e-01,1.7190139513e-01,4.1382972056e-02,5.5487297742e-02,1.5723036274e+00
9.3500000000e+02,9.3618269473e-03,1.3319484239e-02,5.6367631989e-01,1.4562490266e-01,1.7088257065e-01,4.2039341738e-02,5.5095553881e-02,1.5615794625e+00
9.3550000000e+02,9.3003576313e-03,1.3224232053e-02,5.6533612723e-01,1.4452413688e-01,1.7104568834e-01,4.2042664960e-02,5.4526792911e-02,1.5481752934e+00
9.3600000000e+02,9.3049210525e-03,1.3313991858e-02,5.6672635647e-01,1.4325361127e-01,1.7081145301e-01,4.2559911670e-02,5.4029754672e-02,1.5374245892e+00
9.3650000000e+02,9.3171238631e-03,1.3257811876e-02,5.6815555346e-01,1.4263656355e-01,1.7068283022e-01,4.2562499069e-02,5.3387617957e-02,1.5178678987e+00
9.3700000000e+02,9.2546070325e-03,1.3257734935e-02,5.6938820559e-01,1.4158639383e-01,1.6997778073e-01,4.3712330484e-02,5.2822947395e-02,1.5032049757e+00
9.3750000000e+02,9.1750429509e-03,1.3258625775e-02,5.7038973971e-01,1.4132258061e-01,1.6894402111e-01,4.4755317971e-02,5.2154671871e-02,1.4871826537e+00
9.3800000000e+02,9.1468780574e-03,1.3244418539e-02,5.7210426589e-01,1.4016535414e-01,1.6840425766e-01,4.5203816387e-02,5.1731009327e-02,1.4706802476e+00
9.3850000000e+02,9.1961899935e-03,1.3322829671e-02,5.7195325709e-01,1.4028905840e-01,1.6767259078e-01,4.5863330596e-02,5.1702743462e-02,1.4606884121e+00
9.3900000000e+02,9.1528749972e-03,1.3489056680e-02,5.7264438904e-01,1.4041127941e-01,1.6633171497e-01,4.6548603536e-02,5.1422081372e-02,1.4518552787e+00
9.3950000000e+02,9.0893456417e-03,1.3440301377e-02,5.7353260471e-01,1.3921909258e-01,1.6627120746e-01,4.6950585182e-02,5.1496863037e-02,1.4443219372e+00
9.4000000000e+02,9.1767579527e-03,1.3509152329e-02,5.7431991634e-01,1.3931576336e-01,1.6504861129e-01,4.7148047914e-02,5.1481750821e-02,1.4431976593e+00
9.4050000000e+02,9.0341883656e-03,1.3414466549e-02,5.7561243715e-01,1.3796932063e-01,1.6423916808e-01,4.7950243020e-02,5.1780176208e-02,1.4423446353e+00
9.4100000000e+02,8.9270395761e-03,1.3408684145e-02,5.7668039456e-01,1.3818882531e-01,1.6212089081e-01,4.9214053441e-02,5.1460112163e-02,1.4395394143e+00
9.4150000000e+02,8.9707295894e-03,1.3353262375e-02,5.7592272897e-01,1.3891007147e-01,1.6031474246e-01,5.0460719105e-02,5.2067746035e-02,1.4362804630e+00
9.4200000000e+02,8.9528316732e-03,1.3362964755e-02,5.7771032508e-01,1.3680139928e-01,1.6069128725e-01,5.0258243710e-02,5.2222948251e-02,1.4395290623e+00
9.4250000000e+02,9.0138392083e-03,1.3485705327e-02,5.7828957394e-01,1.3647059753e-01,1.5946439695e-01,5.1280774870e-02,5.1995112178e-02,1.4377411944e+00
9.4300000000e+02,8.9951659836e-03,1.3642983905e-02,5.7764776103e-01,1.3737728216e-01,1.5791758131e-01,5.2407334762e-02,5.2011890855e-02,1.4403363687e+00
9.4350000000e+02,8.9708772497e-03,1.3747213164e-02,5.7782465880e-01,1.3744038876e-01,1.5669341069e-01,5.3381672694e-02,5.1941778641e-02,1.4424764012e+00
9.4400000000e+02,8.8287953923e-03,1.3739329804e-02,5.7800614900e-01,1.3780701056e-01,1.5537239203e-01,5.4904990028e-02,5.1341333193e-02,1.4427892122e+00
9.4450000000e+02,8.7469205245e-03,1.3648749818e-02,5.7906608792e-01,1.3712558325e-01,1.5378685285e-01,5.6494870377e-02,5.1130935258e-02,1.4463081184e+00
9.4500000000e+02,8.6016269023e-03,1.3585289176e-02,5.7912568109e-01,1.3865613392e-01,1.5122355366e-01,5.8045126690e-02,5.0762588562e-02,1.4398410942e+00
9.4550000000e+02,8.6078834980e-03,1.3533093480e-02,5.7903827945e-01,1.3860032067e-01,1.5012776726e-01,5.9352235997e-02,5.0740419646e-02,1.4431533576e+00
9.4600000000e+02,8.6307582924e-03,1.3359240401e-02,5.8059904347e-01,1.3829111063e-01,1.4750247093e-01,6.1227583413e-02,5.0389792865e-02,1.4434812025e+00
9.4650000000e+02,8.6462510352e-03,1.3391482368e-02,5.8041557961e-01,1.3766737769e-01,1.4762372149e-01,6.2602509610e-02,4.9653078189e-02,1.4472949322e+00
9.4700000000e+02,8.6242510019e-03,1.3296476590e-02,5.8000075057e-01,1.3820996517e-01,1.4697891084e-01,6.3363083923e-02,4.9526561904e-02,1.4497226560e+00
9.4750000000e+02,8.6064881935e-03,1.3253411500e-02,5.7926267349e-01,1.3980006269e-01,1.4516420112e-01,6.4675949129e-02,4.9237213885e-02,1.4522414470e+00
9.4800000000e+02,8.5892148142e-03,1.3257272735e-02,5.7956606818e-01,1.3984744637e-01,1.4581224472e-01,6.4861355484e-02,4.8066397698e-02,1.4516711706e+00
9.4850000000e+02,8.5067248172e-03,1.3288025283e-02,5.8028151454e-01,1.3954569653e-01,1.4442704535e-01,6.6459371113e-02,4.7491622363e-02,1.4546054517e+00
9.4900000000e+02,8.5448593418e-03,1.3242641873e-02,5.7885034004e-01,1.4128291708e-01,1.4449816487e-01,6.6908891885e-02,4.6672184915e-02,1.4542633803e+00
9.4950000000e+02,8.5447269233e-03,1.3368629287e-02,5.7758017005e-01,1.4199299633e-01,1.4414443790e-01,6.7807517996e-02,4.6561521511e-02,1.4627164780e+00
9.5000000000e+02,8.6067734365e-03,1.3387569216e-02,5.7627070567e-01,1.4312368779e-01,1.4423631794e-01,6.7829817531e-02,4.6545128415e-02,1.4705576948e+00
9.5050000000e+02,8.6372771721e-03,1.3556706527e-02,5.7539859871e-01,1.4279131804e-01,1.4293398676e-01,6.9558843262e-02,4.7123269528e-02,1.4812674970e+00
9.5100000000e+02,8.6274897336e-03,1.3465764707e-02,5.7611313871e-01,1.4221972985e-01,1.4129449524e-01,7.1320266622e-02,4.6959115134e-02,1.4800985469e+00
9.5150000000e+02,8.5755777099e-03,1.3479826331e-02,5.7576069584e-01,1.4246764147e-01,1.4021842143e-01,7.2578739390e-02,4.6919097833e-02,1.4847026634e+00
9.5200000000e+02,8.5115060310e-03,1.3413200926e-02,5.7474954755e-01,1.4396847318e-01,1.4073462007e-01,7.2412245379e-02,4.6210406862e-02,1.4851976840e+00
9.5250000000e+02,8.5207464863e-03,1.3286430442e-02,5.7366859834e-01,1.4554453063e-01,1.3895417470e-01,7.3976705034e-02,4.6048814363e-02,1.4928159146e+00
9.5300000000e+02,8.6404276431e-03,1.3382695982e-02,5.7191896524e-01,1.4691739350e-01,1.3737379530e-01,7.4841704876e-02,4.6925017455e-02,1.4993979597e+00
9.5350000000e+02,8.5606675164e-03,1.3362048725e-02,5.7142100162e-01,1.4826704301e-01,1.3650174181e-01,7.5408895420e-02,4.6478601900e-02,1.4976354503e+00
9.5400000000e+02,8.5508950512e-03,1.3365357000e-02,5.7060651159e-01,1.5037380623e-01,1.3609761661e-01,7.5167515924e-02,4.5838297593e-02,1.4975142098e+00
9.5450000000e+02,8.7209120998e-03,1.3397225300e-02,5.6991970503e-01,1.5069211315e-01,1.3542170749e-01,7.6464940452e-02,4.5383396476e-02,1.5008151383e+00
9.5500000000e+02,8.6541286292e-03,1.3357267358e-02,5.6871895617e-01,1.5167058776e-01,1.3410772639e-01,7.7782774049e-02,4.5708559649e-02,1.5063911877e+00
9.5550000000e+02,8.5954782344e-03,1.3275288177e-02,5.6858993907e-01,1.5117186901e-01,1.3378328014e-01,7.8999497833e-02,4.5584647537e-02,1.5130377051e+00
9.5600000000e+02,8.6396007705e-03,1.3361690586e-02,5.6876780092e-01,1.4945759694e-01,1.3298723806e-01,7.9995628269e-02,4.6790444454e-02,1.5187076349e+00
9.5650000000e+02,8.6997345859e-03,1.3190512390e-02,5.6926995585e-01,1.4945843881e-01,1.3073220172e-01,8.2102098130e-02,4.6547058510e-02,1.5181759293e+00
9.5700000000e+02,8.7377133401e-03,1.2967597110e-02,5.6924101961e-01,1.4933184540e-01,1.2976984269e-01,8.3078776509e-02,4.6873205341e-02,1.5213019692e+00
9.5750000000e+02,8.8474453117e-03,1.3076540198e-02,5.6827137184e-01,1.4891773293e-01,1.3027399975e-01,8.3213851798e-02,4.7399058171e-02,1.5281811132e+00
9.5800000000e+02,8.9426567901e-03,1.3172882040e-02,5.6608964467e-01,1.5064915830e-01,1.2878047094e-01,8.4529821587e-02,4.7835365679e-02,1.5349263435e+00
9.5850000000e+02,9.0005793756e-03,1.3229851012e-02,5.6588588147e-01,1.5100748540e-01,1.2893097555e-01,8.4163863032e-02,4.7781364159e-02,1.5359286028e+00
9.5900000000e+02,8.8377616930e-03,1.2994456179e-02,5.6670146516e-01,1.5147156391e-01,1.2681377099e-01,8.5689480079e-02,4.7491501982e-02,1.5337592174e+00
9.5950000000e+02,8.8820267952e-03,1.2783294263e-02,5.6678402173e-01,1.5043676270e-01,1.2505485422e-01,8.8373424485e-02,4.7685615806e-02,1.5346776182e+00
9.6000000000e+02,9.0239053946e-03,1.2831281218e-02,5.6482990738e-01,1.5153162488e-01,1.2294989998e-01,9.0513043998e-02,4.8320337148e-02,1.5489727521e+00
9.6050000000e+02,8.9917347834e-03,1.2747441361e-02,5.6323519290e-01,1.5275983238e-01,1.2209862587e-01,9.2147662241e-02,4.8019510465e-02,1.5526650816e+00
9.6100000000e+02,9.0376465638e-03,1.2766674426e-02,5.6187175462e-01,1.5384656440e-01,1.2096909808e-01,9.2914424951e-02,4.8593836963e-02,1.5587481931e+00
9.6150000000e+02,9.1407762505e-03,1.2847440901e-02,5.6073170543e-01,1.5443099091e-01,1.1912118467e-01,9.4646649038e-02,4.9081252811e-02,1.5639773840e+00
9.6200000000e+02,9.1784142204e-03,1.2987183110e-02,5.5960423410e-01,1.5537832551e-01,1.1882613656e-01,9.5339649358e-02,4.8686057134e-02,1.5695329316e+00
9.6250000000e+02,9.1273456579e-03,1.2998612663e-02,5.6023087963e-01,1.5448086447e-01,1.1623759535e-01,9.8151082666e-02,4.8773619561e-02,1.5737503823e+00
9.6300000000e+02,9.1367625047e-03,1.3079120130e-02,5.5977732637e-01,1.5512365494e-01,1.1415043575e-01,1.0032477675e-01,4.8407923558e-02,1.5802829002e+00
9.6350000000e+02,9.2169767217e-03,1.3010419414e-02,5.5958864826e-01,1.5646883995e-01,1.1260514335e-01,1.0186519209e-01,4.7244780218e-02,1.5800811604e+00
9.6400000000e+02,9.2219639919e-03,1.2916093102e-02,5.5904929082e-01,1.5674258609e-01,1.1240137996e-01,1.0257013217e-01,4.7098553864e-02,1.5835875332e+00
9.6450000000e+02,9.1917483888e-03,1.2819175759e-02,5.5913120299e-01,1.5733278023e-01,1.1016228255e-01,1.0428651926e-01,4.7076290832e-02,1.5842230117e+00
9.6500000000e+02,9.1884706521e-03,1.2861796486e-02,5.5819259863e-01,1.5809567313e-01,1.0933463551e-01,1.0518202598e-01,4.7144799616e-02,1.5855114202e+00
9.6550000000e+02,9.1876960593e-03,1.2800899165e-02,5.5747309801e-01,1.5886920510e-01,1.0738944731e-01,1.0717287387e-01,4.7106780492e-02,1.5908157912e+00
9.6600000000e+02,9.2005090790e-03,1.2807773250e-02,5.5666325992e-01,1.5924573234e-01,1.0567382587e-01,1.0870808026e-01,4.7700819273e-02,1.5907715069e+00
9.6650000000e+02,9.1927704727e-03,1.2612461412e-02,5.5790667440e-01,1.5883539289e-01,1.0371306924e-01,1.1046762833e-01,4.7272003264e-02,1.5830449408e+00
9.6700000000e+02,9.3031168514e-03,1.2659729045e-02,5.5708751170e-01,1.5900952016e-01,1.0185812668e-01,1.1245888553e-01,4.7623110025e-02,1.5948469184e+00
9.6750000000e+02,9.3354482970e-03,1.2606168694e-02,5.5617385345e-01,1.5999992298e-01,1.0159838158e-01,1.1283418843e-01,4.7452036558e-02,1.5945511609e+00
9.6800000000e+02,9.3456361961e-03,1.2717476765e-02,5.5434192765e-01,1.6098965832e-01,9.9887670809e-02,1.1486295370e-01,4.7854676564e-02,1.6032124108e+00
9.6850000000e+02,9.3432151331e-03,1.2775695296e-02,5.5312939813e-01,1.6301647244e-01,1.0017929915e-01,1.1418395716e-01,4.7371962688e-02,1.6063976412e+00
9.6900000000e+02,9.3482329602e-03,1.2751693819e-02,5.5190038261e-01,1.6496493715e-01,9.9257548834e-02,1.1505161086e-01,4.6725593770e-02,1.6074166093e+00
9.6950000000e+02,9.4156157665e-03,1.2700170191e-02,5.5176149767e-01,1.6490738137e-01,9.8481395153e-02,1.1584896174e-01,4.6884978106e-02,1.6115654046e+00
9.7000000000e+02,9.4818406132e-03,1.2792613524e-02,5.5058698451e-01,1.6523457728e-01,9.7715407804e-02,1.1712922960e-01,4.7059346674e-02,1.6161325581e+00
9.7050000000e+02,9.5599341800e-03,1.2866577575e-02,5.4960073190e-01,1.6638157858e-01,9.6722373763e-02,1.1823874829e-01,4.6630055714e-02,1.6203258376e+00
9.7100000000e+02,9.5467184878e-03,1.2950393047e-02,5.4829379213e-01,1.6712537258e-01,9.6024110287e-02,1.1935441839e-01,4.6705195079e-02,1.6253924237e+00
9.7150000000e+02,9.5755309760e-03,1.2947216361e-02,5.4862538551e-01,1.6680826118e-01,9.5551055456e-02,1.1974408437e-01,4.6748466150e-02,1.6291861152e+00
9.7200000000e+02,9.5788660076e-03,1.2921178215e-02,5.4963237197e-01,1.6542232205e-01,9.5331965204e-02,1.2008824966e-01,4.7025046894e-02,1.6323113879e+00
9.7250000000e+02,9.4966926141e-03,1.2922609887e-02,5.4824571307e-01,1.6612693393e-01,9.4316463183e-02,1.2144367815e-01,4.7447909165e-02,1.6343462536e+00
9.7300000000e+02,9.5031150057e-03,1.2940248774e-02,5.4787315946e-01,1.6702703076e-01,9.4077757968e-02,1.2186481270e-01,4.6713875336e-02,1.6295437159e+00
9.7350000000e+02,9.5159322782e-03,1.2987621814e-02,5.4769280274e-01,1.6789175499e-01,9.3123541267e-02,1.2234261915e-01,4.6445727763e-02,1.6295304372e+00
9.7400000000e+02,9.4781999149e-03,1.3006813551e-02,5.4688498294e-01,1.6863902118e-01,9.1927058423e-02,1.2353933229e-01,4.6524591708e-02,1.6327844191e+00
9.7450000000e+02,9.4965211591e-03,1.3045681452e-02,5.4579064372e-01,1.6822239290e-01,9.1110696912e-02,1.2556220182e-01,4.6771862025e-02,1.6391557221e+00
9.7500000000e+02,9.5198129896e-03,1.3199284957e-02,5.4579700962e-01,1.6781224059e-01,9.0956678013e-02,1.2605830980e-01,4.6656664036e-02,1.6442761048e+00
9.7550000000e+02,9.5811827743e-03,1.3240021161e-02,5.4574330693e-01,1.6791307990e-01,9.0555639599e-02,1.2629186051e-01,4.6674909119e-02,1.6455879436e+00
9.7600000000e+02,9.6314230258e-03,1.3452652920e-02,5.4569318457e-01,1.6842117478e-01,8.9471345312e-02,1.2708055828e-01,4.6249661104e-02,1.6424939785e+00
9.7650000000e+02,9.7152054740e-03,1.3596352508e-02,5.4437169698e-01,1.6890111333e-01,8.8761307728e-02,1.2786700470e-01,4.6787319278e-02,1.6528861090e+00
9.7700000000e+02,9.7115007960e-03,1.3667723399e-02,5.4406582445e-01,1.6981173802e-01,8.8547780045e-02,1.2723102429e-01,4.6964408991e-02,1.6560169139e+00
9.7750000000e+02,9.7060558029e-03,1.3647240215e-02,5.4278600351e-01,1.7102143860e-01,8.6991779078e-02,1.2885004656e-01,4.6997436241e-02,1.6633023879e+00
9.7800000000e+02,9.7337935596e-03,1.3661405460e-02,5.4124656551e-01,1.7217028660e-01,8.5902808135e-02,1.3037280399e-01,4.6912336745e-02,1.6685617437e+00
9.7850000000e+02,9.7460146133e-03,1.3546051311e-02,5.4214863077e-01,1.7130082537e-01,8.4132523044e-02,1.3214062342e-01,4.6985331484e-02,1.6675312783e+00
9.7900000000e+02,9.7734637244e-03,1.3591321984e-02,5.4097018893e-01,1.7167067832e-01,8.2858909391e-02,1.3375093123e-01,4.7384506415e-02,1.6686705524e+00
9.7950000000e+02,9.7803422844e-03,1.3631290387e-02,5.4090732134e-01,1.7216785071e-01,8.1456707196e-02,1.3492060402e-01,4.7135884061e-02,1.6636731199e+00
9.8000000000e+02,9.6863866830e-03,1.3593000205e-02,5.3882135692e-01,1.7361841211e-01,8.0315634875e-02,1.3612357573e-01,4.7841633475e-02,1.6725102376e+00
9.8050000000e+02,9.8264089291e-03,1.3643344342e-02,5.3719532963e-01,1.7490024624e-01,7.9653032851e-02,1.3728817237e-01,4.7493465639e-02,1.6751939429e+00
9.8100000000e+02,9.8156853912e-03,1.3646411934e-02,5.3593386458e-01,1.7604194451e-01,7.8901472948e-02,1.3785890330e-01,4.7801717338e-02,1.6771415999e+00
9.8150000000e+02,9.8843685406e-03,1.3736419534e-02,5.3561670546e-01,1.7513564666e-01,7.8331421724e-02,1.3870208828e-01,4.8593349804e-02,1.6849896017e+00
9.8200000000e+02,9.8971880682e-03,1.3884983029e-02,5.3296848220e-01,1.7615996285e-01,7.7658428536e-02,1.4002259309e-01,4.9408362226e-02,1.6971358429e+00
9.8250000000e+02,9.8482743743e-03,1.4119217883e-02,5.3176069115e-01,1.7690707781e-01,7.5974785236e-02,1.4196822413e-01,4.9421729421e-02,1.6995012697e+00
9.8300000000e+02,9.8443575019e-03,1.4220192649e-02,5.3119933307e-01,1.7744951527e-01,7.5445950997e-02,1.4252465843e-01,4.9315992083e-02,1.6993537040e+00
9.8350000000e+02,9.8985348343e-03,1.4265040101e-02,5.3103175877e-01,1.7738714544e-01,7.4751605667e-02,1.4282863308e-01,4.9837282111e-02,1.6998580975e+00
9.8400000000e+02,9.9351511931e-03,1.4216045894e-02,5.2969580655e-01,1.7871064146e-01,7.4429534872e-02,1.4338249497e-01,4.9630325066e-02,1.7010160263e+00
9.8450000000e+02,9.9340073192e-03,1.4212634925e-02,5.3220806832e-01,1.7733167696e-01,7.2782745067e-02,1.4454611351e-01,4.8984753887e-02,1.6967522307e+00
9.8500000000e+02,1.0002484054e-02,1.4423065482e-02,5.3210347162e-01,1.7696608716e-01,7.2351502840e-02,1.4522965700e-01,4.8923731845e-02,1.7005824635e+00
9.8550000000e+02,9.9817180133e-03,1.4474187207e-02,5.3467385349e-01,1.7454631120e-01,7.1910651211e-02,1.4544003757e-01,4.8973241312e-02,1.6987571543e+00
9.8600000000e+02,1.0157042128e-02,1.4477746239e-02,5.3489727120e-01,1.7369496099e-01,7.1299317549e-02,1.4599677207e-01,4.9476889811e-02,1.7037189029e+00
9.8650000000e+02,1.0225285426e-02,1.4510585990e-02,5.3635244056e-01,1.7269829139e-01,7.0932304407e-02,1.4618429687e-01,4.9096795354e-02,1.7019710182e+00
9.8700000000e+02,1.0255958903e-02,1.4563671983e-02,5.3572016957e-01,1.7264863776e-01,7.0621553176e-02,1.4666619222e-01,4.9523816393e-02,1.7046840394e+00
9.8750000000e+02,1.0264326143e-02,1.4823193111e-02,5.3437633265e-01,1.7361447286e-01,7.0808532462e-02,1.4655968796e-01,4.9553454818e-02,1.7096340060e+00
9.8800000000e+02,1.0340462823e-02,1.4780187138e-02,5.3379804620e-01,1.7426834127e-01,6.9829202361e-02,1.4751897745e-01,4.9464782763e-02,1.7071433771e+00
9.8850000000e+02,1.0406770094e-02,1.4979052376e-02,5.3270864552e-01,1.7416656264e-01,6.8821473548e-02,1.4863242642e-01,5.0285069408e-02,1.7178608323e+00
9.8900000000e+02,1.0475052819e-02,1.5123878339e-02,5.3247261287e-01,1.7444810566e-01,6.7351971690e-02,1.4974108483e-01,5.0387293798e-02,1.7218068261e+00
9.8950000000e+02,1.0564960120e-02,1.5323636500e-02,5.3065245302e-01,1.7605844451e-01,6.6944370015e-02,1.5055428831e-01,4.9901847517e-02,1.7264980406e+00
9.9000000000e+02,1.0603365512e-02,1.5422704208e-02,5.3038120423e-01,1.7631943578e-01,6.7064216165e-02,1.5035792597e-01,4.9851148128e-02,1.7272473577e+00
9.9050000000e+02,1.0689686572e-02,1.5467529039e-02,5.2902125584e-01,1.7652869314e-01,6.7172002408e-02,1.5116656316e-01,4.9954269848e-02,1.7313979763e+00
9.9100000000e+02,1.0752422351e-02,1.5523050247e-02,5.2669806420e-01,1.7765329659e-01,6.7368742299e-02,1.5135159830e-01,5.0652826006e-02,1.7475140838e+00
9.9150000000e+02,1.0698495311e-02,1.5462510604e-02,5.2757465534e-01,1.7665105984e-01,6.7398827173e-02,1.5176697052e-01,5.0447481203e-02,1.7507025402e+00
9.9200000000e+02,1.0768869618e-02,1.5546272842e-02,5.2615277425e-01,1.7698444552e-01,6.7508332893e-02,1.5206324669e-01,5.0976058181e-02,1.7548361839e+00
9.9250000000e+02,1.0651450960e-02,1.5556410422e-02,5.2668314716e-01,1.7705163814e-01,6.7276321149e-02,1.5222523088e-01,5.0555801296e-02,1.7502277347e+00
9.9300000000e+02,1.0697538932e-02,1.5730200778e-02,5.2826474812e-01,1.7616936307e-01,6.7680416386e-02,1.5096181376e-01,5.0495918952e-02,1.7562530479e+00
9.9350000000e+02,1.0699847704e-02,1.5771059177e-02,5.2968678964e-01,1.7500604221e-01,6.7668737746e-02,1.5055152948e-01,5.0615994043e-02,1.7529899087e+00
9.9400000000e+02,1.0721515094e-02,1.6027555133e-02,5.2850543319e-01,1.7487393238e-01,6.7978368699e-02,1.5075759595e-01,5.1135599547e-02,1.7615011247e+00
9.9450000000e+02,1.0740414424e-02,1.6101325711e-02,5.2962392634e-01,1.7358754439e-01,6.8155451769e-02,1.5025495576e-01,5.1536381610e-02,1.7628187167e+00
9.9500000000e+02,1.0805600971e-02,1.6323317780e-02,5.2670367874e-01,1.7540144374e-01,6.8256198054e-02,1.5050291945e-01,5.2006841267e-02,1.7727391399e+00
9.9550000000e+02,1.0948121965e-02,1.6456076104e-02,5.2545059179e-01,1.7581330703e-01,6.9116763757e-02,1.4948856741e-01,5.2726571947e-02,1.7869874105e+00
9.9600000000e+02,1.0996543037e-02,1.6526165719e-02,5.2364259431e-01,1.7755099384e-01,6.9583773524e-02,1.4889586310e-01,5.2804066463e-02,1.7970832404e+00
9.9650000000e+02,1.0953578918e-02,1.6342435837e-02,5.2471829190e-01,1.7636467839e-01,7.0100380354e-02,1.4855426799e-01,5.2966366614e-02,1.7971453794e+00
9.9700000000e+02,1.0898356663e-02,1.6443835469e-02,5.2556724637e-01,1.7520265843e-01,6.9619634242e-02,1.4877826822e-01,5.3490000608e-02,1.7996308500e+00
9.9750000000e+02,1.0845604170e-02,1.6330481101e-02,5.2587234755e-01,1.7523453587e-01,6.9721987610e-02,1.4835984932e-01,5.3635194388e-02,1.8009925112e+00
9.9800000000e+02,1.0972680906e-02,1.6429039769e-02,5.2568175514e-01,1.7531578236e-01,7.0427827296e-02,1.4758312100e-01,5.3589793529e-02,1.8102002508e+00
9.9850000000e+02,1.0912209467e-02,1.6537847555e-02,5.2578157707e-01,1.7551909898e-01,7.1044386194e-02,1.4637166102e-01,5.3833219709e-02,1.8130148873e+00
9.9900000000e+02,1.0886357702e-02,1.6468714958e-02,5.2485960505e-01,1.7551603872e-01,7.2191602287e-02,1.4604118229e-01,5.4036498992e-02,1.8206580729e+00
9.9950000000e+02,1.0887757112e-02,1.6612900015e-02,5.2340369946e-01,1.7624033568e-01,7.2296530111e-02,1.4599523431e-01,5.4563543314e-02,1.8295792073e+00

# METADATA: {"config_sha256": "5c62f3c857ff", "provenance": "Hardened_JPCL_Resubmission_v1.3", "git_commit_sha": "4883ee974158"}
