time_fs,population_site_1,population_site_2,population_site_3,population_site_4,population_site_5,population_site_6,population_site_7,coherences
0.0000000000e+00,2.6653030282e-01,3.5687571535e-02,4.5799527455e-02,4.0010930148e-02,1.3283670100e-01,8.0375459269e-03,4.7109742112e-01,4.1062362492e+00
5.0000000000e-01,2.6711361681e-01,3.5213658810e-02,4.5849520226e-02,3.9854745218e-02,1.3175902076e-01,8.0641200061e-03,4.7214531817e-01,4.0989832792e+00
1.0000000000e+00,2.6635038435e-01,3.5407933479e-02,4.5524134476e-02,4.0159967741e-02,1.3094518776e-01,8.0917050168e-03,4.7352068717e-01,4.0978495880e+00
1.5000000000e+00,2.6554785420e-01,3.5689643831e-02,4.5425692316e-02,4.0571616769e-02,1.2996462202e-01,8.2711062318e-03,4.7452946464e-01,4.1028441005e+00
2.0000000000e+00,2.6665972373e-01,3.6156154972e-02,4.5706241135e-02,4.0534288598e-02,1.2912651616e-01,8.5153552497e-03,4.7330172015e-01,4.1121455835e+00
2.5000000000e+00,2.6591800927e-01,3.6469407223e-02,4.5318581323e-02,4.0643919777e-02,1.2871418237e-01,8.8251509847e-03,4.7411074905e-01,4.1171954925e+00
3.0000000000e+00,2.6459746767e-01,3.6573175634e-02,4.5607663800e-02,4.1315727472e-02,1.2824606719e-01,9.2226698763e-03,4.7443722836e-01,4.1307587933e+00
3.5000000000e+00,2.6250875632e-01,3.6849628327e-02,4.5186438880e-02,4.1671291930e-02,1.2765851074e-01,9.6516129331e-03,4.7647376086e-01,4.1369648522e+00
4.0000000000e+00,2.6017024143e-01,3.7332079108e-02,4.5238618623e-02,4.2021514000e-02,1.2856703985e-01,1.0164653881e-02,4.7650585310e-01,4.1544562368e+00
4.5000000000e+00,2.5900214078e-01,3.7813393029e-02,4.5039074560e-02,4.3337022225e-02,1.2768314806e-01,1.0780194615e-02,4.7634502673e-01,4.1745931797e+00
5.0000000000e+00,2.5887115018e-01,3.8321296412e-02,4.4388595025e-02,4.4599689081e-02,1.2667689847e-01,1.1312813372e-02,4.7582955746e-01,4.1897973614e+00
5.5000000000e+00,2.5788875818e-01,3.9355534271e-02,4.4233416210e-02,4.5868544878e-02,1.2549863878e-01,1.2075115477e-02,4.7507999221e-01,4.2150383407e+00
6.0000000000e+00,2.5750020496e-01,4.0413999278e-02,4.4168579233e-02,4.7031159932e-02,1.2426366612e-01,1.3002821858e-02,4.7361956862e-01,4.2426835736e+00
6.5000000000e+00,2.5599253003e-01,4.0976058125e-02,4.3944139260e-02,4.8894792565e-02,1.2322193757e-01,1.3935035439e-02,4.7303550701e-01,4.2689897797e+00
7.0000000000e+00,2.5381298167e-01,4.1773271852e-02,4.3531343468e-02,5.0074426110e-02,1.2268621645e-01,1.4891048215e-02,4.7323071224e-01,4.2908291674e+00
7.5000000000e+00,2.5428964662e-01,4.2945356085e-02,4.3165604687e-02,5.1501796942e-02,1.2100700157e-01,1.6087317753e-02,4.7100327634e-01,4.3197461522e+00
8.0000000000e+00,2.5372263317e-01,4.4189018829e-02,4.3573717106e-02,5.3416462794e-02,1.2046171000e-01,1.7159761727e-02,4.6747669637e-01,4.3581508887e+00
8.5000000000e+00,2.5277465798e-01,4.5398553238e-02,4.2984370256e-02,5.5565957441e-02,1.1897964495e-01,1.8378076538e-02,4.6591873959e-01,4.3873441507e+00
9.0000000000e+00,2.5144914662e-01,4.6667703833e-02,4.2455923312e-02,5.7841190949e-02,1.1716483701e-01,1.9685432309e-02,4.6473576597e-01,4.4157217513e+00
9.5000000000e+00,2.4903550553e-01,4.8197718036e-02,4.2317132286e-02,6.0291914403e-02,1.1613509173e-01,2.1144612807e-02,4.6287802522e-01,4.4533369801e+00
1.0000000000e+01,2.4714149644e-01,4.9742593172e-02,4.1956113904e-02,6.2603078264e-02,1.1363410623e-01,2.2471762660e-02,4.6245084933e-01,4.4803609612e+00
1.0500000000e+01,2.4472659331e-01,5.1300985824e-02,4.1345096229e-02,6.5045865341e-02,1.1250201082e-01,2.3822704995e-02,4.6125674348e-01,4.5091144951e+00
1.1000000000e+01,2.4204661427e-01,5.2519704189e-02,4.0622926740e-02,6.7043886015e-02,1.1068205553e-01,2.5148435443e-02,4.6193637781e-01,4.5277528274e+00
1.1500000000e+01,2.3885645538e-01,5.3663977783e-02,4.0078110072e-02,7.0083897485e-02,1.0831451905e-01,2.6827837721e-02,4.6217520252e-01,4.5529853120e+00
1.2000000000e+01,2.3637059005e-01,5.4687398627e-02,3.9245585052e-02,7.2901024226e-02,1.0678408506e-01,2.8379025901e-02,4.6163229108e-01,4.5757648181e+00
1.2500000000e+01,2.3327840697e-01,5.6085032455e-02,3.8665542520e-02,7.5519797745e-02,1.0479926218e-01,2.9808283282e-02,4.6184367485e-01,4.5964607960e+00
1.3000000000e+01,2.3053852924e-01,5.7454009843e-02,3.8285991457e-02,7.7849393556e-02,1.0209070515e-01,3.1432302631e-02,4.6234906813e-01,4.6150947112e+00
1.3500000000e+01,2.2823672144e-01,5.8560629708e-02,3.7980265140e-02,8.0220719145e-02,1.0051917499e-01,3.3072263321e-02,4.6141022626e-01,4.6372406659e+00
1.4000000000e+01,2.2636833056e-01,6.0235028011e-02,3.7198744191e-02,8.3093582763e-02,9.8189931500e-02,3.4880840776e-02,4.6003354220e-01,4.6593312087e+00
1.4500000000e+01,2.2467265381e-01,6.1782358796e-02,3.6801709304e-02,8.7573736498e-02,9.6027496003e-02,3.7007245439e-02,4.5613480015e-01,4.6936134357e+00
1.5000000000e+01,2.2208724921e-01,6.3237209445e-02,3.6158451615e-02,9.1379245840e-02,9.3087339294e-02,3.8720638416e-02,4.5532986618e-01,4.7119005456e+00
1.5500000000e+01,2.2066008039e-01,6.5094307043e-02,3.5344066633e-02,9.4224314579e-02,9.0568023885e-02,4.0792972611e-02,4.5331623485e-01,4.7309775059e+00
1.6000000000e+01,2.1958427635e-01,6.7633931502e-02,3.4752280716e-02,9.8032460240e-02,8.8896209515e-02,4.2881985663e-02,4.4821885602e-01,4.7638661557e+00
1.6500000000e+01,2.1845386955e-01,6.9745398118e-02,3.4212510502e-02,1.0148322858e-01,8.6662732980e-02,4.5197685441e-02,4.4424457482e-01,4.7904004053e+00
1.7000000000e+01,2.1735775246e-01,7.2048354752e-02,3.3657363309e-02,1.0501587975e-01,8.3941710738e-02,4.7240878471e-02,4.4073806052e-01,4.8110036967e+00
1.7500000000e+01,2.1518748870e-01,7.3867667663e-02,3.3409387101e-02,1.0879809018e-01,8.0884862232e-02,4.9507187375e-02,4.3834531675e-01,4.8312086887e+00
1.8000000000e+01,2.1328371010e-01,7.6519544513e-02,3.3016859276e-02,1.1324309428e-01,7.8343972720e-02,5.1858959700e-02,4.3373385942e-01,4.8567334644e+00
1.8500000000e+01,2.1013066074e-01,7.8718192853e-02,3.2238547449e-02,1.1711518661e-01,7.6736122731e-02,5.4275078944e-02,4.3078621067e-01,4.8762407159e+00
1.9000000000e+01,2.0655273363e-01,8.0689445024e-02,3.1967595487e-02,1.2112030575e-01,7.4399413088e-02,5.6849322381e-02,4.2842118464e-01,4.8950852904e+00
1.9500000000e+01,2.0452054045e-01,8.2347344771e-02,3.1456120783e-02,1.2482384735e-01,7.1885704987e-02,5.8771295693e-02,4.2619514596e-01,4.9047347595e+00
2.0000000000e+01,2.0264321955e-01,8.4314521683e-02,3.0502246726e-02,1.2973934341e-01,6.8972293839e-02,6.1333866747e-02,4.2249450804e-01,4.9156400332e+00
2.0500000000e+01,1.9831512495e-01,8.6747678063e-02,2.9878855106e-02,1.3389123140e-01,6.6738177625e-02,6.3538102145e-02,4.2089083071e-01,4.9251421843e+00
2.1000000000e+01,1.9654541439e-01,8.8105636419e-02,2.9145861937e-02,1.3629453938e-01,6.3759642684e-02,6.6241333234e-02,4.1990757196e-01,4.9246114189e+00
2.1500000000e+01,1.9504732590e-01,8.9912231973e-02,2.8760450189e-02,1.4028660109e-01,6.0676872544e-02,6.8941644498e-02,4.1637487381e-01,4.9332251714e+00
2.2000000000e+01,1.9266995227e-01,9.2138659915e-02,2.8177631073e-02,1.4453046907e-01,5.7755951291e-02,7.0788155636e-02,4.1393918075e-01,4.9337808266e+00
2.2500000000e+01,1.9248705684e-01,9.4792377198e-02,2.7460903725e-02,1.4780768743e-01,5.5133055353e-02,7.3053862646e-02,4.0926505681e-01,4.9410872672e+00
2.3000000000e+01,1.9069978539e-01,9.7977257384e-02,2.7048150055e-02,1.5119232952e-01,5.2245309067e-02,7.5890640409e-02,4.0494652818e-01,4.9491938772e+00
2.3500000000e+01,1.8835112962e-01,1.0034555752e-01,2.6572449912e-02,1.5456812739e-01,4.9780276515e-02,7.7893721048e-02,4.0248873799e-01,4.9505121966e+00
2.4000000000e+01,1.8551803958e-01,1.0209205707e-01,2.6221898390e-02,1.5939797311e-01,4.7716591517e-02,8.0756427969e-02,3.9829701236e-01,4.9579550928e+00
2.4500000000e+01,1.8358021391e-01,1.0407378275e-01,2.5536120511e-02,1.6424634249e-01,4.5560923256e-02,8.3330900783e-02,3.9367171630e-01,4.9601398984e+00
2.5000000000e+01,1.8004639992e-01,1.0674178503e-01,2.5000509599e-02,1.6818620769e-01,4.2727151499e-02,8.5919968581e-02,3.9137797768e-01,4.9555897558e+00
2.5500000000e+01,1.7814935869e-01,1.0928265429e-01,2.4496132705e-02,1.7076322209e-01,4.0340789335e-02,8.9064235623e-02,3.8790360728e-01,4.9538126684e+00
2.6000000000e+01,1.7453098712e-01,1.1231584998e-01,2.4114766422e-02,1.7546475055e-01,3.7914030168e-02,9.2098614176e-02,3.8356100158e-01,4.9533473407e+00
2.6500000000e+01,1.7217183650e-01,1.1395763939e-01,2.3962375449e-02,1.7844617635e-01,3.5538927117e-02,9.4989115982e-02,3.8093392922e-01,4.9490295273e+00
2.7000000000e+01,1.7023327274e-01,1.1545209820e-01,2.3915131824e-02,1.8085427981e-01,3.3505990323e-02,9.7740088847e-02,3.7829913825e-01,4.9455753791e+00
2.7500000000e+01,1.6732776154e-01,1.1720243992e-01,2.3545715659e-02,1.8433999275e-01,3.1593675575e-02,1.0057275342e-01,3.7541766113e-01,4.9390938536e+00
2.8000000000e+01,1.6330604018e-01,1.1965618940e-01,2.3155336924e-02,1.8923912991e-01,2.9571341068e-02,1.0334119172e-01,3.7173077079e-01,4.9321926965e+00
2.8500000000e+01,1.6047539922e-01,1.2231614714e-01,2.2727274672e-02,1.9345634801e-01,2.7725703307e-02,1.0737501546e-01,3.6592411219e-01,4.9293652229e+00
2.9000000000e+01,1.5762419534e-01,1.2471337047e-01,2.2281040710e-02,1.9869884005e-01,2.5891951276e-02,1.0979290391e-01,3.6099769824e-01,4.9204135438e+00
2.9500000000e+01,1.5511106841e-01,1.2827444642e-01,2.2126035527e-02,2.0198160949e-01,2.3926066868e-02,1.1185774727e-01,3.5672302602e-01,4.9125181482e+00
3.0000000000e+01,1.5245467110e-01,1.3066687853e-01,2.1792051655e-02,2.0692304018e-01,2.2110036109e-02,1.1474931512e-01,3.5130400730e-01,4.9009307547e+00
3.0500000000e+01,1.4856060235e-01,1.3220109261e-01,2.1699912507e-02,2.1124288759e-01,2.0327136869e-02,1.1710965822e-01,3.4885870986e-01,4.8845137356e+00
3.1000000000e+01,1.4538406488e-01,1.3506628502e-01,2.1558957946e-02,2.1437238871e-01,1.8606996352e-02,1.2024633713e-01,3.4476496996e-01,4.8726966720e+00
3.1500000000e+01,1.4133436207e-01,1.3677403000e-01,2.1551122524e-02,2.1641885748e-01,1.7179982146e-02,1.2379046599e-01,3.4295117979e-01,4.8571664038e+00
3.2000000000e+01,1.3847990184e-01,1.3843472724e-01,2.1469399598e-02,2.1957584679e-01,1.5501677075e-02,1.2682514024e-01,3.3971330721e-01,4.8383292948e+00
3.2500000000e+01,1.3492363275e-01,1.4065741955e-01,2.1498973354e-02,2.2171497566e-01,1.4037704591e-02,1.3008789104e-01,3.3707940306e-01,4.8228488210e+00
3.3000000000e+01,1.3150420559e-01,1.4271456833e-01,2.1637404122e-02,2.2364679904e-01,1.2699187990e-02,1.3293348318e-01,3.3486435175e-01,4.8072975082e+00
3.3500000000e+01,1.2851728307e-01,1.4415765570e-01,2.1783618778e-02,2.2653006911e-01,1.1430923113e-02,1.3611870797e-01,3.3146174226e-01,4.7921274004e+00
3.4000000000e+01,1.2585302310e-01,1.4656797117e-01,2.2177708473e-02,2.2930624497e-01,1.0173582613e-02,1.3919189134e-01,3.2672957833e-01,4.7800014787e+00
3.4500000000e+01,1.2245615947e-01,1.4873858120e-01,2.2182588264e-02,2.3398145357e-01,9.0815850916e-03,1.4200363254e-01,3.2155599988e-01,4.7635743305e+00
3.5000000000e+01,1.1866813596e-01,1.4952608409e-01,2.2381856389e-02,2.3893520181e-01,7.9943375979e-03,1.4467984873e-01,3.1781453542e-01,4.7416265360e+00
3.5500000000e+01,1.1524702326e-01,1.5075413489e-01,2.2795654265e-02,2.4372313308e-01,7.0671596931e-03,1.4580564595e-01,3.1460724887e-01,4.7222380464e+00
3.6000000000e+01,1.1278855338e-01,1.5108844285e-01,2.3145778620e-02,2.4710307012e-01,6.2523849407e-03,1.4816461436e-01,3.1145715573e-01,4.7046905426e+00
3.6500000000e+01,1.0985259020e-01,1.5291032865e-01,2.3522931835e-02,2.5093585106e-01,5.4662953380e-03,1.5054284288e-01,3.0676916004e-01,4.6877186000e+00
3.7000000000e+01,1.0620924870e-01,1.5589963162e-01,2.4078334142e-02,2.5349017423e-01,4.7638168667e-03,1.5343301494e-01,3.0212577951e-01,4.6721670457e+00
3.7500000000e+01,1.0276837450e-01,1.5736944318e-01,2.4622692686e-02,2.5822403881e-01,4.1910502681e-03,1.5593801405e-01,2.9688638650e-01,4.6576842801e+00
3.8000000000e+01,1.0060746112e-01,1.5859769061e-01,2.5303648447e-02,2.6172599944e-01,3.6847914536e-03,1.5932813030e-01,2.9075227863e-01,4.6497827969e+00
3.8500000000e+01,9.8635196453e-02,1.6174132483e-01,2.5816775971e-02,2.6256433956e-01,3.3142873207e-03,1.6229430403e-01,2.8563377184e-01,4.6458466934e+00
3.9000000000e+01,9.5715977517e-02,1.6433802370e-01,2.6623833622e-02,2.6466279498e-01,3.0399389658e-03,1.6500047258e-01,2.8061895864e-01,4.6409920492e+00
3.9500000000e+01,9.2744788840e-02,1.6556095791e-01,2.7443041915e-02,2.6976021551e-01,2.8884459607e-03,1.6754690524e-01,2.7405564462e-01,4.6371266947e+00
4.0000000000e+01,8.9868903699e-02,1.6755489110e-01,2.8285057558e-02,2.7248899697e-01,2.8367673786e-03,1.7168949848e-01,2.6727588482e-01,4.6392589028e+00
4.0500000000e+01,8.6535253644e-02,1.6827668206e-01,2.9012589758e-02,2.7658280865e-01,2.8921330781e-03,1.7445607214e-01,2.6224446067e-01,4.6417333201e+00
4.1000000000e+01,8.3458546206e-02,1.7005327756e-01,3.0155942698e-02,2.7921539638e-01,3.0305892737e-03,1.7804980878e-01,2.5603643910e-01,4.6529685402e+00
4.1500000000e+01,8.1432953670e-02,1.7089066092e-01,3.0950075436e-02,2.8109498019e-01,3.3042793574e-03,1.8167471810e-01,2.5065233234e-01,4.6674993250e+00
4.2000000000e+01,7.9780596519e-02,1.7154419140e-01,3.2166908134e-02,2.8380528364e-01,3.6590000281e-03,1.8360620006e-01,2.4543782022e-01,4.6881247944e+00
4.2500000000e+01,7.7108297055e-02,1.7397168710e-01,3.3353909825e-02,2.8924065236e-01,4.1477011973e-03,1.8386106563e-01,2.3831668684e-01,4.7056211104e+00
4.3000000000e+01,7.4449137997e-02,1.7632968410e-01,3.4092942242e-02,2.9126975629e-01,4.7833537598e-03,1.8585194208e-01,2.3322318353e-01,4.7235679551e+00
4.3500000000e+01,7.1532620620e-02,1.7838892772e-01,3.5078691649e-02,2.9501483468e-01,5.4922662348e-03,1.8688907434e-01,2.2760358474e-01,4.7407197019e+00
4.4000000000e+01,6.8739753376e-02,1.7805631731e-01,3.6597184331e-02,2.9683192408e-01,6.3260606851e-03,1.8982094763e-01,2.2362781259e-01,4.7628204227e+00
4.4500000000e+01,6.5687012556e-02,1.7895203069e-01,3.8004281038e-02,2.9749809215e-01,7.2525413253e-03,1.9279250783e-01,2.1981353440e-01,4.7848104423e+00
4.5000000000e+01,6.3077013722e-02,1.8074357225e-01,3.9337652579e-02,2.9804440127e-01,8.2273295075e-03,1.9563281790e-01,2.1493721277e-01,4.8059934515e+00
4.5500000000e+01,6.0504171637e-02,1.8088731363e-01,4.0716918360e-02,3.0222238934e-01,9.3298941082e-03,1.9676564170e-01,2.0957367123e-01,4.8224433542e+00
4.6000000000e+01,5.7514404911e-02,1.8218910955e-01,4.1978758688e-02,3.0718459437e-01,1.0374436122e-02,1.9789983361e-01,2.0285886275e-01,4.8337802362e+00
4.6500000000e+01,5.5089233765e-02,1.8309576351e-01,4.3728375496e-02,3.1092999506e-01,1.1605755084e-02,1.9853748869e-01,1.9701338840e-01,4.8509178674e+00
4.7000000000e+01,5.2583775430e-02,1.8400946925e-01,4.5741871395e-02,3.1395003849e-01,1.2873576170e-02,1.9952631263e-01,1.9131495663e-01,4.8693457223e+00
4.7500000000e+01,5.0147391068e-02,1.8461984557e-01,4.7334495766e-02,3.1704817892e-01,1.4270944057e-02,2.0043130873e-01,1.8614783588e-01,4.8840136892e+00
4.8000000000e+01,4.8040579095e-02,1.8643685390e-01,4.9047024537e-02,3.1962994324e-01,1.5697664167e-02,2.0084199879e-01,1.8030593626e-01,4.8985557422e+00
4.8500000000e+01,4.5666202681e-02,1.8600084802e-01,5.0721384937e-02,3.2313054962e-01,1.7376737921e-02,2.0152855197e-01,1.7557572485e-01,4.9106933188e+00
4.9000000000e+01,4.3336786114e-02,1.8872091006e-01,5.2595873441e-02,3.2360503743e-01,1.9118011896e-02,2.0144718714e-01,1.7117619392e-01,4.9260735520e+00
4.9500000000e+01,4.0619829865e-02,1.8979872783e-01,5.4386014665e-02,3.2291899466e-01,2.0821968462e-02,2.0431272846e-01,1.6714173606e-01,4.9367002983e+00
5.0000000000e+01,3.8517799268e-02,1.9025654151e-01,5.6681744425e-02,3.2314632314e-01,2.2643864091e-02,2.0488213578e-01,1.6387159178e-01,4.9522817623e+00
5.0500000000e+01,3.5962875170e-02,1.9202573496e-01,5.7716185848e-02,3.2302854714e-01,2.4448617549e-02,2.0798167472e-01,1.5883636461e-01,4.9544658638e+00
5.1000000000e+01,3.3839769910e-02,1.9343719926e-01,6.0237453306e-02,3.2226163456e-01,2.6333976098e-02,2.0987982893e-01,1.5401013794e-01,4.9661053640e+00
5.1500000000e+01,3.1686940230e-02,1.9479786406e-01,6.1767375090e-02,3.2138528261e-01,2.8318036284e-02,2.1175378896e-01,1.5029071276e-01,4.9728190674e+00
5.2000000000e+01,2.9467268274e-02,1.9460946062e-01,6.3551189018e-02,3.2336354071e-01,3.0210516799e-02,2.1340644116e-01,1.4539158342e-01,4.9711227871e+00
5.2500000000e+01,2.7849943026e-02,1.9449271731e-01,6.5872510773e-02,3.2221971233e-01,3.3137686172e-02,2.1505810658e-01,1.4136932382e-01,4.9865091347e+00
5.3000000000e+01,2.6160120224e-02,1.9457429424e-01,6.8173861488e-02,3.2212242086e-01,3.5206850602e-02,2.1654868137e-01,1.3721377120e-01,4.9904555566e+00
5.3500000000e+01,2.4517720079e-02,1.9518474764e-01,6.9678463620e-02,3.2245339579e-01,3.7760397610e-02,2.1692174211e-01,1.3348353314e-01,4.9936562147e+00
5.4000000000e+01,2.2926614021e-02,1.9499727916e-01,7.1947750207e-02,3.2254339816e-01,4.0288000713e-02,2.1835032952e-01,1.2894662822e-01,4.9976412316e+00
5.4500000000e+01,2.1186716263e-02,1.9464882164e-01,7.4702256206e-02,3.2291876428e-01,4.2936443838e-02,2.1892226991e-01,1.2468472787e-01,4.9982158769e+00
5.5000000000e+01,1.9579471829e-02,1.9353575258e-01,7.7564687393e-02,3.2292093730e-01,4.5506166673e-02,2.2056936523e-01,1.2032361899e-01,4.9965853867e+00
5.5500000000e+01,1.8079866875e-02,1.9236501516e-01,7.9261870587e-02,3.2529564883e-01,4.7695492982e-02,2.2142900586e-01,1.1587309971e-01,4.9861200977e+00
5.6000000000e+01,1.6471114504e-02,1.9219197671e-01,8.2153823118e-02,3.2426736524e-01,5.0329776238e-02,2.2404801651e-01,1.1053792768e-01,4.9797276190e+00
5.6500000000e+01,1.5088779164e-02,1.9226943814e-01,8.4282979198e-02,3.2299524157e-01,5.2756109384e-02,2.2585804569e-01,1.0674940685e-01,4.9733933502e+00
5.7000000000e+01,1.3798799340e-02,1.9141384002e-01,8.5890548839e-02,3.2385600263e-01,5.5145651347e-02,2.2652036246e-01,1.0337479537e-01,4.9621314095e+00
5.7500000000e+01,1.2542325573e-02,1.9064296209e-01,8.8835136628e-02,3.2584067116e-01,5.7993290775e-02,2.2521250986e-01,9.8933103909e-02,4.9494461242e+00
5.8000000000e+01,1.1329363668e-02,1.8947782259e-01,9.1328036792e-02,3.2650802031e-01,6.0814765642e-02,2.2568926886e-01,9.4852722141e-02,4.9365257270e+00
5.8500000000e+01,1.0286655767e-02,1.8822975086e-01,9.3063700753e-02,3.2683462422e-01,6.3865471782e-02,2.2669045986e-01,9.1029336764e-02,4.9242278597e+00
5.9000000000e+01,9.2838707776e-03,1.8741707829e-01,9.5740004360e-02,3.2526202343e-01,6.6901511241e-02,2.2733699583e-01,8.8058516068e-02,4.9174195989e+00
5.9500000000e+01,8.2655830921e-03,1.8759205070e-01,9.7894508619e-02,3.2432329068e-01,6.9577128732e-02,2.2771533572e-01,8.4632102464e-02,4.9026527815e+00
6.0000000000e+01,7.3352369811e-03,1.8524403286e-01,1.0145988644e-01,3.2604140248e-01,7.2343222728e-02,2.2687922095e-01,8.0696997566e-02,4.8862800436e+00
6.0500000000e+01,6.5323828107e-03,1.8506286788e-01,1.0384158481e-01,3.2571304108e-01,7.5134741732e-02,2.2656763382e-01,7.7147747868e-02,4.8690128873e+00
6.1000000000e+01,5.7917191052e-03,1.8365934627e-01,1.0632987414e-01,3.2531520670e-01,7.8163416599e-02,2.2755043821e-01,7.3189998976e-02,4.8493371116e+00
6.1500000000e+01,5.0134757941e-03,1.8403651241e-01,1.0892882052e-01,3.2551739533e-01,8.0217337364e-02,2.2703480811e-01,6.9251650459e-02,4.8252053542e+00
6.2000000000e+01,4.3411497902e-03,1.8247765323e-01,1.1132710678e-01,3.2550837180e-01,8.3034935496e-02,2.2712281045e-01,6.6187972454e-02,4.8050569728e+00
6.2500000000e+01,3.6957339265e-03,1.8161084970e-01,1.1364208467e-01,3.2550253076e-01,8.6309007411e-02,2.2628660757e-01,6.2953185966e-02,4.7845289447e+00
6.3000000000e+01,3.1076621468e-03,1.8094183339e-01,1.1808252341e-01,3.2509532434e-01,8.9564376275e-02,2.2381455121e-01,5.9393729228e-02,4.7634315461e+00
6.3500000000e+01,2.6022626178e-03,1.7852029654e-01,1.2042059434e-01,3.2518165595e-01,9.2066591674e-02,2.2469180005e-01,5.6516798835e-02,4.7380671304e+00
6.4000000000e+01,2.1591897991e-03,1.7836730288e-01,1.2213862909e-01,3.2346540465e-01,9.4087655170e-02,2.2595446878e-01,5.3827349634e-02,4.7125118556e+00
6.4500000000e+01,1.7665817232e-03,1.7718427371e-01,1.2613965774e-01,3.2144258072e-01,9.7343909067e-02,2.2481520637e-01,5.1307790676e-02,4.6927935273e+00
6.5000000000e+01,1.4360326902e-03,1.7685480455e-01,1.2981103374e-01,3.1839857039e-01,1.0018037116e-01,2.2453670214e-01,4.8782485329e-02,4.6709120461e+00
6.5500000000e+01,1.1747818067e-03,1.7498283171e-01,1.3235616556e-01,3.1847740750e-01,1.0229381865e-01,2.2425799394e-01,4.6457000833e-02,4.6447322470e+00
6.6000000000e+01,9.6186503611e-04,1.7306199540e-01,1.3466333842e-01,3.1785596107e-01,1.0562145993e-01,2.2344631307e-01,4.4389067073e-02,4.6224290007e+00
6.6500000000e+01,7.9814449059e-04,1.7127836618e-01,1.3759567030e-01,3.1882510327e-01,1.0809322368e-01,2.2126524939e-01,4.2144242695e-02,4.5989849086e+00
6.7000000000e+01,6.8300834439e-04,1.7043514092e-01,1.4144871238e-01,3.1861571434e-01,1.0966859493e-01,2.1922320126e-01,3.9925627830e-02,4.5805198708e+00
6.7500000000e+01,6.1682940844e-04,1.6933542728e-01,1.4371779113e-01,3.1620630981e-01,1.1311017461e-01,2.1908561904e-01,3.7927848714e-02,4.5685559146e+00
6.8000000000e+01,6.1136684636e-04,1.6827345456e-01,1.4677067899e-01,3.1531727708e-01,1.1466977020e-01,2.1848070479e-01,3.5876747534e-02,4.5598211703e+00
6.8500000000e+01,6.5685591861e-04,1.6638220717e-01,1.4893932023e-01,3.1404021449e-01,1.1711216840e-01,2.1904453768e-01,3.3824696104e-02,4.5566085282e+00
6.9000000000e+01,7.4231373366e-04,1.6438382262e-01,1.5161375632e-01,3.1006464527e-01,1.1972100368e-01,2.2161482966e-01,3.1859628727e-02,4.5627046370e+00
6.9500000000e+01,8.7857183103e-04,1.6217413899e-01,1.5522793048e-01,3.0751242347e-01,1.2086899874e-01,2.2277031040e-01,3.0567626092e-02,4.5730649999e+00
7.0000000000e+01,1.0604145896e-03,1.6151820890e-01,1.5720320744e-01,3.0714873372e-01,1.2236455662e-01,2.2195707157e-01,2.8747807158e-02,4.5779858964e+00
7.0500000000e+01,1.2592048583e-03,1.5807137168e-01,1.5991053253e-01,3.0828575942e-01,1.2322334904e-01,2.2221001692e-01,2.7039765553e-02,4.5796116026e+00
7.1000000000e+01,1.5085722692e-03,1.5605420805e-01,1.6281258632e-01,3.0738906878e-01,1.2375981222e-01,2.2291539827e-01,2.5560354093e-02,4.5854230177e+00
7.1500000000e+01,1.8154747707e-03,1.5424815465e-01,1.6656639713e-01,3.0565326108e-01,1.2424602886e-01,2.2318780468e-01,2.4282878836e-02,4.5943634938e+00
7.2000000000e+01,2.1554187859e-03,1.5272734091e-01,1.7001052664e-01,3.0338156105e-01,1.2486747522e-01,2.2401846964e-01,2.2839207754e-02,4.6019631422e+00
7.2500000000e+01,2.5376704302e-03,1.5032805198e-01,1.7347764267e-01,3.0222963888e-01,1.2512859318e-01,2.2469219471e-01,2.1606208155e-02,4.6067024032e+00
7.3000000000e+01,2.9352376519e-03,1.4759902561e-01,1.7709759050e-01,3.0128866853e-01,1.2549600793e-01,2.2522691527e-01,2.0356554510e-02,4.6101053167e+00
7.3500000000e+01,3.3957834886e-03,1.4667461991e-01,1.7854677649e-01,2.9983027739e-01,1.2754312046e-01,2.2488722243e-01,1.9122199836e-02,4.6156992801e+00
7.4000000000e+01,3.8545629822e-03,1.4608841155e-01,1.8213566513e-01,2.9712028606e-01,1.2835634578e-01,2.2423629680e-01,1.8208431712e-02,4.6266159369e+00
7.4500000000e+01,4.3591930283e-03,1.4356701074e-01,1.8470973179e-01,2.9690185376e-01,1.2807958598e-01,2.2539303197e-01,1.6989592728e-02,4.6241037696e+00
7.5000000000e+01,4.8907676416e-03,1.4221286030e-01,1.8826007668e-01,2.9491805397e-01,1.2818308629e-01,2.2530771322e-01,1.6227441901e-02,4.6318582241e+00
7.5500000000e+01,5.4448122685e-03,1.3938687410e-01,1.9159092546e-01,2.9737994175e-01,1.2730245499e-01,2.2374772307e-01,1.5147268351e-02,4.6251134291e+00
7.6000000000e+01,6.0561561539e-03,1.3850738526e-01,1.9329753588e-01,2.9591150264e-01,1.2798671410e-01,2.2393321462e-01,1.4307491344e-02,4.6287196596e+00
7.6500000000e+01,6.6865828273e-03,1.3702576573e-01,1.9703629918e-01,2.9409455597e-01,1.2897872496e-01,2.2237962194e-01,1.3798449391e-02,4.6372193146e+00
7.7000000000e+01,7.2526917067e-03,1.3678659498e-01,1.9887538579e-01,2.9370229505e-01,1.2864635305e-01,2.2154400560e-01,1.3192673817e-02,4.6395404565e+00
7.7500000000e+01,7.8916425601e-03,1.3556004775e-01,2.0227663072e-01,2.9050852299e-01,1.2796107187e-01,2.2302511081e-01,1.2776973299e-02,4.6459473117e+00
7.8000000000e+01,8.5748963268e-03,1.3379017418e-01,2.0380552323e-01,2.9101326791e-01,1.2758497946e-01,2.2283249210e-01,1.2398666802e-02,4.6503622636e+00
7.8500000000e+01,9.2581844292e-03,1.3205805089e-01,2.0857793232e-01,2.9179084868e-01,1.2683910119e-01,2.1973437648e-01,1.1741505999e-02,4.6494354244e+00
7.9000000000e+01,9.9953491336e-03,1.3037497405e-01,2.1155161099e-01,2.9104431691e-01,1.2645103977e-01,2.1906358360e-01,1.1519125550e-02,4.6559199313e+00
7.9500000000e+01,1.0766930454e-02,1.2861891008e-01,2.1346239807e-01,2.9042700770e-01,1.2567248417e-01,2.1978482277e-01,1.1267446749e-02,4.6614989048e+00
8.0000000000e+01,1.1544081647e-02,1.2778406182e-01,2.1570510143e-01,2.8869154770e-01,1.2559318585e-01,2.1963756759e-01,1.1044453972e-02,4.6694631144e+00
8.0500000000e+01,1.2249353543e-02,1.2671456382e-01,2.1963567623e-01,2.8748135443e-01,1.2373862200e-01,2.1934043246e-01,1.0839997522e-02,4.6724022852e+00
8.1000000000e+01,1.3092817332e-02,1.2623406528e-01,2.2130715531e-01,2.8674608701e-01,1.2256146129e-01,2.1939446191e-01,1.0663951869e-02,4.6798137799e+00
8.1500000000e+01,1.3935924846e-02,1.2382385966e-01,2.2362392799e-01,2.8734044267e-01,1.2126892817e-01,2.1945789390e-01,1.0549022761e-02,4.6847932403e+00
8.2000000000e+01,1.4822876622e-02,1.2277574349e-01,2.2665579312e-01,2.8592142779e-01,1.1997856059e-01,2.1928760936e-01,1.0557989025e-02,4.6929406465e+00
8.2500000000e+01,1.5599890982e-02,1.2018650086e-01,2.3097497958e-01,2.8526802910e-01,1.1853423773e-01,2.1891591400e-01,1.0520447749e-02,4.6966611753e+00
8.3000000000e+01,1.6631115853e-02,1.1968568665e-01,2.3388160220e-01,2.8334691591e-01,1.1722309304e-01,2.1871312962e-01,1.0518456724e-02,4.7079053071e+00
8.3500000000e+01,1.7473390723e-02,1.1905237308e-01,2.3648829518e-01,2.8330858032e-01,1.1492721578e-01,2.1813357801e-01,1.0616566896e-02,4.7126032966e+00
8.4000000000e+01,1.8428442411e-02,1.1790637072e-01,2.4010695858e-01,2.8225540363e-01,1.1403282311e-01,2.1645340573e-01,1.0816595824e-02,4.7239054069e+00
8.4500000000e+01,1.9090211587e-02,1.1705949629e-01,2.4245466200e-01,2.8227120071e-01,1.1226101473e-01,2.1596855283e-01,1.0894861860e-02,4.7294243692e+00
8.5000000000e+01,1.9892861970e-02,1.1556485522e-01,2.4629277474e-01,2.7966859470e-01,1.1137116134e-01,2.1611758550e-01,1.1092166533e-02,4.7366314230e+00
8.5500000000e+01,2.0923372354e-02,1.1431002486e-01,2.4889909157e-01,2.7879061895e-01,1.0981689002e-01,2.1599315454e-01,1.1266847697e-02,4.7451323109e+00
8.6000000000e+01,2.1944297623e-02,1.1316272663e-01,2.5300822115e-01,2.7663543559e-01,1.0729056276e-01,2.1645856857e-01,1.1500187668e-02,4.7527715938e+00
8.6500000000e+01,2.2720012042e-02,1.1121992785e-01,2.5583511134e-01,2.7585609387e-01,1.0529528274e-01,2.1739624164e-01,1.1677330518e-02,4.7524406228e+00
8.7000000000e+01,2.3647676889e-02,1.1021029055e-01,2.5965797035e-01,2.7365268885e-01,1.0253479918e-01,2.1835535240e-01,1.1941221781e-02,4.7555422633e+00
8.7500000000e+01,2.4533151185e-02,1.0989002376e-01,2.6210100789e-01,2.7063007700e-01,1.0123792671e-01,2.1928478368e-01,1.2323029769e-02,4.7646998920e+00
8.8000000000e+01,2.5547950256e-02,1.0850303038e-01,2.6587684291e-01,2.6962265212e-01,9.8992360560e-02,2.1885937433e-01,1.2597789449e-02,4.7673627196e+00
8.8500000000e+01,2.6210538348e-02,1.0656457712e-01,2.6949350283e-01,2.6972441433e-01,9.5845988546e-02,2.1923284049e-01,1.2928138329e-02,4.7643477063e+00
8.9000000000e+01,2.7098656219e-02,1.0566005902e-01,2.7125644117e-01,2.6927185847e-01,9.3883848521e-02,2.1953461576e-01,1.3294520844e-02,4.7690052006e+00
8.9500000000e+01,2.8252038563e-02,1.0446743934e-01,2.7347148445e-01,2.6646309200e-01,9.2236114689e-02,2.2129055054e-01,1.3819280417e-02,4.7798329391e+00
9.0000000000e+01,2.9137160764e-02,1.0268595315e-01,2.7675414114e-01,2.6463591213e-01,8.9036174442e-02,2.2327467218e-01,1.4475986196e-02,4.7820984001e+00
9.0500000000e+01,2.9897981817e-02,1.0113949894e-01,2.8002474726e-01,2.6431631170e-01,8.6023193843e-02,2.2360030887e-01,1.4997957574e-02,4.7818323799e+00
9.1000000000e+01,3.1035361603e-02,1.0011696761e-01,2.8290568524e-01,2.6202922211e-01,8.4058628524e-02,2.2424326922e-01,1.5610865696e-02,4.7879841522e+00
9.1500000000e+01,3.1969148359e-02,9.8597826967e-02,2.8592986063e-01,2.6126808649e-01,8.1664868231e-02,2.2442800409e-01,1.6142205234e-02,4.7887477806e+00
9.2000000000e+01,3.2696325294e-02,9.7758807896e-02,2.8809293396e-01,2.6024096229e-01,7.9520448759e-02,2.2500817480e-01,1.6682346991e-02,4.7885587416e+00
9.2500000000e+01,3.3339806803e-02,9.7358181583e-02,2.8982131751e-01,2.5933481904e-01,7.7179305728e-02,2.2564735366e-01,1.7319215668e-02,4.7896132154e+00
9.3000000000e+01,3.4225464615e-02,9.5621011480e-02,2.9336527641e-01,2.5865279541e-01,7.4014110480e-02,2.2601945000e-01,1.8101891607e-02,4.7864326576e+00
9.3500000000e+01,3.4978904819e-02,9.3879938422e-02,2.9420586084e-01,2.5876143964e-01,7.1330503703e-02,2.2807683712e-01,1.8766515457e-02,4.7843359082e+00
9.4000000000e+01,3.5677482630e-02,9.2614624972e-02,2.9696422566e-01,2.5746063629e-01,6.9169051795e-02,2.2862705022e-01,1.9486928431e-02,4.7835470821e+00
9.4500000000e+01,3.6745195783e-02,9.2090853324e-02,2.9960428130e-01,2.5690866293e-01,6.6691094734e-02,2.2785850147e-01,2.0101410457e-02,4.7847495976e+00
9.5000000000e+01,3.7522075397e-02,8.9907393061e-02,3.0485630310e-01,2.5580535473e-01,6.3707547629e-02,2.2736561238e-01,2.0835713696e-02,4.7757893249e+00
9.5500000000e+01,3.8161084943e-02,8.8882574895e-02,3.1028869249e-01,2.5313651657e-01,6.0681117168e-02,2.2726341124e-01,2.1586602688e-02,4.7677787633e+00
9.6000000000e+01,3.9045816056e-02,8.8394320373e-02,3.1127912934e-01,2.5334677017e-01,5.8312919150e-02,2.2721248930e-01,2.2408555613e-02,4.7659789449e+00
9.6500000000e+01,3.9803708237e-02,8.6866686852e-02,3.1185710231e-01,2.5535414755e-01,5.6197379526e-02,2.2654925569e-01,2.3371719833e-02,4.7626070870e+00
9.7000000000e+01,4.0310040723e-02,8.6105563781e-02,3.1515307738e-01,2.5351835942e-01,5.3726661047e-02,2.2675738697e-01,2.4428910679e-02,4.7555532151e+00
9.7500000000e+01,4.1066204487e-02,8.4400218636e-02,3.1660871918e-01,2.5142129223e-01,5.0910975305e-02,2.3009536854e-01,2.5497221619e-02,4.7458247429e+00
9.8000000000e+01,4.1691592938e-02,8.3298631836e-02,3.1836469769e-01,2.5055964998e-01,4.8100276803e-02,2.3159570469e-01,2.6389446062e-02,4.7357670091e+00
9.8500000000e+01,4.2624012645e-02,8.2734302018e-02,3.2068136019e-01,2.4794663965e-01,4.5439225388e-02,2.3316716146e-01,2.7407298648e-02,4.7283579279e+00
9.9000000000e+01,4.3134932336e-02,8.2278803963e-02,3.2374039717e-01,2.4694469782e-01,4.2662105364e-02,2.3300997316e-01,2.8229090187e-02,4.7172469133e+00
9.9500000000e+01,4.3807826879e-02,8.1287472631e-02,3.2677334839e-01,2.4465402690e-01,3.9933782554e-02,2.3427092551e-01,2.9272617132e-02,4.7058032804e+00
1.0000000000e+02,4.4209128285e-02,8.0932430355e-02,3.2988325045e-01,2.4226053655e-01,3.7426087735e-02,2.3489858703e-01,3.0389979597e-02,4.6954711864e+00
1.0050000000e+02,4.4567265181e-02,8.0631429987e-02,3.3223382725e-01,2.4006508964e-01,3.4662625822e-02,2.3622809980e-01,3.1611662318e-02,4.6823733232e+00
1.0100000000e+02,4.5072643813e-02,7.9132614144e-02,3.3506779126e-01,2.3722634837e-01,3.2181395245e-02,2.3850944175e-01,3.2809765421e-02,4.6645170226e+00
1.0150000000e+02,4.5947080438e-02,7.8081520170e-02,3.3734642443e-01,2.3374002891e-01,3.0262439152e-02,2.4052251312e-01,3.4099993782e-02,4.6517304999e+00
1.0200000000e+02,4.6574568436e-02,7.6650019492e-02,3.4152159246e-01,2.3117960022e-01,2.8036052973e-02,2.4056784050e-01,3.5470325923e-02,4.6323390092e+00
1.0250000000e+02,4.7307183772e-02,7.5774305800e-02,3.4395212029e-01,2.2811923921e-01,2.6032345131e-02,2.4156893128e-01,3.7245874521e-02,4.6171714670e+00
1.0300000000e+02,4.7689105997e-02,7.4653799589e-02,3.4786927732e-01,2.2578476428e-01,2.4263954410e-02,2.4102638981e-01,3.8712708603e-02,4.5990721647e+00
1.0350000000e+02,4.8312913416e-02,7.3310077590e-02,3.5087097225e-01,2.2286495548e-01,2.2049702723e-02,2.4267743692e-01,3.9913941615e-02,4.5744558297e+00
1.0400000000e+02,4.8840074880e-02,7.2331125540e-02,3.5282394978e-01,2.2021450299e-01,2.0246887400e-02,2.4429937258e-01,4.1244086824e-02,4.5531798731e+00
1.0450000000e+02,4.9610761393e-02,7.1229831314e-02,3.5554284178e-01,2.1679550102e-01,1.8583310959e-02,2.4545916978e-01,4.2778583753e-02,4.5326897218e+00
1.0500000000e+02,5.0018870900e-02,7.1101903605e-02,3.5397307520e-01,2.1684095210e-01,1.7097989056e-02,2.4637278158e-01,4.4594427561e-02,4.5193250396e+00
1.0550000000e+02,5.1057111497e-02,7.0468511473e-02,3.5680118092e-01,2.1129470175e-01,1.5727145515e-02,2.4844130728e-01,4.6210041568e-02,4.4973444447e+00
1.0600000000e+02,5.1748531612e-02,6.9982522601e-02,3.5966205326e-01,2.0939247394e-01,1.4360036251e-02,2.4730724599e-01,4.7547136343e-02,4.4746583033e+00
1.0650000000e+02,5.2598468301e-02,6.9244777221e-02,3.6005842302e-01,2.0695368734e-01,1.3183424907e-02,2.4862724885e-01,4.9333970368e-02,4.4558395881e+00
1.0700000000e+02,5.3330740663e-02,6.8094336380e-02,3.6263373889e-01,2.0253423959e-01,1.2213525069e-02,2.4931154257e-01,5.1881876838e-02,4.4386431139e+00
1.0750000000e+02,5.3995984409e-02,6.6668611441e-02,3.6331486788e-01,2.0033809014e-01,1.1249105600e-02,2.5034014428e-01,5.4093196244e-02,4.4178476278e+00
1.0800000000e+02,5.4477881889e-02,6.5101351806e-02,3.6454282052e-01,1.9887141689e-01,1.0320163056e-02,2.5039723061e-01,5.6289135220e-02,4.3960810993e+00
1.0850000000e+02,5.4394774181e-02,6.3393569144e-02,3.6778805581e-01,1.9650450284e-01,9.6127668075e-03,2.5043875359e-01,5.7867577630e-02,4.3660082693e+00
1.0900000000e+02,5.5249890741e-02,6.2716250601e-02,3.6850801737e-01,1.9586153971e-01,8.9575996562e-03,2.4955274038e-01,5.9153961544e-02,4.3451127053e+00
1.0950000000e+02,5.5560202394e-02,6.1779353271e-02,3.6918298701e-01,1.9420174680e-01,8.5820857438e-03,2.4991575201e-01,6.0777872776e-02,4.3285204910e+00
1.1000000000e+02,5.6118065327e-02,6.0199564174e-02,3.7320633758e-01,1.9070770601e-01,8.2659426857e-03,2.4872144163e-01,6.2780942587e-02,4.3136710867e+00
1.1050000000e+02,5.6356287960e-02,5.8599501670e-02,3.7607958596e-01,1.8653161749e-01,8.0679377719e-03,2.4974401110e-01,6.4621058052e-02,4.2987453013e+00
1.1100000000e+02,5.6451597953e-02,5.8055333995e-02,3.7686100828e-01,1.8368505536e-01,8.1739303626e-03,2.5079541614e-01,6.5977657914e-02,4.2946851066e+00
1.1150000000e+02,5.6493376623e-02,5.7122378010e-02,3.8109515957e-01,1.7944160699e-01,8.3515515510e-03,2.4973428216e-01,6.7761645097e-02,4.2955599660e+00
1.1200000000e+02,5.6255615247e-02,5.6042912027e-02,3.8468173524e-01,1.7596540421e-01,8.5740985185e-03,2.4864926786e-01,6.9830966899e-02,4.3018565288e+00
1.1250000000e+02,5.5997959605e-02,5.5617488777e-02,3.8813966940e-01,1.7139919684e-01,9.1044473364e-03,2.4756016637e-01,7.2181071672e-02,4.3191033274e+00
1.1300000000e+02,5.6899979396e-02,5.4352407525e-02,3.8814323373e-01,1.6873538791e-01,9.6388689260e-03,2.4779180397e-01,7.4438318549e-02,4.3410630413e+00
1.1350000000e+02,5.7077710010e-02,5.3297026196e-02,3.9143403052e-01,1.6607065633e-01,1.0137643691e-02,2.4584727669e-01,7.6135656566e-02,4.3578214151e+00
1.1400000000e+02,5.8065924348e-02,5.2611002734e-02,3.8957454450e-01,1.6457882804e-01,1.0789170764e-02,2.4544131566e-01,7.8939213949e-02,4.3941434136e+00
1.1450000000e+02,5.8289585850e-02,5.1465714902e-02,3.9188365103e-01,1.6095863319e-01,1.1586153726e-02,2.4406518255e-01,8.1751078749e-02,4.4168065744e+00
1.1500000000e+02,5.8837264416e-02,5.0731807024e-02,3.9157847716e-01,1.5685045472e-01,1.2604452989e-02,2.4479401974e-01,8.4603523948e-02,4.4495505709e+00
1.1550000000e+02,5.9012084189e-02,5.0028814491e-02,3.9310712409e-01,1.5225724373e-01,1.3822689801e-02,2.4464539632e-01,8.7126647376e-02,4.4760786092e+00
1.1600000000e+02,5.9390217035e-02,4.8700895632e-02,3.9404562574e-01,1.4999109849e-01,1.4967400299e-02,2.4245591417e-01,9.0448848635e-02,4.5026662740e+00
1.1650000000e+02,6.0248808118e-02,4.7598545233e-02,3.9408633682e-01,1.4667309386e-01,1.6354720014e-02,2.4223250870e-01,9.2805987258e-02,4.5269577864e+00
1.1700000000e+02,6.0869961136e-02,4.6398141358e-02,3.9307398277e-01,1.4461270606e-01,1.7676647407e-02,2.4146874138e-01,9.5899819890e-02,4.5529287354e+00
1.1750000000e+02,6.0884294030e-02,4.5104359146e-02,3.9508723987e-01,1.4143748981e-01,1.9298229116e-02,2.3990822588e-01,9.8280162146e-02,4.5720554586e+00
1.1800000000e+02,6.0880088637e-02,4.4347667652e-02,3.9796679594e-01,1.3847800945e-01,2.1000432042e-02,2.3630771786e-01,1.0101928842e-01,4.5904070214e+00
1.1850000000e+02,6.1479302996e-02,4.3712143675e-02,3.9701242286e-01,1.3619495673e-01,2.2630938943e-02,2.3453447108e-01,1.0443576371e-01,4.6156233026e+00
1.1900000000e+02,6.1926954390e-02,4.3143324445e-02,3.9702636378e-01,1.3252197938e-01,2.4431649369e-02,2.3379282759e-01,1.0715690106e-01,4.6409475261e+00
1.1950000000e+02,6.2612218193e-02,4.2307228456e-02,3.9632931887e-01,1.2970363842e-01,2.6249578786e-02,2.3307657171e-01,1.0972144556e-01,4.6623678672e+00
1.2000000000e+02,6.2485600918e-02,4.1185009651e-02,3.9753782715e-01,1.2684792607e-01,2.8122294583e-02,2.3142787924e-01,1.1239346239e-01,4.6726138337e+00
1.2050000000e+02,6.2882896822e-02,4.0114505066e-02,3.9806851620e-01,1.2481244000e-01,3.0087598201e-02,2.2964230000e-01,1.1439174371e-01,4.6865134024e+00
1.2100000000e+02,6.2473799118e-02,3.9116850052e-02,4.0037558805e-01,1.2159980374e-01,3.2090966345e-02,2.2756069814e-01,1.1678229456e-01,4.6942027523e+00
1.2150000000e+02,6.2264243767e-02,3.7979996885e-02,4.0397505700e-01,1.1825687079e-01,3.4075530615e-02,2.2488728903e-01,1.1856101192e-01,4.6939708711e+00
1.2200000000e+02,6.2670113556e-02,3.7052651844e-02,4.0367231003e-01,1.1567743659e-01,3.6246651050e-02,2.2391883660e-01,1.2076200033e-01,4.7084892339e+00
1.2250000000e+02,6.2956184812e-02,3.6152037174e-02,4.0397129306e-01,1.1316778249e-01,3.8626784639e-02,2.2308492996e-01,1.2204098786e-01,4.7180412847e+00
1.2300000000e+02,6.3208762645e-02,3.5195548054e-02,4.0572511104e-01,1.1084079784e-01,4.1066576694e-02,2.2060052236e-01,1.2336268137e-01,4.7266530383e+00
1.2350000000e+02,6.2713880562e-02,3.4650154202e-02,4.0486691507e-01,1.0900997025e-01,4.3154028232e-02,2.1812139708e-01,1.2748365460e-01,4.7386850013e+00
1.2400000000e+02,6.2496503432e-02,3.3708229830e-02,4.0454398393e-01,1.0738781857e-01,4.5425192439e-02,2.1551177205e-01,1.3092649975e-01,4.7504019401e+00
1.2450000000e+02,6.2422100035e-02,3.2519425885e-02,4.0604981887e-01,1.0445693967e-01,4.7755376763e-02,2.1317949705e-01,1.3361684173e-01,4.7528117291e+00
1.2500000000e+02,6.2934782504e-02,3.1467701114e-02,4.0536582304e-01,1.0265847024e-01,5.0498665138e-02,2.1112464576e-01,1.3594991220e-01,4.7678637158e+00
1.2550000000e+02,6.3124412060e-02,3.0534462790e-02,4.0431271860e-01,1.0150209780e-01,5.3207806829e-02,2.0850619571e-01,1.3881230622e-01,4.7791400392e+00
1.2600000000e+02,6.3776414118e-02,2.9606345408e-02,4.0380376266e-01,9.9390937592e-02,5.5920045993e-02,2.0729275238e-01,1.4020974185e-01,4.7860519371e+00
1.2650000000e+02,6.3793428118e-02,2.8709787234e-02,4.0249242882e-01,9.8217880056e-02,5.8622251134e-02,2.0394476008e-01,1.4421946456e-01,4.7967972246e+00
1.2700000000e+02,6.3751051572e-02,2.7841109804e-02,4.0400853466e-01,9.5768226477e-02,6.0769381325e-02,2.0147972746e-01,1.4638196870e-01,4.7902258900e+00
1.2750000000e+02,6.3211394473e-02,2.6615614508e-02,4.0603733937e-01,9.3540929026e-02,6.3657815874e-02,1.9865750937e-01,1.4827939737e-01,4.7850833721e+00
1.2800000000e+02,6.3193768010e-02,2.5926470176e-02,4.0595562929e-01,9.1924271353e-02,6.6180574360e-02,1.9704113860e-01,1.4977814821e-01,4.7860660280e+00
1.2850000000e+02,6.3217145168e-02,2.4935675815e-02,4.0831414065e-01,9.0304340800e-02,6.8701941060e-02,1.9227477358e-01,1.5225198292e-01,4.7813870478e+00
1.2900000000e+02,6.3005908807e-02,2.4234003361e-02,4.0949693660e-01,8.9319877746e-02,7.1415478093e-02,1.8780556147e-01,1.5472223392e-01,4.7795144822e+00
1.2950000000e+02,6.3027542163e-02,2.3360454285e-02,4.0685712335e-01,8.8578456310e-02,7.5030528549e-02,1.8471747276e-01,1.5842842258e-01,4.7877076696e+00
1.3000000000e+02,6.3357228977e-02,2.2594603488e-02,4.0490220644e-01,8.7410619885e-02,7.8355109043e-02,1.8367680157e-01,1.5970343060e-01,4.7942507406e+00
1.3050000000e+02,6.2549602723e-02,2.1965754422e-02,4.0599048491e-01,8.6952127174e-02,8.0682709609e-02,1.7882654255e-01,1.6303277861e-01,4.7887870856e+00
1.3100000000e+02,6.2429271689e-02,2.1261359447e-02,4.0817508051e-01,8.6775996043e-02,8.2954983588e-02,1.7463376582e-01,1.6376954290e-01,4.7825169440e+00
1.3150000000e+02,6.2645591726e-02,2.0678301035e-02,4.0705134001e-01,8.6111182794e-02,8.5846022879e-02,1.7180230386e-01,1.6586525769e-01,4.7845964213e+00
1.3200000000e+02,6.2176301923e-02,2.0039721925e-02,4.0543834107e-01,8.6313432683e-02,8.8904920882e-02,1.6770017516e-01,1.6942710636e-01,4.7869361790e+00
1.3250000000e+02,6.1686632774e-02,1.9343321020e-02,4.0563954229e-01,8.6079271020e-02,9.0656897160e-02,1.6379230741e-01,1.7280202832e-01,4.7781048654e+00
1.3300000000e+02,6.1702211495e-02,1.8510324554e-02,4.0423960968e-01,8.6001657238e-02,9.2986865413e-02,1.6077097562e-01,1.7578835600e-01,4.7777635258e+00
1.3350000000e+02,6.1275645710e-02,1.7910359299e-02,4.0289048536e-01,8.6590538501e-02,9.5461807626e-02,1.5755992535e-01,1.7831123816e-01,4.7771569600e+00
1.3400000000e+02,6.2058908772e-02,1.7435305586e-02,4.0245470452e-01,8.6966693550e-02,9.8371260107e-02,1.5228636243e-01,1.8042676504e-01,4.7809424928e+00
1.3450000000e+02,6.2413431217e-02,1.6797722006e-02,3.9939315089e-01,8.7336644967e-02,1.0220096005e-01,1.4898147655e-01,1.8287661432e-01,4.7826598487e+00
1.3500000000e+02,6.2995303059e-02,1.6225186401e-02,3.9689611098e-01,8.7864702638e-02,1.0462922927e-01,1.4587077969e-01,1.8551868795e-01,4.7865759831e+00
1.3550000000e+02,6.3016593527e-02,1.5761311097e-02,3.9366984472e-01,8.8403761231e-02,1.0746069629e-01,1.4289293313e-01,1.8879486001e-01,4.7873048685e+00
1.3600000000e+02,6.2978535602e-02,1.5385731199e-02,3.9561862344e-01,8.7741803438e-02,1.0970152831e-01,1.3825257621e-01,1.9032120180e-01,4.7773007710e+00
1.3650000000e+02,6.3332945231e-02,1.5077833562e-02,3.9474944076e-01,8.8592401576e-02,1.1149550373e-01,1.3370950718e-01,1.9304236796e-01,4.7746252565e+00
1.3700000000e+02,6.2993971568e-02,1.4570111725e-02,3.9325738359e-01,8.9490851351e-02,1.1444564721e-01,1.3041195110e-01,1.9483008346e-01,4.7708328987e+00
1.3750000000e+02,6.2991262687e-02,1.4087351914e-02,3.9328005549e-01,9.0852777820e-02,1.1645029845e-01,1.2721905480e-01,1.9511919883e-01,4.7647819984e+00
1.3800000000e+02,6.3215896365e-02,1.3859554202e-02,3.9098373704e-01,9.2230660280e-02,1.1833608460e-01,1.2397664201e-01,1.9739742550e-01,4.7689294385e+00
1.3850000000e+02,6.2605861995e-02,1.3605145766e-02,3.9034694933e-01,9.4198494306e-02,1.1995478324e-01,1.2009133514e-01,1.9919743023e-01,4.7635833242e+00
1.3900000000e+02,6.2274230462e-02,1.3373122550e-02,3.8977956909e-01,9.4196002567e-02,1.2251236956e-01,1.1636799120e-01,2.0149671456e-01,4.7604645555e+00
1.3950000000e+02,6.2470432219e-02,1.3148287570e-02,3.8607705854e-01,9.5389073137e-02,1.2452833059e-01,1.1390694381e-01,2.0447987412e-01,4.7652591023e+00
1.4000000000e+02,6.2286945296e-02,1.2881951911e-02,3.8430047925e-01,9.6218472225e-02,1.2690867857e-01,1.1054469664e-01,2.0685877610e-01,4.7631363525e+00
1.4050000000e+02,6.1853155892e-02,1.2743195683e-02,3.8102801460e-01,9.7558805061e-02,1.2991701007e-01,1.0697160784e-01,2.0992821086e-01,4.7641522879e+00
1.4100000000e+02,6.2100830129e-02,1.2552715062e-02,3.7993764670e-01,9.8503613464e-02,1.3315318053e-01,1.0317877105e-01,2.1057324306e-01,4.7626965775e+00
1.4150000000e+02,6.1724031370e-02,1.2292106353e-02,3.7783630156e-01,1.0037808634e-01,1.3657747868e-01,9.9363226887e-02,2.1182876880e-01,4.7597398067e+00
1.4200000000e+02,6.1483209968e-02,1.2057453714e-02,3.7610182296e-01,1.0258531179e-01,1.3868584113e-01,9.5117226867e-02,2.1396913356e-01,4.7543651061e+00
1.4250000000e+02,6.0960310113e-02,1.1908865965e-02,3.7525543162e-01,1.0457366510e-01,1.4063961437e-01,9.1372444671e-02,2.1528966816e-01,4.7472713210e+00
1.4300000000e+02,6.1111654443e-02,1.1812422991e-02,3.7208555727e-01,1.0715863936e-01,1.4346876160e-01,8.7455498769e-02,2.1690746557e-01,4.7484795032e+00
1.4350000000e+02,6.1173907404e-02,1.1769612351e-02,3.7007482944e-01,1.0954927207e-01,1.4609199241e-01,8.4521635678e-02,2.1681875065e-01,4.7530009282e+00
1.4400000000e+02,6.1184928953e-02,1.1676922701e-02,3.6790454761e-01,1.1030967722e-01,1.4838377107e-01,8.1725969664e-02,2.1881418278e-01,4.7536112248e+00
1.4450000000e+02,6.0468832586e-02,1.1519930816e-02,3.6762945639e-01,1.1272482050e-01,1.4990590740e-01,7.8654816555e-02,2.1909623576e-01,4.7450465643e+00
1.4500000000e+02,6.0311779247e-02,1.1491512046e-02,3.6610836827e-01,1.1399746966e-01,1.5311784609e-01,7.4750345287e-02,2.2022267941e-01,4.7384139848e+00
1.4550000000e+02,6.0002984474e-02,1.1479747796e-02,3.6620632330e-01,1.1638888494e-01,1.5406425839e-01,7.1286433079e-02,2.2057136801e-01,4.7297472662e+00
1.4600000000e+02,5.9440930120e-02,1.1451054428e-02,3.6395558590e-01,1.1789548275e-01,1.5655677676e-01,6.7842464676e-02,2.2285770537e-01,4.7218404058e+00
1.4650000000e+02,5.9275725848e-02,1.1574389420e-02,3.6361291129e-01,1.1930305819e-01,1.5870973232e-01,6.4504465449e-02,2.2301971748e-01,4.7160188652e+00
1.4700000000e+02,5.8830989719e-02,1.1651368621e-02,3.6273975994e-01,1.2092859131e-01,1.6200975728e-01,6.1567504665e-02,2.2227202846e-01,4.7086385017e+00
1.4750000000e+02,5.8660999705e-02,1.1606246317e-02,3.6021640527e-01,1.2284121264e-01,1.6504256625e-01,5.8779619590e-02,2.2285295023e-01,4.7035638500e+00
1.4800000000e+02,5.8512104642e-02,1.1630972678e-02,3.6068469275e-01,1.2430273467e-01,1.6731707288e-01,5.5817164993e-02,2.2173525739e-01,4.6911562215e+00
1.4850000000e+02,5.8370413156e-02,1.1648690869e-02,3.5862661592e-01,1.2597390040e-01,1.6973774034e-01,5.2509098681e-02,2.2313354063e-01,4.6840847939e+00
1.4900000000e+02,5.7931413958e-02,1.1824481318e-02,3.5702000161e-01,1.2745767804e-01,1.7129520434e-01,4.9596794494e-02,2.2487442624e-01,4.6692229058e+00
1.4950000000e+02,5.7067061947e-02,1.1871527861e-02,3.5481952387e-01,1.2907265148e-01,1.7287321786e-01,4.6998040005e-02,2.2729797697e-01,4.6538332500e+00
1.5000000000e+02,5.7095268692e-02,1.1879462027e-02,3.5305100800e-01,1.3057486919e-01,1.7499239375e-01,4.4202090208e-02,2.2820490813e-01,4.6385206516e+00
1.5050000000e+02,5.7132941127e-02,1.2025996389e-02,3.4901419878e-01,1.3190915955e-01,1.7798801102e-01,4.1765303047e-02,2.3016439010e-01,4.6343033259e+00
1.5100000000e+02,5.6444883401e-02,1.1999906753e-02,3.4948207850e-01,1.3260261879e-01,1.7872918203e-01,3.8924592676e-02,2.3181673785e-01,4.6085199265e+00
1.5150000000e+02,5.5583458631e-02,1.1989670817e-02,3.4807918054e-01,1.3414573935e-01,1.8146367159e-01,3.6205978665e-02,2.3253230040e-01,4.5883047503e+00
1.5200000000e+02,5.5758360535e-02,1.2160879745e-02,3.4449508249e-01,1.3385761323e-01,1.8443084106e-01,3.3992408432e-02,2.3530481450e-01,4.5776601079e+00
1.5250000000e+02,5.5600096615e-02,1.2379656819e-02,3.4028707474e-01,1.3587591835e-01,1.8605036338e-01,3.1653443720e-02,2.3815344639e-01,4.5665490761e+00
1.5300000000e+02,5.5253556155e-02,1.2532663065e-02,3.3699301639e-01,1.3870580953e-01,1.8694592174e-01,2.9288022166e-02,2.4028101095e-01,4.5518363428e+00
1.5350000000e+02,5.5099332189e-02,1.2746706341e-02,3.3294073492e-01,1.3977777844e-01,1.8982857618e-01,2.7395360996e-02,2.4221151094e-01,4.5397884238e+00
1.5400000000e+02,5.5100469684e-02,1.2732857254e-02,3.3337247974e-01,1.4062259933e-01,1.9013883290e-01,2.5242291055e-02,2.4279047003e-01,4.5178665684e+00
1.5450000000e+02,5.4906949110e-02,1.2843929397e-02,3.2849339115e-01,1.4271993266e-01,1.9265916840e-01,2.3519487089e-02,2.4485714220e-01,4.5014309859e+00
1.5500000000e+02,5.4994630058e-02,1.2986062636e-02,3.2716394572e-01,1.4306163089e-01,1.9369069656e-01,2.1422567730e-02,2.4668046641e-01,4.4787918353e+00
1.5550000000e+02,5.4659711977e-02,1.3179642964e-02,3.2566514056e-01,1.4445544158e-01,1.9470662700e-01,1.9634931447e-02,2.4769850448e-01,4.4617134465e+00
1.5600000000e+02,5.4740324865e-02,1.3404234972e-02,3.2288598576e-01,1.4493624290e-01,1.9641103238e-01,1.7761337822e-02,2.4986084131e-01,4.4456453716e+00
1.5650000000e+02,5.4870696971e-02,1.3635335260e-02,3.1909125902e-01,1.4513989046e-01,1.9927494876e-01,1.6243131096e-02,2.5174473843e-01,4.4290825779e+00
1.5700000000e+02,5.4257937320e-02,1.3619821383e-02,3.1709233299e-01,1.4461124096e-01,1.9981063979e-01,1.4497076525e-02,2.5611095104e-01,4.3991923371e+00
1.5750000000e+02,5.3548403898e-02,1.3742965477e-02,3.1589937098e-01,1.4468444115e-01,2.0211517212e-01,1.3012850472e-02,2.5699679591e-01,4.3680409096e+00
1.5800000000e+02,5.3512791310e-02,1.3961092337e-02,3.1342451787e-01,1.4589172489e-01,2.0503890821e-01,1.1763070274e-02,2.5640789510e-01,4.3517364421e+00
1.5850000000e+02,5.4194764996e-02,1.4285631682e-02,3.1040155463e-01,1.4688710723e-01,2.0626657022e-01,1.0563527388e-02,2.5740084385e-01,4.3341911028e+00
1.5900000000e+02,5.4451170152e-02,1.4428379556e-02,3.0818804801e-01,1.4723645789e-01,2.0928359372e-01,9.4611261270e-03,2.5695122455e-01,4.3146064015e+00
1.5950000000e+02,5.5193664517e-02,1.4692991010e-02,3.0572543525e-01,1.4741281898e-01,2.1178334753e-01,8.4312178569e-03,2.5676052486e-01,4.2980775142e+00
1.6000000000e+02,5.5503906943e-02,1.4857920505e-02,3.0168012951e-01,1.4804365679e-01,2.1409534319e-01,7.5805391029e-03,2.5823850396e-01,4.2779552873e+00
1.6050000000e+02,5.5016162602e-02,1.5147637124e-02,2.9912268649e-01,1.4788596688e-01,2.1693696229e-01,6.8418739033e-03,2.5904871072e-01,4.2514692657e+00
1.6100000000e+02,5.4599666183e-02,1.5340558071e-02,2.9749542061e-01,1.4811751719e-01,2.1862553801e-01,6.1156948226e-03,2.5970560512e-01,4.2246103724e+00
1.6150000000e+02,5.4490714540e-02,1.5512073097e-02,2.9534743980e-01,1.4754605000e-01,2.2200287388e-01,5.4715782173e-03,2.5962927048e-01,4.2000782285e+00
1.6200000000e+02,5.4418455131e-02,1.5738979502e-02,2.9431573170e-01,1.4633571457e-01,2.2480912291e-01,4.9563966658e-03,2.5942559952e-01,4.1744229996e+00
1.6250000000e+02,5.4204353948e-02,1.5768368151e-02,2.9070463636e-01,1.4495517395e-01,2.2819200423e-01,4.6115883721e-03,2.6156387499e-01,4.1460262635e+00
1.6300000000e+02,5.3997502923e-02,1.5934953919e-02,2.8786423483e-01,1.4408037032e-01,2.3068227740e-01,4.3591489907e-03,2.6308151163e-01,4.1226926605e+00
1.6350000000e+02,5.3928735639e-02,1.6084364403e-02,2.8513868838e-01,1.4280830511e-01,2.3210281032e-01,4.1937254647e-03,2.6574337068e-01,4.1019944878e+00
1.6400000000e+02,5.4013142301e-02,1.6235597124e-02,2.8086850822e-01,1.4269335565e-01,2.3434847787e-01,4.1950266091e-03,2.6764589223e-01,4.1011777532e+00
1.6450000000e+02,5.3599677729e-02,1.6174214987e-02,2.7919825881e-01,1.4155466358e-01,2.3623481457e-01,4.2291758451e-03,2.6900919448e-01,4.1019917895e+00
1.6500000000e+02,5.3523828977e-02,1.6326911912e-02,2.7780767274e-01,1.4155953130e-01,2.3675854192e-01,4.3399889360e-03,2.6968352422e-01,4.1201342502e+00
1.6550000000e+02,5.2725406949e-02,1.6548723712e-02,2.7527473531e-01,1.4011646896e-01,2.4091028218e-01,4.6229350647e-03,2.6980144783e-01,4.1394892124e+00
1.6600000000e+02,5.2313694654e-02,1.6757753454e-02,2.7497501142e-01,1.3912665430e-01,2.4219791432e-01,5.0115306564e-03,2.6961744119e-01,4.1585981174e+00
1.6650000000e+02,5.2425973975e-02,1.6849233981e-02,2.7249628434e-01,1.3828861361e-01,2.4342154517e-01,5.5120864615e-03,2.7100626246e-01,4.1841408146e+00
1.6700000000e+02,5.2439022019e-02,1.7056069747e-02,2.7092514434e-01,1.3614423218e-01,2.4528319697e-01,6.0981567019e-03,2.7205417805e-01,4.2091202875e+00
1.6750000000e+02,5.3016603162e-02,1.7160538310e-02,2.6860286701e-01,1.3482876985e-01,2.4768189073e-01,6.7585654233e-03,2.7195076551e-01,4.2380415872e+00
1.6800000000e+02,5.2637011595e-02,1.7359724800e-02,2.6808570821e-01,1.3293677325e-01,2.5068873755e-01,7.6828406782e-03,2.7060920392e-01,4.2630867413e+00
1.6850000000e+02,5.2473924662e-02,1.7486819187e-02,2.6707922262e-01,1.3200197820e-01,2.5041478145e-01,8.6163309953e-03,2.7192694289e-01,4.2880425096e+00
1.6900000000e+02,5.2719119605e-02,1.7503359175e-02,2.6453845422e-01,1.3023272781e-01,2.5253143544e-01,9.6589719167e-03,2.7281593184e-01,4.3127530884e+00
1.6950000000e+02,5.2451310404e-02,1.7778530700e-02,2.6221849720e-01,1.2871316732e-01,2.5366114524e-01,1.0746784540e-02,2.7443056460e-01,4.3340801017e+00
1.7000000000e+02,5.2151999699e-02,1.7897307033e-02,2.6093728018e-01,1.2708811111e-01,2.5407365609e-01,1.1924639623e-02,2.7592700627e-01,4.3552273860e+00
1.7050000000e+02,5.1907249925e-02,1.7820113821e-02,2.5900400215e-01,1.2475485397e-01,2.5369481541e-01,1.3157125850e-02,2.7966183888e-01,4.3685172265e+00
1.7100000000e+02,5.1809654498e-02,1.7773098507e-02,2.5831934350e-01,1.2268880143e-01,2.5482193703e-01,1.4478238410e-02,2.8010892663e-01,4.3830905829e+00
1.7150000000e+02,5.1820437851e-02,1.7772677820e-02,2.5810414784e-01,1.2033366983e-01,2.5590489753e-01,1.5954460379e-02,2.8010970875e-01,4.3995106637e+00
1.7200000000e+02,5.2066418318e-02,1.8049979653e-02,2.5781217502e-01,1.1816366500e-01,2.5603660565e-01,1.7870858291e-02,2.8000029807e-01,4.4244972679e+00
1.7250000000e+02,5.1517930176e-02,1.7966644601e-02,2.5531831238e-01,1.1530760925e-01,2.5929635235e-01,1.9712282063e-02,2.8088086918e-01,4.4335385426e+00
1.7300000000e+02,5.1452165020e-02,1.7921065505e-02,2.5374808783e-01,1.1288531035e-01,2.6033118913e-01,2.1559071066e-02,2.8210311110e-01,4.4478095895e+00
1.7350000000e+02,5.1075234634e-02,1.8066185724e-02,2.5390457471e-01,1.1004476337e-01,2.6174721163e-01,2.3490747024e-02,2.8167128292e-01,4.4620779265e+00
1.7400000000e+02,5.0957777730e-02,1.8123405386e-02,2.4991002075e-01,1.0830823275e-01,2.6425611367e-01,2.5133882943e-02,2.8331056677e-01,4.4721379326e+00
1.7450000000e+02,5.0710642477e-02,1.8240621345e-02,2.4846411777e-01,1.0567894231e-01,2.6654542177e-01,2.7152361409e-02,2.8320789292e-01,4.4835717203e+00
1.7500000000e+02,5.0560678677e-02,1.8464565467e-02,2.4791273316e-01,1.0284833461e-01,2.6750386563e-01,2.8927668501e-02,2.8378215396e-01,4.4922448425e+00
1.7550000000e+02,5.0870400651e-02,1.8571121112e-02,2.4538346958e-01,1.0085381808e-01,2.6905777409e-01,3.0987324332e-02,2.8427609215e-01,4.5051013060e+00
1.7600000000e+02,5.0721870882e-02,1.8497181889e-02,2.4407949643e-01,9.8787671915e-02,2.6922509989e-01,3.3294067133e-02,2.8539461186e-01,4.5109720573e+00
1.7650000000e+02,5.0403106218e-02,1.8506870131e-02,2.4183913517e-01,9.6417239102e-02,2.7033807523e-01,3.5344067703e-02,2.8715150645e-01,4.5118804884e+00
1.7700000000e+02,5.0520981397e-02,1.8467811272e-02,2.4030177272e-01,9.4005475316e-02,2.7189793088e-01,3.7944613615e-02,2.8686141480e-01,4.5220148965e+00
1.7750000000e+02,4.9873770810e-02,1.8410561323e-02,2.3624776117e-01,9.1371709781e-02,2.7429916434e-01,3.9833734650e-02,2.8996329793e-01,4.5210477076e+00
1.7800000000e+02,4.9566783838e-02,1.8511975421e-02,2.3586141852e-01,8.7867353860e-02,2.7553563059e-01,4.2058682025e-02,2.9059815574e-01,4.5201346795e+00
1.7850000000e+02,4.9490806587e-02,1.8494672615e-02,2.3487864715e-01,8.4579278431e-02,2.7596320867e-01,4.4614516370e-02,2.9197887018e-01,4.5173389582e+00
1.7900000000e+02,4.9528309057e-02,1.8468873562e-02,2.3337158404e-01,8.3520431105e-02,2.7546565071e-01,4.7301791025e-02,2.9234336049e-01,4.5232876445e+00
1.7950000000e+02,4.9063852048e-02,1.8592953795e-02,2.3387001996e-01,8.0923174562e-02,2.7655683070e-01,5.0028523443e-02,2.9096464550e-01,4.5214693332e+00
1.8000000000e+02,4.9050215286e-02,1.8620382412e-02,2.3261182240e-01,7.8463079887e-02,2.7761873773e-01,5.3046346067e-02,2.9058941621e-01,4.5292344701e+00
1.8050000000e+02,4.8830103577e-02,1.8675499645e-02,2.3063056430e-01,7.6260996017e-02,2.7820631476e-01,5.5480534435e-02,2.9191598726e-01,4.5216835886e+00
1.8100000000e+02,4.8336758109e-02,1.8637693780e-02,2.2871662345e-01,7.3497210882e-02,2.8046831963e-01,5.8199505262e-02,2.9214388889e-01,4.5185995026e+00
1.8150000000e+02,4.7646816922e-02,1.8606808633e-02,2.2912604018e-01,6.9772157423e-02,2.8109606018e-01,6.0601031680e-02,2.9315108498e-01,4.5055798424e+00
1.8200000000e+02,4.6695642841e-02,1.8499385400e-02,2.2686097546e-01,6.7172354552e-02,2.8340224537e-01,6.3562476658e-02,2.9380691971e-01,4.4885895245e+00
1.8250000000e+02,4.6018387298e-02,1.8635077151e-02,2.2725643795e-01,6.3688843870e-02,2.8378282210e-01,6.6288048937e-02,2.9433038269e-01,4.4743896286e+00
1.8300000000e+02,4.5560132362e-02,1.8620620090e-02,2.2510805355e-01,6.0758054752e-02,2.8353079762e-01,7.0076194450e-02,2.9634614718e-01,4.4641302856e+00
1.8350000000e+02,4.5106257479e-02,1.8592158613e-02,2.2433596666e-01,5.8009494566e-02,2.8428358630e-01,7.3918593187e-02,2.9575394319e-01,4.4571665889e+00
1.8400000000e+02,4.4966670990e-02,1.8733410215e-02,2.2443658769e-01,5.5904123660e-02,2.8408047751e-01,7.7168523214e-02,2.9471020673e-01,4.4503336773e+00
1.8450000000e+02,4.4702917714e-02,1.8893616403e-02,2.2264733454e-01,5.3908517129e-02,2.8394209294e-01,8.0098559517e-02,2.9580696176e-01,4.4428918793e+00
1.8500000000e+02,4.4373784793e-02,1.8798179612e-02,2.2210291961e-01,5.0854516181e-02,2.8433488695e-01,8.3057459918e-02,2.9647825293e-01,4.4210144571e+00
1.8550000000e+02,4.4199148364e-02,1.8795096959e-02,2.2064684247e-01,4.8039789132e-02,2.8453621389e-01,8.6418456057e-02,2.9736445313e-01,4.4036718263e+00
1.8600000000e+02,4.4020502496e-02,1.8837021405e-02,2.2097642713e-01,4.5495658496e-02,2.8328835484e-01,9.0692264245e-02,2.9668977139e-01,4.3922850474e+00
1.8650000000e+02,4.3662194503e-02,1.8882160920e-02,2.1941108023e-01,4.3387300886e-02,2.8273438618e-01,9.4705415330e-02,2.9721746195e-01,4.3739991231e+00
1.8700000000e+02,4.4141074391e-02,1.8921573278e-02,2.1790960210e-01,4.1439746401e-02,2.8173383945e-01,9.9591403193e-02,2.9626276119e-01,4.3657127969e+00
1.8750000000e+02,4.3993345273e-02,1.9061499263e-02,2.1668043840e-01,3.9164242399e-02,2.8238858332e-01,1.0353277954e-01,2.9517911181e-01,4.3529069917e+00
1.8800000000e+02,4.4126948426e-02,1.9209088407e-02,2.1528990964e-01,3.7712244728e-02,2.8130891549e-01,1.0812251990e-01,2.9423037341e-01,4.3400173843e+00
1.8850000000e+02,4.3581775123e-02,1.9282739305e-02,2.1599335362e-01,3.5683021527e-02,2.7890304979e-01,1.1232617941e-01,2.9422988122e-01,4.3128574883e+00
1.8900000000e+02,4.3307608851e-02,1.9464100639e-02,2.1568908470e-01,3.4322211272e-02,2.7673719161e-01,1.1777520232e-01,2.9270460061e-01,4.3016713720e+00
1.8950000000e+02,4.2928177330e-02,1.9588824928e-02,2.1544030683e-01,3.3008188444e-02,2.7765318213e-01,1.2238952696e-01,2.8899179337e-01,4.2847629271e+00
1.9000000000e+02,4.2698233534e-02,1.9713102177e-02,2.1382080226e-01,3.1892520307e-02,2.7584086910e-01,1.2669293805e-01,2.8934153457e-01,4.2598250173e+00
1.9050000000e+02,4.2283446401e-02,1.9655458458e-02,2.1459582190e-01,3.0569319204e-02,2.7541549994e-01,1.3101806357e-01,2.8646239052e-01,4.2324692038e+00
1.9100000000e+02,4.1962237426e-02,1.9666167880e-02,2.1400225558e-01,2.9409355122e-02,2.7399391717e-01,1.3393729192e-01,2.8702877489e-01,4.2036544182e+00
1.9150000000e+02,4.1531610635e-02,1.9752713098e-02,2.1364722254e-01,2.8757072935e-02,2.7372811903e-01,1.3745052166e-01,2.8513274011e-01,4.1795129471e+00
1.9200000000e+02,4.1347097718e-02,1.9910420831e-02,2.1281514506e-01,2.8000322100e-02,2.7248261685e-01,1.4273628158e-01,2.8270811586e-01,4.1635039116e+00
1.9250000000e+02,4.0715572181e-02,2.0050769701e-02,2.1179201144e-01,2.7597536439e-02,2.7025188437e-01,1.4715164792e-01,2.8244057795e-01,4.1462513539e+00
1.9300000000e+02,4.0332054942e-02,2.0398302068e-02,2.1147809142e-01,2.6998753543e-02,2.6711306993e-01,1.5132110264e-01,2.8235862545e-01,4.1339589274e+00
1.9350000000e+02,3.9920554680e-02,2.0730190706e-02,2.1086992427e-01,2.6531947645e-02,2.6546847033e-01,1.5573412115e-01,2.8074479121e-01,4.1213366951e+00
1.9400000000e+02,3.9110182405e-02,2.1003938087e-02,2.1141719763e-01,2.6201605989e-02,2.6187713523e-01,1.5960799477e-01,2.8078194589e-01,4.1074842647e+00
1.9450000000e+02,3.8417101836e-02,2.1197176669e-02,2.1174241926e-01,2.6346187456e-02,2.6046022932e-01,1.6206329881e-01,2.7977358665e-01,4.1000010248e+00
1.9500000000e+02,3.8081597359e-02,2.1315740364e-02,2.1113424517e-01,2.6948316304e-02,2.5704807460e-01,1.6669592757e-01,2.7877609864e-01,4.1005001926e+00
1.9550000000e+02,3.7707405358e-02,2.1055474483e-02,2.1023987069e-01,2.7254912669e-02,2.5495487763e-01,1.7192999002e-01,2.7685746916e-01,4.1026974411e+00
1.9600000000e+02,3.7289994270e-02,2.1286953023e-02,2.1083372037e-01,2.7385805820e-02,2.5110472185e-01,1.7597109073e-01,2.7612771393e-01,4.1111198486e+00
1.9650000000e+02,3.7131144492e-02,2.1360847852e-02,2.1275521560e-01,2.8349661224e-02,2.4840816744e-01,1.7949986940e-01,2.7249509399e-01,4.1177680944e+00
1.9700000000e+02,3.6903119870e-02,2.1658665942e-02,2.1286319465e-01,2.9379230744e-02,2.4648050047e-01,1.8325992902e-01,2.6945535931e-01,4.1426923556e+00
1.9750000000e+02,3.6599057217e-02,2.1892003862e-02,2.1076248603e-01,3.0132592207e-02,2.4325420990e-01,1.8690858658e-01,2.7045106421e-01,4.1641801745e+00
1.9800000000e+02,3.6211963333e-02,2.2086773155e-02,2.1039650329e-01,3.0992527839e-02,2.3996488844e-01,1.9186274069e-01,2.6848460325e-01,4.1853299207e+00
1.9850000000e+02,3.5452987270e-02,2.2478810395e-02,2.0925315245e-01,3.2334527545e-02,2.3793557668e-01,1.9655079591e-01,2.6599414975e-01,4.2076467760e+00
1.9900000000e+02,3.5142885749e-02,2.2795803992e-02,2.0843452137e-01,3.3637774149e-02,2.3489791461e-01,2.0016062016e-01,2.6493047998e-01,4.2307960019e+00
1.9950000000e+02,3.4675400752e-02,2.2910090985e-02,2.0743467765e-01,3.5382658544e-02,2.3110222435e-01,2.0403905824e-01,2.6445588948e-01,4.2549652402e+00
2.0000000000e+02,3.4353255570e-02,2.2824607633e-02,2.0710470750e-01,3.6606828810e-02,2.2771587821e-01,2.0921778179e-01,2.6217694048e-01,4.2729993007e+00
2.0050000000e+02,3.3734349889e-02,2.2704005892e-02,2.0981316974e-01,3.8235242186e-02,2.2512632186e-01,2.1358299634e-01,2.5680391408e-01,4.2915191621e+00
2.0100000000e+02,3.3432644608e-02,2.3094945591e-02,2.0802442256e-01,4.0185599501e-02,2.2127830575e-01,2.1987091311e-01,2.5411316888e-01,4.3217302890e+00
2.0150000000e+02,3.2980257179e-02,2.3323093838e-02,2.0686998685e-01,4.2836436013e-02,2.1894475664e-01,2.2386656386e-01,2.5117890563e-01,4.3435570418e+00
2.0200000000e+02,3.2556885060e-02,2.3385121778e-02,2.0819332775e-01,4.5621601802e-02,2.1525242099e-01,2.2717016974e-01,2.4782047288e-01,4.3588181600e+00
2.0250000000e+02,3.1888896447e-02,2.3419221934e-02,2.0791313883e-01,4.8126111313e-02,2.1337156383e-01,2.3094591835e-01,2.4433514930e-01,4.3791430849e+00
2.0300000000e+02,3.1453932119e-02,2.3620706310e-02,2.0777798656e-01,5.0567690557e-02,2.1072252709e-01,2.3544407299e-01,2.4041308438e-01,4.3974240022e+00
2.0350000000e+02,3.1073395877e-02,2.3907207731e-02,2.0752716750e-01,5.3450935235e-02,2.0690667732e-01,2.3863995715e-01,2.3849465920e-01,4.4203271329e+00
2.0400000000e+02,3.0164308860e-02,2.4060306994e-02,2.0999509603e-01,5.6344879966e-02,2.0232326931e-01,2.4202319860e-01,2.3508894023e-01,4.4335982360e+00
2.0450000000e+02,2.9324392861e-02,2.4263609625e-02,2.1115210087e-01,5.9293866284e-02,1.9875593856e-01,2.4539787336e-01,2.3181221843e-01,4.4433850435e+00
2.0500000000e+02,2.8940266914e-02,2.4443625081e-02,2.1062515727e-01,6.2927235095e-02,1.9393727766e-01,2.4858180772e-01,2.3054463026e-01,4.4653973157e+00
2.0550000000e+02,2.8692800357e-02,2.4655848431e-02,2.1187550841e-01,6.5764794669e-02,1.8937096336e-01,2.5270033424e-01,2.2693975055e-01,4.4812352848e+00
2.0600000000e+02,2.8335762634e-02,2.5182447921e-02,2.1014526180e-01,6.9578713381e-02,1.8501250128e-01,2.5734520509e-01,2.2440010790e-01,4.4984436607e+00
2.0650000000e+02,2.7816325564e-02,2.5471185308e-02,2.1053630710e-01,7.3494159478e-02,1.7905960855e-01,2.6101517176e-01,2.2260724224e-01,4.5127993383e+00
2.0700000000e+02,2.7526959998e-02,2.5685730558e-02,2.0967513104e-01,7.7207251226e-02,1.7538189619e-01,2.6461385757e-01,2.1990917341e-01,4.5260083517e+00
2.0750000000e+02,2.7080652874e-02,2.5941228659e-02,2.0733233689e-01,8.1019768096e-02,1.7156413074e-01,2.7095402750e-01,2.1610785524e-01,4.5336074785e+00
2.0800000000e+02,2.6699264229e-02,2.5796419404e-02,2.0617975832e-01,8.5063270070e-02,1.6758988158e-01,2.7590768695e-01,2.1276371944e-01,4.5334471317e+00
2.0850000000e+02,2.6157804969e-02,2.6276180021e-02,2.0552744324e-01,8.9150759049e-02,1.6336496181e-01,2.7803441441e-01,2.1148843650e-01,4.5399772027e+00
2.0900000000e+02,2.5509449027e-02,2.6508116314e-02,2.0536086875e-01,9.3552308200e-02,1.5892453836e-01,2.8204300361e-01,2.0810171574e-01,4.5405601787e+00
2.0950000000e+02,2.5158349096e-02,2.6514038420e-02,2.0677915744e-01,9.8079932057e-02,1.5241556186e-01,2.8681890760e-01,2.0423405353e-01,4.5392006946e+00
2.1000000000e+02,2.4839441857e-02,2.6509277352e-02,2.0500722001e-01,1.0180017552e-01,1.4879165887e-01,2.9119348014e-01,2.0185874625e-01,4.5398391432e+00
2.1050000000e+02,2.4431363217e-02,2.6513188991e-02,2.0645930704e-01,1.0649154791e-01,1.4504115415e-01,2.9393599643e-01,1.9712744227e-01,4.5358910092e+00
2.1100000000e+02,2.3904765063e-02,2.6559358266e-02,2.0727223919e-01,1.1042457685e-01,1.4133849210e-01,2.9828715095e-01,1.9221341758e-01,4.5230335472e+00
2.1150000000e+02,2.3687832783e-02,2.6814268215e-02,2.0456069513e-01,1.1607170036e-01,1.3641553035e-01,3.0311075469e-01,1.8933921847e-01,4.5278058144e+00
2.1200000000e+02,2.2915766550e-02,2.6840374120e-02,2.0435797610e-01,1.2023234964e-01,1.3311973957e-01,3.0790127869e-01,1.8463251532e-01,4.5117459830e+00
2.1250000000e+02,2.2485868933e-02,2.7237814964e-02,2.0288852852e-01,1.2544751297e-01,1.2970368748e-01,3.1013954599e-01,1.8209704114e-01,4.5144323509e+00
2.1300000000e+02,2.1989394923e-02,2.7208810095e-02,2.0284976912e-01,1.3145744976e-01,1.2497246852e-01,3.1483338014e-01,1.7668872745e-01,4.5034076875e+00
2.1350000000e+02,2.1610209141e-02,2.7419802245e-02,2.0281555615e-01,1.3644283085e-01,1.2139271846e-01,3.1846987043e-01,1.7184901274e-01,4.4973451485e+00
2.1400000000e+02,2.1000289653e-02,2.7416040089e-02,2.0306870871e-01,1.4148714907e-01,1.1762623230e-01,3.2024636824e-01,1.6915521195e-01,4.4867554714e+00
2.1450000000e+02,2.0347958654e-02,2.7391339984e-02,2.0234380402e-01,1.4628393789e-01,1.1407854113e-01,3.2445044217e-01,1.6510397615e-01,4.4632795904e+00
2.1500000000e+02,1.9905971342e-02,2.7499186636e-02,2.0223103330e-01,1.5068693441e-01,1.1014670992e-01,3.2708118064e-01,1.6244898375e-01,4.4428498511e+00
2.1550000000e+02,1.9406187792e-02,2.7690551101e-02,2.0076961474e-01,1.5490499562e-01,1.0621235040e-01,3.3200452568e-01,1.5901177467e-01,4.4263264482e+00
2.1600000000e+02,1.9160930626e-02,2.7758883345e-02,1.9942260608e-01,1.6052741325e-01,1.0204911780e-01,3.3344227257e-01,1.5763877633e-01,4.4187965393e+00
2.1650000000e+02,1.8772543154e-02,2.7816376315e-02,1.9981458882e-01,1.6595501171e-01,9.8734144567e-02,3.3432053726e-01,1.5458679818e-01,4.4039164999e+00
2.1700000000e+02,1.8350457504e-02,2.8228696542e-02,2.0077068852e-01,1.6965898419e-01,9.4936339514e-02,3.3605043518e-01,1.5200439855e-01,4.3889376791e+00
2.1750000000e+02,1.7999650568e-02,2.8483098225e-02,1.9920650240e-01,1.7458943953e-01,9.2343402379e-02,3.3878474394e-01,1.4859316296e-01,4.3776047960e+00
2.1800000000e+02,1.7723071781e-02,2.8435550187e-02,1.9905649843e-01,1.7820282741e-01,8.8883515223e-02,3.4152424272e-01,1.4617429425e-01,4.3594275713e+00
2.1850000000e+02,1.7328384410e-02,2.8432039400e-02,1.9705238744e-01,1.8257455151e-01,8.5514154471e-02,3.4431106419e-01,1.4478741858e-01,4.3393377321e+00
2.1900000000e+02,1.7024638639e-02,2.8271922046e-02,1.9679473732e-01,1.8831329360e-01,8.2561388473e-02,3.4643916993e-01,1.4059484999e-01,4.3179303725e+00
2.1950000000e+02,1.6643630336e-02,2.7936647459e-02,1.9531644505e-01,1.9293364513e-01,8.0366574984e-02,3.4832614767e-01,1.3847690937e-01,4.2954173306e+00
2.2000000000e+02,1.6219917404e-02,2.7890616116e-02,1.9305207458e-01,1.9810148488e-01,7.7243099191e-02,3.5130629551e-01,1.3618651232e-01,4.2754663692e+00
2.2050000000e+02,1.5749491252e-02,2.7785286073e-02,1.9221682150e-01,2.0453674843e-01,7.3815199609e-02,3.5128440852e-01,1.3461204463e-01,4.2513946139e+00
2.2100000000e+02,1.5484211104e-02,2.7763355851e-02,1.9100421125e-01,2.0946229021e-01,7.1954564575e-02,3.5125149767e-01,1.3307986934e-01,4.2391968880e+00
2.2150000000e+02,1.5145085850e-02,2.7521609809e-02,1.9084593984e-01,2.1484367303e-01,6.8534296468e-02,3.5172248377e-01,1.3138691123e-01,4.2108252278e+00
2.2200000000e+02,1.4963705189e-02,2.7646254494e-02,1.8853957984e-01,2.1879005878e-01,6.6361398575e-02,3.5433339063e-01,1.2936561248e-01,4.1933833729e+00
2.2250000000e+02,1.4835593571e-02,2.7802928395e-02,1.8613670312e-01,2.2428733961e-01,6.4391180205e-02,3.5517517785e-01,1.2737107725e-01,4.1820112540e+00
2.2300000000e+02,1.4542971818e-02,2.8024166614e-02,1.8469760188e-01,2.2977888390e-01,6.2812699845e-02,3.5375039321e-01,1.2639328274e-01,4.1702882773e+00
2.2350000000e+02,1.4230668336e-02,2.7908048599e-02,1.8144097219e-01,2.3480597960e-01,6.1174639545e-02,3.5442759664e-01,1.2601209510e-01,4.1526407007e+00
2.2400000000e+02,1.4111570091e-02,2.7747306711e-02,1.8022013386e-01,2.4005287225e-01,5.9578359470e-02,3.5357278457e-01,1.2471697305e-01,4.1317418947e+00
2.2450000000e+02,1.3927629650e-02,2.7455769502e-02,1.7904854051e-01,2.4416397156e-01,5.7406910073e-02,3.5447892967e-01,1.2351824903e-01,4.1126071630e+00
2.2500000000e+02,1.3814128828e-02,2.7279315788e-02,1.7780621396e-01,2.4856199069e-01,5.6140681918e-02,3.5513870741e-01,1.2125896141e-01,4.0932167867e+00
2.2550000000e+02,1.3704422058e-02,2.6955987895e-02,1.7607672697e-01,2.5395197708e-01,5.4568010808e-02,3.5605817481e-01,1.1868470038e-01,4.0749967181e+00
2.2600000000e+02,1.3587612842e-02,2.6623965976e-02,1.7331826190e-01,2.5906278616e-01,5.3705392605e-02,3.5657157288e-01,1.1713040764e-01,4.0514428669e+00
2.2650000000e+02,1.3515055769e-02,2.6153559868e-02,1.7115479100e-01,2.6413387445e-01,5.2635741831e-02,3.5806878288e-01,1.1433819421e-01,4.0326377662e+00
2.2700000000e+02,1.3265612633e-02,2.5936688672e-02,1.7021121718e-01,2.6779285572e-01,5.1060633999e-02,3.5878438971e-01,1.1294860208e-01,4.0107565296e+00
2.2750000000e+02,1.3177576622e-02,2.5812128194e-02,1.6958354661e-01,2.7073714007e-01,5.0292409284e-02,3.5826718615e-01,1.1213001307e-01,3.9949766685e+00
2.2800000000e+02,1.3119922682e-02,2.5718421544e-02,1.6736649271e-01,2.7610136875e-01,4.9429179905e-02,3.5736421608e-01,1.1090039833e-01,3.9770656852e+00
2.2850000000e+02,1.3085442950e-02,2.5562553473e-02,1.6449466453e-01,2.8129206418e-01,4.8697869543e-02,3.5755885144e-01,1.0930855389e-01,3.9576808382e+00
2.2900000000e+02,1.2926893086e-02,2.5481372583e-02,1.6296331115e-01,2.8744203301e-01,4.7233567562e-02,3.5626902769e-01,1.0768379492e-01,3.9336429392e+00
2.2950000000e+02,1.2913353439e-02,2.5467322385e-02,1.6290847304e-01,2.9053902146e-01,4.6600727615e-02,3.5540534232e-01,1.0616575974e-01,3.9257123100e+00
2.3000000000e+02,1.2880061658e-02,2.5239558433e-02,1.6042746659e-01,2.9527307511e-01,4.5692833324e-02,3.5647253242e-01,1.0401447247e-01,3.9091292258e+00
2.3050000000e+02,1.2821451022e-02,2.4994587295e-02,1.5861930778e-01,2.9907470958e-01,4.4860792121e-02,3.5686552567e-01,1.0276362653e-01,3.8908334786e+00
2.3100000000e+02,1.2812967731e-02,2.4802718423e-02,1.5799363389e-01,3.0251749038e-01,4.4307650436e-02,3.5565295524e-01,1.0191258390e-01,3.8735812884e+00
2.3150000000e+02,1.2828105180e-02,2.4662923888e-02,1.5635965577e-01,3.0520641858e-01,4.4447695653e-02,3.5614797210e-01,1.0034722882e-01,3.8586928024e+00
2.3200000000e+02,1.2875814317e-02,2.4108757404e-02,1.5426560074e-01,3.0920245892e-01,4.4240264071e-02,3.5620396060e-01,9.9103143942e-02,3.8451045774e+00
2.3250000000e+02,1.2892372771e-02,2.3974216337e-02,1.5238216072e-01,3.1269188818e-01,4.4452897493e-02,3.5576081251e-01,9.7845651987e-02,3.8353704854e+00
2.3300000000e+02,1.2959982156e-02,2.3652833073e-02,1.4846368208e-01,3.1880621683e-01,4.4930076215e-02,3.5443363015e-01,9.6753579503e-02,3.8210101551e+00
2.3350000000e+02,1.2985213947e-02,2.3165102703e-02,1.4540744234e-01,3.2596137724e-01,4.5226075020e-02,3.5230291233e-01,9.4951876417e-02,3.8054486393e+00
2.3400000000e+02,1.3148130478e-02,2.2507293187e-02,1.4222814726e-01,3.3119657269e-01,4.5839575172e-02,3.5078765586e-01,9.4292625355e-02,3.7922432797e+00
2.3450000000e+02,1.3258663964e-02,2.1862140955e-02,1.3965423467e-01,3.3808829561e-01,4.6369875474e-02,3.4793142702e-01,9.2835362307e-02,3.7754728941e+00
2.3500000000e+02,1.3604402416e-02,2.1518814584e-02,1.3844314561e-01,3.4121323118e-01,4.6558310703e-02,3.4635382837e-01,9.2308267147e-02,3.7774835165e+00
2.3550000000e+02,1.3881131004e-02,2.1252046322e-02,1.3804901004e-01,3.4153200143e-01,4.7029378988e-02,3.4661509842e-01,9.1641333795e-02,3.7747283023e+00
2.3600000000e+02,1.4116005282e-02,2.0883161796e-02,1.3537980829e-01,3.4728538291e-01,4.7925665402e-02,3.4356078645e-01,9.0849189874e-02,3.7698848722e+00
2.3650000000e+02,1.4315097480e-02,2.0364512298e-02,1.3330373500e-01,3.5067721893e-01,4.8608174229e-02,3.4153748559e-01,9.1193776476e-02,3.7576573096e+00
2.3700000000e+02,1.4525098799e-02,1.9870953154e-02,1.3110872585e-01,3.5149384564e-01,5.0080296247e-02,3.4135326861e-01,9.1567811700e-02,3.7561148433e+00
2.3750000000e+02,1.4671504236e-02,1.9366213339e-02,1.2805008148e-01,3.5569392798e-01,5.1178828567e-02,3.3930243151e-01,9.1737012882e-02,3.7464634299e+00
2.3800000000e+02,1.4856826298e-02,1.8873487681e-02,1.2724273694e-01,3.5699839538e-01,5.2061196532e-02,3.3918106928e-01,9.0786287893e-02,3.7336901926e+00
2.3850000000e+02,1.5091606220e-02,1.8431891662e-02,1.2588486659e-01,3.6020839954e-01,5.2688164350e-02,3.3685899629e-01,9.0836075354e-02,3.7292158238e+00
2.3900000000e+02,1.5461966191e-02,1.8004759652e-02,1.2488954891e-01,3.6300583813e-01,5.3722853327e-02,3.3455380007e-01,9.0361233724e-02,3.7282455154e+00
2.3950000000e+02,1.5756970664e-02,1.7537031396e-02,1.2230330961e-01,3.6902202210e-01,5.4971746395e-02,3.3064001227e-01,8.9768907564e-02,3.7229596752e+00
2.4000000000e+02,1.5920296542e-02,1.6906209778e-02,1.2013179987e-01,3.7363530833e-01,5.5415165684e-02,3.2854201469e-01,8.9449205105e-02,3.7090340389e+00
2.4050000000e+02,1.6390405718e-02,1.6503978815e-02,1.1911340002e-01,3.7650808331e-01,5.6118315361e-02,3.2564479727e-01,8.9721019509e-02,3.7067711777e+00
2.4100000000e+02,1.6833067036e-02,1.6169343355e-02,1.1624693970e-01,3.7908811617e-01,5.7460093495e-02,3.2420664132e-01,8.9995798935e-02,3.7057842827e+00
2.4150000000e+02,1.7086533085e-02,1.5697583345e-02,1.1357605460e-01,3.8421601321e-01,5.8796792042e-02,3.2018376086e-01,9.0443262852e-02,3.6989793421e+00
2.4200000000e+02,1.7513734707e-02,1.5095557337e-02,1.1161398628e-01,3.8884662070e-01,5.9334963161e-02,3.1745301584e-01,9.0142121979e-02,3.6862575901e+00
2.4250000000e+02,1.7815297691e-02,1.4600912538e-02,1.0906883569e-01,3.9300463734e-01,6.0622111928e-02,3.1469394304e-01,9.0194261776e-02,3.6770937552e+00
2.4300000000e+02,1.8196863637e-02,1.4193882317e-02,1.0825737177e-01,3.9607952038e-01,6.1709130183e-02,3.1123529604e-01,9.0327935666e-02,3.6711564910e+00
2.4350000000e+02,1.8519608330e-02,1.3686341937e-02,1.0566386445e-01,3.9955588405e-01,6.2809561668e-02,3.0907381302e-01,9.0690926533e-02,3.6570052917e+00
2.4400000000e+02,1.8674526432e-02,1.3254644648e-02,1.0309019016e-01,4.0308210327e-01,6.3984909398e-02,3.0702595071e-01,9.0887675381e-02,3.6379788433e+00
2.4450000000e+02,1.9034539824e-02,1.2689565082e-02,1.0166898602e-01,4.0636973558e-01,6.4747721527e-02,3.0457745471e-01,9.0911997263e-02,3.6270669087e+00
2.4500000000e+02,1.9226088575e-02,1.2266264713e-02,1.0111911999e-01,4.0845917911e-01,6.6459771554e-02,3.0246848285e-01,9.0001093212e-02,3.6118906731e+00
2.4550000000e+02,1.9395210149e-02,1.1876716428e-02,9.8558969826e-02,4.1116650866e-01,6.7763751015e-02,3.0136613132e-01,8.9872712596e-02,3.5983571897e+00
2.4600000000e+02,1.9886661688e-02,1.1439048770e-02,9.6257283685e-02,4.1294178698e-01,6.8802616881e-02,3.0022589006e-01,9.0446711940e-02,3.5901372234e+00
2.4650000000e+02,2.0328444944e-02,1.1138146543e-02,9.4447276291e-02,4.1448098903e-01,6.9813318504e-02,2.9834653753e-01,9.1445287164e-02,3.5792009212e+00
2.4700000000e+02,2.0903533161e-02,1.0817767408e-02,9.3749263691e-02,4.1466865108e-01,7.1167231574e-02,2.9646260271e-01,9.2230950373e-02,3.5717605914e+00
2.4750000000e+02,2.1438053458e-02,1.0415784461e-02,9.1485649749e-02,4.1702178430e-01,7.2099369339e-02,2.9491286994e-01,9.2626488753e-02,3.5549145103e+00
2.4800000000e+02,2.1919879952e-02,1.0065666293e-02,8.9283147467e-02,4.2195595995e-01,7.3847296397e-02,2.9030218697e-01,9.2625862967e-02,3.5441146552e+00
2.4850000000e+02,2.2235186730e-02,9.6177315540e-03,8.7534768849e-02,4.2494454451e-01,7.4658642024e-02,2.8814406757e-01,9.2865058760e-02,3.5204590571e+00
2.4900000000e+02,2.2691270143e-02,9.3960340906e-03,8.5825588262e-02,4.2993118760e-01,7.5621102607e-02,2.8414051999e-01,9.2394297303e-02,3.5047493251e+00
2.4950000000e+02,2.3080560102e-02,9.1349031274e-03,8.3938455597e-02,4.3576208909e-01,7.6847688952e-02,2.7893935331e-01,9.2296949830e-02,3.4875130050e+00
2.5000000000e+02,2.3505328275e-02,8.8179173311e-03,8.2775820453e-02,4.3884416678e-01,7.8868991548e-02,2.7494750711e-01,9.2240268504e-02,3.4793172414e+00
2.5050000000e+02,2.3869023406e-02,8.4126648080e-03,8.1054301064e-02,4.4304909729e-01,7.9080914758e-02,2.7283908176e-01,9.1694916911e-02,3.4544259443e+00
2.5100000000e+02,2.4044870515e-02,8.0423281161e-03,7.9600690025e-02,4.4917688913e-01,7.9377987017e-02,2.6863692693e-01,9.1120308262e-02,3.4214843093e+00
2.5150000000e+02,2.4075440668e-02,7.7598821303e-03,7.7065960720e-02,4.5411957820e-01,8.0204798121e-02,2.6605836698e-01,9.0715973186e-02,3.3935181848e+00
2.5200000000e+02,2.4236101554e-02,7.4550453292e-03,7.3967584489e-02,4.5987730326e-01,7.9792091073e-02,2.6401115934e-01,9.0660714962e-02,3.3573011151e+00
2.5250000000e+02,2.4490604507e-02,7.1454731011e-03,7.2339474532e-02,4.6469007486e-01,8.0051374229e-02,2.6085252940e-01,9.0430469370e-02,3.3267638008e+00
2.5300000000e+02,2.4768912364e-02,6.9123356854e-03,7.0542549405e-02,4.6840014462e-01,8.0467585540e-02,2.5823115006e-01,9.0677322329e-02,3.3029130117e+00
2.5350000000e+02,2.5166978466e-02,6.7143300897e-03,6.8399133158e-02,4.7261849455e-01,8.1081857937e-02,2.5586648695e-01,9.0152718845e-02,3.2849578918e+00
2.5400000000e+02,2.5728686390e-02,6.5391476422e-03,6.5937653957e-02,4.7728920311e-01,8.1020055213e-02,2.5309699024e-01,9.0388263447e-02,3.2655915859e+00
2.5450000000e+02,2.6342731163e-02,6.4136682983e-03,6.4399510379e-02,4.8172328486e-01,8.3061439795e-02,2.4737702931e-01,9.0682336195e-02,3.2511574222e+00
2.5500000000e+02,2.6720876506e-02,6.2656055077e-03,6.3540228361e-02,4.8451782618e-01,8.3541679287e-02,2.4394518772e-01,9.1468596438e-02,3.2341695116e+00
2.5550000000e+02,2.6937766806e-02,6.0612227481e-03,6.1687934193e-02,4.8819043355e-01,8.2795917615e-02,2.4330825068e-01,9.1018474402e-02,3.2015735623e+00
2.5600000000e+02,2.7153822510e-02,5.8297087977e-03,6.0603231622e-02,4.9078409497e-01,8.2623114780e-02,2.4143834716e-01,9.1567680164e-02,3.1775674070e+00
2.5650000000e+02,2.7477029505e-02,5.7194308447e-03,5.9508381715e-02,4.9576945305e-01,8.3014120029e-02,2.3660321672e-01,9.1908368138e-02,3.1593016440e+00
2.5700000000e+02,2.7743335387e-02,5.5339889391e-03,5.7987887193e-02,5.0356290162e-01,8.2184700337e-02,2.3199711984e-01,9.0990066683e-02,3.1296363359e+00
2.5750000000e+02,2.8268249025e-02,5.3713352459e-03,5.6181935156e-02,5.0608243365e-01,8.2326491177e-02,2.3178103417e-01,8.9988521582e-02,3.1051443500e+00
2.5800000000e+02,2.8945610248e-02,5.2673074985e-03,5.5361439315e-02,5.0837248108e-01,8.2931440348e-02,2.2878878196e-01,9.0332939541e-02,3.0930420638e+00
2.5850000000e+02,2.8784171333e-02,5.1919746793e-03,5.3718827284e-02,5.1414251797e-01,8.2336199078e-02,2.2642911581e-01,8.9397193840e-02,3.0586756231e+00
2.5900000000e+02,2.8977435068e-02,5.1053139197e-03,5.2301874404e-02,5.2087763497e-01,8.2757189671e-02,2.2087311320e-01,8.9107438764e-02,3.0370930855e+00
2.5950000000e+02,2.9036577059e-02,5.0705313174e-03,5.0935708056e-02,5.2799015697e-01,8.1980888115e-02,2.1726397508e-01,8.7722163405e-02,3.0109734673e+00
2.6000000000e+02,2.9084838579e-02,5.0469244140e-03,4.9218354663e-02,5.3487732175e-01,8.1373973396e-02,2.1472564120e-01,8.5672946000e-02,2.9766420168e+00
2.6050000000e+02,2.9391685309e-02,5.0654895267e-03,4.7785038293e-02,5.3958987338e-01,8.1551708313e-02,2.1040734178e-01,8.6208863389e-02,2.9629595154e+00
2.6100000000e+02,2.9697293952e-02,5.0035253827e-03,4.6961214767e-02,5.4241687021e-01,8.0486965028e-02,2.0930416853e-01,8.6129962131e-02,2.9437910256e+00
2.6150000000e+02,2.9815578604e-02,4.9934229800e-03,4.6078045644e-02,5.4602648475e-01,7.9690682640e-02,2.0756876296e-01,8.5827022420e-02,2.9217423941e+00
2.6200000000e+02,3.0031659111e-02,4.9463707787e-03,4.4938657755e-02,5.4896713088e-01,7.9654536747e-02,2.0558054564e-01,8.5881099088e-02,2.9042031049e+00
2.6250000000e+02,3.0070817670e-02,4.9439889687e-03,4.4222070298e-02,5.5513742565e-01,7.8866320522e-02,2.0135741863e-01,8.5401958255e-02,2.8797553374e+00
2.6300000000e+02,3.0279504018e-02,4.9164954083e-03,4.3333545182e-02,5.6071435022e-01,7.8575210884e-02,1.9749844641e-01,8.4682447877e-02,2.8596372235e+00
2.6350000000e+02,3.0606516711e-02,5.0066203961e-03,4.2180922410e-02,5.6521612196e-01,7.8450114423e-02,1.9414582660e-01,8.4393877496e-02,2.8466014244e+00
2.6400000000e+02,3.0550989140e-02,5.1143445893e-03,4.1103267353e-02,5.7176494108e-01,7.7797380730e-02,1.8990494171e-01,8.3764135395e-02,2.8225073425e+00
2.6450000000e+02,3.0675910150e-02,5.1010524308e-03,4.0323749834e-02,5.7577287284e-01,7.7494041188e-02,1.8814558026e-01,8.2486793299e-02,2.7990432177e+00
2.6500000000e+02,3.0595741713e-02,5.1742128224e-03,3.9487343810e-02,5.8157268889e-01,7.7166058186e-02,1.8475440999e-01,8.1249544581e-02,2.7768386321e+00
2.6550000000e+02,3.1137012971e-02,5.2655276390e-03,3.9044786059e-02,5.8464262683e-01,7.6717188535e-02,1.8253868460e-01,8.0654173363e-02,2.7610352276e+00
2.6600000000e+02,3.1186209608e-02,5.3801698370e-03,3.8711786278e-02,5.8755634684e-01,7.6482893709e-02,1.8130861873e-01,7.9373974994e-02,2.7456919019e+00
2.6650000000e+02,3.1131439180e-02,5.4528942243e-03,3.8493925446e-02,5.9271348231e-01,7.6205780144e-02,1.7727505166e-01,7.8727427032e-02,2.7317693949e+00
2.6700000000e+02,3.1121534070e-02,5.4929912633e-03,3.8260324079e-02,5.9873655957e-01,7.4610997913e-02,1.7420614013e-01,7.7571452976e-02,2.7075958521e+00
2.6750000000e+02,3.1188841685e-02,5.5976415358e-03,3.8055229981e-02,6.0301338529e-01,7.3971990646e-02,1.7137901895e-01,7.6793891914e-02,2.6919573009e+00
2.6800000000e+02,3.1073536617e-02,5.7355703936e-03,3.7617357313e-02,6.0823296861e-01,7.3888393654e-02,1.6770132505e-01,7.5750848368e-02,2.6787038106e+00
2.6850000000e+02,3.0903220322e-02,5.8440369280e-03,3.8082516220e-02,6.0957476659e-01,7.2839007700e-02,1.6673374799e-01,7.6022704252e-02,2.6652810519e+00
2.6900000000e+02,3.0781031492e-02,5.9381280147e-03,3.7621311782e-02,6.1586602932e-01,7.0371575534e-02,1.6465401463e-01,7.4767909227e-02,2.6374628065e+00
2.6950000000e+02,3.0628566237e-02,6.0293854397e-03,3.7393193508e-02,6.2063071890e-01,6.9905458205e-02,1.6117756923e-01,7.4235108483e-02,2.6180334320e+00
2.7000000000e+02,3.0345274703e-02,6.1308842301e-03,3.7440225530e-02,6.2327844247e-01,6.8593294862e-02,1.6000489587e-01,7.4206982329e-02,2.6034617768e+00
2.7050000000e+02,3.0277377059e-02,6.2675903441e-03,3.7850188573e-02,6.2705617545e-01,6.8233243109e-02,1.5669117172e-01,7.3624253748e-02,2.5859210490e+00
2.7100000000e+02,2.9939694194e-02,6.4254396051e-03,3.7982475273e-02,6.3160888002e-01,6.7034213060e-02,1.5458564168e-01,7.2423656169e-02,2.5624527935e+00
2.7150000000e+02,2.9896307104e-02,6.5892361591e-03,3.8474676143e-02,6.3473750661e-01,6.6729198634e-02,1.5240368217e-01,7.1169393179e-02,2.5520326747e+00
2.7200000000e+02,2.9562218926e-02,6.6822311004e-03,3.8964383863e-02,6.3871810967e-01,6.5406026534e-02,1.5095743097e-01,6.9709598938e-02,2.5276328126e+00
2.7250000000e+02,2.9295050556e-02,6.8279753168e-03,3.9512780363e-02,6.4357798436e-01,6.4511272832e-02,1.4826843549e-01,6.8006501083e-02,2.5047859972e+00
2.7300000000e+02,2.9576922824e-02,7.1028564916e-03,4.0215136081e-02,6.4527395142e-01,6.4143641566e-02,1.4593344492e-01,6.7754046697e-02,2.4948114482e+00
2.7350000000e+02,2.9519489782e-02,7.2890104220e-03,4.1015177079e-02,6.4695453020e-01,6.3925886315e-02,1.4401324070e-01,6.7282665495e-02,2.4832999408e+00
2.7400000000e+02,2.9056018470e-02,7.4287377227e-03,4.1283572542e-02,6.5054153862e-01,6.3485299316e-02,1.4076289679e-01,6.7441936533e-02,2.4617375475e+00
2.7450000000e+02,2.8768274129e-02,7.5795835860e-03,4.1566368139e-02,6.5511609738e-01,6.2441965192e-02,1.3835707207e-01,6.6170639511e-02,2.4418467795e+00
2.7500000000e+02,2.8484603195e-02,7.7708336642e-03,4.2210063533e-02,6.5878055053e-01,6.1798086092e-02,1.3539192242e-01,6.5563940569e-02,2.4178592007e+00
2.7550000000e+02,2.8272319003e-02,7.9090010634e-03,4.2715888608e-02,6.6119242293e-01,6.1927570660e-02,1.3285056046e-01,6.5132237268e-02,2.3991956774e+00
2.7600000000e+02,2.7857931864e-02,8.0538486013e-03,4.3451460977e-02,6.6302702685e-01,6.1824075851e-02,1.3129805624e-01,6.4487599621e-02,2.3803834299e+00
2.7650000000e+02,2.7668382611e-02,8.3438208620e-03,4.4485307667e-02,6.6667898858e-01,6.1470995571e-02,1.2806003677e-01,6.3292467938e-02,2.3634569908e+00
2.7700000000e+02,2.7271551234e-02,8.3523847755e-03,4.5279118291e-02,6.6986911791e-01,6.0917155613e-02,1.2521903580e-01,6.3091636377e-02,2.3422879734e+00
2.7750000000e+02,2.7054016501e-02,8.4779513218e-03,4.6176539894e-02,6.7178323996e-01,6.0641829126e-02,1.2230244048e-01,6.3563982712e-02,2.3250010706e+00
2.7800000000e+02,2.6740216298e-02,8.7105252220e-03,4.7174599958e-02,6.7361589110e-01,6.0260306934e-02,1.2001378228e-01,6.3484678210e-02,2.3118817850e+00
2.7850000000e+02,2.6474868927e-02,8.9751870742e-03,4.8717468877e-02,6.7303506491e-01,6.0265018099e-02,1.1803699677e-01,6.4495395347e-02,2.3100555441e+00
2.7900000000e+02,2.6121488956e-02,9.2050939714e-03,5.0319251250e-02,6.7196384245e-01,6.0637847312e-02,1.1642318411e-01,6.5329291950e-02,2.3063430906e+00
2.7950000000e+02,2.5894332049e-02,9.3980187235e-03,5.1104393572e-02,6.7352240273e-01,6.0939144030e-02,1.1417136272e-01,6.4970346173e-02,2.2945175117e+00
2.8000000000e+02,2.5475859840e-02,9.5321174825e-03,5.1983983407e-02,6.7724587019e-01,6.0255647206e-02,1.1117597193e-01,6.4330549946e-02,2.2775244924e+00
2.8050000000e+02,2.5099825300e-02,9.7674002223e-03,5.3040057513e-02,6.7872080825e-01,6.0971825590e-02,1.0794618485e-01,6.4453898277e-02,2.2742341417e+00
2.8100000000e+02,2.4557533537e-02,9.8764272586e-03,5.4070515027e-02,6.8053881461e-01,6.1851385494e-02,1.0478377222e-01,6.4321551853e-02,2.2660545766e+00
2.8150000000e+02,2.4332478903e-02,9.8736946183e-03,5.5807697969e-02,6.8135515091e-01,6.1774546759e-02,1.0302266720e-01,6.3833763647e-02,2.2710024658e+00
2.8200000000e+02,2.3798222018e-02,9.9837940066e-03,5.6822554662e-02,6.8317887593e-01,6.2550518441e-02,1.0011288554e-01,6.3553149405e-02,2.2782303434e+00
2.8250000000e+02,2.3383695156e-02,1.0096228834e-02,5.8622278115e-02,6.8368374132e-01,6.3511986496e-02,9.7493283096e-02,6.3208786978e-02,2.2874512630e+00
2.8300000000e+02,2.3122054746e-02,1.0263752552e-02,5.9690183950e-02,6.8311150662e-01,6.4771734755e-02,9.5167131489e-02,6.3873635887e-02,2.3043720719e+00
2.8350000000e+02,2.2355629295e-02,1.0199406273e-02,6.0407297079e-02,6.8575232397e-01,6.5204061685e-02,9.3402514584e-02,6.2678767116e-02,2.3084002985e+00
2.8400000000e+02,2.1917000889e-02,1.0240120840e-02,6.2302523822e-02,6.8507435350e-01,6.5725450475e-02,9.1390139259e-02,6.3350411211e-02,2.3264776567e+00
2.8450000000e+02,2.1395607656e-02,1.0260059777e-02,6.3882521839e-02,6.8395401204e-01,6.6653497563e-02,9.0598030158e-02,6.3256270969e-02,2.3439148867e+00
2.8500000000e+02,2.1142312892e-02,1.0420546217e-02,6.5193969004e-02,6.8228477026e-01,6.6840234684e-02,8.9875466360e-02,6.4242700584e-02,2.3647508198e+00
2.8550000000e+02,2.0809669132e-02,1.0578109671e-02,6.5660481483e-02,6.8296020580e-01,6.8050124645e-02,8.7457582822e-02,6.4483826446e-02,2.3814335812e+00
2.8600000000e+02,2.0447746705e-02,1.0642498859e-02,6.7017772282e-02,6.8359483866e-01,6.9772624326e-02,8.4079262156e-02,6.4445257007e-02,2.3972661877e+00
2.8650000000e+02,2.0289227206e-02,1.0706385964e-02,6.9383289760e-02,6.7969207244e-01,7.1645529136e-02,8.2971267879e-02,6.5312227614e-02,2.4249293565e+00
2.8700000000e+02,2.0007207612e-02,1.0866969707e-02,7.0954900956e-02,6.7763100206e-01,7.3851747803e-02,8.1307938704e-02,6.5380233153e-02,2.4522019208e+00
2.8750000000e+02,1.9416810941e-02,1.0971213951e-02,7.2685796387e-02,6.7512937796e-01,7.5956927994e-02,7.9985348811e-02,6.5854523960e-02,2.4720883008e+00
2.8800000000e+02,1.9207623481e-02,1.1211178516e-02,7.3859832218e-02,6.7312021213e-01,7.7738418593e-02,7.7793269338e-02,6.7069465721e-02,2.5009881617e+00
2.8850000000e+02,1.8996011206e-02,1.1338067795e-02,7.4960894579e-02,6.7084592540e-01,7.9637063757e-02,7.6162519664e-02,6.8059517594e-02,2.5319581027e+00
2.8900000000e+02,1.8783645762e-02,1.1375342550e-02,7.6333574460e-02,6.6780371309e-01,8.1826798664e-02,7.4235396273e-02,6.9641529204e-02,2.5636395625e+00
2.8950000000e+02,1.8378356915e-02,1.1535676753e-02,7.7060213774e-02,6.6631327714e-01,8.3828096400e-02,7.1838179017e-02,7.1046200001e-02,2.5856743594e+00
2.9000000000e+02,1.8032041450e-02,1.1695682503e-02,7.7973139222e-02,6.6370202338e-01,8.6586267821e-02,6.9330461929e-02,7.2680383695e-02,2.6089754724e+00
2.9050000000e+02,1.7628032674e-02,1.1831527739e-02,8.0516465535e-02,6.6082346284e-01,8.9219436387e-02,6.6810451732e-02,7.3170623090e-02,2.6376315259e+00
2.9100000000e+02,1.7336292353e-02,1.1839726889e-02,8.1841025675e-02,6.5829151082e-01,9.0941714294e-02,6.5481834813e-02,7.4267895157e-02,2.6626177416e+00
2.9150000000e+02,1.6965663953e-02,1.1933598604e-02,8.3047072120e-02,6.5681089563e-01,9.3159050439e-02,6.3667978762e-02,7.4415740490e-02,2.6865965822e+00
2.9200000000e+02,1.6545315121e-02,1.1764856887e-02,8.4034538248e-02,6.5489945933e-01,9.6125752974e-02,6.1611895799e-02,7.5018181646e-02,2.7022616924e+00
2.9250000000e+02,1.6336683626e-02,1.1760794689e-02,8.4428751009e-02,6.5280714230e-01,9.9416885453e-02,5.8983334647e-02,7.6266408271e-02,2.7243400543e+00
2.9300000000e+02,1.5827080878e-02,1.1757582424e-02,8.5520850662e-02,6.4948386669e-01,1.0181529533e-01,5.7868494713e-02,7.7726829303e-02,2.7520103656e+00
2.9350000000e+02,1.5295167337e-02,1.1727737039e-02,8.7106609770e-02,6.4551107723e-01,1.0472157017e-01,5.6554039590e-02,7.9083798861e-02,2.7749752247e+00
2.9400000000e+02,1.4817565249e-02,1.1877310151e-02,8.8225631141e-02,6.4461573469e-01,1.0639236836e-01,5.4705573788e-02,7.9365816625e-02,2.8001308124e+00
2.9450000000e+02,1.4362595556e-02,1.1816698637e-02,9.0504738680e-02,6.4083952448e-01,1.0842493809e-01,5.3138233803e-02,8.0913270751e-02,2.8298742565e+00
2.9500000000e+02,1.4041253862e-02,1.1837293662e-02,9.2415868895e-02,6.3522487457e-01,1.1178693305e-01,5.2071261986e-02,8.2622513970e-02,2.8630200349e+00
2.9550000000e+02,1.3738590648e-02,1.1931395129e-02,9.4728124065e-02,6.2966280902e-01,1.1524623503e-01,5.0635652650e-02,8.4057193458e-02,2.8894248195e+00
2.9600000000e+02,1.3417367253e-02,1.1994019730e-02,9.6392117292e-02,6.2604336984e-01,1.1858211712e-01,4.8616281249e-02,8.4954727519e-02,2.9037036833e+00
2.9650000000e+02,1.3083933641e-02,1.2000369440e-02,9.8448990732e-02,6.1953433860e-01,1.2199294718e-01,4.7725948578e-02,8.7213471827e-02,2.9272958317e+00
2.9700000000e+02,1.2804521696e-02,1.1993351689e-02,1.0042988622e-01,6.1393453109e-01,1.2607228313e-01,4.6205023540e-02,8.8560402631e-02,2.9434112405e+00
2.9750000000e+02,1.2511026407e-02,1.2023641426e-02,1.0173066350e-01,6.0963520278e-01,1.2940273545e-01,4.4730733203e-02,8.9965997245e-02,2.9630458213e+00
2.9800000000e+02,1.2175402536e-02,1.2156254856e-02,1.0343509249e-01,6.0353615964e-01,1.3224084310e-01,4.3647175030e-02,9.2809072335e-02,2.9862200892e+00
2.9850000000e+02,1.1747693282e-02,1.2219202140e-02,1.0578848880e-01,6.0023727658e-01,1.3557213267e-01,4.1575553414e-02,9.2859653115e-02,2.9935283066e+00
2.9900000000e+02,1.1499211701e-02,1.2371309573e-02,1.0779885810e-01,5.9540258475e-01,1.3833944820e-01,3.9893175579e-02,9.4695412093e-02,3.0128551078e+00
2.9950000000e+02,1.1119924309e-02,1.2371619083e-02,1.0931867534e-01,5.9266885627e-01,1.3909347836e-01,3.8724170071e-02,9.6703276570e-02,3.0263111016e+00
3.0000000000e+02,1.0778584262e-02,1.2384883255e-02,1.1026897231e-01,5.8796480799e-01,1.4316492410e-01,3.7393921253e-02,9.8043906825e-02,3.0412927746e+00
3.0050000000e+02,1.0506662838e-02,1.2492633415e-02,1.1098884413e-01,5.8421932753e-01,1.4565966555e-01,3.6205096835e-02,9.9927769706e-02,3.0575554419e+00
3.0100000000e+02,1.0288135373e-02,1.2555210881e-02,1.1268796145e-01,5.7823826691e-01,1.4937651648e-01,3.5073581265e-02,1.0178032764e-01,3.0808987955e+00
3.0150000000e+02,1.0019798763e-02,1.2521234789e-02,1.1367986173e-01,5.7420160499e-01,1.5196209498e-01,3.4102970496e-02,1.0351243425e-01,3.0906259014e+00
3.0200000000e+02,9.7258747628e-03,1.2468850417e-02,1.1477107401e-01,5.7003027799e-01,1.5436278425e-01,3.3332822715e-02,1.0530831586e-01,3.1051550955e+00
3.0250000000e+02,9.4227742944e-03,1.2394177133e-02,1.1620048103e-01,5.6632263745e-01,1.5693866163e-01,3.1929791362e-02,1.0679147710e-01,3.1130477418e+00
3.0300000000e+02,9.2845692723e-03,1.2553683168e-02,1.1698780652e-01,5.6094517119e-01,1.6068505901e-01,3.0871430335e-02,1.0867228051e-01,3.1236168491e+00
3.0350000000e+02,9.0804283954e-03,1.2580493993e-02,1.1913172308e-01,5.5275602584e-01,1.6524221958e-01,3.0170332971e-02,1.1103877615e-01,3.1472017218e+00
3.0400000000e+02,8.8675546852e-03,1.2638001763e-02,1.2213321857e-01,5.4713137800e-01,1.6774952002e-01,2.8942602577e-02,1.1253772438e-01,3.1645892777e+00
3.0450000000e+02,8.6580166913e-03,1.2492813380e-02,1.2250563639e-01,5.4298701215e-01,1.7164091143e-01,2.7761269928e-02,1.1395434003e-01,3.1674593508e+00
3.0500000000e+02,8.3314138346e-03,1.2687691138e-02,1.2305443966e-01,5.3994319833e-01,1.7371968966e-01,2.6621158965e-02,1.1564240841e-01,3.1650168466e+00
3.0550000000e+02,8.0532264638e-03,1.2710105336e-02,1.2491966986e-01,5.3429812294e-01,1.7650495670e-01,2.5740585521e-02,1.1777333318e-01,3.1726356603e+00
3.0600000000e+02,7.7782089478e-03,1.2759208148e-02,1.2648851846e-01,5.2728585598e-01,1.8047833207e-01,2.5170788151e-02,1.2003908824e-01,3.1845086897e+00
3.0650000000e+02,7.4756152580e-03,1.2669239298e-02,1.2753661600e-01,5.2269220031e-01,1.8301461626e-01,2.4342301798e-02,1.2226941108e-01,3.1964559826e+00
3.0700000000e+02,7.3259375461e-03,1.2703434308e-02,1.2942268818e-01,5.1692388570e-01,1.8621334817e-01,2.3677565770e-02,1.2373314033e-01,3.2053532320e+00
3.0750000000e+02,7.1990603066e-03,1.2656272333e-02,1.3222219142e-01,5.0890067754e-01,1.9024096268e-01,2.3004056650e-02,1.2577677907e-01,3.2198771798e+00
3.0800000000e+02,7.0512610685e-03,1.2554658984e-02,1.3355638140e-01,5.0269544628e-01,1.9482435597e-01,2.2441368165e-02,1.2687652812e-01,3.2256948920e+00
3.0850000000e+02,6.8323364551e-03,1.2628288200e-02,1.3410291460e-01,4.9811678096e-01,1.9724414904e-01,2.1973419599e-02,1.2910211116e-01,3.2302818750e+00
3.0900000000e+02,6.6902886182e-03,1.2529702672e-02,1.3438041022e-01,4.9205327359e-01,2.0021301994e-01,2.1637854732e-02,1.3249545023e-01,3.2353651487e+00
3.0950000000e+02,6.4422272314e-03,1.2560901710e-02,1.3641517171e-01,4.8627497319e-01,2.0335236845e-01,2.0898208334e-02,1.3405614937e-01,3.2381877140e+00
3.1000000000e+02,6.2882823006e-03,1.2470154063e-02,1.3810346612e-01,4.8133273698e-01,2.0560431159e-01,2.0411671176e-02,1.3578937777e-01,3.2402004124e+00
3.1050000000e+02,6.1878133607e-03,1.2378480110e-02,1.3999906718e-01,4.7394216861e-01,2.0876861371e-01,2.0145341928e-02,1.3857851510e-01,3.2487349602e+00
3.1100000000e+02,6.0564411675e-03,1.2414698394e-02,1.4022783187e-01,4.6837366968e-01,2.1214251043e-01,1.9794191041e-02,1.4099065741e-01,3.2597230964e+00
3.1150000000e+02,5.9240186551e-03,1.2448453976e-02,1.4116268845e-01,4.6250989855e-01,2.1500519140e-01,1.9622344770e-02,1.4332740419e-01,3.2779648666e+00
3.1200000000e+02,5.8114943645e-03,1.2358280076e-02,1.4247289189e-01,4.5463286887e-01,2.2081842049e-01,1.9318071494e-02,1.4458797282e-01,3.2869828427e+00
3.1250000000e+02,5.6745829591e-03,1.2449099627e-02,1.4431353011e-01,4.4944606913e-01,2.2272817038e-01,1.9193021533e-02,1.4619552627e-01,3.2921351063e+00
3.1300000000e+02,5.5153367698e-03,1.2267356263e-02,1.4479138848e-01,4.4411836719e-01,2.2612996231e-01,1.8937463097e-02,1.4824012589e-01,3.2947233039e+00
3.1350000000e+02,5.3977858288e-03,1.2260081998e-02,1.4524330382e-01,4.3657239332e-01,2.2981956906e-01,1.8841723708e-02,1.5186514227e-01,3.3069443638e+00
3.1400000000e+02,5.3009467983e-03,1.2243732579e-02,1.4517189414e-01,4.3126965770e-01,2.3205058267e-01,1.8795957832e-02,1.5516722829e-01,3.3133758344e+00
3.1450000000e+02,5.2021713243e-03,1.2237018391e-02,1.4623152171e-01,4.2336489194e-01,2.3576818454e-01,1.8814295497e-02,1.5838191660e-01,3.3227927754e+00
3.1500000000e+02,5.1604112055e-03,1.2367751694e-02,1.4693197449e-01,4.1562486287e-01,2.4020961806e-01,1.8600543113e-02,1.6110483856e-01,3.3325233557e+00
3.1550000000e+02,5.1108915047e-03,1.2377689946e-02,1.4706646447e-01,4.1007903325e-01,2.4379152520e-01,1.8622145895e-02,1.6295224974e-01,3.3443259058e+00
3.1600000000e+02,5.0578023423e-03,1.2371164461e-02,1.4791484664e-01,4.0400250113e-01,2.4733321791e-01,1.8867434632e-02,1.6445303288e-01,3.3527495569e+00
3.1650000000e+02,4.9758595848e-03,1.2441079109e-02,1.4833886325e-01,3.9550256774e-01,2.5273940992e-01,1.9137422741e-02,1.6686479765e-01,3.3666112277e+00
3.1700000000e+02,4.9242179178e-03,1.2449490924e-02,1.5150428605e-01,3.8583950870e-01,2.5577101926e-01,1.9347620322e-02,1.7016385683e-01,3.3859397293e+00
3.1750000000e+02,4.8427946914e-03,1.2412895986e-02,1.5310591491e-01,3.7984040265e-01,2.5790868219e-01,1.9644948946e-02,1.7224436062e-01,3.3964860695e+00
3.1800000000e+02,4.7288912364e-03,1.2414790112e-02,1.5395435361e-01,3.7418240295e-01,2.5973959170e-01,1.9718857079e-02,1.7526111331e-01,3.4029038698e+00
3.1850000000e+02,4.6854161019e-03,1.2330241392e-02,1.5399897030e-01,3.6958155441e-01,2.6145965492e-01,1.9971240214e-02,1.7797292265e-01,3.4150149943e+00
3.1900000000e+02,4.6486284302e-03,1.2408144688e-02,1.5516065038e-01,3.6396180263e-01,2.6256411720e-01,2.0389908044e-02,1.8086674862e-01,3.4230018667e+00
3.1950000000e+02,4.6010969512e-03,1.2388017016e-02,1.5547240677e-01,3.6043794177e-01,2.6381925585e-01,2.0736074699e-02,1.8254520695e-01,3.4304355659e+00
3.2000000000e+02,4.5894248660e-03,1.2366199051e-02,1.5548664899e-01,3.5519368478e-01,2.6538236143e-01,2.1216802660e-02,1.8576487822e-01,3.4442471349e+00
3.2050000000e+02,4.6340153193e-03,1.2375274730e-02,1.5655415079e-01,3.4873018349e-01,2.6894573728e-01,2.1923219102e-02,1.8683741929e-01,3.4565986550e+00
3.2100000000e+02,4.5975973766e-03,1.2421772010e-02,1.5757621823e-01,3.4477172933e-01,2.7002129579e-01,2.2400878935e-02,1.8821050834e-01,3.4607441657e+00
3.2150000000e+02,4.6088094659e-03,1.2270516188e-02,1.5945955292e-01,3.3794566815e-01,2.7273405826e-01,2.2953700362e-02,1.9002769466e-01,3.4700294197e+00
3.2200000000e+02,4.5573886247e-03,1.2280502129e-02,1.6114967377e-01,3.3085571069e-01,2.7412202869e-01,2.3538543891e-02,1.9349615221e-01,3.4817947057e+00
3.2250000000e+02,4.4922079530e-03,1.2449727572e-02,1.6157714951e-01,3.2525994308e-01,2.7469718190e-01,2.4183436877e-02,1.9734035311e-01,3.4916535851e+00
3.2300000000e+02,4.4783005775e-03,1.2393192767e-02,1.6214926796e-01,3.2146823829e-01,2.7583672467e-01,2.5192449140e-02,1.9848182660e-01,3.5001486156e+00
3.2350000000e+02,4.5189382456e-03,1.2297531351e-02,1.6310809724e-01,3.1660712216e-01,2.7594928672e-01,2.6170089591e-02,2.0134893469e-01,3.5168412621e+00
3.2400000000e+02,4.5157914076e-03,1.2357186104e-02,1.6313854451e-01,3.1260226946e-01,2.7813164672e-01,2.7171771557e-02,2.0208279024e-01,3.5232420643e+00
3.2450000000e+02,4.5011798332e-03,1.2369930396e-02,1.6374942293e-01,3.0857541697e-01,2.8032708721e-01,2.8189567339e-02,2.0228739532e-01,3.5317906204e+00
3.2500000000e+02,4.5107639612e-03,1.2234377031e-02,1.6492979773e-01,3.0276149188e-01,2.8272152710e-01,2.9364831873e-02,2.0347721042e-01,3.5372901450e+00
3.2550000000e+02,4.5431647847e-03,1.2155448334e-02,1.6568895484e-01,2.9592299592e-01,2.8653552363e-01,3.0438219631e-02,2.0471569287e-01,3.5452515489e+00
3.2600000000e+02,4.5333687944e-03,1.2054917928e-02,1.6581001239e-01,2.9017060527e-01,2.8905686833e-01,3.1640099594e-02,2.0673412769e-01,3.5515514126e+00
3.2650000000e+02,4.5495942566e-03,1.2129674855e-02,1.6563632895e-01,2.8626981918e-01,2.9010545894e-01,3.2994183917e-02,2.0831493990e-01,3.5614363242e+00
3.2700000000e+02,4.5647035929e-03,1.2168101537e-02,1.6607152817e-01,2.8273446201e-01,2.9032966450e-01,3.4052383796e-02,2.1007915639e-01,3.5652548536e+00
3.2750000000e+02,4.5958991590e-03,1.2088981762e-02,1.6716978126e-01,2.7772056398e-01,2.9266141547e-01,3.4935331974e-02,2.1082802640e-01,3.5653336554e+00
3.2800000000e+02,4.5908435215e-03,1.2209757487e-02,1.6856371611e-01,2.7209267889e-01,2.9563475304e-01,3.6205558482e-02,2.1070269247e-01,3.5722087417e+00
3.2850000000e+02,4.6679212127e-03,1.2124263830e-02,1.7036171144e-01,2.6582556235e-01,2.9984106158e-01,3.6888612740e-02,2.1029086685e-01,3.5761841181e+00
3.2900000000e+02,4.6911432159e-03,1.2234201584e-02,1.7021649138e-01,2.6082761002e-01,3.0049570222e-01,3.7978018447e-02,2.1355683313e-01,3.5842215924e+00
3.2950000000e+02,4.7485695541e-03,1.2386589691e-02,1.7017863831e-01,2.5698333306e-01,3.0171629109e-01,3.9406792853e-02,2.1457978544e-01,3.5926695879e+00
3.3000000000e+02,4.7900634294e-03,1.2369290912e-02,1.7018806038e-01,2.5179122530e-01,3.0388144317e-01,4.0761123688e-02,2.1621879312e-01,3.6032032875e+00
3.3050000000e+02,4.8830207978e-03,1.2297326358e-02,1.7063053177e-01,2.4657529420e-01,3.0469913480e-01,4.1739592264e-02,2.1917509981e-01,3.6104547750e+00
3.3100000000e+02,4.9240062164e-03,1.2386012329e-02,1.7090549197e-01,2.3998057599e-01,3.0775910679e-01,4.3178242265e-02,2.2086656445e-01,3.6235082968e+00
3.3150000000e+02,4.9684178557e-03,1.2401665008e-02,1.7103094180e-01,2.3539204611e-01,3.0834170931e-01,4.4710429549e-02,2.2315479036e-01,3.6384228813e+00
3.3200000000e+02,4.9822974281e-03,1.2311709982e-02,1.7218628191e-01,2.2976694551e-01,3.0888276932e-01,4.6331233681e-02,2.2553876217e-01,3.6464983710e+00
3.3250000000e+02,5.0176415602e-03,1.2237826032e-02,1.7246825440e-01,2.2601613416e-01,3.1093141443e-01,4.7126319132e-02,2.2620241029e-01,3.6476344792e+00
3.3300000000e+02,5.0418698138e-03,1.2045743179e-02,1.7183665720e-01,2.2121378456e-01,3.1318802485e-01,4.7870602419e-02,2.2880331797e-01,3.6488525581e+00
3.3350000000e+02,5.0979557098e-03,1.1998734977e-02,1.7141226215e-01,2.1639397018e-01,3.1641572438e-01,4.9036068721e-02,2.2964528388e-01,3.6515075847e+00
3.3400000000e+02,5.2027050399e-03,1.1816702562e-02,1.7242122379e-01,2.1265944123e-01,3.1801617976e-01,5.0104027170e-02,2.2977972044e-01,3.6574507508e+00
3.3450000000e+02,5.2822063441e-03,1.1810021318e-02,1.7207565864e-01,2.0816979118e-01,3.1992205215e-01,5.2234388591e-02,2.3050588177e-01,3.6582385479e+00
3.3500000000e+02,5.3206458196e-03,1.1789496302e-02,1.7171176757e-01,2.0571644685e-01,3.1901747683e-01,5.5027341157e-02,2.3141682548e-01,3.6589749181e+00
3.3550000000e+02,5.4006470608e-03,1.1775478703e-02,1.7235347403e-01,2.0105562146e-01,3.1952338208e-01,5.6653519200e-02,2.3323787747e-01,3.6683617401e+00
3.3600000000e+02,5.4837929823e-03,1.1723337994e-02,1.7190111294e-01,1.9705768835e-01,3.2112819997e-01,5.7886721206e-02,2.3481914656e-01,3.6632613580e+00
3.3650000000e+02,5.5524617508e-03,1.1737416292e-02,1.7274577768e-01,1.9370715441e-01,3.2060921313e-01,5.9594933460e-02,2.3605304327e-01,3.6690833504e+00
3.3700000000e+02,5.6773634005e-03,1.1837536917e-02,1.7442578841e-01,1.8885544418e-01,3.2210075234e-01,6.1209401883e-02,2.3589371287e-01,3.6731697715e+00
3.3750000000e+02,5.7122430273e-03,1.1889246000e-02,1.7254857013e-01,1.8624923837e-01,3.2597308355e-01,6.2922513182e-02,2.3470510575e-01,3.6737417707e+00
3.3800000000e+02,5.8234129336e-03,1.1949021545e-02,1.7259708352e-01,1.8332545844e-01,3.2643726793e-01,6.4823960985e-02,2.3504379464e-01,3.6746788382e+00
3.3850000000e+02,5.9310154579e-03,1.1938229632e-02,1.7294743087e-01,1.7967085408e-01,3.2783587126e-01,6.7200674523e-02,2.3447592417e-01,3.6750345145e+00
3.3900000000e+02,6.0416173207e-03,1.1799355093e-02,1.7352732460e-01,1.7514425105e-01,3.2943318858e-01,6.9006663269e-02,2.3504760008e-01,3.6745842140e+00
3.3950000000e+02,6.1627717403e-03,1.1763469326e-02,1.7547137130e-01,1.7073237188e-01,3.2893356041e-01,7.0614906602e-02,2.3632154874e-01,3.6790985641e+00
3.4000000000e+02,6.2799399847e-03,1.1730926808e-02,1.7599224211e-01,1.6614979678e-01,3.2970238454e-01,7.3011697293e-02,2.3713301248e-01,3.6849761917e+00
3.4050000000e+02,6.3897450372e-03,1.1837680374e-02,1.7780295976e-01,1.6219606216e-01,3.2959028007e-01,7.5514868346e-02,2.3666840426e-01,3.6884351667e+00
3.4100000000e+02,6.5327690613e-03,1.1746927685e-02,1.7835526098e-01,1.6012058047e-01,3.2792917514e-01,7.7922164244e-02,2.3739312242e-01,3.6946206871e+00
3.4150000000e+02,6.6713541198e-03,1.1691959677e-02,1.7952353937e-01,1.5515360881e-01,3.2755559635e-01,8.0323465046e-02,2.3908047663e-01,3.6952441723e+00
3.4200000000e+02,6.7863707038e-03,1.1553191482e-02,1.7868882819e-01,1.5122621319e-01,3.2878159882e-01,8.2115963484e-02,2.4084783413e-01,3.6951766286e+00
3.4250000000e+02,6.9261833360e-03,1.1399134750e-02,1.8010548263e-01,1.4806381446e-01,3.2758623239e-01,8.5765918055e-02,2.4015323438e-01,3.7035455881e+00
3.4300000000e+02,7.0152682705e-03,1.1328559302e-02,1.8062229658e-01,1.4529785060e-01,3.2912563292e-01,8.7881252884e-02,2.3872913945e-01,3.7040475250e+00
3.4350000000e+02,7.0942339743e-03,1.1231400583e-02,1.8181256969e-01,1.4217550938e-01,3.2815898161e-01,9.0197542581e-02,2.3932976219e-01,3.7019738763e+00
3.4400000000e+02,7.2072112248e-03,1.1163274499e-02,1.8060957339e-01,1.4125412515e-01,3.2667148376e-01,9.1795078453e-02,2.4129925352e-01,3.6996185010e+00
3.4450000000e+02,7.3670418227e-03,1.1067717939e-02,1.8077405237e-01,1.3881126296e-01,3.2573103019e-01,9.4588252341e-02,2.4166064237e-01,3.7025300451e+00
3.4500000000e+02,7.4821200560e-03,1.1101536537e-02,1.8100938787e-01,1.3518764248e-01,3.2593499086e-01,9.5399105809e-02,2.4388521639e-01,3.7070034220e+00
3.4550000000e+02,7.6035654265e-03,1.0935676160e-02,1.8149098456e-01,1.3336846255e-01,3.2717308199e-01,9.6898954797e-02,2.4252927452e-01,3.7049815337e+00
3.4600000000e+02,7.7493749762e-03,1.0855916348e-02,1.8220916366e-01,1.2974430003e-01,3.2787213659e-01,9.9546356536e-02,2.4202275186e-01,3.7040104987e+00
3.4650000000e+02,7.7837594816e-03,1.0772052185e-02,1.8131589366e-01,1.2712350982e-01,3.2877526364e-01,1.0198688290e-01,2.4224263832e-01,3.7033760698e+00
3.4700000000e+02,7.9262764463e-03,1.0732487003e-02,1.8246951016e-01,1.2541701288e-01,3.2728722379e-01,1.0396936167e-01,2.4219812804e-01,3.7031277284e+00
3.4750000000e+02,7.9598947612e-03,1.0577242678e-02,1.8179322707e-01,1.2331817652e-01,3.2973298193e-01,1.0487194164e-01,2.4174653540e-01,3.7001436835e+00
3.4800000000e+02,8.0398454977e-03,1.0485995717e-02,1.8226573913e-01,1.2106125015e-01,3.2995898096e-01,1.0724414174e-01,2.4094404680e-01,3.7001282900e+00
3.4850000000e+02,8.1438629000e-03,1.0545471563e-02,1.8135777078e-01,1.1962358199e-01,3.2918852642e-01,1.1028218548e-01,2.4085860087e-01,3.7044679582e+00
3.4900000000e+02,8.2757721456e-03,1.0585319368e-02,1.8014318757e-01,1.1854339274e-01,3.3036794127e-01,1.1294724535e-01,2.3913714155e-01,3.7132033085e+00
3.4950000000e+02,8.3655041151e-03,1.0518604007e-02,1.8024616294e-01,1.1633328084e-01,3.2957135404e-01,1.1556615196e-01,2.3939894210e-01,3.7120679060e+00
3.5000000000e+02,8.4475870554e-03,1.0510902447e-02,1.8102700635e-01,1.1472089451e-01,3.3023927737e-01,1.1763837737e-01,2.3741595490e-01,3.7116088473e+00
3.5050000000e+02,8.4431208477e-03,1.0459983419e-02,1.8129641129e-01,1.1452677075e-01,3.2832041258e-01,1.2086988189e-01,2.3608341922e-01,3.7111807860e+00
3.5100000000e+02,8.5340805687e-03,1.0381541360e-02,1.8269488618e-01,1.1270416873e-01,3.2923835888e-01,1.2263260932e-01,2.3381435496e-01,3.7114484550e+00
3.5150000000e+02,8.6781987752e-03,1.0326646830e-02,1.8261868594e-01,1.1302114059e-01,3.2667954453e-01,1.2607785657e-01,2.3259792677e-01,3.7176590620e+00
3.5200000000e+02,8.7540579529e-03,1.0292880179e-02,1.8297007694e-01,1.1186885303e-01,3.2424580379e-01,1.2876329091e-01,2.3310503720e-01,3.7238072544e+00
3.5250000000e+02,9.0016213683e-03,1.0156725850e-02,1.8144349460e-01,1.1130041469e-01,3.2387376490e-01,1.3134324381e-01,2.3288073479e-01,3.7292881542e+00
3.5300000000e+02,9.0711564250e-03,1.0143138115e-02,1.8310020526e-01,1.0966617736e-01,3.1965451143e-01,1.3386691100e-01,2.3449790041e-01,3.7365045563e+00
3.5350000000e+02,9.2618480586e-03,1.0270731413e-02,1.8480116568e-01,1.0922022784e-01,3.1952687656e-01,1.3525590950e-01,2.3166324094e-01,3.7500547830e+00
3.5400000000e+02,9.3915360209e-03,1.0209056025e-02,1.8524770485e-01,1.0919486105e-01,3.1607006420e-01,1.3810149367e-01,2.3178528418e-01,3.7548498733e+00
3.5450000000e+02,9.6018527516e-03,1.0170797325e-02,1.8536242432e-01,1.0923750270e-01,3.1679197257e-01,1.3953329305e-01,2.2930215729e-01,3.7570515401e+00
3.5500000000e+02,9.7577362920e-03,1.0142498478e-02,1.8642113034e-01,1.0921535295e-01,3.1328107172e-01,1.4301544297e-01,2.2816676726e-01,3.7655246758e+00
3.5550000000e+02,9.8670315443e-03,1.0121405491e-02,1.8545542450e-01,1.0935132928e-01,3.1277784576e-01,1.4653739489e-01,2.2588956853e-01,3.7727914340e+00
3.5600000000e+02,9.9171483688e-03,9.9645305127e-03,1.8692407210e-01,1.0897751089e-01,3.1278120304e-01,1.4814492952e-01,2.2329060557e-01,3.7748835419e+00
3.5650000000e+02,1.0016717829e-02,9.9119628120e-03,1.8572906957e-01,1.0925173673e-01,3.1112072624e-01,1.5066417235e-01,2.2330561447e-01,3.7810036729e+00
3.5700000000e+02,9.9646978871e-03,1.0007467100e-02,1.8593292243e-01,1.0946681694e-01,3.1004367633e-01,1.5339517244e-01,2.2118924688e-01,3.7887110469e+00
3.5750000000e+02,9.9113929264e-03,9.8906337646e-03,1.8639730485e-01,1.1013079127e-01,3.0798736242e-01,1.5554970314e-01,2.2013281164e-01,3.7858715708e+00
3.5800000000e+02,9.9798474012e-03,9.7791441323e-03,1.8733189930e-01,1.1119582669e-01,3.0344060979e-01,1.5829421039e-01,2.1997846230e-01,3.7882800036e+00
3.5850000000e+02,1.0115948223e-02,9.7616780509e-03,1.8760171985e-01,1.1161791626e-01,2.9961462488e-01,1.6178330847e-01,2.1950480427e-01,3.7979008362e+00
3.5900000000e+02,1.0209874215e-02,9.6904049918e-03,1.8828738527e-01,1.1241401332e-01,2.9893054944e-01,1.6434452067e-01,2.1612325209e-01,3.8031695332e+00
3.5950000000e+02,1.0271246868e-02,9.6345493117e-03,1.8984614250e-01,1.1219498879e-01,2.9871558097e-01,1.6608386301e-01,2.1325362856e-01,3.8058544800e+00
3.6000000000e+02,1.0400167064e-02,9.6077176142e-03,1.9087748918e-01,1.1262465966e-01,2.9802146817e-01,1.6730192419e-01,2.1116657412e-01,3.8129563549e+00
3.6050000000e+02,1.0505921330e-02,9.6255881942e-03,1.9028972634e-01,1.1398242377e-01,2.9588976554e-01,1.7061927928e-01,2.0908729555e-01,3.8171236272e+00
3.6100000000e+02,1.0581897290e-02,9.5123212357e-03,1.9074117908e-01,1.1403628371e-01,2.9367833194e-01,1.7420192237e-01,2.0724806438e-01,3.8182330096e+00
3.6150000000e+02,1.0609122027e-02,9.4825083838e-03,1.9131034237e-01,1.1357109830e-01,2.9235056481e-01,1.7560465386e-01,2.0707171025e-01,3.8184996248e+00
3.6200000000e+02,1.0661015991e-02,9.4429900171e-03,1.9320944748e-01,1.1296836004e-01,2.8859354091e-01,1.7833513792e-01,2.0678950765e-01,3.8189349095e+00
3.6250000000e+02,1.0676351431e-02,9.4265708491e-03,1.9537848995e-01,1.1354752769e-01,2.8565031101e-01,1.8004697033e-01,2.0527377874e-01,3.8204157057e+00
3.6300000000e+02,1.0739442425e-02,9.4863811473e-03,1.9673298267e-01,1.1460700857e-01,2.8105038766e-01,1.8346359273e-01,2.0392020480e-01,3.8268358615e+00
3.6350000000e+02,1.0887430650e-02,9.5833688337e-03,1.9643927360e-01,1.1683444671e-01,2.7872276162e-01,1.8736355927e-01,2.0016915931e-01,3.8386219675e+00
3.6400000000e+02,1.0911258802e-02,9.5499844704e-03,1.9777337852e-01,1.1698063042e-01,2.7534027410e-01,1.9070303856e-01,1.9874143513e-01,3.8410149840e+00
3.6450000000e+02,1.0954236297e-02,9.4588944905e-03,1.9892917796e-01,1.1719115897e-01,2.7240960816e-01,1.9415960902e-01,1.9689731509e-01,3.8369434761e+00
3.6500000000e+02,1.1052788513e-02,9.4644129527e-03,2.0061206972e-01,1.1631650305e-01,2.7157197229e-01,1.9593700739e-01,1.9504524607e-01,3.8387985564e+00
3.6550000000e+02,1.1146127986e-02,9.5525333443e-03,2.0263290592e-01,1.1623978614e-01,2.6817082949e-01,2.0044890442e-01,1.9180891270e-01,3.8463981866e+00
3.6600000000e+02,1.1228327768e-02,9.5750201289e-03,2.0500408942e-01,1.1735201089e-01,2.6420103214e-01,2.0224350344e-01,1.9039601623e-01,3.8491523221e+00
3.6650000000e+02,1.1324681992e-02,9.5238241048e-03,2.0833352160e-01,1.1766071133e-01,2.6129322737e-01,2.0515595892e-01,1.8670807468e-01,3.8471469206e+00
3.6700000000e+02,1.1341998974e-02,9.5132555541e-03,2.1046066514e-01,1.1890938547e-01,2.5587541285e-01,2.0772219174e-01,1.8617709028e-01,3.8499202778e+00
3.6750000000e+02,1.1372868224e-02,9.6064974992e-03,2.1349614053e-01,1.1896920898e-01,2.5091798561e-01,2.1134008455e-01,1.8429721461e-01,3.8471416490e+00
3.6800000000e+02,1.1379057974e-02,9.7288161391e-03,2.1397346057e-01,1.1861181863e-01,2.4900618890e-01,2.1423671105e-01,1.8306394674e-01,3.8500028519e+00
3.6850000000e+02,1.1420420165e-02,9.8097531846e-03,2.1451601966e-01,1.1956701363e-01,2.4737364259e-01,2.1801193129e-01,1.7930121948e-01,3.8504756114e+00
3.6900000000e+02,1.1442434659e-02,9.8812445055e-03,2.1631941581e-01,1.2006587680e-01,2.4385655997e-01,2.2075085997e-01,1.7768360829e-01,3.8474114089e+00
3.6950000000e+02,1.1523108925e-02,9.8741175123e-03,2.1686010719e-01,1.2170119617e-01,2.4058490404e-01,2.2451771207e-01,1.7493885410e-01,3.8510391394e+00
3.7000000000e+02,1.1596038535e-02,9.8477111863e-03,2.1657469647e-01,1.2260113733e-01,2.3799030086e-01,2.2821246984e-01,1.7317764579e-01,3.8512040570e+00
3.7050000000e+02,1.1719792023e-02,9.9641414508e-03,2.1728754087e-01,1.2458112425e-01,2.3523579801e-01,2.3008383837e-01,1.7112776503e-01,3.8591514512e+00
3.7100000000e+02,1.1793005861e-02,9.9380421586e-03,2.1808059484e-01,1.2603272914e-01,2.3274762837e-01,2.3218166061e-01,1.6922633903e-01,3.8597028022e+00
3.7150000000e+02,1.1741441375e-02,9.9391242462e-03,2.1952910600e-01,1.2651199389e-01,2.2878703183e-01,2.3531880155e-01,1.6817250111e-01,3.8547237950e+00
3.7200000000e+02,1.1705447762e-02,9.9363728526e-03,2.2036684341e-01,1.2698412503e-01,2.2663426877e-01,2.3779493563e-01,1.6657800653e-01,3.8529800265e+00
3.7250000000e+02,1.1672593506e-02,9.9499973004e-03,2.2279628757e-01,1.2656631352e-01,2.2369930223e-01,2.3898481401e-01,1.6633069186e-01,3.8491977498e+00
3.7300000000e+02,1.1731316246e-02,1.0050392118e-02,2.2557382809e-01,1.2664310724e-01,2.2053557619e-01,2.4125856130e-01,1.6420721883e-01,3.8443301163e+00
3.7350000000e+02,1.1869450738e-02,1.0266049929e-02,2.2729113597e-01,1.2818758777e-01,2.2046429417e-01,2.4242096716e-01,1.5950051426e-01,3.8497018765e+00
3.7400000000e+02,1.1888771123e-02,1.0312484511e-02,2.2790069904e-01,1.2965345526e-01,2.1733585147e-01,2.4576829276e-01,1.5714044584e-01,3.8414905478e+00
3.7450000000e+02,1.1952377888e-02,1.0397848852e-02,2.2935761627e-01,1.3013737942e-01,2.1489745450e-01,2.4703595117e-01,1.5622137190e-01,3.8382981358e+00
3.7500000000e+02,1.1865798097e-02,1.0466829792e-02,2.3047209601e-01,1.3004958239e-01,2.1230104806e-01,2.5008900153e-01,1.5475564413e-01,3.8340426779e+00
3.7550000000e+02,1.1900614464e-02,1.0565460811e-02,2.3317295487e-01,1.2979076248e-01,2.1033134690e-01,2.5239087392e-01,1.5184798656e-01,3.8265059721e+00
3.7600000000e+02,1.1736504081e-02,1.0589704746e-02,2.3569546555e-01,1.3114506497e-01,2.0869682571e-01,2.5345863519e-01,1.4867779975e-01,3.8141207103e+00
3.7650000000e+02,1.1752779059e-02,1.0628146113e-02,2.3771701765e-01,1.3172926892e-01,2.0648964831e-01,2.5509628281e-01,1.4658685715e-01,3.8070745636e+00
3.7700000000e+02,1.1643399522e-02,1.0696205771e-02,2.4014661548e-01,1.3189459092e-01,2.0394664486e-01,2.5671595762e-01,1.4495658583e-01,3.8027906660e+00
3.7750000000e+02,1.1585174015e-02,1.0900891151e-02,2.4020263185e-01,1.3302147734e-01,2.0156491709e-01,2.5876282540e-01,1.4396208316e-01,3.8033980947e+00
3.7800000000e+02,1.1530854773e-02,1.1061233939e-02,2.3987451974e-01,1.3353738005e-01,1.9989824522e-01,2.6277214654e-01,1.4132561975e-01,3.7926004308e+00
3.7850000000e+02,1.1572816446e-02,1.1178201180e-02,2.4250450435e-01,1.3412635224e-01,1.9536127234e-01,2.6621541227e-01,1.3904144118e-01,3.7810392418e+00
3.7900000000e+02,1.1484673936e-02,1.1392536691e-02,2.4462613791e-01,1.3505036682e-01,1.9319616786e-01,2.6628537558e-01,1.3796474120e-01,3.7795266839e+00
3.7950000000e+02,1.1437115575e-02,1.1603638328e-02,2.4683203992e-01,1.3711711822e-01,1.9039151287e-01,2.6661026783e-01,1.3600830727e-01,3.7732628627e+00
3.8000000000e+02,1.1385009480e-02,1.1651015461e-02,2.4899835407e-01,1.3818114712e-01,1.8956210359e-01,2.6745550748e-01,1.3276686279e-01,3.7606963537e+00
3.8050000000e+02,1.1314836732e-02,1.1878522932e-02,2.4884012177e-01,1.3934700391e-01,1.8905199339e-01,2.6805880821e-01,1.3150871305e-01,3.7582987673e+00
3.8100000000e+02,1.1301366226e-02,1.2049302416e-02,2.4949281875e-01,1.4146466785e-01,1.8671669591e-01,2.7000616371e-01,1.2896898513e-01,3.7518223655e+00
3.8150000000e+02,1.1291085272e-02,1.2110185028e-02,2.5234060172e-01,1.4127643663e-01,1.8356225964e-01,2.7188231546e-01,1.2753711625e-01,3.7412732374e+00
3.8200000000e+02,1.1301169277e-02,1.2229384247e-02,2.5415094644e-01,1.4221283253e-01,1.8101275605e-01,2.7277044771e-01,1.2632246375e-01,3.7361102036e+00
3.8250000000e+02,1.1258920077e-02,1.2312263509e-02,2.5744771100e-01,1.4262994954e-01,1.7778288594e-01,2.7516671560e-01,1.2340155432e-01,3.7242814513e+00
3.8300000000e+02,1.1199588105e-02,1.2496355706e-02,2.6149478061e-01,1.4346251672e-01,1.7459249374e-01,2.7663062212e-01,1.2012364300e-01,3.7122227851e+00
3.8350000000e+02,1.1236195777e-02,1.2855083247e-02,2.6253201318e-01,1.4366282780e-01,1.7417039299e-01,2.7720581944e-01,1.1833766756e-01,3.7134185868e+00
3.8400000000e+02,1.1309568006e-02,1.3006980337e-02,2.6418122256e-01,1.4638612248e-01,1.7125198693e-01,2.7723617007e-01,1.1662794962e-01,3.7085658959e+00
3.8450000000e+02,1.1056322927e-02,1.3322248640e-02,2.6610410982e-01,1.4594623303e-01,1.6944937851e-01,2.7843360644e-01,1.1568810064e-01,3.6984322634e+00
3.8500000000e+02,1.0966069164e-02,1.3523257785e-02,2.6745663093e-01,1.4648558050e-01,1.6712982238e-01,2.8089218734e-01,1.1354645190e-01,3.6934554358e+00
3.8550000000e+02,1.0917631719e-02,1.3685688907e-02,2.6893597614e-01,1.4664508178e-01,1.6618474768e-01,2.8169582096e-01,1.1193505282e-01,3.6861464180e+00
3.8600000000e+02,1.0879627248e-02,1.3917630503e-02,2.7162351561e-01,1.4639534833e-01,1.6427250181e-01,2.8310154593e-01,1.0980983056e-01,3.6747730189e+00
3.8650000000e+02,1.0863833451e-02,1.4190862434e-02,2.7469463785e-01,1.4529688230e-01,1.6304474885e-01,2.8360620975e-01,1.0830282536e-01,3.6664284109e+00
3.8700000000e+02,1.0759169449e-02,1.4430435185e-02,2.7856573711e-01,1.4490661081e-01,1.6065917529e-01,2.8474892004e-01,1.0592995212e-01,3.6487248483e+00
3.8750000000e+02,1.0678343123e-02,1.4661401084e-02,2.8092713725e-01,1.4632572606e-01,1.5918215585e-01,2.8349513155e-01,1.0473010509e-01,3.6396549874e+00
3.8800000000e+02,1.0655397305e-02,1.4702497768e-02,2.8292912344e-01,1.4590334286e-01,1.5716396566e-01,2.8543984869e-01,1.0320582427e-01,3.6303522262e+00
3.8850000000e+02,1.0573138869e-02,1.4849210333e-02,2.8503504573e-01,1.4771124808e-01,1.5541853178e-01,2.8592911162e-01,1.0048371359e-01,3.6144753467e+00
3.8900000000e+02,1.0451918818e-02,1.5038535261e-02,2.8853524740e-01,1.4696103688e-01,1.5469795018e-01,2.8570920718e-01,9.8606104286e-02,3.6068877596e+00
3.8950000000e+02,1.0339053784e-02,1.5100049912e-02,2.9185937057e-01,1.4760228781e-01,1.5241672789e-01,2.8646717055e-01,9.6215339478e-02,3.5826940643e+00
3.9000000000e+02,1.0358719937e-02,1.5418865309e-02,2.9582873968e-01,1.4714452225e-01,1.5174973531e-01,2.8586115286e-01,9.3638264642e-02,3.5746868072e+00
3.9050000000e+02,1.0253511066e-02,1.5605116980e-02,2.9742976509e-01,1.4763279177e-01,1.5129516209e-01,2.8613347259e-01,9.1650180412e-02,3.5616540847e+00
3.9100000000e+02,1.0178020395e-02,1.5727160131e-02,3.0035186372e-01,1.4773595857e-01,1.5111941853e-01,2.8535693539e-01,8.9530643266e-02,3.5459913214e+00
3.9150000000e+02,1.0135879450e-02,1.6104350500e-02,3.0188928396e-01,1.4922655395e-01,1.5125127392e-01,2.8401191360e-01,8.7380744623e-02,3.5401907638e+00
3.9200000000e+02,1.0103231184e-02,1.6128617624e-02,3.0414917699e-01,1.5050008994e-01,1.5067803253e-01,2.8303729123e-01,8.5403560503e-02,3.5262315674e+00
3.9250000000e+02,1.0053592829e-02,1.6322620239e-02,3.0650124999e-01,1.5112921667e-01,1.4910837982e-01,2.8310101987e-01,8.3783920586e-02,3.5150951091e+00
3.9300000000e+02,9.9984396920e-03,1.6369537263e-02,3.0910763924e-01,1.5176789182e-01,1.4762049504e-01,2.8315883072e-01,8.1977166225e-02,3.4984222052e+00
3.9350000000e+02,9.8772839795e-03,1.6639291709e-02,3.1098749618e-01,1.5071702513e-01,1.4822413361e-01,2.8312281644e-01,8.0431952945e-02,3.4912020304e+00
3.9400000000e+02,9.8839475998e-03,1.6815645240e-02,3.1285948194e-01,1.5155767941e-01,1.4743947496e-01,2.8204309829e-01,7.9400672562e-02,3.4853274427e+00
3.9450000000e+02,9.6639683603e-03,1.7094151097e-02,3.1520533755e-01,1.5233210985e-01,1.4656609493e-01,2.8142288225e-01,7.7715455960e-02,3.4703443156e+00
3.9500000000e+02,9.5483573682e-03,1.7321490020e-02,3.1896484735e-01,1.5173503643e-01,1.4581022713e-01,2.8042563973e-01,7.6194401970e-02,3.4562201730e+00
3.9550000000e+02,9.4548710626e-03,1.7580007466e-02,3.2118710140e-01,1.4988691322e-01,1.4609510236e-01,2.8050891327e-01,7.5287091223e-02,3.4477853466e+00
3.9600000000e+02,9.4606762769e-03,1.7820652132e-02,3.2519948199e-01,1.4915349824e-01,1.4466146958e-01,2.8010064999e-01,7.3603571799e-02,3.4295075973e+00
3.9650000000e+02,9.3555811890e-03,1.8023743642e-02,3.2974214614e-01,1.4877086957e-01,1.4318320484e-01,2.7830426939e-01,7.2620185238e-02,3.4101556105e+00
3.9700000000e+02,9.2822512067e-03,1.8394381148e-02,3.3350314475e-01,1.4904589403e-01,1.4193922295e-01,2.7681555104e-01,7.1019554879e-02,3.3944232782e+00
3.9750000000e+02,9.3322891280e-03,1.8646260769e-02,3.3729566490e-01,1.4848754399e-01,1.4130680205e-01,2.7451089855e-01,7.0420540626e-02,3.3801881685e+00
3.9800000000e+02,9.2569659284e-03,1.8699621792e-02,3.4044760547e-01,1.4875708230e-01,1.4132593924e-01,2.7214929128e-01,6.9363493989e-02,3.3630977272e+00
3.9850000000e+02,9.2381259392e-03,1.8769450455e-02,3.4364446601e-01,1.4890696373e-01,1.4124349930e-01,2.7020598017e-01,6.7991514392e-02,3.3485328256e+00
3.9900000000e+02,9.2480637072e-03,1.9039936176e-02,3.4732309123e-01,1.4903476405e-01,1.4203836785e-01,2.6655072437e-01,6.6765052612e-02,3.3365346825e+00
3.9950000000e+02,9.2651146453e-03,1.9202937145e-02,3.4983130640e-01,1.4834843441e-01,1.4172411000e-01,2.6499181999e-01,6.6636277415e-02,3.3228681099e+00
4.0000000000e+02,9.2449612410e-03,1.9228905404e-02,3.5388367875e-01,1.4744479764e-01,1.4267511782e-01,2.6170723818e-01,6.5815300969e-02,3.3135159069e+00
4.0050000000e+02,9.2059114246e-03,1.9371151392e-02,3.5664634651e-01,1.4615436355e-01,1.4327831095e-01,2.6007388667e-01,6.5270029506e-02,3.3094889148e+00
4.0100000000e+02,9.2814850965e-03,1.9489461309e-02,3.5852814841e-01,1.4607934641e-01,1.4320530118e-01,2.5926687820e-01,6.4149379392e-02,3.2958255962e+00
4.0150000000e+02,9.3023560579e-03,1.9507285441e-02,3.6057689307e-01,1.4520058457e-01,1.4298963990e-01,2.5815979905e-01,6.4263441910e-02,3.2877095811e+00
4.0200000000e+02,9.2714865178e-03,1.9630602393e-02,3.6267512057e-01,1.4505422402e-01,1.4306751738e-01,2.5661239900e-01,6.3688650122e-02,3.2750131745e+00
4.0250000000e+02,9.2169319178e-03,1.9687590841e-02,3.6504902434e-01,1.4573101653e-01,1.4248933808e-01,2.5441340898e-01,6.3412689307e-02,3.2623751258e+00
4.0300000000e+02,9.1474520681e-03,1.9925248805e-02,3.6667120763e-01,1.4693002738e-01,1.4283504167e-01,2.5178405300e-01,6.2706969437e-02,3.2500358166e+00
4.0350000000e+02,9.1875764700e-03,2.0134870016e-02,3.7036028559e-01,1.4655790152e-01,1.4302748808e-01,2.4918777020e-01,6.1544108121e-02,3.2373629189e+00
4.0400000000e+02,9.1327807691e-03,2.0333801241e-02,3.7244043572e-01,1.4779465724e-01,1.4220047133e-01,2.4770306367e-01,6.0394790031e-02,3.2212600276e+00
4.0450000000e+02,9.0071353246e-03,2.0556515267e-02,3.7463293061e-01,1.4929503445e-01,1.4248912284e-01,2.4462827457e-01,5.9390986933e-02,3.2067037947e+00
4.0500000000e+02,9.0452672914e-03,2.0641980406e-02,3.7782903764e-01,1.5034379930e-01,1.4351803622e-01,2.4034365984e-01,5.8278219307e-02,3.1941323830e+00
4.0550000000e+02,9.0189657634e-03,2.0733211682e-02,3.8153904318e-01,1.4917601048e-01,1.4361208873e-01,2.3815077384e-01,5.7769906329e-02,3.1798554954e+00
4.0600000000e+02,8.9187064179e-03,2.0859765937e-02,3.8366876787e-01,1.5026770543e-01,1.4396304848e-01,2.3551851950e-01,5.6803486370e-02,3.1649425387e+00
4.0650000000e+02,8.8523402255e-03,2.0826890418e-02,3.8599790976e-01,1.5232070911e-01,1.4309638216e-01,2.3305175238e-01,5.5854015948e-02,3.1409925121e+00
4.0700000000e+02,8.7547591562e-03,2.0787649297e-02,3.8855117670e-01,1.5294279109e-01,1.4361582108e-01,2.3019002137e-01,5.5157781310e-02,3.1246959369e+00
4.0750000000e+02,8.7552766349e-03,2.0805115758e-02,3.9122932694e-01,1.5446820517e-01,1.4224886135e-01,2.2811997359e-01,5.4373240549e-02,3.1091349092e+00
4.0800000000e+02,8.7762433718e-03,2.0920485358e-02,3.9504966618e-01,1.5263117052e-01,1.4193845133e-01,2.2707018965e-01,5.3613793604e-02,3.0935713235e+00
4.0850000000e+02,8.8034947318e-03,2.1028414709e-02,3.9864113170e-01,1.5154607782e-01,1.4233900223e-01,2.2497116757e-01,5.2670711233e-02,3.0780133520e+00
4.0900000000e+02,8.9411243094e-03,2.1093820961e-02,3.9879835284e-01,1.5162312842e-01,1.4393428037e-01,2.2270695349e-01,5.2902339610e-02,3.0721444104e+00
4.0950000000e+02,9.0508060498e-03,2.1006173134e-02,4.0157027525e-01,1.5089305919e-01,1.4390092679e-01,2.2111948167e-01,5.2459277923e-02,3.0609977075e+00
4.1000000000e+02,9.0886915505e-03,2.1207303690e-02,4.0300799297e-01,1.5225792692e-01,1.4442134776e-01,2.1758791031e-01,5.2428826795e-02,3.0572980203e+00
4.1050000000e+02,9.1413091903e-03,2.1245281868e-02,4.0544036363e-01,1.5428333342e-01,1.4409354086e-01,2.1403667237e-01,5.1759498655e-02,3.0464260823e+00
4.1100000000e+02,9.1287051652e-03,2.1399110869e-02,4.0678565319e-01,1.5500975082e-01,1.4511047347e-01,2.1149812569e-01,5.1068180800e-02,3.0367330646e+00
4.1150000000e+02,9.1974045579e-03,2.1412813442e-02,4.0941693827e-01,1.5501413562e-01,1.4353755485e-01,2.1073090165e-01,5.0690251603e-02,3.0164894858e+00
4.1200000000e+02,9.2355268605e-03,2.1389442954e-02,4.1264690590e-01,1.5565686262e-01,1.4436197267e-01,2.0671677512e-01,4.9992513875e-02,3.0020612996e+00
4.1250000000e+02,9.3286789022e-03,2.1326760965e-02,4.1564983171e-01,1.5719364041e-01,1.4446211116e-01,2.0312435024e-01,4.8914626622e-02,2.9852565931e+00
4.1300000000e+02,9.4385864202e-03,2.1433484419e-02,4.1681830582e-01,1.5852510726e-01,1.4504111713e-01,2.0027938510e-01,4.8464013840e-02,2.9757091837e+00
4.1350000000e+02,9.6047480629e-03,2.1379048768e-02,4.1908208373e-01,1.5951251839e-01,1.4386879746e-01,1.9858556725e-01,4.7967236329e-02,2.9640947173e+00
4.1400000000e+02,9.7203778972e-03,2.1300634948e-02,4.2212917912e-01,1.6025215551e-01,1.4465955984e-01,1.9478064697e-01,4.7157445703e-02,2.9475954754e+00
4.1450000000e+02,9.7186616000e-03,2.0924645138e-02,4.2378637917e-01,1.6298612020e-01,1.4429602814e-01,1.9159608495e-01,4.6692080797e-02,2.9275448503e+00
4.1500000000e+02,9.7874414855e-03,2.1005938605e-02,4.2439042859e-01,1.6467735678e-01,1.4360088911e-01,1.8975284977e-01,4.6785095662e-02,2.9223928288e+00
4.1550000000e+02,9.8261304522e-03,2.1028479080e-02,4.2420253067e-01,1.6518839201e-01,1.4558045102e-01,1.8707361957e-01,4.7100397206e-02,2.9162431604e+00
4.1600000000e+02,1.0050307966e-02,2.1206371592e-02,4.2695937493e-01,1.6582553681e-01,1.4603098473e-01,1.8324151167e-01,4.6685912302e-02,2.9073472916e+00
4.1650000000e+02,1.0124710646e-02,2.1236801119e-02,4.2879400487e-01,1.6543943482e-01,1.4709368015e-01,1.8033981775e-01,4.6971550643e-02,2.8954258430e+00
4.1700000000e+02,1.0156986415e-02,2.1218513724e-02,4.3154331174e-01,1.6403959118e-01,1.4919613332e-01,1.7697868459e-01,4.6866779032e-02,2.8911851553e+00
4.1750000000e+02,1.0239674012e-02,2.0963444351e-02,4.3496579576e-01,1.6410205160e-01,1.4934824332e-01,1.7418111905e-01,4.6199671916e-02,2.8812522503e+00
4.1800000000e+02,1.0270208315e-02,2.0692141237e-02,4.3813742105e-01,1.6517259974e-01,1.5023899784e-01,1.7008192608e-01,4.5406705738e-02,2.8686869428e+00
4.1850000000e+02,1.0277813762e-02,2.0593189399e-02,4.4134895741e-01,1.6506277647e-01,1.5135866533e-01,1.6660130793e-01,4.4757289688e-02,2.8590491896e+00
4.1900000000e+02,1.0334116781e-02,2.0451049744e-02,4.4531855809e-01,1.6598122548e-01,1.5037474334e-01,1.6346844856e-01,4.4071858005e-02,2.8400172525e+00
4.1950000000e+02,1.0486225479e-02,2.0245523290e-02,4.4801818222e-01,1.6626798291e-01,1.5009344079e-01,1.6098918311e-01,4.3899462202e-02,2.8273811912e+00
4.2000000000e+02,1.0616120941e-02,2.0208406305e-02,4.5111720449e-01,1.6691249721e-01,1.4957701461e-01,1.5816496610e-01,4.3403790349e-02,2.8104342377e+00
4.2050000000e+02,1.0806790914e-02,2.0194663159e-02,4.5163300967e-01,1.6917041560e-01,1.5017009627e-01,1.5505852218e-01,4.2966502200e-02,2.8041623559e+00
4.2100000000e+02,1.0811266172e-02,1.9904737108e-02,4.5553217035e-01,1.6789938634e-01,1.5077984712e-01,1.5264130289e-01,4.2431290018e-02,2.7839773570e+00
4.2150000000e+02,1.0931986459e-02,1.9687229561e-02,4.5901134953e-01,1.6807105285e-01,1.5112828169e-01,1.4935033108e-01,4.1819768833e-02,2.7674730946e+00
4.2200000000e+02,1.1073535104e-02,1.9372287097e-02,4.6213551592e-01,1.6858619138e-01,1.4953074448e-01,1.4756232809e-01,4.1739397928e-02,2.7503684327e+00
4.2250000000e+02,1.1330140311e-02,1.9439995665e-02,4.6349472854e-01,1.7018383897e-01,1.4984710844e-01,1.4409001502e-01,4.1614173044e-02,2.7439159033e+00
4.2300000000e+02,1.1468371891e-02,1.9311941188e-02,4.6432850804e-01,1.7067126760e-01,1.5104767236e-01,1.4204367273e-01,4.1128566186e-02,2.7317011916e+00
4.2350000000e+02,1.1590690419e-02,1.9117994500e-02,4.6752581527e-01,1.6994126170e-01,1.4995005200e-01,1.4091944805e-01,4.0954738073e-02,2.7211929361e+00
4.2400000000e+02,1.1637208946e-02,1.9052381542e-02,4.7141466328e-01,1.6928978017e-01,1.4964590121e-01,1.3847517216e-01,4.0484892699e-02,2.7092923773e+00
4.2450000000e+02,1.1757447960e-02,1.8817175145e-02,4.7317748030e-01,1.7169333925e-01,1.4908152459e-01,1.3523099042e-01,4.0242042324e-02,2.6867555255e+00
4.2500000000e+02,1.2021396929e-02,1.8615760772e-02,4.7331007709e-01,1.7315980500e-01,1.5015874841e-01,1.3257660152e-01,4.0157610285e-02,2.6813382318e+00
4.2550000000e+02,1.2157228449e-02,1.8609540709e-02,4.7476490791e-01,1.7426469353e-01,1.4901434707e-01,1.3098347892e-01,4.0205803407e-02,2.6757911288e+00
4.2600000000e+02,1.2416690289e-02,1.8708944630e-02,4.7546025200e-01,1.7580922129e-01,1.4961621041e-01,1.2778731833e-01,4.0201363049e-02,2.6681780485e+00
4.2650000000e+02,1.2425892015e-02,1.8657825201e-02,4.7874559253e-01,1.7613354937e-01,1.4914024972e-01,1.2538334857e-01,3.9513542592e-02,2.6512606862e+00
4.2700000000e+02,1.2612097260e-02,1.8536702300e-02,4.8195090511e-01,1.7587643307e-01,1.4922208223e-01,1.2257288642e-01,3.9228893622e-02,2.6324706303e+00
4.2750000000e+02,1.2796118771e-02,1.8116524530e-02,4.8396693394e-01,1.7742778673e-01,1.4892667376e-01,1.1972827920e-01,3.9037683061e-02,2.6152439679e+00
4.2800000000e+02,1.3006760388e-02,1.7851146196e-02,4.8551140536e-01,1.7943478882e-01,1.4947798090e-01,1.1632367168e-01,3.8394246652e-02,2.5953232969e+00
4.2850000000e+02,1.3041660273e-02,1.7701170029e-02,4.8761945802e-01,1.7992217417e-01,1.5103876621e-01,1.1322647995e-01,3.7450291356e-02,2.5819185692e+00
4.2900000000e+02,1.3200832753e-02,1.7506737036e-02,4.8949411257e-01,1.8071660910e-01,1.5097926952e-01,1.1112668868e-01,3.6975750352e-02,2.5647133789e+00
4.2950000000e+02,1.3347911812e-02,1.7368121606e-02,4.9079697472e-01,1.8099985781e-01,1.5193286553e-01,1.0876785537e-01,3.6786413143e-02,2.5536683392e+00
4.3000000000e+02,1.3387675225e-02,1.7156537772e-02,4.9163833019e-01,1.8306216642e-01,1.5196156365e-01,1.0619683876e-01,3.6596887978e-02,2.5385926633e+00
4.3050000000e+02,1.3649995729e-02,1.6828375085e-02,4.9360172252e-01,1.8284461784e-01,1.5217185622e-01,1.0430345370e-01,3.6599978902e-02,2.5270699433e+00
4.3100000000e+02,1.3814355805e-02,1.6766499951e-02,4.9539465002e-01,1.8364830792e-01,1.5252267716e-01,1.0161938748e-01,3.6234121674e-02,2.5124198671e+00
4.3150000000e+02,1.3832599073e-02,1.6605263472e-02,4.9868674995e-01,1.8334189823e-01,1.5427250878e-01,9.7597836187e-02,3.5663144311e-02,2.4922792745e+00
4.3200000000e+02,1.3989789452e-02,1.6486306112e-02,4.9982450843e-01,1.8475420082e-01,1.5502820335e-01,9.4409774966e-02,3.5507216868e-02,2.4771110498e+00
4.3250000000e+02,1.4139081779e-02,1.6371419044e-02,4.9937660567e-01,1.8672779196e-01,1.5563796785e-01,9.2202989148e-02,3.5544144547e-02,2.4716283113e+00
4.3300000000e+02,1.4118460677e-02,1.6113691034e-02,5.0039588444e-01,1.8845311724e-01,1.5723603049e-01,8.8385660090e-02,3.5297156033e-02,2.4501005968e+00
4.3350000000e+02,1.4115654435e-02,1.5862421003e-02,5.0207063722e-01,1.9071841185e-01,1.5697286886e-01,8.5550154986e-02,3.4709851641e-02,2.4260833543e+00
4.3400000000e+02,1.4147696566e-02,1.5646388605e-02,5.0515336223e-01,1.9040407808e-01,1.5611089314e-01,8.3956739702e-02,3.4580841678e-02,2.4099143107e+00
4.3450000000e+02,1.4221916536e-02,1.5455977324e-02,5.0851865086e-01,1.9028953113e-01,1.5627183581e-01,8.0663432957e-02,3.4578655375e-02,2.3912940385e+00
4.3500000000e+02,1.4360415401e-02,1.5264366704e-02,5.0915026221e-01,1.9268403628e-01,1.5672266469e-01,7.7846773915e-02,3.3971480797e-02,2.3712625480e+00
4.3550000000e+02,1.4428544924e-02,1.5149434000e-02,5.1077263056e-01,1.9294864021e-01,1.5730943623e-01,7.5249246373e-02,3.4142067702e-02,2.3584490031e+00
4.3600000000e+02,1.4529070177e-02,1.5018184133e-02,5.1332935091e-01,1.9268196609e-01,1.5807120269e-01,7.2166208019e-02,3.4204017979e-02,2.3368448604e+00
4.3650000000e+02,1.4813784838e-02,1.5061947513e-02,5.1476370500e-01,1.9258354286e-01,1.5970219307e-01,6.8739094507e-02,3.4335732217e-02,2.3313550951e+00
4.3700000000e+02,1.5014021860e-02,1.4954368247e-02,5.1416095911e-01,1.9483942547e-01,1.6073514689e-01,6.6176392632e-02,3.4119685791e-02,2.3201175005e+00
4.3750000000e+02,1.5099076931e-02,1.4992505493e-02,5.1412426617e-01,1.9586978230e-01,1.6095781784e-01,6.4535756312e-02,3.4420794950e-02,2.3112033546e+00
4.3800000000e+02,1.5242705688e-02,1.4739268259e-02,5.1488306727e-01,1.9700594117e-01,1.6154328810e-01,6.2181198311e-02,3.4404531200e-02,2.3002292486e+00
4.3850000000e+02,1.5215463007e-02,1.4432300830e-02,5.1459439745e-01,1.9901570179e-01,1.6293898540e-01,5.9441006469e-02,3.4362145060e-02,2.2842921784e+00
4.3900000000e+02,1.5098168817e-02,1.4167676534e-02,5.1709445214e-01,1.9861555304e-01,1.6425652241e-01,5.6755375734e-02,3.4012251323e-02,2.2602936544e+00
4.3950000000e+02,1.5224931875e-02,1.4059290505e-02,5.1750772007e-01,1.9939285627e-01,1.6499720872e-01,5.4530339862e-02,3.4287652696e-02,2.2516709790e+00
4.4000000000e+02,1.5190892562e-02,1.3970092407e-02,5.1968236699e-01,2.0030058689e-01,1.6465867731e-01,5.1985951662e-02,3.4211432174e-02,2.2347144494e+00
4.4050000000e+02,1.5107913267e-02,1.3821432645e-02,5.2149590715e-01,2.0069444300e-01,1.6556478559e-01,4.9312699690e-02,3.4002818658e-02,2.2144379663e+00
4.4100000000e+02,1.5262276820e-02,1.3760079893e-02,5.2308839602e-01,1.9991122601e-01,1.6637682125e-01,4.7249607029e-02,3.4351592977e-02,2.2024154414e+00
4.4150000000e+02,1.5516870568e-02,1.3570428909e-02,5.2176444184e-01,2.0134815891e-01,1.6780388721e-01,4.5739859534e-02,3.4256353027e-02,2.1910896946e+00
4.4200000000e+02,1.5549050191e-02,1.3401867474e-02,5.2117973192e-01,2.0347583845e-01,1.6848791103e-01,4.3950428517e-02,3.3955172415e-02,2.1757845545e+00
4.4250000000e+02,1.5492735011e-02,1.3217032510e-02,5.2226046512e-01,2.0452138253e-01,1.6883289563e-01,4.1982239846e-02,3.3693249363e-02,2.1590899349e+00
4.4300000000e+02,1.5398952609e-02,1.3160583675e-02,5.2217598622e-01,2.0679091181e-01,1.6768754243e-01,4.0554995805e-02,3.4231027454e-02,2.1505352686e+00
4.4350000000e+02,1.5335200530e-02,1.3139821879e-02,5.2302857292e-01,2.0807187800e-01,1.6732185404e-01,3.8845719106e-02,3.4256953524e-02,2.1341814248e+00
4.4400000000e+02,1.5442394063e-02,1.3053986857e-02,5.2083125262e-01,2.1032561092e-01,1.6843847736e-01,3.6965137427e-02,3.4943140751e-02,2.1279453435e+00
4.4450000000e+02,1.5270713389e-02,1.2830387994e-02,5.2156228197e-01,2.1121430159e-01,1.6977485852e-01,3.4696119683e-02,3.4651336859e-02,2.1091474270e+00
4.4500000000e+02,1.5080808455e-02,1.2736742153e-02,5.2345724862e-01,2.1121336611e-01,1.6991112249e-01,3.3052991053e-02,3.4547721123e-02,2.0936114797e+00
4.4550000000e+02,1.5177247418e-02,1.2812523032e-02,5.2369874955e-01,2.1256562916e-01,1.6980183776e-01,3.1309104764e-02,3.4634908324e-02,2.0824709751e+00
4.4600000000e+02,1.5108057023e-02,1.2859946111e-02,5.2314111876e-01,2.1366524360e-01,1.7041341099e-01,3.0108557990e-02,3.4703665521e-02,2.0761444220e+00
4.4650000000e+02,1.5070025434e-02,1.2856090538e-02,5.2400167409e-01,2.1487985549e-01,1.7009987983e-01,2.8812152082e-02,3.4280322529e-02,2.0672948638e+00
4.4700000000e+02,1.5072861673e-02,1.3003037432e-02,5.2297260033e-01,2.1630994502e-01,1.7077384459e-01,2.7115035038e-02,3.4752675910e-02,2.0593015374e+00
4.4750000000e+02,1.5147787592e-02,1.3028274982e-02,5.2223890292e-01,2.1809753810e-01,1.7111269962e-01,2.5700777521e-02,3.4674019264e-02,2.0513999876e+00
4.4800000000e+02,1.5264192784e-02,1.3006670762e-02,5.2205351826e-01,2.1864588682e-01,1.7173585197e-01,2.4206842328e-02,3.5087037086e-02,2.0427287381e+00
4.4850000000e+02,1.5267884104e-02,1.2957069049e-02,5.1959756317e-01,2.2261322396e-01,1.7192520922e-01,2.2701807855e-02,3.4937242641e-02,2.0319911314e+00
4.4900000000e+02,1.5301510959e-02,1.2966356705e-02,5.1777426351e-01,2.2578671692e-01,1.7193949126e-01,2.1291107378e-02,3.4940553272e-02,2.0230408660e+00
4.4950000000e+02,1.5090068942e-02,1.2842105511e-02,5.1819687624e-01,2.2696710735e-01,1.7184036132e-01,2.0066816819e-02,3.4996663811e-02,2.0105577250e+00
4.5000000000e+02,1.4937717708e-02,1.2722545550e-02,5.1714672828e-01,2.2871956974e-01,1.7276504948e-01,1.8733204967e-02,3.4975184272e-02,2.0027325877e+00
4.5050000000e+02,1.5115018819e-02,1.2545683281e-02,5.1476537874e-01,2.3102866238e-01,1.7393974248e-01,1.7665323507e-02,3.4940190799e-02,1.9954550424e+00
4.5100000000e+02,1.5110167296e-02,1.2520726613e-02,5.1620275780e-01,2.3011063465e-01,1.7466436573e-01,1.6668793655e-02,3.4722554256e-02,1.9868531309e+00
4.5150000000e+02,1.5150846857e-02,1.2532427629e-02,5.1589309786e-01,2.3018881283e-01,1.7545725473e-01,1.5728594056e-02,3.5048966035e-02,1.9818909443e+00
4.5200000000e+02,1.5164687492e-02,1.2658547048e-02,5.1485142036e-01,2.3246442395e-01,1.7493264699e-01,1.4792713406e-02,3.5135560754e-02,1.9753546789e+00
4.5250000000e+02,1.5177882766e-02,1.2558107567e-02,5.1341353518e-01,2.3420189317e-01,1.7590443529e-01,1.3737973368e-02,3.5006172663e-02,1.9697256297e+00
4.5300000000e+02,1.5118149783e-02,1.2476159749e-02,5.1115375771e-01,2.3741140359e-01,1.7612556451e-01,1.2894306805e-02,3.4820657853e-02,1.9648194994e+00
4.5350000000e+02,1.5190623270e-02,1.2719090629e-02,5.0944686401e-01,2.4028681727e-01,1.7530878002e-01,1.2239891896e-02,3.4807932907e-02,1.9632874471e+00
4.5400000000e+02,1.5221648594e-02,1.2858713809e-02,5.1037747523e-01,2.4044954860e-01,1.7470528623e-01,1.1533757340e-02,3.4853570192e-02,1.9546813526e+00
4.5450000000e+02,1.5130051408e-02,1.2850412669e-02,5.0785788250e-01,2.4399029292e-01,1.7429711892e-01,1.0858962006e-02,3.5015279580e-02,1.9497924863e+00
4.5500000000e+02,1.5252391149e-02,1.2954943196e-02,5.0795618124e-01,2.4415479300e-01,1.7372224992e-01,1.0162266537e-02,3.5797174960e-02,1.9495557355e+00
4.5550000000e+02,1.5297401889e-02,1.2822854995e-02,5.0655319977e-01,2.4574753651e-01,1.7417405058e-01,9.4721559218e-03,3.5932800331e-02,1.9464599413e+00
4.5600000000e+02,1.5168154604e-02,1.2704971660e-02,5.0588910022e-01,2.4755265766e-01,1.7400587388e-01,8.9315133896e-03,3.5747728584e-02,1.9429170742e+00
4.5650000000e+02,1.5204493134e-02,1.2753977326e-02,5.0542136243e-01,2.4810486147e-01,1.7388273590e-01,8.4992529809e-03,3.6133316759e-02,1.9432876680e+00
4.5700000000e+02,1.5141696019e-02,1.2614784016e-02,5.0335467077e-01,2.5056212291e-01,1.7405543413e-01,7.9309202687e-03,3.6340371884e-02,1.9315258450e+00
4.5750000000e+02,1.4885270173e-02,1.2606615556e-02,5.0340449544e-01,2.5076380019e-01,1.7373455853e-01,7.5783153695e-03,3.7026944754e-02,1.9289870166e+00
4.5800000000e+02,1.4970808367e-02,1.2467914218e-02,5.0344541929e-01,2.5109674354e-01,1.7357665589e-01,7.2051956645e-03,3.7237263028e-02,1.9269591654e+00
4.5850000000e+02,1.5006114771e-02,1.2712143583e-02,5.0087858896e-01,2.5348042219e-01,1.7300964924e-01,6.9916333070e-03,3.7921447952e-02,1.9337369759e+00
4.5900000000e+02,1.4948796569e-02,1.2864899940e-02,4.9758881798e-01,2.5698402763e-01,1.7303285067e-01,6.6774653057e-03,3.7903141901e-02,1.9342290458e+00
4.5950000000e+02,1.4893389669e-02,1.2841832503e-02,4.9678976955e-01,2.5801043540e-01,1.7271968333e-01,6.5012292782e-03,3.8243660270e-02,1.9373865449e+00
4.6000000000e+02,1.4984667880e-02,1.3023196628e-02,4.9455223128e-01,2.6056257380e-01,1.7182091404e-01,6.3794310505e-03,3.8676985327e-02,1.9478260426e+00
4.6050000000e+02,1.4725529652e-02,1.3055608507e-02,4.9323868281e-01,2.6216949836e-01,1.7211226594e-01,6.3134965648e-03,3.8384918167e-02,1.9487913686e+00
4.6100000000e+02,1.4487601935e-02,1.3168669416e-02,4.9201132674e-01,2.6379452710e-01,1.7140216888e-01,6.3463886070e-03,3.8789317319e-02,1.9566597383e+00
4.6150000000e+02,1.4365513051e-02,1.3242915424e-02,4.8974517637e-01,2.6677539930e-01,1.7062485248e-01,6.4533888434e-03,3.8792754539e-02,1.9628196477e+00
4.6200000000e+02,1.4115842632e-02,1.3360230872e-02,4.8612037979e-01,2.6985690589e-01,1.7110159862e-01,6.4346707192e-03,3.9010371479e-02,1.9665773222e+00
4.6250000000e+02,1.4067971275e-02,1.3554605929e-02,4.8252276032e-01,2.7390456739e-01,1.7000906761e-01,6.5531743880e-03,3.9387853091e-02,1.9750118050e+00
4.6300000000e+02,1.4001559877e-02,1.3696335031e-02,4.7984085030e-01,2.7649183884e-01,1.6972614152e-01,6.6579478673e-03,3.9585326565e-02,1.9814558160e+00
4.6350000000e+02,1.3760108152e-02,1.3837211123e-02,4.8041571514e-01,2.7644169954e-01,1.6892304449e-01,6.8312762994e-03,3.9790945257e-02,1.9816058677e+00
4.6400000000e+02,1.3657977858e-02,1.3991765703e-02,4.7853612168e-01,2.7809150614e-01,1.6839367163e-01,7.2005909225e-03,4.0128366077e-02,1.9878941152e+00
4.6450000000e+02,1.3608779413e-02,1.4106360395e-02,4.7788586990e-01,2.7890732621e-01,1.6749644179e-01,7.5419106425e-03,4.0453311652e-02,1.9968443445e+00
4.6500000000e+02,1.3613203338e-02,1.4115628994e-02,4.7521325633e-01,2.8081077792e-01,1.6723195189e-01,7.9064889217e-03,4.1108692604e-02,2.0012758324e+00
4.6550000000e+02,1.3609776685e-02,1.4103249328e-02,4.7275640554e-01,2.8252870076e-01,1.6697782856e-01,8.2672568721e-03,4.1756782253e-02,2.0062166161e+00
4.6600000000e+02,1.3534828036e-02,1.4157466540e-02,4.7307206047e-01,2.8221560621e-01,1.6632070857e-01,8.5854654011e-03,4.2113864771e-02,2.0110802084e+00
4.6650000000e+02,1.3502354431e-02,1.4276190771e-02,4.7058789958e-01,2.8396630120e-01,1.6588469127e-01,8.9656541562e-03,4.2816908582e-02,2.0186013275e+00
4.6700000000e+02,1.3323911414e-02,1.4325413959e-02,4.7066852348e-01,2.8523430898e-01,1.6409876436e-01,9.3699181576e-03,4.2979159649e-02,2.0218855683e+00
4.6750000000e+02,1.3119738001e-02,1.4395386454e-02,4.6749911452e-01,2.8713420733e-01,1.6441259233e-01,9.8485297371e-03,4.3590431627e-02,2.0248489409e+00
4.6800000000e+02,1.3040116758e-02,1.4566371128e-02,4.6320643354e-01,2.9109256020e-01,1.6305884169e-01,1.0530028181e-02,4.4505648498e-02,2.0314018742e+00
4.6850000000e+02,1.3040977501e-02,1.4716717812e-02,4.5905242428e-01,2.9499186740e-01,1.6220704900e-01,1.1209294425e-02,4.4781669593e-02,2.0414189275e+00
4.6900000000e+02,1.3020254960e-02,1.4812032784e-02,4.5636670281e-01,2.9658938158e-01,1.6185843837e-01,1.1856177190e-02,4.5497012307e-02,2.0499049667e+00
4.6950000000e+02,1.2900459711e-02,1.4886707416e-02,4.5259806684e-01,2.9932856488e-01,1.6153054886e-01,1.2555968895e-02,4.6199683397e-02,2.0534531959e+00
4.7000000000e+02,1.2856258136e-02,1.4942039222e-02,4.5141155096e-01,2.9997107446e-01,1.6107741859e-01,1.3065653433e-02,4.6676005203e-02,2.0596978749e+00
4.7050000000e+02,1.2817082070e-02,1.5118314305e-02,4.4533456386e-01,3.0464604453e-01,1.6103968058e-01,1.3848113477e-02,4.7196201181e-02,2.0686585632e+00
4.7100000000e+02,1.2628880514e-02,1.5323345626e-02,4.4098950347e-01,3.0736552810e-01,1.6126330491e-01,1.4751956266e-02,4.7677481113e-02,2.0756145586e+00
4.7150000000e+02,1.2523715609e-02,1.5435707725e-02,4.3780350863e-01,3.0853456853e-01,1.6092095383e-01,1.5608011034e-02,4.9173534651e-02,2.0875014271e+00
4.7200000000e+02,1.2599996072e-02,1.5632301653e-02,4.3498699643e-01,3.0951578167e-01,1.6066450198e-01,1.6402581472e-02,5.0197840710e-02,2.0961509188e+00
4.7250000000e+02,1.2438436699e-02,1.5492751222e-02,4.3029784101e-01,3.1367557431e-01,1.5992000645e-01,1.7268587455e-02,5.0906802847e-02,2.0980854402e+00
4.7300000000e+02,1.2308165250e-02,1.5547646772e-02,4.2688993637e-01,3.1667716589e-01,1.5868376871e-01,1.8356647499e-02,5.1536669512e-02,2.1060511566e+00
4.7350000000e+02,1.2302200578e-02,1.5563034100e-02,4.2414850543e-01,3.1745437930e-01,1.5885515480e-01,1.9001759218e-02,5.2674966571e-02,2.1134254431e+00
4.7400000000e+02,1.2104489838e-02,1.5606869611e-02,4.2272515536e-01,3.1757215843e-01,1.5867366926e-01,2.0075185859e-02,5.3242471631e-02,2.1211169986e+00
4.7450000000e+02,1.2075215988e-02,1.5574063293e-02,4.2207757939e-01,3.1757534386e-01,1.5744719986e-01,2.1445999072e-02,5.3804598538e-02,2.1291987559e+00
4.7500000000e+02,1.2007872980e-02,1.5502885566e-02,4.2461482631e-01,3.1447514094e-01,1.5685813925e-01,2.2325167613e-02,5.4215967344e-02,2.1283409382e+00
4.7550000000e+02,1.1972793207e-02,1.5522822664e-02,4.2315373359e-01,3.1544043063e-01,1.5664481479e-01,2.2646406321e-02,5.4618998808e-02,2.1307513889e+00
4.7600000000e+02,1.1833738478e-02,1.5450665387e-02,4.2307418006e-01,3.1616327302e-01,1.5437439291e-01,2.3712196126e-02,5.5391554019e-02,2.1350986668e+00
4.7650000000e+02,1.1833083072e-02,1.5577666377e-02,4.1945372647e-01,3.1787292252e-01,1.5453776110e-01,2.4509410912e-02,5.6215429542e-02,2.1483452232e+00
4.7700000000e+02,1.1780243123e-02,1.5532211920e-02,4.1900835899e-01,3.1650609328e-01,1.5436435303e-01,2.5723616577e-02,5.7085123085e-02,2.1585830047e+00
4.7750000000e+02,1.1806804280e-02,1.5773005057e-02,4.1536526265e-01,3.1811456822e-01,1.5482663265e-01,2.6659565549e-02,5.7454161591e-02,2.1740164505e+00
4.7800000000e+02,1.1738999326e-02,1.5887512552e-02,4.1227611786e-01,3.2106159406e-01,1.5342912064e-01,2.7633947524e-02,5.7972708042e-02,2.1878075922e+00
4.7850000000e+02,1.1798627194e-02,1.6023382653e-02,4.0878248219e-01,3.2259101338e-01,1.5270598321e-01,2.8853717856e-02,5.9244793512e-02,2.2005903442e+00
4.7900000000e+02,1.1855133667e-02,1.6121469148e-02,4.0667801763e-01,3.2303256408e-01,1.5200434226e-01,2.9827972344e-02,6.0480500871e-02,2.2182985806e+00
4.7950000000e+02,1.1912358460e-02,1.6022677008e-02,4.0438390964e-01,3.2503734761e-01,1.5107737769e-01,3.0376282813e-02,6.1190046767e-02,2.2280150070e+00
4.8000000000e+02,1.1745238264e-02,1.6050240950e-02,3.9901159346e-01,3.2784561183e-01,1.5123937051e-01,3.1211232283e-02,6.2896712705e-02,2.2396438450e+00
4.8050000000e+02,1.1753732858e-02,1.6068966671e-02,3.9627407427e-01,3.2850146187e-01,1.5122272254e-01,3.2272276181e-02,6.3906765611e-02,2.2544446747e+00
4.8100000000e+02,1.1554617922e-02,1.5994478821e-02,3.9367503430e-01,3.3006577867e-01,1.5208023004e-01,3.2445903226e-02,6.4183957018e-02,2.2608268862e+00
4.8150000000e+02,1.1575593324e-02,1.6132185591e-02,3.9190249806e-01,3.3028515050e-01,1.5254495387e-01,3.3127290772e-02,6.4432327879e-02,2.2706793659e+00
4.8200000000e+02,1.1509924209e-02,1.6346187227e-02,3.9048591691e-01,3.2924587701e-01,1.5275856472e-01,3.4549728912e-02,6.5103801008e-02,2.2841201566e+00
4.8250000000e+02,1.1518885714e-02,1.6320659770e-02,3.8751148695e-01,3.3115150779e-01,1.5123707096e-01,3.6164420341e-02,6.6095968473e-02,2.2927057702e+00
4.8300000000e+02,1.1542379373e-02,1.6275561204e-02,3.8497466969e-01,3.3315976368e-01,1.5100822923e-01,3.6417680875e-02,6.6621715951e-02,2.3031445117e+00
4.8350000000e+02,1.1556515241e-02,1.6393945902e-02,3.8243663891e-01,3.3316958170e-01,1.5074172578e-01,3.7071335301e-02,6.8630257169e-02,2.3218967303e+00
4.8400000000e+02,1.1594317939e-02,1.6317571560e-02,3.7935921277e-01,3.3374546032e-01,1.5093060812e-01,3.8146773388e-02,6.9906055906e-02,2.3390880020e+00
4.8450000000e+02,1.1625481491e-02,1.6345564801e-02,3.7649715464e-01,3.3487489044e-01,1.5046029748e-01,3.9384551611e-02,7.0812059527e-02,2.3497735278e+00
4.8500000000e+02,1.1530328186e-02,1.6332162498e-02,3.7436951861e-01,3.3573703585e-01,1.4972077050e-01,4.0659454777e-02,7.1650729575e-02,2.3638640204e+00
4.8550000000e+02,1.1631234890e-02,1.6593732542e-02,3.6980887513e-01,3.3798438242e-01,1.4924419732e-01,4.1801448838e-02,7.2936128857e-02,2.3860751420e+00
4.8600000000e+02,1.1663255476e-02,1.6497379212e-02,3.6738238023e-01,3.3919317915e-01,1.4883510776e-01,4.2914662486e-02,7.3514035684e-02,2.3997264899e+00
4.8650000000e+02,1.1577859282e-02,1.6539284839e-02,3.6240830774e-01,3.4073581698e-01,1.5058232657e-01,4.3058315485e-02,7.5098089097e-02,2.4103041931e+00
4.8700000000e+02,1.1723468142e-02,1.6689967534e-02,3.5502752302e-01,3.4408586687e-01,1.5113633500e-01,4.4157539500e-02,7.7179299939e-02,2.4271232582e+00
4.8750000000e+02,1.1838349232e-02,1.6643130362e-02,3.5306858888e-01,3.4199189920e-01,1.5283297150e-01,4.4814734888e-02,7.8810325932e-02,2.4406463201e+00
4.8800000000e+02,1.1942136624e-02,1.6690827179e-02,3.4938776522e-01,3.4275108589e-01,1.5265797576e-01,4.6060612216e-02,8.0509597115e-02,2.4545458063e+00
4.8850000000e+02,1.2024167093e-02,1.6733987877e-02,3.4422635595e-01,3.4440979742e-01,1.5270283745e-01,4.7527599520e-02,8.2375254692e-02,2.4715120255e+00
4.8900000000e+02,1.1900830607e-02,1.6727993949e-02,3.4202026748e-01,3.4496639346e-01,1.5240989245e-01,4.8394100932e-02,8.3580521125e-02,2.4774435721e+00
4.8950000000e+02,1.1913749605e-02,1.6834514403e-02,3.3882145891e-01,3.4520175020e-01,1.5273169454e-01,4.9070776565e-02,8.5426055780e-02,2.4921749177e+00
4.9000000000e+02,1.2027016241e-02,1.6850945056e-02,3.3562521847e-01,3.4529595182e-01,1.5344564164e-01,5.0273307407e-02,8.6481919354e-02,2.5088097030e+00
4.9050000000e+02,1.2017195433e-02,1.6643969590e-02,3.3130347526e-01,3.4610377878e-01,1.5362871482e-01,5.1729312261e-02,8.8573553866e-02,2.5221129394e+00
4.9100000000e+02,1.1959770476e-02,1.6910767994e-02,3.2981812402e-01,3.4570268734e-01,1.5457653788e-01,5.1687417332e-02,8.9344694958e-02,2.5344372100e+00
4.9150000000e+02,1.2121289918e-02,1.7079751870e-02,3.2718972464e-01,3.4514663146e-01,1.5475792794e-01,5.2637632633e-02,9.1067041539e-02,2.5577990926e+00
4.9200000000e+02,1.2143314665e-02,1.7220329495e-02,3.2447250503e-01,3.4449623956e-01,1.5495661827e-01,5.3562877743e-02,9.3148115233e-02,2.5771960517e+00
4.9250000000e+02,1.2237114422e-02,1.7106783684e-02,3.2292658238e-01,3.4537285375e-01,1.5369177720e-01,5.4880293353e-02,9.3784595207e-02,2.5854744825e+00
4.9300000000e+02,1.2179096571e-02,1.7014466460e-02,3.1992702210e-01,3.4774073965e-01,1.5320136181e-01,5.5446325138e-02,9.4490988279e-02,2.5912751890e+00
4.9350000000e+02,1.2308463977e-02,1.6916479027e-02,3.1754433420e-01,3.4631195100e-01,1.5377535812e-01,5.6882099703e-02,9.6261313980e-02,2.6062205367e+00
4.9400000000e+02,1.2358665265e-02,1.6886007344e-02,3.1486774819e-01,3.4584891504e-01,1.5274320974e-01,5.9446830184e-02,9.7848624242e-02,2.6226458250e+00
4.9450000000e+02,1.2440350742e-02,1.7020718332e-02,3.1150807603e-01,3.4724875310e-01,1.5244942614e-01,6.0521701182e-02,9.8810974475e-02,2.6390037324e+00
4.9500000000e+02,1.2348495902e-02,1.6926593572e-02,3.0905141005e-01,3.4649877818e-01,1.5331058775e-01,6.1359479655e-02,1.0050465490e-01,2.6512034821e+00
4.9550000000e+02,1.2350097706e-02,1.7106364046e-02,3.0268806712e-01,3.5037480040e-01,1.5261620678e-01,6.2898869284e-02,1.0196559465e-01,2.6653267006e+00
4.9600000000e+02,1.2492571654e-02,1.7128973876e-02,2.9804834405e-01,3.5196010288e-01,1.5155677030e-01,6.5045959881e-02,1.0376727736e-01,2.6816940019e+00
4.9650000000e+02,1.2603450493e-02,1.7087173162e-02,2.9415645921e-01,3.5297377422e-01,1.5162828797e-01,6.6396841907e-02,1.0515401304e-01,2.6979498550e+00
4.9700000000e+02,1.2617865731e-02,1.7011299020e-02,2.8762951459e-01,3.5765183742e-01,1.5176168065e-01,6.7548482943e-02,1.0577931964e-01,2.6983813134e+00
4.9750000000e+02,1.2683635797e-02,1.6952201055e-02,2.8345654362e-01,3.5885961513e-01,1.5163375396e-01,6.9637550542e-02,1.0677669990e-01,2.7031617851e+00
4.9800000000e+02,1.2699937820e-02,1.6820785097e-02,2.8082749648e-01,3.6066678934e-01,1.5197462000e-01,7.0555145817e-02,1.0645522544e-01,2.7019049502e+00
4.9850000000e+02,1.2715368450e-02,1.6739993031e-02,2.7845564731e-01,3.6142925293e-01,1.5119536486e-01,7.1989569672e-02,1.0747480375e-01,2.7090335901e+00
4.9900000000e+02,1.2764910470e-02,1.6850389121e-02,2.7497743933e-01,3.6224905064e-01,1.5005335145e-01,7.3652734559e-02,1.0945212442e-01,2.7167348505e+00
4.9950000000e+02,1.2796726857e-02,1.6663567036e-02,2.7207287340e-01,3.6344886931e-01,1.4947592866e-01,7.4818662696e-02,1.1072337204e-01,2.7276194016e+00
5.0000000000e+02,1.3015791595e-02,1.6743355995e-02,2.6984769926e-01,3.6332071242e-01,1.4878231444e-01,7.6261744218e-02,1.1202838207e-01,2.7414001427e+00
5.0050000000e+02,1.3067008708e-02,1.6697893575e-02,2.6507525178e-01,3.6499351446e-01,1.5040467641e-01,7.6612490338e-02,1.1314916473e-01,2.7492846209e+00
5.0100000000e+02,1.2982277934e-02,1.6677121778e-02,2.6101154146e-01,3.6677246120e-01,1.4951638160e-01,7.7600821215e-02,1.1543939481e-01,2.7559546761e+00
5.0150000000e+02,1.2918421322e-02,1.6743134647e-02,2.5532939072e-01,3.6879032359e-01,1.4976801699e-01,8.0477356871e-02,1.1597335585e-01,2.7643525915e+00
5.0200000000e+02,1.2921493640e-02,1.6670108946e-02,2.5303130101e-01,3.7026919821e-01,1.4926214205e-01,8.1790847199e-02,1.1605490895e-01,2.7721912827e+00
5.0250000000e+02,1.3136446028e-02,1.6560130603e-02,2.5005953356e-01,3.7102290047e-01,1.4994093760e-01,8.3329050818e-02,1.1595100091e-01,2.7835428618e+00
5.0300000000e+02,1.3202512294e-02,1.6581143715e-02,2.4598495807e-01,3.7288383506e-01,1.4850896662e-01,8.6087265414e-02,1.1675131883e-01,2.7945838068e+00
5.0350000000e+02,1.3289979654e-02,1.6508153494e-02,2.4090882000e-01,3.7580274231e-01,1.4835896351e-01,8.6802367398e-02,1.1832897363e-01,2.8014664908e+00
5.0400000000e+02,1.3402748625e-02,1.6486762571e-02,2.3672599920e-01,3.7617047000e-01,1.4930891430e-01,8.8228169583e-02,1.1967693573e-01,2.8109106897e+00
5.0450000000e+02,1.3495535422e-02,1.6289162133e-02,2.3461667788e-01,3.7602735927e-01,1.5029872738e-01,8.8927382313e-02,1.2034515560e-01,2.8195136115e+00
5.0500000000e+02,1.3609560481e-02,1.6160633166e-02,2.3046697640e-01,3.7742540968e-01,1.5012368258e-01,9.0735899279e-02,1.2147783841e-01,2.8264942666e+00
5.0550000000e+02,1.3610512343e-02,1.6089698685e-02,2.2777913343e-01,3.7702866847e-01,1.5051768134e-01,9.2482404538e-02,1.2249190118e-01,2.8333868546e+00
5.0600000000e+02,1.3542873613e-02,1.6115377325e-02,2.2493445501e-01,3.7756728340e-01,1.5214925509e-01,9.3189912434e-02,1.2250084313e-01,2.8374852856e+00
5.0650000000e+02,1.3712175134e-02,1.6026186134e-02,2.2237129399e-01,3.7735209849e-01,1.5195681880e-01,9.4730680667e-02,1.2385074678e-01,2.8404169680e+00
5.0700000000e+02,1.3741636890e-02,1.5979298123e-02,2.1825416143e-01,3.7897786326e-01,1.5181555155e-01,9.6036770320e-02,1.2519471843e-01,2.8384592358e+00
5.0750000000e+02,1.3743704477e-02,1.5766271199e-02,2.1400563443e-01,3.8034611054e-01,1.5224184558e-01,9.7139062154e-02,1.2675737162e-01,2.8425108108e+00
5.0800000000e+02,1.3943820028e-02,1.5932608307e-02,2.0874056673e-01,3.8308083982e-01,1.5335581388e-01,9.7450792163e-02,1.2749555907e-01,2.8441005820e+00
5.0850000000e+02,1.4100709206e-02,1.5874348758e-02,2.0592705045e-01,3.8380671681e-01,1.5305607662e-01,9.8871371992e-02,1.2836372617e-01,2.8482979198e+00
5.0900000000e+02,1.4213761720e-02,1.5922466213e-02,2.0332380410e-01,3.8441215567e-01,1.5235568313e-01,1.0027340630e-01,1.2949872286e-01,2.8561164829e+00
5.0950000000e+02,1.4214307906e-02,1.5853465183e-02,1.9926823725e-01,3.8617677769e-01,1.5136630355e-01,1.0234204079e-01,1.3077886763e-01,2.8645140779e+00
5.1000000000e+02,1.4214730392e-02,1.5766044826e-02,1.9652766928e-01,3.8643225938e-01,1.5080285826e-01,1.0421796652e-01,1.3203847135e-01,2.8669023651e+00
5.1050000000e+02,1.4172474739e-02,1.5652541437e-02,1.9161467150e-01,3.8794783781e-01,1.5037490809e-01,1.0562496182e-01,1.3461260460e-01,2.8649084266e+00
5.1100000000e+02,1.4198698583e-02,1.5476192721e-02,1.8954500893e-01,3.8910248943e-01,1.5017615963e-01,1.0674651440e-01,1.3475493632e-01,2.8710349514e+00
5.1150000000e+02,1.4166659230e-02,1.5363825924e-02,1.8621315328e-01,3.9172425425e-01,1.5003360276e-01,1.0771886128e-01,1.3477964328e-01,2.8655122006e+00
5.1200000000e+02,1.4081870452e-02,1.5163054365e-02,1.8259198165e-01,3.9338880477e-01,1.4916355161e-01,1.0941556678e-01,1.3619517037e-01,2.8564831746e+00
5.1250000000e+02,1.4026447260e-02,1.5048481760e-02,1.7698868158e-01,3.9613202935e-01,1.4922386047e-01,1.1058498724e-01,1.3799551234e-01,2.8549274414e+00
5.1300000000e+02,1.3949547412e-02,1.4993077987e-02,1.7345277590e-01,3.9749491744e-01,1.4935342686e-01,1.1230819533e-01,1.3844805907e-01,2.8537537443e+00
5.1350000000e+02,1.3962393619e-02,1.4783216745e-02,1.6950118695e-01,4.0044004203e-01,1.4792896192e-01,1.1415224505e-01,1.3923195368e-01,2.8490376704e+00
5.1400000000e+02,1.3920391680e-02,1.4755847148e-02,1.6714891227e-01,4.0091280082e-01,1.4735161349e-01,1.1576768936e-01,1.4014274524e-01,2.8462459349e+00
5.1450000000e+02,1.3956603664e-02,1.4542137972e-02,1.6291799725e-01,4.0204905682e-01,1.4596822649e-01,1.1869435479e-01,1.4187162301e-01,2.8486259531e+00
5.1500000000e+02,1.3888427820e-02,1.4539543745e-02,1.5854002075e-01,4.0450029590e-01,1.4497297697e-01,1.2002628466e-01,1.4353245016e-01,2.8488562044e+00
5.1550000000e+02,1.3995461827e-02,1.4571194693e-02,1.5645755363e-01,4.0326317773e-01,1.4354739192e-01,1.2351528653e-01,1.4464993367e-01,2.8503271402e+00
5.1600000000e+02,1.3940359810e-02,1.4537348303e-02,1.5214447566e-01,4.0522371700e-01,1.4320187034e-01,1.2576909028e-01,1.4518313861e-01,2.8469116304e+00
5.1650000000e+02,1.4092373190e-02,1.4482471765e-02,1.4902378530e-01,4.0351786902e-01,1.4482178229e-01,1.2673987767e-01,1.4732184076e-01,2.8564415869e+00
5.1700000000e+02,1.4023349390e-02,1.4228258568e-02,1.4608090218e-01,4.0471432427e-01,1.4471620249e-01,1.2836044238e-01,1.4787652072e-01,2.8465216935e+00
5.1750000000e+02,1.4051531112e-02,1.4194164568e-02,1.4340971024e-01,4.0478316637e-01,1.4618319038e-01,1.2818732490e-01,1.4919091243e-01,2.8393639078e+00
5.1800000000e+02,1.4030531526e-02,1.4180242298e-02,1.4030930664e-01,4.0613242132e-01,1.4648993867e-01,1.2871071325e-01,1.5014684631e-01,2.8362256626e+00
5.1850000000e+02,1.4151978491e-02,1.4006996096e-02,1.3824771423e-01,4.0531937423e-01,1.4741383026e-01,1.2978422394e-01,1.5107588276e-01,2.8389446765e+00
5.1900000000e+02,1.4216802663e-02,1.3904264355e-02,1.3418535261e-01,4.0506649952e-01,1.4928005808e-01,1.3075089742e-01,1.5259612536e-01,2.8414610723e+00
5.1950000000e+02,1.4252438901e-02,1.3789949383e-02,1.3246649984e-01,4.0327967239e-01,1.4926918182e-01,1.3266622578e-01,1.5427603188e-01,2.8431715707e+00
5.2000000000e+02,1.4154248151e-02,1.3534888559e-02,1.2909523520e-01,4.0321856697e-01,1.4988865128e-01,1.3385021047e-01,1.5625819937e-01,2.8320491941e+00
5.2050000000e+02,1.4086290175e-02,1.3329188396e-02,1.2753447381e-01,4.0208643745e-01,1.4909352093e-01,1.3552333245e-01,1.5834675679e-01,2.8271473132e+00
5.2100000000e+02,1.3987140831e-02,1.3235861141e-02,1.2468820765e-01,4.0017770204e-01,1.4924444285e-01,1.3756800288e-01,1.6109864260e-01,2.8243976683e+00
5.2150000000e+02,1.4071017326e-02,1.3110522667e-02,1.2255847470e-01,4.0003748424e-01,1.4878143551e-01,1.3990334258e-01,1.6153772298e-01,2.8246969265e+00
5.2200000000e+02,1.4314609051e-02,1.3177210144e-02,1.1944868974e-01,3.9869116964e-01,1.4921860055e-01,1.4253562539e-01,1.6261409548e-01,2.8283106900e+00
5.2250000000e+02,1.4377487918e-02,1.3045127729e-02,1.1626547132e-01,3.9932080894e-01,1.4808692890e-01,1.4407365988e-01,1.6483051532e-01,2.8208915320e+00
5.2300000000e+02,1.4342012686e-02,1.2987893227e-02,1.1378464493e-01,3.9882238136e-01,1.4852459717e-01,1.4571387821e-01,1.6582459243e-01,2.8136047649e+00
5.2350000000e+02,1.4346278853e-02,1.2826741651e-02,1.1191987928e-01,3.9681711781e-01,1.4956176296e-01,1.4650861556e-01,1.6801960389e-01,2.8081188792e+00
5.2400000000e+02,1.4259786746e-02,1.2982703432e-02,1.0912588497e-01,3.9416210896e-01,1.4990124973e-01,1.4889838148e-01,1.7066988468e-01,2.8048387081e+00
5.2450000000e+02,1.4383742844e-02,1.2978720542e-02,1.0692459897e-01,3.9248113059e-01,1.5074658624e-01,1.5038837470e-01,1.7209684611e-01,2.8000200389e+00
5.2500000000e+02,1.4478843273e-02,1.2913393835e-02,1.0417148468e-01,3.9112979687e-01,1.5209744659e-01,1.5075757536e-01,1.7445145939e-01,2.7966722144e+00
5.2550000000e+02,1.4544540793e-02,1.2853265921e-02,1.0281221235e-01,3.8893551716e-01,1.5305145684e-01,1.5295846755e-01,1.7484453940e-01,2.7856527698e+00
5.2600000000e+02,1.4550818078e-02,1.2844103756e-02,9.9928332863e-02,3.8753583769e-01,1.5474249171e-01,1.5360675194e-01,1.7679166396e-01,2.7776257998e+00
5.2650000000e+02,1.4600839940e-02,1.2742927785e-02,9.8044759731e-02,3.8594171492e-01,1.5543958551e-01,1.5421458283e-01,1.7901558929e-01,2.7674037313e+00
5.2700000000e+02,1.4579414531e-02,1.2569036832e-02,9.5248981408e-02,3.8638160101e-01,1.5513271161e-01,1.5560239528e-01,1.8048585933e-01,2.7550178144e+00
5.2750000000e+02,1.4637208737e-02,1.2568265758e-02,9.3436283992e-02,3.8564435533e-01,1.5567030128e-01,1.5631829448e-01,1.8172529044e-01,2.7475800478e+00
5.2800000000e+02,1.4735143689e-02,1.2394211150e-02,9.0850391368e-02,3.8601238141e-01,1.5552372281e-01,1.5826563836e-01,1.8221851121e-01,2.7432874925e+00
5.2850000000e+02,1.4557751808e-02,1.2333873940e-02,8.9036364721e-02,3.8598688225e-01,1.5443877159e-01,1.6073187207e-01,1.8291448362e-01,2.7289493643e+00
5.2900000000e+02,1.4533502866e-02,1.2127854951e-02,8.7369978368e-02,3.8565579328e-01,1.5475593573e-01,1.6230991665e-01,1.8324701815e-01,2.7240132629e+00
5.2950000000e+02,1.4680581151e-02,1.1887448322e-02,8.5294813371e-02,3.8492043321e-01,1.5434731743e-01,1.6454096541e-01,1.8432844110e-01,2.7180086905e+00
5.3000000000e+02,1.4850409014e-02,1.1908803722e-02,8.4391940465e-02,3.8071457074e-01,1.5630172382e-01,1.6535843994e-01,1.8647411230e-01,2.7205599850e+00
5.3050000000e+02,1.4957413234e-02,1.1860040154e-02,8.2281544035e-02,3.8025653155e-01,1.5697314907e-01,1.6618414194e-01,1.8748718001e-01,2.7107174888e+00
5.3100000000e+02,1.4885769476e-02,1.1837295419e-02,8.0593847601e-02,3.7910600762e-01,1.5722192005e-01,1.6621228814e-01,1.9014287170e-01,2.6973798738e+00
5.3150000000e+02,1.5024351009e-02,1.1682960238e-02,7.9276991473e-02,3.7975196232e-01,1.5729146572e-01,1.6750905492e-01,1.8946321431e-01,2.6870999123e+00
5.3200000000e+02,1.4862341927e-02,1.1584327043e-02,7.7333476182e-02,3.8125762880e-01,1.5708631430e-01,1.6854191003e-01,1.8933400171e-01,2.6635914329e+00
5.3250000000e+02,1.4930049520e-02,1.1405224934e-02,7.5763436261e-02,3.8061831901e-01,1.5768832818e-01,1.6884495608e-01,1.9074968602e-01,2.6471994870e+00
5.3300000000e+02,1.5033664990e-02,1.1360496028e-02,7.4318147613e-02,3.7938546796e-01,1.5802482883e-01,1.6988241159e-01,1.9199498299e-01,2.6360954926e+00
5.3350000000e+02,1.5056429019e-02,1.1356873784e-02,7.1754450745e-02,3.7871174100e-01,1.5984335076e-01,1.7055812246e-01,1.9271903223e-01,2.6258653955e+00
5.3400000000e+02,1.5204553242e-02,1.1307517056e-02,7.0969969326e-02,3.7687707960e-01,1.6135878202e-01,1.7173551867e-01,1.9254658009e-01,2.6215399890e+00
5.3450000000e+02,1.5419436637e-02,1.1399760408e-02,6.9039600811e-02,3.7764429488e-01,1.6272489843e-01,1.7192177501e-01,1.9185023382e-01,2.6146227718e+00
5.3500000000e+02,1.5398017547e-02,1.1292947309e-02,6.7401562076e-02,3.7802896218e-01,1.6285277940e-01,1.7338642288e-01,1.9163930861e-01,2.6021795140e+00
5.3550000000e+02,1.5269925955e-02,1.1255823094e-02,6.5509114137e-02,3.7951160837e-01,1.6221749825e-01,1.7564297684e-01,1.9059305336e-01,2.5868218872e+00
5.3600000000e+02,1.5104366957e-02,1.1094790538e-02,6.4182709835e-02,3.7839714367e-01,1.6222184058e-01,1.7724403532e-01,1.9175511310e-01,2.5753093487e+00
5.3650000000e+02,1.5116695857e-02,1.1045524935e-02,6.3018809714e-02,3.7837726259e-01,1.6125452576e-01,1.7891671575e-01,1.9227046539e-01,2.5605375919e+00
5.3700000000e+02,1.5236198060e-02,1.1033554361e-02,6.1736890403e-02,3.7830143010e-01,1.6032983282e-01,1.8025249601e-01,1.9310959825e-01,2.5489122849e+00
5.3750000000e+02,1.5357283422e-02,1.0957131370e-02,6.0917522352e-02,3.7635298273e-01,1.6003699935e-01,1.8213110384e-01,1.9424697693e-01,2.5413171218e+00
5.3800000000e+02,1.5383662297e-02,1.0891566696e-02,6.0434199711e-02,3.7506756339e-01,1.5951983966e-01,1.8391990067e-01,1.9478326758e-01,2.5313225383e+00
5.3850000000e+02,1.5484997351e-02,1.0984725884e-02,6.0352497273e-02,3.7373844301e-01,1.5977003985e-01,1.8448118870e-01,1.9518810793e-01,2.5296772900e+00
5.3900000000e+02,1.5213075479e-02,1.0841812295e-02,6.0334926288e-02,3.7387899289e-01,1.5985255223e-01,1.8605268568e-01,1.9382595515e-01,2.5132284706e+00
5.3950000000e+02,1.5165161198e-02,1.0707213247e-02,5.8563918572e-02,3.7589029360e-01,1.6026790357e-01,1.8594175115e-01,1.9346375867e-01,2.4992821024e+00
5.4000000000e+02,1.5234194979e-02,1.0617431083e-02,5.7509384876e-02,3.7602584592e-01,1.6091489236e-01,1.8668988449e-01,1.9300836629e-01,2.4885800955e+00
5.4050000000e+02,1.5344641708e-02,1.0610207275e-02,5.7175083173e-02,3.7519395767e-01,1.6061452481e-01,1.8602844922e-01,1.9503313615e-01,2.4753822584e+00
5.4100000000e+02,1.5424036018e-02,1.0513852933e-02,5.6952962370e-02,3.7639489080e-01,1.6059028148e-01,1.8548591608e-01,1.9463806031e-01,2.4598636207e+00
5.4150000000e+02,1.5372907111e-02,1.0426743935e-02,5.6022464715e-02,3.7528602089e-01,1.6031932918e-01,1.8624249910e-01,1.9633003507e-01,2.4463486001e+00
5.4200000000e+02,1.5310195524e-02,1.0336874942e-02,5.5422789643e-02,3.7336585963e-01,1.6180472399e-01,1.8608297657e-01,1.9767657970e-01,2.4412162105e+00
5.4250000000e+02,1.5030393313e-02,1.0147342134e-02,5.4891904749e-02,3.6981883289e-01,1.6207210076e-01,1.8659621150e-01,2.0144321465e-01,2.4437492820e+00
5.4300000000e+02,1.4781485172e-02,9.9229021970e-03,5.4800304133e-02,3.6943235834e-01,1.6305761850e-01,1.8621578047e-01,2.0178955120e-01,2.4415379197e+00
5.4350000000e+02,1.4574442961e-02,9.8635647313e-03,5.4816814448e-02,3.6724205960e-01,1.6276003358e-01,1.8698363434e-01,2.0375945035e-01,2.4424565037e+00
5.4400000000e+02,1.4527375673e-02,9.7792602334e-03,5.4681752797e-02,3.6836079282e-01,1.6215734829e-01,1.8731565644e-01,2.0317781374e-01,2.4463499748e+00
5.4450000000e+02,1.4486671721e-02,9.7242130484e-03,5.4085217143e-02,3.6965365179e-01,1.6223253726e-01,1.8787198619e-01,2.0194572285e-01,2.4518169665e+00
5.4500000000e+02,1.4535184093e-02,9.7808584652e-03,5.3747972143e-02,3.6898189884e-01,1.6218694953e-01,1.8766380955e-01,2.0310332738e-01,2.4597341101e+00
5.4550000000e+02,1.4403083565e-02,9.6604958076e-03,5.3564439256e-02,3.7137828465e-01,1.6101816325e-01,1.8770644907e-01,2.0226908440e-01,2.4582686158e+00
5.4600000000e+02,1.4391879636e-02,9.5075749526e-03,5.3141487511e-02,3.7295302573e-01,1.6149812268e-01,1.8736681015e-01,2.0114109934e-01,2.4607580025e+00
5.4650000000e+02,1.4287301037e-02,9.4172531685e-03,5.3130272763e-02,3.7343161012e-01,1.6182553626e-01,1.8737566351e-01,2.0053236314e-01,2.4653029745e+00
5.4700000000e+02,1.4121775189e-02,9.4563154373e-03,5.3321428239e-02,3.7493692033e-01,1.6223225149e-01,1.8712406940e-01,1.9880723992e-01,2.4666351699e+00
5.4750000000e+02,1.4018268664e-02,9.4700081815e-03,5.3787698459e-02,3.7553944374e-01,1.6311737601e-01,1.8718247283e-01,1.9688473212e-01,2.4732097225e+00
5.4800000000e+02,1.3762998514e-02,9.3557878384e-03,5.3810075080e-02,3.7448835872e-01,1.6240091927e-01,1.8768495653e-01,1.9849690405e-01,2.4793761291e+00
5.4850000000e+02,1.3675515515e-02,9.3259904443e-03,5.3380341901e-02,3.7402801215e-01,1.6195083395e-01,1.8734850920e-01,2.0029079684e-01,2.4854101553e+00
5.4900000000e+02,1.3716610860e-02,9.2904993887e-03,5.3922245957e-02,3.7357507038e-01,1.6314442019e-01,1.8727070556e-01,1.9908044767e-01,2.4939407457e+00
5.4950000000e+02,1.3742827387e-02,9.3440538214e-03,5.4494222839e-02,3.7279849463e-01,1.6357693923e-01,1.8600663583e-01,2.0003682626e-01,2.5040861168e+00
5.5000000000e+02,1.3775672795e-02,9.4117790374e-03,5.4720587269e-02,3.7340016410e-01,1.6393355256e-01,1.8537287098e-01,1.9938537325e-01,2.5132518827e+00
5.5050000000e+02,1.3718213499e-02,9.4229422443e-03,5.5480972897e-02,3.7562796009e-01,1.6501895145e-01,1.8407522746e-01,1.9665573236e-01,2.5192293366e+00
5.5100000000e+02,1.3697611990e-02,9.4733643442e-03,5.5813566346e-02,3.7730105769e-01,1.6482240904e-01,1.8298130667e-01,1.9591068392e-01,2.5245148089e+00
5.5150000000e+02,1.3575646352e-02,9.4081854822e-03,5.6179336519e-02,3.7892549984e-01,1.6414613826e-01,1.8262618986e-01,1.9513900368e-01,2.5327261190e+00
5.5200000000e+02,1.3607135335e-02,9.4779270083e-03,5.7250828545e-02,3.7932765282e-01,1.6533662173e-01,1.8033244968e-01,1.9466738488e-01,2.5368204657e+00
5.5250000000e+02,1.3548421565e-02,9.3792254362e-03,5.7840852718e-02,3.8047785765e-01,1.6511822135e-01,1.8027061425e-01,1.9336480703e-01,2.5452709524e+00
5.5300000000e+02,1.3273274997e-02,9.2327860279e-03,5.8801586891e-02,3.8050390510e-01,1.6470504586e-01,1.8000945364e-01,1.9347394748e-01,2.5541997010e+00
5.5350000000e+02,1.3215885681e-02,9.1125161707e-03,5.9315716592e-02,3.8116283258e-01,1.6516029180e-01,1.7999759904e-01,1.9203515813e-01,2.5611384979e+00
5.5400000000e+02,1.3120712434e-02,8.9868121776e-03,5.9551071455e-02,3.8318472411e-01,1.6509323555e-01,1.8108783299e-01,1.8897561128e-01,2.5691982361e+00
5.5450000000e+02,1.3102636782e-02,8.9772143398e-03,6.0426521145e-02,3.8590806427e-01,1.6500139587e-01,1.7966627041e-01,1.8691789718e-01,2.5731446180e+00
5.5500000000e+02,1.2795644592e-02,9.0197896297e-03,6.1534725231e-02,3.8625625094e-01,1.6349715605e-01,1.7918716146e-01,1.8770927210e-01,2.5785337466e+00
5.5550000000e+02,1.2609344253e-02,8.9097264076e-03,6.1755033744e-02,3.8653387338e-01,1.6398586803e-01,1.7899298024e-01,1.8721317394e-01,2.5812922828e+00
5.5600000000e+02,1.2466736387e-02,8.9495040516e-03,6.2603857601e-02,3.8602314987e-01,1.6328376108e-01,1.7705381454e-01,1.8961917647e-01,2.5857280060e+00
5.5650000000e+02,1.2395185416e-02,9.0083830399e-03,6.3564932533e-02,3.8397744250e-01,1.6382146494e-01,1.7697887566e-01,1.9025371591e-01,2.5966621037e+00
5.5700000000e+02,1.2216860179e-02,8.8795559636e-03,6.4737682780e-02,3.8426880641e-01,1.6441255999e-01,1.7509930627e-01,1.9038522840e-01,2.6012192343e+00
5.5750000000e+02,1.2183319708e-02,8.7927260056e-03,6.6190194142e-02,3.8437387284e-01,1.6473687545e-01,1.7375707085e-01,1.8996594101e-01,2.6044453396e+00
5.5800000000e+02,1.2229069566e-02,8.7921337557e-03,6.6533183786e-02,3.8410332544e-01,1.6518772555e-01,1.7349717354e-01,1.8965738837e-01,2.6189039375e+00
5.5850000000e+02,1.2249014843e-02,8.9654567708e-03,6.7511540153e-02,3.8439675740e-01,1.6725514598e-01,1.7162811846e-01,1.8799396639e-01,2.6284517680e+00
5.5900000000e+02,1.2093437411e-02,8.9276003599e-03,6.8721602858e-02,3.8442664756e-01,1.6763521539e-01,1.7052444468e-01,1.8767105175e-01,2.6377752499e+00
5.5950000000e+02,1.2002815313e-02,8.8984504071e-03,7.0242013104e-02,3.8417816860e-01,1.6736573507e-01,1.7001217267e-01,1.8730064483e-01,2.6423139807e+00
5.6000000000e+02,1.1885806668e-02,8.8111351424e-03,7.1003212467e-02,3.8434690833e-01,1.6771618873e-01,1.6962142572e-01,1.8661532294e-01,2.6424023029e+00
5.6050000000e+02,1.1802436020e-02,8.7871297625e-03,7.1912231273e-02,3.8333568291e-01,1.7040891215e-01,1.6708867694e-01,1.8666493095e-01,2.6522391871e+00
5.6100000000e+02,1.1666728113e-02,8.7085362800e-03,7.3634361336e-02,3.8310881694e-01,1.7057240418e-01,1.6633752449e-01,1.8597162867e-01,2.6563385603e+00
5.6150000000e+02,1.1642469676e-02,8.5211104972e-03,7.4374472685e-02,3.8374573490e-01,1.7322977472e-01,1.6419972675e-01,1.8428671077e-01,2.6618872896e+00
5.6200000000e+02,1.1512961053e-02,8.4538366815e-03,7.5003114131e-02,3.8581341948e-01,1.7381065306e-01,1.6198093839e-01,1.8342507721e-01,2.6594529296e+00
5.6250000000e+02,1.1422331902e-02,8.4473783113e-03,7.7278853353e-02,3.8480155921e-01,1.7566094802e-01,1.5859612382e-01,1.8379280539e-01,2.6617778913e+00
5.6300000000e+02,1.1282869078e-02,8.5006444770e-03,7.8471681232e-02,3.8515237025e-01,1.7709812137e-01,1.5592349392e-01,1.8357081967e-01,2.6663847388e+00
5.6350000000e+02,1.1268405481e-02,8.4760952421e-03,7.9657586534e-02,3.8297838225e-01,1.7908085177e-01,1.5444323145e-01,1.8409544727e-01,2.6738572941e+00
5.6400000000e+02,1.1270342465e-02,8.4781027061e-03,8.0688158667e-02,3.8337234126e-01,1.7999953132e-01,1.5284030640e-01,1.8335121718e-01,2.6734258783e+00
5.6450000000e+02,1.1154446172e-02,8.5552517960e-03,8.2005787805e-02,3.8381970648e-01,1.8145737007e-01,1.5094006890e-01,1.8206736878e-01,2.6736940424e+00
5.6500000000e+02,1.1108483586e-02,8.4926271531e-03,8.2981748356e-02,3.8472502808e-01,1.8339000654e-01,1.4861453395e-01,1.8068757233e-01,2.6765380395e+00
5.6550000000e+02,1.1179687191e-02,8.5275354008e-03,8.3513333929e-02,3.8560031470e-01,1.8447619195e-01,1.4560303904e-01,1.8109989779e-01,2.6774180174e+00
5.6600000000e+02,1.1081568444e-02,8.6244083600e-03,8.4797004755e-02,3.8750156605e-01,1.8331767868e-01,1.4565767389e-01,1.7902009982e-01,2.6841876760e+00
5.6650000000e+02,1.1053344988e-02,8.5669985920e-03,8.6446402168e-02,3.8579154098e-01,1.8571191603e-01,1.4379645027e-01,1.7863334697e-01,2.6918350270e+00
5.6700000000e+02,1.1065624983e-02,8.6299092364e-03,8.7199217343e-02,3.8609962790e-01,1.8808386549e-01,1.4231215945e-01,1.7660959560e-01,2.6989150860e+00
5.6750000000e+02,1.0975744589e-02,8.6608409788e-03,8.8808217407e-02,3.8646367479e-01,1.8829783699e-01,1.4056826748e-01,1.7622541776e-01,2.7005459203e+00
5.6800000000e+02,1.0949927225e-02,8.6736575845e-03,9.0840393970e-02,3.8581602293e-01,1.9105358705e-01,1.3766102826e-01,1.7500538298e-01,2.7057590239e+00
5.6850000000e+02,1.0842561405e-02,8.7901872293e-03,9.2519876232e-02,3.8497935105e-01,1.9251057051e-01,1.3563370487e-01,1.7472374869e-01,2.7116845376e+00
5.6900000000e+02,1.0842460009e-02,8.9687479475e-03,9.4543416476e-02,3.8574055073e-01,1.9354928578e-01,1.3401802902e-01,1.7233751004e-01,2.7167186483e+00
5.6950000000e+02,1.0823204800e-02,9.0614943108e-03,9.5418195920e-02,3.8666683485e-01,1.9537713353e-01,1.3291607889e-01,1.6973705770e-01,2.7201412980e+00
5.7000000000e+02,1.0768496899e-02,9.0581808316e-03,9.6981420763e-02,3.8690384110e-01,1.9728871503e-01,1.3125083666e-01,1.6774850872e-01,2.7180332182e+00
5.7050000000e+02,1.0692772424e-02,9.1720867120e-03,9.7545851141e-02,3.8862377268e-01,1.9939494691e-01,1.2788117028e-01,1.6668939985e-01,2.7168041304e+00
5.7100000000e+02,1.0609070294e-02,9.0888500672e-03,9.8814488289e-02,3.8886199524e-01,1.9983978821e-01,1.2669858517e-01,1.6608722272e-01,2.7185499106e+00
5.7150000000e+02,1.0477147043e-02,9.2395730544e-03,9.9622110084e-02,3.8952476364e-01,1.9969626961e-01,1.2616791774e-01,1.6527221882e-01,2.7219913990e+00
5.7200000000e+02,1.0457176038e-02,9.1945184448e-03,1.0110188777e-01,3.8985076261e-01,1.9985781151e-01,1.2565702685e-01,1.6388081678e-01,2.7240177907e+00
5.7250000000e+02,1.0394225163e-02,9.1982639538e-03,1.0319654285e-01,3.8753258863e-01,2.0114715483e-01,1.2426310503e-01,1.6426811955e-01,2.7317078823e+00
5.7300000000e+02,1.0313661420e-02,9.0570998307e-03,1.0335928206e-01,3.8963972179e-01,2.0207897550e-01,1.2345153572e-01,1.6209972367e-01,2.7338282369e+00
5.7350000000e+02,1.0261860196e-02,9.1262463797e-03,1.0405142701e-01,3.9113368795e-01,2.0321971986e-01,1.2155829374e-01,1.6064876485e-01,2.7332859538e+00
5.7400000000e+02,1.0137022019e-02,8.9313624285e-03,1.0523844796e-01,3.9080446692e-01,2.0287400852e-01,1.2108488216e-01,1.6092980999e-01,2.7345552755e+00
5.7450000000e+02,1.0057607547e-02,8.9444355151e-03,1.0671138529e-01,3.9004875522e-01,2.0364131167e-01,1.1832312514e-01,1.6227337962e-01,2.7345407500e+00
5.7500000000e+02,9.9610465941e-03,8.8127764849e-03,1.0904447062e-01,3.8985513121e-01,2.0466540079e-01,1.1618916175e-01,1.6147201255e-01,2.7410269085e+00
5.7550000000e+02,9.9057435395e-03,8.8462695610e-03,1.1012840284e-01,3.9037727428e-01,2.0560870990e-01,1.1458426394e-01,1.6054933594e-01,2.7487755441e+00
5.7600000000e+02,9.8143485814e-03,8.6778204364e-03,1.1149630088e-01,3.8889441727e-01,2.0841195373e-01,1.1240923091e-01,1.6029592820e-01,2.7533125561e+00
5.7650000000e+02,9.6315524093e-03,8.4465234964e-03,1.1266290313e-01,3.8990894749e-01,2.1073442723e-01,1.0971203768e-01,1.5890360857e-01,2.7441211909e+00
5.7700000000e+02,9.5212073567e-03,8.4326292009e-03,1.1335049853e-01,3.8972739360e-01,2.1187564664e-01,1.0756034494e-01,1.5953227974e-01,2.7459700097e+00
5.7750000000e+02,9.4826033381e-03,8.4340290358e-03,1.1436236590e-01,3.9145621364e-01,2.1157792072e-01,1.0492117681e-01,1.5976569056e-01,2.7407642772e+00
5.7800000000e+02,9.5303903482e-03,8.3023917987e-03,1.1558227714e-01,3.9351445434e-01,2.1199234260e-01,1.0303583477e-01,1.5804230899e-01,2.7373579795e+00
5.7850000000e+02,9.4287429744e-03,8.4528407476e-03,1.1678790690e-01,3.9567965725e-01,2.1225198088e-01,1.0153482038e-01,1.5586405087e-01,2.7402645163e+00
5.7900000000e+02,9.3706893086e-03,8.4490896513e-03,1.1891731634e-01,3.9671576824e-01,2.1317355035e-01,9.8504691139e-02,1.5486889497e-01,2.7367602417e+00
5.7950000000e+02,9.2682851853e-03,8.5306410932e-03,1.1908327276e-01,3.9609354097e-01,2.1484349771e-01,9.6940429227e-02,1.5524033306e-01,2.7381929824e+00
5.8000000000e+02,9.2210171163e-03,8.4097554177e-03,1.2057764951e-01,3.9712588551e-01,2.1580810502e-01,9.5126866638e-02,1.5373072079e-01,2.7377124469e+00
5.8050000000e+02,9.1606356306e-03,8.4620361521e-03,1.2196812330e-01,3.9686806974e-01,2.1781872316e-01,9.2932722247e-02,1.5278968978e-01,2.7409178134e+00
5.8100000000e+02,9.0620595651e-03,8.5061983553e-03,1.2351571313e-01,3.9617936866e-01,2.1989560173e-01,9.0435779861e-02,1.5240527869e-01,2.7444050551e+00
5.8150000000e+02,9.0417028471e-03,8.6048180140e-03,1.2495710564e-01,3.9500314784e-01,2.2190109796e-01,8.8943428866e-02,1.5154869884e-01,2.7492070132e+00
5.8200000000e+02,8.9718769700e-03,8.8402559408e-03,1.2617155626e-01,3.9688304706e-01,2.2221402591e-01,8.7305769985e-02,1.4961346787e-01,2.7469156966e+00
5.8250000000e+02,8.8687274630e-03,8.8773187960e-03,1.2939352285e-01,3.9645299917e-01,2.2354655500e-01,8.5284604918e-02,1.4757627180e-01,2.7491867060e+00
5.8300000000e+02,8.7827940257e-03,8.9597056091e-03,1.3134798408e-01,3.9660103254e-01,2.2462794462e-01,8.3735144075e-02,1.4594539504e-01,2.7474962298e+00
5.8350000000e+02,8.6623959022e-03,8.9551738716e-03,1.3264115302e-01,3.9800789143e-01,2.2516533828e-01,8.1919086448e-02,1.4464896105e-01,2.7466218035e+00
5.8400000000e+02,8.6263779450e-03,9.0207961279e-03,1.3301479041e-01,3.9920981471e-01,2.2622594664e-01,7.9204638362e-02,1.4469763580e-01,2.7460768654e+00
5.8450000000e+02,8.5065651010e-03,9.1621743716e-03,1.3329520708e-01,4.0036341920e-01,2.2592547387e-01,7.7618400322e-02,1.4512876006e-01,2.7449989065e+00
5.8500000000e+02,8.4235245941e-03,9.0415440917e-03,1.3524339278e-01,3.9983997477e-01,2.2620883345e-01,7.6972385528e-02,1.4427034479e-01,2.7443555576e+00
5.8550000000e+02,8.2684179027e-03,8.8143709435e-03,1.3753875764e-01,4.0005692181e-01,2.2644465658e-01,7.4269621537e-02,1.4460725359e-01,2.7393657135e+00
5.8600000000e+02,8.3322144158e-03,8.9136037374e-03,1.3953261337e-01,3.9958741671e-01,2.2591275674e-01,7.2879776233e-02,1.4484161879e-01,2.7437950735e+00
5.8650000000e+02,8.2466236253e-03,8.8817279947e-03,1.4135861267e-01,4.0035344794e-01,2.2490117839e-01,7.1460130958e-02,1.4479827842e-01,2.7389206927e+00
5.8700000000e+02,8.2498013798e-03,8.9245896262e-03,1.4283174140e-01,4.0091964007e-01,2.2364307734e-01,7.0341790424e-02,1.4508935976e-01,2.7404327947e+00
5.8750000000e+02,8.2427541813e-03,8.8468902794e-03,1.4448294925e-01,4.0163299429e-01,2.2442308628e-01,6.8091332780e-02,1.4427999295e-01,2.7370309551e+00
5.8800000000e+02,8.3028419020e-03,8.8275389621e-03,1.4554874431e-01,4.0022956663e-01,2.2738536098e-01,6.5319478079e-02,1.4438646914e-01,2.7434439189e+00
5.8850000000e+02,8.2960658648e-03,8.9261952305e-03,1.4731200929e-01,4.0097415132e-01,2.2756208174e-01,6.3591292852e-02,1.4333820371e-01,2.7429006823e+00
5.8900000000e+02,8.2646327372e-03,9.0595529404e-03,1.4818538735e-01,4.0265945938e-01,2.2725549023e-01,6.1962918105e-02,1.4261255926e-01,2.7442498450e+00
5.8950000000e+02,8.2516466665e-03,9.1675537220e-03,1.4901652097e-01,4.0379811866e-01,2.2771846226e-01,5.9655641669e-02,1.4239205605e-01,2.7382789797e+00
5.9000000000e+02,8.2432867733e-03,9.1104500890e-03,1.5141320193e-01,4.0317547226e-01,2.2845353293e-01,5.7777230455e-02,1.4182682556e-01,2.7379755109e+00
5.9050000000e+02,8.1853978608e-03,8.9792318813e-03,1.5239670593e-01,4.0414130937e-01,2.2837344108e-01,5.6883242295e-02,1.4104067159e-01,2.7364950184e+00
5.9100000000e+02,8.1039827283e-03,8.8567542555e-03,1.5291195567e-01,4.0523757121e-01,2.2938491155e-01,5.4948823128e-02,1.4055600146e-01,2.7311649365e+00
5.9150000000e+02,8.1576673794e-03,9.0343237120e-03,1.5386571801e-01,4.0614174272e-01,2.2918278763e-01,5.3074105041e-02,1.4054365551e-01,2.7267638110e+00
5.9200000000e+02,8.0424568749e-03,8.8881216009e-03,1.5317753927e-01,4.0882858085e-01,2.3152907937e-01,5.0601253042e-02,1.3893296899e-01,2.7157326098e+00
5.9250000000e+02,8.0155433298e-03,9.0499606072e-03,1.5466367561e-01,4.0849596008e-01,2.3255115949e-01,4.9379760999e-02,1.3784393989e-01,2.7185796764e+00
5.9300000000e+02,7.9850201032e-03,9.0831609065e-03,1.5635592666e-01,4.0924631083e-01,2.3204268548e-01,4.8080216287e-02,1.3720667973e-01,2.7166532831e+00
5.9350000000e+02,7.9824357227e-03,9.1299793220e-03,1.5846583368e-01,4.0745597985e-01,2.3379103479e-01,4.6158966524e-02,1.3701577011e-01,2.7208207571e+00
5.9400000000e+02,7.8123189523e-03,9.0119592768e-03,1.5917533120e-01,4.0986517498e-01,2.3507466296e-01,4.3444814153e-02,1.3561573848e-01,2.7110394882e+00
5.9450000000e+02,7.7773359558e-03,8.9176653113e-03,1.5929929399e-01,4.1274880538e-01,2.3606228244e-01,4.1503067850e-02,1.3369154907e-01,2.7061121131e+00
5.9500000000e+02,7.6998398140e-03,8.8162913013e-03,1.6078390824e-01,4.1331091476e-01,2.3665932354e-01,4.0226603389e-02,1.3250311896e-01,2.7065592808e+00
5.9550000000e+02,7.7036921560e-03,8.8563582013e-03,1.6280861733e-01,4.1409158198e-01,2.3802172732e-01,3.8504043346e-02,1.3001397966e-01,2.7059996382e+00
5.9600000000e+02,7.7331322469e-03,8.8832368917e-03,1.6484758943e-01,4.1442530288e-01,2.3687054451e-01,3.7308622275e-02,1.2993157176e-01,2.7018818290e+00
5.9650000000e+02,7.6661301279e-03,8.9769532374e-03,1.6560547025e-01,4.1500060203e-01,2.3762066318e-01,3.5940253219e-02,1.2918992796e-01,2.7046740989e+00
5.9700000000e+02,7.5779774162e-03,9.0185908102e-03,1.6707178739e-01,4.1672872282e-01,2.3721788246e-01,3.4555904645e-02,1.2782913446e-01,2.7005060781e+00
5.9750000000e+02,7.5388583219e-03,8.8519085355e-03,1.6915431012e-01,4.1621771775e-01,2.3852753397e-01,3.2303539832e-02,1.2740613147e-01,2.6959414070e+00
5.9800000000e+02,7.4606338604e-03,8.7665693830e-03,1.7152552480e-01,4.1604044352e-01,2.3880133358e-01,3.0269535032e-02,1.2713595983e-01,2.6929551668e+00
5.9850000000e+02,7.4899074550e-03,8.6865927487e-03,1.7360443917e-01,4.1585475685e-01,2.3870216934e-01,2.9014956288e-02,1.2664717815e-01,2.6900752870e+00
5.9900000000e+02,7.3752798530e-03,8.6757462026e-03,1.7589237887e-01,4.1682750396e-01,2.3826081600e-01,2.7562058845e-02,1.2540621626e-01,2.6805270349e+00
5.9950000000e+02,7.2657298904e-03,8.7034928244e-03,1.7776873242e-01,4.1758992737e-01,2.3879796412e-01,2.6329324289e-02,1.2354482908e-01,2.6723029946e+00
6.0000000000e+02,7.2329676531e-03,8.6979289488e-03,1.8131846795e-01,4.1546304640e-01,2.3953869556e-01,2.5078358972e-02,1.2267053452e-01,2.6711458966e+00
6.0050000000e+02,7.1472848052e-03,8.7503839386e-03,1.8323201656e-01,4.1611062916e-01,2.3927611952e-01,2.3910600553e-02,1.2157296546e-01,2.6611540483e+00
6.0100000000e+02,7.2043462674e-03,8.7757252699e-03,1.8633504320e-01,4.1409219847e-01,2.4024706230e-01,2.3100730149e-02,1.2024489435e-01,2.6664100226e+00
6.0150000000e+02,7.2373152050e-03,8.6668380844e-03,1.8813846480e-01,4.1536342922e-01,2.4044765470e-01,2.1923275052e-02,1.1822302294e-01,2.6569343889e+00
6.0200000000e+02,7.1671426007e-03,8.5698232337e-03,1.8986316804e-01,4.1619661625e-01,2.4102463619e-01,2.0788989627e-02,1.1638962406e-01,2.6542213533e+00
6.0250000000e+02,7.1446913828e-03,8.5246606838e-03,1.9132122417e-01,4.1778987688e-01,2.4083951231e-01,1.9667414686e-02,1.1471261989e-01,2.6449531289e+00
6.0300000000e+02,7.1467905617e-03,8.5633222152e-03,1.9344774861e-01,4.1727089257e-01,2.4142423344e-01,1.8775415817e-02,1.1337159679e-01,2.6465731121e+00
6.0350000000e+02,7.1658342425e-03,8.3945821408e-03,1.9512965356e-01,4.1472446053e-01,2.4203984249e-01,1.7947513721e-02,1.1459811332e-01,2.6512279330e+00
6.0400000000e+02,7.2161092144e-03,8.3832972765e-03,1.9730205208e-01,4.1438721193e-01,2.4240238631e-01,1.6871045168e-02,1.1343789802e-01,2.6455508735e+00
6.0450000000e+02,7.2236908779e-03,8.3413297527e-03,1.9996271267e-01,4.1158549128e-01,2.4296599470e-01,1.6173788105e-02,1.1374699262e-01,2.6515171937e+00
6.0500000000e+02,7.1796033637e-03,8.3781796428e-03,2.0094472070e-01,4.1330584840e-01,2.4203576978e-01,1.5401006111e-02,1.1275487199e-01,2.6489239094e+00
6.0550000000e+02,7.0562076035e-03,8.2375096545e-03,2.0228126593e-01,4.1350111958e-01,2.4180869767e-01,1.4603748688e-02,1.1251145087e-01,2.6381778946e+00
6.0600000000e+02,6.9994247132e-03,8.2537941267e-03,2.0320538408e-01,4.1337524372e-01,2.4218957780e-01,1.3863325307e-02,1.1211325025e-01,2.6353495172e+00
6.0650000000e+02,6.9526435091e-03,8.0363222775e-03,2.0651260569e-01,4.1097932610e-01,2.4321766192e-01,1.3081880289e-02,1.1121956021e-01,2.6298058211e+00
6.0700000000e+02,7.0115537045e-03,8.1008549256e-03,2.0865253176e-01,4.1028112193e-01,2.4226173236e-01,1.2466449541e-02,1.1122575578e-01,2.6306109925e+00
6.0750000000e+02,7.0281520261e-03,8.0683410623e-03,2.1060054344e-01,4.0888908032e-01,2.4251508410e-01,1.2016970287e-02,1.1088182876e-01,2.6324568471e+00
6.0800000000e+02,7.0267586375e-03,7.9198646407e-03,2.1143659978e-01,4.0834455476e-01,2.4318831513e-01,1.1672975269e-02,1.1041093177e-01,2.6328129392e+00
6.0850000000e+02,7.0737306207e-03,7.7514958413e-03,2.1259374452e-01,4.0770318474e-01,2.4394295888e-01,1.1135056093e-02,1.0979982931e-01,2.6329186610e+00
6.0900000000e+02,7.0392380274e-03,7.5262687210e-03,2.1458811337e-01,4.0751095976e-01,2.4486825370e-01,1.0699729437e-02,1.0776743698e-01,2.6284464723e+00
6.0950000000e+02,7.0464091176e-03,7.5856862958e-03,2.1660920729e-01,4.0739894888e-01,2.4418541086e-01,1.0370859445e-02,1.0680347811e-01,2.6252177773e+00
6.1000000000e+02,7.0527513078e-03,7.7973136092e-03,2.1805113394e-01,4.0856297435e-01,2.4169574196e-01,1.0206606270e-02,1.0663347856e-01,2.6206644018e+00
6.1050000000e+02,7.1029393864e-03,7.8443324891e-03,2.1985133285e-01,4.0903828804e-01,2.4013164167e-01,9.9459198054e-03,1.0608554576e-01,2.6186813907e+00
6.1100000000e+02,7.0163813897e-03,7.7012703160e-03,2.2130361075e-01,4.0904650309e-01,2.4057438698e-01,9.6614238864e-03,1.0469642359e-01,2.6088522275e+00
6.1150000000e+02,7.0060274415e-03,7.5818096983e-03,2.2427580813e-01,4.0665424973e-01,2.4066359423e-01,9.5262536291e-03,1.0429225714e-01,2.6091947666e+00
6.1200000000e+02,6.9866169433e-03,7.5726542405e-03,2.2685398260e-01,4.0435256807e-01,2.4053004257e-01,9.4837320558e-03,1.0422040352e-01,2.6126995268e+00
6.1250000000e+02,6.9624398736e-03,7.5467830966e-03,2.2882835975e-01,4.0431078091e-01,2.3917855692e-01,9.4773919115e-03,1.0369568753e-01,2.6087116917e+00
6.1300000000e+02,6.8915720165e-03,7.4456975698e-03,2.2950485462e-01,4.0733197790e-01,2.3690490779e-01,9.3353016246e-03,1.0258568848e-01,2.5931678609e+00
6.1350000000e+02,6.8001840931e-03,7.3309482348e-03,2.2954355030e-01,4.1010013948e-01,2.3559704269e-01,9.4337817119e-03,1.0119435349e-01,2.5890108509e+00
6.1400000000e+02,6.8255042243e-03,7.2793839044e-03,2.3120717592e-01,4.1084466630e-01,2.3456397169e-01,9.4722241405e-03,9.9807073817e-02,2.5860782407e+00
6.1450000000e+02,6.8744737677e-03,7.1550012362e-03,2.3371779371e-01,4.0937885909e-01,2.3407851659e-01,9.6657340268e-03,9.9129621582e-02,2.5915790568e+00
6.1500000000e+02,6.9096535641e-03,7.0970573158e-03,2.3662018263e-01,4.0530596358e-01,2.3530421784e-01,9.7910286762e-03,9.8971896390e-02,2.6001045034e+00
6.1550000000e+02,6.8582613517e-03,7.0590777889e-03,2.4067361107e-01,4.0260831425e-01,2.3390041730e-01,1.0071295188e-02,9.8829023047e-02,2.6024822474e+00
6.1600000000e+02,6.9085864808e-03,7.0858962897e-03,2.4245648216e-01,4.0271571944e-01,2.3210145227e-01,1.0293170080e-02,9.8438693276e-02,2.6060773320e+00
6.1650000000e+02,6.8662263910e-03,6.9908221756e-03,2.4355951846e-01,4.0347421166e-01,2.3133736261e-01,1.0579800426e-02,9.7192058272e-02,2.6030928250e+00
6.1700000000e+02,6.8151213358e-03,6.8361973704e-03,2.4470314366e-01,4.0357848924e-01,2.3105652087e-01,1.0822373695e-02,9.6188153824e-02,2.6021622263e+00
6.1750000000e+02,6.7601664721e-03,6.8251879604e-03,2.4699194533e-01,4.0306236065e-01,2.2919852553e-01,1.1166562137e-02,9.5995251919e-02,2.6043377731e+00
6.1800000000e+02,6.7430122191e-03,6.7407053983e-03,2.4823885546e-01,4.0349234975e-01,2.2848761716e-01,1.1506460849e-02,9.4790999157e-02,2.6038178552e+00
6.1850000000e+02,6.7603882598e-03,6.7383269854e-03,2.4970044411e-01,4.0289857257e-01,2.2789810832e-01,1.1935624221e-02,9.4068535528e-02,2.6064506992e+00
6.1900000000e+02,6.7120351809e-03,6.6730570431e-03,2.5273747469e-01,4.0095577751e-01,2.2772406963e-01,1.2215926975e-02,9.2981658975e-02,2.6001115810e+00
6.1950000000e+02,6.6797451194e-03,6.6506959178e-03,2.5374931970e-01,4.0066255608e-01,2.2756026798e-01,1.2723033199e-02,9.1974382003e-02,2.6047309038e+00
6.2000000000e+02,6.6563894763e-03,6.6230137738e-03,2.5739865453e-01,3.9909990589e-01,2.2583991006e-01,1.3152711282e-02,9.1229414995e-02,2.5998821845e+00
6.2050000000e+02,6.6586238992e-03,6.5041940134e-03,2.5875743677e-01,3.9885097779e-01,2.2504182999e-01,1.3601281751e-02,9.0585655783e-02,2.5963276947e+00
6.2100000000e+02,6.6540540453e-03,6.4236086270e-03,2.6188377045e-01,3.9538495770e-01,2.2538817631e-01,1.4078857261e-02,9.0186575602e-02,2.5998847537e+00
6.2150000000e+02,6.7544394457e-03,6.4605106161e-03,2.6492043774e-01,3.9227886406e-01,2.2503064584e-01,1.4765066444e-02,8.9790035851e-02,2.6105739438e+00
6.2200000000e+02,6.7013959624e-03,6.3812689491e-03,2.6873305274e-01,3.9034519879e-01,2.2455124551e-01,1.5410116273e-02,8.7877721768e-02,2.6093781659e+00
6.2250000000e+02,6.7033139016e-03,6.3969457850e-03,2.7100117143e-01,3.9057472668e-01,2.2227748480e-01,1.6073450729e-02,8.6972906682e-02,2.6035754246e+00
6.2300000000e+02,6.7301897294e-03,6.3223689499e-03,2.7249833271e-01,3.9057018610e-01,2.2067244533e-01,1.6644156314e-02,8.6562320861e-02,2.6018411966e+00
6.2350000000e+02,6.7449846015e-03,6.1809825258e-03,2.7372398680e-01,3.9020132759e-01,2.2013777808e-01,1.7006712297e-02,8.6004228102e-02,2.5986225985e+00
6.2400000000e+02,6.7348004363e-03,6.1515696048e-03,2.7616439075e-01,3.8878876356e-01,2.1931430209e-01,1.7483877422e-02,8.5362296136e-02,2.5921688947e+00
6.2450000000e+02,6.7102234688e-03,6.1160776907e-03,2.7784374874e-01,3.8939963286e-01,2.1758693662e-01,1.8166162472e-02,8.4177218147e-02,2.5863411529e+00
6.2500000000e+02,6.7337911792e-03,6.1080472175e-03,2.7902800988e-01,3.8876478136e-01,2.1708093201e-01,1.8614653223e-02,8.3669785127e-02,2.5842243970e+00
6.2550000000e+02,6.7843706338e-03,6.1302261421e-03,2.7966171448e-01,3.8740831969e-01,2.1761806984e-01,1.9382895336e-02,8.3014403884e-02,2.5938042294e+00
6.2600000000e+02,6.7984075517e-03,6.1451513085e-03,2.8289673413e-01,3.8418040493e-01,2.1777268929e-01,2.0041386543e-02,8.2165226252e-02,2.5957117261e+00
6.2650000000e+02,6.7243015553e-03,6.1406758835e-03,2.8496653789e-01,3.8329757476e-01,2.1686331050e-01,2.0764484172e-02,8.1243115245e-02,2.5886969235e+00
6.2700000000e+02,6.7308797153e-03,6.0900837323e-03,2.8847917882e-01,3.8032061624e-01,2.1528141149e-01,2.1653117520e-02,8.1444712476e-02,2.5877193493e+00
6.2750000000e+02,6.7279854419e-03,6.0463442661e-03,2.9064605977e-01,3.7903090095e-01,2.1407590363e-01,2.2457880947e-02,8.1014924993e-02,2.5889411584e+00
6.2800000000e+02,6.7134610829e-03,5.9656344389e-03,2.9230441765e-01,3.7636988591e-01,2.1411407101e-01,2.3060287556e-02,8.1472242351e-02,2.5945420616e+00
6.2850000000e+02,6.7309837583e-03,5.9109258956e-03,2.9484426688e-01,3.7430528251e-01,2.1327420436e-01,2.3778897704e-02,8.1155438894e-02,2.5960439941e+00
6.2900000000e+02,6.7439789166e-03,5.8670180144e-03,2.9840064859e-01,3.7069411564e-01,2.1342907295e-01,2.4105236261e-02,8.0759929637e-02,2.5941814136e+00
6.2950000000e+02,6.7674338908e-03,5.8768559755e-03,3.0162463945e-01,3.6835371252e-01,2.1203971640e-01,2.5049380420e-02,8.0288261352e-02,2.5924020744e+00
6.3000000000e+02,6.8111814574e-03,5.8957469051e-03,3.0543706147e-01,3.6594619449e-01,2.1075793710e-01,2.5843214978e-02,7.9308663595e-02,2.5902873818e+00
6.3050000000e+02,6.8142006926e-03,5.8942066467e-03,3.0704153281e-01,3.6636363582e-01,2.0949235008e-01,2.6369747249e-02,7.8024326701e-02,2.5851875612e+00
6.3100000000e+02,6.8176006356e-03,5.9278457698e-03,3.0941915406e-01,3.6389569509e-01,2.0834882035e-01,2.7223830679e-02,7.8367053422e-02,2.5899430699e+00
6.3150000000e+02,6.9201085392e-03,5.9839669912e-03,3.1222433660e-01,3.5927091531e-01,2.0796334794e-01,2.8362087513e-02,7.9275237099e-02,2.6030554233e+00
6.3200000000e+02,6.9777770170e-03,6.0920767064e-03,3.1358429991e-01,3.5711330690e-01,2.0668927041e-01,2.9374938379e-02,8.0168330679e-02,2.6097078792e+00
6.3250000000e+02,6.9855482985e-03,6.0888073074e-03,3.1785427794e-01,3.5395445225e-01,2.0517866820e-01,2.9934539713e-02,8.0003706288e-02,2.6051634925e+00
6.3300000000e+02,6.9725077814e-03,6.1548662454e-03,3.1949002979e-01,3.5455915820e-01,2.0277927670e-01,3.0833994175e-02,7.9210167108e-02,2.5988646401e+00
6.3350000000e+02,6.9673933116e-03,6.2021796924e-03,3.2515444849e-01,3.4962853018e-01,2.0163975026e-01,3.2041091533e-02,7.8366606536e-02,2.5978775190e+00
6.3400000000e+02,7.0166992845e-03,6.2341314121e-03,3.2895719425e-01,3.4607326976e-01,2.0082536318e-01,3.2972912862e-02,7.7920429248e-02,2.5994365002e+00
6.3450000000e+02,7.1354740916e-03,6.2928286530e-03,3.3231690923e-01,3.4227053645e-01,2.0116795941e-01,3.3753621699e-02,7.7062670467e-02,2.6052882103e+00
6.3500000000e+02,7.1917668333e-03,6.2829708204e-03,3.3538031000e-01,3.3968286229e-01,1.9938816476e-01,3.5185849949e-02,7.6888075344e-02,2.6028203371e+00
6.3550000000e+02,7.2142893950e-03,6.2873965616e-03,3.3870743288e-01,3.3733958107e-01,1.9847266568e-01,3.6016095006e-02,7.5962539412e-02,2.5956036516e+00
6.3600000000e+02,7.2707953486e-03,6.3329025684e-03,3.4281746701e-01,3.3223852114e-01,1.9792041041e-01,3.6899174885e-02,7.6520728641e-02,2.5980948420e+00
6.3650000000e+02,7.2945656056e-03,6.3396386637e-03,3.4562947269e-01,3.2917935737e-01,1.9810106993e-01,3.6910187594e-02,7.6545708152e-02,2.5981154779e+00
6.3700000000e+02,7.2494995587e-03,6.4254131852e-03,3.4738986658e-01,3.2668372644e-01,1.9809353647e-01,3.7628566539e-02,7.6529391219e-02,2.6012794891e+00
6.3750000000e+02,7.3292928631e-03,6.4333911359e-03,3.5035139859e-01,3.2279200867e-01,1.9844622669e-01,3.7919158021e-02,7.6728524034e-02,2.6016876602e+00
6.3800000000e+02,7.3970815029e-03,6.4453791996e-03,3.5294910519e-01,3.1992105489e-01,1.9751001900e-01,3.8632407950e-02,7.7144952269e-02,2.6051076415e+00
6.3850000000e+02,7.4207610771e-03,6.5435147072e-03,3.5624843384e-01,3.1734787784e-01,1.9645869629e-01,3.9385309780e-02,7.6595406458e-02,2.6040527175e+00
6.3900000000e+02,7.4621643952e-03,6.5561555054e-03,3.5919055523e-01,3.1364400749e-01,1.9591596733e-01,4.0440528822e-02,7.6790621231e-02,2.6057462712e+00
6.3950000000e+02,7.5425797730e-03,6.6760409680e-03,3.6076529328e-01,3.1069562029e-01,1.9589613589e-01,4.1453868404e-02,7.6970461397e-02,2.6131679848e+00
6.4000000000e+02,7.5412735297e-03,6.7210349924e-03,3.6312843590e-01,3.0800129488e-01,1.9455258049e-01,4.2258240963e-02,7.7797139252e-02,2.6135709898e+00
6.4050000000e+02,7.6828829736e-03,6.7575629882e-03,3.6644617851e-01,3.0448641709e-01,1.9325400068e-01,4.3579595282e-02,7.7793362472e-02,2.6160636615e+00
6.4100000000e+02,7.7896912972e-03,6.8106725073e-03,3.7023119471e-01,3.0170238494e-01,1.9182054164e-01,4.4165936748e-02,7.7479578153e-02,2.6127455626e+00
6.4150000000e+02,7.8160672300e-03,6.8898054173e-03,3.7348653179e-01,2.9852251943e-01,1.9122043220e-01,4.4241443032e-02,7.7823200909e-02,2.6075929227e+00
6.4200000000e+02,7.8523668327e-03,6.9353050417e-03,3.7553333925e-01,2.9542234588e-01,1.9003421546e-01,4.5643289122e-02,7.8579138415e-02,2.6100975372e+00
6.4250000000e+02,7.9135395715e-03,7.1024644473e-03,3.7646450317e-01,2.9211697322e-01,1.9049889066e-01,4.6845935855e-02,7.9057693078e-02,2.6205807465e+00
6.4300000000e+02,7.9540915768e-03,7.1622004154e-03,3.7848435640e-01,2.8877701125e-01,1.9066911108e-01,4.7040922525e-02,7.9912306751e-02,2.6204316489e+00
6.4350000000e+02,7.9585133781e-03,7.2119932512e-03,3.8259935276e-01,2.8599411668e-01,1.8979198725e-01,4.7515980282e-02,7.8928056401e-02,2.6088279804e+00
6.4400000000e+02,8.0439523623e-03,7.3732146962e-03,3.8428759462e-01,2.8519513577e-01,1.8876265930e-01,4.8210519606e-02,7.8126923648e-02,2.6018145018e+00
6.4450000000e+02,8.1203849885e-03,7.4811592715e-03,3.8764235213e-01,2.8173219513e-01,1.8846848442e-01,4.9015263401e-02,7.7540160657e-02,2.5993484482e+00
6.4500000000e+02,8.1288086277e-03,7.5201541506e-03,3.9124182135e-01,2.7769857488e-01,1.8659936112e-01,5.1360883573e-02,7.7450396294e-02,2.6013024747e+00
6.4550000000e+02,8.0884471652e-03,7.6167372283e-03,3.9462471419e-01,2.7469321989e-01,1.8490285220e-01,5.3017516909e-02,7.7056512413e-02,2.5958439654e+00
6.4600000000e+02,8.0662153645e-03,7.7640334447e-03,3.9601402111e-01,2.7221636826e-01,1.8621236668e-01,5.3150357123e-02,7.6576638023e-02,2.5912691758e+00
6.4650000000e+02,8.0927807045e-03,7.8063386562e-03,3.9861070101e-01,2.6875688342e-01,1.8599957640e-01,5.3629965582e-02,7.7103754217e-02,2.5917370732e+00
6.4700000000e+02,8.2260606232e-03,7.9282293279e-03,4.0077395649e-01,2.6483597614e-01,1.8566474099e-01,5.4945488285e-02,7.7625548147e-02,2.5964070021e+00
6.4750000000e+02,8.2158507160e-03,8.1023846348e-03,4.0356943876e-01,2.6121617998e-01,1.8428201553e-01,5.6485024533e-02,7.8129105854e-02,2.5957426780e+00
6.4800000000e+02,8.2042760485e-03,8.1529350644e-03,4.0712779008e-01,2.5710177044e-01,1.8312974837e-01,5.7945872671e-02,7.8337607323e-02,2.5916245943e+00
6.4850000000e+02,8.2229383229e-03,8.1353041804e-03,4.1099335524e-01,2.5349295471e-01,1.8259549190e-01,5.8703239724e-02,7.7856715922e-02,2.5825208622e+00
6.4900000000e+02,8.3660494511e-03,8.1614511425e-03,4.1261708357e-01,2.5162910900e-01,1.8123702693e-01,6.0032965834e-02,7.7956314071e-02,2.5801523851e+00
6.4950000000e+02,8.4893197924e-03,8.2884453044e-03,4.1812750771e-01,2.4649645535e-01,1.7858218395e-01,6.1713450323e-02,7.8302637564e-02,2.5773322763e+00
6.5000000000e+02,8.6010092785e-03,8.3337469175e-03,4.2040990446e-01,2.4412514406e-01,1.7800549518e-01,6.2383673731e-02,7.8141026375e-02,2.5768574842e+00
6.5050000000e+02,8.6555613536e-03,8.3621613423e-03,4.2350469372e-01,2.4211707526e-01,1.7617252341e-01,6.3877268381e-02,7.7310716536e-02,2.5668632262e+00
6.5100000000e+02,8.7136882094e-03,8.4062465798e-03,4.2576641872e-01,2.4005392753e-01,1.7371862114e-01,6.5938528999e-02,7.7402568816e-02,2.5638999955e+00
6.5150000000e+02,8.8194377994e-03,8.4255569610e-03,4.2726260075e-01,2.3861583243e-01,1.7289270477e-01,6.5971379102e-02,7.8012488178e-02,2.5560609232e+00
6.5200000000e+02,8.7984219507e-03,8.5011643044e-03,4.3000953346e-01,2.3589693511e-01,1.7248196870e-01,6.6658819182e-02,7.7653157282e-02,2.5513725971e+00
6.5250000000e+02,8.8813093636e-03,8.5367994809e-03,4.3275456777e-01,2.3262500944e-01,1.7108654561e-01,6.9087530626e-02,7.7028237716e-02,2.5474170224e+00
6.5300000000e+02,8.8998229482e-03,8.5597510572e-03,4.3756933490e-01,2.2912896606e-01,1.6850897378e-01,7.0601366977e-02,7.6731784276e-02,2.5352085580e+00
6.5350000000e+02,9.0976489162e-03,8.7494815798e-03,4.3997941595e-01,2.2601859003e-01,1.6774143813e-01,7.1475672486e-02,7.6937752903e-02,2.5335128928e+00
6.5400000000e+02,9.1418057737e-03,8.8448698993e-03,4.4245565212e-01,2.2355234474e-01,1.6590641323e-01,7.3998090294e-02,7.6100823944e-02,2.5246965354e+00
6.5450000000e+02,9.2726966960e-03,9.0146519544e-03,4.4463541595e-01,2.2028972609e-01,1.6601610721e-01,7.4775358425e-02,7.5996043671e-02,2.5262867321e+00
6.5500000000e+02,9.2569546782e-03,8.9837458199e-03,4.4767538959e-01,2.1718575949e-01,1.6473869800e-01,7.6527247105e-02,7.5632205325e-02,2.5168776484e+00
6.5550000000e+02,9.2646871914e-03,9.0191399249e-03,4.5015557582e-01,2.1481727849e-01,1.6244166925e-01,7.8580415113e-02,7.5721234218e-02,2.5071064004e+00
6.5600000000e+02,9.3744410194e-03,9.0477563132e-03,4.5392194936e-01,2.1164485633e-01,1.6145218692e-01,7.9203919711e-02,7.5354890341e-02,2.4961601533e+00
6.5650000000e+02,9.4114460447e-03,9.1459145273e-03,4.5773837626e-01,2.0851868649e-01,1.6075840139e-01,8.0354070751e-02,7.4073104544e-02,2.4888951368e+00
6.5700000000e+02,9.3703092124e-03,9.1284152478e-03,4.5931458838e-01,2.0641242923e-01,1.5956164204e-01,8.2194622802e-02,7.4017993082e-02,2.4814683480e+00
6.5750000000e+02,9.4031134863e-03,9.2407694122e-03,4.6025695706e-01,2.0409375936e-01,1.5892958868e-01,8.3027693201e-02,7.5048118807e-02,2.4820784211e+00
6.5800000000e+02,9.4582242575e-03,9.3170630678e-03,4.6260518022e-01,2.0086277227e-01,1.5985201285e-01,8.2982074341e-02,7.4922673000e-02,2.4774460318e+00
6.5850000000e+02,9.5836363335e-03,9.3754523704e-03,4.6612959201e-01,1.9683837005e-01,1.5956595079e-01,8.3380798332e-02,7.5126200121e-02,2.4707768183e+00
6.5900000000e+02,9.5750454718e-03,9.4530787629e-03,4.6845759276e-01,1.9375028404e-01,1.5897854130e-01,8.3934383772e-02,7.5851073892e-02,2.4633779780e+00
6.5950000000e+02,9.6386446801e-03,9.5466444972e-03,4.6964687473e-01,1.9235021845e-01,1.5691609359e-01,8.5940757109e-02,7.5960766937e-02,2.4604748870e+00
6.6000000000e+02,9.7074614691e-03,9.5575863277e-03,4.7339751651e-01,1.8980618612e-01,1.5453468477e-01,8.7165291980e-02,7.5831272821e-02,2.4470410367e+00
6.6050000000e+02,9.8857742617e-03,9.6566299781e-03,4.7547498453e-01,1.8751231857e-01,1.5248531349e-01,8.9084095984e-02,7.5900883191e-02,2.4424661593e+00
6.6100000000e+02,1.0090843692e-02,9.7407112716e-03,4.7545105759e-01,1.8562038420e-01,1.5141956445e-01,9.0869667863e-02,7.6807770924e-02,2.4459567942e+00
6.6150000000e+02,1.0175188496e-02,9.9070632482e-03,4.7626717601e-01,1.8378079960e-01,1.5095217308e-01,9.1418790993e-02,7.7498808573e-02,2.4462071054e+00
6.6200000000e+02,1.0144174436e-02,9.9178920889e-03,4.8140807181e-01,1.7907287111e-01,1.4967515927e-01,9.2567167422e-02,7.7214663870e-02,2.4329854098e+00
6.6250000000e+02,1.0265987416e-02,9.8252264919e-03,4.8468167116e-01,1.7665767970e-01,1.4922287467e-01,9.2977940081e-02,7.6368620484e-02,2.4201245667e+00
6.6300000000e+02,1.0314208104e-02,9.8683089373e-03,4.8685966608e-01,1.7384198676e-01,1.4958683430e-01,9.3536077699e-02,7.5992918125e-02,2.4135944860e+00
6.6350000000e+02,1.0424026750e-02,9.9044112203e-03,4.8968214845e-01,1.7016156524e-01,1.4863198222e-01,9.4941301267e-02,7.6254564847e-02,2.4082081822e+00
6.6400000000e+02,1.0560531697e-02,1.0087806783e-02,4.9177113740e-01,1.6708423358e-01,1.4809734314e-01,9.5176932784e-02,7.7222014604e-02,2.4047375653e+00
6.6450000000e+02,1.0631736115e-02,1.0237398820e-02,4.9491758150e-01,1.6436572340e-01,1.4663929748e-01,9.6490790012e-02,7.6717472672e-02,2.3936300264e+00
6.6500000000e+02,1.0653667829e-02,1.0178603298e-02,4.9762503023e-01,1.6189159707e-01,1.4543899176e-01,9.7276852103e-02,7.6935257710e-02,2.3788106900e+00
6.6550000000e+02,1.0722124138e-02,1.0174796729e-02,4.9857084248e-01,1.6067065171e-01,1.4353641177e-01,9.9387534800e-02,7.6937638371e-02,2.3708676391e+00
6.6600000000e+02,1.0783076611e-02,1.0346048793e-02,5.0111542576e-01,1.5841912160e-01,1.4119636114e-01,1.0113100018e-01,7.7008965915e-02,2.3601569187e+00
6.6650000000e+02,1.0875049218e-02,1.0373989692e-02,5.0375797762e-01,1.5519455244e-01,1.3961024296e-01,1.0298629967e-01,7.7201888406e-02,2.3500347414e+00
6.6700000000e+02,1.0922124413e-02,1.0545156259e-02,5.0455292797e-01,1.5438716637e-01,1.3803906000e-01,1.0449116374e-01,7.7062401241e-02,2.3461208783e+00
6.6750000000e+02,1.0934087049e-02,1.0626701608e-02,5.0652877349e-01,1.5251236521e-01,1.3738825816e-01,1.0464790562e-01,7.7361908864e-02,2.3374796878e+00
6.6800000000e+02,1.0890095072e-02,1.0730690137e-02,5.0892924056e-01,1.5074871500e-01,1.3629430126e-01,1.0618728046e-01,7.6219677505e-02,2.3243337052e+00
6.6850000000e+02,1.0842665828e-02,1.0729385881e-02,5.1078356463e-01,1.5014100168e-01,1.3424778278e-01,1.0766816916e-01,7.5587430037e-02,2.3102597749e+00
6.6900000000e+02,1.0819646535e-02,1.0736041750e-02,5.1500946170e-01,1.4613956990e-01,1.3256530067e-01,1.0897843605e-01,7.5751543395e-02,2.2975366748e+00
6.6950000000e+02,1.0791008175e-02,1.0809937671e-02,5.1679485929e-01,1.4484618087e-01,1.3113581093e-01,1.0999161753e-01,7.5630585541e-02,2.2891887957e+00
6.7000000000e+02,1.0898835441e-02,1.0981401869e-02,5.1800898633e-01,1.4303240198e-01,1.3085645219e-01,1.1083953032e-01,7.5382391878e-02,2.2816278629e+00
6.7050000000e+02,1.0867932465e-02,1.1002680811e-02,5.1937245715e-01,1.4184720552e-01,1.2901788652e-01,1.1208207046e-01,7.5809767076e-02,2.2732251518e+00
6.7100000000e+02,1.0960231237e-02,1.0908240931e-02,5.2171383814e-01,1.3942866788e-01,1.2814435462e-01,1.1321010236e-01,7.5634564835e-02,2.2633417048e+00
6.7150000000e+02,1.1048401242e-02,1.1131380855e-02,5.2366009027e-01,1.3678948471e-01,1.2772790961e-01,1.1408003389e-01,7.5562699422e-02,2.2566015876e+00
6.7200000000e+02,1.1187381785e-02,1.1231787523e-02,5.2367440822e-01,1.3539472300e-01,1.2737453862e-01,1.1513272234e-01,7.6004438506e-02,2.2583432271e+00
6.7250000000e+02,1.1297598623e-02,1.1314445290e-02,5.2404693892e-01,1.3557275942e-01,1.2549461684e-01,1.1641773256e-01,7.5855908345e-02,2.2513518335e+00
6.7300000000e+02,1.1182393581e-02,1.1406169455e-02,5.2645721929e-01,1.3351751535e-01,1.2418129852e-01,1.1739146765e-01,7.5863936155e-02,2.2381254551e+00
6.7350000000e+02,1.1213073923e-02,1.1442810942e-02,5.2863048052e-01,1.3184597074e-01,1.2224598305e-01,1.1934679534e-01,7.5274885487e-02,2.2260104154e+00
6.7400000000e+02,1.1394944038e-02,1.1578163178e-02,5.3006944559e-01,1.2946878104e-01,1.2030222331e-01,1.2158429115e-01,7.5602151694e-02,2.2193685360e+00
6.7450000000e+02,1.1499879217e-02,1.1838569215e-02,5.2928791760e-01,1.2925133840e-01,1.1961732615e-01,1.2312462697e-01,7.5380342448e-02,2.2221388295e+00
6.7500000000e+02,1.1500773712e-02,1.2094384321e-02,5.3051658979e-01,1.2841625390e-01,1.1798951836e-01,1.2431473605e-01,7.5167743872e-02,2.2102915834e+00
6.7550000000e+02,1.1542228420e-02,1.2315195839e-02,5.3050189402e-01,1.2652709692e-01,1.1785621749e-01,1.2517588214e-01,7.6081485178e-02,2.2070907185e+00
6.7600000000e+02,1.1463278784e-02,1.2233643875e-02,5.3140256013e-01,1.2534315871e-01,1.1647849029e-01,1.2636781941e-01,7.6711048794e-02,2.2003892399e+00
6.7650000000e+02,1.1497969257e-02,1.2333432123e-02,5.3201161884e-01,1.2342577856e-01,1.1404890437e-01,1.2894896178e-01,7.7733335068e-02,2.1941799948e+00
6.7700000000e+02,1.1504957141e-02,1.2249293768e-02,5.3237785266e-01,1.2345611243e-01,1.1222496932e-01,1.2996675589e-01,7.8220058781e-02,2.1852111543e+00
6.7750000000e+02,1.1399380644e-02,1.2278124525e-02,5.3179956651e-01,1.2367998235e-01,1.1284723491e-01,1.2981672463e-01,7.8178986423e-02,2.1784074240e+00
6.7800000000e+02,1.1487321509e-02,1.2445141526e-02,5.3146979073e-01,1.2440307956e-01,1.1252365383e-01,1.2990882297e-01,7.7762189880e-02,2.1775865022e+00
6.7850000000e+02,1.1499091623e-02,1.2605647652e-02,5.3142722793e-01,1.2495381716e-01,1.0985708139e-01,1.3210416889e-01,7.7552965354e-02,2.1691541828e+00
6.7900000000e+02,1.1618482061e-02,1.2903269198e-02,5.3051567707e-01,1.2464129838e-01,1.0905710782e-01,1.3333488771e-01,7.7929277763e-02,2.1680032444e+00
6.7950000000e+02,1.1566968530e-02,1.3023282506e-02,5.3161902054e-01,1.2337205558e-01,1.0742954543e-01,1.3520882526e-01,7.7780302152e-02,2.1623962066e+00
6.8000000000e+02,1.1528612722e-02,1.3177642083e-02,5.3288116995e-01,1.2215838541e-01,1.0601162902e-01,1.3555733713e-01,7.8685223682e-02,2.1566415595e+00
6.8050000000e+02,1.1555751573e-02,1.3372465603e-02,5.3329423327e-01,1.2137614688e-01,1.0506291658e-01,1.3514149340e-01,8.0196992698e-02,2.1561666937e+00
6.8100000000e+02,1.1426122624e-02,1.3504279505e-02,5.3304865742e-01,1.2074118378e-01,1.0354419086e-01,1.3719035176e-01,8.0545214050e-02,2.1517294059e+00
6.8150000000e+02,1.1512442037e-02,1.3599520430e-02,5.3385008439e-01,1.1941991357e-01,1.0178752921e-01,1.3844983684e-01,8.1380673530e-02,2.1450487975e+00
6.8200000000e+02,1.1611068584e-02,1.3647893772e-02,5.3543602763e-01,1.1875468901e-01,9.9736023606e-02,1.3992161364e-01,8.0892683758e-02,2.1384088260e+00
6.8250000000e+02,1.1648257985e-02,1.3708486939e-02,5.3674921287e-01,1.1794436916e-01,9.7698393987e-02,1.4202203376e-01,8.0229245299e-02,2.1338014068e+00
6.8300000000e+02,1.1570039519e-02,1.3825687106e-02,5.3803347098e-01,1.1669386326e-01,9.7491726738e-02,1.4198770712e-01,8.0397505273e-02,2.1252940602e+00
6.8350000000e+02,1.1494151211e-02,1.3971236550e-02,5.3829385649e-01,1.1614396867e-01,9.6502876190e-02,1.4287786333e-01,8.0716047560e-02,2.1159376094e+00
6.8400000000e+02,1.1552363320e-02,1.4054116417e-02,5.3882330055e-01,1.1460943678e-01,9.5459072554e-02,1.4396362895e-01,8.1538081436e-02,2.1173162924e+00
6.8450000000e+02,1.1487255670e-02,1.4107118795e-02,5.4020314134e-01,1.1404166616e-01,9.5010996310e-02,1.4445074994e-01,8.0699071787e-02,2.1100910685e+00
6.8500000000e+02,1.1401534981e-02,1.4003733749e-02,5.4213427225e-01,1.1314789134e-01,9.3817598316e-02,1.4543447012e-01,8.0060499234e-02,2.0951431918e+00
6.8550000000e+02,1.1482393074e-02,1.4059228395e-02,5.4271604437e-01,1.1277368643e-01,9.3218793172e-02,1.4615193369e-01,7.9597920868e-02,2.0962587084e+00
6.8600000000e+02,1.1494458879e-02,1.4068566892e-02,5.4414090577e-01,1.1114389408e-01,9.2103337059e-02,1.4750633518e-01,7.9542502137e-02,2.0921971725e+00
6.8650000000e+02,1.1555185222e-02,1.4136681817e-02,5.4533707365e-01,1.1128699745e-01,9.0762930619e-02,1.4810334154e-01,7.8817789699e-02,2.0868111788e+00
6.8700000000e+02,1.1533768163e-02,1.4189294598e-02,5.4561888020e-01,1.1077762234e-01,9.1701132628e-02,1.4781904454e-01,7.8360257531e-02,2.0851869354e+00
6.8750000000e+02,1.1616600018e-02,1.4329135305e-02,5.4477032278e-01,1.1031602074e-01,9.1348535379e-02,1.4829577331e-01,7.9323612466e-02,2.0884377978e+00
6.8800000000e+02,1.1552144515e-02,1.4407751294e-02,5.4527932649e-01,1.0965502329e-01,9.1202403248e-02,1.4803975071e-01,7.9863600449e-02,2.0893824431e+00
6.8850000000e+02,1.1668140549e-02,1.4423196292e-02,5.4498179684e-01,1.1043451972e-01,8.9864897437e-02,1.4852996651e-01,8.0097482653e-02,2.0873085115e+00
6.8900000000e+02,1.1794223586e-02,1.4501551186e-02,5.4589202321e-01,1.1043734482e-01,8.8815933583e-02,1.4870635453e-01,7.9852569089e-02,2.0826985041e+00
6.8950000000e+02,1.1800837114e-02,1.4539564514e-02,5.4745124285e-01,1.0957393618e-01,8.7984071638e-02,1.4892282902e-01,7.9727518691e-02,2.0803790050e+00
6.9000000000e+02,1.1934889021e-02,1.4700102501e-02,5.4680329428e-01,1.0911893576e-01,8.7173132786e-02,1.4995726488e-01,8.0312380772e-02,2.0843778243e+00
6.9050000000e+02,1.1933813253e-02,1.4756895140e-02,5.4827873407e-01,1.0862703387e-01,8.6706005432e-02,1.4954960269e-01,8.0147915547e-02,2.0770697294e+00
6.9100000000e+02,1.1864909624e-02,1.4727119984e-02,5.4962246972e-01,1.0703756074e-01,8.6271049637e-02,1.5027399710e-01,8.0202893186e-02,2.0761723481e+00
6.9150000000e+02,1.1842447565e-02,1.4735968422e-02,5.4856967355e-01,1.0630050735e-01,8.5831819538e-02,1.5135348865e-01,8.1366094929e-02,2.0797771674e+00
6.9200000000e+02,1.1875326781e-02,1.4938439873e-02,5.4914282957e-01,1.0550801755e-01,8.6175740682e-02,1.5104916313e-01,8.1310482411e-02,2.0800380017e+00
6.9250000000e+02,1.1878985230e-02,1.5088188049e-02,5.4942243531e-01,1.0583298515e-01,8.7143909603e-02,1.5030965298e-01,8.0323843683e-02,2.0839832856e+00
6.9300000000e+02,1.1813116763e-02,1.5161740626e-02,5.4940252077e-01,1.0625395371e-01,8.6455721744e-02,1.5024244908e-01,8.0670497311e-02,2.0828745696e+00
6.9350000000e+02,1.1834249598e-02,1.5053572151e-02,5.4897110990e-01,1.0725977106e-01,8.5429444530e-02,1.5111126960e-01,8.0340583158e-02,2.0804062379e+00
6.9400000000e+02,1.1863867366e-02,1.5106999016e-02,5.4833136737e-01,1.0744928406e-01,8.5222979763e-02,1.5127590971e-01,8.0749592716e-02,2.0814289716e+00
6.9450000000e+02,1.1850872074e-02,1.5159203334e-02,5.4812528010e-01,1.0751345966e-01,8.5374933760e-02,1.5056475941e-01,8.1411491660e-02,2.0819057642e+00
6.9500000000e+02,1.1833935334e-02,1.5302509044e-02,5.4723132722e-01,1.0861946684e-01,8.5280696269e-02,1.5042451728e-01,8.1307548018e-02,2.0896320333e+00
6.9550000000e+02,1.1913460190e-02,1.5369750530e-02,5.4770498986e-01,1.0930153708e-01,8.5279829246e-02,1.4972398056e-01,8.0706452546e-02,2.0827721576e+00
6.9600000000e+02,1.1993138499e-02,1.5511226480e-02,5.4753430009e-01,1.0866907123e-01,8.6228649796e-02,1.5013405105e-01,7.9929562860e-02,2.0912222252e+00
6.9650000000e+02,1.1968526817e-02,1.5785262776e-02,5.4624244614e-01,1.0930156664e-01,8.7484247592e-02,1.4882655481e-01,8.0391395223e-02,2.1004521832e+00
6.9700000000e+02,1.2081894055e-02,1.5902024816e-02,5.4684378835e-01,1.0901743832e-01,8.8043443123e-02,1.4805200793e-01,8.0059403401e-02,2.0982574498e+00
6.9750000000e+02,1.2122233380e-02,1.6057118097e-02,5.4588966696e-01,1.0963984694e-01,8.8144731730e-02,1.4756934478e-01,8.0577058108e-02,2.1056590206e+00
6.9800000000e+02,1.2154369421e-02,1.6327978036e-02,5.4536045171e-01,1.0920577161e-01,8.7527093896e-02,1.4860543355e-01,8.0818901775e-02,2.1156694703e+00
6.9850000000e+02,1.2203862540e-02,1.6582896711e-02,5.4293446689e-01,1.0997675987e-01,8.8880249766e-02,1.4818956765e-01,8.1232196569e-02,2.1262218060e+00
6.9900000000e+02,1.2208185291e-02,1.6671231493e-02,5.4214375358e-01,1.1017612006e-01,8.9612356797e-02,1.4797566505e-01,8.1212687724e-02,2.1324784903e+00
6.9950000000e+02,1.2107083518e-02,1.6499119393e-02,5.4234579824e-01,1.1122238272e-01,8.8497756725e-02,1.4908170708e-01,8.0246152316e-02,2.1277070336e+00
7.0000000000e+02,1.2061571599e-02,1.6449363382e-02,5.4229785464e-01,1.1163597681e-01,8.9312599828e-02,1.4830598357e-01,7.9936650171e-02,2.1245850338e+00
7.0050000000e+02,1.2139426527e-02,1.6482957901e-02,5.4180816740e-01,1.1183333552e-01,8.9359204918e-02,1.4784527369e-01,8.0531634044e-02,2.1293726470e+00
7.0100000000e+02,1.2223702871e-02,1.6388088485e-02,5.4076882720e-01,1.1243171987e-01,9.0297487931e-02,1.4780283444e-01,8.0087339202e-02,2.1303383780e+00
7.0150000000e+02,1.2138147623e-02,1.6290406761e-02,5.4117362272e-01,1.1279809315e-01,9.1336970245e-02,1.4587961368e-01,8.0383145829e-02,2.1253837443e+00
7.0200000000e+02,1.2086578938e-02,1.6233037337e-02,5.4084550177e-01,1.1448769148e-01,9.3013333697e-02,1.4373314539e-01,7.9600711389e-02,2.1266781174e+00
7.0250000000e+02,1.2150518779e-02,1.6417778690e-02,5.4070433015e-01,1.1528047315e-01,9.3062391257e-02,1.4343407321e-01,7.8950434759e-02,2.1314647702e+00
7.0300000000e+02,1.2074533796e-02,1.6657013306e-02,5.4047095256e-01,1.1544077405e-01,9.3818607379e-02,1.4279398049e-01,7.8744138418e-02,2.1328860021e+00
7.0350000000e+02,1.2144617153e-02,1.6577235873e-02,5.4029097611e-01,1.1591054524e-01,9.3217746683e-02,1.4349391033e-01,7.8364968614e-02,2.1376703736e+00
7.0400000000e+02,1.2348779991e-02,1.6686440206e-02,5.3961759711e-01,1.1693537670e-01,9.4785043390e-02,1.4155372516e-01,7.8073037446e-02,2.1481792119e+00
7.0450000000e+02,1.2262156324e-02,1.6614035638e-02,5.3936910629e-01,1.1772598076e-01,9.4746441523e-02,1.4140466989e-01,7.7877609566e-02,2.1486116730e+00
7.0500000000e+02,1.2244050446e-02,1.6638216937e-02,5.3749853607e-01,1.1995183025e-01,9.6096519238e-02,1.3986604815e-01,7.7704798920e-02,2.1600540633e+00
7.0550000000e+02,1.2257984394e-02,1.6739186502e-02,5.3785811518e-01,1.1927706542e-01,9.7899085878e-02,1.3814648108e-01,7.7822081544e-02,2.1700647618e+00
7.0600000000e+02,1.2435158805e-02,1.6853105555e-02,5.3764294291e-01,1.1929671992e-01,9.9961263793e-02,1.3652115497e-01,7.7289654042e-02,2.1836580140e+00
7.0650000000e+02,1.2531891903e-02,1.6897213772e-02,5.3738730400e-01,1.1936797778e-01,1.0030209129e-01,1.3603983385e-01,7.7473687407e-02,2.1922140538e+00
7.0700000000e+02,1.2598153192e-02,1.6966985748e-02,5.3598695206e-01,1.1960079021e-01,1.0083906875e-01,1.3594375587e-01,7.8064294166e-02,2.2050766919e+00
7.0750000000e+02,1.2612457740e-02,1.6918565722e-02,5.3496393950e-01,1.2018178425e-01,1.0255806320e-01,1.3491771483e-01,7.7847474756e-02,2.2074168059e+00
7.0800000000e+02,1.2593862042e-02,1.6844322974e-02,5.3377693884e-01,1.2126975596e-01,1.0465878405e-01,1.3389268346e-01,7.6963652671e-02,2.2081497453e+00
7.0850000000e+02,1.2651054688e-02,1.6949463362e-02,5.3210467311e-01,1.2315963250e-01,1.0469958042e-01,1.3272280838e-01,7.7712787543e-02,2.2135293632e+00
7.0900000000e+02,1.2541209112e-02,1.6833991677e-02,5.3262477065e-01,1.2359406056e-01,1.0568048480e-01,1.3184370702e-01,7.6881776187e-02,2.2126635176e+00
7.0950000000e+02,1.2485844080e-02,1.7017242857e-02,5.3209004629e-01,1.2404712264e-01,1.0657908353e-01,1.3081008775e-01,7.6970572849e-02,2.2216609578e+00
7.1000000000e+02,1.2506432389e-02,1.7043742553e-02,5.3105445292e-01,1.2495992389e-01,1.0761633840e-01,1.2976738695e-01,7.7051722893e-02,2.2230168920e+00
7.1050000000e+02,1.2514414226e-02,1.7187971979e-02,5.3159260759e-01,1.2622837001e-01,1.0775351047e-01,1.2850845238e-01,7.6214673345e-02,2.2271607809e+00
7.1100000000e+02,1.2397168471e-02,1.7223708960e-02,5.3029444306e-01,1.2721439741e-01,1.0911159697e-01,1.2654805968e-01,7.7210625444e-02,2.2312350236e+00
7.1150000000e+02,1.2353314991e-02,1.7252058529e-02,5.2957975618e-01,1.2815961063e-01,1.1019319010e-01,1.2501220922e-01,7.7449860344e-02,2.2413997868e+00
7.1200000000e+02,1.2232137286e-02,1.7337579640e-02,5.2866244768e-01,1.2920994469e-01,1.1022085945e-01,1.2468229732e-01,7.7654733937e-02,2.2407890158e+00
7.1250000000e+02,1.2350014998e-02,1.7555866435e-02,5.2718072146e-01,1.3118431327e-01,1.1192943867e-01,1.2288289326e-01,7.6916751909e-02,2.2527738918e+00
7.1300000000e+02,1.2368247003e-02,1.7346372692e-02,5.2735730183e-01,1.3183438760e-01,1.1270337125e-01,1.2165773857e-01,7.6732581057e-02,2.2528334099e+00
7.1350000000e+02,1.2440492941e-02,1.7548314195e-02,5.2717743167e-01,1.3348795620e-01,1.1329068414e-01,1.2024860541e-01,7.5806515444e-02,2.2513479345e+00
7.1400000000e+02,1.2423704535e-02,1.7620033173e-02,5.2663841416e-01,1.3476254271e-01,1.1488356228e-01,1.1825902533e-01,7.5412717806e-02,2.2514377224e+00
7.1450000000e+02,1.2354353115e-02,1.7611439348e-02,5.2532218032e-01,1.3588509274e-01,1.1522181213e-01,1.1747416857e-01,7.6130953789e-02,2.2553429318e+00
7.1500000000e+02,1.2344032655e-02,1.7601157231e-02,5.2481890550e-01,1.3693122992e-01,1.1624615579e-01,1.1652260806e-01,7.5535910834e-02,2.2640445446e+00
7.1550000000e+02,1.2265493545e-02,1.7766639973e-02,5.2411154717e-01,1.3763428148e-01,1.1740031683e-01,1.1566979159e-01,7.5151929407e-02,2.2699064503e+00
7.1600000000e+02,1.2230724027e-02,1.7941588909e-02,5.2243843083e-01,1.3937024936e-01,1.1900511401e-01,1.1396592268e-01,7.5047970185e-02,2.2716813792e+00
7.1650000000e+02,1.2209321548e-02,1.8146963670e-02,5.2108170969e-01,1.4083543744e-01,1.2022455933e-01,1.1193564243e-01,7.5566365888e-02,2.2762893765e+00
7.1700000000e+02,1.2329523616e-02,1.8393845898e-02,5.1936369343e-01,1.4296079447e-01,1.2159009345e-01,1.0981638787e-01,7.5545661274e-02,2.2804261577e+00
7.1750000000e+02,1.2325006817e-02,1.8432742635e-02,5.1894156530e-01,1.4258773714e-01,1.2240771410e-01,1.0941810340e-01,7.5887130612e-02,2.2822874836e+00
7.1800000000e+02,1.2343965103e-02,1.8526386035e-02,5.1653036297e-01,1.4405811048e-01,1.2406578500e-01,1.0738629519e-01,7.7089095225e-02,2.2911545622e+00
7.1850000000e+02,1.2302983122e-02,1.8559011985e-02,5.1487959294e-01,1.4677616861e-01,1.2468166277e-01,1.0582673714e-01,7.6973843443e-02,2.2980370180e+00
7.1900000000e+02,1.2300611557e-02,1.8771004316e-02,5.1281020267e-01,1.4807873094e-01,1.2483935258e-01,1.0466999903e-01,7.8530098903e-02,2.3011510938e+00
7.1950000000e+02,1.2382714966e-02,1.8763386285e-02,5.1232778575e-01,1.5033306386e-01,1.2523736959e-01,1.0345311969e-01,7.7502559864e-02,2.2952389103e+00
7.2000000000e+02,1.2324479341e-02,1.8837047359e-02,5.1246641791e-01,1.5113687022e-01,1.2596269563e-01,1.0173759131e-01,7.7534898225e-02,2.2891221005e+00
7.2050000000e+02,1.2349012626e-02,1.9024093196e-02,5.1164195097e-01,1.5319145312e-01,1.2598268041e-01,1.0056032171e-01,7.7250487969e-02,2.2892792250e+00
7.2100000000e+02,1.2417847618e-02,1.9235427773e-02,5.1081003309e-01,1.5492099640e-01,1.2673509394e-01,9.8291554924e-02,7.7589046260e-02,2.2908232277e+00
7.2150000000e+02,1.2361709640e-02,1.9416757280e-02,5.0991788581e-01,1.5580801881e-01,1.2929862187e-01,9.5820618177e-02,7.7376388404e-02,2.2994747107e+00
7.2200000000e+02,1.2389855170e-02,1.9165523807e-02,5.1026455972e-01,1.5534474181e-01,1.3064182599e-01,9.4874750681e-02,7.7318742822e-02,2.3047834662e+00
7.2250000000e+02,1.2294277520e-02,1.9088684208e-02,5.0868594003e-01,1.5689223033e-01,1.3181890590e-01,9.3220719717e-02,7.7999242291e-02,2.3073447688e+00
7.2300000000e+02,1.2399142287e-02,1.9268467584e-02,5.0665326065e-01,1.5944883418e-01,1.3195605783e-01,9.2424740775e-02,7.7849496694e-02,2.3167459986e+00
7.2350000000e+02,1.2323774236e-02,1.9461735572e-02,5.0593181055e-01,1.5969442962e-01,1.3254467797e-01,9.1999842374e-02,7.8043729682e-02,2.3248626271e+00
7.2400000000e+02,1.2174108450e-02,1.9534054428e-02,5.0546423666e-01,1.6037137161e-01,1.3495152332e-01,8.9759708995e-02,7.7744996537e-02,2.3253083424e+00
7.2450000000e+02,1.2181690273e-02,1.9723663803e-02,5.0427036647e-01,1.6117762631e-01,1.3742775355e-01,8.7080296404e-02,7.8138603188e-02,2.3319958313e+00
7.2500000000e+02,1.2149043575e-02,1.9604501465e-02,5.0393314409e-01,1.6153812986e-01,1.3873795871e-01,8.5059710723e-02,7.8977511583e-02,2.3302203017e+00
7.2550000000e+02,1.2157531038e-02,1.9525395159e-02,5.0229634460e-01,1.6235132566e-01,1.3978221215e-01,8.3921131467e-02,7.9966059925e-02,2.3337383545e+00
7.2600000000e+02,1.2141688543e-02,1.9472441664e-02,5.0422578920e-01,1.6150170245e-01,1.4028681292e-01,8.3053110239e-02,7.9318454976e-02,2.3323209228e+00
7.2650000000e+02,1.1985538581e-02,1.9268615974e-02,5.0500723000e-01,1.6264717749e-01,1.4176300198e-01,8.1234115023e-02,7.8094320949e-02,2.3266315997e+00
7.2700000000e+02,1.1911381854e-02,1.9200543395e-02,5.0367072659e-01,1.6434615645e-01,1.4335514009e-01,7.9131142612e-02,7.8384909001e-02,2.3227087018e+00
7.2750000000e+02,1.1978888045e-02,1.9409030139e-02,5.0084987199e-01,1.6660190491e-01,1.4449500690e-01,7.7656310661e-02,7.9008987347e-02,2.3292294442e+00
7.2800000000e+02,1.1973982088e-02,1.9634567177e-02,4.9880129824e-01,1.6776972571e-01,1.4577274598e-01,7.6400240203e-02,7.9647440602e-02,2.3441985939e+00
7.2850000000e+02,1.1962460199e-02,1.9690027810e-02,4.9591764514e-01,1.7014309358e-01,1.4710126102e-01,7.4788822721e-02,8.0396689527e-02,2.3530016296e+00
7.2900000000e+02,1.2066864310e-02,1.9770978941e-02,4.9610399135e-01,1.7071239911e-01,1.4824511834e-01,7.3799292464e-02,7.9301355485e-02,2.3534585858e+00
7.2950000000e+02,1.2066560045e-02,1.9773149977e-02,4.9564555754e-01,1.7163634620e-01,1.4974792786e-01,7.2502921890e-02,7.8627536488e-02,2.3587678605e+00
7.3000000000e+02,1.2075514401e-02,1.9954598118e-02,4.9355911393e-01,1.7370177343e-01,1.5026720698e-01,7.1695315144e-02,7.8746478001e-02,2.3712679527e+00
7.3050000000e+02,1.2100522206e-02,2.0197339366e-02,4.9183628110e-01,1.7527693668e-01,1.5146844650e-01,7.0181436590e-02,7.8939037560e-02,2.3813737352e+00
7.3100000000e+02,1.2041553634e-02,2.0409243550e-02,4.9134486770e-01,1.7586063308e-01,1.5241569315e-01,6.8731109028e-02,7.9196899857e-02,2.3893040672e+00
7.3150000000e+02,1.1958878429e-02,2.0330737341e-02,4.8912620588e-01,1.7847356385e-01,1.5447413015e-01,6.6519236667e-02,7.9117247684e-02,2.3838792536e+00
7.3200000000e+02,1.1931159394e-02,2.0548435050e-02,4.8588973200e-01,1.8150061533e-01,1.5666787939e-01,6.3998491923e-02,7.9463686908e-02,2.3891863682e+00
7.3250000000e+02,1.1926216170e-02,2.0676160558e-02,4.8484659193e-01,1.8237838598e-01,1.5842754167e-01,6.2109323628e-02,7.9635780056e-02,2.3917557532e+00
7.3300000000e+02,1.1934276930e-02,2.0844803290e-02,4.8149525444e-01,1.8526371318e-01,1.6023939707e-01,6.0724407842e-02,7.9498147248e-02,2.4021303633e+00
7.3350000000e+02,1.1916326673e-02,2.0797206137e-02,4.7949182722e-01,1.8730230567e-01,1.6138250869e-01,5.9502606570e-02,7.9607219043e-02,2.4090985307e+00
7.3400000000e+02,1.2006438737e-02,2.0988307285e-02,4.7716861881e-01,1.8910175877e-01,1.6290197819e-01,5.7904518721e-02,7.9928379486e-02,2.4175325822e+00
7.3450000000e+02,1.2049673881e-02,2.1135308248e-02,4.7511343259e-01,1.9101282712e-01,1.6378341579e-01,5.6653972604e-02,8.0251369773e-02,2.4233160737e+00
7.3500000000e+02,1.1996523448e-02,2.1141112803e-02,4.7480477289e-01,1.9221947299e-01,1.6355649829e-01,5.5491454357e-02,8.0790165230e-02,2.4166309940e+00
7.3550000000e+02,1.1938376943e-02,2.1384789957e-02,4.7431436513e-01,1.9381510493e-01,1.6474428402e-01,5.3586860131e-02,8.0216218889e-02,2.4107028346e+00
7.3600000000e+02,1.1871553567e-02,2.1269958876e-02,4.7487630385e-01,1.9413445307e-01,1.6574188845e-01,5.2391851316e-02,7.9713990874e-02,2.4074332943e+00
7.3650000000e+02,1.1884430493e-02,2.1473811129e-02,4.7547203256e-01,1.9451075714e-01,1.6624704458e-01,5.1472343932e-02,7.8939580175e-02,2.4052707600e+00
7.3700000000e+02,1.1831362699e-02,2.1728625410e-02,4.7521856387e-01,1.9432271936e-01,1.6820014300e-01,5.0428917614e-02,7.8269668051e-02,2.4101097656e+00
7.3750000000e+02,1.1771939654e-02,2.1829725251e-02,4.7445581756e-01,1.9557775515e-01,1.6921628866e-01,4.8784593695e-02,7.8363880032e-02,2.4112469084e+00
7.3800000000e+02,1.1710952561e-02,2.1902374699e-02,4.7483767696e-01,1.9707446454e-01,1.6888250109e-01,4.7965423492e-02,7.7626606669e-02,2.4082602806e+00
7.3850000000e+02,1.1728774584e-02,2.2181467801e-02,4.7518967597e-01,1.9695018687e-01,1.6966511594e-01,4.6932808587e-02,7.7351970244e-02,2.4131693289e+00
7.3900000000e+02,1.1581850125e-02,2.2242116633e-02,4.7563584543e-01,1.9839885102e-01,1.7022522541e-01,4.5201418663e-02,7.6714692714e-02,2.4063855457e+00
7.3950000000e+02,1.1586255613e-02,2.2017245372e-02,4.7312267468e-01,2.0037297847e-01,1.7265874390e-01,4.3579402821e-02,7.6662699152e-02,2.4126189182e+00
7.4000000000e+02,1.1582639403e-02,2.2165718914e-02,4.6969519610e-01,2.0345489623e-01,1.7419125966e-01,4.1570832968e-02,7.7339456733e-02,2.4145051128e+00
7.4050000000e+02,1.1580254272e-02,2.2376172467e-02,4.6882853527e-01,2.0482141484e-01,1.7496078278e-01,4.0563833370e-02,7.6869006998e-02,2.4181561595e+00
7.4100000000e+02,1.1587371112e-02,2.2522860317e-02,4.6828478103e-01,2.0546650043e-01,1.7608460879e-01,3.9239082550e-02,7.6814795769e-02,2.4199748974e+00
7.4150000000e+02,1.1604850136e-02,2.2795828015e-02,4.6841250763e-01,2.0619203293e-01,1.7569697839e-01,3.8373649203e-02,7.6924153699e-02,2.4226851598e+00
7.4200000000e+02,1.1505007957e-02,2.2752772832e-02,4.6675437002e-01,2.0744622311e-01,1.7698831823e-01,3.7396353255e-02,7.7156954609e-02,2.4181508333e+00
7.4250000000e+02,1.1518529974e-02,2.2653561466e-02,4.6432721401e-01,2.0979267062e-01,1.7896870126e-01,3.5848736710e-02,7.6890585962e-02,2.4216367069e+00
7.4300000000e+02,1.1513021565e-02,2.2771868948e-02,4.6386195800e-01,2.1183068966e-01,1.7908694756e-01,3.4020826848e-02,7.6914687415e-02,2.4164196743e+00
7.4350000000e+02,1.1459082465e-02,2.2829150365e-02,4.6386110095e-01,2.1278282236e-01,1.7988142285e-01,3.2855085504e-02,7.6331335503e-02,2.4138655380e+00
7.4400000000e+02,1.1337816646e-02,2.2766509885e-02,4.6292193659e-01,2.1472965571e-01,1.7992693676e-01,3.1823169649e-02,7.6493974752e-02,2.4044549984e+00
7.4450000000e+02,1.1225012725e-02,2.2829490073e-02,4.6183362555e-01,2.1681253089e-01,1.8021982229e-01,3.0756514344e-02,7.6323004134e-02,2.4027384984e+00
7.4500000000e+02,1.1230913981e-02,2.2655263630e-02,4.6076711518e-01,2.1839401524e-01,1.8142933886e-01,2.9428929676e-02,7.6094423429e-02,2.4023617635e+00
7.4550000000e+02,1.1195579242e-02,2.2614616278e-02,4.6076711059e-01,2.2034737480e-01,1.8238709234e-01,2.7765334533e-02,7.4922892219e-02,2.3900380886e+00
7.4600000000e+02,1.1135091132e-02,2.2603034661e-02,4.5999532092e-01,2.2141727115e-01,1.8366383321e-01,2.6699621957e-02,7.4485826966e-02,2.3951467145e+00
7.4650000000e+02,1.1196122757e-02,2.2311600110e-02,4.5654719476e-01,2.2382462151e-01,1.8627967348e-01,2.5499530594e-02,7.4341256796e-02,2.3998437531e+00
7.4700000000e+02,1.1167922440e-02,2.2331787722e-02,4.5432808458e-01,2.2478665819e-01,1.8727091081e-01,2.4616171025e-02,7.5498465230e-02,2.4020802487e+00
7.4750000000e+02,1.1092319576e-02,2.2314141935e-02,4.5324795697e-01,2.2535323921e-01,1.8914262792e-01,2.3558596351e-02,7.5291118035e-02,2.4017789191e+00
7.4800000000e+02,1.1211561224e-02,2.2483548761e-02,4.4928621798e-01,2.2938122053e-01,1.8939201453e-01,2.2733033336e-02,7.5512403641e-02,2.4141035832e+00
7.4850000000e+02,1.1278908653e-02,2.2371831469e-02,4.4770454173e-01,2.3169426487e-01,1.9072175905e-01,2.1910600413e-02,7.4318093820e-02,2.4225562339e+00
7.4900000000e+02,1.1363762166e-02,2.2339578507e-02,4.4633810356e-01,2.3346708029e-01,1.9048221012e-01,2.1322399731e-02,7.4686865628e-02,2.4252414243e+00
7.4950000000e+02,1.1391197062e-02,2.2401718553e-02,4.4707214880e-01,2.3319211374e-01,1.9121858959e-01,2.0776771760e-02,7.3947460500e-02,2.4266001910e+00
7.5000000000e+02,1.1389749281e-02,2.2194855898e-02,4.4571379949e-01,2.3508300199e-01,1.9243151221e-01,1.9953799202e-02,7.3233281923e-02,2.4281623363e+00
7.5050000000e+02,1.1539761145e-02,2.2470553776e-02,4.4380016028e-01,2.3592391881e-01,1.9327963858e-01,1.9200820949e-02,7.3785146457e-02,2.4365508870e+00
7.5100000000e+02,1.1616321739e-02,2.2613975364e-02,4.4357606838e-01,2.3581691055e-01,1.9373977004e-01,1.8632378825e-02,7.4004575101e-02,2.4358367031e+00
7.5150000000e+02,1.1421716299e-02,2.2675098270e-02,4.4256001148e-01,2.3730411323e-01,1.9462222435e-01,1.8237630505e-02,7.3179205868e-02,2.4371916804e+00
7.5200000000e+02,1.1392719644e-02,2.2613969585e-02,4.4117913171e-01,2.3983346742e-01,1.9514998210e-01,1.7332988340e-02,7.2497741196e-02,2.4318731431e+00
7.5250000000e+02,1.1374720237e-02,2.2646829392e-02,4.3872072577e-01,2.4263709415e-01,1.9568567540e-01,1.6870840027e-02,7.2064115024e-02,2.4331691519e+00
7.5300000000e+02,1.1394836542e-02,2.2673836756e-02,4.3600325034e-01,2.4549690091e-01,1.9614304844e-01,1.6506463211e-02,7.1781663798e-02,2.4404699572e+00
7.5350000000e+02,1.1399344170e-02,2.2664065725e-02,4.3333607111e-01,2.4722735244e-01,1.9686284652e-01,1.6097650523e-02,7.2412669517e-02,2.4428247448e+00
7.5400000000e+02,1.1386773313e-02,2.2605513587e-02,4.2993128344e-01,2.5044502348e-01,1.9713460092e-01,1.5593097496e-02,7.2903707775e-02,2.4542241806e+00
7.5450000000e+02,1.1566298489e-02,2.2407521180e-02,4.3109951272e-01,2.4995517139e-01,1.9794080351e-01,1.5092458844e-02,7.1938233869e-02,2.4558340174e+00
7.5500000000e+02,1.1582532025e-02,2.2245488921e-02,4.2860335271e-01,2.5357051906e-01,1.9773121940e-01,1.4473414278e-02,7.1793473615e-02,2.4549977545e+00
7.5550000000e+02,1.1618104363e-02,2.2402667942e-02,4.2524849316e-01,2.5670224022e-01,1.9781172772e-01,1.4243403191e-02,7.1973363407e-02,2.4606393833e+00
7.5600000000e+02,1.1698086316e-02,2.2192402154e-02,4.2214831723e-01,2.5906516141e-01,1.9933203354e-01,1.3823394749e-02,7.1740604601e-02,2.4618589217e+00
7.5650000000e+02,1.1791200216e-02,2.1824600149e-02,4.1972688485e-01,2.6187041446e-01,1.9994612645e-01,1.3500039901e-02,7.1340733965e-02,2.4645707234e+00
7.5700000000e+02,1.1834515886e-02,2.1603872964e-02,4.1876180688e-01,2.6357342418e-01,2.0013334235e-01,1.3238623363e-02,7.0854414373e-02,2.4671512300e+00
7.5750000000e+02,1.1921701660e-02,2.1472582738e-02,4.1602704418e-01,2.6694001444e-01,1.9970342439e-01,1.3025948687e-02,7.0909283909e-02,2.4684192448e+00
7.5800000000e+02,1.2001942854e-02,2.1549953648e-02,4.1331181456e-01,2.6808481067e-01,2.0096264062e-01,1.2992613021e-02,7.1096224641e-02,2.4800914340e+00
7.5850000000e+02,1.2059740941e-02,2.1526238155e-02,4.1101057795e-01,2.7029936036e-01,2.0094898774e-01,1.3145424098e-02,7.1009670755e-02,2.4814299852e+00
7.5900000000e+02,1.2337318927e-02,2.1454832927e-02,4.0836381917e-01,2.7229902536e-01,2.0035759110e-01,1.3007083222e-02,7.2180329290e-02,2.4887975502e+00
7.5950000000e+02,1.2414115295e-02,2.1167205755e-02,4.0599306878e-01,2.7293599798e-01,2.0159922220e-01,1.2995859604e-02,7.2894530391e-02,2.4937329373e+00
7.6000000000e+02,1.2386665297e-02,2.1078696808e-02,4.0367128460e-01,2.7514293946e-01,2.0130747092e-01,1.3035417904e-02,7.3377525008e-02,2.4943114913e+00
7.6050000000e+02,1.2291910336e-02,2.0981469823e-02,3.9778957663e-01,2.8088283042e-01,2.0099927048e-01,1.3076059671e-02,7.3978882641e-02,2.5065842324e+00
7.6100000000e+02,1.2431512692e-02,2.0899277884e-02,3.9389465477e-01,2.8218047482e-01,2.0229243306e-01,1.3212565312e-02,7.5089081461e-02,2.5165138568e+00
7.6150000000e+02,1.2509989252e-02,2.0952405017e-02,3.8828675395e-01,2.8646398660e-01,2.0300910048e-01,1.3229774554e-02,7.5547990143e-02,2.5224632766e+00
7.6200000000e+02,1.2539458893e-02,2.0760101753e-02,3.8320401007e-01,2.9168788408e-01,2.0261137403e-01,1.3318157042e-02,7.5879014132e-02,2.5238969633e+00
7.6250000000e+02,1.2605784062e-02,2.0661564618e-02,3.8060708738e-01,2.9466137039e-01,2.0264330440e-01,1.3172209174e-02,7.5648679976e-02,2.5266873706e+00
7.6300000000e+02,1.2680709467e-02,2.0513469328e-02,3.7804122672e-01,2.9673848787e-01,2.0202616764e-01,1.3301535914e-02,7.6698403064e-02,2.5281938476e+00
7.6350000000e+02,1.2849149074e-02,2.0395404763e-02,3.7588767339e-01,2.9698639238e-01,2.0258908567e-01,1.3527286929e-02,7.7765007790e-02,2.5426017258e+00
7.6400000000e+02,1.2968616544e-02,2.0156630292e-02,3.7337233434e-01,2.9823180869e-01,2.0300009157e-01,1.3675431666e-02,7.8595086900e-02,2.5480361824e+00
7.6450000000e+02,1.2953176249e-02,1.9916959517e-02,3.6960731421e-01,3.0176307258e-01,2.0382526987e-01,1.3690676757e-02,7.8243530812e-02,2.5478467991e+00
7.6500000000e+02,1.2928682246e-02,1.9716974440e-02,3.6827177961e-01,3.0363098485e-01,2.0372970273e-01,1.3893509669e-02,7.7828366454e-02,2.5502343156e+00
7.6550000000e+02,1.2908426095e-02,1.9555234371e-02,3.6569441009e-01,3.0596829365e-01,2.0426490594e-01,1.4116424736e-02,7.7492305110e-02,2.5539610804e+00
7.6600000000e+02,1.3105699586e-02,1.9407368023e-02,3.6179444217e-01,3.1002709988e-01,2.0369393543e-01,1.4471684954e-02,7.7499769963e-02,2.5550311929e+00
7.6650000000e+02,1.3463407420e-02,1.9365764454e-02,3.6075162244e-01,3.1060733618e-01,2.0343613667e-01,1.4877379607e-02,7.7498353231e-02,2.5631880164e+00
7.6700000000e+02,1.3554742516e-02,1.9153231078e-02,3.5868780562e-01,3.1302543364e-01,2.0344035061e-01,1.5046771155e-02,7.7091665376e-02,2.5668273120e+00
7.6750000000e+02,1.3627359807e-02,1.8947666069e-02,3.5683002377e-01,3.1494467699e-01,2.0337786294e-01,1.5391396213e-02,7.6881014210e-02,2.5594944561e+00
7.6800000000e+02,1.3687903322e-02,1.8636983819e-02,3.5379164113e-01,3.1715148905e-01,2.0361391770e-01,1.5688664972e-02,7.7429399999e-02,2.5608906596e+00
7.6850000000e+02,1.3708404379e-02,1.8432990154e-02,3.5103070511e-01,3.2009225064e-01,2.0266487822e-01,1.6105508865e-02,7.7965262626e-02,2.5669440279e+00
7.6900000000e+02,1.3734654491e-02,1.8414927457e-02,3.4812971153e-01,3.2186763243e-01,2.0288641824e-01,1.6339050475e-02,7.8627605385e-02,2.5704769394e+00
7.6950000000e+02,1.3813863982e-02,1.8306205988e-02,3.4325261192e-01,3.2603015415e-01,2.0315526317e-01,1.6639715700e-02,7.8802185087e-02,2.5756885510e+00
7.7000000000e+02,1.3781278316e-02,1.8231620726e-02,3.3887041817e-01,3.3155109998e-01,2.0210624495e-01,1.7149774590e-02,7.8309563273e-02,2.5732651766e+00
7.7050000000e+02,1.3736695225e-02,1.8175274537e-02,3.3579417281e-01,3.3366464577e-01,2.0238916543e-01,1.7668647410e-02,7.8571398811e-02,2.5776746118e+00
7.7100000000e+02,1.3738227320e-02,1.7915083770e-02,3.3248140007e-01,3.3462844210e-01,2.0305264877e-01,1.8025306122e-02,8.0158891842e-02,2.5870917710e+00
7.7150000000e+02,1.3791847376e-02,1.7672700784e-02,3.2716077591e-01,3.3665330603e-01,2.0497917614e-01,1.8555922069e-02,8.1186271697e-02,2.6003746612e+00
7.7200000000e+02,1.3770222092e-02,1.7401648785e-02,3.2517351879e-01,3.3805291153e-01,2.0610509507e-01,1.8698722625e-02,8.0797881112e-02,2.5982141331e+00
7.7250000000e+02,1.3859376460e-02,1.7105879512e-02,3.2228888462e-01,3.4064895282e-01,2.0642112745e-01,1.9361890650e-02,8.0313888489e-02,2.5980149714e+00
7.7300000000e+02,1.3820183499e-02,1.6687673561e-02,3.2086026890e-01,3.4126527928e-01,2.0684427172e-01,1.9807067350e-02,8.0715255697e-02,2.5994110758e+00
7.7350000000e+02,1.3928105992e-02,1.6565840354e-02,3.1881954324e-01,3.4137402895e-01,2.0746787809e-01,2.0170992974e-02,8.1673610390e-02,2.6025869704e+00
7.7400000000e+02,1.3889736826e-02,1.6502423954e-02,3.1595152453e-01,3.4304480637e-01,2.0826106020e-01,2.0674642290e-02,8.1675805830e-02,2.6069890130e+00
7.7450000000e+02,1.3796791796e-02,1.6465987561e-02,3.1372141060e-01,3.4332280021e-01,2.0905712266e-01,2.1360762988e-02,8.2275124194e-02,2.6141893207e+00
7.7500000000e+02,1.3885488851e-02,1.6043157177e-02,3.1011612405e-01,3.4597498413e-01,2.0869506494e-01,2.2172747671e-02,8.3112433186e-02,2.6187594231e+00
7.7550000000e+02,1.3851489359e-02,1.5782651972e-02,3.0732481446e-01,3.4738140252e-01,2.0881304495e-01,2.2744949661e-02,8.4101647075e-02,2.6222224082e+00
7.7600000000e+02,1.3807688275e-02,1.5491697225e-02,3.0351089741e-01,3.4946690112e-01,2.1045599289e-01,2.3203797091e-02,8.4063025994e-02,2.6272312295e+00
7.7650000000e+02,1.3556013475e-02,1.5300561779e-02,3.0082575263e-01,3.5253326614e-01,2.0887959916e-01,2.4338571439e-02,8.4566235383e-02,2.6302749997e+00
7.7700000000e+02,1.3419352937e-02,1.5061587180e-02,2.9853289577e-01,3.5463904173e-01,2.0875233181e-01,2.4938646111e-02,8.4656144470e-02,2.6310815843e+00
7.7750000000e+02,1.3387623036e-02,1.4852229483e-02,2.9528496594e-01,3.5888407809e-01,2.0764389008e-01,2.5108395554e-02,8.4838817818e-02,2.6197017731e+00
7.7800000000e+02,1.3517696192e-02,1.4641057306e-02,2.9344344499e-01,3.6128476090e-01,2.0554508329e-01,2.5784455283e-02,8.5783502042e-02,2.6223196882e+00
7.7850000000e+02,1.3598410239e-02,1.4424059514e-02,2.9058697140e-01,3.6253822839e-01,2.0630450815e-01,2.6216425321e-02,8.6331396978e-02,2.6195919650e+00
7.7900000000e+02,1.3661465636e-02,1.4270781581e-02,2.8491803438e-01,3.6640705577e-01,2.0686833649e-01,2.7030819209e-02,8.6843506922e-02,2.6206371926e+00
7.7950000000e+02,1.3594008876e-02,1.4077568162e-02,2.8185643102e-01,3.7025013504e-01,2.0534335193e-01,2.7925517237e-02,8.6952987729e-02,2.6111482956e+00
7.8000000000e+02,1.3532128149e-02,1.3899118321e-02,2.7970887096e-01,3.7100018419e-01,2.0555933037e-01,2.8576446709e-02,8.7723921305e-02,2.6150637919e+00
7.8050000000e+02,1.3368313335e-02,1.3687671502e-02,2.7815080562e-01,3.7297105096e-01,2.0474992613e-01,2.9098653767e-02,8.7973578689e-02,2.6059144872e+00
7.8100000000e+02,1.3352057951e-02,1.3485576958e-02,2.7657376954e-01,3.7413840977e-01,2.0406714124e-01,2.9868028755e-02,8.8515015789e-02,2.6031984112e+00
7.8150000000e+02,1.3280933154e-02,1.3314814975e-02,2.7227849298e-01,3.7706657408e-01,2.0453314364e-01,3.0775398579e-02,8.8750642591e-02,2.6001420869e+00
7.8200000000e+02,1.3163709374e-02,1.3178005570e-02,2.6991150046e-01,3.7795592374e-01,2.0522718287e-01,3.1186437079e-02,8.9377240918e-02,2.5969129275e+00
7.8250000000e+02,1.3140193275e-02,1.2924466562e-02,2.6554177188e-01,3.8246425933e-01,2.0485570108e-01,3.1446379180e-02,8.9627228686e-02,2.5874461772e+00
7.8300000000e+02,1.3026950658e-02,1.2800652937e-02,2.6217606640e-01,3.8664202712e-01,2.0417482175e-01,3.1874724000e-02,8.9304757132e-02,2.5806643144e+00
7.8350000000e+02,1.2942339146e-02,1.2618632029e-02,2.5815599772e-01,3.8918413789e-01,2.0487581160e-01,3.2518687228e-02,8.9704394380e-02,2.5766455987e+00
7.8400000000e+02,1.2859315570e-02,1.2573829320e-02,2.5507243100e-01,3.9237820138e-01,2.0390793367e-01,3.3127372752e-02,9.0080916308e-02,2.5696980026e+00
7.8450000000e+02,1.2889279576e-02,1.2494143765e-02,2.5297987333e-01,3.9352888285e-01,2.0374459603e-01,3.3707862012e-02,9.0655362437e-02,2.5669774034e+00
7.8500000000e+02,1.2826962694e-02,1.2391169778e-02,2.4978391761e-01,3.9546279230e-01,2.0282051016e-01,3.4241953186e-02,9.2472694267e-02,2.5659830785e+00
7.8550000000e+02,1.2766520718e-02,1.2261461806e-02,2.4526897554e-01,4.0001260460e-01,2.0150437157e-01,3.5516852700e-02,9.2669213071e-02,2.5613150098e+00
7.8600000000e+02,1.2774359787e-02,1.2142255832e-02,2.4195790415e-01,4.0048211582e-01,2.0160201050e-01,3.7124460734e-02,9.3916893179e-02,2.5631017885e+00
7.8650000000e+02,1.2672097243e-02,1.1952639411e-02,2.3873304069e-01,4.0364229666e-01,2.0046074671e-01,3.8261477273e-02,9.4277702009e-02,2.5528340683e+00
7.8700000000e+02,1.2686801575e-02,1.1741297697e-02,2.3688815591e-01,4.0354214882e-01,2.0019074411e-01,3.9860376178e-02,9.5090475712e-02,2.5534988953e+00
7.8750000000e+02,1.2653317059e-02,1.1608465626e-02,2.3304919068e-01,4.0565970686e-01,1.9936144170e-01,4.1006183128e-02,9.6661694952e-02,2.5540180055e+00
7.8800000000e+02,1.2441959093e-02,1.1389135343e-02,2.2975504730e-01,4.0809841756e-01,1.9946286907e-01,4.1662593885e-02,9.7189977744e-02,2.5489957958e+00
7.8850000000e+02,1.2451843041e-02,1.1147276480e-02,2.2772191932e-01,4.0991260066e-01,1.9997210693e-01,4.2056910538e-02,9.6737343026e-02,2.5419709757e+00
7.8900000000e+02,1.2545470003e-02,1.0982794146e-02,2.2523024297e-01,4.1020709876e-01,2.0060993475e-01,4.2566894563e-02,9.7857564797e-02,2.5403102820e+00
7.8950000000e+02,1.2544467852e-02,1.0715026715e-02,2.2064064408e-01,4.1648026439e-01,1.9907998812e-01,4.3691284034e-02,9.6848324810e-02,2.5265034116e+00
7.9000000000e+02,1.2555359267e-02,1.0586113739e-02,2.1795634764e-01,4.1758089390e-01,1.9858726171e-01,4.5095283032e-02,9.7638740707e-02,2.5205217852e+00
7.9050000000e+02,1.2557481743e-02,1.0360827029e-02,2.1590871791e-01,4.1993097650e-01,1.9816764845e-01,4.5127170382e-02,9.7947177993e-02,2.5057145771e+00
7.9100000000e+02,1.2373072396e-02,1.0181065625e-02,2.1292526595e-01,4.2327015353e-01,1.9739017999e-01,4.5601311385e-02,9.8258951117e-02,2.4906683820e+00
7.9150000000e+02,1.2153274689e-02,9.9332317123e-03,2.0942607272e-01,4.2712835718e-01,1.9593541700e-01,4.6713545517e-02,9.8710101189e-02,2.4773325289e+00
7.9200000000e+02,1.2136075971e-02,9.8782611384e-03,2.0668620551e-01,4.2647052348e-01,1.9711566852e-01,4.7232862447e-02,1.0048040293e-01,2.4767081680e+00
7.9250000000e+02,1.2119379717e-02,9.7724053359e-03,2.0400162601e-01,4.2831691732e-01,1.9681753802e-01,4.8170424479e-02,1.0080170912e-01,2.4709382547e+00
7.9300000000e+02,1.2095523955e-02,9.6922653099e-03,2.0280323394e-01,4.3048436452e-01,1.9506432118e-01,4.9086282173e-02,1.0077400893e-01,2.4588618577e+00
7.9350000000e+02,1.2016262239e-02,9.5544763024e-03,1.9998737615e-01,4.3277324281e-01,1.9311537945e-01,5.0268122074e-02,1.0228514097e-01,2.4463991558e+00
7.9400000000e+02,1.1885403316e-02,9.3317778793e-03,1.9646144416e-01,4.3753823231e-01,1.9228857541e-01,5.0495924362e-02,1.0199864256e-01,2.4229219371e+00
7.9450000000e+02,1.1955329486e-02,9.1947349515e-03,1.9310258115e-01,4.4010918783e-01,1.9222464175e-01,5.1516523037e-02,1.0189700179e-01,2.4158472978e+00
7.9500000000e+02,1.1924779334e-02,9.0241743347e-03,1.8819873218e-01,4.4511054973e-01,1.9144456541e-01,5.1984459280e-02,1.0231273974e-01,2.4025105832e+00
7.9550000000e+02,1.1986831818e-02,9.0094189409e-03,1.8478368165e-01,4.4814132334e-01,1.9047903407e-01,5.3222270237e-02,1.0237743993e-01,2.3883520150e+00
7.9600000000e+02,1.2055244248e-02,8.9316335941e-03,1.8124324515e-01,4.5050330908e-01,1.9031478008e-01,5.3901157644e-02,1.0305063021e-01,2.3794123036e+00
7.9650000000e+02,1.1885524281e-02,8.7868884208e-03,1.7850176728e-01,4.5140490050e-01,1.9094410192e-01,5.4629600904e-02,1.0384721669e-01,2.3650989868e+00
7.9700000000e+02,1.1820927728e-02,8.6375392797e-03,1.7522560568e-01,4.5340494800e-01,1.9041146910e-01,5.5167321557e-02,1.0533218866e-01,2.3514307763e+00
7.9750000000e+02,1.1787832601e-02,8.4035820311e-03,1.7289095825e-01,4.5441599728e-01,1.9088255848e-01,5.5741693472e-02,1.0587737788e-01,2.3400714478e+00
7.9800000000e+02,1.1747787845e-02,8.3945038529e-03,1.7148488790e-01,4.5609393653e-01,1.9004638805e-01,5.6023674575e-02,1.0620882125e-01,2.3285180965e+00
7.9850000000e+02,1.1806097383e-02,8.3142706015e-03,1.6850232247e-01,4.5618993322e-01,1.9039176112e-01,5.7328009742e-02,1.0746760546e-01,2.3281289687e+00
7.9900000000e+02,1.1833101677e-02,8.2418968426e-03,1.6710699504e-01,4.5748807024e-01,1.8892567426e-01,5.8849223296e-02,1.0755503865e-01,2.3179083646e+00
7.9950000000e+02,1.1838260800e-02,8.0832029409e-03,1.6322349730e-01,4.6117755469e-01,1.8717766229e-01,6.0119393186e-02,1.0838042879e-01,2.3102831350e+00
8.0000000000e+02,1.1706846539e-02,7.9736819714e-03,1.6054276913e-01,4.6241049074e-01,1.8787300040e-01,6.1001695971e-02,1.0849151524e-01,2.2984594705e+00
8.0050000000e+02,1.1596585023e-02,7.7888470453e-03,1.5694666118e-01,4.6523468040e-01,1.8818766548e-01,6.2434846799e-02,1.0781071407e-01,2.2828634477e+00
8.0100000000e+02,1.1494276641e-02,7.6895361128e-03,1.5410339349e-01,4.6703300284e-01,1.8712691254e-01,6.4559748181e-02,1.0799313020e-01,2.2671568791e+00
8.0150000000e+02,1.1380475581e-02,7.5935757233e-03,1.5237148517e-01,4.6817193735e-01,1.8580606684e-01,6.6419450555e-02,1.0825700878e-01,2.2555443717e+00
8.0200000000e+02,1.1252236616e-02,7.4537167827e-03,1.5045981153e-01,4.6880411128e-01,1.8514102355e-01,6.8017974243e-02,1.0887112599e-01,2.2388963657e+00
8.0250000000e+02,1.1265838421e-02,7.3866280712e-03,1.5021679159e-01,4.6664018065e-01,1.8505446495e-01,6.9847261410e-02,1.0958883491e-01,2.2303807499e+00
8.0300000000e+02,1.1176145653e-02,7.3718660561e-03,1.5027949902e-01,4.6641849013e-01,1.8424735284e-01,7.1295016182e-02,1.0921163013e-01,2.2074286112e+00
8.0350000000e+02,1.0982119587e-02,7.2982607256e-03,1.4880213245e-01,4.6840822981e-01,1.8328240963e-01,7.1551448287e-02,1.0967539950e-01,2.1827232549e+00
8.0400000000e+02,1.0985328869e-02,7.3123243103e-03,1.4528669735e-01,4.7119951079e-01,1.8227106948e-01,7.2458577991e-02,1.1048649121e-01,2.1685872518e+00
8.0450000000e+02,1.0919655589e-02,7.2861097168e-03,1.4265105179e-01,4.7404462029e-01,1.8016883447e-01,7.3426669337e-02,1.1150305881e-01,2.1523166128e+00
8.0500000000e+02,1.0927431750e-02,7.1468356528e-03,1.4214785521e-01,4.7422207451e-01,1.8031577880e-01,7.3070483523e-02,1.1216954056e-01,2.1310413941e+00
8.0550000000e+02,1.0989116170e-02,7.1452650142e-03,1.4173911355e-01,4.7388885989e-01,1.7989433353e-01,7.4119381466e-02,1.1222393038e-01,2.1209224267e+00
8.0600000000e+02,1.0950635826e-02,7.1790485040e-03,1.3966696435e-01,4.7578222028e-01,1.7851986259e-01,7.5454590774e-02,1.1244667768e-01,2.1104660746e+00
8.0650000000e+02,1.0815323472e-02,7.1616863931e-03,1.3699078811e-01,4.7872823067e-01,1.7669088827e-01,7.6865679515e-02,1.1274740357e-01,2.0932323127e+00
8.0700000000e+02,1.0697666894e-02,7.0338978703e-03,1.3521472712e-01,4.8039723623e-01,1.7575681209e-01,7.8539894240e-02,1.1235976556e-01,2.0768715708e+00
8.0750000000e+02,1.0667146899e-02,6.9869220958e-03,1.3448310113e-01,4.8204207488e-01,1.7421420335e-01,7.9513422560e-02,1.1209312909e-01,2.0568809677e+00
8.0800000000e+02,1.0527574909e-02,6.9657182381e-03,1.3291947455e-01,4.8114907697e-01,1.7475857549e-01,8.1093710680e-02,1.1258586917e-01,2.0456601191e+00
8.0850000000e+02,1.0540770953e-02,6.8943529700e-03,1.3190942572e-01,4.7897262372e-01,1.7591847394e-01,8.2231118070e-02,1.1353323462e-01,2.0322706675e+00
8.0900000000e+02,1.0487754799e-02,6.8156501244e-03,1.3156193952e-01,4.7746922389e-01,1.7551362770e-01,8.4215164309e-02,1.1393663967e-01,2.0189854597e+00
8.0950000000e+02,1.0506143911e-02,6.6578756228e-03,1.3155005863e-01,4.7769217620e-01,1.7472128569e-01,8.5333133194e-02,1.1353932675e-01,2.0044652825e+00
8.1000000000e+02,1.0558193239e-02,6.6616826114e-03,1.3118801639e-01,4.7663293115e-01,1.7440521783e-01,8.7463546920e-02,1.1309041186e-01,1.9949397577e+00
8.1050000000e+02,1.0457092904e-02,6.5973905125e-03,1.3038506135e-01,4.7749223216e-01,1.7244381917e-01,8.8678442551e-02,1.1394596135e-01,1.9737044997e+00
8.1100000000e+02,1.0453248755e-02,6.5758166859e-03,1.3039350463e-01,4.7693735181e-01,1.7117462962e-01,9.0477957980e-02,1.1398749052e-01,1.9579638290e+00
8.1150000000e+02,1.0529758321e-02,6.5794436806e-03,1.3048226701e-01,4.7550656545e-01,1.7165526678e-01,9.1012204052e-02,1.1423449470e-01,1.9416626299e+00
8.1200000000e+02,1.0602066483e-02,6.4547620853e-03,1.2998559140e-01,4.7716543434e-01,1.7032743009e-01,9.1487138358e-02,1.1397757725e-01,1.9228728369e+00
8.1250000000e+02,1.0584673117e-02,6.3929962171e-03,1.2979795192e-01,4.7558799137e-01,1.6980087823e-01,9.3202682719e-02,1.1463282643e-01,1.9136079899e+00
8.1300000000e+02,1.0284684109e-02,6.3126594079e-03,1.2778020960e-01,4.7882662033e-01,1.6798851124e-01,9.5176508721e-02,1.1363080658e-01,1.9008466912e+00
8.1350000000e+02,1.0206642080e-02,6.1889588115e-03,1.2800058330e-01,4.7802608600e-01,1.6823307039e-01,9.5295406998e-02,1.1404925241e-01,1.8840563181e+00
8.1400000000e+02,1.0003614549e-02,6.0258778479e-03,1.2819930913e-01,4.7876416668e-01,1.6761899116e-01,9.6703744918e-02,1.1268429571e-01,1.8612694343e+00
8.1450000000e+02,9.8435019483e-03,6.0001976707e-03,1.2562394615e-01,4.8177952737e-01,1.6701652870e-01,9.7372412728e-02,1.1236388543e-01,1.8484787800e+00
8.1500000000e+02,9.8310160225e-03,5.9462509106e-03,1.2441946285e-01,4.8222181130e-01,1.6727194034e-01,9.8777069343e-02,1.1153244924e-01,1.8369551931e+00
8.1550000000e+02,9.7091052980e-03,5.8995416559e-03,1.2476589318e-01,4.8100495680e-01,1.6719367266e-01,9.9892383336e-02,1.1153444707e-01,1.8223653202e+00
8.1600000000e+02,9.7289015852e-03,5.8596842833e-03,1.2472778149e-01,4.7768144022e-01,1.6693703205e-01,1.0098282027e-01,1.1408234011e-01,1.8196843747e+00
8.1650000000e+02,9.7090953204e-03,5.8523086838e-03,1.2435736768e-01,4.7761921860e-01,1.6645238639e-01,1.0258330595e-01,1.1342631737e-01,1.8145724231e+00
8.1700000000e+02,9.7282154856e-03,5.8653209152e-03,1.2405418305e-01,4.7831229240e-01,1.6434207178e-01,1.0417832052e-01,1.1351959584e-01,1.8095342174e+00
8.1750000000e+02,9.5683836402e-03,5.8143065805e-03,1.2546643568e-01,4.7736236416e-01,1.6213486092e-01,1.0631604263e-01,1.1333760639e-01,1.8001758787e+00
8.1800000000e+02,9.5641393031e-03,5.7988101169e-03,1.2687032845e-01,4.7688331422e-01,1.6128234841e-01,1.0687235462e-01,1.1272870489e-01,1.8008554132e+00
8.1850000000e+02,9.4913138531e-03,5.7657777798e-03,1.2718605939e-01,4.7793432686e-01,1.5980909187e-01,1.0730118710e-01,1.1251224314e-01,1.8001305251e+00
8.1900000000e+02,9.4149748218e-03,5.7262585792e-03,1.2770933651e-01,4.7605623860e-01,1.6009496924e-01,1.0765900881e-01,1.1333921345e-01,1.8039266103e+00
8.1950000000e+02,9.3990851087e-03,5.7647904154e-03,1.2858828370e-01,4.7419713640e-01,1.5892396147e-01,1.0927099266e-01,1.1385575024e-01,1.8110070448e+00
8.2000000000e+02,9.3223760371e-03,5.7171533692e-03,1.2925375587e-01,4.7497828016e-01,1.5861167419e-01,1.0883662681e-01,1.1328013356e-01,1.8098076099e+00
8.2050000000e+02,9.2539273938e-03,5.6713602996e-03,1.2871533623e-01,4.7634408607e-01,1.5772992108e-01,1.0959510629e-01,1.1269026264e-01,1.8122102601e+00
8.2100000000e+02,9.2330149327e-03,5.6607593265e-03,1.2928531644e-01,4.7817444721e-01,1.5570078830e-01,1.1033237283e-01,1.1161330096e-01,1.8112887013e+00
8.2150000000e+02,9.0644825519e-03,5.6334733208e-03,1.2970404283e-01,4.7728618255e-01,1.5512419383e-01,1.1086740321e-01,1.1232022171e-01,1.8195597741e+00
8.2200000000e+02,9.0550710184e-03,5.6150766024e-03,1.2951401414e-01,4.7805111810e-01,1.5495280642e-01,1.1033962652e-01,1.1247228719e-01,1.8257077004e+00
8.2250000000e+02,8.9354495086e-03,5.5560688123e-03,1.3098034998e-01,4.7768213039e-01,1.5434870331e-01,1.1084183930e-01,1.1165545870e-01,1.8283332227e+00
8.2300000000e+02,9.0437011882e-03,5.5546437280e-03,1.3149455567e-01,4.7623118634e-01,1.5349127170e-01,1.1199190074e-01,1.1219274063e-01,1.8377583006e+00
8.2350000000e+02,8.9647536069e-03,5.5160156376e-03,1.3173060255e-01,4.7466030986e-01,1.5419167205e-01,1.1223126598e-01,1.1270538032e-01,1.8444015381e+00
8.2400000000e+02,9.0153358475e-03,5.5804806683e-03,1.3304677636e-01,4.7303486120e-01,1.5264480151e-01,1.1394517509e-01,1.1273256932e-01,1.8522183935e+00
8.2450000000e+02,8.9741665961e-03,5.6130476922e-03,1.3459411798e-01,4.7051962295e-01,1.5210428857e-01,1.1495749940e-01,1.1323725681e-01,1.8648507573e+00
8.2500000000e+02,8.9439615655e-03,5.7214932305e-03,1.3534937029e-01,4.6972526536e-01,1.5050753103e-01,1.1630453546e-01,1.1344784307e-01,1.8772132656e+00
8.2550000000e+02,8.9641579342e-03,5.8378863975e-03,1.3688204969e-01,4.6600853478e-01,1.5070526174e-01,1.1713456601e-01,1.1446754345e-01,1.8930391470e+00
8.2600000000e+02,8.8846893972e-03,5.8901887023e-03,1.3722023703e-01,4.6520142698e-01,1.4979607874e-01,1.1847283425e-01,1.1453454491e-01,1.8984222729e+00
8.2650000000e+02,8.8117088212e-03,5.8794482116e-03,1.3848867460e-01,4.6299722772e-01,1.4882161762e-01,1.2011113820e-01,1.1489018482e-01,1.9084623869e+00
8.2700000000e+02,8.7604196465e-03,5.8773652770e-03,1.3874276789e-01,4.6170001599e-01,1.4804133210e-01,1.2134366958e-01,1.1553442952e-01,1.9196353821e+00
8.2750000000e+02,8.7666584014e-03,5.8592571289e-03,1.3971592447e-01,4.6112265981e-01,1.4652998270e-01,1.2264755797e-01,1.1535795953e-01,1.9268992172e+00
8.2800000000e+02,8.7721582334e-03,5.8876508081e-03,1.4022135268e-01,4.6188846602e-01,1.4405039698e-01,1.2402290367e-01,1.1515707162e-01,1.9329452533e+00
8.2850000000e+02,8.6294806981e-03,5.8896506825e-03,1.4210021456e-01,4.6030380934e-01,1.4309332675e-01,1.2448477468e-01,1.1549874329e-01,1.9380411050e+00
8.2900000000e+02,8.6148601571e-03,5.9428353880e-03,1.4326180531e-01,4.5941209445e-01,1.4289959345e-01,1.2547687185e-01,1.1439193940e-01,1.9406079796e+00
8.2950000000e+02,8.5074649889e-03,6.0110777625e-03,1.4418472544e-01,4.5626455128e-01,1.4407500039e-01,1.2595203776e-01,1.1500514238e-01,1.9527245060e+00
8.3000000000e+02,8.5557110760e-03,6.0102667980e-03,1.4361714291e-01,4.5660348778e-01,1.4254072184e-01,1.2726976292e-01,1.1540290668e-01,1.9586074213e+00
8.3050000000e+02,8.4604580854e-03,6.0144386344e-03,1.4421206314e-01,4.5589751088e-01,1.4137378583e-01,1.2886483166e-01,1.1517691177e-01,1.9602551412e+00
8.3100000000e+02,8.3303248095e-03,5.9854297479e-03,1.4404586983e-01,4.5639734322e-01,1.3995782911e-01,1.3041855312e-01,1.1486465016e-01,1.9672150760e+00
8.3150000000e+02,8.3069623475e-03,6.0688726259e-03,1.4522520427e-01,4.5496248286e-01,1.3949846935e-01,1.3063641802e-01,1.1530159053e-01,1.9694179912e+00
8.3200000000e+02,8.2468135372e-03,6.1502002257e-03,1.4696909539e-01,4.5274217275e-01,1.3882017904e-01,1.3119317743e-01,1.1587836162e-01,1.9778840744e+00
8.3250000000e+02,8.2138006243e-03,6.1282061611e-03,1.4899073865e-01,4.5231313684e-01,1.3817505381e-01,1.3107532345e-01,1.1510374047e-01,1.9786641246e+00
8.3300000000e+02,8.2529132822e-03,6.2195567903e-03,1.5032061911e-01,4.5187773686e-01,1.3633802982e-01,1.3201597484e-01,1.1497516930e-01,1.9850845326e+00
8.3350000000e+02,8.2389078148e-03,6.2098603144e-03,1.5177596354e-01,4.4963786646e-01,1.3486499329e-01,1.3302688621e-01,1.1624552237e-01,1.9936460565e+00
8.3400000000e+02,8.3054144152e-03,6.1864122149e-03,1.5246902243e-01,4.4839467234e-01,1.3443105298e-01,1.3449813460e-01,1.1571529102e-01,1.9977489579e+00
8.3450000000e+02,8.2520728266e-03,6.2157245866e-03,1.5499225652e-01,4.4648029496e-01,1.3336200433e-01,1.3539136859e-01,1.1530627818e-01,1.9975199911e+00
8.3500000000e+02,8.2224991444e-03,6.3336631646e-03,1.5727014186e-01,4.4460260396e-01,1.3363767974e-01,1.3538630196e-01,1.1454711016e-01,1.9995297702e+00
8.3550000000e+02,8.2661847058e-03,6.5140625784e-03,1.5765619188e-01,4.4335002517e-01,1.3313239698e-01,1.3535691409e-01,1.1572422460e-01,2.0046505452e+00
8.3600000000e+02,8.2276832041e-03,6.5866024366e-03,1.6004670738e-01,4.3999893675e-01,1.3403626365e-01,1.3496457874e-01,1.1613922784e-01,2.0070484623e+00
8.3650000000e+02,8.2026908889e-03,6.6370949787e-03,1.6112782039e-01,4.3771711521e-01,1.3302824867e-01,1.3626054306e-01,1.1702648680e-01,2.0137225799e+00
8.3700000000e+02,8.2484883970e-03,6.7560254140e-03,1.6183945142e-01,4.3726892950e-01,1.3176034583e-01,1.3694534936e-01,1.1718141008e-01,2.0187550910e+00
8.3750000000e+02,8.1387187024e-03,6.7172484664e-03,1.6349325050e-01,4.3491139077e-01,1.3092785428e-01,1.3781588979e-01,1.1799564749e-01,2.0295768050e+00
8.3800000000e+02,8.0723972623e-03,6.6178351364e-03,1.6287526117e-01,4.3527086192e-01,1.3098099223e-01,1.3844182080e-01,1.1774083147e-01,2.0366898300e+00
8.3850000000e+02,8.1429492044e-03,6.7365592876e-03,1.6314508541e-01,4.3473668401e-01,1.2958533568e-01,1.3894410783e-01,1.1870927857e-01,2.0426624740e+00
8.3900000000e+02,8.1280278877e-03,6.7709450233e-03,1.6331261664e-01,4.3459513736e-01,1.2969488551e-01,1.3863733697e-01,1.1886105060e-01,2.0480105566e+00
8.3950000000e+02,8.2550011353e-03,6.8681931166e-03,1.6493770714e-01,4.3114359851e-01,1.3050162465e-01,1.3824128266e-01,1.2005259279e-01,2.0619342128e+00
8.4000000000e+02,8.2712648550e-03,6.9424065269e-03,1.6593258420e-01,4.2885707869e-01,1.2966881293e-01,1.3929442557e-01,1.2103342723e-01,2.0707719946e+00
8.4050000000e+02,8.2051935127e-03,7.0115753258e-03,1.6757062612e-01,4.2633010118e-01,1.2924476406e-01,1.4024188246e-01,1.2139585733e-01,2.0819708952e+00
8.4100000000e+02,8.1996275153e-03,7.0831331683e-03,1.6799646461e-01,4.2633507818e-01,1.2859669481e-01,1.4127961644e-01,1.2050938527e-01,2.0927389049e+00
8.4150000000e+02,8.1781271565e-03,7.1629826067e-03,1.7051140119e-01,4.2344138150e-01,1.2853955759e-01,1.4213209266e-01,1.2003445730e-01,2.0989855546e+00
8.4200000000e+02,8.0370427422e-03,7.2689547807e-03,1.7135923161e-01,4.2220404179e-01,1.2839403580e-01,1.4278793033e-01,1.1994876296e-01,2.1045450424e+00
8.4250000000e+02,7.9702625228e-03,7.3902702105e-03,1.6969864816e-01,4.2357967577e-01,1.2835943831e-01,1.4386605209e-01,1.1913565294e-01,2.1113033392e+00
8.4300000000e+02,8.0236435049e-03,7.6438603255e-03,1.7067028219e-01,4.2175214905e-01,1.2910942437e-01,1.4364582308e-01,1.1915481747e-01,2.1317306529e+00
8.4350000000e+02,8.0274423607e-03,7.8017195259e-03,1.7001696170e-01,4.2173755920e-01,1.3063316055e-01,1.4286582495e-01,1.1891733171e-01,2.1369336147e+00
8.4400000000e+02,7.9179961681e-03,7.7275242289e-03,1.7102697582e-01,4.1956938581e-01,1.3107609577e-01,1.4371534614e-01,1.1896667606e-01,2.1445556248e+00
8.4450000000e+02,7.9668859435e-03,7.7588588872e-03,1.7209481409e-01,4.1863612271e-01,1.3085442313e-01,1.4386982495e-01,1.1881907029e-01,2.1525224915e+00
8.4500000000e+02,7.8810364604e-03,7.8366619797e-03,1.7306068897e-01,4.1747618256e-01,1.3147619462e-01,1.4351649170e-01,1.1875274372e-01,2.1591683570e+00
8.4550000000e+02,7.9258494277e-03,7.8608557103e-03,1.7511912769e-01,4.1569326320e-01,1.3110215122e-01,1.4363774069e-01,1.1866101207e-01,2.1704882536e+00
8.4600000000e+02,7.9205307746e-03,7.9216026366e-03,1.7727406476e-01,4.1446211307e-01,1.3010640300e-01,1.4429866238e-01,1.1801662338e-01,2.1739698407e+00
8.4650000000e+02,7.9015848236e-03,8.1284893724e-03,1.7866155487e-01,4.1394078997e-01,1.3004214584e-01,1.4366686539e-01,1.1765856973e-01,2.1780135733e+00
8.4700000000e+02,7.8709763999e-03,8.2154652604e-03,1.8059555425e-01,4.1177313424e-01,1.2973415297e-01,1.4394149856e-01,1.1786921832e-01,2.1843804229e+00
8.4750000000e+02,7.7655885350e-03,8.3424622912e-03,1.8315022562e-01,4.0928498996e-01,1.2958631738e-01,1.4363433474e-01,1.1823608147e-01,2.1945569542e+00
8.4800000000e+02,7.7520222314e-03,8.5047870764e-03,1.8471427706e-01,4.0722836730e-01,1.3036922833e-01,1.4326240523e-01,1.1816891278e-01,2.2053563938e+00
8.4850000000e+02,7.7877644456e-03,8.5412797229e-03,1.8417960011e-01,4.0790815690e-01,1.3096616562e-01,1.4234339879e-01,1.1827363441e-01,2.2156000152e+00
8.4900000000e+02,7.7965493455e-03,8.4885946492e-03,1.8464496211e-01,4.0703325341e-01,1.3041460020e-01,1.4315439255e-01,1.1846764773e-01,2.2227175492e+00
8.4950000000e+02,7.8563056576e-03,8.5944433137e-03,1.8626523259e-01,4.0683974351e-01,1.2933966956e-01,1.4306926471e-01,1.1803534067e-01,2.2290466136e+00
8.5000000000e+02,7.9466643412e-03,8.6471559376e-03,1.8791353826e-01,4.0494236584e-01,1.3017779397e-01,1.4310204084e-01,1.1727044080e-01,2.2321010978e+00
8.5050000000e+02,8.0334015481e-03,8.7680342203e-03,1.8953260813e-01,4.0438045791e-01,1.3101788540e-01,1.4144006143e-01,1.1682755135e-01,2.2427903987e+00
8.5100000000e+02,8.0389095245e-03,8.8387794566e-03,1.8974304845e-01,4.0469599220e-01,1.3174855718e-01,1.4056492216e-01,1.1636979104e-01,2.2543181299e+00
8.5150000000e+02,7.9932897613e-03,8.8224281563e-03,1.9084546342e-01,4.0405767164e-01,1.3240187658e-01,1.4048694505e-01,1.1539232539e-01,2.2651137646e+00
8.5200000000e+02,7.9904223516e-03,8.8811120194e-03,1.9165328994e-01,4.0379768802e-01,1.3280995754e-01,1.4007276812e-01,1.1479476202e-01,2.2729218419e+00
8.5250000000e+02,7.9124524222e-03,9.0689231551e-03,1.9424130343e-01,3.9829198646e-01,1.3409234696e-01,1.3995150507e-01,1.1644148250e-01,2.2923923027e+00
8.5300000000e+02,7.9062347877e-03,9.2127640358e-03,1.9463604707e-01,3.9771617324e-01,1.3495475764e-01,1.3877283983e-01,1.1680118339e-01,2.2967781579e+00
8.5350000000e+02,7.7590454873e-03,9.0349383081e-03,1.9517250976e-01,3.9839355517e-01,1.3455752000e-01,1.3902855062e-01,1.1605388066e-01,2.3027633200e+00
8.5400000000e+02,7.7175115408e-03,9.1185784106e-03,1.9528263429e-01,3.9877004344e-01,1.3420080740e-01,1.3830835766e-01,1.1660206726e-01,2.3080463277e+00
8.5450000000e+02,7.7503460977e-03,9.1813920455e-03,1.9644491968e-01,3.9743001553e-01,1.3494079528e-01,1.3725451249e-01,1.1699801888e-01,2.3187842850e+00
8.5500000000e+02,7.8051782947e-03,9.1113928413e-03,1.9753590868e-01,3.9766885769e-01,1.3505085488e-01,1.3649232514e-01,1.1633548246e-01,2.3275773805e+00
8.5550000000e+02,7.7773496086e-03,9.2296938706e-03,1.9914831259e-01,3.9665464293e-01,1.3528211580e-01,1.3527486062e-01,1.1663302458e-01,2.3365123098e+00
8.5600000000e+02,7.7905001241e-03,9.2831194728e-03,2.0198174752e-01,3.9450634388e-01,1.3548429347e-01,1.3509553004e-01,1.1585846550e-01,2.3485363114e+00
8.5650000000e+02,7.8084417412e-03,9.1603831401e-03,2.0386375488e-01,3.9253289290e-01,1.3660095430e-01,1.3406329606e-01,1.1597027697e-01,2.3503372879e+00
8.5700000000e+02,7.9525000312e-03,9.1597121571e-03,2.0676944083e-01,3.8973590125e-01,1.3958215850e-01,1.3158822750e-01,1.1521205973e-01,2.3662303746e+00
8.5750000000e+02,7.9840935201e-03,9.0382945004e-03,2.0788915955e-01,3.8867367114e-01,1.4114863357e-01,1.2959153404e-01,1.1567461368e-01,2.3753575289e+00
8.5800000000e+02,7.9170275835e-03,9.0872985177e-03,2.1002187855e-01,3.8705555214e-01,1.4105729524e-01,1.2856372434e-01,1.1629722364e-01,2.3790791814e+00
8.5850000000e+02,7.9024616359e-03,9.1175238680e-03,2.1185522640e-01,3.8525458200e-01,1.4263666152e-01,1.2746248592e-01,1.1577105866e-01,2.3879337227e+00
8.5900000000e+02,7.9646352522e-03,9.0373866714e-03,2.1422614904e-01,3.8348361462e-01,1.4414078385e-01,1.2629549841e-01,1.1485193217e-01,2.3909549426e+00
8.5950000000e+02,7.9083814052e-03,9.1174712159e-03,2.1529100540e-01,3.8279821976e-01,1.4432500621e-01,1.2526485194e-01,1.1529506406e-01,2.3971916833e+00
8.6000000000e+02,7.9105640162e-03,9.0913951709e-03,2.1792264299e-01,3.8065535325e-01,1.4757574194e-01,1.2262479231e-01,1.1421951033e-01,2.4025135864e+00
8.6050000000e+02,7.8381556753e-03,9.2535397651e-03,2.1795954515e-01,3.8121136939e-01,1.4840270915e-01,1.2121222586e-01,1.1412245500e-01,2.4076963822e+00
8.6100000000e+02,7.8673919795e-03,9.3199923649e-03,2.1663981184e-01,3.8390746535e-01,1.4800558618e-01,1.2041250443e-01,1.1384724786e-01,2.4137453008e+00
8.6150000000e+02,7.8168171815e-03,9.3638174869e-03,2.1638509833e-01,3.8586355169e-01,1.4745004747e-01,1.2052164514e-01,1.1259902270e-01,2.4196074627e+00
8.6200000000e+02,7.8723516407e-03,9.3893229650e-03,2.1947201492e-01,3.8331909208e-01,1.4903457809e-01,1.1865661386e-01,1.1225602645e-01,2.4240702172e+00
8.6250000000e+02,7.7831814337e-03,9.4020370985e-03,2.2043081063e-01,3.8248846109e-01,1.5215594401e-01,1.1589842520e-01,1.1184114053e-01,2.4262262210e+00
8.6300000000e+02,7.7903660055e-03,9.3919256459e-03,2.2233240828e-01,3.8184829182e-01,1.5331128925e-01,1.1412534163e-01,1.1120037737e-01,2.4291421140e+00
8.6350000000e+02,7.7962791321e-03,9.4208740847e-03,2.2439325672e-01,3.7998458785e-01,1.5506544081e-01,1.1228395802e-01,1.1105560337e-01,2.4362370553e+00
8.6400000000e+02,7.7279928179e-03,9.3112513295e-03,2.2567652871e-01,3.7947327753e-01,1.5585454337e-01,1.1148738511e-01,1.1046902114e-01,2.4411439768e+00
8.6450000000e+02,7.7714940340e-03,9.2554009044e-03,2.2792737429e-01,3.7733857343e-01,1.5737115981e-01,1.0990447998e-01,1.1043151756e-01,2.4391137898e+00
8.6500000000e+02,7.7576211347e-03,9.2916822841e-03,2.2930951766e-01,3.7636236175e-01,1.5829088126e-01,1.0821961209e-01,1.1076832382e-01,2.4449274918e+00
8.6550000000e+02,7.7247335363e-03,9.3494427147e-03,2.3245094565e-01,3.7353498094e-01,1.5785407181e-01,1.0850536452e-01,1.1058046082e-01,2.4482312404e+00
8.6600000000e+02,7.6938668928e-03,9.4604462351e-03,2.3247214618e-01,3.7329605657e-01,1.5757493692e-01,1.0819077221e-01,1.1131177499e-01,2.4528776788e+00
8.6650000000e+02,7.6260244573e-03,9.5765479289e-03,2.3626231610e-01,3.7004714747e-01,1.5792528830e-01,1.0760969815e-01,1.1095297760e-01,2.4575170504e+00
8.6700000000e+02,7.5029473723e-03,9.4815672690e-03,2.3772497866e-01,3.6845762327e-01,1.5824762309e-01,1.0738807261e-01,1.1119718774e-01,2.4624469227e+00
8.6750000000e+02,7.4924068987e-03,9.5825873603e-03,2.3989075417e-01,3.6793913842e-01,1.5723393396e-01,1.0649323601e-01,1.1136794317e-01,2.4614460952e+00
8.6800000000e+02,7.4908220191e-03,9.5826541621e-03,2.4229579643e-01,3.6548600422e-01,1.5848032265e-01,1.0535337519e-01,1.1131102533e-01,2.4636694249e+00
8.6850000000e+02,7.5157059591e-03,9.4360613637e-03,2.4276584266e-01,3.6606902239e-01,1.5810022488e-01,1.0476412952e-01,1.1134901322e-01,2.4634088670e+00
8.6900000000e+02,7.4634680034e-03,9.4883350241e-03,2.4400821968e-01,3.6421567703e-01,1.5842598688e-01,1.0474967118e-01,1.1164864220e-01,2.4693755493e+00
8.6950000000e+02,7.5202605044e-03,9.5211547451e-03,2.4532459859e-01,3.6248578408e-01,1.6024878418e-01,1.0297414327e-01,1.1192527463e-01,2.4798435466e+00
8.7000000000e+02,7.4286110869e-03,9.2721950485e-03,2.4511271118e-01,3.6268517226e-01,1.6118612712e-01,1.0192491923e-01,1.1239026408e-01,2.4825840318e+00
8.7050000000e+02,7.4312242774e-03,9.2207841258e-03,2.4680867760e-01,3.6247475961e-01,1.6189038549e-01,9.9996857821e-02,1.1217731107e-01,2.4826108918e+00
8.7100000000e+02,7.3962295063e-03,9.3210087225e-03,2.4788904599e-01,3.6174811510e-01,1.6361986461e-01,9.8346770570e-02,1.1167896551e-01,2.4866326825e+00
8.7150000000e+02,7.4574589524e-03,9.4982235649e-03,2.5000685373e-01,3.5856074949e-01,1.6582118559e-01,9.5668844131e-02,1.1298668453e-01,2.4970482350e+00
8.7200000000e+02,7.5098399043e-03,9.5976164206e-03,2.5064912259e-01,3.5944513672e-01,1.6608832941e-01,9.5259630522e-02,1.1145032444e-01,2.4991946280e+00
8.7250000000e+02,7.5112966925e-03,9.6592977340e-03,2.5189088544e-01,3.5912997537e-01,1.6822067674e-01,9.2715185231e-02,1.1087268279e-01,2.4991045378e+00
8.7300000000e+02,7.5032826114e-03,9.7457273242e-03,2.5389808722e-01,3.5750264488e-01,1.6729561688e-01,9.2660934060e-02,1.1139370702e-01,2.5079426079e+00
8.7350000000e+02,7.6177301056e-03,9.8266581532e-03,2.5387374426e-01,3.5767613285e-01,1.6751567186e-01,9.2324438339e-02,1.1116562442e-01,2.5124442458e+00
8.7400000000e+02,7.6650151460e-03,9.7973584245e-03,2.5534175471e-01,3.5615698266e-01,1.6907864975e-01,9.0566534712e-02,1.1139370461e-01,2.5163157448e+00
8.7450000000e+02,7.7060882099e-03,9.8964673059e-03,2.5797445386e-01,3.5436558079e-01,1.7056330838e-01,8.8771548726e-02,1.1072255273e-01,2.5167762972e+00
8.7500000000e+02,7.7719685018e-03,9.9716920041e-03,2.6075238883e-01,3.5412027448e-01,1.7069346331e-01,8.6744146385e-02,1.0994606649e-01,2.5117714027e+00
8.7550000000e+02,7.7927360237e-03,1.0047826159e-02,2.6208407110e-01,3.5219861463e-01,1.7121184592e-01,8.6316668674e-02,1.1034823749e-01,2.5149718288e+00
8.7600000000e+02,7.6877614300e-03,1.0163046951e-02,2.6372949022e-01,3.5097966965e-01,1.7269098217e-01,8.4330458771e-02,1.1041859081e-01,2.5180401011e+00
8.7650000000e+02,7.7176840891e-03,1.0282549239e-02,2.6543578447e-01,3.4936529675e-01,1.7447076119e-01,8.2664450627e-02,1.1006347363e-01,2.5184534216e+00
8.7700000000e+02,7.7105710558e-03,1.0377822737e-02,2.6976604188e-01,3.4784670806e-01,1.7406335894e-01,8.1002158574e-02,1.0923333876e-01,2.5144945681e+00
8.7750000000e+02,7.6597914233e-03,1.0488422145e-02,2.7246822998e-01,3.4637887610e-01,1.7477862163e-01,7.9620723316e-02,1.0860533541e-01,2.5121003556e+00
8.7800000000e+02,7.5850268051e-03,1.0641516485e-02,2.7456011469e-01,3.4454787362e-01,1.7643477206e-01,7.6984433052e-02,1.0924626329e-01,2.5091731120e+00
8.7850000000e+02,7.6039595681e-03,1.0674147075e-02,2.7703070990e-01,3.4243091706e-01,1.7812644748e-01,7.5536733929e-02,1.0859708500e-01,2.5139607618e+00
8.7900000000e+02,7.5731861330e-03,1.0639770353e-02,2.7933369425e-01,3.3927219057e-01,1.8029717624e-01,7.4365762000e-02,1.0851822046e-01,2.5183456790e+00
8.7950000000e+02,7.5485939631e-03,1.0936115783e-02,2.8093939842e-01,3.3924203091e-01,1.8056487222e-01,7.3205778966e-02,1.0756320974e-01,2.5172668861e+00
8.8000000000e+02,7.5575441468e-03,1.1146447626e-02,2.8164008820e-01,3.3879906903e-01,1.8095557759e-01,7.2404619722e-02,1.0749665369e-01,2.5234409598e+00
8.8050000000e+02,7.5306128140e-03,1.1132112182e-02,2.8435126265e-01,3.3543695776e-01,1.8269615214e-01,7.1019483865e-02,1.0783341858e-01,2.5223480794e+00
8.8100000000e+02,7.5516550511e-03,1.1246608516e-02,2.8804797860e-01,3.3128579403e-01,1.8394312577e-01,6.9163603401e-02,1.0876123464e-01,2.5231567640e+00
8.8150000000e+02,7.5882478034e-03,1.1481593935e-02,2.9257724011e-01,3.2733021890e-01,1.8494833194e-01,6.7554329924e-02,1.0852003739e-01,2.5183360626e+00
8.8200000000e+02,7.5522070002e-03,1.1566798589e-02,2.9402384393e-01,3.2840549845e-01,1.8577492074e-01,6.5271831879e-02,1.0740489941e-01,2.5080495892e+00
8.8250000000e+02,7.5243759692e-03,1.1723237939e-02,2.9615589206e-01,3.2822901010e-01,1.8605147472e-01,6.4247693050e-02,1.0606831616e-01,2.5035055395e+00
8.8300000000e+02,7.5071106159e-03,1.1820575212e-02,3.0014897216e-01,3.2535630221e-01,1.8692252694e-01,6.2956276139e-02,1.0528823672e-01,2.5020498290e+00
8.8350000000e+02,7.5476524349e-03,1.1908832444e-02,3.0121373689e-01,3.2343631459e-01,1.9017425416e-01,6.0546714819e-02,1.0517249466e-01,2.5011902747e+00
8.8400000000e+02,7.6437585522e-03,1.1964278713e-02,3.0590163863e-01,3.1969790721e-01,1.9141196771e-01,5.8577564075e-02,1.0480288510e-01,2.4946237398e+00
8.8450000000e+02,7.6034922008e-03,1.1919105149e-02,3.0843570072e-01,3.1930177303e-01,1.9212253244e-01,5.6852301517e-02,1.0376509494e-01,2.4888143415e+00
8.8500000000e+02,7.5898004232e-03,1.1988730656e-02,3.1009446017e-01,3.1839863117e-01,1.9249149931e-01,5.5585571620e-02,1.0385130665e-01,2.4806887564e+00
8.8550000000e+02,7.4313903163e-03,1.1856315840e-02,3.1170325658e-01,3.1848241967e-01,1.9301723672e-01,5.3926361148e-02,1.0358301973e-01,2.4663566605e+00
8.8600000000e+02,7.4544235493e-03,1.1832776052e-02,3.1259700729e-01,3.1964943660e-01,1.9453417877e-01,5.1812767925e-02,1.0211940981e-01,2.4554890341e+00
8.8650000000e+02,7.4380655388e-03,1.1696981314e-02,3.1544656695e-01,3.1823260365e-01,1.9611906896e-01,5.0151643358e-02,1.0091507022e-01,2.4513255557e+00
8.8700000000e+02,7.4426026224e-03,1.1612127536e-02,3.1764356811e-01,3.1761048365e-01,1.9662597117e-01,4.9065384223e-02,9.9999862682e-02,2.4454956907e+00
8.8750000000e+02,7.4206259163e-03,1.1581415360e-02,3.2115920869e-01,3.1335991482e-01,1.9927175579e-01,4.7532612090e-02,9.9674467323e-02,2.4458213356e+00
8.8800000000e+02,7.3226962647e-03,1.1537034357e-02,3.2256973174e-01,3.1328708251e-01,2.0045587805e-01,4.5457829095e-02,9.9369747976e-02,2.4356776636e+00
8.8850000000e+02,7.3093463944e-03,1.1739792244e-02,3.2411707313e-01,3.1163544754e-01,2.0173316809e-01,4.4156859020e-02,9.9308313585e-02,2.4407507230e+00
8.8900000000e+02,7.3098112613e-03,1.1713434075e-02,3.2715698996e-01,3.0920826549e-01,2.0261302651e-01,4.2562183982e-02,9.9436288722e-02,2.4398625312e+00
8.8950000000e+02,7.2634999030e-03,1.1560499605e-02,3.2903012753e-01,3.0863802201e-01,2.0224220877e-01,4.1602480105e-02,9.9663162074e-02,2.4310802063e+00
8.9000000000e+02,7.2939370350e-03,1.1551702375e-02,3.3127834636e-01,3.0719367117e-01,2.0433533980e-01,3.9697715482e-02,9.8649287774e-02,2.4277288609e+00
8.9050000000e+02,7.2720350296e-03,1.1669863999e-02,3.3214629570e-01,3.0682418333e-01,2.0453051006e-01,3.8842625062e-02,9.8714486830e-02,2.4235114496e+00
8.9100000000e+02,7.2812788294e-03,1.1559431799e-02,3.3385531246e-01,3.0636927583e-01,2.0569225020e-01,3.7173757576e-02,9.8068693305e-02,2.4150428268e+00
8.9150000000e+02,7.2546004399e-03,1.1586634714e-02,3.3492693843e-01,3.0451469912e-01,2.0762540614e-01,3.5747133370e-02,9.8344587787e-02,2.4165399746e+00
8.9200000000e+02,7.3138748055e-03,1.1740412969e-02,3.3879787901e-01,3.0168149065e-01,2.0827515658e-01,3.4835324091e-02,9.7355861898e-02,2.4152508999e+00
8.9250000000e+02,7.2715414684e-03,1.1852787456e-02,3.4349256439e-01,2.9965077073e-01,2.0737246770e-01,3.4196483804e-02,9.6163384446e-02,2.4034701131e+00
8.9300000000e+02,7.2374844045e-03,1.1986913583e-02,3.4622852903e-01,2.9637351386e-01,2.0936871056e-01,3.2500367070e-02,9.6304481488e-02,2.3940300775e+00
8.9350000000e+02,7.2750288812e-03,1.2021497128e-02,3.5053179819e-01,2.9309925793e-01,2.0922399869e-01,3.1645507475e-02,9.6202911708e-02,2.3898621495e+00
8.9400000000e+02,7.2756193451e-03,1.2113335133e-02,3.5281862688e-01,2.9095516431e-01,2.1040996098e-01,3.0612874292e-02,9.5814419071e-02,2.3856550733e+00
8.9450000000e+02,7.3310853969e-03,1.2295656089e-02,3.5367631519e-01,2.9118277231e-01,2.1126603659e-01,2.9001578433e-02,9.5246555988e-02,2.3806040289e+00
8.9500000000e+02,7.3412252770e-03,1.2179249498e-02,3.5801802260e-01,2.8783445477e-01,2.1192385415e-01,2.7744772984e-02,9.4958420727e-02,2.3684845722e+00
8.9550000000e+02,7.4062087563e-03,1.2204339023e-02,3.5946126366e-01,2.8694597362e-01,2.1218542774e-01,2.6871055488e-02,9.4925731717e-02,2.3641873858e+00
8.9600000000e+02,7.4119528772e-03,1.2182132756e-02,3.6079978419e-01,2.8730637058e-01,2.1260837026e-01,2.5614196065e-02,9.4077193279e-02,2.3546995953e+00
8.9650000000e+02,7.4092225047e-03,1.2153001229e-02,3.6427620508e-01,2.8408678788e-01,2.1372820008e-01,2.4613311220e-02,9.3733272011e-02,2.3465413071e+00
8.9700000000e+02,7.4075579305e-03,1.2259095269e-02,3.6783378807e-01,2.8088448396e-01,2.1397976755e-01,2.3640997537e-02,9.3994309674e-02,2.3424129988e+00
8.9750000000e+02,7.4595493175e-03,1.2323722812e-02,3.6947862616e-01,2.7898627414e-01,2.1412055798e-01,2.2937603227e-02,9.4693666375e-02,2.3413784911e+00
8.9800000000e+02,7.5196994087e-03,1.2433997309e-02,3.6980289327e-01,2.7811825463e-01,2.1550325341e-01,2.1847900268e-02,9.4774001704e-02,2.3386537265e+00
8.9850000000e+02,7.5796396849e-03,1.2701467564e-02,3.7100342858e-01,2.7816554866e-01,2.1607317385e-01,2.1109646657e-02,9.3367095000e-02,2.3373456510e+00
8.9900000000e+02,7.5492435609e-03,1.2758617438e-02,3.7451449796e-01,2.7370648073e-01,2.1674513868e-01,2.0670445222e-02,9.4055576417e-02,2.3351528222e+00
8.9950000000e+02,7.5747601332e-03,1.2858320667e-02,3.7836927433e-01,2.6964335420e-01,2.1708595174e-01,2.0215100752e-02,9.4253238178e-02,2.3307867120e+00
9.0000000000e+02,7.6112751928e-03,1.2764448288e-02,3.7980060041e-01,2.6923422066e-01,2.1749649360e-01,1.9487454547e-02,9.3605507309e-02,2.3255894974e+00
9.0050000000e+02,7.4863313472e-03,1.2710608477e-02,3.8241700109e-01,2.6737932588e-01,2.1821720223e-01,1.8704841039e-02,9.3084689942e-02,2.3151012519e+00
9.0100000000e+02,7.4274438436e-03,1.2524631264e-02,3.8732831977e-01,2.6535062848e-01,2.1756808018e-01,1.7904443170e-02,9.1896453293e-02,2.3003993068e+00
9.0150000000e+02,7.4584466510e-03,1.2510088600e-02,3.8933136056e-01,2.6510033014e-01,2.1700019963e-01,1.7482086658e-02,9.1117487755e-02,2.2894970597e+00
9.0200000000e+02,7.4890953326e-03,1.2459993464e-02,3.9076485311e-01,2.6456227274e-01,2.1720170036e-01,1.6801688076e-02,9.0720396915e-02,2.2794527303e+00
9.0250000000e+02,7.4900397241e-03,1.2375357344e-02,3.9438127616e-01,2.6074708962e-01,2.1777389702e-01,1.6263768682e-02,9.0968571455e-02,2.2731042630e+00
9.0300000000e+02,7.4928977755e-03,1.2391809732e-02,3.9734713695e-01,2.5876223055e-01,2.1853552803e-01,1.5763937294e-02,8.9706459667e-02,2.2645382056e+00
9.0350000000e+02,7.5569696596e-03,1.2350414233e-02,3.9960376465e-01,2.5753945762e-01,2.1903508192e-01,1.5306554130e-02,8.8607757782e-02,2.2616898986e+00
9.0400000000e+02,7.6033627864e-03,1.2365039145e-02,4.0197081049e-01,2.5672933273e-01,2.1882360000e-01,1.5073623792e-02,8.7434231056e-02,2.2584663253e+00
9.0450000000e+02,7.7178435895e-03,1.2440260171e-02,4.0478563711e-01,2.5396626843e-01,2.1797623947e-01,1.4831306988e-02,8.8282444239e-02,2.2550598503e+00
9.0500000000e+02,7.6454685372e-03,1.2517962746e-02,4.0768749751e-01,2.5112895082e-01,2.1808437566e-01,1.4532626117e-02,8.8403118618e-02,2.2488424389e+00
9.0550000000e+02,7.7458921471e-03,1.2476543492e-02,4.0957988142e-01,2.4933841758e-01,2.1818137562e-01,1.4318638985e-02,8.8359250751e-02,2.2485955295e+00
9.0600000000e+02,7.8403609606e-03,1.2570048790e-02,4.0884707737e-01,2.4934101138e-01,2.1831291403e-01,1.4278213637e-02,8.8810373824e-02,2.2533374063e+00
9.0650000000e+02,7.9036415177e-03,1.2503597649e-02,4.1190346970e-01,2.4755549408e-01,2.1799073617e-01,1.4042759598e-02,8.8100301282e-02,2.2460282093e+00
9.0700000000e+02,7.9730420840e-03,1.2473269094e-02,4.1453288092e-01,2.4613149505e-01,2.1754381679e-01,1.3728365648e-02,8.7617130422e-02,2.2415719539e+00
9.0750000000e+02,7.9837094033e-03,1.2461219062e-02,4.1854143572e-01,2.4364530952e-01,2.1648871942e-01,1.3462799847e-02,8.7416807019e-02,2.2269420469e+00
9.0800000000e+02,7.9210700619e-03,1.2513082769e-02,4.2123398766e-01,2.3988865012e-01,2.1688958822e-01,1.3333618907e-02,8.8220002264e-02,2.2273340551e+00
9.0850000000e+02,7.9654091784e-03,1.2612233174e-02,4.2365448470e-01,2.3814747204e-01,2.1569138309e-01,1.3406476597e-02,8.8522541219e-02,2.2234808611e+00
9.0900000000e+02,7.9023535680e-03,1.2586887027e-02,4.2580883088e-01,2.3808707455e-01,2.1567057210e-01,1.3237288793e-02,8.6706993089e-02,2.2124553846e+00
9.0950000000e+02,7.9316277364e-03,1.2725111578e-02,4.2849070582e-01,2.3610113725e-01,2.1481432426e-01,1.3363945123e-02,8.6573148237e-02,2.2106177043e+00
9.1000000000e+02,7.9192252482e-03,1.2837154282e-02,4.3052507965e-01,2.3687749337e-01,2.1387199432e-01,1.3241348187e-02,8.4727704951e-02,2.1953424504e+00
9.1050000000e+02,8.0351423442e-03,1.2904001471e-02,4.3194798148e-01,2.3521537934e-01,2.1376083224e-01,1.3187899787e-02,8.4948763339e-02,2.1935427739e+00
9.1100000000e+02,8.0066162342e-03,1.2921358294e-02,4.3566218487e-01,2.3201102140e-01,2.1300632821e-01,1.3276339400e-02,8.5116151595e-02,2.1822647445e+00
9.1150000000e+02,8.0544744647e-03,1.3033153848e-02,4.3846891048e-01,2.2988746875e-01,2.1229907616e-01,1.3439986631e-02,8.4816929674e-02,2.1780804001e+00
9.1200000000e+02,8.1052725355e-03,1.3199972949e-02,4.4064486440e-01,2.2809895354e-01,2.1169820166e-01,1.3586333687e-02,8.4666401232e-02,2.1732675073e+00
9.1250000000e+02,8.0877478576e-03,1.3105899138e-02,4.4559067564e-01,2.2543408666e-01,2.0992407334e-01,1.3877907176e-02,8.3979610188e-02,2.1602649691e+00
9.1300000000e+02,8.1769756474e-03,1.3255412659e-02,4.4706123326e-01,2.2599444817e-01,2.0795755166e-01,1.4092898595e-02,8.3461480008e-02,2.1549422692e+00
9.1350000000e+02,8.2473583485e-03,1.3247443885e-02,4.4930138206e-01,2.2392872716e-01,2.0824367608e-01,1.4325695879e-02,8.2705716592e-02,2.1500700096e+00
9.1400000000e+02,8.3034110418e-03,1.3383062906e-02,4.5165018391e-01,2.1965428939e-01,2.0893483167e-01,1.4645872999e-02,8.3428348086e-02,2.1465720380e+00
9.1450000000e+02,8.3219061385e-03,1.3377285867e-02,4.5285836643e-01,2.1801006394e-01,2.0862967826e-01,1.5035091285e-02,8.3767608083e-02,2.1464867580e+00
9.1500000000e+02,8.3967824420e-03,1.3384289110e-02,4.5661840670e-01,2.1497447193e-01,2.0710502169e-01,1.5370377453e-02,8.4150650681e-02,2.1356322334e+00
9.1550000000e+02,8.5507500100e-03,1.3256805399e-02,4.5905916937e-01,2.1213709895e-01,2.0727762280e-01,1.5723431040e-02,8.3995122434e-02,2.1333927877e+00
9.1600000000e+02,8.6266913431e-03,1.3248887992e-02,4.6212930126e-01,2.1063432806e-01,2.0622021749e-01,1.6118496695e-02,8.3022077171e-02,2.1259861065e+00
9.1650000000e+02,8.6752487754e-03,1.3282909647e-02,4.6439547260e-01,2.0789904463e-01,2.0740929201e-01,1.6429443519e-02,8.1908588819e-02,2.1271418728e+00
9.1700000000e+02,8.8643495665e-03,1.3467925499e-02,4.6617108914e-01,2.0684959272e-01,2.0659525264e-01,1.6878877312e-02,8.1172913134e-02,2.1266879995e+00
9.1750000000e+02,8.8256711159e-03,1.3588919902e-02,4.6998362828e-01,2.0538148558e-01,2.0495491791e-01,1.7518779559e-02,7.9746597652e-02,2.1141951598e+00
9.1800000000e+02,8.8796886770e-03,1.3643375777e-02,4.7160941871e-01,2.0432621455e-01,2.0379705490e-01,1.8004094792e-02,7.9740152595e-02,2.1093322157e+00
9.1850000000e+02,8.8953643956e-03,1.3572061600e-02,4.7477668400e-01,2.0260382420e-01,2.0267661986e-01,1.8415587062e-02,7.9059858884e-02,2.0922341026e+00
9.1900000000e+02,8.9637416443e-03,1.3682308946e-02,4.7775905697e-01,2.0071168585e-01,2.0236106781e-01,1.8803733703e-02,7.7718405073e-02,2.0802871500e+00
9.1950000000e+02,8.9237238086e-03,1.3700614779e-02,4.8080882568e-01,1.9830249814e-01,2.0206623146e-01,1.9162989234e-02,7.7035116909e-02,2.0648394391e+00
9.2000000000e+02,8.8762047065e-03,1.3579024499e-02,4.8445981542e-01,1.9578833496e-01,2.0158575624e-01,1.9351298813e-02,7.6359565356e-02,2.0475868473e+00
9.2050000000e+02,9.0072552121e-03,1.3586959709e-02,4.8680019921e-01,1.9422873407e-01,2.0153888169e-01,1.9794049756e-02,7.5043920357e-02,2.0440951576e+00
9.2100000000e+02,8.9271831359e-03,1.3708401945e-02,4.9003536954e-01,1.9201811698e-01,2.0059553400e-01,2.0508137085e-02,7.4207257320e-02,2.0386566933e+00
9.2150000000e+02,8.9188372312e-03,1.3673974022e-02,4.9366377389e-01,1.8941373004e-01,2.0080636016e-01,2.0718847570e-02,7.2804477085e-02,2.0236656169e+00
9.2200000000e+02,9.0387882750e-03,1.3761798401e-02,4.9555408803e-01,1.8704541634e-01,2.0017403545e-01,2.1305697480e-02,7.3120176017e-02,2.0222464579e+00
9.2250000000e+02,9.2124421903e-03,1.3854792711e-02,4.9719838115e-01,1.8583015462e-01,1.9938437176e-01,2.1855286888e-02,7.2664570682e-02,2.0155198573e+00
9.2300000000e+02,9.3478998329e-03,1.3718313734e-02,4.9953148862e-01,1.8483085376e-01,1.9804403285e-01,2.2376894536e-02,7.2150516666e-02,2.0078351621e+00
9.2350000000e+02,9.4906980814e-03,1.3610197871e-02,5.0321024224e-01,1.8157962474e-01,1.9752342009e-01,2.2929834893e-02,7.1655982081e-02,1.9999025222e+00
9.2400000000e+02,9.5287269875e-03,1.3555202928e-02,5.0594817588e-01,1.8015011379e-01,1.9677123494e-01,2.3610244537e-02,7.0436300934e-02,1.9900427854e+00
9.2450000000e+02,9.4978017283e-03,1.3576445454e-02,5.0667564406e-01,1.8021977478e-01,1.9602285368e-01,2.4085924774e-02,6.9921555519e-02,1.9803138270e+00
9.2500000000e+02,9.6237414515e-03,1.3562393717e-02,5.0820379467e-01,1.7875950274e-01,1.9587077817e-01,2.4478167397e-02,6.9501621854e-02,1.9730878134e+00
9.2550000000e+02,9.6789819688e-03,1.3488751931e-02,5.1051517452e-01,1.7657124545e-01,1.9516129268e-01,2.5135529495e-02,6.9449023950e-02,1.9603630197e+00
9.2600000000e+02,9.7768236964e-03,1.3394200920e-02,5.1264976623e-01,1.7400331355e-01,1.9585939976e-01,2.5537452224e-02,6.8779043610e-02,1.9534169913e+00
9.2650000000e+02,9.9369660726e-03,1.3615802785e-02,5.1333200385e-01,1.7314505443e-01,1.9473511964e-01,2.6207640545e-02,6.9027412686e-02,1.9528790409e+00
9.2700000000e+02,9.9821698849e-03,1.3509148186e-02,5.1533949315e-01,1.7134193353e-01,1.9409034850e-01,2.7087676247e-02,6.8649230493e-02,1.9451300431e+00
9.2750000000e+02,1.0001525555e-02,1.3481245973e-02,5.1675135050e-01,1.7108515367e-01,1.9315398557e-01,2.7510079468e-02,6.8016659262e-02,1.9312567425e+00
9.2800000000e+02,1.0021214698e-02,1.3470725274e-02,5.2039124315e-01,1.6876160239e-01,1.9208181273e-01,2.8469844606e-02,6.6803557146e-02,1.9178810123e+00
9.2850000000e+02,1.0084008378e-02,1.3564292255e-02,5.2122857843e-01,1.6845958835e-01,1.9186620913e-01,2.8956989359e-02,6.5840334106e-02,1.9032477182e+00
9.2900000000e+02,1.0207254686e-02,1.3607487539e-02,5.2354083938e-01,1.6724440028e-01,1.9129581406e-01,2.9382019779e-02,6.4722184279e-02,1.8888728702e+00
9.2950000000e+02,1.0207094382e-02,1.3603869925e-02,5.2588289538e-01,1.6545439913e-01,1.9078655525e-01,3.0147518200e-02,6.3917667731e-02,1.8726210213e+00
9.3000000000e+02,1.0111044838e-02,1.3640602799e-02,5.2877688172e-01,1.6404941277e-01,1.8960337514e-01,3.0943867753e-02,6.2874814985e-02,1.8515002347e+00
9.3050000000e+02,1.0037790430e-02,1.3656339068e-02,5.3201325918e-01,1.6173845956e-01,1.8931399374e-01,3.1426207674e-02,6.1813950358e-02,1.8353340452e+00
9.3100000000e+02,1.0012370061e-02,1.3541734566e-02,5.3541137671e-01,1.5919958088e-01,1.8850639627e-01,3.1817612479e-02,6.1510929027e-02,1.8195795275e+00
9.3150000000e+02,1.0046385677e-02,1.3571325902e-02,5.3780441265e-01,1.5772050731e-01,1.8733358496e-01,3.2422416844e-02,6.1101366664e-02,1.8014991041e+00
9.3200000000e+02,1.0058473956e-02,1.3394106022e-02,5.3953871632e-01,1.5665545353e-01,1.8674021730e-01,3.2413989026e-02,6.1199043845e-02,1.7866721473e+00
9.3250000000e+02,1.0068440694e-02,1.3361938392e-02,5.4156977598e-01,1.5511254744e-01,1.8484806326e-01,3.3370866450e-02,6.1668367783e-02,1.7765909274e+00
9.3300000000e+02,1.0058871528e-02,1.3497760018e-02,5.4289739718e-01,1.5521463096e-01,1.8292185365e-01,3.4109883851e-02,6.1299602813e-02,1.7637537327e+00
9.3350000000e+02,9.9323857197e-03,1.3485185338e-02,5.4423254307e-01,1.5418866290e-01,1.8274493498e-01,3.4366567283e-02,6.1049720711e-02,1.7434591700e+00
9.3400000000e+02,9.8924677403e-03,1.3499910819e-02,5.4574594199e-01,1.5327871213e-01,1.8174497651e-01,3.4602556536e-02,6.1235434270e-02,1.7297028427e+00
9.3450000000e+02,9.7491591780e-03,1.3582100492e-02,5.4775890520e-01,1.5282741037e-01,1.8088510445e-01,3.5045353244e-02,6.0151967074e-02,1.7077259868e+00
9.3500000000e+02,9.7449697308e-03,1.3508232390e-02,5.5062318671e-01,1.5088987977e-01,1.7993771385e-01,3.5560022919e-02,5.9735994631e-02,1.6972330929e+00
9.3550000000e+02,9.6900139549e-03,1.3426389000e-02,5.5290263033e-01,1.4932748425e-01,1.8004056322e-01,3.5526462926e-02,5.9086456315e-02,1.6831181704e+00
9.3600000000e+02,9.7014051618e-03,1.3536980061e-02,5.5479169294e-01,1.4765461170e-01,1.7987921500e-01,3.5914559623e-02,5.8521535524e-02,1.6720887867e+00
9.3650000000e+02,9.7181534029e-03,1.3492177692e-02,5.5674385124e-01,1.4662868087e-01,1.7972277102e-01,3.5884616310e-02,5.7809749465e-02,1.6520890383e+00
9.3700000000e+02,9.6580653439e-03,1.3506048053e-02,5.5858089454e-01,1.4515205935e-01,1.7915597721e-01,3.6775374559e-02,5.7171580949e-02,1.6360518213e+00
9.3750000000e+02,9.5823330280e-03,1.3530375573e-02,5.6015332689e-01,1.4447723332e-01,1.7825361944e-01,3.7578361019e-02,5.6424750731e-02,1.6180020514e+00
9.3800000000e+02,9.5604268753e-03,1.3513617029e-02,5.6239971521e-01,1.4294563589e-01,1.7782089739e-01,3.7886319664e-02,5.5873387943e-02,1.5990611573e+00
9.3850000000e+02,9.6139639912e-03,1.3600784099e-02,5.6282522871e-01,1.4266668097e-01,1.7714086897e-01,3.8402098752e-02,5.5750374511e-02,1.5869915235e+00
9.3900000000e+02,9.5749578494e-03,1.3784874967e-02,5.6406382679e-01,1.4241447015e-01,1.7585826157e-01,3.8971523466e-02,5.5332085218e-02,1.5766628341e+00
9.3950000000e+02,9.5114126161e-03,1.3743103700e-02,5.6533302952e-01,1.4088363858e-01,1.7586023365e-01,3.9295743350e-02,5.5372838584e-02,1.5677697357e+00
9.4000000000e+02,9.6039174042e-03,1.3819954627e-02,5.6647784261e-01,1.4067108610e-01,1.7462805797e-01,3.9438752350e-02,5.5360388935e-02,1.5623275750e+00
9.4050000000e+02,9.4589207234e-03,1.3739605138e-02,5.6823196807e-01,1.3902947062e-01,1.7390131718e-01,4.0087239495e-02,5.5551478774e-02,1.5530490154e+00
9.4100000000e+02,9.3518290810e-03,1.3740135281e-02,5.6975717836e-01,1.3897729776e-01,1.7191828083e-01,4.1091963925e-02,5.5163314753e-02,1.5409710890e+00
9.4150000000e+02,9.3992586125e-03,1.3696995526e-02,5.6943398538e-01,1.3938933603e-01,1.7025719310e-01,4.2090276850e-02,5.5732954506e-02,1.5299676337e+00
9.4200000000e+02,9.3798362265e-03,1.3709699959e-02,5.7160585927e-01,1.3699089581e-01,1.7060248341e-01,4.1901245492e-02,5.5809979828e-02,1.5241097034e+00
9.4250000000e+02,9.4455581195e-03,1.3848707411e-02,5.7258464138e-01,1.3637182165e-01,1.6951480421e-01,4.2712478431e-02,5.5521988810e-02,1.5165427109e+00
9.4300000000e+02,9.4253933009e-03,1.4011997542e-02,5.7234967607e-01,1.3702526366e-01,1.6808180594e-01,4.3613934124e-02,5.5491929362e-02,1.5108314301e+00
9.4350000000e+02,9.4012982231e-03,1.4116771178e-02,5.7290684596e-01,1.3682112038e-01,1.6697096776e-01,4.4396798294e-02,5.5386198198e-02,1.5053578349e+00
9.4400000000e+02,9.2546896289e-03,1.4116698792e-02,5.7351008548e-01,1.3697645813e-01,1.6583226470e-01,4.5624408188e-02,5.4685395084e-02,1.4976321685e+00
9.4450000000e+02,9.1703006545e-03,1.4029851781e-02,5.7491847581e-01,1.3613413077e-01,1.6442552556e-01,4.6907765602e-02,5.4413949819e-02,1.4950626747e+00
9.4500000000e+02,9.0204385506e-03,1.3972354132e-02,5.7539928697e-01,1.3743534667e-01,1.6202899375e-01,4.8156094063e-02,5.3987485865e-02,1.4839415111e+00
9.4550000000e+02,9.0248704311e-03,1.3933959832e-02,5.7560464855e-01,1.3720651952e-01,1.6109341992e-01,4.9214324011e-02,5.3922257744e-02,1.4839393532e+00
9.4600000000e+02,9.0472608452e-03,1.3765971072e-02,5.7743914923e-01,1.3686019224e-01,1.5864038767e-01,5.0760577065e-02,5.3486461881e-02,1.4826619902e+00
9.4650000000e+02,9.0647153851e-03,1.3814270765e-02,5.7759217064e-01,1.3594336524e-01,1.5900477880e-01,5.1880184390e-02,5.2700514786e-02,1.4811716546e+00
9.4700000000e+02,9.0384303412e-03,1.3730556000e-02,5.7754807504e-01,1.3627378809e-01,1.5847915965e-01,5.2469038956e-02,5.2460951930e-02,1.4799485825e+00
9.4750000000e+02,9.0176416891e-03,1.3691425523e-02,5.7713457981e-01,1.3769389331e-01,1.5684583675e-01,5.3516466504e-02,5.2100156415e-02,1.4799322152e+00
9.4800000000e+02,8.9969322057e-03,1.3694747608e-02,5.7775426986e-01,1.3751839043e-01,1.5761980028e-01,5.3601706330e-02,5.0814153286e-02,1.4766173993e+00
9.4850000000e+02,8.9084152398e-03,1.3723981073e-02,5.7866456533e-01,1.3714710150e-01,1.5649553140e-01,5.4883264740e-02,5.0177140725e-02,1.4777726577e+00
9.4900000000e+02,8.9429738818e-03,1.3682576329e-02,5.7752623522e-01,1.3872697103e-01,1.5668517452e-01,5.5184673585e-02,4.9251395437e-02,1.4732988787e+00
9.4950000000e+02,8.9406362692e-03,1.3804973439e-02,5.7660301753e-01,1.3915027198e-01,1.5649401417e-01,5.5891479206e-02,4.9115607413e-02,1.4793776895e+00
9.5000000000e+02,9.0019902107e-03,1.3825907064e-02,5.7558344994e-01,1.4003619099e-01,1.5668219044e-01,5.5838076894e-02,4.9032194459e-02,1.4856145191e+00
9.5050000000e+02,9.0324445978e-03,1.3998698645e-02,5.7495132574e-01,1.3960012932e-01,1.5561341410e-01,5.7258428226e-02,4.9545559374e-02,1.4942706817e+00
9.5100000000e+02,9.0163108358e-03,1.3909384983e-02,5.7590247356e-01,1.3903490938e-01,1.5417703030e-01,5.8674086308e-02,4.9285804633e-02,1.4914658916e+00
9.5150000000e+02,8.9600409835e-03,1.3924644438e-02,5.7575344709e-01,1.3919899960e-01,1.5333585597e-01,5.9678582421e-02,4.9148429506e-02,1.4943201906e+00
9.5200000000e+02,8.8903912228e-03,1.3854086196e-02,5.7495006556e-01,1.4055683384e-01,1.5392927954e-01,5.9427638824e-02,4.8391704811e-02,1.4936236824e+00
9.5250000000e+02,8.8948078109e-03,1.3728896970e-02,5.7408273380e-01,1.4207455233e-01,1.5236762647e-01,6.0687819844e-02,4.8163562783e-02,1.4983720301e+00
9.5300000000e+02,9.0144809373e-03,1.3837171597e-02,5.7266299712e-01,1.4326225102e-01,1.5092468855e-01,6.1345102960e-02,4.8953307818e-02,1.5020532197e+00
9.5350000000e+02,8.9245241339e-03,1.3813895248e-02,5.7232017208e-01,1.4453755961e-01,1.5022314350e-01,6.1734215297e-02,4.8446490126e-02,1.4991645387e+00
9.5400000000e+02,8.9070323935e-03,1.3813679926e-02,5.7170216326e-01,1.4656516996e-01,1.4987973163e-01,6.1404179106e-02,4.7728043723e-02,1.4973396262e+00
9.5450000000e+02,9.0806196452e-03,1.3839207309e-02,5.7116862934e-01,1.4681578851e-01,1.4943661839e-01,6.2403054774e-02,4.7256082034e-02,1.4989402945e+00
9.5500000000e+02,9.0048668493e-03,1.3794128898e-02,5.7008374589e-01,1.4780514448e-01,1.4833192308e-01,6.3450087120e-02,4.7530103673e-02,1.5033115902e+00
9.5550000000e+02,8.9391124217e-03,1.3702141398e-02,5.7009536972e-01,1.4724729949e-01,1.4823681157e-01,6.4407693885e-02,4.7371571510e-02,1.5099692278e+00
9.5600000000e+02,8.9747600746e-03,1.3790318521e-02,5.7035943565e-01,1.4555199512e-01,1.4762499470e-01,6.5161330680e-02,4.8537165254e-02,1.5156067184e+00
9.5650000000e+02,9.0323976010e-03,1.3619660019e-02,5.7094848051e-01,1.4569016184e-01,1.4561327111e-01,6.6896663610e-02,4.8199365304e-02,1.5141459658e+00
9.5700000000e+02,9.0614470639e-03,1.3386505490e-02,5.7099626882e-01,1.4563722723e-01,1.4484600657e-01,6.7627569231e-02,4.8444975599e-02,1.5160507532e+00
9.5750000000e+02,9.1665703542e-03,1.3491038038e-02,5.7009375131e-01,1.4517941596e-01,1.4552265163e-01,6.7600535843e-02,4.8946036868e-02,1.5219300811e+00
9.5800000000e+02,9.2564638853e-03,1.3587846438e-02,5.6807021476e-01,1.4690475867e-01,1.4421877337e-01,6.8623160602e-02,4.9338782275e-02,1.5275675101e+00
9.5850000000e+02,9.3072070020e-03,1.3641378113e-02,5.6797551362e-01,1.4719396316e-01,1.4448555301e-01,6.8149314261e-02,4.9247070834e-02,1.5281246907e+00
9.5900000000e+02,9.1267888207e-03,1.3400456588e-02,5.6882423809e-01,1.4782727807e-01,1.4259189657e-01,6.9351965991e-02,4.8877375875e-02,1.5250413078e+00
9.5950000000e+02,9.1648502828e-03,1.3182020183e-02,5.6891465393e-01,1.4691226141e-01,1.4120804561e-01,7.1597905524e-02,4.9020263056e-02,1.5259833555e+00
9.6000000000e+02,9.3046305425e-03,1.3224592349e-02,5.6708668500e-01,1.4806222980e-01,1.3932695281e-01,7.3392725068e-02,4.9602184432e-02,1.5401337173e+00
9.6050000000e+02,9.2620117261e-03,1.3137748249e-02,5.6562094711e-01,1.4929758493e-01,1.3874484736e-01,7.4682297240e-02,4.9254563381e-02,1.5433768299e+00
9.6100000000e+02,9.3009278436e-03,1.3151190272e-02,5.6435494800e-01,1.5033754927e-01,1.3785960128e-01,7.5209262547e-02,4.9786520784e-02,1.5487827599e+00
9.6150000000e+02,9.3999600256e-03,1.3222637626e-02,5.6322031657e-01,1.5107237933e-01,1.3624403091e-01,7.6608710566e-02,5.0231964968e-02,1.5540541145e+00
9.6200000000e+02,9.4320722467e-03,1.3357241650e-02,5.6220846881e-01,1.5198841553e-01,1.3618939151e-01,7.7034970879e-02,4.9789439371e-02,1.5594664700e+00
9.6250000000e+02,9.3730782159e-03,1.3367587413e-02,5.6280797512e-01,1.5127740229e-01,1.3389820058e-01,7.9441760413e-02,4.9833995963e-02,1.5641430814e+00
9.6300000000e+02,9.3798381179e-03,1.3449253935e-02,5.6245014081e-01,1.5193925763e-01,1.3206532235e-01,8.1260188438e-02,4.9455998720e-02,1.5712768261e+00
9.6350000000e+02,9.4556941842e-03,1.3376760161e-02,5.6231550346e-01,1.5338953546e-01,1.3075011746e-01,8.2472010468e-02,4.8240378800e-02,1.5710589232e+00
9.6400000000e+02,9.4515628935e-03,1.3271762885e-02,5.6178815760e-01,1.5368856798e-01,1.3085293238e-01,8.2878646772e-02,4.8068369488e-02,1.5746343835e+00
9.6450000000e+02,9.4127568669e-03,1.3167314299e-02,5.6177365818e-01,1.5452148063e-01,1.2881997523e-01,8.4274426856e-02,4.8030387936e-02,1.5757249439e+00
9.6500000000e+02,9.4035295270e-03,1.3203696897e-02,5.6080838306e-01,1.5535849669e-01,1.2825254018e-01,8.4892596223e-02,4.8080757423e-02,1.5767366986e+00
9.6550000000e+02,9.3960234540e-03,1.3134322402e-02,5.6008034741e-01,1.5626181030e-01,1.2656704843e-01,8.6551916861e-02,4.8008531143e-02,1.5828072796e+00
9.6600000000e+02,9.4009171682e-03,1.3135211021e-02,5.5924783565e-01,1.5684012468e-01,1.2506621450e-01,8.7745057445e-02,4.8564639532e-02,1.5830759387e+00
9.6650000000e+02,9.3834216625e-03,1.2926527762e-02,5.6041754936e-01,1.5664103564e-01,1.2334939835e-01,8.9185853547e-02,4.8096213677e-02,1.5758927748e+00
9.6700000000e+02,9.4919032156e-03,1.2968615459e-02,5.5957550039e-01,1.5694993126e-01,1.2168644871e-01,9.0891752873e-02,4.8435848091e-02,1.5882384971e+00
9.6750000000e+02,9.5126189893e-03,1.2897460201e-02,5.5868420668e-01,1.5804212250e-01,1.2168866328e-01,9.0960590105e-02,4.8214338244e-02,1.5875323997e+00
9.6800000000e+02,9.5176491928e-03,1.2998141068e-02,5.5684550193e-01,1.5913832551e-01,1.2020284192e-01,9.2688523170e-02,4.8609017209e-02,1.5967895437e+00
9.6850000000e+02,9.5001182238e-03,1.3044300453e-02,5.5565239749e-01,1.6121911837e-01,1.2081890291e-01,9.1710819026e-02,4.8054343521e-02,1.5988905160e+00
9.6900000000e+02,9.4983675826e-03,1.3013722081e-02,5.5441264884e-01,1.6321672932e-01,1.2021501508e-01,9.2263265338e-02,4.7380251766e-02,1.6002062543e+00
9.6950000000e+02,9.5587546284e-03,1.2949385396e-02,5.5422528187e-01,1.6330417496e-01,1.1968690262e-01,9.2749444348e-02,4.7526056181e-02,1.6044272424e+00
9.7000000000e+02,9.6243474694e-03,1.3032236528e-02,5.5302017684e-01,1.6375467533e-01,1.1915715634e-01,9.3721757757e-02,4.7689649733e-02,1.6092435396e+00
9.7050000000e+02,9.6967003282e-03,1.3095282478e-02,5.5203950296e-01,1.6493942464e-01,1.1845672552e-01,9.4494065254e-02,4.7278298817e-02,1.6139992806e+00
9.7100000000e+02,9.6741090918e-03,1.3170716385e-02,5.5073533712e-01,1.6582078106e-01,1.1797271250e-01,9.5309815605e-02,4.7316528234e-02,1.6192087314e+00
9.7150000000e+02,9.6863799758e-03,1.3153792456e-02,5.5102001676e-01,1.6567724738e-01,1.1772647386e-01,9.5423285924e-02,4.7312803645e-02,1.6228120676e+00
9.7200000000e+02,9.6781861733e-03,1.3112272360e-02,5.5190851239e-01,1.6440237272e-01,1.1790044674e-01,9.5405255212e-02,4.7592954408e-02,1.6258164861e+00
9.7250000000e+02,9.5848202309e-03,1.3105207718e-02,5.5049011114e-01,1.6520981535e-01,1.1713993918e-01,9.6467166967e-02,4.8002939420e-02,1.6282432621e+00
9.7300000000e+02,9.5830815996e-03,1.3108913692e-02,5.5010125159e-01,1.6616171074e-01,1.1725508417e-01,9.6551606860e-02,4.7238351351e-02,1.6233467817e+00
9.7350000000e+02,9.5787189891e-03,1.3144719715e-02,5.4986995445e-01,1.6718111037e-01,1.1653275719e-01,9.6752396139e-02,4.6940343154e-02,1.6230523388e+00
9.7400000000e+02,9.5300766292e-03,1.3147647683e-02,5.4895690459e-01,1.6820163682e-01,1.1549927153e-01,9.7662768391e-02,4.7001694362e-02,1.6266822366e+00
9.7450000000e+02,9.5455721583e-03,1.3174434564e-02,5.4779337327e-01,1.6797440427e-01,1.1482167073e-01,9.9422563916e-02,4.7267981091e-02,1.6341135603e+00
9.7500000000e+02,9.5619770692e-03,1.3315135759e-02,5.4770343845e-01,1.6765339948e-01,1.1503870909e-01,9.9586671141e-02,4.7140669003e-02,1.6393729219e+00
9.7550000000e+02,9.6091353749e-03,1.3339866706e-02,5.4756835633e-01,1.6787691834e-01,1.1496434901e-01,9.9489328171e-02,4.7152046071e-02,1.6404909911e+00
9.7600000000e+02,9.6482893664e-03,1.3536471282e-02,5.4739038405e-01,1.6870841071e-01,1.1398786267e-01,1.0004839515e-01,4.6680186769e-02,1.6373775889e+00
9.7650000000e+02,9.7265382602e-03,1.3668860795e-02,5.4606098354e-01,1.6921945606e-01,1.1353532331e-01,1.0056683326e-01,4.7222004773e-02,1.6481091074e+00
9.7700000000e+02,9.7123572360e-03,1.3718150426e-02,5.4566987965e-01,1.7028689609e-01,1.1369253532e-01,9.9584388943e-02,4.7335792331e-02,1.6502063284e+00
9.7750000000e+02,9.7035855069e-03,1.3687899988e-02,5.4442153948e-01,1.7159452337e-01,1.1219677162e-01,1.0099674532e-01,4.7398934714e-02,1.6586694199e+00
9.7800000000e+02,9.7339999848e-03,1.3693432729e-02,5.4289635216e-01,1.7277902266e-01,1.1127566598e-01,1.0230906671e-01,4.7312459783e-02,1.6648553082e+00
9.7850000000e+02,9.7469595335e-03,1.3570857312e-02,5.4369609673e-01,1.7212313807e-01,1.0949345893e-01,1.0394806215e-01,4.7421427272e-02,1.6653034029e+00
9.7900000000e+02,9.7675963394e-03,1.3605410970e-02,5.4245613459e-01,1.7265264457e-01,1.0829268056e-01,1.0540475298e-01,4.7820779992e-02,1.6674616268e+00
9.7950000000e+02,9.7652814656e-03,1.3632728209e-02,5.4230454164e-01,1.7326492974e-01,1.0705999601e-01,1.0638782652e-01,4.7584696409e-02,1.6633799075e+00
9.8000000000e+02,9.6637251986e-03,1.3580166894e-02,5.4017689922e-01,1.7492529409e-01,1.0589813126e-01,1.0746141502e-01,4.8294368318e-02,1.6729710831e+00
9.8050000000e+02,9.7984018337e-03,1.3616124392e-02,5.3849395566e-01,1.7628802558e-01,1.0539649734e-01,1.0845734814e-01,4.7949647050e-02,1.6763560265e+00
9.8100000000e+02,9.7815381958e-03,1.3606504781e-02,5.3724729346e-01,1.7752488842e-01,1.0472186490e-01,1.0886473453e-01,4.8253175705e-02,1.6785824612e+00
9.8150000000e+02,9.8449093212e-03,1.3680736345e-02,5.3688856122e-01,1.7669249736e-01,1.0423629522e-01,1.0958558079e-01,4.9071419753e-02,1.6872573807e+00
9.8200000000e+02,9.8573891127e-03,1.3813832574e-02,5.3427683086e-01,1.7775381555e-01,1.0361460068e-01,1.1077634353e-01,4.9907187704e-02,1.7006646682e+00
9.8250000000e+02,9.8151584327e-03,1.4039020504e-02,5.3302398531e-01,1.7863515506e-01,1.0173317236e-01,1.1279496541e-01,4.9958542932e-02,1.7046354918e+00
9.8300000000e+02,9.8022302919e-03,1.4125000061e-02,5.3240422513e-01,1.7934310868e-01,1.0125447364e-01,1.1322020385e-01,4.9850758350e-02,1.7048237612e+00
9.8350000000e+02,9.8480086083e-03,1.4154099249e-02,5.3221394858e-01,1.7938884293e-01,1.0054990745e-01,1.1346788881e-01,5.0377304377e-02,1.7058227292e+00
9.8400000000e+02,9.8806278939e-03,1.4095511786e-02,5.3085770044e-01,1.8076162412e-01,1.0030375349e-01,1.1391495811e-01,5.0185824156e-02,1.7073914621e+00
9.8450000000e+02,9.8811280968e-03,1.4080522985e-02,5.3315205390e-01,1.7968616194e-01,9.8465933619e-02,1.1516406088e-01,4.9570138580e-02,1.7040207640e+00
9.8500000000e+02,9.9471768305e-03,1.4279407174e-02,5.3296284899e-01,1.7939094155e-01,9.8005306958e-02,1.1587350328e-01,4.9540815219e-02,1.7081936768e+00
9.8550000000e+02,9.9249886381e-03,1.4316607357e-02,5.3536525076e-01,1.7721657557e-01,9.7567119961e-02,1.1600401533e-01,4.9605442376e-02,1.7060348513e+00
9.8600000000e+02,1.0095392760e-02,1.4304809142e-02,5.3549213745e-01,1.7649724317e-01,9.6873559468e-02,1.1659704211e-01,5.0139815902e-02,1.7114288024e+00
9.8650000000e+02,1.0152276910e-02,1.4326402564e-02,5.3680619529e-01,1.7576274868e-01,9.6398005452e-02,1.1678234417e-01,4.9772026934e-02,1.7097082743e+00
9.8700000000e+02,1.0177646153e-02,1.4367143710e-02,5.3610287699e-01,1.7587276013e-01,9.5976699117e-02,1.1728371388e-01,5.0219160024e-02,1.7124378254e+00
9.8750000000e+02,1.0183181562e-02,1.4608409584e-02,5.3468846455e-01,1.7693871394e-01,9.6264608092e-02,1.1706491552e-01,5.0251706762e-02,1.7165261526e+00
9.8800000000e+02,1.0273388046e-02,1.4564933848e-02,5.3408045203e-01,1.7762080833e-01,9.5052149519e-02,1.1819946836e-01,5.0208799866e-02,1.7150730525e+00
9.8850000000e+02,1.0346930875e-02,1.4759710034e-02,5.3292521378e-01,1.7767246364e-01,9.3580381542e-02,1.1960937424e-01,5.1105925885e-02,1.7268002157e+00
9.8900000000e+02,1.0424871719e-02,1.4907054507e-02,5.3265295508e-01,1.7808140331e-01,9.1532193570e-02,1.2111958642e-01,5.1281935402e-02,1.7317650104e+00
9.8950000000e+02,1.0523729736e-02,1.5103199630e-02,5.3075310405e-01,1.7985133825e-01,9.0697034840e-02,1.2223267298e-01,5.0838920513e-02,1.7371383295e+00
9.9000000000e+02,1.0563832983e-02,1.5191766616e-02,5.3042304828e-01,1.8016482339e-01,9.0666379382e-02,1.2218038872e-01,5.0809760625e-02,1.7374586758e+00
9.9050000000e+02,1.0661619900e-02,1.5236013609e-02,5.2903885049e-01,1.8034171687e-01,9.0365296925e-02,1.2340505847e-01,5.0951443740e-02,1.7422098107e+00
9.9100000000e+02,1.0728576990e-02,1.5284832800e-02,5.2669142581e-01,1.8156841944e-01,9.0177236496e-02,1.2386389566e-01,5.1685612803e-02,1.7580185320e+00
9.9150000000e+02,1.0680596269e-02,1.5215018357e-02,5.2747196374e-01,1.8062892678e-01,8.9940485697e-02,1.2454368303e-01,5.1519326129e-02,1.7610539193e+00
9.9200000000e+02,1.0756959856e-02,1.5292083951e-02,5.2602203071e-01,1.8106757557e-01,8.9668715173e-02,1.2511157826e-01,5.2081056479e-02,1.7652005665e+00
9.9250000000e+02,1.0646741719e-02,1.5294401738e-02,5.2647573325e-01,1.8124843315e-01,8.9052612327e-02,1.2559968523e-01,5.1682392582e-02,1.7605750128e+00
9.9300000000e+02,1.0679582857e-02,1.5448525912e-02,5.2791866901e-01,1.8062130305e-01,8.9302575161e-02,1.2439305582e-01,5.1636288190e-02,1.7648640946e+00
9.9350000000e+02,1.0681973277e-02,1.5479698963e-02,5.2919680560e-01,1.7971695922e-01,8.8850728204e-02,1.2429014353e-01,5.1783691202e-02,1.7607106399e+00
9.9400000000e+02,1.0713573938e-02,1.5734302563e-02,5.2798738648e-01,1.7956066559e-01,8.8713482863e-02,1.2492655100e-01,5.2364037566e-02,1.7690579801e+00
9.9450000000e+02,1.0732815860e-02,1.5796840121e-02,5.2902040000e-01,1.7836105582e-01,8.8522862851e-02,1.2477484088e-01,5.2791184469e-02,1.7694742610e+00
9.9500000000e+02,1.0810368056e-02,1.6014648386e-02,5.2606848257e-01,1.8027529411e-01,8.8005463878e-02,1.2552478573e-01,5.3300957275e-02,1.7798602470e+00
9.9550000000e+02,1.0955100606e-02,1.6132832525e-02,5.2477270596e-01,1.8073524383e-01,8.8553943379e-02,1.2478819908e-01,5.4061974617e-02,1.7927193616e+00
9.9600000000e+02,1.1011904993e-02,1.6191064918e-02,5.2295314005e-01,1.8246288795e-01,8.8625060506e-02,1.2457383586e-01,5.4182105729e-02,1.8014061866e+00
9.9650000000e+02,1.0975774622e-02,1.6008549050e-02,5.2391780495e-01,1.8123704593e-01,8.8824844190e-02,1.2465236883e-01,5.4383612439e-02,1.8003148619e+00
9.9700000000e+02,1.0935095064e-02,1.6115322826e-02,5.2473391403e-01,1.8012953562e-01,8.7688283615e-02,1.2543221150e-01,5.4965637341e-02,1.8023000035e+00
9.9750000000e+02,1.0889382832e-02,1.5998826900e-02,5.2502032838e-01,1.8007867730e-01,8.7443337890e-02,1.2542429862e-01,5.5145148077e-02,1.8020765943e+00
9.9800000000e+02,1.1021791817e-02,1.6091575641e-02,5.2478873234e-01,1.8025708003e-01,8.7669352625e-02,1.2505654521e-01,5.5114922333e-02,1.8097958125e+00
9.9850000000e+02,1.0959845905e-02,1.6185240630e-02,5.2481376351e-01,1.8061986123e-01,8.7888079211e-02,1.2417674177e-01,5.5356467741e-02,1.8099511892e+00
9.9900000000e+02,1.0942579092e-02,1.6121079779e-02,5.2383266609e-01,1.8055099153e-01,8.8674613759e-02,1.2430169330e-01,5.5576376448e-02,1.8166622924e+00
9.9950000000e+02,1.0956231401e-02,1.6267765540e-02,5.2235658917e-01,1.8122694603e-01,8.8228402375e-02,1.2481541701e-01,5.6148648464e-02,1.8240192009e+00

# METADATA: {"config_sha256": "eeef683299d1", "provenance": "Hardened_JPCL_Resubmission_v1.3", "git_commit_sha": "4883ee974158"}
