time_fs,population_site_1,population_site_2,population_site_3,population_site_4,population_site_5,population_site_6,population_site_7,coherences
0.0000000000e+00,2.6653030282e-01,3.5687571535e-02,4.5799527455e-02,4.0010930148e-02,1.3283670100e-01,8.0375459269e-03,4.7109742112e-01,4.1062362492e+00
5.0000000000e-01,2.6712509794e-01,3.5204091610e-02,4.5850538813e-02,3.9850577212e-02,1.3173970379e-01,8.0638853951e-03,4.7216610524e-01,4.0988127159e+00
1.0000000000e+00,2.6634875861e-01,3.5399661683e-02,4.5519490110e-02,4.0157656085e-02,1.3091312356e-01,8.0898565148e-03,4.7357145344e-01,4.0975661749e+00
1.5000000000e+00,2.6553374032e-01,3.5682951312e-02,4.5419924738e-02,4.0570700924e-02,1.2991773306e-01,8.2690647416e-03,4.7460588490e-01,4.1025108376e+00
2.0000000000e+00,2.6666993969e-01,3.6153313187e-02,4.5706809148e-02,4.0523774754e-02,1.2906909569e-01,8.5128551298e-03,4.7336421240e-01,4.1117854400e+00
2.5000000000e+00,2.6591905658e-01,3.6465620279e-02,4.5313222432e-02,4.0624370895e-02,1.2865551754e-01,8.8221347860e-03,4.7420007749e-01,4.1166833110e+00
3.0000000000e+00,2.6458008374e-01,3.6562603738e-02,4.5609535487e-02,4.1294908102e-02,1.2818683905e-01,9.2192407376e-03,4.7454678914e-01,4.1302018251e+00
3.5000000000e+00,2.6245944661e-01,3.6834673208e-02,4.5182634875e-02,4.1640935443e-02,1.2759773292e-01,9.6470124810e-03,4.7663756446e-01,4.1361797076e+00
4.0000000000e+00,2.6008550395e-01,3.7315094231e-02,4.5238143442e-02,4.1979629998e-02,1.2853388625e-01,1.0159035688e-02,4.7668870643e-01,4.1536234894e+00
4.5000000000e+00,2.5890517862e-01,3.7792783115e-02,4.5037809128e-02,4.3298617396e-02,1.2764621787e-01,1.0773942727e-02,4.7654545115e-01,4.1737157191e+00
5.0000000000e+00,2.5878216542e-01,3.8296181044e-02,4.4378877246e-02,4.4561404526e-02,1.2663541597e-01,1.1303283087e-02,4.7604267270e-01,4.1887548704e+00
5.5000000000e+00,2.5779261801e-01,3.9334249211e-02,4.4224744401e-02,4.5828510053e-02,1.2545154698e-01,1.2065096088e-02,4.7530323525e-01,4.2139891276e+00
6.0000000000e+00,2.5740964914e-01,4.0395829262e-02,4.4163036234e-02,4.6985269126e-02,1.2421088452e-01,1.2993919434e-02,4.7384141229e-01,4.2416434008e+00
6.5000000000e+00,2.5588757490e-01,4.0950655103e-02,4.3938493891e-02,4.8853544112e-02,1.2316913845e-01,1.3925982946e-02,4.7327461059e-01,4.2679158794e+00
7.0000000000e+00,2.5368246406e-01,4.1743617614e-02,4.3523119361e-02,5.0023017932e-02,1.2264372447e-01,1.4881160381e-02,4.7350289618e-01,4.2896156074e+00
7.5000000000e+00,2.5418395641e-01,4.2917089544e-02,4.3156179788e-02,5.1442995310e-02,1.2095528742e-01,1.6079496596e-02,4.7126499493e-01,4.3185108414e+00
8.0000000000e+00,2.5362449977e-01,4.4162039746e-02,4.3577752719e-02,5.3357062880e-02,1.2042331914e-01,1.7150639029e-02,4.6770468672e-01,4.3570653511e+00
8.5000000000e+00,2.5267785609e-01,4.5370870042e-02,4.2983397084e-02,5.5508024812e-02,1.1893894439e-01,1.8369056347e-02,4.6615185123e-01,4.3862197542e+00
9.0000000000e+00,2.5134807602e-01,4.6639351028e-02,4.2451374096e-02,5.7785252500e-02,1.1711697197e-01,1.9676821442e-02,4.6498215294e-01,4.4145219680e+00
9.5000000000e+00,2.4891084497e-01,4.8172453498e-02,4.2316712523e-02,6.0239366202e-02,1.1609628813e-01,2.1138157296e-02,4.6312617738e-01,4.4522612234e+00
1.0000000000e+01,2.4700421563e-01,4.9719311558e-02,4.1955400070e-02,6.2548970843e-02,1.1357813753e-01,2.2463685673e-02,4.6273027870e-01,4.4791863139e+00
1.0500000000e+01,2.4456828978e-01,5.1278773565e-02,4.1340335961e-02,6.4990560107e-02,1.1245579258e-01,2.3812241744e-02,4.6155400626e-01,4.5078765972e+00
1.1000000000e+01,2.4186295209e-01,5.2491286378e-02,4.0612298730e-02,6.6978447194e-02,1.1063329739e-01,2.5134170086e-02,4.6228754814e-01,4.5262674130e+00
1.1500000000e+01,2.3863950018e-01,5.3627107060e-02,4.0065385569e-02,7.0024597418e-02,1.0825473167e-01,2.6814718034e-02,4.6257396007e-01,4.5513716498e+00
1.2000000000e+01,2.3613524702e-01,5.4638313343e-02,3.9225580761e-02,7.2842149920e-02,1.0673037673e-01,2.8363401904e-02,4.6206493033e-01,4.5740003948e+00
1.2500000000e+01,2.3301323732e-01,5.6029823041e-02,3.8643526987e-02,7.5455889489e-02,1.0474400367e-01,2.9786959974e-02,4.6232655952e-01,4.5945046284e+00
1.3000000000e+01,2.3025289996e-01,5.7391125543e-02,3.8265234696e-02,7.7773805076e-02,1.0202184089e-01,3.1407607740e-02,4.6288748609e-01,4.6129055184e+00
1.3500000000e+01,2.2793732186e-01,5.8484841778e-02,3.7963549809e-02,8.0132917121e-02,1.0045846034e-01,3.3043302029e-02,4.6197960706e-01,4.6349133514e+00
1.4000000000e+01,2.2606506505e-01,6.0155269680e-02,3.7176623786e-02,8.3001318213e-02,9.8124941306e-02,3.4849840599e-02,4.6062694137e-01,4.6568798182e+00
1.4500000000e+01,2.2437062490e-01,6.1695969903e-02,3.6781334220e-02,8.7505087564e-02,9.5963327201e-02,3.6978983649e-02,4.5670467256e-01,4.6912954895e+00
1.5000000000e+01,2.2177110790e-01,6.3141251803e-02,3.6135442206e-02,9.1319822854e-02,9.3010225733e-02,3.8686491264e-02,4.5593565824e-01,4.7094134996e+00
1.5500000000e+01,2.2035267712e-01,6.4995384501e-02,3.5315543479e-02,9.4155875678e-02,9.0486290863e-02,4.0757918774e-02,4.5393630958e-01,4.7283445314e+00
1.6000000000e+01,2.1929373747e-01,6.7542150487e-02,3.4722806088e-02,9.7970664746e-02,8.8828340401e-02,4.2845894708e-02,4.4879640610e-01,4.7614005073e+00
1.6500000000e+01,2.1817996187e-01,6.9653532388e-02,3.4183180943e-02,1.0142052895e-01,8.6598208285e-02,4.5163356338e-02,4.4480123122e-01,4.7879933830e+00
1.7000000000e+01,2.1710257883e-01,7.1958874666e-02,3.3628025733e-02,1.0495347250e-01,8.3872219021e-02,4.7202248266e-02,4.4128258098e-01,4.8085439050e+00
1.7500000000e+01,2.1493093245e-01,7.3771535625e-02,3.3385454958e-02,1.0873890421e-01,8.0804799709e-02,4.9467457098e-02,4.3890091594e-01,4.8287312499e+00
1.8000000000e+01,2.1303315640e-01,7.6429556266e-02,3.2996003475e-02,1.1319896518e-01,7.8263690556e-02,5.1818900175e-02,4.3425972795e-01,4.8543364229e+00
1.8500000000e+01,2.0986523980e-01,7.8627378670e-02,3.2213570237e-02,1.1707412842e-01,7.6671786966e-02,5.4234878998e-02,4.3131301691e-01,4.8738441704e+00
1.9000000000e+01,2.0626056324e-01,8.0592749275e-02,3.1948438858e-02,1.2108347627e-01,7.4338952464e-02,5.6811242169e-02,4.2896457772e-01,4.8926976062e+00
1.9500000000e+01,2.0423192339e-01,8.2237904108e-02,3.1438177808e-02,1.2478742398e-01,7.1826633884e-02,5.8722069572e-02,4.2675586725e-01,4.9022147444e+00
2.0000000000e+01,2.0236442748e-01,8.4198042128e-02,3.0477450745e-02,1.2972164387e-01,6.8908394616e-02,6.1283900132e-02,4.2304614103e-01,4.9130404498e+00
2.0500000000e+01,1.9800502140e-01,8.6631109057e-02,2.9852818989e-02,1.3387629237e-01,6.6680850521e-02,6.3480132826e-02,4.2147377484e-01,4.9224347546e+00
2.1000000000e+01,1.9624571266e-01,8.7970717175e-02,2.9117088630e-02,1.3624906196e-01,6.3696100136e-02,6.6183137116e-02,4.2053818232e-01,4.9216344503e+00
2.1500000000e+01,1.9476809207e-01,8.9766000952e-02,2.8734717374e-02,1.4023953848e-01,6.0604824275e-02,6.8882659006e-02,4.1700416784e-01,4.9301991212e+00
2.2000000000e+01,1.9239477302e-01,9.1987652123e-02,2.8151181163e-02,1.4448743452e-01,5.7679931857e-02,7.0711939804e-02,4.1458708752e-01,4.9305614092e+00
2.2500000000e+01,1.9225482121e-01,9.4644371567e-02,2.7431224794e-02,1.4775113744e-01,5.5058896813e-02,7.2968468303e-02,4.0989107987e-01,4.9379011724e+00
2.3000000000e+01,1.9048227442e-01,9.7841096083e-02,2.7020415316e-02,1.5112315829e-01,5.2168672935e-02,7.5805296467e-02,4.0555908649e-01,4.9460484927e+00
2.3500000000e+01,1.8813635717e-01,1.0020631968e-01,2.6545427057e-02,1.5448700166e-01,4.9707173869e-02,7.7793300454e-02,4.0312442011e-01,4.9473158368e+00
2.4000000000e+01,1.8530149538e-01,1.0193736032e-01,2.6197296363e-02,1.5933040531e-01,4.7655326087e-02,8.0655344096e-02,3.9892277245e-01,4.9548430730e+00
2.4500000000e+01,1.8338110849e-01,1.0390826586e-01,2.5507531879e-02,1.6419291977e-01,4.5507634764e-02,8.3222908072e-02,3.9427963117e-01,4.9570306076e+00
2.5000000000e+01,1.7983481677e-01,1.0657751407e-01,2.4970669918e-02,1.6812820584e-01,4.2669531664e-02,8.5804686920e-02,3.9201457482e-01,4.9523929132e+00
2.5500000000e+01,1.7795964849e-01,1.0911687803e-01,2.4464466166e-02,1.7067540189e-01,4.0286859816e-02,8.8950265138e-02,3.8854648046e-01,4.9505857927e+00
2.6000000000e+01,1.7433491432e-01,1.1215679650e-01,2.4083661900e-02,1.7538599861e-01,3.7861942291e-02,9.1983776310e-02,3.8419291008e-01,4.9501531600e+00
2.6500000000e+01,1.7198648678e-01,1.1378167533e-01,2.3935668755e-02,1.7834440762e-01,3.5489581649e-02,9.4870906157e-02,3.8159127371e-01,4.9458367773e+00
2.7000000000e+01,1.7006646941e-01,1.1525674103e-01,2.3893821348e-02,1.8072067286e-01,3.3465311474e-02,9.7615290086e-02,3.7898169379e-01,4.9424132504e+00
2.7500000000e+01,1.6716346156e-01,1.1699135771e-01,2.3524824304e-02,1.8419306849e-01,3.1562263177e-02,1.0044255110e-01,3.7612247366e-01,4.9359388222e+00
2.8000000000e+01,1.6312367545e-01,1.1944334346e-01,2.3132731301e-02,1.8910590446e-01,2.9546711918e-02,1.0320401557e-01,3.7244361783e-01,4.9290755201e+00
2.8500000000e+01,1.6029794127e-01,1.2210450248e-01,2.2701390666e-02,1.9332784316e-01,2.7710210180e-02,1.0725262660e-01,3.6660548563e-01,4.9263695428e+00
2.9000000000e+01,1.5745532047e-01,1.2449831157e-01,2.2251321355e-02,1.9859059939e-01,2.5884646008e-02,1.0965680321e-01,3.6166299800e-01,4.9174706514e+00
2.9500000000e+01,1.5495605977e-01,1.2807574289e-01,2.2097109905e-02,2.0185797886e-01,2.3923220201e-02,1.1170177059e-01,3.5738811778e-01,4.9096823639e+00
3.0000000000e+01,1.5231298031e-01,1.3046468261e-01,2.1760302531e-02,2.0681341899e-01,2.2113182554e-02,1.1458764700e-01,3.5194778600e-01,4.8981207486e+00
3.0500000000e+01,1.4840641273e-01,1.3198113770e-01,2.1668460231e-02,2.1113669507e-01,2.0335541349e-02,1.1693156631e-01,3.4954018661e-01,4.8816554548e+00
3.1000000000e+01,1.4523341016e-01,1.3485122409e-01,2.1526635468e-02,2.1425108370e-01,1.8620400514e-02,1.2006546683e-01,3.4545177923e-01,4.8699363500e+00
3.1500000000e+01,1.4117347410e-01,1.3654213511e-01,2.1519484492e-02,2.1626014326e-01,1.7202110310e-02,1.2361238056e-01,3.4369027216e-01,4.8543819440e+00
3.2000000000e+01,1.3833192299e-01,1.3818671753e-01,2.1435491514e-02,2.1940005428e-01,1.5526021791e-02,1.2664188866e-01,3.4047790322e-01,4.8355064046e+00
3.2500000000e+01,1.3477281790e-01,1.4040468201e-01,2.1464298766e-02,2.2150440724e-01,1.4067218871e-02,1.2990425146e-01,3.3788232375e-01,4.8201111613e+00
3.3000000000e+01,1.3135554444e-01,1.4245371128e-01,2.1602473077e-02,2.2339447347e-01,1.2734124768e-02,1.3274081727e-01,3.3571885569e-01,4.8046417274e+00
3.3500000000e+01,1.2837941335e-01,1.4387852622e-01,2.1748625063e-02,2.2625584980e-01,1.1469801519e-02,1.3592322242e-01,3.3234456163e-01,4.7895784339e+00
3.4000000000e+01,1.2573051359e-01,1.4628639899e-01,2.2145611340e-02,2.2901357999e-01,1.0214912586e-02,1.3899287403e-01,3.2761610948e-01,4.7776377704e+00
3.4500000000e+01,1.2233710375e-01,1.4845336211e-01,2.2145722806e-02,2.3370410694e-01,9.1262827658e-03,1.4179693571e-01,3.2243648591e-01,4.7613583781e+00
3.5000000000e+01,1.1854526996e-01,1.4921518044e-01,2.2342892126e-02,2.3867363000e-01,8.0398897136e-03,1.4446181411e-01,3.1872132365e-01,4.7394154433e+00
3.5500000000e+01,1.1512720210e-01,1.5042397045e-01,2.2757111107e-02,2.4347430481e-01,7.1144796674e-03,1.4555087693e-01,3.1555205494e-01,4.7200750253e+00
3.6000000000e+01,1.1268709541e-01,1.5072193905e-01,2.3105161125e-02,2.4684568580e-01,6.3015834951e-03,1.4789435523e-01,3.1244417989e-01,4.7025824824e+00
3.6500000000e+01,1.0976247726e-01,1.5253604352e-01,2.3479887905e-02,2.5068052418e-01,5.5147724466e-03,1.5025844128e-01,3.0776785341e-01,4.6856848043e+00
3.7000000000e+01,1.0612149872e-01,1.5553626412e-01,2.4034635246e-02,2.5321561467e-01,4.8101674161e-03,1.5314315195e-01,3.0313866789e-01,4.6701882231e+00
3.7500000000e+01,1.0268809930e-01,1.5699360154e-01,2.4577386790e-02,2.5796751059e-01,4.2352585286e-03,1.5563663618e-01,2.9790150706e-01,4.6557790102e+00
3.8000000000e+01,1.0055403038e-01,1.5820712787e-01,2.5258292448e-02,2.6146982639e-01,3.7248634040e-03,1.5903216676e-01,2.9175369276e-01,4.6480039042e+00
3.8500000000e+01,9.8611573447e-02,1.6136670592e-01,2.5767277738e-02,2.6226169086e-01,3.3503294002e-03,1.6199694579e-01,2.8664547685e-01,4.6441752807e+00
3.9000000000e+01,9.5702860366e-02,1.6397283212e-01,2.6573699963e-02,2.6433731958e-01,3.0705402398e-03,1.6469812980e-01,2.8164461794e-01,4.6392315846e+00
3.9500000000e+01,9.2745366503e-02,1.6518321967e-01,2.7391199104e-02,2.6946490439e-01,2.9129388844e-03,1.6723900064e-01,2.7506337081e-01,4.6351761839e+00
4.0000000000e+01,8.9882612050e-02,1.6717942019e-01,2.8230896035e-02,2.7218495494e-01,2.8538301277e-03,1.7140407691e-01,2.6826420974e-01,4.6370735732e+00
4.0500000000e+01,8.6551748369e-02,1.6787989371e-01,2.8952415078e-02,2.7629597219e-01,2.9005026763e-03,1.7416702040e-01,2.6325244758e-01,4.6392039271e+00
4.1000000000e+01,8.3484995202e-02,1.6965694539e-01,3.0095535140e-02,2.7892051625e-01,3.0284325919e-03,1.7777484362e-01,2.5703873180e-01,4.6501798904e+00
4.1500000000e+01,8.1489438875e-02,1.7047862197e-01,3.0881951744e-02,2.8077819550e-01,3.2910236799e-03,1.8141339029e-01,2.5166737795e-01,4.6644383081e+00
4.2000000000e+01,7.9873160752e-02,1.7111559366e-01,3.2096570429e-02,2.8348141838e-01,3.6322738840e-03,1.8332982269e-01,2.4647116020e-01,4.6848528651e+00
4.2500000000e+01,7.7219097016e-02,1.7355560934e-01,3.3280067385e-02,2.8896526487e-01,4.1065350504e-03,1.8354502241e-01,2.3932840393e-01,4.7021011571e+00
4.3000000000e+01,7.4577815711e-02,1.7592571401e-01,3.4006557435e-02,2.9097831964e-01,4.7271923267e-03,1.8552556316e-01,2.3425883771e-01,4.7197906816e+00
4.3500000000e+01,7.1673661144e-02,1.7799405553e-01,3.4981953332e-02,2.9474103324e-01,5.4190008301e-03,1.8653520706e-01,2.2865508886e-01,4.7367002757e+00
4.4000000000e+01,6.8895905413e-02,1.7763037652e-01,3.6496499298e-02,2.9653884418e-01,6.2348353248e-03,1.8947240917e-01,2.2473113010e-01,4.7586455997e+00
4.4500000000e+01,6.5850486280e-02,1.7851833064e-01,3.7897270664e-02,2.9716832694e-01,7.1411849608e-03,1.9245122686e-01,2.2097317366e-01,4.7805184967e+00
4.5000000000e+01,6.3255456916e-02,1.8031872078e-01,3.9221675036e-02,2.9767962148e-01,8.0945322247e-03,1.9529861752e-01,2.1613137605e-01,4.8016183903e+00
4.5500000000e+01,6.0696865826e-02,1.8044524969e-01,4.0591475954e-02,3.0188771603e-01,9.1744583672e-03,1.9641179662e-01,2.1079243750e-01,4.8179248230e+00
4.6000000000e+01,5.7712041365e-02,1.8175131949e-01,4.1841645991e-02,3.0690049654e-01,1.0193380378e-02,1.9752868264e-01,2.0407243360e-01,4.8291386602e+00
4.6500000000e+01,5.5303800426e-02,1.8265664957e-01,4.3584325135e-02,3.1067279797e-01,1.1398196876e-02,1.9814180084e-01,1.9824242919e-01,4.8462447653e+00
4.7000000000e+01,5.2809047943e-02,1.8357220289e-01,4.5594640568e-02,3.1371011905e-01,1.2638011691e-02,1.9911222655e-01,1.9256375132e-01,4.8647380314e+00
4.7500000000e+01,5.0384942339e-02,1.8417815580e-01,4.7175093747e-02,3.1682885650e-01,1.4005282438e-02,2.0000003262e-01,1.8742763655e-01,4.8794182035e+00
4.8000000000e+01,4.8298038240e-02,1.8601249261e-01,4.8875983912e-02,3.1942502591e-01,1.5400510437e-02,2.0038658212e-01,1.8160136677e-01,4.8940302092e+00
4.8500000000e+01,4.5933148872e-02,1.8555856703e-01,5.0536490906e-02,3.2295439799e-01,1.7046719925e-02,2.0105437223e-01,1.7691630305e-01,4.9061902923e+00
4.9000000000e+01,4.3614386875e-02,1.8831393567e-01,5.2398999730e-02,3.2340726546e-01,1.8750361794e-02,2.0094426760e-01,1.7257078287e-01,4.9216767482e+00
4.9500000000e+01,4.0895887621e-02,1.8940350173e-01,5.4174499041e-02,3.2268051324e-01,2.0415760426e-02,2.0383007374e-01,1.6859976421e-01,4.9323999460e+00
5.0000000000e+01,3.8803934394e-02,1.8986233201e-01,5.6460738422e-02,3.2288288359e-01,2.2197290160e-02,2.0438272959e-01,1.6541009183e-01,4.9481765278e+00
5.0500000000e+01,3.6247172042e-02,1.9165900162e-01,5.7466803352e-02,3.2274329350e-01,2.3960635886e-02,2.0751297862e-01,1.6041011498e-01,4.9504352919e+00
5.1000000000e+01,3.4130846638e-02,1.9309379431e-01,5.9979734263e-02,3.2194583155e-01,2.5802803657e-02,2.0942161006e-01,1.5562537952e-01,4.9623634796e+00
5.1500000000e+01,3.1981067351e-02,1.9447706700e-01,6.1485720085e-02,3.2103248611e-01,2.7743309141e-02,2.1130306073e-01,1.5197728959e-01,4.9693266039e+00
5.2000000000e+01,2.9760670607e-02,1.9428444396e-01,6.3247989861e-02,3.2303300450e-01,2.9591343546e-02,2.1296713141e-01,1.4711541613e-01,4.9677954510e+00
5.2500000000e+01,2.8158251589e-02,1.9416959039e-01,6.5554799550e-02,3.2185719010e-01,3.2472920790e-02,2.1463176370e-01,1.4315548388e-01,4.9836771852e+00
5.3000000000e+01,2.6478524540e-02,1.9425517214e-01,6.7838582335e-02,3.2174670798e-01,3.4494203104e-02,2.1613027315e-01,1.3905653675e-01,4.9879844271e+00
5.3500000000e+01,2.4844454976e-02,1.9488192719e-01,6.9313657212e-02,3.2207332826e-01,3.6997841890e-02,2.1649452883e-01,1.3539426163e-01,4.9915733412e+00
5.4000000000e+01,2.3261045348e-02,1.9470153949e-01,7.1563703762e-02,3.2216254644e-01,3.9475236729e-02,2.1793698374e-01,1.3089894449e-01,4.9960946858e+00
5.4500000000e+01,2.1521574593e-02,1.9436357003e-01,7.4303838998e-02,3.2254301113e-01,4.2072383193e-02,2.1850903325e-01,1.2668658881e-01,4.9971706409e+00
5.5000000000e+01,1.9915889728e-02,1.9324686411e-01,7.7153847155e-02,3.2254913568e-01,4.4589509827e-02,2.2017582704e-01,1.2236892647e-01,4.9960604906e+00
5.5500000000e+01,1.8418347978e-02,1.9206817048e-01,7.8819512139e-02,3.2496928570e-01,4.6725070979e-02,2.2104476448e-01,1.1795484824e-01,4.9860292611e+00
5.6000000000e+01,1.6804086104e-02,1.9191612781e-01,8.1698126188e-02,3.2394131479e-01,4.9305421617e-02,2.2371199083e-01,1.1262293267e-01,4.9802489953e+00
5.6500000000e+01,1.5421187467e-02,1.9201453493e-01,8.3800918379e-02,3.2265317538e-01,5.1674518879e-02,2.2554755835e-01,1.0888810662e-01,4.9745332899e+00
5.7000000000e+01,1.4131288273e-02,1.9116426009e-01,8.5372339660e-02,3.2353283932e-01,5.4003203697e-02,2.2621683800e-01,1.0557923096e-01,4.9638238458e+00
5.7500000000e+01,1.2872541040e-02,1.9041237787e-01,8.8299067760e-02,3.2557303317e-01,5.6791048458e-02,2.2489218834e-01,1.0115974336e-01,4.9517531971e+00
5.8000000000e+01,1.1655193109e-02,1.8925524479e-01,9.0768475633e-02,3.2627113723e-01,5.9554644133e-02,2.2538435556e-01,9.7110949548e-02,4.9395285265e+00
5.8500000000e+01,1.0612502847e-02,1.8801206966e-01,9.2469754981e-02,3.2662689904e-01,6.2544388059e-02,2.2640971960e-01,9.3324665812e-02,4.9280019615e+00
5.9000000000e+01,9.6071603498e-03,1.8721346899e-01,9.5120941025e-02,3.2504282991e-01,6.5518772465e-02,2.2707412010e-01,9.0422707167e-02,4.9221182364e+00
5.9500000000e+01,8.5815831685e-03,1.8742363949e-01,9.7243718212e-02,3.2411087802e-01,6.8131330413e-02,2.2746777583e-01,8.7041074869e-02,4.9081682220e+00
6.0000000000e+01,7.6440677862e-03,1.8507071238e-01,1.0079751196e-01,3.2589451796e-01,7.0837778582e-02,2.2663364547e-01,8.3121765853e-02,4.8927136418e+00
6.0500000000e+01,6.8370074179e-03,1.8492509075e-01,1.0315074268e-01,3.2559066459e-01,7.3565657050e-02,2.2633154656e-01,7.9599290955e-02,4.8763594132e+00
6.1000000000e+01,6.0919180544e-03,1.8353959069e-01,1.0561250921e-01,3.2522574949e-01,7.6533660658e-02,2.2735465956e-01,7.5641912337e-02,4.8576745198e+00
6.1500000000e+01,5.3012939859e-03,1.8396464213e-01,1.0818548910e-01,3.2547206200e-01,7.8531149935e-02,2.2684939169e-01,7.1695971156e-02,4.8344788535e+00
6.2000000000e+01,4.6189602247e-03,1.8241829250e-01,1.1055379830e-01,3.2550137827e-01,8.1288188650e-02,2.2695618017e-01,6.8663201880e-02,4.8154024944e+00
6.2500000000e+01,3.9597407815e-03,1.8158663413e-01,1.1284051680e-01,3.2554108811e-01,8.4501585995e-02,2.2612817799e-01,6.5442256197e-02,4.7960192478e+00
6.3000000000e+01,3.3567076348e-03,1.8096548855e-01,1.1727976718e-01,3.2518326084e-01,8.7699772643e-02,2.2364547992e-01,6.1869523239e-02,4.7761476535e+00
6.3500000000e+01,2.8371915880e-03,1.7854736649e-01,1.1958577456e-01,3.2531550412e-01,9.0142984060e-02,2.2456145794e-01,5.9009721244e-02,4.7519222420e+00
6.4000000000e+01,2.3794883027e-03,1.7843671675e-01,1.2126266021e-01,3.2360908734e-01,9.2107722126e-02,2.2586611383e-01,5.6338211432e-02,4.7275179957e+00
6.4500000000e+01,1.9706572578e-03,1.7728859634e-01,1.2525297620e-01,3.2160224208e-01,9.5310710578e-02,2.2473325547e-01,5.3841562070e-02,4.7091843594e+00
6.5000000000e+01,1.6239443414e-03,1.7701173703e-01,1.2890947507e-01,3.1855622904e-01,9.8094122705e-02,2.2447615941e-01,5.1328332413e-02,4.6887247303e+00
6.5500000000e+01,1.3474370902e-03,1.7515673873e-01,1.3142347368e-01,3.1868400609e-01,1.0015211614e-01,2.2421684889e-01,4.9019379379e-02,4.6638768560e+00
6.6000000000e+01,1.1176740153e-03,1.7325701724e-01,1.3369737366e-01,3.1810555182e-01,1.0342648818e-01,2.2341371454e-01,4.6982180551e-02,4.6429879641e+00
6.6500000000e+01,9.3624608100e-04,1.7149698994e-01,1.3660412583e-01,3.1915112153e-01,1.0584775828e-01,2.2121956411e-01,4.4744194235e-02,4.6207316642e+00
6.7000000000e+01,8.0209909176e-04,1.7069935711e-01,1.4044311216e-01,3.1899306812e-01,1.0737630046e-01,2.1916197591e-01,4.2524087144e-02,4.6030118145e+00
6.7500000000e+01,7.1492345433e-04,1.6964448593e-01,1.4268191277e-01,3.1660485941e-01,1.1076724099e-01,2.1905240977e-01,4.0534167676e-02,4.5907169446e+00
6.8000000000e+01,6.9060143304e-04,1.6862384228e-01,1.4571063434e-01,3.1575585992e-01,1.1228074088e-01,2.1846236770e-01,3.8475953451e-02,4.5802402153e+00
6.8500000000e+01,7.1576053956e-04,1.6676168039e-01,1.4784927081e-01,3.1451737028e-01,1.1468202499e-01,2.1906839898e-01,3.6405494022e-02,4.5743953063e+00
6.9000000000e+01,7.7999184789e-04,1.6479439184e-01,1.5050191714e-01,3.1053394680e-01,1.1725113028e-01,2.2172088076e-01,3.4417741339e-02,4.5782838185e+00
6.9500000000e+01,8.9532526959e-04,1.6260066227e-01,1.5409481632e-01,3.0798144026e-01,1.1835724336e-01,2.2291384557e-01,3.3156666950e-02,4.5872270120e+00
7.0000000000e+01,1.0559836746e-03,1.6200010512e-01,1.5603528691e-01,3.0767701509e-01,1.1981705014e-01,2.2210809070e-01,3.1306468356e-02,4.5912053816e+00
7.0500000000e+01,1.2329827622e-03,1.5854833975e-01,1.5871667624e-01,3.0890014174e-01,1.2064248608e-01,2.2239341722e-01,2.9565956205e-02,4.5923016547e+00
7.1000000000e+01,1.4607842038e-03,1.5655750246e-01,1.6159250514e-01,3.0804093919e-01,1.2114957937e-01,2.2313401974e-01,2.8064669903e-02,4.5980406111e+00
7.1500000000e+01,1.7463619935e-03,1.5478013706e-01,1.6532893468e-01,3.0632766650e-01,1.2160781846e-01,2.2343057896e-01,2.6778502344e-02,4.6071591983e+00
7.2000000000e+01,2.0644749538e-03,1.5330056533e-01,1.6875840460e-01,3.0407299059e-01,1.2220629322e-01,2.2430146023e-01,2.5295811090e-02,4.6151239983e+00
7.2500000000e+01,2.4246929224e-03,1.5091754566e-01,1.7220734623e-01,3.0295683069e-01,1.2244662275e-01,2.2500854415e-01,2.4038417604e-02,4.6202317069e+00
7.3000000000e+01,2.8015516861e-03,1.4820149493e-01,1.7581419581e-01,3.0205899084e-01,1.2279635895e-01,2.2557684547e-01,2.2750562324e-02,4.6241121247e+00
7.3500000000e+01,3.2417104600e-03,1.4733373698e-01,1.7722970609e-01,3.0064395909e-01,1.2482717043e-01,2.2525763059e-01,2.1466086361e-02,4.6302512669e+00
7.4000000000e+01,3.6791504079e-03,1.4680814064e-01,1.8080265008e-01,2.9793575312e-01,1.2562806216e-01,2.2461042889e-01,2.0535814690e-02,4.6419460318e+00
7.4500000000e+01,4.1640345324e-03,1.4430272736e-01,1.8335487753e-01,2.9777837494e-01,1.2534712094e-01,2.2581186099e-01,1.9241003708e-02,4.6397127254e+00
7.5000000000e+01,4.6757286021e-03,1.4298987477e-01,1.8688822724e-01,2.9580920575e-01,1.2544383484e-01,2.2573176526e-01,1.8461363547e-02,4.6481719594e+00
7.5500000000e+01,5.2106280239e-03,1.4016989719e-01,1.9020191724e-01,2.9839071732e-01,1.2456610298e-01,2.2416048619e-01,1.7300251051e-02,4.6414884537e+00
7.6000000000e+01,5.8040040572e-03,1.3934584711e-01,1.9187829980e-01,2.9695208444e-01,1.2525230258e-01,2.2436241253e-01,1.6405049485e-02,4.6455256243e+00
7.6500000000e+01,6.4166324795e-03,1.3790592116e-01,1.9560863981e-01,2.9514797115e-01,1.2625156964e-01,2.2278440166e-01,1.5884864110e-02,4.6547952026e+00
7.7000000000e+01,6.9673629876e-03,1.3773125875e-01,1.9740980463e-01,2.9479368676e-01,1.2592623695e-01,2.2193126045e-01,1.5240389475e-02,4.6575001108e+00
7.7500000000e+01,7.5905498137e-03,1.3654382280e-01,2.0078926741e-01,2.9157557373e-01,1.2525081232e-01,2.2344001858e-01,1.4809955348e-02,4.6644463033e+00
7.8000000000e+01,8.2569932417e-03,1.3479908504e-01,2.0227768204e-01,2.9212941367e-01,1.2488488782e-01,2.2323857345e-01,1.4413364734e-02,4.6692709151e+00
7.8500000000e+01,8.9274048282e-03,1.3310450027e-01,2.0706281952e-01,2.9298237393e-01,1.2415977954e-01,2.2008576783e-01,1.3677354080e-02,4.6684220421e+00
7.9000000000e+01,9.6508301384e-03,1.3144817056e-01,2.1000914966e-01,2.9226088352e-01,1.2379323770e-01,2.1939274174e-01,1.3444986690e-02,4.6753420122e+00
7.9500000000e+01,1.0410081237e-02,1.2971712140e-01,2.1188403458e-01,2.9166775591e-01,1.2303727626e-01,2.2011475412e-01,1.3168976497e-02,4.6812221534e+00
8.0000000000e+01,1.1176270102e-02,1.2893321442e-01,2.1409845403e-01,2.8993878283e-01,1.2298341630e-01,2.1994753258e-01,1.2922329729e-02,4.6894437011e+00
8.0500000000e+01,1.1871262745e-02,1.2790725712e-01,2.1801627351e-01,2.8873624529e-01,1.2115757751e-01,2.1962495653e-01,1.2686427290e-02,4.6924175182e+00
8.1000000000e+01,1.2704852310e-02,1.2748690562e-01,2.1964869222e-01,2.8801102629e-01,1.2001669442e-01,2.1965692449e-01,1.2474904641e-02,4.6998797927e+00
8.1500000000e+01,1.3541625907e-02,1.2507975905e-01,2.2193608911e-01,2.8865542990e-01,1.1875922657e-01,2.1970066968e-01,1.2327199786e-02,4.7048574584e+00
8.2000000000e+01,1.4421938113e-02,1.2407150193e-01,2.2494596273e-01,2.8723487933e-01,1.1750505879e-01,2.1949664712e-01,1.2324011981e-02,4.7130756522e+00
8.2500000000e+01,1.5193884305e-02,1.2148133109e-01,2.2926282346e-01,2.8660772029e-01,1.1610371287e-01,2.1909309901e-01,1.2257428980e-02,4.7167048311e+00
8.3000000000e+01,1.6221085121e-02,1.2103724761e-01,2.3215009254e-01,2.8468216176e-01,1.1483797549e-01,2.1884902220e-01,1.2222415281e-02,4.7278699378e+00
8.3500000000e+01,1.7060511611e-02,1.2045102678e-01,2.3472126144e-01,2.8466329824e-01,1.1258678385e-01,2.1821576171e-01,1.2301356369e-02,4.7322837210e+00
8.4000000000e+01,1.8015249454e-02,1.1934167009e-01,2.3832782361e-01,2.8362046457e-01,1.1174300156e-01,2.1646562228e-01,1.2486168439e-02,4.7435607972e+00
8.4500000000e+01,1.8678284515e-02,1.1853763958e-01,2.4064114637e-01,2.8366255926e-01,1.1002551770e-01,2.1592040368e-01,1.2534448883e-02,4.7488248882e+00
8.5000000000e+01,1.9484079051e-02,1.1706602034e-01,2.4446970896e-01,2.8103827313e-01,1.0919412697e-01,2.1602776992e-01,1.2720021630e-02,4.7559449555e+00
8.5500000000e+01,2.0519550528e-02,1.1583853087e-01,2.4704683375e-01,2.8016777215e-01,1.0769785850e-01,2.1585248143e-01,1.2876972764e-02,4.7642513991e+00
8.6000000000e+01,2.1547690968e-02,1.1472334322e-01,2.5114856975e-01,2.7798610798e-01,1.0523245787e-01,2.1627830310e-01,1.3083527114e-02,4.7716887910e+00
8.6500000000e+01,2.2330523254e-02,1.1278423135e-01,2.5395342555e-01,2.7722015257e-01,1.0330410341e-01,2.1717621344e-01,1.3231350420e-02,4.7708837251e+00
8.7000000000e+01,2.3268163566e-02,1.1180596930e-01,2.5776265860e-01,2.7498512113e-01,1.0061440900e-01,2.1809250609e-01,1.3471172315e-02,4.7736661802e+00
8.7500000000e+01,2.4164591407e-02,1.1153973114e-01,2.6017452989e-01,2.7191570819e-01,9.9387185057e-02,2.1897182464e-01,1.3846429680e-02,4.7827240723e+00
8.8000000000e+01,2.5194399894e-02,1.1016944532e-01,2.6393399110e-01,2.7091473812e-01,9.7212184649e-02,2.1847761919e-01,1.4097621720e-02,4.7851288645e+00
8.8500000000e+01,2.5870383091e-02,1.0822806756e-01,2.6753137459e-01,2.7103710416e-01,9.4137483152e-02,2.1877943082e-01,1.4416156629e-02,4.7818475207e+00
8.9000000000e+01,2.6775052228e-02,1.0735322007e-01,2.6925059195e-01,2.7059476068e-01,9.2252929428e-02,2.1900938928e-01,1.4764056366e-02,4.7863145050e+00
8.9500000000e+01,2.7949390599e-02,1.0618119844e-01,2.7143380962e-01,2.6774380432e-01,9.0684186958e-02,2.2071836780e-01,1.5289242267e-02,4.7972817199e+00
9.0000000000e+01,2.8854206028e-02,1.0439701633e-01,2.7469258136e-01,2.6589383447e-01,8.7559636751e-02,2.2263896795e-01,1.5963757110e-02,4.7996226967e+00
9.0500000000e+01,2.9637300280e-02,1.0285341972e-01,2.7793196830e-01,2.6558209360e-01,8.4626164782e-02,2.2287795084e-01,1.6491102474e-02,4.7993563464e+00
9.1000000000e+01,3.0800817983e-02,1.0185510541e-01,2.8079007199e-01,2.6326290812e-01,8.2742946874e-02,2.2344409233e-01,1.7104057282e-02,4.8056006243e+00
9.1500000000e+01,3.1762765845e-02,1.0033791133e-01,2.8378612945e-01,2.6250798991e-01,8.0428749571e-02,2.2354641058e-01,1.7630043312e-02,4.8064012745e+00
9.2000000000e+01,3.2514733815e-02,9.9521940621e-02,2.8590195640e-01,2.6147964790e-01,7.8366951955e-02,2.2404407539e-01,1.8170693916e-02,4.8062239143e+00
9.2500000000e+01,3.3183890663e-02,9.9157853887e-02,2.8757700425e-01,2.6056954492e-01,7.6108930744e-02,2.2458821704e-01,1.8814558496e-02,4.8073268983e+00
9.3000000000e+01,3.4101341834e-02,9.7411477751e-02,2.9109232131e-01,2.5989514197e-01,7.3023249727e-02,2.2486611648e-01,1.9610350926e-02,4.8042857855e+00
9.3500000000e+01,3.4885340901e-02,9.5657345442e-02,2.9187637482e-01,2.6003101496e-01,7.0421319730e-02,2.2685093173e-01,2.0277672421e-02,4.8023563553e+00
9.4000000000e+01,3.5616057224e-02,9.4398334673e-02,2.9459592307e-01,2.5873161788e-01,6.8346484351e-02,2.2730496009e-01,2.1006622713e-02,4.8018330972e+00
9.4500000000e+01,3.6724151712e-02,9.3904732234e-02,2.9718771897e-01,2.5819660933e-01,6.5952560807e-02,2.2641684780e-01,2.1617379153e-02,4.8033414193e+00
9.5000000000e+01,3.7540108133e-02,9.1694261359e-02,3.0243355659e-01,2.5710830000e-01,6.3052089334e-02,2.2581904995e-01,2.2352634639e-02,4.7947389193e+00
9.5500000000e+01,3.8216512801e-02,9.0682133318e-02,3.0785699424e-01,2.5441396550e-01,6.0107033158e-02,2.2561065105e-01,2.3112709936e-02,4.7871064023e+00
9.6000000000e+01,3.9142411187e-02,9.0221490438e-02,3.0877174577e-01,2.5465365772e-01,5.7820928789e-02,2.2544254006e-01,2.3947226027e-02,4.7856618184e+00
9.6500000000e+01,3.9941578258e-02,8.8678826425e-02,3.0927198429e-01,2.5673285124e-01,5.5786700349e-02,2.2465744479e-01,2.4930614648e-02,4.7826281190e+00
9.7000000000e+01,4.0484590109e-02,8.7933054206e-02,3.1252149078e-01,2.5489137780e-01,5.3396874282e-02,2.2476093938e-01,2.6011673440e-02,4.7760056105e+00
9.7500000000e+01,4.1287683851e-02,8.6209529351e-02,3.1392385744e-01,2.5278782129e-01,5.0658523580e-02,2.2802755159e-01,2.7105032896e-02,4.7668540806e+00
9.8000000000e+01,4.1956829862e-02,8.5112020625e-02,3.1562019070e-01,2.5194768115e-01,4.7915965974e-02,2.2943443499e-01,2.8012876698e-02,4.7573540554e+00
9.8500000000e+01,4.2941206364e-02,8.4570689890e-02,3.1787979991e-01,2.4931825276e-01,4.5320568833e-02,2.3091667724e-01,2.9052805003e-02,4.7505679049e+00
9.9000000000e+01,4.3495010476e-02,8.4142986228e-02,3.2088820760e-01,2.4833950620e-01,4.2602255529e-02,2.3065393156e-01,2.9878102403e-02,4.7399945795e+00
9.9500000000e+01,4.4217749719e-02,8.3159264089e-02,3.2387920907e-01,2.4604667335e-01,3.9931827743e-02,2.3182601400e-01,3.0939262035e-02,4.7292413482e+00
1.0000000000e+02,4.4661455246e-02,8.2837309243e-02,3.2694919433e-01,2.4364944606e-01,3.7478539558e-02,2.3234955125e-01,3.2074504319e-02,4.7196196515e+00
1.0050000000e+02,4.5062533083e-02,8.2572017196e-02,3.2924647853e-01,2.4145464788e-01,3.4760900968e-02,2.3358137726e-01,3.3322045082e-02,4.7072815678e+00
1.0100000000e+02,4.5619642350e-02,8.1060285049e-02,3.3204539193e-01,2.3861793479e-01,3.2326967413e-02,2.3578746166e-01,3.4542316800e-02,4.6901886688e+00
1.0150000000e+02,4.6557621665e-02,8.0012976999e-02,3.3428042275e-01,2.3511152763e-01,3.0463186127e-02,2.3771884382e-01,3.5855421004e-02,4.6782132691e+00
1.0200000000e+02,4.7240899559e-02,7.8567863119e-02,3.3843364997e-01,2.3255833684e-01,2.8276126348e-02,2.3766882489e-01,3.7254299270e-02,4.6595627744e+00
1.0250000000e+02,4.8032139734e-02,7.7698508356e-02,3.4080673386e-01,2.2948833590e-01,2.6311745866e-02,2.3857789750e-01,3.9084638781e-02,4.6452454188e+00
1.0300000000e+02,4.8463670865e-02,7.6575826706e-02,3.4468318885e-01,2.2717459008e-01,2.4581553894e-02,2.3792790837e-01,4.0593261240e-02,4.6279951079e+00
1.0350000000e+02,4.9149013952e-02,7.5222844459e-02,3.4766492809e-01,2.2427676026e-01,2.2384313124e-02,2.3949849112e-01,4.1803649001e-02,4.6041455992e+00
1.0400000000e+02,4.9733366854e-02,7.4246066795e-02,3.4956871567e-01,2.2164437060e-01,2.0600900276e-02,2.4104405407e-01,4.3162525736e-02,4.5836827655e+00
1.0450000000e+02,5.0573438218e-02,7.3142649344e-02,3.5225098515e-01,2.1823086282e-01,1.8952363531e-02,2.4211355993e-01,4.4736141011e-02,4.5641134475e+00
1.0500000000e+02,5.1034167198e-02,7.3050727605e-02,3.5057340599e-01,2.1834471581e-01,1.7478431518e-02,2.4292010225e-01,4.6598449629e-02,4.5515384027e+00
1.0550000000e+02,5.2157665987e-02,7.2439484735e-02,3.5337980134e-01,2.1274282593e-01,1.6116065786e-02,2.4492044008e-01,4.8243716137e-02,4.5304316554e+00
1.0600000000e+02,5.2917600659e-02,7.1976648841e-02,3.5619583369e-01,2.1087802545e-01,1.4744621543e-02,2.4369150978e-01,4.9595760045e-02,4.5083834120e+00
1.0650000000e+02,5.3844245156e-02,7.1249499950e-02,3.5652658361e-01,2.0846510393e-01,1.3560965862e-02,2.4493992145e-01,5.1413680037e-02,4.4902718858e+00
1.0700000000e+02,5.4651647668e-02,7.0091745468e-02,3.5905133308e-01,2.0402168200e-01,1.2583286088e-02,2.4555188313e-01,5.4048422555e-02,4.4739212020e+00
1.0750000000e+02,5.5391036957e-02,6.8644602303e-02,3.5966886545e-01,2.0187065043e-01,1.1600145446e-02,2.4651070354e-01,5.6313995876e-02,4.4536225204e+00
1.0800000000e+02,5.5939847006e-02,6.7048618261e-02,3.6084393278e-01,2.0046208756e-01,1.0642459833e-02,2.4650611140e-01,5.8556943157e-02,4.4321276318e+00
1.0850000000e+02,5.5903057436e-02,6.5310510115e-02,3.6409238797e-01,1.9814671314e-01,9.9035166033e-03,2.4649141045e-01,6.0152404288e-02,4.4017955580e+00
1.0900000000e+02,5.6841760881e-02,6.4644101067e-02,3.6476283080e-01,1.9758660050e-01,9.2065015818e-03,2.4553284414e-01,6.1425361035e-02,4.3801707232e+00
1.0950000000e+02,5.7213166953e-02,6.3707968898e-02,3.6540031530e-01,1.9599650983e-01,8.7892305203e-03,2.4582774927e-01,6.3065059232e-02,4.3624610755e+00
1.1000000000e+02,5.7848920987e-02,6.2098035743e-02,3.6942102015e-01,1.9251832325e-01,8.4218695986e-03,2.4458802482e-01,6.5103805447e-02,4.3459007885e+00
1.1050000000e+02,5.8151292060e-02,6.0467700517e-02,3.7230380834e-01,1.8836143407e-01,8.1708211982e-03,2.4557975437e-01,6.6965189439e-02,4.3285298734e+00
1.1100000000e+02,5.8301243515e-02,5.9942150803e-02,3.7305505489e-01,1.8555899792e-01,8.2259210570e-03,2.4659530830e-01,6.8321323515e-02,4.3215869598e+00
1.1150000000e+02,5.8398903056e-02,5.9012343062e-02,3.7731129924e-01,1.8131295611e-01,8.3440214604e-03,2.4549328521e-01,7.0127191858e-02,4.3194181382e+00
1.1200000000e+02,5.8201141895e-02,5.7926964014e-02,3.8091647917e-01,1.7786288781e-01,8.4982057138e-03,2.4436715377e-01,7.2227167630e-02,4.3229300072e+00
1.1250000000e+02,5.7978906473e-02,5.7526393704e-02,3.8438002703e-01,1.7327980557e-01,8.9593782215e-03,2.4325556353e-01,7.4619925466e-02,4.3381763727e+00
1.1300000000e+02,5.8979694642e-02,5.6235910701e-02,3.8434443446e-01,1.7065226606e-01,9.4201897521e-03,2.4345530604e-01,7.6912198352e-02,4.3586807808e+00
1.1350000000e+02,5.9218103230e-02,5.5169079722e-02,3.8764631091e-01,1.6802883951e-01,9.8411830074e-03,2.4147974249e-01,7.8616741129e-02,4.3742682631e+00
1.1400000000e+02,6.0307545165e-02,5.4485944767e-02,3.8571449093e-01,1.6659221164e-01,1.0404207873e-02,2.4101983912e-01,8.1475760510e-02,4.4098958975e+00
1.1450000000e+02,6.0596438926e-02,5.3324928838e-02,3.8802565579e-01,1.6297373315e-01,1.1115067282e-02,2.3962332803e-01,8.4340847977e-02,4.4320857525e+00
1.1500000000e+02,6.1228772315e-02,5.2594804589e-02,3.8770065745e-01,1.5884769015e-01,1.2045260367e-02,2.4034079380e-01,8.7242021332e-02,4.4648036082e+00
1.1550000000e+02,6.1468257612e-02,5.1895238066e-02,3.8923968167e-01,1.5422604653e-01,1.3166649392e-02,2.4019247074e-01,8.9811655995e-02,4.4912798185e+00
1.1600000000e+02,6.1921105928e-02,5.0534600356e-02,3.9016234795e-01,1.5198376618e-01,1.4215538787e-02,2.3796790238e-01,9.3214738409e-02,4.5178625952e+00
1.1650000000e+02,6.2888863412e-02,4.9410413077e-02,3.9020476561e-01,1.4865042489e-01,1.5503993208e-02,2.3773099756e-01,9.5610542246e-02,4.5421941349e+00
1.1700000000e+02,6.3598261739e-02,4.8175080775e-02,3.8916991585e-01,1.4661411384e-01,1.6727880701e-02,2.3695827878e-01,9.8756468315e-02,4.5681837529e+00
1.1750000000e+02,6.3671881741e-02,4.6848196674e-02,3.9122772781e-01,1.4343261296e-01,1.8243287882e-02,2.3540212002e-01,1.0117417292e-01,4.5874279504e+00
1.1800000000e+02,6.3721793280e-02,4.6082977880e-02,3.9414258750e-01,1.4045961315e-01,1.9838275347e-02,2.3179906055e-01,1.0395569229e-01,4.6058319957e+00
1.1850000000e+02,6.4408239945e-02,4.5439804705e-02,3.9316263796e-01,1.3817389181e-01,2.1362700966e-02,2.3001421656e-01,1.0743850807e-01,4.6311843563e+00
1.1900000000e+02,6.4940466125e-02,4.4870838607e-02,3.9318352763e-01,1.3445182309e-01,2.3057876839e-02,2.2928668073e-01,1.1020878699e-01,4.6569008452e+00
1.1950000000e+02,6.5724305643e-02,4.4013236034e-02,3.9249062591e-01,1.3161351469e-01,2.4772831375e-02,2.2857734435e-01,1.1280814199e-01,4.6785215136e+00
1.2000000000e+02,6.5644190598e-02,4.2851271758e-02,3.9374806959e-01,1.2873063741e-01,2.6546030133e-02,2.2696416471e-01,1.1551563580e-01,4.6888024842e+00
1.2050000000e+02,6.6122385845e-02,4.1742155858e-02,3.9432084904e-01,1.2668250554e-01,2.8411350278e-02,2.2519882049e-01,1.1752193295e-01,4.7027450081e+00
1.2100000000e+02,6.5744079343e-02,4.0710803978e-02,3.9670340051e-01,1.2342012696e-01,3.0318467047e-02,2.2315413804e-01,1.1994898412e-01,4.7105831956e+00
1.2150000000e+02,6.5580358675e-02,3.9534010194e-02,4.0041423047e-01,1.2000609857e-01,3.2209997177e-02,2.2051993312e-01,1.2173537180e-01,4.7103884341e+00
1.2200000000e+02,6.6073566489e-02,3.8572713600e-02,4.0017038302e-01,1.1736452599e-01,3.4282466196e-02,2.1957019053e-01,1.2396615418e-01,4.7251977374e+00
1.2250000000e+02,6.6439982979e-02,3.7636653536e-02,4.0055297991e-01,1.1480866975e-01,3.6560726197e-02,2.1876473814e-01,1.2523624950e-01,4.7349345627e+00
1.2300000000e+02,6.6769540195e-02,3.6640090272e-02,4.0239206938e-01,1.1241703308e-01,3.8898299712e-02,2.1633028641e-01,1.2655268095e-01,4.7435752606e+00
1.2350000000e+02,6.6292425630e-02,3.6072130496e-02,4.0157107487e-01,1.1051199169e-01,4.0894816968e-02,2.1387507991e-01,1.3078248044e-01,4.7554763299e+00
1.2400000000e+02,6.6112742560e-02,3.5080205395e-02,4.0129866834e-01,1.0882023044e-01,4.3076137742e-02,2.1130181536e-01,1.3431020016e-01,4.7671778099e+00
1.2450000000e+02,6.6090838311e-02,3.3825927036e-02,4.0289783606e-01,1.0577410485e-01,4.5319401666e-02,2.0902299643e-01,1.3706889564e-01,4.7693933699e+00
1.2500000000e+02,6.6698556224e-02,3.2714175255e-02,4.0227692727e-01,1.0389385845e-01,4.7968483788e-02,2.0701142013e-01,1.3943657889e-01,4.7844398958e+00
1.2550000000e+02,6.6957985122e-02,3.1726314299e-02,4.0128018874e-01,1.0265931198e-01,5.0585393275e-02,2.0443290662e-01,1.4235789996e-01,4.7954677494e+00
1.2600000000e+02,6.7720009275e-02,3.0741813715e-02,4.0087144612e-01,1.0043028063e-01,5.3214933722e-02,2.0326612267e-01,1.4375539388e-01,4.8021942251e+00
1.2650000000e+02,6.7792787187e-02,2.9785159056e-02,3.9960514567e-01,9.9148602032e-02,5.5834071592e-02,1.9995415474e-01,1.4788007972e-01,4.8125942407e+00
1.2700000000e+02,6.7802574923e-02,2.8859900063e-02,4.0124656445e-01,9.6555348047e-02,5.7920704059e-02,1.9753745208e-01,1.5007745638e-01,4.8054920898e+00
1.2750000000e+02,6.7278880977e-02,2.7551911003e-02,4.0343188826e-01,9.4193660763e-02,6.0745199796e-02,1.9478593976e-01,1.5201251945e-01,4.7998644908e+00
1.2800000000e+02,6.7315878300e-02,2.6808478060e-02,4.0347817484e-01,9.2441273671e-02,6.3207785117e-02,1.9322456511e-01,1.5352384490e-01,4.8002912064e+00
1.2850000000e+02,6.7390309866e-02,2.5741869604e-02,4.0595799508e-01,9.0671912647e-02,6.5666838926e-02,1.8851958209e-01,1.5605149179e-01,4.7946039938e+00
1.2900000000e+02,6.7214763859e-02,2.4978115029e-02,4.0726853003e-01,8.9555718051e-02,6.8310241048e-02,1.8408793462e-01,1.5858469735e-01,4.7918071203e+00
1.2950000000e+02,6.7292367282e-02,2.4029387730e-02,4.0470342037e-01,8.8677666884e-02,7.1841605349e-02,1.8104142634e-01,1.6241412605e-01,4.7991172408e+00
1.3000000000e+02,6.7709111996e-02,2.3194045561e-02,4.0286858800e-01,8.7367552725e-02,7.5097573330e-02,1.8004842301e-01,1.6371470539e-01,4.8049833729e+00
1.3050000000e+02,6.6882876221e-02,2.2497292205e-02,4.0409067076e-01,8.6767508788e-02,7.7386279502e-02,1.7523542376e-01,1.6713994876e-01,4.7983041143e+00
1.3100000000e+02,6.6805061442e-02,2.1721191497e-02,4.0644139595e-01,8.6445417854e-02,7.9617361158e-02,1.7109336411e-01,1.6787620799e-01,4.7908847295e+00
1.3150000000e+02,6.7097354135e-02,2.1066836556e-02,4.0544468732e-01,8.5614882228e-02,8.2449396884e-02,1.6829125709e-01,1.7003558579e-01,4.7918595618e+00
1.3200000000e+02,6.6637380356e-02,2.0355733648e-02,4.0395334885e-01,8.5661561490e-02,8.5446479872e-02,1.6422710570e-01,1.7371839008e-01,4.7927125386e+00
1.3250000000e+02,6.6148785416e-02,1.9577606363e-02,4.0426932818e-01,8.5254101064e-02,8.7182181608e-02,1.6036837138e-01,1.7719962599e-01,4.7821436498e+00
1.3300000000e+02,6.6215942508e-02,1.8656202699e-02,4.0297754626e-01,8.5014242216e-02,8.9476735384e-02,1.5737482831e-01,1.8028450263e-01,4.7803372371e+00
1.3350000000e+02,6.5797471447e-02,1.7977498056e-02,4.0176048790e-01,8.5446082259e-02,9.1923244564e-02,1.5419825633e-01,1.8289695945e-01,4.7781794244e+00
1.3400000000e+02,6.6696635664e-02,1.7424326610e-02,4.0143472416e-01,8.5642511642e-02,9.4791081492e-02,1.4895757723e-01,1.8505314320e-01,4.7801561265e+00
1.3450000000e+02,6.7133485836e-02,1.6705265572e-02,3.9848557229e-01,8.5852546696e-02,9.8560279845e-02,1.4568013278e-01,1.8758271697e-01,4.7800591037e+00
1.3500000000e+02,6.7813774331e-02,1.6041261468e-02,3.9607768812e-01,8.6212292016e-02,1.0094611789e-01,1.4260270940e-01,1.9030615678e-01,4.7819765098e+00
1.3550000000e+02,6.7884022570e-02,1.5495173542e-02,3.9293335670e-01,8.6576119020e-02,1.0374375253e-01,1.3966493685e-01,1.9370263878e-01,4.7806522418e+00
1.3600000000e+02,6.7887671667e-02,1.5038846747e-02,3.9505727245e-01,8.5746059033e-02,1.0595228361e-01,1.3505388172e-01,1.9526398477e-01,4.7684891035e+00
1.3650000000e+02,6.8312641000e-02,1.4643661333e-02,3.9428897795e-01,8.6424683175e-02,1.0772069531e-01,1.3053720972e-01,1.9807213150e-01,4.7635344514e+00
1.3700000000e+02,6.7987986459e-02,1.4051161086e-02,3.9293582481e-01,8.7164327714e-02,1.1064379245e-01,1.2727482766e-01,1.9994207983e-01,4.7578028502e+00
1.3750000000e+02,6.8036543685e-02,1.3483600973e-02,3.9312616515e-01,8.8365000596e-02,1.1263177726e-01,1.2412299888e-01,2.0023391347e-01,4.7495463648e+00
1.3800000000e+02,6.8329016509e-02,1.3170022187e-02,3.9093322846e-01,8.9581037651e-02,1.1448695299e-01,1.2090259246e-01,2.0259714974e-01,4.7515630515e+00
1.3850000000e+02,6.7705102707e-02,1.2820197088e-02,3.9047801704e-01,9.1380161300e-02,1.1609894850e-01,1.1705093348e-01,2.0446663988e-01,4.7438000677e+00
1.3900000000e+02,6.7380461882e-02,1.2498256036e-02,3.9005149935e-01,9.1222714687e-02,1.1863701994e-01,1.1334853665e-01,2.0686151146e-01,4.7383251201e+00
1.3950000000e+02,6.7633428020e-02,1.2185541882e-02,3.8641754177e-01,9.2258038065e-02,1.2063226654e-01,1.1091822129e-01,2.0995496243e-01,4.7408375562e+00
1.4000000000e+02,6.7469949790e-02,1.1837119655e-02,3.8476733123e-01,9.2929564530e-02,1.2299360098e-01,1.0757575560e-01,2.1242667821e-01,4.7362933523e+00
1.4050000000e+02,6.7028256752e-02,1.1607729210e-02,3.8161318808e-01,9.4117881246e-02,1.2597854501e-01,1.0402974791e-01,2.1562465179e-01,4.7349242905e+00
1.4100000000e+02,6.7340256211e-02,1.1330866170e-02,3.8066990722e-01,9.4909936883e-02,1.2918816162e-01,1.0026605572e-01,2.1629481618e-01,4.7313060889e+00
1.4150000000e+02,6.6964729189e-02,1.0989914322e-02,3.7869679687e-01,9.6646998031e-02,1.3259577520e-01,9.6492229248e-02,2.1761355714e-01,4.7262346935e+00
1.4200000000e+02,6.6729188275e-02,1.0677113383e-02,3.7706851444e-01,9.8724990024e-02,1.3467019856e-01,9.2284923382e-02,2.1984507193e-01,4.7185772182e+00
1.4250000000e+02,6.6185367668e-02,1.0445498564e-02,3.7637860297e-01,1.0057801031e-01,1.3660644594e-01,8.8586496930e-02,2.2121957761e-01,4.7093384436e+00
1.4300000000e+02,6.6384403487e-02,1.0264610448e-02,3.7330730306e-01,1.0301571442e-01,1.3941469636e-01,8.4705070754e-02,2.2290820146e-01,4.7084666412e+00
1.4350000000e+02,6.6489385327e-02,1.0131335617e-02,3.7144594234e-01,1.0526684632e-01,1.4202311762e-01,8.1803216243e-02,2.2284015654e-01,4.7110682469e+00
1.4400000000e+02,6.6527799948e-02,9.9611535479e-03,3.6939005064e-01,1.0589340961e-01,1.4427161893e-01,7.9031029819e-02,2.2492493751e-01,4.7095795444e+00
1.4450000000e+02,6.5768457646e-02,9.7359027457e-03,3.6930345195e-01,1.0818816705e-01,1.4578518886e-01,7.5988663900e-02,2.2523016785e-01,4.6990140708e+00
1.4500000000e+02,6.5615838752e-02,9.6274519706e-03,3.6791654258e-01,1.0933557825e-01,1.4898013643e-01,7.2125276143e-02,2.2639917587e-01,4.6902541611e+00
1.4550000000e+02,6.5300651143e-02,9.5354215231e-03,3.6820277316e-01,1.1158927833e-01,1.4991389231e-01,6.8699549696e-02,2.2675843383e-01,4.6794349507e+00
1.4600000000e+02,6.4696038229e-02,9.4389734784e-03,3.6607697783e-01,1.1298357531e-01,1.5236900434e-01,6.5299291453e-02,2.2913613936e-01,4.6697445892e+00
1.4650000000e+02,6.4530495002e-02,9.4698688260e-03,3.6590437985e-01,1.1428702328e-01,1.5449496026e-01,6.2013637510e-02,2.2929963528e-01,4.6618879618e+00
1.4700000000e+02,6.4059479118e-02,9.4695449815e-03,3.6524031602e-01,1.1581744122e-01,1.5778116184e-01,5.9108619998e-02,2.2852343682e-01,4.6529777523e+00
1.4750000000e+02,6.3886283075e-02,9.3687135406e-03,3.6282328286e-01,1.1766880775e-01,1.6077160006e-01,5.6364659460e-02,2.2911665325e-01,4.6464299000e+00
1.4800000000e+02,6.3744120660e-02,9.3290331882e-03,3.6348404836e-01,1.1904824035e-01,1.6301125925e-01,5.3446401682e-02,2.2793689652e-01,4.6323500076e+00
1.4850000000e+02,6.3597528053e-02,9.2930658497e-03,3.6154510905e-01,1.2060521889e-01,1.6538480841e-01,5.0191986569e-02,2.2938228318e-01,4.6238756236e+00
1.4900000000e+02,6.3113967314e-02,9.3947430089e-03,3.6005752564e-01,1.2203402840e-01,1.6689065815e-01,4.7342180187e-02,2.3116689729e-01,4.6074846594e+00
1.4950000000e+02,6.2161914749e-02,9.3887886020e-03,3.5797027773e-01,1.2357492281e-01,1.6843163921e-01,4.4784476452e-02,2.3368798045e-01,4.5905150715e+00
1.5000000000e+02,6.2197140333e-02,9.3678301552e-03,3.5630260308e-01,1.2500864494e-01,1.7048706118e-01,4.2042039374e-02,2.3459468094e-01,4.5741372019e+00
1.5050000000e+02,6.2248210449e-02,9.4574334830e-03,3.5232852756e-01,1.2627444538e-01,1.7342729996e-01,3.9637708050e-02,2.3662637511e-01,4.5688689265e+00
1.5100000000e+02,6.1480196380e-02,9.4116458331e-03,3.5294571600e-01,1.2692386782e-01,1.7408871828e-01,3.6859106585e-02,2.3829074911e-01,4.5419238712e+00
1.5150000000e+02,6.0519260052e-02,9.3888773432e-03,3.5167690901e-01,1.2842144782e-01,1.7676095677e-01,3.4212520720e-02,2.3902002829e-01,4.5211856074e+00
1.5200000000e+02,6.0709844742e-02,9.5101028785e-03,3.4812922786e-01,1.2809084900e-01,1.7963536262e-01,3.2066303440e-02,2.4185830946e-01,4.5094454573e+00
1.5250000000e+02,6.0530792174e-02,9.6776030930e-03,3.4397719574e-01,1.3004903432e-01,1.8116536515e-01,2.9801483409e-02,2.4479852611e-01,4.4975786797e+00
1.5300000000e+02,6.0138897484e-02,9.7993666550e-03,3.4074735286e-01,1.3281206247e-01,1.8199484309e-01,2.7508416142e-02,2.4699906130e-01,4.4824151897e+00
1.5350000000e+02,5.9962698821e-02,9.9781459211e-03,3.3673382243e-01,1.3386937096e-01,1.8478623444e-01,2.5678830596e-02,2.4899089683e-01,4.4700075098e+00
1.5400000000e+02,5.9946838184e-02,9.9686925105e-03,3.3729303731e-01,1.3466968764e-01,1.8499470085e-01,2.3598592515e-02,2.4952845099e-01,4.4476749692e+00
1.5450000000e+02,5.9725980065e-02,1.0081117869e-02,3.3246282326e-01,1.3669756979e-01,1.8743199208e-01,2.1931380804e-02,2.5166913613e-01,4.4312056572e+00
1.5500000000e+02,5.9799897345e-02,1.0217006937e-02,3.3119549250e-01,1.3703840497e-01,1.8833431166e-01,1.9926648965e-02,2.5348823762e-01,4.4083079415e+00
1.5550000000e+02,5.9408115073e-02,1.0397675193e-02,3.2981443029e-01,1.3839485970e-01,1.8925560048e-01,1.8220122094e-02,2.5450919717e-01,4.3912874858e+00
1.5600000000e+02,5.9475929778e-02,1.0610984443e-02,3.2708538991e-01,1.3885796461e-01,1.9082800619e-01,1.6444661015e-02,2.5669706406e-01,4.3753603718e+00
1.5650000000e+02,5.9607913691e-02,1.0828667006e-02,3.2330925158e-01,1.3906542056e-01,1.9356299527e-01,1.5013979873e-02,2.5861177202e-01,4.3589487586e+00
1.5700000000e+02,5.8894082465e-02,1.0857806937e-02,3.2134424407e-01,1.3852307648e-01,1.9394003959e-01,1.3376241467e-02,2.6306450900e-01,4.3294511105e+00
1.5750000000e+02,5.8077379097e-02,1.0996675218e-02,3.2025292384e-01,1.3862779479e-01,1.9611901866e-01,1.1996180540e-02,2.6393002786e-01,4.2989316656e+00
1.5800000000e+02,5.8010426913e-02,1.1216580637e-02,3.1788777746e-01,1.3982009124e-01,1.9892640075e-01,1.0843893304e-02,2.6329482968e-01,4.2837763675e+00
1.5850000000e+02,5.8730783081e-02,1.1533734473e-02,3.1489121853e-01,1.4079345871e-01,2.0003188947e-01,9.7484755552e-03,2.6427044018e-01,4.2671710432e+00
1.5900000000e+02,5.8976889249e-02,1.1708246867e-02,3.1275130803e-01,1.4115217947e-01,2.0290112790e-01,8.7594355045e-03,2.6375081298e-01,4.2495067696e+00
1.5950000000e+02,5.9765587288e-02,1.1980925965e-02,3.1036658752e-01,1.4133126305e-01,2.0523478317e-01,7.8473017208e-03,2.6347355129e-01,4.2350880984e+00
1.6000000000e+02,6.0069695194e-02,1.2175667402e-02,3.0633281198e-01,1.4196176328e-01,2.0739349593e-01,7.1249682278e-03,2.6494159799e-01,4.2178684900e+00
1.6050000000e+02,5.9500233542e-02,1.2485880128e-02,3.0385699534e-01,1.4183206251e-01,2.1007872162e-01,6.5168025140e-03,2.6572930435e-01,4.1947750245e+00
1.6100000000e+02,5.9007542329e-02,1.2710378287e-02,3.0230727391e-01,1.4209342485e-01,2.1161157782e-01,5.9304568747e-03,2.6633934594e-01,4.1725913942e+00
1.6150000000e+02,5.8864003808e-02,1.2921237824e-02,3.0024450849e-01,1.4156756289e-01,2.1479144441e-01,5.4246911095e-03,2.6618655147e-01,4.1547059296e+00
1.6200000000e+02,5.8744246405e-02,1.3183460924e-02,2.9931053725e-01,1.4039507686e-01,2.1741596866e-01,5.0544639669e-03,2.6589624593e-01,4.1373281410e+00
1.6250000000e+02,5.8463447595e-02,1.3272494910e-02,2.9569469005e-01,1.3906969078e-01,2.2059361761e-01,4.8592220121e-03,2.6804683704e-01,4.1205530333e+00
1.6300000000e+02,5.8192356751e-02,1.3485729515e-02,2.9290010201e-01,1.3822843919e-01,2.2289201883e-01,4.7614678132e-03,2.6953988589e-01,4.1120627607e+00
1.6350000000e+02,5.8064045368e-02,1.3692037168e-02,2.9016679650e-01,1.3699937368e-01,2.2412915899e-01,4.7423666515e-03,2.7220622164e-01,4.1077254549e+00
1.6400000000e+02,5.8107578871e-02,1.3898134272e-02,2.8588133726e-01,1.3693046366e-01,2.2616298971e-01,4.9332268818e-03,2.7408626935e-01,4.1228600636e+00
1.6450000000e+02,5.7601317294e-02,1.3929708230e-02,2.8427158730e-01,1.3584725420e-01,2.2784620049e-01,5.1023441950e-03,2.7540158829e-01,4.1322240002e+00
1.6500000000e+02,5.7463846324e-02,1.4139850884e-02,2.8294288539e-01,1.3590314545e-01,2.2818386284e-01,5.3707143781e-03,2.7599569473e-01,4.1523818391e+00
1.6550000000e+02,5.6546634994e-02,1.4419901963e-02,2.8049771109e-01,1.3455678580e-01,2.3210670550e-01,5.8177961575e-03,2.7605446450e-01,4.1720684078e+00
1.6600000000e+02,5.6048042041e-02,1.4696154095e-02,2.8032382927e-01,1.3360953555e-01,2.3319725996e-01,6.3631540447e-03,2.7576202504e-01,4.1903703737e+00
1.6650000000e+02,5.6117396618e-02,1.4864430033e-02,2.7789029306e-01,1.3278869532e-01,2.3420447289e-01,7.0319273524e-03,2.7710278473e-01,4.2152269086e+00
1.6700000000e+02,5.6062817024e-02,1.5142545228e-02,2.7638178981e-01,1.3073042644e-01,2.3582471626e-01,7.7805903809e-03,2.7807711485e-01,4.2392915957e+00
1.6750000000e+02,5.6639189251e-02,1.5332007440e-02,2.7411235515e-01,1.2947758151e-01,2.3797450692e-01,8.6104915983e-03,2.7785386813e-01,4.2680103592e+00
1.6800000000e+02,5.6158320456e-02,1.5609498885e-02,2.7370687306e-01,1.2768002554e-01,2.4072819248e-01,9.7583646744e-03,2.7635872490e-01,4.2931569651e+00
1.6850000000e+02,5.5901578914e-02,1.5820904329e-02,2.7276408681e-01,1.2678014474e-01,2.4024252384e-01,1.0887619353e-02,2.7760314202e-01,4.3178915165e+00
1.6900000000e+02,5.6088401169e-02,1.5937628531e-02,2.7026477631e-01,1.2506960602e-01,2.4209061462e-01,1.2127190012e-02,2.7842178333e-01,4.3427773422e+00
1.6950000000e+02,5.5713928595e-02,1.6290944587e-02,2.6799029506e-01,1.2362564528e-01,2.4298606804e-01,1.3398905645e-02,2.7999421279e-01,4.3638423143e+00
1.7000000000e+02,5.5305746572e-02,1.6510498287e-02,2.6678000358e-01,1.2206045443e-01,2.4315716872e-01,1.4761800094e-02,2.8142432831e-01,4.3847577331e+00
1.7050000000e+02,5.4965002023e-02,1.6537892928e-02,2.6484877237e-01,1.1978992141e-01,2.4254524426e-01,1.6170217570e-02,2.8514294944e-01,4.3976083851e+00
1.7100000000e+02,5.4791188851e-02,1.6598720310e-02,2.6423444295e-01,1.1781890806e-01,2.4342344837e-01,1.7654064580e-02,2.8547922687e-01,4.4120694132e+00
1.7150000000e+02,5.4731400902e-02,1.6707453846e-02,2.6411933928e-01,1.1555587927e-01,2.4422527351e-01,1.9323019480e-02,2.8533763371e-01,4.4285982613e+00
1.7200000000e+02,5.4923055043e-02,1.7082730460e-02,2.6389396197e-01,1.1346442635e-01,2.4408383677e-01,2.1502084947e-02,2.8504990446e-01,4.4540748023e+00
1.7250000000e+02,5.4255468256e-02,1.7110719587e-02,2.6143136808e-01,1.1071200768e-01,2.4704128663e-01,2.3572096893e-02,2.8587705288e-01,4.4633665987e+00
1.7300000000e+02,5.4103754002e-02,1.7174590189e-02,2.5990020826e-01,1.0837833566e-01,2.4779512708e-01,2.5628236022e-02,2.8701974878e-01,4.4777683895e+00
1.7350000000e+02,5.3624990467e-02,1.7423618379e-02,2.6019474599e-01,1.0562922007e-01,2.4891267259e-01,2.7777811192e-02,2.8643694131e-01,4.4923457576e+00
1.7400000000e+02,5.3430170251e-02,1.7591374002e-02,2.5619040763e-01,1.0400814734e-01,2.5114028848e-01,2.9574696170e-02,2.8806491612e-01,4.5030680159e+00
1.7450000000e+02,5.3096791507e-02,1.7816064891e-02,2.5483975961e-01,1.0148270817e-01,2.5311481526e-01,3.1794655457e-02,2.8785520511e-01,4.5149392730e+00
1.7500000000e+02,5.2869806865e-02,1.8161379979e-02,2.5436739133e-01,9.8771110909e-02,2.5380257194e-01,3.3698907673e-02,2.8832883131e-01,4.5237039358e+00
1.7550000000e+02,5.3129199569e-02,1.8389894401e-02,2.5189492920e-01,9.6867644220e-02,2.5504646124e-01,3.5929166600e-02,2.8874270477e-01,4.5370823608e+00
1.7600000000e+02,5.2897159899e-02,1.8428778481e-02,2.5065883240e-01,9.4896490549e-02,2.5491688660e-01,3.8435125191e-02,2.8976672688e-01,4.5429120913e+00
1.7650000000e+02,5.2466524257e-02,1.8560036232e-02,2.4844627569e-01,9.2644800783e-02,2.5576006273e-01,4.0625373773e-02,2.9149692654e-01,4.5440387349e+00
1.7700000000e+02,5.2523080939e-02,1.8643571546e-02,2.4696837518e-01,9.0350855148e-02,2.5699605135e-01,4.3443532036e-02,2.9107453380e-01,4.5549086275e+00
1.7750000000e+02,5.1762584869e-02,1.8704846702e-02,2.4290010255e-01,8.7837698055e-02,2.5909032119e-01,4.5451059101e-02,2.9425338753e-01,4.5544354549e+00
1.7800000000e+02,5.1351519622e-02,1.8929811993e-02,2.4262907143e-01,8.4443920368e-02,2.6000154963e-01,4.7825146813e-02,2.9481898015e-01,4.5537890114e+00
1.7850000000e+02,5.1194499516e-02,1.9032362062e-02,2.4171631824e-01,8.1265569390e-02,2.6009984029e-01,5.0566746344e-02,2.9612466416e-01,4.5507622389e+00
1.7900000000e+02,5.1151038955e-02,1.9113447644e-02,2.4029211917e-01,8.0294696075e-02,2.5929974426e-01,5.3447186495e-02,2.9640176740e-01,4.5570066090e+00
1.7950000000e+02,5.0576354390e-02,1.9368771572e-02,2.4097661950e-01,7.7784620328e-02,2.6004421692e-01,5.6360865671e-02,2.9488855162e-01,4.5552587905e+00
1.8000000000e+02,5.0479509769e-02,1.9517776214e-02,2.3981014750e-01,7.5409503298e-02,2.6075573560e-01,5.9612527215e-02,2.9441480040e-01,4.5637662790e+00
1.8050000000e+02,5.0186323055e-02,1.9701801108e-02,2.3785799953e-01,7.3333631412e-02,2.6105402459e-01,6.2163386379e-02,2.9570283392e-01,4.5563053857e+00
1.8100000000e+02,4.9581564923e-02,1.9777498248e-02,2.3601875936e-01,7.0698421545e-02,2.6296668016e-01,6.5041861958e-02,2.9591521381e-01,4.5537920095e+00
1.8150000000e+02,4.8779974152e-02,1.9863969537e-02,2.3656733720e-01,6.7103792960e-02,2.6328097768e-01,6.7543478437e-02,2.9686047004e-01,4.5406941179e+00
1.8200000000e+02,4.7710551265e-02,1.9879396085e-02,2.3434480253e-01,6.4617538838e-02,2.6521587235e-01,7.0691844675e-02,2.9753999426e-01,4.5240639034e+00
1.8250000000e+02,4.6925530551e-02,2.0147453880e-02,2.3485391158e-01,6.1264823502e-02,2.6528039937e-01,7.3532545384e-02,2.9799533573e-01,4.5095619881e+00
1.8300000000e+02,4.6361721276e-02,2.0241030240e-02,2.3266815864e-01,5.8453658629e-02,2.6472576010e-01,7.7566527130e-02,2.9998314399e-01,4.4991678382e+00
1.8350000000e+02,4.5808370191e-02,2.0336174519e-02,2.3197786114e-01,5.5788051428e-02,2.6510451885e-01,8.1669335549e-02,2.9931568832e-01,4.4923073715e+00
1.8400000000e+02,4.5580683082e-02,2.0595187151e-02,2.3223135709e-01,5.3775912270e-02,2.6455046415e-01,8.5079243927e-02,2.9818715233e-01,4.4850978338e+00
1.8450000000e+02,4.5215826796e-02,2.0884076569e-02,2.3050118248e-01,5.1872501178e-02,2.6411092226e-01,8.8131881988e-02,2.9928360874e-01,4.4775718842e+00
1.8500000000e+02,4.4792285529e-02,2.0880050646e-02,2.3005925338e-01,4.8957897435e-02,2.6416392539e-01,9.1205854100e-02,2.9994073353e-01,4.4551970668e+00
1.8550000000e+02,4.4533838842e-02,2.0986226499e-02,2.2871150048e-01,4.6248829099e-02,2.6399025391e-01,9.4725476683e-02,3.0080387448e-01,4.4374002942e+00
1.8600000000e+02,4.4271430424e-02,2.1138155577e-02,2.2914866898e-01,4.3808226584e-02,2.6239501467e-01,9.9224155913e-02,3.0001434785e-01,4.4254708450e+00
1.8650000000e+02,4.3815979156e-02,2.1289562825e-02,2.2766527172e-01,4.1759097897e-02,2.6149307870e-01,1.0345296774e-01,3.0052404196e-01,4.4063511655e+00
1.8700000000e+02,4.4220065777e-02,2.1431190084e-02,2.2621137782e-01,3.9890009522e-02,2.6012904308e-01,1.0862719765e-01,2.9949111607e-01,4.3974186830e+00
1.8750000000e+02,4.3995382623e-02,2.1681936248e-02,2.2507560331e-01,3.7693298871e-02,2.6039429249e-01,1.1276359292e-01,2.9839589354e-01,4.3847917924e+00
1.8800000000e+02,4.4055443144e-02,2.1947495563e-02,2.2372798282e-01,3.6329225383e-02,2.5897130762e-01,1.1757981255e-01,2.9738873292e-01,4.3710377626e+00
1.8850000000e+02,4.3394954069e-02,2.2117464801e-02,2.2452633309e-01,3.4391133766e-02,2.5629283014e-01,1.2194208210e-01,2.9733520204e-01,4.3419401626e+00
1.8900000000e+02,4.3030707490e-02,2.2400820440e-02,2.2432088834e-01,3.3123796101e-02,2.5380742751e-01,1.2762758835e-01,2.9568877177e-01,4.3291607237e+00
1.8950000000e+02,4.2567522964e-02,2.2640791209e-02,2.2418018122e-01,3.1917719968e-02,2.5428813636e-01,1.3247292608e-01,2.9193272220e-01,4.3119350577e+00
1.9000000000e+02,4.2242167188e-02,2.2859766491e-02,2.2257765195e-01,3.0880150291e-02,2.5221542815e-01,1.3694145466e-01,2.9228338127e-01,4.2852105513e+00
1.9050000000e+02,4.1743307630e-02,2.2875924700e-02,2.2350933083e-01,2.9616688286e-02,2.5147181707e-01,1.4143333313e-01,2.8934959836e-01,4.2559180681e+00
1.9100000000e+02,4.1354276278e-02,2.2968982327e-02,2.2300664462e-01,2.8506316397e-02,2.4979199524e-01,1.4438272743e-01,2.8998905771e-01,4.2253411296e+00
1.9150000000e+02,4.0851260970e-02,2.3147991077e-02,2.2279994064e-01,2.7922820929e-02,2.4918244211e-01,1.4797509171e-01,2.8812045256e-01,4.1996589746e+00
1.9200000000e+02,4.0599645502e-02,2.3404913236e-02,2.2202558426e-01,2.7201343388e-02,2.4759445300e-01,1.5350543599e-01,2.8566862462e-01,4.1815524542e+00
1.9250000000e+02,3.9899059084e-02,2.3654730286e-02,2.2108936925e-01,2.6835963396e-02,2.4506597322e-01,1.5804087224e-01,2.8541403252e-01,4.1617024228e+00
1.9300000000e+02,3.9436350010e-02,2.4119253281e-02,2.2084307011e-01,2.6247511636e-02,2.4171023669e-01,1.6228692278e-01,2.8535665549e-01,4.1464420360e+00
1.9350000000e+02,3.8961553587e-02,2.4569158444e-02,2.2033045250e-01,2.5798554642e-02,2.3973842270e-01,1.6682932050e-01,2.8377253763e-01,4.1314216790e+00
1.9400000000e+02,3.8084664304e-02,2.4954990015e-02,2.2095883510e-01,2.5487912459e-02,2.3595417376e-01,1.7072756333e-01,2.8383186103e-01,4.1147435421e+00
1.9450000000e+02,3.7341840264e-02,2.5232332364e-02,2.2149545796e-01,2.5642351763e-02,2.3421292468e-01,1.7315263981e-01,2.8292245315e-01,4.1056797651e+00
1.9500000000e+02,3.6957252872e-02,2.5420377137e-02,2.2097411712e-01,2.6250031747e-02,2.3054031608e-01,1.7789932237e-01,2.8195858267e-01,4.1042028213e+00
1.9550000000e+02,3.6531584486e-02,2.5156532554e-02,2.2021682724e-01,2.6527758864e-02,2.2817426151e-01,1.8330265696e-01,2.8009037838e-01,4.1059549555e+00
1.9600000000e+02,3.6054466478e-02,2.5471298415e-02,2.2089795524e-01,2.6644976580e-02,2.2414612917e-01,1.8738750724e-01,2.7939766688e-01,4.1141357288e+00
1.9650000000e+02,3.5837223707e-02,2.5609016445e-02,2.2297836494e-01,2.7607642209e-02,2.2133129711e-01,1.9088783513e-01,2.7574862045e-01,4.1209288603e+00
1.9700000000e+02,3.5561757623e-02,2.6021824807e-02,2.2322909874e-01,2.8603054927e-02,2.1911412837e-01,1.9469944435e-01,2.7277069118e-01,4.1472063532e+00
1.9750000000e+02,3.5201048377e-02,2.6318374334e-02,2.2117127868e-01,2.9300981440e-02,2.1567844848e-01,1.9837752661e-01,2.7395234207e-01,4.1687183601e+00
1.9800000000e+02,3.4757116167e-02,2.6593051240e-02,2.2088730862e-01,3.0120358568e-02,2.1219510840e-01,2.0341097461e-01,2.7203608239e-01,4.1896796795e+00
1.9850000000e+02,3.3962046351e-02,2.7077518697e-02,2.1986988026e-01,3.1400216150e-02,2.0985846852e-01,2.0817467543e-01,2.6965719459e-01,4.2120198686e+00
1.9900000000e+02,3.3618174632e-02,2.7489639701e-02,2.1909013568e-01,3.2641317736e-02,2.0665157715e-01,2.1177573718e-01,2.6873341792e-01,4.2350922285e+00
1.9950000000e+02,3.3113132060e-02,2.7637892451e-02,2.1809428929e-01,3.4322900066e-02,2.0278583525e-01,2.1566043324e-01,2.6838551763e-01,4.2584706869e+00
2.0000000000e+02,3.2754893827e-02,2.7534657202e-02,2.1781130744e-01,3.5478801557e-02,1.9928770155e-01,2.2096289940e-01,2.6616973903e-01,4.2750811853e+00
2.0050000000e+02,3.2106471528e-02,2.7391605117e-02,2.2077859511e-01,3.7031113408e-02,1.9652771628e-01,2.2534035624e-01,2.6082414232e-01,4.2919975705e+00
2.0100000000e+02,3.1758681479e-02,2.7842491701e-02,2.1897883418e-01,3.8881747684e-02,1.9258209544e-01,2.3174261234e-01,2.5821353718e-01,4.3206001353e+00
2.0150000000e+02,3.1283040270e-02,2.8103669037e-02,2.1788090434e-01,4.1445194328e-02,1.9010671386e-01,2.3576110527e-01,2.5541937289e-01,4.3413989585e+00
2.0200000000e+02,3.0831493483e-02,2.8147969944e-02,2.1934010066e-01,4.4122826274e-02,1.8639297598e-01,2.3900929993e-01,2.5215533373e-01,4.3539693693e+00
2.0250000000e+02,3.0157548540e-02,2.8174100252e-02,2.1924848561e-01,4.6516776806e-02,1.8422246966e-01,2.4285519016e-01,2.4882542897e-01,4.3725561744e+00
2.0300000000e+02,2.9706331894e-02,2.8408659279e-02,2.1919008974e-01,4.8849545807e-02,1.8141418816e-01,2.4741038133e-01,2.4502080378e-01,4.3887059459e+00
2.0350000000e+02,2.9304375538e-02,2.8734205780e-02,2.1903050853e-01,5.1583238915e-02,1.7752922500e-01,2.5054939230e-01,2.4326905393e-01,4.4091844660e+00
2.0400000000e+02,2.8387554046e-02,2.8928800301e-02,2.2164992354e-01,5.4329570665e-02,1.7296210101e-01,2.5382610559e-01,2.3991594485e-01,4.4197237075e+00
2.0450000000e+02,2.7550476964e-02,2.9143703050e-02,2.2289983430e-01,5.7144591092e-02,1.6933680372e-01,2.5716004532e-01,2.3676454555e-01,4.4268816585e+00
2.0500000000e+02,2.7144339400e-02,2.9303597222e-02,2.2244650529e-01,6.0610455483e-02,1.6454528137e-01,2.6022084687e-01,2.3572897436e-01,4.4453308469e+00
2.0550000000e+02,2.6873986101e-02,2.9508598313e-02,2.2382520818e-01,6.3282652784e-02,1.6004602973e-01,2.6423615764e-01,2.3222736726e-01,4.4578274909e+00
2.0600000000e+02,2.6503363576e-02,3.0091406450e-02,2.2208993270e-01,6.6905123969e-02,1.5569360142e-01,2.6886370097e-01,2.2985287091e-01,4.4721496033e+00
2.0650000000e+02,2.5966910798e-02,3.0380129522e-02,2.2257988253e-01,7.0590203514e-02,1.4997675289e-01,2.7233473315e-01,2.2817138759e-01,4.4825886054e+00
2.0700000000e+02,2.5667143634e-02,3.0597034179e-02,2.2181923324e-01,7.4108663076e-02,1.4629014542e-01,2.7583357108e-01,2.2568420937e-01,4.4931600667e+00
2.0750000000e+02,2.5214284756e-02,3.0859241131e-02,2.1941964109e-01,7.7723237075e-02,1.4250751017e-01,2.8222437053e-01,2.2205171525e-01,4.4978467856e+00
2.0800000000e+02,2.4830958064e-02,3.0629766198e-02,2.1827163577e-01,8.1553165323e-02,1.3862591390e-01,2.8716718356e-01,2.1892137718e-01,4.4947567931e+00
2.0850000000e+02,2.4298153517e-02,3.1173761844e-02,2.1767839717e-01,8.5398378627e-02,1.3450553453e-01,2.8904001291e-01,2.1790576141e-01,4.4982416294e+00
2.0900000000e+02,2.3661555467e-02,3.1374869920e-02,2.1757901678e-01,8.9538152786e-02,1.3022643894e-01,2.9291783526e-01,2.1470213084e-01,4.4948351296e+00
2.0950000000e+02,2.3298313036e-02,3.1300257022e-02,2.1903760195e-01,9.3774454825e-02,1.2419826014e-01,2.9750515842e-01,2.1088595461e-01,4.4887824016e+00
2.1000000000e+02,2.2983903421e-02,3.1228605132e-02,2.1731865941e-01,9.7285304703e-02,1.2064212413e-01,3.0178529972e-01,2.0875610349e-01,4.4859468126e+00
2.1050000000e+02,2.2582678800e-02,3.1157786644e-02,2.1892997451e-01,1.0171684023e-01,1.1706507773e-01,3.0439552161e-01,2.0415212048e-01,4.4786163331e+00
2.1100000000e+02,2.2072532945e-02,3.1163674876e-02,2.1983504505e-01,1.0537482772e-01,1.1357743039e-01,3.0860228891e-01,1.9937420011e-01,4.4624375424e+00
2.1150000000e+02,2.1856204748e-02,3.1389759972e-02,2.1705014926e-01,1.1069666715e-01,1.0899216352e-01,3.1337168449e-01,1.9664337086e-01,4.4644771211e+00
2.1200000000e+02,2.1124588445e-02,3.1327108795e-02,2.1688537279e-01,1.1462152495e-01,1.0589251414e-01,3.1812353640e-01,1.9202535447e-01,4.4453833807e+00
2.1250000000e+02,2.0715645267e-02,3.1724086798e-02,2.1540365325e-01,1.1957401085e-01,1.0264946330e-01,3.2021551568e-01,1.8971762486e-01,4.4461334709e+00
2.1300000000e+02,2.0236345640e-02,3.1607566606e-02,2.1548640587e-01,1.2523345352e-01,9.8296077931e-02,3.2478122410e-01,1.8435892634e-01,4.4315006905e+00
2.1350000000e+02,1.9881626824e-02,3.1787568499e-02,2.1558701297e-01,1.2993421288e-01,9.4966870760e-02,3.2825806222e-01,1.7958464584e-01,4.4229319776e+00
2.1400000000e+02,1.9308421071e-02,3.1714248209e-02,2.1596778868e-01,1.3465640971e-01,9.1474560544e-02,3.2976442314e-01,1.7711414864e-01,4.4096734578e+00
2.1450000000e+02,1.8697564289e-02,3.1622410932e-02,2.1521546834e-01,1.3916426165e-01,8.8260360788e-02,3.3387354746e-01,1.7316638654e-01,4.3836124503e+00
2.1500000000e+02,1.8293173682e-02,3.1659000527e-02,2.1507886581e-01,1.4324792843e-01,8.4782712371e-02,3.3623556246e-01,1.7070275672e-01,4.3602290383e+00
2.1550000000e+02,1.7828330122e-02,3.1806430329e-02,2.1362692275e-01,1.4714816131e-01,8.1248785048e-02,3.4098046558e-01,1.6736090486e-01,4.3412424216e+00
2.1600000000e+02,1.7604598423e-02,3.1821519122e-02,2.1230393310e-01,1.5242967965e-01,7.7549110173e-02,3.4206999137e-01,1.6622116817e-01,4.3312872132e+00
2.1650000000e+02,1.7254811796e-02,3.1844687458e-02,2.1276247907e-01,1.5752486901e-01,7.4641272634e-02,3.4267138092e-01,1.6330049911e-01,4.3146167194e+00
2.1700000000e+02,1.6866836024e-02,3.2231583415e-02,2.1372672556e-01,1.6086836808e-01,7.1430334364e-02,3.4406406697e-01,1.6081208559e-01,4.2974680718e+00
2.1750000000e+02,1.6562554336e-02,3.2447713620e-02,2.1217080595e-01,1.6549501473e-01,6.9166722217e-02,3.4659929357e-01,1.5755789559e-01,4.2848382306e+00
2.1800000000e+02,1.6319534883e-02,3.2318729973e-02,2.1199608087e-01,1.6880787327e-01,6.6195525719e-02,3.4905674865e-01,1.5530550664e-01,4.2648612436e+00
2.1850000000e+02,1.5959314327e-02,3.2229196230e-02,2.0988633294e-01,1.7284247368e-01,6.3337275167e-02,3.5159467416e-01,1.5415073350e-01,4.2428360810e+00
2.1900000000e+02,1.5704301713e-02,3.1965696804e-02,2.0971363096e-01,1.7828640912e-01,6.0778499691e-02,3.5359808344e-01,1.4995337827e-01,4.2202703826e+00
2.1950000000e+02,1.5377159988e-02,3.1516938616e-02,2.0827594504e-01,1.8258138601e-01,5.8948182496e-02,3.5525764540e-01,1.4804274246e-01,4.1968571132e+00
2.2000000000e+02,1.5006676396e-02,3.1409723461e-02,2.0592008134e-01,1.8733214427e-01,5.6404956395e-02,3.5797225062e-01,1.4595416752e-01,4.1767925161e+00
2.2050000000e+02,1.4588249783e-02,3.1204977079e-02,2.0505154203e-01,1.9334956228e-01,5.3632151159e-02,3.5758805456e-01,1.4458546311e-01,4.1515895812e+00
2.2100000000e+02,1.4376830076e-02,3.1122847937e-02,2.0385475193e-01,1.9798238368e-01,5.2131348176e-02,3.5727272622e-01,1.4325911198e-01,4.1398289870e+00
2.2150000000e+02,1.4083170570e-02,3.0784355618e-02,2.0368247320e-01,2.0290706630e-01,4.9499683426e-02,3.5733138872e-01,1.4171186216e-01,4.1116381012e+00
2.2200000000e+02,1.3947616160e-02,3.0850000180e-02,2.0130369378e-01,2.0657871304e-01,4.7831996371e-02,3.5967053426e-01,1.3981744622e-01,4.0955383145e+00
2.2250000000e+02,1.3868132498e-02,3.0965638898e-02,1.9884697213e-01,2.1169436033e-01,4.6334535734e-02,3.6033758406e-01,1.3795277636e-01,4.0856557781e+00
2.2300000000e+02,1.3625706009e-02,3.1152815390e-02,1.9736591924e-01,2.1689170470e-01,4.5133801706e-02,3.5857575825e-01,1.3725429470e-01,4.0746595216e+00
2.2350000000e+02,1.3368639000e-02,3.0977125981e-02,1.9397044038e-01,2.2164241969e-01,4.3917932295e-02,3.5897356204e-01,1.3714988061e-01,4.0579938592e+00
2.2400000000e+02,1.3302174579e-02,3.0712951763e-02,1.9266193281e-01,2.2658945448e-01,4.2828647763e-02,3.5781219892e-01,1.3609263967e-01,4.0387742735e+00
2.2450000000e+02,1.3172670062e-02,3.0319712160e-02,1.9147824680e-01,2.3040136405e-01,4.1299600179e-02,3.5831085035e-01,1.3501755640e-01,4.0217329881e+00
2.2500000000e+02,1.3116324685e-02,3.0079908605e-02,1.9022830050e-01,2.3458811273e-01,4.0495344701e-02,3.5869000681e-01,1.3280200197e-01,4.0049876983e+00
2.2550000000e+02,1.3057730880e-02,2.9684901284e-02,1.8850853815e-01,2.3965888799e-01,3.9481045241e-02,3.5940311714e-01,1.3020577931e-01,3.9894418604e+00
2.2600000000e+02,1.2999035234e-02,2.9262812208e-02,1.8562347530e-01,2.4454593831e-01,3.9125356086e-02,3.5969760602e-01,1.2874577684e-01,3.9703424831e+00
2.2650000000e+02,1.2978451541e-02,2.8664247841e-02,1.8344177973e-01,2.4936295222e-01,3.8589055374e-02,3.6103157788e-01,1.2593193542e-01,3.9556781946e+00
2.2700000000e+02,1.2773337036e-02,2.8355041970e-02,1.8246777411e-01,2.5269891538e-01,3.7633102717e-02,3.6152830987e-01,1.2454351892e-01,3.9367378195e+00
2.2750000000e+02,1.2742019846e-02,2.8162932460e-02,1.8180172770e-01,2.5539100261e-01,3.7296941821e-02,3.6069289893e-01,1.2391247663e-01,3.9242147791e+00
2.2800000000e+02,1.2737317796e-02,2.8022024202e-02,1.7944766109e-01,2.6054630779e-01,3.6950633626e-02,3.5959416444e-01,1.2270189106e-01,3.9111605692e+00
2.2850000000e+02,1.2760912899e-02,2.7812899637e-02,1.7640217841e-01,2.6555009320e-01,3.6704967195e-02,3.5962072009e-01,1.2114822857e-01,3.8968445565e+00
2.2900000000e+02,1.2650534990e-02,2.7657013183e-02,1.7484059778e-01,2.7144048133e-01,3.5937836407e-02,3.5808225023e-01,1.1939128608e-01,3.8776501995e+00
2.2950000000e+02,1.2690376575e-02,2.7609937116e-02,1.7479572186e-01,2.7433387068e-01,3.5823339664e-02,3.5691544550e-01,1.1783130861e-01,3.8742933434e+00
2.3000000000e+02,1.2705653187e-02,2.7345153403e-02,1.7224421225e-01,2.7883266396e-01,3.5551942399e-02,3.5785417783e-01,1.1546619697e-01,3.8630553738e+00
2.3050000000e+02,1.2697432349e-02,2.7019359896e-02,1.7031178517e-01,2.8235777799e-01,3.5335620112e-02,3.5806561580e-01,1.1421240869e-01,3.8495362605e+00
2.3100000000e+02,1.2738679172e-02,2.6761780480e-02,1.6960346107e-01,2.8555090962e-01,3.5311503918e-02,3.5664649594e-01,1.1338716980e-01,3.8364558767e+00
2.3150000000e+02,1.2797984790e-02,2.6581172689e-02,1.6793967960e-01,2.8811133944e-01,3.5895790013e-02,3.5701069766e-01,1.1166333581e-01,3.8264322887e+00
2.3200000000e+02,1.2892176070e-02,2.5955865479e-02,1.6577655196e-01,2.9195661677e-01,3.6220100538e-02,3.5690939753e-01,1.1028929164e-01,3.8175799434e+00
2.3250000000e+02,1.2952469861e-02,2.5784001633e-02,1.6380213475e-01,2.9536493986e-01,3.6849136211e-02,3.5630369588e-01,1.0894362181e-01,3.8126680745e+00
2.3300000000e+02,1.3067219712e-02,2.5401413266e-02,1.5969312594e-01,3.0146037109e-01,3.7781103700e-02,3.5485178882e-01,1.0774497747e-01,3.8041674135e+00
2.3350000000e+02,1.3131582755e-02,2.4843081774e-02,1.5653576795e-01,3.0852971357e-01,3.8551135285e-02,3.5269283313e-01,1.0571588554e-01,3.7935487728e+00
2.3400000000e+02,1.3340905904e-02,2.4103645354e-02,1.5323148082e-01,3.1372884832e-01,3.9575555399e-02,3.5109669958e-01,1.0492286463e-01,3.7852134251e+00
2.3450000000e+02,1.3492486080e-02,2.3370497906e-02,1.5058323312e-01,3.2055092012e-01,4.0541561467e-02,3.4820962320e-01,1.0325167811e-01,3.7726253288e+00
2.3500000000e+02,1.3884311704e-02,2.2986739026e-02,1.4933705591e-01,3.2364377194e-01,4.1226609504e-02,3.4645084215e-01,1.0247066977e-01,3.7783979109e+00
2.3550000000e+02,1.4200230220e-02,2.2668617694e-02,1.4888528764e-01,3.2384918627e-01,4.2107783155e-02,3.4665373429e-01,1.0163516074e-01,3.7778629102e+00
2.3600000000e+02,1.4470901632e-02,2.2253736585e-02,1.4607554906e-01,3.2955310044e-01,4.3412490889e-02,3.4354069831e-01,1.0069352308e-01,3.7765950542e+00
2.3650000000e+02,1.4706983526e-02,2.1661044610e-02,1.4389545843e-01,3.3292685364e-01,4.4468410416e-02,3.4137556568e-01,1.0096568369e-01,3.7665886339e+00
2.3700000000e+02,1.4952105483e-02,2.1120822683e-02,1.4160062937e-01,3.3387133206e-01,4.6287255696e-02,3.4104689419e-01,1.0112096052e-01,3.7672023535e+00
2.3750000000e+02,1.5127870383e-02,2.0563611428e-02,1.3834872596e-01,3.3815438287e-01,4.7728978079e-02,3.3893353592e-01,1.0114289536e-01,3.7595586440e+00
2.3800000000e+02,1.5335071931e-02,2.0016333757e-02,1.3749554609e-01,3.3958514020e-01,4.8889955691e-02,3.3880677382e-01,9.9871178507e-02,3.7477204792e+00
2.3850000000e+02,1.5599092334e-02,1.9521511816e-02,1.3612507018e-01,3.4281847317e-01,4.9788890935e-02,3.3637150287e-01,9.9775458695e-02,3.7440649851e+00
2.3900000000e+02,1.5998854725e-02,1.9043485768e-02,1.3512019688e-01,3.4570340110e-01,5.1108735543e-02,3.3404120660e-01,9.8984119382e-02,3.7437252490e+00
2.3950000000e+02,1.6323647491e-02,1.8538202098e-02,1.3241968148e-01,3.5182741426e-01,5.2658144313e-02,3.3006860205e-01,9.8164308303e-02,3.7407862691e+00
2.4000000000e+02,1.6507936815e-02,1.7858162132e-02,1.3013670683e-01,3.5655670793e-01,5.3392760338e-02,3.2795419237e-01,9.7593533596e-02,3.7275343950e+00
2.4050000000e+02,1.7002425392e-02,1.7415980885e-02,1.2907441077e-01,3.5956355706e-01,5.4305424190e-02,3.2504027866e-01,9.7597923039e-02,3.7255695500e+00
2.4100000000e+02,1.7484626516e-02,1.7062740863e-02,1.2601027632e-01,3.6241307015e-01,5.5837219350e-02,3.2361771561e-01,9.7574351192e-02,3.7252308816e+00
2.4150000000e+02,1.7763617701e-02,1.6559020663e-02,1.2315952329e-01,3.6771475713e-01,5.7402662922e-02,3.1953868888e-01,9.7861729412e-02,3.7190069462e+00
2.4200000000e+02,1.8227299842e-02,1.5924437278e-02,1.2109903475e-01,3.7254083382e-01,5.8139116438e-02,3.1684761543e-01,9.7221662433e-02,3.7059375414e+00
2.4250000000e+02,1.8542162045e-02,1.5395752024e-02,1.1846716468e-01,3.7695249640e-01,5.9628989583e-02,3.1411887147e-01,9.6894563800e-02,3.6963041931e+00
2.4300000000e+02,1.8938779065e-02,1.4971675435e-02,1.1760048170e-01,3.8023600557e-01,6.0886598630e-02,3.1068416297e-01,9.6682296627e-02,3.6895550003e+00
2.4350000000e+02,1.9268932275e-02,1.4439469516e-02,1.1481540445e-01,3.8401737258e-01,6.2173863238e-02,3.0851783158e-01,9.6767126362e-02,3.6746960024e+00
2.4400000000e+02,1.9423513745e-02,1.3969567755e-02,1.1211450364e-01,3.8791414824e-01,6.3451466745e-02,3.0653541607e-01,9.6591383805e-02,3.6543081526e+00
2.4450000000e+02,1.9791395962e-02,1.3383569138e-02,1.1063152547e-01,3.9145753299e-01,6.4352983001e-02,3.0411980851e-01,9.6263184926e-02,3.6419498703e+00
2.4500000000e+02,1.9991484639e-02,1.2937058490e-02,1.1010997060e-01,3.9386287488e-01,6.6156304230e-02,3.0213907200e-01,9.4803235162e-02,3.6245801242e+00
2.4550000000e+02,2.0162685963e-02,1.2522807912e-02,1.0738367214e-01,3.9694749385e-01,6.7568199311e-02,3.0108836645e-01,9.4326774365e-02,3.6098672378e+00
2.4600000000e+02,2.0667179689e-02,1.2073341238e-02,1.0491867421e-01,3.9910011648e-01,6.8689894502e-02,2.9999228344e-01,9.4558510439e-02,3.5996683462e+00
2.4650000000e+02,2.1105354510e-02,1.1764656787e-02,1.0308007041e-01,4.0098406775e-01,6.9748804046e-02,2.9812581172e-01,9.5191234776e-02,3.5865504037e+00
2.4700000000e+02,2.1695024379e-02,1.1432759950e-02,1.0231545087e-01,4.0153738290e-01,7.1148250783e-02,2.9625865570e-01,9.5612475420e-02,3.5766166374e+00
2.4750000000e+02,2.2239302404e-02,1.1005996664e-02,9.9901010599e-02,4.0441479699e-01,7.2096663023e-02,2.9480918658e-01,9.5533043744e-02,3.5575637336e+00
2.4800000000e+02,2.2738719281e-02,1.0652270481e-02,9.7535482339e-02,4.0981801360e-01,7.3911227996e-02,2.9022455356e-01,9.5119732743e-02,3.5458270353e+00
2.4850000000e+02,2.3065054475e-02,1.0166674901e-02,9.5705050058e-02,4.1329209846e-01,7.4725166768e-02,2.8817636837e-01,9.4869586974e-02,3.5196285906e+00
2.4900000000e+02,2.3526610643e-02,9.9433505540e-03,9.3902262589e-02,4.1877522228e-01,7.5676551984e-02,2.8424623670e-01,9.3929765247e-02,3.5017881150e+00
2.4950000000e+02,2.3913858107e-02,9.6983782416e-03,9.1846380697e-02,4.2507056413e-01,7.6918012990e-02,2.7908716688e-01,9.3465638956e-02,3.4829893090e+00
2.5000000000e+02,2.4345233906e-02,9.3797385832e-03,9.0612269398e-02,4.2858798809e-01,7.8941837664e-02,2.7516343402e-01,9.2969498339e-02,3.4719533972e+00
2.5050000000e+02,2.4696818133e-02,8.9616007572e-03,8.8757165808e-02,4.3334582557e-01,7.9103383592e-02,2.7319229383e-01,9.1942912308e-02,3.4443416145e+00
2.5100000000e+02,2.4843491131e-02,8.5655513695e-03,8.7220333620e-02,4.4002729558e-01,7.9353920828e-02,2.6912428096e-01,9.0865126505e-02,3.4088142332e+00
2.5150000000e+02,2.4850019677e-02,8.2890238409e-03,8.4426401871e-02,4.4555282834e-01,8.0170117451e-02,2.6666746112e-01,9.0044147699e-02,3.3783561924e+00
2.5200000000e+02,2.5008579155e-02,7.9889629907e-03,8.1029900728e-02,4.5199484106e-01,7.9706902290e-02,2.6475770892e-01,8.9513104849e-02,3.3397755823e+00
2.5250000000e+02,2.5262909263e-02,7.6745155332e-03,7.9260209190e-02,4.5737903144e-01,7.9906792952e-02,2.6167427043e-01,8.8842271190e-02,3.3063927957e+00
2.5300000000e+02,2.5543624897e-02,7.4386186143e-03,7.7314179440e-02,4.6168885573e-01,8.0256870878e-02,2.5913760063e-01,8.8620249813e-02,3.2796328007e+00
2.5350000000e+02,2.5948083515e-02,7.2393216545e-03,7.4899572255e-02,4.6658597437e-01,8.0795547972e-02,2.5686831394e-01,8.7663186299e-02,3.2594658710e+00
2.5400000000e+02,2.6519837124e-02,7.0616724994e-03,7.2107557745e-02,4.7201074756e-01,8.0660796464e-02,2.5422778139e-01,8.7411607218e-02,3.2375564418e+00
2.5450000000e+02,2.7139739036e-02,6.9356321610e-03,7.0411459370e-02,4.7708103452e-01,8.2645940684e-02,2.4852863090e-01,8.7257563328e-02,3.2210712911e+00
2.5500000000e+02,2.7503498028e-02,6.7874467548e-03,6.9426474682e-02,4.8052531481e-01,8.3034279233e-02,2.4517945350e-01,8.7543532989e-02,3.2013096329e+00
2.5550000000e+02,2.7696230936e-02,6.5756548360e-03,6.7360724557e-02,4.8477526086e-01,8.2166835481e-02,2.4470532064e-01,8.6719972690e-02,3.1653621602e+00
2.5600000000e+02,2.7902548179e-02,6.3395180681e-03,6.6158314482e-02,4.8796887203e-01,8.1869450350e-02,2.4295520898e-01,8.6806087914e-02,3.1385095300e+00
2.5650000000e+02,2.8204121513e-02,6.2315001739e-03,6.4880883616e-02,4.9366508390e-01,8.2171245927e-02,2.3818585954e-01,8.6661305328e-02,3.1169306671e+00
2.5700000000e+02,2.8466395725e-02,6.0421584489e-03,6.3144443133e-02,5.0213070784e-01,8.1213406058e-02,2.3362389019e-01,8.5378998605e-02,3.0844908158e+00
2.5750000000e+02,2.9015905154e-02,5.8799902717e-03,6.1102287029e-02,5.0526214542e-01,8.1255742465e-02,2.3357349675e-01,8.3910432903e-02,3.0567368635e+00
2.5800000000e+02,2.9690617170e-02,5.7666712938e-03,6.0278333268e-02,5.0812385416e-01,8.1732675069e-02,2.3063458456e-01,8.3773264486e-02,3.0416152458e+00
2.5850000000e+02,2.9493864491e-02,5.6938692893e-03,5.8474173826e-02,5.1448847262e-01,8.1011210932e-02,2.2835938499e-01,8.2479023860e-02,3.0028738655e+00
2.5900000000e+02,2.9685624505e-02,5.6105234808e-03,5.6896469583e-02,5.2195849503e-01,8.1300943646e-02,2.2281366846e-01,8.1734275299e-02,2.9771100777e+00
2.5950000000e+02,2.9719383294e-02,5.5749007119e-03,5.5259535010e-02,5.2973133819e-01,8.0395682702e-02,2.1923643160e-01,8.0082728500e-02,2.9464241298e+00
2.6000000000e+02,2.9736210039e-02,5.5522415296e-03,5.3281473917e-02,5.3724028670e-01,7.9660318991e-02,2.1673964681e-01,7.7789822021e-02,2.9078045535e+00
2.6050000000e+02,3.0033630846e-02,5.5717273526e-03,5.1592619153e-02,5.4268910580e-01,7.9727910824e-02,2.1246374254e-01,7.7921263486e-02,2.8894069754e+00
2.6100000000e+02,3.0339739699e-02,5.5101268550e-03,5.0546111674e-02,5.4610801404e-01,7.8558735610e-02,2.1151426731e-01,7.7423004814e-02,2.8648171925e+00
2.6150000000e+02,3.0440810885e-02,5.4964310755e-03,4.9512472110e-02,5.5034409078e-01,7.7642265488e-02,2.0985128636e-01,7.6712643303e-02,2.8367087752e+00
2.6200000000e+02,3.0649524201e-02,5.4406323024e-03,4.8089530228e-02,5.5397789522e-01,7.7495468395e-02,2.0797431023e-01,7.6372639428e-02,2.8126354798e+00
2.6250000000e+02,3.0663957233e-02,5.4318796475e-03,4.7177391032e-02,5.6086865395e-01,7.6602079710e-02,2.0373063084e-01,7.5525407584e-02,2.7814854585e+00
2.6300000000e+02,3.0869837061e-02,5.4012796626e-03,4.6080280702e-02,5.6709553141e-01,7.6175760430e-02,1.9989717208e-01,7.4480138653e-02,2.7554149126e+00
2.6350000000e+02,3.1189093093e-02,5.4889912132e-03,4.4676708307e-02,5.7225057548e-01,7.5934728702e-02,1.9662314258e-01,7.3836760627e-02,2.7361235723e+00
2.6400000000e+02,3.1116509955e-02,5.5983203678e-03,4.3290003954e-02,5.7954817597e-01,7.5177993588e-02,1.9232840034e-01,7.2940595820e-02,2.7059743654e+00
2.6450000000e+02,3.1229895317e-02,5.5708276869e-03,4.2224198039e-02,5.8416311601e-01,7.4773896736e-02,1.9063194401e-01,7.1406122209e-02,2.6758747206e+00
2.6500000000e+02,3.1122416415e-02,5.6403603378e-03,4.1141475967e-02,5.9063213098e-01,7.4338616683e-02,1.8723150085e-01,6.9893498767e-02,2.6474261756e+00
2.6550000000e+02,3.1659491582e-02,5.7203022580e-03,4.0536989772e-02,5.9416512196e-01,7.3789080263e-02,1.8508371698e-01,6.9045297177e-02,2.6254734023e+00
2.6600000000e+02,3.1692425094e-02,5.8352950432e-03,3.9875797123e-02,5.9758965236e-01,7.3457305542e-02,1.8393966462e-01,6.7609860215e-02,2.6053457495e+00
2.6650000000e+02,3.1613002731e-02,5.8960430465e-03,3.9374676576e-02,6.0334554982e-01,7.3075410549e-02,1.7989744737e-01,6.6797869901e-02,2.5857733342e+00
2.6700000000e+02,3.1590437043e-02,5.9183156986e-03,3.8922880919e-02,6.0994021137e-01,7.1425053850e-02,1.7677214818e-01,6.5430952937e-02,2.5564286670e+00
2.6750000000e+02,3.1641583154e-02,6.0051076646e-03,3.8488637881e-02,6.1473455002e-01,7.0709900309e-02,1.7395258421e-01,6.4467636759e-02,2.5354139435e+00
2.6800000000e+02,3.1502237466e-02,6.1344000039e-03,3.7800962035e-02,6.2048437397e-01,7.0546518938e-02,1.7023105826e-01,6.3300449330e-02,2.5178074552e+00
2.6850000000e+02,3.1305548370e-02,6.2314481688e-03,3.8145348085e-02,6.2227415059e-01,6.9465672329e-02,1.6933789197e-01,6.3239940488e-02,2.5000067193e+00
2.6900000000e+02,3.1159782326e-02,6.3068851279e-03,3.7464945552e-02,6.2905108627e-01,6.6984374585e-02,1.6716032955e-01,6.1872596581e-02,2.4676394448e+00
2.6950000000e+02,3.0978892664e-02,6.3826548596e-03,3.7045197425e-02,6.3434637368e-01,6.6488939937e-02,1.6363894520e-01,6.1118996239e-02,2.4439509338e+00
2.7000000000e+02,3.0668634227e-02,6.4719189900e-03,3.6824503328e-02,6.3747511066e-01,6.5182069435e-02,1.6248978387e-01,6.0887979485e-02,2.4259968692e+00
2.7050000000e+02,3.0570647409e-02,6.5899340758e-03,3.7154968346e-02,6.4164318242e-01,6.4774311698e-02,1.5912622370e-01,6.0140732352e-02,2.4040668127e+00
2.7100000000e+02,3.0208512269e-02,6.7208752870e-03,3.7073071889e-02,6.4659596042e-01,6.3575648239e-02,1.5697244794e-01,5.8853483964e-02,2.3765279374e+00
2.7150000000e+02,3.0148047363e-02,6.8612351790e-03,3.7286034577e-02,6.5009925657e-01,6.3240040084e-02,1.5480869924e-01,5.7556686993e-02,2.3627015205e+00
2.7200000000e+02,2.9776654444e-02,6.9240481742e-03,3.7669468233e-02,6.5426717872e-01,6.1945166399e-02,1.5328156347e-01,5.6135920561e-02,2.3350369150e+00
2.7250000000e+02,2.9487995829e-02,7.0468957446e-03,3.8032029736e-02,6.5934052796e-01,6.1040396654e-02,1.5045644908e-01,5.4595704998e-02,2.3093150074e+00
2.7300000000e+02,2.9767285345e-02,7.2933621057e-03,3.8656941182e-02,6.6129485176e-01,6.0734714295e-02,1.4809444608e-01,5.4158399231e-02,2.2954950912e+00
2.7350000000e+02,2.9682107705e-02,7.4558600617e-03,3.9357101636e-02,6.6319039039e-01,6.0546181891e-02,1.4618495001e-01,5.3583408308e-02,2.2797866017e+00
2.7400000000e+02,2.9189196483e-02,7.5771827994e-03,3.9567046263e-02,6.6709978917e-01,6.0143669371e-02,1.4284277357e-01,5.3580342338e-02,2.2560598242e+00
2.7450000000e+02,2.8859931608e-02,7.6953255715e-03,3.9714194249e-02,6.7190955113e-01,5.9138795353e-02,1.4034174876e-01,5.2340453321e-02,2.2329491104e+00
2.7500000000e+02,2.8542556872e-02,7.8578569306e-03,4.0244418302e-02,6.7574063899e-01,5.8554227507e-02,1.3719869284e-01,5.1861608560e-02,2.2072059494e+00
2.7550000000e+02,2.8296368368e-02,7.9735716902e-03,4.0683623183e-02,6.7824373948e-01,5.8757260345e-02,1.3455852792e-01,5.1486909015e-02,2.1874681001e+00
2.7600000000e+02,2.7850476868e-02,8.0897999878e-03,4.1266354270e-02,6.8017165055e-01,5.8765019266e-02,1.3288290173e-01,5.0973797336e-02,2.1679576802e+00
2.7650000000e+02,2.7640507150e-02,8.3382064415e-03,4.2212027538e-02,6.8388397385e-01,5.8487770372e-02,1.2948899813e-01,4.9948516520e-02,2.1506702587e+00
2.7700000000e+02,2.7221239694e-02,8.3199643729e-03,4.2900731502e-02,6.8713309413e-01,5.8045730529e-02,1.2649991884e-01,4.9879320940e-02,2.1310877912e+00
2.7750000000e+02,2.6988372231e-02,8.4082027103e-03,4.3738281092e-02,6.8915134962e-01,5.7900845467e-02,1.2343254772e-01,5.0380401158e-02,2.1156054266e+00
2.7800000000e+02,2.6659747999e-02,8.5970010262e-03,4.4720753431e-02,6.9096225365e-01,5.7611872960e-02,1.2102231178e-01,5.0426059156e-02,2.1058504475e+00
2.7850000000e+02,2.6388577125e-02,8.8269450250e-03,4.6212579741e-02,6.9056743103e-01,5.7758350183e-02,1.1892861140e-01,5.1317505496e-02,2.1080637571e+00
2.7900000000e+02,2.6019177049e-02,9.0153430265e-03,4.7779449582e-02,6.8948959902e-01,5.8268260718e-02,1.1721673468e-01,5.2211435919e-02,2.1094361639e+00
2.7950000000e+02,2.5767746859e-02,9.1726476611e-03,4.8515330595e-02,6.9091964896e-01,5.8732735479e-02,1.1481416900e-01,5.2077721450e-02,2.1090830720e+00
2.8000000000e+02,2.5313907182e-02,9.2671337959e-03,4.9359275073e-02,6.9442889816e-01,5.8220583068e-02,1.1161894009e-01,5.1791262636e-02,2.1050677922e+00
2.8050000000e+02,2.4911184537e-02,9.4559184929e-03,5.0399921731e-02,6.9577675926e-01,5.9068467067e-02,1.0826648446e-01,5.2121264454e-02,2.1140018207e+00
2.8100000000e+02,2.4328414521e-02,9.5314856510e-03,5.1445023715e-02,6.9738698766e-01,6.0118662525e-02,1.0488006503e-01,5.2309360894e-02,2.1149560162e+00
2.8150000000e+02,2.4075742652e-02,9.4990782758e-03,5.3153184091e-02,6.9797730932e-01,6.0237633998e-02,1.0295215004e-01,5.2104901627e-02,2.1283277142e+00
2.8200000000e+02,2.3520093626e-02,9.5671503241e-03,5.4109345714e-02,6.9968110097e-01,6.1174091815e-02,9.9895208429e-02,5.2053009119e-02,2.1424733284e+00
2.8250000000e+02,2.3086881904e-02,9.6443048329e-03,5.5871561112e-02,6.9995514074e-01,6.2331581001e-02,9.7152314835e-02,5.1958215574e-02,2.1581461848e+00
2.8300000000e+02,2.2804426597e-02,9.7696881993e-03,5.6918075584e-02,6.9912330978e-01,6.3792431028e-02,9.4684638396e-02,5.2907430419e-02,2.1811145368e+00
2.8350000000e+02,2.2016186027e-02,9.6734582621e-03,5.7591623217e-02,7.0142867843e-01,6.4404210352e-02,9.2731766701e-02,5.2154077008e-02,2.1916160033e+00
2.8400000000e+02,2.1557242802e-02,9.6867371843e-03,5.9460083611e-02,7.0049544767e-01,6.5149389761e-02,9.0573418872e-02,5.3077680095e-02,2.2170994721e+00
2.8450000000e+02,2.1020213325e-02,9.6759527149e-03,6.1041195452e-02,6.9907865870e-01,6.6269977879e-02,8.9650223783e-02,5.3263778151e-02,2.2410555734e+00
2.8500000000e+02,2.0746952074e-02,9.7990262929e-03,6.2356129610e-02,6.9712396705e-01,6.6674634519e-02,8.8758486078e-02,5.4540804378e-02,2.2668473284e+00
2.8550000000e+02,2.0393978309e-02,9.9124592556e-03,6.2845166062e-02,6.9739745668e-01,6.8081682907e-02,8.6180482775e-02,5.5188774011e-02,2.2891388770e+00
2.8600000000e+02,2.0005576671e-02,9.9440710500e-03,6.4212397248e-02,6.9770610866e-01,6.9995422920e-02,8.2669856750e-02,5.5466566696e-02,2.3108844826e+00
2.8650000000e+02,1.9830541782e-02,9.9745626510e-03,6.6567055177e-02,6.9337740022e-01,7.2116859378e-02,8.1403531424e-02,5.6730049367e-02,2.3440112867e+00
2.8700000000e+02,1.9530359511e-02,1.0094011113e-02,6.8111925238e-02,6.9082912705e-01,7.4584215374e-02,7.9580976655e-02,5.7269385059e-02,2.3778562299e+00
2.8750000000e+02,1.8931861372e-02,1.0160918546e-02,6.9851733989e-02,6.8788623704e-01,7.6965459563e-02,7.8076668202e-02,5.8127121286e-02,2.4027900998e+00
2.8800000000e+02,1.8713978526e-02,1.0358418987e-02,7.1075236241e-02,6.8562125025e-01,7.8976500753e-02,7.5753364636e-02,5.9501250608e-02,2.4360528053e+00
2.8850000000e+02,1.8487394498e-02,1.0453563208e-02,7.2212146729e-02,6.8298499376e-01,8.1102770833e-02,7.3993430816e-02,6.0765700155e-02,2.4712600815e+00
2.8900000000e+02,1.8266067221e-02,1.0463514120e-02,7.3609902440e-02,6.7963899565e-01,8.3525263679e-02,7.1943742776e-02,6.2552514115e-02,2.5071745480e+00
2.8950000000e+02,1.7843697821e-02,1.0584132790e-02,7.4362777985e-02,6.7776287631e-01,8.5724886518e-02,6.9422691303e-02,6.4298937276e-02,2.5321812243e+00
2.9000000000e+02,1.7491844913e-02,1.0701785270e-02,7.5336096058e-02,6.7480818260e-01,8.8687488594e-02,6.6824121202e-02,6.6150481361e-02,2.5577569716e+00
2.9050000000e+02,1.7073441095e-02,1.0803382551e-02,7.7890767130e-02,6.7145828501e-01,9.1481170449e-02,6.4204504792e-02,6.7088448972e-02,2.5891019884e+00
2.9100000000e+02,1.6782511175e-02,1.0790950743e-02,7.9288948572e-02,6.6863061730e-01,9.3377029094e-02,6.2761010311e-02,6.8368932807e-02,2.6164778239e+00
2.9150000000e+02,1.6398371416e-02,1.0848801741e-02,8.0547432084e-02,6.6669021256e-01,9.5816822848e-02,6.0846993278e-02,6.8851366075e-02,2.6418648109e+00
2.9200000000e+02,1.5964395270e-02,1.0670572686e-02,8.1562417057e-02,6.6422408268e-01,9.8973932451e-02,5.8702696127e-02,6.9901903729e-02,2.6597684409e+00
2.9250000000e+02,1.5753265436e-02,1.0642263490e-02,8.2018960336e-02,6.6172877071e-01,1.0246824549e-01,5.6007688331e-02,7.1380806204e-02,2.6836727975e+00
2.9300000000e+02,1.5244274902e-02,1.0619361209e-02,8.3147555346e-02,6.5791384948e-01,1.0510909795e-01,5.4773708441e-02,7.3192152672e-02,2.7131971831e+00
2.9350000000e+02,1.4707448491e-02,1.0573110665e-02,8.4780958595e-02,6.5348568883e-01,1.0822145214e-01,5.3348354875e-02,7.4882986407e-02,2.7367195440e+00
2.9400000000e+02,1.4233812735e-02,1.0690256919e-02,8.5956554682e-02,6.5224976024e-01,1.1010660797e-01,5.1424023589e-02,7.5338983865e-02,2.7621594995e+00
2.9450000000e+02,1.3781121630e-02,1.0616583358e-02,8.8304086236e-02,6.4806877430e-01,1.1238014240e-01,4.9786548173e-02,7.7062743902e-02,2.7921694044e+00
2.9500000000e+02,1.3461650424e-02,1.0617180368e-02,9.0285676872e-02,6.4201152374e-01,1.1599347149e-01,4.8613419283e-02,7.9017077824e-02,2.8260003330e+00
2.9550000000e+02,1.3158955792e-02,1.0680914265e-02,9.2641440693e-02,6.3593925657e-01,1.1970213553e-01,4.7082594540e-02,8.0794702611e-02,2.8524368648e+00
2.9600000000e+02,1.2828758636e-02,1.0718222488e-02,9.4340189828e-02,6.3180390581e-01,1.2318911563e-01,4.5033912000e-02,8.2085895613e-02,2.8662515103e+00
2.9650000000e+02,1.2495342974e-02,1.0706600890e-02,9.6467494186e-02,6.2490083749e-01,1.2673351050e-01,4.4063888211e-02,8.4632325749e-02,2.8893801213e+00
2.9700000000e+02,1.2213569151e-02,1.0686296341e-02,9.8506816604e-02,6.1885327082e-01,1.3111598463e-01,4.2517142024e-02,8.6106920435e-02,2.9044449098e+00
2.9750000000e+02,1.1923799171e-02,1.0701553248e-02,9.9890632802e-02,6.1418901188e-01,1.3470406384e-01,4.0994713266e-02,8.7596225792e-02,2.9233036236e+00
2.9800000000e+02,1.1589133944e-02,1.0811046206e-02,1.0169378010e-01,6.0780244813e-01,1.3768653537e-01,3.9871909196e-02,9.0545147057e-02,2.9454673793e+00
2.9850000000e+02,1.1161028694e-02,1.0859437863e-02,1.0412221603e-01,6.0410208939e-01,1.4115750054e-01,3.7827174180e-02,9.0770553309e-02,2.9515777047e+00
2.9900000000e+02,1.0908665267e-02,1.0982572452e-02,1.0619278678e-01,5.9879725284e-01,1.4403363444e-01,3.6159577883e-02,9.2925510343e-02,2.9700125625e+00
2.9950000000e+02,1.0531379911e-02,1.0971896868e-02,1.0778750024e-01,5.9571672493e-01,1.4480491019e-01,3.4977951252e-02,9.5209636611e-02,2.9816830884e+00
3.0000000000e+02,1.0188021888e-02,1.0975027125e-02,1.0879137312e-01,5.9058027217e-01,1.4908554236e-01,3.3646738020e-02,9.6733025314e-02,2.9949343730e+00
3.0050000000e+02,9.9157688373e-03,1.1063563396e-02,1.0957783963e-01,5.8644177019e-01,1.5174079161e-01,3.2471751544e-02,9.8788514782e-02,3.0091033783e+00
3.0100000000e+02,9.6918148457e-03,1.1109350627e-02,1.1134350320e-01,5.7996571580e-01,1.5567853776e-01,3.1346728120e-02,1.0086434964e-01,3.0304183990e+00
3.0150000000e+02,9.4250335024e-03,1.1072092231e-02,1.1240544493e-01,5.7561608571e-01,1.5833691757e-01,3.0363799691e-02,1.0278062636e-01,3.0380008097e+00
3.0200000000e+02,9.1339203511e-03,1.1018440533e-02,1.1357206923e-01,5.7111607747e-01,1.6083690980e-01,2.9598264350e-02,1.0472431827e-01,3.0504652951e+00
3.0250000000e+02,8.8348561569e-03,1.0947216570e-02,1.1505668731e-01,5.6700108139e-01,1.6351570843e-01,2.8257177712e-02,1.0638727243e-01,3.0564893494e+00
3.0300000000e+02,8.6960874514e-03,1.1086602307e-02,1.1590890819e-01,5.6125748996e-01,1.6732439021e-01,2.7250203049e-02,1.0847631883e-01,3.0648649520e+00
3.0350000000e+02,8.4921964811e-03,1.1106661247e-02,1.1815397165e-01,5.5263363107e-01,1.7204544573e-01,2.6539608380e-02,1.1102848544e-01,3.0858557783e+00
3.0400000000e+02,8.2803957597e-03,1.1152981255e-02,1.2125546621e-01,5.4654067416e-01,1.7462196998e-01,2.5367959213e-02,1.1278055342e-01,3.1007801461e+00
3.0450000000e+02,8.0745460642e-03,1.1020051287e-02,1.2169665885e-01,5.4203411174e-01,1.7855058416e-01,2.4239220057e-02,1.1438482783e-01,3.1015051917e+00
3.0500000000e+02,7.7528293388e-03,1.1195800117e-02,1.2231528778e-01,5.3870850700e-01,1.8062154736e-01,2.3178827248e-02,1.1622720116e-01,3.0969039702e+00
3.0550000000e+02,7.4799903797e-03,1.1216132982e-02,1.2427102964e-01,5.3268372586e-01,1.8345042081e-01,2.2388368663e-02,1.1851033167e-01,3.1022529748e+00
3.0600000000e+02,7.2068684158e-03,1.1262076062e-02,1.2594980082e-01,5.2538561131e-01,1.8746816155e-01,2.1872868268e-02,1.2085461358e-01,3.1114949124e+00
3.0650000000e+02,6.9090025070e-03,1.1185073115e-02,1.2707129872e-01,5.2046326914e-01,1.9008526533e-01,2.1121253801e-02,1.2316483739e-01,3.1209511816e+00
3.0700000000e+02,6.7628376492e-03,1.1221034773e-02,1.2906088809e-01,5.1434463450e-01,1.9335097081e-01,2.0526417059e-02,1.2473321712e-01,3.1277758103e+00
3.0750000000e+02,6.6358570695e-03,1.1183886445e-02,1.3196860725e-01,5.0591195489e-01,1.9749248071e-01,1.9977981582e-02,1.2682923206e-01,3.1399613622e+00
3.0800000000e+02,6.4893568875e-03,1.1100847211e-02,1.3339999454e-01,4.9937741750e-01,2.0224253642e-01,1.9495450289e-02,1.2789439715e-01,3.1435567449e+00
3.0850000000e+02,6.2771154072e-03,1.1171813792e-02,1.3403490972e-01,4.9451088861e-01,2.0465054506e-01,1.9142653726e-02,1.3021207368e-01,3.1460111711e+00
3.0900000000e+02,6.1346893665e-03,1.1087655531e-02,1.3437598452e-01,4.8813191302e-01,2.0760002209e-01,1.8878233024e-02,1.3379150245e-01,3.1494882454e+00
3.0950000000e+02,5.8927416881e-03,1.1120675821e-02,1.3653057359e-01,4.8207098550e-01,2.1067444377e-01,1.8272624410e-02,1.3543795522e-01,3.1510695478e+00
3.1000000000e+02,5.7427824392e-03,1.1049018876e-02,1.3831732638e-01,4.7684882809e-01,2.1288925967e-01,1.7899364099e-02,1.3725342044e-01,3.1526962584e+00
3.1050000000e+02,5.6384606219e-03,1.0977332223e-02,1.4033181582e-01,4.6907986312e-01,2.1606255915e-01,1.7731503237e-02,1.4017846583e-01,3.1613254241e+00
3.1100000000e+02,5.5097810669e-03,1.1017875135e-02,1.4062628638e-01,4.6320271841e-01,2.1944152214e-01,1.7489464857e-02,1.4271235201e-01,3.1713664231e+00
3.1150000000e+02,5.3777526908e-03,1.1060152379e-02,1.4165152710e-01,4.5705566509e-01,2.2234450809e-01,1.7437774905e-02,1.4507261975e-01,3.1885181540e+00
3.1200000000e+02,5.2630161052e-03,1.0985825702e-02,1.4303928761e-01,4.4881294907e-01,2.2823060871e-01,1.7309193361e-02,1.4635911945e-01,3.1959584569e+00
3.1250000000e+02,5.1297761044e-03,1.1080043152e-02,1.4502229040e-01,4.4336264995e-01,2.3005117129e-01,1.7320949204e-02,1.4803311989e-01,3.2021993760e+00
3.1300000000e+02,4.9744587592e-03,1.0928690486e-02,1.4556076486e-01,4.3767348329e-01,2.3348950882e-01,1.7228178973e-02,1.5014491482e-01,3.2063052037e+00
3.1350000000e+02,4.8598695186e-03,1.0933201063e-02,1.4611735694e-01,4.2980615206e-01,2.3718373199e-01,1.7291249117e-02,1.5380843932e-01,3.2205710178e+00
3.1400000000e+02,4.7636846559e-03,1.0928266617e-02,1.4612279387e-01,4.2415629162e-01,2.3935420132e-01,1.7436667724e-02,1.5723809420e-01,3.2298380523e+00
3.1450000000e+02,4.6670425600e-03,1.0934061723e-02,1.4726835340e-01,4.1593052379e-01,2.4302566580e-01,1.7617246780e-02,1.6055710595e-01,3.2409135069e+00
3.1500000000e+02,4.6242320132e-03,1.1062156583e-02,1.4804788867e-01,4.0790444417e-01,2.4744030785e-01,1.7611191295e-02,1.6330977942e-01,3.2533247684e+00
3.1550000000e+02,4.5747941075e-03,1.1087198512e-02,1.4826702693e-01,4.0210544515e-01,2.5093542967e-01,1.7821926922e-02,1.6520817871e-01,3.2680396855e+00
3.1600000000e+02,4.5227533390e-03,1.1096736302e-02,1.4920677140e-01,3.9575756645e-01,2.5448582736e-01,1.8295662029e-02,1.6663468312e-01,3.2798005646e+00
3.1650000000e+02,4.4446716948e-03,1.1173787585e-02,1.4971189501e-01,3.8698931142e-01,2.5991451018e-01,1.8733292201e-02,1.6903253191e-01,3.2961043313e+00
3.1700000000e+02,4.3940253824e-03,1.1195777799e-02,1.5306109512e-01,3.7710206847e-01,2.6277787700e-01,1.9126394908e-02,1.7234276133e-01,3.3175522385e+00
3.1750000000e+02,4.3152554041e-03,1.1171214292e-02,1.5481447850e-01,3.7087162133e-01,2.6472266443e-01,1.9617161960e-02,1.7448760409e-01,3.3308772135e+00
3.1800000000e+02,4.2071544291e-03,1.1187862721e-02,1.5577131621e-01,3.6498196147e-01,2.6642367030e-01,1.9870061896e-02,1.7755797297e-01,3.3405344489e+00
3.1850000000e+02,4.1664009376e-03,1.1131755846e-02,1.5593567443e-01,3.6015779696e-01,2.6802345870e-01,2.0236541830e-02,1.8034837130e-01,3.3558787846e+00
3.1900000000e+02,4.1326782580e-03,1.1220617152e-02,1.5724915786e-01,3.5425485638e-01,2.6898074538e-01,2.0912592476e-02,1.8324935250e-01,3.3662407704e+00
3.1950000000e+02,4.0876496299e-03,1.1219675392e-02,1.5768470970e-01,3.5050956811e-01,2.7008540053e-01,2.1472189949e-02,1.8494080669e-01,3.3768324718e+00
3.2000000000e+02,4.0775904927e-03,1.1219815197e-02,1.5778501316e-01,3.4498618261e-01,2.7153592612e-01,2.2187222411e-02,1.8820825002e-01,3.3931384402e+00
3.2050000000e+02,4.1179758178e-03,1.1252936052e-02,1.5898344874e-01,3.3831270370e-01,2.7501639275e-01,2.3024186486e-02,1.8929235645e-01,3.4076111496e+00
3.2100000000e+02,4.0847595598e-03,1.1309368565e-02,1.6013620133e-01,3.3415636206e-01,2.7585374850e-01,2.3779747580e-02,1.9067981242e-01,3.4148869213e+00
3.2150000000e+02,4.0979619301e-03,1.1189161343e-02,1.6216828754e-01,3.2717158925e-01,2.7839061180e-01,2.4497978560e-02,1.9248440958e-01,3.4270519518e+00
3.2200000000e+02,4.0542524488e-03,1.1217385668e-02,1.6403589193e-01,3.1988242908e-01,2.7954067751e-01,2.5308014840e-02,1.9596134853e-01,3.4419035556e+00
3.2250000000e+02,3.9984039968e-03,1.1388418748e-02,1.6458070864e-01,3.1408499116e-01,2.7984793854e-01,2.6245302018e-02,1.9985423690e-01,3.4542225312e+00
3.2300000000e+02,3.9908496472e-03,1.1358883865e-02,1.6528745666e-01,3.1014426128e-01,2.8069950377e-01,2.7506549848e-02,2.0101249493e-01,3.4663132653e+00
3.2350000000e+02,4.0336102234e-03,1.1284680662e-02,1.6638044719e-01,3.0501636820e-01,2.8052632367e-01,2.8844120043e-02,2.0391445001e-01,3.4860710254e+00
3.2400000000e+02,4.0355766718e-03,1.1351384429e-02,1.6649574289e-01,3.0079017956e-01,2.8259090649e-01,3.0140936909e-02,2.0459527305e-01,3.4946876076e+00
3.2450000000e+02,4.0277624702e-03,1.1381592093e-02,1.6725638965e-01,2.9663922962e-01,2.8457355201e-01,3.1425298995e-02,2.0469617516e-01,3.5056054589e+00
3.2500000000e+02,4.0414098582e-03,1.1267412813e-02,1.6857283000e-01,2.9066475482e-01,2.8665470020e-01,3.2986320289e-02,2.0581257202e-01,3.5136500517e+00
3.2550000000e+02,4.0754927096e-03,1.1213152218e-02,1.6941586690e-01,2.8369807462e-01,2.9027588217e-01,3.4325928211e-02,2.0699560318e-01,3.5231550774e+00
3.2600000000e+02,4.0725872456e-03,1.1135359146e-02,1.6964005858e-01,2.7775173655e-01,2.9259731619e-01,3.5823764226e-02,2.0897917806e-01,3.5313427261e+00
3.2650000000e+02,4.0958664816e-03,1.1217104714e-02,1.6953952833e-01,2.7371048356e-01,2.9339100859e-01,3.7536059609e-02,2.1050994872e-01,3.5430066009e+00
3.2700000000e+02,4.1184452887e-03,1.1263347085e-02,1.7012631205e-01,2.7000621936e-01,2.9338295330e-01,3.8844185452e-02,2.1225853746e-01,3.5485278583e+00
3.2750000000e+02,4.1555923557e-03,1.1199617995e-02,1.7136681829e-01,2.6490328716e-01,2.9545814685e-01,3.9975447702e-02,2.1294108965e-01,3.5503098322e+00
3.2800000000e+02,4.1603796757e-03,1.1331340787e-02,1.7290330470e-01,2.5917976454e-01,2.9820446800e-01,4.1512020636e-02,2.1270872166e-01,3.5593121832e+00
3.2850000000e+02,4.2394895630e-03,1.1272141216e-02,1.7484112847e-01,2.5289442056e-01,3.0218632381e-01,4.2401217611e-02,2.1216527876e-01,3.5644411601e+00
3.2900000000e+02,4.2709818723e-03,1.1384208075e-02,1.7480453873e-01,2.4792962177e-01,3.0248941493e-01,4.3704793811e-02,2.1541644082e-01,3.5743152914e+00
3.2950000000e+02,4.3341991596e-03,1.1527349210e-02,1.7483202177e-01,2.4395071490e-01,3.0339411000e-01,4.5587542167e-02,2.1637406279e-01,3.5837567348e+00
3.3000000000e+02,4.3831723636e-03,1.1533206439e-02,1.7491521426e-01,2.3866306336e-01,3.0528753974e-01,4.7271123761e-02,2.1794668007e-01,3.5954875074e+00
3.3050000000e+02,4.4796991132e-03,1.1482589985e-02,1.7547013200e-01,2.3340077103e-01,3.0579431557e-01,4.8493914038e-02,2.2087857826e-01,3.6038773332e+00
3.3100000000e+02,4.5283508150e-03,1.1571662080e-02,1.7580941446e-01,2.2678356344e-01,3.0861462179e-01,5.0248378056e-02,2.2244400936e-01,3.6181569415e+00
3.3150000000e+02,4.5815520680e-03,1.1601661219e-02,1.7607101318e-01,2.2220800649e-01,3.0880141000e-01,5.2094055797e-02,2.2464230125e-01,3.6345325156e+00
3.3200000000e+02,4.6060550927e-03,1.1532594210e-02,1.7735309860e-01,2.1653822248e-01,3.0896329641e-01,5.4044498319e-02,2.2696223488e-01,3.6434677094e+00
3.3250000000e+02,4.6517526684e-03,1.1473541919e-02,1.7773393488e-01,2.1279395817e-01,3.1063956941e-01,5.5175324779e-02,2.2753191817e-01,3.6452533687e+00
3.3300000000e+02,4.6872373030e-03,1.1301138950e-02,1.7716615594e-01,2.0811069638e-01,3.1258456168e-01,5.6063309751e-02,2.3008689999e-01,3.6473688831e+00
3.3350000000e+02,4.7528126145e-03,1.1260055878e-02,1.7681357147e-01,2.0335871452e-01,3.1546726991e-01,5.7582529353e-02,2.3076504626e-01,3.6508526670e+00
3.3400000000e+02,4.8648731885e-03,1.1102589264e-02,1.7796847085e-01,1.9960389241e-01,3.1677412155e-01,5.8859483420e-02,2.3082656932e-01,3.6580305145e+00
3.3450000000e+02,4.9527725452e-03,1.1102756231e-02,1.7768740391e-01,1.9514104868e-01,3.1828297287e-01,6.1437868707e-02,2.3139517706e-01,3.6596672994e+00
3.3500000000e+02,5.0013443293e-03,1.1085183551e-02,1.7739383680e-01,1.9267307815e-01,3.1690383666e-01,6.4774221555e-02,2.3216849895e-01,3.6609321678e+00
3.3550000000e+02,5.0900955913e-03,1.1078206185e-02,1.7816131976e-01,1.8806521402e-01,3.1699616283e-01,6.6735551701e-02,2.3387344991e-01,3.6705899698e+00
3.3600000000e+02,5.1819351340e-03,1.1041856249e-02,1.7777205322e-01,1.8423988086e-01,3.1815463751e-01,6.8310688045e-02,2.3529894898e-01,3.6661641445e+00
3.3650000000e+02,5.2601703172e-03,1.1059755696e-02,1.7877673444e-01,1.8085202480e-01,3.1722101070e-01,7.0426966475e-02,2.3640333757e-01,3.6725895524e+00
3.3700000000e+02,5.3912199014e-03,1.1156047507e-02,1.8058710986e-01,1.7617443746e-01,3.1824016426e-01,7.2375234711e-02,2.3607578630e-01,3.6765639151e+00
3.3750000000e+02,5.4374862323e-03,1.1214484446e-02,1.7873483479e-01,1.7367239506e-01,3.2177270765e-01,7.4420243212e-02,2.3474784861e-01,3.6780328216e+00
3.3800000000e+02,5.5571242407e-03,1.1281676944e-02,1.7890586539e-01,1.7091252167e-01,3.2172075794e-01,7.6736285901e-02,2.3488576790e-01,3.6794708186e+00
3.3850000000e+02,5.6738585787e-03,1.1275146823e-02,1.7936883588e-01,1.6741719273e-01,3.2259966521e-01,7.9578681910e-02,2.3408661886e-01,3.6804558436e+00
3.3900000000e+02,5.7940775575e-03,1.1144787682e-02,1.8007210361e-01,1.6309465036e-01,3.2368414578e-01,8.1712346810e-02,2.3449788820e-01,3.6801322349e+00
3.3950000000e+02,5.9239835373e-03,1.1114834194e-02,1.8221707609e-01,1.5881827585e-01,3.2268407250e-01,8.3618051790e-02,2.3562370604e-01,3.6844152900e+00
3.4000000000e+02,6.0499419911e-03,1.1087307065e-02,1.8284994124e-01,1.5444799414e-01,3.2285062852e-01,8.6522100457e-02,2.3619208658e-01,3.6906284219e+00
3.4050000000e+02,6.1683934171e-03,1.1195276139e-02,1.8481372848e-01,1.5069194542e-01,3.2213825418e-01,8.9495903293e-02,2.3549649907e-01,3.6936077200e+00
3.4100000000e+02,6.3212930790e-03,1.1114097443e-02,1.8549527269e-01,1.4872271006e-01,3.1988005008e-01,9.2408303358e-02,2.3605827328e-01,3.7010179501e+00
3.4150000000e+02,6.4671915471e-03,1.1053134515e-02,1.8678228578e-01,1.4403962989e-01,3.1888042741e-01,9.5268472766e-02,2.3750885810e-01,3.7015043431e+00
3.4200000000e+02,6.5937137079e-03,1.0919794537e-02,1.8598991150e-01,1.4034380510e-01,3.1968166506e-01,9.7360680167e-02,2.3911042993e-01,3.7022120969e+00
3.4250000000e+02,6.7426910623e-03,1.0769769866e-02,1.8754248823e-01,1.3730885860e-01,3.1787284480e-01,1.0160032038e-01,2.3816302706e-01,3.7107415927e+00
3.4300000000e+02,6.8444925009e-03,1.0706730794e-02,1.8816468884e-01,1.3466771806e-01,3.1896241287e-01,1.0408217923e-01,2.3657177771e-01,3.7116142111e+00
3.4350000000e+02,6.9321883462e-03,1.0608851137e-02,1.8951161097e-01,1.3178357628e-01,3.1738739210e-01,1.0684406568e-01,2.3693231549e-01,3.7099758702e+00
3.4400000000e+02,7.0598451385e-03,1.0538013481e-02,1.8837147687e-01,1.3099467427e-01,3.1542818185e-01,1.0881674176e-01,2.3879106663e-01,3.7083118902e+00
3.4450000000e+02,7.2303748141e-03,1.0452496684e-02,1.8862587366e-01,1.2873030916e-01,3.1390780939e-01,1.1213719152e-01,2.3891594478e-01,3.7118053292e+00
3.4500000000e+02,7.3591361021e-03,1.0487236397e-02,1.8897273621e-01,1.2536815761e-01,3.1368125557e-01,1.1311676341e-01,2.4101471470e-01,3.7163669599e+00
3.4550000000e+02,7.4921421965e-03,1.0331324694e-02,1.8958076882e-01,1.2381810450e-01,3.1430802117e-01,1.1496144990e-01,2.3950818871e-01,3.7155842610e+00
3.4600000000e+02,7.6452609827e-03,1.0249216502e-02,1.9041627687e-01,1.2045312536e-01,3.1434977164e-01,1.1812919268e-01,2.3875715597e-01,3.7157183898e+00
3.4650000000e+02,7.6894210207e-03,1.0167925011e-02,1.8954077538e-01,1.1813219953e-01,3.1467183314e-01,1.2100516272e-01,2.3879268320e-01,3.7159238168e+00
3.4700000000e+02,7.8419182276e-03,1.0119133805e-02,1.9083321900e-01,1.1668505593e-01,3.1262733203e-01,1.2335116926e-01,2.3854217175e-01,3.7163385281e+00
3.4750000000e+02,7.8896966189e-03,9.9720993022e-03,1.9020557497e-01,1.1489019300e-01,3.1461455711e-01,1.2444037873e-01,2.3798750028e-01,3.7143049379e+00
3.4800000000e+02,7.9790174183e-03,9.8720485986e-03,1.9075624592e-01,1.1295612036e-01,3.1424320799e-01,1.2724357242e-01,2.3694978728e-01,3.7147853144e+00
3.4850000000e+02,8.0928663054e-03,9.9178372941e-03,1.8988465718e-01,1.1175987455e-01,3.1288599935e-01,1.3082343815e-01,2.3663532717e-01,3.7197288860e+00
3.4900000000e+02,8.2357425591e-03,9.9499185714e-03,1.8870872294e-01,1.1094399655e-01,3.1349816885e-01,1.3395894650e-01,2.3470450402e-01,3.7291588861e+00
3.4950000000e+02,8.3343567675e-03,9.8772514509e-03,1.8889278579e-01,1.0904983195e-01,3.1205476844e-01,1.3707073664e-01,2.3472026896e-01,3.7290822232e+00
3.5000000000e+02,8.4247405650e-03,9.8620086215e-03,1.8980931727e-01,1.0770311396e-01,3.1207646439e-01,1.3957155663e-01,2.3255279856e-01,3.7293492650e+00
3.5050000000e+02,8.4266013886e-03,9.8083145083e-03,1.9015577944e-01,1.0766355401e-01,3.0953547276e-01,1.4340801426e-01,2.3100226363e-01,3.7293413817e+00
3.5100000000e+02,8.5294288269e-03,9.7286023516e-03,1.9172777328e-01,1.0609661963e-01,3.0977755321e-01,1.4553463572e-01,2.2860538699e-01,3.7309397628e+00
3.5150000000e+02,8.6856571376e-03,9.6659899563e-03,1.9171940813e-01,1.0660948879e-01,3.0659022209e-01,1.4957582653e-01,2.2715340736e-01,3.7369496827e+00
3.5200000000e+02,8.7693247286e-03,9.6178778120e-03,1.9215771674e-01,1.0568187740e-01,3.0355429877e-01,1.5275033091e-01,2.2746857364e-01,3.7436186601e+00
3.5250000000e+02,9.0274635601e-03,9.4859128036e-03,1.9061896240e-01,1.0536923912e-01,3.0250753753e-01,1.5583928842e-01,2.2715159616e-01,3.7497817575e+00
3.5300000000e+02,9.1030829085e-03,9.4546743085e-03,1.9247375135e-01,1.0399733174e-01,2.9772312706e-01,1.5874274521e-01,2.2850528743e-01,3.7575794147e+00
3.5350000000e+02,9.3090692117e-03,9.5713948831e-03,1.9438978384e-01,1.0370736688e-01,2.9705120328e-01,1.6044953794e-01,2.2552164396e-01,3.7725107244e+00
3.5400000000e+02,9.4464950342e-03,9.5002222836e-03,1.9494862761e-01,1.0387233760e-01,2.9307239948e-01,1.6378416141e-01,2.2537575658e-01,3.7777305592e+00
3.5450000000e+02,9.6727716686e-03,9.4503231323e-03,1.9518269159e-01,1.0416388980e-01,2.9323171511e-01,1.6555205737e-01,2.2274655132e-01,3.7806877719e+00
3.5500000000e+02,9.8347728751e-03,9.4126966606e-03,1.9639926955e-01,1.0422797429e-01,2.8915058780e-01,1.6960278675e-01,2.2137191207e-01,3.7887082005e+00
3.5550000000e+02,9.9512137241e-03,9.3882693989e-03,1.9549972577e-01,1.0456516209e-01,2.8794759285e-01,1.7368201433e-01,2.1896602183e-01,3.7956022799e+00
3.5600000000e+02,1.0011144605e-02,9.2328825015e-03,1.9719154220e-01,1.0439984670e-01,2.8729328030e-01,1.7558806865e-01,2.1628323504e-01,3.7983386663e+00
3.5650000000e+02,1.0119170417e-02,9.1813935742e-03,1.9604061540e-01,1.0486893136e-01,2.8505674693e-01,1.7856269493e-01,2.1617044739e-01,3.8050515306e+00
3.5700000000e+02,1.0073019799e-02,9.2639616830e-03,1.9634453588e-01,1.0525391754e-01,2.8338170379e-01,1.8178122771e-01,2.1390163360e-01,3.8121086091e+00
3.5750000000e+02,1.0022206393e-02,9.1401404107e-03,1.9694965817e-01,1.0611810507e-01,2.8085163307e-01,1.8426997409e-01,2.1264828279e-01,3.8090131979e+00
3.5800000000e+02,1.0095348495e-02,9.0316829802e-03,1.9801700128e-01,1.0731488501e-01,2.7583969751e-01,1.8741875044e-01,2.1228263428e-01,3.8104878507e+00
3.5850000000e+02,1.0235129779e-02,9.0079312744e-03,1.9837616091e-01,1.0786179169e-01,2.7148768984e-01,1.9140459243e-01,2.1162670409e-01,3.8194928818e+00
3.5900000000e+02,1.0333650506e-02,8.9319859151e-03,1.9922732669e-01,1.0879058371e-01,2.7020621558e-01,1.9434290579e-01,2.0816733181e-01,3.8237463386e+00
3.5950000000e+02,1.0402648596e-02,8.8754062823e-03,2.0097358186e-01,1.0863529979e-01,2.6937366134e-01,1.9647430541e-01,2.0526509671e-01,3.8254387783e+00
3.6000000000e+02,1.0542247624e-02,8.8530726558e-03,2.0216942523e-01,1.0916970108e-01,2.6803550308e-01,1.9808144796e-01,2.0314860237e-01,3.8326733487e+00
3.6050000000e+02,1.0653376854e-02,8.8636618022e-03,2.0165645352e-01,1.1061206708e-01,2.6542489269e-01,2.0189211081e-01,2.0089743724e-01,3.8361021466e+00
3.6100000000e+02,1.0727799648e-02,8.7542365818e-03,2.0222476476e-01,1.1075412502e-01,2.6267566423e-01,2.0589880921e-01,1.9896460054e-01,3.8359727969e+00
3.6150000000e+02,1.0761352261e-02,8.7264306517e-03,2.0291514437e-01,1.1043379473e-01,2.6075923124e-01,2.0770476151e-01,1.9869928524e-01,3.8355861570e+00
3.6200000000e+02,1.0813151922e-02,8.6816034880e-03,2.0500264583e-01,1.0986589601e-01,2.5655762961e-01,2.1083448399e-01,1.9824458915e-01,3.8337626171e+00
3.6250000000e+02,1.0833210785e-02,8.6612302522e-03,2.0742881794e-01,1.1046183534e-01,2.5315646637e-01,2.1283620687e-01,1.9662223244e-01,3.8340100744e+00
3.6300000000e+02,1.0892927062e-02,8.7196106117e-03,2.0892347644e-01,1.1155913069e-01,2.4805000195e-01,2.1672072628e-01,1.9513412696e-01,3.8376192486e+00
3.6350000000e+02,1.1035656130e-02,8.8143228290e-03,2.0866583905e-01,1.1382698586e-01,2.4520291540e-01,2.2109757749e-01,1.9135670324e-01,3.8469917593e+00
3.6400000000e+02,1.1050147098e-02,8.7931595524e-03,2.1025050777e-01,1.1390483613e-01,2.4140119309e-01,2.2472436474e-01,1.8987579162e-01,3.8463260624e+00
3.6450000000e+02,1.1092763458e-02,8.7143911956e-03,2.1150815171e-01,1.1407579738e-01,2.3799499852e-01,2.2864780814e-01,1.8796608960e-01,3.8403423589e+00
3.6500000000e+02,1.1195774492e-02,8.7300507476e-03,2.1334716878e-01,1.1322222995e-01,2.3669926113e-01,2.3080655812e-01,1.8599895678e-01,3.8410223883e+00
3.6550000000e+02,1.1279692176e-02,8.8217456845e-03,2.1557396808e-01,1.1303260627e-01,2.3290994567e-01,2.3565826100e-01,1.8272378111e-01,3.8446802220e+00
3.6600000000e+02,1.1360694116e-02,8.8476009044e-03,2.1811020582e-01,1.1407905715e-01,2.2855215788e-01,2.3793400725e-01,1.8111627687e-01,3.8456142205e+00
3.6650000000e+02,1.1450426357e-02,8.8023456138e-03,2.2173234027e-01,1.1425932752e-01,2.2524819940e-01,2.4107820940e-01,1.7742915144e-01,3.8403023822e+00
3.6700000000e+02,1.1458933181e-02,8.7979891851e-03,2.2407645885e-01,1.1541897684e-01,2.1972666180e-01,2.4377504397e-01,1.7674593617e-01,3.8399836768e+00
3.6750000000e+02,1.1477317625e-02,8.8978678816e-03,2.2737338082e-01,1.1531146793e-01,2.1467621328e-01,2.4751187640e-01,1.7475187607e-01,3.8330835883e+00
3.6800000000e+02,1.1475566303e-02,9.0324128388e-03,2.2793312473e-01,1.1487240229e-01,2.1243461699e-01,2.5065802125e-01,1.7359385560e-01,3.8334627555e+00
3.6850000000e+02,1.1505850525e-02,9.1278324514e-03,2.2863663796e-01,1.1567420283e-01,2.1055841034e-01,2.5466193544e-01,1.6983513046e-01,3.8310753247e+00
3.6900000000e+02,1.1518364577e-02,9.2134525004e-03,2.3058953945e-01,1.1608005950e-01,2.0684679649e-01,2.5763278882e-01,1.6811899867e-01,3.8251034032e+00
3.6950000000e+02,1.1586866537e-02,9.2206102590e-03,2.3119121689e-01,1.1750334528e-01,2.0335917552e-01,2.6178230477e-01,1.6535648075e-01,3.8256058420e+00
3.7000000000e+02,1.1650716678e-02,9.2177140763e-03,2.3101525783e-01,1.1818168412e-01,2.0065591440e-01,2.6565404866e-01,1.6362466424e-01,3.8231483238e+00
3.7050000000e+02,1.1771931245e-02,9.3471431722e-03,2.3190032788e-01,1.1995408597e-01,1.9782550556e-01,2.6769058797e-01,1.6151041821e-01,3.8287088868e+00
3.7100000000e+02,1.1836546892e-02,9.3406292607e-03,2.3287174551e-01,1.2118050823e-01,1.9531521578e-01,2.6976487829e-01,1.5969047604e-01,3.8267915688e+00
3.7150000000e+02,1.1772077284e-02,9.3589461427e-03,2.3451603543e-01,1.2144660751e-01,1.9142948727e-01,2.7289982954e-01,1.5857701681e-01,3.8188224638e+00
3.7200000000e+02,1.1724058567e-02,9.3727440614e-03,2.3550504396e-01,1.2170903726e-01,1.8917727076e-01,2.7550863655e-01,1.5700320884e-01,3.8148412652e+00
3.7250000000e+02,1.1677834508e-02,9.4059034230e-03,2.3815145585e-01,1.2109855761e-01,1.8613353104e-01,2.7673052423e-01,1.5680219335e-01,3.8090062655e+00
3.7300000000e+02,1.1719696352e-02,9.5236204777e-03,2.4125893964e-01,1.2088552502e-01,1.8315231537e-01,2.7870148308e-01,1.5475842007e-01,3.8009675596e+00
3.7350000000e+02,1.1852473537e-02,9.7624173709e-03,2.4327084793e-01,1.2222007340e-01,1.8274242645e-01,2.7999042167e-01,1.5016133964e-01,3.8048060328e+00
3.7400000000e+02,1.1853397971e-02,9.8350227601e-03,2.4405489583e-01,1.2339100555e-01,1.7995993912e-01,2.8301963109e-01,1.4788610768e-01,3.7940280578e+00
3.7450000000e+02,1.1905852976e-02,9.9425358710e-03,2.4575446961e-01,1.2353568776e-01,1.7776029149e-01,2.8409118035e-01,1.4700998194e-01,3.7891346043e+00
3.7500000000e+02,1.1800567781e-02,1.0036063342e-02,2.4693068113e-01,1.2319484838e-01,1.7527063899e-01,2.8713198008e-01,1.4563522030e-01,3.7822961330e+00
3.7550000000e+02,1.1816253030e-02,1.0161894995e-02,2.4990993398e-01,1.2267098638e-01,1.7335090892e-01,2.8923638847e-01,1.4285363422e-01,3.7714332541e+00
3.7600000000e+02,1.1635130934e-02,1.0217717162e-02,2.5271340390e-01,1.2367353577e-01,1.7173965285e-01,2.9028374380e-01,1.3973681559e-01,3.7583835762e+00
3.7650000000e+02,1.1635652308e-02,1.0283067686e-02,2.5497180967e-01,1.2395913315e-01,1.6958005664e-01,2.9183912247e-01,1.3773115807e-01,3.7492929291e+00
3.7700000000e+02,1.1508433889e-02,1.0378210055e-02,2.5770969558e-01,1.2375110707e-01,1.6704857644e-01,2.9339071107e-01,1.3621326590e-01,3.7423249307e+00
3.7750000000e+02,1.1431837266e-02,1.0614526619e-02,2.5792249904e-01,1.2461184525e-01,1.6471616046e-01,2.9536310097e-01,1.3534003039e-01,3.7413196209e+00
3.7800000000e+02,1.1353882865e-02,1.0805062971e-02,2.5760766160e-01,1.2489783092e-01,1.6325656064e-01,2.9927433825e-01,1.3280466276e-01,3.7293093933e+00
3.7850000000e+02,1.1369554197e-02,1.0946125441e-02,2.6045718103e-01,1.2522778024e-01,1.5928918684e-01,3.0213214903e-01,1.3057802322e-01,3.7145208055e+00
3.7900000000e+02,1.1269646241e-02,1.1194512451e-02,2.6282030878e-01,1.2592897158e-01,1.5724092445e-01,3.0190261089e-01,1.2964302560e-01,3.7119667930e+00
3.7950000000e+02,1.1203550065e-02,1.1435723686e-02,2.6525211119e-01,1.2758613393e-01,1.5461796361e-01,3.0217525895e-01,1.2772925857e-01,3.7037861364e+00
3.8000000000e+02,1.1132857162e-02,1.1515466919e-02,2.6759409948e-01,1.2840159395e-01,1.5397249693e-01,3.0279465765e-01,1.2458882790e-01,3.6904847660e+00
3.8050000000e+02,1.1048394027e-02,1.1784845318e-02,2.6757408170e-01,1.2931435193e-01,1.5357703642e-01,3.0319007912e-01,1.2351121149e-01,3.6883131395e+00
3.8100000000e+02,1.1016208263e-02,1.1993536508e-02,2.6838640512e-01,1.3100842762e-01,1.5170943352e-01,3.0470981273e-01,1.2117617625e-01,3.6810017729e+00
3.8150000000e+02,1.0980182404e-02,1.2082087730e-02,2.7142453266e-01,1.3053612244e-01,1.4909330901e-01,3.0602637642e-01,1.1985738933e-01,3.6681908937e+00
3.8200000000e+02,1.0975311853e-02,1.2235159819e-02,2.7350676389e-01,1.3107735408e-01,1.4684489097e-01,3.0653806140e-01,1.1882245797e-01,3.6621651891e+00
3.8250000000e+02,1.0905644773e-02,1.2339911366e-02,2.7699568430e-01,1.3108667898e-01,1.4430182016e-01,3.0825354130e-01,1.1611671912e-01,3.6482547842e+00
3.8300000000e+02,1.0818747443e-02,1.2548726436e-02,2.8141375914e-01,1.3143508153e-01,1.4169841155e-01,3.0901092026e-01,1.1307435365e-01,3.6345899552e+00
3.8350000000e+02,1.0832671950e-02,1.2944679655e-02,2.8284083769e-01,1.3139183291e-01,1.4169580503e-01,3.0882495851e-01,1.1146921425e-01,3.6351484649e+00
3.8400000000e+02,1.0884017652e-02,1.3127993659e-02,2.8471411734e-01,1.3371699565e-01,1.3960293883e-01,3.0799133738e-01,1.0996259949e-01,3.6295893802e+00
3.8450000000e+02,1.0611854350e-02,1.3477618338e-02,2.8685740199e-01,1.3299266238e-01,1.3840490093e-01,3.0849897442e-01,1.0915658758e-01,3.6182933517e+00
3.8500000000e+02,1.0497662989e-02,1.3705665409e-02,2.8842845909e-01,1.3312404110e-01,1.3662603368e-01,3.1038682428e-01,1.0723131346e-01,3.6120385860e+00
3.8550000000e+02,1.0428118610e-02,1.3901597319e-02,2.9011640052e-01,1.3304432010e-01,1.3609597507e-01,3.1062832768e-01,1.0578526070e-01,3.6044293240e+00
3.8600000000e+02,1.0366439748e-02,1.4160419366e-02,2.9304158330e-01,1.3241563597e-01,1.3480594271e-01,3.1127995030e-01,1.0393002861e-01,3.5922013622e+00
3.8650000000e+02,1.0327923604e-02,1.4466483704e-02,2.9635052137e-01,1.3107718133e-01,1.3409108961e-01,3.1107082248e-01,1.0261597789e-01,3.5833456949e+00
3.8700000000e+02,1.0196299625e-02,1.4726414018e-02,3.0044799372e-01,1.3043105999e-01,1.3238604801e-01,3.1144292196e-01,1.0036926268e-01,3.5646084703e+00
3.8750000000e+02,1.0096936288e-02,1.4992112038e-02,3.0310426178e-01,1.3149398530e-01,1.3148071137e-01,3.0948620957e-01,9.9345783656e-02,3.5564858837e+00
3.8800000000e+02,1.0049094067e-02,1.5051453489e-02,3.0527920520e-01,1.3079058368e-01,1.3011564666e-01,3.1078096320e-01,9.7933053713e-02,3.5463732306e+00
3.8850000000e+02,9.9478041694e-03,1.5226119101e-02,3.0753404061e-01,1.3218460729e-01,1.2902101406e-01,3.1058481014e-01,9.5501604617e-02,3.5304371463e+00
3.8900000000e+02,9.8090135349e-03,1.5440729436e-02,3.1132468414e-01,1.3102942130e-01,1.2878466945e-01,3.0969302258e-01,9.3918459567e-02,3.5224444020e+00
3.8950000000e+02,9.6778560474e-03,1.5519287827e-02,3.1487573677e-01,1.3131425420e-01,1.2720335689e-01,3.0965081214e-01,9.1758696114e-02,3.4975469949e+00
3.9000000000e+02,9.6674499320e-03,1.5865309087e-02,3.1924476182e-01,1.3069587767e-01,1.2700822623e-01,3.0813297374e-01,8.9385401518e-02,3.4886704997e+00
3.9050000000e+02,9.5459263081e-03,1.6074873352e-02,3.2104039127e-01,1.3090153387e-01,1.2706469381e-01,3.0779322063e-01,8.7579360762e-02,3.4754005223e+00
3.9100000000e+02,9.4526183060e-03,1.6221821174e-02,3.2430841446e-01,1.3082927251e-01,1.2743634340e-01,3.0607212601e-01,8.5679404140e-02,3.4600930847e+00
3.9150000000e+02,9.3967227980e-03,1.6638626371e-02,3.2624483240e-01,1.3194563402e-01,1.2809993656e-01,3.0391775053e-01,8.3756497325e-02,3.4553273185e+00
3.9200000000e+02,9.3463051240e-03,1.6675228353e-02,3.2881202838e-01,1.3294497089e-01,1.2805958414e-01,3.0209011886e-01,8.2071764250e-02,3.4423669383e+00
3.9250000000e+02,9.2740709546e-03,1.6881393310e-02,3.3138192007e-01,1.3337393985e-01,1.2705568999e-01,3.0137431029e-01,8.0658675534e-02,3.4313623432e+00
3.9300000000e+02,9.2027781020e-03,1.6930353539e-02,3.3426207770e-01,1.3368777401e-01,1.2620860535e-01,3.0072079134e-01,7.8987619950e-02,3.4151074096e+00
3.9350000000e+02,9.0720662984e-03,1.7221027925e-02,3.3635536940e-01,1.3238227370e-01,1.2720138294e-01,3.0012454090e-01,7.7643338826e-02,3.4083968635e+00
3.9400000000e+02,9.0623729299e-03,1.7412919492e-02,3.3848861924e-01,1.3289664649e-01,1.2695926074e-01,2.9839768402e-01,7.6782497075e-02,3.4030626598e+00
3.9450000000e+02,8.8373173510e-03,1.7719793094e-02,3.4107697934e-01,1.3345184208e-01,1.2661807595e-01,2.9703966265e-01,7.5256329537e-02,3.3887422691e+00
3.9500000000e+02,8.7080620595e-03,1.7949251377e-02,3.4508878020e-01,1.3253447931e-01,1.2636779811e-01,2.9541377285e-01,7.3937856104e-02,3.3749125569e+00
3.9550000000e+02,8.6023197577e-03,1.8220076977e-02,3.4735254805e-01,1.3045633009e-01,1.2708504584e-01,2.9504947523e-01,7.3234204072e-02,3.3678913656e+00
3.9600000000e+02,8.5844968141e-03,1.8465422130e-02,3.5147041833e-01,1.2966029227e-01,1.2619922377e-01,2.9395817919e-01,7.1661967503e-02,3.3490329758e+00
3.9650000000e+02,8.4634464709e-03,1.8666734747e-02,3.5610505985e-01,1.2926489044e-01,1.2527147528e-01,2.9139566338e-01,7.0832729832e-02,3.3290725677e+00
3.9700000000e+02,8.3767756468e-03,1.9059255854e-02,3.6019100742e-01,1.2937759620e-01,1.2452818758e-01,2.8907948133e-01,6.9387695971e-02,3.3133032944e+00
3.9750000000e+02,8.4089678974e-03,1.9330773926e-02,3.6430148077e-01,1.2862361097e-01,1.2434886656e-01,2.8608480979e-01,6.8901490093e-02,3.2992744951e+00
3.9800000000e+02,8.3256884594e-03,1.9376334136e-02,3.6748579299e-01,1.2885784285e-01,1.2482848624e-01,2.8311968716e-01,6.8006168167e-02,3.2839376783e+00
3.9850000000e+02,8.2961193207e-03,1.9443538119e-02,3.7095362094e-01,1.2879999045e-01,1.2517364208e-01,2.8050933984e-01,6.6823749250e-02,3.2691052515e+00
3.9900000000e+02,8.2906554570e-03,1.9709448497e-02,3.7504916962e-01,1.2890992045e-01,1.2626978733e-01,2.7604652978e-01,6.5724488865e-02,3.2571947298e+00
3.9950000000e+02,8.2974871153e-03,1.9880282716e-02,3.7790771797e-01,1.2809872944e-01,1.2629529024e-01,2.7384571481e-01,6.5674777718e-02,3.2435355901e+00
4.0000000000e+02,8.2688701272e-03,1.9889373532e-02,3.8249167821e-01,1.2705059083e-01,1.2749241619e-01,2.6990997084e-01,6.4897100273e-02,3.2331375875e+00
4.0050000000e+02,8.2229248787e-03,2.0027669515e-02,3.8548939495e-01,1.2568402397e-01,1.2837009669e-01,2.6778337707e-01,6.4422512937e-02,3.2291171067e+00
4.0100000000e+02,8.2851580567e-03,2.0147110188e-02,3.8749401954e-01,1.2549276563e-01,1.2861619514e-01,2.6655040104e-01,6.3414350400e-02,3.2154153973e+00
4.0150000000e+02,8.2996931316e-03,2.0167395360e-02,3.8981888637e-01,1.2450866252e-01,1.2870460309e-01,2.6492820187e-01,6.3572557664e-02,3.2068446198e+00
4.0200000000e+02,8.2619623210e-03,2.0281575990e-02,3.9203627165e-01,1.2434815566e-01,1.2906404024e-01,2.6289342831e-01,6.3114565828e-02,3.1945686663e+00
4.0250000000e+02,8.2084597355e-03,2.0329567253e-02,3.9464603534e-01,1.2484486590e-01,1.2881940270e-01,2.6019764415e-01,6.2954024925e-02,3.1816900693e+00
4.0300000000e+02,8.1403914323e-03,2.0573703352e-02,3.9646512308e-01,1.2587890877e-01,1.2950576255e-01,2.5710484660e-01,6.2331264209e-02,3.1689057624e+00
4.0350000000e+02,8.1696175124e-03,2.0789491720e-02,4.0030507388e-01,1.2554503412e-01,1.2997298323e-01,2.5404980995e-01,6.1167989587e-02,3.1548811950e+00
4.0400000000e+02,8.1174834620e-03,2.0968894510e-02,4.0255031703e-01,1.2657715505e-01,1.2940619667e-01,2.5221169770e-01,6.0168255572e-02,3.1390495173e+00
4.0450000000e+02,8.0066816097e-03,2.1186712206e-02,4.0497878403e-01,1.2788044461e-01,1.2998687947e-01,2.4870028320e-01,5.9260214880e-02,3.1249655299e+00
4.0500000000e+02,8.0429376957e-03,2.1246270339e-02,4.0844558363e-01,1.2869526474e-01,1.3132642041e-01,2.4394848042e-01,5.8295042759e-02,3.1133502180e+00
4.0550000000e+02,8.0203355939e-03,2.1299331716e-02,4.1247363793e-01,1.2744465503e-01,1.3163279370e-01,2.4129715552e-01,5.7832090507e-02,3.0973617419e+00
4.0600000000e+02,7.9325467144e-03,2.1423548267e-02,4.1476966494e-01,1.2840702941e-01,1.3220592989e-01,2.3831911377e-01,5.6942167016e-02,3.0827027883e+00
4.0650000000e+02,7.8779755193e-03,2.1367428216e-02,4.1719213992e-01,1.3024046000e-01,1.3168259612e-01,2.3552309916e-01,5.6116301066e-02,3.0600272406e+00
4.0700000000e+02,7.7933649758e-03,2.1307061197e-02,4.1985908236e-01,1.3082683174e-01,1.3242378811e-01,2.3230340843e-01,5.5486463193e-02,3.0437964482e+00
4.0750000000e+02,7.8017838837e-03,2.1301327283e-02,4.2281425409e-01,1.3216919796e-01,1.3137133086e-01,2.2985819140e-01,5.4683914522e-02,3.0272083462e+00
4.0800000000e+02,7.8245051829e-03,2.1364125816e-02,4.2678533297e-01,1.3048351559e-01,1.3116114525e-01,2.2844521673e-01,5.3936158457e-02,3.0101452430e+00
4.0850000000e+02,7.8554907000e-03,2.1435636593e-02,4.3048554615e-01,1.2956496776e-01,1.3166089471e-01,2.2598073022e-01,5.3016733860e-02,2.9939435570e+00
4.0900000000e+02,7.9946323977e-03,2.1490931574e-02,4.3079120290e-01,1.2970369997e-01,1.3334715567e-01,2.2342081872e-01,5.3251558769e-02,2.9884152563e+00
4.0950000000e+02,8.1049115574e-03,2.1357875905e-02,4.3391114028e-01,1.2888394798e-01,1.3343612084e-01,2.2155973110e-01,5.2746272330e-02,2.9751967854e+00
4.1000000000e+02,8.1535385931e-03,2.1542334177e-02,4.3569167017e-01,1.2996961519e-01,1.3418007851e-01,2.1772064459e-01,5.2742118780e-02,2.9706291159e+00
4.1050000000e+02,8.2128748331e-03,2.1548272384e-02,4.3838713343e-01,1.3180312400e-01,1.3407384047e-01,2.1391068673e-01,5.2064068148e-02,2.9591268754e+00
4.1100000000e+02,8.2165273534e-03,2.1659717740e-02,4.3988764607e-01,1.3257268942e-01,1.3518493755e-01,2.1113691535e-01,5.1341566518e-02,2.9476204084e+00
4.1150000000e+02,8.2904063982e-03,2.1641770151e-02,4.4252188901e-01,1.3271962800e-01,1.3375231822e-01,2.1017443081e-01,5.0899557411e-02,2.9262872990e+00
4.1200000000e+02,8.3368887893e-03,2.1564074571e-02,4.4593281036e-01,1.3344994651e-01,1.3470839536e-01,2.0585716687e-01,5.0150717546e-02,2.9106488436e+00
4.1250000000e+02,8.4339953216e-03,2.1437441018e-02,4.4911400770e-01,1.3480279785e-01,1.3507377830e-01,2.0204221848e-01,4.9095761324e-02,2.8944131594e+00
4.1300000000e+02,8.5539279393e-03,2.1498532482e-02,4.5043249860e-01,1.3603366681e-01,1.3584913221e-01,1.9904407011e-01,4.8588171845e-02,2.8854799650e+00
4.1350000000e+02,8.7251655437e-03,2.1405200665e-02,4.5294252473e-01,1.3680554852e-01,1.3485038750e-01,1.9717201733e-01,4.8099155704e-02,2.8736898801e+00
4.1400000000e+02,8.8462155652e-03,2.1303141049e-02,4.5625694539e-01,1.3731517816e-01,1.3579097986e-01,1.9321202745e-01,4.7275512532e-02,2.8580219202e+00
4.1450000000e+02,8.8677973909e-03,2.0893391343e-02,4.5807180947e-01,1.3974456552e-01,1.3570349985e-01,1.8985339778e-01,4.6865538656e-02,2.8395314845e+00
4.1500000000e+02,8.9584648874e-03,2.0925794192e-02,4.5900531386e-01,1.4113873313e-01,1.3514547905e-01,1.8786768770e-01,4.6958527188e-02,2.8339337323e+00
4.1550000000e+02,9.0219044923e-03,2.0928222209e-02,4.5912237425e-01,1.4131710191e-01,1.3716635962e-01,1.8512510843e-01,4.7318929093e-02,2.8286901120e+00
4.1600000000e+02,9.2466503251e-03,2.1062740304e-02,4.6233382205e-01,1.4175743769e-01,1.3763979821e-01,1.8112604052e-01,4.6833510896e-02,2.8172600324e+00
4.1650000000e+02,9.3338760466e-03,2.1054077074e-02,4.6430187062e-01,1.4145154211e-01,1.3874805691e-01,1.7813063504e-01,4.6979942189e-02,2.8027536768e+00
4.1700000000e+02,9.3765105356e-03,2.0971593549e-02,4.6708109770e-01,1.4022754614e-01,1.4085316999e-01,1.7466755097e-01,4.6822531118e-02,2.7965366042e+00
4.1750000000e+02,9.4764763770e-03,2.0657001520e-02,4.7068899513e-01,1.4030237749e-01,1.4106207315e-01,1.7171720744e-01,4.6095868898e-02,2.7847280713e+00
4.1800000000e+02,9.5248130618e-03,2.0326519144e-02,4.7405186853e-01,1.4117189781e-01,1.4211592336e-01,1.6756576120e-01,4.5243216900e-02,2.7718240540e+00
4.1850000000e+02,9.5583371740e-03,2.0177586727e-02,4.7740656975e-01,1.4109389443e-01,1.4326616309e-01,1.6398938139e-01,4.4508067438e-02,2.7597613011e+00
4.1900000000e+02,9.6198490046e-03,1.9964846488e-02,4.8151921982e-01,1.4191834688e-01,1.4245127924e-01,1.6081550086e-01,4.3710957703e-02,2.7389793729e+00
4.1950000000e+02,9.7736154749e-03,1.9706024415e-02,4.8457841791e-01,1.4200352156e-01,1.4221030924e-01,1.5830432491e-01,4.3423786492e-02,2.7237380417e+00
4.2000000000e+02,9.9173983124e-03,1.9615629605e-02,4.8783467945e-01,1.4260812386e-01,1.4173956624e-01,1.5545643765e-01,4.2828164884e-02,2.7047670914e+00
4.2050000000e+02,1.0119416447e-02,1.9554031905e-02,4.8859247162e-01,1.4465184114e-01,1.4244416283e-01,1.5227387528e-01,4.2364200785e-02,2.6978787891e+00
4.2100000000e+02,1.0134975268e-02,1.9212282740e-02,4.9268207395e-01,1.4343495530e-01,1.4303335931e-01,1.4974330155e-01,4.1759051892e-02,2.6752115636e+00
4.2150000000e+02,1.0262354479e-02,1.8937885115e-02,4.9619439799e-01,1.4369452693e-01,1.4351455220e-01,1.4636710674e-01,4.1029176555e-02,2.6565878686e+00
4.2200000000e+02,1.0414043532e-02,1.8570825839e-02,4.9931967292e-01,1.4427398275e-01,1.4203097174e-01,1.4453069722e-01,4.0859806003e-02,2.6382120052e+00
4.2250000000e+02,1.0683153928e-02,1.8582966319e-02,5.0096177818e-01,1.4559516613e-01,1.4244591477e-01,1.4099289519e-01,4.0738125482e-02,2.6309125171e+00
4.2300000000e+02,1.0840496485e-02,1.8421547304e-02,5.0199209235e-01,1.4587449953e-01,1.4373110429e-01,1.3900553344e-01,4.0134726606e-02,2.6181986675e+00
4.2350000000e+02,1.0973073015e-02,1.8178940870e-02,5.0524745924e-01,1.4515458832e-01,1.4269505479e-01,1.3789548691e-01,3.9855396864e-02,2.6057127634e+00
4.2400000000e+02,1.1043391659e-02,1.8046691692e-02,5.0926834704e-01,1.4459214596e-01,1.4240392979e-01,1.3542244133e-01,3.9223052534e-02,2.5915660292e+00
4.2450000000e+02,1.1172467592e-02,1.7774715549e-02,5.1104614249e-01,1.4695562053e-01,1.4200607228e-01,1.3213246045e-01,3.8912521109e-02,2.5687393788e+00
4.2500000000e+02,1.1452707020e-02,1.7544592503e-02,5.1131175724e-01,1.4839948556e-01,1.4311515704e-01,1.2945462391e-01,3.8721676730e-02,2.5617474679e+00
4.2550000000e+02,1.1608589794e-02,1.7477425521e-02,5.1282056935e-01,1.4946308628e-01,1.4204639250e-01,1.2788091882e-01,3.8703017735e-02,2.5532918748e+00
4.2600000000e+02,1.1872215785e-02,1.7525059540e-02,5.1374468686e-01,1.5097310100e-01,1.4262199730e-01,1.2467603407e-01,3.8586905445e-02,2.5428249176e+00
4.2650000000e+02,1.1891961362e-02,1.7425111174e-02,5.1718271454e-01,1.5121304002e-01,1.4218268537e-01,1.2235495956e-01,3.7749527975e-02,2.5235785070e+00
4.2700000000e+02,1.2076063460e-02,1.7257845451e-02,5.2043936244e-01,1.5111720712e-01,1.4230854943e-01,1.1954867676e-01,3.7252295341e-02,2.5017215452e+00
4.2750000000e+02,1.2268000220e-02,1.6816909472e-02,5.2246311601e-01,1.5268311468e-01,1.4215455138e-01,1.1666980245e-01,3.6944505795e-02,2.4838122988e+00
4.2800000000e+02,1.2476800548e-02,1.6517167813e-02,5.2407281360e-01,1.5457364332e-01,1.4278180174e-01,1.1334134723e-01,3.6236425761e-02,2.4631665724e+00
4.2850000000e+02,1.2508377406e-02,1.6322027555e-02,5.2613820984e-01,1.5507973242e-01,1.4438155515e-01,1.1031235631e-01,3.5257741322e-02,2.4485306928e+00
4.2900000000e+02,1.2677954560e-02,1.6104339095e-02,5.2819553925e-01,1.5564951532e-01,1.4444671348e-01,1.0826641650e-01,3.4659521787e-02,2.4297437861e+00
4.2950000000e+02,1.2819104385e-02,1.5933407356e-02,5.2951736818e-01,1.5595404946e-01,1.4543867783e-01,1.0598534491e-01,3.4352047886e-02,2.4165993672e+00
4.3000000000e+02,1.2872408645e-02,1.5700378078e-02,5.3037447470e-01,1.5790347386e-01,1.4561646382e-01,1.0347945249e-01,3.4053348424e-02,2.4011854012e+00
4.3050000000e+02,1.3140924408e-02,1.5357815886e-02,5.3229749540e-01,1.5771114626e-01,1.4589753440e-01,1.0169412261e-01,3.3900961031e-02,2.3888871991e+00
4.3100000000e+02,1.3301154685e-02,1.5270327188e-02,5.3420731639e-01,1.5832885581e-01,1.4635900986e-01,9.9128448461e-02,3.3404887608e-02,2.3733444088e+00
4.3150000000e+02,1.3306886608e-02,1.5071055899e-02,5.3729484055e-01,1.5821585789e-01,1.4816915462e-01,9.5200375543e-02,3.2741828881e-02,2.3522491046e+00
4.3200000000e+02,1.3448319234e-02,1.4920583837e-02,5.3834936488e-01,1.5984273945e-01,1.4896652409e-01,9.2039290242e-02,3.2433178266e-02,2.3358099100e+00
4.3250000000e+02,1.3599494644e-02,1.4794878354e-02,5.3804695466e-01,1.6172303183e-01,1.4965201015e-01,8.9884190490e-02,3.2299439878e-02,2.3299838992e+00
4.3300000000e+02,1.3581508641e-02,1.4523753545e-02,5.3891027526e-01,1.6361566525e-01,1.5128362496e-01,8.6094454444e-02,3.1990717899e-02,2.3086355602e+00
4.3350000000e+02,1.3572384107e-02,1.4252780879e-02,5.4038168754e-01,1.6599405274e-01,1.5109313436e-01,8.3283016370e-02,3.1422944008e-02,2.2852930171e+00
4.3400000000e+02,1.3569271805e-02,1.4022212217e-02,5.4327114741e-01,1.6596487111e-01,1.5022255375e-01,8.1732555149e-02,3.1217388560e-02,2.2697121358e+00
4.3450000000e+02,1.3626514175e-02,1.3819829347e-02,5.4652860297e-01,1.6602142922e-01,1.5043826644e-01,7.8503641298e-02,3.1061716558e-02,2.2531460028e+00
4.3500000000e+02,1.3753041312e-02,1.3635007578e-02,5.4707381719e-01,1.6836986200e-01,1.5096436192e-01,7.5779331046e-02,3.0424578955e-02,2.2361239491e+00
4.3550000000e+02,1.3810963518e-02,1.3511938469e-02,5.4866111600e-01,1.6868489957e-01,1.5162956748e-01,7.3238479269e-02,3.0463035696e-02,2.2251366200e+00
4.3600000000e+02,1.3888244396e-02,1.3370704480e-02,5.5098650299e-01,1.6870114710e-01,1.5244164556e-01,7.0265487861e-02,3.0346267607e-02,2.2064669787e+00
4.3650000000e+02,1.4146187130e-02,1.3405609831e-02,5.5240270846e-01,1.6865139897e-01,1.5411144085e-01,6.6890349997e-02,3.0392304759e-02,2.2005985720e+00
4.3700000000e+02,1.4322421668e-02,1.3307858629e-02,5.5175094781e-01,1.7093634931e-01,1.5520292303e-01,6.4427003435e-02,3.0052496111e-02,2.1892015812e+00
4.3750000000e+02,1.4392552537e-02,1.3344521780e-02,5.5170967997e-01,1.7203438829e-01,1.5547034334e-01,6.2852860683e-02,3.0195653394e-02,2.1800986752e+00
4.3800000000e+02,1.4518524120e-02,1.3111951112e-02,5.5222434924e-01,1.7333298538e-01,1.5613004405e-01,6.0542381822e-02,3.0139764274e-02,2.1684190984e+00
4.3850000000e+02,1.4477150409e-02,1.2832259129e-02,5.5168318947e-01,1.7549111308e-01,1.5755266070e-01,5.7925433607e-02,3.0038193603e-02,2.1530955959e+00
4.3900000000e+02,1.4325065383e-02,1.2594680891e-02,5.5390364026e-01,1.7529121675e-01,1.5895523468e-01,5.5351421136e-02,2.9578740896e-02,2.1296277337e+00
4.3950000000e+02,1.4429998470e-02,1.2500509207e-02,5.5412209907e-01,1.7633625028e-01,1.5966442247e-01,5.3179850376e-02,2.9766870135e-02,2.1213513049e+00
4.4000000000e+02,1.4368547894e-02,1.2422198251e-02,5.5604153579e-01,1.7738900257e-01,1.5938596699e-01,5.0679888393e-02,2.9712860107e-02,2.1053286553e+00
4.4050000000e+02,1.4260846344e-02,1.2285007907e-02,5.5743494343e-01,1.7805755029e-01,1.6038423848e-01,4.8155373962e-02,2.9422039589e-02,2.0849471576e+00
4.4100000000e+02,1.4374866636e-02,1.2242190331e-02,5.5870808156e-01,1.7758430733e-01,1.6131398793e-01,4.6197557240e-02,2.9579008965e-02,2.0724141036e+00
4.4150000000e+02,1.4599227878e-02,1.2082001125e-02,5.5702463101e-01,1.7932451422e-01,1.6279492651e-01,4.4820215506e-02,2.9354483758e-02,2.0617497037e+00
4.4200000000e+02,1.4611251978e-02,1.1942511952e-02,5.5627919718e-01,1.8144144746e-01,1.6353052767e-01,4.3143817514e-02,2.9051246239e-02,2.0477345915e+00
4.4250000000e+02,1.4522483649e-02,1.1792612099e-02,5.5703206584e-01,1.8273970662e-01,1.6382746675e-01,4.1251112916e-02,2.8834552123e-02,2.0319191995e+00
4.4300000000e+02,1.4401013521e-02,1.1769625119e-02,5.5681165907e-01,1.8519347572e-01,1.6266491830e-01,3.9914845314e-02,2.9244462953e-02,2.0244034724e+00
4.4350000000e+02,1.4313402785e-02,1.1770630354e-02,5.5731784382e-01,1.8676461272e-01,1.6235680856e-01,3.8335793410e-02,2.9140908346e-02,2.0088267994e+00
4.4400000000e+02,1.4395858745e-02,1.1731095619e-02,5.5505576864e-01,1.8925004575e-01,1.6339783633e-01,3.6554188653e-02,2.9615206259e-02,2.0042020429e+00
4.4450000000e+02,1.4200190679e-02,1.1557579211e-02,5.5551794292e-01,1.9029820033e-01,1.6481980531e-01,3.4401928892e-02,2.9204352662e-02,1.9872037087e+00
4.4500000000e+02,1.3980224601e-02,1.1507470872e-02,5.5695077599e-01,1.9074945435e-01,1.6502871958e-01,3.2852855810e-02,2.8930498803e-02,1.9715660862e+00
4.4550000000e+02,1.4041542675e-02,1.1615128793e-02,5.5686056177e-01,1.9243910220e-01,1.6485678152e-01,3.1204405874e-02,2.8982477167e-02,1.9618290581e+00
4.4600000000e+02,1.3946312271e-02,1.1687486455e-02,5.5604423315e-01,1.9379735425e-01,1.6542356495e-01,3.0152273852e-02,2.8948775079e-02,1.9570653923e+00
4.4650000000e+02,1.3872990934e-02,1.1722027133e-02,5.5664645651e-01,1.9524195673e-01,1.6504953285e-01,2.8972684034e-02,2.8494351805e-02,1.9494636987e+00
4.4700000000e+02,1.3856598198e-02,1.1899781984e-02,5.5534857223e-01,1.9695688585e-01,1.6579770579e-01,2.7405695833e-02,2.8734760113e-02,1.9431013525e+00
4.4750000000e+02,1.3898004815e-02,1.1965497401e-02,5.5421684130e-01,1.9904676049e-01,1.6615201007e-01,2.6144690775e-02,2.8576195152e-02,1.9369633854e+00
4.4800000000e+02,1.3970024636e-02,1.1986148250e-02,5.5376542943e-01,1.9986971757e-01,1.6674292556e-01,2.4778269234e-02,2.8887485316e-02,1.9293850993e+00
4.4850000000e+02,1.3946221629e-02,1.1986584519e-02,5.5102604668e-01,2.0410472808e-01,1.6685022300e-01,2.3382486773e-02,2.8703709321e-02,1.9212713619e+00
4.4900000000e+02,1.3952910024e-02,1.2031605115e-02,5.4896693914e-01,2.0750400754e-01,1.6678752026e-01,2.2087586458e-02,2.8669431466e-02,1.9136288253e+00
4.4950000000e+02,1.3723683758e-02,1.1955768352e-02,5.4902728412e-01,2.0901244375e-01,1.6662445461e-01,2.1015852822e-02,2.8640512585e-02,1.9032381530e+00
4.5000000000e+02,1.3554443624e-02,1.1888294193e-02,5.4765118547e-01,2.1103350804e-01,1.6750354812e-01,1.9823888194e-02,2.8545132362e-02,1.8978643030e+00
4.5050000000e+02,1.3685292912e-02,1.1778750267e-02,5.4503275384e-01,2.1347889976e-01,1.6863942326e-01,1.8920081414e-02,2.8464798542e-02,1.8931205890e+00
4.5100000000e+02,1.3661744663e-02,1.1797183114e-02,5.4616918825e-01,2.1280897840e-01,1.6925560167e-01,1.8081020853e-02,2.8226283051e-02,1.8848337293e+00
4.5150000000e+02,1.3669700797e-02,1.1861381308e-02,5.4571817602e-01,2.1312999795e-01,1.6990203425e-01,1.7313514691e-02,2.8405194975e-02,1.8817645194e+00
4.5200000000e+02,1.3646394139e-02,1.2023046690e-02,5.4437463589e-01,2.1562346682e-01,1.6932742339e-01,1.6552579398e-02,2.8452453670e-02,1.8777375686e+00
4.5250000000e+02,1.3628951102e-02,1.1983023447e-02,5.4281470879e-01,2.1742706292e-01,1.7017673544e-01,1.5624480011e-02,2.8345038299e-02,1.8754183784e+00
4.5300000000e+02,1.3544224765e-02,1.1954877532e-02,5.4037484127e-01,2.2075332286e-01,1.7024893598e-01,1.4963749348e-02,2.8160048244e-02,1.8726543436e+00
4.5350000000e+02,1.3574828681e-02,1.2229773406e-02,5.3838267220e-01,2.2375011383e-01,1.6937939254e-01,1.4528913691e-02,2.8154305652e-02,1.8745670515e+00
4.5400000000e+02,1.3575529655e-02,1.2409474745e-02,5.3905123870e-01,2.2415578472e-01,1.6859861380e-01,1.4009628412e-02,2.8199729976e-02,1.8689782701e+00
4.5450000000e+02,1.3471272265e-02,1.2446657520e-02,5.3627558742e-01,2.2786172847e-01,1.6805996114e-01,1.3536473683e-02,2.8348319496e-02,1.8675832205e+00
4.5500000000e+02,1.3552495166e-02,1.2580275092e-02,5.3627788588e-01,2.2834050198e-01,1.6725724777e-01,1.3031768066e-02,2.8959826047e-02,1.8702929769e+00
4.5550000000e+02,1.3571071565e-02,1.2509187525e-02,5.3475646873e-01,2.3004437347e-01,1.6759084123e-01,1.2490489059e-02,2.9037568423e-02,1.8711874019e+00
4.5600000000e+02,1.3427949024e-02,1.2432593002e-02,5.3376139496e-01,2.3206022639e-01,1.6722678642e-01,1.2220433357e-02,2.8870616852e-02,1.8704311895e+00
4.5650000000e+02,1.3440110415e-02,1.2519499139e-02,5.3304662097e-01,2.3282997568e-01,1.6698775472e-01,1.2013209521e-02,2.9162829562e-02,1.8733200904e+00
4.5700000000e+02,1.3360707777e-02,1.2438672894e-02,5.3079112506e-01,2.3542343848e-01,1.6706242595e-01,1.1581796200e-02,2.9341833636e-02,1.8653881029e+00
4.5750000000e+02,1.3107982872e-02,1.2462142416e-02,5.3055461382e-01,2.3584230646e-01,1.6669477406e-01,1.1489339128e-02,2.9848841239e-02,1.8666019198e+00
4.5800000000e+02,1.3157500560e-02,1.2356502784e-02,5.3034170993e-01,2.3636111657e-01,1.6648899268e-01,1.1310598717e-02,2.9983578760e-02,1.8683469117e+00
4.5850000000e+02,1.3167251901e-02,1.2637776660e-02,5.2765829056e-01,2.3889263597e-01,1.6568725540e-01,1.1388449426e-02,3.0568340086e-02,1.8797982765e+00
4.5900000000e+02,1.3089895510e-02,1.2824045116e-02,5.2411449323e-01,2.4249894190e-01,1.6566638169e-01,1.1240529507e-02,3.0565713059e-02,1.8855826860e+00
4.5950000000e+02,1.3021323282e-02,1.2828225163e-02,5.2310497389e-01,2.4374200011e-01,1.6517515019e-01,1.1277887046e-02,3.0850440317e-02,1.8906450441e+00
4.6000000000e+02,1.3083355620e-02,1.3049644677e-02,5.2069143124e-01,2.4645852395e-01,1.6409373293e-01,1.1401675975e-02,3.1221635601e-02,1.8996603998e+00
4.6050000000e+02,1.2828826385e-02,1.3103521327e-02,5.1918324774e-01,2.4811491431e-01,1.6412827718e-01,1.1597091823e-02,3.1044121234e-02,1.8984606879e+00
4.6100000000e+02,1.2595368524e-02,1.3244640152e-02,5.1772661568e-01,2.4984418674e-01,1.6327110978e-01,1.1913164644e-02,3.1404914482e-02,1.9035908437e+00
4.6150000000e+02,1.2472058258e-02,1.3347161369e-02,5.1529040404e-01,2.5285957629e-01,1.6210410303e-01,1.2432672570e-02,3.1494024446e-02,1.9084978306e+00
4.6200000000e+02,1.2231222602e-02,1.3498969712e-02,5.1146390657e-01,2.5610436442e-01,1.6244446707e-01,1.2542410511e-02,3.1714659105e-02,1.9124251641e+00
4.6250000000e+02,1.2170594458e-02,1.3733068629e-02,5.0757509528e-01,2.6027253612e-01,1.6122098268e-01,1.2937078721e-02,3.2090644106e-02,1.9206002935e+00
4.6300000000e+02,1.2096016480e-02,1.3911099137e-02,5.0480265815e-01,2.6293276262e-01,1.6059727875e-01,1.3336829352e-02,3.2323355509e-02,1.9263912911e+00
4.6350000000e+02,1.1865031963e-02,1.4073483271e-02,5.0521614329e-01,2.6296929393e-01,1.5966566981e-01,1.3699794993e-02,3.2510582750e-02,1.9257863730e+00
4.6400000000e+02,1.1762690454e-02,1.4245149191e-02,5.0307437370e-01,2.6472154060e-01,1.5904741909e-01,1.4339861481e-02,3.2808965477e-02,1.9321159719e+00
4.6450000000e+02,1.1700497365e-02,1.4374194104e-02,5.0228660083e-01,2.6557770403e-01,1.5779787657e-01,1.5075980098e-02,3.3187147007e-02,1.9406211266e+00
4.6500000000e+02,1.1693509001e-02,1.4388717595e-02,4.9943724759e-01,2.6760630063e-01,1.5743125980e-01,1.5625819286e-02,3.3817146105e-02,1.9443791293e+00
4.6550000000e+02,1.1685022312e-02,1.4426658172e-02,4.9679989068e-01,2.6945967979e-01,1.5722670337e-01,1.6030934142e-02,3.4371111532e-02,1.9486789085e+00
4.6600000000e+02,1.1604088664e-02,1.4505758000e-02,4.9712045905e-01,2.6919271976e-01,1.5632747691e-01,1.6538573009e-02,3.4710924605e-02,1.9526671357e+00
4.6650000000e+02,1.1565170758e-02,1.4654669788e-02,4.9454675398e-01,2.7102260409e-01,1.5580268926e-01,1.7061526139e-02,3.5346585987e-02,1.9600095417e+00
4.6700000000e+02,1.1381308844e-02,1.4704319328e-02,4.9439012877e-01,2.7223230632e-01,1.5405765798e-01,1.7664925009e-02,3.5569353760e-02,1.9638327693e+00
4.6750000000e+02,1.1189291569e-02,1.4781587763e-02,4.9112612046e-01,2.7429345684e-01,1.5410351248e-01,1.8316875073e-02,3.6189155812e-02,1.9675614171e+00
4.6800000000e+02,1.1111669152e-02,1.4946492252e-02,4.8671500846e-01,2.7827107491e-01,1.5252556514e-01,1.9378181077e-02,3.7052009015e-02,1.9747980544e+00
4.6850000000e+02,1.1103228057e-02,1.5122125893e-02,4.8242896192e-01,2.8214813384e-01,1.5153186841e-01,2.0312401937e-02,3.7353279946e-02,1.9860255995e+00
4.6900000000e+02,1.1079280713e-02,1.5223233656e-02,4.7976098344e-01,2.8375294531e-01,1.5089523772e-01,2.1260601756e-02,3.8027717409e-02,1.9955147810e+00
4.6950000000e+02,1.0979662178e-02,1.5296966754e-02,4.7595776973e-01,2.8649635064e-01,1.5031796413e-01,2.2275849329e-02,3.8675437241e-02,1.9998628366e+00
4.7000000000e+02,1.0942828676e-02,1.5367502873e-02,4.7471267139e-01,2.8719162712e-01,1.4987005602e-01,2.2821813426e-02,3.9093500502e-02,2.0062062848e+00
4.7050000000e+02,1.0911229655e-02,1.5555583990e-02,4.6855533913e-01,2.9194829853e-01,1.4950017771e-01,2.3892580619e-02,3.9636790368e-02,2.0160385362e+00
4.7100000000e+02,1.0749035950e-02,1.5783729069e-02,4.6407235517e-01,2.9470268674e-01,1.4934443411e-01,2.5258933510e-02,4.0088825453e-02,2.0247814394e+00
4.7150000000e+02,1.0665353179e-02,1.5903369506e-02,4.6082410139e-01,2.9597140380e-01,1.4879397205e-01,2.6413439240e-02,4.1428360828e-02,2.0373671542e+00
4.7200000000e+02,1.0732931478e-02,1.6115737992e-02,4.5797834553e-01,2.9707972912e-01,1.4835855310e-01,2.7401544591e-02,4.2333158195e-02,2.0465489063e+00
4.7250000000e+02,1.0595203448e-02,1.5973914337e-02,4.5323942059e-01,3.0121798322e-01,1.4744773293e-01,2.8527875116e-02,4.2997870348e-02,2.0502046604e+00
4.7300000000e+02,1.0482370887e-02,1.6006011907e-02,4.4969257804e-01,3.0412172420e-01,1.4601901268e-01,3.0077858790e-02,4.3600443499e-02,2.0609164919e+00
4.7350000000e+02,1.0483692449e-02,1.6007320265e-02,4.4692914660e-01,3.0496592975e-01,1.4619528960e-01,3.0737448859e-02,4.4681172481e-02,2.0692797663e+00
4.7400000000e+02,1.0315294528e-02,1.6028745528e-02,4.4547715251e-01,3.0503488719e-01,1.4574298003e-01,3.2196823959e-02,4.5204116259e-02,2.0781035539e+00
4.7450000000e+02,1.0281649606e-02,1.5968132880e-02,4.4474757069e-01,3.0490168536e-01,1.4409787372e-01,3.4203921975e-02,4.5799165776e-02,2.0878847174e+00
4.7500000000e+02,1.0215947765e-02,1.5894518945e-02,4.4728900239e-01,3.0163848855e-01,1.4343433668e-01,3.5285113203e-02,4.6242592472e-02,2.0874426704e+00
4.7550000000e+02,1.0183445772e-02,1.5907088761e-02,4.4571809898e-01,3.0277807665e-01,1.4326563640e-01,3.5454903054e-02,4.6692750383e-02,2.0922266060e+00
4.7600000000e+02,1.0066231659e-02,1.5794584137e-02,4.4568684177e-01,3.0335817662e-01,1.4077056249e-01,3.6845166340e-02,4.7478436982e-02,2.0979417512e+00
4.7650000000e+02,1.0070928335e-02,1.5912403564e-02,4.4208831030e-01,3.0508931264e-01,1.4085086155e-01,3.7751093529e-02,4.8237090081e-02,2.1124497211e+00
4.7700000000e+02,1.0022024389e-02,1.5850516572e-02,4.4163514806e-01,3.0373525234e-01,1.4038298908e-01,3.9368866184e-02,4.9005203379e-02,2.1228944258e+00
4.7750000000e+02,1.0056746380e-02,1.6099858384e-02,4.3793148148e-01,3.0534803650e-01,1.4068403188e-01,4.0448622756e-02,4.9431222624e-02,2.1381109670e+00
4.7800000000e+02,9.9969039532e-03,1.6216966036e-02,4.3477599580e-01,3.0825595539e-01,1.3920427139e-01,4.1668278425e-02,4.9881629009e-02,2.1536361705e+00
4.7850000000e+02,1.0058004674e-02,1.6347817914e-02,4.3128619893e-01,3.0973236848e-01,1.3824825481e-01,4.3247181172e-02,5.1080174018e-02,2.1683536802e+00
4.7900000000e+02,1.0112483358e-02,1.6445190318e-02,4.2923242694e-01,3.1002459228e-01,1.3749899039e-01,4.4429984048e-02,5.2256332662e-02,2.1866002404e+00
4.7950000000e+02,1.0171139426e-02,1.6348104180e-02,4.2685086849e-01,3.1197563758e-01,1.3670219268e-01,4.4983565300e-02,5.2968492334e-02,2.1976799856e+00
4.8000000000e+02,1.0035927169e-02,1.6369390432e-02,4.2144864303e-01,3.1493854359e-01,1.3674968644e-01,4.5950633866e-02,5.4507175470e-02,2.2101908427e+00
4.8050000000e+02,1.0053477866e-02,1.6364408763e-02,4.1863826570e-01,3.1566132385e-01,1.3650850010e-01,4.7276006875e-02,5.5498016848e-02,2.2254829500e+00
4.8100000000e+02,9.8875964733e-03,1.6290084034e-02,4.1602318777e-01,3.1731553945e-01,1.3734562617e-01,4.7335373582e-02,5.5802592521e-02,2.2326554790e+00
4.8150000000e+02,9.9133642023e-03,1.6415858606e-02,4.1423151327e-01,3.1754708700e-01,1.3768457698e-01,4.8110560947e-02,5.6097038992e-02,2.2414314497e+00
4.8200000000e+02,9.8684136653e-03,1.6635061944e-02,4.1279856314e-01,3.1636881389e-01,1.3765845591e-01,4.9911532506e-02,5.6759158948e-02,2.2551017768e+00
4.8250000000e+02,9.8876145261e-03,1.6599421187e-02,4.0966576716e-01,3.1820063149e-01,1.3586885426e-01,5.2049442358e-02,5.7728269014e-02,2.2649581326e+00
4.8300000000e+02,9.9229031481e-03,1.6554833406e-02,4.0714771658e-01,3.2020131775e-01,1.3565741378e-01,5.2237347523e-02,5.8278467815e-02,2.2779804598e+00
4.8350000000e+02,9.9465533876e-03,1.6653180154e-02,4.0466125746e-01,3.2030912765e-01,1.3532593255e-01,5.2985825310e-02,6.0118123498e-02,2.2972308246e+00
4.8400000000e+02,9.9942857796e-03,1.6546451501e-02,4.0165286066e-01,3.2080688855e-01,1.3531741657e-01,5.4339565330e-02,6.1342531615e-02,2.3153114335e+00
4.8450000000e+02,1.0038070413e-02,1.6574478008e-02,3.9881906233e-01,3.2182608819e-01,1.3456947669e-01,5.5937243593e-02,6.2235580767e-02,2.3267447374e+00
4.8500000000e+02,9.9633301967e-03,1.6547375717e-02,3.9658612836e-01,3.2260719836e-01,1.3368501054e-01,5.7551604689e-02,6.3059352140e-02,2.3419057623e+00
4.8550000000e+02,1.0066513456e-02,1.6792343612e-02,3.9196672973e-01,3.2495236466e-01,1.3298377422e-01,5.8974400995e-02,6.4263873328e-02,2.3654808728e+00
4.8600000000e+02,1.0107589285e-02,1.6662586592e-02,3.8951003298e-01,3.2607500574e-01,1.3243542382e-01,6.0358031756e-02,6.4851329825e-02,2.3798458448e+00
4.8650000000e+02,1.0048608753e-02,1.6695439724e-02,3.8457284989e-01,3.2782699105e-01,1.3403917338e-01,6.0455380597e-02,6.6361556610e-02,2.3920830692e+00
4.8700000000e+02,1.0199151485e-02,1.6845395491e-02,3.7718130979e-01,3.3131769288e-01,1.3431326988e-01,6.1823563538e-02,6.8319616938e-02,2.4098917016e+00
4.8750000000e+02,1.0320021438e-02,1.6798594387e-02,3.7532261192e-01,3.2933806189e-01,1.3576114905e-01,6.2629641286e-02,6.9829920032e-02,2.4234848241e+00
4.8800000000e+02,1.0425228477e-02,1.6835669692e-02,3.7173201469e-01,3.3004789477e-01,1.3527479011e-01,6.4195761046e-02,7.1488641207e-02,2.4383733020e+00
4.8850000000e+02,1.0516033204e-02,1.6866707865e-02,3.6657875303e-01,3.3172117305e-01,1.3507231787e-01,6.6061569254e-02,7.3183445725e-02,2.4571294553e+00
4.8900000000e+02,1.0417608667e-02,1.6843923002e-02,3.6432355787e-01,3.3225560369e-01,1.3471838604e-01,6.7134009027e-02,7.4306911708e-02,2.4635787525e+00
4.8950000000e+02,1.0444166777e-02,1.6940457574e-02,3.6114409806e-01,3.3253781010e-01,1.3498719813e-01,6.7953905240e-02,7.5992364122e-02,2.4792801372e+00
4.9000000000e+02,1.0562382575e-02,1.6958387434e-02,3.5789522265e-01,3.3268016224e-01,1.3542479199e-01,6.9490511515e-02,7.6988541602e-02,2.4965500717e+00
4.9050000000e+02,1.0571567450e-02,1.6725015842e-02,3.5356417596e-01,3.3342502286e-01,1.3541476468e-01,7.1333610809e-02,7.8965842396e-02,2.5101107451e+00
4.9100000000e+02,1.0538197764e-02,1.6998058594e-02,3.5206305093e-01,3.3307550367e-01,1.3633633995e-01,7.1270574909e-02,7.9718274181e-02,2.5238045913e+00
4.9150000000e+02,1.0698976035e-02,1.7168462379e-02,3.4937997727e-01,3.3256935724e-01,1.3636225981e-01,7.2492942767e-02,8.1328024501e-02,2.5478145430e+00
4.9200000000e+02,1.0733058084e-02,1.7315195994e-02,3.4666054799e-01,3.3188887903e-01,1.3640732492e-01,7.3688240553e-02,8.3306753436e-02,2.5680883537e+00
4.9250000000e+02,1.0829671376e-02,1.7182456655e-02,3.4495466126e-01,3.3265482655e-01,1.3501319653e-01,7.5363731054e-02,8.4001456576e-02,2.5767381066e+00
4.9300000000e+02,1.0790125683e-02,1.7067335665e-02,3.4198893164e-01,3.3498248259e-01,1.3435755947e-01,7.6117438140e-02,8.4696126806e-02,2.5828475238e+00
4.9350000000e+02,1.0925828072e-02,1.6955052710e-02,3.3957393630e-01,3.3356442414e-01,1.3467401049e-01,7.7962125477e-02,8.6344622812e-02,2.5981476960e+00
4.9400000000e+02,1.0985235801e-02,1.6909506839e-02,3.3694066664e-01,3.3283443973e-01,1.3335706976e-01,8.1198590713e-02,8.7774490517e-02,2.6137396219e+00
4.9450000000e+02,1.1073578724e-02,1.7041254354e-02,3.3364047010e-01,3.3405632967e-01,1.3289873423e-01,8.2579836936e-02,8.8709795986e-02,2.6309930712e+00
4.9500000000e+02,1.1008553982e-02,1.6929979831e-02,3.3133025699e-01,3.3329334120e-01,1.3342978574e-01,8.3691240947e-02,9.0316841300e-02,2.6434618777e+00
4.9550000000e+02,1.1026176642e-02,1.7092353164e-02,3.2478177722e-01,3.3720214310e-01,1.3257058494e-01,8.5628543545e-02,9.1698421395e-02,2.6582518584e+00
4.9600000000e+02,1.1162945059e-02,1.7098830132e-02,3.2009883707e-01,3.3868089396e-01,1.3132149001e-01,8.8272939009e-02,9.3364064765e-02,2.6734696795e+00
4.9650000000e+02,1.1279817179e-02,1.7054319443e-02,3.1618097453e-01,3.3961338037e-01,1.3125078665e-01,8.9990295475e-02,9.4630426350e-02,2.6898360245e+00
4.9700000000e+02,1.1310659385e-02,1.6981146754e-02,3.0947450996e-01,3.4426620148e-01,1.3124228151e-01,9.1462579342e-02,9.5262621572e-02,2.6918803072e+00
4.9750000000e+02,1.1386597464e-02,1.6905144474e-02,3.0515268607e-01,3.4551361375e-01,1.3080556947e-01,9.4065399727e-02,9.6170989045e-02,2.6966316398e+00
4.9800000000e+02,1.1408896517e-02,1.6745190100e-02,3.0241486299e-01,3.4734440495e-01,1.3085455977e-01,9.5260444371e-02,9.5971641303e-02,2.6957475980e+00
4.9850000000e+02,1.1432100060e-02,1.6650457874e-02,2.9997133507e-01,3.4799657593e-01,1.2990836067e-01,9.7053742168e-02,9.6987428232e-02,2.7028399513e+00
4.9900000000e+02,1.1490159751e-02,1.6745050790e-02,2.9641624074e-01,3.4882283957e-01,1.2857396266e-01,9.9109063064e-02,9.8842683420e-02,2.7093976139e+00
4.9950000000e+02,1.1533578967e-02,1.6527919310e-02,2.9352796565e-01,3.4994555081e-01,1.2778021972e-01,1.0056790585e-01,1.0011685970e-01,2.7205109281e+00
5.0000000000e+02,1.1746931918e-02,1.6587939325e-02,2.9119072302e-01,3.4973116695e-01,1.2701954252e-01,1.0236739642e-01,1.0135629985e-01,2.7334039698e+00
5.0050000000e+02,1.1806896722e-02,1.6512175720e-02,2.8634334315e-01,3.5148159049e-01,1.2846517704e-01,1.0298551001e-01,1.0240530688e-01,2.7413692186e+00
5.0100000000e+02,1.1754059922e-02,1.6499343999e-02,2.8220722050e-01,3.5315524373e-01,1.2740546241e-01,1.0433099718e-01,1.0464767226e-01,2.7491223521e+00
5.0150000000e+02,1.1707956548e-02,1.6568959040e-02,2.7636735471e-01,3.5513685906e-01,1.2734475566e-01,1.0781405706e-01,1.0506005793e-01,2.7567580836e+00
5.0200000000e+02,1.1726934753e-02,1.6490754022e-02,2.7404395515e-01,3.5643142474e-01,1.2670621755e-01,1.0949810388e-01,1.0510260991e-01,2.7636079236e+00
5.0250000000e+02,1.1940709324e-02,1.6364792222e-02,2.7098681051e-01,3.5713355679e-01,1.2715899148e-01,1.1147061808e-01,1.0494452159e-01,2.7734380312e+00
5.0300000000e+02,1.2003761152e-02,1.6387164035e-02,2.6679647985e-01,3.5884211111e-01,1.2554827057e-01,1.1475527645e-01,1.0566693683e-01,2.7844532670e+00
5.0350000000e+02,1.2101877044e-02,1.6304673016e-02,2.6164298767e-01,3.6164444398e-01,1.2532810804e-01,1.1578246018e-01,1.0719545007e-01,2.7924037988e+00
5.0400000000e+02,1.2214855340e-02,1.6270129418e-02,2.5739021179e-01,3.6212127474e-01,1.2588896028e-01,1.1765567050e-01,1.0845889793e-01,2.8005475840e+00
5.0450000000e+02,1.2314488878e-02,1.6055850703e-02,2.5519621316e-01,3.6217211578e-01,1.2646240201e-01,1.1869064311e-01,1.0910828636e-01,2.8082017796e+00
5.0500000000e+02,1.2429922013e-02,1.5918622545e-02,2.5100267850e-01,3.6353874475e-01,1.2600932338e-01,1.2092749234e-01,1.1017321647e-01,2.8151954686e+00
5.0550000000e+02,1.2437503373e-02,1.5825350755e-02,2.4833699198e-01,3.6309703570e-01,1.2612284943e-01,1.2305508139e-01,1.1112518736e-01,2.8215204736e+00
5.0600000000e+02,1.2382710399e-02,1.5836349492e-02,2.4546021301e-01,3.6366044832e-01,1.2734238684e-01,1.2412359131e-01,1.1119430062e-01,2.8247091016e+00
5.0650000000e+02,1.2552487607e-02,1.5743073368e-02,2.4292310717e-01,3.6344717923e-01,1.2675600478e-01,1.2608691408e-01,1.1249123376e-01,2.8270461303e+00
5.0700000000e+02,1.2595050420e-02,1.5692708322e-02,2.3871523251e-01,3.6496321403e-01,1.2643754490e-01,1.2778758057e-01,1.1380866924e-01,2.8246580327e+00
5.0750000000e+02,1.2607876186e-02,1.5476034699e-02,2.3436902433e-01,3.6615410089e-01,1.2679169434e-01,1.2926916521e-01,1.1533210434e-01,2.8290516834e+00
5.0800000000e+02,1.2813430621e-02,1.5650663292e-02,2.2892228201e-01,3.6914594738e-01,1.2737269377e-01,1.3004215347e-01,1.1605282946e-01,2.8307336038e+00
5.0850000000e+02,1.2974865805e-02,1.5583741766e-02,2.2609950213e-01,3.6968823846e-01,1.2691601182e-01,1.3190382995e-01,1.1683381006e-01,2.8342548443e+00
5.0900000000e+02,1.3083089515e-02,1.5623470011e-02,2.2348420391e-01,3.7023610709e-01,1.2592825145e-01,1.3370100276e-01,1.1794387527e-01,2.8408562754e+00
5.0950000000e+02,1.3080615724e-02,1.5545162496e-02,2.1954501288e-01,3.7191057582e-01,1.2469374206e-01,1.3622982640e-01,1.1899506462e-01,2.8484986445e+00
5.1000000000e+02,1.3087153038e-02,1.5453925469e-02,2.1672412573e-01,3.7198076482e-01,1.2406142103e-01,1.3846517916e-01,1.2022743075e-01,2.8488814078e+00
5.1050000000e+02,1.3055360764e-02,1.5350029629e-02,2.1176385917e-01,3.7335451665e-01,1.2349045261e-01,1.4029869171e-01,1.2268708947e-01,2.8467383693e+00
5.1100000000e+02,1.3078799198e-02,1.5157480508e-02,2.0975084779e-01,3.7446396358e-01,1.2291562489e-01,1.4186799629e-01,1.2276528774e-01,2.8502812497e+00
5.1150000000e+02,1.3048258848e-02,1.5035213040e-02,2.0640125421e-01,3.7696969884e-01,1.2249262599e-01,1.4322257868e-01,1.2283037038e-01,2.8448453332e+00
5.1200000000e+02,1.2970272518e-02,1.4824406984e-02,2.0281448441e-01,3.7852412918e-01,1.2138991973e-01,1.4532509985e-01,1.2415168733e-01,2.8345751619e+00
5.1250000000e+02,1.2936937732e-02,1.4727953419e-02,1.9718688701e-01,3.8116701545e-01,1.2123062525e-01,1.4691981326e-01,1.2583076788e-01,2.8348864829e+00
5.1300000000e+02,1.2877510630e-02,1.4682949474e-02,1.9353532388e-01,3.8248128653e-01,1.2107569420e-01,1.4909951777e-01,1.2624771752e-01,2.8350337175e+00
5.1350000000e+02,1.2895853359e-02,1.4482752935e-02,1.8953810343e-01,3.8533950372e-01,1.1968090768e-01,1.5117899531e-01,1.2688388356e-01,2.8300503954e+00
5.1400000000e+02,1.2853934458e-02,1.4447055421e-02,1.8741074983e-01,3.8557917797e-01,1.1902410643e-01,1.5306985872e-01,1.2761511716e-01,2.8249729897e+00
5.1450000000e+02,1.2884795956e-02,1.4238538695e-02,1.8308741041e-01,3.8662293401e-01,1.1773600011e-01,1.5620506979e-01,1.2922525104e-01,2.8269610211e+00
5.1500000000e+02,1.2829718687e-02,1.4247502992e-02,1.7853251786e-01,3.8901595626e-01,1.1659108619e-01,1.5789885876e-01,1.3088435924e-01,2.8275906869e+00
5.1550000000e+02,1.2923507169e-02,1.4282611995e-02,1.7647784818e-01,3.8750159608e-01,1.1559190208e-01,1.6142152526e-01,1.3180100924e-01,2.8268031391e+00
5.1600000000e+02,1.2864964089e-02,1.4244225967e-02,1.7218603519e-01,3.8939554195e-01,1.1521000851e-01,1.6390987971e-01,1.3218934458e-01,2.8212758153e+00
5.1650000000e+02,1.3004479390e-02,1.4179859773e-02,1.6938457213e-01,3.8743991080e-01,1.1650377217e-01,1.6529672834e-01,1.3419067739e-01,2.8290310091e+00
5.1700000000e+02,1.2934625624e-02,1.3929389614e-02,1.6638753777e-01,3.8855301371e-01,1.1642351363e-01,1.6708138252e-01,1.3469053712e-01,2.8182574215e+00
5.1750000000e+02,1.2970601933e-02,1.3893616817e-02,1.6404187450e-01,3.8843985896e-01,1.1736650402e-01,1.6742108629e-01,1.3586645747e-01,2.8104674583e+00
5.1800000000e+02,1.2954525922e-02,1.3884264367e-02,1.6112121450e-01,3.8960805417e-01,1.1725453309e-01,1.6843442676e-01,1.3674298119e-01,2.8059673022e+00
5.1850000000e+02,1.3059486247e-02,1.3707788479e-02,1.5926268522e-01,3.8850394061e-01,1.1804397837e-01,1.6982869637e-01,1.3759342471e-01,2.8065890338e+00
5.1900000000e+02,1.3125871859e-02,1.3632441176e-02,1.5502740719e-01,3.8849188528e-01,1.1933690206e-01,1.7133614419e-01,1.3904934823e-01,2.8102197193e+00
5.1950000000e+02,1.3161366200e-02,1.3520083587e-02,1.5344610183e-01,3.8656976518e-01,1.1931702487e-01,1.7335888574e-01,1.4062677259e-01,2.8095625209e+00
5.2000000000e+02,1.3085082903e-02,1.3275086309e-02,1.5013475132e-01,3.8626684230e-01,1.1992631021e-01,1.7479519644e-01,1.4251673051e-01,2.7992999769e+00
5.2050000000e+02,1.3006534096e-02,1.3063085090e-02,1.4901899111e-01,3.8463665291e-01,1.1947097681e-01,1.7644982671e-01,1.4435393328e-01,2.7934349094e+00
5.2100000000e+02,1.2907498435e-02,1.2970003515e-02,1.4643375191e-01,3.8261101681e-01,1.1955572610e-01,1.7863157517e-01,1.4689042807e-01,2.7894285714e+00
5.2150000000e+02,1.2970984109e-02,1.2843367692e-02,1.4452947827e-01,3.8251255732e-01,1.1908390035e-01,1.8101351660e-01,1.4704619567e-01,2.7878481027e+00
5.2200000000e+02,1.3168499123e-02,1.2909550798e-02,1.4176319137e-01,3.8102227705e-01,1.1974059214e-01,1.8366266516e-01,1.4773322436e-01,2.7904561612e+00
5.2250000000e+02,1.3218242762e-02,1.2793454283e-02,1.3878128981e-01,3.8122966571e-01,1.1906286223e-01,1.8511774145e-01,1.4979674375e-01,2.7818095923e+00
5.2300000000e+02,1.3170526735e-02,1.2739857556e-02,1.3659823236e-01,3.8069048199e-01,1.1954413212e-01,1.8661812508e-01,1.5063864416e-01,2.7739947119e+00
5.2350000000e+02,1.3167394870e-02,1.2576535867e-02,1.3522698506e-01,3.7831069288e-01,1.2045327480e-01,1.8761907929e-01,1.5264603723e-01,2.7679345751e+00
5.2400000000e+02,1.3061479518e-02,1.2729575210e-02,1.3268501428e-01,3.7550581428e-01,1.2114095836e-01,1.8983891385e-01,1.5503824451e-01,2.7646291650e+00
5.2450000000e+02,1.3166377935e-02,1.2728379389e-02,1.3072714164e-01,3.7350273785e-01,1.2224217652e-01,1.9140985796e-01,1.5622332871e-01,2.7606690739e+00
5.2500000000e+02,1.3260429756e-02,1.2703381816e-02,1.2810042422e-01,3.7216785278e-01,1.2337937536e-01,1.9200408966e-01,1.5838444642e-01,2.7579813672e+00
5.2550000000e+02,1.3283676603e-02,1.2629819227e-02,1.2705658921e-01,3.6969530390e-01,1.2492892578e-01,1.9379953119e-01,1.5860615408e-01,2.7461427850e+00
5.2600000000e+02,1.3296672625e-02,1.2641195220e-02,1.2434244829e-01,3.6803148066e-01,1.2659738962e-01,1.9477814752e-01,1.6031266606e-01,2.7372865472e+00
5.2650000000e+02,1.3337408424e-02,1.2549068684e-02,1.2267736063e-01,3.6625208023e-01,1.2728550157e-01,1.9559537861e-01,1.6230320186e-01,2.7272929456e+00
5.2700000000e+02,1.3308608232e-02,1.2396352491e-02,1.1990173563e-01,3.6667668381e-01,1.2746586009e-01,1.9676352690e-01,1.6348723284e-01,2.7161117273e+00
5.2750000000e+02,1.3351923270e-02,1.2406218238e-02,1.1845326712e-01,3.6592226953e-01,1.2797426945e-01,1.9754796966e-01,1.6434408274e-01,2.7078237849e+00
5.2800000000e+02,1.3430213245e-02,1.2252955570e-02,1.1569020351e-01,3.6632992896e-01,1.2826114652e-01,1.9923599905e-01,1.6479955314e-01,2.7030648674e+00
5.2850000000e+02,1.3221162129e-02,1.2185980113e-02,1.1445687046e-01,3.6600246309e-01,1.2791076850e-01,2.0098010325e-01,1.6524265246e-01,2.6877157144e+00
5.2900000000e+02,1.3178817008e-02,1.1983690229e-02,1.1292470948e-01,3.6530301955e-01,1.2901165842e-01,2.0205127779e-01,1.6554682752e-01,2.6835530427e+00
5.2950000000e+02,1.3295272255e-02,1.1754598018e-02,1.1071204727e-01,3.6461228417e-01,1.2950139799e-01,2.0364834027e-01,1.6647606003e-01,2.6757404091e+00
5.3000000000e+02,1.3451636362e-02,1.1797783236e-02,1.0994355661e-01,3.6039195376e-01,1.3136613428e-01,2.0460472138e-01,1.6844421437e-01,2.6766990590e+00
5.3050000000e+02,1.3529915756e-02,1.1759505552e-02,1.0806376942e-01,3.6000969571e-01,1.3240924034e-01,2.0491282269e-01,1.6931505054e-01,2.6671096565e+00
5.3100000000e+02,1.3451172158e-02,1.1766492553e-02,1.0661895170e-01,3.5880247215e-01,1.3297335942e-01,2.0459966838e-01,1.7178788364e-01,2.6541987049e+00
5.3150000000e+02,1.3560605738e-02,1.1621501416e-02,1.0534680205e-01,3.5931050693e-01,1.3374798923e-01,2.0542614513e-01,1.7098644951e-01,2.6451772685e+00
5.3200000000e+02,1.3392936182e-02,1.1537646150e-02,1.0355569554e-01,3.6075697223e-01,1.3394703556e-01,2.0607936547e-01,1.7073034887e-01,2.6252417948e+00
5.3250000000e+02,1.3446571423e-02,1.1366649293e-02,1.0211505417e-01,3.6005510147e-01,1.3511744052e-01,2.0595897206e-01,1.7194021106e-01,2.6116957789e+00
5.3300000000e+02,1.3511639945e-02,1.1340936917e-02,1.0066281902e-01,3.5891239878e-01,1.3586525140e-01,2.0659873345e-01,1.7310822050e-01,2.6017308320e+00
5.3350000000e+02,1.3523177752e-02,1.1348314860e-02,9.7715518281e-02,3.5849040828e-01,1.3837386294e-01,2.0671497781e-01,1.7383374008e-01,2.5937499220e+00
5.3400000000e+02,1.3637385371e-02,1.1299661491e-02,9.7121416864e-02,3.5677429657e-01,1.4005677903e-01,2.0753915689e-01,1.7357130379e-01,2.5886857886e+00
5.3450000000e+02,1.3830713307e-02,1.1389973292e-02,9.5028062334e-02,3.5764272114e-01,1.4131034547e-01,2.0794511821e-01,1.7285306625e-01,2.5833054954e+00
5.3500000000e+02,1.3788186965e-02,1.1279935335e-02,9.3535672357e-02,3.5815288615e-01,1.4187321030e-01,2.0889897182e-01,1.7247113707e-01,2.5717576925e+00
5.3550000000e+02,1.3621713106e-02,1.1244654633e-02,9.1491935724e-02,3.5984203008e-01,1.4238673347e-01,2.1011440773e-01,1.7129852526e-01,2.5573562922e+00
5.3600000000e+02,1.3438103405e-02,1.1085553151e-02,9.0281418185e-02,3.5882181250e-01,1.4306352825e-01,2.1101373094e-01,1.7229585357e-01,2.5471000502e+00
5.3650000000e+02,1.3415670370e-02,1.1027412638e-02,8.9078103264e-02,3.5889701149e-01,1.4325658353e-01,2.1159747388e-01,1.7272774483e-01,2.5335974801e+00
5.3700000000e+02,1.3500433103e-02,1.0998246220e-02,8.7912728065e-02,3.5885777872e-01,1.4320075693e-01,2.1203770699e-01,1.7349234997e-01,2.5262412626e+00
5.3750000000e+02,1.3574370073e-02,1.0917288038e-02,8.7124737841e-02,3.5726239052e-01,1.4381340964e-01,2.1293240017e-01,1.7437540372e-01,2.5205481746e+00
5.3800000000e+02,1.3552406106e-02,1.0845369620e-02,8.6900741274e-02,3.5586910906e-01,1.4411102225e-01,2.1396025849e-01,1.7476109320e-01,2.5130470208e+00
5.3850000000e+02,1.3615429216e-02,1.0945049453e-02,8.6858467551e-02,3.5467324274e-01,1.4491025978e-01,2.1405699335e-01,1.7494055791e-01,2.5120764622e+00
5.3900000000e+02,1.3329374841e-02,1.0773975834e-02,8.7519931606e-02,3.5455080388e-01,1.4554733942e-01,2.1480442962e-01,1.7347414481e-01,2.4970991676e+00
5.3950000000e+02,1.3263962613e-02,1.0634035685e-02,8.5414591937e-02,3.5678887357e-01,1.4683083522e-01,2.1383140735e-01,1.7323629363e-01,2.4849775497e+00
5.4000000000e+02,1.3314899696e-02,1.0549622518e-02,8.3779550731e-02,3.5741787987e-01,1.4815444118e-01,2.1383356463e-01,1.7295004137e-01,2.4733115126e+00
5.4050000000e+02,1.3404683944e-02,1.0547725213e-02,8.2846642538e-02,3.5691380452e-01,1.4858245944e-01,2.1261756691e-01,1.7508711743e-01,2.4609771520e+00
5.4100000000e+02,1.3457499266e-02,1.0449020075e-02,8.2381876218e-02,3.5808776435e-01,1.4915246610e-01,2.1156193012e-01,1.7490944387e-01,2.4492945819e+00
5.4150000000e+02,1.3376988906e-02,1.0354616712e-02,8.1390228747e-02,3.5742297294e-01,1.4962329789e-01,2.1121871337e-01,1.7661318143e-01,2.4409942070e+00
5.4200000000e+02,1.3291945028e-02,1.0272835960e-02,8.0367772533e-02,3.5592335472e-01,1.5162945526e-01,2.1036503348e-01,1.7814960302e-01,2.4355613679e+00
5.4250000000e+02,1.3013370059e-02,1.0067864687e-02,7.9603312278e-02,3.5286797577e-01,1.5254823609e-01,2.1015134443e-01,1.8174789669e-01,2.4291265754e+00
5.4300000000e+02,1.2772838478e-02,9.8379050547e-03,7.9870587395e-02,3.5257333650e-01,1.5396054496e-01,2.0909079611e-01,1.8189399150e-01,2.4198185099e+00
5.4350000000e+02,1.2556442663e-02,9.7552322083e-03,8.0107496809e-02,3.5054453717e-01,1.5428526400e-01,2.0896316519e-01,1.8378786196e-01,2.4149349605e+00
5.4400000000e+02,1.2480819680e-02,9.6613035149e-03,7.9926098311e-02,3.5179381246e-01,1.5422794266e-01,2.0847460883e-01,1.8343541454e-01,2.4100013686e+00
5.4450000000e+02,1.2407916049e-02,9.5696908218e-03,7.8848652003e-02,3.5335954123e-01,1.5508537568e-01,2.0831915407e-01,1.8240967015e-01,2.4043480171e+00
5.4500000000e+02,1.2435949634e-02,9.6215491384e-03,7.8009491718e-02,3.5311133081e-01,1.5551998167e-01,2.0766720862e-01,1.8363448842e-01,2.4022288704e+00
5.4550000000e+02,1.2307209689e-02,9.4980822656e-03,7.7354970644e-02,3.5592920774e-01,1.5495937728e-01,2.0686644430e-01,1.8308470808e-01,2.3887480117e+00
5.4600000000e+02,1.2275464686e-02,9.3277041095e-03,7.6095511795e-02,3.5808845053e-01,1.5610870259e-01,2.0581532088e-01,1.8228884540e-01,2.3810142053e+00
5.4650000000e+02,1.2168769400e-02,9.2399806203e-03,7.5588670729e-02,3.5906884903e-01,1.5712568973e-01,2.0505061328e-01,1.8175742721e-01,2.3826651685e+00
5.4700000000e+02,1.1994664685e-02,9.2448748665e-03,7.5423714869e-02,3.6075971098e-01,1.5818718587e-01,2.0418302571e-01,1.8020682303e-01,2.3763423724e+00
5.4750000000e+02,1.1869836024e-02,9.2500131011e-03,7.5640603406e-02,3.6133877272e-01,1.5972604064e-01,2.0376319673e-01,1.7841153738e-01,2.3741313475e+00
5.4800000000e+02,1.1621483676e-02,9.1282734527e-03,7.5514000896e-02,3.6066980164e-01,1.5967589864e-01,2.0347775912e-01,1.7991278258e-01,2.3736467682e+00
5.4850000000e+02,1.1528895388e-02,9.0765896428e-03,7.4601741417e-02,3.6094871281e-01,1.5968848574e-01,2.0248983708e-01,1.8166573792e-01,2.3742493308e+00
5.4900000000e+02,1.1529221817e-02,9.0371918198e-03,7.5039098724e-02,3.6066171467e-01,1.6135169218e-01,2.0187511183e-01,1.8050596895e-01,2.3786752076e+00
5.4950000000e+02,1.1528609363e-02,9.0838618001e-03,7.5391868220e-02,3.5987037803e-01,1.6228757900e-01,2.0034658199e-01,1.8149112159e-01,2.3867659696e+00
5.5000000000e+02,1.1535505230e-02,9.1448165232e-03,7.5313592784e-02,3.6077936270e-01,1.6311583833e-01,1.9909954520e-01,1.8101133923e-01,2.3911541391e+00
5.5050000000e+02,1.1448965430e-02,9.1430756308e-03,7.5931146610e-02,3.6297120481e-01,1.6472139472e-01,1.9727806721e-01,1.7850614560e-01,2.3948867538e+00
5.5100000000e+02,1.1410754441e-02,9.1609917780e-03,7.6151538720e-02,3.6486388147e-01,1.6481239974e-01,1.9568884053e-01,1.7791159332e-01,2.4002007646e+00
5.5150000000e+02,1.1279999265e-02,9.0844613635e-03,7.5824457046e-02,3.6703302095e-01,1.6456311470e-01,1.9490560488e-01,1.7730934179e-01,2.4051666450e+00
5.5200000000e+02,1.1275794910e-02,9.1274447144e-03,7.6733371031e-02,3.6755111246e-01,1.6612055286e-01,1.9226329208e-01,1.7692843194e-01,2.4092888312e+00
5.5250000000e+02,1.1195400644e-02,9.0150754852e-03,7.6671281620e-02,3.6916791802e-01,1.6648181937e-01,1.9173938730e-01,1.7572911756e-01,2.4117272030e+00
5.5300000000e+02,1.0939677838e-02,8.8612034504e-03,7.7004470532e-02,3.6961608669e-01,1.6656668659e-01,1.9104221364e-01,1.7596966126e-01,2.4161779609e+00
5.5350000000e+02,1.0857621929e-02,8.7423794137e-03,7.6982529122e-02,3.7062649579e-01,1.6741166330e-01,1.9059301047e-01,1.7478629997e-01,2.4187265853e+00
5.5400000000e+02,1.0762329656e-02,8.5830456847e-03,7.6397213228e-02,3.7325659528e-01,1.6768109850e-01,1.9136480856e-01,1.7195490908e-01,2.4227464566e+00
5.5450000000e+02,1.0726110096e-02,8.5323610552e-03,7.6778565409e-02,3.7624137433e-01,1.6803798464e-01,1.8946081013e-01,1.7022279434e-01,2.4227413110e+00
5.5500000000e+02,1.0447993105e-02,8.5393150497e-03,7.7594547393e-02,3.7682220838e-01,1.6666921985e-01,1.8877556716e-01,1.7115114906e-01,2.4274043810e+00
5.5550000000e+02,1.0268040962e-02,8.3974424159e-03,7.7486160583e-02,3.7729267824e-01,1.6753285228e-01,1.8816171382e-01,1.7086111171e-01,2.4296879229e+00
5.5600000000e+02,1.0132637629e-02,8.3988030952e-03,7.8130588971e-02,3.7714956286e-01,1.6704962179e-01,1.8581811243e-01,1.7332067323e-01,2.4345164914e+00
5.5650000000e+02,1.0047801983e-02,8.4275288967e-03,7.8830078917e-02,3.7538750873e-01,1.6778043068e-01,1.8553949135e-01,1.7398715945e-01,2.4431002905e+00
5.5700000000e+02,9.8805371576e-03,8.2896564901e-03,7.9999354674e-02,3.7593557112e-01,1.6851084722e-01,1.8337194557e-01,1.7401208777e-01,2.4468349779e+00
5.5750000000e+02,9.8322009853e-03,8.1811031472e-03,8.1058995705e-02,3.7618796004e-01,1.6916151807e-01,1.8174235137e-01,1.7383587068e-01,2.4478834356e+00
5.5800000000e+02,9.8418457367e-03,8.1627033755e-03,8.1070382829e-02,3.7629416009e-01,1.6972405100e-01,1.8123202242e-01,1.7367483455e-01,2.4611168261e+00
5.5850000000e+02,9.8480289252e-03,8.3060931227e-03,8.1370998495e-02,3.7704112419e-01,1.7208335432e-01,1.7919149940e-01,1.7215890155e-01,2.4682107285e+00
5.5900000000e+02,9.6889555821e-03,8.2449426439e-03,8.2316547408e-02,3.7734403318e-01,1.7246362381e-01,1.7793864468e-01,1.7200325269e-01,2.4766400568e+00
5.5950000000e+02,9.6062653786e-03,8.2042058894e-03,8.3897223246e-02,3.7717560957e-01,1.7205812079e-01,1.7731348983e-01,1.7174508530e-01,2.4816179721e+00
5.6000000000e+02,9.4814716991e-03,8.0848854709e-03,8.4167096714e-02,3.7768012912e-01,1.7257256127e-01,1.7669409357e-01,1.7131976215e-01,2.4810567850e+00
5.6050000000e+02,9.3883155085e-03,8.0425025490e-03,8.4757451673e-02,3.7695048338e-01,1.7546166030e-01,1.7388262152e-01,1.7151696507e-01,2.4907839360e+00
5.6100000000e+02,9.2675728866e-03,7.9661470733e-03,8.6212859292e-02,3.7695576809e-01,1.7557985693e-01,1.7297166004e-01,1.7104613568e-01,2.4936231227e+00
5.6150000000e+02,9.2257510983e-03,7.7754827695e-03,8.6809845336e-02,3.7773434085e-01,1.7842077920e-01,1.7059319379e-01,1.6944060694e-01,2.4995098638e+00
5.6200000000e+02,9.0973629884e-03,7.6930161450e-03,8.6878852587e-02,3.8018227514e-01,1.7925874693e-01,1.6813440240e-01,1.6875534381e-01,2.4968475220e+00
5.6250000000e+02,9.0046415022e-03,7.6772095662e-03,8.9177007399e-02,3.7924181391e-01,1.8125533105e-01,1.6437841054e-01,1.6926558603e-01,2.5003283383e+00
5.6300000000e+02,8.8797706394e-03,7.7159348274e-03,9.0246485536e-02,3.7973975656e-01,1.8286998993e-01,1.6129936012e-01,1.6924870239e-01,2.5052964805e+00
5.6350000000e+02,8.8557419619e-03,7.6927584406e-03,9.1119340463e-02,3.7780977731e-01,1.8511547910e-01,1.5954781043e-01,1.6985909230e-01,2.5125224869e+00
5.6400000000e+02,8.8496884610e-03,7.6841143680e-03,9.1885205459e-02,3.7851172037e-01,1.8626654026e-01,1.5778394554e-01,1.6901878554e-01,2.5105531593e+00
5.6450000000e+02,8.7488311850e-03,7.7398440223e-03,9.2923426106e-02,3.7918819154e-01,1.8787463537e-01,1.5568206893e-01,1.6784300285e-01,2.5099010551e+00
5.6500000000e+02,8.6983002734e-03,7.6753000752e-03,9.3431947701e-02,3.8039013911e-01,1.9000976874e-01,1.5314787870e-01,1.6664666540e-01,2.5127677636e+00
5.6550000000e+02,8.7477582880e-03,7.7034311243e-03,9.3292932038e-02,3.8186054540e-01,1.9114106980e-01,1.4999877753e-01,1.6725548582e-01,2.5128001577e+00
5.6600000000e+02,8.6500801983e-03,7.7760296394e-03,9.4198139022e-02,3.8402454065e-01,1.8997224481e-01,1.5003819502e-01,1.6534077065e-01,2.5173610628e+00
5.6650000000e+02,8.5995228740e-03,7.7028647934e-03,9.5685788431e-02,3.8241264716e-01,1.9251135496e-01,1.4798581303e-01,1.6510200875e-01,2.5239046276e+00
5.6700000000e+02,8.5862083649e-03,7.7386185030e-03,9.6138507235e-02,3.8287320097e-01,1.9494064195e-01,1.4644788738e-01,1.6327493560e-01,2.5288634507e+00
5.6750000000e+02,8.5137559358e-03,7.7537326685e-03,9.7451524089e-02,3.8352835964e-01,1.9506497944e-01,1.4470943536e-01,1.6297821287e-01,2.5308945799e+00
5.6800000000e+02,8.4804236680e-03,7.7599869848e-03,9.9218519571e-02,3.8307073484e-01,1.9786719043e-01,1.4161849656e-01,1.6198464796e-01,2.5350427612e+00
5.6850000000e+02,8.3797401170e-03,7.8610965864e-03,1.0069566707e-01,3.8237633280e-01,1.9943939352e-01,1.3950936327e-01,1.6173840664e-01,2.5401850969e+00
5.6900000000e+02,8.3640840103e-03,8.0085236833e-03,1.0257018292e-01,3.8320466839e-01,2.0049280931e-01,1.3786378998e-01,1.5949594170e-01,2.5444167949e+00
5.6950000000e+02,8.3352190036e-03,8.0678822526e-03,1.0327495497e-01,3.8427533593e-01,2.0234918331e-01,1.3664108428e-01,1.5705634025e-01,2.5467892941e+00
5.7000000000e+02,8.2881041740e-03,8.0686615098e-03,1.0463336689e-01,3.8465658701e-01,2.0418277483e-01,1.3489241842e-01,1.5527808717e-01,2.5448617833e+00
5.7050000000e+02,8.2175502952e-03,8.1608542527e-03,1.0507092173e-01,3.8656124068e-01,2.0621413839e-01,1.3133097463e-01,1.5444432002e-01,2.5444614671e+00
5.7100000000e+02,8.1407483119e-03,8.0787239260e-03,1.0638165013e-01,3.8694908524e-01,2.0638298354e-01,1.3012650485e-01,1.5394030400e-01,2.5466034486e+00
5.7150000000e+02,8.0227654992e-03,8.1933830058e-03,1.0720332993e-01,3.8768054997e-01,2.0615952596e-01,1.2959498442e-01,1.5314546120e-01,2.5503429073e+00
5.7200000000e+02,8.0045223669e-03,8.1471734994e-03,1.0865226686e-01,3.8810405803e-01,2.0613462156e-01,1.2915778014e-01,1.5179957754e-01,2.5524520896e+00
5.7250000000e+02,7.9423479618e-03,8.1412989009e-03,1.1110400960e-01,3.8575510563e-01,2.0718517708e-01,1.2770998821e-01,1.5216207262e-01,2.5613141876e+00
5.7300000000e+02,7.8687797918e-03,8.0056465237e-03,1.1111727405e-01,3.8801487079e-01,2.0799916027e-01,1.2686585157e-01,1.5012841700e-01,2.5630401992e+00
5.7350000000e+02,7.8163635520e-03,8.0636302210e-03,1.1181180563e-01,3.8959075935e-01,2.0912109761e-01,1.2487646183e-01,1.4871988180e-01,2.5644495153e+00
5.7400000000e+02,7.7128729943e-03,7.9042629451e-03,1.1293488836e-01,3.8945991004e-01,2.0865028372e-01,1.2447514543e-01,1.4886263651e-01,2.5671797458e+00
5.7450000000e+02,7.6528289312e-03,7.9161002064e-03,1.1430817115e-01,3.8898805235e-01,2.0929173566e-01,1.2175609761e-01,1.5008701408e-01,2.5693350745e+00
5.7500000000e+02,7.5724582353e-03,7.8168026252e-03,1.1688351832e-01,3.8880375628e-01,2.1006842618e-01,1.1952701835e-01,1.4932802001e-01,2.5753278589e+00
5.7550000000e+02,7.5322385462e-03,7.8413289375e-03,1.1799888042e-01,3.8939230984e-01,2.1083635313e-01,1.1793878310e-01,1.4846010602e-01,2.5821976449e+00
5.7600000000e+02,7.4472556771e-03,7.6731451862e-03,1.1940243942e-01,3.8792693793e-01,2.1362826232e-01,1.1581068983e-01,1.4811126964e-01,2.5876335633e+00
5.7650000000e+02,7.2982487848e-03,7.4695953067e-03,1.2046531106e-01,3.8910893284e-01,2.1584057488e-01,1.1309703655e-01,1.4672030059e-01,2.5804212690e+00
5.7700000000e+02,7.1994713468e-03,7.4498599015e-03,1.2122023550e-01,3.8906620239e-01,2.1683508009e-01,1.1089490042e-01,1.4733425035e-01,2.5825774866e+00
5.7750000000e+02,7.1626677322e-03,7.4468496070e-03,1.2236510482e-01,3.9086856776e-01,2.1629501332e-01,1.0818402172e-01,1.4767777504e-01,2.5790454809e+00
5.7800000000e+02,7.1932138195e-03,7.3182949106e-03,1.2377015096e-01,3.9296851130e-01,2.1644129883e-01,1.0624119316e-01,1.4606733702e-01,2.5769280730e+00
5.7850000000e+02,7.1058045007e-03,7.4471499038e-03,1.2502632690e-01,3.9523750562e-01,2.1641279091e-01,1.0478733611e-01,1.4398308606e-01,2.5812410630e+00
5.7900000000e+02,7.0579360552e-03,7.4399790119e-03,1.2731661041e-01,3.9625206840e-01,2.1708440233e-01,1.0178085951e-01,1.4306814427e-01,2.5785718705e+00
5.7950000000e+02,6.9762144450e-03,7.5077527175e-03,1.2754369367e-01,3.9577223613e-01,2.1853802067e-01,1.0028749321e-01,1.4337458916e-01,2.5807714406e+00
5.8000000000e+02,6.9415301641e-03,7.4057191624e-03,1.2902807619e-01,3.9685855524e-01,2.1932370831e-01,9.8519913104e-02,1.4192249783e-01,2.5806905946e+00
5.8050000000e+02,6.8780568230e-03,7.4519555456e-03,1.3042676140e-01,3.9660818327e-01,2.2114240996e-01,9.6371795999e-02,1.4112083701e-01,2.5848421923e+00
5.8100000000e+02,6.7957750173e-03,7.4877712976e-03,1.3203208112e-01,3.9601620240e-01,2.2301106543e-01,9.3891784732e-02,1.4076532001e-01,2.5885518458e+00
5.8150000000e+02,6.7776553237e-03,7.5776102870e-03,1.3355769986e-01,3.9490256150e-01,2.2479394256e-01,9.2418612193e-02,1.3997191827e-01,2.5937378399e+00
5.8200000000e+02,6.7169852423e-03,7.7785470603e-03,1.3490377187e-01,3.9673749797e-01,2.2493302422e-01,9.0823499219e-02,1.3810667442e-01,2.5930366242e+00
5.8250000000e+02,6.6259487750e-03,7.8086230544e-03,1.3833061816e-01,3.9622676157e-01,2.2597715596e-01,8.8829604190e-02,1.3620128829e-01,2.5939472398e+00
5.8300000000e+02,6.5600271321e-03,7.8858413043e-03,1.4036336074e-01,3.9630993422e-01,2.2695112856e-01,8.7342572342e-02,1.3458713571e-01,2.5925881877e+00
5.8350000000e+02,6.4599662765e-03,7.8788263014e-03,1.4178944366e-01,3.9770722911e-01,2.2725962150e-01,8.5520141885e-02,1.3338477126e-01,2.5921397129e+00
5.8400000000e+02,6.4269595152e-03,7.9381912387e-03,1.4223634170e-01,3.9910936841e-01,2.2809240466e-01,8.2724577742e-02,1.3347215673e-01,2.5923299580e+00
5.8450000000e+02,6.3411597112e-03,8.0615025073e-03,1.4257951266e-01,4.0044364672e-01,2.2758478590e-01,8.1183645227e-02,1.3380574728e-01,2.5927488587e+00
5.8500000000e+02,6.2802634023e-03,7.9564894215e-03,1.4473453326e-01,3.9995068885e-01,2.2743615869e-01,8.0619271447e-02,1.3302259493e-01,2.5918830196e+00
5.8550000000e+02,6.1685508934e-03,7.7645999777e-03,1.4714331955e-01,4.0037658396e-01,2.2720337234e-01,7.7937243849e-02,1.3340632943e-01,2.5886805202e+00
5.8600000000e+02,6.2226045074e-03,7.8518427344e-03,1.4937615335e-01,4.0004030974e-01,2.2632637486e-01,7.6635972908e-02,1.3354674191e-01,2.5934286417e+00
5.8650000000e+02,6.1630052145e-03,7.8203693021e-03,1.5133227417e-01,4.0090716508e-01,2.2500897344e-01,7.5335179339e-02,1.3343303344e-01,2.5900229182e+00
5.8700000000e+02,6.1764146353e-03,7.8608525895e-03,1.5287513267e-01,4.0163686860e-01,2.2337627492e-01,7.4369465196e-02,1.3370499139e-01,2.5931779878e+00
5.8750000000e+02,6.1772487612e-03,7.7977136629e-03,1.5464213722e-01,4.0249101619e-01,2.2378999915e-01,7.2138935867e-02,1.3296294915e-01,2.5904615199e+00
5.8800000000e+02,6.2344431628e-03,7.7869303544e-03,1.5587135720e-01,4.0126646987e-01,2.2643880920e-01,6.9354921078e-02,1.3304706914e-01,2.5975714703e+00
5.8850000000e+02,6.2343350412e-03,7.8730087733e-03,1.5792175728e-01,4.0203360282e-01,2.2629781628e-01,6.7636760646e-02,1.3200271917e-01,2.5964278447e+00
5.8900000000e+02,6.2101835613e-03,7.9928986305e-03,1.5901867419e-01,4.0378287233e-01,2.2570927904e-01,6.6034739654e-02,1.3125135259e-01,2.5975289943e+00
5.8950000000e+02,6.1947953325e-03,8.0901133818e-03,1.6002947123e-01,4.0496946877e-01,2.2588928113e-01,6.3779754426e-02,1.3104711574e-01,2.5928036513e+00
5.9000000000e+02,6.1950742900e-03,8.0418340417e-03,1.6263756289e-01,4.0440718833e-01,2.2629144269e-01,6.1968310061e-02,1.3045858770e-01,2.5911548722e+00
5.9050000000e+02,6.1552632281e-03,7.9208970706e-03,1.6393383453e-01,4.0540285678e-01,2.2574219417e-01,6.1166194387e-02,1.2967875983e-01,2.5895528242e+00
5.9100000000e+02,6.0936911545e-03,7.8158746281e-03,1.6446941907e-01,4.0657824411e-01,2.2660128803e-01,5.9286240029e-02,1.2915524298e-01,2.5856039124e+00
5.9150000000e+02,6.1487878176e-03,7.9756799940e-03,1.6553878548e-01,4.0758469803e-01,2.2618866913e-01,5.7447554954e-02,1.2911582459e-01,2.5828107379e+00
5.9200000000e+02,6.0711827056e-03,7.8474599747e-03,1.6481427316e-01,4.1047182521e-01,2.2822480176e-01,5.4913789850e-02,1.2765666735e-01,2.5724938249e+00
5.9250000000e+02,6.0583218163e-03,7.9949844261e-03,1.6644528458e-01,4.1023760496e-01,2.2897782315e-01,5.3818401830e-02,1.2646757924e-01,2.5744794589e+00
5.9300000000e+02,6.0441394918e-03,8.0306874395e-03,1.6823965351e-01,4.1121988622e-01,2.2808881055e-01,5.2575915190e-02,1.2580090760e-01,2.5731876933e+00
5.9350000000e+02,6.0472569223e-03,8.0764329226e-03,1.7065782910e-01,4.0936952920e-01,2.2960616046e-01,5.0678872030e-02,1.2556391936e-01,2.5774351079e+00
5.9400000000e+02,5.9120153132e-03,7.9745429400e-03,1.7140809471e-01,4.1189616319e-01,2.3065077294e-01,4.7898123482e-02,1.2426028742e-01,2.5677738883e+00
5.9450000000e+02,5.8909805834e-03,7.8929396650e-03,1.7160248251e-01,4.1498993972e-01,2.3119757709e-01,4.5902250120e-02,1.2252383030e-01,2.5637837139e+00
5.9500000000e+02,5.8339676184e-03,7.8051158058e-03,1.7327863094e-01,4.1559380436e-01,2.3145723778e-01,4.4707409571e-02,1.2132383393e-01,2.5641061878e+00
5.9550000000e+02,5.8400144827e-03,7.8426793291e-03,1.7558786097e-01,4.1626148429e-01,2.3257469256e-01,4.3025941152e-02,1.1886732721e-01,2.5623116159e+00
5.9600000000e+02,5.8651970875e-03,7.8634433852e-03,1.7795439312e-01,4.1659201231e-01,2.3107372233e-01,4.1969929991e-02,1.1868130177e-01,2.5580824722e+00
5.9650000000e+02,5.8106853989e-03,7.9466630196e-03,1.7906502913e-01,4.1721819709e-01,2.3140315019e-01,4.0724673940e-02,1.1783160123e-01,2.5598568471e+00
5.9700000000e+02,5.7455980682e-03,7.9859081575e-03,1.8076305745e-01,4.1896561269e-01,2.3066070750e-01,3.9441337912e-02,1.1643777822e-01,2.5552827567e+00
5.9750000000e+02,5.7232688910e-03,7.8438091250e-03,1.8331717886e-01,4.1839605988e-01,2.3164259903e-01,3.7142846823e-02,1.1593423739e-01,2.5484947868e+00
5.9800000000e+02,5.6624339565e-03,7.7739384200e-03,1.8599026173e-01,4.1829720486e-01,2.3159135110e-01,3.5062808284e-02,1.1562200165e-01,2.5435334478e+00
5.9850000000e+02,5.6969707744e-03,7.7053658610e-03,1.8830428994e-01,4.1813246539e-01,2.3108403972e-01,3.3938209631e-02,1.1513865869e-01,2.5393034226e+00
5.9900000000e+02,5.6019830581e-03,7.6983825194e-03,1.9098619832e-01,4.1903207162e-01,2.3016944215e-01,3.2546214101e-02,1.1396570823e-01,2.5289704577e+00
5.9950000000e+02,5.5311243512e-03,7.7239213617e-03,1.9307284776e-01,4.1974710090e-01,2.3031535653e-01,3.1454932203e-02,1.1215471689e-01,2.5204720585e+00
6.0000000000e+02,5.5194594012e-03,7.7212911707e-03,1.9686077174e-01,4.1755561487e-01,2.3061865204e-01,3.0328112849e-02,1.1139609793e-01,2.5185644108e+00
6.0050000000e+02,5.4533249696e-03,7.7645398926e-03,1.9887263754e-01,4.1821859180e-01,2.2998114229e-01,2.9331059078e-02,1.1037870442e-01,2.5079576313e+00
6.0100000000e+02,5.5021413562e-03,7.7840065022e-03,2.0233292956e-01,4.1610668697e-01,2.3042422793e-01,2.8768367727e-02,1.0908163995e-01,2.5103220634e+00
6.0150000000e+02,5.5327178661e-03,7.6843670661e-03,2.0432515446e-01,4.1739486609e-01,2.3018116168e-01,2.7738888918e-02,1.0714284392e-01,2.5001496891e+00
6.0200000000e+02,5.4855550975e-03,7.5962061085e-03,2.0627379812e-01,4.1820526385e-01,2.3022602319e-01,2.6740454797e-02,1.0547269884e-01,2.4969165136e+00
6.0250000000e+02,5.4870946005e-03,7.5574282659e-03,2.0780673744e-01,4.1982884317e-01,2.2972295390e-01,2.5751659260e-02,1.0384528336e-01,2.4863231481e+00
6.0300000000e+02,5.4977600407e-03,7.5943777999e-03,2.1029887009e-01,4.1920706765e-01,2.2975697348e-01,2.5047296894e-02,1.0259765406e-01,2.4868919354e+00
6.0350000000e+02,5.5212049993e-03,7.4455748829e-03,2.1236870659e-01,4.1675784548e-01,2.3003863287e-01,2.4381747442e-02,1.0348628774e-01,2.4883658568e+00
6.0400000000e+02,5.5647981980e-03,7.4335396534e-03,2.1482614045e-01,4.1643581991e-01,2.3002708956e-01,2.3358148854e-02,1.0235446338e-01,2.4804544486e+00
6.0450000000e+02,5.5870726799e-03,7.3936081590e-03,2.1776015576e-01,4.1365215115e-01,2.3005366886e-01,2.2882327411e-02,1.0267101598e-01,2.4852382764e+00
6.0500000000e+02,5.5589147340e-03,7.4213654352e-03,2.1891305993e-01,4.1537769912e-01,2.2863232595e-01,2.2370728857e-02,1.0172590597e-01,2.4819048162e+00
6.0550000000e+02,5.4616562603e-03,7.2951372974e-03,2.2064494564e-01,4.1551476744e-01,2.2798151660e-01,2.1719515839e-02,1.0138246093e-01,2.4707390513e+00
6.0600000000e+02,5.4198194289e-03,7.3096596870e-03,2.2175587022e-01,4.1545431179e-01,2.2785957776e-01,2.1160685054e-02,1.0104007607e-01,2.4675358243e+00
6.0650000000e+02,5.4001223122e-03,7.1287726604e-03,2.2531459351e-01,4.1303713784e-01,2.2844495188e-01,2.0469754041e-02,1.0020466775e-01,2.4604422047e+00
6.0700000000e+02,5.4560282084e-03,7.1740611751e-03,2.2781313931e-01,4.1226836833e-01,2.2693933985e-01,2.0202600777e-02,1.0014646236e-01,2.4622517119e+00
6.0750000000e+02,5.4835468204e-03,7.1334314035e-03,2.3007878217e-01,4.1078946696e-01,2.2655655937e-01,2.0164064467e-02,9.9794148811e-02,2.4645110566e+00
6.0800000000e+02,5.4958718981e-03,7.0011407645e-03,2.3115909445e-01,4.1025832824e-01,2.2663283551e-01,2.0079737626e-02,9.9372991518e-02,2.4634235663e+00
6.0850000000e+02,5.5472936168e-03,6.8554719928e-03,2.3266039175e-01,4.0962869937e-01,2.2687506219e-01,1.9670030036e-02,9.8763051043e-02,2.4638103414e+00
6.0900000000e+02,5.5182406905e-03,6.6641340334e-03,2.3497886198e-01,4.0931603982e-01,2.2728470845e-01,1.9383907830e-02,9.6854107192e-02,2.4599247677e+00
6.0950000000e+02,5.5282917861e-03,6.7049808829e-03,2.3728535794e-01,4.0905733387e-01,2.2594200866e-01,1.9589804266e-02,9.5892222596e-02,2.4610895113e+00
6.1000000000e+02,5.5420376325e-03,6.8770151362e-03,2.3891139458e-01,4.1008310459e-01,2.2295995929e-01,1.9815477819e-02,9.5811010949e-02,2.4596900118e+00
6.1050000000e+02,5.6088328387e-03,6.9164767614e-03,2.4095328638e-01,4.1044029991e-01,2.2092769539e-01,1.9893505052e-02,9.5259903662e-02,2.4620613869e+00
6.1100000000e+02,5.5411847398e-03,6.7866010339e-03,2.4265513998e-01,4.1033864409e-01,2.2074460231e-01,1.9909595521e-02,9.4024232322e-02,2.4555577230e+00
6.1150000000e+02,5.5390007010e-03,6.6816715899e-03,2.4602493018e-01,4.0787364686e-01,2.2023506110e-01,2.0062539787e-02,9.3583149780e-02,2.4581583376e+00
6.1200000000e+02,5.5221779703e-03,6.6762581401e-03,2.4908843863e-01,4.0547844585e-01,2.1970043378e-01,2.0088215875e-02,9.3446029764e-02,2.4625640268e+00
6.1250000000e+02,5.5190070826e-03,6.6539373914e-03,2.5131677874e-01,4.0528947435e-01,2.1779835206e-01,2.0525674563e-02,9.2896775806e-02,2.4627489104e+00
6.1300000000e+02,5.4749640226e-03,6.5627592500e-03,2.5194024674e-01,4.0812963081e-01,2.1528737916e-01,2.0635181447e-02,9.1969838569e-02,2.4525421319e+00
6.1350000000e+02,5.4077557796e-03,6.4589246858e-03,2.5207448515e-01,4.1069354646e-01,2.1344863712e-01,2.1106413681e-02,9.0810237123e-02,2.4525377649e+00
6.1400000000e+02,5.4375513173e-03,6.4092319388e-03,2.5415205939e-01,4.1110634303e-01,2.1175523283e-01,2.1666751574e-02,8.9472829917e-02,2.4526324060e+00
6.1450000000e+02,5.4861818227e-03,6.3088508892e-03,2.5724352997e-01,4.0945077043e-01,2.1092081874e-01,2.1934043951e-02,8.8655804196e-02,2.4575108798e+00
6.1500000000e+02,5.5361552798e-03,6.2610964167e-03,2.6064791065e-01,4.0530754156e-01,2.1130474508e-01,2.2478785625e-02,8.8463765388e-02,2.4675323214e+00
6.1550000000e+02,5.4951377954e-03,6.2343453725e-03,2.6517140251e-01,4.0229368025e-01,2.0944823774e-01,2.3107900321e-02,8.8249296004e-02,2.4712142216e+00
6.1600000000e+02,5.5535867080e-03,6.2547834664e-03,2.6721900161e-01,4.0213750467e-01,2.0711094891e-01,2.3836353768e-02,8.7887820869e-02,2.4781709363e+00
6.1650000000e+02,5.5325214349e-03,6.1734429613e-03,2.6856352456e-01,4.0257959938e-01,2.0576852825e-01,2.4608164956e-02,8.6774218468e-02,2.4772327878e+00
6.1700000000e+02,5.5111240031e-03,6.0415715541e-03,2.7000839005e-01,4.0249965661e-01,2.0480376691e-01,2.5240979316e-02,8.5894511555e-02,2.4776530946e+00
6.1750000000e+02,5.4698507991e-03,6.0447190848e-03,2.7271750470e-01,4.0167787639e-01,2.0236816867e-01,2.6070495837e-02,8.5651384515e-02,2.4820952691e+00
6.1800000000e+02,5.4638794986e-03,5.9738066560e-03,2.7429891664e-01,4.0171657371e-01,2.0112602376e-01,2.6830664933e-02,8.4590134796e-02,2.4822629463e+00
6.1850000000e+02,5.4957437282e-03,5.9788948800e-03,2.7607566390e-01,4.0091944371e-01,1.9981312129e-01,2.7813335812e-02,8.3903796681e-02,2.4854626270e+00
6.1900000000e+02,5.4702747312e-03,5.9222013075e-03,2.7948329239e-01,3.9867675070e-01,1.9916339666e-01,2.8302198868e-02,8.2981885347e-02,2.4790057520e+00
6.1950000000e+02,5.4550724726e-03,5.9168182815e-03,2.8080467685e-01,3.9814998787e-01,1.9831468206e-01,2.9307656947e-02,8.2051105514e-02,2.4844575020e+00
6.2000000000e+02,5.4390282328e-03,5.8774575477e-03,2.8485212381e-01,3.9600965640e-01,1.9615688629e-01,3.0221491641e-02,8.1443356079e-02,2.4806660039e+00
6.2050000000e+02,5.4551751862e-03,5.7844351784e-03,2.8649295940e-01,3.9546861020e-01,1.9494685458e-01,3.0962362097e-02,8.0889603357e-02,2.4772635510e+00
6.2100000000e+02,5.4549788232e-03,5.7151447500e-03,2.8998012196e-01,3.9177833559e-01,1.9478284757e-01,3.1778766685e-02,8.0509804612e-02,2.4796227516e+00
6.2150000000e+02,5.5587600336e-03,5.7527827661e-03,2.9350779784e-01,3.8837075570e-01,1.9371987226e-01,3.2973175780e-02,8.0116855614e-02,2.4898966421e+00
6.2200000000e+02,5.5236776524e-03,5.6792484729e-03,2.9775370218e-01,3.8600603697e-01,1.9267840090e-01,3.4004402662e-02,7.8354531159e-02,2.4888564754e+00
6.2250000000e+02,5.5219166041e-03,5.6787703386e-03,3.0033925487e-01,3.8562577160e-01,1.9001479929e-01,3.5253910382e-02,7.7565576917e-02,2.4833645515e+00
6.2300000000e+02,5.5672674868e-03,5.6196070531e-03,3.0208616668e-01,3.8518681922e-01,1.8803542028e-01,3.6356338773e-02,7.7148380508e-02,2.4830975410e+00
6.2350000000e+02,5.6011152783e-03,5.5095231785e-03,3.0361129211e-01,3.8454765692e-01,1.8735840219e-01,3.6794690805e-02,7.6577319524e-02,2.4792861570e+00
6.2400000000e+02,5.6152201150e-03,5.4889858539e-03,3.0634855715e-01,3.8280192600e-01,1.8615136148e-01,3.7522003566e-02,7.6071945828e-02,2.4728993227e+00
6.2450000000e+02,5.6040798021e-03,5.4702419255e-03,3.0836528567e-01,3.8275791990e-01,1.8414458107e-01,3.8666559880e-02,7.4991331749e-02,2.4669303890e+00
6.2500000000e+02,5.6525120731e-03,5.4828728847e-03,3.0982282678e-01,3.8187762078e-01,1.8341030507e-01,3.9170613585e-02,7.4583248832e-02,2.4641492367e+00
6.2550000000e+02,5.7154431207e-03,5.5213573607e-03,3.1069743379e-01,3.8031180887e-01,1.8334930444e-01,4.0386956870e-02,7.4017695550e-02,2.4732408623e+00
6.2600000000e+02,5.7320851411e-03,5.5350914029e-03,3.1447946168e-01,3.7672557200e-01,1.8287603125e-01,4.1358455543e-02,7.3293302971e-02,2.4727914078e+00
6.2650000000e+02,5.6880395443e-03,5.5304828930e-03,3.1688196962e-01,3.7534068100e-01,1.8144970372e-01,4.2638400109e-02,7.2470723111e-02,2.4658232497e+00
6.2700000000e+02,5.6987587771e-03,5.4904051647e-03,3.2089903130e-01,3.7182630639e-01,1.7940230738e-01,4.4117934572e-02,7.2565256422e-02,2.4637499488e+00
6.2750000000e+02,5.7031030320e-03,5.4790281403e-03,3.2347763986e-01,3.6996828173e-01,1.7790757211e-01,4.5341828694e-02,7.2122546432e-02,2.4639926011e+00
6.2800000000e+02,5.7164563134e-03,5.4162688061e-03,3.2551050725e-01,3.6710780273e-01,1.7739247362e-01,4.6202672091e-02,7.2653819184e-02,2.4694139658e+00
6.2850000000e+02,5.7511302654e-03,5.3761618745e-03,3.2853557192e-01,3.6457971782e-01,1.7603338140e-01,4.7333831148e-02,7.2390205572e-02,2.4708110942e+00
6.2900000000e+02,5.7769249731e-03,5.3495445299e-03,3.3267890257e-01,3.6061719003e-01,1.7602742782e-01,4.7610272975e-02,7.1939737092e-02,2.4668300879e+00
6.2950000000e+02,5.8093980233e-03,5.3521569495e-03,3.3635041773e-01,3.5765714163e-01,1.7408586957e-01,4.9257432518e-02,7.1487583572e-02,2.4636682693e+00
6.3000000000e+02,5.8651458257e-03,5.3729463451e-03,3.4079451198e-01,3.5455949437e-01,1.7226201268e-01,5.0541571623e-02,7.0604317171e-02,2.4592653447e+00
6.3050000000e+02,5.8757893642e-03,5.3769419237e-03,3.4277325424e-01,3.5437313816e-01,1.7092178403e-01,5.1249767261e-02,6.9429325018e-02,2.4536976082e+00
6.3100000000e+02,5.8730699139e-03,5.4165115784e-03,3.4562927254e-01,3.5140165198e-01,1.6933422741e-01,5.2591983314e-02,6.9753283263e-02,2.4574362000e+00
6.3150000000e+02,5.9818609894e-03,5.4669959452e-03,3.4905670775e-01,3.4645789360e-01,1.6796652970e-01,5.4534396392e-02,7.0535615631e-02,2.4685093807e+00
6.3200000000e+02,6.0453008366e-03,5.5643703703e-03,3.5087473591e-01,3.4387309423e-01,1.6626924847e-01,5.6112974897e-02,7.1260275281e-02,2.4731495030e+00
6.3250000000e+02,6.0689488006e-03,5.5826661992e-03,3.5575034879e-01,3.4003358765e-01,1.6462259573e-01,5.6870231995e-02,7.1071620824e-02,2.4668628742e+00
6.3300000000e+02,6.0650410998e-03,5.6331688769e-03,3.5771575455e-01,3.3997812404e-01,1.6195844598e-01,5.8327027286e-02,7.0322438160e-02,2.4599750597e+00
6.3350000000e+02,6.0565914443e-03,5.6689728415e-03,3.6415393006e-01,3.3435956516e-01,1.5996846200e-01,6.0284952181e-02,6.9507526311e-02,2.4552616717e+00
6.3400000000e+02,6.1207809825e-03,5.7237815059e-03,3.6853672965e-01,3.3012167929e-01,1.5864054150e-01,6.1746845085e-02,6.9109641982e-02,2.4561126698e+00
6.3450000000e+02,6.2469118654e-03,5.8185708245e-03,3.7241520181e-01,3.2586158952e-01,1.5848407811e-01,6.2895519834e-02,6.8278128038e-02,2.4593930467e+00
6.3500000000e+02,6.3145321087e-03,5.8161392877e-03,3.7598232993e-01,3.2260694435e-01,1.5585923677e-01,6.5330203119e-02,6.8090614436e-02,2.4572917295e+00
6.3550000000e+02,6.3617147356e-03,5.8363663692e-03,3.7984527554e-01,3.1956743606e-01,1.5443745124e-01,6.6719528195e-02,6.7232227853e-02,2.4499120882e+00
6.3600000000e+02,6.4224130407e-03,5.8939750454e-03,3.8458669160e-01,3.1402399823e-01,1.5327223048e-01,6.8095765301e-02,6.7704926301e-02,2.4506524730e+00
6.3650000000e+02,6.4558985368e-03,5.9391190086e-03,3.8800584119e-01,3.1054007678e-01,1.5330440676e-01,6.8103109427e-02,6.7651548303e-02,2.4491208264e+00
6.3700000000e+02,6.4383163464e-03,6.0430181213e-03,3.9027902729e-01,3.0757085470e-01,1.5268130793e-01,6.9306866617e-02,6.7680608988e-02,2.4533515088e+00
6.3750000000e+02,6.5364382625e-03,6.0711362241e-03,3.9386357926e-01,3.0316800173e-01,1.5265720182e-01,6.9780053850e-02,6.7923588844e-02,2.4546822765e+00
6.3800000000e+02,6.6259861965e-03,6.0930574364e-03,3.9701157705e-01,2.9966422382e-01,1.5140483213e-01,7.0923784433e-02,6.8276538934e-02,2.4576967120e+00
6.3850000000e+02,6.6534175552e-03,6.1914734432e-03,4.0097992421e-01,2.9641716885e-01,1.4991230853e-01,7.2131274881e-02,6.7714432538e-02,2.4547329102e+00
6.3900000000e+02,6.7102149063e-03,6.2156717295e-03,4.0453490858e-01,2.9212376975e-01,1.4860357897e-01,7.3897757573e-02,6.7914098499e-02,2.4565786502e+00
6.3950000000e+02,6.7985516240e-03,6.3404298466e-03,4.0656411913e-01,2.8884803813e-01,1.4778923243e-01,7.5546892119e-02,6.8112736713e-02,2.4629053968e+00
6.4000000000e+02,6.8229713099e-03,6.4225854600e-03,4.0935291011e-01,2.8558779739e-01,1.4611339241e-01,7.6942385273e-02,6.8757958053e-02,2.4633341403e+00
6.4050000000e+02,6.9998651540e-03,6.4707027884e-03,4.1323349360e-01,2.8139825368e-01,1.4409708978e-01,7.9118202034e-02,6.8682392966e-02,2.4654710391e+00
6.4100000000e+02,7.1247318104e-03,6.5539329062e-03,4.1762900001e-01,2.7783418978e-01,1.4243746054e-01,8.0043388661e-02,6.8377296293e-02,2.4603314441e+00
6.4150000000e+02,7.1621224072e-03,6.6439134542e-03,4.2146536741e-01,2.7412382307e-01,1.4166717450e-01,8.0256168557e-02,6.8681430590e-02,2.4528250745e+00
6.4200000000e+02,7.2228367252e-03,6.7315295091e-03,4.2408582167e-01,2.7034322159e-01,1.3973123772e-01,8.2530172287e-02,6.9355180496e-02,2.4554807918e+00
6.4250000000e+02,7.3011415011e-03,6.9308066043e-03,4.2560294415e-01,2.6671085510e-01,1.3933514043e-01,8.4440423222e-02,6.9678688987e-02,2.4626629443e+00
6.4300000000e+02,7.3504393690e-03,7.0207790575e-03,4.2815218727e-01,2.6300091845e-01,1.3910032130e-01,8.4921056523e-02,7.0454298028e-02,2.4613008760e+00
6.4350000000e+02,7.3609341363e-03,7.0942161415e-03,4.3288070971e-01,2.5960196223e-01,1.3787013347e-01,8.5831637877e-02,6.9360406431e-02,2.4460043583e+00
6.4400000000e+02,7.4530508731e-03,7.2515448343e-03,4.3501066638e-01,2.5822127591e-01,1.3641570477e-01,8.7061303254e-02,6.8586453976e-02,2.4368375533e+00
6.4450000000e+02,7.5490578072e-03,7.3824091054e-03,4.3899874120e-01,2.5420675407e-01,1.3541853951e-01,8.8432846918e-02,6.8011651389e-02,2.4334552816e+00
6.4500000000e+02,7.5663312785e-03,7.4526009202e-03,4.4323145382e-01,2.4941441106e-01,1.3245844778e-01,9.2003870198e-02,6.7872884948e-02,2.4329054479e+00
6.4550000000e+02,7.5311481991e-03,7.5555840674e-03,4.4713105526e-01,2.4577682079e-01,1.3004355034e-01,9.4636703306e-02,6.7325138042e-02,2.4230873381e+00
6.4600000000e+02,7.5370496721e-03,7.7406097944e-03,4.4915494664e-01,2.4293206353e-01,1.3061044929e-01,9.5136593419e-02,6.6888287662e-02,2.4169853643e+00
6.4650000000e+02,7.5708159765e-03,7.8111998798e-03,4.5234401948e-01,2.3912086286e-01,1.2987075860e-01,9.6084819495e-02,6.7197523702e-02,2.4126913259e+00
6.4700000000e+02,7.7071639491e-03,7.9541171443e-03,4.5520438753e-01,2.3480777784e-01,1.2864275599e-01,9.8195859259e-02,6.7487938281e-02,2.4134127485e+00
6.4750000000e+02,7.6983951235e-03,8.1430767585e-03,4.5849716696e-01,2.3081365958e-01,1.2643783337e-01,1.0058468162e-01,6.7825186587e-02,2.4097148930e+00
6.4800000000e+02,7.6831017963e-03,8.2031511738e-03,4.6264569204e-01,2.2630060161e-01,1.2448269522e-01,1.0290454476e-01,6.7780213385e-02,2.4017580847e+00
6.4850000000e+02,7.7218910561e-03,8.1875728615e-03,4.6710083884e-01,2.2214320922e-01,1.2326547367e-01,1.0423267407e-01,6.7348340283e-02,2.3898241058e+00
6.4900000000e+02,7.8731768084e-03,8.2259388707e-03,4.6941658152e-01,2.1955060778e-01,1.2131196834e-01,1.0631441760e-01,6.7307309075e-02,2.3848103408e+00
6.4950000000e+02,7.9994301154e-03,8.3476856623e-03,4.7548712914e-01,2.1378043199e-01,1.1815415760e-01,1.0882892438e-01,6.7402241117e-02,2.3748751814e+00
6.5000000000e+02,8.1291430201e-03,8.4337811461e-03,4.7854734740e-01,2.1055740501e-01,1.1699559037e-01,1.1011076024e-01,6.7225972829e-02,2.3738926742e+00
6.5050000000e+02,8.2032139306e-03,8.4997375163e-03,4.8215606115e-01,2.0770326022e-01,1.1457797442e-01,1.1242026989e-01,6.6439482875e-02,2.3614850494e+00
6.5100000000e+02,8.2736261614e-03,8.5721408810e-03,4.8491654304e-01,2.0487163560e-01,1.1154971138e-01,1.1539596089e-01,6.6420382045e-02,2.3528499310e+00
6.5150000000e+02,8.4052429373e-03,8.6267777962e-03,4.8707655576e-01,2.0259876914e-01,1.1040396013e-01,1.1592310209e-01,6.6965592137e-02,2.3433601834e+00
6.5200000000e+02,8.4112070150e-03,8.7096674339e-03,4.9080182142e-01,1.9879079209e-01,1.0931232503e-01,1.1727907822e-01,6.6695108793e-02,2.3345778228e+00
6.5250000000e+02,8.5010027151e-03,8.7591713313e-03,4.9419102250e-01,1.9495647816e-01,1.0692183848e-01,1.2065951051e-01,6.6010976310e-02,2.3236100725e+00
6.5300000000e+02,8.5056964932e-03,8.7801793701e-03,4.9943849308e-01,1.9076300255e-01,1.0400016043e-01,1.2288801611e-01,6.5624451972e-02,2.3047013405e+00
6.5350000000e+02,8.7226722009e-03,9.0015467308e-03,5.0228271824e-01,1.8728308086e-01,1.0254445853e-01,1.2442911572e-01,6.5736407719e-02,2.2979640062e+00
6.5400000000e+02,8.7588616966e-03,9.1115246306e-03,5.0517066406e-01,1.8439019985e-01,9.9987457127e-02,1.2777821212e-01,6.4803080514e-02,2.2807096603e+00
6.5450000000e+02,8.9024695162e-03,9.2952286140e-03,5.0798415167e-01,1.8071461884e-01,9.9267343250e-02,1.2917691934e-01,6.4659268769e-02,2.2769857843e+00
6.5500000000e+02,8.8891727521e-03,9.2503199283e-03,5.1141425065e-01,1.7740916752e-01,9.7254595015e-02,1.3170643231e-01,6.4076061821e-02,2.2596203218e+00
6.5550000000e+02,8.9074241253e-03,9.3205566505e-03,5.1428460179e-01,1.7446406075e-01,9.4598406756e-02,1.3439451846e-01,6.4030431478e-02,2.2438893270e+00
6.5600000000e+02,9.0298692406e-03,9.3397468217e-03,5.1830141413e-01,1.7097624198e-01,9.3106858178e-02,1.3564877618e-01,6.3597093466e-02,2.2275423508e+00
6.5650000000e+02,9.0590749726e-03,9.4478646849e-03,5.2251958597e-01,1.6757473651e-01,9.1706359481e-02,1.3749208802e-01,6.2200290352e-02,2.2118772981e+00
6.5700000000e+02,9.0375948802e-03,9.4696774422e-03,5.2471688549e-01,1.6484377992e-01,9.0037404691e-02,1.3992746485e-01,6.1967192734e-02,2.1976254081e+00
6.5750000000e+02,9.0868644544e-03,9.6278111106e-03,5.2649107698e-01,1.6155276539e-01,8.8907697795e-02,1.4139847181e-01,6.2935312456e-02,2.1940830791e+00
6.5800000000e+02,9.1645788053e-03,9.7405074486e-03,5.2940660795e-01,1.5807301979e-01,8.8748200369e-02,1.4217016891e-01,6.2696916716e-02,2.1861124436e+00
6.5850000000e+02,9.2708022398e-03,9.8277454917e-03,5.3317555048e-01,1.5407101371e-01,8.7685042352e-02,1.4327602379e-01,6.2693821933e-02,2.1734274126e+00
6.5900000000e+02,9.2672544579e-03,9.9351297136e-03,5.3580232793e-01,1.5096162467e-01,8.6344223375e-02,1.4456585305e-01,6.3123586795e-02,2.1607233388e+00
6.5950000000e+02,9.3366652377e-03,1.0052066395e-02,5.3764537407e-01,1.4887368048e-01,8.3970003071e-02,1.4716157105e-01,6.2960639704e-02,2.1486802253e+00
6.6000000000e+02,9.4177998283e-03,1.0084756292e-02,5.4155121312e-01,1.4593481919e-01,8.1437054608e-02,1.4896690028e-01,6.2607456679e-02,2.1282666302e+00
6.6050000000e+02,9.5987913918e-03,1.0192386066e-02,5.4366841234e-01,1.4341248125e-01,7.9350968432e-02,1.5124937682e-01,6.2527583711e-02,2.1159627499e+00
6.6100000000e+02,9.8209726231e-03,1.0347032105e-02,5.4410141804e-01,1.4144246390e-01,7.7818256657e-02,1.5351309559e-01,6.2956761084e-02,2.1103472128e+00
6.6150000000e+02,9.9329013636e-03,1.0562341120e-02,5.4569351212e-01,1.3910091304e-01,7.6675763252e-02,1.5478036459e-01,6.3254204512e-02,2.1040052129e+00
6.6200000000e+02,9.8864240478e-03,1.0544298134e-02,5.5071639589e-01,1.3477428052e-01,7.4825985684e-02,1.5646874901e-01,6.2783866722e-02,2.0809839227e+00
6.6250000000e+02,1.0009387861e-02,1.0414998047e-02,5.5378451468e-01,1.3256294043e-01,7.3421610188e-02,1.5771891765e-01,6.2087631146e-02,2.0588889686e+00
6.6300000000e+02,1.0066686923e-02,1.0454715936e-02,5.5618578326e-01,1.2978822401e-01,7.2732950314e-02,1.5906504674e-01,6.1706592826e-02,2.0440064445e+00
6.6350000000e+02,1.0174301027e-02,1.0504465682e-02,5.5927838836e-01,1.2591305105e-01,7.1264708439e-02,1.6093408304e-01,6.1931002403e-02,2.0313915748e+00
6.6400000000e+02,1.0298022824e-02,1.0695796234e-02,5.6124452596e-01,1.2313641361e-01,6.9926083294e-02,1.6202148359e-01,6.2677674482e-02,2.0190680191e+00
6.6450000000e+02,1.0323899263e-02,1.0805959220e-02,5.6384759448e-01,1.2071891221e-01,6.8421870681e-02,1.6365034694e-01,6.2231417201e-02,1.9975278673e+00
6.6500000000e+02,1.0331726713e-02,1.0736265215e-02,5.6614043202e-01,1.1861445408e-01,6.6771511308e-02,1.6502709720e-01,6.2378513470e-02,1.9744920236e+00
6.6550000000e+02,1.0378815740e-02,1.0711014213e-02,5.6712360238e-01,1.1748137743e-01,6.4844564657e-02,1.6719228041e-01,6.2268345168e-02,1.9573663453e+00
6.6600000000e+02,1.0407102129e-02,1.0893030324e-02,5.6920085129e-01,1.1528276731e-01,6.3017301513e-02,1.6895916321e-01,6.2239784232e-02,1.9386118437e+00
6.6650000000e+02,1.0470632317e-02,1.0935558680e-02,5.7120446278e-01,1.1242139276e-01,6.1549487360e-02,1.7079198015e-01,6.2626485955e-02,1.9197256313e+00
6.6700000000e+02,1.0516078551e-02,1.1146199376e-02,5.7213538678e-01,1.1148275933e-01,5.9973061538e-02,1.7241714219e-01,6.2329372236e-02,1.9086795520e+00
6.6750000000e+02,1.0526258124e-02,1.1250288495e-02,5.7402009007e-01,1.0970152202e-01,5.8879061293e-02,1.7317947092e-01,6.2443309071e-02,1.8949596536e+00
6.6800000000e+02,1.0455501445e-02,1.1338373428e-02,5.7614385438e-01,1.0833444037e-01,5.7548746097e-02,1.7480984824e-01,6.1369236048e-02,1.8743015497e+00
6.6850000000e+02,1.0375126704e-02,1.1312031745e-02,5.7730436727e-01,1.0793786690e-01,5.5931457744e-02,1.7626168248e-01,6.0877467151e-02,1.8520495682e+00
6.6900000000e+02,1.0322263230e-02,1.1293725158e-02,5.8029834521e-01,1.0490308153e-01,5.4655578470e-02,1.7766643290e-01,6.0860573502e-02,1.8314532386e+00
6.6950000000e+02,1.0280279988e-02,1.1380292398e-02,5.8184873854e-01,1.0356021005e-01,5.3317826896e-02,1.7882086391e-01,6.0791788220e-02,1.8155900121e+00
6.7000000000e+02,1.0354830858e-02,1.1565238120e-02,5.8276122835e-01,1.0227831197e-01,5.2781351736e-02,1.7983462480e-01,6.0424414167e-02,1.8025860504e+00
6.7050000000e+02,1.0312781040e-02,1.1612004308e-02,5.8374798444e-01,1.0130342535e-01,5.1465659254e-02,1.8095414705e-01,6.0603998549e-02,1.7887064902e+00
6.7100000000e+02,1.0369918741e-02,1.1498764659e-02,5.8551868067e-01,9.9231582393e-02,5.0764615490e-02,1.8208303917e-01,6.0533398883e-02,1.7727787931e+00
6.7150000000e+02,1.0416574926e-02,1.1711077000e-02,5.8668073416e-01,9.7416224009e-02,5.0235161123e-02,1.8310918012e-01,6.0431048663e-02,1.7608880909e+00
6.7200000000e+02,1.0550147813e-02,1.1812976579e-02,5.8686224276e-01,9.5842934448e-02,4.9891793856e-02,1.8407066531e-01,6.0969239229e-02,1.7554720187e+00
6.7250000000e+02,1.0644029568e-02,1.1902839100e-02,5.8709054216e-01,9.5852561164e-02,4.8869535917e-02,1.8495200398e-01,6.0688488107e-02,1.7408409699e+00
6.7300000000e+02,1.0513036613e-02,1.1972336655e-02,5.8861262382e-01,9.4375936614e-02,4.7838977051e-02,1.8587161454e-01,6.0815474715e-02,1.7213635207e+00
6.7350000000e+02,1.0495837322e-02,1.1992097847e-02,5.8987524069e-01,9.3243046862e-02,4.7107920508e-02,1.8705914796e-01,6.0226708819e-02,1.7035191759e+00
6.7400000000e+02,1.0604756989e-02,1.2076414030e-02,5.9031618825e-01,9.1726795068e-02,4.6391012985e-02,1.8825986034e-01,6.0624972339e-02,1.6901014173e+00
6.7450000000e+02,1.0686607994e-02,1.2382154164e-02,5.8961317024e-01,9.1775949858e-02,4.6195881424e-02,1.8919043254e-01,6.0155803773e-02,1.6867583147e+00
6.7500000000e+02,1.0643367779e-02,1.2599967310e-02,5.8984709034e-01,9.1462907550e-02,4.5484169600e-02,1.8982416118e-01,6.0138336248e-02,1.6722041004e+00
6.7550000000e+02,1.0660102498e-02,1.2824241354e-02,5.8918939449e-01,9.0603284776e-02,4.5449070680e-02,1.9045702748e-01,6.0816878718e-02,1.6662374381e+00
6.7600000000e+02,1.0566477903e-02,1.2736660531e-02,5.8962128424e-01,8.9496521705e-02,4.5046032537e-02,1.9114976897e-01,6.1383254107e-02,1.6590928982e+00
6.7650000000e+02,1.0552852284e-02,1.2806070767e-02,5.8960493257e-01,8.8089021831e-02,4.4683731956e-02,1.9198060843e-01,6.2282782163e-02,1.6498786446e+00
6.7700000000e+02,1.0536382583e-02,1.2721879508e-02,5.8927202699e-01,8.8748420336e-02,4.3511762919e-02,1.9250747657e-01,6.2702051101e-02,1.6401999753e+00
6.7750000000e+02,1.0437161011e-02,1.2769757119e-02,5.8814765480e-01,8.9174943708e-02,4.3881020969e-02,1.9272238677e-01,6.2867075618e-02,1.6350871445e+00
6.7800000000e+02,1.0520737779e-02,1.2957380864e-02,5.8752273275e-01,8.9815781568e-02,4.3889666152e-02,1.9288606926e-01,6.2407631633e-02,1.6380481155e+00
6.7850000000e+02,1.0480930181e-02,1.3091537673e-02,5.8687055993e-01,9.0824870651e-02,4.3231914237e-02,1.9342582757e-01,6.2074359755e-02,1.6329761655e+00
6.7900000000e+02,1.0575222803e-02,1.3393030484e-02,5.8526964415e-01,9.1181945457e-02,4.3508918207e-02,1.9369984447e-01,6.2371394426e-02,1.6362858145e+00
6.7950000000e+02,1.0485761046e-02,1.3478849915e-02,5.8552054065e-01,9.0453717078e-02,4.3912123971e-02,1.9392607188e-01,6.2222935455e-02,1.6370394136e+00
6.8000000000e+02,1.0417728423e-02,1.3600330171e-02,5.8565980931e-01,8.9754367204e-02,4.3647680028e-02,1.9373042391e-01,6.3189660951e-02,1.6409633282e+00
6.8050000000e+02,1.0428601860e-02,1.3800301701e-02,5.8565745414e-01,8.9019779665e-02,4.3363537389e-02,1.9321459402e-01,6.4515731232e-02,1.6468976014e+00
6.8100000000e+02,1.0265595067e-02,1.3897553131e-02,5.8474844276e-01,8.9149146186e-02,4.3535323635e-02,1.9356402986e-01,6.4839909360e-02,1.6460589633e+00
6.8150000000e+02,1.0312452082e-02,1.3943397795e-02,5.8445459978e-01,8.8472140535e-02,4.3661068735e-02,1.9344941856e-01,6.5706922517e-02,1.6475577692e+00
6.8200000000e+02,1.0361354148e-02,1.3952949919e-02,5.8524610027e-01,8.8310819769e-02,4.3408038491e-02,1.9348495977e-01,6.5235777629e-02,1.6471191153e+00
6.8250000000e+02,1.0355131293e-02,1.3957161036e-02,5.8568875026e-01,8.8069207209e-02,4.3485701684e-02,1.9370835221e-01,6.4735696303e-02,1.6464521118e+00
6.8300000000e+02,1.0268453646e-02,1.4041132663e-02,5.8596256988e-01,8.7551498915e-02,4.3864063364e-02,1.9330053179e-01,6.5011749737e-02,1.6482240232e+00
6.8350000000e+02,1.0178149711e-02,1.4141693993e-02,5.8525277320e-01,8.7785164156e-02,4.4063947802e-02,1.9310611338e-01,6.5472157763e-02,1.6482533761e+00
6.8400000000e+02,1.0206833243e-02,1.4205415579e-02,5.8524425278e-01,8.6994716931e-02,4.4096961639e-02,1.9296329907e-01,6.6288520756e-02,1.6553561655e+00
6.8450000000e+02,1.0111705550e-02,1.4212733074e-02,5.8581152943e-01,8.6820507506e-02,4.4617528780e-02,1.9259044279e-01,6.5835552868e-02,1.6567916239e+00
6.8500000000e+02,9.9886111697e-03,1.4046978322e-02,5.8633456168e-01,8.6406650099e-02,4.5184166091e-02,1.9229920836e-01,6.5739824283e-02,1.6521311276e+00
6.8550000000e+02,1.0034836105e-02,1.4083719585e-02,5.8647428190e-01,8.6489055021e-02,4.5661809713e-02,1.9198063287e-01,6.5275664812e-02,1.6622500392e+00
6.8600000000e+02,1.0007832343e-02,1.4040438343e-02,5.8720028169e-01,8.5619485567e-02,4.6076858797e-02,1.9177990072e-01,6.5275202543e-02,1.6629130334e+00
6.8650000000e+02,1.0032784430e-02,1.4070199026e-02,5.8765208469e-01,8.6204348763e-02,4.6184297696e-02,1.9121388390e-01,6.4642401493e-02,1.6662916729e+00
6.8700000000e+02,1.0001128137e-02,1.4098657434e-02,5.8738691400e-01,8.6099234456e-02,4.7554229144e-02,1.9044983638e-01,6.4410000447e-02,1.6760537613e+00
6.8750000000e+02,1.0053286707e-02,1.4219553829e-02,5.8608073135e-01,8.6153504113e-02,4.8232811744e-02,1.8986119640e-01,6.5398915854e-02,1.6869760995e+00
6.8800000000e+02,9.9850377299e-03,1.4269228573e-02,5.8577818400e-01,8.5632799344e-02,4.9079402138e-02,1.8900525161e-01,6.6250096608e-02,1.6964838433e+00
6.8850000000e+02,1.0062135276e-02,1.4241533353e-02,5.8471335626e-01,8.6557596344e-02,4.9259598279e-02,1.8833938689e-01,6.6826393596e-02,1.7019105554e+00
6.8900000000e+02,1.0144045426e-02,1.4275752060e-02,5.8462650855e-01,8.7017178984e-02,4.9387381239e-02,1.8751722035e-01,6.7031913394e-02,1.7077487600e+00
6.8950000000e+02,1.0115911025e-02,1.4271860658e-02,5.8552850181e-01,8.6695609689e-02,4.9564110260e-02,1.8673443279e-01,6.7089573768e-02,1.7142921212e+00
6.9000000000e+02,1.0207840477e-02,1.4391666148e-02,5.8432687660e-01,8.6823571435e-02,5.0139727418e-02,1.8635372238e-01,6.7756595541e-02,1.7259835271e+00
6.9050000000e+02,1.0189026899e-02,1.4413723442e-02,5.8507496308e-01,8.6537021493e-02,5.0608223734e-02,1.8530727848e-01,6.7869762874e-02,1.7270264377e+00
6.9100000000e+02,1.0114753682e-02,1.4344410143e-02,5.8589404987e-01,8.5661172302e-02,5.1158905433e-02,1.8478680762e-01,6.8039900951e-02,1.7329378709e+00
6.9150000000e+02,1.0065952521e-02,1.4322468380e-02,5.8424752677e-01,8.5487155240e-02,5.1935056792e-02,1.8457540708e-01,6.9366433220e-02,1.7416022392e+00
6.9200000000e+02,1.0081519159e-02,1.4485555276e-02,5.8435961046e-01,8.5058363189e-02,5.3181818851e-02,1.8352533797e-01,6.9307795101e-02,1.7489351876e+00
6.9250000000e+02,1.0081180639e-02,1.4605888235e-02,5.8401677994e-01,8.5715716027e-02,5.4857552379e-02,1.8221131407e-01,6.8511568708e-02,1.7617142398e+00
6.9300000000e+02,1.0002106773e-02,1.4641010678e-02,5.8319641810e-01,8.6284701744e-02,5.5422301945e-02,1.8122631624e-01,6.9227144524e-02,1.7682634788e+00
6.9350000000e+02,9.9976663523e-03,1.4501307058e-02,5.8237101671e-01,8.7649629113e-02,5.5694014750e-02,1.8086311838e-01,6.8923247639e-02,1.7731836214e+00
6.9400000000e+02,1.0011092199e-02,1.4525968938e-02,5.8123449193e-01,8.8079353011e-02,5.6527973606e-02,1.8009253263e-01,6.9528587679e-02,1.7798139522e+00
6.9450000000e+02,9.9697709178e-03,1.4544625814e-02,5.8034380359e-01,8.8542704560e-02,5.7561791153e-02,1.7852273814e-01,7.0514565822e-02,1.7871509816e+00
6.9500000000e+02,9.9443267996e-03,1.4665001913e-02,5.7930546283e-01,8.9721994087e-02,5.8339692317e-02,1.7754217028e-01,7.0481351766e-02,1.8012955398e+00
6.9550000000e+02,9.9994693270e-03,1.4702999338e-02,5.7910523028e-01,9.0336872819e-02,5.9465568314e-02,1.7624132884e-01,7.0148531081e-02,1.8009707540e+00
6.9600000000e+02,1.0056487080e-02,1.4815403574e-02,5.7887883714e-01,9.0179797855e-02,6.1162155153e-02,1.7561540384e-01,6.9291915358e-02,1.8135858423e+00
6.9650000000e+02,1.0035970485e-02,1.5069402445e-02,5.7742128359e-01,9.1047786566e-02,6.2821697710e-02,1.7369189248e-01,6.9911966723e-02,1.8266319124e+00
6.9700000000e+02,1.0114127085e-02,1.5153313614e-02,5.7763720559e-01,9.1079587184e-02,6.3926582313e-02,1.7212885196e-01,6.9960332262e-02,1.8306602632e+00
6.9750000000e+02,1.0124226389e-02,1.5277788657e-02,5.7647763454e-01,9.1877742630e-02,6.4763607615e-02,1.7080982765e-01,7.0669172526e-02,1.8435002534e+00
6.9800000000e+02,1.0127495492e-02,1.5509167651e-02,5.7564921466e-01,9.2129127480e-02,6.5087776348e-02,1.7061166082e-01,7.0885557549e-02,1.8553644963e+00
6.9850000000e+02,1.0159832252e-02,1.5732840223e-02,5.7273751135e-01,9.3308256780e-02,6.7074320690e-02,1.6941765033e-01,7.1569588368e-02,1.8709671575e+00
6.9900000000e+02,1.0148756902e-02,1.5801385979e-02,5.7168923734e-01,9.3952610886e-02,6.8536595218e-02,1.6835962706e-01,7.1511786609e-02,1.8798278785e+00
6.9950000000e+02,1.0046893258e-02,1.5598458500e-02,5.7148737026e-01,9.4976118846e-02,6.8449453686e-02,1.6860664119e-01,7.0835064259e-02,1.8785258903e+00
7.0000000000e+02,9.9907985394e-03,1.5519652460e-02,5.7097190330e-01,9.5570995957e-02,6.9928662268e-02,1.6723309549e-01,7.0784891981e-02,1.8816594128e+00
7.0050000000e+02,1.0041718868e-02,1.5530271045e-02,5.6996841252e-01,9.6006389197e-02,7.0704779815e-02,1.6615756204e-01,7.1590866509e-02,1.8908925603e+00
7.0100000000e+02,1.0111185344e-02,1.5426722366e-02,5.6869985356e-01,9.6915147213e-02,7.2248611643e-02,1.6537716793e-01,7.1221311944e-02,1.8944985622e+00
7.0150000000e+02,1.0032271064e-02,1.5303732886e-02,5.6870303155e-01,9.7255964382e-02,7.3866622525e-02,1.6307981638e-01,7.1758561207e-02,1.8947535768e+00
7.0200000000e+02,9.9818437445e-03,1.5236036395e-02,5.6815758862e-01,9.8823876491e-02,7.6027271331e-02,1.6059020340e-01,7.1183180014e-02,1.9005876957e+00
7.0250000000e+02,1.0025547051e-02,1.5395604911e-02,5.6775290860e-01,9.9708628037e-02,7.6598170897e-02,1.5972332009e-01,7.0795820411e-02,1.9085548543e+00
7.0300000000e+02,9.9478943861e-03,1.5599749503e-02,5.6709576431e-01,9.9902864285e-02,7.7941384546e-02,1.5855965226e-01,7.0952690711e-02,1.9131790465e+00
7.0350000000e+02,9.9952833122e-03,1.5508753066e-02,5.6666370160e-01,1.0069083484e-01,7.7800838534e-02,1.5863317616e-01,7.0707412487e-02,1.9175353168e+00
7.0400000000e+02,1.0162180151e-02,1.5611258436e-02,5.6616708837e-01,1.0151747795e-01,7.9665265621e-02,1.5640503815e-01,7.0471691319e-02,1.9300274832e+00
7.0450000000e+02,1.0071953845e-02,1.5520063137e-02,5.6580094140e-01,1.0232053720e-01,8.0038302963e-02,1.5575124285e-01,7.0496958604e-02,1.9324505994e+00
7.0500000000e+02,1.0056159197e-02,1.5539527014e-02,5.6371364003e-01,1.0448443711e-01,8.1720089835e-02,1.5396265510e-01,7.0523491717e-02,1.9460791375e+00
7.0550000000e+02,1.0044522232e-02,1.5619148062e-02,5.6391335957e-01,1.0413797511e-01,8.3839462906e-02,1.5183987477e-01,7.0605657352e-02,1.9578469939e+00
7.0600000000e+02,1.0196211644e-02,1.5727202152e-02,5.6377192506e-01,1.0410264314e-01,8.6166717561e-02,1.4988636174e-01,7.0148938696e-02,1.9713741867e+00
7.0650000000e+02,1.0257717978e-02,1.5757560752e-02,5.6319676072e-01,1.0441244859e-01,8.6832751385e-02,1.4908381287e-01,7.0458947699e-02,1.9801458786e+00
7.0700000000e+02,1.0292896171e-02,1.5832082107e-02,5.6177479602e-01,1.0481414294e-01,8.7562069495e-02,1.4866658411e-01,7.1057429166e-02,1.9921886801e+00
7.0750000000e+02,1.0323834258e-02,1.5785564028e-02,5.6049399423e-01,1.0548502701e-01,8.9355287321e-02,1.4727745628e-01,7.1278836874e-02,1.9970507312e+00
7.0800000000e+02,1.0322140724e-02,1.5724335361e-02,5.5944355424e-01,1.0629822375e-01,9.1583095260e-02,1.4599571129e-01,7.0632939381e-02,1.9995260926e+00
7.0850000000e+02,1.0356013712e-02,1.5821508879e-02,5.5762555657e-01,1.0822222126e-01,9.1852422267e-02,1.4453922368e-01,7.1583053630e-02,2.0061537840e+00
7.0900000000e+02,1.0256293239e-02,1.5708897512e-02,5.5804237530e-01,1.0875224760e-01,9.3001397045e-02,1.4332911745e-01,7.0909671846e-02,2.0059351192e+00
7.0950000000e+02,1.0206104149e-02,1.5884428122e-02,5.5739649607e-01,1.0940282978e-01,9.4015610686e-02,1.4209475528e-01,7.0999775913e-02,2.0153761431e+00
7.1000000000e+02,1.0222023588e-02,1.5935224053e-02,5.5641787413e-01,1.1018006975e-01,9.5229406853e-02,1.4080161042e-01,7.1213791212e-02,2.0170784860e+00
7.1050000000e+02,1.0232368186e-02,1.6069415673e-02,5.5684265496e-01,1.1129349163e-01,9.5563707911e-02,1.3949583560e-01,7.0502526038e-02,2.0226119176e+00
7.1100000000e+02,1.0129763790e-02,1.6106393618e-02,5.5535373313e-01,1.1218174057e-01,9.6986370116e-02,1.3746529255e-01,7.1776706230e-02,2.0287568260e+00
7.1150000000e+02,1.0105412904e-02,1.6142714244e-02,5.5487143343e-01,1.1312857344e-01,9.8107292561e-02,1.3589581869e-01,7.1748754735e-02,2.0384276591e+00
7.1200000000e+02,1.0007879743e-02,1.6231023126e-02,5.5399935270e-01,1.1372438800e-01,9.8219376383e-02,1.3548368032e-01,7.2334299730e-02,2.0382892092e+00
7.1250000000e+02,1.0111990180e-02,1.6458367856e-02,5.5273335222e-01,1.1558134704e-01,9.9916290851e-02,1.3358868985e-01,7.1609961995e-02,2.0510307360e+00
7.1300000000e+02,1.0125473552e-02,1.6262571941e-02,5.5293709900e-01,1.1636684226e-01,1.0074749235e-01,1.3225461100e-01,7.1305909900e-02,2.0520132622e+00
7.1350000000e+02,1.0148282498e-02,1.6443941007e-02,5.5273885385e-01,1.1790496338e-01,1.0138015052e-01,1.3072226316e-01,7.0661545581e-02,2.0520766345e+00
7.1400000000e+02,1.0134828809e-02,1.6530041237e-02,5.5199442326e-01,1.1888086044e-01,1.0308409025e-01,1.2869047976e-01,7.0685276241e-02,2.0551825505e+00
7.1450000000e+02,1.0070114261e-02,1.6523681568e-02,5.5056273539e-01,1.1994988702e-01,1.0348180549e-01,1.2787116079e-01,7.1540615489e-02,2.0619917496e+00
7.1500000000e+02,1.0059240803e-02,1.6528166834e-02,5.5010253829e-01,1.2092987104e-01,1.0444663609e-01,1.2680420473e-01,7.1129342224e-02,2.0706440719e+00
7.1550000000e+02,1.0001453883e-02,1.6680576088e-02,5.4947793981e-01,1.2162869385e-01,1.0560742517e-01,1.2592616943e-01,7.0677741779e-02,2.0765750086e+00
7.1600000000e+02,9.9807027018e-03,1.6832101291e-02,5.4789444441e-01,1.2296321296e-01,1.0728592020e-01,1.2417325064e-01,7.0870367799e-02,2.0789051242e+00
7.1650000000e+02,9.9431030743e-03,1.7032143035e-02,5.4662753925e-01,1.2426402075e-01,1.0858437177e-01,1.2198616530e-01,7.1562656818e-02,2.0847859419e+00
7.1700000000e+02,1.0043513641e-02,1.7275862733e-02,5.4490786319e-01,1.2617281187e-01,1.1001415320e-01,1.1995276169e-01,7.1633033671e-02,2.0903838261e+00
7.1750000000e+02,1.0056067033e-02,1.7329883415e-02,5.4458652208e-01,1.2575163957e-01,1.1075891335e-01,1.1961825824e-01,7.1898716313e-02,2.0937466839e+00
7.1800000000e+02,1.0084898646e-02,1.7438745727e-02,5.4222486054e-01,1.2698666508e-01,1.1235988846e-01,1.1760111862e-01,7.3303822928e-02,2.1030210960e+00
7.1850000000e+02,1.0039443361e-02,1.7473590513e-02,5.4063325032e-01,1.2944270103e-01,1.1290203346e-01,1.1602965643e-01,7.3479324893e-02,2.1118156719e+00
7.1900000000e+02,1.0041439012e-02,1.7672958480e-02,5.3847585409e-01,1.3045646367e-01,1.1308643594e-01,1.1493810192e-01,7.5328746880e-02,2.1157045729e+00
7.1950000000e+02,1.0096208706e-02,1.7655519335e-02,5.3804122926e-01,1.3249337375e-01,1.1343631168e-01,1.1366880101e-01,7.4608556268e-02,2.1130787963e+00
7.2000000000e+02,1.0053054055e-02,1.7705655080e-02,5.3814659122e-01,1.3298881883e-01,1.1412064443e-01,1.1197364390e-01,7.5011592477e-02,2.1081741363e+00
7.2050000000e+02,1.0084219759e-02,1.7880534629e-02,5.3763174119e-01,1.3440770394e-01,1.1418567344e-01,1.1093024211e-01,7.4879884937e-02,2.1101956859e+00
7.2100000000e+02,1.0155649224e-02,1.8077238362e-02,5.3686513115e-01,1.3560107733e-01,1.1506463234e-01,1.0871045203e-01,7.5525819558e-02,2.1139010526e+00
7.2150000000e+02,1.0114931189e-02,1.8262532821e-02,5.3596056833e-01,1.3653444991e-01,1.1751562846e-01,1.0617503990e-01,7.5436849386e-02,2.1228843135e+00
7.2200000000e+02,1.0130968870e-02,1.8049767239e-02,5.3624075370e-01,1.3642860487e-01,1.1857795113e-01,1.0521402093e-01,7.5357933263e-02,2.1287000006e+00
7.2250000000e+02,1.0047000975e-02,1.7982807337e-02,5.3437178745e-01,1.3816237495e-01,1.1965605403e-01,1.0351832923e-01,7.6261646025e-02,2.1320402372e+00
7.2300000000e+02,1.0127129823e-02,1.8136970558e-02,5.3236464097e-01,1.4064077605e-01,1.1962488408e-01,1.0280645865e-01,7.6299139869e-02,2.1422957410e+00
7.2350000000e+02,1.0055688910e-02,1.8311410949e-02,5.3190044703e-01,1.4090874304e-01,1.1997791951e-01,1.0249118657e-01,7.6354603996e-02,2.1510846250e+00
7.2400000000e+02,9.9515278793e-03,1.8393370758e-02,5.3163040421e-01,1.4149051166e-01,1.2220148015e-01,1.0025607823e-01,7.6076627112e-02,2.1526099707e+00
7.2450000000e+02,9.9530149686e-03,1.8560972631e-02,5.3052257377e-01,1.4236134408e-01,1.2451295376e-01,9.7510639565e-02,7.6578501227e-02,2.1590280084e+00
7.2500000000e+02,9.9229146357e-03,1.8456405327e-02,5.3012671698e-01,1.4267054248e-01,1.2576902754e-01,9.5480275502e-02,7.7574117527e-02,2.1590506515e+00
7.2550000000e+02,9.9328810114e-03,1.8354418225e-02,5.2842627897e-01,1.4355064269e-01,1.2660590234e-01,9.4362536974e-02,7.8767339796e-02,2.1643812038e+00
7.2600000000e+02,9.9273405932e-03,1.8304318812e-02,5.3046333600e-01,1.4263894232e-01,1.2701976128e-01,9.3668297365e-02,7.7978003637e-02,2.1619210670e+00
7.2650000000e+02,9.7885433927e-03,1.8101490319e-02,5.3140191632e-01,1.4348103890e-01,1.2834896344e-01,9.1870543998e-02,7.7007503627e-02,2.1593380992e+00
7.2700000000e+02,9.7225249502e-03,1.8027979132e-02,5.3011109674e-01,1.4494099485e-01,1.2993330852e-01,8.9738694087e-02,7.7525401726e-02,2.1569192809e+00
7.2750000000e+02,9.7882124105e-03,1.8257652350e-02,5.2738007219e-01,1.4697958689e-01,1.3094869109e-01,8.8375495712e-02,7.8270289365e-02,2.1660354021e+00
7.2800000000e+02,9.7787150603e-03,1.8490844576e-02,5.2553218387e-01,1.4810845699e-01,1.3210570478e-01,8.7201786387e-02,7.8782308338e-02,2.1808774838e+00
7.2850000000e+02,9.7669939831e-03,1.8554422416e-02,5.2282643806e-01,1.5041451542e-01,1.3335386667e-01,8.5663095092e-02,7.9420668356e-02,2.1892046937e+00
7.2900000000e+02,9.8589546041e-03,1.8646400578e-02,5.2319878801e-01,1.5090706989e-01,1.3423922785e-01,8.4756939511e-02,7.8392619558e-02,2.1909885787e+00
7.2950000000e+02,9.8725547708e-03,1.8669202241e-02,5.2313553696e-01,1.5151379895e-01,1.3555022949e-01,8.3543449565e-02,7.7715228030e-02,2.1980820566e+00
7.3000000000e+02,9.8705323995e-03,1.8847110278e-02,5.2129918925e-01,1.5344444001e-01,1.3579921850e-01,8.2843138397e-02,7.7896371159e-02,2.2114084517e+00
7.3050000000e+02,9.9088686185e-03,1.9108261937e-02,5.2002075493e-01,1.5472505806e-01,1.3683260140e-01,8.1422397283e-02,7.7982057770e-02,2.2219384692e+00
7.3100000000e+02,9.8778813915e-03,1.9315573785e-02,5.1964319261e-01,1.5523852282e-01,1.3771407614e-01,8.0021211351e-02,7.8189541905e-02,2.2301372028e+00
7.3150000000e+02,9.8339645141e-03,1.9251349172e-02,5.1772109460e-01,1.5734998235e-01,1.3982746080e-01,7.7720369196e-02,7.8295779359e-02,2.2263733284e+00
7.3200000000e+02,9.8087765603e-03,1.9475596443e-02,5.1461782945e-01,1.6022482497e-01,1.4209586630e-01,7.5100380891e-02,7.8676725376e-02,2.2334170385e+00
7.3250000000e+02,9.8006415073e-03,1.9615172685e-02,5.1374744970e-01,1.6074458315e-01,1.4385889775e-01,7.3246487433e-02,7.8986767773e-02,2.2362730699e+00
7.3300000000e+02,9.8381799394e-03,1.9797621645e-02,5.1056888539e-01,1.6351947056e-01,1.4549920760e-01,7.1965256384e-02,7.8811378489e-02,2.2470565860e+00
7.3350000000e+02,9.8301974249e-03,1.9739274011e-02,5.0877783322e-01,1.6531904786e-01,1.4652837622e-01,7.0838349688e-02,7.8966921572e-02,2.2528125421e+00
7.3400000000e+02,9.9036526222e-03,1.9941958472e-02,5.0692805635e-01,1.6684621799e-01,1.4795845899e-01,6.9213623264e-02,7.9208032305e-02,2.2617027426e+00
7.3450000000e+02,9.9475949982e-03,2.0076423492e-02,5.0504028759e-01,1.6855684024e-01,1.4867996067e-01,6.8030290962e-02,7.9668602040e-02,2.2684177529e+00
7.3500000000e+02,9.9197660421e-03,2.0074574205e-02,5.0477134342e-01,1.6957031529e-01,1.4833916320e-01,6.6995534303e-02,8.0329303541e-02,2.2646790705e+00
7.3550000000e+02,9.8793125740e-03,2.0311617435e-02,5.0433038262e-01,1.7111804539e-01,1.4954310921e-01,6.5056515818e-02,7.9761016954e-02,2.2613808789e+00
7.3600000000e+02,9.8174115447e-03,2.0212391346e-02,5.0511469432e-01,1.7137956157e-01,1.5044236759e-01,6.3993561389e-02,7.9040012244e-02,2.2579384480e+00
7.3650000000e+02,9.8328086256e-03,2.0415755863e-02,5.0603948672e-01,1.7157624161e-01,1.5076420145e-01,6.3313110963e-02,7.8058394774e-02,2.2565007463e+00
7.3700000000e+02,9.8126209703e-03,2.0709319072e-02,5.0616668969e-01,1.7120594031e-01,1.5235723411e-01,6.2391053552e-02,7.7357142299e-02,2.2612420639e+00
7.3750000000e+02,9.7814592017e-03,2.0823042795e-02,5.0557226143e-01,1.7208746141e-01,1.5343714096e-01,6.0767072643e-02,7.7531561559e-02,2.2620115679e+00
7.3800000000e+02,9.7171466718e-03,2.0924752613e-02,5.0622286469e-01,1.7309451616e-01,1.5294264599e-01,6.0241162990e-02,7.6856910885e-02,2.2605173223e+00
7.3850000000e+02,9.7265674348e-03,2.1192118192e-02,5.0688753398e-01,1.7290056975e-01,1.5346453427e-01,5.9389132011e-02,7.6439544364e-02,2.2649996207e+00
7.3900000000e+02,9.5872764020e-03,2.1270620953e-02,5.0761470799e-01,1.7415684680e-01,1.5394021310e-01,5.7663444141e-02,7.5766890611e-02,2.2605505484e+00
7.3950000000e+02,9.6109053306e-03,2.1096167567e-02,5.0554561523e-01,1.7599906282e-01,1.5620590070e-01,5.6028423608e-02,7.5513924747e-02,2.2663647070e+00
7.4000000000e+02,9.6453998054e-03,2.1265154398e-02,5.0230433421e-01,1.7882330631e-01,1.5789375589e-01,5.3871872105e-02,7.6196177276e-02,2.2695627896e+00
7.4050000000e+02,9.6444299013e-03,2.1495987661e-02,5.0170234458e-01,1.8012678927e-01,1.5840785873e-01,5.2972423913e-02,7.5650165946e-02,2.2746205830e+00
7.4100000000e+02,9.6519524583e-03,2.1637700951e-02,5.0134156919e-01,1.8065559052e-01,1.5946397250e-01,5.1715737489e-02,7.5533476882e-02,2.2773323044e+00
7.4150000000e+02,9.6509659404e-03,2.1873876270e-02,5.0164155671e-01,1.8123144731e-01,1.5877779787e-01,5.1150281227e-02,7.5674074669e-02,2.2806551719e+00
7.4200000000e+02,9.5759216698e-03,2.1819296026e-02,5.0015303724e-01,1.8248246139e-01,1.5973872960e-01,5.0438847426e-02,7.5791706642e-02,2.2800638162e+00
7.4250000000e+02,9.6061782563e-03,2.1750040507e-02,4.9805352635e-01,1.8488417575e-01,1.6153360659e-01,4.8766236595e-02,7.5406235952e-02,2.2840483565e+00
7.4300000000e+02,9.6176534668e-03,2.1870424750e-02,4.9772742446e-01,1.8664121395e-01,1.6194104691e-01,4.6744822492e-02,7.5457413964e-02,2.2794717316e+00
7.4350000000e+02,9.5595181700e-03,2.1900571821e-02,4.9796119764e-01,1.8735333559e-01,1.6259269816e-01,4.5752009602e-02,7.4880669016e-02,2.2773675987e+00
7.4400000000e+02,9.4769009780e-03,2.1844114971e-02,4.9719501513e-01,1.8901383184e-01,1.6264803366e-01,4.4883316837e-02,7.4938786589e-02,2.2703724682e+00
7.4450000000e+02,9.3780325418e-03,2.1932882920e-02,4.9648365074e-01,1.9067178199e-01,1.6302919970e-01,4.3795823779e-02,7.4708628323e-02,2.2697077007e+00
7.4500000000e+02,9.3988317473e-03,2.1792152414e-02,4.9566885995e-01,1.9233071445e-01,1.6428952242e-01,4.2511745530e-02,7.4008173489e-02,2.2704530762e+00
7.4550000000e+02,9.3477315015e-03,2.1766669059e-02,4.9592755208e-01,1.9405235924e-01,1.6520789698e-01,4.0660440415e-02,7.3037350719e-02,2.2597418411e+00
7.4600000000e+02,9.3011688968e-03,2.1773430881e-02,4.9547684620e-01,1.9520240044e-01,1.6629835409e-01,3.9571284970e-02,7.2376514515e-02,2.2638927509e+00
7.4650000000e+02,9.3764080197e-03,2.1518295684e-02,4.9242556624e-01,1.9781517059e-01,1.6870307976e-01,3.8277751529e-02,7.1883728178e-02,2.2683520292e+00
7.4700000000e+02,9.3746688262e-03,2.1545875844e-02,4.9052666969e-01,1.9854320907e-01,1.6951095505e-01,3.7534046488e-02,7.2964575023e-02,2.2707908849e+00
7.4750000000e+02,9.3350500689e-03,2.1540566310e-02,4.8978127947e-01,1.9923889718e-01,1.7116877971e-01,3.6453450277e-02,7.2481976980e-02,2.2706810344e+00
7.4800000000e+02,9.4403148069e-03,2.1704560330e-02,4.8601780123e-01,2.0323129917e-01,1.7106099685e-01,3.5901239442e-02,7.2643788168e-02,2.2861237791e+00
7.4850000000e+02,9.5170531085e-03,2.1621480299e-02,4.8474397181e-01,2.0560890158e-01,1.7221755607e-01,3.5154285144e-02,7.1136751985e-02,2.2941878084e+00
7.4900000000e+02,9.5900791877e-03,2.1562709820e-02,4.8355531200e-01,2.0725646048e-01,1.7167946154e-01,3.4900481370e-02,7.1455495606e-02,2.2977888049e+00
7.4950000000e+02,9.6042797329e-03,2.1618229948e-02,4.8433449056e-01,2.0699496095e-01,1.7214010794e-01,3.4754680948e-02,7.0553249923e-02,2.2998617401e+00
7.5000000000e+02,9.6086609880e-03,2.1412113609e-02,4.8341762352e-01,2.0859034457e-01,1.7303966329e-01,3.4120816571e-02,6.9810777451e-02,2.3033196450e+00
7.5050000000e+02,9.7613528496e-03,2.1651931984e-02,4.8207929343e-01,2.0926199092e-01,1.7369677550e-01,3.3563499931e-02,6.9985155386e-02,2.3127679925e+00
7.5100000000e+02,9.8211870009e-03,2.1776565779e-02,4.8230157693e-01,2.0907484068e-01,1.7369163495e-01,3.3331097775e-02,7.0003096878e-02,2.3146443537e+00
7.5150000000e+02,9.6336078793e-03,2.1830257638e-02,4.8161192692e-01,2.1023944175e-01,1.7426743746e-01,3.3359760765e-02,6.9057567594e-02,2.3176408788e+00
7.5200000000e+02,9.6017905659e-03,2.1763479862e-02,4.8050115473e-01,2.1274468884e-01,1.7471883821e-01,3.2416558741e-02,6.8253489053e-02,2.3149991410e+00
7.5250000000e+02,9.5822314735e-03,2.1757473502e-02,4.7831778276e-01,2.1554386367e-01,1.7479044439e-01,3.2297289949e-02,6.7710914247e-02,2.3192153434e+00
7.5300000000e+02,9.5955022268e-03,2.1774213925e-02,4.7580030915e-01,2.1825471441e-01,1.7485644535e-01,3.2345369838e-02,6.7373445102e-02,2.3283908559e+00
7.5350000000e+02,9.6085580565e-03,2.1793311787e-02,4.7336363942e-01,2.1982274845e-01,1.7524152996e-01,3.2366087757e-02,6.7804124559e-02,2.3331572972e+00
7.5400000000e+02,9.6277065380e-03,2.1781918672e-02,4.7020218263e-01,2.2298234049e-01,1.7543497162e-01,3.1984534930e-02,6.7986345113e-02,2.3454537997e+00
7.5450000000e+02,9.8001460773e-03,2.1565299431e-02,4.7178977818e-01,2.2237452308e-01,1.7571227636e-01,3.1734108313e-02,6.7023868561e-02,2.3479055169e+00
7.5500000000e+02,9.8244815457e-03,2.1397989262e-02,4.6958984847e-01,2.2602949382e-01,1.7553456655e-01,3.0974002650e-02,6.6649617692e-02,2.3489247723e+00
7.5550000000e+02,9.8474577785e-03,2.1530229818e-02,4.6655379168e-01,2.2899089028e-01,1.7499245566e-01,3.1214530747e-02,6.6870644039e-02,2.3572957678e+00
7.5600000000e+02,9.9251391069e-03,2.1331605916e-02,4.6385851858e-01,2.3121720473e-01,1.7611936219e-01,3.1010986946e-02,6.6537182541e-02,2.3610280513e+00
7.5650000000e+02,1.0029251350e-02,2.1002000461e-02,4.6184989569e-01,2.3376453031e-01,1.7679081221e-01,3.0801934391e-02,6.5761575578e-02,2.3647786376e+00
7.5700000000e+02,1.0078456671e-02,2.0790877681e-02,4.6140311788e-01,2.3522060804e-01,1.7670982399e-01,3.0845768711e-02,6.4951347022e-02,2.3679037975e+00
7.5750000000e+02,1.0171452605e-02,2.0670032651e-02,4.5920969779e-01,2.3826280765e-01,1.7625990279e-01,3.0850777350e-02,6.4575329154e-02,2.3713875259e+00
7.5800000000e+02,1.0245865640e-02,2.0728927820e-02,4.5699380605e-01,2.3936439707e-01,1.7683804103e-01,3.1233342184e-02,6.4595620209e-02,2.3845106635e+00
7.5850000000e+02,1.0296750686e-02,2.0687943349e-02,4.5500276328e-01,2.4146205779e-01,1.7631968382e-01,3.1926228104e-02,6.4304572969e-02,2.3879864910e+00
7.5900000000e+02,1.0558712598e-02,2.0604620128e-02,4.5276656642e-01,2.4333260270e-01,1.7556408387e-01,3.2049772999e-02,6.5123641289e-02,2.3977145254e+00
7.5950000000e+02,1.0642997287e-02,2.0294881698e-02,4.5069551670e-01,2.4405861111e-01,1.7592690926e-01,3.2770568438e-02,6.5610515515e-02,2.4051866308e+00
7.6000000000e+02,1.0625531500e-02,2.0187056805e-02,4.4871878916e-01,2.4600851042e-01,1.7531154317e-01,3.3162737139e-02,6.5985831803e-02,2.4079428639e+00
7.6050000000e+02,1.0553699923e-02,2.0094804056e-02,4.4322873035e-01,2.5158499498e-01,1.7485437701e-01,3.3419672958e-02,6.6263720729e-02,2.4231903792e+00
7.6100000000e+02,1.0688882398e-02,1.9999490002e-02,4.3980872929e-01,2.5296793849e-01,1.7570311988e-01,3.3779477920e-02,6.7052362019e-02,2.4341057825e+00
7.6150000000e+02,1.0778623672e-02,2.0047143868e-02,4.3454125695e-01,2.5715053543e-01,1.7596994901e-01,3.4107290164e-02,6.7405200900e-02,2.4425422466e+00
7.6200000000e+02,1.0817981751e-02,1.9863536349e-02,4.2969623470e-01,2.6222913299e-01,1.7523964163e-01,3.4641428931e-02,6.7512043650e-02,2.4475794365e+00
7.6250000000e+02,1.0904731755e-02,1.9757761151e-02,4.2759048247e-01,2.6501067068e-01,1.7524360329e-01,3.4356924240e-02,6.7135826415e-02,2.4518150679e+00
7.6300000000e+02,1.0971906245e-02,1.9599751095e-02,4.2551571136e-01,2.6696360298e-01,1.7455333573e-01,3.4464259196e-02,6.7931433391e-02,2.4532364738e+00
7.6350000000e+02,1.1144450438e-02,1.9510008684e-02,4.2405672814e-01,2.6701363317e-01,1.7460940500e-01,3.5071136738e-02,6.8594637836e-02,2.4671728200e+00
7.6400000000e+02,1.1252784664e-02,1.9276817370e-02,4.2198452016e-01,2.6832091357e-01,1.7468577380e-01,3.5430985437e-02,6.9048204998e-02,2.4751417247e+00
7.6450000000e+02,1.1232998794e-02,1.9054894463e-02,4.1858384598e-01,2.7179721641e-01,1.7545548654e-01,3.5225770148e-02,6.8649787667e-02,2.4754457790e+00
7.6500000000e+02,1.1209351697e-02,1.8856090625e-02,4.1768086577e-01,2.7341209494e-01,1.7498429679e-01,3.5780884556e-02,6.8076415622e-02,2.4780181354e+00
7.6550000000e+02,1.1193020796e-02,1.8675094582e-02,4.1542131055e-01,2.7561255120e-01,1.7497809438e-01,3.6490830781e-02,6.7629097706e-02,2.4825483316e+00
7.6600000000e+02,1.1384723086e-02,1.8521109512e-02,4.1181745677e-01,2.7941495274e-01,1.7372937384e-01,3.7565737953e-02,6.7566646092e-02,2.4864560369e+00
7.6650000000e+02,1.1715977699e-02,1.8463513431e-02,4.1133795338e-01,2.7956866265e-01,1.7281957186e-01,3.8615333589e-02,6.7478987379e-02,2.4945211050e+00
7.6700000000e+02,1.1813343869e-02,1.8242575442e-02,4.0980626030e-01,2.8179875823e-01,1.7256113497e-01,3.8832461242e-02,6.6945465950e-02,2.4986444036e+00
7.6750000000e+02,1.1880970618e-02,1.8027142295e-02,4.0824833920e-01,2.8356798459e-01,1.7173263318e-01,3.9791975282e-02,6.6750954835e-02,2.4936846154e+00
7.6800000000e+02,1.1929377628e-02,1.7721913050e-02,4.0550754715e-01,2.8567110916e-01,1.7154158336e-01,4.0601968758e-02,6.7026500884e-02,2.4960534231e+00
7.6850000000e+02,1.1939802902e-02,1.7514046589e-02,4.0319010263e-01,2.8832762663e-01,1.7027512624e-01,4.1490196205e-02,6.7263098801e-02,2.5031357747e+00
7.6900000000e+02,1.1960006903e-02,1.7498827033e-02,4.0089522985e-01,2.8999778941e-01,1.7012777900e-01,4.1831873520e-02,6.7688494279e-02,2.5072537342e+00
7.6950000000e+02,1.2046612164e-02,1.7406495242e-02,3.9636720819e-01,2.9396326293e-01,1.7000239116e-01,4.2405820458e-02,6.7808209860e-02,2.5136223793e+00
7.7000000000e+02,1.2028387350e-02,1.7305942264e-02,3.9213584304e-01,2.9908452563e-01,1.6833071022e-01,4.3793003269e-02,6.7321588228e-02,2.5149530882e+00
7.7050000000e+02,1.1975479450e-02,1.7243544693e-02,3.8955389787e-01,3.0095087037e-01,1.6771391928e-01,4.5029442532e-02,6.7532845807e-02,2.5224174569e+00
7.7100000000e+02,1.1983795707e-02,1.6997617057e-02,3.8662326408e-01,3.0207689214e-01,1.6820266121e-01,4.5383839228e-02,6.8731930577e-02,2.5311008169e+00
7.7150000000e+02,1.2077781822e-02,1.6776117606e-02,3.8153968611e-01,3.0440365199e-01,1.6920917526e-01,4.6518298196e-02,6.9475289022e-02,2.5453682107e+00
7.7200000000e+02,1.2051290689e-02,1.6503100651e-02,3.8011873250e-01,3.0581736190e-01,1.7028056715e-01,4.6353872020e-02,6.8875075094e-02,2.5415086663e+00
7.7250000000e+02,1.2144114072e-02,1.6238031107e-02,3.7781132743e-01,3.0783723387e-01,1.6957067864e-01,4.7984638026e-02,6.8413976853e-02,2.5439111688e+00
7.7300000000e+02,1.2110950559e-02,1.5809048701e-02,3.7703950599e-01,3.0820459674e-01,1.6937983276e-01,4.8790103719e-02,6.8665961524e-02,2.5429287627e+00
7.7350000000e+02,1.2215148438e-02,1.5688681746e-02,3.7560973315e-01,3.0818566836e-01,1.6961838252e-01,4.9374587908e-02,6.9307797876e-02,2.5472350555e+00
7.7400000000e+02,1.2204963337e-02,1.5637095735e-02,3.7322626884e-01,3.0969206696e-01,1.6992059851e-01,5.0219985435e-02,6.9099021190e-02,2.5525125036e+00
7.7450000000e+02,1.2119344404e-02,1.5583651596e-02,3.7156161342e-01,3.0989665232e-01,1.6965190536e-01,5.1763267306e-02,6.9423565593e-02,2.5600451345e+00
7.7500000000e+02,1.2185448055e-02,1.5169763440e-02,3.6823603210e-01,3.1238832355e-01,1.6827709191e-01,5.3653375311e-02,7.0089965634e-02,2.5673987897e+00
7.7550000000e+02,1.2165323934e-02,1.4914193191e-02,3.6586077946e-01,3.1366097908e-01,1.6770941083e-01,5.4853264015e-02,7.0836049484e-02,2.5728978571e+00
7.7600000000e+02,1.2142905995e-02,1.4640872892e-02,3.6241136076e-01,3.1585416665e-01,1.6872415029e-01,5.5608786122e-02,7.0617757284e-02,2.5786276218e+00
7.7650000000e+02,1.1887103691e-02,1.4410593081e-02,3.5991170107e-01,3.1864467952e-01,1.6604454502e-01,5.8262015427e-02,7.0839362182e-02,2.5843776136e+00
7.7700000000e+02,1.1750007355e-02,1.4160847563e-02,3.5809327222e-01,3.2053586237e-01,1.6516085779e-01,5.9589691043e-02,7.0709461659e-02,2.5875146179e+00
7.7750000000e+02,1.1713904108e-02,1.3970883255e-02,3.5514407915e-01,3.2449848820e-01,1.6404075833e-01,5.9772698100e-02,7.0859188854e-02,2.5789282652e+00
7.7800000000e+02,1.1820291248e-02,1.3752871280e-02,3.5384917626e-01,3.2630474011e-01,1.6170252052e-01,6.1018996662e-02,7.1551403910e-02,2.5824254023e+00
7.7850000000e+02,1.1906015219e-02,1.3550209676e-02,3.5124141661e-01,3.2771437017e-01,1.6189404045e-01,6.1850660309e-02,7.1843287556e-02,2.5810397591e+00
7.7900000000e+02,1.1987605100e-02,1.3412117979e-02,3.4601864944e-01,3.3126199883e-01,1.6151878042e-01,6.3479440523e-02,7.2321407714e-02,2.5854071659e+00
7.7950000000e+02,1.1936769479e-02,1.3184697268e-02,3.4317885181e-01,3.3475345568e-01,1.5934892216e-01,6.5356983715e-02,7.2240319891e-02,2.5794417616e+00
7.8000000000e+02,1.1873605204e-02,1.2997961835e-02,3.4188533222e-01,3.3505835063e-01,1.5879689270e-01,6.6685508023e-02,7.2702349399e-02,2.5855921168e+00
7.8050000000e+02,1.1714395658e-02,1.2795943723e-02,3.4102056383e-01,3.3652234157e-01,1.5738095951e-01,6.7966164974e-02,7.2599630734e-02,2.5794989150e+00
7.8100000000e+02,1.1682257254e-02,1.2577789969e-02,3.4014847255e-01,3.3722103289e-01,1.5579631363e-01,6.9581962934e-02,7.2992170772e-02,2.5777454395e+00
7.8150000000e+02,1.1621712096e-02,1.2419175517e-02,3.3608325394e-01,3.4005707117e-01,1.5524859259e-01,7.1478943680e-02,7.3091251000e-02,2.5782263781e+00
7.8200000000e+02,1.1515567054e-02,1.2285771311e-02,3.3425985175e-01,3.4090189333e-01,1.5543437714e-01,7.2174929474e-02,7.3427609935e-02,2.5748370144e+00
7.8250000000e+02,1.1526989022e-02,1.2066958267e-02,3.2998282939e-01,3.4537276939e-01,1.5486748354e-01,7.2725043108e-02,7.3457927284e-02,2.5665613281e+00
7.8300000000e+02,1.1412520110e-02,1.1958862978e-02,3.2688699915e-01,3.4926789232e-01,1.5364295283e-01,7.3658876704e-02,7.3171895915e-02,2.5632867734e+00
7.8350000000e+02,1.1334423840e-02,1.1783241354e-02,3.2308621665e-01,3.5182459215e-01,1.5347467776e-01,7.5069396004e-02,7.3427452241e-02,2.5628883699e+00
7.8400000000e+02,1.1279547878e-02,1.1755773679e-02,3.2017826225e-01,3.5473966588e-01,1.5187845115e-01,7.6491845157e-02,7.3676454012e-02,2.5602058142e+00
7.8450000000e+02,1.1290058101e-02,1.1680833352e-02,3.1859884259e-01,3.5564554940e-01,1.5107837361e-01,7.7767041197e-02,7.3939301743e-02,2.5592441263e+00
7.8500000000e+02,1.1210344252e-02,1.1615420306e-02,3.1581815136e-01,3.5737461049e-01,1.4974311075e-01,7.8966338185e-02,7.5272024655e-02,2.5604597711e+00
7.8550000000e+02,1.1158523618e-02,1.1515509800e-02,3.1150314696e-01,3.6135768372e-01,1.4739466761e-01,8.1734137020e-02,7.5336331273e-02,2.5613339706e+00
7.8600000000e+02,1.1159597316e-02,1.1421844241e-02,3.0856932713e-01,3.6179844818e-01,1.4604798080e-01,8.4886977853e-02,7.6115824476e-02,2.5663699723e+00
7.8650000000e+02,1.1056505049e-02,1.1259170443e-02,3.0567826937e-01,3.6452390195e-01,1.4394634864e-01,8.7147016341e-02,7.6388788200e-02,2.5602722765e+00
7.8700000000e+02,1.1052564141e-02,1.1040533932e-02,3.0409344213e-01,3.6433082923e-01,1.4232210361e-01,9.0227552942e-02,7.6932974019e-02,2.5623024809e+00
7.8750000000e+02,1.1021933937e-02,1.0943232473e-02,3.0071437653e-01,3.6618444048e-01,1.4050410250e-01,9.2461003086e-02,7.8170910987e-02,2.5654419787e+00
7.8800000000e+02,1.0821234944e-02,1.0738894852e-02,2.9762102240e-01,3.6856449007e-01,1.3972363905e-01,9.3959490886e-02,7.8571227801e-02,2.5626781777e+00
7.8850000000e+02,1.0821965944e-02,1.0496065411e-02,2.9614652794e-01,3.6986201851e-01,1.3948431612e-01,9.5009073924e-02,7.8180032149e-02,2.5570471770e+00
7.8900000000e+02,1.0918915304e-02,1.0332652883e-02,2.9382875830e-01,3.7030938615e-01,1.3937644246e-01,9.6160811361e-02,7.9073033539e-02,2.5600757831e+00
7.8950000000e+02,1.0922413297e-02,1.0088170018e-02,2.8890389968e-01,3.7622029372e-01,1.3729630663e-01,9.8429801099e-02,7.8139115549e-02,2.5516918023e+00
7.9000000000e+02,1.0929681757e-02,9.9754852403e-03,2.8621357654e-01,3.7732672875e-01,1.3582871306e-01,1.0115023500e-01,7.8575579663e-02,2.5470086713e+00
7.9050000000e+02,1.0940513202e-02,9.7711720993e-03,2.8450978424e-01,3.7945000567e-01,1.3497921954e-01,1.0157292251e-01,7.8776382735e-02,2.5354167250e+00
7.9100000000e+02,1.0781612419e-02,9.6052905689e-03,2.8198313061e-01,3.8228922972e-01,1.3360105188e-01,1.0275406833e-01,7.8985616468e-02,2.5245865535e+00
7.9150000000e+02,1.0583355306e-02,9.3560150454e-03,2.7848774480e-01,3.8553557672e-01,1.3174109871e-01,1.0486743601e-01,7.9428773416e-02,2.5161761161e+00
7.9200000000e+02,1.0584824477e-02,9.3287848030e-03,2.7608921739e-01,3.8504743481e-01,1.3201755499e-01,1.0623521395e-01,8.0696969582e-02,2.5208262671e+00
7.9250000000e+02,1.0584286874e-02,9.2159881218e-03,2.7332351211e-01,3.8682663337e-01,1.3081062655e-01,1.0825608631e-01,8.0982866649e-02,2.5192544525e+00
7.9300000000e+02,1.0560231752e-02,9.1545053242e-03,2.7232969319e-01,3.8859369869e-01,1.2840382870e-01,1.1015481189e-01,8.0803230447e-02,2.5083625799e+00
7.9350000000e+02,1.0502349931e-02,9.0255128849e-03,2.6965505729e-01,3.9039043989e-01,1.2598623639e-01,1.1238356044e-01,8.2056843168e-02,2.5037336063e+00
7.9400000000e+02,1.0400859236e-02,8.8171184467e-03,2.6597966729e-01,3.9488394736e-01,1.2476507096e-01,1.1337045771e-01,8.1782879003e-02,2.4856287406e+00
7.9450000000e+02,1.0474564027e-02,8.7252905267e-03,2.6274179017e-01,3.9718865590e-01,1.2370316382e-01,1.1553458717e-01,8.1631948382e-02,2.4811522736e+00
7.9500000000e+02,1.0473470522e-02,8.5878100297e-03,2.5751791836e-01,4.0218082683e-01,1.2238925227e-01,1.1679393813e-01,8.2056783862e-02,2.4749136748e+00
7.9550000000e+02,1.0522520745e-02,8.6161852710e-03,2.5402222713e-01,4.0488170581e-01,1.2073049149e-01,1.1912326509e-01,8.2103604469e-02,2.4677612721e+00
7.9600000000e+02,1.0592188951e-02,8.5499408740e-03,2.5058980684e-01,4.0718694238e-01,1.1973252833e-01,1.2073566947e-01,8.2612923159e-02,2.4633564690e+00
7.9650000000e+02,1.0445816006e-02,8.4184966848e-03,2.4764571411e-01,4.0857236856e-01,1.1918383915e-01,1.2245049317e-01,8.3283272322e-02,2.4534142339e+00
7.9700000000e+02,1.0416853017e-02,8.2811321479e-03,2.4412576190e-01,4.1071952271e-01,1.1799554888e-01,1.2384183094e-01,8.4619350411e-02,2.4447588149e+00
7.9750000000e+02,1.0389016611e-02,8.0652954966e-03,2.4189729549e-01,4.1179309239e-01,1.1744511476e-01,1.2532334770e-01,8.5086837551e-02,2.4410061880e+00
7.9800000000e+02,1.0356581543e-02,8.0691315562e-03,2.4054222442e-01,4.1336846313e-01,1.1587809512e-01,1.2637083695e-01,8.5414667281e-02,2.4348743970e+00
7.9850000000e+02,1.0401159574e-02,8.0279388577e-03,2.3813336948e-01,4.1329099878e-01,1.1512286630e-01,1.2881186764e-01,8.6211799369e-02,2.4375115339e+00
7.9900000000e+02,1.0430643965e-02,7.9787319000e-03,2.3672240294e-01,4.1421024265e-01,1.1297371646e-01,1.3134476110e-01,8.6339500986e-02,2.4285216778e+00
7.9950000000e+02,1.0455687675e-02,7.8717755899e-03,2.3296480315e-01,4.1757282875e-01,1.1062605280e-01,1.3364459219e-01,8.6864259846e-02,2.4209436270e+00
8.0000000000e+02,1.0346063141e-02,7.8061039984e-03,2.3018623020e-01,4.1891957416e-01,1.1026561449e-01,1.3557032484e-01,8.6906089174e-02,2.4098897942e+00
8.0050000000e+02,1.0247342467e-02,7.6668899654e-03,2.2598184735e-01,4.2229477508e-01,1.0935144148e-01,1.3805855742e-01,8.6399146230e-02,2.4011700845e+00
8.0100000000e+02,1.0152629878e-02,7.6149958472e-03,2.2238035283e-01,4.2450424842e-01,1.0757656169e-01,1.4131930795e-01,8.6451903387e-02,2.3856367089e+00
8.0150000000e+02,1.0042161666e-02,7.5119689422e-03,2.2034302132e-01,4.2576127503e-01,1.0558857089e-01,1.4403261416e-01,8.6720387991e-02,2.3780009247e+00
8.0200000000e+02,9.9459503226e-03,7.4015099103e-03,2.1819942370e-01,4.2648219314e-01,1.0433770416e-01,1.4648249495e-01,8.7150723814e-02,2.3659366986e+00
8.0250000000e+02,9.9315219688e-03,7.3443352533e-03,2.1803849244e-01,4.2442110932e-01,1.0353318347e-01,1.4907806341e-01,8.7653294132e-02,2.3600003071e+00
8.0300000000e+02,9.8151759939e-03,7.3487854702e-03,2.1803135493e-01,4.2370309542e-01,1.0254983124e-01,1.5123445343e-01,8.7317303504e-02,2.3435643140e+00
8.0350000000e+02,9.6536247626e-03,7.3211127158e-03,2.1567293470e-01,4.2590696539e-01,1.0124783074e-01,1.5234488492e-01,8.7852646770e-02,2.3247276315e+00
8.0400000000e+02,9.6822163007e-03,7.3819773509e-03,2.1132135976e-01,4.2898696668e-01,9.9957567001e-02,1.5406527531e-01,8.8604637605e-02,2.3106922226e+00
8.0450000000e+02,9.6369230278e-03,7.4086570159e-03,2.0843458202e-01,4.3150773511e-01,9.7875606019e-02,1.5566416765e-01,8.9472329150e-02,2.2995468678e+00
8.0500000000e+02,9.6690976717e-03,7.2857008560e-03,2.0804702106e-01,4.3180971638e-01,9.6774698723e-02,1.5636457468e-01,9.0049190625e-02,2.2844596947e+00
8.0550000000e+02,9.7320772666e-03,7.2841571204e-03,2.0771508357e-01,4.3122155851e-01,9.5845971595e-02,1.5826186765e-01,8.9939284290e-02,2.2821126694e+00
8.0600000000e+02,9.7194796152e-03,7.3428750082e-03,2.0566481045e-01,4.3255772667e-01,9.4557014886e-02,1.6001364458e-01,9.0144448797e-02,2.2790090931e+00
8.0650000000e+02,9.6152801221e-03,7.3803522018e-03,2.0177078049e-01,4.3589976887e-01,9.2937731090e-02,1.6191085810e-01,9.0485229126e-02,2.2641858831e+00
8.0700000000e+02,9.5065165643e-03,7.2804962689e-03,1.9965433546e-01,4.3775671499e-01,9.1562218410e-02,1.6416658220e-01,9.0073136101e-02,2.2479288402e+00
8.0750000000e+02,9.4775871577e-03,7.2306339689e-03,1.9883102890e-01,4.3895825050e-01,8.9936993585e-02,1.6569031550e-01,8.9875190390e-02,2.2318786605e+00
8.0800000000e+02,9.3411293384e-03,7.2342476442e-03,1.9729088856e-01,4.3834386808e-01,8.9850822855e-02,1.6770025118e-01,9.0238792345e-02,2.2208976114e+00
8.0850000000e+02,9.3604639739e-03,7.2020136445e-03,1.9609949404e-01,4.3679375841e-01,9.0030498310e-02,1.6955084353e-01,9.0962928092e-02,2.2109248301e+00
8.0900000000e+02,9.2769991059e-03,7.1280194291e-03,1.9608601526e-01,4.3515553305e-01,8.9448518124e-02,1.7172023439e-01,9.1184680633e-02,2.1980549582e+00
8.0950000000e+02,9.3040582362e-03,6.9557449000e-03,1.9539133902e-01,4.3586131805e-01,8.8384845039e-02,1.7318748839e-01,9.0915206375e-02,2.1818579156e+00
8.1000000000e+02,9.3419043994e-03,6.9728870512e-03,1.9459773646e-01,4.3515382765e-01,8.8257274265e-02,1.7517784679e-01,9.0498523381e-02,2.1709260788e+00
8.1050000000e+02,9.2679779014e-03,6.9214767354e-03,1.9320966688e-01,4.3611942814e-01,8.6575329202e-02,1.7674142081e-01,9.1164700336e-02,2.1505575020e+00
8.1100000000e+02,9.2736564110e-03,6.9252976913e-03,1.9280951290e-01,4.3555972808e-01,8.5921241632e-02,1.7835451926e-01,9.1156044015e-02,2.1353384969e+00
8.1150000000e+02,9.3420277633e-03,6.9679742120e-03,1.9268229997e-01,4.3438771418e-01,8.5794829897e-02,1.7937306809e-01,9.1452085883e-02,2.1235035506e+00
8.1200000000e+02,9.4099739353e-03,6.8208691786e-03,1.9163101937e-01,4.3617882571e-01,8.4384107546e-02,1.8020696339e-01,9.1368240871e-02,2.1098780789e+00
8.1250000000e+02,9.3950333953e-03,6.7930669355e-03,1.9074829939e-01,4.3497177069e-01,8.4482506902e-02,1.8164687942e-01,9.1962443270e-02,2.0979116012e+00
8.1300000000e+02,9.0957514734e-03,6.7176304726e-03,1.8761722036e-01,4.3890597194e-01,8.3570828071e-02,1.8296019893e-01,9.1132398748e-02,2.0857394422e+00
8.1350000000e+02,9.0437729661e-03,6.6087683293e-03,1.8752052302e-01,4.3822452074e-01,8.3508397905e-02,1.8358480103e-01,9.1509216010e-02,2.0735139563e+00
8.1400000000e+02,8.8361861382e-03,6.4514342425e-03,1.8714863041e-01,4.3933639884e-01,8.3110027633e-02,1.8475764042e-01,9.0359682319e-02,2.0539319497e+00
8.1450000000e+02,8.7088538455e-03,6.4536195511e-03,1.8315986819e-01,4.4322474015e-01,8.2644847247e-02,1.8558228608e-01,9.0225784938e-02,2.0400164147e+00
8.1500000000e+02,8.6843169943e-03,6.4190203669e-03,1.8127440886e-01,4.4414218642e-01,8.3216746262e-02,1.8674959009e-01,8.9513731007e-02,2.0314981388e+00
8.1550000000e+02,8.5578626153e-03,6.3874211615e-03,1.8102505586e-01,4.4311622515e-01,8.3627090476e-02,1.8769863232e-01,8.9587712410e-02,2.0164093915e+00
8.1600000000e+02,8.5706993383e-03,6.3592239877e-03,1.8067606144e-01,4.4024041526e-01,8.3773603447e-02,1.8863181701e-01,9.1748179518e-02,2.0159941171e+00
8.1650000000e+02,8.5556945607e-03,6.3560081859e-03,1.7948628610e-01,4.4082457205e-01,8.3896363968e-02,1.8964337829e-01,9.1237696855e-02,2.0057941745e+00
8.1700000000e+02,8.5465933640e-03,6.3880449145e-03,1.7907044831e-01,4.4109642307e-01,8.3036966227e-02,1.9062820399e-01,9.1233320117e-02,1.9977663977e+00
8.1750000000e+02,8.3898279650e-03,6.3508692174e-03,1.8027022036e-01,4.4036198342e-01,8.2113304328e-02,1.9146811507e-01,9.1045679637e-02,1.9804820366e+00
8.1800000000e+02,8.3836844904e-03,6.3393936027e-03,1.8104223407e-01,4.4034135792e-01,8.1372726764e-02,1.9186658742e-01,9.0654015735e-02,1.9681782736e+00
8.1850000000e+02,8.3264161055e-03,6.3109435924e-03,1.8091028976e-01,4.4106927018e-01,8.0611778143e-02,1.9229682444e-01,9.0474477781e-02,1.9537359569e+00
8.1900000000e+02,8.2814512038e-03,6.2943611913e-03,1.8049866100e-01,4.3995067482e-01,8.0941034340e-02,1.9270037492e-01,9.1333442524e-02,1.9453615399e+00
8.1950000000e+02,8.2701152277e-03,6.3334553909e-03,1.8103390233e-01,4.3828665008e-01,8.1030190355e-02,1.9330776234e-01,9.1737924281e-02,1.9385878092e+00
8.2000000000e+02,8.1795705583e-03,6.2634706513e-03,1.8106042948e-01,4.3880406835e-01,8.0774577793e-02,1.9346639470e-01,9.1451488466e-02,1.9246958909e+00
8.2050000000e+02,8.1216560783e-03,6.2327966851e-03,1.7953770431e-01,4.4046832561e-01,8.0786388590e-02,1.9377485839e-01,9.1078270333e-02,1.9113549356e+00
8.2100000000e+02,8.1132412686e-03,6.2138355452e-03,1.7935650878e-01,4.4199876282e-01,8.0297579508e-02,1.9377421654e-01,9.0245855533e-02,1.9029957003e+00
8.2150000000e+02,7.9635583236e-03,6.2081941099e-03,1.7919489642e-01,4.4133104832e-01,8.0385473624e-02,1.9404865329e-01,9.0868175915e-02,1.8998647038e+00
8.2200000000e+02,7.9637673939e-03,6.2086846292e-03,1.7826303551e-01,4.4250825348e-01,7.9963881155e-02,1.9397546325e-01,9.1116914584e-02,1.8953128711e+00
8.2250000000e+02,7.8516406173e-03,6.1696082252e-03,1.7937679840e-01,4.4203935069e-01,8.0006141701e-02,1.9409518714e-01,9.0461273231e-02,1.8844918346e+00
8.2300000000e+02,7.9302183801e-03,6.1668478766e-03,1.7901471546e-01,4.4162063702e-01,8.0074705981e-02,1.9425579528e-01,9.0937080005e-02,1.8860777917e+00
8.2350000000e+02,7.8545922298e-03,6.1249890479e-03,1.7861755604e-01,4.4076662696e-01,8.1042781647e-02,1.9413213363e-01,9.1461320444e-02,1.8820852803e+00
8.2400000000e+02,7.8601855002e-03,6.1676960085e-03,1.7916997107e-01,4.3961748870e-01,8.1426992648e-02,1.9420631187e-01,9.1551354200e-02,1.8776975528e+00
8.2450000000e+02,7.7997485231e-03,6.1670197527e-03,1.8033913385e-01,4.3746071108e-01,8.2052345648e-02,1.9415990460e-01,9.2021136546e-02,1.8769714623e+00
8.2500000000e+02,7.7362946024e-03,6.2555410629e-03,1.8048456967e-01,4.3707046947e-01,8.2065383696e-02,1.9412995131e-01,9.2257790192e-02,1.8779143093e+00
8.2550000000e+02,7.7181162031e-03,6.3742867890e-03,1.8171638400e-01,4.3408124999e-01,8.2861886580e-02,1.9401354305e-01,9.3234533382e-02,1.8797458018e+00
8.2600000000e+02,7.6120844299e-03,6.3860455918e-03,1.8124452448e-01,4.3363987113e-01,8.3884140867e-02,1.9383596091e-01,9.3397372593e-02,1.8748573312e+00
8.2650000000e+02,7.5238368608e-03,6.3627421331e-03,1.8198008046e-01,4.3232720221e-01,8.4376333638e-02,1.9375041041e-01,9.3679394287e-02,1.8720569413e+00
8.2700000000e+02,7.4718698194e-03,6.3170313455e-03,1.8183577103e-01,4.3154148507e-01,8.4818469141e-02,1.9372749067e-01,9.4287882914e-02,1.8740834365e+00
8.2750000000e+02,7.4534776700e-03,6.3032672173e-03,1.8239535688e-01,4.3143014005e-01,8.4547406709e-02,1.9370959106e-01,9.4160760415e-02,1.8714675048e+00
8.2800000000e+02,7.4232187018e-03,6.2991510408e-03,1.8206922313e-01,4.3279708384e-01,8.4006323051e-02,1.9329819986e-01,9.4106800381e-02,1.8691655544e+00
8.2850000000e+02,7.2747906077e-03,6.2788657152e-03,1.8336189277e-01,4.3189712639e-01,8.4037004581e-02,1.9273854141e-01,9.4411778535e-02,1.8651933311e+00
8.2900000000e+02,7.2452070764e-03,6.3021447069e-03,1.8384033000e-01,4.3176845259e-01,8.4880658698e-02,1.9242633858e-01,9.3536868340e-02,1.8645536193e+00
8.2950000000e+02,7.1263524988e-03,6.3628615768e-03,1.8440327506e-01,4.2933219995e-01,8.6566033773e-02,1.9198479737e-01,9.4224479766e-02,1.8707501178e+00
8.3000000000e+02,7.1556197803e-03,6.3682850767e-03,1.8293708093e-01,4.3042243227e-01,8.6866607312e-02,1.9164151504e-01,9.4608459589e-02,1.8728165010e+00
8.3050000000e+02,7.0279541738e-03,6.3155909015e-03,1.8290548362e-01,4.3038998083e-01,8.7469102117e-02,1.9137264462e-01,9.4519243735e-02,1.8707338461e+00
8.3100000000e+02,6.8652328177e-03,6.2562191249e-03,1.8196295651e-01,4.3190933296e-01,8.7570491302e-02,1.9107250464e-01,9.4363262649e-02,1.8736335748e+00
8.3150000000e+02,6.8252102520e-03,6.3119088124e-03,1.8247989763e-01,4.3105231217e-01,8.8110033197e-02,1.9033522841e-01,9.4885409525e-02,1.8805121376e+00
8.3200000000e+02,6.7330587420e-03,6.3565340274e-03,1.8371580405e-01,4.2948294520e-01,8.8416459966e-02,1.8977741186e-01,9.5517786156e-02,1.8861792200e+00
8.3250000000e+02,6.6864178989e-03,6.2978035026e-03,1.8506823094e-01,4.2917483755e-01,8.8996440735e-02,1.8878462452e-01,9.4991644854e-02,1.8860957920e+00
8.3300000000e+02,6.7006061978e-03,6.3353687579e-03,1.8614801176e-01,4.2879933105e-01,8.9007957275e-02,1.8808376003e-01,9.4924964926e-02,1.8908981149e+00
8.3350000000e+02,6.6595658901e-03,6.2823127483e-03,1.8741608886e-01,4.2714832006e-01,8.8922228952e-02,1.8750332613e-01,9.6068157362e-02,1.8996888913e+00
8.3400000000e+02,6.6658198972e-03,6.2257076877e-03,1.8745009371e-01,4.2669513500e-01,9.0106733335e-02,1.8708304458e-01,9.5773465787e-02,1.9030490351e+00
8.3450000000e+02,6.6022534099e-03,6.2115770040e-03,1.8917508635e-01,4.2508013101e-01,9.0759687246e-02,1.8651436158e-01,9.5656903400e-02,1.9041415391e+00
8.3500000000e+02,6.5871952878e-03,6.2902075115e-03,1.9088385934e-01,4.2322208681e-01,9.2079231960e-02,1.8571776001e-01,9.5219659078e-02,1.9052558518e+00
8.3550000000e+02,6.6142258949e-03,6.4230786900e-03,1.9028166234e-01,4.2275605096e-01,9.2829806652e-02,1.8459113221e-01,9.6504043246e-02,1.9134090508e+00
8.3600000000e+02,6.5781542565e-03,6.4485080041e-03,1.9173750716e-01,4.2025684048e-01,9.4416354070e-02,1.8340692378e-01,9.7155712250e-02,1.9179890134e+00
8.3650000000e+02,6.5262186497e-03,6.4166270628e-03,1.9211417899e-01,4.1877406826e-01,9.5026745337e-02,1.8296406976e-01,9.8178091933e-02,1.9259454858e+00
8.3700000000e+02,6.5474800023e-03,6.4669644941e-03,1.9253192147e-01,4.1861009507e-01,9.5091074190e-02,1.8224891122e-01,9.8503553556e-02,1.9329044803e+00
8.3750000000e+02,6.4200681528e-03,6.3819481231e-03,1.9393455248e-01,4.1700709538e-01,9.5289683879e-02,1.8160208123e-01,9.9364570751e-02,1.9401728574e+00
8.3800000000e+02,6.3317866960e-03,6.2590451912e-03,1.9260939278e-01,4.1811579938e-01,9.6493181926e-02,1.8087572492e-01,9.9315069112e-02,1.9485230146e+00
8.3850000000e+02,6.3816679973e-03,6.3150074626e-03,1.9228511156e-01,4.1812695053e-01,9.6460375269e-02,1.8007021324e-01,1.0036067395e-01,1.9546973728e+00
8.3900000000e+02,6.3486013997e-03,6.3261482149e-03,1.9181112151e-01,4.1873827012e-01,9.7245831857e-02,1.7888030179e-01,1.0064972511e-01,1.9621546872e+00
8.3950000000e+02,6.4222517096e-03,6.3888345971e-03,1.9330938830e-01,4.1552684092e-01,9.8834855235e-02,1.7762089669e-01,1.0189693256e-01,1.9774105823e+00
8.4000000000e+02,6.4119076953e-03,6.4100348672e-03,1.9387774982e-01,4.1376451628e-01,9.9309271730e-02,1.7719657960e-01,1.0302994000e-01,1.9848275680e+00
8.4050000000e+02,6.3139262926e-03,6.4313069473e-03,1.9496299036e-01,4.1178564364e-01,1.0012285874e-01,1.7673616257e-01,1.0364711146e-01,1.9947265053e+00
8.4100000000e+02,6.2754541307e-03,6.4296391677e-03,1.9483560810e-01,4.1234409334e-01,1.0077787687e-01,1.7627805222e-01,1.0305927618e-01,2.0047941115e+00
8.4150000000e+02,6.2237349236e-03,6.4536535313e-03,1.9699663079e-01,4.0980519328e-01,1.0179313059e-01,1.7580753356e-01,1.0292012333e-01,2.0114785249e+00
8.4200000000e+02,6.0758769054e-03,6.4801118713e-03,1.9758330305e-01,4.0912718938e-01,1.0264637986e-01,1.7508689736e-01,1.0300024157e-01,2.0154708708e+00
8.4250000000e+02,6.0275244256e-03,6.5296310404e-03,1.9498536652e-01,4.1124501903e-01,1.0387978559e-01,1.7471843759e-01,1.0261423580e-01,2.0233256524e+00
8.4300000000e+02,6.0490848881e-03,6.6934502918e-03,1.9568343834e-01,4.0999920448e-01,1.0527272334e-01,1.7345744889e-01,1.0284464976e-01,2.0414504667e+00
8.4350000000e+02,6.0168076625e-03,6.7759301280e-03,1.9429128138e-01,4.1049483779e-01,1.0750618577e-01,1.7192771788e-01,1.0298723938e-01,2.0513154245e+00
8.4400000000e+02,5.8946267477e-03,6.6759462307e-03,1.9484571205e-01,4.0901215529e-01,1.0881872057e-01,1.7145385756e-01,1.0329898155e-01,2.0564845207e+00
8.4450000000e+02,5.9135858650e-03,6.6591162152e-03,1.9598123298e-01,4.0805491283e-01,1.0941491046e-01,1.7067936180e-01,1.0329687985e-01,2.0682002992e+00
8.4500000000e+02,5.8170547201e-03,6.6630764932e-03,1.9660204446e-01,4.0741421937e-01,1.1058994697e-01,1.6942940753e-01,1.0348425046e-01,2.0775338118e+00
8.4550000000e+02,5.8287656050e-03,6.6292030900e-03,1.9880998981e-01,4.0558206028e-01,1.1092595115e-01,1.6867446079e-01,1.0354956927e-01,2.0874858576e+00
8.4600000000e+02,5.8111605945e-03,6.6246377284e-03,2.0054843059e-01,4.0491160336e-01,1.1072013721e-01,1.6825808470e-01,1.0312594582e-01,2.0898455684e+00
8.4650000000e+02,5.7918536274e-03,6.7379773365e-03,2.0127958677e-01,4.0471162837e-01,1.1137773355e-01,1.6697436843e-01,1.0312685192e-01,2.0951918135e+00
8.4700000000e+02,5.7455642176e-03,6.7696532049e-03,2.0295424209e-01,4.0281593139e-01,1.1179513970e-01,1.6637522547e-01,1.0354424393e-01,2.1038241033e+00
8.4750000000e+02,5.6412564100e-03,6.8176629732e-03,2.0550320066e-01,4.0036475559e-01,1.1229935507e-01,1.6529461660e-01,1.0407915269e-01,2.1147538288e+00
8.4800000000e+02,5.6100713136e-03,6.9022521343e-03,2.0704666066e-01,3.9829617881e-01,1.1356914182e-01,1.6432796109e-01,1.0424773419e-01,2.1288124365e+00
8.4850000000e+02,5.6314961081e-03,6.8934290316e-03,2.0615810532e-01,3.9928086411e-01,1.1460453595e-01,1.6279802985e-01,1.0463353963e-01,2.1409874823e+00
8.4900000000e+02,5.6253145178e-03,6.8103007872e-03,2.0637272966e-01,3.9872119544e-01,1.1463241753e-01,1.6273657121e-01,1.0510147085e-01,2.1486753589e+00
8.4950000000e+02,5.6434472556e-03,6.8411898097e-03,2.0815448122e-01,3.9825061556e-01,1.1414140451e-01,1.6214557680e-01,1.0482328485e-01,2.1571329860e+00
8.5000000000e+02,5.6927362440e-03,6.8448656139e-03,2.0947958881e-01,3.9664219860e-01,1.1542430056e-01,1.6148327425e-01,1.0443303591e-01,2.1609295047e+00
8.5050000000e+02,5.7357629690e-03,6.9024887876e-03,2.1139424034e-01,3.9568095642e-01,1.1657295746e-01,1.5949742663e-01,1.0421616739e-01,2.1712208962e+00
8.5100000000e+02,5.7378323421e-03,6.9285942870e-03,2.1161136478e-01,3.9608158324e-01,1.1760207831e-01,1.5813461819e-01,1.0390392885e-01,2.1818467790e+00
8.5150000000e+02,5.6969928701e-03,6.8990053110e-03,2.1271237802e-01,3.9562729235e-01,1.1850206701e-01,1.5740708544e-01,1.0315517901e-01,2.1911066374e+00
8.5200000000e+02,5.6870113608e-03,6.8977653427e-03,2.1345136978e-01,3.9528334952e-01,1.1917566320e-01,1.5654530022e-01,1.0295954058e-01,2.1977756151e+00
8.5250000000e+02,5.6290374555e-03,7.0020854407e-03,2.1630473733e-01,3.9006677124e-01,1.2058000301e-01,1.5577797938e-01,1.0463938614e-01,2.2136351184e+00
8.5300000000e+02,5.6292237654e-03,7.0725595779e-03,2.1665654089e-01,3.8939465863e-01,1.2174753624e-01,1.5426198042e-01,1.0523750047e-01,2.2212123880e+00
8.5350000000e+02,5.5095608603e-03,6.9178411345e-03,2.1723453967e-01,3.9028988594e-01,1.2141070603e-01,1.5398964454e-01,1.0464782181e-01,2.2245940000e+00
8.5400000000e+02,5.4674804453e-03,6.9494785043e-03,2.1704612304e-01,3.9075249942e-01,1.2134852163e-01,1.5302995868e-01,1.0540593828e-01,2.2307840864e+00
8.5450000000e+02,5.4915810201e-03,6.9923195987e-03,2.1758113121e-01,3.8954583050e-01,1.2237139225e-01,1.5182202752e-01,1.0619571790e-01,2.2422754686e+00
8.5500000000e+02,5.5209847973e-03,6.9179310180e-03,2.1850141001e-01,3.8985409252e-01,1.2261614772e-01,1.5076866495e-01,1.0582076899e-01,2.2489258855e+00
8.5550000000e+02,5.4875830056e-03,6.9838323561e-03,2.2037446449e-01,3.8873268783e-01,1.2284358824e-01,1.4939267486e-01,1.0618516921e-01,2.2556459465e+00
8.5600000000e+02,5.4889177979e-03,6.9956029202e-03,2.2314452648e-01,3.8651723653e-01,1.2319468417e-01,1.4916970200e-01,1.0548933011e-01,2.2639545780e+00
8.5650000000e+02,5.5106987076e-03,6.8935528293e-03,2.2487656996e-01,3.8446870133e-01,1.2439256634e-01,1.4788458610e-01,1.0597332472e-01,2.2670368928e+00
8.5700000000e+02,5.6169889512e-03,6.8829227508e-03,2.2827713340e-01,3.8113310554e-01,1.2731882554e-01,1.4530518204e-01,1.0546584178e-01,2.2815158182e+00
8.5750000000e+02,5.6393988900e-03,6.7716449197e-03,2.2931311437e-01,3.8005384452e-01,1.2888964061e-01,1.4315351372e-01,1.0617884297e-01,2.2906013116e+00
8.5800000000e+02,5.5803403779e-03,6.7937124839e-03,2.3145272638e-01,3.7833770869e-01,1.2884469391e-01,1.4200229552e-01,1.0698852264e-01,2.2946549752e+00
8.5850000000e+02,5.5680735247e-03,6.7861226772e-03,2.3316221109e-01,3.7623928477e-01,1.3040608187e-01,1.4094442904e-01,1.0689379703e-01,2.3038240325e+00
8.5900000000e+02,5.6053256587e-03,6.7308079691e-03,2.3564349451e-01,3.7422646102e-01,1.3178229492e-01,1.3963853340e-01,1.0637308253e-01,2.3063606420e+00
8.5950000000e+02,5.5446852816e-03,6.7627161172e-03,2.3749369351e-01,3.7283449408e-01,1.3177690732e-01,1.3861722968e-01,1.0697027401e-01,2.3128286429e+00
8.6000000000e+02,5.5427754296e-03,6.7408833207e-03,2.4026949066e-01,3.7045091013e-01,1.3482723600e-01,1.3599659113e-01,1.0617211334e-01,2.3168417927e+00
8.6050000000e+02,5.4879704423e-03,6.8374093005e-03,2.4052629716e-01,3.7062523208e-01,1.3558685849e-01,1.3474172271e-01,1.0619450982e-01,2.3214018703e+00
8.6100000000e+02,5.5029841415e-03,6.8740803633e-03,2.3929718978e-01,3.7317232912e-01,1.3511595268e-01,1.3395966836e-01,1.0607779555e-01,2.3274303516e+00
8.6150000000e+02,5.4566018040e-03,6.8835121823e-03,2.3930631630e-01,3.7501393016e-01,1.3428498790e-01,1.3405821173e-01,1.0499643994e-01,2.3325673350e+00
8.6200000000e+02,5.4961104119e-03,6.8863018932e-03,2.4278950027e-01,3.7225374517e-01,1.3557221756e-01,1.3214679012e-01,1.0485533457e-01,2.3372146811e+00
8.6250000000e+02,5.4290782766e-03,6.8905612389e-03,2.4365760609e-01,3.7159101476e-01,1.3844299845e-01,1.2946677145e-01,1.0452196973e-01,2.3426730324e+00
8.6300000000e+02,5.4385400050e-03,6.8666270619e-03,2.4537691886e-01,3.7107279449e-01,1.3936730338e-01,1.2762508319e-01,1.0425273302e-01,2.3458730003e+00
8.6350000000e+02,5.4536793705e-03,6.8941245280e-03,2.4763489951e-01,3.6918006139e-01,1.4081154056e-01,1.2589516758e-01,1.0413052707e-01,2.3517766597e+00
8.6400000000e+02,5.4008538637e-03,6.8234295823e-03,2.4943933170e-01,3.6827852612e-01,1.4134070872e-01,1.2526982816e-01,1.0344732185e-01,2.3570444503e+00
8.6450000000e+02,5.4337601329e-03,6.7859873884e-03,2.5194977535e-01,3.6584614180e-01,1.4256425858e-01,1.2372728396e-01,1.0369279279e-01,2.3589118798e+00
8.6500000000e+02,5.4073721606e-03,6.8137484722e-03,2.5374729333e-01,3.6463051099e-01,1.4323956487e-01,1.2219032540e-01,1.0397118478e-01,2.3646606084e+00
8.6550000000e+02,5.3901188349e-03,6.8524313750e-03,2.5744826767e-01,3.6140665469e-01,1.4244284085e-01,1.2268978194e-01,1.0376990465e-01,2.3679911980e+00
8.6600000000e+02,5.3673640409e-03,6.9429626204e-03,2.5772354261e-01,3.6097334772e-01,1.4191022906e-01,1.2263585769e-01,1.0444669627e-01,2.3743422923e+00
8.6650000000e+02,5.3215874015e-03,7.0342102758e-03,2.6183549887e-01,3.5733137192e-01,1.4195520806e-01,1.2220406416e-01,1.0431805931e-01,2.3794571506e+00
8.6700000000e+02,5.2402571647e-03,6.9759415777e-03,2.6364400538e-01,3.5560528700e-01,1.4193081732e-01,1.2218548309e-01,1.0441820847e-01,2.3830260072e+00
8.6750000000e+02,5.2334118767e-03,7.0375381192e-03,2.6628467346e-01,3.5449282977e-01,1.4064725232e-01,1.2154493465e-01,1.0475935980e-01,2.3815431066e+00
8.6800000000e+02,5.2322937912e-03,7.0529120292e-03,2.6942516572e-01,3.5161126175e-01,1.4136996803e-01,1.2050027367e-01,1.0480812500e-01,2.3831963604e+00
8.6850000000e+02,5.2445725425e-03,6.9705554019e-03,2.7011669853e-01,3.5174589770e-01,1.4069576522e-01,1.2012527618e-01,1.0510123442e-01,2.3849181743e+00
8.6900000000e+02,5.2163353425e-03,6.9913780093e-03,2.7148882377e-01,3.4983156333e-01,1.4062296533e-01,1.2033842010e-01,1.0551051411e-01,2.3941078700e+00
8.6950000000e+02,5.2631638229e-03,7.0512649057e-03,2.7282111307e-01,3.4813805879e-01,1.4209240419e-01,1.1873769471e-01,1.0589630052e-01,2.4057528917e+00
8.7000000000e+02,5.2092331308e-03,6.9180580093e-03,2.7240397760e-01,3.4832227520e-01,1.4280483982e-01,1.1796364745e-01,1.0637796878e-01,2.4115552479e+00
8.7050000000e+02,5.2284805157e-03,6.9075119002e-03,2.7414019734e-01,3.4784528884e-01,1.4327605385e-01,1.1632125668e-01,1.0628121088e-01,2.4107636494e+00
8.7100000000e+02,5.2146401374e-03,6.9931846140e-03,2.7559482832e-01,3.4682171460e-01,1.4451221960e-01,1.1487023714e-01,1.0599317560e-01,2.4142300661e+00
8.7150000000e+02,5.2721702191e-03,7.1233981032e-03,2.7837605273e-01,3.4321031934e-01,1.4635653268e-01,1.1242953156e-01,1.0723199536e-01,2.4228313053e+00
8.7200000000e+02,5.3158724245e-03,7.1929972807e-03,2.7884450912e-01,3.4381590410e-01,1.4641146101e-01,1.1235775292e-01,1.0606150314e-01,2.4261285750e+00
8.7250000000e+02,5.3191983482e-03,7.2483469973e-03,2.8041469153e-01,3.4321989100e-01,1.4814213942e-01,1.1005447581e-01,1.0560125689e-01,2.4275407979e+00
8.7300000000e+02,5.3116202413e-03,7.3200153081e-03,2.8332718448e-01,3.4133027434e-01,1.4658400196e-01,1.1038050383e-01,1.0574639984e-01,2.4315880687e+00
8.7350000000e+02,5.3920417348e-03,7.3970605114e-03,2.8359335397e-01,3.4139511631e-01,1.4624936963e-01,1.1040758588e-01,1.0556547196e-01,2.4348995640e+00
8.7400000000e+02,5.4368661614e-03,7.4287903314e-03,2.8538492427e-01,3.3937068478e-01,1.4742722332e-01,1.0899162014e-01,1.0595989099e-01,2.4403478704e+00
8.7450000000e+02,5.4831805786e-03,7.5352461189e-03,2.8840087415e-01,3.3722607770e-01,1.4837255054e-01,1.0746151885e-01,1.0552055206e-01,2.4413214118e+00
8.7500000000e+02,5.5344348155e-03,7.6132111956e-03,2.9180766396e-01,3.3633707605e-01,1.4811640136e-01,1.0569992778e-01,1.0489128484e-01,2.4378878500e+00
8.7550000000e+02,5.5511578521e-03,7.6798305442e-03,2.9354892923e-01,3.3412220397e-01,1.4798106216e-01,1.0572941028e-01,1.0538740596e-01,2.4420911246e+00
8.7600000000e+02,5.4826798034e-03,7.7731132508e-03,2.9556428743e-01,3.3255979796e-01,1.4898764225e-01,1.0407678053e-01,1.0555569878e-01,2.4435644896e+00
8.7650000000e+02,5.5262997274e-03,7.8552392095e-03,2.9765520043e-01,3.3043062660e-01,1.5025891988e-01,1.0278399509e-01,1.0548971906e-01,2.4452727674e+00
8.7700000000e+02,5.5303676963e-03,7.9221951284e-03,3.0279025750e-01,3.2814824439e-01,1.4947810722e-01,1.0155675390e-01,1.0457407416e-01,2.4396533878e+00
8.7750000000e+02,5.4990551786e-03,8.0506693223e-03,3.0623114548e-01,3.2610162051e-01,1.4974885079e-01,1.0066084856e-01,1.0370781016e-01,2.4358211117e+00
8.7800000000e+02,5.4543116150e-03,8.1686239533e-03,3.0902679168e-01,3.2384702779e-01,1.5088390716e-01,9.8347242447e-02,1.0427209536e-01,2.4330097004e+00
8.7850000000e+02,5.4841201672e-03,8.2438898137e-03,3.1201497846e-01,3.2125887832e-01,1.5202235751e-01,9.7306954222e-02,1.0366882151e-01,2.4353882382e+00
8.7900000000e+02,5.4600973918e-03,8.2506531084e-03,3.1512254429e-01,3.1769117763e-01,1.5333120752e-01,9.6511725145e-02,1.0363259491e-01,2.4366772356e+00
8.7950000000e+02,5.4506291840e-03,8.4539690027e-03,3.1738138122e-01,3.1710041040e-01,1.5308500530e-01,9.5872861774e-02,1.0265574312e-01,2.4342508306e+00
8.8000000000e+02,5.4664981332e-03,8.6337829927e-03,3.1827427054e-01,3.1641547502e-01,1.5294208385e-01,9.5628297477e-02,1.0263959198e-01,2.4405180904e+00
8.8050000000e+02,5.4507963171e-03,8.6306909176e-03,3.2184762619e-01,3.1256332737e-01,1.5401864831e-01,9.4633315130e-02,1.0285559577e-01,2.4392603348e+00
8.8100000000e+02,5.4859504569e-03,8.7655327039e-03,3.2630450737e-01,3.0797462802e-01,1.5468155060e-01,9.3108227932e-02,1.0367960292e-01,2.4402414587e+00
8.8150000000e+02,5.5172651717e-03,8.9278906028e-03,3.3167283986e-01,3.0333817185e-01,1.5500502323e-01,9.1816501365e-02,1.0372230792e-01,2.4346253050e+00
8.8200000000e+02,5.5073688723e-03,8.9979534112e-03,3.3366032753e-01,3.0376262140e-01,1.5549924373e-01,8.9847658137e-02,1.0272482693e-01,2.4262628517e+00
8.8250000000e+02,5.5075696207e-03,9.1063086150e-03,3.3629595702e-01,3.0299023435e-01,1.5520639433e-01,8.9327727521e-02,1.0156580855e-01,2.4223332496e+00
8.8300000000e+02,5.5184248059e-03,9.2453352813e-03,3.4127448452e-01,2.9917983287e-01,1.5561488090e-01,8.8519494859e-02,1.0064754676e-01,2.4203024943e+00
8.8350000000e+02,5.5777273040e-03,9.4090252479e-03,3.4299408230e-01,2.9695370281e-01,1.5826222364e-01,8.6258088094e-02,1.0054515060e-01,2.4191123458e+00
8.8400000000e+02,5.6647221841e-03,9.5138418331e-03,3.4863880315e-01,2.9247422064e-01,1.5917890329e-01,8.4592530973e-02,9.9936977942e-02,2.4121779384e+00
8.8450000000e+02,5.6474729848e-03,9.5009810046e-03,3.5189091443e-01,2.9120996004e-01,1.5950531553e-01,8.3290339249e-02,9.8955016760e-02,2.4096295993e+00
8.8500000000e+02,5.6604106789e-03,9.5488989760e-03,3.5420440613e-01,2.8950261684e-01,1.5949965545e-01,8.2471735587e-02,9.9112276337e-02,2.4045907800e+00
8.8550000000e+02,5.5560300600e-03,9.4578547657e-03,3.5662129235e-01,2.8863673705e-01,1.5947075907e-01,8.1207724194e-02,9.9049602506e-02,2.3943195514e+00
8.8600000000e+02,5.5923485054e-03,9.4890499126e-03,3.5802427950e-01,2.8910219079e-01,1.6074450179e-01,7.9290736989e-02,9.7756892513e-02,2.3878437499e+00
8.8650000000e+02,5.5954788987e-03,9.4533566342e-03,3.6151429615e-01,2.8693710147e-01,1.6176127072e-01,7.7927531204e-02,9.6810964921e-02,2.3838944425e+00
8.8700000000e+02,5.6116737017e-03,9.4197481440e-03,3.6452007901e-01,2.8533533296e-01,1.6174177723e-01,7.7319515025e-02,9.6051873929e-02,2.3781023153e+00
8.8750000000e+02,5.6107361729e-03,9.4591167362e-03,3.6913752704e-01,2.8040317988e-01,1.6375238759e-01,7.6148323361e-02,9.5488729228e-02,2.3763032658e+00
8.8800000000e+02,5.5585035861e-03,9.4701514948e-03,3.7122358159e-01,2.7980640953e-01,1.6449891873e-01,7.4253617453e-02,9.5188817613e-02,2.3677358113e+00
8.8850000000e+02,5.5652418183e-03,9.6742461026e-03,3.7330408977e-01,2.7770762763e-01,1.6517253604e-01,7.3366148335e-02,9.5210110303e-02,2.3716451901e+00
8.8900000000e+02,5.5842834869e-03,9.7068919827e-03,3.7711824909e-01,2.7451128578e-01,1.6570617383e-01,7.2030517586e-02,9.5342598252e-02,2.3672742175e+00
8.8950000000e+02,5.5517646036e-03,9.6011236441e-03,3.7973678876e-01,2.7317605231e-01,1.6489582920e-01,7.1638106654e-02,9.5400334831e-02,2.3580067124e+00
8.9000000000e+02,5.5989278659e-03,9.6616688875e-03,3.8272179502e-01,2.7143117956e-01,1.6638695935e-01,6.9869808812e-02,9.4329660500e-02,2.3546912733e+00
8.9050000000e+02,5.5890252695e-03,9.8055703760e-03,3.8432546622e-01,2.7037462039e-01,1.6579972700e-01,6.9815055253e-02,9.4290535496e-02,2.3510431148e+00
8.9100000000e+02,5.6168907659e-03,9.7908695504e-03,3.8684600465e-01,2.6927174757e-01,1.6665657410e-01,6.8428503900e-02,9.3389409463e-02,2.3446619810e+00
8.9150000000e+02,5.6159159901e-03,9.8714184131e-03,3.8857777815e-01,2.6711378799e-01,1.6805790220e-01,6.7239922731e-02,9.3523274529e-02,2.3435236375e+00
8.9200000000e+02,5.6675125468e-03,1.0013417688e-02,3.9328545708e-01,2.6400906479e-01,1.6764271063e-01,6.7060387136e-02,9.2321450122e-02,2.3377537324e+00
8.9250000000e+02,5.6193019467e-03,1.0088828719e-02,3.9881802063e-01,2.6128951689e-01,1.6579692038e-01,6.7463195736e-02,9.0924215695e-02,2.3208041662e+00
8.9300000000e+02,5.6035569113e-03,1.0255261203e-02,4.0234064162e-01,2.5748292070e-01,1.6742217589e-01,6.5844806281e-02,9.1050637397e-02,2.3116217467e+00
8.9350000000e+02,5.6348225130e-03,1.0283412689e-02,4.0745061059e-01,2.5348287032e-01,1.6682058029e-01,6.5740773512e-02,9.0586930080e-02,2.3040696912e+00
8.9400000000e+02,5.6531758667e-03,1.0383536738e-02,4.1058492339e-01,2.5084043774e-01,1.6712411869e-01,6.5124677677e-02,9.0289129909e-02,2.2972207035e+00
8.9450000000e+02,5.7098729898e-03,1.0565641790e-02,4.1223916376e-01,2.5069068481e-01,1.6761752719e-01,6.3391744002e-02,8.9785365454e-02,2.2942038395e+00
8.9500000000e+02,5.7264015438e-03,1.0516914173e-02,4.1751347412e-01,2.4665009007e-01,1.6795710558e-01,6.2318695333e-02,8.9317319181e-02,2.2780496000e+00
8.9550000000e+02,5.7970513030e-03,1.0620492040e-02,4.1979207616e-01,2.4497341742e-01,1.6733055838e-01,6.2096985005e-02,8.9389419684e-02,2.2736929656e+00
8.9600000000e+02,5.8322333683e-03,1.0674485688e-02,4.2202554400e-01,2.4439625561e-01,1.6772885884e-01,6.0810892103e-02,8.8531730390e-02,2.2659037163e+00
8.9650000000e+02,5.8524070939e-03,1.0724896401e-02,4.2659837525e-01,2.4063204305e-01,1.6828086259e-01,5.9906948534e-02,8.8004467081e-02,2.2540380053e+00
8.9700000000e+02,5.8378047579e-03,1.0859673927e-02,4.3078729009e-01,2.3751374629e-01,1.6777374271e-01,5.9189624744e-02,8.8038117478e-02,2.2427367772e+00
8.9750000000e+02,5.9011550903e-03,1.0979445317e-02,4.3337018652e-01,2.3500251824e-01,1.6704018610e-01,5.9305726277e-02,8.8400782461e-02,2.2408709095e+00
8.9800000000e+02,5.9825865165e-03,1.1155455862e-02,4.3434203410e-01,2.3381551401e-01,1.6826700269e-01,5.8198772993e-02,8.8238633826e-02,2.2350538364e+00
8.9850000000e+02,6.0498589450e-03,1.1454480083e-02,4.3636057021e-01,2.3290040941e-01,1.6867814059e-01,5.7932375249e-02,8.6624165516e-02,2.2335175996e+00
8.9900000000e+02,6.0250035094e-03,1.1547264216e-02,4.4058104949e-01,2.2835948819e-01,1.6833982491e-01,5.8422698645e-02,8.6724671040e-02,2.2261936214e+00
8.9950000000e+02,6.0450414058e-03,1.1700171610e-02,4.4521151494e-01,2.2408463694e-01,1.6744655578e-01,5.9152236840e-02,8.6359842485e-02,2.2153375558e+00
9.0000000000e+02,6.0997893781e-03,1.1722494746e-02,4.4741715232e-01,2.2327404023e-01,1.6766630811e-01,5.8374542439e-02,8.5445672772e-02,2.2084014282e+00
9.0050000000e+02,5.9927744352e-03,1.1741379990e-02,4.5137190421e-01,2.2017416295e-01,1.6808979247e-01,5.7886531979e-02,8.4743453973e-02,2.1950401580e+00
9.0100000000e+02,5.9481183640e-03,1.1649454539e-02,4.5751556190e-01,2.1696099887e-01,1.6727375540e-01,5.7295047325e-02,8.3357063606e-02,2.1763283921e+00
9.0150000000e+02,5.9817519684e-03,1.1666676504e-02,4.6042669457e-01,2.1585980086e-01,1.6582865362e-01,5.8050708428e-02,8.2185714050e-02,2.1653031780e+00
9.0200000000e+02,6.0062699015e-03,1.1672958907e-02,4.6244808062e-01,2.1503932846e-01,1.6615086336e-01,5.7269458143e-02,8.1413040612e-02,2.1522444823e+00
9.0250000000e+02,6.0092190292e-03,1.1637637352e-02,4.6694511076e-01,2.1066944934e-01,1.6606668752e-01,5.7138217071e-02,8.1533678920e-02,2.1395171210e+00
9.0300000000e+02,6.0136554347e-03,1.1640825850e-02,4.7041037061e-01,2.0842471446e-01,1.6657268894e-01,5.6774549510e-02,8.0163195203e-02,2.1275630338e+00
9.0350000000e+02,6.0733750277e-03,1.1706167084e-02,4.7383022724e-01,2.0656913620e-01,1.6629913206e-01,5.6867469455e-02,7.8654492932e-02,2.1203934546e+00
9.0400000000e+02,6.1325607039e-03,1.1788390102e-02,4.7745611890e-01,2.0489204157e-01,1.6452674193e-01,5.8119098682e-02,7.7085048115e-02,2.1160708853e+00
9.0450000000e+02,6.2347152574e-03,1.1870708265e-02,4.8126785086e-01,2.0159556857e-01,1.6261924020e-01,5.8805800704e-02,7.7606116151e-02,2.1075433818e+00
9.0500000000e+02,6.1844008430e-03,1.1988679087e-02,4.8490772830e-01,1.9863083168e-01,1.6169095663e-01,5.9279693108e-02,7.7317710358e-02,2.0952479851e+00
9.0550000000e+02,6.2604182525e-03,1.1999456933e-02,4.8747461277e-01,1.9686569959e-01,1.6086010740e-01,5.9809917279e-02,7.6729787780e-02,2.0893443770e+00
9.0600000000e+02,6.3697012817e-03,1.2177855542e-02,4.8806038963e-01,1.9589564643e-01,1.6057403095e-01,6.0125784765e-02,7.6796591409e-02,2.0918797139e+00
9.0650000000e+02,6.4194864533e-03,1.2134792030e-02,4.9148346444e-01,1.9430215908e-01,1.5974454007e-01,6.0184307273e-02,7.5731250654e-02,2.0789550646e+00
9.0700000000e+02,6.5034431555e-03,1.2226238927e-02,4.9545744850e-01,1.9212214661e-01,1.5944083077e-01,5.9332055689e-02,7.4917836348e-02,2.0678121486e+00
9.0750000000e+02,6.5386186314e-03,1.2301344909e-02,4.9994518478e-01,1.8927294746e-01,1.5899048955e-01,5.8474734940e-02,7.4476679734e-02,2.0476715283e+00
9.0800000000e+02,6.4938706806e-03,1.2480742194e-02,5.0342435994e-01,1.8560710184e-01,1.5928934074e-01,5.7953661987e-02,7.4750922615e-02,2.0398765909e+00
9.0850000000e+02,6.5367173822e-03,1.2615031351e-02,5.0619109621e-01,1.8381971655e-01,1.5704964278e-01,5.9417120207e-02,7.4370675522e-02,2.0309275760e+00
9.0900000000e+02,6.4711825467e-03,1.2674552164e-02,5.0829362198e-01,1.8400147654e-01,1.5696439504e-01,5.9065554354e-02,7.2529217372e-02,2.0147277238e+00
9.0950000000e+02,6.5037011881e-03,1.2850696157e-02,5.1075699409e-01,1.8236043832e-01,1.5500292178e-01,6.0019022360e-02,7.2506226113e-02,2.0088211052e+00
9.1000000000e+02,6.4841011943e-03,1.3020786524e-02,5.1286964156e-01,1.8316181628e-01,1.5464110322e-01,5.9064428618e-02,7.0758122608e-02,1.9873445667e+00
9.1050000000e+02,6.6015714941e-03,1.3154161407e-02,5.1471304403e-01,1.8150687791e-01,1.5423850745e-01,5.8985177418e-02,7.0800660287e-02,1.9794194694e+00
9.1100000000e+02,6.5585762037e-03,1.3139494428e-02,5.1847107515e-01,1.7813892336e-01,1.5255592924e-01,6.0301121705e-02,7.0834879915e-02,1.9628456916e+00
9.1150000000e+02,6.5981459624e-03,1.3248107778e-02,5.2139361848e-01,1.7599640916e-01,1.5057598055e-01,6.1876148267e-02,7.0311589795e-02,1.9540077048e+00
9.1200000000e+02,6.6297770863e-03,1.3425601696e-02,5.2336312519e-01,1.7434605110e-01,1.4887206488e-01,6.3219336274e-02,7.0144043781e-02,1.9440679618e+00
9.1250000000e+02,6.5835522184e-03,1.3317811697e-02,5.2763893639e-01,1.7223330544e-01,1.4665624261e-01,6.4373043040e-02,6.9197108610e-02,1.9229069216e+00
9.1300000000e+02,6.6492755309e-03,1.3456152824e-02,5.2913467910e-01,1.7251358427e-01,1.4391215695e-01,6.5967957089e-02,6.8366194230e-02,1.9167469267e+00
9.1350000000e+02,6.7018730236e-03,1.3435840262e-02,5.3124779633e-01,1.7110272394e-01,1.4336500390e-01,6.6920370220e-02,6.7226392316e-02,1.9059477183e+00
9.1400000000e+02,6.7477856642e-03,1.3600516681e-02,5.3366630007e-01,1.6772177525e-01,1.4379975108e-01,6.6992718003e-02,6.7471153259e-02,1.8901385917e+00
9.1450000000e+02,6.7618709639e-03,1.3560346421e-02,5.3533541691e-01,1.6619820465e-01,1.4280448850e-01,6.7930182612e-02,6.7409489942e-02,1.8832001213e+00
9.1500000000e+02,6.7910916475e-03,1.3461896466e-02,5.3830782158e-01,1.6397578522e-01,1.4088436675e-01,6.9086430397e-02,6.7492607932e-02,1.8665195848e+00
9.1550000000e+02,6.9129883648e-03,1.3332452671e-02,5.4087207841e-01,1.6163043425e-01,1.4009443156e-01,7.0099048831e-02,6.7058565905e-02,1.8552694346e+00
9.1600000000e+02,6.9592559655e-03,1.3294443397e-02,5.4317339575e-01,1.6099422855e-01,1.3794952439e-01,7.1741940972e-02,6.5887210967e-02,1.8426455085e+00
9.1650000000e+02,7.0156452431e-03,1.3348328054e-02,5.4571594124e-01,1.5861026768e-01,1.3812039937e-01,7.2527846384e-02,6.4661572030e-02,1.8359700114e+00
9.1700000000e+02,7.1651820916e-03,1.3522353593e-02,5.4725480889e-01,1.5808876524e-01,1.3633647994e-01,7.3885474249e-02,6.3746935997e-02,1.8296388017e+00
9.1750000000e+02,7.0791707763e-03,1.3527224311e-02,5.4953590056e-01,1.5709549591e-01,1.3321365370e-01,7.6799074074e-02,6.2749480660e-02,1.8147149262e+00
9.1800000000e+02,7.1081051337e-03,1.3620929899e-02,5.5066994967e-01,1.5666019287e-01,1.3160361196e-01,7.7922346738e-02,6.2414863726e-02,1.8018149144e+00
9.1850000000e+02,7.0849377010e-03,1.3490409035e-02,5.5219071766e-01,1.5640359778e-01,1.3025982462e-01,7.8671336402e-02,6.1899176809e-02,1.7784784372e+00
9.1900000000e+02,7.1049825226e-03,1.3545471201e-02,5.5399477397e-01,1.5512877300e-01,1.2927127512e-01,8.0254788632e-02,6.0699935559e-02,1.7606507850e+00
9.1950000000e+02,7.0385933326e-03,1.3604898005e-02,5.5554806945e-01,1.5428402624e-01,1.2887674760e-01,8.0594475110e-02,6.0053190250e-02,1.7412967261e+00
9.2000000000e+02,6.9687179603e-03,1.3453769274e-02,5.5760658950e-01,1.5330539190e-01,1.2841736149e-01,8.0824552961e-02,5.9423616923e-02,1.7198565016e+00
9.2050000000e+02,7.0730679480e-03,1.3491787676e-02,5.5965886154e-01,1.5198963946e-01,1.2784560077e-01,8.1624597558e-02,5.8316445042e-02,1.7093310160e+00
9.2100000000e+02,6.9613321570e-03,1.3535487419e-02,5.6107026649e-01,1.5122660555e-01,1.2613217358e-01,8.3594791975e-02,5.7479342823e-02,1.7022687450e+00
9.2150000000e+02,6.9330330143e-03,1.3539965774e-02,5.6271174857e-01,1.5084836039e-01,1.2722253151e-01,8.2340674173e-02,5.6403686566e-02,1.6822550179e+00
9.2200000000e+02,7.0243237968e-03,1.3669262175e-02,5.6368203618e-01,1.4964568098e-01,1.2637912032e-01,8.3159261813e-02,5.6440314734e-02,1.6738943977e+00
9.2250000000e+02,7.1527743427e-03,1.3759660690e-02,5.6413749247e-01,1.4972745710e-01,1.2497830050e-01,8.4327837145e-02,5.5916477751e-02,1.6625718946e+00
9.2300000000e+02,7.2449459253e-03,1.3620513865e-02,5.6565511262e-01,1.4946578601e-01,1.2313245952e-01,8.5493341281e-02,5.5387840783e-02,1.6510862949e+00
9.2350000000e+02,7.3316619859e-03,1.3479827799e-02,5.6780160422e-01,1.4776338638e-01,1.2219742850e-01,8.6560294600e-02,5.4865796513e-02,1.6388781815e+00
9.2400000000e+02,7.3468185555e-03,1.3340428087e-02,5.6886628950e-01,1.4771845121e-01,1.2073710281e-01,8.8161366701e-02,5.3829543136e-02,1.6278184227e+00
9.2450000000e+02,7.3136579943e-03,1.3348021165e-02,5.6840224014e-01,1.4885477453e-01,1.1962004587e-01,8.9181880984e-02,5.3279379313e-02,1.6161347873e+00
9.2500000000e+02,7.4084740786e-03,1.3345623851e-02,5.6909616483e-01,1.4817647808e-01,1.1919717600e-01,9.0187375873e-02,5.2588707291e-02,1.6091482852e+00
9.2550000000e+02,7.4241458016e-03,1.3196837672e-02,5.6982957322e-01,1.4738714599e-01,1.1797240824e-01,9.1728523598e-02,5.2461365485e-02,1.5958430496e+00
9.2600000000e+02,7.4990311368e-03,1.3104667835e-02,5.7104276475e-01,1.4625683716e-01,1.1818059274e-01,9.2347048856e-02,5.1569057524e-02,1.5871795943e+00
9.2650000000e+02,7.6148092837e-03,1.3354244877e-02,5.7084205739e-01,1.4612264915e-01,1.1671393879e-01,9.3634246255e-02,5.1718054254e-02,1.5818673980e+00
9.2700000000e+02,7.6329761807e-03,1.3213440445e-02,5.7187434495e-01,1.4533128163e-01,1.1490493834e-01,9.5954750630e-02,5.1088267815e-02,1.5714331179e+00
9.2750000000e+02,7.6312409222e-03,1.3146628054e-02,5.7135537887e-01,1.4635497256e-01,1.1387925762e-01,9.6647118663e-02,5.0985403309e-02,1.5614843574e+00
9.2800000000e+02,7.6241949675e-03,1.3087274623e-02,5.7297683982e-01,1.4529013773e-01,1.1173739473e-01,9.9169362922e-02,5.0114795199e-02,1.5508379632e+00
9.2850000000e+02,7.6448027970e-03,1.3148743496e-02,5.7166124910e-01,1.4680134861e-01,1.1091255553e-01,1.0034855730e-01,4.9482743170e-02,1.5433036079e+00
9.2900000000e+02,7.7174471612e-03,1.3152824553e-02,5.7212255618e-01,1.4706371783e-01,1.0993751102e-01,1.0130590578e-01,4.8700037477e-02,1.5313221755e+00
9.2950000000e+02,7.6970820071e-03,1.3080097798e-02,5.7252331996e-01,1.4663650925e-01,1.0867983481e-01,1.0315525462e-01,4.8227901547e-02,1.5218212131e+00
9.3000000000e+02,7.5959504689e-03,1.3060910782e-02,5.7319597933e-01,1.4669042429e-01,1.0674818280e-01,1.0536372170e-01,4.7344830625e-02,1.5085835549e+00
9.3050000000e+02,7.5252067657e-03,1.3027909107e-02,5.7480187669e-01,1.4552074624e-01,1.0598960298e-01,1.0668807133e-01,4.6446586888e-02,1.4964215224e+00
9.3100000000e+02,7.4843342904e-03,1.2877827683e-02,5.7609349653e-01,1.4412150499e-01,1.0519570525e-01,1.0768500142e-01,4.6542129853e-02,1.4870322479e+00
9.3150000000e+02,7.4849351634e-03,1.2870269771e-02,5.7637187722e-01,1.4386102826e-01,1.0359592111e-01,1.0922128626e-01,4.6594682224e-02,1.4793286049e+00
9.3200000000e+02,7.4909508121e-03,1.2701843565e-02,5.7661206145e-01,1.4427240005e-01,1.0290029594e-01,1.0923856404e-01,4.6783884137e-02,1.4713310652e+00
9.3250000000e+02,7.4862235746e-03,1.2629659925e-02,5.7722342353e-01,1.4351996645e-01,1.0030125006e-01,1.1136116812e-01,4.7478308342e-02,1.4647395602e+00
9.3300000000e+02,7.4724938315e-03,1.2743523801e-02,5.7687921475e-01,1.4442444958e-01,9.7953900774e-02,1.1318864523e-01,4.7337772035e-02,1.4578432548e+00
9.3350000000e+02,7.3664408383e-03,1.2673938970e-02,5.7614044537e-01,1.4484284854e-01,9.7611164811e-02,1.1377756243e-01,4.7587599038e-02,1.4523082307e+00
9.3400000000e+02,7.3272373636e-03,1.2657236747e-02,5.7607961102e-01,1.4498557450e-01,9.6403914887e-02,1.1426569081e-01,4.8280734669e-02,1.4463057229e+00
9.3450000000e+02,7.2158122402e-03,1.2677210984e-02,5.7616479532e-01,1.4557979051e-01,9.5269783697e-02,1.1551633835e-01,4.7576268895e-02,1.4364214502e+00
9.3500000000e+02,7.2115524021e-03,1.2577111822e-02,5.7780637697e-01,1.4428213643e-01,9.4067309129e-02,1.1685035509e-01,4.7205158160e-02,1.4293887440e+00
9.3550000000e+02,7.1675998119e-03,1.2462900493e-02,5.7837818304e-01,1.4362372059e-01,9.4342003796e-02,1.1711340171e-01,4.6912190565e-02,1.4263788836e+00
9.3600000000e+02,7.1778001719e-03,1.2527209955e-02,5.7912499794e-01,1.4267282753e-01,9.3724433632e-02,1.1821137649e-01,4.6561354290e-02,1.4232202062e+00
9.3650000000e+02,7.1978533773e-03,1.2465835029e-02,5.7975207586e-01,1.4261589268e-01,9.3345642300e-02,1.1858762701e-01,4.6035073752e-02,1.4123860812e+00
9.3700000000e+02,7.1466766563e-03,1.2436230373e-02,5.8001589694e-01,1.4199201488e-01,9.1855411377e-02,1.2100465804e-01,4.5549111736e-02,1.4073925126e+00
9.3750000000e+02,7.0892927768e-03,1.2408577365e-02,5.8026134828e-01,1.4181319865e-01,9.0295611470e-02,1.2309774206e-01,4.5034229391e-02,1.4027659316e+00
9.3800000000e+02,7.0746845318e-03,1.2382617651e-02,5.8111525581e-01,1.4103004361e-01,8.9205821926e-02,1.2426274990e-01,4.4928826573e-02,1.3940940275e+00
9.3850000000e+02,7.1111666525e-03,1.2443000382e-02,5.8034580396e-01,1.4118897879e-01,8.8245313603e-02,1.2565007197e-01,4.5015664650e-02,1.3951064164e+00
9.3900000000e+02,7.0911037729e-03,1.2574979069e-02,5.8027198083e-01,1.4141244629e-01,8.6623716529e-02,1.2689977543e-01,4.5125998080e-02,1.3944698527e+00
9.3950000000e+02,7.0479121482e-03,1.2514875300e-02,5.8076614797e-01,1.4052857415e-01,8.6001801965e-02,1.2788383674e-01,4.5256851725e-02,1.3918973630e+00
9.4000000000e+02,7.1257606117e-03,1.2577378058e-02,5.8114829394e-01,1.4066827252e-01,8.4702722239e-02,1.2853764120e-01,4.5239931436e-02,1.3905611359e+00
9.4050000000e+02,7.0187728080e-03,1.2462513903e-02,5.8175817004e-01,1.3957860481e-01,8.3382465298e-02,1.3004264037e-01,4.5756832781e-02,1.3877078007e+00
9.4100000000e+02,6.9330538506e-03,1.2437755235e-02,5.8245337800e-01,1.3951653671e-01,8.0865257893e-02,1.3232428492e-01,4.5469733391e-02,1.3815679754e+00
9.4150000000e+02,6.9775848780e-03,1.2364620144e-02,5.8129395477e-01,1.4005193244e-01,7.8740502184e-02,1.3446304243e-01,4.6108363158e-02,1.3800750892e+00
9.4200000000e+02,6.9797016812e-03,1.2367207103e-02,5.8298867978e-01,1.3797869086e-01,7.8611948734e-02,1.3471218284e-01,4.6361588998e-02,1.3772624467e+00
9.4250000000e+02,7.0301894824e-03,1.2459534932e-02,5.8312095726e-01,1.3775425057e-01,7.6891033506e-02,1.3659356928e-01,4.6150464968e-02,1.3780931472e+00
9.4300000000e+02,7.0332547035e-03,1.2597542670e-02,5.8229509494e-01,1.3822990389e-01,7.5186237622e-02,1.3853546641e-01,4.6122499760e-02,1.3770816202e+00
9.4350000000e+02,7.0242630397e-03,1.2686093280e-02,5.8211565325e-01,1.3835923111e-01,7.3563920297e-02,1.4026390220e-01,4.5986936825e-02,1.3763752184e+00
9.4400000000e+02,6.9184135176e-03,1.2663144095e-02,5.8201878727e-01,1.3836544981e-01,7.1889490219e-02,1.4271240313e-01,4.5432311956e-02,1.3724141888e+00
9.4450000000e+02,6.8688462989e-03,1.2567652113e-02,5.8284102265e-01,1.3717770417e-01,7.0088523270e-02,1.4521387928e-01,4.5242372214e-02,1.3672550970e+00
9.4500000000e+02,6.7623914480e-03,1.2492424063e-02,5.8243309365e-01,1.3841740767e-01,6.7517513899e-02,1.4751858331e-01,4.4858585957e-02,1.3609473508e+00
9.4550000000e+02,6.7853564978e-03,1.2436664078e-02,5.8239879864e-01,1.3798894278e-01,6.6160272587e-02,1.4948759611e-01,4.4742369312e-02,1.3591316728e+00
9.4600000000e+02,6.8156362599e-03,1.2266813551e-02,5.8400720584e-01,1.3672570067e-01,6.3836086482e-02,1.5195029209e-01,4.4398265108e-02,1.3507349012e+00
9.4650000000e+02,6.8300681020e-03,1.2283583060e-02,5.8348436173e-01,1.3671227876e-01,6.3185702974e-02,1.5384508329e-01,4.3658922081e-02,1.3542734009e+00
9.4700000000e+02,6.8263393634e-03,1.2186729982e-02,5.8285215884e-01,1.3729409307e-01,6.1921733212e-02,1.5527339552e-01,4.3645550011e-02,1.3506855715e+00
9.4750000000e+02,6.8305350813e-03,1.2141783799e-02,5.8198426380e-01,1.3873935717e-01,5.9901761240e-02,1.5708752085e-01,4.3314778058e-02,1.3472375800e+00
9.4800000000e+02,6.8365455341e-03,1.2143237435e-02,5.8216192946e-01,1.3921317623e-01,5.9269243604e-02,1.5805729966e-01,4.2318568073e-02,1.3438725504e+00
9.4850000000e+02,6.7728434539e-03,1.2168407784e-02,5.8306266190e-01,1.3874788236e-01,5.7428121751e-02,1.6017498283e-01,4.1645099920e-02,1.3376598205e+00
9.4900000000e+02,6.8186653106e-03,1.2129215482e-02,5.8161745461e-01,1.4033562048e-01,5.6932359870e-02,1.6119711829e-01,4.0969565951e-02,1.3384226660e+00
9.4950000000e+02,6.8251758199e-03,1.2246219981e-02,5.8004834470e-01,1.4143099583e-01,5.6000222338e-02,1.6263968259e-01,4.0809358743e-02,1.3417330806e+00
9.5000000000e+02,6.8976020850e-03,1.2268827530e-02,5.7861451606e-01,1.4287317618e-01,5.5076427459e-02,1.6341577469e-01,4.0853675991e-02,1.3430513706e+00
9.5050000000e+02,6.9286629122e-03,1.2419676080e-02,5.7776574499e-01,1.4240663503e-01,5.3667002554e-02,1.6545577832e-01,4.1356500112e-02,1.3469705874e+00
9.5100000000e+02,6.9306541441e-03,1.2332106243e-02,5.7847649819e-01,1.4131998430e-01,5.2305311494e-02,1.6745991450e-01,4.1175531134e-02,1.3417939664e+00
9.5150000000e+02,6.8917490374e-03,1.2339129489e-02,5.7820144081e-01,1.4153711561e-01,5.0941381664e-02,1.6891939899e-01,4.1169784405e-02,1.3411086125e+00
9.5200000000e+02,6.8594158831e-03,1.2286403395e-02,5.7730484870e-01,1.4301341870e-01,5.0487687733e-02,1.6963148138e-01,4.0416744218e-02,1.3396719717e+00
9.5250000000e+02,6.8758473999e-03,1.2167948335e-02,5.7626071656e-01,1.4425692786e-01,4.9144399170e-02,1.7111817699e-01,4.0175983680e-02,1.3398720510e+00
9.5300000000e+02,6.9854385046e-03,1.2252081831e-02,5.7434505705e-01,1.4550514949e-01,4.7725348075e-02,1.7212939843e-01,4.1057526623e-02,1.3444275606e+00
9.5350000000e+02,6.9367693163e-03,1.2244365979e-02,5.7400401636e-01,1.4683255410e-01,4.6304141287e-02,1.7307591005e-01,4.0602242919e-02,1.3398685559e+00
9.5400000000e+02,6.9530997737e-03,1.2244999252e-02,5.7329499183e-01,1.4851341138e-01,4.5448797511e-02,1.7353860934e-01,4.0006090918e-02,1.3391584385e+00
9.5450000000e+02,7.0894851059e-03,1.2279997459e-02,5.7287664575e-01,1.4873115668e-01,4.4765720350e-02,1.7490865466e-01,3.9348339997e-02,1.3365999924e+00
9.5500000000e+02,7.0385571742e-03,1.2248852565e-02,5.7188625146e-01,1.4936202989e-01,4.3711413035e-02,1.7615270817e-01,3.9600187704e-02,1.3373738769e+00
9.5550000000e+02,7.0061431305e-03,1.2180602154e-02,5.7191475187e-01,1.4877615708e-01,4.3275733318e-02,1.7742913999e-01,3.9417472462e-02,1.3375696388e+00
9.5600000000e+02,7.0648768464e-03,1.2262608732e-02,5.7237652785e-01,1.4666046367e-01,4.2633260026e-02,1.7844565389e-01,4.0556608976e-02,1.3401141491e+00
9.5650000000e+02,7.1142721441e-03,1.2101874491e-02,5.7311761861e-01,1.4601016747e-01,4.1494918283e-02,1.7986265781e-01,4.0298491197e-02,1.3331770781e+00
9.5700000000e+02,7.1604212048e-03,1.1910300276e-02,5.7336046556e-01,1.4541906307e-01,4.0871217381e-02,1.8067815605e-01,4.0600376469e-02,1.3303705227e+00
9.5750000000e+02,7.2704039209e-03,1.2025522822e-02,5.7265784370e-01,1.4494258879e-01,4.0808264236e-02,1.8122003450e-01,4.1075342031e-02,1.3333364953e+00
9.5800000000e+02,7.3514687345e-03,1.2113535115e-02,5.7058308402e-01,1.4632372400e-01,3.9964038978e-02,1.8224728386e-01,4.1416865292e-02,1.3358800515e+00
9.5850000000e+02,7.4282014211e-03,1.2174950422e-02,5.7055926201e-01,1.4631433418e-01,3.9528282954e-02,1.8262358260e-01,4.1371386412e-02,1.3376319281e+00
9.5900000000e+02,7.3071955933e-03,1.1960978876e-02,5.7157881192e-01,1.4612096374e-01,3.8361799369e-02,1.8356058130e-01,4.1109669197e-02,1.3295997364e+00
9.5950000000e+02,7.3513949900e-03,1.1777155751e-02,5.7189269650e-01,1.4515079084e-01,3.7657464090e-02,1.8490815011e-01,4.1262347712e-02,1.3225903457e+00
9.6000000000e+02,7.4655924555e-03,1.1830689395e-02,5.7013447855e-01,1.4579891074e-01,3.7173864829e-02,1.8581803353e-01,4.1778430507e-02,1.3279215120e+00
9.6050000000e+02,7.4413242333e-03,1.1765208717e-02,5.6863094071e-01,1.4701865656e-01,3.7092543082e-02,1.8661722875e-01,4.1434097944e-02,1.3253306026e+00
9.6100000000e+02,7.4907144593e-03,1.1793569252e-02,5.6745479870e-01,1.4804814385e-01,3.6255830075e-02,1.8702762289e-01,4.1929320784e-02,1.3285430265e+00
9.6150000000e+02,7.5790862574e-03,1.1873594937e-02,5.6663272185e-01,1.4812556917e-01,3.5707014915e-02,1.8770694234e-01,4.2375070532e-02,1.3276913478e+00
9.6200000000e+02,7.6176577519e-03,1.2014898441e-02,5.6568364875e-01,1.4893645822e-01,3.5585640223e-02,1.8815248144e-01,4.2009215180e-02,1.3286441291e+00
9.6250000000e+02,7.5591497039e-03,1.2024509187e-02,5.6665409298e-01,1.4784201218e-01,3.4991129482e-02,1.8893929921e-01,4.1989807251e-02,1.3232607794e+00
9.6300000000e+02,7.5535704925e-03,1.2099500469e-02,5.6644379282e-01,1.4835517093e-01,3.4451353777e-02,1.8962846418e-01,4.1468147327e-02,1.3234163951e+00
9.6350000000e+02,7.6127911915e-03,1.2044071397e-02,5.6655808189e-01,1.4932557753e-01,3.4059286023e-02,1.9011346810e-01,4.0286723874e-02,1.3182227335e+00
9.6400000000e+02,7.6258698428e-03,1.1972789359e-02,5.6638282819e-01,1.4953746984e-01,3.3889219164e-02,1.9050508588e-01,4.0086737722e-02,1.3180352752e+00
9.6450000000e+02,7.5973162789e-03,1.1886467125e-02,5.6693142414e-01,1.4954269551e-01,3.3202487771e-02,1.9092420650e-01,3.9915402674e-02,1.3138704744e+00
9.6500000000e+02,7.5955841335e-03,1.1929426688e-02,5.6642417626e-01,1.5004632361e-01,3.2999267615e-02,1.9112454703e-01,3.9880674653e-02,1.3143377640e+00
9.6550000000e+02,7.5899784445e-03,1.1880127557e-02,5.6606065108e-01,1.5066261931e-01,3.2545964947e-02,1.9150485740e-01,3.9755801261e-02,1.3140412688e+00
9.6600000000e+02,7.5982516316e-03,1.1896761646e-02,5.6558554825e-01,1.5061769160e-01,3.2087696974e-02,1.9190533200e-01,4.0308717899e-02,1.3116613917e+00
9.6650000000e+02,7.5891236085e-03,1.1716941269e-02,5.6715986495e-01,1.4985888542e-01,3.1606869428e-02,1.9216117445e-01,3.9907140883e-02,1.3028136617e+00
9.6700000000e+02,7.6748725923e-03,1.1764193603e-02,5.6672522878e-01,1.4980715307e-01,3.1541435402e-02,1.9234370323e-01,4.0143413322e-02,1.3093823515e+00
9.6750000000e+02,7.7148791293e-03,1.1738668565e-02,5.6603055088e-01,1.5047121282e-01,3.1662401092e-02,1.9236758284e-01,4.0014704676e-02,1.3099585016e+00
9.6800000000e+02,7.7087997301e-03,1.1850853012e-02,5.6464780729e-01,1.5141486125e-01,3.1622016936e-02,1.9253450495e-01,4.0221156836e-02,1.3149749826e+00
9.6850000000e+02,7.7060786986e-03,1.1920254688e-02,5.6367982861e-01,1.5306772846e-01,3.1611935751e-02,1.9218445718e-01,3.9829716623e-02,1.3199274922e+00
9.6900000000e+02,7.7056597161e-03,1.1896370821e-02,5.6282337709e-01,1.5497894850e-01,3.1340902072e-02,1.9212376874e-01,3.9130973069e-02,1.3207197521e+00
9.6950000000e+02,7.7632046232e-03,1.1859117514e-02,5.6313432284e-01,1.5452537066e-01,3.1395781961e-02,1.9211183525e-01,3.9210367151e-02,1.3243612676e+00
9.7000000000e+02,7.8210990246e-03,1.1948408145e-02,5.6234844689e-01,1.5460605868e-01,3.1775473676e-02,1.9214338761e-01,3.9357125972e-02,1.3296826643e+00
9.7050000000e+02,7.8883030011e-03,1.2031504258e-02,5.6173642824e-01,1.5562231018e-01,3.1707062642e-02,1.9216523903e-01,3.8849152643e-02,1.3347971772e+00
9.7100000000e+02,7.8709910911e-03,1.2110898265e-02,5.6074178232e-01,1.5613863497e-01,3.2204488853e-02,1.9201683944e-01,3.8916365057e-02,1.3395480091e+00
9.7150000000e+02,7.8904912562e-03,1.2119459126e-02,5.6143349022e-01,1.5538245662e-01,3.2582718166e-02,1.9162810079e-01,3.8963283819e-02,1.3445852819e+00
9.7200000000e+02,7.8975647239e-03,1.2102208955e-02,5.6302038747e-01,1.5379308624e-01,3.2635784071e-02,1.9138999272e-01,3.9160975815e-02,1.3491175865e+00
9.7250000000e+02,7.8218582604e-03,1.2098790085e-02,5.6205725806e-01,1.5445271675e-01,3.2883000148e-02,1.9119586608e-01,3.9490510621e-02,1.3531570099e+00
9.7300000000e+02,7.8172923570e-03,1.2122061681e-02,5.6197481374e-01,1.5525037898e-01,3.3199540252e-02,1.9079673519e-01,3.8839177806e-02,1.3526017470e+00
9.7350000000e+02,7.8202997306e-03,1.2171145695e-02,5.6216748023e-01,1.5568746229e-01,3.3316571627e-02,1.9028072526e-01,3.8556315172e-02,1.3565082086e+00
9.7400000000e+02,7.7759078527e-03,1.2202432891e-02,5.6177726861e-01,1.5593359960e-01,3.3607630468e-02,1.9005487942e-01,3.8648281154e-02,1.3605383373e+00
9.7450000000e+02,7.7767951349e-03,1.2240784924e-02,5.6117439550e-01,1.5543987174e-01,3.4583959755e-02,1.8999602284e-01,3.8788170106e-02,1.3663497128e+00
9.7500000000e+02,7.7856807854e-03,1.2393656934e-02,5.6166534737e-01,1.5497081989e-01,3.5055645135e-02,1.8949289868e-01,3.8635951201e-02,1.3743789939e+00
9.7550000000e+02,7.8154024723e-03,1.2436091418e-02,5.6199588542e-01,1.5484283455e-01,3.5375515457e-02,1.8889337759e-01,3.8640893085e-02,1.3796327105e+00
9.7600000000e+02,7.8383691297e-03,1.2629585973e-02,5.6235819139e-01,1.5481347150e-01,3.5770000355e-02,1.8829481796e-01,3.8295563698e-02,1.3812493117e+00
9.7650000000e+02,7.9084091588e-03,1.2770139147e-02,5.6152976899e-01,1.5521774233e-01,3.6179206375e-02,1.8769774317e-01,3.8696990831e-02,1.3950932027e+00
9.7700000000e+02,7.9176219668e-03,1.2847888379e-02,5.6157365698e-01,1.5571348789e-01,3.6351535309e-02,1.8667104620e-01,3.8924763274e-02,1.4047537298e+00
9.7750000000e+02,7.8908471905e-03,1.2827915761e-02,5.6070014595e-01,1.5672998287e-01,3.6634472007e-02,1.8637108663e-01,3.8845549595e-02,1.4122236029e+00
9.7800000000e+02,7.9074711667e-03,1.2833199938e-02,5.5953856417e-01,1.5787568102e-01,3.7038837199e-02,1.8601720542e-01,3.8789041087e-02,1.4205664772e+00
9.7850000000e+02,7.8976853736e-03,1.2714899004e-02,5.6096335255e-01,1.5675665951e-01,3.7201313079e-02,1.8570156806e-01,3.8764522426e-02,1.4212127509e+00
9.7900000000e+02,7.9050443685e-03,1.2743086892e-02,5.6010443960e-01,1.5709910761e-01,3.7583507956e-02,1.8536204141e-01,3.9202772163e-02,1.4256780076e+00
9.7950000000e+02,7.9013885540e-03,1.2780958395e-02,5.6042971990e-01,1.5750738664e-01,3.7546147750e-02,1.8488902542e-01,3.8945373345e-02,1.4255360004e+00
9.8000000000e+02,7.8165582930e-03,1.2762252931e-02,5.5869215677e-01,1.5869595739e-01,3.8020414484e-02,1.8443229744e-01,3.9580362694e-02,1.4365175107e+00
9.8050000000e+02,7.9436096089e-03,1.2811931859e-02,5.5745463982e-01,1.6000158645e-01,3.8592300398e-02,1.8396056832e-01,3.9235363539e-02,1.4429728583e+00
9.8100000000e+02,7.9285320920e-03,1.2808414012e-02,5.5655860263e-01,1.6089356051e-01,3.9077019360e-02,1.8322515752e-01,3.9508713884e-02,1.4496093762e+00
9.8150000000e+02,7.9885380546e-03,1.2893293429e-02,5.5660437084e-01,1.5997066328e-01,3.9722247807e-02,1.8261168599e-01,4.0209200590e-02,1.4601972192e+00
9.8200000000e+02,8.0100367135e-03,1.3044882743e-02,5.5427489734e-01,1.6109577414e-01,4.0325379816e-02,1.8231610760e-01,4.0932921644e-02,1.4732315684e+00
9.8250000000e+02,7.9573557209e-03,1.3267468646e-02,5.5344966098e-01,1.6181252892e-01,4.0394992603e-02,1.8221329236e-01,4.0904700763e-02,1.4770940838e+00
9.8300000000e+02,7.9524499414e-03,1.3350314962e-02,5.5329841221e-01,1.6212105359e-01,4.0947878083e-02,1.8152606006e-01,4.0803831155e-02,1.4801372241e+00
9.8350000000e+02,7.9841974754e-03,1.3377774392e-02,5.5349481175e-01,1.6186545121e-01,4.1398638647e-02,1.8059521877e-01,4.1283907763e-02,1.4852752065e+00
9.8400000000e+02,7.9989581148e-03,1.3324502276e-02,5.5255277494e-01,1.6304671578e-01,4.2065286535e-02,1.7990661895e-01,4.1105143398e-02,1.4904235885e+00
9.8450000000e+02,7.9746526793e-03,1.3309150897e-02,5.5551721024e-01,1.6136110769e-01,4.1833054267e-02,1.7951230245e-01,4.0492521780e-02,1.4884894845e+00
9.8500000000e+02,8.0032775690e-03,1.3490207380e-02,5.5594541716e-01,1.6092254163e-01,4.2410842352e-02,1.7885373002e-01,4.0373983884e-02,1.4950855868e+00
9.8550000000e+02,7.9791058905e-03,1.3520811628e-02,5.5898844800e-01,1.5819052837e-01,4.2874289440e-02,1.7801064555e-01,4.0436171122e-02,1.4975588256e+00
9.8600000000e+02,8.1194191329e-03,1.3496791848e-02,5.5965029515e-01,1.5721550204e-01,4.3290472039e-02,1.7734666956e-01,4.0880850224e-02,1.5053086188e+00
9.8650000000e+02,8.1712335189e-03,1.3520054563e-02,5.6157325228e-01,1.5581653919e-01,4.3846029864e-02,1.7652857728e-01,4.0544313306e-02,1.5057191599e+00
9.8700000000e+02,8.1917916679e-03,1.3563662276e-02,5.6145649532e-01,1.5555837674e-01,4.4437616184e-02,1.7590975665e-01,4.0882301158e-02,1.5114030266e+00
9.8750000000e+02,8.2044736489e-03,1.3799202050e-02,5.6061518250e-01,1.5627060481e-01,4.5243430730e-02,1.7494223469e-01,4.0924871567e-02,1.5207432661e+00
9.8800000000e+02,8.2827524809e-03,1.3732066725e-02,5.6044012125e-01,1.5680391353e-01,4.5309189779e-02,1.7461148064e-01,4.0820475590e-02,1.5216148531e+00
9.8850000000e+02,8.3352208799e-03,1.3912784234e-02,5.5995130828e-01,1.5650992783e-01,4.5418313313e-02,1.7440422336e-01,4.1468222108e-02,1.5334776877e+00
9.8900000000e+02,8.3801874084e-03,1.4024725565e-02,5.6023010806e-01,1.5654805090e-01,4.5126230227e-02,1.7421266392e-01,4.1478033917e-02,1.5391549562e+00
9.8950000000e+02,8.4496435937e-03,1.4209510383e-02,5.5903710673e-01,1.5784182955e-01,4.5579366156e-02,1.7389148370e-01,4.0991059890e-02,1.5454973692e+00
9.9000000000e+02,8.4675719798e-03,1.4260497491e-02,5.5920514472e-01,1.5794680797e-01,4.6299887173e-02,1.7287328223e-01,4.0946808443e-02,1.5502491773e+00
9.9050000000e+02,8.5543821062e-03,1.4302461847e-02,5.5829906700e-01,1.5816054837e-01,4.7085976392e-02,1.7251539876e-01,4.1082165519e-02,1.5565750767e+00
9.9100000000e+02,8.6172331578e-03,1.4359382419e-02,5.5654718406e-01,1.5903549279e-01,4.7881447013e-02,1.7183580592e-01,4.1723454635e-02,1.5729478480e+00
9.9150000000e+02,8.5721442669e-03,1.4289754043e-02,5.5798300461e-01,1.5790038601e-01,4.8409998837e-02,1.7135364994e-01,4.1491062295e-02,1.5779161142e+00
9.9200000000e+02,8.6509162044e-03,1.4367594831e-02,5.5709867756e-01,1.5803090376e-01,4.9058654797e-02,1.7089194765e-01,4.1901305191e-02,1.5835338864e+00
9.9250000000e+02,8.5739482213e-03,1.4357518563e-02,5.5802470287e-01,1.5779342135e-01,4.9380496490e-02,1.7030419431e-01,4.1565718198e-02,1.5809610139e+00
9.9300000000e+02,8.5564044587e-03,1.4486996847e-02,5.6009013960e-01,1.5644339317e-01,5.0159591238e-02,1.6873216984e-01,4.1531304847e-02,1.5901970671e+00
9.9350000000e+02,8.5508545388e-03,1.4501449997e-02,5.6192062818e-01,1.5492123842e-01,5.0654092550e-02,1.6774478130e-01,4.1706955008e-02,1.5894681856e+00
9.9400000000e+02,8.5420921192e-03,1.4725809524e-02,5.6133568732e-01,1.5471385963e-01,5.1336315488e-02,1.6724054745e-01,4.2105688459e-02,1.5989747920e+00
9.9450000000e+02,8.5471258321e-03,1.4764839245e-02,5.6274946803e-01,1.5326155939e-01,5.1924707965e-02,1.6618619932e-01,4.2566100216e-02,1.6032073331e+00
9.9500000000e+02,8.5970119555e-03,1.4954157829e-02,5.6044205351e-01,1.5476062631e-01,5.2433914818e-02,1.6586954044e-01,4.2942695134e-02,1.6138603127e+00
9.9550000000e+02,8.6866274211e-03,1.5034049985e-02,5.5981464846e-01,1.5493675753e-01,5.3473726227e-02,1.6447028883e-01,4.3583901549e-02,1.6295692845e+00
9.9600000000e+02,8.7255497944e-03,1.5064202020e-02,5.5856054196e-01,1.5638234263e-01,5.4172604571e-02,1.6340434336e-01,4.3690415664e-02,1.6416785982e+00
9.9650000000e+02,8.6756556894e-03,1.4857667800e-02,5.6020150018e-01,1.5504233338e-01,5.4860441414e-02,1.6249139584e-01,4.3871005692e-02,1.6447103030e+00
9.9700000000e+02,8.6306129398e-03,1.4947492998e-02,5.6144364897e-01,1.5371725817e-01,5.4742714434e-02,1.6224850147e-01,4.4269771027e-02,1.6489457355e+00
9.9750000000e+02,8.6043972795e-03,1.4792656474e-02,5.6217797313e-01,1.5357763177e-01,5.5069855163e-02,1.6141068338e-01,4.4366802806e-02,1.6517753186e+00
9.9800000000e+02,8.6703698345e-03,1.4874695301e-02,5.6241557877e-01,1.5335121410e-01,5.5890144052e-02,1.6046444249e-01,4.4333555454e-02,1.6608862451e+00
9.9850000000e+02,8.6089880579e-03,1.4959077406e-02,5.6294182061e-01,1.5308841387e-01,5.6632807144e-02,1.5911641876e-01,4.4652474148e-02,1.6643553480e+00
9.9900000000e+02,8.6204299741e-03,1.4902763184e-02,5.6254987733e-01,1.5289102932e-01,5.7717557069e-02,1.5849704367e-01,4.4821299443e-02,1.6731501775e+00
9.9950000000e+02,8.6369364046e-03,1.5044563614e-02,5.6164616029e-01,1.5339750644e-01,5.7886008053e-02,1.5816447066e-01,4.5224354549e-02,1.6829252692e+00

# METADATA: {"config_sha256": "5f947634706d", "provenance": "Hardened_JPCL_Resubmission_v1.3", "git_commit_sha": "4883ee974158"}
