time_fs,population_site_1,population_site_2,population_site_3,population_site_4,population_site_5,population_site_6,population_site_7,coherences
0.0000000000e+00,3.7806362608e-08,3.7525974653e-03,3.5098932029e-01,5.2939634568e-01,5.6285165795e-02,1.0929796027e-03,5.8483553366e-02,2.5858406530e+00
5.0000000000e-01,2.0128880083e-07,3.7097039334e-03,3.5248537921e-01,5.2793166716e-01,5.6004429148e-02,1.0936559121e-03,5.8774963349e-02,2.5863118143e+00
1.0000000000e+00,6.8571728481e-07,3.7221029506e-03,3.5058524983e-01,5.2986907720e-01,5.5753991243e-02,1.0815764444e-03,5.8987316620e-02,2.5858618511e+00
1.5000000000e+00,1.4861499387e-06,3.7293816513e-03,3.5014098074e-01,5.3063993652e-01,5.5363610160e-02,1.0785164073e-03,5.9046088374e-02,2.5852269466e+00
2.0000000000e+00,2.6361670483e-06,3.7626012334e-03,3.5447075912e-01,5.2628632387e-01,5.5304726329e-02,1.0790237998e-03,5.9093929475e-02,2.5899429490e+00
2.5000000000e+00,4.1324700695e-06,3.7880460767e-03,3.5540609393e-01,5.2437870316e-01,5.5701492143e-02,1.0837066768e-03,5.9637825549e-02,2.5979122042e+00
3.0000000000e+00,5.9109713397e-06,3.7434251312e-03,3.5791800024e-01,5.2235334676e-01,5.5475965903e-02,1.0793673645e-03,5.9423983627e-02,2.5968487866e+00
3.5000000000e+00,8.0537555271e-06,3.7492631397e-03,3.5890338144e-01,5.2036740240e-01,5.5822335845e-02,1.0825673174e-03,6.0066996100e-02,2.6043937779e+00
4.0000000000e+00,1.0506551799e-05,3.7593709699e-03,3.6295539543e-01,5.1520763093e-01,5.6695849624e-02,1.0843025038e-03,6.0286943990e-02,2.6145095555e+00
4.5000000000e+00,1.3268637712e-05,3.7347008361e-03,3.6237043427e-01,5.1643072432e-01,5.6376114563e-02,1.0812376035e-03,5.9993519770e-02,2.6116086856e+00
5.0000000000e+00,1.6456372804e-05,3.7267592681e-03,3.6030272961e-01,5.1856405647e-01,5.6340678546e-02,1.0681356855e-03,5.9981184045e-02,2.6106470672e+00
5.5000000000e+00,1.9891824058e-05,3.7538307319e-03,3.6146362081e-01,5.1783347948e-01,5.6086335800e-02,1.0673081812e-03,5.9775533176e-02,2.6107009909e+00
6.0000000000e+00,2.3759952248e-05,3.7813558202e-03,3.6413780270e-01,5.1548271928e-01,5.5938507093e-02,1.0749820672e-03,5.9560873087e-02,2.6126022318e+00
6.5000000000e+00,2.7718236766e-05,3.7345557946e-03,3.6388718119e-01,5.1656108922e-01,5.5593437382e-02,1.0703895675e-03,5.9125628611e-02,2.6082080034e+00
7.0000000000e+00,3.2161430911e-05,3.7401776960e-03,3.6547355083e-01,5.1429600167e-01,5.6041925385e-02,1.0720762845e-03,5.9344106705e-02,2.6141254770e+00
7.5000000000e+00,3.7293150206e-05,3.7694583279e-03,3.6714540738e-01,5.1284758311e-01,5.5931106537e-02,1.0828417447e-03,5.9186309749e-02,2.6163189056e+00
8.0000000000e+00,4.2244586351e-05,3.7566309202e-03,3.7165832050e-01,5.0952653944e-01,5.5740297826e-02,1.0684059209e-03,5.8207560804e-02,2.6123850603e+00
8.5000000000e+00,4.7748557890e-05,3.7649802630e-03,3.7053388576e-01,5.1110632814e-01,5.5559855390e-02,1.0656220566e-03,5.7921579833e-02,2.6108918916e+00
9.0000000000e+00,5.3498393480e-05,3.7715752135e-03,3.6992533379e-01,5.1234635297e-01,5.5204773399e-02,1.0632927964e-03,5.7635173429e-02,2.6083140773e+00
9.5000000000e+00,5.9098367337e-05,3.7788171442e-03,3.7135489332e-01,5.1178426022e-01,5.4989225920e-02,1.0606685157e-03,5.6973036519e-02,2.6053645177e+00
1.0000000000e+01,6.5379246917e-05,3.7973240256e-03,3.7260754064e-01,5.1137291922e-01,5.4348667535e-02,1.0524230011e-03,5.6755746327e-02,2.6031146093e+00
1.0500000000e+01,7.1894952859e-05,3.8165392711e-03,3.7213324382e-01,5.1197293627e-01,5.4468495027e-02,1.0429793114e-03,5.6493911352e-02,2.6036795516e+00
1.1000000000e+01,7.9035453526e-05,3.8279254096e-03,3.7289420764e-01,5.1080704941e-01,5.4575351910e-02,1.0371829144e-03,5.6779247261e-02,2.6069062981e+00
1.1500000000e+01,8.5488772887e-05,3.7975406979e-03,3.7205248406e-01,5.1257569466e-01,5.3957519210e-02,1.0327976823e-03,5.6498474919e-02,2.6013693686e+00
1.2000000000e+01,9.2780143275e-05,3.7767259584e-03,3.7044951747e-01,5.1425661196e-01,5.4035943368e-02,1.0256844179e-03,5.6362736687e-02,2.6006622517e+00
1.2500000000e+01,9.9962167445e-05,3.7816888947e-03,3.7106367497e-01,5.1384635016e-01,5.3892994788e-02,1.0126739841e-03,5.6302655031e-02,2.6001474830e+00
1.3000000000e+01,1.0772452569e-04,3.7864159162e-03,3.7421521757e-01,5.1113715331e-01,5.3442242318e-02,1.0062102682e-03,5.6305036093e-02,2.6000490655e+00
1.3500000000e+01,1.1576605517e-04,3.7692797640e-03,3.7760742093e-01,5.0790908588e-01,5.3547005173e-02,9.9741930699e-04,5.6054022885e-02,2.6005220422e+00
1.4000000000e+01,1.2460497924e-04,3.7995781427e-03,3.7743082376e-01,5.0836287818e-01,5.3390131461e-02,9.9451362117e-04,5.5897469856e-02,2.6011473089e+00
1.4500000000e+01,1.3218312656e-04,3.7703512973e-03,3.7656265565e-01,5.1123896842e-01,5.2640226133e-02,9.8555402971e-04,5.4670061345e-02,2.5892980026e+00
1.5000000000e+01,1.4034673666e-04,3.7654560039e-03,3.7582788618e-01,5.1314949295e-01,5.1875220175e-02,9.7177521419e-04,5.4269822737e-02,2.5827217696e+00
1.5500000000e+01,1.5064848312e-04,3.8124090285e-03,3.7614896177e-01,5.1297162406e-01,5.1778400158e-02,9.7416021627e-04,5.4163796284e-02,2.5838580680e+00
1.6000000000e+01,1.6034333610e-04,3.8672783990e-03,3.7593753639e-01,5.1405539714e-01,5.1784016044e-02,9.6678425417e-04,5.3228644430e-02,2.5814985049e+00
1.6500000000e+01,1.7062616652e-04,3.9006314728e-03,3.7709803028e-01,5.1380015153e-01,5.1554296379e-02,9.6333587213e-04,5.2512928299e-02,2.5792868053e+00
1.7000000000e+01,1.8139091632e-04,3.9440859034e-03,3.7833337857e-01,5.1356748853e-01,5.1101370958e-02,9.5417630035e-04,5.1918108815e-02,2.5755955099e+00
1.7500000000e+01,1.9069769271e-04,3.9448325661e-03,3.8143609722e-01,5.1205458953e-01,5.0198705260e-02,9.4401222458e-04,5.1231065507e-02,2.5686008307e+00
1.8000000000e+01,2.0047372396e-04,3.9861282791e-03,3.8255229535e-01,5.1255116670e-01,4.9575430111e-02,9.3470036105e-04,5.0199805479e-02,2.5607644119e+00
1.8500000000e+01,2.1068723360e-04,4.0291532235e-03,3.8174430638e-01,5.1345489270e-01,4.9917155599e-02,9.3098159045e-04,4.9712823274e-02,2.5615528418e+00
1.9000000000e+01,2.1911107267e-04,4.0403334990e-03,3.8442614139e-01,5.1186734133e-01,4.9493282392e-02,9.2245080634e-04,4.9031339517e-02,2.5563796586e+00
1.9500000000e+01,2.3071358753e-04,4.0504089169e-03,3.8632324441e-01,5.1070000837e-01,4.9215565227e-02,9.0720052354e-04,4.8572858964e-02,2.5518586960e+00
2.0000000000e+01,2.4281004566e-04,4.0806422822e-03,3.8283897088e-01,5.1521592505e-01,4.8701735032e-02,9.0229650667e-04,4.8017620199e-02,2.5458531722e+00
2.0500000000e+01,2.5182223744e-04,4.1305760631e-03,3.8276205490e-01,5.1567264795e-01,4.8627334579e-02,8.9107422796e-04,4.7664490043e-02,2.5448407873e+00
2.1000000000e+01,2.6638289909e-04,4.1668718000e-03,3.8431217616e-01,5.1408610083e-01,4.8443895950e-02,8.9179908866e-04,4.7832773270e-02,2.5477327365e+00
2.1500000000e+01,2.7880453881e-04,4.1829324414e-03,3.8660117752e-01,5.1317414185e-01,4.7684099219e-02,8.8321459223e-04,4.7195629839e-02,2.5416318885e+00
2.2000000000e+01,2.9133940059e-04,4.2324998108e-03,3.8692041816e-01,5.1375035481e-01,4.7101581532e-02,8.6351745712e-04,4.6840288832e-02,2.5370036335e+00
2.2500000000e+01,3.0918717336e-04,4.3232396337e-03,3.8736802967e-01,5.1368110960e-01,4.7001243234e-02,8.5377626803e-04,4.6463414419e-02,2.5379971997e+00
2.3000000000e+01,3.2396437776e-04,4.4221113736e-03,3.9016698924e-01,5.1187261699e-01,4.6440511008e-02,8.4840093689e-04,4.5925406068e-02,2.5360206362e+00
2.3500000000e+01,3.3870803298e-04,4.4894670655e-03,3.9215937371e-01,5.1026830167e-01,4.6279308669e-02,8.3226478169e-04,4.5632576073e-02,2.5358915513e+00
2.4000000000e+01,3.5034030783e-04,4.5006925738e-03,3.9332025252e-01,5.1000235836e-01,4.6139179006e-02,8.2082477356e-04,4.4866352451e-02,2.5309463218e+00
2.4500000000e+01,3.6623050291e-04,4.5503028681e-03,3.9140158654e-01,5.1231398179e-01,4.6226834066e-02,8.1076785510e-04,4.4330296372e-02,2.5292704875e+00
2.5000000000e+01,3.7958501752e-04,4.6383477455e-03,3.9166507960e-01,5.1269957880e-01,4.5699559645e-02,8.0081689999e-04,4.4117032299e-02,2.5276770487e+00
2.5500000000e+01,3.9846271959e-04,4.7386155592e-03,3.9385967084e-01,5.1063674281e-01,4.5696742286e-02,7.9569684527e-04,4.3874068944e-02,2.5309913331e+00
2.6000000000e+01,4.1014237922e-04,4.8293351617e-03,3.9430321482e-01,5.1109129861e-01,4.5293238514e-02,7.8412708660e-04,4.3288643435e-02,2.5275129040e+00
2.6500000000e+01,4.2623520829e-04,4.8654979061e-03,3.9860605741e-01,5.0745682485e-01,4.4952153735e-02,7.7167060948e-04,4.2921560283e-02,2.5264122608e+00
2.7000000000e+01,4.4461345785e-04,4.8965043010e-03,4.0445474387e-01,5.0192374539e-01,4.4948808645e-02,7.5913347966e-04,4.2572450851e-02,2.5275781723e+00
2.7500000000e+01,4.6148148686e-04,4.9504205450e-03,4.0502771187e-01,5.0123238755e-01,4.5225922935e-02,7.4852231222e-04,4.2353553297e-02,2.5285381281e+00
2.8000000000e+01,4.7455501403e-04,5.0187140892e-03,4.0415361591e-01,5.0252012616e-01,4.5174211341e-02,7.3373224829e-04,4.1925045231e-02,2.5265812335e+00
2.8500000000e+01,4.9323118087e-04,5.1205379263e-03,4.0352341270e-01,5.0320494563e-01,4.5478736127e-02,7.2920944826e-04,4.1449926984e-02,2.5278882735e+00
2.9000000000e+01,5.1124163413e-04,5.2004151861e-03,4.0092613720e-01,5.0598969560e-01,4.5716303557e-02,7.1137286112e-04,4.0944833961e-02,2.5270216796e+00
2.9500000000e+01,5.3174426431e-04,5.3340175114e-03,4.0300474451e-01,5.0419437323e-01,4.5653422051e-02,6.9234968044e-04,4.0589348753e-02,2.5283353216e+00
3.0000000000e+01,5.5245291027e-04,5.4144721253e-03,4.0093933556e-01,5.0655743284e-01,4.5744952816e-02,6.7513806240e-04,4.0116215692e-02,2.5264965654e+00
3.0500000000e+01,5.6811583717e-04,5.4508811444e-03,4.0181970885e-01,5.0593891959e-01,4.5650914913e-02,6.5754749664e-04,3.9913912169e-02,2.5245421112e+00
3.1000000000e+01,5.8848217874e-04,5.5708878803e-03,4.0288752567e-01,5.0482074809e-01,4.5770321265e-02,6.4723691653e-04,3.9714797997e-02,2.5265339646e+00
3.1500000000e+01,6.0584545536e-04,5.6484550166e-03,4.0549998132e-01,5.0129478563e-01,4.6482012123e-02,6.3735693451e-04,3.9831563522e-02,2.5324547916e+00
3.2000000000e+01,6.2791921869e-04,5.7238523434e-03,4.0660008484e-01,5.0034429559e-01,4.6306814245e-02,6.2455907709e-04,3.9772474685e-02,2.5335843353e+00
3.2500000000e+01,6.4839266882e-04,5.8323869667e-03,4.0900508444e-01,4.9761133693e-01,4.6494172416e-02,6.1228504000e-04,3.9796341543e-02,2.5390391841e+00
3.3000000000e+01,6.6854178473e-04,5.9272341777e-03,4.1218743530e-01,4.9388167064e-01,4.6823122262e-02,5.9791068944e-04,3.9914085139e-02,2.5462219442e+00
3.3500000000e+01,6.8945373247e-04,5.9898890645e-03,4.1391055477e-01,4.9174659970e-01,4.7253674211e-02,5.8229717046e-04,3.9827531351e-02,2.5499995877e+00
3.4000000000e+01,7.1347677156e-04,6.0803323695e-03,4.1844130944e-01,4.8759909662e-01,4.7123473514e-02,5.6150791996e-04,3.9480803365e-02,2.5491418201e+00
3.4500000000e+01,7.3633592936e-04,6.1812766960e-03,4.1637378261e-01,4.8929990178e-01,4.7656918782e-02,5.4302516330e-04,3.9208759044e-02,2.5520097407e+00
3.5000000000e+01,7.5319315114e-04,6.1965023019e-03,4.1551150142e-01,4.9044997065e-01,4.7538914697e-02,5.2517553531e-04,3.9024742241e-02,2.5488355902e+00
3.5500000000e+01,7.7100861370e-04,6.2188398567e-03,4.1643937705e-01,4.8952486344e-01,4.7748010897e-02,4.9518677816e-04,3.8802713369e-02,2.5482751013e+00
3.6000000000e+01,7.9841406667e-04,6.2461294611e-03,4.1755694712e-01,4.8788522892e-01,4.8252321866e-02,4.7422131079e-04,3.8786737257e-02,2.5515513726e+00
3.6500000000e+01,8.2074275201e-04,6.3365825981e-03,4.1830163151e-01,4.8714660374e-01,4.8305478200e-02,4.6005483252e-04,3.8628906366e-02,2.5529208975e+00
3.7000000000e+01,8.4030621201e-04,6.4748444794e-03,4.2142795225e-01,4.8401874076e-01,4.8272521181e-02,4.4572914009e-04,3.8519905982e-02,2.5550709829e+00
3.7500000000e+01,8.5508367735e-04,6.5257739309e-03,4.2201475840e-01,4.8367561690e-01,4.8295729898e-02,4.2976530543e-04,3.8203271889e-02,2.5531351792e+00
3.8000000000e+01,8.8738854067e-04,6.5779462781e-03,4.2447536262e-01,4.8172362696e-01,4.8069828230e-02,4.1586920060e-04,3.7849978166e-02,2.5514107946e+00
3.8500000000e+01,9.2768325365e-04,6.7707103538e-03,4.2665623302e-01,4.7873441415e-01,4.8579136387e-02,4.0231558662e-04,3.7929507249e-02,2.5593919661e+00
3.9000000000e+01,9.5467159634e-04,6.8988536757e-03,4.3023191000e-01,4.7507128968e-01,4.8631439829e-02,3.9158612534e-04,3.7820249093e-02,2.5622774097e+00
3.9500000000e+01,9.7667983757e-04,6.9344032510e-03,4.3121412694e-01,4.7454174095e-01,4.8636650065e-02,3.7518473189e-04,3.7321214224e-02,2.5580607122e+00
4.0000000000e+01,1.0052442562e-03,7.0427283354e-03,4.3349801769e-01,4.7219003066e-01,4.8910589946e-02,3.6523834968e-04,3.6988150761e-02,2.5584042116e+00
4.0500000000e+01,1.0304025329e-03,7.1077733127e-03,4.3338050240e-01,4.7202506383e-01,4.9197163364e-02,3.5265679615e-04,3.6906437761e-02,2.5596776446e+00
4.1000000000e+01,1.0555741694e-03,7.1896294321e-03,4.3753170797e-01,4.6836938319e-01,4.8924164561e-02,3.3871917844e-04,3.6590821494e-02,2.5577333521e+00
4.1500000000e+01,1.1006120715e-03,7.2922070325e-03,4.3886999537e-01,4.6662091784e-01,4.9135204490e-02,3.3132571996e-04,3.6649737471e-02,2.5625462068e+00
4.2000000000e+01,1.1455447053e-03,7.3253057618e-03,4.4245973269e-01,4.6312926012e-01,4.9153848287e-02,3.1761964581e-04,3.6468688784e-02,2.5617758658e+00
4.2500000000e+01,1.1715008254e-03,7.4149194698e-03,4.4348891028e-01,4.6249507799e-01,4.9221145829e-02,3.0274794043e-04,3.5905697662e-02,2.5583859486e+00
4.3000000000e+01,1.2089793411e-03,7.5963172478e-03,4.4290850539e-01,4.6185926601e-01,4.9994651601e-02,2.9705033588e-04,3.6135230072e-02,2.5665331777e+00
4.3500000000e+01,1.2370613529e-03,7.7225756998e-03,4.4284275780e-01,4.6157788871e-01,5.0265482541e-02,2.8618472484e-04,3.6068049174e-02,2.5693347372e+00
4.4000000000e+01,1.2613038375e-03,7.7186759733e-03,4.4742608095e-01,4.5678042184e-01,5.0377419951e-02,2.7959059654e-04,3.6156506852e-02,2.5695754043e+00
4.4500000000e+01,1.2871372628e-03,7.8052431938e-03,4.5138459760e-01,4.5215060136e-01,5.0684800966e-02,2.7445240386e-04,3.6413167213e-02,2.5749354454e+00
4.5000000000e+01,1.3257061972e-03,7.9357398833e-03,4.5503451295e-01,4.4819565753e-01,5.0643561241e-02,2.6854848738e-04,3.6596273716e-02,2.5781999598e+00
4.5500000000e+01,1.3579383240e-03,7.9521183335e-03,4.5587506169e-01,4.4747909865e-01,5.0517572515e-02,2.6752493745e-04,3.6550685544e-02,2.5771593584e+00
4.6000000000e+01,1.3827182049e-03,8.0173685801e-03,4.5553211317e-01,4.4854863364e-01,4.9910922901e-02,2.6120478930e-04,3.6347038712e-02,2.5734963587e+00
4.6500000000e+01,1.4132091973e-03,8.0397114280e-03,4.5864118391e-01,4.4603675678e-01,4.9519594023e-02,2.5771984020e-04,3.6091824829e-02,2.5698895620e+00
4.7000000000e+01,1.4404254969e-03,8.0522256547e-03,4.6307455268e-01,4.4233801935e-01,4.8940943995e-02,2.5532667860e-04,3.5898506143e-02,2.5637633702e+00
4.7500000000e+01,1.4728848901e-03,8.0944189772e-03,4.6490653240e-01,4.4053693253e-01,4.8826598761e-02,2.5529732958e-04,3.5907335119e-02,2.5634114917e+00
4.8000000000e+01,1.5165738715e-03,8.2021334039e-03,4.6749631067e-01,4.3820038569e-01,4.8560625789e-02,2.5485660563e-04,3.5769113972e-02,2.5630866932e+00
4.8500000000e+01,1.5495973927e-03,8.1880838274e-03,4.6875118476e-01,4.3665914465e-01,4.8726510267e-02,2.5700138340e-04,3.5868477721e-02,2.5630766545e+00
4.9000000000e+01,1.5894080337e-03,8.3475546709e-03,4.7234176969e-01,4.3228613995e-01,4.9102418575e-02,2.6132601478e-04,3.6071383067e-02,2.5705289598e+00
4.9500000000e+01,1.6147610792e-03,8.4537780583e-03,4.7617800780e-01,4.2760855088e-01,4.9326264192e-02,2.7284701780e-04,3.6545790976e-02,2.5765842928e+00
5.0000000000e+01,1.6573468530e-03,8.4927339325e-03,4.8149645796e-01,4.2179761050e-01,4.9309361165e-02,2.7965709264e-04,3.6966832494e-02,2.5817549178e+00
5.0500000000e+01,1.6945735014e-03,8.6896464669e-03,4.8166297144e-01,4.2056017939e-01,4.9668181547e-02,2.9517453871e-04,3.7429273117e-02,2.5917194241e+00
5.1000000000e+01,1.7306758491e-03,8.7717956009e-03,4.8840295287e-01,4.1381479013e-01,4.9487395645e-02,3.0546018927e-04,3.7486929712e-02,2.5948329136e+00
5.1500000000e+01,1.7773232283e-03,8.9315764623e-03,4.9053013193e-01,4.1042265862e-01,4.9833340284e-02,3.2237439018e-04,3.8182595094e-02,2.6071312888e+00
5.2000000000e+01,1.8090086324e-03,8.9829086260e-03,4.9230146848e-01,4.0874545853e-01,4.9558066346e-02,3.3585797071e-04,3.8267231415e-02,2.6087933464e+00
5.2500000000e+01,1.8675454963e-03,9.0225961183e-03,4.9688722656e-01,4.0232981605e-01,5.0901210611e-02,3.5228437173e-04,3.8639320799e-02,2.6203096496e+00
5.3000000000e+01,1.9268950778e-03,9.0865655694e-03,5.0132507722e-01,3.9761343808e-01,5.0761487054e-02,3.7390988735e-04,3.8912627117e-02,2.6247143165e+00
5.3500000000e+01,1.9928253139e-03,9.2091630063e-03,5.0221579517e-01,3.9519772496e-01,5.1437074236e-02,3.9486595832e-04,3.9552551357e-02,2.6392868998e+00
5.4000000000e+01,2.0554161412e-03,9.2630927031e-03,5.0599004064e-01,3.9076211487e-01,5.1761757070e-02,4.1664479626e-04,3.9750933781e-02,2.6476544264e+00
5.4500000000e+01,2.0848553633e-03,9.2638065778e-03,5.1105951116e-01,3.8531488682e-01,5.1965674959e-02,4.3943652749e-04,3.9871828593e-02,2.6502089272e+00
5.5000000000e+01,2.1172579466e-03,9.2327266619e-03,5.1650954661e-01,3.7981307490e-01,5.2006534491e-02,4.6776810080e-04,3.9853091290e-02,2.6492864003e+00
5.5500000000e+01,2.1811045007e-03,9.2679126994e-03,5.1710475984e-01,3.7904582234e-01,5.1797831503e-02,4.9484894306e-04,4.0107720174e-02,2.6552712194e+00
5.6000000000e+01,2.2215495366e-03,9.3135287113e-03,5.2312796132e-01,3.7305866281e-01,5.1877533207e-02,5.2733360632e-04,3.9873430803e-02,2.6567437292e+00
5.6500000000e+01,2.2869014275e-03,9.4127412821e-03,5.2666613622e-01,3.6882140640e-01,5.1952712446e-02,5.6819398950e-04,4.0291908240e-02,2.6644824622e+00
5.7000000000e+01,2.3537450333e-03,9.4656137060e-03,5.2748867436e-01,3.6723517504e-01,5.1957458209e-02,5.9658000660e-04,4.0902753645e-02,2.6734591391e+00
5.7500000000e+01,2.3897386193e-03,9.4246275666e-03,5.3158640222e-01,3.6341162244e-01,5.1912142159e-02,6.1836723412e-04,4.0657099761e-02,2.6709741010e+00
5.8000000000e+01,2.4380726132e-03,9.4088091710e-03,5.3477692425e-01,3.5995702413e-01,5.2082932256e-02,6.4959693178e-04,4.0686640651e-02,2.6727673730e+00
5.8500000000e+01,2.5154315682e-03,9.4392757703e-03,5.3616446851e-01,3.5761439915e-01,5.2573108555e-02,6.8979648655e-04,4.1003519962e-02,2.6818955775e+00
5.9000000000e+01,2.5822338599e-03,9.4674674152e-03,5.4081005927e-01,3.5191949871e-01,5.2944762213e-02,7.2779031261e-04,4.1548188219e-02,2.6901849845e+00
5.9500000000e+01,2.6442231509e-03,9.5731659453e-03,5.4410015027e-01,3.4799996575e-01,5.3025326533e-02,7.6990614400e-04,4.1887262204e-02,2.6988038784e+00
6.0000000000e+01,2.6751361456e-03,9.4508734123e-03,5.4932796744e-01,3.4363521503e-01,5.2603497366e-02,8.0966185606e-04,4.1497648753e-02,2.6927638205e+00
6.0500000000e+01,2.7546087586e-03,9.5062261884e-03,5.5261286868e-01,3.4002951177e-01,5.2581296422e-02,8.4956500526e-04,4.1665923170e-02,2.6960287557e+00
6.1000000000e+01,2.8359236223e-03,9.4978310745e-03,5.5628846339e-01,3.3612380491e-01,5.2801245734e-02,8.9045927670e-04,4.1562271993e-02,2.6985613018e+00
6.1500000000e+01,2.8962607552e-03,9.6068312677e-03,5.6020735568e-01,3.3267804773e-01,5.2269068890e-02,9.3357339190e-04,4.1408862283e-02,2.6980294758e+00
6.2000000000e+01,2.9707050382e-03,9.6260422914e-03,5.6316562079e-01,3.2936908291e-01,5.2229797362e-02,9.8072044034e-04,4.1658031166e-02,2.7016916712e+00
6.2500000000e+01,3.0184329617e-03,9.6604223257e-03,5.6587169590e-01,3.2600410641e-01,5.2661307742e-02,1.0320534873e-03,4.1751981177e-02,2.7066696967e+00
6.3000000000e+01,3.0349866101e-03,9.5955582591e-03,5.7354331396e-01,3.1931675995e-01,5.2424478645e-02,1.0499792006e-03,4.1034923379e-02,2.6949499356e+00
6.3500000000e+01,3.0930832245e-03,9.5700731717e-03,5.7654507084e-01,3.1609702227e-01,5.2374608545e-02,1.0970688566e-03,4.1223073086e-02,2.6975803557e+00
6.4000000000e+01,3.1727958250e-03,9.7048893551e-03,5.7932539293e-01,3.1275643450e-01,5.2282349650e-02,1.1596639207e-03,4.1598473822e-02,2.7039650830e+00
6.4500000000e+01,3.2117041310e-03,9.6670974424e-03,5.8642088044e-01,3.0576712940e-01,5.2174932257e-02,1.1997876034e-03,4.1558468728e-02,2.6977458493e+00
6.5000000000e+01,3.2821877613e-03,9.7082186892e-03,5.9340299612e-01,2.9875743221e-01,5.2147839258e-02,1.2523693762e-03,4.1448956591e-02,2.6937927074e+00
6.5500000000e+01,3.3613843744e-03,9.7046253427e-03,5.9675818336e-01,2.9554359901e-01,5.1783270986e-02,1.3030148621e-03,4.1545922072e-02,2.6924126830e+00
6.6000000000e+01,3.4411584219e-03,9.7115293196e-03,5.9957581844e-01,2.9201808958e-01,5.2010623606e-02,1.3520091163e-03,4.1890771514e-02,2.6961516269e+00
6.6500000000e+01,3.5060116903e-03,9.6821743783e-03,6.0310192767e-01,2.8892008180e-01,5.1610573550e-02,1.3871681139e-03,4.1792062804e-02,2.6930319700e+00
6.7000000000e+01,3.5485754980e-03,9.6844636185e-03,6.0882744937e-01,2.8415266586e-01,5.0844294336e-02,1.4381557815e-03,4.1504395533e-02,2.6840658528e+00
6.7500000000e+01,3.6068835588e-03,9.7395330746e-03,6.1264238723e-01,2.7969882596e-01,5.1266244428e-02,1.4916671898e-03,4.1554458562e-02,2.6866802612e+00
6.8000000000e+01,3.7001227951e-03,9.7756661890e-03,6.1731395140e-01,2.7555992900e-01,5.0659902993e-02,1.5391104472e-03,4.1451317184e-02,2.6826396302e+00
6.8500000000e+01,3.8046695368e-03,9.8018266621e-03,6.2064163508e-01,2.7223134684e-01,5.0534476350e-02,1.6034727362e-03,4.1382572790e-02,2.6830818392e+00
6.9000000000e+01,3.8923193308e-03,9.8350329393e-03,6.2616804656e-01,2.6652787696e-01,5.0608323990e-02,1.6997472178e-03,4.1268653003e-02,2.6821359213e+00
6.9500000000e+01,4.0013541361e-03,9.7715689114e-03,6.3225289032e-01,2.6073207780e-01,4.9856749095e-02,1.7874900020e-03,4.1597869732e-02,2.6750215291e+00
7.0000000000e+01,4.0912751157e-03,9.8655328875e-03,6.3511379951e-01,2.5812464287e-01,4.9469286990e-02,1.8615151017e-03,4.1473947527e-02,2.6718991814e+00
7.0500000000e+01,4.1322966199e-03,9.7687097887e-03,6.3845309110e-01,2.5607703211e-01,4.8665033903e-02,1.9103241402e-03,4.0993512338e-02,2.6611071222e+00
7.1000000000e+01,4.1791693527e-03,9.7869680965e-03,6.4329129624e-01,2.5237257682e-01,4.7857522031e-02,1.9789516432e-03,4.0533515818e-02,2.6519614856e+00
7.1500000000e+01,4.2527249630e-03,9.7945879053e-03,6.4955363043e-01,2.4741685265e-01,4.6786500161e-02,2.0376433606e-03,4.0158060534e-02,2.6397759449e+00
7.2000000000e+01,4.2921175779e-03,9.7973710193e-03,6.5533566967e-01,2.4268562590e-01,4.5995533007e-02,2.1249379196e-03,3.9768744911e-02,2.6274950868e+00
7.2500000000e+01,4.3726215608e-03,9.7535197619e-03,6.6067817598e-01,2.3846944536e-01,4.5049127295e-02,2.1955213966e-03,3.9481588646e-02,2.6163221323e+00
7.3000000000e+01,4.4109162238e-03,9.6918095715e-03,6.6611514640e-01,2.3437497390e-01,4.4100333194e-02,2.2462611229e-03,3.9060559592e-02,2.6009937726e+00
7.3500000000e+01,4.5019057700e-03,9.8138566559e-03,6.6866446597e-01,2.3181350979e-01,4.4180290527e-02,2.3130379934e-03,3.8712933299e-02,2.5981136670e+00
7.4000000000e+01,4.5681678477e-03,9.8903906594e-03,6.7459619866e-01,2.2670036522e-01,4.3341051935e-02,2.3587560708e-03,3.8545069610e-02,2.5851047915e+00
7.4500000000e+01,4.6335744738e-03,9.8697202569e-03,6.7852646885e-01,2.2464285720e-01,4.2436602391e-02,2.4290717522e-03,3.7461705075e-02,2.5705584496e+00
7.5000000000e+01,4.7030372351e-03,9.9084237597e-03,6.8405129384e-01,2.2022588566e-01,4.1411147553e-02,2.5088614881e-03,3.7191350465e-02,2.5595796438e+00
7.5500000000e+01,4.7537659464e-03,9.8656590945e-03,6.8817842251e-01,2.1892614357e-01,4.0013837932e-02,2.4972499964e-03,3.5764920949e-02,2.5358294073e+00
7.6000000000e+01,4.8405954036e-03,1.0005926961e-02,6.9136805009e-01,2.1632095988e-01,3.9744802823e-02,2.5677431576e-03,3.5151921682e-02,2.5287413969e+00
7.6500000000e+01,4.8885258505e-03,9.9945084479e-03,6.9632169684e-01,2.1183466949e-01,3.9315994338e-02,2.6149925515e-03,3.5029612482e-02,2.5149414877e+00
7.7000000000e+01,4.9262997534e-03,1.0192959253e-02,6.9916381719e-01,2.1004158850e-01,3.8555294941e-02,2.6429134616e-03,3.4477126899e-02,2.5065900572e+00
7.7500000000e+01,4.9600495979e-03,1.0246910752e-02,7.0467786670e-01,2.0561665193e-01,3.7670438061e-02,2.7033348109e-03,3.4124748148e-02,2.4915353981e+00
7.8000000000e+01,5.0474330062e-03,1.0311673021e-02,7.0643789722e-01,2.0437625391e-01,3.7072100941e-02,2.7506306132e-03,3.4004011284e-02,2.4866141944e+00
7.8500000000e+01,5.0559264092e-03,1.0244776291e-02,7.1185814370e-01,2.0139815555e-01,3.6059048793e-02,2.7409414092e-03,3.2643007844e-02,2.4600021064e+00
7.9000000000e+01,5.1175847554e-03,1.0271839663e-02,7.1593531013e-01,1.9823690061e-01,3.5121049548e-02,2.7674055560e-03,3.2549909741e-02,2.4486754310e+00
7.9500000000e+01,5.1947907108e-03,1.0334037112e-02,7.1875573458e-01,1.9605352187e-01,3.4420194612e-02,2.8336014896e-03,3.2408119627e-02,2.4417054986e+00
8.0000000000e+01,5.2841138260e-03,1.0492968361e-02,7.2223415772e-01,1.9359035950e-01,3.3727883399e-02,2.8701468830e-03,3.1800370314e-02,2.4300708194e+00
8.0500000000e+01,5.2952248073e-03,1.0546407543e-02,7.2720881065e-01,1.9013081104e-01,3.2651031381e-02,2.9077137749e-03,3.1260000802e-02,2.4085122427e+00
8.1000000000e+01,5.4056693125e-03,1.0728645807e-02,7.3008706173e-01,1.8809189514e-01,3.1855554620e-02,2.9553943867e-03,3.0875778996e-02,2.4012797731e+00
8.1500000000e+01,5.4759370287e-03,1.0734932380e-02,7.3291961159e-01,1.8630564441e-01,3.1105706492e-02,2.9892569776e-03,3.0468911118e-02,2.3894966663e+00
8.2000000000e+01,5.5565914861e-03,1.0827182419e-02,7.3668398699e-01,1.8346788636e-01,3.0357937248e-02,3.0342224568e-03,3.0072193038e-02,2.3753952727e+00
8.2500000000e+01,5.5621609016e-03,1.0730323523e-02,7.4158075713e-01,1.8017266355e-01,2.9480141210e-02,3.0703990566e-03,2.9403554623e-02,2.3527260318e+00
8.3000000000e+01,5.6748680449e-03,1.0897724938e-02,7.4517092223e-01,1.7731201623e-01,2.8811516482e-02,3.1452038263e-03,2.8987748252e-02,2.3393458750e+00
8.3500000000e+01,5.7295253569e-03,1.1065192058e-02,7.4804274095e-01,1.7558913386e-01,2.7906575936e-02,3.1361277308e-03,2.8530704108e-02,2.3273626607e+00
8.4000000000e+01,5.7944099788e-03,1.1131197255e-02,7.5160079725e-01,1.7275515825e-01,2.7159357810e-02,3.1388316897e-03,2.8420247772e-02,2.3145846911e+00
8.4500000000e+01,5.7817367892e-03,1.1284421331e-02,7.5469512944e-01,1.7111049064e-01,2.6309683914e-02,3.1911989612e-03,2.7627338928e-02,2.3007556837e+00
8.5000000000e+01,5.7847222307e-03,1.1324640971e-02,7.5933988590e-01,1.6775862140e-01,2.5627124794e-02,3.2203818531e-03,2.6944622851e-02,2.2790947686e+00
8.5500000000e+01,5.8789326225e-03,1.1449180161e-02,7.6281904358e-01,1.6565583066e-01,2.4865709972e-02,3.2284397306e-03,2.6102863272e-02,2.2659738447e+00
8.6000000000e+01,5.9490214231e-03,1.1520477622e-02,7.6772576736e-01,1.6234718032e-01,2.3759703040e-02,3.2247893305e-03,2.5473060907e-02,2.2450997465e+00
8.6500000000e+01,5.9619237208e-03,1.1572714288e-02,7.7071845266e-01,1.6083368605e-01,2.3075578815e-02,3.2323929640e-03,2.4605251502e-02,2.2262153379e+00
8.7000000000e+01,6.0062142368e-03,1.1696201592e-02,7.7516756525e-01,1.5792990394e-01,2.2152203629e-02,3.2232213506e-03,2.3824689994e-02,2.2061886951e+00
8.7500000000e+01,6.0627509918e-03,1.1875791073e-02,7.7841143317e-01,1.5522388700e-01,2.1727390600e-02,3.2561369621e-03,2.3442610198e-02,2.1942668757e+00
8.8000000000e+01,6.1275206764e-03,1.1923085697e-02,7.8211462703e-01,1.5289696190e-01,2.0997461924e-02,3.2438474621e-03,2.2696495307e-02,2.1740510019e+00
8.8500000000e+01,6.1000789985e-03,1.1916906737e-02,7.8536802894e-01,1.5142053229e-01,2.0067753429e-02,3.2656841652e-03,2.1861015439e-02,2.1527495991e+00
8.9000000000e+01,6.1549367796e-03,1.2064669350e-02,7.8728865349e-01,1.5042961872e-01,1.9507690842e-02,3.2851762125e-03,2.1269254606e-02,2.1395884812e+00
8.9500000000e+01,6.2574976204e-03,1.2170194630e-02,7.9012205609e-01,1.4806826258e-01,1.9181197182e-02,3.3193017664e-03,2.0881490133e-02,2.1280023387e+00
9.0000000000e+01,6.2924420078e-03,1.2192982185e-02,7.9322021857e-01,1.4607982931e-01,1.8395183990e-02,3.3688875818e-03,2.0450456347e-02,2.1102943286e+00
9.0500000000e+01,6.2780366877e-03,1.2209495072e-02,7.9612982314e-01,1.4475174192e-01,1.7480089665e-02,3.3873985474e-03,1.9763414962e-02,2.0903723691e+00
9.1000000000e+01,6.3583774501e-03,1.2338020389e-02,7.9877399388e-01,1.4296408217e-01,1.6942399517e-02,3.3736199661e-03,1.9249506631e-02,2.0755230060e+00
9.1500000000e+01,6.3915114439e-03,1.2379577728e-02,8.0123868511e-01,1.4179313566e-01,1.6362520002e-02,3.3286582007e-03,1.8505911857e-02,2.0548334046e+00
9.2000000000e+01,6.3892002458e-03,1.2526824590e-02,8.0325635033e-01,1.4100464925e-01,1.5740034698e-02,3.2997284195e-03,1.7783212466e-02,2.0382727610e+00
9.2500000000e+01,6.3830440505e-03,1.2764520471e-02,8.0466640970e-01,1.4039241968e-01,1.5293720730e-02,3.2993105223e-03,1.7200574838e-02,2.0271033464e+00
9.3000000000e+01,6.3932534676e-03,1.2692945692e-02,8.0702888198e-01,1.3917409541e-01,1.4689786498e-02,3.2910263404e-03,1.6730010610e-02,2.0073065832e+00
9.3500000000e+01,6.4305997242e-03,1.2832348052e-02,8.0766901926e-01,1.3954802117e-01,1.4059379537e-02,3.3046912157e-03,1.6155941044e-02,1.9953268054e+00
9.4000000000e+01,6.4188131351e-03,1.2888255858e-02,8.0983202409e-01,1.3832739879e-01,1.3640024040e-02,3.3201551950e-03,1.5573328899e-02,1.9789586601e+00
9.4500000000e+01,6.4705496389e-03,1.3049747473e-02,8.1158496383e-01,1.3747806519e-01,1.3167630871e-02,3.3318507046e-03,1.4917192286e-02,1.9651991241e+00
9.5000000000e+01,6.4140317128e-03,1.2839085870e-02,8.1507717375e-01,1.3546927066e-01,1.2569577607e-02,3.3207828771e-03,1.4310077523e-02,1.9386687273e+00
9.5500000000e+01,6.3525023258e-03,1.2888234879e-02,8.1905004926e-01,1.3294734328e-01,1.1858469786e-02,3.3022965612e-03,1.3601103905e-02,1.9108799071e+00
9.6000000000e+01,6.3997173732e-03,1.3057689676e-02,8.1924146770e-01,1.3335178955e-01,1.1538403935e-02,3.3047133460e-03,1.3106218418e-02,1.9022743725e+00
9.6500000000e+01,6.4473979613e-03,1.3122234569e-02,8.1821436750e-01,1.3510266730e-01,1.1208219504e-02,3.2833187696e-03,1.2621794399e-02,1.8973601625e+00
9.7000000000e+01,6.3924112454e-03,1.3212643752e-02,8.2011154579e-01,1.3400753530e-01,1.0786372878e-02,3.2632534131e-03,1.2226237615e-02,1.8802689124e+00
9.7500000000e+01,6.4194347721e-03,1.3269977771e-02,8.2151554497e-01,1.3337331675e-01,1.0285141954e-02,3.3173471128e-03,1.1819236675e-02,1.8648365822e+00
9.8000000000e+01,6.3931675774e-03,1.3332852239e-02,8.2242017752e-01,1.3341709365e-01,9.8365811490e-03,3.3363995201e-03,1.1263728345e-02,1.8500181740e+00
9.8500000000e+01,6.4318737009e-03,1.3537665578e-02,8.2414502372e-01,1.3253670670e-01,9.3474544064e-03,3.3131757939e-03,1.0688100096e-02,1.8332250209e+00
9.9000000000e+01,6.3880808472e-03,1.3701831579e-02,8.2551329526e-01,1.3211118867e-01,8.9108654019e-03,3.2805970066e-03,1.0094141238e-02,1.8165747390e+00
9.9500000000e+01,6.3658598741e-03,1.3759698873e-02,8.2733424878e-01,1.3120368254e-01,8.5145713160e-03,3.2587443652e-03,9.5631942588e-03,1.7987124326e+00
1.0000000000e+02,6.3067847285e-03,1.3960587395e-02,8.2873405997e-01,1.3032403045e-01,8.2299466430e-03,3.2671633936e-03,9.1774274239e-03,1.7856661186e+00
1.0050000000e+02,6.2533524337e-03,1.4198239454e-02,8.2977097411e-01,1.2992619177e-01,7.8188237705e-03,3.2697450634e-03,8.7626734033e-03,1.7718456913e+00
1.0100000000e+02,6.2180722708e-03,1.4220081002e-02,8.3130262929e-01,1.2925782792e-01,7.4113189613e-03,3.2667656637e-03,8.3233048939e-03,1.7531552971e+00
1.0150000000e+02,6.2742416590e-03,1.4375085800e-02,8.3258408648e-01,1.2839063809e-01,7.1301426652e-03,3.2759621363e-03,7.9698431662e-03,1.7398233380e+00
1.0200000000e+02,6.2462932995e-03,1.4326436457e-02,8.3421954387e-01,1.2751276419e-01,6.8346199002e-03,3.2439153434e-03,7.6164269412e-03,1.7236024748e+00
1.0250000000e+02,6.2505491276e-03,1.4435482404e-02,8.3530927520e-01,1.2693014649e-01,6.5059822209e-03,3.2297463007e-03,7.3388182512e-03,1.7111406837e+00
1.0300000000e+02,6.1872174556e-03,1.4427143188e-02,8.3679259483e-01,1.2620178959e-01,6.2845522442e-03,3.2138747595e-03,6.8928279396e-03,1.6938696293e+00
1.0350000000e+02,6.1895140336e-03,1.4492889316e-02,8.3778312933e-01,1.2583446953e-01,5.9508146425e-03,3.2060687943e-03,6.5431143526e-03,1.6797925773e+00
1.0400000000e+02,6.1908164988e-03,1.4607609043e-02,8.3823470497e-01,1.2597310106e-01,5.6777573605e-03,3.1822405164e-03,6.1337705524e-03,1.6706101104e+00
1.0450000000e+02,6.1912747292e-03,1.4597799207e-02,8.3952055384e-01,1.2525774937e-01,5.3614318129e-03,3.2298018351e-03,5.8413892051e-03,1.6567597602e+00
1.0500000000e+02,6.2230649090e-03,1.4976293800e-02,8.3685591661e-01,1.2784658323e-01,5.2355071913e-03,3.2570044539e-03,5.6056298040e-03,1.6601379110e+00
1.0550000000e+02,6.2839284004e-03,1.5144004383e-02,8.3838006524e-01,1.2654192205e-01,5.0744537820e-03,3.2637555628e-03,5.3118705851e-03,1.6485704929e+00
1.0600000000e+02,6.2784610076e-03,1.5306083093e-02,8.3834928059e-01,1.2702246182e-01,4.8486798366e-03,3.2254738827e-03,4.9695597622e-03,1.6377426599e+00
1.0650000000e+02,6.3175492103e-03,1.5548878977e-02,8.3747237257e-01,1.2801503577e-01,4.6946001867e-03,3.2139555918e-03,4.7376076869e-03,1.6343325809e+00
1.0700000000e+02,6.3195052656e-03,1.5588844581e-02,8.3859579874e-01,1.2726469700e-01,4.5151365068e-03,3.1942753281e-03,4.5217425859e-03,1.6233864120e+00
1.0750000000e+02,6.3279358661e-03,1.5640509666e-02,8.3787440341e-01,1.2823119091e-01,4.3991919346e-03,3.1937224646e-03,4.3330457554e-03,1.6181502474e+00
1.0800000000e+02,6.3152148984e-03,1.5646985010e-02,8.3671287522e-01,1.2976903546e-01,4.2591619269e-03,3.1498112520e-03,4.1469162376e-03,1.6127146585e+00
1.0850000000e+02,6.2262595937e-03,1.5495262653e-02,8.3673925425e-01,1.3039559193e-01,4.1406880067e-03,3.1226526559e-03,3.8802909087e-03,1.5986810103e+00
1.0900000000e+02,6.2675139305e-03,1.5677026974e-02,8.3447479344e-01,1.3282867509e-01,4.0191133895e-03,3.0814402282e-03,3.6514369432e-03,1.5962252593e+00
1.0950000000e+02,6.2558293091e-03,1.5801212645e-02,8.3295974359e-01,1.3450000795e-01,3.9531637483e-03,3.0913863459e-03,3.4386564042e-03,1.5944586796e+00
1.1000000000e+02,6.2245781932e-03,1.5656707736e-02,8.3381961035e-01,1.3408777577e-01,3.9083806929e-03,3.0519644674e-03,3.2509827852e-03,1.5840109522e+00
1.1050000000e+02,6.1863110423e-03,1.5542636282e-02,8.3475323530e-01,1.3354042750e-01,3.8539958100e-03,3.0501837178e-03,3.0732103524e-03,1.5741227184e+00
1.1100000000e+02,6.1462126370e-03,1.5723170762e-02,8.3393379368e-01,1.3444328564e-01,3.8027993944e-03,3.0645698238e-03,2.8861680615e-03,1.5703658567e+00
1.1150000000e+02,6.0729583962e-03,1.5756737827e-02,8.3489690853e-01,1.3374011000e-01,3.7481724272e-03,3.0447925492e-03,2.7403202734e-03,1.5614479511e+00
1.1200000000e+02,5.9760961392e-03,1.5712638692e-02,8.3537559061e-01,1.3361223606e-01,3.6848570766e-03,3.0338090650e-03,2.6047723545e-03,1.5508292474e+00
1.1250000000e+02,5.8829113352e-03,1.5834262147e-02,8.3633640936e-01,1.3283867676e-01,3.6429982320e-03,2.9860618535e-03,2.4786803198e-03,1.5427558276e+00
1.1300000000e+02,5.9469811519e-03,1.5877904653e-02,8.3495115970e-01,1.3420531128e-01,3.6314469953e-03,2.9999819499e-03,2.3872142773e-03,1.5431742085e+00
1.1350000000e+02,5.9007965130e-03,1.5849717534e-02,8.3457972581e-01,1.3487902110e-01,3.5726143193e-03,2.9601858676e-03,2.2579388559e-03,1.5364676531e+00
1.1400000000e+02,5.9771892762e-03,1.6111786205e-02,8.3128198448e-01,1.3785708645e-01,3.5953182930e-03,2.9774760675e-03,2.1991592238e-03,1.5458605052e+00
1.1450000000e+02,5.9637396884e-03,1.6134453134e-02,8.3121365310e-01,1.3801121092e-01,3.5881678525e-03,2.9489071892e-03,2.1398681127e-03,1.5424690432e+00
1.1500000000e+02,5.9963614930e-03,1.6370064401e-02,8.3032032482e-01,1.3863441361e-01,3.6126701586e-03,2.9633986073e-03,2.1027669090e-03,1.5478742233e+00
1.1550000000e+02,5.9711961708e-03,1.6552708176e-02,8.3055715060e-01,1.3823756126e-01,3.6704358763e-03,2.9572332263e-03,2.0537146966e-03,1.5492764678e+00
1.1600000000e+02,5.9509472986e-03,1.6542245062e-02,8.2904455772e-01,1.3981336614e-01,3.6656926768e-03,2.9536003050e-03,2.0295908030e-03,1.5535452011e+00
1.1650000000e+02,6.0168217974e-03,1.6634064511e-02,8.2764754398e-01,1.4100494267e-01,3.7101167960e-03,2.9776758892e-03,2.0088343535e-03,1.5607875528e+00
1.1700000000e+02,6.0636577999e-03,1.6732984312e-02,8.2525454692e-01,1.4323486884e-01,3.7452475191e-03,2.9623788221e-03,2.0063157864e-03,1.5720988573e+00
1.1750000000e+02,6.0050653825e-03,1.6700592002e-02,8.2476917715e-01,1.4379885537e-01,3.7895341185e-03,2.9520473006e-03,1.9847286721e-03,1.5779581639e+00
1.1800000000e+02,5.9548478647e-03,1.6791196610e-02,8.2426467926e-01,1.4426021916e-01,3.8420287751e-03,2.9096481299e-03,1.9773802025e-03,1.5828581931e+00
1.1850000000e+02,5.9868454214e-03,1.7046403310e-02,8.2179757803e-01,1.4635407056e-01,3.9091649710e-03,2.8948246496e-03,2.0111130671e-03,1.5982789569e+00
1.1900000000e+02,6.0221869660e-03,1.7343002216e-02,8.2087644547e-01,1.4684457421e-01,4.0042325061e-03,2.8797290580e-03,2.0298295800e-03,1.6122697312e+00
1.1950000000e+02,6.0665477186e-03,1.7500906640e-02,8.1924855297e-01,1.4815153580e-01,4.0965463372e-03,2.8724666044e-03,2.0634439335e-03,1.6281523586e+00
1.2000000000e+02,5.9979215973e-03,1.7466884926e-02,8.1860473688e-01,1.4886093687e-01,4.1615018097e-03,2.8233471699e-03,2.0846707406e-03,1.6348631826e+00
1.2050000000e+02,6.0094029569e-03,1.7486202277e-02,8.1693006319e-01,1.5043128351e-01,4.2123932476e-03,2.8124768409e-03,2.1181779816e-03,1.6474430924e+00
1.2100000000e+02,5.9243127137e-03,1.7480955073e-02,8.1733603179e-01,1.5006789747e-01,4.2576991411e-03,2.7887981385e-03,2.1443056770e-03,1.6520080519e+00
1.2150000000e+02,5.8509996665e-03,1.7355812946e-02,8.1803391376e-01,1.4951193201e-01,4.3167403989e-03,2.7468316840e-03,2.1837695382e-03,1.6542553088e+00
1.2200000000e+02,5.8868948427e-03,1.7415473692e-02,8.1650199502e-01,1.5073734176e-01,4.4425056901e-03,2.7639962056e-03,2.2517927904e-03,1.6684378698e+00
1.2250000000e+02,5.9078718513e-03,1.7504587795e-02,8.1552736003e-01,1.5141372245e-01,4.5745857686e-03,2.7852384102e-03,2.2866336962e-03,1.6798296629e+00
1.2300000000e+02,5.8979449972e-03,1.7452197007e-02,8.1499953343e-01,1.5183580213e-01,4.7126687222e-03,2.7595752897e-03,2.3422784281e-03,1.6881554209e+00
1.2350000000e+02,5.8546527433e-03,1.7714598577e-02,8.1284821579e-01,1.5354323454e-01,4.8232821842e-03,2.7474766962e-03,2.4685394698e-03,1.7044626116e+00
1.2400000000e+02,5.8281556783e-03,1.7734195014e-02,8.1108652887e-01,1.5507403890e-01,4.9475689526e-03,2.7412995900e-03,2.5882130035e-03,1.7192175308e+00
1.2450000000e+02,5.7979844682e-03,1.7578054317e-02,8.1182964245e-01,1.5431647404e-01,5.0610708970e-03,2.7096226973e-03,2.7071511288e-03,1.7256691146e+00
1.2500000000e+02,5.8527931893e-03,1.7513145162e-02,8.1040220941e-01,1.5545723219e-01,5.2647272891e-03,2.6830358354e-03,2.8268569269e-03,1.7399994488e+00
1.2550000000e+02,5.8645746463e-03,1.7478663559e-02,8.0805220623e-01,1.5753310911e-01,5.4480792304e-03,2.6548105285e-03,2.9685566936e-03,1.7564744562e+00
1.2600000000e+02,5.9154755511e-03,1.7456886002e-02,8.0708672235e-01,1.5817531218e-01,5.6319559367e-03,2.6657160158e-03,3.0679319584e-03,1.7682675622e+00
1.2650000000e+02,5.9373365318e-03,1.7476383295e-02,8.0499950758e-01,1.5991260190e-01,5.7843360269e-03,2.6377335034e-03,3.2521011642e-03,1.7832054662e+00
1.2700000000e+02,5.9243846465e-03,1.7398077641e-02,8.0595145096e-01,1.5887239181e-01,5.8912076966e-03,2.6216955390e-03,3.3407917102e-03,1.7866760747e+00
1.2750000000e+02,5.8535905900e-03,1.7084598174e-02,8.0720676221e-01,1.5776893575e-01,6.0409964152e-03,2.5883472200e-03,3.4567696435e-03,1.7871219279e+00
1.2800000000e+02,5.8472520017e-03,1.7160868528e-02,8.0655045478e-01,1.5809210105e-01,6.1757936111e-03,2.5906722620e-03,3.5828577661e-03,1.7968783893e+00
1.2850000000e+02,5.8283096314e-03,1.6907453940e-02,8.0722296771e-01,1.5750785488e-01,6.2992951372e-03,2.5267378929e-03,3.7073808083e-03,1.7973822069e+00
1.2900000000e+02,5.7895680326e-03,1.6855611394e-02,8.0671837829e-01,1.5783181857e-01,6.4698046751e-03,2.5050863732e-03,3.8297326683e-03,1.8044300635e+00
1.2950000000e+02,5.8204925511e-03,1.6817449134e-02,8.0443387946e-01,1.5965307557e-01,6.7512501512e-03,2.5017257036e-03,4.0221274299e-03,1.8198977233e+00
1.3000000000e+02,5.8677408510e-03,1.6810229704e-02,8.0326040665e-01,1.6036867481e-01,7.0027755307e-03,2.5413169391e-03,4.1488555072e-03,1.8329695336e+00
1.3050000000e+02,5.7826533940e-03,1.6754952364e-02,8.0229818209e-01,1.6125030037e-01,7.1059827657e-03,2.4975305056e-03,4.3103985105e-03,1.8378256108e+00
1.3100000000e+02,5.7447730927e-03,1.6591404351e-02,8.0191352728e-01,1.6167586448e-01,7.2306207448e-03,2.4479277795e-03,4.3958822806e-03,1.8394441735e+00
1.3150000000e+02,5.7797462335e-03,1.6667975242e-02,8.0120901784e-01,1.6190104632e-01,7.4156540569e-03,2.4549254185e-03,4.5716348812e-03,1.8512062171e+00
1.3200000000e+02,5.7563355804e-03,1.6641542771e-02,7.9907553959e-01,1.6362781617e-01,7.6692751067e-03,2.4393661975e-03,4.7901245879e-03,1.8634866403e+00
1.3250000000e+02,5.6978168438e-03,1.6523791111e-02,7.9883225459e-01,1.6383759131e-01,7.7153526139e-03,2.4022537886e-03,4.9909397444e-03,1.8683933008e+00
1.3300000000e+02,5.7155849274e-03,1.6329926659e-02,7.9844909774e-01,1.6408483806e-01,7.8369402863e-03,2.4048880945e-03,5.1787242305e-03,1.8758179833e+00
1.3350000000e+02,5.6940804124e-03,1.6285880499e-02,7.9671715401e-01,1.6550865658e-01,8.0033367513e-03,2.3967757979e-03,5.3941159471e-03,1.8869334193e+00
1.3400000000e+02,5.7589879779e-03,1.6303859966e-02,7.9557632692e-01,1.6629987339e-01,8.1742863817e-03,2.3570567785e-03,5.5296085828e-03,1.8973634249e+00
1.3450000000e+02,5.8280872648e-03,1.6231528903e-02,7.9331122360e-01,1.6803439914e-01,8.5003195123e-03,2.3669187727e-03,5.7275228079e-03,1.9132672221e+00
1.3500000000e+02,5.9206144061e-03,1.6201071720e-02,7.9160820007e-01,1.6918705435e-01,8.7392411314e-03,2.3620619222e-03,5.9817563974e-03,1.9277125244e+00
1.3550000000e+02,5.9489625622e-03,1.6245273616e-02,7.8922190859e-01,1.7098884720e-01,8.9687503001e-03,2.3657607167e-03,6.2604970062e-03,1.9431211677e+00
1.3600000000e+02,5.9279883599e-03,1.6232236737e-02,7.9115946890e-01,1.6889256314e-01,9.0827733071e-03,2.3240434995e-03,6.3809260522e-03,1.9421229100e+00
1.3650000000e+02,5.9658898385e-03,1.6312599148e-02,7.9005054906e-01,1.6959951056e-01,9.1847526463e-03,2.2936127209e-03,6.5930860259e-03,1.9504448415e+00
1.3700000000e+02,5.9579409259e-03,1.6177982024e-02,7.8947650498e-01,1.6995011563e-01,9.3705717339e-03,2.2819784151e-03,6.7849062908e-03,1.9568201366e+00
1.3750000000e+02,5.9268046567e-03,1.5976961663e-02,7.8864692877e-01,1.7085312186e-01,9.4545697942e-03,2.2689553468e-03,6.8726579134e-03,1.9599667371e+00
1.3800000000e+02,5.9667070076e-03,1.6114564761e-02,7.8688326481e-01,1.7203156319e-01,9.6201557669e-03,2.2658291008e-03,7.1179153610e-03,1.9722288021e+00
1.3850000000e+02,5.8908494680e-03,1.6145223435e-02,7.8499029303e-01,1.7381152949e-01,9.6934557538e-03,2.2438524601e-03,7.2247963590e-03,1.9787469003e+00
1.3900000000e+02,5.8734885324e-03,1.6235762297e-02,7.8598607797e-01,1.7236816381e-01,9.8575912756e-03,2.2441694023e-03,7.4347467063e-03,1.9834688826e+00
1.3950000000e+02,5.9343836660e-03,1.6362744455e-02,7.8406603366e-01,1.7366412964e-01,1.0048514116e-02,2.2455872012e-03,7.6786072634e-03,1.9974892529e+00
1.4000000000e+02,5.9352117517e-03,1.6369209522e-02,7.8336184038e-01,1.7404219136e-01,1.0230240001e-02,2.2292840557e-03,7.8320229336e-03,2.0058438162e+00
1.4050000000e+02,5.9215203460e-03,1.6512438082e-02,7.8100484532e-01,1.7575721007e-01,1.0491077507e-02,2.2306088764e-03,8.0822997999e-03,2.0200471705e+00
1.4100000000e+02,5.9575373878e-03,1.6522710944e-02,7.8034262957e-01,1.7596721093e-01,1.0730686060e-02,2.2255294832e-03,8.2536956244e-03,2.0286186140e+00
1.4150000000e+02,5.9465343731e-03,1.6435344314e-02,7.7916038780e-01,1.7686480069e-01,1.0978022631e-02,2.2059709263e-03,8.4089392722e-03,2.0356428589e+00
1.4200000000e+02,5.9570581495e-03,1.6343056779e-02,7.7810446986e-01,1.7763046311e-01,1.1146383920e-02,2.1748226026e-03,8.6437455752e-03,2.0416794224e+00
1.4250000000e+02,5.9071979162e-03,1.6223480722e-02,7.7742985781e-01,1.7824088103e-01,1.1319168547e-02,2.1372558012e-03,8.7421581737e-03,2.0452138943e+00
1.4300000000e+02,5.9528934557e-03,1.6237350329e-02,7.7456312137e-01,1.8066915573e-01,1.1547569626e-02,2.1074130663e-03,8.9224964212e-03,2.0577091638e+00
1.4350000000e+02,5.9750003773e-03,1.6276795892e-02,7.7234500135e-01,1.8255269558e-01,1.1689420817e-02,2.1098552596e-03,9.0512307239e-03,2.0666390400e+00
1.4400000000e+02,6.0089910096e-03,1.6275107461e-02,7.7159923952e-01,1.8282550808e-01,1.1901363516e-02,2.1141571246e-03,9.2756332878e-03,2.0745129686e+00
1.4450000000e+02,5.9314288095e-03,1.6053171200e-02,7.7086796021e-01,1.8371198018e-01,1.1958483194e-02,2.1024315976e-03,9.3745448092e-03,2.0746577068e+00
1.4500000000e+02,5.9335239293e-03,1.6052984851e-02,7.7005753759e-01,1.8415705981e-01,1.2180993849e-02,2.0691973976e-03,9.5487025740e-03,2.0801608398e+00
1.4550000000e+02,5.8823257026e-03,1.6034062793e-02,7.6876307273e-01,1.8545604986e-01,1.2194619165e-02,2.0349691644e-03,9.6349005910e-03,2.0823954823e+00
1.4600000000e+02,5.8667868762e-03,1.5993148710e-02,7.6792936295e-01,1.8596575284e-01,1.2391005487e-02,2.0189929947e-03,9.8349501405e-03,2.0887473605e+00
1.4650000000e+02,5.8526374608e-03,1.6117333523e-02,7.6804932567e-01,1.8564557855e-01,1.2487373052e-02,1.9725302799e-03,9.8752214570e-03,2.0908214077e+00
1.4700000000e+02,5.8138560031e-03,1.6138168718e-02,7.6738336747e-01,1.8604671790e-01,1.2731477116e-02,1.9649336326e-03,9.9214791628e-03,2.0947103035e+00
1.4750000000e+02,5.8147517955e-03,1.6043147731e-02,7.6695081115e-01,1.8612810254e-01,1.3011479564e-02,1.9601880382e-03,1.0091519183e-02,2.1003660135e+00
1.4800000000e+02,5.7711396094e-03,1.5957078282e-02,7.6758570076e-01,1.8547403454e-01,1.3142605752e-02,1.9352518843e-03,1.0134189174e-02,2.0988331686e+00
1.4850000000e+02,5.7628882749e-03,1.5871266488e-02,7.6605184089e-01,1.8674412710e-01,1.3321223498e-02,1.9014443366e-03,1.0347209409e-02,2.1048963509e+00
1.4900000000e+02,5.7430676976e-03,1.5981310264e-02,7.6597480931e-01,1.8648913886e-01,1.3421404088e-02,1.8765974047e-03,1.0513672372e-02,2.1093711842e+00
1.4950000000e+02,5.6815022325e-03,1.5947626088e-02,7.6475680419e-01,1.8743965720e-01,1.3550456990e-02,1.8739225498e-03,1.0750030751e-02,2.1130666678e+00
1.5000000000e+02,5.6828584666e-03,1.5760968026e-02,7.6438549006e-01,1.8777019842e-01,1.3714533946e-02,1.8548384220e-03,1.0831112659e-02,2.1146562385e+00
1.5050000000e+02,5.7067573989e-03,1.5867726948e-02,7.6238932328e-01,1.8916506821e-01,1.3969273523e-02,1.8518063919e-03,1.1050044252e-02,2.1259641617e+00
1.5100000000e+02,5.6265608641e-03,1.5632516810e-02,7.6362894757e-01,1.8827665250e-01,1.3926144870e-02,1.8180712000e-03,1.1091106184e-02,2.1187665574e+00
1.5150000000e+02,5.5558529122e-03,1.5392379290e-02,7.6315629330e-01,1.8885615818e-01,1.4087588087e-02,1.7817516089e-03,1.1169976617e-02,2.1172006233e+00
1.5200000000e+02,5.6116653395e-03,1.5538368277e-02,7.6246063469e-01,1.8877610011e-01,1.4373709760e-02,1.7841422461e-03,1.1455379579e-02,2.1276757357e+00
1.5250000000e+02,5.6474673922e-03,1.5696301584e-02,7.5949397431e-01,1.9108079521e-01,1.4586873484e-02,1.7815145384e-03,1.1713073483e-02,2.1412214780e+00
1.5300000000e+02,5.6299479662e-03,1.5691806958e-02,7.5672952489e-01,1.9363795729e-01,1.4621124585e-02,1.7617498211e-03,1.1927888491e-02,2.1486559539e+00
1.5350000000e+02,5.6309531445e-03,1.5790912887e-02,7.5548120709e-01,1.9438829730e-01,1.4824174124e-02,1.7676619189e-03,1.2116793532e-02,2.1577174769e+00
1.5400000000e+02,5.6105225496e-03,1.5518110519e-02,7.5652647319e-01,1.9375710997e-01,1.4732138568e-02,1.7377864024e-03,1.2117858807e-02,2.1512295953e+00
1.5450000000e+02,5.6316822624e-03,1.5471773744e-02,7.5266747730e-01,1.9722201937e-01,1.4969594827e-02,1.7511996610e-03,1.2286252832e-02,2.1646034366e+00
1.5500000000e+02,5.6440507285e-03,1.5384778526e-02,7.5384068922e-01,1.9597274246e-01,1.5031958666e-02,1.7211484521e-03,1.2404631948e-02,2.1632622033e+00
1.5550000000e+02,5.6114139425e-03,1.5340112903e-02,7.5317230368e-01,1.9667178653e-01,1.5039486649e-02,1.7026410646e-03,1.2462255229e-02,2.1643450681e+00
1.5600000000e+02,5.6361896838e-03,1.5358991134e-02,7.5264280186e-01,1.9684361064e-01,1.5206323338e-02,1.6738122046e-03,1.2638271140e-02,2.1689108260e+00
1.5650000000e+02,5.6705971043e-03,1.5478878513e-02,7.5117612519e-01,1.9761805662e-01,1.5481876801e-02,1.6736270399e-03,1.2900838731e-02,2.1791200507e+00
1.5700000000e+02,5.6252906814e-03,1.5181982214e-02,7.5183567081e-01,1.9709841966e-01,1.5512214226e-02,1.6383632492e-03,1.3108059164e-02,2.1760773667e+00
1.5750000000e+02,5.5615382375e-03,1.5087762753e-02,7.5290476974e-01,1.9601258394e-01,1.5666940527e-02,1.6160745279e-03,1.3150330282e-02,2.1743129943e+00
1.5800000000e+02,5.5779000215e-03,1.5101674928e-02,7.5106246135e-01,1.9756079243e-01,1.5897666406e-02,1.6061602587e-03,1.3193344608e-02,2.1803560279e+00
1.5850000000e+02,5.6590421123e-03,1.5216285369e-02,7.4891746902e-01,1.9930638937e-01,1.5947929399e-02,1.5968755941e-03,1.3356009136e-02,2.1892242456e+00
1.5900000000e+02,5.6933026775e-03,1.5091884387e-02,7.4823631202e-01,1.9993237356e-01,1.6116721293e-02,1.5780273442e-03,1.3351378715e-02,2.1902207568e+00
1.5950000000e+02,5.7742471068e-03,1.5161604011e-02,7.4681231537e-01,2.0104159243e-01,1.6294774654e-02,1.5585137385e-03,1.3356952695e-02,2.1963571337e+00
1.6000000000e+02,5.8406756953e-03,1.5178076273e-02,7.4394868339e-01,2.0339705875e-01,1.6519127171e-02,1.5582950638e-03,1.3558083661e-02,2.2070839745e+00
1.6050000000e+02,5.8107968988e-03,1.5276184197e-02,7.4288883966e-01,2.0407142606e-01,1.6720051823e-02,1.5599453083e-03,1.3672756059e-02,2.2130321544e+00
1.6100000000e+02,5.7572394841e-03,1.5231628204e-02,7.4240904436e-01,2.0456828413e-01,1.6761302638e-02,1.5290517644e-03,1.3743449423e-02,2.2127551765e+00
1.6150000000e+02,5.7503623909e-03,1.5184985624e-02,7.4212313718e-01,2.0457813015e-01,1.7052203527e-02,1.5060210157e-03,1.3805160113e-02,2.2156262535e+00
1.6200000000e+02,5.7296475784e-03,1.5139688624e-02,7.4282784819e-01,2.0383564096e-01,1.7184062184e-02,1.4787831980e-03,1.3804329259e-02,2.2138361680e+00
1.6250000000e+02,5.7469644187e-03,1.5086081455e-02,7.4213422366e-01,2.0406846763e-01,1.7476495885e-02,1.4846783857e-03,1.4003088562e-02,2.2212860563e+00
1.6300000000e+02,5.7363166172e-03,1.5082916776e-02,7.4075973092e-01,2.0516046194e-01,1.7649894426e-02,1.4805910759e-03,1.4130088245e-02,2.2265857833e+00
1.6350000000e+02,5.7578336911e-03,1.5095719739e-02,7.4007675990e-01,2.0555391466e-01,1.7707156937e-02,1.4689180167e-03,1.4339697061e-02,2.2312868304e+00
1.6400000000e+02,5.8014634987e-03,1.5138550787e-02,7.3765570780e-01,2.0753860481e-01,1.7913950655e-02,1.4711696436e-03,1.4480552807e-02,2.2423700513e+00
1.6450000000e+02,5.7763009943e-03,1.4944226014e-02,7.3764390207e-01,2.0761542395e-01,1.8006958213e-02,1.4476954550e-03,1.4565493308e-02,2.2414810127e+00
1.6500000000e+02,5.7607142763e-03,1.4890382000e-02,7.3677528452e-01,2.0863670089e-01,1.7930589963e-02,1.4074986828e-03,1.4598829667e-02,2.2408127791e+00
1.6550000000e+02,5.6986102389e-03,1.4971801237e-02,7.3638533295e-01,2.0870667974e-01,1.8243004326e-02,1.3956029976e-03,1.4598968504e-02,2.2442479137e+00
1.6600000000e+02,5.6409232512e-03,1.4974539249e-02,7.3638814102e-01,2.0888430733e-01,1.8190848615e-02,1.3790272501e-03,1.4542213282e-02,2.2417702172e+00
1.6650000000e+02,5.6633692349e-03,1.4931570916e-02,7.3407606921e-01,2.1105051930e-01,1.8235105299e-02,1.3791644164e-03,1.4664201624e-02,2.2480566041e+00
1.6700000000e+02,5.6781347401e-03,1.4997762165e-02,7.3481408479e-01,2.1004460933e-01,1.8346239632e-02,1.3668881801e-03,1.4752281166e-02,2.2489867053e+00
1.6750000000e+02,5.7456714026e-03,1.4969580880e-02,7.3356794109e-01,2.1112201659e-01,1.8474446173e-02,1.3467696865e-03,1.4773574181e-02,2.2528926305e+00
1.6800000000e+02,5.7034325135e-03,1.4953616014e-02,7.3410842391e-01,2.1060512278e-01,1.8599792769e-02,1.3457574666e-03,1.4683854540e-02,2.2511309892e+00
1.6850000000e+02,5.6748893202e-03,1.4854155417e-02,7.3370311970e-01,2.1136240801e-01,1.8385108505e-02,1.3369167873e-03,1.4683402266e-02,2.2483163272e+00
1.6900000000e+02,5.7218574489e-03,1.4756708998e-02,7.3302592885e-01,2.1187113019e-01,1.8497025459e-02,1.3401345729e-03,1.4787214483e-02,2.2514656349e+00
1.6950000000e+02,5.7164996541e-03,1.4890316059e-02,7.3152608344e-01,2.1308123582e-01,1.8533929792e-02,1.3256986381e-03,1.4926236601e-02,2.2567629978e+00
1.7000000000e+02,5.6968759997e-03,1.4872592810e-02,7.3063066068e-01,2.1400040688e-01,1.8494789997e-02,1.3108950619e-03,1.4993778568e-02,2.2577477809e+00
1.7050000000e+02,5.6896862124e-03,1.4719670161e-02,7.2959547725e-01,2.1500533346e-01,1.8434546116e-02,1.2997151326e-03,1.5255571673e-02,2.2589905037e+00
1.7100000000e+02,5.6770971170e-03,1.4561860501e-02,7.2951327937e-01,2.1525431218e-01,1.8422417219e-02,1.2814105353e-03,1.5289623074e-02,2.2570959885e+00
1.7150000000e+02,5.6716819947e-03,1.4413573093e-02,7.2996942674e-01,2.1502115571e-01,1.8430823066e-02,1.2632039409e-03,1.5230135455e-02,2.2536892993e+00
1.7200000000e+02,5.6887649244e-03,1.4467414143e-02,7.3037746214e-01,2.1461316696e-01,1.8361698326e-02,1.2725102946e-03,1.5218983215e-02,2.2537083735e+00
1.7250000000e+02,5.6745550373e-03,1.4374252170e-02,7.2903654098e-01,2.1561444338e-01,1.8661392688e-02,1.2726974498e-03,1.5366118299e-02,2.2596568772e+00
1.7300000000e+02,5.6817866046e-03,1.4258721180e-02,7.2825110942e-01,2.1637536541e-01,1.8701347152e-02,1.2644144991e-03,1.5467255735e-02,2.2606527592e+00
1.7350000000e+02,5.6144968622e-03,1.4179688928e-02,7.3004822645e-01,2.1484234902e-01,1.8687214977e-02,1.2482618901e-03,1.5379761874e-02,2.2530266366e+00
1.7400000000e+02,5.6510851459e-03,1.4231352179e-02,7.2650213918e-01,2.1779736034e-01,1.8984792298e-02,1.2380026632e-03,1.5595268193e-02,2.2652087256e+00
1.7450000000e+02,5.6289033007e-03,1.4223885825e-02,7.2604846140e-01,2.1812925398e-01,1.9145385722e-02,1.2238826311e-03,1.5600227148e-02,2.2663622038e+00
1.7500000000e+02,5.6081919654e-03,1.4295342689e-02,7.2685197967e-01,2.1723758725e-01,1.9155456069e-02,1.2017681719e-03,1.5649674185e-02,2.2645053687e+00
1.7550000000e+02,5.6693593822e-03,1.4343950667e-02,7.2397800478e-01,2.1978335723e-01,1.9300827547e-02,1.1911088814e-03,1.5733391514e-02,2.2732465953e+00
1.7600000000e+02,5.6599351389e-03,1.4192076564e-02,7.2309234306e-01,2.2078130656e-01,1.9291495791e-02,1.1808416857e-03,1.5802001199e-02,2.2725383575e+00
1.7650000000e+02,5.6530791412e-03,1.4190225237e-02,7.2105090575e-01,2.2256896758e-01,1.9407583489e-02,1.1711009784e-03,1.5958137826e-02,2.2777593356e+00
1.7700000000e+02,5.6697983898e-03,1.4073490446e-02,7.1948681303e-01,2.2408174706e-01,1.9533955486e-02,1.1672314812e-03,1.5986964107e-02,2.2808271772e+00
1.7750000000e+02,5.6563110167e-03,1.4054709229e-02,7.1574532280e-01,2.2717744762e-01,1.9850214429e-02,1.1616905050e-03,1.6354304401e-02,2.2932666757e+00
1.7800000000e+02,5.6342727366e-03,1.4076600930e-02,7.1615714753e-01,2.2662182355e-01,1.9916776057e-02,1.1491801003e-03,1.6444199099e-02,2.2937714622e+00
1.7850000000e+02,5.6532766393e-03,1.4058449485e-02,7.1619166576e-01,2.2633505642e-01,2.0019827576e-02,1.1445372378e-03,1.6597186883e-02,2.2960889429e+00
1.7900000000e+02,5.6556963253e-03,1.3915360227e-02,7.1344625098e-01,2.2929626115e-01,1.9943088567e-02,1.1358485365e-03,1.6607494214e-02,2.2982377796e+00
1.7950000000e+02,5.5853148252e-03,1.3891252190e-02,7.1361299654e-01,2.2937119593e-01,1.9918496420e-02,1.1260628897e-03,1.6494681197e-02,2.2941510043e+00
1.8000000000e+02,5.5793160239e-03,1.3806029494e-02,7.1210128621e-01,2.3098219503e-01,1.9973047977e-02,1.1221034364e-03,1.6436021826e-02,2.2950481737e+00
1.8050000000e+02,5.5846118723e-03,1.3811017643e-02,7.0917107661e-01,2.3362276196e-01,2.0103343117e-02,1.1090289507e-03,1.6598159848e-02,2.3011467661e+00
1.8100000000e+02,5.5531371333e-03,1.3761488932e-02,7.0763975304e-01,2.3487941852e-01,2.0373533128e-02,1.0982619171e-03,1.6694407329e-02,2.3048949055e+00
1.8150000000e+02,5.4870293694e-03,1.3709903710e-02,7.0827314632e-01,2.3413190430e-01,2.0493757565e-02,1.0853765524e-03,1.6818882181e-02,2.3042542548e+00
1.8200000000e+02,5.4269318882e-03,1.3670015473e-02,7.0609889161e-01,2.3585340269e-01,2.0811973853e-02,1.0891522177e-03,1.7049632275e-02,2.3112419938e+00
1.8250000000e+02,5.3635753830e-03,1.3746230817e-02,7.0808455486e-01,2.3371113749e-01,2.0890249199e-02,1.0750898025e-03,1.7129162448e-02,2.3080782655e+00
1.8300000000e+02,5.3669491044e-03,1.3803698022e-02,7.0660158941e-01,2.3458783839e-01,2.1107658997e-02,1.0873305657e-03,1.7444935505e-02,2.3160274017e+00
1.8350000000e+02,5.3272491299e-03,1.3744443171e-02,7.0537121758e-01,2.3579557916e-01,2.1190555420e-02,1.0943878668e-03,1.7476567679e-02,2.3185021839e+00
1.8400000000e+02,5.2990283653e-03,1.3713019226e-02,7.0510495480e-01,2.3626476469e-01,2.1121808432e-02,1.0797944243e-03,1.7416630065e-02,2.3159407490e+00
1.8450000000e+02,5.2821358166e-03,1.3791896220e-02,7.0130573182e-01,2.3979038997e-01,2.1198649690e-02,1.0700990596e-03,1.7561097425e-02,2.3241882357e+00
1.8500000000e+02,5.2737465679e-03,1.3695038900e-02,7.0200064120e-01,2.3888036584e-01,2.1398792055e-02,1.0610675919e-03,1.7690347848e-02,2.3246012603e+00
1.8550000000e+02,5.2987033375e-03,1.3695274907e-02,7.0226643924e-01,2.3815668355e-01,2.1667717059e-02,1.0595761135e-03,1.7855605798e-02,2.3290700180e+00
1.8600000000e+02,5.2952430115e-03,1.3674961515e-02,7.0256148114e-01,2.3786330640e-01,2.1649159114e-02,1.0702787325e-03,1.7885570091e-02,2.3293368399e+00
1.8650000000e+02,5.3048206133e-03,1.3725157126e-02,7.0052453094e-01,2.3947692389e-01,2.1852384261e-02,1.0774112262e-03,1.8038771944e-02,2.3368759915e+00
1.8700000000e+02,5.3998272286e-03,1.3746867184e-02,6.9911215935e-01,2.4052057902e-01,2.2021164273e-02,1.0900699750e-03,1.8109332962e-02,2.3439492738e+00
1.8750000000e+02,5.4283905802e-03,1.3873379580e-02,6.9888916099e-01,2.4017498036e-01,2.2292611252e-02,1.1037566991e-03,1.8237720539e-02,2.3506711338e+00
1.8800000000e+02,5.4670940252e-03,1.3917138476e-02,6.9635047617e-01,2.4255703556e-01,2.2331639064e-02,1.1152650646e-03,1.8261351645e-02,2.3573838553e+00
1.8850000000e+02,5.4224484420e-03,1.3890382062e-02,6.9769666506e-01,2.4128029804e-01,2.2250863321e-02,1.1167197567e-03,1.8342623319e-02,2.3538377321e+00
1.8900000000e+02,5.3887777717e-03,1.3908263051e-02,6.9702488472e-01,2.4206309281e-01,2.2180776169e-02,1.1224122244e-03,1.8311793256e-02,2.3537172175e+00
1.8950000000e+02,5.3779348179e-03,1.3944415704e-02,6.9660126948e-01,2.4225988318e-01,2.2454026344e-02,1.1334519704e-03,1.8229018509e-02,2.3563359889e+00
1.9000000000e+02,5.3957848555e-03,1.4020843391e-02,6.9319450151e-01,2.4525487120e-01,2.2578332481e-02,1.1368672657e-03,1.8418799297e-02,2.3659681918e+00
1.9050000000e+02,5.3615413922e-03,1.3894293395e-02,6.9344135216e-01,2.4513792365e-01,2.2713529829e-02,1.1386334741e-03,1.8312726092e-02,2.3630875578e+00
1.9100000000e+02,5.3970737329e-03,1.3938522483e-02,6.9299645872e-01,2.4504881585e-01,2.2918781546e-02,1.1388690823e-03,1.8561478586e-02,2.3680683853e+00
1.9150000000e+02,5.3886458460e-03,1.3975551402e-02,6.9084720172e-01,2.4690305760e-01,2.3132207005e-02,1.1385725647e-03,1.8614763860e-02,2.3731680358e+00
1.9200000000e+02,5.4047883665e-03,1.4045540953e-02,6.8945047762e-01,2.4807918923e-01,2.3249672443e-02,1.1541773882e-03,1.8616153999e-02,2.3784447577e+00
1.9250000000e+02,5.3470269854e-03,1.4072698925e-02,6.8809868428e-01,2.4933987208e-01,2.3266823202e-02,1.1548839562e-03,1.8720010575e-02,2.3813701613e+00
1.9300000000e+02,5.3272656927e-03,1.4171811364e-02,6.8751767513e-01,2.4986591406e-01,2.3154130020e-02,1.1516778987e-03,1.8811525833e-02,2.3831277656e+00
1.9350000000e+02,5.3171694242e-03,1.4316300034e-02,6.8704130536e-01,2.5001724101e-01,2.3270652883e-02,1.1566194075e-03,1.8880711880e-02,2.3879030020e+00
1.9400000000e+02,5.2451634483e-03,1.4441259350e-02,6.8764967931e-01,2.4928920267e-01,2.3189495633e-02,1.1558525007e-03,1.9029347087e-02,2.3872722597e+00
1.9450000000e+02,5.1708601862e-03,1.4430071954e-02,6.8810628529e-01,2.4880327794e-01,2.3268086147e-02,1.1430317909e-03,1.9078386700e-02,2.3851338116e+00
1.9500000000e+02,5.1574137644e-03,1.4412330618e-02,6.8511382398e-01,2.5177384494e-01,2.3219660084e-02,1.1480829112e-03,1.9174843703e-02,2.3902095263e+00
1.9550000000e+02,5.1521261450e-03,1.4186572086e-02,6.8467885831e-01,2.5223921150e-01,2.3347682474e-02,1.1564680098e-03,1.9239081472e-02,2.3911192958e+00
1.9600000000e+02,5.1460663683e-03,1.4277575748e-02,6.8696252952e-01,2.4977339159e-01,2.3300195902e-02,1.1594495834e-03,1.9380791292e-02,2.3899433581e+00
1.9650000000e+02,5.1500545090e-03,1.4196457147e-02,6.8589171590e-01,2.5115879240e-01,2.3243675440e-02,1.1475105913e-03,1.9211794009e-02,2.3863761887e+00
1.9700000000e+02,5.1542748552e-03,1.4279982460e-02,6.8460231974e-01,2.5237413956e-01,2.3319158179e-02,1.1426465246e-03,1.9127478678e-02,2.3888560829e+00
1.9750000000e+02,5.1837964317e-03,1.4411539945e-02,6.8391420317e-01,2.5237353944e-01,2.3491059276e-02,1.1470713716e-03,1.9478790363e-02,2.3984069243e+00
1.9800000000e+02,5.1972080973e-03,1.4519819977e-02,6.8444247798e-01,2.5152914553e-01,2.3572097053e-02,1.1526981938e-03,1.9586553173e-02,2.4006921084e+00
1.9850000000e+02,5.1681323067e-03,1.4731940107e-02,6.8169001371e-01,2.5363781691e-01,2.3890831555e-02,1.1633242072e-03,1.9717941199e-02,2.4098854320e+00
1.9900000000e+02,5.2153075386e-03,1.4926603628e-02,6.7932374228e-01,2.5526466613e-01,2.4106568676e-02,1.1659524460e-03,1.9997159295e-02,2.4203634026e+00
1.9950000000e+02,5.2175592586e-03,1.4899874184e-02,6.7641858606e-01,2.5798086388e-01,2.4118178767e-02,1.1669000922e-03,2.0198037765e-02,2.4259144218e+00
2.0000000000e+02,5.2429472776e-03,1.4800553214e-02,6.7646372283e-01,2.5770489372e-01,2.4239667319e-02,1.1824522175e-03,2.0365763424e-02,2.4278742624e+00
2.0050000000e+02,5.1655233204e-03,1.4554350570e-02,6.8038063702e-01,2.5452891676e-01,2.4151269359e-02,1.1747902435e-03,2.0044512723e-02,2.4141314016e+00
2.0100000000e+02,5.1990269462e-03,1.4731329855e-02,6.7925153429e-01,2.5518747136e-01,2.4269262865e-02,1.1917448292e-03,2.0169629858e-02,2.4214741412e+00
2.0150000000e+02,5.1948277843e-03,1.4754078152e-02,6.7519175319e-01,2.5894955142e-01,2.4483320525e-02,1.1935785118e-03,2.0232890415e-02,2.4298937237e+00
2.0200000000e+02,5.1770335466e-03,1.4605187940e-02,6.7411092032e-01,2.6038095094e-01,2.4411904544e-02,1.1867748334e-03,2.0127227880e-02,2.4268434944e+00
2.0250000000e+02,5.1379270939e-03,1.4459562182e-02,6.7354510937e-01,2.6089363168e-01,2.4675156289e-02,1.1858966908e-03,2.0102716696e-02,2.4275253440e+00
2.0300000000e+02,5.1410094854e-03,1.4499857393e-02,6.7294759759e-01,2.6115272297e-01,2.4924735263e-02,1.1929748274e-03,2.0141102477e-02,2.4318635472e+00
2.0350000000e+02,5.1401858280e-03,1.4556549035e-02,6.7289282708e-01,2.6109827139e-01,2.4924993951e-02,1.1871964741e-03,2.0199976236e-02,2.4332039838e+00
2.0400000000e+02,5.0168788477e-03,1.4471663294e-02,6.7475685041e-01,2.5989116042e-01,2.4656640989e-02,1.1755413322e-03,2.0031264714e-02,2.4218777954e+00
2.0450000000e+02,4.9445160539e-03,1.4458021045e-02,6.7497917248e-01,2.5966302197e-01,2.4734286142e-02,1.1725170716e-03,2.0048465241e-02,2.4196811959e+00
2.0500000000e+02,4.9322619046e-03,1.4425819350e-02,6.7339037682e-01,2.6117400288e-01,2.4711220025e-02,1.1658703856e-03,2.0200448640e-02,2.4219441704e+00
2.0550000000e+02,4.9341581986e-03,1.4399331193e-02,6.7527551253e-01,2.5942901883e-01,2.4623073091e-02,1.1614039042e-03,2.0177502252e-02,2.4177314839e+00
2.0600000000e+02,4.9472644213e-03,1.4596410049e-02,6.7251497281e-01,2.6182691400e-01,2.4686996736e-02,1.1660398734e-03,2.0261402107e-02,2.4263046127e+00
2.0650000000e+02,4.8971232434e-03,1.4565630598e-02,6.7263916120e-01,2.6209719787e-01,2.4366502558e-02,1.1573517343e-03,2.0277032800e-02,2.4215422331e+00
2.0700000000e+02,4.9238550398e-03,1.4591354503e-02,6.7161599965e-01,2.6281258495e-01,2.4523045681e-02,1.1536050924e-03,2.0379555086e-02,2.4259366667e+00
2.0750000000e+02,4.9446566707e-03,1.4722042483e-02,6.6850486326e-01,2.6532220466e-01,2.4793461332e-02,1.1700280792e-03,2.0542743518e-02,2.4367477800e+00
2.0800000000e+02,4.9861033786e-03,1.4618796859e-02,6.6559488391e-01,2.6793585546e-01,2.4987869613e-02,1.1791632435e-03,2.0697327534e-02,2.4437879876e+00
2.0850000000e+02,4.9698211305e-03,1.4816284438e-02,6.6457655187e-01,2.6854555829e-01,2.5009897333e-02,1.1705466413e-03,2.0911340299e-02,2.4493188806e+00
2.0900000000e+02,4.9275849592e-03,1.4842476287e-02,6.6327101203e-01,2.6975652594e-01,2.5059000359e-02,1.1696550608e-03,2.0973745360e-02,2.4511566372e+00
2.0950000000e+02,4.9186632825e-03,1.4683820547e-02,6.6406484086e-01,2.6969146353e-01,2.4605749088e-02,1.1681722186e-03,2.0867290480e-02,2.4429412926e+00
2.1000000000e+02,4.9610933999e-03,1.4653641782e-02,6.6281011479e-01,2.7042970534e-01,2.4873826682e-02,1.1728812811e-03,2.1098736723e-02,2.4496109362e+00
2.1050000000e+02,4.9332021443e-03,1.4465380798e-02,6.6357797130e-01,2.7025325104e-01,2.4774378833e-02,1.1592693530e-03,2.0836546526e-02,2.4411695754e+00
2.1100000000e+02,4.9053290802e-03,1.4400939697e-02,6.6450550375e-01,2.6949098056e-01,2.4832898221e-02,1.1577893929e-03,2.0706559298e-02,2.4373263221e+00
2.1150000000e+02,4.9572370826e-03,1.4423502374e-02,6.6034902161e-01,2.7346233730e-01,2.4809279937e-02,1.1635873232e-03,2.0835034374e-02,2.4456947456e+00
2.1200000000e+02,4.9030677738e-03,1.4385120726e-02,6.5943435564e-01,2.7423093104e-01,2.5053078820e-02,1.1688827324e-03,2.0824563269e-02,2.4459478414e+00
2.1250000000e+02,4.8911928659e-03,1.4473628250e-02,6.5783807138e-01,2.7557514125e-01,2.5168876787e-02,1.1603130890e-03,2.0892776370e-02,2.4502336021e+00
2.1300000000e+02,4.8527173441e-03,1.4300221605e-02,6.5648020975e-01,2.7769050751e-01,2.4969421413e-02,1.1528409454e-03,2.0554081436e-02,2.4440461945e+00
2.1350000000e+02,4.8340313686e-03,1.4246239653e-02,6.5718544127e-01,2.7730852067e-01,2.4947757434e-02,1.1420091928e-03,2.0336000412e-02,2.4393093958e+00
2.1400000000e+02,4.7798809462e-03,1.4141729649e-02,6.5698734988e-01,2.7761646891e-01,2.4942315188e-02,1.1263070137e-03,2.0405948414e-02,2.4362176984e+00
2.1450000000e+02,4.7428659202e-03,1.4122333269e-02,6.5551076596e-01,2.7898337111e-01,2.5100374187e-02,1.1259967750e-03,2.0414292779e-02,2.4382792314e+00
2.1500000000e+02,4.7445890171e-03,1.4122872676e-02,6.5516406748e-01,2.7924722444e-01,2.5051603708e-02,1.1162619659e-03,2.0553380715e-02,2.4385194972e+00
2.1550000000e+02,4.7368321625e-03,1.4191468518e-02,6.5517055786e-01,2.7902843667e-01,2.5140109828e-02,1.1187609706e-03,2.0613833995e-02,2.4414976723e+00
2.1600000000e+02,4.7558386836e-03,1.4158479290e-02,6.5401448607e-01,2.8003255454e-01,2.5059961980e-02,1.1053950471e-03,2.0873284381e-02,2.4437426028e+00
2.1650000000e+02,4.7381965185e-03,1.4082624975e-02,6.5406884715e-01,2.8028819306e-01,2.4953299982e-02,1.0834761524e-03,2.0785362169e-02,2.4391477056e+00
2.1700000000e+02,4.7228499938e-03,1.4187259278e-02,6.5597103871e-01,2.7848346345e-01,2.4718415746e-02,1.0659869413e-03,2.0850985880e-02,2.4344897804e+00
2.1750000000e+02,4.7322289694e-03,1.4256348953e-02,6.5537043880e-01,2.7885173973e-01,2.4891232187e-02,1.0586576425e-03,2.0839353725e-02,2.4371744249e+00
2.1800000000e+02,4.7425755261e-03,1.4228153677e-02,6.5627606209e-01,2.7774563977e-01,2.4930350787e-02,1.0524842047e-03,2.1024733939e-02,2.4369216261e+00
2.1850000000e+02,4.7591562049e-03,1.4237277408e-02,6.5541659293e-01,2.7817630628e-01,2.5076392829e-02,1.0474210594e-03,2.1286853287e-02,2.4418688574e+00
2.1900000000e+02,4.7397573069e-03,1.4065514630e-02,6.5488088383e-01,2.7909711189e-01,2.5144376628e-02,1.0338020111e-03,2.1038553697e-02,2.4374425092e+00
2.1950000000e+02,4.7493710216e-03,1.3953349110e-02,6.5272607870e-01,2.8064786596e-01,2.5529313294e-02,1.0286686890e-03,2.1365353221e-02,2.4441276547e+00
2.2000000000e+02,4.7074449923e-03,1.3940898202e-02,6.5142878049e-01,2.8184818999e-01,2.5464548712e-02,1.0291277317e-03,2.1581009877e-02,2.4467885996e+00
2.2050000000e+02,4.6487377114e-03,1.3849140608e-02,6.4913086259e-01,2.8425178628e-01,2.5345821142e-02,1.0117564164e-03,2.1761895246e-02,2.4458086325e+00
2.2100000000e+02,4.6417144591e-03,1.3792354045e-02,6.4959942678e-01,2.8344949860e-01,2.5568289662e-02,9.9686893562e-04,2.1951847519e-02,2.4473139518e+00
2.2150000000e+02,4.6032438792e-03,1.3670669202e-02,6.4924571319e-01,2.8416421018e-01,2.5170491636e-02,9.8383607522e-04,2.2161835832e-02,2.4431104054e+00
2.2200000000e+02,4.6386471718e-03,1.3770342158e-02,6.4870645548e-01,2.8425844289e-01,2.5206449568e-02,9.8215961365e-04,2.2437503119e-02,2.4486382288e+00
2.2250000000e+02,4.6652909189e-03,1.3828342483e-02,6.4724778445e-01,2.8538920037e-01,2.5356653088e-02,9.6783298201e-04,2.2544895709e-02,2.4535718280e+00
2.2300000000e+02,4.6447018841e-03,1.3955352726e-02,6.4632992803e-01,2.8573283211e-01,2.5679991559e-02,9.5217456052e-04,2.2705019134e-02,2.4589559326e+00
2.2350000000e+02,4.6557862549e-03,1.4074465066e-02,6.4176002113e-01,2.8900824445e-01,2.6181122759e-02,9.5383637802e-04,2.3366523957e-02,2.4741232306e+00
2.2400000000e+02,4.7049701006e-03,1.4007877079e-02,6.4023803491e-01,2.9010331791e-01,2.6400952428e-02,9.4192889835e-04,2.3602918678e-02,2.4774342195e+00
2.2450000000e+02,4.7057384510e-03,1.3922685245e-02,6.4014782015e-01,2.9000357656e-01,2.6342590712e-02,9.3347515814e-04,2.3944113723e-02,2.4776266722e+00
2.2500000000e+02,4.7171768322e-03,1.3906495475e-02,6.3993051255e-01,2.8995926278e-01,2.6540015755e-02,9.2755083157e-04,2.4018985781e-02,2.4802850176e+00
2.2550000000e+02,4.7194075447e-03,1.3838069120e-02,6.3806468809e-01,2.9171093687e-01,2.6735936495e-02,9.1921758477e-04,2.4011744290e-02,2.4813086839e+00
2.2600000000e+02,4.7288370185e-03,1.3785103395e-02,6.3555597619e-01,2.9390843576e-01,2.6896660125e-02,9.1722315061e-04,2.4207764365e-02,2.4857899533e+00
2.2650000000e+02,4.7317123458e-03,1.3598707024e-02,6.3377844661e-01,2.9586473048e-01,2.6929505892e-02,9.1579427546e-04,2.4181103366e-02,2.4849323641e+00
2.2700000000e+02,4.6764546250e-03,1.3555765036e-02,6.3439220003e-01,2.9519916871e-01,2.6986810200e-02,9.0940945395e-04,2.4280191953e-02,2.4828614191e+00
2.2750000000e+02,4.6596475455e-03,1.3536861801e-02,6.3585771051e-01,2.9343500607e-01,2.7156016920e-02,9.0234044156e-04,2.4452416709e-02,2.4820264207e+00
2.2800000000e+02,4.6428017221e-03,1.3583497650e-02,6.3485010888e-01,2.9422820110e-01,2.7290676135e-02,8.9666739297e-04,2.4508047115e-02,2.4860485708e+00
2.2850000000e+02,4.6397640118e-03,1.3643920245e-02,6.3204921249e-01,2.9656281109e-01,2.7585837110e-02,8.9947975805e-04,2.4618975294e-02,2.4932376251e+00
2.2900000000e+02,4.5980919024e-03,1.3669518174e-02,6.3063389371e-01,2.9845495074e-01,2.7149381105e-02,8.8893330011e-04,2.4605231074e-02,2.4898031341e+00
2.2950000000e+02,4.5812731144e-03,1.3685136937e-02,6.3318112054e-01,2.9602251965e-01,2.7126970489e-02,8.7364029732e-04,2.4529338979e-02,2.4842282665e+00
2.3000000000e+02,4.5465492274e-03,1.3742690915e-02,6.3119972886e-01,2.9809699905e-01,2.7052608507e-02,8.6909593838e-04,2.4492327503e-02,2.4850188438e+00
2.3050000000e+02,4.5337515501e-03,1.3753946736e-02,6.2973465866e-01,2.9938280064e-01,2.7048118566e-02,8.6352563565e-04,2.4683198212e-02,2.4866240429e+00
2.3100000000e+02,4.5054955835e-03,1.3750447014e-02,6.3012328918e-01,2.9886414613e-01,2.7093927550e-02,8.5588045700e-04,2.4806814079e-02,2.4855118710e+00
2.3150000000e+02,4.5146767962e-03,1.3898456643e-02,6.2866236730e-01,2.9965988407e-01,2.7468062613e-02,8.5436797568e-04,2.4942184602e-02,2.4917504709e+00
2.3200000000e+02,4.5087063946e-03,1.3719175630e-02,6.2894438543e-01,2.9957660144e-01,2.7447133260e-02,8.5090140325e-04,2.4953096437e-02,2.4877236210e+00
2.3250000000e+02,4.4808823305e-03,1.3774054447e-02,6.2955897814e-01,2.9882018101e-01,2.7606690208e-02,8.4698559680e-04,2.4912228263e-02,2.4882406261e+00
2.3300000000e+02,4.4771908309e-03,1.3746830705e-02,6.2682926690e-01,3.0124826025e-01,2.7846310928e-02,8.4576951513e-04,2.5006370870e-02,2.4938004857e+00
2.3350000000e+02,4.4423152152e-03,1.3652405244e-02,6.2199511405e-01,3.0612453260e-01,2.7951006586e-02,8.3717579294e-04,2.4997450514e-02,2.4955039575e+00
2.3400000000e+02,4.4505271476e-03,1.3471835745e-02,6.1951296133e-01,3.0829993712e-01,2.8222111797e-02,8.3343075198e-04,2.5209196106e-02,2.5004288924e+00
2.3450000000e+02,4.4512678483e-03,1.3248050021e-02,6.1632489618e-01,3.1165469644e-01,2.8398757621e-02,8.2245416653e-04,2.5099877722e-02,2.4998646466e+00
2.3500000000e+02,4.4991967883e-03,1.3180011113e-02,6.1787960377e-01,3.1020636248e-01,2.8290797467e-02,8.1311289312e-04,2.5130915493e-02,2.4969481726e+00
2.3550000000e+02,4.5110615911e-03,1.3172536792e-02,6.2059193039e-01,3.0732109990e-01,2.8411814223e-02,8.1154334586e-04,2.5180013758e-02,2.4964594011e+00
2.3600000000e+02,4.5246692944e-03,1.3153575748e-02,6.1751076097e-01,3.1027517455e-01,2.8490662784e-02,8.0259368910e-04,2.5242562964e-02,2.4992856696e+00
2.3650000000e+02,4.5520650985e-03,1.3078360921e-02,6.1544958556e-01,3.1158795956e-01,2.8728335357e-02,8.0425198159e-04,2.5799441521e-02,2.5069137805e+00
2.3700000000e+02,4.5574795521e-03,1.3037014073e-02,6.1675070002e-01,3.0945265833e-01,2.9287887099e-02,8.1050167512e-04,2.6103759246e-02,2.5117509161e+00
2.3750000000e+02,4.5384895514e-03,1.2959053466e-02,6.1457561332e-01,3.1104212381e-01,2.9659207210e-02,8.0943685628e-04,2.6416075789e-02,2.5181199850e+00
2.3800000000e+02,4.5128820132e-03,1.2890293714e-02,6.1555986007e-01,3.0976826573e-01,2.9983470033e-02,8.1754219319e-04,2.6467686252e-02,2.5183452778e+00
2.3850000000e+02,4.5049832268e-03,1.2819253497e-02,6.1515400990e-01,3.0978285957e-01,3.0084049196e-02,8.1800984597e-04,2.6836834765e-02,2.5194027331e+00
2.3900000000e+02,4.5086657877e-03,1.2722848877e-02,6.1555253629e-01,3.0939222710e-01,3.0140984134e-02,8.1424259992e-04,2.6868495213e-02,2.5181500768e+00
2.3950000000e+02,4.4981554678e-03,1.2637768566e-02,6.1348495621e-01,3.1143779699e-01,3.0262524739e-02,8.0721848852e-04,2.6871579547e-02,2.5200708681e+00
2.4000000000e+02,4.4676094040e-03,1.2497978790e-02,6.1129438158e-01,3.1368642825e-01,3.0172943297e-02,8.1069316527e-04,2.7069965519e-02,2.5187913617e+00
2.4050000000e+02,4.5011982024e-03,1.2407195205e-02,6.1189758918e-01,3.1305777406e-01,2.9970068559e-02,8.1062631805e-04,2.7355548476e-02,2.5193698267e+00
2.4100000000e+02,4.5220697866e-03,1.2402019328e-02,6.1276327839e-01,3.1172774278e-01,3.0245681007e-02,8.1058524097e-04,2.7528623463e-02,2.5238874657e+00
2.4150000000e+02,4.5168735700e-03,1.2320118093e-02,6.1062708202e-01,3.1328950153e-01,3.0510069685e-02,8.0886504755e-04,2.7927490052e-02,2.5312277926e+00
2.4200000000e+02,4.5464142076e-03,1.2166504957e-02,6.0907810656e-01,3.1487587809e-01,3.0450957342e-02,8.1143352768e-04,2.8070705313e-02,2.5310274770e+00
2.4250000000e+02,4.5290759347e-03,1.2167431779e-02,6.0626393191e-01,3.1713910441e-01,3.0748135479e-02,8.1849326185e-04,2.8333827225e-02,2.5352673863e+00
2.4300000000e+02,4.5203196943e-03,1.2047466266e-02,6.0760309350e-01,3.1585089186e-01,3.0803403811e-02,8.1074405921e-04,2.8364080800e-02,2.5323669056e+00
2.4350000000e+02,4.5071039303e-03,1.1926471382e-02,6.0825327840e-01,3.1499609995e-01,3.0920224006e-02,8.1763162277e-04,2.8579190711e-02,2.5319799602e+00
2.4400000000e+02,4.4646907507e-03,1.1853365827e-02,6.0782851789e-01,3.1501116363e-01,3.1195515262e-02,8.2730446945e-04,2.8819442171e-02,2.5351173184e+00
2.4450000000e+02,4.4423453499e-03,1.1672564797e-02,6.0950779584e-01,3.1361441405e-01,3.1079308897e-02,8.2583797457e-04,2.8857733096e-02,2.5284050074e+00
2.4500000000e+02,4.3751541626e-03,1.1527891167e-02,6.1241556393e-01,3.1100373725e-01,3.1402508017e-02,8.2711473506e-04,2.8448030741e-02,2.5211092447e+00
2.4550000000e+02,4.3387651672e-03,1.1518134142e-02,6.1204660720e-01,3.1114062723e-01,3.1486724525e-02,8.3517467501e-04,2.8633967069e-02,2.5220482814e+00
2.4600000000e+02,4.3651080607e-03,1.1506670261e-02,6.1223290933e-01,3.1039118423e-01,3.1633063020e-02,8.4661025823e-04,2.9024454846e-02,2.5258626396e+00
2.4650000000e+02,4.3989829728e-03,1.1626888040e-02,6.1108829048e-01,3.1047488394e-01,3.1897025639e-02,8.6027112979e-04,2.9653657797e-02,2.5342776572e+00
2.4700000000e+02,4.4075017134e-03,1.1542673092e-02,6.1655152783e-01,3.0507547940e-01,3.1815253014e-02,8.6046111478e-04,2.9747103833e-02,2.5274852987e+00
2.4750000000e+02,4.4390329440e-03,1.1430920464e-02,6.1823338157e-01,3.0345305929e-01,3.1757990313e-02,8.7240626648e-04,2.9813209154e-02,2.5249536577e+00
2.4800000000e+02,4.4536137189e-03,1.1434769471e-02,6.1765980804e-01,3.0374110591e-01,3.1994086296e-02,8.7402405860e-04,2.9842592507e-02,2.5280493385e+00
2.4850000000e+02,4.4507192715e-03,1.1326679278e-02,6.1748706612e-01,3.0363718080e-01,3.2188047594e-02,8.8689970601e-04,3.0023407234e-02,2.5293290061e+00
2.4900000000e+02,4.4587433707e-03,1.1369758614e-02,6.1548855165e-01,3.0545844044e-01,3.2335617014e-02,8.8984451938e-04,2.9999044395e-02,2.5337100956e+00
2.4950000000e+02,4.4360222396e-03,1.1387326126e-02,6.1517794943e-01,3.0569625944e-01,3.2423916312e-02,8.8634588904e-04,2.9992180561e-02,2.5336983717e+00
2.5000000000e+02,4.4210407801e-03,1.1332287352e-02,6.1569468801e-01,3.0487611136e-01,3.2752638440e-02,8.9192465270e-04,3.0031309403e-02,2.5347805823e+00
2.5050000000e+02,4.4096018869e-03,1.1201557587e-02,6.1584619508e-01,3.0516401397e-01,3.2540001654e-02,9.0279877502e-04,2.9935831047e-02,2.5305636806e+00
2.5100000000e+02,4.3614598373e-03,1.1044212083e-02,6.1479424101e-01,3.0680591080e-01,3.2282156031e-02,9.0461494111e-04,2.9807405298e-02,2.5263694533e+00
2.5150000000e+02,4.3020439398e-03,1.1044695880e-02,6.1346212557e-01,3.0787984458e-01,3.2549532533e-02,9.1680027366e-04,2.9844957232e-02,2.5294148083e+00
2.5200000000e+02,4.2798427329e-03,1.0996195999e-02,6.1117937557e-01,3.1012679722e-01,3.2479932013e-02,9.3111446662e-04,3.0006741998e-02,2.5315942305e+00
2.5250000000e+02,4.2568371641e-03,1.0988962618e-02,6.1133355500e-01,3.1014136378e-01,3.2368607947e-02,9.3675151391e-04,2.9973921983e-02,2.5300867259e+00
2.5300000000e+02,4.2484452107e-03,1.0960651271e-02,6.1119992042e-01,3.0989706493e-01,3.2561727456e-02,9.5277463598e-04,3.0179416071e-02,2.5311141654e+00
2.5350000000e+02,4.2370911448e-03,1.1011133978e-02,6.1192062795e-01,3.0908492736e-01,3.2724474201e-02,9.6341695305e-04,3.0058328413e-02,2.5297621439e+00
2.5400000000e+02,4.2634235601e-03,1.1086848584e-02,6.1025809624e-01,3.1034843089e-01,3.2851380922e-02,9.7580461405e-04,3.0216015187e-02,2.5353145916e+00
2.5450000000e+02,4.2910738589e-03,1.1171534623e-02,6.0950749579e-01,3.1047041743e-01,3.3294375053e-02,9.7465066257e-04,3.0290452583e-02,2.5404172460e+00
2.5500000000e+02,4.2688946775e-03,1.1107419184e-02,6.1241941493e-01,3.0762658320e-01,3.3155205784e-02,9.8142499864e-04,3.0441057225e-02,2.5375382580e+00
2.5550000000e+02,4.2579389204e-03,1.1096474609e-02,6.1188662453e-01,3.0803862423e-01,3.3050226902e-02,1.0079161835e-03,3.0662194621e-02,2.5393911796e+00
2.5600000000e+02,4.2165956830e-03,1.1056172283e-02,6.1291365537e-01,3.0660362329e-01,3.3160195341e-02,1.0246522441e-03,3.1025105787e-02,2.5397477325e+00
2.5650000000e+02,4.1791858887e-03,1.1087178813e-02,6.1365109554e-01,3.0595081898e-01,3.3079887571e-02,1.0222934866e-03,3.1029539726e-02,2.5353155588e+00
2.5700000000e+02,4.1511382005e-03,1.0974972634e-02,6.1219282675e-01,3.0798415340e-01,3.2782747590e-02,1.0264084549e-03,3.0887752964e-02,2.5330521611e+00
2.5750000000e+02,4.1835177186e-03,1.0983963453e-02,6.1143156858e-01,3.0828093702e-01,3.3231838047e-02,1.0522407149e-03,3.0835934461e-02,2.5375235911e+00
2.5800000000e+02,4.2293114077e-03,1.0982318213e-02,6.1152562117e-01,3.0751131793e-01,3.3560091803e-02,1.0626207747e-03,3.1128718696e-02,2.5426781896e+00
2.5850000000e+02,4.1829245696e-03,1.1041047074e-02,6.0872299382e-01,3.0998282538e-01,3.3894489864e-02,1.0826529938e-03,3.1093066296e-02,2.5493566513e+00
2.5900000000e+02,4.1463934044e-03,1.1032069028e-02,6.0656569210e-01,3.1181632213e-01,3.4197010558e-02,1.0865101857e-03,3.1156002597e-02,2.5527720232e+00
2.5950000000e+02,4.0987697144e-03,1.1037555892e-02,6.0538148200e-01,3.1328949144e-01,3.3991907232e-02,1.0914126532e-03,3.1109381065e-02,2.5499928476e+00
2.6000000000e+02,4.0774207809e-03,1.1156931840e-02,6.0330540090e-01,3.1551621722e-01,3.4041509964e-02,1.1076212767e-03,3.0794898014e-02,2.5503263166e+00
2.6050000000e+02,4.0864312437e-03,1.1281177915e-02,6.0137788260e-01,3.1665073618e-01,3.4151221750e-02,1.1115126957e-03,3.1341037617e-02,2.5579819681e+00
2.6100000000e+02,4.0789216349e-03,1.1242989328e-02,6.0280972307e-01,3.1524144117e-01,3.3872873614e-02,1.1185260081e-03,3.1635525169e-02,2.5567400505e+00
2.6150000000e+02,4.0548909789e-03,1.1251427541e-02,6.0293114795e-01,3.1478991385e-01,3.3960207400e-02,1.1305144671e-03,3.1881897814e-02,2.5580476087e+00
2.6200000000e+02,4.0567132890e-03,1.1189120778e-02,6.0267154731e-01,3.1412815697e-01,3.4357577623e-02,1.1475930901e-03,3.2449290937e-02,2.5640701048e+00
2.6250000000e+02,4.0005239871e-03,1.1028943561e-02,6.0375167239e-01,3.1338598973e-01,3.4282242586e-02,1.1379169630e-03,3.2412710781e-02,2.5572563971e+00
2.6300000000e+02,3.9859693902e-03,1.1004553005e-02,6.0277540962e-01,3.1432504409e-01,3.4297221549e-02,1.1353893160e-03,3.2476413024e-02,2.5586484958e+00
2.6350000000e+02,4.0032838547e-03,1.1027363190e-02,6.0122117541e-01,3.1543960142e-01,3.4396575711e-02,1.1437570444e-03,3.2768243376e-02,2.5621139534e+00
2.6400000000e+02,3.9653466596e-03,1.1043901199e-02,5.9965502928e-01,3.1693067524e-01,3.4337178089e-02,1.1399275557e-03,3.2927941969e-02,2.5635037259e+00
2.6450000000e+02,3.9582063850e-03,1.1012080600e-02,5.9909769630e-01,3.1693065366e-01,3.4799493688e-02,1.1576621873e-03,3.3044207182e-02,2.5685668727e+00
2.6500000000e+02,3.9334421588e-03,1.1011810983e-02,5.9750744923e-01,3.1843488967e-01,3.4988586463e-02,1.1635521897e-03,3.2960269310e-02,2.5697371702e+00
2.6550000000e+02,3.9692574252e-03,1.0981503413e-02,5.9776687784e-01,3.1775024883e-01,3.5377640737e-02,1.1825375496e-03,3.2971934204e-02,2.5731090600e+00
2.6600000000e+02,3.9361745689e-03,1.1116462549e-02,5.9989560373e-01,3.1559552035e-01,3.5564816021e-02,1.1900236463e-03,3.2701399135e-02,2.5723565746e+00
2.6650000000e+02,3.8726783509e-03,1.0953326649e-02,6.0139537223e-01,3.1458333216e-01,3.5382033076e-02,1.1904745382e-03,3.2622782990e-02,2.5650622840e+00
2.6700000000e+02,3.8491068264e-03,1.0894875767e-02,6.0041597391e-01,3.1569556074e-01,3.5355329874e-02,1.1947753884e-03,3.2594377491e-02,2.5649681059e+00
2.6750000000e+02,3.8190923050e-03,1.0778887359e-02,6.0129052960e-01,3.1487657913e-01,3.5556550720e-02,1.2071162608e-03,3.2471244623e-02,2.5600747041e+00
2.6800000000e+02,3.7786961810e-03,1.0760400386e-02,5.9974542011e-01,3.1598730885e-01,3.6071838894e-02,1.2024454572e-03,3.2453890123e-02,2.5612809594e+00
2.6850000000e+02,3.7318114117e-03,1.0779200459e-02,6.0343150440e-01,3.1235802866e-01,3.6052433461e-02,1.2188250621e-03,3.2428196550e-02,2.5582747163e+00
2.6900000000e+02,3.7118979913e-03,1.0789013832e-02,6.0188914074e-01,3.1436048648e-01,3.5590435161e-02,1.2232663767e-03,3.2435759422e-02,2.5547729647e+00
2.6950000000e+02,3.6881752300e-03,1.0754365268e-02,6.0053153193e-01,3.1559160343e-01,3.5635021407e-02,1.2210415184e-03,3.2578261214e-02,2.5538543283e+00
2.7000000000e+02,3.6463266476e-03,1.0731966027e-02,6.0094998860e-01,3.1501196382e-01,3.5536422627e-02,1.2334587753e-03,3.2889873501e-02,2.5530951971e+00
2.7050000000e+02,3.6058645554e-03,1.0710737031e-02,6.0230786628e-01,3.1365931761e-01,3.5597204568e-02,1.2303382531e-03,3.2888671704e-02,2.5496853686e+00
2.7100000000e+02,3.5628519358e-03,1.0716429988e-02,6.0110015487e-01,3.1469467981e-01,3.5698193673e-02,1.2428114053e-03,3.2984878315e-02,2.5503804228e+00
2.7150000000e+02,3.5521001468e-03,1.0716970145e-02,6.0141272179e-01,3.1432624567e-01,3.5967170417e-02,1.2530691592e-03,3.2771722673e-02,2.5492713389e+00
2.7200000000e+02,3.5123341190e-03,1.0663184406e-02,6.0211749064e-01,3.1401374827e-01,3.6069594271e-02,1.2568547787e-03,3.2366793511e-02,2.5456989159e+00
2.7250000000e+02,3.4536835825e-03,1.0636647593e-02,6.0243096046e-01,3.1425059674e-01,3.6021638133e-02,1.2412889528e-03,3.1965184534e-02,2.5405336648e+00
2.7300000000e+02,3.4625975706e-03,1.0671306943e-02,6.0483114165e-01,3.1152553302e-01,3.6063880182e-02,1.2444117970e-03,3.2201128836e-02,2.5422112955e+00
2.7350000000e+02,3.4309478379e-03,1.0621017675e-02,6.0842478533e-01,3.0818372724e-01,3.5954023052e-02,1.2536691313e-03,3.2131829742e-02,2.5354490928e+00
2.7400000000e+02,3.4046978767e-03,1.0697807876e-02,6.0605632650e-01,3.0986816825e-01,3.6149428434e-02,1.2584748518e-03,3.2565096217e-02,2.5427749355e+00
2.7450000000e+02,3.3763855372e-03,1.0690158815e-02,6.0518822035e-01,3.1107222147e-01,3.5767736110e-02,1.2605628661e-03,3.2644714847e-02,2.5384967717e+00
2.7500000000e+02,3.3521374565e-03,1.0737904867e-02,6.0494629064e-01,3.1133800377e-01,3.5670506619e-02,1.2505021217e-03,3.2704654519e-02,2.5394683678e+00
2.7550000000e+02,3.3296538508e-03,1.0735626586e-02,6.0599721133e-01,3.1045808471e-01,3.5579155254e-02,1.2590805646e-03,3.2641187706e-02,2.5365018475e+00
2.7600000000e+02,3.2955321048e-03,1.0814331307e-02,6.0585973772e-01,3.1038624867e-01,3.5651511073e-02,1.2756425662e-03,3.2716996558e-02,2.5352944869e+00
2.7650000000e+02,3.2738908139e-03,1.0919656082e-02,6.0603161331e-01,3.1024820290e-01,3.5671293503e-02,1.2614701227e-03,3.2593873270e-02,2.5339091650e+00
2.7700000000e+02,3.2267492862e-03,1.0807777640e-02,6.0578949594e-01,3.1108131006e-01,3.5465516166e-02,1.2602982894e-03,3.2368852612e-02,2.5285717287e+00
2.7750000000e+02,3.2297076796e-03,1.0801021140e-02,6.0462183382e-01,3.1188293260e-01,3.5592118700e-02,1.2659427608e-03,3.2606443306e-02,2.5322755589e+00
2.7800000000e+02,3.1859334163e-03,1.0742775677e-02,6.0656580405e-01,3.1044036295e-01,3.5283234268e-02,1.2652487240e-03,3.2516640909e-02,2.5255678376e+00
2.7850000000e+02,3.1375506689e-03,1.0745241243e-02,6.1031584640e-01,3.0682696549e-01,3.5032684988e-02,1.2482537538e-03,3.2693457456e-02,2.5170419684e+00
2.7900000000e+02,3.1015977034e-03,1.0766960250e-02,6.1346838926e-01,3.0328536435e-01,3.5093627979e-02,1.2507823329e-03,3.3033278125e-02,2.5144891906e+00
2.7950000000e+02,3.1040153264e-03,1.0822594970e-02,6.1285074004e-01,3.0358945406e-01,3.5473813573e-02,1.2595870110e-03,3.2899795021e-02,2.5175082232e+00
2.8000000000e+02,3.0772216056e-03,1.0761259255e-02,6.1279022704e-01,3.0441858667e-01,3.5191708113e-02,1.2542405665e-03,3.2506756752e-02,2.5117755914e+00
2.8050000000e+02,3.0449732195e-03,1.0755657786e-02,6.1384506270e-01,3.0356475524e-01,3.5110561308e-02,1.2450508116e-03,3.2433938935e-02,2.5080881730e+00
2.8100000000e+02,3.0183154538e-03,1.0724219761e-02,6.1469876740e-01,3.0318698609e-01,3.4940764841e-02,1.2139161577e-03,3.2217030295e-02,2.5019009163e+00
2.8150000000e+02,3.0109079279e-03,1.0549249826e-02,6.1786525849e-01,3.0121107291e-01,3.4482447033e-02,1.2036925872e-03,3.1677371225e-02,2.4898635547e+00
2.8200000000e+02,2.9722657448e-03,1.0481396989e-02,6.1752629853e-01,3.0177754931e-01,3.4401733817e-02,1.1911602936e-03,3.1649595314e-02,2.4858620270e+00
2.8250000000e+02,2.9348590800e-03,1.0416901388e-02,6.2068904826e-01,2.9923061607e-01,3.4369557368e-02,1.1897053585e-03,3.1169312478e-02,2.4737061353e+00
2.8300000000e+02,2.9247546519e-03,1.0364324206e-02,6.2253847734e-01,2.9746423587e-01,3.4201136173e-02,1.1919711216e-03,3.1315100636e-02,2.4701767473e+00
2.8350000000e+02,2.8763154551e-03,1.0310566115e-02,6.2040552669e-01,3.0003764130e-01,3.4251172088e-02,1.1835494972e-03,3.0935228853e-02,2.4673360937e+00
2.8400000000e+02,2.8533930024e-03,1.0242116775e-02,6.2258626956e-01,2.9814759977e-01,3.4222763870e-02,1.1740649446e-03,3.0773792083e-02,2.4613360975e+00
2.8450000000e+02,2.8298024011e-03,1.0199827092e-02,6.2324494928e-01,2.9747373818e-01,3.4402289540e-02,1.1854014217e-03,3.0663992086e-02,2.4610887166e+00
2.8500000000e+02,2.8377161379e-03,1.0249003484e-02,6.2451953430e-01,2.9590717138e-01,3.4429410926e-02,1.1921866861e-03,3.0864977093e-02,2.4616911169e+00
2.8550000000e+02,2.8230926080e-03,1.0249632353e-02,6.2369979236e-01,2.9668614331e-01,3.4526120626e-02,1.1776711804e-03,3.0837547564e-02,2.4612345217e+00
2.8600000000e+02,2.7970686386e-03,1.0116948357e-02,6.2664338272e-01,2.9456607792e-01,3.4380683415e-02,1.1584711411e-03,3.0337367815e-02,2.4498549126e+00
2.8650000000e+02,2.8019315427e-03,1.0024590089e-02,6.3103263023e-01,2.9020764467e-01,3.4489236911e-02,1.1472727705e-03,3.0296693787e-02,2.4435160603e+00
2.8700000000e+02,2.8126295838e-03,1.0043081146e-02,6.3138295801e-01,2.8951853869e-01,3.4923241844e-02,1.1444373258e-03,3.0175113399e-02,2.4454119502e+00
2.8750000000e+02,2.7651677312e-03,1.0034944933e-02,6.3267669240e-01,2.8806790327e-01,3.5287228422e-02,1.1295504203e-03,3.0038512827e-02,2.4421631888e+00
2.8800000000e+02,2.7685351822e-03,1.0104168213e-02,6.3410766042e-01,2.8672656687e-01,3.5191406035e-02,1.1090366023e-03,2.9992626682e-02,2.4395724166e+00
2.8850000000e+02,2.7876912496e-03,1.0136705247e-02,6.3512693762e-01,2.8579396016e-01,3.5153816622e-02,1.0983104400e-03,2.9902578661e-02,2.4374551822e+00
2.8900000000e+02,2.8037063795e-03,1.0162314490e-02,6.3607797099e-01,2.8457201821e-01,3.5248853305e-02,1.0831721144e-03,3.0051964509e-02,2.4394783681e+00
2.8950000000e+02,2.8008513948e-03,1.0210755266e-02,6.3638321805e-01,2.8451691948e-01,3.4960289138e-02,1.0755560530e-03,3.0052410614e-02,2.4375146757e+00
2.9000000000e+02,2.7942989332e-03,1.0249982639e-02,6.3613798673e-01,2.8417707943e-01,3.5219681773e-02,1.0773498473e-03,3.0343620649e-02,2.4425976319e+00
2.9050000000e+02,2.7825689097e-03,1.0257311463e-02,6.3902847001e-01,2.8198614797e-01,3.5012427238e-02,1.0548686603e-03,2.9878205749e-02,2.4326888144e+00
2.9100000000e+02,2.7615636695e-03,1.0184470647e-02,6.4078399481e-01,2.8081756540e-01,3.4718802591e-02,1.0360516459e-03,2.9697551234e-02,2.4253630030e+00
2.9150000000e+02,2.7638432070e-03,1.0166610179e-02,6.4124487239e-01,2.8096428656e-01,3.4507548341e-02,1.0323125971e-03,2.9320526721e-02,2.4199891093e+00
2.9200000000e+02,2.7542118897e-03,1.0022849423e-02,6.4200161242e-01,2.8074233325e-01,3.4561798338e-02,1.0290287246e-03,2.8888165949e-02,2.4146581799e+00
2.9250000000e+02,2.7581764755e-03,1.0033692633e-02,6.4068274218e-01,2.8166748883e-01,3.4913067759e-02,1.0164616361e-03,2.8928370492e-02,2.4176349070e+00
2.9300000000e+02,2.7309374436e-03,1.0057051795e-02,6.4039065468e-01,2.8189840159e-01,3.5023189499e-02,1.0059064436e-03,2.8893858555e-02,2.4180715016e+00
2.9350000000e+02,2.7094586260e-03,1.0059876766e-02,6.4148298574e-01,2.8095964568e-01,3.5062459408e-02,9.9729317318e-04,2.8728280605e-02,2.4152243390e+00
2.9400000000e+02,2.6703772926e-03,1.0115568972e-02,6.4067229527e-01,2.8225476774e-01,3.4947628469e-02,9.9669723600e-04,2.8342665018e-02,2.4120160726e+00
2.9450000000e+02,2.6272854919e-03,1.0072479030e-02,6.4332457026e-01,2.8035038102e-01,3.4604645483e-02,9.8588528847e-04,2.8034753430e-02,2.4016558139e+00
2.9500000000e+02,2.5976089460e-03,1.0027815671e-02,6.4649265156e-01,2.7752458407e-01,3.4524613455e-02,9.7108626092e-04,2.7861640038e-02,2.3940076667e+00
2.9550000000e+02,2.5557409812e-03,9.8752446894e-03,6.5090298290e-01,2.7361449414e-01,3.4490543435e-02,9.4716603346e-04,2.7613827819e-02,2.3810923629e+00
2.9600000000e+02,2.5542217863e-03,9.8236932541e-03,6.5290890468e-01,2.7235250481e-01,3.4287225694e-02,9.2524622171e-04,2.7148203557e-02,2.3719178832e+00
2.9650000000e+02,2.5519495630e-03,9.7335465509e-03,6.5562843873e-01,2.6979933478e-01,3.4185035872e-02,9.1424135594e-04,2.7187453154e-02,2.3667775530e+00
2.9700000000e+02,2.5465561783e-03,9.7154695383e-03,6.5772141590e-01,2.6782656977e-01,3.4492278391e-02,9.0703254333e-04,2.6790677684e-02,2.3610675034e+00
2.9750000000e+02,2.5384215206e-03,9.7799722798e-03,6.5719348193e-01,2.6818295506e-01,3.4773460622e-02,9.0557265977e-04,2.6626135934e-02,2.3624496729e+00
2.9800000000e+02,2.5334810574e-03,9.8203117682e-03,6.5861627096e-01,2.6684495953e-01,3.4639171627e-02,9.0085745669e-04,2.6644947605e-02,2.3572227210e+00
2.9850000000e+02,2.4929922603e-03,9.7628962289e-03,6.6197486447e-01,2.6480075711e-01,3.4324682604e-02,8.7610689185e-04,2.5767700434e-02,2.3384020665e+00
2.9900000000e+02,2.4990665701e-03,9.7149505928e-03,6.6490207968e-01,2.6253346152e-01,3.3925449302e-02,8.4966884989e-04,2.5575323489e-02,2.3296651411e+00
2.9950000000e+02,2.4682864948e-03,9.6859633809e-03,6.6668093168e-01,2.6178103801e-01,3.3164181026e-02,8.3462808357e-04,2.5384971324e-02,2.3198984040e+00
3.0000000000e+02,2.4420082263e-03,9.6302264539e-03,6.6884051307e-01,2.6006941024e-01,3.3227372246e-02,8.2487753491e-04,2.4965592237e-02,2.3109538467e+00
3.0050000000e+02,2.4564142671e-03,9.7502035606e-03,6.6785904762e-01,2.6101341893e-01,3.3190264371e-02,8.1956975674e-04,2.4911081495e-02,2.3117710740e+00
3.0100000000e+02,2.4648736591e-03,9.7863756778e-03,6.6927690323e-01,2.5962584275e-01,3.3261344114e-02,8.0638872393e-04,2.4778271845e-02,2.3078674702e+00
3.0150000000e+02,2.4631601007e-03,9.8160697038e-03,6.7035977900e-01,2.5912875823e-01,3.2879977964e-02,7.9364923352e-04,2.4558605767e-02,2.3013387250e+00
3.0200000000e+02,2.4467077700e-03,9.7762996823e-03,6.7106980985e-01,2.5894558291e-01,3.2516315464e-02,7.8557029591e-04,2.4459714028e-02,2.2944547324e+00
3.0250000000e+02,2.4296496149e-03,9.6659558561e-03,6.7227291859e-01,2.5860249567e-01,3.2094540548e-02,7.6391784507e-04,2.4170521884e-02,2.2848608244e+00
3.0300000000e+02,2.4530897220e-03,9.7523391756e-03,6.7334994788e-01,2.5776253261e-01,3.1925774197e-02,7.5050700600e-04,2.4005809406e-02,2.2814018115e+00
3.0350000000e+02,2.4451973056e-03,9.8027343562e-03,6.7616848432e-01,2.5503516241e-01,3.1887444293e-02,7.4340191012e-04,2.3917575408e-02,2.2757579209e+00
3.0400000000e+02,2.4271568070e-03,9.7804163845e-03,6.8028054393e-01,2.5205814462e-01,3.1347744181e-02,7.2095494616e-04,2.3385039132e-02,2.2613387592e+00
3.0450000000e+02,2.4037797256e-03,9.6911555150e-03,6.8036738054e-01,2.5226530114e-01,3.1406628291e-02,7.0744826661e-04,2.3158306518e-02,2.2577397221e+00
3.0500000000e+02,2.3860675389e-03,9.8037437019e-03,6.7948404829e-01,2.5356095731e-01,3.1064588034e-02,6.9236712595e-04,2.3008228000e-02,2.2547888847e+00
3.0550000000e+02,2.3595595459e-03,9.7156608251e-03,6.8187628208e-01,2.5186007671e-01,3.0741101258e-02,6.7581012952e-04,2.2771509449e-02,2.2452168451e+00
3.0600000000e+02,2.3326623882e-03,9.7505681257e-03,6.8515451886e-01,2.4913167268e-01,3.0455674744e-02,6.6928057619e-04,2.2505622627e-02,2.2367641697e+00
3.0650000000e+02,2.3351511542e-03,9.7833430480e-03,6.8465431332e-01,2.4992316100e-01,3.0266704537e-02,6.6135516421e-04,2.2375971778e-02,2.2348574058e+00
3.0700000000e+02,2.3148396046e-03,9.8557517235e-03,6.8647868754e-01,2.4845773407e-01,3.0120524921e-02,6.5239345985e-04,2.2120068681e-02,2.2277703671e+00
3.0750000000e+02,2.2989286040e-03,9.8225518910e-03,6.9096243650e-01,2.4472159050e-01,2.9827933473e-02,6.3485098696e-04,2.1731708044e-02,2.2141387421e+00
3.0800000000e+02,2.3085079620e-03,9.8842619974e-03,6.9254493933e-01,2.4356470462e-01,2.9724758104e-02,6.2239122825e-04,2.1350436763e-02,2.2083856191e+00
3.0850000000e+02,2.2886614652e-03,9.9079759967e-03,6.9314240543e-01,2.4348311502e-01,2.9398075597e-02,6.1402746312e-04,2.1165739029e-02,2.2024919048e+00
3.0900000000e+02,2.2927926693e-03,9.8698533189e-03,6.9375958497e-01,2.4295440622e-01,2.9258211502e-02,6.1217938127e-04,2.1252971941e-02,2.1980155544e+00
3.0950000000e+02,2.2583580008e-03,9.8436970284e-03,6.9663553044e-01,2.4098195379e-01,2.8768324053e-02,5.9267184338e-04,2.0919464845e-02,2.1847552963e+00
3.1000000000e+02,2.2430860313e-03,9.7821843892e-03,6.9785938963e-01,2.4037280406e-01,2.8440961067e-02,5.8124266527e-04,2.0720332161e-02,2.1763832934e+00
3.1050000000e+02,2.2628770833e-03,9.8335805073e-03,7.0016784598e-01,2.3827165639e-01,2.8273149971e-02,5.7329972361e-04,2.0617590346e-02,2.1728404012e+00
3.1100000000e+02,2.2686364522e-03,9.9269604857e-03,6.9972519632e-01,2.3870078174e-01,2.8235904713e-02,5.6610244354e-04,2.0576417853e-02,2.1730354957e+00
3.1150000000e+02,2.2843804430e-03,1.0016886587e-02,6.9992948977e-01,2.3862153278e-01,2.8138991437e-02,5.6163060698e-04,2.0447088378e-02,2.1704936730e+00
3.1200000000e+02,2.3155766842e-03,1.0102271564e-02,7.0142057640e-01,2.3710271098e-01,2.8361100281e-02,5.4697237961e-04,2.0150791714e-02,2.1677414490e+00
3.1250000000e+02,2.3009503398e-03,1.0186161822e-02,7.0338740342e-01,2.3578312877e-01,2.7978161444e-02,5.3310794214e-04,1.9831086257e-02,2.1584126763e+00
3.1300000000e+02,2.2813665368e-03,1.0181457260e-02,7.0312990932e-01,2.3605136627e-01,2.8083326389e-02,5.2288048603e-04,1.9749693731e-02,2.1584274561e+00
3.1350000000e+02,2.2578262858e-03,1.0262345692e-02,7.0410628551e-01,2.3489765361e-01,2.8102553230e-02,5.1483616269e-04,1.9858499513e-02,2.1580000725e+00
3.1400000000e+02,2.2687492111e-03,1.0317444917e-02,7.0376559878e-01,2.3528196748e-01,2.7943948487e-02,5.0381223027e-04,1.9918478894e-02,2.1574229084e+00
3.1450000000e+02,2.2834028515e-03,1.0370716336e-02,7.0498459310e-01,2.3404251966e-01,2.7920585246e-02,4.9139353762e-04,1.9906789268e-02,2.1528408090e+00
3.1500000000e+02,2.2934698969e-03,1.0448890046e-02,7.0624554606e-01,2.3269553890e-01,2.7966787142e-02,4.7760404586e-04,1.9872163911e-02,2.1520458893e+00
3.1550000000e+02,2.3095912252e-03,1.0535709463e-02,7.0602671935e-01,2.3287461439e-01,2.8013683038e-02,4.6821715503e-04,1.9771465384e-02,2.1529878183e+00
3.1600000000e+02,2.3040255965e-03,1.0512064894e-02,7.0702668741e-01,2.3224567109e-01,2.7926607597e-02,4.6137039442e-04,1.9523573020e-02,2.1474444971e+00
3.1650000000e+02,2.3106436003e-03,1.0645917842e-02,7.0770336368e-01,2.3131717231e-01,2.8105191286e-02,4.5550977203e-04,1.9462201509e-02,2.1498360537e+00
3.1700000000e+02,2.3099627588e-03,1.0632589841e-02,7.1275990570e-01,2.2698337348e-01,2.7571253585e-02,4.4333227948e-04,1.9299582351e-02,2.1383126117e+00
3.1750000000e+02,2.3236297384e-03,1.0576261064e-02,7.1473037998e-01,2.2560952621e-01,2.7244223200e-02,4.3492542948e-04,1.9081054375e-02,2.1286499307e+00
3.1800000000e+02,2.3143202445e-03,1.0637027896e-02,7.1567303334e-01,2.2499821348e-01,2.6917993529e-02,4.2058788409e-04,1.9038823629e-02,2.1234887982e+00
3.1850000000e+02,2.3246753047e-03,1.0688870748e-02,7.1472574108e-01,2.2613907713e-01,2.6696836245e-02,4.0996845099e-04,1.9014831047e-02,2.1236661884e+00
3.1900000000e+02,2.3125955322e-03,1.0721662171e-02,7.1590400122e-01,2.2540698167e-01,2.6361273172e-02,4.0090402611e-04,1.8892582210e-02,2.1146762109e+00
3.1950000000e+02,2.3183666696e-03,1.0769293008e-02,7.1552992388e-01,2.2623206920e-01,2.6052356689e-02,3.8948445246e-04,1.8708506104e-02,2.1103336195e+00
3.2000000000e+02,2.3276414530e-03,1.0835879495e-02,7.1513282189e-01,2.2677888981e-01,2.5845708901e-02,3.8270012298e-04,1.8696358319e-02,2.1098411557e+00
3.2050000000e+02,2.3804252435e-03,1.0971552415e-02,7.1604001057e-01,2.2608675702e-01,2.5720612516e-02,3.7752663684e-04,1.8423115597e-02,2.1086229540e+00
3.2100000000e+02,2.4035926159e-03,1.0974982262e-02,7.1631585590e-01,2.2644916461e-01,2.5293560499e-02,3.6718516999e-04,1.8195658949e-02,2.1025437611e+00
3.2150000000e+02,2.4023459672e-03,1.0872402123e-02,7.1952473257e-01,2.2400480157e-01,2.4915238600e-02,3.5680457724e-04,1.7923674599e-02,2.0900296361e+00
3.2200000000e+02,2.3780536164e-03,1.0872650110e-02,7.2208893502e-01,2.2198198194e-01,2.4502827731e-02,3.4654582703e-04,1.7829005762e-02,2.0800793134e+00
3.2250000000e+02,2.3596872260e-03,1.1010239610e-02,7.2280029348e-01,2.2152659954e-01,2.4112443726e-02,3.3866315602e-04,1.7852073264e-02,2.0758385808e+00
3.2300000000e+02,2.3436594470e-03,1.1007027709e-02,7.2408975323e-01,2.2104970833e-01,2.3636994640e-02,3.3210639610e-04,1.7540750246e-02,2.0666399171e+00
3.2350000000e+02,2.3593388352e-03,1.0977346354e-02,7.2442477119e-01,2.2123660059e-01,2.3215087884e-02,3.2687889736e-04,1.7459976246e-02,2.0636158540e+00
3.2400000000e+02,2.3708648091e-03,1.0978245562e-02,7.2391030665e-01,2.2213881624e-01,2.3053938636e-02,3.2230643228e-04,1.7225521666e-02,2.0597741798e+00
3.2450000000e+02,2.3759683249e-03,1.1010476003e-02,7.2441463626e-01,2.2219643230e-01,2.2775045063e-02,3.1684466050e-04,1.6910597394e-02,2.0556856221e+00
3.2500000000e+02,2.3948478540e-03,1.0966539640e-02,7.2536392202e-01,2.2168069386e-01,2.2566865483e-02,3.1303329369e-04,1.6714097844e-02,2.0516244651e+00
3.2550000000e+02,2.4237863726e-03,1.0974520211e-02,7.2693464566e-01,2.2024808896e-01,2.2576089048e-02,3.0769934485e-04,1.6535170406e-02,2.0462907840e+00
3.2600000000e+02,2.4214157766e-03,1.0996487117e-02,7.2682760119e-01,2.2035690561e-01,2.2604854004e-02,3.0485543607e-04,1.6487880863e-02,2.0447994929e+00
3.2650000000e+02,2.4278808652e-03,1.1054284631e-02,7.2642190939e-01,2.2110920176e-01,2.2340932831e-02,3.0107337234e-04,1.6344717141e-02,2.0424569495e+00
3.2700000000e+02,2.4338978235e-03,1.1041073622e-02,7.2604082683e-01,2.2204020085e-01,2.1969156012e-02,2.9487826392e-04,1.6179966591e-02,2.0382788770e+00
3.2750000000e+02,2.4493726382e-03,1.0925542891e-02,7.2661808459e-01,2.2190101163e-01,2.1811320638e-02,2.8937255627e-04,1.6005295058e-02,2.0307997511e+00
3.2800000000e+02,2.4276446222e-03,1.1053053423e-02,7.2804448758e-01,2.2070731305e-01,2.1763520128e-02,2.8541600343e-04,1.5718565191e-02,2.0253493808e+00
3.2850000000e+02,2.4591835590e-03,1.1022330523e-02,7.3055191722e-01,2.1859792182e-01,2.1689137810e-02,2.7650444994e-04,1.5403004620e-02,2.0158861525e+00
3.2900000000e+02,2.4626330278e-03,1.1124853529e-02,7.3127188198e-01,2.1794854691e-01,2.1488796806e-02,2.7186405457e-04,1.5431423683e-02,2.0163806223e+00
3.2950000000e+02,2.4881244739e-03,1.1164147644e-02,7.3078111695e-01,2.1870996612e-01,2.1315225111e-02,2.6812953384e-04,1.5273290170e-02,2.0153296245e+00
3.3000000000e+02,2.5044886352e-03,1.1283647748e-02,7.3091079097e-01,2.1867394622e-01,2.1198176272e-02,2.6517409059e-04,1.5163776066e-02,2.0144632884e+00
3.3050000000e+02,2.5377562117e-03,1.1306112674e-02,7.3198450467e-01,2.1784005597e-01,2.0920335536e-02,2.6039904133e-04,1.5150835897e-02,2.0103839286e+00
3.3100000000e+02,2.5532687644e-03,1.1362953811e-02,7.3299775960e-01,2.1677074919e-01,2.0948758956e-02,2.5921730040e-04,1.5107292377e-02,2.0082840682e+00
3.3150000000e+02,2.5652500254e-03,1.1478170935e-02,7.3302193402e-01,2.1691212699e-01,2.0697844344e-02,2.5862227729e-04,1.5066051409e-02,2.0093080935e+00
3.3200000000e+02,2.5443194325e-03,1.1419276916e-02,7.3506354699e-01,2.1537780367e-01,2.0353889330e-02,2.5706025258e-04,1.4984103419e-02,1.9997774801e+00
3.3250000000e+02,2.5469754964e-03,1.1397542420e-02,7.3558310254e-01,2.1528570029e-01,2.0142655477e-02,2.5193759649e-04,1.4792086173e-02,1.9932295627e+00
3.3300000000e+02,2.5504072642e-03,1.1295438641e-02,7.3568836104e-01,2.1534386715e-01,2.0050062953e-02,2.4976630996e-04,1.4822096641e-02,1.9902997148e+00
3.3350000000e+02,2.5695826583e-03,1.1259408875e-02,7.3617477006e-01,2.1496472019e-01,2.0048663162e-02,2.4974740444e-04,1.4733107645e-02,1.9869798181e+00
3.3400000000e+02,2.5986307442e-03,1.1149549867e-02,7.3644757120e-01,2.1514446767e-01,1.9851306906e-02,2.4702702359e-04,1.4561446589e-02,1.9824052557e+00
3.3450000000e+02,2.6117856707e-03,1.1207416533e-02,7.3552565923e-01,2.1600793972e-01,1.9873607013e-02,2.5097653676e-04,1.4522615293e-02,1.9836594116e+00
3.3500000000e+02,2.6171001209e-03,1.1240506136e-02,7.3435489048e-01,2.1747733015e-01,1.9671039291e-02,2.5595589432e-04,1.4383177927e-02,1.9823719882e+00
3.3550000000e+02,2.6377098740e-03,1.1275810226e-02,7.3521841811e-01,2.1678474793e-01,1.9502857385e-02,2.5737460033e-04,1.4323081873e-02,1.9802814033e+00
3.3600000000e+02,2.6719961000e-03,1.1367066099e-02,7.3530624273e-01,2.1669869143e-01,1.9374025637e-02,2.5723876432e-04,1.4324739237e-02,1.9805353850e+00
3.3650000000e+02,2.6778616489e-03,1.1372572343e-02,7.3531516495e-01,2.1712750164e-01,1.9074363464e-02,2.5880252823e-04,1.4173733434e-02,1.9766748696e+00
3.3700000000e+02,2.7050173788e-03,1.1466474311e-02,7.3844065592e-01,2.1423920234e-01,1.8902438460e-02,2.5952784521e-04,1.3986683749e-02,1.9692815206e+00
3.3750000000e+02,2.7152590377e-03,1.1633728076e-02,7.3605542410e-01,2.1635845133e-01,1.9092769650e-02,2.6513587041e-04,1.3879231939e-02,1.9768883340e+00
3.3800000000e+02,2.7267289262e-03,1.1727592811e-02,7.3675000279e-01,2.1590162894e-01,1.8911017316e-02,2.6532481829e-04,1.3717704403e-02,1.9724753155e+00
3.3850000000e+02,2.7511768648e-03,1.1791585435e-02,7.3778701004e-01,2.1498582854e-01,1.8820254423e-02,2.6954192210e-04,1.3594602780e-02,1.9696694940e+00
3.3900000000e+02,2.7822724852e-03,1.1743701207e-02,7.3909815747e-01,2.1371994530e-01,1.8782961997e-02,2.7266214806e-04,1.3600299399e-02,1.9677303818e+00
3.3950000000e+02,2.7989511861e-03,1.1730473468e-02,7.4081097667e-01,2.1220594482e-01,1.8611300798e-02,2.7397515377e-04,1.3568377910e-02,1.9653482331e+00
3.4000000000e+02,2.8280462281e-03,1.1803890047e-02,7.4296738490e-01,2.1007186361e-01,1.8534260656e-02,2.7784533439e-04,1.3516709220e-02,1.9615717724e+00
3.4050000000e+02,2.8505595831e-03,1.1960852836e-02,7.4522642996e-01,2.0796980872e-01,1.8341835250e-02,2.8198664626e-04,1.3368527005e-02,1.9573680722e+00
3.4100000000e+02,2.8568274211e-03,1.1842611210e-02,7.4661050450e-01,2.0739213280e-01,1.7862519509e-02,2.8623063957e-04,1.3149173913e-02,1.9467462414e+00
3.4150000000e+02,2.8873708616e-03,1.1760709626e-02,7.5086726366e-01,2.0339638221e-01,1.7676158705e-02,2.9123221698e-04,1.3120882718e-02,1.9389777679e+00
3.4200000000e+02,2.9246166497e-03,1.1683187917e-02,7.5147238141e-01,2.0283272928e-01,1.7610587988e-02,2.9543937689e-04,1.3181057384e-02,1.9399149473e+00
3.4250000000e+02,2.9375232814e-03,1.1531038263e-02,7.5342731256e-01,2.0149826876e-01,1.7332116541e-02,3.0629218577e-04,1.2967448408e-02,1.9309133941e+00
3.4300000000e+02,2.9441936843e-03,1.1508066626e-02,7.5389227581e-01,2.0126736478e-01,1.7283172156e-02,3.1186535259e-04,1.2793061601e-02,1.9291442425e+00
3.4350000000e+02,2.9366909515e-03,1.1449866737e-02,7.5626302743e-01,1.9930027516e-01,1.7068207538e-02,3.1038803777e-04,1.2671544145e-02,1.9217888879e+00
3.4400000000e+02,2.9733330054e-03,1.1458850408e-02,7.5336292989e-01,2.0227244040e-01,1.6896603382e-02,3.1131104222e-04,1.2724531877e-02,1.9281065228e+00
3.4450000000e+02,3.0147895270e-03,1.1460937520e-02,7.5381077602e-01,2.0193761076e-01,1.6761268813e-02,3.1758226394e-04,1.2697035099e-02,1.9266673590e+00
3.4500000000e+02,3.0373897336e-03,1.1559543833e-02,7.5521728333e-01,2.0044494232e-01,1.6687986332e-02,3.1664357019e-04,1.2736210884e-02,1.9264079719e+00
3.4550000000e+02,3.0565264520e-03,1.1459175719e-02,7.5665025039e-01,1.9934204410e-01,1.6617487914e-02,3.1890765738e-04,1.2555607768e-02,1.9212538777e+00
3.4600000000e+02,3.0970825793e-03,1.1460042018e-02,7.5861610471e-01,1.9730329756e-01,1.6688548351e-02,3.2416689625e-04,1.2510757885e-02,1.9193786602e+00
3.4650000000e+02,3.0985494409e-03,1.1526915876e-02,7.5962824319e-01,1.9617676572e-01,1.6682316136e-02,3.3314493537e-04,1.2554064696e-02,1.9201063699e+00
3.4700000000e+02,3.1122319305e-03,1.1490011896e-02,7.6108226875e-01,1.9515695669e-01,1.6413455450e-02,3.3338163504e-04,1.2411693646e-02,1.9139829230e+00
3.4750000000e+02,3.1237642335e-03,1.1487917511e-02,7.6094931646e-01,1.9517842700e-01,1.6536978455e-02,3.3820791079e-04,1.2385388430e-02,1.9165971720e+00
3.4800000000e+02,3.1294784091e-03,1.1421952331e-02,7.6340711477e-01,1.9287183790e-01,1.6525366503e-02,3.4369785107e-04,1.2300552243e-02,1.9113326370e+00
3.4850000000e+02,3.1397580992e-03,1.1533356504e-02,7.6365952043e-01,1.9258126217e-01,1.6497629555e-02,3.4913328568e-04,1.2239339956e-02,1.9120481169e+00
3.4900000000e+02,3.1804136577e-03,1.1691534870e-02,7.6341185826e-01,1.9261300315e-01,1.6576797215e-02,3.5870474256e-04,1.2167688102e-02,1.9177558955e+00
3.4950000000e+02,3.2027377689e-03,1.1711478097e-02,7.6530063164e-01,1.9067492341e-01,1.6589817761e-02,3.6648036585e-04,1.2153930959e-02,1.9168937636e+00
3.5000000000e+02,3.2033582715e-03,1.1734370259e-02,7.6721614554e-01,1.8889040612e-01,1.6586473058e-02,3.7161817954e-04,1.1997628568e-02,1.9125983325e+00
3.5050000000e+02,3.1755753521e-03,1.1751472602e-02,7.6557838418e-01,1.9076484062e-01,1.6470140210e-02,3.7935681994e-04,1.1880230209e-02,1.9133666758e+00
3.5100000000e+02,3.1792389537e-03,1.1694054610e-02,7.6836638145e-01,1.8821271495e-01,1.6473225890e-02,3.8252242628e-04,1.1691861722e-02,1.9062920025e+00
3.5150000000e+02,3.2105855502e-03,1.1724435513e-02,7.6725185538e-01,1.8951290196e-01,1.6297100714e-02,3.9143309756e-04,1.1611687780e-02,1.9082202661e+00
3.5200000000e+02,3.2097700523e-03,1.1737134029e-02,7.6850925475e-01,1.8842228710e-01,1.6149352301e-02,3.9557117590e-04,1.1576630584e-02,1.9050694812e+00
3.5250000000e+02,3.3127827226e-03,1.1784413679e-02,7.6714891665e-01,1.8939179377e-01,1.6316453942e-02,4.0603961082e-04,1.1639599623e-02,1.9157897062e+00
3.5300000000e+02,3.3069864341e-03,1.1800511027e-02,7.6904887091e-01,1.8758377911e-01,1.6176196717e-02,4.0454268038e-04,1.1679113116e-02,1.9125019931e+00
3.5350000000e+02,3.3207367250e-03,1.1893234305e-02,7.7014537013e-01,1.8671357517e-01,1.6049633465e-02,4.0557641594e-04,1.1471873792e-02,1.9090799253e+00
3.5400000000e+02,3.3285906425e-03,1.1830257337e-02,7.7101104542e-01,1.8613622237e-01,1.5829840702e-02,4.1513717439e-04,1.1448906349e-02,1.9053938631e+00
3.5450000000e+02,3.3748031411e-03,1.1853951342e-02,7.7262976193e-01,1.8474425789e-01,1.5730145985e-02,4.1793718102e-04,1.1249142530e-02,1.9025574064e+00
3.5500000000e+02,3.3910280956e-03,1.1888134185e-02,7.7193551010e-01,1.8579521606e-01,1.5462101730e-02,4.2156380901e-04,1.1106446016e-02,1.9026399964e+00
3.5550000000e+02,3.4356122541e-03,1.2050917852e-02,7.7041523353e-01,1.8698387029e-01,1.5661873567e-02,4.2762382172e-04,1.1024868688e-02,1.9105036338e+00
3.5600000000e+02,3.4120891249e-03,1.1902469779e-02,7.7265726022e-01,1.8510044774e-01,1.5703655814e-02,4.2301660559e-04,1.0801060718e-02,1.9017662966e+00
3.5650000000e+02,3.4460125642e-03,1.2013166571e-02,7.7305424563e-01,1.8443263669e-01,1.5742689546e-02,4.3150917703e-04,1.0879739820e-02,1.9054851670e+00
3.5700000000e+02,3.4252526458e-03,1.2259381831e-02,7.7352657617e-01,1.8380540554e-01,1.5738420331e-02,4.3841560116e-04,1.0806547884e-02,1.9056700095e+00
3.5750000000e+02,3.3965354761e-03,1.2254474037e-02,7.7370692053e-01,1.8382391862e-01,1.5648649952e-02,4.3891587647e-04,1.0730585506e-02,1.9031945633e+00
3.5800000000e+02,3.3910710993e-03,1.2135222581e-02,7.7336071489e-01,1.8465828450e-01,1.5356236006e-02,4.4021685450e-04,1.0658254069e-02,1.8999029077e+00
3.5850000000e+02,3.4129191472e-03,1.2138366466e-02,7.7359608952e-01,1.8469102092e-01,1.5148230156e-02,4.4362854821e-04,1.0569745251e-02,1.8977644801e+00
3.5900000000e+02,3.4301299357e-03,1.2108050136e-02,7.7451580502e-01,1.8400477559e-01,1.5121913147e-02,4.4104763794e-04,1.0378278530e-02,1.8958861294e+00
3.5950000000e+02,3.4247073405e-03,1.2071966064e-02,7.7738512237e-01,1.8133724370e-01,1.5100850162e-02,4.4618452053e-04,1.0233925852e-02,1.8875789105e+00
3.6000000000e+02,3.4407714873e-03,1.2042630500e-02,7.7840832595e-01,1.8056795032e-01,1.5024765318e-02,4.4374339645e-04,1.0071813027e-02,1.8829658190e+00
3.6050000000e+02,3.4526119786e-03,1.2090065650e-02,7.7858330859e-01,1.8044903790e-01,1.4960851748e-02,4.4674535583e-04,1.0017378772e-02,1.8809614115e+00
3.6100000000e+02,3.4722417917e-03,1.2053250222e-02,7.7848054601e-01,1.8064687541e-01,1.4970412899e-02,4.4828850917e-04,9.9283851574e-03,1.8805781098e+00
3.6150000000e+02,3.4865837799e-03,1.2108736290e-02,7.8053793172e-01,1.7840404972e-01,1.5011533571e-02,4.5107893113e-04,1.0000085989e-02,1.8788781004e+00
3.6200000000e+02,3.4962111122e-03,1.2170967517e-02,7.8267216558e-01,1.7638721673e-01,1.4867234805e-02,4.5230968000e-04,9.9538945781e-03,1.8746602982e+00
3.6250000000e+02,3.4557872525e-03,1.2122089306e-02,7.8425832478e-01,1.7525126285e-01,1.4657332618e-02,4.4873510097e-04,9.8064680950e-03,1.8669778265e+00
3.6300000000e+02,3.4541122361e-03,1.2187028096e-02,7.8484442354e-01,1.7487071645e-01,1.4435034952e-02,4.5351613299e-04,9.7551686000e-03,1.8635453733e+00
3.6350000000e+02,3.5092019408e-03,1.2352274307e-02,7.8193392841e-01,1.7770893037e-01,1.4413437300e-02,4.6584753540e-04,9.6163801379e-03,1.8706845639e+00
3.6400000000e+02,3.5118005679e-03,1.2311638869e-02,7.8334814457e-01,1.7652464319e-01,1.4331333796e-02,4.6547928115e-04,9.5069597222e-03,1.8667427835e+00
3.6450000000e+02,3.5118436324e-03,1.2186619664e-02,7.8527921451e-01,1.7487916748e-01,1.4239092168e-02,4.6766616846e-04,9.4363963792e-03,1.8584539551e+00
3.6500000000e+02,3.5539359120e-03,1.2245406706e-02,7.8686242845e-01,1.7318514008e-01,1.4251454304e-02,4.6698243671e-04,9.4346521084e-03,1.8574725132e+00
3.6550000000e+02,3.5674284962e-03,1.2250261136e-02,7.8843558356e-01,1.7188373122e-01,1.4157092423e-02,4.6638183988e-04,9.2395213232e-03,1.8518098515e+00
3.6600000000e+02,3.5476284358e-03,1.2200110286e-02,7.8921597213e-01,1.7150362583e-01,1.3873349320e-02,4.6872661213e-04,9.1905873867e-03,1.8451713808e+00
3.6650000000e+02,3.5536999792e-03,1.2101058624e-02,7.9089751211e-01,1.7022132906e-01,1.3772458985e-02,4.6667883568e-04,8.9872624052e-03,1.8365551493e+00
3.6700000000e+02,3.5291091900e-03,1.1984995306e-02,7.9234164032e-01,1.6928128721e-01,1.3499710152e-02,4.6092615156e-04,8.9023316660e-03,1.8274706499e+00
3.6750000000e+02,3.5196342202e-03,1.1994483041e-02,7.9424757937e-01,1.6773642436e-01,1.3262126610e-02,4.5903292354e-04,8.7807194762e-03,1.8180342148e+00
3.6800000000e+02,3.5391601217e-03,1.2151237355e-02,7.9410412343e-01,1.6761762057e-01,1.3311218922e-02,4.6304939493e-04,8.8135902090e-03,1.8203097174e+00
3.6850000000e+02,3.5585735655e-03,1.2221815429e-02,7.9476156386e-01,1.6691646456e-01,1.3338064533e-02,4.6656619350e-04,8.7369518568e-03,1.8197014218e+00
3.6900000000e+02,3.5632226761e-03,1.2242363404e-02,7.9583877024e-01,1.6594318043e-01,1.3236059138e-02,4.6561290441e-04,8.7107912107e-03,1.8157354005e+00
3.6950000000e+02,3.5970814583e-03,1.2233919904e-02,7.9493235134e-01,1.6702066530e-01,1.3146984848e-02,4.7395938503e-04,8.5950377614e-03,1.8164229772e+00
3.7000000000e+02,3.6474429044e-03,1.2226296335e-02,7.9514867805e-01,1.6682361378e-01,1.3130509579e-02,4.7744327610e-04,8.5460160787e-03,1.8170810333e+00
3.7050000000e+02,3.6898604826e-03,1.2322674653e-02,7.9357454132e-01,1.6840347661e-01,1.3056007872e-02,4.7601510814e-04,8.4774239580e-03,1.8219653714e+00
3.7100000000e+02,3.7092904204e-03,1.2257631124e-02,7.9349524380e-01,1.6864065710e-01,1.3013894834e-02,4.7493213358e-04,8.4083505890e-03,1.8210227985e+00
3.7150000000e+02,3.6979429538e-03,1.2231189892e-02,7.9458049012e-01,1.6766836750e-01,1.2927360451e-02,4.7278959431e-04,8.4218594926e-03,1.8159131095e+00
3.7200000000e+02,3.7087311290e-03,1.2305017801e-02,7.9436915383e-01,1.6779670054e-01,1.2980830318e-02,4.7124799363e-04,8.3683183866e-03,1.8178349877e+00
3.7250000000e+02,3.6975972277e-03,1.2237114896e-02,7.9687373476e-01,1.6554290100e-01,1.2837108741e-02,4.6743374884e-04,8.3441096213e-03,1.8089328272e+00
3.7300000000e+02,3.7030083199e-03,1.2180752070e-02,7.9949462823e-01,1.6325402003e-01,1.2677539941e-02,4.6295987055e-04,8.2270915346e-03,1.7999594434e+00
3.7350000000e+02,3.7465346642e-03,1.2291392702e-02,8.0016283336e-01,1.6257412751e-01,1.2728039342e-02,4.5505796555e-04,8.0420144660e-03,1.7978904984e+00
3.7400000000e+02,3.7588397639e-03,1.2271338146e-02,7.9926878317e-01,1.6353871413e-01,1.2702979330e-02,4.5301024086e-04,8.0063352160e-03,1.7982752323e+00
3.7450000000e+02,3.7768592477e-03,1.2338280160e-02,7.9989138804e-01,1.6305154796e-01,1.2524680460e-02,4.4622080776e-04,7.9710233225e-03,1.7962458489e+00
3.7500000000e+02,3.7886208547e-03,1.2424462700e-02,7.9921929588e-01,1.6362943525e-01,1.2484720185e-02,4.4647869715e-04,8.0069864317e-03,1.7977472327e+00
3.7550000000e+02,3.8100614402e-03,1.2449807391e-02,8.0118407874e-01,1.6177232020e-01,1.2403541844e-02,4.4177208054e-04,7.9384183022e-03,1.7910444165e+00
3.7600000000e+02,3.7559182692e-03,1.2305313268e-02,8.0129952104e-01,1.6210868013e-01,1.2309987373e-02,4.3313667335e-04,7.7874432478e-03,1.7851920885e+00
3.7650000000e+02,3.7754644062e-03,1.2286202637e-02,8.0171956253e-01,1.6169559484e-01,1.2346027501e-02,4.2661855402e-04,7.7505295380e-03,1.7840884294e+00
3.7700000000e+02,3.7468895971e-03,1.2193620477e-02,8.0313989051e-01,1.6055506826e-01,1.2243890637e-02,4.2037024431e-04,7.7002702704e-03,1.7770480142e+00
3.7750000000e+02,3.7454117584e-03,1.2366402184e-02,8.0189516326e-01,1.6147071043e-01,1.2329352016e-02,4.1852745926e-04,7.7744328914e-03,1.7841820358e+00
3.7800000000e+02,3.7634361120e-03,1.2509302413e-02,8.0179285576e-01,1.6131220462e-01,1.2411143207e-02,4.2412593582e-04,7.7869319507e-03,1.7884599797e+00
3.7850000000e+02,3.7819513892e-03,1.2460063124e-02,8.0405184679e-01,1.5940845603e-01,1.2193925883e-02,4.1980962939e-04,7.6839471598e-03,1.7795745993e+00
3.7900000000e+02,3.7841316092e-03,1.2544256017e-02,8.0425063924e-01,1.5908984875e-01,1.2231422390e-02,4.1273272839e-04,7.6869692666e-03,1.7796701428e+00
3.7950000000e+02,3.7813040328e-03,1.2659824353e-02,8.0288221704e-01,1.6046573706e-01,1.2133469307e-02,4.0882020471e-04,7.6686279966e-03,1.7823742208e+00
3.8000000000e+02,3.7784269724e-03,1.2548274133e-02,8.0341105735e-01,1.6019604402e-01,1.2081756775e-02,4.0483780793e-04,7.5796029382e-03,1.7776104405e+00
3.8050000000e+02,3.7916868982e-03,1.2683152929e-02,8.0144752040e-01,1.6178890796e-01,1.2254520506e-02,4.0321902260e-04,7.6309922848e-03,1.7864760712e+00
3.8100000000e+02,3.8074220521e-03,1.2732738599e-02,7.9934786191e-01,1.6397695255e-01,1.2196396557e-02,4.0111670597e-04,7.5375116208e-03,1.7901617823e+00
3.8150000000e+02,3.8347577806e-03,1.2655984380e-02,7.9999704742e-01,1.6331060321e-01,1.2219962531e-02,3.9806128269e-04,7.5835833931e-03,1.7877367729e+00
3.8200000000e+02,3.8582411131e-03,1.2593135843e-02,8.0002893920e-01,1.6319984464e-01,1.2296945562e-02,3.9290067297e-04,7.6299929659e-03,1.7879316586e+00
3.8250000000e+02,3.8511973907e-03,1.2496086320e-02,8.0098208493e-01,1.6264084237e-01,1.2147267068e-02,3.9014412553e-04,7.4923778016e-03,1.7806676513e+00
3.8300000000e+02,3.8391855715e-03,1.2464122837e-02,8.0170370270e-01,1.6224377045e-01,1.2023676876e-02,3.8425313079e-04,7.3412884422e-03,1.7758161747e+00
3.8350000000e+02,3.8829792104e-03,1.2683698251e-02,8.0205143829e-01,1.6157417943e-01,1.2091845392e-02,3.7958598237e-04,7.3362734473e-03,1.7799323638e+00
3.8400000000e+02,3.9113595651e-03,1.2598129295e-02,8.0112023675e-01,1.6281706886e-01,1.1960815886e-02,3.7199774441e-04,7.2203919041e-03,1.7778929956e+00
3.8450000000e+02,3.8672735617e-03,1.2678113695e-02,8.0270732632e-01,1.6118123082e-01,1.1949475413e-02,3.6855811739e-04,7.2480220819e-03,1.7743380534e+00
3.8500000000e+02,3.8617383621e-03,1.2728679454e-02,8.0259732897e-01,1.6133173097e-01,1.1945890715e-02,3.6939886529e-04,7.1652326658e-03,1.7740392178e+00
3.8550000000e+02,3.8972681711e-03,1.2744929019e-02,8.0287402112e-01,1.6100975882e-01,1.1979968753e-02,3.6891783596e-04,7.1251362805e-03,1.7758870266e+00
3.8600000000e+02,3.9170356057e-03,1.2821610665e-02,8.0336234334e-01,1.6062725396e-01,1.1899298739e-02,3.6876290655e-04,7.0036947862e-03,1.7743940395e+00
3.8650000000e+02,3.9239280900e-03,1.2876777036e-02,8.0465823997e-01,1.5920012925e-01,1.1965097078e-02,3.6476908871e-04,7.0110594938e-03,1.7714965583e+00
3.8700000000e+02,3.8883573454e-03,1.2898636299e-02,8.0632155903e-01,1.5776985176e-01,1.1843364494e-02,3.6123749996e-04,6.9169935728e-03,1.7637368948e+00
3.8750000000e+02,3.8928496264e-03,1.2898028972e-02,8.0590773431e-01,1.5838678868e-01,1.1694232329e-02,3.5606364126e-04,6.8643024337e-03,1.7638878665e+00
3.8800000000e+02,3.9158563347e-03,1.2721719736e-02,8.0731604752e-01,1.5717905901e-01,1.1656752581e-02,3.5637129996e-04,6.8541935179e-03,1.7589529301e+00
3.8850000000e+02,3.9469285471e-03,1.2770580403e-02,8.0464935271e-01,1.5983464557e-01,1.1667653145e-02,3.5883731894e-04,6.7720023029e-03,1.7668183658e+00
3.8900000000e+02,3.9132501416e-03,1.2679228970e-02,8.0602556329e-01,1.5870844505e-01,1.1617252237e-02,3.5466700782e-04,6.7015933057e-03,1.7592929588e+00
3.8950000000e+02,3.9024893900e-03,1.2575995482e-02,8.0594228533e-01,1.5908381354e-01,1.1559394194e-02,3.5317279368e-04,6.5828492627e-03,1.7572576453e+00
3.9000000000e+02,3.9230111071e-03,1.2570075539e-02,8.0857007973e-01,1.5666950598e-01,1.1471445811e-02,3.4692585678e-04,6.4489559720e-03,1.7496389536e+00
3.9050000000e+02,3.9220007317e-03,1.2516074832e-02,8.0858399434e-01,1.5669744948e-01,1.1541091416e-02,3.4572030516e-04,6.3936688966e-03,1.7496852836e+00
3.9100000000e+02,3.9012252817e-03,1.2446518078e-02,8.0945158862e-01,1.5602078772e-01,1.1542838480e-02,3.4078838310e-04,6.2962534378e-03,1.7459354498e+00
3.9150000000e+02,3.9002144094e-03,1.2561949880e-02,8.0795780779e-01,1.5745489250e-01,1.1574667870e-02,3.3681534720e-04,6.2136522018e-03,1.7500923216e+00
3.9200000000e+02,3.9199503743e-03,1.2447867896e-02,8.0692729839e-01,1.5857245017e-01,1.1625295259e-02,3.3358997880e-04,6.1735479321e-03,1.7525630923e+00
3.9250000000e+02,3.9089798700e-03,1.2460222339e-02,8.0722699806e-01,1.5839071609e-01,1.1561546025e-02,3.3592321852e-04,6.1156143985e-03,1.7516060937e+00
3.9300000000e+02,3.9273792216e-03,1.2371724529e-02,8.0682384142e-01,1.5903586431e-01,1.1470319712e-02,3.3461939831e-04,6.0362514126e-03,1.7503741534e+00
3.9350000000e+02,3.9072998025e-03,1.2431035552e-02,8.0719336815e-01,1.5863155219e-01,1.1493226659e-02,3.3738326933e-04,6.0061343742e-03,1.7517544274e+00
3.9400000000e+02,3.9209515148e-03,1.2383693421e-02,8.0675387630e-01,1.5910573409e-01,1.1498194773e-02,3.3733463548e-04,6.0002152707e-03,1.7533446552e+00
3.9450000000e+02,3.8741344406e-03,1.2491738495e-02,8.0572925285e-01,1.6006833114e-01,1.1521802507e-02,3.3795082078e-04,5.9767897500e-03,1.7565451184e+00
3.9500000000e+02,3.8445241213e-03,1.2503997628e-02,8.0580310627e-01,1.6015825058e-01,1.1400296262e-02,3.3873472389e-04,5.9510904168e-03,1.7554795396e+00
3.9550000000e+02,3.8594795586e-03,1.2596151175e-02,8.0530203145e-01,1.6045750586e-01,1.1422067533e-02,3.4388504242e-04,6.0188793855e-03,1.7599827718e+00
3.9600000000e+02,3.8646142180e-03,1.2626412189e-02,8.0629031364e-01,1.5962003968e-01,1.1298310096e-02,3.4487396958e-04,5.9554362041e-03,1.7562406940e+00
3.9650000000e+02,3.8392474502e-03,1.2561409711e-02,8.0917540336e-01,1.5703635374e-01,1.1109849827e-02,3.4351679344e-04,5.9342191245e-03,1.7460595588e+00
3.9700000000e+02,3.8054852649e-03,1.2669184089e-02,8.1006036851e-01,1.5626127435e-01,1.0974579055e-02,3.4016257994e-04,5.8889461515e-03,1.7417864450e+00
3.9750000000e+02,3.7933631547e-03,1.2677322415e-02,8.1098478539e-01,1.5555255029e-01,1.0801779969e-02,3.3821547849e-04,5.8519833108e-03,1.7370624742e+00
3.9800000000e+02,3.7705572882e-03,1.2559962050e-02,8.1199488942e-01,1.5473728768e-01,1.0780405832e-02,3.3210889056e-04,5.8247888446e-03,1.7308092003e+00
3.9850000000e+02,3.7698497838e-03,1.2443049471e-02,8.1292589178e-01,1.5408057866e-01,1.0682490467e-02,3.2810056168e-04,5.7700392701e-03,1.7259491658e+00
3.9900000000e+02,3.7364808318e-03,1.2405557730e-02,8.1497133890e-01,1.5223422152e-01,1.0632767787e-02,3.2077239087e-04,5.6988608365e-03,1.7190930554e+00
3.9950000000e+02,3.7425670468e-03,1.2447530961e-02,8.1520178590e-01,1.5186596111e-01,1.0672973670e-02,3.2059308319e-04,5.7485882271e-03,1.7218306277e+00
4.0000000000e+02,3.7221789570e-03,1.2349786794e-02,8.1564123064e-01,1.5151267751e-01,1.0742944040e-02,3.1798945439e-04,5.7131926093e-03,1.7206387874e+00
4.0050000000e+02,3.7108178186e-03,1.2329332797e-02,8.1643569095e-01,1.5075703415e-01,1.0730300833e-02,3.2153687998e-04,5.7152865753e-03,1.7184618348e+00
4.0100000000e+02,3.7768341184e-03,1.2393993320e-02,8.1495792090e-01,1.5205382432e-01,1.0767510819e-02,3.2685574827e-04,5.7230607748e-03,1.7255632262e+00
4.0150000000e+02,3.8117983492e-03,1.2371712773e-02,8.1515590409e-01,1.5176798749e-01,1.0774830340e-02,3.2950030447e-04,5.7882666521e-03,1.7271092183e+00
4.0200000000e+02,3.8366630857e-03,1.2431353897e-02,8.1542735336e-01,1.5133675859e-01,1.0819109589e-02,3.3399502328e-04,5.8147664581e-03,1.7284516146e+00
4.0250000000e+02,3.8480393694e-03,1.2442735116e-02,8.1468808023e-01,1.5197097910e-01,1.0829676882e-02,3.3781197332e-04,5.8826773214e-03,1.7330840983e+00
4.0300000000e+02,3.8590817470e-03,1.2605337500e-02,8.1279078348e-01,1.5358145252e-01,1.0904585836e-02,3.4517225963e-04,5.9135866637e-03,1.7432093458e+00
4.0350000000e+02,3.8733874692e-03,1.2672790182e-02,8.1316844681e-01,1.5321588180e-01,1.0853522936e-02,3.4964577035e-04,5.8663250351e-03,1.7432717632e+00
4.0400000000e+02,3.8553917073e-03,1.2822917083e-02,8.1165305553e-01,1.5460489586e-01,1.0828849598e-02,3.5834836965e-04,5.8765418504e-03,1.7492525467e+00
4.0450000000e+02,3.7949106505e-03,1.2932222463e-02,8.1063092214e-01,1.5553757641e-01,1.0893034433e-02,3.5823513248e-04,5.8530987678e-03,1.7517369765e+00
4.0500000000e+02,3.7956498411e-03,1.2903571824e-02,8.0993515908e-01,1.5626068118e-01,1.0886501622e-02,3.5980284726e-04,5.8586336080e-03,1.7528595515e+00
4.0550000000e+02,3.7969491547e-03,1.2963229257e-02,8.1095591271e-01,1.5517764357e-01,1.0834984326e-02,3.6329420412e-04,5.9079867743e-03,1.7528979323e+00
4.0600000000e+02,3.7823972607e-03,1.3067619924e-02,8.0882590234e-01,1.5708507328e-01,1.0928745583e-02,3.7021559211e-04,5.9400460137e-03,1.7612796369e+00
4.0650000000e+02,3.8076021104e-03,1.3129474924e-02,8.0697917622e-01,1.5880494306e-01,1.0922383231e-02,3.7342630925e-04,5.9829941432e-03,1.7669858462e+00
4.0700000000e+02,3.7851941207e-03,1.3129155636e-02,8.0641077103e-01,1.5931158767e-01,1.0945181564e-02,3.8216614734e-04,6.0359438274e-03,1.7692160763e+00
4.0750000000e+02,3.7839498254e-03,1.3121244037e-02,8.0650987249e-01,1.5932710411e-01,1.0819294822e-02,3.9073647245e-04,6.0477982491e-03,1.7694838794e+00
4.0800000000e+02,3.7956144916e-03,1.3169974598e-02,8.0800184053e-01,1.5780456794e-01,1.0751405043e-02,4.0036364522e-04,6.0762337549e-03,1.7685749459e+00
4.0850000000e+02,3.8042693783e-03,1.3236781520e-02,8.0939593532e-01,1.5631151817e-01,1.0754112973e-02,4.0875867613e-04,6.0886239653e-03,1.7679219169e+00
4.0900000000e+02,3.8728951236e-03,1.3402903069e-02,8.0804079364e-01,1.5710132207e-01,1.0964029577e-02,4.1886166352e-04,6.1991948615e-03,1.7801534002e+00
4.0950000000e+02,3.8854955394e-03,1.3283272210e-02,8.0900789912e-01,1.5629833489e-01,1.0940448007e-02,4.2749602718e-04,6.1570542048e-03,1.7782088033e+00
4.1000000000e+02,3.8898459995e-03,1.3447429005e-02,8.0840592840e-01,1.5663285458e-01,1.0969806867e-02,4.3517320058e-04,6.2189619416e-03,1.7840338521e+00
4.1050000000e+02,3.8941388934e-03,1.3517489261e-02,8.0775930684e-01,1.5723896681e-01,1.0934634745e-02,4.4171749729e-04,6.2137459518e-03,1.7865606416e+00
4.1100000000e+02,3.8903343301e-03,1.3654410998e-02,8.0685596570e-01,1.5784830981e-01,1.1069408485e-02,4.5806251627e-04,6.2235081612e-03,1.7941678634e+00
4.1150000000e+02,3.9068134851e-03,1.3709106031e-02,8.0787182012e-01,1.5673926886e-01,1.1044960188e-02,4.6772004437e-04,6.2603112693e-03,1.7941748836e+00
4.1200000000e+02,3.8840064665e-03,1.3621347135e-02,8.0889558259e-01,1.5585129080e-01,1.1033795711e-02,4.7151714184e-04,6.2424601516e-03,1.7903003938e+00
4.1250000000e+02,3.8724416499e-03,1.3494387205e-02,8.0917137486e-01,1.5585081620e-01,1.0919748483e-02,4.7903975902e-04,6.2121918453e-03,1.7876534516e+00
4.1300000000e+02,3.9100953555e-03,1.3592370182e-02,8.0855597397e-01,1.5627531539e-01,1.0926812115e-02,4.9331157100e-04,6.2461214180e-03,1.7928148693e+00
4.1350000000e+02,3.9373339129e-03,1.3537664185e-02,8.0903571355e-01,1.5588094832e-01,1.0823866775e-02,5.0403566268e-04,6.2804375935e-03,1.7910990905e+00
4.1400000000e+02,3.9509978230e-03,1.3495523897e-02,8.0834434754e-01,1.5660219162e-01,1.0823647438e-02,5.0939505450e-04,6.2738966225e-03,1.7929561256e+00
4.1450000000e+02,3.9567805063e-03,1.3366538873e-02,8.0587373359e-01,1.5918455590e-01,1.0750661805e-02,5.1412150061e-04,6.3536078244e-03,1.7977809691e+00
4.1500000000e+02,3.9555641913e-03,1.3395313534e-02,8.0498987505e-01,1.6007378298e-01,1.0664476591e-02,5.2504318266e-04,6.3959444676e-03,1.8010088693e+00
4.1550000000e+02,3.9339306297e-03,1.3457994585e-02,8.0352296960e-01,1.6115679600e-01,1.0877448528e-02,5.3412122215e-04,6.5167394372e-03,1.8099275437e+00
4.1600000000e+02,3.9763914189e-03,1.3543250127e-02,8.0309043285e-01,1.6142135333e-01,1.0890882082e-02,5.3696458227e-04,6.5407256065e-03,1.8153197860e+00
4.1650000000e+02,4.0032348971e-03,1.3670633025e-02,8.0329764195e-01,1.6083825571e-01,1.0983559279e-02,5.4745849974e-04,6.6592166489e-03,1.8216583153e+00
4.1700000000e+02,3.9968901599e-03,1.3680881532e-02,8.0459783934e-01,1.5932079217e-01,1.1111751887e-02,5.5920073598e-04,6.7326441797e-03,1.8220845575e+00
4.1750000000e+02,3.9788343911e-03,1.3504632796e-02,8.0582147111e-01,1.5840047348e-01,1.1049638900e-02,5.6087480421e-04,6.6840745116e-03,1.8170476463e+00
4.1800000000e+02,3.9779820438e-03,1.3380967131e-02,8.0573119305e-01,1.5860375606e-01,1.1042304935e-02,5.6452481604e-04,6.6992719666e-03,1.8160944675e+00
4.1850000000e+02,3.9672820069e-03,1.3378974592e-02,8.0663160906e-01,1.5763846544e-01,1.1102543466e-02,5.7361219275e-04,6.7075132437e-03,1.8150203644e+00
4.1900000000e+02,3.9343789907e-03,1.3315675450e-02,8.0783604059e-01,1.5677245308e-01,1.0902528718e-02,5.7967870586e-04,6.6592444610e-03,1.8085143160e+00
4.1950000000e+02,3.9474776133e-03,1.3241577980e-02,8.0761570500e-01,1.5696596226e-01,1.0914325495e-02,5.9204500094e-04,6.7229066518e-03,1.8110233626e+00
4.2000000000e+02,3.9791463420e-03,1.3325889630e-02,8.0769749001e-01,1.5674264738e-01,1.0918806976e-02,5.9631357619e-04,6.7397060937e-03,1.8134465753e+00
4.2050000000e+02,4.0140230988e-03,1.3388407915e-02,8.0607166672e-01,1.5819381336e-01,1.0983679812e-02,6.0430163416e-04,6.7441074629e-03,1.8196637014e+00
4.2100000000e+02,3.9869216894e-03,1.3299377226e-02,8.0725426227e-01,1.5703704902e-01,1.1038246378e-02,6.0891776542e-04,6.7752256516e-03,1.8177109658e+00
4.2150000000e+02,3.9772131072e-03,1.3197096802e-02,8.0850610579e-01,1.5594860024e-01,1.0999147118e-02,6.1116201569e-04,6.7606749312e-03,1.8133846455e+00
4.2200000000e+02,3.9992087617e-03,1.3064070233e-02,8.0942871453e-01,1.5519168968e-01,1.0868832529e-02,6.2054915054e-04,6.8269351142e-03,1.8106916157e+00
4.2250000000e+02,4.0246186827e-03,1.3077567187e-02,8.0918304218e-01,1.5543941847e-01,1.0833242907e-02,6.2182218256e-04,6.8202883873e-03,1.8113016468e+00
4.2300000000e+02,4.0691873132e-03,1.3159652091e-02,8.0864738982e-01,1.5562624173e-01,1.0989483656e-02,6.3727215678e-04,6.8707732346e-03,1.8171838873e+00
4.2350000000e+02,4.0660914098e-03,1.3113844436e-02,8.1102604179e-01,1.5332719259e-01,1.0917426910e-02,6.4572094237e-04,6.9036819269e-03,1.8109412726e+00
4.2400000000e+02,4.0517332871e-03,1.3137125842e-02,8.1179156999e-01,1.5256008073e-01,1.0885933462e-02,6.4811947738e-04,6.9254372110e-03,1.8097093645e+00
4.2450000000e+02,4.0697252091e-03,1.3146084272e-02,8.0986445291e-01,1.5444178792e-01,1.0792658129e-02,6.5219568285e-04,7.0330958816e-03,1.8162705795e+00
4.2500000000e+02,4.1340073754e-03,1.3184373425e-02,8.0873815313e-01,1.5520779480e-01,1.0981766227e-02,6.5654980897e-04,7.0973552254e-03,1.8248312340e+00
4.2550000000e+02,4.1615251584e-03,1.3295995666e-02,8.0752652042e-01,1.5622961857e-01,1.0938651055e-02,6.7161599532e-04,7.1760731316e-03,1.8311615768e+00
4.2600000000e+02,4.1993655305e-03,1.3416199668e-02,8.0595416150e-01,1.5743922730e-01,1.1073314375e-02,6.7060911374e-04,7.2471225208e-03,1.8394025331e+00
4.2650000000e+02,4.1618637248e-03,1.3466986825e-02,8.0578491034e-01,1.5768496999e-01,1.1037860407e-02,6.7396580980e-04,7.1894429033e-03,1.8388349452e+00
4.2700000000e+02,4.1857484481e-03,1.3495495539e-02,8.0591796810e-01,1.5746745469e-01,1.1038579389e-02,6.7495429448e-04,7.2197995315e-03,1.8400129996e+00
4.2750000000e+02,4.2166903725e-03,1.3439367184e-02,8.0587397002e-01,1.5753150965e-01,1.0976921405e-02,6.7790661954e-04,7.2836347484e-03,1.8414958299e+00
4.2800000000e+02,4.2424236543e-03,1.3370240672e-02,8.0477479369e-01,1.5869456951e-01,1.0978429045e-02,6.8055209697e-04,7.2589913320e-03,1.8447576211e+00
4.2850000000e+02,4.2332140995e-03,1.3381375552e-02,8.0484877098e-01,1.5854664618e-01,1.1108039741e-02,6.9211985529e-04,7.1898335916e-03,1.8448895990e+00
4.2900000000e+02,4.2489583834e-03,1.3423607831e-02,8.0385245171e-01,1.5948091385e-01,1.1108515080e-02,7.0493460158e-04,7.1806185464e-03,1.8480390779e+00
4.2950000000e+02,4.2767075304e-03,1.3464597840e-02,8.0336441929e-01,1.5972215049e-01,1.1240115816e-02,7.1376920083e-04,7.2182398348e-03,1.8532649100e+00
4.3000000000e+02,4.2626108006e-03,1.3437162916e-02,8.0239092732e-01,1.6072094242e-01,1.1221554269e-02,7.2151511651e-04,7.2452871618e-03,1.8549939972e+00
4.3050000000e+02,4.3350923410e-03,1.3432954120e-02,8.0248492236e-01,1.6039904230e-01,1.1274653635e-02,7.3299851586e-04,7.3403367281e-03,1.8588824865e+00
4.3100000000e+02,4.3478493307e-03,1.3517010839e-02,8.0247584014e-01,1.6031052007e-01,1.1301696455e-02,7.3216953113e-04,7.3149136352e-03,1.8599684698e+00
4.3150000000e+02,4.3378855674e-03,1.3550569881e-02,8.0353861221e-01,1.5917787203e-01,1.1358571630e-02,7.3485948066e-04,7.3016292056e-03,1.8578313284e+00
4.3200000000e+02,4.3465529913e-03,1.3539611153e-02,8.0317863347e-01,1.5945654033e-01,1.1424214900e-02,7.4149946419e-04,7.3129476900e-03,1.8616573827e+00
4.3250000000e+02,4.3697818382e-03,1.3662182798e-02,8.0069840744e-01,1.6157593936e-01,1.1528159262e-02,7.5195778408e-04,7.4135715122e-03,1.8727136557e+00
4.3300000000e+02,4.3406850784e-03,1.3630206303e-02,8.0021302633e-01,1.6203333312e-01,1.1609321046e-02,7.5411865328e-04,7.4193094616e-03,1.8733579922e+00
4.3350000000e+02,4.3311479164e-03,1.3642707655e-02,7.9895050418e-01,1.6331872884e-01,1.1596386105e-02,7.5718557001e-04,7.4033397353e-03,1.8759240244e+00
4.3400000000e+02,4.3345677587e-03,1.3664911546e-02,7.9892803380e-01,1.6321646191e-01,1.1615530102e-02,7.6787847296e-04,7.4726164103e-03,1.8776899390e+00
4.3450000000e+02,4.3122656230e-03,1.3645716757e-02,7.9960359206e-01,1.6261468223e-01,1.1584062888e-02,7.6490851665e-04,7.4747719227e-03,1.8749588424e+00
4.3500000000e+02,4.3512177808e-03,1.3737285970e-02,7.9788404449e-01,1.6418402284e-01,1.1629837664e-02,7.7154845629e-04,7.4420427937e-03,1.8816792403e+00
4.3550000000e+02,4.3541392209e-03,1.3805384945e-02,7.9797740622e-01,1.6388295924e-01,1.1634738219e-02,7.7571906090e-04,7.5696530945e-03,1.8845589516e+00
4.3600000000e+02,4.3650724246e-03,1.3882033685e-02,7.9790762592e-01,1.6373112150e-01,1.1697093086e-02,7.8085598722e-04,7.6361973974e-03,1.8873634490e+00
4.3650000000e+02,4.4282823752e-03,1.4061382496e-02,7.9700344675e-01,1.6421286479e-01,1.1796612541e-02,7.8739745561e-04,7.7100135892e-03,1.8953164652e+00
4.3700000000e+02,4.4808060306e-03,1.4236140530e-02,7.9495850950e-01,1.6595314377e-01,1.1869549630e-02,7.9306757191e-04,7.7087829652e-03,1.9041123624e+00
4.3750000000e+02,4.5015603274e-03,1.4296464442e-02,7.9437916357e-01,1.6628748993e-01,1.1924043931e-02,7.9606712678e-04,7.8152106756e-03,1.9086951468e+00
4.3800000000e+02,4.5435631507e-03,1.4295917835e-02,7.9392621560e-01,1.6657939001e-01,1.1942084514e-02,8.0187443772e-04,7.9109544539e-03,1.9127548730e+00
4.3850000000e+02,4.5156349225e-03,1.4192086511e-02,7.9317272024e-01,1.6731677122e-01,1.2020274430e-02,8.0129970281e-04,7.9812129791e-03,1.9156576384e+00
4.3900000000e+02,4.4914083261e-03,1.4159954545e-02,7.9345905560e-01,1.6701545059e-01,1.2079205663e-02,8.0700452171e-04,7.9879207474e-03,1.9147631212e+00
4.3950000000e+02,4.5197639130e-03,1.4188776050e-02,7.9329963106e-01,1.6694686358e-01,1.2141761182e-02,8.1192196895e-04,8.0912822405e-03,1.9181585676e+00
4.4000000000e+02,4.4812388589e-03,1.4057879671e-02,7.9436697944e-01,1.6621153291e-01,1.1993900122e-02,8.0064000281e-04,8.0878289921e-03,1.9109220619e+00
4.4050000000e+02,4.4598396473e-03,1.4037993651e-02,7.9531913302e-01,1.6536818969e-01,1.1933448729e-02,7.9523206741e-04,8.0861631959e-03,1.9077074797e+00
4.4100000000e+02,4.5157818624e-03,1.4161089029e-02,7.9580006485e-01,1.6452841212e-01,1.1950819551e-02,7.9970039991e-04,8.2441321851e-03,1.9116790655e+00
4.4150000000e+02,4.6007791334e-03,1.4255967059e-02,7.9504989724e-01,1.6487051642e-01,1.2098875009e-02,8.1118942821e-04,8.3127757084e-03,1.9208339303e+00
4.4200000000e+02,4.6220365358e-03,1.4241059106e-02,7.9399571709e-01,1.6587346396e-01,1.2140514344e-02,8.1420750762e-04,8.3130014647e-03,1.9236071729e+00
4.4250000000e+02,4.6287722612e-03,1.4211066192e-02,7.9357479057e-01,1.6629260111e-01,1.2153584814e-02,8.2003086363e-04,8.3191541869e-03,1.9248577610e+00
4.4300000000e+02,4.6052683670e-03,1.4193628837e-02,7.9238943572e-01,1.6748652147e-01,1.2081072874e-02,8.2558433612e-04,8.4184883918e-03,1.9273109099e+00
4.4350000000e+02,4.5763019399e-03,1.4246468356e-02,7.9213873945e-01,1.6775447820e-01,1.2037892735e-02,8.1282922572e-04,8.4332900891e-03,1.9269615364e+00
4.4400000000e+02,4.6032664984e-03,1.4333012748e-02,7.9026905357e-01,1.6914474516e-01,1.2212524664e-02,8.2037331361e-04,8.6170240415e-03,1.9372376799e+00
4.4450000000e+02,4.5500012798e-03,1.4164112949e-02,7.9058404674e-01,1.6912227886e-01,1.2185345322e-02,8.2035412426e-04,8.5738607203e-03,1.9325367745e+00
4.4500000000e+02,4.5001346966e-03,1.4121385589e-02,7.9141798395e-01,1.6840692451e-01,1.2151179535e-02,8.2301869577e-04,8.5793730250e-03,1.9291928913e+00
4.4550000000e+02,4.5294069839e-03,1.4266217683e-02,7.9120794340e-01,1.6830543388e-01,1.2217768114e-02,8.2011618569e-04,8.6531137562e-03,1.9336288867e+00
4.4600000000e+02,4.5287504976e-03,1.4306690703e-02,7.9115344675e-01,1.6811604504e-01,1.2360021723e-02,8.2915426675e-04,8.7058910137e-03,1.9381328903e+00
4.4650000000e+02,4.5360066557e-03,1.4228037335e-02,7.9017353815e-01,1.6918811719e-01,1.2419820396e-02,8.3505162215e-04,8.6194286530e-03,1.9392062532e+00
4.4700000000e+02,4.5501258136e-03,1.4364367229e-02,7.8984531895e-01,1.6921733707e-01,1.2456208044e-02,8.3570069371e-04,8.7309422036e-03,1.9438644406e+00
4.4750000000e+02,4.5750128042e-03,1.4427391945e-02,7.8914124111e-01,1.6977648421e-01,1.2493800582e-02,8.4209119669e-04,8.7439781498e-03,1.9479346075e+00
4.4800000000e+02,4.6245323928e-03,1.4448973549e-02,7.8979955959e-01,1.6897858871e-01,1.2420607181e-02,8.4568421628e-04,8.8820543619e-03,1.9486154452e+00
4.4850000000e+02,4.6708390860e-03,1.4522348705e-02,7.8644288153e-01,1.7202841888e-01,1.2532036037e-02,8.5722326633e-04,8.9462524883e-03,1.9600809932e+00
4.4900000000e+02,4.7064833132e-03,1.4538480866e-02,7.8373262760e-01,1.7450207558e-01,1.2616936039e-02,8.6219283612e-04,9.0412037662e-03,1.9688570888e+00
4.4950000000e+02,4.6706701075e-03,1.4439423118e-02,7.8327778992e-01,1.7503275099e-01,1.2614888260e-02,8.6587415810e-04,9.0986034453e-03,1.9696565891e+00
4.5000000000e+02,4.6669071045e-03,1.4376822897e-02,7.8197178424e-01,1.7612674658e-01,1.2830807000e-02,8.6576248279e-04,9.1611696990e-03,1.9758604322e+00
4.5050000000e+02,4.7540688448e-03,1.4388124413e-02,7.8016080567e-01,1.7761358047e-01,1.3021948755e-02,8.7648312339e-04,9.1849887208e-03,1.9850860936e+00
4.5100000000e+02,4.7660469737e-03,1.4306156652e-02,7.8176582962e-01,1.7601944187e-01,1.3120482510e-02,8.7495653231e-04,9.1470858479e-03,1.9816410171e+00
4.5150000000e+02,4.7807226777e-03,1.4399618240e-02,7.8215326190e-01,1.7533256893e-01,1.3279006895e-02,8.7316573058e-04,9.1816556306e-03,1.9837656068e+00
4.5200000000e+02,4.8076951875e-03,1.4571287654e-02,7.8134453838e-01,1.7593773482e-01,1.3272370674e-02,8.6988825016e-04,9.1964850333e-03,1.9874835836e+00
4.5250000000e+02,4.8566280668e-03,1.4484559514e-02,7.8008318301e-01,1.7701417357e-01,1.3416974458e-02,8.7364182194e-04,9.2708395521e-03,1.9931979658e+00
4.5300000000e+02,4.8855400874e-03,1.4416235915e-02,7.7737681882e-01,1.7962814639e-01,1.3537045234e-02,8.7945773923e-04,9.2767558120e-03,2.0006810334e+00
4.5350000000e+02,4.9262691149e-03,1.4583292954e-02,7.7595729345e-01,1.8083461932e-01,1.3513156227e-02,8.9027600737e-04,9.2950929271e-03,2.0070153972e+00
4.5400000000e+02,4.9630619596e-03,1.4631729511e-02,7.7662515733e-01,1.8006098220e-01,1.3497946135e-02,8.9504207980e-04,9.3260807771e-03,2.0064421778e+00
4.5450000000e+02,4.9589777398e-03,1.4529094965e-02,7.7495066873e-01,1.8175134090e-01,1.3540308859e-02,8.9420807140e-04,9.3754007349e-03,2.0092367476e+00
4.5500000000e+02,5.0088258636e-03,1.4468952703e-02,7.7542417577e-01,1.8112157623e-01,1.3548359633e-02,8.9081295336e-04,9.5372968434e-03,2.0105861770e+00
4.5550000000e+02,5.0379941885e-03,1.4322116470e-02,7.7470578017e-01,1.8180504788e-01,1.3682884761e-02,8.9327736430e-04,9.5528991711e-03,2.0135207896e+00
4.5600000000e+02,5.0024473721e-03,1.4071806803e-02,7.7567217205e-01,1.8124861656e-01,1.3613717034e-02,8.8523101916e-04,9.5060091607e-03,2.0060359787e+00
4.5650000000e+02,5.0113738094e-03,1.4047512007e-02,7.7656982392e-01,1.8025847750e-01,1.3685011286e-02,8.8217056333e-04,9.5456309141e-03,2.0050455799e+00
4.5700000000e+02,5.0085631092e-03,1.3850978856e-02,7.7563449046e-01,1.8132630932e-01,1.3726131303e-02,8.6875974537e-04,9.5847672133e-03,2.0045299465e+00
4.5750000000e+02,4.9489375334e-03,1.3762496537e-02,7.7642556475e-01,1.8048188513e-01,1.3815611420e-02,8.7402616904e-04,9.6914784560e-03,2.0040496472e+00
4.5800000000e+02,5.0033300600e-03,1.3604140559e-02,7.7686848706e-01,1.8012946009e-01,1.3795555018e-02,8.7602268333e-04,9.7230045357e-03,2.0032284138e+00
4.5850000000e+02,5.0570767768e-03,1.3749490409e-02,7.7475624647e-01,1.8169955484e-01,1.3932290990e-02,8.9205865206e-04,9.9132818610e-03,2.0150346848e+00
4.5900000000e+02,5.0821325681e-03,1.3852395853e-02,7.7233806681e-01,1.8386045013e-01,1.4056194194e-02,8.8717633542e-04,9.9235841092e-03,2.0231668128e+00
4.5950000000e+02,5.0944043308e-03,1.3708735212e-02,7.7252530266e-01,1.8367929905e-01,1.4163937586e-02,8.8543606535e-04,9.9428850894e-03,2.0230005465e+00
4.6000000000e+02,5.1353495815e-03,1.3766392455e-02,7.7164500883e-01,1.8443942476e-01,1.4143396625e-02,8.7885628446e-04,9.9915714601e-03,2.0266579720e+00
4.6050000000e+02,5.0814627609e-03,1.3660372765e-02,7.7158382221e-01,1.8464319881e-01,1.4221569961e-02,8.8548261962e-04,9.9240908685e-03,2.0246266416e+00
4.6100000000e+02,5.0381979909e-03,1.3673450015e-02,7.7147874725e-01,1.8475563501e-01,1.4231673918e-02,8.8321984945e-04,9.9390759722e-03,2.0247414617e+00
4.6150000000e+02,5.0263966251e-03,1.3616976026e-02,7.6953048134e-01,1.8662187516e-01,1.4379229284e-02,8.9990888015e-04,9.9251326941e-03,2.0295612548e+00
4.6200000000e+02,4.9829605846e-03,1.3668248233e-02,7.6791775768e-01,1.8812209556e-01,1.4433346537e-02,8.9849802964e-04,9.9770933671e-03,2.0338452234e+00
4.6250000000e+02,5.0006773829e-03,1.3781328612e-02,7.6534004489e-01,1.9052597578e-01,1.4397004678e-02,9.0565040578e-04,1.0049318249e-02,2.0410489887e+00
4.6300000000e+02,5.0208530030e-03,1.3847370525e-02,7.6331975686e-01,1.9212119942e-01,1.4614225916e-02,9.0870194085e-04,1.0167892335e-02,2.0499915760e+00
4.6350000000e+02,4.9690470476e-03,1.3864439995e-02,7.6395066709e-01,1.9157745536e-01,1.4552927809e-02,9.1100392708e-04,1.0174458778e-02,2.0473016394e+00
4.6400000000e+02,5.0028022205e-03,1.3952016858e-02,7.6257030287e-01,1.9266975691e-01,1.4659812634e-02,9.2322652542e-04,1.0222081988e-02,2.0545186042e+00
4.6450000000e+02,4.9973316961e-03,1.3846922694e-02,7.6337581154e-01,1.9197662999e-01,1.4591871288e-02,9.2895338652e-04,1.0282479412e-02,2.0527458490e+00
4.6500000000e+02,5.0485148088e-03,1.3716701568e-02,7.6244008128e-01,1.9273065981e-01,1.4759245956e-02,9.2887718046e-04,1.0375919392e-02,2.0568258012e+00
4.6550000000e+02,5.0871197738e-03,1.3665310695e-02,7.6104776165e-01,1.9391253573e-01,1.4874388058e-02,9.2669838167e-04,1.0486185708e-02,2.0626467252e+00
4.6600000000e+02,5.0794832058e-03,1.3587848496e-02,7.6180491330e-01,1.9303261807e-01,1.5025922910e-02,9.1650727324e-04,1.0552706745e-02,2.0631443817e+00
4.6650000000e+02,5.1133581601e-03,1.3598544026e-02,7.6099199794e-01,1.9370345871e-01,1.5037824714e-02,9.1128760814e-04,1.0643528848e-02,2.0662985744e+00
4.6700000000e+02,5.0809688039e-03,1.3458124400e-02,7.6220635090e-01,1.9291360053e-01,1.4842496845e-02,8.9779919828e-04,1.0600659322e-02,2.0587274770e+00
4.6750000000e+02,5.0591911600e-03,1.3412075224e-02,7.6107834573e-01,1.9387499924e-01,1.4941492048e-02,8.9418101068e-04,1.0739715594e-02,2.0619968252e+00
4.6800000000e+02,5.0530690249e-03,1.3412502233e-02,7.5922997211e-01,1.9579720363e-01,1.4772070790e-02,8.9881120306e-04,1.0836371014e-02,2.0646359737e+00
4.6850000000e+02,5.0887844269e-03,1.3477753844e-02,7.5632664844e-01,1.9849584853e-01,1.4846276461e-02,9.0787993013e-04,1.0856808375e-02,2.0736874896e+00
4.6900000000e+02,5.1228310178e-03,1.3457031908e-02,7.5572682000e-01,1.9890984922e-01,1.4912995965e-02,9.0860902892e-04,1.0961862857e-02,2.0780492435e+00
4.6950000000e+02,5.1335254239e-03,1.3427974347e-02,7.5347654632e-01,2.0077961487e-01,1.5182737452e-02,9.1408855752e-04,1.1085513031e-02,2.0866444355e+00
4.7000000000e+02,5.1132841626e-03,1.3300987751e-02,7.5440741080e-01,2.0006448812e-01,1.5088959783e-02,9.0094320924e-04,1.1123926171e-02,2.0818009228e+00
4.7050000000e+02,5.1336244988e-03,1.3369737126e-02,7.5061526568e-01,2.0326202177e-01,1.5405559587e-02,9.0956353954e-04,1.1304227795e-02,2.0956516774e+00
4.7100000000e+02,5.0919435091e-03,1.3465254261e-02,7.4884500798e-01,2.0474905991e-01,1.5570879977e-02,9.1780432803e-04,1.1360050033e-02,2.1012530912e+00
4.7150000000e+02,5.0897194039e-03,1.3494085546e-02,7.4804433549e-01,2.0527198474e-01,1.5590314091e-02,9.2583220832e-04,1.1583728523e-02,2.1068026977e+00
4.7200000000e+02,5.1212788116e-03,1.3545346283e-02,7.4739042657e-01,2.0554296777e-01,1.5731523691e-02,9.2975241867e-04,1.1738704452e-02,2.1119641688e+00
4.7250000000e+02,5.1117335010e-03,1.3389228140e-02,7.4388834166e-01,2.0891881741e-01,1.5862460721e-02,9.3571218592e-04,1.1893706384e-02,2.1196398167e+00
4.7300000000e+02,5.0984226585e-03,1.3383198148e-02,7.4192105038e-01,2.1074353088e-01,1.5903056895e-02,9.3933902059e-04,1.2011402015e-02,2.1245887371e+00
4.7350000000e+02,5.1192230855e-03,1.3352440513e-02,7.4129695001e-01,2.1102440067e-01,1.6087185121e-02,9.3869227853e-04,1.2181108331e-02,2.1302039528e+00
4.7400000000e+02,5.0506898928e-03,1.3257290309e-02,7.4287015243e-01,2.0953339839e-01,1.6175830641e-02,9.3914223886e-04,1.2173496103e-02,2.1263773607e+00
4.7450000000e+02,5.0413659342e-03,1.3088893147e-02,7.4474803043e-01,2.0790827050e-01,1.6069946115e-02,9.3633887914e-04,1.2207154996e-02,2.1203608183e+00
4.7500000000e+02,5.0044434222e-03,1.2862441966e-02,7.4879935150e-01,2.0433288534e-01,1.5911220919e-02,9.2982064051e-04,1.2159836207e-02,2.1072069683e+00
4.7550000000e+02,4.9779279115e-03,1.2757861400e-02,7.4883064877e-01,2.0433334436e-01,1.6047648886e-02,9.1633252448e-04,1.2136236149e-02,2.1047989720e+00
4.7600000000e+02,4.9462239776e-03,1.2612361579e-02,7.4919326679e-01,2.0419016558e-01,1.5952038189e-02,9.1454186689e-04,1.2191402017e-02,2.1014677870e+00
4.7650000000e+02,4.9760286966e-03,1.2694706283e-02,7.4771130480e-01,2.0526181564e-01,1.6111324797e-02,9.1897305646e-04,1.2325846719e-02,2.1095270273e+00
4.7700000000e+02,4.9453732673e-03,1.2606973516e-02,7.4853426482e-01,2.0433784066e-01,1.6223855721e-02,9.2311369451e-04,1.2428578323e-02,2.1085696235e+00
4.7750000000e+02,4.9720838357e-03,1.2767942740e-02,7.4708637776e-01,2.0528135077e-01,1.6386008899e-02,9.3617153525e-04,1.2570064461e-02,2.1178646792e+00
4.7800000000e+02,4.9489966969e-03,1.2795184248e-02,7.4499654194e-01,2.0722629603e-01,1.6470337848e-02,9.3889024290e-04,1.2623752997e-02,2.1238112584e+00
4.7850000000e+02,4.9783884181e-03,1.2838379818e-02,7.4378558831e-01,2.0801923674e-01,1.6636806409e-02,9.4343863420e-04,1.2798161670e-02,2.1311117004e+00
4.7900000000e+02,4.9916174695e-03,1.2864789394e-02,7.4322110851e-01,2.0829007435e-01,1.6757120213e-02,9.4720440493e-04,1.2928085662e-02,2.1362362888e+00
4.7950000000e+02,5.0169180125e-03,1.2738034761e-02,7.4221936847e-01,2.0932734752e-01,1.6767365811e-02,9.4166896815e-04,1.2989296461e-02,2.1376673750e+00
4.8000000000e+02,4.9522856499e-03,1.2765275822e-02,7.3963959309e-01,2.1154184555e-01,1.6908187487e-02,9.5095801216e-04,1.3241854385e-02,2.1466181201e+00
4.8050000000e+02,4.9507943664e-03,1.2731416173e-02,7.3940469871e-01,2.1154792249e-01,1.7094175193e-02,9.5591928387e-04,1.3315073781e-02,2.1493976023e+00
4.8100000000e+02,4.8602173186e-03,1.2637340480e-02,7.3851284677e-01,2.1250786675e-01,1.7262275538e-02,9.4515035098e-04,1.3274302795e-02,2.1488387134e+00
4.8150000000e+02,4.8835786159e-03,1.2678313384e-02,7.3843602270e-01,2.1238470245e-01,1.7436841435e-02,9.4660539741e-04,1.3233936017e-02,2.1506735240e+00
4.8200000000e+02,4.8507705387e-03,1.2799976711e-02,7.3903207057e-01,2.1142890059e-01,1.7633776391e-02,9.6049861088e-04,1.3294006580e-02,2.1538015140e+00
4.8250000000e+02,4.8611602489e-03,1.2741463407e-02,7.3811331876e-01,2.1240957894e-01,1.7527726008e-02,9.6386687314e-04,1.3382885762e-02,2.1547954156e+00
4.8300000000e+02,4.8654745779e-03,1.2632758630e-02,7.3734910507e-01,2.1326294291e-01,1.7541595685e-02,9.5217123963e-04,1.3395951892e-02,2.1549984183e+00
4.8350000000e+02,4.8596721430e-03,1.2709088623e-02,7.3746823045e-01,2.1276643813e-01,1.7571069330e-02,9.4880311216e-04,1.3676698219e-02,2.1584571415e+00
4.8400000000e+02,4.8876330703e-03,1.2661697474e-02,7.3737497547e-01,2.1265297956e-01,1.7695243639e-02,9.5268438276e-04,1.3774786401e-02,2.1617444610e+00
4.8450000000e+02,4.8865226695e-03,1.2633837043e-02,7.3628809346e-01,2.1337126709e-01,1.7996353412e-02,9.4598852861e-04,1.3877937792e-02,2.1673229070e+00
4.8500000000e+02,4.8504588804e-03,1.2587632716e-02,7.3585493128e-01,2.1365234628e-01,1.8184263804e-02,9.4638205393e-04,1.3923984986e-02,2.1684369808e+00
4.8550000000e+02,4.8624905864e-03,1.2778320950e-02,7.3423454228e-01,2.1473573118e-01,1.8333568580e-02,9.4911268869e-04,1.4106233729e-02,2.1776008303e+00
4.8600000000e+02,4.8497890904e-03,1.2730524904e-02,7.3393820356e-01,2.1495968047e-01,1.8359715683e-02,9.4958186753e-04,1.4212504419e-02,2.1783056207e+00
4.8650000000e+02,4.8280811374e-03,1.2770878944e-02,7.3269284018e-01,2.1576125335e-01,1.8619999550e-02,9.4774738886e-04,1.4379199452e-02,2.1848757027e+00
4.8700000000e+02,4.9021391512e-03,1.2950424380e-02,7.2857431133e-01,2.1891113404e-01,1.8942769089e-02,9.6040393713e-04,1.4758818071e-02,2.2038413644e+00
4.8750000000e+02,4.9247059989e-03,1.2945510524e-02,7.2889486724e-01,2.1803342933e-01,1.9303587212e-02,9.6615097458e-04,1.4931748722e-02,2.2087550233e+00
4.8800000000e+02,4.9560438359e-03,1.2992152409e-02,7.2821779133e-01,2.1827299299e-01,1.9466103581e-02,9.7160303098e-04,1.5123312818e-02,2.2151765292e+00
4.8850000000e+02,4.9698332688e-03,1.3048820396e-02,7.2697619485e-01,2.1909985685e-01,1.9607532552e-02,9.8130312548e-04,1.5316458954e-02,2.2222744897e+00
4.8900000000e+02,4.9192359638e-03,1.3018011470e-02,7.2652317629e-01,2.1942494108e-01,1.9690033202e-02,9.8358300153e-04,1.5441018993e-02,2.2231952140e+00
4.8950000000e+02,4.9205276479e-03,1.3135982344e-02,7.2494462156e-01,2.2041004589e-01,1.9915073162e-02,9.9572780838e-04,1.5678021588e-02,2.2321041997e+00
4.9000000000e+02,4.9604162690e-03,1.3188310617e-02,7.2412286321e-01,2.2082092725e-01,2.0172679439e-02,1.0041103181e-03,1.5730692898e-02,2.2379525014e+00
4.9050000000e+02,4.9361355657e-03,1.3091690904e-02,7.2313607170e-01,2.2144007991e-01,2.0392946231e-02,1.0187694596e-03,1.5984306228e-02,2.2423383460e+00
4.9100000000e+02,4.8806518585e-03,1.3233719148e-02,7.2406485494e-01,2.2030324974e-01,2.0515330240e-02,1.0079006812e-03,1.5994293392e-02,2.2419131038e+00
4.9150000000e+02,4.9084051666e-03,1.3325603638e-02,7.2372180953e-01,2.2012159283e-01,2.0703458329e-02,1.0087061189e-03,1.6210424385e-02,2.2472930502e+00
4.9200000000e+02,4.8866867512e-03,1.3380649234e-02,7.2502611314e-01,2.1857420761e-01,2.0748890797e-02,1.0057386144e-03,1.6377713854e-02,2.2466596424e+00
4.9250000000e+02,4.8906656669e-03,1.3275413188e-02,7.2585551419e-01,2.1809340460e-01,2.0583176086e-02,9.9994717233e-04,1.6301879095e-02,2.2412380816e+00
4.9300000000e+02,4.8427588707e-03,1.3257019211e-02,7.2440536841e-01,2.1962403426e-01,2.0564794204e-02,9.8809325026e-04,1.6317931790e-02,2.2423030408e+00
4.9350000000e+02,4.8855006161e-03,1.3171357331e-02,7.2534042827e-01,2.1833454458e-01,2.0791881721e-02,9.8931351082e-04,1.6486973968e-02,2.2439475710e+00
4.9400000000e+02,4.8817838694e-03,1.3211238387e-02,7.2562997711e-01,2.1790065984e-01,2.0833313809e-02,1.0034423658e-03,1.6539584616e-02,2.2462619320e+00
4.9450000000e+02,4.9015106563e-03,1.3360979010e-02,7.2402262388e-01,2.1921286166e-01,2.0919017909e-02,1.0073627764e-03,1.6575644108e-02,2.2532125878e+00
4.9500000000e+02,4.8434128874e-03,1.3354840752e-02,7.2545701209e-01,2.1769384307e-01,2.1002553007e-02,9.9931982885e-04,1.6649018364e-02,2.2508594704e+00
4.9550000000e+02,4.8370343836e-03,1.3623919234e-02,7.2157974593e-01,2.2100004662e-01,2.1126366652e-02,1.0178240868e-03,1.6815063097e-02,2.2629455442e+00
4.9600000000e+02,4.8711049366e-03,1.3738956720e-02,7.1860269488e-01,2.2337371625e-01,2.1324189892e-02,1.0417207399e-03,1.7047616581e-02,2.2746037846e+00
4.9650000000e+02,4.8899139750e-03,1.3684789178e-02,7.1753019545e-01,2.2420121401e-01,2.1530902760e-02,1.0510503787e-03,1.7111934241e-02,2.2787223863e+00
4.9700000000e+02,4.8823054436e-03,1.3663957999e-02,7.1339296472e-01,2.2807052458e-01,2.1713284320e-02,1.0624028307e-03,1.7214560108e-02,2.2876735243e+00
4.9750000000e+02,4.8785881013e-03,1.3674903426e-02,7.1221317746e-01,2.2902020243e-01,2.1875185465e-02,1.0810230793e-03,1.7256920040e-02,2.2929705955e+00
4.9800000000e+02,4.8652806646e-03,1.3626271667e-02,7.1069906749e-01,2.3053637243e-01,2.2004645164e-02,1.0779887657e-03,1.7190373817e-02,2.2951743657e+00
4.9850000000e+02,4.8312596504e-03,1.3574436889e-02,7.1063427830e-01,2.3072147805e-01,2.1936748004e-02,1.0829197637e-03,1.7218879345e-02,2.2931836365e+00
4.9900000000e+02,4.8359909421e-03,1.3743118782e-02,7.0977102040e-01,2.3129903557e-01,2.1830063768e-02,1.0879992278e-03,1.7432771316e-02,2.2972084098e+00
4.9950000000e+02,4.8058994384e-03,1.3665344331e-02,7.1004764508e-01,2.3121483730e-01,2.1645545512e-02,1.0908482995e-03,1.7529880041e-02,2.2950821227e+00
5.0000000000e+02,4.8416432605e-03,1.3830272855e-02,7.0993921380e-01,2.3106780363e-01,2.1654439840e-02,1.0945759555e-03,1.7572050652e-02,2.2977680485e+00
5.0050000000e+02,4.8298925266e-03,1.3912546412e-02,7.0847990512e-01,2.3224527551e-01,2.1860361596e-02,1.1036796237e-03,1.7568339207e-02,2.3020006322e+00
5.0100000000e+02,4.7978932633e-03,1.3999257066e-02,7.0666336917e-01,2.3389232105e-01,2.1782909535e-02,1.0935321668e-03,1.7770717749e-02,2.3060891350e+00
5.0150000000e+02,4.7787320790e-03,1.4195034214e-02,7.0319484549e-01,2.3663200790e-01,2.2290367820e-02,1.1079617155e-03,1.7801050777e-02,2.3180045863e+00
5.0200000000e+02,4.7300346893e-03,1.4091887598e-02,7.0334324546e-01,2.3685904245e-01,2.2229268280e-02,1.1047945533e-03,1.7641726969e-02,2.3126804906e+00
5.0250000000e+02,4.7559445433e-03,1.4016544623e-02,7.0404760788e-01,2.3629515752e-01,2.2337413148e-02,1.0981185624e-03,1.7449213718e-02,2.3097279171e+00
5.0300000000e+02,4.7503103221e-03,1.4119923511e-02,7.0173824707e-01,2.3840594689e-01,2.2339484654e-02,1.1086345413e-03,1.7537453009e-02,2.3162906373e+00
5.0350000000e+02,4.7616238334e-03,1.4179726570e-02,6.9826765220e-01,2.4157769829e-01,2.2439887285e-02,1.1142268939e-03,1.7659184925e-02,2.3258327017e+00
5.0400000000e+02,4.7880531344e-03,1.4280854425e-02,6.9663740046e-01,2.4268715421e-01,2.2709347386e-02,1.1264384070e-03,1.7770751976e-02,2.3331187355e+00
5.0450000000e+02,4.7760585728e-03,1.4150205647e-02,6.9773247942e-01,2.4165363427e-01,2.2821668038e-02,1.1223277210e-03,1.7743626335e-02,2.3304024320e+00
5.0500000000e+02,4.7766773001e-03,1.4135295291e-02,6.9667684757e-01,2.4260073405e-01,2.2872976215e-02,1.1393456279e-03,1.7798123944e-02,2.3343292036e+00
5.0550000000e+02,4.7307803397e-03,1.4120901683e-02,6.9751523910e-01,2.4173786840e-01,2.3000812620e-02,1.1365129394e-03,1.7757884924e-02,2.3322026656e+00
5.0600000000e+02,4.6625769407e-03,1.4225202913e-02,6.9800193587e-01,2.4117504400e-01,2.3178304147e-02,1.1366987478e-03,1.7620237384e-02,2.3301030073e+00
5.0650000000e+02,4.6873058413e-03,1.4219835299e-02,6.9949260711e-01,2.3974035113e-01,2.3063361457e-02,1.1332306290e-03,1.7663308531e-02,2.3279658297e+00
5.0700000000e+02,4.6842691973e-03,1.4221330164e-02,6.9786356682e-01,2.4118223374e-01,2.3149801865e-02,1.1282636965e-03,1.7770534520e-02,2.3311029085e+00
5.0750000000e+02,4.6729698268e-03,1.4195116044e-02,6.9636487606e-01,2.4242785262e-01,2.3334887596e-02,1.1221317797e-03,1.7882166077e-02,2.3354204676e+00
5.0800000000e+02,4.7315467626e-03,1.4385763649e-02,6.9352670203e-01,2.4477912621e-01,2.3507296740e-02,1.1242808669e-03,1.7945283745e-02,2.3442103625e+00
5.0850000000e+02,4.7424124169e-03,1.4437776870e-02,6.9347251299e-01,2.4490597194e-01,2.3443257756e-02,1.1175423796e-03,1.7880525647e-02,2.3448686763e+00
5.0900000000e+02,4.7356663246e-03,1.4530438032e-02,6.9320897242e-01,2.4521512956e-01,2.3322801693e-02,1.1047231118e-03,1.7882268857e-02,2.3437978947e+00
5.0950000000e+02,4.7174171273e-03,1.4559085280e-02,6.9197209448e-01,2.4655218531e-01,2.3170520473e-02,1.1085228796e-03,1.7920174447e-02,2.3450434044e+00
5.1000000000e+02,4.6769720475e-03,1.4472053709e-02,6.9276562184e-01,2.4599276555e-01,2.3097802552e-02,1.0920931618e-03,1.7902691138e-02,2.3391350677e+00
5.1050000000e+02,4.6515421058e-03,1.4518728340e-02,6.9000418487e-01,2.4835055186e-01,2.3199231902e-02,1.0954308647e-03,1.8180330062e-02,2.3463401192e+00
5.1100000000e+02,4.6216601660e-03,1.4443072207e-02,6.8958753478e-01,2.4908560362e-01,2.3078534656e-02,1.0951958778e-03,1.8088398693e-02,2.3429633610e+00
5.1150000000e+02,4.5996024974e-03,1.4454329160e-02,6.8641538366e-01,2.5215158701e-01,2.3188852006e-02,1.0849581165e-03,1.8105287552e-02,2.3479127444e+00
5.1200000000e+02,4.5689746085e-03,1.4421179986e-02,6.8363545065e-01,2.5472513433e-01,2.3249886577e-02,1.0785098855e-03,1.8320863965e-02,2.3522300463e+00
5.1250000000e+02,4.5724763735e-03,1.4501166156e-02,6.7944595437e-01,2.5826300651e-01,2.3537002482e-02,1.0759748560e-03,1.8604419247e-02,2.3656446481e+00
5.1300000000e+02,4.5183917473e-03,1.4499875624e-02,6.7968222221e-01,2.5810176571e-01,2.3567926080e-02,1.0724797250e-03,1.8557338901e-02,2.3655206328e+00
5.1350000000e+02,4.5122331273e-03,1.4361802003e-02,6.7869949433e-01,2.5934927255e-01,2.3421419441e-02,1.0510666891e-03,1.8604711861e-02,2.3643984853e+00
5.1400000000e+02,4.4739580133e-03,1.4389468344e-02,6.7840325878e-01,2.5968291620e-01,2.3409690456e-02,1.0346693802e-03,1.8606038828e-02,2.3626116863e+00
5.1450000000e+02,4.4681069495e-03,1.4266555815e-02,6.7841319385e-01,2.5973624329e-01,2.3332086537e-02,1.0370425530e-03,1.8746771005e-02,2.3624446398e+00
5.1500000000e+02,4.4308141533e-03,1.4376938451e-02,6.7646666476e-01,2.6153107792e-01,2.3274105549e-02,1.0265413764e-03,1.8893857783e-02,2.3661392809e+00
5.1550000000e+02,4.4366234721e-03,1.4461718338e-02,6.7765897990e-01,2.6022817777e-01,2.3254562066e-02,1.0153334138e-03,1.8944605041e-02,2.3660086217e+00
5.1600000000e+02,4.4138150568e-03,1.4603520138e-02,6.7564490553e-01,2.6184992402e-01,2.3413371964e-02,1.0165243652e-03,1.9057938927e-02,2.3721601778e+00
5.1650000000e+02,4.4528320749e-03,1.4715834314e-02,6.7454359899e-01,2.6202815232e-01,2.3865904355e-02,1.0243292928e-03,1.9369348656e-02,2.3822227376e+00
5.1700000000e+02,4.4082073242e-03,1.4509685883e-02,6.7466255540e-01,2.6214729603e-01,2.3926068073e-02,1.0037317254e-03,1.9342455560e-02,2.3780604892e+00
5.1750000000e+02,4.4181636280e-03,1.4532315745e-02,6.7294599873e-01,2.6332113780e-01,2.4279491329e-02,9.9033940317e-04,1.9512553365e-02,2.3836618397e+00
5.1800000000e+02,4.3953124583e-03,1.4541971104e-02,6.7140136203e-01,2.6470243244e-01,2.4408012688e-02,9.7589888188e-04,1.9575010399e-02,2.3850667791e+00
5.1850000000e+02,4.4052089906e-03,1.4466414569e-02,6.7191346693e-01,2.6393997132e-01,2.4646414275e-02,9.6830333166e-04,1.9660220582e-02,2.3857594191e+00
5.1900000000e+02,4.4134751040e-03,1.4447746262e-02,6.7263622128e-01,2.6288424739e-01,2.5002265186e-02,9.5497911182e-04,1.9661065667e-02,2.3889337995e+00
5.1950000000e+02,4.3936342607e-03,1.4316394159e-02,6.7604366519e-01,2.5958754729e-01,2.5003748189e-02,9.3683963716e-04,1.9718171267e-02,2.3807786265e+00
5.2000000000e+02,4.3608832099e-03,1.4225579039e-02,6.7477059433e-01,2.6042527311e-01,2.5290562536e-02,9.4267182333e-04,1.9984435951e-02,2.3859061228e+00
5.2050000000e+02,4.3016068255e-03,1.4065175404e-02,6.7590628821e-01,2.5943247760e-01,2.5203758637e-02,9.3260366142e-04,2.0158089662e-02,2.3810709786e+00
5.2100000000e+02,4.2639629980e-03,1.4083495568e-02,6.7675869769e-01,2.5818323963e-01,2.5368661588e-02,9.3596256803e-04,2.0405979958e-02,2.3815398203e+00
5.2150000000e+02,4.2585598558e-03,1.3961492220e-02,6.7845834702e-01,2.5670842547e-01,2.5311211569e-02,9.3151054617e-04,2.0370453317e-02,2.3762910230e+00
5.2200000000e+02,4.3454965447e-03,1.4118959803e-02,6.7711638014e-01,2.5724776356e-01,2.5661487246e-02,9.4564128882e-04,2.0564271420e-02,2.3870133152e+00
5.2250000000e+02,4.3709872205e-03,1.4071372999e-02,6.7523736949e-01,2.5888589989e-01,2.5665870666e-02,9.4431942169e-04,2.0824180312e-02,2.3907601005e+00
5.2300000000e+02,4.3601552606e-03,1.4077189938e-02,6.7466089667e-01,2.5898078124e-01,2.5950490663e-02,9.4543305698e-04,2.1025053177e-02,2.3952369635e+00
5.2350000000e+02,4.3431989059e-03,1.3998969698e-02,6.7523399364e-01,2.5799854876e-01,2.6213780751e-02,9.3600638465e-04,2.1275501863e-02,2.3950236188e+00
5.2400000000e+02,4.3309036145e-03,1.4195035381e-02,6.7577677572e-01,2.5656541660e-01,2.6551001412e-02,9.4178776437e-04,2.1639079516e-02,2.4019819178e+00
5.2450000000e+02,4.3536659487e-03,1.4213314408e-02,6.7597578550e-01,2.5597586381e-01,2.6761890655e-02,9.4390553705e-04,2.1775574137e-02,2.4056695578e+00
5.2500000000e+02,4.3913502881e-03,1.4199869400e-02,6.7547134193e-01,2.5574782157e-01,2.7123064387e-02,9.4786425752e-04,2.2118688170e-02,2.4128877255e+00
5.2550000000e+02,4.3823588534e-03,1.4082146115e-02,6.7783667325e-01,2.5351564500e-01,2.7302471952e-02,9.3573785717e-04,2.1944966967e-02,2.4068000681e+00
5.2600000000e+02,4.3949237373e-03,1.4179336861e-02,6.7665142882e-01,2.5381383846e-01,2.7802388768e-02,9.4455633079e-04,2.2213527026e-02,2.4151681709e+00
5.2650000000e+02,4.3802019968e-03,1.4039669474e-02,6.7978205163e-01,2.5070098496e-01,2.7834871150e-02,9.4147192401e-04,2.2320748859e-02,2.4096335574e+00
5.2700000000e+02,4.3773382704e-03,1.3856837339e-02,6.7882861111e-01,2.5166481811e-01,2.7845029944e-02,9.3986302560e-04,2.2487502205e-02,2.4096335363e+00
5.2750000000e+02,4.3807149785e-03,1.3898282502e-02,6.7919478922e-01,2.5096518519e-01,2.8010046275e-02,9.3381394819e-04,2.2617167880e-02,2.4114360555e+00
5.2800000000e+02,4.4151678359e-03,1.3800795855e-02,6.7774941135e-01,2.5229870494e-01,2.8149072341e-02,9.3748698354e-04,2.2649360700e-02,2.4147863648e+00
5.2850000000e+02,4.3821384561e-03,1.3854057958e-02,6.7555248963e-01,2.5416855512e-01,2.8262081084e-02,9.4602393390e-04,2.2834653825e-02,2.4201065853e+00
5.2900000000e+02,4.3532457347e-03,1.3615523392e-02,6.7625755239e-01,2.5395062115e-01,2.8227416653e-02,9.4638025799e-04,2.2649260423e-02,2.4134866712e+00
5.2950000000e+02,4.3913991706e-03,1.3487790948e-02,6.7664822022e-01,2.5360408703e-01,2.8220034583e-02,9.5186148903e-04,2.2696606567e-02,2.4132922520e+00
5.3000000000e+02,4.4145426387e-03,1.3444324837e-02,6.8007704950e-01,2.4999849955e-01,2.8416931332e-02,9.5394956976e-04,2.2694702567e-02,2.4091395539e+00
5.3050000000e+02,4.4493992199e-03,1.3367847380e-02,6.8001960758e-01,2.4998909049e-01,2.8551539826e-02,9.4727143739e-04,2.2675244066e-02,2.4091292895e+00
5.3100000000e+02,4.4288381160e-03,1.3308853284e-02,6.8031263015e-01,2.4958223060e-01,2.8599612249e-02,9.3209494544e-04,2.2835740653e-02,2.4072895046e+00
5.3150000000e+02,4.4229887874e-03,1.3109446190e-02,6.8226535382e-01,2.4852178036e-01,2.8286282956e-02,9.2112838684e-04,2.2473019493e-02,2.3959773610e+00
5.3200000000e+02,4.3912522684e-03,1.3100385744e-02,6.7871916764e-01,2.5176529008e-01,2.8521875200e-02,9.2564317533e-04,2.2576385894e-02,2.4041651758e+00
5.3250000000e+02,4.3917518561e-03,1.2938193830e-02,6.7974593440e-01,2.5080556860e-01,2.8533239549e-02,9.1224117893e-04,2.2673070588e-02,2.4000817281e+00
5.3300000000e+02,4.3962550752e-03,1.2828731473e-02,6.8291904666e-01,2.4809609267e-01,2.8337031492e-02,9.0812801749e-04,2.2514714614e-02,2.3905379023e+00
5.3350000000e+02,4.4135903268e-03,1.2792782509e-02,6.8249367947e-01,2.4814326586e-01,2.8681757136e-02,9.0733100681e-04,2.2567593688e-02,2.3941026034e+00
5.3400000000e+02,4.4400566634e-03,1.2685460024e-02,6.8582386790e-01,2.4495839728e-01,2.8800609801e-02,9.0938987804e-04,2.2382218456e-02,2.3878226953e+00
5.3450000000e+02,4.5028455119e-03,1.2762005578e-02,6.8387963655e-01,2.4653386196e-01,2.9110223908e-02,9.1758052429e-04,2.2293845964e-02,2.3951408351e+00
5.3500000000e+02,4.5139611561e-03,1.2720651307e-02,6.8380417729e-01,2.4650211758e-01,2.9291723261e-02,9.2986415953e-04,2.2237505240e-02,2.3958297017e+00
5.3550000000e+02,4.5115200516e-03,1.2774671385e-02,6.8262700431e-01,2.4778863373e-01,2.9308679251e-02,9.3670001651e-04,2.2052791257e-02,2.3964835173e+00
5.3600000000e+02,4.4878635857e-03,1.2662954410e-02,6.8238585495e-01,2.4792398593e-01,2.9402153875e-02,9.4591070462e-04,2.2191276536e-02,2.3959250931e+00
5.3650000000e+02,4.5136648016e-03,1.2662607516e-02,6.8129091708e-01,2.4901658636e-01,2.9310226035e-02,9.4619674528e-04,2.2259801467e-02,2.3977658962e+00
5.3700000000e+02,4.5581704139e-03,1.2630487590e-02,6.8118526677e-01,2.4935504401e-01,2.9122679781e-02,9.4564151699e-04,2.2202709916e-02,2.3959659328e+00
5.3750000000e+02,4.6124478505e-03,1.2635012076e-02,6.8226087282e-01,2.4804800402e-01,2.9165117976e-02,9.5638731839e-04,2.2322157936e-02,2.3977695795e+00
5.3800000000e+02,4.6148942563e-03,1.2634263751e-02,6.8256752450e-01,2.4798700229e-01,2.8973632246e-02,9.6412064990e-04,2.2258562314e-02,2.3954025977e+00
5.3850000000e+02,4.5898994328e-03,1.2610642667e-02,6.8581445017e-01,2.4523575454e-01,2.8655784401e-02,9.6424900698e-04,2.2129219783e-02,2.3862880946e+00
5.3900000000e+02,4.5229707226e-03,1.2460891990e-02,6.8663597093e-01,2.4471931721e-01,2.8758449140e-02,9.6603644200e-04,2.1936363563e-02,2.3802960370e+00
5.3950000000e+02,4.5277807170e-03,1.2405254212e-02,6.8274747069e-01,2.4841055099e-01,2.8961903915e-02,9.6162107824e-04,2.1985418405e-02,2.3854448018e+00
5.4000000000e+02,4.5863434912e-03,1.2371282715e-02,6.8079462973e-01,2.5016634770e-01,2.9189961682e-02,9.6173157436e-04,2.1929703112e-02,2.3908189323e+00
5.4050000000e+02,4.6024795812e-03,1.2229667814e-02,6.8302074604e-01,2.4822179854e-01,2.8927661396e-02,9.4671877922e-04,2.2050927845e-02,2.3856542152e+00
5.4100000000e+02,4.5915365644e-03,1.2111358557e-02,6.8270398193e-01,2.4920448547e-01,2.8713141657e-02,9.3289126519e-04,2.1742604549e-02,2.3801307092e+00
5.4150000000e+02,4.5969456214e-03,1.2161698771e-02,6.8111214117e-01,2.5063497074e-01,2.8697118049e-02,9.3437863935e-04,2.1862747014e-02,2.3850413988e+00
5.4200000000e+02,4.5688546523e-03,1.2109840675e-02,6.8202479874e-01,2.4948851020e-01,2.8917349264e-02,9.2870754687e-04,2.1961938922e-02,2.3858405937e+00
5.4250000000e+02,4.5122815719e-03,1.2003840772e-02,6.8358288750e-01,2.4756691834e-01,2.9034197773e-02,9.2904371849e-04,2.2370830323e-02,2.3850919049e+00
5.4300000000e+02,4.4534621596e-03,1.1735363319e-02,6.8406020016e-01,2.4728762218e-01,2.9162923970e-02,9.2387270454e-04,2.2376555498e-02,2.3794561229e+00
5.4350000000e+02,4.3854465607e-03,1.1684508831e-02,6.8586566721e-01,2.4566057831e-01,2.8993687289e-02,9.2256338796e-04,2.2487548410e-02,2.3742602661e+00
5.4400000000e+02,4.3392038022e-03,1.1579837007e-02,6.8608307007e-01,2.4597331051e-01,2.8789521880e-02,9.1721530217e-04,2.2317841428e-02,2.3678086071e+00
5.4450000000e+02,4.3391647613e-03,1.1648274339e-02,6.8437330113e-01,2.4778061172e-01,2.8768863709e-02,9.1637381714e-04,2.2173410526e-02,2.3685474237e+00
5.4500000000e+02,4.3490094515e-03,1.1629700358e-02,6.8514393748e-01,2.4719252250e-01,2.8562531884e-02,9.1860266197e-04,2.2203695669e-02,2.3666787998e+00
5.4550000000e+02,4.3176822890e-03,1.1609198606e-02,6.8565022108e-01,2.4730415515e-01,2.8222636929e-02,9.0467491064e-04,2.1991431032e-02,2.3610012255e+00
5.4600000000e+02,4.2991108582e-03,1.1497869441e-02,6.8508386338e-01,2.4819304521e-01,2.8150726190e-02,8.9185417650e-04,2.1883530745e-02,2.3589642494e+00
5.4650000000e+02,4.2606491344e-03,1.1477455833e-02,6.8477994640e-01,2.4877736170e-01,2.8046161229e-02,8.8394396522e-04,2.1774481745e-02,2.3560036836e+00
5.4700000000e+02,4.2222253335e-03,1.1567494666e-02,6.8325523676e-01,2.5039829494e-01,2.8062692807e-02,8.7519021738e-04,2.1618865276e-02,2.3559960548e+00
5.4750000000e+02,4.1745979070e-03,1.1493318118e-02,6.8385159446e-01,2.5050111470e-01,2.7844962066e-02,8.6615123263e-04,2.1268261511e-02,2.3475673735e+00
5.4800000000e+02,4.1256032373e-03,1.1359837297e-02,6.8592034842e-01,2.4877091089e-01,2.7569584704e-02,8.5922069075e-04,2.1394494754e-02,2.3394524481e+00
5.4850000000e+02,4.1324302371e-03,1.1388424585e-02,6.8487366310e-01,2.4946247556e-01,2.7548625014e-02,8.5979428323e-04,2.1734587220e-02,2.3435763289e+00
5.4900000000e+02,4.1524886013e-03,1.1474380113e-02,6.8448105684e-01,2.4970961083e-01,2.7625395278e-02,8.6134189988e-04,2.1695726441e-02,2.3451198724e+00
5.4950000000e+02,4.1414745764e-03,1.1468961201e-02,6.8397542738e-01,2.5055614329e-01,2.7354379249e-02,8.5065386590e-04,2.1652960434e-02,2.3412873532e+00
5.5000000000e+02,4.1452922171e-03,1.1534478565e-02,6.8312715167e-01,2.5154241285e-01,2.7248436015e-02,8.4690668687e-04,2.1555321995e-02,2.3401183904e+00
5.5050000000e+02,4.1092677392e-03,1.1487932220e-02,6.8237358388e-01,2.5284687044e-01,2.7173845606e-02,8.3044682498e-04,2.1178053287e-02,2.3337357150e+00
5.5100000000e+02,4.0927102110e-03,1.1478333123e-02,6.8042085076e-01,2.5525381375e-01,2.6953153570e-02,8.2260816627e-04,2.0978530421e-02,2.3325335183e+00
5.5150000000e+02,4.0434801905e-03,1.1397482368e-02,6.7970205270e-01,2.5669791637e-01,2.6565922290e-02,8.1254041787e-04,2.0780605659e-02,2.3260063581e+00
5.5200000000e+02,4.0220274687e-03,1.1390857325e-02,6.7994448702e-01,2.5686752485e-01,2.6403819678e-02,7.9383671648e-04,2.0577446940e-02,2.3206343376e+00
5.5250000000e+02,3.9930688138e-03,1.1354472828e-02,6.8001379464e-01,2.5730429308e-01,2.6166325377e-02,7.8496779035e-04,2.0383077468e-02,2.3169494640e+00
5.5300000000e+02,3.9228670793e-03,1.1257686378e-02,6.8171815303e-01,2.5622633295e-01,2.5877721663e-02,7.6958440578e-04,2.0227654497e-02,2.3091464656e+00
5.5350000000e+02,3.9048497455e-03,1.1330123756e-02,6.8073846426e-01,2.5733717117e-01,2.5866851257e-02,7.6206120500e-04,2.0060478607e-02,2.3082819271e+00
5.5400000000e+02,3.8895840651e-03,1.1283939181e-02,6.8028311040e-01,2.5827289847e-01,2.5714912599e-02,7.5757775702e-04,1.9797977529e-02,2.3039228697e+00
5.5450000000e+02,3.8774722579e-03,1.1186884807e-02,6.8069490247e-01,2.5844082234e-01,2.5452236045e-02,7.3735452078e-04,1.9610327568e-02,2.2956897074e+00
5.5500000000e+02,3.7945505975e-03,1.1213043548e-02,6.8046685548e-01,2.5914722375e-01,2.4986141291e-02,7.2107363504e-04,1.9671111701e-02,2.2901957873e+00
5.5550000000e+02,3.7699013810e-03,1.1159576551e-02,6.7880812901e-01,2.6104550118e-01,2.4964652581e-02,7.0623498320e-04,1.9546004318e-02,2.2880344047e+00
5.5600000000e+02,3.7165027017e-03,1.1081691308e-02,6.8005238380e-01,2.6015205335e-01,2.4673659803e-02,6.8626536833e-04,1.9637443670e-02,2.2810990478e+00
5.5650000000e+02,3.6969541029e-03,1.1131622048e-02,6.8212343906e-01,2.5817528849e-01,2.4560755288e-02,6.7808108510e-04,1.9633859921e-02,2.2753863843e+00
5.5700000000e+02,3.6425095142e-03,1.0987685035e-02,6.8267440911e-01,2.5809621655e-01,2.4378031288e-02,6.6276221412e-04,1.9558386290e-02,2.2669697230e+00
5.5750000000e+02,3.6396207987e-03,1.0930503235e-02,6.8389039192e-01,2.5717744906e-01,2.4211039583e-02,6.4431333642e-04,1.9506682075e-02,2.2621417065e+00
5.5800000000e+02,3.6680689627e-03,1.1035611800e-02,6.8307497336e-01,2.5789496211e-01,2.4215987408e-02,6.3544345533e-04,1.9474952905e-02,2.2650109643e+00
5.5850000000e+02,3.6508681215e-03,1.1122371642e-02,6.8366424336e-01,2.5759131104e-01,2.4169507572e-02,6.1387639351e-04,1.9187821869e-02,2.2616210954e+00
5.5900000000e+02,3.5870231257e-03,1.1048038958e-02,6.8497894842e-01,2.5674668704e-01,2.4033074219e-02,6.0264658139e-04,1.9003581654e-02,2.2537373761e+00
5.5950000000e+02,3.5304644888e-03,1.0999149532e-02,6.8646572179e-01,2.5578683047e-01,2.3781061401e-02,5.8324657254e-04,1.8853525748e-02,2.2444011838e+00
5.6000000000e+02,3.5108434943e-03,1.0982416974e-02,6.8614021583e-01,2.5625530787e-01,2.3734455924e-02,5.7208061614e-04,1.8804679292e-02,2.2410189738e+00
5.6050000000e+02,3.5176511096e-03,1.1040351814e-02,6.8599430498e-01,2.5606081737e-01,2.4036150715e-02,5.5668121451e-04,1.8794042792e-02,2.2437459017e+00
5.6100000000e+02,3.4853655684e-03,1.0941627454e-02,6.8928636165e-01,2.5333904942e-01,2.3855644551e-02,5.3816905512e-04,1.8553782295e-02,2.2319506463e+00
5.6150000000e+02,3.5019463097e-03,1.0859498107e-02,6.8729616862e-01,2.5520382746e-01,2.4184458405e-02,5.2122111791e-04,1.8432879978e-02,2.2320095604e+00
5.6200000000e+02,3.4632188805e-03,1.0758730536e-02,6.8644288957e-01,2.5643822410e-01,2.4121231211e-02,5.0427357258e-04,1.8271432133e-02,2.2262068550e+00
5.6250000000e+02,3.4101674794e-03,1.0596812564e-02,6.8928007561e-01,2.5408122623e-01,2.3926479322e-02,4.8146289770e-04,1.8223775898e-02,2.2125094175e+00
5.6300000000e+02,3.3753288585e-03,1.0624345593e-02,6.8882806158e-01,2.5458056372e-01,2.3938366626e-02,4.5729811480e-04,1.8196035505e-02,2.2098347171e+00
5.6350000000e+02,3.3725094729e-03,1.0618820493e-02,6.9070246622e-01,2.5269372937e-01,2.3970718686e-02,4.3870653243e-04,1.8203049229e-02,2.2066616951e+00
5.6400000000e+02,3.3785936685e-03,1.0563495112e-02,6.9068042167e-01,2.5277368374e-01,2.4000005642e-02,4.2661890011e-04,1.8177181269e-02,2.2055219424e+00
5.6450000000e+02,3.3600611542e-03,1.0619067962e-02,6.9011600207e-01,2.5337587832e-01,2.4105204631e-02,4.1146680405e-04,1.8012319058e-02,2.2042752716e+00
5.6500000000e+02,3.3631924142e-03,1.0605914661e-02,6.8980107266e-01,2.5372924438e-01,2.4153194735e-02,3.9606626810e-04,1.7951314879e-02,2.2040941089e+00
5.6550000000e+02,3.3999497728e-03,1.0735730298e-02,6.8811522099e-01,2.5517625342e-01,2.4114491973e-02,3.8353398153e-04,1.8074819569e-02,2.2102421561e+00
5.6600000000e+02,3.3862668572e-03,1.0871107887e-02,6.8906651550e-01,2.5470906049e-01,2.3784536105e-02,3.7242727890e-04,1.7810085880e-02,2.2038771644e+00
5.6650000000e+02,3.3844549241e-03,1.0758641194e-02,6.9106789253e-01,2.5283166037e-01,2.3890919937e-02,3.5868133925e-04,1.7707749705e-02,2.1974628255e+00
5.6700000000e+02,3.4281170457e-03,1.0858360925e-02,6.9079428702e-01,2.5281004117e-01,2.4098003234e-02,3.5081013483e-04,1.7660380476e-02,2.2017699793e+00
5.6750000000e+02,3.3818060278e-03,1.0872741370e-02,6.9288177687e-01,2.5097525920e-01,2.3905757619e-02,3.4024088716e-04,1.7642418025e-02,2.1954283867e+00
5.6800000000e+02,3.3669860552e-03,1.0820241806e-02,6.9567017966e-01,2.4841012538e-01,2.3930494892e-02,3.2980112045e-04,1.7472171092e-02,2.1878475875e+00
5.6850000000e+02,3.3245339525e-03,1.0735187344e-02,6.9858942765e-01,2.4588024419e-01,2.3757262948e-02,3.1921016911e-04,1.7394133745e-02,2.1782142093e+00
5.6900000000e+02,3.3265236661e-03,1.0796683841e-02,6.9962821354e-01,2.4522816660e-01,2.3583520696e-02,3.1019250530e-04,1.7126699152e-02,2.1715269480e+00
5.6950000000e+02,3.3224161030e-03,1.0856011210e-02,6.9883657480e-01,2.4589451278e-01,2.3813990147e-02,3.0383484419e-04,1.6972660110e-02,2.1710584681e+00
5.7000000000e+02,3.3101238710e-03,1.0936961284e-02,6.9907110645e-01,2.4560108105e-01,2.3934498317e-02,2.9431082150e-04,1.6851918207e-02,2.1682527042e+00
5.7050000000e+02,3.2940552141e-03,1.0990942627e-02,6.9912836196e-01,2.4551966166e-01,2.3988001556e-02,2.8207773460e-04,1.6796899247e-02,2.1672819775e+00
5.7100000000e+02,3.2780226473e-03,1.0835806246e-02,6.9971724632e-01,2.4510055679e-01,2.3962637384e-02,2.7285729939e-04,1.6832873308e-02,2.1632369607e+00
5.7150000000e+02,3.2505199811e-03,1.0916639981e-02,7.0016685327e-01,2.4474390430e-01,2.3899050854e-02,2.6838014014e-04,1.6754651476e-02,2.1599747544e+00
5.7200000000e+02,3.2170187746e-03,1.1020036007e-02,7.0132918649e-01,2.4371086450e-01,2.3792965562e-02,2.6488288944e-04,1.6665045771e-02,2.1549876016e+00
5.7250000000e+02,3.1946577662e-03,1.1104570488e-02,7.0356619508e-01,2.4142171276e-01,2.3784796559e-02,2.5751813669e-04,1.6670549209e-02,2.1493165937e+00
5.7300000000e+02,3.2069470919e-03,1.1133311740e-02,7.0187434861e-01,2.4300375045e-01,2.3951140966e-02,2.5442320810e-04,1.6576077936e-02,2.1527024478e+00
5.7350000000e+02,3.2384662532e-03,1.1301305461e-02,6.9958465938e-01,2.4503925689e-01,2.4122169055e-02,2.4921419490e-04,1.6464928760e-02,2.1569182394e+00
5.7400000000e+02,3.2377102311e-03,1.1355114348e-02,6.9993406265e-01,2.4474489380e-01,2.4042170989e-02,2.4576214360e-04,1.6440285839e-02,2.1543862801e+00
5.7450000000e+02,3.2230909799e-03,1.1342871811e-02,7.0141453368e-01,2.4330338055e-01,2.3942594572e-02,2.4123274693e-04,1.6532295660e-02,2.1505457963e+00
5.7500000000e+02,3.1920144797e-03,1.1393085684e-02,7.0303383336e-01,2.4177136076e-01,2.3865570330e-02,2.3856490768e-04,1.6505570482e-02,2.1467108870e+00
5.7550000000e+02,3.1618738973e-03,1.1457768201e-02,7.0392419580e-01,2.4094237123e-01,2.3855111097e-02,2.3917438250e-04,1.6419505391e-02,2.1465042755e+00
5.7600000000e+02,3.1502525518e-03,1.1312277358e-02,7.0463674851e-01,2.4020703120e-01,2.4111363943e-02,2.3539079396e-04,1.6346935643e-02,2.1431494566e+00
5.7650000000e+02,3.1139834416e-03,1.1162083762e-02,7.0533078373e-01,2.3970856374e-01,2.4235171797e-02,2.3011063116e-04,1.6219302899e-02,2.1368601499e+00
5.7700000000e+02,3.1178450409e-03,1.1230961715e-02,7.0435311737e-01,2.4032794495e-01,2.4352172041e-02,2.2835498637e-04,1.6389603901e-02,2.1417848431e+00
5.7750000000e+02,3.1174568942e-03,1.1188820983e-02,7.0312305027e-01,2.4168345270e-01,2.4181920745e-02,2.2436877438e-04,1.6480929643e-02,2.1421254365e+00
5.7800000000e+02,3.1414274557e-03,1.1076533874e-02,7.0304251152e-01,2.4198108785e-01,2.4108001795e-02,2.2202773944e-04,1.6428409766e-02,2.1387271467e+00
5.7850000000e+02,3.1405136699e-03,1.1153182686e-02,7.0178803771e-01,2.4326994578e-01,2.4117898245e-02,2.2467617482e-04,1.6305745731e-02,2.1419402803e+00
5.7900000000e+02,3.1256029022e-03,1.1148858113e-02,7.0132253248e-01,2.4394277915e-01,2.4025979162e-02,2.2457083257e-04,1.6209677357e-02,2.1402471654e+00
5.7950000000e+02,3.1156774823e-03,1.1238563859e-02,7.0042258429e-01,2.4427499550e-01,2.4358954951e-02,2.2249709663e-04,1.6366726828e-02,2.1473799403e+00
5.8000000000e+02,3.0918616141e-03,1.1206293171e-02,7.0086127544e-01,2.4411347221e-01,2.4284725304e-02,2.2491019505e-04,1.6217462068e-02,2.1432512744e+00
5.8050000000e+02,3.1106394038e-03,1.1348817171e-02,7.0159795224e-01,2.4316895645e-01,2.4377998532e-02,2.2547422274e-04,1.6170161984e-02,2.1458348766e+00
5.8100000000e+02,3.1086689748e-03,1.1313673585e-02,7.0289506331e-01,2.4183713036e-01,2.4472130658e-02,2.2749575152e-04,1.6145837366e-02,2.1460972964e+00
5.8150000000e+02,3.1152326115e-03,1.1485008526e-02,7.0388715298e-01,2.4045897101e-01,2.4656974254e-02,2.3127207028e-04,1.6165388545e-02,2.1489279808e+00
5.8200000000e+02,3.1052882690e-03,1.1596265834e-02,7.0348071450e-01,2.4103047605e-01,2.4564936492e-02,2.3232265173e-04,1.5989996205e-02,2.1486552814e+00
5.8250000000e+02,3.0925298599e-03,1.1621319910e-02,7.0666459147e-01,2.3816704003e-01,2.4368879164e-02,2.3562486162e-04,1.5850014697e-02,2.1430006292e+00
5.8300000000e+02,3.0622408796e-03,1.1687536710e-02,7.0729772822e-01,2.3769720622e-01,2.4307139322e-02,2.3865960305e-04,1.5709489043e-02,2.1403718259e+00
5.8350000000e+02,3.0352288068e-03,1.1603262372e-02,7.0792830684e-01,2.3737794778e-01,2.4195531876e-02,2.4181948426e-04,1.5617902839e-02,2.1382674101e+00
5.8400000000e+02,3.0762854412e-03,1.1703788687e-02,7.0629701668e-01,2.3857866020e-01,2.4247920648e-02,2.4852870166e-04,1.5847799640e-02,2.1470069008e+00
5.8450000000e+02,3.0404131355e-03,1.1752435017e-02,7.0501991548e-01,2.3974568910e-01,2.4230829514e-02,2.5071750675e-04,1.5960000246e-02,2.1501485805e+00
5.8500000000e+02,3.0090224909e-03,1.1731302917e-02,7.0674807751e-01,2.3810013565e-01,2.4150716068e-02,2.5712238469e-04,1.6003622974e-02,2.1467873558e+00
5.8550000000e+02,2.9696781370e-03,1.1576500893e-02,7.0783356466e-01,2.3741123850e-01,2.3921742429e-02,2.6155161109e-04,1.6025723773e-02,2.1412584751e+00
5.8600000000e+02,3.0008761297e-03,1.1589599788e-02,7.0899710757e-01,2.3636786091e-01,2.3700778633e-02,2.6770963121e-04,1.6076067333e-02,2.1404559022e+00
5.8650000000e+02,2.9717804945e-03,1.1494140959e-02,7.1009549129e-01,2.3572551800e-01,2.3358371128e-02,2.6730373768e-04,1.6087394390e-02,2.1340963882e+00
5.8700000000e+02,2.9684887143e-03,1.1475870514e-02,7.1022041725e-01,2.3583007389e-01,2.3050773490e-02,2.6875687278e-04,1.6185619273e-02,2.1324808333e+00
5.8750000000e+02,2.9743313307e-03,1.1408373009e-02,7.1072867545e-01,2.3542031890e-01,2.2968334134e-02,2.7129025535e-04,1.6228676920e-02,2.1306878810e+00
5.8800000000e+02,2.9874776499e-03,1.1374491142e-02,7.1264024256e-01,2.3321813127e-01,2.3125670261e-02,2.7432912845e-04,1.6379657987e-02,2.1319329804e+00
5.8850000000e+02,2.9756774093e-03,1.1277995045e-02,7.1485429772e-01,2.3140058032e-01,2.2841334601e-02,2.8453914543e-04,1.6365575756e-02,2.1249221300e+00
5.8900000000e+02,2.9766719479e-03,1.1320970988e-02,7.1442134562e-01,2.3201037563e-01,2.2696280102e-02,2.9057957215e-04,1.6283776146e-02,2.1256008988e+00
5.8950000000e+02,3.0010802403e-03,1.1438132775e-02,7.1375114532e-01,2.3255601906e-01,2.2639307896e-02,2.9328278838e-04,1.6321031930e-02,2.1292729307e+00
5.9000000000e+02,3.0176463665e-03,1.1328342291e-02,7.1467697907e-01,2.3189185114e-01,2.2560482956e-02,2.9547962267e-04,1.6229218549e-02,2.1265007914e+00
5.9050000000e+02,3.0118291067e-03,1.1206356836e-02,7.1424643699e-01,2.3239376311e-01,2.2538779704e-02,2.9968888548e-04,1.6303145365e-02,2.1270847652e+00
5.9100000000e+02,3.0215290646e-03,1.1216566371e-02,7.1244716746e-01,2.3407314323e-01,2.2598965043e-02,3.0115582470e-04,1.6341473000e-02,2.1319557583e+00
5.9150000000e+02,3.0376494589e-03,1.1328129642e-02,7.1153388310e-01,2.3491971419e-01,2.2483906747e-02,3.0460230947e-04,1.6392114552e-02,2.1362134565e+00
5.9200000000e+02,3.0138529697e-03,1.1320738684e-02,7.0918456806e-01,2.3704653440e-01,2.2669144063e-02,3.0761005495e-04,1.6457551768e-02,2.1414968614e+00
5.9250000000e+02,3.0220494161e-03,1.1444637583e-02,7.0941007660e-01,2.3663419912e-01,2.2748274906e-02,3.1331264394e-04,1.6427449730e-02,2.1442748942e+00
5.9300000000e+02,3.0171791395e-03,1.1456399595e-02,7.0964992753e-01,2.3659221071e-01,2.2583527604e-02,3.2094594876e-04,1.6379809475e-02,2.1426346956e+00
5.9350000000e+02,3.0260963883e-03,1.1521386691e-02,7.1109712086e-01,2.3499333984e-01,2.2668852872e-02,3.2247224245e-04,1.6370731106e-02,2.1422658902e+00
5.9400000000e+02,3.0191881039e-03,1.1415311038e-02,7.0972614463e-01,2.3650394474e-01,2.2621185370e-02,3.2393071928e-04,1.6390295405e-02,2.1429220652e+00
5.9450000000e+02,3.0292276670e-03,1.1340506065e-02,7.0816447807e-01,2.3811899173e-01,2.2654270822e-02,3.2580199970e-04,1.6366723645e-02,2.1464341707e+00
5.9500000000e+02,3.0384971738e-03,1.1350557399e-02,7.0676334215e-01,2.3949091311e-01,2.2684027878e-02,3.3254546443e-04,1.6340116820e-02,2.1502919963e+00
5.9550000000e+02,3.0365749226e-03,1.1285661980e-02,7.0752534648e-01,2.3909721155e-01,2.2689633431e-02,3.3446599942e-04,1.6031105641e-02,2.1451857774e+00
5.9600000000e+02,3.0608582331e-03,1.1155450214e-02,7.0913605936e-01,2.3789603026e-01,2.2326434686e-02,3.3644689530e-04,1.6088720349e-02,2.1399960101e+00
5.9650000000e+02,3.0858198930e-03,1.1287950121e-02,7.0849056311e-01,2.3825606032e-01,2.2345073094e-02,3.4013375681e-04,1.6194399704e-02,2.1452271386e+00
5.9700000000e+02,3.0764469171e-03,1.1224810946e-02,7.0809022200e-01,2.3907190182e-01,2.2127328541e-02,3.4671956517e-04,1.6062570207e-02,2.1425188860e+00
5.9750000000e+02,3.0709837140e-03,1.1116545605e-02,7.0835485359e-01,2.3882969267e-01,2.2135684949e-02,3.4376001619e-04,1.6148479458e-02,2.1414877357e+00
5.9800000000e+02,3.0670535191e-03,1.1073237430e-02,7.0990737838e-01,2.3760564041e-01,2.1921110992e-02,3.4397785253e-04,1.6081601416e-02,2.1362448331e+00
5.9850000000e+02,3.0673170833e-03,1.1004333518e-02,7.1097250917e-01,2.3684936730e-01,2.1713219575e-02,3.4529510480e-04,1.6047958242e-02,2.1319690863e+00
5.9900000000e+02,3.0556277337e-03,1.1062752008e-02,7.1049104722e-01,2.3741449238e-01,2.1575982530e-02,3.4579438222e-04,1.6054303750e-02,2.1323159459e+00
5.9950000000e+02,2.9912945364e-03,1.0988472483e-02,7.1128773394e-01,2.3704206298e-01,2.1474285580e-02,3.4503042354e-04,1.5871120060e-02,2.1269590847e+00
6.0000000000e+02,2.9567451628e-03,1.0866878514e-02,7.1469543763e-01,2.3399219283e-01,2.1331676437e-02,3.4136684824e-04,1.5815702577e-02,2.1183975718e+00
6.0050000000e+02,2.9536404729e-03,1.0905278932e-02,7.1525231151e-01,2.3365626088e-01,2.1160329487e-02,3.3887673442e-04,1.5733301989e-02,2.1154482472e+00
6.0100000000e+02,2.9787391725e-03,1.0866760280e-02,7.1745912194e-01,2.3150190998e-01,2.1208937421e-02,3.3850266934e-04,1.5646028537e-02,2.1114075180e+00
6.0150000000e+02,3.0055653804e-03,1.0681529917e-02,7.1866522502e-01,2.3075952931e-01,2.1098967932e-02,3.3493918421e-04,1.5454243249e-02,2.1041360208e+00
6.0200000000e+02,2.9895975480e-03,1.0607364129e-02,7.1956602340e-01,2.3012260884e-01,2.1045301033e-02,3.3463392130e-04,1.5334471126e-02,2.1007374575e+00
6.0250000000e+02,2.9775292322e-03,1.0544834397e-02,7.1982695987e-01,2.3030860152e-01,2.0856293353e-02,3.3223000577e-04,1.5153551623e-02,2.0964892591e+00
6.0300000000e+02,2.9737768396e-03,1.0587867213e-02,7.2072640519e-01,2.2942110358e-01,2.0854262776e-02,3.3376930676e-04,1.5102815094e-02,2.0960913656e+00
6.0350000000e+02,3.0055272254e-03,1.0489507600e-02,7.2215454846e-01,2.2801095497e-01,2.0764008224e-02,3.3535618619e-04,1.5240097339e-02,2.0941615026e+00
6.0400000000e+02,3.0330160186e-03,1.0455406114e-02,7.2382655128e-01,2.2657322487e-01,2.0632845413e-02,3.3069280345e-04,1.5148263498e-02,2.0889308497e+00
6.0450000000e+02,3.0364254079e-03,1.0443957869e-02,7.2545166790e-01,2.2483653362e-01,2.0626668180e-02,3.3091654435e-04,1.5273830483e-02,2.0874460985e+00
6.0500000000e+02,3.0343716947e-03,1.0507183328e-02,7.2456681319e-01,2.2588293175e-01,2.0439307119e-02,3.3121344485e-04,1.5238179473e-02,2.0875512564e+00
6.0550000000e+02,3.0245981730e-03,1.0414557129e-02,7.2422233364e-01,2.2632413965e-01,2.0397452167e-02,3.3096254403e-04,1.5285956697e-02,2.0869480241e+00
6.0600000000e+02,3.0475821756e-03,1.0484352954e-02,7.2399410062e-01,2.2628706741e-01,2.0409819840e-02,3.3007853322e-04,1.5446998466e-02,2.0912455993e+00
6.0650000000e+02,3.0190768866e-03,1.0356969148e-02,7.2729223837e-01,2.2339514783e-01,2.0320837714e-02,3.2445751629e-04,1.5291272541e-02,2.0816677342e+00
6.0700000000e+02,3.0524152119e-03,1.0398160139e-02,7.2789803128e-01,2.2282960498e-01,2.0164048286e-02,3.2133255760e-04,1.5336407542e-02,2.0800395241e+00
6.0750000000e+02,3.0555971740e-03,1.0372028899e-02,7.2938242998e-01,2.2134095612e-01,2.0168071295e-02,3.1906338455e-04,1.5361853147e-02,2.0778318169e+00
6.0800000000e+02,3.0760851620e-03,1.0397522554e-02,7.2822079021e-01,2.2231696231e-01,2.0308343141e-02,3.1958493535e-04,1.5360711685e-02,2.0825962645e+00
6.0850000000e+02,3.1084147872e-03,1.0430528037e-02,7.2757512974e-01,2.2280252551e-01,2.0394652863e-02,3.1668351473e-04,1.5372065546e-02,2.0861597077e+00
6.0900000000e+02,3.1102380377e-03,1.0315468345e-02,7.2904450787e-01,2.2168733093e-01,2.0411934827e-02,3.1146853813e-04,1.5119051451e-02,2.0791660580e+00
6.0950000000e+02,3.1223192259e-03,1.0381883832e-02,7.2898586580e-01,2.2183766175e-01,2.0261169144e-02,3.1201120195e-04,1.5099089044e-02,2.0788095426e+00
6.1000000000e+02,3.1288199722e-03,1.0462832975e-02,7.2889184666e-01,2.2226971473e-01,1.9814066914e-02,3.0993223740e-04,1.5122786508e-02,2.0760483341e+00
6.1050000000e+02,3.1255250892e-03,1.0586671622e-02,7.2814241707e-01,2.2323107511e-01,1.9589635987e-02,3.0491953428e-04,1.5019755587e-02,2.0750445558e+00
6.1100000000e+02,3.1292127435e-03,1.0570748202e-02,7.2825995435e-01,2.2318232541e-01,1.9661791826e-02,2.9972009467e-04,1.4896247371e-02,2.0751786416e+00
6.1150000000e+02,3.1404130897e-03,1.0486797828e-02,7.3007049810e-01,2.2163079552e-01,1.9583165332e-02,2.9561461373e-04,1.4792715516e-02,2.0700740644e+00
6.1200000000e+02,3.1524320451e-03,1.0542440901e-02,7.3159033180e-01,2.2007127992e-01,1.9536577794e-02,2.9174207732e-04,1.4815195461e-02,2.0684447305e+00
6.1250000000e+02,3.1320902731e-03,1.0533311797e-02,7.3193465162e-01,2.2004867879e-01,1.9318836712e-02,2.9161577203e-04,1.4740815036e-02,2.0652750473e+00
6.1300000000e+02,3.1014329976e-03,1.0450977066e-02,7.3085337262e-01,2.2175322058e-01,1.8965172643e-02,2.8356282370e-04,1.4592261278e-02,2.0604501329e+00
6.1350000000e+02,3.0808095192e-03,1.0406653605e-02,7.2851963123e-01,2.2425952769e-01,1.8909958016e-02,2.8222753075e-04,1.4541192408e-02,2.0609492168e+00
6.1400000000e+02,3.0874951594e-03,1.0304183439e-02,7.2927718014e-01,2.2387409770e-01,1.8750830680e-02,2.7709321086e-04,1.4429119680e-02,2.0551023010e+00
6.1450000000e+02,3.0967151423e-03,1.0229287662e-02,7.3016360762e-01,2.2319175183e-01,1.8719618094e-02,2.7181713897e-04,1.4327202516e-02,2.0505146829e+00
6.1500000000e+02,3.1024348821e-03,1.0302353405e-02,7.3209727159e-01,2.2100533066e-01,1.8870444507e-02,2.6832272847e-04,1.4353842233e-02,2.0499730839e+00
6.1550000000e+02,3.0945490288e-03,1.0350301207e-02,7.3493869536e-01,2.1842887535e-01,1.8589216120e-02,2.6595011544e-04,1.4332412813e-02,2.0425757754e+00
6.1600000000e+02,3.0895049506e-03,1.0400987786e-02,7.3500560473e-01,2.1863864224e-01,1.8332119314e-02,2.6106663076e-04,1.4272074351e-02,2.0396654046e+00
6.1650000000e+02,3.0686546924e-03,1.0339104942e-02,7.3525076237e-01,2.1865557606e-01,1.8187669370e-02,2.5794145051e-04,1.4240291118e-02,2.0360697917e+00
6.1700000000e+02,3.0331270051e-03,1.0299072439e-02,7.3469757689e-01,2.1938642095e-01,1.8196256744e-02,2.5375531000e-04,1.4133790669e-02,2.0342992261e+00
6.1750000000e+02,3.0185161322e-03,1.0417438521e-02,7.3469995647e-01,2.1949861690e-01,1.8004260290e-02,2.4965979727e-04,1.4111551889e-02,2.0336150989e+00
6.1800000000e+02,3.0250200258e-03,1.0448825906e-02,7.3348418560e-01,2.2064382955e-01,1.8065795666e-02,2.4483800227e-04,1.4087505255e-02,2.0358660646e+00
6.1850000000e+02,3.0241588953e-03,1.0539278908e-02,7.3318950539e-01,2.2096068420e-01,1.8002060443e-02,2.4132127556e-04,1.4042990885e-02,2.0363116771e+00
6.1900000000e+02,2.9991276892e-03,1.0527641640e-02,7.3445776147e-01,2.1977924194e-01,1.8065457823e-02,2.3419940427e-04,1.3936570032e-02,2.0329848374e+00
6.1950000000e+02,2.9963925407e-03,1.0638738304e-02,7.3336639409e-01,2.2064639334e-01,1.8185746961e-02,2.3260852317e-04,1.3933726244e-02,2.0366226722e+00
6.2000000000e+02,2.9781775885e-03,1.0563892973e-02,7.3522616647e-01,2.1918072595e-01,1.7973147281e-02,2.2616515522e-04,1.3851724583e-02,2.0284574980e+00
6.2050000000e+02,2.9701085357e-03,1.0500689799e-02,7.3496535857e-01,2.1958329952e-01,1.7941573377e-02,2.2182316945e-04,1.3817147034e-02,2.0273018262e+00
6.2100000000e+02,2.9701324189e-03,1.0439011046e-02,7.3732700824e-01,2.1741329601e-01,1.7928152198e-02,2.1745444308e-04,1.3704945643e-02,2.0210982332e+00
6.2150000000e+02,2.9794704810e-03,1.0509625650e-02,7.3929599670e-01,2.1543604031e-01,1.7923838026e-02,2.1548873368e-04,1.3639540102e-02,2.0174158914e+00
6.2200000000e+02,2.9412728637e-03,1.0401041757e-02,7.4157752437e-01,2.1368972594e-01,1.7841556938e-02,2.1250227115e-04,1.3336375864e-02,2.0064522815e+00
6.2250000000e+02,2.9525893122e-03,1.0395543508e-02,7.4168970827e-01,2.1384001408e-01,1.7592094461e-02,2.0915862209e-04,1.3320891745e-02,2.0033885496e+00
6.2300000000e+02,2.9553100764e-03,1.0362724449e-02,7.4033801759e-01,2.1531793989e-01,1.7592024283e-02,2.0508811990e-04,1.3228895591e-02,2.0038806644e+00
6.2350000000e+02,2.9487037667e-03,1.0253966557e-02,7.4011788943e-01,2.1577336585e-01,1.7579021837e-02,2.0000292796e-04,1.3127049630e-02,2.0014125678e+00
6.2400000000e+02,2.9310168264e-03,1.0259520360e-02,7.4087586486e-01,2.1518837242e-01,1.7449725152e-02,1.9588779637e-04,1.3099612592e-02,1.9985784501e+00
6.2450000000e+02,2.9075371759e-03,1.0183476641e-02,7.4108114357e-01,2.1536154151e-01,1.7289765561e-02,1.9253238348e-04,1.2984003161e-02,1.9936926086e+00
6.2500000000e+02,2.9014820562e-03,1.0284996204e-02,7.4007022683e-01,2.1626630731e-01,1.7335789212e-02,1.8983250969e-04,1.2951365879e-02,1.9965918304e+00
6.2550000000e+02,2.9213116695e-03,1.0474040806e-02,7.3872731654e-01,2.1715728406e-01,1.7546941193e-02,1.9070631312e-04,1.2982399412e-02,2.0043757433e+00
6.2600000000e+02,2.9310833658e-03,1.0502055477e-02,7.4057957966e-01,2.1531159324e-01,1.7617671485e-02,1.8771027744e-04,1.2870306497e-02,2.0009878792e+00
6.2650000000e+02,2.8987532153e-03,1.0522063170e-02,7.4149640303e-01,2.1467841806e-01,1.7488402294e-02,1.8544837645e-04,1.2730511850e-02,1.9967523130e+00
6.2700000000e+02,2.8941265524e-03,1.0466087351e-02,7.4324813156e-01,2.1323913294e-01,1.7276215852e-02,1.8409038444e-04,1.2692215356e-02,1.9903960641e+00
6.2750000000e+02,2.8871298716e-03,1.0479268430e-02,7.4355747199e-01,2.1310232185e-01,1.7191644825e-02,1.8335256853e-04,1.2598810457e-02,1.9881494172e+00
6.2800000000e+02,2.8748663421e-03,1.0396135207e-02,7.4350862467e-01,2.1297605263e-01,1.7296195653e-02,1.8123226725e-04,1.2766893234e-02,1.9887973184e+00
6.2850000000e+02,2.8618375678e-03,1.0348038177e-02,7.4428069804e-01,2.1239093248e-01,1.7257023163e-02,1.7932337604e-04,1.2682147198e-02,1.9853223145e+00
6.2900000000e+02,2.8632627213e-03,1.0363397356e-02,7.4552608840e-01,2.1111120520e-01,1.7350796661e-02,1.7660290531e-04,1.2608646761e-02,1.9837528887e+00
6.2950000000e+02,2.8476376852e-03,1.0406767132e-02,7.4666575134e-01,2.1012522633e-01,1.7236880136e-02,1.7549543415e-04,1.2542241939e-02,1.9797563301e+00
6.3000000000e+02,2.8447025728e-03,1.0414625097e-02,7.4784396543e-01,2.0911679645e-01,1.7129520465e-02,1.7434807968e-04,1.2476041899e-02,1.9758548411e+00
6.3050000000e+02,2.8271675437e-03,1.0415388001e-02,7.4747109754e-01,2.1000211884e-01,1.6851864169e-02,1.7365661652e-04,1.2258707288e-02,1.9704099824e+00
6.3100000000e+02,2.8358849117e-03,1.0440583633e-02,7.4842672659e-01,2.0910923967e-01,1.6702698152e-02,1.7160573795e-04,1.2313261307e-02,1.9676467096e+00
6.3150000000e+02,2.8440695506e-03,1.0500564149e-02,7.5023503537e-01,2.0719936336e-01,1.6715267197e-02,1.7119872974e-04,1.2334501638e-02,1.9658448235e+00
6.3200000000e+02,2.8736153234e-03,1.0705320072e-02,7.4929216920e-01,2.0785486185e-01,1.6671574609e-02,1.7320467524e-04,1.2429254263e-02,1.9719017029e+00
6.3250000000e+02,2.8481566697e-03,1.0727382830e-02,7.5091883229e-01,2.0655683009e-01,1.6360207840e-02,1.7140624975e-04,1.2417184030e-02,1.9651172745e+00
6.3300000000e+02,2.8265500608e-03,1.0784723213e-02,7.5006834648e-01,2.0783325165e-01,1.6065834121e-02,1.6928909982e-04,1.2252005373e-02,1.9613693809e+00
6.3350000000e+02,2.8077127407e-03,1.0781960331e-02,7.5275677906e-01,2.0537222839e-01,1.5967450306e-02,1.6857253527e-04,1.2145296633e-02,1.9539944386e+00
6.3400000000e+02,2.7967297878e-03,1.0781809495e-02,7.5438224498e-01,2.0385882358e-01,1.5979189129e-02,1.6913551543e-04,1.2032067520e-02,1.9500364801e+00
6.3450000000e+02,2.8175106641e-03,1.0880355391e-02,7.5546776597e-01,2.0278644220e-01,1.6103545612e-02,1.7056013411e-04,1.1773820020e-02,1.9484190218e+00
6.3500000000e+02,2.8172025997e-03,1.0790124031e-02,7.5687952589e-01,2.0169455980e-01,1.5978382658e-02,1.7125957077e-04,1.1668945450e-02,1.9432318534e+00
6.3550000000e+02,2.8050326333e-03,1.0833625356e-02,7.5712029681e-01,2.0161101373e-01,1.5932242549e-02,1.7230745039e-04,1.1525481471e-02,1.9415164261e+00
6.3600000000e+02,2.8074459167e-03,1.0909863545e-02,7.5855781611e-01,2.0011304891e-01,1.5827821612e-02,1.7390738359e-04,1.1610096523e-02,1.9398293870e+00
6.3650000000e+02,2.8043569404e-03,1.0894579243e-02,7.5840968729e-01,2.0027550582e-01,1.5855625653e-02,1.7284579754e-04,1.1587399252e-02,1.9393358328e+00
6.3700000000e+02,2.7876393368e-03,1.1003403125e-02,7.5877344004e-01,1.9975966336e-01,1.5927005865e-02,1.7066330066e-04,1.1578184972e-02,1.9403085195e+00
6.3750000000e+02,2.8067295979e-03,1.1035856260e-02,7.6031995957e-01,1.9809165696e-01,1.6022607626e-02,1.7070122934e-04,1.1552488757e-02,1.9395235463e+00
6.3800000000e+02,2.8102469057e-03,1.1033223499e-02,7.6034468712e-01,1.9815936940e-01,1.5930890899e-02,1.7066550091e-04,1.1550916674e-02,1.9379032782e+00
6.3850000000e+02,2.8071490373e-03,1.1162050309e-02,7.6008081475e-01,1.9833299865e-01,1.5921830004e-02,1.6860045545e-04,1.1526556791e-02,1.9395349798e+00
6.3900000000e+02,2.8149445448e-03,1.1126707911e-02,7.6098168228e-01,1.9730703992e-01,1.6031808511e-02,1.6903720835e-04,1.1568779619e-02,1.9387317292e+00
6.3950000000e+02,2.8466617761e-03,1.1282178873e-02,7.6007580358e-01,1.9784435549e-01,1.6184085910e-02,1.7369330307e-04,1.1593221069e-02,1.9454720115e+00
6.4000000000e+02,2.8358880259e-03,1.1370420352e-02,7.5990186931e-01,1.9793989801e-01,1.6149191602e-02,1.7498126528e-04,1.1627751434e-02,1.9462853064e+00
6.4050000000e+02,2.8581495885e-03,1.1362050653e-02,7.6027852065e-01,1.9765118263e-01,1.6104450565e-02,1.7560056260e-04,1.1570045357e-02,1.9449222142e+00
6.4100000000e+02,2.8898087494e-03,1.1388778133e-02,7.6038679145e-01,1.9761053588e-01,1.6040533627e-02,1.7878311897e-04,1.1504769043e-02,1.9458890585e+00
6.4150000000e+02,2.8948115151e-03,1.1500174398e-02,7.6039711657e-01,1.9754698845e-01,1.5943939231e-02,1.8060124211e-04,1.1536368597e-02,1.9478272466e+00
6.4200000000e+02,2.8967425861e-03,1.1540097924e-02,7.5954728156e-01,1.9827648615e-01,1.5957635735e-02,1.8347013102e-04,1.1598285917e-02,1.9508162918e+00
6.4250000000e+02,2.9207064138e-03,1.1748639707e-02,7.5924289800e-01,1.9804187725e-01,1.6183139278e-02,1.9016912727e-04,1.1672570219e-02,1.9584122513e+00
6.4300000000e+02,2.9283551165e-03,1.1735494256e-02,7.5949876704e-01,1.9768793839e-01,1.6240399949e-02,1.9420494199e-04,1.1714840300e-02,1.9591973039e+00
6.4350000000e+02,2.9134440092e-03,1.1681236510e-02,7.6080872347e-01,1.9675634192e-01,1.6114855875e-02,1.9628100654e-04,1.1529117207e-02,1.9529148337e+00
6.4400000000e+02,2.9279033922e-03,1.1822474309e-02,7.6001441545e-01,1.9758074362e-01,1.6065834557e-02,2.0021925593e-04,1.1388409411e-02,1.9548599197e+00
6.4450000000e+02,2.9415690805e-03,1.1861191939e-02,7.6105464281e-01,1.9656192455e-01,1.6058471086e-02,2.0440176815e-04,1.1317798765e-02,1.9532592942e+00
6.4500000000e+02,2.9355415426e-03,1.1895417946e-02,7.6202531905e-01,1.9555569827e-01,1.6066621130e-02,2.1123521386e-04,1.1310166846e-02,1.9525015085e+00
6.4550000000e+02,2.9013340109e-03,1.1972662421e-02,7.6324164656e-01,1.9453659010e-01,1.5961355468e-02,2.1461317442e-04,1.1171798268e-02,1.9478764475e+00
6.4600000000e+02,2.9016074209e-03,1.2139263405e-02,7.6282345257e-01,1.9459038459e-01,1.6184151363e-02,2.1818983145e-04,1.1142950818e-02,1.9533651475e+00
6.4650000000e+02,2.9006163538e-03,1.2125986369e-02,7.6255951286e-01,1.9480648344e-01,1.6233710622e-02,2.2339649170e-04,1.1150293867e-02,1.9546857600e+00
6.4700000000e+02,2.9381262020e-03,1.2248686357e-02,7.6266971210e-01,1.9426658791e-01,1.6405011577e-02,2.2727801501e-04,1.1244597842e-02,1.9600596612e+00
6.4750000000e+02,2.9231301247e-03,1.2377264456e-02,7.6305228510e-01,1.9379857094e-01,1.6302884813e-02,2.2948364699e-04,1.1316380919e-02,1.9605451664e+00
6.4800000000e+02,2.9082604128e-03,1.2367193494e-02,7.6384101610e-01,1.9299011400e-01,1.6317871432e-02,2.2924863729e-04,1.1346295919e-02,1.9586631576e+00
6.4850000000e+02,2.9129771470e-03,1.2270966540e-02,7.6508382145e-01,1.9193431738e-01,1.6275707141e-02,2.3400353862e-04,1.1288206802e-02,1.9553076479e+00
6.4900000000e+02,2.9434588625e-03,1.2206102578e-02,7.6579021477e-01,1.9122779700e-01,1.6294482830e-02,2.4065581736e-04,1.1297288140e-02,1.9548381369e+00
6.4950000000e+02,2.9605155232e-03,1.2269433680e-02,7.6825824199e-01,1.8893262362e-01,1.6008145495e-02,2.4412640826e-04,1.1326913287e-02,1.9491689788e+00
6.5000000000e+02,3.0024357058e-03,1.2322751172e-02,7.6709299785e-01,1.8994864241e-01,1.6022138102e-02,2.4927265458e-04,1.1361762111e-02,1.9537405962e+00
6.5050000000e+02,3.0227501218e-03,1.2301023986e-02,7.6711027513e-01,1.9021785430e-01,1.5905038355e-02,2.5061637297e-04,1.1192441732e-02,1.9518217745e+00
6.5100000000e+02,3.0384571523e-03,1.2319458151e-02,7.6574673739e-01,1.9156653380e-01,1.5881794045e-02,2.5291243898e-04,1.1194107031e-02,1.9550426529e+00
6.5150000000e+02,3.0652831290e-03,1.2347085089e-02,7.6511941611e-01,1.9223243907e-01,1.5773866342e-02,2.5929323978e-04,1.1202617023e-02,1.9577043084e+00
6.5200000000e+02,3.0513810655e-03,1.2338219813e-02,7.6520643914e-01,1.9234628210e-01,1.5700611583e-02,2.6228896584e-04,1.1094777340e-02,1.9554445215e+00
6.5250000000e+02,3.0915632557e-03,1.2412108263e-02,7.6507512936e-01,1.9237351263e-01,1.5714542909e-02,2.6224348773e-04,1.1070900090e-02,1.9582519034e+00
6.5300000000e+02,3.0776112834e-03,1.2320579002e-02,7.6629536648e-01,1.9168376653e-01,1.5409638348e-02,2.6250621530e-04,1.0950532147e-02,1.9501469680e+00
6.5350000000e+02,3.1256782581e-03,1.2493925577e-02,7.6652028300e-01,1.9140234375e-01,1.5337299638e-02,2.6503387671e-04,1.0855435903e-02,1.9513692903e+00
6.5400000000e+02,3.1454475416e-03,1.2564356623e-02,7.6695474640e-01,1.9105626546e-01,1.5275843535e-02,2.6823111089e-04,1.0735109335e-02,1.9508235256e+00
6.5450000000e+02,3.1577460220e-03,1.2625971808e-02,7.6662348894e-01,1.9120933621e-01,1.5371415913e-02,2.7504816865e-04,1.0736992930e-02,1.9533689655e+00
6.5500000000e+02,3.1593387050e-03,1.2575378528e-02,7.6703966523e-01,1.9087497028e-01,1.5343825353e-02,2.7944186485e-04,1.0727380039e-02,1.9519200924e+00
6.5550000000e+02,3.1431996061e-03,1.2611845593e-02,7.6871500009e-01,1.8939426345e-01,1.5203357611e-02,2.8132216253e-04,1.0651011489e-02,1.9465184087e+00
6.5600000000e+02,3.1645898963e-03,1.2564044775e-02,7.7005386346e-01,1.8834181451e-01,1.5036850815e-02,2.8397578055e-04,1.0554860758e-02,1.9418078339e+00
6.5650000000e+02,3.1496739285e-03,1.2554595934e-02,7.7082251718e-01,1.8781447921e-01,1.4964490641e-02,2.8752274678e-04,1.0406720355e-02,1.9371952066e+00
6.5700000000e+02,3.1388958113e-03,1.2534274347e-02,7.7120250269e-01,1.8742284733e-01,1.5072167107e-02,2.9204742096e-04,1.0337265294e-02,1.9368957103e+00
6.5750000000e+02,3.1484623135e-03,1.2652806264e-02,7.7070585399e-01,1.8758629687e-01,1.5142263101e-02,2.9488484444e-04,1.0469432620e-02,1.9423536706e+00
6.5800000000e+02,3.1517897837e-03,1.2685067506e-02,7.7131176280e-01,1.8696386054e-01,1.5155636791e-02,2.9661712339e-04,1.0435265458e-02,1.9401778335e+00
6.5850000000e+02,3.1822539973e-03,1.2717387272e-02,7.7258948783e-01,1.8569366622e-01,1.5099076868e-02,2.9876886392e-04,1.0419358943e-02,1.9377319221e+00
6.5900000000e+02,3.1856905475e-03,1.2758461798e-02,7.7343738168e-01,1.8481858650e-01,1.5092408380e-02,3.0208546954e-04,1.0405385621e-02,1.9364870901e+00
6.5950000000e+02,3.1977589092e-03,1.2792643290e-02,7.7292067011e-01,1.8542312335e-01,1.4992303469e-02,3.0271909379e-04,1.0370781779e-02,1.9378124733e+00
6.6000000000e+02,3.2108208633e-03,1.2757108651e-02,7.7533742551e-01,1.8352267976e-01,1.4579857823e-02,3.0242192442e-04,1.0289685470e-02,1.9283389460e+00
6.6050000000e+02,3.2585782018e-03,1.2768717359e-02,7.7535902097e-01,1.8361346745e-01,1.4503812781e-02,3.0962724092e-04,1.0186775996e-02,1.9281129355e+00
6.6100000000e+02,3.3318624364e-03,1.2849902639e-02,7.7338679290e-01,1.8522650352e-01,1.4622235546e-02,3.1568728269e-04,1.0267015677e-02,1.9375032801e+00
6.6150000000e+02,3.3383474444e-03,1.3016215206e-02,7.7267312802e-01,1.8568703761e-01,1.4591907062e-02,3.1691330167e-04,1.0376451360e-02,1.9414959314e+00
6.6200000000e+02,3.3217318969e-03,1.2983931591e-02,7.7691797045e-01,1.8174992728e-01,1.4392677019e-02,3.1783984855e-04,1.0315921923e-02,1.9291312957e+00
6.6250000000e+02,3.3723755223e-03,1.2826385332e-02,7.7660679038e-01,1.8231381749e-01,1.4381000189e-02,3.1864051151e-04,1.0180990569e-02,1.9279984441e+00
6.6300000000e+02,3.3953508105e-03,1.2910264415e-02,7.7847689312e-01,1.8023947945e-01,1.4481551999e-02,3.2414063829e-04,1.0172319571e-02,1.9266595145e+00
6.6350000000e+02,3.4259137213e-03,1.2897838409e-02,7.8039261031e-01,1.7840221432e-01,1.4410472970e-02,3.2664697926e-04,1.0144303301e-02,1.9225623356e+00
6.6400000000e+02,3.4669272395e-03,1.3017324450e-02,7.8099861993e-01,1.7772667010e-01,1.4277029673e-02,3.2879162120e-04,1.0184636983e-02,1.9231281015e+00
6.6450000000e+02,3.4834570771e-03,1.3099454896e-02,7.8048031455e-01,1.7823946287e-01,1.4308116074e-02,3.2562180479e-04,1.0063572725e-02,1.9242267176e+00
6.6500000000e+02,3.5020447377e-03,1.3001521444e-02,7.8129216494e-01,1.7761382369e-01,1.4207205690e-02,3.2674730435e-04,1.0056492199e-02,1.9205617340e+00
6.6550000000e+02,3.5106568779e-03,1.2888246974e-02,7.8059317244e-01,1.7845938990e-01,1.4183624399e-02,3.3226807306e-04,1.0032641342e-02,1.9204344744e+00
6.6600000000e+02,3.5055502830e-03,1.2916809393e-02,7.8169797268e-01,1.7752764566e-01,1.4054298533e-02,3.3204404756e-04,9.9656794004e-03,1.9158734196e+00
6.6650000000e+02,3.5366622647e-03,1.2851872168e-02,7.8241696488e-01,1.7695870493e-01,1.4039904484e-02,3.3200463603e-04,9.8638866450e-03,1.9131552696e+00
6.6700000000e+02,3.5541943607e-03,1.2912308061e-02,7.8111051532e-01,1.7828846829e-01,1.4035855005e-02,3.3357004740e-04,9.7650889223e-03,1.9156134839e+00
6.6750000000e+02,3.5612754488e-03,1.2902933452e-02,7.8143072426e-01,1.7799110804e-01,1.4011906310e-02,3.3263830438e-04,9.7694141827e-03,1.9152217663e+00
6.6800000000e+02,3.5610547400e-03,1.3033025481e-02,7.8191469599e-01,1.7733640016e-01,1.4071838147e-02,3.3406211250e-04,9.7489233656e-03,1.9168114713e+00
6.6850000000e+02,3.5684350930e-03,1.3095886150e-02,7.7985515457e-01,1.7936188685e-01,1.4080119063e-02,3.3691473041e-04,9.7016035468e-03,1.9213499372e+00
6.6900000000e+02,3.5748886783e-03,1.3094950710e-02,7.8211971115e-01,1.7734536496e-01,1.3905649090e-02,3.3483609157e-04,9.6245993234e-03,1.9138036170e+00
6.6950000000e+02,3.5547541808e-03,1.3108917359e-02,7.8159592198e-01,1.7804063357e-01,1.3820264362e-02,3.3183530388e-04,9.5476732472e-03,1.9125490899e+00
6.7000000000e+02,3.5899989133e-03,1.3167611719e-02,7.8110625864e-01,1.7834228111e-01,1.3954024515e-02,3.2925013083e-04,9.5105749744e-03,1.9151282931e+00
6.7050000000e+02,3.5778644503e-03,1.3042906901e-02,7.8151830347e-01,1.7827494987e-01,1.3760688114e-02,3.2840997991e-04,9.4968772165e-03,1.9113155024e+00
6.7100000000e+02,3.6116607998e-03,1.2882231973e-02,7.8250690518e-01,1.7745098410e-01,1.3762155250e-02,3.2653738061e-04,9.4595253182e-03,1.9081725949e+00
6.7150000000e+02,3.6339830795e-03,1.2932836067e-02,7.8384392071e-01,1.7605802467e-01,1.3753045216e-02,3.2882237573e-04,9.4493678799e-03,1.9060209588e+00
6.7200000000e+02,3.6841551012e-03,1.2980570213e-02,7.8278435699e-01,1.7687707122e-01,1.3859502852e-02,3.3256285957e-04,9.4817807696e-03,1.9123679198e+00
6.7250000000e+02,3.7088938545e-03,1.2926229149e-02,7.8108798965e-01,1.7866280832e-01,1.3803384359e-02,3.3004216242e-04,9.4806525063e-03,1.9152837068e+00
6.7300000000e+02,3.6871339948e-03,1.2971789256e-02,7.8106141420e-01,1.7876666712e-01,1.3760296719e-02,3.2910241176e-04,9.4235963031e-03,1.9139631014e+00
6.7350000000e+02,3.6985742468e-03,1.2953597531e-02,7.8138134639e-01,1.7856167824e-01,1.3740408235e-02,3.2804752407e-04,9.3363478335e-03,1.9112658468e+00
6.7400000000e+02,3.7634107547e-03,1.2951463291e-02,7.8116835446e-01,1.7863837438e-01,1.3741408548e-02,3.2909402355e-04,9.4078945466e-03,1.9131485203e+00
6.7450000000e+02,3.7975678882e-03,1.3061619975e-02,7.7942225965e-01,1.8003194211e-01,1.3945772150e-02,3.2940630759e-04,9.4114319234e-03,1.9215277731e+00
6.7500000000e+02,3.7984126859e-03,1.3175826798e-02,7.7833239906e-01,1.8105803964e-01,1.3952053488e-02,3.2885186437e-04,9.3544164596e-03,1.9235870830e+00
6.7550000000e+02,3.8165061261e-03,1.3248377805e-02,7.7846209867e-01,1.8066816668e-01,1.4018732074e-02,3.3213419791e-04,9.4539844438e-03,1.9267484709e+00
6.7600000000e+02,3.7908737472e-03,1.3105018837e-02,7.7865783450e-01,1.8073563133e-01,1.3936531597e-02,3.3433712973e-04,9.4397728592e-03,1.9228982373e+00
6.7650000000e+02,3.8155616972e-03,1.3094799571e-02,7.7823342076e-01,1.8106986454e-01,1.3906405440e-02,3.3570209182e-04,9.5442459079e-03,1.9241773413e+00
6.7700000000e+02,3.8103264146e-03,1.2922534513e-02,7.7862202345e-01,1.8105337605e-01,1.3766978800e-02,3.3636372314e-04,9.4883970494e-03,1.9190308315e+00
6.7750000000e+02,3.8001301828e-03,1.2879615814e-02,7.7646099763e-01,1.8313457243e-01,1.3926976021e-02,3.3551148209e-04,9.4621964502e-03,1.9242107597e+00
6.7800000000e+02,3.8239979269e-03,1.2915229260e-02,7.7452042693e-01,1.8510279021e-01,1.3929122792e-02,3.3652614766e-04,9.3719067342e-03,1.9278891011e+00
6.7850000000e+02,3.8280483737e-03,1.2943006338e-02,7.7258320774e-01,1.8694490734e-01,1.3948115189e-02,3.3966975540e-04,9.4130452701e-03,1.9325409064e+00
6.7900000000e+02,3.8829869063e-03,1.3112137407e-02,7.7113180316e-01,1.8804042506e-01,1.4019488543e-02,3.4392848382e-04,9.4692304412e-03,1.9396085539e+00
6.7950000000e+02,3.8702640789e-03,1.3097562216e-02,7.7173549001e-01,1.8746803757e-01,1.4014659903e-02,3.4352820922e-04,9.4704580058e-03,1.9378050087e+00
6.8000000000e+02,3.8504433117e-03,1.3053217408e-02,7.7295014924e-01,1.8643860432e-01,1.3879238626e-02,3.4162346212e-04,9.4867236373e-03,1.9341766909e+00
6.8050000000e+02,3.8318577739e-03,1.3068816167e-02,7.7364308083e-01,1.8575016401e-01,1.3784784923e-02,3.3604051764e-04,9.5852557792e-03,1.9331705290e+00
6.8100000000e+02,3.8170848469e-03,1.3152341002e-02,7.7260228834e-01,1.8660138149e-01,1.3829506694e-02,3.3768680712e-04,9.6597108239e-03,1.9371529609e+00
6.8150000000e+02,3.8668835110e-03,1.3181281213e-02,7.7343475875e-01,1.8563683577e-01,1.3774234744e-02,3.3836593265e-04,9.7676400770e-03,1.9376599862e+00
6.8200000000e+02,3.9106122775e-03,1.3169802383e-02,7.7466715046e-01,1.8448773993e-01,1.3678202150e-02,3.4055307521e-04,9.7459397216e-03,1.9350235631e+00
6.8250000000e+02,3.9399941477e-03,1.3173420410e-02,7.7506202082e-01,1.8407591051e-01,1.3726524199e-02,3.4013014870e-04,9.6819997669e-03,1.9350990137e+00
6.8300000000e+02,3.9266188240e-03,1.3171550811e-02,7.7698608309e-01,1.8225177597e-01,1.3638764269e-02,3.3579254588e-04,9.6894144884e-03,1.9294978079e+00
6.8350000000e+02,3.9099290227e-03,1.3167749720e-02,7.7745605507e-01,1.8180206203e-01,1.3635753861e-02,3.3584628577e-04,9.6926040082e-03,1.9277847439e+00
6.8400000000e+02,3.9242454981e-03,1.3177148674e-02,7.7895943077e-01,1.8032987418e-01,1.3571757810e-02,3.3584086452e-04,9.7017022008e-03,1.9254170265e+00
6.8450000000e+02,3.8837756276e-03,1.3089717505e-02,7.7930341329e-01,1.8021134598e-01,1.3560729196e-02,3.3872909696e-04,9.6122893028e-03,1.9224861257e+00
6.8500000000e+02,3.8426372557e-03,1.2850566513e-02,7.8107813709e-01,1.7891417423e-01,1.3442424983e-02,3.3531968576e-04,9.5367402440e-03,1.9116562270e+00
6.8550000000e+02,3.8613952298e-03,1.2728037329e-02,7.8031136531e-01,1.7985071792e-01,1.3437452423e-02,3.3753311852e-04,9.4734986608e-03,1.9121311527e+00
6.8600000000e+02,3.8805253349e-03,1.2709497518e-02,7.8159944910e-01,1.7858020449e-01,1.3434338089e-02,3.3871977195e-04,9.4572656954e-03,1.9104196878e+00
6.8650000000e+02,3.8961164431e-03,1.2682420499e-02,7.8221445715e-01,1.7811530416e-01,1.3345819744e-02,3.3710248051e-04,9.4087795296e-03,1.9076464373e+00
6.8700000000e+02,3.8924477192e-03,1.2614766873e-02,7.8171473197e-01,1.7863405053e-01,1.3467074822e-02,3.3956585737e-04,9.3373622330e-03,1.9082820276e+00
6.8750000000e+02,3.9230428412e-03,1.2609366033e-02,7.8135687577e-01,1.7880531478e-01,1.3524519462e-02,3.4167993278e-04,9.4392011788e-03,1.9119054161e+00
6.8800000000e+02,3.9093159415e-03,1.2605354483e-02,7.8143311275e-01,1.7863755145e-01,1.3601442122e-02,3.4127152085e-04,9.4719517271e-03,1.9124130843e+00
6.8850000000e+02,3.9572815379e-03,1.2574091541e-02,7.7947346553e-01,1.8059028062e-01,1.3609562163e-02,3.3997071073e-04,9.4553479058e-03,1.9169816066e+00
6.8900000000e+02,3.9968195813e-03,1.2517702212e-02,7.7934426977e-01,1.8089280981e-01,1.3503938580e-02,3.3838187265e-04,9.4060781738e-03,1.9158919382e+00
6.8950000000e+02,3.9954989893e-03,1.2387622125e-02,7.8036649256e-01,1.8004553222e-01,1.3462607084e-02,3.3804936118e-04,9.4041976624e-03,1.9126603746e+00
6.9000000000e+02,4.0262758108e-03,1.2382410758e-02,7.8132476743e-01,1.7904737683e-01,1.3423921056e-02,3.4325396317e-04,9.4519941542e-03,1.9121928779e+00
6.9050000000e+02,4.0113908024e-03,1.2324487141e-02,7.8303645910e-01,1.7754703379e-01,1.3379791407e-02,3.4151800400e-04,9.3593197564e-03,1.9054140400e+00
6.9100000000e+02,3.9981854571e-03,1.2238403888e-02,7.8543079546e-01,1.7524483707e-01,1.3391676574e-02,3.4658512997e-04,9.3495164214e-03,1.8988003757e+00
6.9150000000e+02,4.0245638274e-03,1.2219947804e-02,7.8499207837e-01,1.7544652477e-01,1.3452624499e-02,3.5481284922e-04,9.5094478759e-03,1.9032923475e+00
6.9200000000e+02,4.0478589422e-03,1.2265597710e-02,7.8557683958e-01,1.7467068179e-01,1.3501841156e-02,3.5898486696e-04,9.5781959573e-03,1.9047909390e+00
6.9250000000e+02,4.0589211451e-03,1.2297240020e-02,7.8520978969e-01,1.7490365394e-01,1.3636669378e-02,3.6130815250e-04,9.5324176783e-03,1.9089571249e+00
6.9300000000e+02,4.0364294734e-03,1.2246740903e-02,7.8421023814e-01,1.7601120119e-01,1.3604090296e-02,3.6363970443e-04,9.5276602963e-03,1.9097706565e+00
6.9350000000e+02,4.0509401214e-03,1.2090801938e-02,7.8376294997e-01,1.7669313093e-01,1.3500680653e-02,3.7054755665e-04,9.5309488325e-03,1.9090989408e+00
6.9400000000e+02,4.0808092096e-03,1.2113708406e-02,7.8281797129e-01,1.7751521400e-01,1.3538279186e-02,3.7651576488e-04,9.5575021469e-03,1.9138192006e+00
6.9450000000e+02,4.0571451463e-03,1.2064654083e-02,7.8267816286e-01,1.7762940722e-01,1.3579275368e-02,3.7489783295e-04,9.6164574890e-03,1.9134995356e+00
6.9500000000e+02,4.0471087162e-03,1.2063878568e-02,7.8132879026e-01,1.7880386570e-01,1.3705479680e-02,3.7827177053e-04,9.6726053046e-03,1.9183314691e+00
6.9550000000e+02,4.0528959510e-03,1.1999946733e-02,7.8190804692e-01,1.7843216332e-01,1.3642195051e-02,3.8250436920e-04,9.5822476605e-03,1.9146929003e+00
6.9600000000e+02,4.0959650526e-03,1.2067279888e-02,7.8259149682e-01,1.7736577904e-01,1.3883325951e-02,3.9232794546e-04,9.6038253040e-03,1.9195185002e+00
6.9650000000e+02,4.0876273560e-03,1.2168153981e-02,7.8237443763e-01,1.7726562137e-01,1.4036070196e-02,3.9526636984e-04,9.6728230894e-03,1.9236426603e+00
6.9700000000e+02,4.1251892984e-03,1.2162260191e-02,7.8336922721e-01,1.7619773417e-01,1.4094123975e-02,3.9934833409e-04,9.6521168184e-03,1.9227672325e+00
6.9750000000e+02,4.1486458228e-03,1.2224768675e-02,7.8173005337e-01,1.7748623879e-01,1.4257383714e-02,4.0135213539e-04,9.7515575000e-03,1.9305393135e+00
6.9800000000e+02,4.1766912880e-03,1.2395809125e-02,7.8188989363e-01,1.7703123135e-01,1.4298573882e-02,4.0753925372e-04,9.8002614761e-03,1.9348091627e+00
6.9850000000e+02,4.2136909240e-03,1.2609872514e-02,7.7926457533e-01,1.7903694616e-01,1.4553548606e-02,4.1675722334e-04,9.9046092511e-03,1.9478554476e+00
6.9900000000e+02,4.2179295235e-03,1.2617406746e-02,7.7917817847e-01,1.7900583947e-01,1.4602645356e-02,4.2386089632e-04,9.9541395441e-03,1.9499485057e+00
6.9950000000e+02,4.1926570793e-03,1.2426659752e-02,7.7852444171e-01,1.8012035688e-01,1.4461188637e-02,4.3031401624e-04,9.8443819193e-03,1.9457954186e+00
7.0000000000e+02,4.1782872902e-03,1.2333281379e-02,7.7878910520e-01,1.7995514227e-01,1.4484116626e-02,4.3523434210e-04,9.8248328932e-03,1.9437067810e+00
7.0050000000e+02,4.2090798296e-03,1.2294075038e-02,7.7868158856e-01,1.8010524706e-01,1.4400314374e-02,4.4625858973e-04,9.8634365449e-03,1.9443074894e+00
7.0100000000e+02,4.2589949286e-03,1.2188748728e-02,7.7829560412e-01,1.8040184081e-01,1.4536636465e-02,4.4972413335e-04,9.8684508122e-03,1.9459945168e+00
7.0150000000e+02,4.2187908915e-03,1.2013935179e-02,7.7930331671e-01,1.7971951650e-01,1.4447758413e-02,4.4982986999e-04,9.8468524367e-03,1.9394413426e+00
7.0200000000e+02,4.1792409963e-03,1.1908416616e-02,7.7864706609e-01,1.8052474678e-01,1.4527701935e-02,4.4888273834e-04,9.7639448401e-03,1.9384937877e+00
7.0250000000e+02,4.1998945407e-03,1.2003434621e-02,7.7847726037e-01,1.8058832583e-01,1.4550149060e-02,4.5823549262e-04,9.7227000838e-03,1.9412568751e+00
7.0300000000e+02,4.1752106065e-03,1.2110520598e-02,7.7945465347e-01,1.7949078396e-01,1.4587036724e-02,4.6692367009e-04,9.7148709763e-03,1.9402714857e+00
7.0350000000e+02,4.2022730046e-03,1.2044393234e-02,7.7974618069e-01,1.7934677085e-01,1.4557505807e-02,4.7242239802e-04,9.6304540160e-03,1.9386017591e+00
7.0400000000e+02,4.2474348874e-03,1.2030862565e-02,7.7993857650e-01,1.7901544596e-01,1.4672181877e-02,4.7570448091e-04,9.6197937315e-03,1.9409674431e+00
7.0450000000e+02,4.2331969700e-03,1.1945857095e-02,7.7963590923e-01,1.7943395598e-01,1.4671952299e-02,4.8439972386e-04,9.5947287017e-03,1.9406339626e+00
7.0500000000e+02,4.2167141905e-03,1.1928916945e-02,7.7756425114e-01,1.8146026983e-01,1.4760999440e-02,4.8983427027e-04,9.5790141829e-03,1.9453541584e+00
7.0550000000e+02,4.2150798138e-03,1.1938694918e-02,7.7944361753e-01,1.7948514078e-01,1.4809930652e-02,4.9465571004e-04,9.6128805949e-03,1.9424028396e+00
7.0600000000e+02,4.3068285526e-03,1.2066422018e-02,7.7899864141e-01,1.7942875182e-01,1.5021727020e-02,5.0520895249e-04,9.6724202299e-03,1.9505182010e+00
7.0650000000e+02,4.3494352351e-03,1.2071875054e-02,7.7915131161e-01,1.7917477165e-01,1.5053896104e-02,5.1113057623e-04,9.6875797692e-03,1.9514887515e+00
7.0700000000e+02,4.4002955340e-03,1.2183702971e-02,7.7846578602e-01,1.7945534783e-01,1.5178892265e-02,5.2550879072e-04,9.7904665931e-03,1.9586214353e+00
7.0750000000e+02,4.4519299844e-03,1.2227138070e-02,7.7762300215e-01,1.7988644525e-01,1.5456546249e-02,5.3899090288e-04,9.8159473999e-03,1.9652616766e+00
7.0800000000e+02,4.4529511132e-03,1.2168830073e-02,7.7700320768e-01,1.8026832521e-01,1.5747430167e-02,5.5227722214e-04,9.8069785359e-03,1.9687734908e+00
7.0850000000e+02,4.4627904030e-03,1.2189449089e-02,7.7533311191e-01,1.8186671663e-01,1.5699464583e-02,5.5967279891e-04,9.8887945872e-03,1.9739022586e+00
7.0900000000e+02,4.4346652076e-03,1.2082684028e-02,7.7585698667e-01,1.8149832474e-01,1.5720482946e-02,5.6527732568e-04,9.8415790870e-03,1.9722227858e+00
7.0950000000e+02,4.4294111190e-03,1.2214288946e-02,7.7559373362e-01,1.8152638617e-01,1.5781045623e-02,5.7583505274e-04,9.8792994643e-03,1.9755847509e+00
7.1000000000e+02,4.4644247350e-03,1.2293922012e-02,7.7519749567e-01,1.8169581900e-01,1.5831312284e-02,5.8604215893e-04,9.9309841317e-03,1.9807183099e+00
7.1050000000e+02,4.4548559808e-03,1.2320614198e-02,7.7581564464e-01,1.8135834564e-01,1.5695443128e-02,5.8797797234e-04,9.7671184346e-03,1.9764824512e+00
7.1100000000e+02,4.4036183295e-03,1.2295966732e-02,7.7584741604e-01,1.8138378019e-01,1.5692805350e-02,5.9381545996e-04,9.7825978925e-03,1.9749972570e+00
7.1150000000e+02,4.3878669133e-03,1.2286064564e-02,7.7578012264e-01,1.8136619040e-01,1.5702482084e-02,6.0359658994e-04,9.8736768095e-03,1.9767001348e+00
7.1200000000e+02,4.3627149257e-03,1.2379930064e-02,7.7485132787e-01,1.8215462152e-01,1.5767565666e-02,6.1731863400e-04,9.8665213211e-03,1.9811702988e+00
7.1250000000e+02,4.3871084131e-03,1.2465896250e-02,7.7367742950e-01,1.8309158361e-01,1.5913225603e-02,6.2495175549e-04,9.8398048707e-03,1.9868772724e+00
7.1300000000e+02,4.3814962432e-03,1.2269985453e-02,7.7447876269e-01,1.8252934082e-01,1.5869804880e-02,6.2650673514e-04,9.8441031804e-03,1.9823223316e+00
7.1350000000e+02,4.3941713940e-03,1.2317379412e-02,7.7392803125e-01,1.8313277056e-01,1.5829406787e-02,6.3676524749e-04,9.7614753461e-03,1.9829402704e+00
7.1400000000e+02,4.4023269813e-03,1.2404110479e-02,7.7316228780e-01,1.8380855354e-01,1.5879592904e-02,6.4071778353e-04,9.7024105117e-03,1.9851459526e+00
7.1450000000e+02,4.3885526685e-03,1.2413898403e-02,7.7211747002e-01,1.8473012004e-01,1.5891826396e-02,6.4731476968e-04,9.8108177109e-03,1.9877259325e+00
7.1500000000e+02,4.4049725589e-03,1.2414481596e-02,7.7175570041e-01,1.8501066804e-01,1.5964421305e-02,6.5823723080e-04,9.7915188612e-03,1.9890881472e+00
7.1550000000e+02,4.3688167520e-03,1.2474636862e-02,7.7218782244e-01,1.8448527732e-01,1.6008549974e-02,6.7230176539e-04,9.8025948939e-03,1.9893523678e+00
7.1600000000e+02,4.3849699268e-03,1.2597556659e-02,7.6988627713e-01,1.8645377619e-01,1.6187492036e-02,6.8100832380e-04,9.8089197354e-03,1.9994713278e+00
7.1650000000e+02,4.3615794079e-03,1.2683395275e-02,7.6962396566e-01,1.8664810165e-01,1.6109648364e-02,6.7991306937e-04,9.8933965828e-03,2.0001620792e+00
7.1700000000e+02,4.3978017048e-03,1.2834065875e-02,7.6793375969e-01,1.8820317306e-01,1.6107872039e-02,6.8578486021e-04,9.8375427763e-03,2.0058677123e+00
7.1750000000e+02,4.4094447901e-03,1.2901081449e-02,7.6872266992e-01,1.8718255361e-01,1.6211978762e-02,6.9421609526e-04,9.8780553728e-03,2.0067585668e+00
7.1800000000e+02,4.4394724457e-03,1.3026723776e-02,7.6635386070e-01,1.8904511004e-01,1.6393151928e-02,7.0436317277e-04,1.0037317935e-02,2.0171589010e+00
7.1850000000e+02,4.4295808658e-03,1.3023300351e-02,7.6412595594e-01,1.9124956304e-01,1.6396668725e-02,7.0964346205e-04,1.0065287615e-02,2.0217638040e+00
7.1900000000e+02,4.4422437357e-03,1.3167849205e-02,7.6300763035e-01,1.9212285162e-01,1.6343449362e-02,7.2109683446e-04,1.0194878892e-02,2.0278035814e+00
7.1950000000e+02,4.4707692621e-03,1.3097874658e-02,7.6220937025e-01,1.9318719001e-01,1.6193139482e-02,7.2480323802e-04,1.0116853106e-02,2.0268253041e+00
7.2000000000e+02,4.4449463217e-03,1.3118035322e-02,7.6217064504e-01,1.9332400537e-01,1.6143855876e-02,7.2386002203e-04,1.0074652048e-02,2.0251499884e+00
7.2050000000e+02,4.4481528036e-03,1.3159418076e-02,7.6204460566e-01,1.9354405177e-01,1.5995493387e-02,7.2945476267e-04,1.0078823534e-02,2.0251824573e+00
7.2100000000e+02,4.4661464981e-03,1.3250784338e-02,7.6101777759e-01,1.9449129840e-01,1.5910973020e-02,7.3154281328e-04,1.0131477344e-02,2.0280618835e+00
7.2150000000e+02,4.4546324589e-03,1.3392910710e-02,7.6080035184e-01,1.9446503036e-01,1.5989459968e-02,7.3583395029e-04,1.0161780710e-02,2.0315109345e+00
7.2200000000e+02,4.4710818985e-03,1.3266682506e-02,7.6271940934e-01,1.9258122383e-01,1.6025719053e-02,7.3983873067e-04,1.0196044646e-02,2.0279524968e+00
7.2250000000e+02,4.4327697079e-03,1.3217083985e-02,7.6193312561e-01,1.9339759035e-01,1.6000600652e-02,7.3890056308e-04,1.0279929134e-02,2.0283875774e+00
7.2300000000e+02,4.4667624087e-03,1.3277688663e-02,7.6012055633e-01,1.9508474353e-01,1.6001869394e-02,7.4953749518e-04,1.0298842184e-02,2.0335933325e+00
7.2350000000e+02,4.4573204921e-03,1.3404646944e-02,7.6080569650e-01,1.9415212651e-01,1.6093754793e-02,7.5674453345e-04,1.0329710230e-02,2.0360158817e+00
7.2400000000e+02,4.4236331665e-03,1.3476808415e-02,7.6107544946e-01,1.9372620982e-01,1.6238055633e-02,7.5901791507e-04,1.0300825583e-02,2.0366125078e+00
7.2450000000e+02,4.4252282547e-03,1.3537717851e-02,7.6166295504e-01,1.9281712671e-01,1.6396791806e-02,7.5892492367e-04,1.0401255415e-02,2.0389764385e+00
7.2500000000e+02,4.4140107496e-03,1.3453664438e-02,7.6222701944e-01,1.9226435970e-01,1.6404509808e-02,7.6082613990e-04,1.0475609725e-02,2.0378337592e+00
7.2550000000e+02,4.4489509358e-03,1.3425368701e-02,7.6118352691e-01,1.9305191385e-01,1.6501813512e-02,7.7302247588e-04,1.0615403617e-02,2.0434226192e+00
7.2600000000e+02,4.4488635268e-03,1.3393734176e-02,7.6279226079e-01,1.9156455194e-01,1.6488923244e-02,7.7307960783e-04,1.0538586710e-02,2.0386251298e+00
7.2650000000e+02,4.3882974847e-03,1.3186255533e-02,7.6380849265e-01,1.9102347148e-01,1.6377579790e-02,7.6881181226e-04,1.0447091253e-02,2.0305086778e+00
7.2700000000e+02,4.3867379861e-03,1.3150425926e-02,7.6213418673e-01,1.9260270676e-01,1.6408824496e-02,7.6721798607e-04,1.0549900115e-02,2.0342958046e+00
7.2750000000e+02,4.4194598795e-03,1.3304112639e-02,7.6019944953e-01,1.9415737698e-01,1.6493315714e-02,7.7850811293e-04,1.0647777147e-02,2.0426525636e+00
7.2800000000e+02,4.4354741078e-03,1.3462037926e-02,7.5935477763e-01,1.9457576378e-01,1.6653740009e-02,7.9062954900e-04,1.0727576993e-02,2.0486245843e+00
7.2850000000e+02,4.4361799025e-03,1.3492551522e-02,7.5756581714e-01,1.9621222851e-01,1.6674113707e-02,7.8609686497e-04,1.0833012359e-02,2.0541800530e+00
7.2900000000e+02,4.4766827380e-03,1.3542558206e-02,7.5811306087e-01,1.9555657949e-01,1.6715553248e-02,7.9287053214e-04,1.0802694920e-02,2.0547717294e+00
7.2950000000e+02,4.4894243189e-03,1.3549639718e-02,7.5769941551e-01,1.9575812164e-01,1.6882107917e-02,7.9900412494e-04,1.0822286775e-02,2.0572152823e+00
7.3000000000e+02,4.5145250639e-03,1.3673056972e-02,7.5578335952e-01,1.9740922175e-01,1.6899920074e-02,7.9892993644e-04,1.0920986679e-02,2.0624002857e+00
7.3050000000e+02,4.5358778900e-03,1.3854586766e-02,7.5437695788e-01,1.9836591854e-01,1.7037040764e-02,8.0626281170e-04,1.1023355353e-02,2.0698413164e+00
7.3100000000e+02,4.5133197381e-03,1.3987907337e-02,7.5474508907e-01,1.9785480174e-01,1.7007890668e-02,8.0631704699e-04,1.1084674406e-02,2.0705132498e+00
7.3150000000e+02,4.4973816502e-03,1.3934166578e-02,7.5276817271e-01,1.9981860019e-01,1.7027785400e-02,8.1777441140e-04,1.1136119057e-02,2.0756375246e+00
7.3200000000e+02,4.4880439644e-03,1.4068379292e-02,7.5028969068e-01,2.0194429330e-01,1.7143978394e-02,8.2508388771e-04,1.1240530483e-02,2.0839001503e+00
7.3250000000e+02,4.4933758280e-03,1.4156108545e-02,7.4991818088e-01,2.0209782537e-01,1.7169071718e-02,8.2216319913e-04,1.1343274460e-02,2.0868591514e+00
7.3300000000e+02,4.5068707732e-03,1.4336483551e-02,7.4661760586e-01,2.0489976764e-01,1.7489967564e-02,8.2257215270e-04,1.1326732464e-02,2.0975444466e+00
7.3350000000e+02,4.5342195180e-03,1.4312787315e-02,7.4506597853e-01,2.0621742925e-01,1.7595466987e-02,8.3509848404e-04,1.1439019918e-02,2.1038918400e+00
7.3400000000e+02,4.5710922875e-03,1.4411295314e-02,7.4399821679e-01,2.0691005803e-01,1.7710668488e-02,8.5261638398e-04,1.1546052704e-02,2.1099052852e+00
7.3450000000e+02,4.6096391948e-03,1.4486683856e-02,7.4246737329e-01,2.0812170856e-01,1.7772509427e-02,8.6699702451e-04,1.1675088653e-02,2.1160570179e+00
7.3500000000e+02,4.5961619298e-03,1.4488165302e-02,7.4230671169e-01,2.0841333723e-01,1.7618296450e-02,8.7233318058e-04,1.1704994222e-02,2.1159360101e+00
7.3550000000e+02,4.5680084878e-03,1.4606693594e-02,7.4265648643e-01,2.0820846688e-01,1.7519525021e-02,8.6046013717e-04,1.1580359453e-02,2.1131838780e+00
7.3600000000e+02,4.5382282863e-03,1.4503531791e-02,7.4410010323e-01,2.0694628461e-01,1.7540863605e-02,8.5601984746e-04,1.1514968629e-02,2.1084048896e+00
7.3650000000e+02,4.5549049861e-03,1.4638830283e-02,7.4432784265e-01,2.0656416758e-01,1.7579952403e-02,8.5879028712e-04,1.1475511814e-02,2.1099043902e+00
7.3700000000e+02,4.5339893510e-03,1.4854452992e-02,7.4482075259e-01,2.0559434471e-01,1.7807753472e-02,8.6643804271e-04,1.1522268841e-02,2.1129537329e+00
7.3750000000e+02,4.5175396982e-03,1.4930489575e-02,7.4408387938e-01,2.0617632557e-01,1.7836518799e-02,8.7408060562e-04,1.1581166373e-02,2.1161328817e+00
7.3800000000e+02,4.4917728102e-03,1.4920748706e-02,7.4454160811e-01,2.0592928340e-01,1.7651278523e-02,8.7387924821e-04,1.1591429201e-02,2.1138630554e+00
7.3850000000e+02,4.5176630071e-03,1.5091766538e-02,7.4524621078e-01,2.0479033209e-01,1.7775922843e-02,8.8239788613e-04,1.1695706854e-02,2.1175797697e+00
7.3900000000e+02,4.4784627743e-03,1.5111706774e-02,7.4554737593e-01,2.0460086552e-01,1.7679392841e-02,8.7910127261e-04,1.1703094886e-02,2.1158112700e+00
7.3950000000e+02,4.5045641831e-03,1.5007112420e-02,7.4429915758e-01,2.0558162218e-01,1.7929202821e-02,8.8393770783e-04,1.1794403111e-02,2.1210195715e+00
7.4000000000e+02,4.4851523332e-03,1.5086969857e-02,7.4164869359e-01,2.0774888942e-01,1.8165958971e-02,8.8947538788e-04,1.1974860441e-02,2.1306925994e+00
7.4050000000e+02,4.4755735451e-03,1.5186344519e-02,7.4210831541e-01,2.0706210349e-01,1.8137258135e-02,9.0684588504e-04,1.2123559021e-02,2.1332567344e+00
7.4100000000e+02,4.4775276297e-03,1.5240081873e-02,7.4303104238e-01,2.0601129628e-01,1.8122403672e-02,9.0158129884e-04,1.2216066869e-02,2.1332457242e+00
7.4150000000e+02,4.4785851188e-03,1.5314717392e-02,7.4422547332e-01,2.0472070128e-01,1.8112554189e-02,8.9164451766e-04,1.2256324185e-02,2.1316871090e+00
7.4200000000e+02,4.4559973479e-03,1.5288226029e-02,7.4427164176e-01,2.0463358728e-01,1.8125845147e-02,8.8597085551e-04,1.2338731577e-02,2.1325738363e+00
7.4250000000e+02,4.4675668924e-03,1.5270230552e-02,7.4265211119e-01,2.0590122690e-01,1.8386515566e-02,8.8867380380e-04,1.2433675097e-02,2.1403085472e+00
7.4300000000e+02,4.4453546460e-03,1.5289548728e-02,7.4213303437e-01,2.0658055256e-01,1.8185083700e-02,8.7966030197e-04,1.2486765699e-02,2.1392703171e+00
7.4350000000e+02,4.4305258936e-03,1.5241997550e-02,7.4319196878e-01,2.0569274412e-01,1.8182743581e-02,8.6770668557e-04,1.2392313385e-02,2.1346200058e+00
7.4400000000e+02,4.3807704414e-03,1.5181306814e-02,7.4290777550e-01,2.0618359701e-01,1.8037135037e-02,8.6410846408e-04,1.2445306729e-02,2.1326964430e+00
7.4450000000e+02,4.3383193362e-03,1.5167861335e-02,7.4203289835e-01,2.0706532174e-01,1.8008061629e-02,8.7234146977e-04,1.2515196139e-02,2.1334851253e+00
7.4500000000e+02,4.3277586144e-03,1.5017980055e-02,7.4293416296e-01,2.0629249145e-01,1.8033986213e-02,8.5338649036e-04,1.2540234225e-02,2.1290723433e+00
7.4550000000e+02,4.3113094567e-03,1.4928765284e-02,7.4329595967e-01,2.0613043281e-01,1.8056084499e-02,8.3413306744e-04,1.2443315212e-02,2.1257632456e+00
7.4600000000e+02,4.2924616504e-03,1.4961427145e-02,7.4308286595e-01,2.0606500579e-01,1.8238040509e-02,8.3759834323e-04,1.2522600612e-02,2.1279872674e+00
7.4650000000e+02,4.3334358186e-03,1.4862859467e-02,7.4077816133e-01,2.0779719633e-01,1.8708383010e-02,8.4062477322e-04,1.2679339272e-02,2.1373296665e+00
7.4700000000e+02,4.3427748689e-03,1.4926051754e-02,7.3954096692e-01,2.0875138953e-01,1.8706327951e-02,8.4201598179e-04,1.2890472991e-02,2.1436334120e+00
7.4750000000e+02,4.2929147524e-03,1.4915842800e-02,7.4047543382e-01,2.0773707015e-01,1.8771183838e-02,8.4387587370e-04,1.2963678760e-02,2.1406201865e+00
7.4800000000e+02,4.3290162654e-03,1.4978312539e-02,7.3881116065e-01,2.0912226289e-01,1.8763293569e-02,8.4248412161e-04,1.3153469960e-02,2.1470882681e+00
7.4850000000e+02,4.3405783834e-03,1.4880962742e-02,7.3833979733e-01,2.0947906779e-01,1.8973728831e-02,8.5454993364e-04,1.3131314988e-02,2.1480725198e+00
7.4900000000e+02,4.3657863089e-03,1.4758956769e-02,7.3891655300e-01,2.0894779665e-01,1.8913143617e-02,8.5676383388e-04,1.3240999821e-02,2.1475019946e+00
7.4950000000e+02,4.3792131661e-03,1.4751461235e-02,7.4092205906e-01,2.0703846576e-01,1.8914611691e-02,8.5672982911e-04,1.3137459265e-02,2.1417414319e+00
7.5000000000e+02,4.3842433757e-03,1.4564396250e-02,7.4108461426e-01,2.0713185652e-01,1.8936906570e-02,8.4808088012e-04,1.3049902140e-02,2.1385927478e+00
7.5050000000e+02,4.4362670237e-03,1.4734453733e-02,7.4040589325e-01,2.0724158593e-01,1.9090716163e-02,8.4600061019e-04,1.3245083288e-02,2.1463879558e+00
7.5100000000e+02,4.4712640360e-03,1.4820141937e-02,7.4217008375e-01,2.0528624120e-01,1.9030026740e-02,8.5024658594e-04,1.3371995757e-02,2.1465047284e+00
7.5150000000e+02,4.4283686697e-03,1.4867512223e-02,7.4210204428e-01,2.0551321044e-01,1.9034858109e-02,8.5283931185e-04,1.3201166964e-02,2.1453932520e+00
7.5200000000e+02,4.4274045363e-03,1.4786993289e-02,7.4199633927e-01,2.0576351605e-01,1.8978243165e-02,8.4369594885e-04,1.3203807733e-02,2.1439521692e+00
7.5250000000e+02,4.4151288051e-03,1.4752091681e-02,7.4184532341e-01,2.0593034339e-01,1.8984089677e-02,8.5128277208e-04,1.3221740265e-02,2.1450205446e+00
7.5300000000e+02,4.4366880605e-03,1.4750689284e-02,7.4126159795e-01,2.0647627303e-01,1.8895269868e-02,8.5616075896e-04,1.3323321051e-02,2.1462062855e+00
7.5350000000e+02,4.4453122130e-03,1.4804301758e-02,7.3991424978e-01,2.0751039418e-01,1.9086283754e-02,8.5798714140e-04,1.3381471170e-02,2.1514770176e+00
7.5400000000e+02,4.4240012805e-03,1.4846906879e-02,7.3806104801e-01,2.0929001623e-01,1.9139812410e-02,8.6192211669e-04,1.3376293077e-02,2.1557935197e+00
7.5450000000e+02,4.4879965006e-03,1.4744116021e-02,7.3954563520e-01,2.0804925724e-01,1.9094661857e-02,8.5312918762e-04,1.3225203999e-02,2.1526506556e+00
7.5500000000e+02,4.4972944368e-03,1.4639099811e-02,7.3842224334e-01,2.0941038981e-01,1.8955225915e-02,8.5082845886e-04,1.3224918223e-02,2.1534698275e+00
7.5550000000e+02,4.5356337726e-03,1.4776947676e-02,7.3667057695e-01,2.1072490177e-01,1.9119588091e-02,8.5922931408e-04,1.3313122427e-02,2.1619547318e+00
7.5600000000e+02,4.5721903765e-03,1.4708276861e-02,7.3561228941e-01,2.1168677141e-01,1.9232121955e-02,8.4997451817e-04,1.3338375469e-02,2.1652689324e+00
7.5650000000e+02,4.6053350472e-03,1.4530512290e-02,7.3404450035e-01,2.1349627360e-01,1.9260424672e-02,8.4232733657e-04,1.3220626701e-02,2.1645350346e+00
7.5700000000e+02,4.6294852913e-03,1.4437550864e-02,7.3329558936e-01,2.1437747739e-01,1.9153324740e-02,8.3664927754e-04,1.3269923082e-02,2.1643385195e+00
7.5750000000e+02,4.6379991967e-03,1.4391983955e-02,7.3178142879e-01,2.1600063826e-01,1.9129244301e-02,8.3838367336e-04,1.3220321831e-02,2.1673261367e+00
7.5800000000e+02,4.6815213574e-03,1.4494988902e-02,7.3102227753e-01,2.1605600171e-01,1.9487678244e-02,8.4785169204e-04,1.3409680561e-02,2.1758501883e+00
7.5850000000e+02,4.7130270966e-03,1.4523094075e-02,7.2988155581e-01,2.1693112109e-01,1.9556629277e-02,8.5492031494e-04,1.3539652343e-02,2.1812930228e+00
7.5900000000e+02,4.8042142792e-03,1.4514054514e-02,7.2936482597e-01,2.1745168964e-01,1.9336557644e-02,8.4728179776e-04,1.3681376157e-02,2.1848188443e+00
7.5950000000e+02,4.8228069493e-03,1.4346991487e-02,7.3032404151e-01,2.1635551663e-01,1.9456096514e-02,8.4013157160e-04,1.3854415339e-02,2.1846673710e+00
7.6000000000e+02,4.8053637544e-03,1.4295619031e-02,7.3027508995e-01,2.1638486117e-01,1.9456077271e-02,8.3605518234e-04,1.3946933645e-02,2.1852672359e+00
7.6050000000e+02,4.7937312775e-03,1.4283854173e-02,7.2644164697e-01,2.2012032765e-01,1.9482704912e-02,8.3460451054e-04,1.4043130509e-02,2.1939433650e+00
7.6100000000e+02,4.8421596741e-03,1.4258829942e-02,7.2563801794e-01,2.2043496627e-01,1.9736017938e-02,8.4122412900e-04,1.4248784104e-02,2.2005958230e+00
7.6150000000e+02,4.8723299108e-03,1.4368652781e-02,7.2305389717e-01,2.2255921243e-01,1.9866656780e-02,8.3394157284e-04,1.4445309358e-02,2.2093993293e+00
7.6200000000e+02,4.8976960813e-03,1.4317792728e-02,7.2010167117e-01,2.2545746661e-01,1.9894156155e-02,8.3381261942e-04,1.4497404638e-02,2.2160232673e+00
7.6250000000e+02,4.8857454758e-03,1.4261862707e-02,7.1979527459e-01,2.2604590924e-01,1.9724613979e-02,8.1846356864e-04,1.4468130440e-02,2.2133950842e+00
7.6300000000e+02,4.9300581676e-03,1.4241636460e-02,7.1872275998e-01,2.2686636289e-01,1.9731859746e-02,8.1675042922e-04,1.4690572330e-02,2.2191834628e+00
7.6350000000e+02,4.9803813710e-03,1.4255171723e-02,7.1852526348e-01,2.2674743587e-01,1.9822222244e-02,8.2252660280e-04,1.4846998710e-02,2.2232676809e+00
7.6400000000e+02,5.0200327318e-03,1.4168888729e-02,7.1848967412e-01,2.2665654807e-01,1.9835739135e-02,8.1313147190e-04,1.5015985747e-02,2.2242432198e+00
7.6450000000e+02,5.0498825164e-03,1.4121564022e-02,7.1620008348e-01,2.2882509693e-01,1.9985980514e-02,8.0026616655e-04,1.5017126373e-02,2.2300686520e+00
7.6500000000e+02,5.0249893811e-03,1.4005159957e-02,7.1636460068e-01,2.2891495884e-01,1.9980536404e-02,7.9219247774e-04,1.4917562255e-02,2.2261079714e+00
7.6550000000e+02,5.0106347368e-03,1.3934469714e-02,7.1583583536e-01,2.2961079746e-01,2.0045208779e-02,7.8416540505e-04,1.4778888541e-02,2.2237492153e+00
7.6600000000e+02,5.0854641884e-03,1.3922096131e-02,7.1299935510e-01,2.3217126023e-01,2.0157857501e-02,7.8317816547e-04,1.4880788686e-02,2.2322604150e+00
7.6650000000e+02,5.1740809912e-03,1.3899940410e-02,7.1411601952e-01,2.3099173472e-01,2.0182020138e-02,7.8180588849e-04,1.4854398327e-02,2.2319258264e+00
7.6700000000e+02,5.1848099406e-03,1.3809935543e-02,7.1419095984e-01,2.3106221335e-01,2.0172035370e-02,7.7077056083e-04,1.4809275393e-02,2.2298753160e+00
7.6750000000e+02,5.2135486276e-03,1.3737925811e-02,7.1327094499e-01,2.3204934039e-01,2.0180442413e-02,7.6334977662e-04,1.4784447983e-02,2.2310439157e+00
7.6800000000e+02,5.2316098451e-03,1.3590269630e-02,7.1244901354e-01,2.3288107783e-01,2.0268174646e-02,7.5450876140e-04,1.4825345745e-02,2.2313471292e+00
7.6850000000e+02,5.2243732417e-03,1.3496669128e-02,7.1179972101e-01,2.3375113825e-01,2.0100190854e-02,7.5068609549e-04,1.4877221422e-02,2.2302199319e+00
7.6900000000e+02,5.2193212480e-03,1.3579876638e-02,7.1107232724e-01,2.3426844992e-01,2.0102892730e-02,7.4488724585e-04,1.5012244972e-02,2.2333396099e+00
7.6950000000e+02,5.2440111735e-03,1.3611842498e-02,7.0856775778e-01,2.3645183204e-01,2.0352769870e-02,7.4106258259e-04,1.5030724056e-02,2.2402256853e+00
7.7000000000e+02,5.2083039488e-03,1.3616092344e-02,7.0644319765e-01,2.3872271598e-01,2.0279371097e-02,7.3328073900e-04,1.4997038242e-02,2.2409735876e+00
7.7050000000e+02,5.1745523171e-03,1.3621487375e-02,7.0682846539e-01,2.3821801295e-01,2.0407325780e-02,7.2744736272e-04,1.5022708823e-02,2.2416462275e+00
7.7100000000e+02,5.1545978403e-03,1.3515035095e-02,7.0682599994e-01,2.3806653778e-01,2.0505389059e-02,7.2646646417e-04,1.5205973820e-02,2.2430514064e+00
7.7150000000e+02,5.1815951677e-03,1.3515383407e-02,7.0453249635e-01,2.3950194394e-01,2.1082192774e-02,7.3001866739e-04,1.5456369702e-02,2.2544832152e+00
7.7200000000e+02,5.1814274472e-03,1.3414048155e-02,7.0442850825e-01,2.3959125770e-01,2.1221243099e-02,7.2424401363e-04,1.5439271334e-02,2.2535250234e+00
7.7250000000e+02,5.1720036324e-03,1.3234471770e-02,7.0479687394e-01,2.3957605165e-01,2.1225397405e-02,7.1700729095e-04,1.5278194308e-02,2.2495621873e+00
7.7300000000e+02,5.1256658772e-03,1.2977070372e-02,7.0635730434e-01,2.3819512664e-01,2.1299753134e-02,7.1116216595e-04,1.5333917474e-02,2.2433376654e+00
7.7350000000e+02,5.1355024799e-03,1.2924090287e-02,7.0900691863e-01,2.3551381079e-01,2.1343940116e-02,7.0305130464e-04,1.5372686391e-02,2.2404800423e+00
7.7400000000e+02,5.0762175466e-03,1.2925466468e-02,7.0965520905e-01,2.3485809700e-01,2.1436787942e-02,6.9689738548e-04,1.5351324613e-02,2.2374961394e+00
7.7450000000e+02,5.0439995093e-03,1.2965723750e-02,7.1131159728e-01,2.3295671472e-01,2.1592362177e-02,6.9164617718e-04,1.5437956383e-02,2.2359060642e+00
7.7500000000e+02,5.1057076987e-03,1.2742298152e-02,7.1054097272e-01,2.3362690901e-01,2.1680985873e-02,6.8755085140e-04,1.5615575689e-02,2.2383724577e+00
7.7550000000e+02,5.0997030362e-03,1.2664373780e-02,7.1008717343e-01,2.3377107853e-01,2.1869139001e-02,6.8755319012e-04,1.5820979036e-02,2.2427832862e+00
7.7600000000e+02,5.0693140272e-03,1.2560465688e-02,7.0956389423e-01,2.3409722015e-01,2.2209385318e-02,6.8712669644e-04,1.5812593892e-02,2.2440368500e+00
7.7650000000e+02,5.0016141579e-03,1.2514063059e-02,7.1025619206e-01,2.3364518257e-01,2.2037122805e-02,6.8452057265e-04,1.5861304774e-02,2.2396384333e+00
7.7700000000e+02,4.9720005950e-03,1.2452508325e-02,7.1049201645e-01,2.3348538817e-01,2.2059964584e-02,6.7628392461e-04,1.5861837959e-02,2.2380009145e+00
7.7750000000e+02,4.9713980212e-03,1.2394222353e-02,7.0982809754e-01,2.3447288195e-01,2.1786312161e-02,6.6717662044e-04,1.5879911359e-02,2.2363606779e+00
7.7800000000e+02,4.9954196272e-03,1.2249028920e-02,7.1033162582e-01,2.3433537021e-01,2.1534315384e-02,6.5895566064e-04,1.5895284373e-02,2.2319238460e+00
7.7850000000e+02,5.0071963498e-03,1.2177555991e-02,7.1069747805e-01,2.3383381986e-01,2.1687959399e-02,6.5043970885e-04,1.5945550641e-02,2.2321230724e+00
7.7900000000e+02,5.0259678469e-03,1.2177149628e-02,7.0863046111e-01,2.3552899211e-01,2.1948753746e-02,6.5099881070e-04,1.6037676743e-02,2.2396960977e+00
7.7950000000e+02,4.9710360268e-03,1.2182100815e-02,7.0735468648e-01,2.3703218624e-01,2.1790867241e-02,6.4625540622e-04,1.6022867793e-02,2.2387427395e+00
7.8000000000e+02,4.9058408418e-03,1.2109055977e-02,7.0835693557e-01,2.3608814122e-01,2.1857386190e-02,6.3955553683e-04,1.6043084667e-02,2.2361992787e+00
7.8050000000e+02,4.8375944173e-03,1.1992720854e-02,7.0977821878e-01,2.3520038786e-01,2.1632008097e-02,6.2793130462e-04,1.5931138686e-02,2.2280998399e+00
7.8100000000e+02,4.7978114234e-03,1.1909715499e-02,7.1158881125e-01,2.3368661087e-01,2.1426743748e-02,6.1841162369e-04,1.5971895581e-02,2.2209481138e+00
7.8150000000e+02,4.7989593596e-03,1.1959458028e-02,7.1019294886e-01,2.3463880030e-01,2.1715024298e-02,6.2042703247e-04,1.6074382115e-02,2.2272763591e+00
7.8200000000e+02,4.7656556027e-03,1.2019373456e-02,7.0996129515e-01,2.3466274899e-01,2.1857783228e-02,6.2104898177e-04,1.6112094585e-02,2.2305022702e+00
7.8250000000e+02,4.7478396307e-03,1.1925537467e-02,7.0756447665e-01,2.3718219689e-01,2.1838367181e-02,6.1647817756e-04,1.6125104005e-02,2.2324013822e+00
7.8300000000e+02,4.7165779049e-03,1.1964018855e-02,7.0565929183e-01,2.3918636507e-01,2.1752477046e-02,6.1272214342e-04,1.6108547144e-02,2.2351394271e+00
7.8350000000e+02,4.6849773350e-03,1.1974603632e-02,7.0488548219e-01,2.3971124043e-01,2.1916765038e-02,6.0593622061e-04,1.6220995154e-02,2.2378142937e+00
7.8400000000e+02,4.6120079796e-03,1.2002430330e-02,7.0478766103e-01,2.4005996080e-01,2.1749492212e-02,5.9479181350e-04,1.6193655831e-02,2.2335259056e+00
7.8450000000e+02,4.6089309176e-03,1.2029943962e-02,7.0564150923e-01,2.3923343815e-01,2.1731445166e-02,5.8919743944e-04,1.6165535138e-02,2.2306290723e+00
7.8500000000e+02,4.6040192318e-03,1.2023975614e-02,7.0533668561e-01,2.3948741307e-01,2.1608702162e-02,5.8351195089e-04,1.6355692360e-02,2.2300740716e+00
7.8550000000e+02,4.5754520685e-03,1.1982253670e-02,7.0524060067e-01,2.3993296883e-01,2.1446310992e-02,5.8153561863e-04,1.6240878151e-02,2.2254614218e+00
7.8600000000e+02,4.5538606418e-03,1.1984627491e-02,7.0697710090e-01,2.3805175616e-01,2.1521008437e-02,5.8620699105e-04,1.6325439377e-02,2.2237832760e+00
7.8650000000e+02,4.5027671484e-03,1.1903772796e-02,7.0711923439e-01,2.3822358636e-01,2.1359921337e-02,5.8335819679e-04,1.6307359768e-02,2.2204000186e+00
7.8700000000e+02,4.4995181281e-03,1.1850525858e-02,7.0841130991e-01,2.3675249412e-01,2.1450202571e-02,5.8568707610e-04,1.6450262332e-02,2.2202231414e+00
7.8750000000e+02,4.4852441702e-03,1.1857069314e-02,7.0785250345e-01,2.3709923741e-01,2.1406929683e-02,5.9029294500e-04,1.6708723019e-02,2.2247359433e+00
7.8800000000e+02,4.4327633327e-03,1.1769075817e-02,7.0808769434e-01,2.3689991411e-01,2.1444445665e-02,5.8403556432e-04,1.6782071173e-02,2.2212501983e+00
7.8850000000e+02,4.4159178827e-03,1.1661098140e-02,7.0896561804e-01,2.3612353421e-01,2.1586770389e-02,5.7586195439e-04,1.6671199390e-02,2.2172549207e+00
7.8900000000e+02,4.4398372985e-03,1.1656759193e-02,7.0980865331e-01,2.3495720485e-01,2.1757997170e-02,5.7629265610e-04,1.6803255522e-02,2.2198100341e+00
7.8950000000e+02,4.4491951868e-03,1.1555296869e-02,7.0640600345e-01,2.3856361386e-01,2.1840225443e-02,5.8142616827e-04,1.6604239016e-02,2.2237092972e+00
7.9000000000e+02,4.4636955993e-03,1.1610829987e-02,7.0660761422e-01,2.3808238994e-01,2.1958664001e-02,5.8502923769e-04,1.6691777012e-02,2.2257413420e+00
7.9050000000e+02,4.4376455866e-03,1.1537406416e-02,7.0689385321e-01,2.3813962468e-01,2.1750408659e-02,5.7824884329e-04,1.6662812605e-02,2.2215256097e+00
7.9100000000e+02,4.3593192464e-03,1.1470601397e-02,7.0738217457e-01,2.3797413816e-01,2.1554106879e-02,5.7341048810e-04,1.6686249256e-02,2.2167549738e+00
7.9150000000e+02,4.2999742071e-03,1.1376385260e-02,7.0565549982e-01,2.3974751659e-01,2.1613301845e-02,5.7210481232e-04,1.6735217460e-02,2.2173019245e+00
7.9200000000e+02,4.3077199963e-03,1.1513090447e-02,7.0590765474e-01,2.3886445625e-01,2.1916986013e-02,5.7235787526e-04,1.6917734676e-02,2.2237289816e+00
7.9250000000e+02,4.3062289743e-03,1.1622389433e-02,7.0540031166e-01,2.3904865931e-01,2.2035541854e-02,5.6590341698e-04,1.7020965348e-02,2.2273681535e+00
7.9300000000e+02,4.2821207130e-03,1.1651916549e-02,7.0678230432e-01,2.3807373345e-01,2.1708582456e-02,5.6420093486e-04,1.6937141574e-02,2.2198008700e+00
7.9350000000e+02,4.2535291110e-03,1.1668903949e-02,7.0758519586e-01,2.3726441852e-01,2.1496885047e-02,5.6170826493e-04,1.7169359246e-02,2.2196845330e+00
7.9400000000e+02,4.2043047734e-03,1.1635284688e-02,7.0505579769e-01,2.3998711979e-01,2.1425666601e-02,5.5841381880e-04,1.7133412631e-02,2.2205370225e+00
7.9450000000e+02,4.2060021950e-03,1.1643161659e-02,7.0434150821e-01,2.4075156508e-01,2.1458640495e-02,5.5614343566e-04,1.7042978921e-02,2.2211328287e+00
7.9500000000e+02,4.2141058081e-03,1.1646890914e-02,7.0098916833e-01,2.4398429991e-01,2.1419879681e-02,5.5661922727e-04,1.7189036134e-02,2.2270652542e+00
7.9550000000e+02,4.2256784689e-03,1.1776275218e-02,6.9970882199e-01,2.4498053689e-01,2.1510158500e-02,5.5868320148e-04,1.7239845737e-02,2.2333118981e+00
7.9600000000e+02,4.2432984392e-03,1.1848274873e-02,7.0079693859e-01,2.4390798934e-01,2.1431758087e-02,5.5153460596e-04,1.7220206062e-02,2.2313105141e+00
7.9650000000e+02,4.1935582088e-03,1.1909815825e-02,7.0069334790e-01,2.4378558436e-01,2.1499964586e-02,5.5067516303e-04,1.7367053955e-02,2.2323426740e+00
7.9700000000e+02,4.1814317879e-03,1.1980227348e-02,6.9848191427e-01,2.4547423139e-01,2.1639475253e-02,5.4726844886e-04,1.7695451500e-02,2.2394034924e+00
7.9750000000e+02,4.1928832793e-03,1.1891862367e-02,6.9889849270e-01,2.4482340854e-01,2.1805840403e-02,5.4086022193e-04,1.7846652491e-02,2.2404581834e+00
7.9800000000e+02,4.1732971067e-03,1.2029901576e-02,6.9886282767e-01,2.4476502002e-01,2.1731035873e-02,5.4232411605e-04,1.7895593642e-02,2.2419500655e+00
7.9850000000e+02,4.1686117774e-03,1.2035873006e-02,7.0076866330e-01,2.4271166106e-01,2.1896234450e-02,5.4355865472e-04,1.7875397750e-02,2.2408036303e+00
7.9900000000e+02,4.1778283942e-03,1.2026721569e-02,7.0223192205e-01,2.4132725896e-01,2.1774310893e-02,5.4657975049e-04,1.7915378387e-02,2.2373892480e+00
7.9950000000e+02,4.1947428272e-03,1.1922793236e-02,7.0161428507e-01,2.4213397518e-01,2.1605939839e-02,5.5421956342e-04,1.7974044283e-02,2.2358229400e+00
8.0000000000e+02,4.1770342718e-03,1.1894409539e-02,7.0262114247e-01,2.4111605888e-01,2.1719496942e-02,5.5318993033e-04,1.7918667971e-02,2.2349551186e+00
8.0050000000e+02,4.1651442939e-03,1.1936306859e-02,7.0124870483e-01,2.4231455578e-01,2.1907991681e-02,5.5795433482e-04,1.7869342215e-02,2.2390424546e+00
8.0100000000e+02,4.1480296835e-03,1.1980914042e-02,7.0037868226e-01,2.4293900931e-01,2.2008932366e-02,5.5447762341e-04,1.7989954715e-02,2.2404016563e+00
8.0150000000e+02,4.1118646485e-03,1.2033112290e-02,7.0192199816e-01,2.4145037615e-01,2.1909514436e-02,5.5207986980e-04,1.8021054454e-02,2.2373750358e+00
8.0200000000e+02,4.0721673360e-03,1.1978999467e-02,7.0238406494e-01,2.4091116440e-01,2.2029918382e-02,5.4936502795e-04,1.8074320449e-02,2.2360318596e+00
8.0250000000e+02,4.0869985150e-03,1.2159663511e-02,7.0358974243e-01,2.3920861821e-01,2.2222247089e-02,5.5491306020e-04,1.8177817190e-02,2.2389700676e+00
8.0300000000e+02,4.0621592601e-03,1.2289423061e-02,7.0459312628e-01,2.3817595758e-01,2.2276522203e-02,5.5024911967e-04,1.8052562494e-02,2.2393405996e+00
8.0350000000e+02,4.0116425730e-03,1.2300640595e-02,7.0278362006e-01,2.3989399216e-01,2.2297548807e-02,5.4666959424e-04,1.8165886211e-02,2.2418757211e+00
8.0400000000e+02,4.0418936079e-03,1.2453995575e-02,6.9932742624e-01,2.4289896735e-01,2.2396611326e-02,5.5244959151e-04,1.8328656314e-02,2.2510741663e+00
8.0450000000e+02,4.0081445500e-03,1.2444998982e-02,6.9924808807e-01,2.4315376582e-01,2.2164970877e-02,5.5326331837e-04,1.8426768386e-02,2.2484202729e+00
8.0500000000e+02,4.0185899712e-03,1.2445110694e-02,7.0008155452e-01,2.4238213223e-01,2.2065894794e-02,5.5184458564e-04,1.8454873198e-02,2.2458468662e+00
8.0550000000e+02,4.0267952554e-03,1.2479346076e-02,7.0219448730e-01,2.4042464250e-01,2.2024645768e-02,5.5255430387e-04,1.8297528794e-02,2.2424558155e+00
8.0600000000e+02,3.9997313347e-03,1.2643574570e-02,7.0169582316e-01,2.4077290782e-01,2.1994767672e-02,5.5218190684e-04,1.8341013538e-02,2.2446266548e+00
8.0650000000e+02,3.9977588957e-03,1.2762375706e-02,6.9897851430e-01,2.4314448949e-01,2.2043622388e-02,5.5402378589e-04,1.8519215437e-02,2.2538598705e+00
8.0700000000e+02,3.9829972232e-03,1.2706092065e-02,6.9814050518e-01,2.4404372376e-01,2.2080783205e-02,5.5417802169e-04,1.8491720547e-02,2.2535953171e+00
8.0750000000e+02,3.9639056768e-03,1.2816127593e-02,6.9864202607e-01,2.4376969373e-01,2.1888543452e-02,5.4853144572e-04,1.8371172036e-02,2.2506076135e+00
8.0800000000e+02,3.9086534835e-03,1.2830894265e-02,7.0072782738e-01,2.4160780261e-01,2.2048917991e-02,5.4994789203e-04,1.8325956369e-02,2.2471493977e+00
8.0850000000e+02,3.9305210322e-03,1.2868080182e-02,7.0146322612e-01,2.4043572596e-01,2.2283071412e-02,5.5299438341e-04,1.8466380911e-02,2.2512303278e+00
8.0900000000e+02,3.8893495217e-03,1.2856179007e-02,7.0251951815e-01,2.3938594708e-01,2.2413021377e-02,5.5531537903e-04,1.8380669481e-02,2.2488244825e+00
8.0950000000e+02,3.8864019651e-03,1.2821118756e-02,7.0255394996e-01,2.3931970460e-01,2.2499974647e-02,5.5359765706e-04,1.8365252412e-02,2.2472413641e+00
8.1000000000e+02,3.8891709605e-03,1.2845163658e-02,7.0447985906e-01,2.3731944143e-01,2.2653140699e-02,5.5583045558e-04,1.8257393738e-02,2.2451942322e+00
8.1050000000e+02,3.8747231237e-03,1.2813383471e-02,7.0365059538e-01,2.3821043717e-01,2.2524638371e-02,5.5627081198e-04,1.8369951672e-02,2.2463835899e+00
8.1100000000e+02,3.8955277154e-03,1.2935791140e-02,7.0383329045e-01,2.3792712808e-01,2.2504774174e-02,5.5798248258e-04,1.8345505959e-02,2.2471134600e+00
8.1150000000e+02,3.9262290652e-03,1.2990994519e-02,7.0583957205e-01,2.3581015154e-01,2.2557788352e-02,5.5552588823e-04,1.8319738581e-02,2.2453460362e+00
8.1200000000e+02,3.9801947869e-03,1.2968418233e-02,7.0538810479e-01,2.3646151979e-01,2.2354608846e-02,5.4794108027e-04,1.8299212478e-02,2.2446955457e+00
8.1250000000e+02,4.0087137059e-03,1.3021077348e-02,7.0489279825e-01,2.3660586960e-01,2.2508497222e-02,5.4956425981e-04,1.8413479618e-02,2.2493316074e+00
8.1300000000e+02,3.9479986729e-03,1.3035281677e-02,7.0271820493e-01,2.3887737281e-01,2.2477038751e-02,5.4522198997e-04,1.8398881175e-02,2.2500414523e+00
8.1350000000e+02,3.9391801889e-03,1.3048275428e-02,7.0340866906e-01,2.3813080087e-01,2.2487011030e-02,5.4306195503e-04,1.8443001469e-02,2.2494265532e+00
8.1400000000e+02,3.9061698840e-03,1.2917873074e-02,7.0449173268e-01,2.3753096260e-01,2.2433329628e-02,5.3904144939e-04,1.8180890682e-02,2.2428163912e+00
8.1450000000e+02,3.8994042536e-03,1.2983406187e-02,7.0002088943e-01,2.4155585390e-01,2.2708170700e-02,5.3845732388e-04,1.8293818209e-02,2.2529584907e+00
8.1500000000e+02,3.9209140019e-03,1.3016912928e-02,6.9976546540e-01,2.4168620830e-01,2.2935728238e-02,5.4043788813e-04,1.8134333244e-02,2.2557205326e+00
8.1550000000e+02,3.8965904510e-03,1.2900002741e-02,7.0180556157e-01,2.3989856354e-01,2.2966228836e-02,5.3647174847e-04,1.7996581112e-02,2.2479122046e+00
8.1600000000e+02,3.8989712065e-03,1.2887366014e-02,7.0268423058e-01,2.3863326428e-01,2.3078262233e-02,5.3900856330e-04,1.8278897119e-02,2.2507129316e+00
8.1650000000e+02,3.9276073956e-03,1.2911528086e-02,7.0262742230e-01,2.3868232455e-01,2.3194501930e-02,5.3792047478e-04,1.8118695256e-02,2.2515490378e+00
8.1700000000e+02,3.9146887222e-03,1.2848799161e-02,7.0382772984e-01,2.3810326530e-01,2.2873962743e-02,5.3253414110e-04,1.7899020097e-02,2.2427478862e+00
8.1750000000e+02,3.8948811121e-03,1.2738594548e-02,7.0554028147e-01,2.3675939608e-01,2.2736984124e-02,5.2473321687e-04,1.7805129456e-02,2.2352755991e+00
8.1800000000e+02,3.9190111243e-03,1.2760511967e-02,7.0606303508e-01,2.3632800729e-01,2.2675302894e-02,5.2078749289e-04,1.7733344150e-02,2.2352378228e+00
8.1850000000e+02,3.8630774727e-03,1.2537031629e-02,7.0764764445e-01,2.3557013989e-01,2.2329759368e-02,5.1110893261e-04,1.7541238252e-02,2.2215001658e+00
8.1900000000e+02,3.9036865727e-03,1.2537678379e-02,7.0748030491e-01,2.3539123674e-01,2.2514638255e-02,5.0638842721e-04,1.7666066710e-02,2.2247694083e+00
8.1950000000e+02,3.9220387009e-03,1.2506546128e-02,7.0950877130e-01,2.3354222208e-01,2.2443040764e-02,5.0144553848e-04,1.7575935489e-02,2.2192992454e+00
8.2000000000e+02,3.8831738053e-03,1.2332224633e-02,7.1071429907e-01,2.3296375081e-01,2.2261411707e-02,4.9158594372e-04,1.7353554035e-02,2.2096849604e+00
8.2050000000e+02,3.8687599084e-03,1.2250049143e-02,7.0962118126e-01,2.3424670495e-01,2.2258734235e-02,4.8537726953e-04,1.7269193232e-02,2.2071703517e+00
8.2100000000e+02,3.8802122632e-03,1.2128817012e-02,7.0891647735e-01,2.3537333896e-01,2.2110136692e-02,4.7400121942e-04,1.7117016509e-02,2.2032037935e+00
8.2150000000e+02,3.8484017584e-03,1.2032486985e-02,7.0932885971e-01,2.3509027167e-01,2.2081653234e-02,4.6952125947e-04,1.7148805380e-02,2.2008626848e+00
8.2200000000e+02,3.8463851496e-03,1.1935908086e-02,7.0901341652e-01,2.3558573725e-01,2.2039777981e-02,4.5613699303e-04,1.7122638020e-02,2.1988151031e+00
8.2250000000e+02,3.8077232349e-03,1.1915511957e-02,7.1051638917e-01,2.3451587455e-01,2.1884081411e-02,4.4939921282e-04,1.6911020461e-02,2.1903802640e+00
8.2300000000e+02,3.8345268993e-03,1.1983255925e-02,7.1081134083e-01,2.3407099980e-01,2.1922043102e-02,4.4592039761e-04,1.6931913043e-02,2.1924555353e+00
8.2350000000e+02,3.8173341854e-03,1.1912339277e-02,7.1074478907e-01,2.3380981611e-01,2.2218500530e-02,4.3869563073e-04,1.7058525192e-02,2.1933201707e+00
8.2400000000e+02,3.8363989599e-03,1.1940265783e-02,7.1174682439e-01,2.3290372329e-01,2.2124516274e-02,4.3309600812e-04,1.7015175295e-02,2.1899915240e+00
8.2450000000e+02,3.8212284481e-03,1.1912059810e-02,7.1408719911e-01,2.3076503075e-01,2.2045274778e-02,4.2972454812e-04,1.6939482561e-02,2.1828961203e+00
8.2500000000e+02,3.8190786128e-03,1.1990288036e-02,7.1529621194e-01,2.2981437796e-01,2.1832713752e-02,4.2082256492e-04,1.6826507132e-02,2.1775036760e+00
8.2550000000e+02,3.8251122828e-03,1.2047814482e-02,7.1731388140e-01,2.2765340639e-01,2.1904293976e-02,4.1367212424e-04,1.6841819346e-02,2.1761442695e+00
8.2600000000e+02,3.7829984971e-03,1.1996871973e-02,7.1852456890e-01,2.2679193023e-01,2.1801758569e-02,4.0376975786e-04,1.6698102078e-02,2.1682021097e+00
8.2650000000e+02,3.7908825935e-03,1.2105639617e-02,7.1961533887e-01,2.2565215526e-01,2.1751861184e-02,3.9952005667e-04,1.6684602412e-02,2.1664326661e+00
8.2700000000e+02,3.8083048300e-03,1.2174197417e-02,7.2015666008e-01,2.2515671602e-01,2.1657672807e-02,3.9802690505e-04,1.6648421939e-02,2.1641520653e+00
8.2750000000e+02,3.7988487944e-03,1.2114656893e-02,7.2144590037e-01,2.2433869803e-01,2.1407622313e-02,3.9600303404e-04,1.6498270566e-02,2.1566206195e+00
8.2800000000e+02,3.8089093365e-03,1.2094065155e-02,7.2151009336e-01,2.2464518235e-01,2.1140792148e-02,3.8563271778e-04,1.6415324927e-02,2.1523728218e+00
8.2850000000e+02,3.7496643674e-03,1.2018106625e-02,7.2380534723e-01,2.2279333892e-01,2.0903281664e-02,3.7177211367e-04,1.6358489076e-02,2.1425823639e+00
8.2900000000e+02,3.7473372798e-03,1.1968644106e-02,7.2467763292e-01,2.2210547250e-01,2.0937352848e-02,3.6582351686e-04,1.6197736824e-02,2.1389373777e+00
8.2950000000e+02,3.7205224321e-03,1.1972905238e-02,7.2596902900e-01,2.2059837154e-01,2.1179726583e-02,3.5798093883e-04,1.6201464273e-02,2.1385795545e+00
8.3000000000e+02,3.7752153609e-03,1.1925670633e-02,7.2533219055e-01,2.2125499118e-01,2.1124111547e-02,3.5280231444e-04,1.6235018415e-02,2.1387626193e+00
8.3050000000e+02,3.7489836421e-03,1.1862961077e-02,7.2551037685e-01,2.2128611009e-01,2.1076353436e-02,3.4526425414e-04,1.6169950653e-02,2.1351174054e+00
8.3100000000e+02,3.7633354989e-03,1.1913417258e-02,7.2435585035e-01,2.2248687195e-01,2.1032035425e-02,3.3949153389e-04,1.6108997985e-02,2.1362001240e+00
8.3150000000e+02,3.7447889303e-03,1.1955979012e-02,7.2464300497e-01,2.2216238345e-01,2.0993172659e-02,3.3270832456e-04,1.6167962661e-02,2.1369359775e+00
8.3200000000e+02,3.7139485338e-03,1.1940365156e-02,7.2632829986e-01,2.2077732289e-01,2.0833466753e-02,3.2321340897e-04,1.6083383396e-02,2.1297984349e+00
8.3250000000e+02,3.6894362347e-03,1.1749973103e-02,7.2813002287e-01,2.1971018512e-01,2.0584472970e-02,3.1184526810e-04,1.5824064433e-02,2.1177195214e+00
8.3300000000e+02,3.6952333447e-03,1.1719250528e-02,7.2894907840e-01,2.1925484323e-01,2.0310083091e-02,3.0407457670e-04,1.5767436825e-02,2.1143723970e+00
8.3350000000e+02,3.6934827702e-03,1.1589297241e-02,7.3118096966e-01,2.1743891242e-01,2.0015059904e-02,2.9729714418e-04,1.5784980855e-02,2.1063144380e+00
8.3400000000e+02,3.7449266759e-03,1.1570527239e-02,7.3115818123e-01,2.1744296196e-01,2.0085334039e-02,2.9320187458e-04,1.5704866983e-02,2.1075486904e+00
8.3450000000e+02,3.6976908183e-03,1.1401120931e-02,7.3336245740e-01,2.1596461376e-01,1.9827064832e-02,2.8337907525e-04,1.5463673186e-02,2.0956021773e+00
8.3500000000e+02,3.6831214357e-03,1.1360128947e-02,7.3505347623e-01,2.1477736666e-01,1.9696191455e-02,2.7367886807e-04,1.5156036407e-02,2.0853094338e+00
8.3550000000e+02,3.6969533279e-03,1.1439412602e-02,7.3463318305e-01,2.1504109646e-01,1.9660815970e-02,2.6270718697e-04,1.5265831406e-02,2.0857608929e+00
8.3600000000e+02,3.6545949816e-03,1.1325100737e-02,7.3739477600e-01,2.1255706026e-01,1.9638679486e-02,2.5502377387e-04,1.5174764758e-02,2.0748999361e+00
8.3650000000e+02,3.6434017608e-03,1.1284672486e-02,7.3852527797e-01,2.1159446248e-01,1.9517938769e-02,2.5250883897e-04,1.5181737695e-02,2.0724170935e+00
8.3700000000e+02,3.6400331529e-03,1.1284041022e-02,7.3992282531e-01,2.1067907631e-01,1.9224099217e-02,2.4507551173e-04,1.5004849476e-02,2.0646197020e+00
8.3750000000e+02,3.6171977910e-03,1.1172854490e-02,7.4107338350e-01,2.0981304845e-01,1.9072500276e-02,2.3700056552e-04,1.5014014930e-02,2.0594594701e+00
8.3800000000e+02,3.6175378819e-03,1.1022130947e-02,7.3956683298e-01,2.1138282185e-01,1.9202669355e-02,2.3010356375e-04,1.4977903418e-02,2.0596458413e+00
8.3850000000e+02,3.6344372446e-03,1.1085234889e-02,7.3974656398e-01,2.1134938912e-01,1.8938644002e-02,2.2582989204e-04,1.5019900878e-02,2.0564606246e+00
8.3900000000e+02,3.6336066731e-03,1.1104985216e-02,7.3971966374e-01,2.1151625375e-01,1.8861283355e-02,2.2033392003e-04,1.4943873339e-02,2.0530698839e+00
8.3950000000e+02,3.6848894007e-03,1.1120787897e-02,7.4123834848e-01,2.0994250477e-01,1.8859276790e-02,2.1548374336e-04,1.4938708916e-02,2.0527979456e+00
8.4000000000e+02,3.7053495484e-03,1.1144696818e-02,7.4126234792e-01,2.0993825282e-01,1.8794943216e-02,2.1364687209e-04,1.4940762804e-02,2.0518169771e+00
8.4050000000e+02,3.7031128135e-03,1.1201797029e-02,7.4291759420e-01,2.0853566759e-01,1.8650602337e-02,2.1048774335e-04,1.4780738283e-02,2.0462658293e+00
8.4100000000e+02,3.7223765220e-03,1.1169620515e-02,7.4281094118e-01,2.0895441721e-01,1.8538949231e-02,2.0755936979e-04,1.4596135970e-02,2.0438263612e+00
8.4150000000e+02,3.7067820680e-03,1.1205541850e-02,7.4460449156e-01,2.0747003087e-01,1.8470857346e-02,2.0522414813e-04,1.4337072157e-02,2.0371888699e+00
8.4200000000e+02,3.7127405466e-03,1.1278138516e-02,7.4457873852e-01,2.0755537734e-01,1.8412993752e-02,2.0187737310e-04,1.4260133959e-02,2.0367970488e+00
8.4250000000e+02,3.7075267818e-03,1.1367782204e-02,7.4169774759e-01,2.1026752816e-01,1.8556178155e-02,2.0075124770e-04,1.4202485863e-02,2.0432096569e+00
8.4300000000e+02,3.7387994518e-03,1.1549807224e-02,7.4259186437e-01,2.0925218485e-01,1.8553128675e-02,1.9716221060e-04,1.4117053219e-02,2.0426538984e+00
8.4350000000e+02,3.7815940822e-03,1.1662088377e-02,7.4059559081e-01,2.1088282067e-01,1.8788254978e-02,1.9572980239e-04,1.4093921281e-02,2.0497761017e+00
8.4400000000e+02,3.7727292689e-03,1.1614777608e-02,7.4122181768e-01,2.1027016743e-01,1.8868551836e-02,1.9613928529e-04,1.4055816890e-02,2.0471775949e+00
8.4450000000e+02,3.7797499874e-03,1.1626756118e-02,7.4108120565e-01,2.1058016487e-01,1.8791953561e-02,1.9114061784e-04,1.3949029197e-02,2.0467443040e+00
8.4500000000e+02,3.7440377744e-03,1.1631588690e-02,7.4194093746e-01,2.0988915382e-01,1.8776789090e-02,1.8932900972e-04,1.3828164156e-02,2.0415901245e+00
8.4550000000e+02,3.7494167795e-03,1.1705551130e-02,7.4255272808e-01,2.0953497117e-01,1.8599527135e-02,1.8750386680e-04,1.3670301841e-02,2.0380307405e+00
8.4600000000e+02,3.7207039980e-03,1.1664428611e-02,7.4461844325e-01,2.0799176503e-01,1.8329593138e-02,1.8656535279e-04,1.3488500625e-02,2.0279099018e+00
8.4650000000e+02,3.7017102242e-03,1.1713968572e-02,7.4516973030e-01,2.0772847492e-01,1.8149671732e-02,1.8516139930e-04,1.3351282852e-02,2.0224586472e+00
8.4700000000e+02,3.6938001265e-03,1.1762533199e-02,7.4608050049e-01,2.0699833695e-01,1.8004680903e-02,1.8322952083e-04,1.3276918806e-02,2.0192430434e+00
8.4750000000e+02,3.6762463560e-03,1.1815719737e-02,7.4785215357e-01,2.0547374447e-01,1.7786532532e-02,1.7917496393e-04,1.3216428367e-02,2.0140239072e+00
8.4800000000e+02,3.6812462042e-03,1.1894246421e-02,7.4819354582e-01,2.0519687020e-01,1.7781631690e-02,1.7799804556e-04,1.3074461610e-02,2.0116768719e+00
8.4850000000e+02,3.6946610567e-03,1.1811408170e-02,7.4734982161e-01,2.0619690905e-01,1.7738174031e-02,1.7903920732e-04,1.3029986878e-02,2.0105901882e+00
8.4900000000e+02,3.6953206185e-03,1.1863484832e-02,7.4601183115e-01,2.0746935743e-01,1.7754146140e-02,1.8091631771e-04,1.3024943511e-02,2.0135089910e+00
8.4950000000e+02,3.6942087284e-03,1.1899227136e-02,7.4578013647e-01,2.0809520114e-01,1.7475884336e-02,1.7970746127e-04,1.2875634728e-02,2.0106644819e+00
8.5000000000e+02,3.7328226914e-03,1.1924827417e-02,7.4692481386e-01,2.0705172370e-01,1.7477849089e-02,1.8085949595e-04,1.2707103746e-02,2.0074961153e+00
8.5050000000e+02,3.7425043803e-03,1.1889839714e-02,7.4765561622e-01,2.0660869392e-01,1.7360546945e-02,1.8189151041e-04,1.2560907315e-02,2.0026323272e+00
8.5100000000e+02,3.7323080333e-03,1.2042312985e-02,7.4602188099e-01,2.0817221845e-01,1.7333666198e-02,1.8256439626e-04,1.2515048944e-02,2.0055568273e+00
8.5150000000e+02,3.7460420520e-03,1.2163177275e-02,7.4554667306e-01,2.0857893000e-01,1.7370720056e-02,1.8493346173e-04,1.2409524097e-02,2.0078958716e+00
8.5200000000e+02,3.7680949616e-03,1.2203213270e-02,7.4440646304e-01,2.0973120227e-01,1.7363684204e-02,1.8749481236e-04,1.2339847441e-02,2.0100674962e+00
8.5250000000e+02,3.7162402452e-03,1.2314024692e-02,7.4709540123e-01,2.0681372511e-01,1.7405220451e-02,1.9121222752e-04,1.2464176038e-02,2.0066448827e+00
8.5300000000e+02,3.6977271198e-03,1.2403246320e-02,7.4652549780e-01,2.0729140517e-01,1.7368871391e-02,1.9359006706e-04,1.2519662140e-02,2.0078717066e+00
8.5350000000e+02,3.6615751774e-03,1.2343469433e-02,7.4584313164e-01,2.0827391915e-01,1.7275329466e-02,1.9731170645e-04,1.2405263428e-02,2.0055862004e+00
8.5400000000e+02,3.6385720938e-03,1.2424488022e-02,7.4471191144e-01,2.0946427486e-01,1.7140372470e-02,1.9844331281e-04,1.2421937811e-02,2.0069978540e+00
8.5450000000e+02,3.6297564900e-03,1.2435418481e-02,7.4520695321e-01,2.0917702237e-01,1.7021165714e-02,1.9839336312e-04,1.2331290376e-02,2.0040389562e+00
8.5500000000e+02,3.6639735053e-03,1.2479297995e-02,7.4408961532e-01,2.1039771570e-01,1.6941393765e-02,2.0015003115e-04,1.2227853680e-02,2.0072829895e+00
8.5550000000e+02,3.6636934505e-03,1.2639712893e-02,7.4421584122e-01,2.1029529564e-01,1.6800227060e-02,1.9807505647e-04,1.2187154682e-02,2.0076416389e+00
8.5600000000e+02,3.6309510896e-03,1.2560092308e-02,7.4628324454e-01,2.0862395287e-01,1.6706214848e-02,2.0388588879e-04,1.1991658458e-02,1.9984782863e+00
8.5650000000e+02,3.6304779096e-03,1.2432847328e-02,7.4687177677e-01,2.0820066389e-01,1.6681850550e-02,2.0565927064e-04,1.1976724278e-02,1.9959275151e+00
8.5700000000e+02,3.6402024785e-03,1.2386663659e-02,7.4829975071e-01,2.0691502673e-01,1.6774426832e-02,2.0686128980e-04,1.1777068301e-02,1.9918989237e+00
8.5750000000e+02,3.6471208125e-03,1.2204287249e-02,7.4867973225e-01,2.0678649605e-01,1.6748604492e-02,2.0971812085e-04,1.1724041028e-02,1.9893541129e+00
8.5800000000e+02,3.6444754750e-03,1.2238646273e-02,7.4932514032e-01,2.0624725114e-01,1.6584963449e-02,2.1565227066e-04,1.1743871067e-02,1.9882672395e+00
8.5850000000e+02,3.6036250959e-03,1.2104464164e-02,7.5031819187e-01,2.0546644651e-01,1.6664890458e-02,2.1796217347e-04,1.1624419733e-02,1.9827932250e+00
8.5900000000e+02,3.6253916877e-03,1.2099861889e-02,7.5143282192e-01,2.0452277976e-01,1.6630182954e-02,2.2278152282e-04,1.1466180262e-02,1.9801348887e+00
8.5950000000e+02,3.6198269371e-03,1.2211748866e-02,7.4980823860e-01,2.0599228335e-01,1.6635099376e-02,2.2721138652e-04,1.1505591485e-02,1.9855601168e+00
8.6000000000e+02,3.6062240788e-03,1.2185309060e-02,7.5061072860e-01,2.0525218243e-01,1.6787173382e-02,2.3032006623e-04,1.1328062391e-02,1.9838023504e+00
8.6050000000e+02,3.5714414381e-03,1.2311596648e-02,7.4841764530e-01,2.0736874746e-01,1.6824081550e-02,2.3394164896e-04,1.1272545958e-02,1.9883026120e+00
8.6100000000e+02,3.6202153133e-03,1.2460610940e-02,7.4450834558e-01,2.1113385680e-01,1.6773686366e-02,2.4286911524e-04,1.1260415887e-02,1.9985226610e+00
8.6150000000e+02,3.6270002459e-03,1.2528923101e-02,7.4213602646e-01,2.1355209539e-01,1.6740435840e-02,2.5046779796e-04,1.1165051167e-02,2.0028997566e+00
8.6200000000e+02,3.5999135323e-03,1.2449911362e-02,7.4430974626e-01,2.1173147997e-01,1.6620357082e-02,2.5446818412e-04,1.1034123615e-02,1.9959287317e+00
8.6250000000e+02,3.5661725455e-03,1.2407932573e-02,7.4410237861e-01,2.1191473119e-01,1.6777675474e-02,2.6074716358e-04,1.0970362446e-02,1.9964425861e+00
8.6300000000e+02,3.5723718370e-03,1.2285867371e-02,7.4486982052e-01,2.1143723743e-01,1.6673717974e-02,2.6590409203e-04,1.0895080779e-02,1.9922153355e+00
8.6350000000e+02,3.5641579045e-03,1.2304582428e-02,7.4550609934e-01,2.1089597195e-01,1.6636007433e-02,2.7001630304e-04,1.0823164640e-02,1.9910581881e+00
8.6400000000e+02,3.5616107750e-03,1.2245932641e-02,7.4490012717e-01,2.1147977651e-01,1.6754853965e-02,2.7515704333e-04,1.0782541899e-02,1.9917570150e+00
8.6450000000e+02,3.5801901938e-03,1.2216063282e-02,7.4465173892e-01,2.1166160124e-01,1.6815701134e-02,2.8248516309e-04,1.0792220070e-02,1.9946263935e+00
8.6500000000e+02,3.6184931347e-03,1.2286198581e-02,7.4304198107e-01,2.1301226744e-01,1.6842300479e-02,2.9121359209e-04,1.0907545705e-02,2.0023414257e+00
8.6550000000e+02,3.6068524680e-03,1.2341567374e-02,7.4401476216e-01,2.1202868958e-01,1.6859880047e-02,2.9644663294e-04,1.0851801738e-02,2.0024735111e+00
8.6600000000e+02,3.6278303695e-03,1.2581004003e-02,7.4116490868e-01,2.1440201053e-01,1.6930340547e-02,3.0637542554e-04,1.0987530452e-02,2.0146555139e+00
8.6650000000e+02,3.5892783243e-03,1.2633959350e-02,7.4363018634e-01,2.1208187132e-01,1.6816379715e-02,3.1168399247e-04,1.0936640958e-02,2.0096817243e+00
8.6700000000e+02,3.5917437590e-03,1.2590785645e-02,7.4308740153e-01,2.1247869728e-01,1.6933382148e-02,3.2036200617e-04,1.0997627636e-02,2.0126320512e+00
8.6750000000e+02,3.5890901970e-03,1.2601051970e-02,7.4236812084e-01,2.1334690142e-01,1.6742531121e-02,3.2744395082e-04,1.1024860498e-02,2.0139204997e+00
8.6800000000e+02,3.6096321602e-03,1.2673604119e-02,7.4205757545e-01,2.1339569269e-01,1.6869842928e-02,3.3498725775e-04,1.1058665400e-02,2.0187537694e+00
8.6850000000e+02,3.6267775700e-03,1.2578352515e-02,7.4084580240e-01,2.1469784083e-01,1.6794522175e-02,3.4507911050e-04,1.1111625397e-02,2.0202197049e+00
8.6900000000e+02,3.6237475495e-03,1.2535782437e-02,7.4103289822e-01,2.1447022703e-01,1.6853616271e-02,3.5165470776e-04,1.1132073778e-02,2.0205652737e+00
8.6950000000e+02,3.6559579237e-03,1.2629869950e-02,7.4145071575e-01,2.1383679282e-01,1.6901857136e-02,3.6031715670e-04,1.1164489262e-02,2.0241077835e+00
8.7000000000e+02,3.6667613957e-03,1.2563727817e-02,7.3891702972e-01,2.1619553489e-01,1.7024551154e-02,3.7078298606e-04,1.1261612038e-02,2.0324007731e+00
8.7050000000e+02,3.6869448888e-03,1.2481478795e-02,7.3890594669e-01,2.1647421693e-01,1.6850722534e-02,3.7525963733e-04,1.1225430519e-02,2.0311982248e+00
8.7100000000e+02,3.7111207008e-03,1.2575555213e-02,7.3755625496e-01,2.1748471747e-01,1.6973995203e-02,3.8621848805e-04,1.1312137969e-02,2.0386611067e+00
8.7150000000e+02,3.7183593799e-03,1.2644453998e-02,7.3773958325e-01,2.1698417148e-01,1.7029867759e-02,3.9630977079e-04,1.1487254362e-02,2.0433368198e+00
8.7200000000e+02,3.7297428281e-03,1.2611644854e-02,7.3673990633e-01,2.1805145596e-01,1.7022507978e-02,4.0930474080e-04,1.1435437315e-02,2.0455440723e+00
8.7250000000e+02,3.7453570600e-03,1.2587760792e-02,7.3583841934e-01,2.1883748756e-01,1.7065416692e-02,4.1899316662e-04,1.1506565395e-02,2.0500793426e+00
8.7300000000e+02,3.7804648760e-03,1.2669734562e-02,7.3536365602e-01,2.1921629308e-01,1.6908656382e-02,4.3398583661e-04,1.1627209247e-02,2.0547685410e+00
8.7350000000e+02,3.8380193940e-03,1.2729622166e-02,7.3398111437e-01,2.2040250908e-01,1.6952532718e-02,4.4498771598e-04,1.1651214564e-02,2.0603128215e+00
8.7400000000e+02,3.8892888245e-03,1.2791186949e-02,7.3265827528e-01,2.2131783942e-01,1.7102390903e-02,4.5593274713e-04,1.1785085875e-02,2.0689991448e+00
8.7450000000e+02,3.8994626203e-03,1.2903157110e-02,7.3385278933e-01,2.2009178800e-01,1.7054125009e-02,4.6126862716e-04,1.1737409309e-02,2.0689613249e+00
8.7500000000e+02,3.9383973780e-03,1.2900044672e-02,7.3392647307e-01,2.2018607613e-01,1.6868379934e-02,4.6634084540e-04,1.1714287964e-02,2.0682832246e+00
8.7550000000e+02,3.9617228217e-03,1.2889228268e-02,7.3395630992e-01,2.1996345806e-01,1.6938941012e-02,4.7292329868e-04,1.1817416623e-02,2.0707784284e+00
8.7600000000e+02,3.9111075242e-03,1.2844381674e-02,7.3431814062e-01,2.1965808234e-01,1.6941425781e-02,4.7768566778e-04,1.1849176391e-02,2.0695966657e+00
8.7650000000e+02,3.9377355839e-03,1.2868317594e-02,7.3372063884e-01,2.1996823886e-01,1.7133144932e-02,4.8345410924e-04,1.1888470088e-02,2.0748469201e+00
8.7700000000e+02,3.9177094865e-03,1.2748289252e-02,7.3558331043e-01,2.1863840735e-01,1.6864031960e-02,4.8578654163e-04,1.1762464980e-02,2.0660691907e+00
8.7750000000e+02,3.8972251350e-03,1.2802935254e-02,7.3606556317e-01,2.1811784456e-01,1.6838642339e-02,4.9053278269e-04,1.1787256753e-02,2.0653615798e+00
8.7800000000e+02,3.8757528577e-03,1.2783701402e-02,7.3603079058e-01,2.1805395272e-01,1.6868180415e-02,4.9165170292e-04,1.1895970317e-02,2.0660902664e+00
8.7850000000e+02,3.8788817900e-03,1.2845018690e-02,7.3630821541e-01,2.1766718793e-01,1.6912011766e-02,5.0102317689e-04,1.1887661241e-02,2.0681897579e+00
8.7900000000e+02,3.8798570244e-03,1.2869342225e-02,7.3661667414e-01,2.1704607563e-01,1.7091796693e-02,5.0850797519e-04,1.1987746313e-02,2.0728897357e+00
8.7950000000e+02,3.8814647533e-03,1.2943766723e-02,7.3573465203e-01,2.1786818881e-01,1.7055629682e-02,5.1189484282e-04,1.2004403163e-02,2.0754733831e+00
8.8000000000e+02,3.8671006692e-03,1.2989113217e-02,7.3511981144e-01,2.1835481997e-01,1.7075612845e-02,5.1750718244e-04,1.2076034682e-02,2.0775294130e+00
8.8050000000e+02,3.8510526000e-03,1.2938793745e-02,7.3658026512e-01,2.1663457249e-01,1.7226646704e-02,5.2653181909e-04,1.2242137525e-02,2.0784554557e+00
8.8100000000e+02,3.8782713432e-03,1.3004825236e-02,7.3865689058e-01,2.1438447324e-01,1.7222916336e-02,5.3021743308e-04,1.2322405826e-02,2.0786382018e+00
8.8150000000e+02,3.8453410924e-03,1.3009388014e-02,7.4108839075e-01,2.1201654342e-01,1.7204782824e-02,5.2922137419e-04,1.2306332522e-02,2.0742933376e+00
8.8200000000e+02,3.8256065236e-03,1.2895045163e-02,7.3921311211e-01,2.1414810870e-01,1.7126220293e-02,5.3061833527e-04,1.2261288873e-02,2.0740520595e+00
8.8250000000e+02,3.8084201650e-03,1.2865577222e-02,7.3889370168e-01,2.1469588670e-01,1.7088569707e-02,5.3480636760e-04,1.2113038150e-02,2.0729878683e+00
8.8300000000e+02,3.7985868040e-03,1.2966733976e-02,7.4039971239e-01,2.1310485265e-01,1.7085346215e-02,5.4273499832e-04,1.2102032962e-02,2.0720893157e+00
8.8350000000e+02,3.8514730806e-03,1.3205783303e-02,7.3857166981e-01,2.1421309814e-01,1.7380972949e-02,5.5401980402e-04,1.2222982912e-02,2.0855753934e+00
8.8400000000e+02,3.8870434953e-03,1.3163664476e-02,7.4145816206e-01,2.1148920230e-01,1.7259001905e-02,5.5390410114e-04,1.2189021658e-02,2.0791697207e+00
8.8450000000e+02,3.8516092588e-03,1.2993138094e-02,7.4122719394e-01,2.1202166040e-01,1.7207899615e-02,5.5190745011e-04,1.2146591240e-02,2.0760583684e+00
8.8500000000e+02,3.8428542303e-03,1.2950413793e-02,7.4057817200e-01,2.1267954996e-01,1.7136698116e-02,5.5673076797e-04,1.2255581128e-02,2.0783323319e+00
8.8550000000e+02,3.7990897509e-03,1.2782580121e-02,7.3959507510e-01,2.1384916266e-01,1.7031495126e-02,5.5310429259e-04,1.2389492955e-02,2.0782841811e+00
8.8600000000e+02,3.8040307173e-03,1.2684536021e-02,7.3826504004e-01,2.1535229715e-01,1.7037318581e-02,5.5314688239e-04,1.2303630603e-02,2.0784806948e+00
8.8650000000e+02,3.7846525813e-03,1.2558921746e-02,7.3914104883e-01,2.1471047482e-01,1.7049282073e-02,5.4956517932e-04,1.2206054776e-02,2.0732074866e+00
8.8700000000e+02,3.7888897734e-03,1.2424438402e-02,7.3912862851e-01,2.1488451142e-01,1.7007307004e-02,5.5296616102e-04,1.2213258728e-02,2.0717019854e+00
8.8750000000e+02,3.7864720002e-03,1.2461076910e-02,7.4120060544e-01,2.1254104390e-01,1.7241947631e-02,5.5735910847e-04,1.2211495014e-02,2.0717315645e+00
8.8800000000e+02,3.7572273465e-03,1.2371581050e-02,7.3984143196e-01,2.1396145038e-01,1.7247919446e-02,5.5774829015e-04,1.2262641526e-02,2.0723410232e+00
8.8850000000e+02,3.7584438311e-03,1.2498458331e-02,7.3973871998e-01,2.1376371241e-01,1.7361802177e-02,5.6316541929e-04,1.2315697848e-02,2.0763946599e+00
8.8900000000e+02,3.7412796034e-03,1.2442957780e-02,7.4057943176e-01,2.1295045045e-01,1.7357120048e-02,5.6112270605e-04,1.2367637649e-02,2.0739721381e+00
8.8950000000e+02,3.7194046459e-03,1.2243144988e-02,7.3947348747e-01,2.1424094068e-01,1.7329656208e-02,5.6882871004e-04,1.2424537302e-02,2.0737015142e+00
8.9000000000e+02,3.7455288660e-03,1.2201267095e-02,7.3968006644e-01,2.1406146881e-01,1.7370055076e-02,5.6378395958e-04,1.2377829760e-02,2.0740340792e+00
8.9050000000e+02,3.7627848358e-03,1.2363345258e-02,7.3689246006e-01,2.1640456833e-01,1.7482586447e-02,5.7393692768e-04,1.2520318143e-02,2.0853579576e+00
8.9100000000e+02,3.7725430303e-03,1.2344598000e-02,7.3472325701e-01,2.1848441291e-01,1.7546617902e-02,5.7355287675e-04,1.2555018272e-02,2.0909868140e+00
8.9150000000e+02,3.7813023365e-03,1.2433279568e-02,7.3323872116e-01,2.1942133754e-01,1.7835125010e-02,5.7835787339e-04,1.2711876509e-02,2.0998036676e+00
8.9200000000e+02,3.8018544854e-03,1.2497305122e-02,7.3432487329e-01,2.1827311520e-01,1.7833541869e-02,5.8033360886e-04,1.2688976430e-02,2.0993262985e+00
8.9250000000e+02,3.7449416804e-03,1.2449453871e-02,7.3569003470e-01,2.1725174577e-01,1.7687152554e-02,5.8170656168e-04,1.2594964866e-02,2.0917564001e+00
8.9300000000e+02,3.7293507652e-03,1.2471232260e-02,7.3752776155e-01,2.1543846353e-01,1.7627171054e-02,5.7498195136e-04,1.2631038886e-02,2.0874835071e+00
8.9350000000e+02,3.7261573448e-03,1.2359528066e-02,7.4027803946e-01,2.1314430820e-01,1.7431443058e-02,5.7457841503e-04,1.2485945463e-02,2.0773241097e+00
8.9400000000e+02,3.7315603750e-03,1.2413064925e-02,7.3995689099e-01,2.1323936267e-01,1.7527608478e-02,5.7552312152e-04,1.2555989440e-02,2.0794338627e+00
8.9450000000e+02,3.7682307970e-03,1.2465820284e-02,7.3751066211e-01,2.1545612728e-01,1.7600694874e-02,5.7091515193e-04,1.2627549502e-02,2.0863552031e+00
8.9500000000e+02,3.7739093115e-03,1.2316828942e-02,7.3917900186e-01,2.1393627970e-01,1.7634456836e-02,5.6704479084e-04,1.2592478560e-02,2.0816238266e+00
8.9550000000e+02,3.8267381927e-03,1.2367162514e-02,7.3767987822e-01,2.1520374077e-01,1.7642393395e-02,5.6807275505e-04,1.2712014147e-02,2.0875630752e+00
8.9600000000e+02,3.8409023124e-03,1.2298648435e-02,7.3661631146e-01,2.1632910625e-01,1.7588438989e-02,5.6691821962e-04,1.2759674339e-02,2.0880129411e+00
8.9650000000e+02,3.8450571703e-03,1.2381251500e-02,7.3732847426e-01,2.1530454749e-01,1.7673043277e-02,5.7476202573e-04,1.2892864283e-02,2.0906990172e+00
8.9700000000e+02,3.8677969904e-03,1.2442896872e-02,7.3791833735e-01,2.1434530378e-01,1.7744920685e-02,5.7518376032e-04,1.3105560558e-02,2.0942313485e+00
8.9750000000e+02,3.8940515939e-03,1.2574953631e-02,7.3676550803e-01,2.1512185462e-01,1.7780631965e-02,5.7875722193e-04,1.3284242941e-02,2.1005696011e+00
8.9800000000e+02,3.9193214045e-03,1.2755282382e-02,7.3440227590e-01,2.1705272546e-01,1.7919132812e-02,5.7469556203e-04,1.3376566479e-02,2.1092735832e+00
8.9850000000e+02,3.9504958826e-03,1.3020980769e-02,7.3159016553e-01,2.1949103396e-01,1.8012298579e-02,5.7935161189e-04,1.3355673670e-02,2.1183334726e+00
8.9900000000e+02,3.9387215317e-03,1.3050477846e-02,7.3286092361e-01,2.1800026054e-01,1.8144861581e-02,5.8507355698e-04,1.3419681330e-02,2.1183018731e+00
8.9950000000e+02,3.9388307296e-03,1.3176151578e-02,7.3474164626e-01,2.1576895956e-01,1.8275215516e-02,5.8383214721e-04,1.3515364203e-02,2.1182342735e+00
9.0000000000e+02,3.9508547185e-03,1.3123189905e-02,7.3338738429e-01,2.1702431161e-01,1.8390909259e-02,5.8606803241e-04,1.3537282185e-02,2.1209882542e+00
9.0050000000e+02,3.9018528827e-03,1.3133763951e-02,7.3307168163e-01,2.1713273611e-01,1.8572902697e-02,5.8333256936e-04,1.3603730158e-02,2.1232220550e+00
9.0100000000e+02,3.8555731584e-03,1.2922373044e-02,7.3484270757e-01,2.1592408273e-01,1.8437533011e-02,5.7468724748e-04,1.3443043240e-02,2.1133362736e+00
9.0150000000e+02,3.8615841039e-03,1.2852385521e-02,7.3412567220e-01,2.1696640557e-01,1.8301934929e-02,5.7508243739e-04,1.3316935238e-02,2.1111194838e+00
9.0200000000e+02,3.8657281941e-03,1.2844001727e-02,7.3246476151e-01,2.1867737476e-01,1.8236904675e-02,5.7393206532e-04,1.3337297075e-02,2.1130045209e+00
9.0250000000e+02,3.8751322064e-03,1.2777592463e-02,7.3349499385e-01,2.1763037042e-01,1.8223938489e-02,5.7262439289e-04,1.3425348181e-02,2.1107603824e+00
9.0300000000e+02,3.8572056233e-03,1.2765906033e-02,7.3360854773e-01,2.1765406117e-01,1.8214985387e-02,5.7012671955e-04,1.3329167346e-02,2.1078881160e+00
9.0350000000e+02,3.8864785489e-03,1.2766426129e-02,7.3429190806e-01,2.1701787925e-01,1.8223131450e-02,5.6554489537e-04,1.3248631669e-02,2.1079770477e+00
9.0400000000e+02,3.8911220861e-03,1.2821101815e-02,7.3450439702e-01,2.1682772302e-01,1.8222873402e-02,5.6489684451e-04,1.3167885817e-02,2.1081314873e+00
9.0450000000e+02,3.9358457738e-03,1.2797569763e-02,7.3599988705e-01,2.1519545806e-01,1.8141149758e-02,5.6241146339e-04,1.3367678134e-02,2.1069070888e+00
9.0500000000e+02,3.8734315937e-03,1.2770978854e-02,7.3789926303e-01,2.1338358840e-01,1.8068562871e-02,5.5415070449e-04,1.3450024544e-02,2.1012362623e+00
9.0550000000e+02,3.9369566654e-03,1.2672085208e-02,7.3685869308e-01,2.1421522486e-01,1.8209166761e-02,5.5447794992e-04,1.3553395472e-02,2.1054826749e+00
9.0600000000e+02,3.9891182223e-03,1.2821145088e-02,7.3299423687e-01,2.1743332372e-01,1.8454240570e-02,5.5996829704e-04,1.3747967228e-02,2.1194705371e+00
9.0650000000e+02,4.0033426415e-03,1.2708818833e-02,7.3320686916e-01,2.1732794700e-01,1.8419817615e-02,5.5793191308e-04,1.3775272837e-02,2.1175317283e+00
9.0700000000e+02,4.0161720201e-03,1.2677236648e-02,7.3377925055e-01,2.1682254901e-01,1.8427375520e-02,5.5067566643e-04,1.3726740583e-02,2.1155417248e+00
9.0750000000e+02,3.9804251063e-03,1.2670540197e-02,7.3500470988e-01,2.1596630353e-01,1.8217656599e-02,5.4155618763e-04,1.3618808499e-02,2.1075721616e+00
9.0800000000e+02,3.9530129362e-03,1.2833227119e-02,7.3577637654e-01,2.1477798237e-01,1.8302044306e-02,5.4149553192e-04,1.3815861191e-02,2.1098778102e+00
9.0850000000e+02,3.9601188533e-03,1.2907062624e-02,7.3561502708e-01,2.1496311427e-01,1.8172537071e-02,5.4348123945e-04,1.3838658860e-02,2.1108350813e+00
9.0900000000e+02,3.9280232104e-03,1.2918465250e-02,7.3403596974e-01,2.1681258464e-01,1.8111520107e-02,5.3906575093e-04,1.3654371296e-02,2.1102094686e+00
9.0950000000e+02,3.8890206226e-03,1.2967241255e-02,7.3415181189e-01,2.1668445111e-01,1.8098034335e-02,5.3974117089e-04,1.3669699624e-02,2.1091321742e+00
9.1000000000e+02,3.8868983639e-03,1.3147828901e-02,7.3102006109e-01,2.1979721184e-01,1.8020864791e-02,5.3294525782e-04,1.3594189761e-02,2.1139013516e+00
9.1050000000e+02,3.9309174451e-03,1.3248793748e-02,7.2915758412e-01,2.2116448810e-01,1.8165627358e-02,5.3120271460e-04,1.3801386513e-02,2.1228523212e+00
9.1100000000e+02,3.9111748860e-03,1.3183367782e-02,7.3086534817e-01,2.1964089557e-01,1.8074175852e-02,5.2561768179e-04,1.3799420059e-02,2.1175483735e+00
9.1150000000e+02,3.9077037535e-03,1.3204456331e-02,7.3061269448e-01,2.1971579122e-01,1.8193724024e-02,5.2109776161e-04,1.3844532431e-02,2.1190480543e+00
9.1200000000e+02,3.9155798220e-03,1.3311532409e-02,7.2941534036e-01,2.2072284636e-01,1.8201647095e-02,5.1996299196e-04,1.3913090965e-02,2.1232808417e+00
9.1250000000e+02,3.8898177892e-03,1.3185786744e-02,7.3147950217e-01,2.1918226612e-01,1.7930983919e-02,5.1887641133e-04,1.3812766844e-02,2.1142956011e+00
9.1300000000e+02,3.9174697210e-03,1.3224786008e-02,7.2871925684e-01,2.2189398481e-01,1.7776950714e-02,5.1613134150e-04,1.3951420569e-02,2.1191199443e+00
9.1350000000e+02,3.9566212158e-03,1.3245652172e-02,7.2820596680e-01,2.2227695780e-01,1.7824393351e-02,5.1569921638e-04,1.3974709438e-02,2.1210915176e+00
9.1400000000e+02,3.9857131027e-03,1.3442964406e-02,7.2887679703e-01,2.2092792195e-01,1.8082984349e-02,5.1432392748e-04,1.4169295232e-02,2.1264625016e+00
9.1450000000e+02,3.9891698570e-03,1.3415553862e-02,7.2741897239e-01,2.2229157598e-01,1.8184037557e-02,5.1422787444e-04,1.4186462484e-02,2.1287906716e+00
9.1500000000e+02,4.0094213244e-03,1.3341154188e-02,7.2801907300e-01,2.2177334450e-01,1.8056343154e-02,5.0917851231e-04,1.4291485313e-02,2.1273323466e+00
9.1550000000e+02,4.0696056807e-03,1.3221789647e-02,7.2834210695e-01,2.2125570927e-01,1.8299133280e-02,5.1017434673e-04,1.4301480821e-02,2.1308287279e+00
9.1600000000e+02,4.0734901520e-03,1.3194962082e-02,7.2777409104e-01,2.2181444521e-01,1.8407402048e-02,5.0711133801e-04,1.4228498127e-02,2.1311186194e+00
9.1650000000e+02,4.0511217157e-03,1.3169040555e-02,7.2849954049e-01,2.2101074205e-01,1.8664383194e-02,5.0356821121e-04,1.4101603782e-02,2.1290812872e+00
9.1700000000e+02,4.1039094216e-03,1.3268380504e-02,7.2805049759e-01,2.2113488040e-01,1.8778575643e-02,5.0547595904e-04,1.4158280481e-02,2.1323791700e+00
9.1750000000e+02,4.0971864045e-03,1.3309398018e-02,7.2743741288e-01,2.2174577670e-01,1.8767649848e-02,5.0548136144e-04,1.4137094785e-02,2.1337257164e+00
9.1800000000e+02,4.1428574613e-03,1.3460461726e-02,7.2466632932e-01,2.2423160503e-01,1.8776559692e-02,5.0674761494e-04,1.4215439156e-02,2.1425084030e+00
9.1850000000e+02,4.1431644236e-03,1.3419700870e-02,7.2408108450e-01,2.2489405765e-01,1.8741800736e-02,5.0362035471e-04,1.4216571471e-02,2.1429522510e+00
9.1900000000e+02,4.1796403260e-03,1.3507894817e-02,7.2384409183e-01,2.2488721284e-01,1.8871844097e-02,5.0004974845e-04,1.4209266339e-02,2.1458785644e+00
9.1950000000e+02,4.1532046159e-03,1.3493923454e-02,7.2454838028e-01,2.2424874971e-01,1.8881221015e-02,4.9942326038e-04,1.4175097671e-02,2.1418752551e+00
9.2000000000e+02,4.1355592285e-03,1.3390669304e-02,7.2531670368e-01,2.2367989122e-01,1.8868434548e-02,4.9197460533e-04,1.4116767423e-02,2.1361374278e+00
9.2050000000e+02,4.1776503765e-03,1.3388978444e-02,7.2468765508e-01,2.2424317456e-01,1.9036514256e-02,4.8787920512e-04,1.3978148075e-02,2.1364095420e+00
9.2100000000e+02,4.1406073045e-03,1.3404890191e-02,7.2518066984e-01,2.2372987856e-01,1.9084500091e-02,4.8464363582e-04,1.3974810381e-02,2.1347044772e+00
9.2150000000e+02,4.1175282375e-03,1.3401113669e-02,7.2624211742e-01,2.2280391624e-01,1.9051653196e-02,4.7768487443e-04,1.3905986360e-02,2.1306895493e+00
9.2200000000e+02,4.1450644931e-03,1.3507977016e-02,7.2630979969e-01,2.2266564206e-01,1.8971313782e-02,4.8127266010e-04,1.3918930304e-02,2.1326768866e+00
9.2250000000e+02,4.1992085126e-03,1.3531791191e-02,7.2573585851e-01,2.2302967506e-01,1.9072030255e-02,4.8423696267e-04,1.3947199514e-02,2.1365868214e+00
9.2300000000e+02,4.2403829449e-03,1.3379244811e-02,7.2573112859e-01,2.2303661787e-01,1.9113086364e-02,4.8450738767e-04,1.4015032032e-02,2.1362767797e+00
9.2350000000e+02,4.2702443712e-03,1.3216855993e-02,7.2902711790e-01,2.1980861236e-01,1.9216694330e-02,4.8201343319e-04,1.3978461606e-02,2.1280898730e+00
9.2400000000e+02,4.2599986624e-03,1.3147247389e-02,7.2919405330e-01,2.1973014544e-01,1.9276465289e-02,4.7665330744e-04,1.3915436611e-02,2.1245568958e+00
9.2450000000e+02,4.2302139349e-03,1.3154802982e-02,7.2559253858e-01,2.2319528607e-01,1.9414233117e-02,4.8025471293e-04,1.3932670608e-02,2.1317132289e+00
9.2500000000e+02,4.2544113707e-03,1.3079415667e-02,7.2449061469e-01,2.2429795322e-01,1.9450728156e-02,4.7408444237e-04,1.3952792456e-02,2.1333053350e+00
9.2550000000e+02,4.2752834760e-03,1.3010496794e-02,7.2393486811e-01,2.2480633579e-01,1.9401373306e-02,4.7405301626e-04,1.4097589513e-02,2.1350113076e+00
9.2600000000e+02,4.3227327799e-03,1.2956812716e-02,7.2397747126e-01,2.2464552868e-01,1.9451552188e-02,4.7897550836e-04,1.4166926870e-02,2.1359449275e+00
9.2650000000e+02,4.3760118621e-03,1.3130805224e-02,7.2188263445e-01,2.2633450720e-01,1.9511827228e-02,4.8154756263e-04,1.4282666475e-02,2.1441149591e+00
9.2700000000e+02,4.3527098788e-03,1.2928090479e-02,7.2236885895e-01,2.2614978877e-01,1.9527372233e-02,4.7839451293e-04,1.4194785175e-02,2.1386464218e+00
9.2750000000e+02,4.3468308931e-03,1.2888655655e-02,7.1911286291e-01,2.2945874607e-01,1.9521764398e-02,4.7944887625e-04,1.4191691194e-02,2.1413504714e+00
9.2800000000e+02,4.3129107044e-03,1.2893863208e-02,7.2103740317e-01,2.2773639786e-01,1.9456269090e-02,4.7724532349e-04,1.4085910640e-02,2.1354053080e+00
9.2850000000e+02,4.3433458904e-03,1.2978962803e-02,7.1794057257e-01,2.3030545731e-01,1.9820696683e-02,4.7571996103e-04,1.4135244779e-02,2.1434857028e+00
9.2900000000e+02,4.3524004484e-03,1.2981011868e-02,7.1733737243e-01,2.3074908855e-01,1.9950906931e-02,4.7860859534e-04,1.4150611170e-02,2.1450406528e+00
9.2950000000e+02,4.3150328349e-03,1.2921870309e-02,7.1801734664e-01,2.2994669476e-01,2.0189280288e-02,4.7754137445e-04,1.4132233790e-02,2.1435943179e+00
9.3000000000e+02,4.2759834802e-03,1.2997042530e-02,7.1892480326e-01,2.2895479442e-01,2.0254401363e-02,4.8411511479e-04,1.4108859833e-02,2.1413670102e+00
9.3050000000e+02,4.2584804396e-03,1.3071137246e-02,7.1947432537e-01,2.2849322357e-01,2.0238274808e-02,4.8021785013e-04,1.3984340718e-02,2.1398925376e+00
9.3100000000e+02,4.2421153482e-03,1.2959934853e-02,7.2053368692e-01,2.2765422574e-01,2.0153495958e-02,4.7939264709e-04,1.3977148530e-02,2.1343524357e+00
9.3150000000e+02,4.2602374460e-03,1.3008888205e-02,7.2111841491e-01,2.2723103426e-01,1.9941548775e-02,4.7282061582e-04,1.3967055793e-02,2.1312486280e+00
9.3200000000e+02,4.2673705310e-03,1.2819893736e-02,7.2119427719e-01,2.2755579852e-01,1.9699633480e-02,4.6502754574e-04,1.3997998996e-02,2.1260833049e+00
9.3250000000e+02,4.2474865172e-03,1.2797116820e-02,7.2269154496e-01,2.2589368777e-01,1.9693680761e-02,4.7044637282e-04,1.4206036801e-02,2.1248161991e+00
9.3300000000e+02,4.2382560162e-03,1.2818808235e-02,7.2078173656e-01,2.2780953171e-01,1.9645148908e-02,4.7379033124e-04,1.4232728239e-02,2.1287211195e+00
9.3350000000e+02,4.2129257144e-03,1.2782630432e-02,7.1968186392e-01,2.2860690348e-01,1.9840100534e-02,4.7547115848e-04,1.4400104762e-02,2.1324071432e+00
9.3400000000e+02,4.2221422318e-03,1.2827909803e-02,7.1821984868e-01,2.2992203060e-01,1.9881098320e-02,4.7592845483e-04,1.4451041910e-02,2.1367534641e+00
9.3450000000e+02,4.1771118568e-03,1.2905326385e-02,7.1897462331e-01,2.2933660274e-01,1.9839878555e-02,4.7864921433e-04,1.4287807934e-02,2.1317645196e+00
9.3500000000e+02,4.1462651535e-03,1.2790849016e-02,7.2132434832e-01,2.2741704101e-01,1.9666176388e-02,4.7537195529e-04,1.4179948160e-02,2.1228337873e+00
9.3550000000e+02,4.1393973888e-03,1.2729202053e-02,7.2197448266e-01,2.2681697966e-01,1.9660453206e-02,4.6899721398e-04,1.4210487825e-02,2.1212736113e+00
9.3600000000e+02,4.1362115158e-03,1.2805379441e-02,7.2391013655e-01,2.2488372580e-01,1.9712265868e-02,4.6639358916e-04,1.4085887235e-02,2.1184921603e+00
9.3650000000e+02,4.1495093290e-03,1.2822097887e-02,7.2436044992e-01,2.2457909915e-01,1.9702061469e-02,4.7006913897e-04,1.3916713098e-02,2.1153353112e+00
9.3700000000e+02,4.1149092232e-03,1.2881334092e-02,7.2504726402e-01,2.2387974135e-01,1.9836932286e-02,4.7393385036e-04,1.3765885178e-02,2.1136144616e+00
9.3750000000e+02,4.0972619194e-03,1.2937468481e-02,7.2592417928e-01,2.2303397445e-01,1.9790826184e-02,4.7372500688e-04,1.3742564677e-02,2.1128720321e+00
9.3800000000e+02,4.0905066264e-03,1.2859899034e-02,7.2775435269e-01,2.2136311646e-01,1.9801837789e-02,4.6622635462e-04,1.3664061041e-02,2.1086840022e+00
9.3850000000e+02,4.0990510644e-03,1.2974776454e-02,7.2658737265e-01,2.2227361990e-01,1.9850735009e-02,4.7007311336e-04,1.3744371817e-02,2.1114129120e+00
9.3900000000e+02,4.1046640920e-03,1.3081070315e-02,7.2678887936e-01,2.2200556496e-01,1.9765730676e-02,4.7715359732e-04,1.3776937000e-02,2.1135916853e+00
9.3950000000e+02,4.0923329321e-03,1.3043502362e-02,7.2716857654e-01,2.2160668313e-01,1.9839176017e-02,4.8153183639e-04,1.3768197175e-02,2.1148507003e+00
9.4000000000e+02,4.0899336621e-03,1.3082878224e-02,7.2739413807e-01,2.2160749205e-01,1.9646520165e-02,4.7844703795e-04,1.3700590784e-02,2.1143703324e+00
9.4050000000e+02,4.0206832763e-03,1.3025076707e-02,7.2760498360e-01,2.2149268962e-01,1.9636354579e-02,4.8016994740e-04,1.3740042279e-02,2.1126012633e+00
9.4100000000e+02,3.9792797337e-03,1.3028067775e-02,7.2751556576e-01,2.2171992298e-01,1.9539041276e-02,4.8241127433e-04,1.3735711200e-02,2.1116545526e+00
9.4150000000e+02,4.0114821757e-03,1.2962372110e-02,7.2681816566e-01,2.2241082898e-01,1.9529795858e-02,4.8341133699e-04,1.3783943888e-02,2.1126425530e+00
9.4200000000e+02,4.0077698599e-03,1.2927817330e-02,7.2888286876e-01,2.2022248562e-01,1.9658426348e-02,4.8536727505e-04,1.3815264810e-02,2.1080461916e+00
9.4250000000e+02,4.0119265471e-03,1.2964319072e-02,7.2898335008e-01,2.2013913948e-01,1.9617753667e-02,4.8580367540e-04,1.3797707470e-02,2.1085853702e+00
9.4300000000e+02,4.0109018910e-03,1.3142180727e-02,7.2757052530e-01,2.2105433809e-01,1.9697887517e-02,4.8925572851e-04,1.4034910740e-02,2.1191933929e+00
9.4350000000e+02,3.9917060647e-03,1.3205129153e-02,7.2665511047e-01,2.2200109007e-01,1.9605153483e-02,4.9039603285e-04,1.4051414718e-02,2.1205223346e+00
9.4400000000e+02,3.9433304293e-03,1.3209754078e-02,7.2684388327e-01,2.2179737152e-01,1.9800354444e-02,4.9474077754e-04,1.3910565488e-02,2.1192324748e+00
9.4450000000e+02,3.9136778015e-03,1.3116212695e-02,7.2912025829e-01,2.1987472958e-01,1.9712697646e-02,4.9617464692e-04,1.3766249336e-02,2.1121763330e+00
9.4500000000e+02,3.8615667748e-03,1.3045044543e-02,7.2767741793e-01,2.2165627636e-01,1.9498941712e-02,4.9785671494e-04,1.3762895968e-02,2.1124930976e+00
9.4550000000e+02,3.8884578830e-03,1.3085818349e-02,7.2844190075e-01,2.2072643893e-01,1.9587631920e-02,4.9848070413e-04,1.3771271462e-02,2.1128352632e+00
9.4600000000e+02,3.8871600911e-03,1.2900307485e-02,7.3181453490e-01,2.1792436317e-01,1.9284409581e-02,4.9497802070e-04,1.3694246749e-02,2.1005557853e+00
9.4650000000e+02,3.8798295630e-03,1.2919984688e-02,7.3249079345e-01,2.1714805713e-01,1.9420747302e-02,4.9483602050e-04,1.3645751848e-02,2.1010605522e+00
9.4700000000e+02,3.8932229893e-03,1.2944569652e-02,7.3132866257e-01,2.1804323969e-01,1.9615244628e-02,5.0085749072e-04,1.3674202990e-02,2.1056177713e+00
9.4750000000e+02,3.9071801771e-03,1.2914255447e-02,7.3050460217e-01,2.1891057762e-01,1.9549634317e-02,5.0404317495e-04,1.3709707091e-02,2.1076925559e+00
9.4800000000e+02,3.9047097614e-03,1.2914019406e-02,7.3145477761e-01,2.1819758499e-01,1.9616635808e-02,5.0626986749e-04,1.3406002556e-02,2.1035609762e+00
9.4850000000e+02,3.8517851872e-03,1.2910842767e-02,7.3270695533e-01,2.1707289776e-01,1.9677861784e-02,5.1155395660e-04,1.3268103208e-02,2.0979476001e+00
9.4900000000e+02,3.8725061749e-03,1.2908992341e-02,7.3122235986e-01,2.1824035790e-01,2.0062342387e-02,5.1155321084e-04,1.3181888131e-02,2.1034638534e+00
9.4950000000e+02,3.8771205202e-03,1.2988369827e-02,7.2937554127e-01,2.2004722399e-01,1.9984547420e-02,5.1653984074e-04,1.3210657123e-02,2.1088006051e+00
9.5000000000e+02,3.9150982580e-03,1.3085803684e-02,7.2806522022e-01,2.2119633952e-01,1.9935754389e-02,5.1891408601e-04,1.3282869849e-02,2.1133904449e+00
9.5050000000e+02,3.9215139521e-03,1.3205265917e-02,7.2782858911e-01,2.2109194761e-01,2.0073242219e-02,5.2729644141e-04,1.3352144759e-02,2.1174273395e+00
9.5100000000e+02,3.9202406422e-03,1.3102865295e-02,7.2983473318e-01,2.1938198153e-01,1.9893860936e-02,5.2898742696e-04,1.3337330988e-02,2.1105075046e+00
9.5150000000e+02,3.8762332515e-03,1.3064317145e-02,7.2994981678e-01,2.1929833933e-01,1.9902553494e-02,5.3152508698e-04,1.3377214918e-02,2.1082843467e+00
9.5200000000e+02,3.8358351484e-03,1.2998184506e-02,7.2927298740e-01,2.2002825653e-01,1.9961714963e-02,5.3219791879e-04,1.3370823544e-02,2.1077220834e+00
9.5250000000e+02,3.8348520660e-03,1.2844273347e-02,7.2857682549e-01,2.2079701553e-01,1.9950987946e-02,5.3502795668e-04,1.3461017660e-02,2.1069781824e+00
9.5300000000e+02,3.8887802813e-03,1.2991872163e-02,7.2547759847e-01,2.2342618868e-01,1.9955687141e-02,5.4018724376e-04,1.3719686018e-02,2.1181477925e+00
9.5350000000e+02,3.8766086431e-03,1.3060736756e-02,7.2503488495e-01,2.2395873099e-01,1.9811413850e-02,5.4193239239e-04,1.3715692426e-02,2.1181394131e+00
9.5400000000e+02,3.8959724822e-03,1.3005729298e-02,7.2263488845e-01,2.2633850372e-01,1.9862574243e-02,5.3947225880e-04,1.3722859548e-02,2.1227848885e+00
9.5450000000e+02,3.9635423289e-03,1.2942100363e-02,7.2267368989e-01,2.2600757634e-01,2.0111450467e-02,5.3926205729e-04,1.3762378549e-02,2.1257575272e+00
9.5500000000e+02,3.9323665866e-03,1.2869718551e-02,7.2248917681e-01,2.2619774386e-01,2.0161861930e-02,5.4306874798e-04,1.3806063508e-02,2.1254263612e+00
9.5550000000e+02,3.9200660244e-03,1.2733806956e-02,7.2324156462e-01,2.2551299852e-01,2.0276362078e-02,5.4880581090e-04,1.3766395986e-02,2.1252460643e+00
9.5600000000e+02,3.9477509302e-03,1.2776673506e-02,7.2560944341e-01,2.2293624984e-01,2.0319956135e-02,5.4494105864e-04,1.3864985127e-02,2.1244143341e+00
9.5650000000e+02,3.9655410484e-03,1.2673320808e-02,7.2619657686e-01,2.2261728389e-01,2.0160619486e-02,5.4410949454e-04,1.3842548415e-02,2.1207970668e+00
9.5700000000e+02,3.9742324225e-03,1.2485228270e-02,7.2776096858e-01,2.2126999097e-01,2.0085939642e-02,5.3661823775e-04,1.3887021876e-02,2.1157681163e+00
9.5750000000e+02,4.0257948215e-03,1.2606813259e-02,7.2790586810e-01,2.2058118956e-01,2.0275887293e-02,5.3901140436e-04,1.4065435558e-02,2.1213889719e+00
9.5800000000e+02,4.0754293498e-03,1.2672258031e-02,7.2519836806e-01,2.2308375915e-01,2.0289217338e-02,5.4142864589e-04,1.4139539430e-02,2.1274474545e+00
9.5850000000e+02,4.0883341751e-03,1.2638140699e-02,7.2564212607e-01,2.2272618364e-01,2.0256058187e-02,5.3931940580e-04,1.4109837824e-02,2.1275818218e+00
9.5900000000e+02,4.0209075076e-03,1.2427416301e-02,7.2769884432e-01,2.2133412407e-01,2.0043810885e-02,5.3687586757e-04,1.3938021049e-02,2.1169678255e+00
9.5950000000e+02,4.0644071201e-03,1.2415323776e-02,7.2988001786e-01,2.1914528388e-01,2.0015030903e-02,5.4745392281e-04,1.3932482538e-02,2.1150788774e+00
9.6000000000e+02,4.1253888558e-03,1.2414797145e-02,7.2832403906e-01,2.2036171319e-01,2.0112833314e-02,5.5407831823e-04,1.4107150116e-02,2.1244061940e+00
9.6050000000e+02,4.1249833567e-03,1.2439207232e-02,7.2728280534e-01,2.2122114182e-01,2.0267997988e-02,5.5849074767e-04,1.4105373518e-02,2.1265447820e+00
9.6100000000e+02,4.1437138916e-03,1.2437787785e-02,7.2647394259e-01,2.2194655855e-01,2.0220665935e-02,5.6072298979e-04,1.4216608254e-02,2.1296227733e+00
9.6150000000e+02,4.1787551223e-03,1.2461714690e-02,7.2630779537e-01,2.2199075473e-01,2.0268642869e-02,5.6201065993e-04,1.4230326550e-02,2.1316578365e+00
9.6200000000e+02,4.2015189807e-03,1.2623207419e-02,7.2508888335e-01,2.2298362599e-01,2.0337341180e-02,5.6067693393e-04,1.4204746142e-02,2.1350414327e+00
9.6250000000e+02,4.1603069723e-03,1.2626826269e-02,7.2827702085e-01,2.2003085653e-01,2.0190791467e-02,5.5595666254e-04,1.4158241256e-02,2.1264511672e+00
9.6300000000e+02,4.1455672759e-03,1.2745158755e-02,7.2750281137e-01,2.2083695878e-01,2.0084396432e-02,5.5770695016e-04,1.4127400446e-02,2.1284462627e+00
9.6350000000e+02,4.1595271618e-03,1.2741954277e-02,7.2671695489e-01,2.2176070408e-01,2.0094616447e-02,5.5266667725e-04,1.3973576469e-02,2.1270059675e+00
9.6400000000e+02,4.1493176442e-03,1.2701336119e-02,7.2693709522e-01,2.2146733119e-01,2.0201617733e-02,5.5508190936e-04,1.3988220191e-02,2.1284883660e+00
9.6450000000e+02,4.1264222105e-03,1.2623988161e-02,7.2745410845e-01,2.2122313060e-01,1.9970626971e-02,5.5463727477e-04,1.4047086337e-02,2.1232880942e+00
9.6500000000e+02,4.1138567355e-03,1.2614301718e-02,7.2727098009e-01,2.2136450379e-01,1.9917416174e-02,5.5528908876e-04,1.4163652408e-02,2.1257583758e+00
9.6550000000e+02,4.1064138552e-03,1.2591257469e-02,7.2749101354e-01,2.2104978749e-01,2.0000768928e-02,5.5659575042e-04,1.4204162966e-02,2.1255857068e+00
9.6600000000e+02,4.1071918639e-03,1.2750168792e-02,7.2703484129e-01,2.2115666944e-01,2.0121626803e-02,5.5927349604e-04,1.4270228308e-02,2.1293474570e+00
9.6650000000e+02,4.1175212554e-03,1.2595193069e-02,7.2834818987e-01,2.2033727996e-01,1.9912254301e-02,5.6232798109e-04,1.4127233556e-02,2.1241862403e+00
9.6700000000e+02,4.1563159132e-03,1.2635555879e-02,7.2849098964e-01,2.1995574899e-01,1.9989890190e-02,5.6824724596e-04,1.4203252134e-02,2.1262864627e+00
9.6750000000e+02,4.1688587816e-03,1.2605934245e-02,7.2741559108e-01,2.2096509494e-01,2.0047188074e-02,5.6976575785e-04,1.4227567123e-02,2.1291323700e+00
9.6800000000e+02,4.1934611363e-03,1.2692039468e-02,7.2555485865e-01,2.2231584070e-01,2.0146888483e-02,5.7553413630e-04,1.4521377426e-02,2.1379710573e+00
9.6850000000e+02,4.1786625201e-03,1.2700613356e-02,7.2400470947e-01,2.2386944401e-01,2.0191299280e-02,5.6731332685e-04,1.4487958041e-02,2.1394379569e+00
9.6900000000e+02,4.1698119323e-03,1.2695635468e-02,7.2271058077e-01,2.2517488228e-01,2.0129215489e-02,5.6724530959e-04,1.4552628758e-02,2.1404864897e+00
9.6950000000e+02,4.1757216728e-03,1.2644019521e-02,7.2281335616e-01,2.2499426535e-01,2.0182590744e-02,5.6651429531e-04,1.4623532253e-02,2.1397698044e+00
9.7000000000e+02,4.1849363061e-03,1.2648852939e-02,7.2234574699e-01,2.2527103637e-01,2.0302764867e-02,5.7380375640e-04,1.4672858771e-02,2.1429878502e+00
9.7050000000e+02,4.2061839759e-03,1.2640077810e-02,7.2190330823e-01,2.2576168205e-01,2.0235070986e-02,5.7180116554e-04,1.4681875783e-02,2.1455678567e+00
9.7100000000e+02,4.1951459329e-03,1.2718820973e-02,7.2079791160e-01,2.2656583965e-01,2.0379016595e-02,5.7327765122e-04,1.4769987597e-02,2.1489409182e+00
9.7150000000e+02,4.2067678611e-03,1.2803787638e-02,7.2073067153e-01,2.2655908684e-01,2.0307805365e-02,5.7554950441e-04,1.4816331263e-02,2.1500709617e+00
9.7200000000e+02,4.1987944580e-03,1.2783260232e-02,7.2225228169e-01,2.2493100863e-01,2.0380563251e-02,5.7486159049e-04,1.4879230151e-02,2.1485633967e+00
9.7250000000e+02,4.1848435952e-03,1.2811009929e-02,7.2098565288e-01,2.2566815328e-01,2.0695547300e-02,5.8234051470e-04,1.5072452504e-02,2.1553394790e+00
9.7300000000e+02,4.1685977248e-03,1.2764240032e-02,7.2146348388e-01,2.2530811991e-01,2.0793763821e-02,5.7578396823e-04,1.4926010666e-02,2.1516261307e+00
9.7350000000e+02,4.1495702689e-03,1.2696345046e-02,7.2160371419e-01,2.2527725583e-01,2.0726735038e-02,5.7155523674e-04,1.4974824392e-02,2.1508565066e+00
9.7400000000e+02,4.1385875875e-03,1.2683798884e-02,7.2064617761e-01,2.2612634705e-01,2.0823579603e-02,5.7747001903e-04,1.5004039241e-02,2.1523592970e+00
9.7450000000e+02,4.1586437162e-03,1.2744015089e-02,7.1987361556e-01,2.2627471707e-01,2.1180663656e-02,5.8116326241e-04,1.5187181643e-02,2.1591920802e+00
9.7500000000e+02,4.1639924707e-03,1.2776405823e-02,7.2061804438e-01,2.2509436195e-01,2.1405018477e-02,5.8559146865e-04,1.5356585428e-02,2.1621506924e+00
9.7550000000e+02,4.1635287629e-03,1.2734170967e-02,7.2221053130e-01,2.2367562629e-01,2.1344511455e-02,5.7900473287e-04,1.5292626491e-02,2.1579622678e+00
9.7600000000e+02,4.1577416283e-03,1.2889763170e-02,7.2231752507e-01,2.2335905021e-01,2.1407782639e-02,5.7983600016e-04,1.5288301281e-02,2.1593861042e+00
9.7650000000e+02,4.1790883740e-03,1.2983785555e-02,7.2090447783e-01,2.2431289168e-01,2.1475217312e-02,5.8227644553e-04,1.5562262802e-02,2.1670626797e+00
9.7700000000e+02,4.1178781429e-03,1.3011396255e-02,7.2142408414e-01,2.2386167339e-01,2.1387595100e-02,5.7917196742e-04,1.5618201008e-02,2.1653159230e+00
9.7750000000e+02,4.1150340108e-03,1.2979485937e-02,7.1956608231e-01,2.2557576983e-01,2.1442424662e-02,5.7957442027e-04,1.5741628835e-02,2.1691144095e+00
9.7800000000e+02,4.1216576489e-03,1.2949258489e-02,7.1823257150e-01,2.2677546396e-01,2.1601100746e-02,5.9138281539e-04,1.5728564834e-02,2.1723063922e+00
9.7850000000e+02,4.1017748224e-03,1.2733439278e-02,7.2003692234e-01,2.2522934784e-01,2.1571437261e-02,5.8734288588e-04,1.5739735565e-02,2.1665110149e+00
9.7900000000e+02,4.1132357778e-03,1.2756686115e-02,7.1968813450e-01,2.2543534907e-01,2.1728047056e-02,5.9084803499e-04,1.5687699446e-02,2.1681226137e+00
9.7950000000e+02,4.0944722746e-03,1.2696930091e-02,7.2127513926e-01,2.2407515069e-01,2.1610643823e-02,5.9501316630e-04,1.5652650697e-02,2.1626209675e+00
9.8000000000e+02,4.0351776326e-03,1.2662027306e-02,7.1978395938e-01,2.2542005639e-01,2.1676579796e-02,5.9464729384e-04,1.5827552202e-02,2.1659099496e+00
9.8050000000e+02,4.0612688129e-03,1.2697021830e-02,7.1972391244e-01,2.2538374869e-01,2.1661961521e-02,5.9589986632e-04,1.5876186833e-02,2.1692071329e+00
9.8100000000e+02,4.0336871226e-03,1.2658394975e-02,7.1836109721e-01,2.2672563909e-01,2.1608418525e-02,5.9611577313e-04,1.6016647306e-02,2.1727212096e+00
9.8150000000e+02,4.0225003984e-03,1.2696987623e-02,7.2044059377e-01,2.2465119927e-01,2.1598590411e-02,5.9742148551e-04,1.5992707041e-02,2.1700198567e+00
9.8200000000e+02,4.0344203747e-03,1.2911161093e-02,7.1815677969e-01,2.2623918448e-01,2.1890947686e-02,6.0503532200e-04,1.6162471359e-02,2.1820776572e+00
9.8250000000e+02,4.0208203623e-03,1.3117630683e-02,7.1765266708e-01,2.2653687626e-01,2.1887033995e-02,6.1118250021e-04,1.6173789119e-02,2.1829457601e+00
9.8300000000e+02,4.0096594906e-03,1.3206842074e-02,7.1654607476e-01,2.2731357622e-01,2.2026309167e-02,6.1526905603e-04,1.6282269229e-02,2.1887837828e+00
9.8350000000e+02,4.0145026328e-03,1.3236034637e-02,7.1660112237e-01,2.2700694922e-01,2.2077962693e-02,6.1473560324e-04,1.6448692842e-02,2.1911850127e+00
9.8400000000e+02,4.0263897411e-03,1.3140503729e-02,7.1551352119e-01,2.2808654923e-01,2.2134525817e-02,6.1853097714e-04,1.6479979320e-02,2.1929389701e+00
9.8450000000e+02,3.9978511958e-03,1.3045170046e-02,7.1937678868e-01,2.2471167776e-01,2.1893475698e-02,6.1258714315e-04,1.6362449480e-02,2.1815295927e+00
9.8500000000e+02,3.9962357800e-03,1.3120228753e-02,7.2111480133e-01,2.2284710650e-01,2.1974931954e-02,6.1123865308e-04,1.6335457030e-02,2.1791575217e+00
9.8550000000e+02,3.9469401765e-03,1.3048819909e-02,7.2454458719e-01,2.1970887271e-01,2.1894402737e-02,6.0598139044e-04,1.6250395888e-02,2.1718240014e+00
9.8600000000e+02,4.0074319756e-03,1.3028783267e-02,7.2570151123e-01,2.1847364841e-01,2.1850860836e-02,6.1099102677e-04,1.6326773249e-02,2.1718897588e+00
9.8650000000e+02,3.9964091217e-03,1.2939943370e-02,7.2762556788e-01,2.1692560334e-01,2.1722676693e-02,6.0214345321e-04,1.6187656142e-02,2.1648898934e+00
9.8700000000e+02,3.9989891754e-03,1.2967464087e-02,7.2696620550e-01,2.1730040313e-01,2.1788321436e-02,6.0944767554e-04,1.6369168993e-02,2.1707451081e+00
9.8750000000e+02,3.9855441493e-03,1.3121906589e-02,7.2595603469e-01,2.1807547364e-01,2.1923439645e-02,6.1198949863e-04,1.6325611791e-02,2.1756988543e+00
9.8800000000e+02,3.9844910515e-03,1.3015633805e-02,7.2631200368e-01,2.1818474058e-01,2.1710675954e-02,6.0804025657e-04,1.6184414676e-02,2.1713615036e+00
9.8850000000e+02,4.0173261502e-03,1.3178793836e-02,7.2457102985e-01,2.1939487475e-01,2.1805800232e-02,6.1723528824e-04,1.6414939900e-02,2.1803757018e+00
9.8900000000e+02,4.0323160620e-03,1.3212670015e-02,7.2401409506e-01,2.1999439194e-01,2.1605250859e-02,6.2252070916e-04,1.6518755359e-02,2.1822856739e+00
9.8950000000e+02,4.0579185926e-03,1.3295613427e-02,7.2203218654e-01,2.2164429171e-01,2.1719867031e-02,6.2478092365e-04,1.6625341778e-02,2.1894648432e+00
9.9000000000e+02,4.0513712267e-03,1.3236949652e-02,7.2302648050e-01,2.2073698811e-01,2.1641439069e-02,6.2588846757e-04,1.6680882982e-02,2.1880921446e+00
9.9050000000e+02,4.0687477744e-03,1.3211876304e-02,7.2394591323e-01,2.1952472896e-01,2.1912741126e-02,6.2905516938e-04,1.6706937431e-02,2.1897443173e+00
9.9100000000e+02,4.0845737861e-03,1.3229511317e-02,7.2189762184e-01,2.2112473668e-01,2.2080654835e-02,6.3471031108e-04,1.6948191234e-02,2.1975625908e+00
9.9150000000e+02,4.0487531592e-03,1.3162990412e-02,7.2308496920e-01,2.1984165966e-01,2.2264561824e-02,6.4622378879e-04,1.6950841965e-02,2.1968546817e+00
9.9200000000e+02,4.0839095184e-03,1.3237301558e-02,7.2125005098e-01,2.2129696238e-01,2.2365503515e-02,6.5059340610e-04,1.7115678639e-02,2.2040843083e+00
9.9250000000e+02,4.0178996423e-03,1.3184526295e-02,7.2227090807e-01,2.2077365943e-01,2.2124940233e-02,6.4099600749e-04,1.6987070330e-02,2.1953336494e+00
9.9300000000e+02,3.9924540142e-03,1.3169427144e-02,7.2417896526e-01,2.1910619983e-01,2.2006252137e-02,6.3723446110e-04,1.6909467154e-02,2.1911097577e+00
9.9350000000e+02,3.9673372678e-03,1.3109686784e-02,7.2575449327e-01,2.1775135848e-01,2.1861531293e-02,6.3387555189e-04,1.6921717351e-02,2.1851472837e+00
9.9400000000e+02,3.9859776092e-03,1.3287325075e-02,7.2476587299e-01,2.1811333327e-01,2.2109391657e-02,6.4349246803e-04,1.7094606937e-02,2.1936961420e+00
9.9450000000e+02,3.9618283486e-03,1.3255908993e-02,7.2747499020e-01,2.1561053127e-01,2.2020851261e-02,6.4283970034e-04,1.7033050233e-02,2.1864731686e+00
9.9500000000e+02,3.9744041523e-03,1.3363091416e-02,7.2531903438e-01,2.1740429967e-01,2.2075568505e-02,6.4930037968e-04,1.7214301488e-02,2.1946283691e+00
9.9550000000e+02,4.0275653923e-03,1.3409204526e-02,7.2382981027e-01,2.1824815335e-01,2.2322496511e-02,6.5451772953e-04,1.7508252221e-02,2.2040929376e+00
9.9600000000e+02,4.0356161449e-03,1.3410929856e-02,7.2187648959e-01,2.1992467026e-01,2.2375247331e-02,6.5468758067e-04,1.7722359232e-02,2.2085417277e+00
9.9650000000e+02,4.0275005963e-03,1.3217706094e-02,7.2369320679e-01,2.1810394899e-01,2.2476927477e-02,6.5843795861e-04,1.7822272095e-02,2.2053441599e+00
9.9700000000e+02,3.9934877232e-03,1.3195068893e-02,7.2613045710e-01,2.1605326149e-01,2.2170924879e-02,6.5818624580e-04,1.7798613671e-02,2.1990767952e+00
9.9750000000e+02,3.9773960513e-03,1.3079296999e-02,7.2644399369e-01,2.1600818400e-01,2.1949648904e-02,6.6414808720e-04,1.7877332267e-02,2.1971082299e+00
9.9800000000e+02,3.9881318586e-03,1.3032885275e-02,7.2756034958e-01,2.1504962853e-01,2.1930537108e-02,6.6287859831e-04,1.7775589055e-02,2.1946846841e+00
9.9850000000e+02,3.9497509040e-03,1.3041973358e-02,7.2781068417e-01,2.1501456942e-01,2.1745747788e-02,6.6602810557e-04,1.7771246261e-02,2.1927028418e+00
9.9900000000e+02,3.9426815579e-03,1.2963503228e-02,7.2810965799e-01,2.1450721115e-01,2.2015870217e-02,6.6695479686e-04,1.7794121060e-02,2.1933873518e+00
9.9950000000e+02,3.9411485117e-03,1.3060192289e-02,7.2735884509e-01,2.1505638866e-01,2.2036372309e-02,6.6888403414e-04,1.7878169107e-02,2.1972000901e+00

# METADATA: {"config_sha256": "5c62f3c857ff", "provenance": "Hardened_JPCL_Resubmission_v1.3", "git_commit_sha": "4883ee974158"}
