name,biodegradability,pce_potential,sustainability_score,multi_objective_score,fukui_balance,reactivity_index
Green_donor_2,0.9,0.13,0.8500000000000001,0.634,-0.8518518518518516,-1.5775034293552805
Green_donor_1,0.85,0.14,0.675,0.5145,-0.5463917525773196,-0.8449356998618346
Green_acceptor_2,0.8,0.15,0.6000000000000001,0.465,0.009898989898989852,0.010196959493929143
