success,pce,etr,spce,objective_value
True,4.18592257369911e-06,5.3799527910385116e-05,2.8992725242042114e-05,0
