time_fs,population_site_1,population_site_2,population_site_3,population_site_4,population_site_5,population_site_6,population_site_7,coherences
0.0000000000e+00,2.6653030282e-01,3.5687571535e-02,4.5799527455e-02,4.0010930148e-02,1.3283670100e-01,8.0375459269e-03,4.7109742112e-01,4.1062362492e+00
1.0000000000e+00,2.7676084139e-01,3.6319585412e-02,4.5739289478e-02,3.9623051698e-02,1.2961693964e-01,8.0016342706e-03,4.6393865811e-01,4.1084420463e+00

# METADATA: {"config_sha256": "1012c2967159", "provenance": "Hardened_JPCL_Resubmission_v1.3", "git_commit_sha": "59f1af098a07"}
