seed,label,subseed,eta
44,None,None,1.8433692636e-02
45,None,None,6.9823970963e-03
46,None,None,2.5271847494e-03
42,None,None,4.5932817321e-02
43,None,None,8.9269563792e-04
